case_id,tensor_path,molecule,bond_length,basis,active_occupied,active_vacant,n_qubits,numerical_error_floor,jw_magnitude_one_minus_overlap,fermionic_aware_one_minus_overlap,valid_comparison,ratio_valid,jw_magnitude_to_fermionic_ratio,log10_jw_magnitude_to_fermionic_ratio,log10_fermionic_infidelity,structure_status,structure_source,structure_unavailable_reason,number_of_fermionic_parents,parent_interaction_edges,parent_interaction_edge_density,opposite_sign_interaction_weight_fraction,signed_order_total_interaction_weight,signed_order_opposite_sign_interaction_weight_fraction,signed_order_weighted_mean_span_fraction,signed_order_opposite_sign_weighted_mean_span_fraction,signed_order_weighted_span_improvement_vs_random,signed_order_weighted_local_1pct_fraction,signed_order_opposite_sign_local_1pct_interaction_fraction,signed_order_opposite_sign_local_1pct_conditional_fraction,signed_order_opposite_sign_local_1pct_enrichment,signed_order_weighted_local_1pct_enrichment_vs_random,signed_order_weighted_local_5pct_fraction,signed_order_opposite_sign_local_5pct_interaction_fraction,signed_order_opposite_sign_local_5pct_conditional_fraction,signed_order_opposite_sign_local_5pct_enrichment,signed_order_weighted_local_5pct_enrichment_vs_random,signed_order_weighted_local_10pct_fraction,signed_order_opposite_sign_local_10pct_interaction_fraction,signed_order_opposite_sign_local_10pct_conditional_fraction,signed_order_opposite_sign_local_10pct_enrichment,signed_order_weighted_local_10pct_enrichment_vs_random,magnitude_order_total_interaction_weight,magnitude_order_opposite_sign_interaction_weight_fraction,magnitude_order_weighted_mean_span_fraction,magnitude_order_opposite_sign_weighted_mean_span_fraction,magnitude_order_weighted_span_improvement_vs_random,magnitude_order_weighted_local_1pct_fraction,magnitude_order_opposite_sign_local_1pct_interaction_fraction,magnitude_order_opposite_sign_local_1pct_conditional_fraction,magnitude_order_opposite_sign_local_1pct_enrichment,magnitude_order_weighted_local_1pct_enrichment_vs_random,magnitude_order_weighted_local_5pct_fraction,magnitude_order_opposite_sign_local_5pct_interaction_fraction,magnitude_order_opposite_sign_local_5pct_conditional_fraction,magnitude_order_opposite_sign_local_5pct_enrichment,magnitude_order_weighted_local_5pct_enrichment_vs_random,magnitude_order_weighted_local_10pct_fraction,magnitude_order_opposite_sign_local_10pct_interaction_fraction,magnitude_order_opposite_sign_local_10pct_conditional_fraction,magnitude_order_opposite_sign_local_10pct_enrichment,magnitude_order_weighted_local_10pct_enrichment_vs_random,signed_vs_magnitude_weighted_span_improvement,signed_vs_magnitude_weighted_local_10pct_improvement,signed_vs_magnitude_opposite_sign_local_10pct_improvement,signed_bch_cancellation_ratio,signed_bch_cancellation_strength,fermionic_magnitude_bch_cancellation_ratio,signed_bch_cancellation_advantage_vs_fermionic_magnitude,log10_signed_bch_cancellation_advantage_vs_fermionic_magnitude,jw_signed_bch_cancellation_ratio,signed_bch_cancellation_advantage_vs_jw_signed,cancellation_source_csv
B-B_1.70_hgbs-5_as-002-002,hamiltonian_generator/hgbs5_diatomic_basis_transfer/lower/B-B/1.70/hgbs-5/B-B_1.70_hgbs-5_as-002-002.tensors.npz,B-B,1.70,hgbs-5,2,2,4,1e-12,7.382983113757292e-14,7.382983113757292e-14,False,False,,,-13.131768124887898,success,active_tensor,,12.0,45.0,0.6818181818181818,0.0226190940169769,3.5532720133979816,0.0226190940169769,0.3911731053421445,0.5995786794607605,0.0027662885972494222,0.05068639850851269,0.0001882075491886743,0.008320737738099234,0.1641611553186558,0.3041183910510762,0.05068639850851269,0.0001882075491886743,0.008320737738099234,0.1641611553186558,0.3041183910510762,0.20878994322562724,0.0022404221159020347,0.09905003773451193,0.47440042467694077,0.6561969644233999,3.5532720133979816,0.0226190940169769,0.3911731053421445,0.5995786794607605,0.0027662885972494222,0.05068639850851269,0.0001882075491886743,0.008320737738099234,0.1641611553186558,0.3041183910510762,0.05068639850851269,0.0001882075491886743,0.008320737738099234,0.1641611553186558,0.3041183910510762,0.20878994322562724,0.0022404221159020347,0.09905003773451193,0.47440042467694077,0.6561969644233999,0.0,0.0,0.0,,,,,,,,
B-B_1.70_hgbs-5_as-002-004,hamiltonian_generator/hgbs5_diatomic_basis_transfer/lower/B-B/1.70/hgbs-5/B-B_1.70_hgbs-5_as-002-004.tensors.npz,B-B,1.70,hgbs-5,2,4,6,1e-12,2.480904370827375e-12,2.4777957463584244e-12,True,True,1.0012545927054395,0.0005445211842339812,-11.605934496945238,success,active_tensor,,27.0,213.0,0.6068376068376068,0.028257900222296517,10.66149149576216,0.028257900222296517,0.31469875776849165,0.591961186783359,0.04427560120586732,0.02977762054882093,5.21444386918826e-05,0.0018453047919936645,0.0619695179797276,0.4019978774090826,0.09752535430388705,0.00010458985832929377,0.00370126079809598,0.037951780073137965,0.6712039090326344,0.15908419101660767,0.0002145290058055817,0.007591824025067172,0.04772205193082084,0.744514013957724,10.66149149576216,0.028257900222296517,0.3144861384680561,0.5479421493621518,0.044488220506302856,0.02983811140780408,0.00022260183699201173,0.007877508068216998,0.26400826649359105,0.40281450400535507,0.0976113284849203,0.0005257332907913905,0.018604825080972144,0.19060108462560627,0.6717956136903337,0.15889417039388526,0.0009124435190555601,0.032289855646655895,0.20321611275361495,0.7436247174433831,-0.00021261930043553479,0.00019002062272241438,-0.0006979145132499784,,,,,,,,
B-B_1.70_hgbs-5_as-004-004,hamiltonian_generator/hgbs5_diatomic_basis_transfer/lower/B-B/1.70/hgbs-5/B-B_1.70_hgbs-5_as-004-004.tensors.npz,B-B,1.70,hgbs-5,4,4,8,1e-12,6.309949562854911e-09,6.309949562854911e-09,True,True,1.0,0.0,-8.199974112176045,success,active_tensor,,48.0,590.0,0.5230496453900709,0.06459634973648454,38.19749096952142,0.06459634973648454,0.3325012413881293,0.6714460735492448,0.015016489108324593,0.015712561862524895,1.4554293372525225e-05,0.0002253113903788412,0.014339570615547942,0.3771014847005975,0.08377598082256417,5.98782567372167e-05,0.000926960377505619,0.011064751118448884,0.6847775823757419,0.14139013051926327,0.00015651831007484386,0.002423020971205762,0.01713712946092546,0.7088358543365733,38.197490969521404,0.06459634973648457,0.3254836783464336,0.5368356455989116,0.0220340521500203,0.016541864952227557,0.0012658340830505267,0.019596062133764393,1.184634392213772,0.39700475885346137,0.08659865298258462,0.0037483051043953695,0.05802657765781299,0.6700632822716353,0.707849859161996,0.14602055264392444,0.005559863256202957,0.0860708581658864,0.5894434489353895,0.7320497039215412,-0.007017563041695707,-0.004630422124661165,-0.005403344946128113,,,,,,,,
B-B_1.70_hgbs-5_as-004-006,hamiltonian_generator/hgbs5_diatomic_basis_transfer/lower/B-B/1.70/hgbs-5/B-B_1.70_hgbs-5_as-004-006.tensors.npz,B-B,1.70,hgbs-5,4,6,10,1e-12,6.3629838065182315e-09,6.377782524324971e-09,True,True,0.9976796452763486,-0.0010088881949686932,-8.195330293825561,success,active_tensor,,105.0,3022.0,0.5534798534798535,0.06849772368963869,45.426571576285745,0.06849772368963869,0.22231545532385866,0.803841890386089,0.1174281344197311,0.04372731203277238,1.4091084611921563e-09,2.057161005198929e-08,4.7045219785225883e-07,1.1533870710093586,0.15530991091401428,8.410926072900799e-08,1.2279132239504008e-06,7.906212917926547e-06,1.3924336840566796,0.3309781278375019,8.060062238019449e-07,1.1766905239857851e-05,3.55519118944167e-05,1.6594495665681912,45.42657157628572,0.06849772368963875,0.19544076424180143,0.35127745315911707,0.14430282550178833,0.04501611490068587,0.0021885243482698768,0.031950322293716193,0.7097529932159782,1.187381581438381,0.15911519254979317,0.005629894374362301,0.08219097031415516,0.5165501106277737,1.4265500021705595,0.3363313067238742,0.00845141974711456,0.1233824905687042,0.36684806945432663,1.6862891962464215,-0.026874691082057228,-0.005353178886372267,-0.008450613740890758,,,,,,,,
B-B_1.70_hgbs-5_as-004-008,hamiltonian_generator/hgbs5_diatomic_basis_transfer/lower/B-B/1.70/hgbs-5/B-B_1.70_hgbs-5_as-004-008.tensors.npz,B-B,1.70,hgbs-5,4,8,12,1e-12,1.0775619174729913e-08,6.889735115755968e-09,True,True,1.5640106613224376,0.19423970916994385,-8.161797474750848,success,active_tensor,,202.0,11431.0,0.5630757105561303,0.15839571495818885,60.62019470843249,0.15839571495818885,0.23408581876211834,0.8182402958373661,0.10256426415662132,0.04975222411382871,3.103893568635562e-09,1.9595817787462785e-08,3.9386817647848824e-07,1.6833665028913942,0.23346913480833023,1.0024171292178246e-07,6.328562167748218e-07,2.710663305855714e-06,2.1983566353172135,0.4448230635035023,9.926101893730046e-07,6.266647993823697e-06,1.4087956556178785e-05,2.2513969115394166,60.6201947084325,0.1583957149581889,0.1592308123962042,0.2844499288426645,0.17741927052253545,0.05061036330367492,0.0025609814844072443,0.01616824978556558,0.31946519902558324,1.7124016423798407,0.2414753793671703,0.014732938684532994,0.09301349274771725,0.3851883077747961,2.2737438202842877,0.45997363651964135,0.025753481947860972,0.16258951168381683,0.35347571855213067,2.3280789815470553,-0.07485500636591413,-0.015150573016139035,-0.0257524893376716,,,,,,,,
B-B_1.70_hgbs-5_as-006-008,hamiltonian_generator/hgbs5_diatomic_basis_transfer/screen/B-B/1.70/hgbs-5/B-B_1.70_hgbs-5_as-006-008.tensors.npz,B-B,1.70,hgbs-5,6,8,14,1e-12,3.797921876991239e-08,5.9443914124379666e-08,True,True,0.6389084455381786,-0.19456137102205406,-7.225892601894631,success,active_tensor,,339.0,30947.0,0.5401721038208445,0.2054078552310213,174.3484474113172,0.2054078552310213,0.2701038289132223,0.8487707889201256,0.0652018910078822,0.041690513495671745,6.274991549588908e-10,3.0548936614578117e-09,7.327551054929958e-08,1.7745105562262482,0.22539785886163308,3.5462354410451676e-08,1.7264361370487667e-07,7.659505488508606e-07,2.301830433519041,0.43726263508528296,3.775662328523871e-07,1.8381294738107267e-06,4.203719518481658e-06,2.2917586338551774,174.3484474113171,0.2054078552310214,0.1601451863013229,0.2535577309362822,0.17516053361978162,0.04310371762140626,0.005419027488256223,0.02638179285870769,0.6120537697102467,1.8346620254442692,0.23412126139005143,0.01802012597630587,0.08772851435520179,0.3747140000627455,2.3909164324950867,0.45760261391835555,0.03466595864043642,0.16876647001375755,0.36880573860504323,2.398363494099031,-0.10995864261189942,-0.02033997883307259,-0.03466558107420357,,,,,,,,
B-B_1.70_hgbs-5_as-006-010,hamiltonian_generator/hgbs5_diatomic_basis_transfer/night/B-B/1.70/hgbs-5/B-B_1.70_hgbs-5_as-006-010.tensors.npz,B-B,1.70,hgbs-5,6,10,16,1e-12,3.58992492399679e-08,6.034795319020958e-08,True,True,0.5948710327725238,-0.22557717851719794,-7.219337455198313,success,active_tensor,,516.0,66700.0,0.5019944306464966,0.2079090804814202,194.92013794733612,0.2079090804814202,0.26110185428853455,0.8774135660251243,0.07352597742667583,0.05713402273165936,1.2168652040715864e-10,5.852871847895704e-10,1.0244109495641174e-08,2.468747187107505,0.3091279938947583,1.0572941204261505e-08,5.0853676904248325e-08,1.6450686417471882e-07,3.143806854098472,0.5292548364795006,1.4344296885649728e-07,6.899312359246189e-07,1.303589855718478e-06,2.7627127415349744,194.9201379473362,0.20790908048141996,0.13503158059804485,0.21770309591071915,0.19959625111716553,0.058619952000420514,0.006127065306480383,0.029469926432712668,0.5027286005369173,2.532953828388902,0.3202220617961497,0.022426702861729264,0.10786783727675354,0.3368532345076873,3.256632633054299,0.5576920759051855,0.050085321566778175,0.24090011581410514,0.43195900788638986,2.9111552654011947,-0.1260702736904897,-0.02843723942568499,-0.05008517812380932,,,,,,,,
B-B_1.70_hgbs-5_as-008-010,hamiltonian_generator/hgbs5_diatomic_basis_transfer/night/B-B/1.70/hgbs-5/B-B_1.70_hgbs-5_as-008-010.tensors.npz,B-B,1.70,hgbs-5,8,10,18,1e-12,3.8104094324253885e-08,8.629878522903311e-08,True,True,0.44153685620402794,-0.3550330389086883,-7.063995317518171,success,active_tensor,,831.0,169242.0,0.4907485537819147,0.1676552936604067,563.3113369039273,0.1676552936604067,0.20701882033427454,0.9109726025922004,0.12711772585046444,0.05607280408380218,2.6540130791627166e-12,1.5830177629455224e-11,2.823147136675497e-10,2.60123050583272,0.5062012055609445,8.761951648439412e-10,5.226170589153682e-09,1.032429502684081e-08,5.134594510302512,0.6696936992974772,1.469471435616708e-08,8.764837682925707e-08,1.3087830588999428e-07,3.486938998221827,563.311336903925,0.16765529366040752,0.09353955233197488,0.18298624800448116,0.24059699385276412,0.055674151259883224,0.004252952642019571,0.025367243402609742,0.45563772107089956,2.582736908022549,0.49548673606675936,0.03316166245077837,0.19779669181188303,0.399196744159127,5.025913504328449,0.6966770793609312,0.0469884330607556,0.2802681146229271,0.40229271627540825,3.6274351688529682,-0.11347926800229967,-0.02698338006345391,-0.04698841836604124,0.0063160618217013,2.1995536277624868,0.0076626314880016,1.2131976703701082,0.08393156769007801,0.0058391136889403,0.9244864685899276,analysis/fermionic_structure_ablation_hgbs5.csv
B-B_1.70_hgbs-5_as-010-010,hamiltonian_generator/hgbs5_diatomic_basis_transfer/night/B-B/1.70/hgbs-5/B-B_1.70_hgbs-5_as-010-010.tensors.npz,B-B,1.70,hgbs-5,10,10,20,1e-12,3.690741543160847e-06,1.2800340665197754e-07,True,True,28.83315092695487,1.4598921052884741,-6.8927784719891,success,active_tensor,,1256.0,374221.0,0.47481538812901264,0.30506827293405625,1791.492161151286,0.30506827293405625,0.32316907779541043,0.9455528277918471,0.010695464037258906,0.08081003227241239,3.8171576081600996e-13,1.251246998400656e-12,1.5483807680990338e-11,3.9224991584146762,0.47055903700828783,3.0787436124165267e-10,1.009198230548881e-09,2.14467930945529e-09,4.809451180461043,0.6117676804027267,5.3030892236092285e-09,1.73832866086194e-08,2.841484956703823e-08,3.2089353408046657,1791.4921611512823,0.3050682729340558,0.07772519670090183,0.10861697331218541,0.2561393451317675,0.09255408430919317,0.01943074777945815,0.06369311234032632,0.6881718166812423,4.492552565587701,0.5366505419314481,0.09702737807639886,0.31805135664623013,0.5926600865836041,5.484953808977221,0.7325412117691276,0.16844114721931772,0.5521424617489749,0.753735698249004,3.8424347319138814,-0.2454438810945086,-0.1207735313664009,-0.1684411419162285,,,,,,,,
B-H_1.29_hgbs-5_as-002-002,hamiltonian_generator/library/B-H/1.29/hgbs-5/B-H_1.29_hgbs-5_as-002-002.tensors.npz,B-H,1.29,hgbs-5,2,2,4,1e-12,3.053328700985958e-10,3.053328700985958e-10,True,True,1.0,0.0,-9.515226439939726,success,reconstructed_from_full_molecular_pickle,,12.0,45.0,0.6818181818181818,0.017112462058393636,1.8837562740124996,0.017112462058393636,0.32130742362164805,0.7079282216107383,0.07263197031774588,0.21122480026095847,0.00011079167589141918,0.006474327043844403,0.030651358343554695,1.2673488015657508,0.21122480026095847,0.00011079167589141918,0.006474327043844403,0.030651358343554695,1.2673488015657508,0.47879904621145447,0.0009316296504948986,0.054441590421989317,0.11370446715122738,1.5047970023788568,1.8837562740124996,0.017112462058393636,0.32130742362164805,0.7079282216107383,0.07263197031774588,0.21122480026095847,0.00011079167589141918,0.006474327043844403,0.030651358343554695,1.2673488015657508,0.21122480026095847,0.00011079167589141918,0.006474327043844403,0.030651358343554695,1.2673488015657508,0.47879904621145447,0.0009316296504948986,0.054441590421989317,0.11370446715122738,1.5047970023788568,0.0,0.0,0.0,,,,,,,,
B-H_1.29_hgbs-5_as-002-004,hamiltonian_generator/library/B-H/1.29/hgbs-5/B-H_1.29_hgbs-5_as-002-004.tensors.npz,B-H,1.29,hgbs-5,2,4,6,1e-12,6.015008491289109e-10,6.01500405039701e-10,True,True,1.0000007383024285,3.206405523201218e-07,-9.220764075877838,success,reconstructed_from_full_molecular_pickle,,27.0,213.0,0.6068376068376068,0.025146309383920772,3.8308848739188934,0.025146309383920772,0.2814552221466629,0.6909933992789871,0.07751913682769607,0.10474647608667731,2.620845867194521e-05,0.0010422387743588173,0.009950108235587502,1.4140774271701437,0.23548761910785074,6.399499737297887e-05,0.0025449061488879558,0.010806963688916557,1.6207089079775607,0.2721964645433235,0.00015626098963075145,0.0062140725004627894,0.022829365219303722,1.273879454062754,3.830884873918893,0.025146309383920772,0.2805766225669675,0.6263881505737814,0.07839773640739145,0.1048093019976621,0.00018130036191461431,0.0072098199042497525,0.06878988569555188,1.4149255769684383,0.23556713793369236,0.00035477527816004734,0.014108443220972228,0.05989138954069003,1.621256184602471,0.2721815767677038,0.0005932764598850825,0.023592983400754608,0.08668104462077636,1.273809779272854,-0.0008785995796953827,1.4887775619698562e-05,-0.00043701547025433104,,,,,,,,
B-H_1.29_hgbs-5_as-004-004,hamiltonian_generator/library/B-H/1.29/hgbs-5/B-H_1.29_hgbs-5_as-004-004.tensors.npz,B-H,1.29,hgbs-5,4,4,8,1e-12,4.354561156105774e-09,4.782336304742785e-09,True,True,0.9105510107658523,-0.04069571920067007,-8.320359886572724,success,reconstructed_from_full_molecular_pickle,,70.0,1534.0,0.6351966873706004,0.12312923488268634,26.60292880160167,0.12312923488268634,0.27377254386009586,0.8137305690310878,0.06922262522202977,0.015931693805059946,2.1164438087795705e-07,1.7188800131796902e-06,0.00010789060059852325,0.5576092831770981,0.10325467703704994,1.0582219043933946e-06,8.594400065927763e-06,8.32349711659445e-05,0.9235557223869466,0.22831486380960006,1.0790631614635412e-05,8.763663337075379e-05,0.00038384112146039307,1.1934640608229095,26.60292880160166,0.12312923488268643,0.23607468401230225,0.467932796178223,0.10692048506982338,0.016323855578210027,0.001662898588704923,0.013505310824754814,0.8273358435480426,0.571334945237351,0.10564587543798648,0.003444948504708182,0.027978314881842794,0.26483111400090487,0.9449436636397679,0.23145460681938262,0.00415758026103318,0.033765987947495885,0.14588600508541802,1.209876353828591,-0.03769785984779361,-0.003139743009782564,-0.004146789629418544,,,,,,,,
B-H_1.29_hgbs-5_as-004-006,hamiltonian_generator/library/B-H/1.29/hgbs-5/B-H_1.29_hgbs-5_as-004-006.tensors.npz,B-H,1.29,hgbs-5,4,6,10,1e-12,4.395084518549197e-09,4.7989086038313644e-09,True,True,0.9158508488868153,-0.0381752477073187,-8.318857521213584,success,active_tensor,,165.0,8700.0,0.6430155210643016,0.12716337908052977,33.399485421414674,0.12716337908052977,0.21847925923360334,0.8745426094692241,0.1189191147501365,0.03185745676542942,1.0707930222503975e-10,8.420608432969431e-10,2.643214270044047e-08,1.3181388074503364,0.2939529693873768,1.5568588105842467e-08,1.2242980816028194e-07,4.164945447410725e-07,2.761933108202228,0.5085120662066787,2.74676680352408e-07,2.1600297376374476e-06,4.24774529688255e-06,2.5943319214842995,33.39948542141468,0.12716337908052988,0.15447354419051473,0.3301462457705527,0.1829248297932251,0.03282892458863103,0.0016312508894426464,0.012827992628362051,0.39075275200469123,1.3583344027039077,0.29625408306454193,0.003880105081643321,0.030512755399383754,0.10299522316705502,2.7835539887939253,0.5126226614382264,0.007568774491711972,0.05952007996672397,0.11610895195255903,2.6153033971565622,-0.0640057150430886,-0.004110595231547776,-0.00756849981503162,,,,,,,,
B-H_1.29_hgbs-5_as-004-008,hamiltonian_generator/library/B-H/1.29/hgbs-5/B-H_1.29_hgbs-5_as-004-008.tensors.npz,B-H,1.29,hgbs-5,4,8,12,1e-12,1.953607342564112e-08,2.5068024989138852e-08,True,True,0.7793224011107958,-0.1082828400716302,-7.600879881044043,success,active_tensor,,414.0,57195.0,0.6690177913464576,0.16519840143844092,67.42074034665178,0.16519840143844092,0.2138593604372425,0.8819184869161436,0.12108817790012635,0.05320347858377958,9.716474419192904e-15,5.88170002529572e-14,1.1055104256075662e-12,2.2133423783970314,0.36956380251274024,8.982458077128654e-13,5.437375906131787e-12,1.47129558391865e-11,3.733236327616291,0.5752086469084878,3.6068960103082206e-11,2.1833722232792214e-10,3.7957917270784395e-10,2.9830247153687313,67.42074034665175,0.16519840143844103,0.11218470951512688,0.22744835911989336,0.22276282882224197,0.05396014259073788,0.001951602064721916,0.011813686135753284,0.2189335603753774,2.244820705705485,0.37219772283832353,0.006829837194594126,0.0413432402197861,0.11107870275107759,3.7598434979523945,0.585780228228542,0.01742495673637228,0.10547896701570358,0.18006576858130313,3.0378488014247065,-0.10167465092211561,-0.010571581320054202,-0.01742495670030332,,,,,,,,
B-H_1.29_hgbs-5_as-006-008,hamiltonian_generator/library/B-H/1.29/hgbs-5/B-H_1.29_hgbs-5_as-006-008.tensors.npz,B-H,1.29,hgbs-5,6,8,14,1e-12,2.2486482120775978e-08,2.5603570708021554e-08,True,True,0.8782557080497762,-0.056379018915425134,-7.5916994631783385,success,active_tensor,,751.0,178245.0,0.6329161118508655,0.15858245608726954,437.01262285422393,0.15858245608726954,0.18756330056184867,0.9406709276040227,0.14665892166037353,0.21545059346766968,3.8879708098651066e-16,2.4517029851811077e-15,1.137942089516225e-14,10.16012615293578,0.5799474915158633,1.4237448800249747e-13,8.977946963070576e-13,1.5480620391346245e-12,5.875731636441163,0.7403249064839184,8.810782359776183e-12,5.555962858166051e-11,7.50476285412767e-11,3.850304742170517,437.01262285422456,0.15858245608726915,0.06404207706300016,0.13313827506907078,0.27018014515922206,0.21650803089514983,0.004260068083116572,0.0268634260574967,0.12407588737669542,10.209992331019185,0.6081680489694135,0.045539116467470823,0.2871636471717294,0.47217812191605557,6.161647904126743,0.811703488891136,0.09359021272745281,0.5901675067760925,0.7270727733132175,4.2215326880695505,-0.1235212234988485,-0.07137858240721762,-0.09359021271864203,,,,,,,,
B-H_1.29_hgbs-5_as-006-010,hamiltonian_generator/library/B-H/1.29/hgbs-5/B-H_1.29_hgbs-5_as-006-010.tensors.npz,B-H,1.29,hgbs-5,6,10,16,1e-12,3.788002111981825e-08,4.8246144745967e-08,True,True,0.7851408919670151,-0.1050524029828949,-7.316537384547064,success,active_tensor,,1220.0,439454.0,0.5909896582794282,0.16378052157697973,561.9659911547636,0.16378052157697973,0.18792494829527234,0.9339121872591472,0.14595528140120018,0.18914081905043498,3.358187519220683e-16,2.050419358105583e-15,1.0840702543213754e-14,8.918968966815457,0.5897079888447252,9.050952537252218e-14,5.526269210834154e-13,9.371196109553237e-13,6.045870802369386,0.7412230907958361,3.5396032403325288e-12,2.161186938624355e-11,2.9157037408318356e-11,3.8996588160557804,561.9659911547635,0.1637805215769797,0.061492007687091926,0.13411932701158732,0.2723882220093806,0.190722200616895,0.005419349991960935,0.03308909960586336,0.1734936965850644,8.993539295879062,0.6168105308599156,0.05391167979796488,0.3291702778747438,0.5336651393027236,6.323734542626047,0.816099813782596,0.08464167693962833,0.5167994101169429,0.633255150153257,4.293593754859666,-0.12643294060818042,-0.07487672298675985,-0.08464167693608873,,,,,,,,
B-H_1.29_hgbs-5_as-006-012,hamiltonian_generator/library/B-H/1.29/hgbs-5/B-H_1.29_hgbs-5_as-006-012.tensors.npz,B-H,1.29,hgbs-5,6,12,18,1e-12,9.342596829498009e-08,4.47135389824993e-08,True,True,2.089433545654855,0.32002856298175164,-7.349560955277443,success,active_tensor,,1959.0,1069132.0,0.5574606293156803,0.19813354585913304,698.6484531439523,0.19813354585913304,0.21688901941314875,0.9370574167580196,0.11678479740673547,0.20879980999987707,5.594295090100655e-16,2.823497185114746e-15,1.3522508402265348e-14,10.275827878013196,0.5943707523473272,2.1535918327477132e-13,1.0869395303099516e-12,1.8287231093006177e-12,6.091564120683357,0.7180990722383586,9.679406762876589e-12,4.885294270036612e-11,6.803092301468727e-11,3.7767283448659583,698.6484531439542,0.19813354585913256,0.06299552963764606,0.1259479840854724,0.2706782871822382,0.2112380033796789,0.009825885695292047,0.049592236653746555,0.2347694821021837,10.395820590191285,0.6492567976200828,0.07498217278730122,0.3784425926572346,0.5828858381528768,6.654078111806433,0.7998536367950552,0.0991363436060446,0.500351130224701,0.6255533602742184,4.206703529656284,-0.1538934897755027,-0.08175456455669661,-0.0991363435963652,,,,,,,,
B-H_1.29_hgbs-5_as-006-014,hamiltonian_generator/library/B-H/1.29/hgbs-5/B-H_1.29_hgbs-5_as-006-014.tensors.npz,B-H,1.29,hgbs-5,6,14,20,1e-12,1.7912628091920626e-07,4.839851612814527e-07,True,True,0.37010696866187315,-0.4316727375936064,-6.3151679533811516,success,active_tensor,,3018.0,2395101.0,0.5260890737774216,0.2196089446400489,841.3775813434409,0.2196089446400489,0.23207285009097953,0.9313045797167104,0.10148145330091088,0.2781602800170791,1.037470366254691e-15,4.724171722400295e-15,1.698363160301043e-14,13.607780117562433,0.5954399718594053,3.920420520065853e-13,1.7851825327477607e-12,2.998089844679215e-12,6.102150571548024,0.7199648906524009,1.7656821222713485e-11,8.040119336511535e-11,1.116737696643225e-10,3.786317069092641,841.3775813434436,0.21960894464004924,0.06326481344296814,0.1255287537060468,0.27028948994892227,0.28347362061021164,0.013586124338427841,0.06186507731138284,0.21823927453359046,13.86771216277258,0.6514102756068316,0.07182243606276921,0.32704695239299114,0.5020598609506511,6.675741927760701,0.8141829452532905,0.11960404961458379,0.544622851362549,0.6689195033348655,4.281812659202305,-0.1688080366480114,-0.09421805460088961,-0.11960404959692697,,,,,,,,
Be-Be_2.04_hgbs-5_as-008-002,hamiltonian_generator/hgbs5_diatomic_basis_transfer/lower/Be-Be/2.04/hgbs-5/Be-Be_2.04_hgbs-5_as-008-002.tensors.npz,Be-Be,2.04,hgbs-5,8,2,10,1e-12,4.698764710653336e-09,4.415439236460372e-09,True,True,1.064166996536474,0.027009785838138005,-8.355026087447087,success,active_tensor,,153.0,7484.0,0.6436188510491916,0.24251776032866423,510.02788221587946,0.24251776032866423,0.3302391227519636,0.889429125388965,0.007480175493650432,0.033970295942692935,3.554509178287891e-11,1.465669637337389e-10,4.314562463070496e-09,1.3036521492463151,0.10401654954310309,1.6847370496680246e-08,6.946860499556156e-08,6.678610788447149e-07,1.0181013788612818,0.4026387386656516,3.279017873637573e-07,1.3520732952480641e-06,3.3580308236829046e-06,2.0250360091713655,510.0278822158793,0.2425177603286643,0.1835163823167646,0.23069673792175685,0.15420291592884944,0.04596868705644333,0.01562293777649594,0.06441976767113247,1.4013836765020873,1.764105257730439,0.13047009357962497,0.037866348932340706,0.15613845716298705,1.1967375271919836,1.2770254614005716,0.499884631884952,0.11671341239484076,0.4812571757081573,0.9627364896045016,2.514125648597847,-0.146722740435199,-0.09724589321930044,-0.1167130844930534,,,,,,,,
Be-Be_2.04_hgbs-5_as-008-004,hamiltonian_generator/hgbs5_diatomic_basis_transfer/lower/Be-Be/2.04/hgbs-5/Be-Be_2.04_hgbs-5_as-008-004.tensors.npz,Be-Be,2.04,hgbs-5,8,4,12,1e-12,9.107919751727422e-09,8.625814396090448e-09,True,True,1.055890995736644,0.02361908638571884,-8.064199890917745,success,active_tensor,,202.0,11431.0,0.5630757105561303,0.22734793154984242,571.5232575981267,0.22734793154984242,0.31910106950065276,0.8940100610512404,0.0175490134180869,0.03949473996736378,1.3840036569076982e-10,6.087601710175565e-10,1.541370247077463e-08,1.3363045267957534,0.129548616124435,2.305472151866541e-08,1.0140721915304088e-07,7.827734651803341e-07,1.2198360185260457,0.4204460127475771,3.735410597612807e-07,1.643036983951568e-06,3.907842943293643e-06,2.128016580600489,571.5232575981262,0.22734793154984267,0.1787973048807026,0.2297824824577784,0.15785277803803704,0.05517629817730437,0.01959240385209329,0.08617806073066446,1.56186738830754,1.8668900488290934,0.15636015401732056,0.03603012885566648,0.15848012607832945,1.0135582628089126,1.4722947526463936,0.48942634488175063,0.10691143673150807,0.47025471488870496,0.9608283653024896,2.4771488973932736,-0.14030376461995014,-0.06898033213417354,-0.10691106319044831,,,,,,,,
Be-Be_2.04_hgbs-5_as-008-006,hamiltonian_generator/hgbs5_diatomic_basis_transfer/screen/Be-Be/2.04/hgbs-5/Be-Be_2.04_hgbs-5_as-008-006.tensors.npz,Be-Be,2.04,hgbs-5,8,6,14,1e-12,1.4689333782680336e-07,2.6708023459498523e-08,True,True,5.49997037592693,0.7403603502931322,-7.573358250967599,success,active_tensor,,385.0,42031.0,0.5686011904761905,0.2370326133138061,744.9698019268296,0.2370326133138061,0.3006589102570358,0.8988806374684682,0.03441053418740864,0.04363968460620835,9.580489461381739e-11,4.0418444227749305e-10,9.261855256854725e-09,2.108395742543086,0.3039263200788154,2.7859291981960745e-08,1.1753358152904466e-07,3.867173514244023e-07,2.9994971402170947,0.44440506334035523,4.378579415268918e-07,1.8472476652283043e-06,4.156675559327635e-06,2.3077219727516023,744.9698019268292,0.23703261331380635,0.14578465124012224,0.19490285587919465,0.18928479320432218,0.05963823100274785,0.02045369010603026,0.08629061554053627,1.4469009910196766,2.881345121387661,0.37060316391945247,0.08566478091607214,0.36140503924099654,0.9751806633781059,3.657541505597587,0.5206134004570281,0.10173089547853532,0.4291852250046886,0.8243837454585727,2.70345925969677,-0.15487425901691354,-0.07620833711667285,-0.1017304576205938,,,,,,,,
Be-Be_2.04_hgbs-5_as-008-008,hamiltonian_generator/hgbs5_diatomic_basis_transfer/night/Be-Be/2.04/hgbs-5/Be-Be_2.04_hgbs-5_as-008-008.tensors.npz,Be-Be,2.04,hgbs-5,8,8,16,1e-12,1.476953450652019e-07,1.357650755151596e-07,True,True,1.0878743631583674,0.03657874229447549,-6.8672119344866145,success,active_tensor,,678.0,130404.0,0.5682017228532961,0.23709421722276797,826.8808370358071,0.23709421722276797,0.2834049545042398,0.9201380143172422,0.050913115412057564,0.05030096890154958,1.8122033730858263e-11,7.643389173777798e-11,1.51953120202071e-09,2.4468468134405117,0.3697393594362731,3.96359432741144e-09,1.6717380853229932e-08,4.521396066331228e-08,3.778612112423876,0.5356325329947198,5.6027383908351484e-08,2.3630852141665486e-07,4.4117656576133393e-07,2.809298259058622,826.8808370358062,0.2370942172227683,0.11184128667063782,0.1543890817713855,0.22247678324565956,0.06737311193307696,0.023342029231721507,0.09845043672992611,1.4612719214709702,3.2773063391218655,0.4350424677221557,0.08851417771560338,0.373329129459271,0.8581441058248627,4.445987953405972,0.6120252991355607,0.10632016020251872,0.4484300015745333,0.7326984721185653,3.2099648573405686,-0.171563667833602,-0.0763927661408409,-0.10632010417513481,,,,,,,,
Be-Be_2.04_hgbs-5_as-008-010,hamiltonian_generator/hgbs5_diatomic_basis_transfer/night/Be-Be/2.04/hgbs-5/Be-Be_2.04_hgbs-5_as-008-010.tensors.npz,Be-Be,2.04,hgbs-5,8,10,18,1e-12,1.556830450111235e-07,1.3375730778530937e-07,True,True,1.1639217893126752,0.06592379851738515,-6.873682481126282,success,active_tensor,,1109.0,335174.0,0.5455430299518543,0.23551985730648253,890.5875497626126,0.23551985730648253,0.2699434776453455,0.9358044243894509,0.06399154040519606,0.07663655188438442,5.427260667374397e-12,2.304374981134559e-11,3.0068876071185833e-10,3.558913421469343,0.4477475980933527,1.0789090095931672e-09,4.580968339281815e-09,1.0231139952037688e-08,4.546338596585288,0.5666783718396515,1.805931641769724e-08,7.667852988801963e-08,1.3531225770818148e-07,2.9786988540769497,890.5875497626109,0.23551985730648317,0.08691333049964914,0.12495694642402169,0.2470216875508924,0.09247235250064083,0.02512653904584988,0.10668543762385431,1.1537009142609946,4.294309808273523,0.5200660425929355,0.09167336268563238,0.38923835864224976,0.7484402494375375,5.280645462492617,0.6694525020513769,0.12007001668949158,0.5098084639769626,0.7615304482614921,3.5189227255061657,-0.18303014714569635,-0.10277413021172532,-0.12006999863017516,,,,,,,,
Be-Be_2.04_hgbs-5_as-008-012,hamiltonian_generator/hgbs5_diatomic_basis_transfer/night/Be-Be/2.04/hgbs-5/Be-Be_2.04_hgbs-5_as-008-012.tensors.npz,Be-Be,2.04,hgbs-5,8,12,20,1e-12,1.5342733483691973e-07,1.3069481441529973e-07,True,True,1.173935901920213,0.06964438464386614,-6.883741643601536,success,active_tensor,,1580.0,641837.0,0.514535718007712,0.23262761450165634,960.2833599296885,0.23262761450165634,0.2620520721494156,0.9409892339523303,0.07170346933253496,0.1827084325663078,4.3806994474681886e-12,1.8831381892698717e-11,1.0306794069761673e-10,9.064282765969535,0.48062917945565636,1.0361128070489403e-09,4.453954485448945e-09,9.266924847328946e-09,4.92800957376936,0.60164944662831,1.712687779715258e-08,7.362358004591339e-08,1.223695633038568e-07,3.1656263786274628,960.2833599296887,0.23262761450165648,0.07710274060572192,0.11449927307929876,0.25665280087622866,0.20930217873815163,0.03369541419828289,0.144847009115691,0.6920473068601091,10.383615605303758,0.5576668002013138,0.09182282606983434,0.39472023244764215,0.7078065832593063,5.717895308557626,0.7072847561347448,0.12621085241266025,0.5425445843264731,0.7670808392526884,3.7214349548042724,-0.1849493315436937,-0.10563530950643485,-0.12621083528578245,0.0012904681467235,2.8892527108976753,0.0030056610938781,2.3291245905677536,0.3671927206295006,0.0156025715390379,12.09062895403722,analysis/fermionic_structure_ablation_hgbs5.csv
Be-H_1.47_hgbs-5_as-001-003,hamiltonian_generator/library/Be-H/1.47/hgbs-5/Be-H_1.47_hgbs-5_as-001-003.tensors.npz,Be-H,1.47,hgbs-5,1,3,4,1e-12,2.475797344914099e-14,2.4535928844215963e-14,False,False,,,-13.610197496505892,success,reconstructed_from_full_molecular_pickle,,12.0,45.0,0.6818181818181818,0.026827765096247198,0.9947611422269227,0.026827765096247198,0.28138711158490926,0.6997380964025585,0.11255228235448467,0.23237729052803924,0.0002898424365816386,0.010803823409881548,0.04649259566342147,1.3942637431682354,0.23237729052803924,0.0002898424365816386,0.010803823409881548,0.04649259566342147,1.3942637431682354,0.43899868505256723,0.001320934902565305,0.04923760506424309,0.11215888962935551,1.3797101530223541,0.9947611422269227,0.026827765096247198,0.28138711158490926,0.6997380964025585,0.11255228235448467,0.23237729052803924,0.0002898424365816386,0.010803823409881548,0.04649259566342147,1.3942637431682354,0.23237729052803924,0.0002898424365816386,0.010803823409881548,0.04649259566342147,1.3942637431682354,0.43899868505256723,0.001320934902565305,0.04923760506424309,0.11215888962935551,1.3797101530223541,0.0,0.0,0.0,,,,,,,,
Be-H_1.47_hgbs-5_as-003-003,hamiltonian_generator/library/Be-H/1.47/hgbs-5/Be-H_1.47_hgbs-5_as-003-003.tensors.npz,Be-H,1.47,hgbs-5,3,3,6,1e-12,3.533801029576011e-10,3.5402669684714283e-10,True,True,0.9981736013263968,-0.0007939200938983571,-9.450963986967913,success,reconstructed_from_full_molecular_pickle,,41.0,595.0,0.725609756097561,0.11455549088122328,10.81954521397104,0.11455549088122328,0.2682712416738223,0.7722615813861564,0.08172875832617765,0.0239158330062978,6.79761949715484e-07,5.933909797656878e-06,0.0002481163752939022,0.4902745766291049,0.14988023812324586,5.086101706176823e-06,4.439858506171774e-05,0.0002962270784838824,1.0504426945389882,0.3339900793846469,2.1939199842655476e-05,0.00019151591664342922,0.0005734179799480383,1.441430868923213,10.819545213971043,0.11455549088122324,0.23949657193557522,0.47146262703704256,0.11050342806442476,0.02424574041137784,0.0008709059338706,0.007602480921439184,0.31355944559529947,0.4970376784332457,0.151275774254546,0.002704042588840057,0.02360465280222788,0.1560372301417491,1.0602233751173311,0.33654231574716403,0.005273102277735891,0.046030986704978655,0.1367762226357312,1.4524457837509184,-0.028774669738247105,-0.002552236362517113,-0.005251163077893235,,,,,,,,
Be-H_1.47_hgbs-5_as-003-005,hamiltonian_generator/library/Be-H/1.47/hgbs-5/Be-H_1.47_hgbs-5_as-003-005.tensors.npz,Be-H,1.47,hgbs-5,3,5,8,1e-12,7.122201717280061e-10,7.172934468613335e-10,True,True,0.9929271971526765,-0.003082593432076112,-9.14430313682797,success,reconstructed_from_full_molecular_pickle,,70.0,1534.0,0.6351966873706004,0.1015799274024116,16.380398920774358,0.1015799274024116,0.24931625488564027,0.782615043504686,0.09367891419648536,0.01628225179388485,4.489948740110479e-07,4.420114145507731e-06,0.0002714682343364693,0.5698788127859699,0.17539480171086708,2.2449743700595524e-06,2.2100570727581116e-05,0.00012600470773366034,1.5688090597472,0.27617655521385814,1.5048120929876092e-05,0.00014814069388199657,0.0005363985142304472,1.4436501749815311,16.380398920774358,0.10157992740241158,0.22226500374881045,0.4701089367701663,0.12073016533331518,0.0165179121895624,0.0006307932190645857,0.006209821518829027,0.37594469855294343,0.578126926634684,0.1762786097741005,0.0018446907444971642,0.018159992743343605,0.10301869731452656,1.5767142318683434,0.27757541140945485,0.002474220390570998,0.024357375062587987,0.08775047810938169,1.4509623778221503,-0.027051251136829824,-0.0013988561955967094,-0.002459172269641122,,,,,,,,
Be-H_1.47_hgbs-5_as-003-007,hamiltonian_generator/library/Be-H/1.47/hgbs-5/Be-H_1.47_hgbs-5_as-003-007.tensors.npz,Be-H,1.47,hgbs-5,3,7,10,1e-12,9.787478605360887e-10,9.696070613074426e-10,True,True,1.0094273232873536,0.004075056086515714,-9.0134042303522,success,active_tensor,,165.0,8700.0,0.6430155210643016,0.12096257115408907,23.777452909851228,0.12096257115408907,0.21022141375882877,0.8313953673614856,0.12717696022491107,0.02589160727761365,1.2950068403750084e-09,1.0705847503235975e-08,4.134871732158722e-07,1.0712949433214456,0.23343252272616555,3.498242905110214e-07,2.8920044206517003e-06,1.2389038112072522e-05,2.193293078114597,0.46698492401443625,2.400942840461871e-06,1.984864258055008e-05,4.2503818774107755e-05,2.3824683340555515,23.777452909851245,0.1209625711540889,0.1591862632156155,0.3483800589311881,0.17821211076812435,0.026416755519985853,0.0009569640848498549,0.007911241268431873,0.29947815743104966,1.0930235540838182,0.23417877580105298,0.0033064992492333307,0.02733489556055589,0.11672661396000421,2.200304747630727,0.46943815500043284,0.006515309873694182,0.053862197302292913,0.11473757880256505,2.394984252321213,-0.05103515054321328,-0.0024532309859965906,-0.00651290893085372,,,,,,,,
Be-H_1.47_hgbs-5_as-005-007,hamiltonian_generator/library/Be-H/1.47/hgbs-5/Be-H_1.47_hgbs-5_as-005-007.tensors.npz,Be-H,1.47,hgbs-5,5,7,12,1e-12,1.9134339668269718e-09,1.0133842653914371e-09,True,True,1.8881623014818323,0.27603932238178236,-8.994225843193881,success,active_tensor,,354.0,39879.0,0.6382580304412542,0.15094861372569354,194.55729484972562,0.15094861372569354,0.19615000743202446,0.9258926068872098,0.13907190002784334,0.22296713704916976,1.2226908206264879e-12,8.100046700981189e-12,3.6328433006676355e-11,9.908399494999413,0.4713832466765364,8.655009785909713e-10,5.733745790893945e-09,1.2163660527435855e-08,4.749636612739344,0.6759297143700101,2.2743770575530265e-08,1.5067227193527358e-07,2.2291115293800235e-07,3.4966686937864386,194.5572948497257,0.1509486137256936,0.09148347357870351,0.19437567244014053,0.24373843388116428,0.22373384232738877,0.0025281615701618,0.016748491475092435,0.07485899898230165,9.942470983255745,0.4759834951246182,0.010566533864368857,0.07000086720617749,0.14706574476463816,4.795988511349987,0.7036330163047894,0.04238235713918768,0.2807734108522893,0.3990338775272421,3.6399813290064205,-0.10466653385332095,-0.027703301934779212,-0.0423823343954171,,,,,,,,
Be-H_1.47_hgbs-5_as-005-009,hamiltonian_generator/library/Be-H/1.47/hgbs-5/Be-H_1.47_hgbs-5_as-005-009.tensors.npz,Be-H,1.47,hgbs-5,5,9,14,1e-12,6.254790463344761e-09,5.750966369788557e-09,True,True,1.0876068579018185,0.036471937366664445,-8.240259172040243,success,active_tensor,,757.0,181467.0,0.6341762596716362,0.15622263908045741,264.35850627541174,0.15622263908045741,0.1861604461491632,0.9228211502760758,0.1480547213993377,0.18731687003796144,9.177875100493812e-15,5.87486881191851e-14,3.1363265949980463e-13,8.903650015595103,0.544737822206287,6.316284572219577e-12,4.043130118270873e-11,7.422157877518882e-11,5.561982118574137,0.712811864091083,2.5686393557244154e-10,1.64421710633215e-09,2.306663495884311e-09,3.7352720152035865,264.3585062754122,0.15622263908045733,0.07248840485838769,0.16246698341401125,0.2617267626901132,0.18747779426503947,0.002666859908121103,0.017070892694032808,0.09105554479641197,8.911299155774747,0.5523040194318932,0.016903817443102424,0.10820337911713722,0.1959127134878297,5.63923589453554,0.7808280913190592,0.07970042137014728,0.5101720329349974,0.6533730517727143,4.091690199219564,-0.1136720412907755,-0.06801622722797618,-0.07970042111328335,,,,,,,,
Be-H_1.47_hgbs-5_as-005-011,hamiltonian_generator/library/Be-H/1.47/hgbs-5/Be-H_1.47_hgbs-5_as-005-011.tensors.npz,Be-H,1.47,hgbs-5,5,11,16,1e-12,9.581680449066713e-09,1.101663948954723e-08,True,True,0.869746210553406,-0.060607454778511365,-7.957950862264499,success,active_tensor,,1232.0,449064.0,0.5922014622258327,0.16426041073566344,353.4181715571423,0.16426041073566344,0.1886426799357226,0.9164286607364484,0.1452322185208168,0.17092149362431358,3.78922202850471e-15,2.3068382768155425e-14,1.349647857563184e-13,8.138718048938305,0.5531503202040204,3.620816404935208e-12,2.204314715103214e-11,3.985019324024233e-11,5.635443232113338,0.7236693575210192,1.5952489470778893e-10,9.71170679491998e-10,1.3420088461653427e-09,3.784051491061515,353.4181715571416,0.16426041073566364,0.06962854785084131,0.15842343862619213,0.26424635060569807,0.17121834954236123,0.0028698068394489183,0.017471080381426536,0.10203976634586123,8.15285334910985,0.5655787487230957,0.020765826263239407,0.12642015303770823,0.2235235205055465,5.762062888335889,0.7828796122388454,0.07589517379648279,0.4620417875285679,0.5901824243541618,4.09366063828123,-0.11901413208488128,-0.05921025471782615,-0.0758951736369579,,,,,,,,
Be-H_1.47_hgbs-5_as-005-013,hamiltonian_generator/library/Be-H/1.47/hgbs-5/Be-H_1.47_hgbs-5_as-005-013.tensors.npz,Be-H,1.47,hgbs-5,5,13,18,1e-12,1.8275003288437123e-08,1.9166564113604068e-08,True,True,0.9534835341440184,-0.020686802452415408,-7.717455733769945,success,active_tensor,,1971.0,1083446.0,0.5580645244368212,0.20873484890483843,458.80785226313833,0.20873484890483843,0.22340354172025043,0.9154190123439518,0.1102682010885482,0.18437827653642722,1.3298264236954185e-14,6.370888381468502e-14,3.4553356833280843e-13,9.129263945613328,0.5666359222333003,1.1606136316230095e-11,5.5602293422126635e-11,9.81270181441719e-11,5.784480997802109,0.7160895678606415,4.3415695553220336e-10,2.0799447615483418e-09,2.9045874355666093e-09,3.751761133049772,458.80785226313833,0.20873484890483793,0.07185740216188163,0.1492588912033167,0.261814340646917,0.18463997201810073,0.0049498702142775205,0.023713674263055914,0.128431964129258,9.14222147602554,0.5880297504625305,0.04319868056885906,0.2069548079561612,0.35194615203291224,6.0028790696618595,0.7850588496269966,0.09230111114634929,0.4421931058978527,0.5632610932389986,4.1131073700553165,-0.1515461395583688,-0.06896928176635508,-0.09230111071219232,,,,,,,,
Be-H_1.47_hgbs-5_as-005-015,hamiltonian_generator/library/Be-H/1.47/hgbs-5/Be-H_1.47_hgbs-5_as-005-015.tensors.npz,Be-H,1.47,hgbs-5,5,15,20,1e-12,7.312344718624075e-08,3.620750721466948e-08,True,True,2.019565908050548,0.3052580308338607,-7.441201374110904,success,active_tensor,,3030.0,2415559.0,0.5263877130532466,0.24403947638420534,642.3790418990565,0.24403947638420534,0.2557204555977151,0.9189253276814912,0.0778329723763137,0.22475431388073527,7.799402035825876e-14,3.1959591748782607e-13,1.4219790133034686e-12,11.03862552570041,0.5330789656731497,2.7214456733722696e-11,1.115166166431099e-10,2.0919342878646765e-10,5.4490763040757075,0.6802403314621638,8.44493237823969e-10,3.460477994529192e-09,5.08714028627347e-09,3.579652473938315,642.3790418990571,0.24403947638420623,0.07655286337993215,0.14021165672669023,0.25700056459409665,0.22622307713010323,0.011859591920543876,0.04859702248284043,0.21481903216660686,11.11076263940354,0.5774407204711741,0.06427924098455101,0.26339689765336277,0.4561453467265677,5.902537427929815,0.7756360114119228,0.13147863746661892,0.5387597097595148,0.6946037855808007,4.0816564950776835,-0.17916759221778294,-0.09539567994975906,-0.1314786366221257,,,,,,,,
BeH2_s-1.00_hgbs-5_as-002-002,hamiltonian_generator/polyatomic_library/BeH2/s-1.00/hgbs-5/BeH2_s-1.00_hgbs-5_as-002-002.tensors.npz,BeH2,s-1.00,hgbs-5,2,2,4,1e-12,3.356681599342437e-11,3.356726008263422e-11,True,True,0.9999867701680519,-5.7456810188348825e-06,-10.474084106459923,success,reconstructed_from_full_molecular_pickle,,12.0,45.0,0.6818181818181818,0.004471439737336845,1.8425738868906232,0.004471439737336845,0.31573102269809405,0.7154012075948849,0.07820837124129987,0.21776120248553912,7.323391663261064e-06,0.0016378151319160618,0.007521152130048621,1.3065672149132348,0.21776120248553912,7.323391663261064e-06,0.0016378151319160618,0.007521152130048621,1.3065672149132348,0.48740706248930077,0.0002478540056763618,0.05543046987903314,0.11372520864990525,1.5318507678235167,1.8425738868906232,0.004471439737336845,0.31573102269809405,0.7154012075948849,0.07820837124129987,0.21776120248553912,7.323391663261064e-06,0.0016378151319160618,0.007521152130048621,1.3065672149132348,0.21776120248553912,7.323391663261064e-06,0.0016378151319160618,0.007521152130048621,1.3065672149132348,0.48740706248930077,0.0002478540056763618,0.05543046987903314,0.11372520864990525,1.5318507678235167,0.0,0.0,0.0,,,,,,,,
BeH2_s-1.00_hgbs-5_as-002-004,hamiltonian_generator/polyatomic_library/BeH2/s-1.00/hgbs-5/BeH2_s-1.00_hgbs-5_as-002-004.tensors.npz,BeH2,s-1.00,hgbs-5,2,4,6,1e-12,6.804501406776353e-11,6.804234953250443e-11,True,True,1.000039159953726,1.7006618827733566e-05,-10.167220698419488,success,reconstructed_from_full_molecular_pickle,,27.0,213.0,0.6068376068376068,0.011546258962869363,3.775146120432608,0.011546258962869363,0.2715666017440124,0.6246162528446,0.08740775723034655,0.10828116718069536,3.574402105699424e-06,0.0003095723140450982,0.002858967280325821,1.4617957569393873,0.24380798041253096,7.14880421140515e-06,0.0006191446280907421,0.0025394764644009167,1.6779725710744777,0.2833260283176862,2.3634221313754426e-05,0.0020469159222703836,0.007224595404892449,1.3259658125267715,3.7751461204326078,0.011546258962869364,0.2710246492240111,0.5509509228085749,0.08794970975034788,0.108323134452261,6.20270907736961e-05,0.00537205089312164,0.049592830933905006,1.4623623151055234,0.24415502985239598,0.0004161251069779525,0.036039821063786455,0.1476103977279286,1.6803610878076662,0.28397637272479787,0.0007849213392317104,0.06798057637160854,0.23938814246877035,1.329009424352054,-0.000541952520001332,-0.0006503444071116471,-0.0007612871179179559,,,,,,,,
BeH2_s-1.00_hgbs-5_as-004-004,hamiltonian_generator/polyatomic_library/BeH2/s-1.00/hgbs-5/BeH2_s-1.00_hgbs-5_as-004-004.tensors.npz,BeH2,s-1.00,hgbs-5,4,4,8,1e-12,9.388585464620292e-10,9.388605448634735e-10,True,True,0.9999978714608306,-9.244137995964031e-07,-9.027398911561443,success,reconstructed_from_full_molecular_pickle,,48.0,590.0,0.5230496453900709,0.1046156552027854,21.732698320605213,0.1046156552027854,0.3159075761230755,0.8052388317693521,0.031610154373378385,0.02548456535886031,6.209026621146024e-07,5.9350836250182065e-06,0.0002328893407222554,0.6116295686126475,0.0877931220788521,3.8008986193665333e-06,3.633202518302762e-05,0.00041383680546632927,0.7176133456880085,0.1699182844753324,1.4032033571488455e-05,0.00013412938574335718,0.0007893758235466955,0.8518569995029998,21.732698320605216,0.10461565520278539,0.26430746192906107,0.23089493476233222,0.08321026856739283,0.03017662760216943,0.005776881033105558,0.05522004351937327,1.8298944549855347,0.7242390624520664,0.10150000855405814,0.015015725965026431,0.143532303419791,1.4141112445655293,0.8296522438331708,0.1947184533313064,0.02878431288341461,0.2751434556101526,1.4130322571020322,0.9761885127009495,-0.051600114194014446,-0.024800168855974025,-0.02877028084984312,,,,,,,,
BeH2_s-1.00_hgbs-5_as-004-006,hamiltonian_generator/polyatomic_library/BeH2/s-1.00/hgbs-5/BeH2_s-1.00_hgbs-5_as-004-006.tensors.npz,BeH2,s-1.00,hgbs-5,4,6,10,1e-12,9.80534986538828e-10,9.838373449255755e-10,True,True,0.9966433898816909,-0.0014602093022418453,-9.00707669632509,success,active_tensor,,105.0,3022.0,0.5534798534798535,0.12574859829916382,29.493654304045215,0.12574859829916382,0.25473889855404686,0.8438531293090993,0.0850046911895429,0.04008550547301579,2.0930244665558287e-08,1.66445152857799e-07,4.15225281292372e-06,1.0573278255201266,0.16694102731700028,4.970382296727078e-07,3.952634354541453e-06,2.3676830184085852e-05,1.4967126587041404,0.28691826240405927,4.564002924002734e-06,3.629466241162136e-05,0.00012649826507212203,1.4385433542021704,29.49365430404521,0.12574859829916382,0.18646868349708015,0.2431468678572945,0.1532749062465096,0.04556393499867023,0.008057856636333271,0.06407909706606131,1.4063556421966503,1.2018313289504323,0.18392848689941807,0.02740414865095283,0.21792806457974692,1.1848521577787003,1.6490140204775412,0.314464018630997,0.0368796440686806,0.29328075674403625,0.9326369294039397,1.5766515534667065,-0.0682702150569667,-0.027545756226937723,-0.0368750800657566,,,,,,,,
BeH2_s-1.00_hgbs-5_as-004-008,hamiltonian_generator/polyatomic_library/BeH2/s-1.00/hgbs-5/BeH2_s-1.00_hgbs-5_as-004-008.tensors.npz,BeH2,s-1.00,hgbs-5,4,8,12,1e-12,7.418856862173584e-09,8.313777222213048e-09,True,True,0.8923569472551678,-0.04946139089889754,-8.080201617123505,success,active_tensor,,266.0,21601.0,0.6128812597531564,0.14428712360993315,55.25721471003433,0.14428712360993315,0.21804376670582415,0.8429070401764062,0.11780528989794942,0.03823711816920369,5.036833948187844e-11,3.490840916480155e-10,9.129456098215295e-09,1.701600037719172,0.25829733051249687,6.917927353384888e-09,4.794556284930083e-08,1.8562159645308894e-07,2.515526226557876,0.48467966686303104,9.939632166861087e-08,6.888786690163676e-07,1.4213071356489206e-06,2.510660620015804,55.257214710034276,0.14428712360993332,0.1372328820245925,0.23825871768967444,0.19861617457918107,0.04074338147509807,0.004272367031726486,0.02961017535616296,0.7267481069105762,1.8131319193053428,0.27245853955721316,0.018827916942563805,0.13048923889745914,0.4789324610985735,2.653440515803807,0.51479378474458,0.03870116762246165,0.26822329431894854,0.5210305607167152,2.6666529899063383,-0.08081088468123165,-0.030114117881548996,-0.03870106822613999,,,,,,,,
BeH2_s-1.00_hgbs-5_as-006-008,hamiltonian_generator/polyatomic_library/BeH2/s-1.00/hgbs-5/BeH2_s-1.00_hgbs-5_as-006-008.tensors.npz,BeH2,s-1.00,hgbs-5,6,8,14,1e-12,8.352204816652886e-09,8.791160577281687e-09,True,True,0.9500685083874864,-0.022245077088097098,-8.055953787151765,success,active_tensor,,429.0,52411.0,0.5708886129446877,0.13026150317786567,258.93888060179313,0.13026150317786567,0.18303122915486178,0.9051593063102297,0.15185973657722543,0.10901914476542786,6.6114649777152884e-12,5.0755325375661125e-11,4.6556341535121505e-10,4.69887868748116,0.4677694736300079,1.2100046796919587e-09,9.289042811365048e-09,1.98581637644709e-08,4.675453924450355,0.6397400489758456,1.8847857028721698e-08,1.446924576249199e-07,2.2617383084982227e-07,3.35592108658228,258.93888060179313,0.13026150317786583,0.09581196639320513,0.19194832459684827,0.23907899933888208,0.11016786511506907,0.002652609365105189,0.020363724511018255,0.18484268974213655,4.748390152466682,0.47721032091258564,0.015227686599794212,0.11690089725896632,0.2449672442863615,4.7698171716604065,0.6628103572002336,0.051453402303686877,0.39500083331166325,0.5959484926882854,3.4769423263313324,-0.08721926276165665,-0.023070308224388048,-0.051453383455829844,,,,,,,,
BeH2_s-1.00_hgbs-5_as-006-010,hamiltonian_generator/polyatomic_library/BeH2/s-1.00/hgbs-5/BeH2_s-1.00_hgbs-5_as-006-010.tensors.npz,BeH2,s-1.00,hgbs-5,6,10,16,1e-12,1.5984710000083172e-08,1.758141843222205e-08,True,True,0.9091820470404971,-0.04134914856104063,-7.754946089874487,success,active_tensor,,728.0,143928.0,0.5438880239430446,0.13442412091728118,345.57442612727453,0.13442412091728118,0.17848705707335685,0.8968454078219761,0.15576328680559773,0.15242190491111826,3.5087746587706914e-12,2.610226970299356e-11,1.712501212881086e-10,6.9687463463751556,0.4896691821023553,8.032067062755739e-10,5.975168004035769e-09,1.220245876692069e-08,4.939586639781271,0.6739089429098415,1.995353253861552e-08,1.4843714359042798e-07,2.202629081452723e-07,3.5353800476646025,345.5744261272741,0.13442412091728134,0.08970022503183177,0.19339419303645794,0.2445501188471228,0.1541903698970377,0.0031254144819354225,0.023250399263229433,0.15079021652749872,7.049600761076933,0.5004272425041395,0.017216654732886014,0.12807712347607897,0.25593555385830047,5.048109645461268,0.724277017523571,0.06006241363559482,0.44681276861430674,0.6169086658886916,3.7996149831141595,-0.08878683204152509,-0.0503680746137295,-0.06006239368206228,,,,,,,,
BeH2_s-1.00_hgbs-5_as-006-012,hamiltonian_generator/polyatomic_library/BeH2/s-1.00/hgbs-5/BeH2_s-1.00_hgbs-5_as-006-012.tensors.npz,BeH2,s-1.00,hgbs-5,6,12,18,1e-12,3.2310002673341394e-08,3.545739735155706e-08,True,True,0.9112344697212398,-0.04036986034403003,-7.450293145704641,success,active_tensor,,1131.0,332534.0,0.5203852804707245,0.15707173667672375,455.52721937420296,0.15707173667672375,0.19230094237833256,0.898315574605719,0.14162236145647572,0.13703051280607734,5.932114858739907e-14,3.776691455923133e-13,2.756095251039326e-12,6.489147261062362,0.5032935343718247,3.477878033211858e-10,2.2141972240173496e-09,4.3994151976956214e-09,5.120070650915585,0.6714604795255933,1.588189438212802e-08,1.0111236253034656e-07,1.505857241245016e-07,3.506102503894026,455.5272193742031,0.15707173667672372,0.08862644854968323,0.19061775606151538,0.24529685528512507,0.13815315151876925,0.003321233579762557,0.021144692546426314,0.1530525530107334,6.5423103688873825,0.5138437746072066,0.019993119979990825,0.1272865532845005,0.24771449918178165,5.22739961840711,0.7173462393715686,0.05598022402938876,0.3563990900833046,0.4968299414178684,3.745699892563454,-0.10367449382864934,-0.045885759845975316,-0.055980208147494374,0.0032618238333777,2.4865394983104503,0.0032216023363995,0.9876690161600329,-0.005388570127099798,0.0105005152105467,3.2192159193567345,analysis/fermionic_structure_ablation_extension_hgbs5.csv
BeH2_s-1.00_hgbs-5_as-006-014,hamiltonian_generator/polyatomic_library/BeH2/s-1.00/hgbs-5/BeH2_s-1.00_hgbs-5_as-006-014.tensors.npz,BeH2,s-1.00,hgbs-5,6,14,20,1e-12,7.617367070444915e-08,4.2836995062245364e-08,True,True,1.7782216188078341,0.24998588589596188,-7.3681810017444045,success,active_tensor,,1644.0,663529.0,0.4913042576854102,0.18055742903954977,557.4181048208575,0.18055742903954977,0.2101510028436444,0.9033658519663942,0.1235880923075019,0.13946911836509485,2.3451283312036966e-13,1.2988268296011314e-12,9.312648167755183e-12,6.7767389793669865,0.4966848393450109,9.31791014206716e-10,5.160635146187279e-09,1.0390160394250649e-08,5.044866530075712,0.6551806492116903,3.003878266335118e-08,1.6636691618361163e-07,2.539252592148186e-07,3.435449711996007,557.4181048208585,0.18055742903954938,0.08821720882826131,0.17531329373313395,0.245521886322885,0.14086924289586572,0.005484270214828542,0.03037410448299674,0.21561913628974408,6.844770372946209,0.5183644957463233,0.04070913568754325,0.22546364280932635,0.43495193953187633,5.2650684857197625,0.705272191926,0.065103254815969,0.36056813149299305,0.511246771985057,3.6981054790708816,-0.1219337940153831,-0.05009154271430971,-0.06510322477718633,,,,,,,,
C-C_1.50_hgbs-5_as-002-002,hamiltonian_generator/comparable_diatomic_library/C-C/1.50/hgbs-5/C-C_1.50_hgbs-5_as-002-002.tensors.npz,C-C,1.50,hgbs-5,2,2,4,1e-12,1.065669774646949e-11,1.065669774646949e-11,True,True,1.0,0.0,-10.97237735184486,unavailable,unavailable,missing active tensor (hamiltonian_generator/comparable_diatomic_library/C-C/1.50/hgbs-5/C-C_1.50_hgbs-5_as-002-002.tensors.npz) and full molecular pickle (hamiltonian_generator/comparable_diatomic_library/C-C/1.50/hgbs-5/C-C_1.50_hgbs-5.pickle),,,,,,,,,,,,,,,,,,,,,,,,,,,,,,,,,,,,,,,,,,,,,,,,,,,,,,,
C-C_1.50_hgbs-5_as-002-004,hamiltonian_generator/comparable_diatomic_library/C-C/1.50/hgbs-5/C-C_1.50_hgbs-5_as-002-004.tensors.npz,C-C,1.50,hgbs-5,2,4,6,1e-12,1.096611690343252e-11,1.096700508185222e-11,True,True,0.9999190135854711,-3.5173377241117884e-05,-10.959911955288224,unavailable,unavailable,missing active tensor (hamiltonian_generator/comparable_diatomic_library/C-C/1.50/hgbs-5/C-C_1.50_hgbs-5_as-002-004.tensors.npz) and full molecular pickle (hamiltonian_generator/comparable_diatomic_library/C-C/1.50/hgbs-5/C-C_1.50_hgbs-5.pickle),,,,,,,,,,,,,,,,,,,,,,,,,,,,,,,,,,,,,,,,,,,,,,,,,,,,,,,
C-C_1.50_hgbs-5_as-004-004,hamiltonian_generator/comparable_diatomic_library/C-C/1.50/hgbs-5/C-C_1.50_hgbs-5_as-004-004.tensors.npz,C-C,1.50,hgbs-5,4,4,8,1e-12,3.689726302269491e-11,3.6898151201114615e-11,True,True,0.999975928918095,-1.0454063865624152e-05,-10.432995393821134,unavailable,unavailable,missing active tensor (hamiltonian_generator/comparable_diatomic_library/C-C/1.50/hgbs-5/C-C_1.50_hgbs-5_as-004-004.tensors.npz) and full molecular pickle (hamiltonian_generator/comparable_diatomic_library/C-C/1.50/hgbs-5/C-C_1.50_hgbs-5.pickle),,,,,,,,,,,,,,,,,,,,,,,,,,,,,,,,,,,,,,,,,,,,,,,,,,,,,,,
C-C_1.50_hgbs-5_as-004-006,hamiltonian_generator/comparable_diatomic_library/C-C/1.50/hgbs-5/C-C_1.50_hgbs-5_as-004-006.tensors.npz,C-C,1.50,hgbs-5,4,6,10,1e-12,4.4863668335892726e-11,4.591849123158909e-11,True,True,0.977028363358535,-0.010092828429333001,-10.338012390221584,unavailable,unavailable,missing active tensor (hamiltonian_generator/comparable_diatomic_library/C-C/1.50/hgbs-5/C-C_1.50_hgbs-5_as-004-006.tensors.npz) and full molecular pickle (hamiltonian_generator/comparable_diatomic_library/C-C/1.50/hgbs-5/C-C_1.50_hgbs-5.pickle),,,,,,,,,,,,,,,,,,,,,,,,,,,,,,,,,,,,,,,,,,,,,,,,,,,,,,,
C-C_1.50_hgbs-5_as-004-008,hamiltonian_generator/comparable_diatomic_library/C-C/1.50/hgbs-5/C-C_1.50_hgbs-5_as-004-008.tensors.npz,C-C,1.50,hgbs-5,4,8,12,1e-12,1.3249612518251294e-10,7.892042575008418e-11,True,True,1.6788572023431034,0.22501375815604466,-10.102810580535742,unavailable,unavailable,missing active tensor (hamiltonian_generator/comparable_diatomic_library/C-C/1.50/hgbs-5/C-C_1.50_hgbs-5_as-004-008.tensors.npz) and full molecular pickle (hamiltonian_generator/comparable_diatomic_library/C-C/1.50/hgbs-5/C-C_1.50_hgbs-5.pickle),,,,,,,,,,,,,,,,,,,,,,,,,,,,,,,,,,,,,,,,,,,,,,,,,,,,,,,
C-C_1.50_hgbs-5_as-006-008,hamiltonian_generator/comparable_diatomic_library/C-C/1.50/hgbs-5/C-C_1.50_hgbs-5_as-006-008.tensors.npz,C-C,1.50,hgbs-5,6,8,14,1e-12,2.5216247534487486e-08,2.5177490869943145e-08,True,True,1.0015393378452422,0.0006680119157685034,-7.59898755284749,unavailable,unavailable,missing active tensor (hamiltonian_generator/comparable_diatomic_library/C-C/1.50/hgbs-5/C-C_1.50_hgbs-5_as-006-008.tensors.npz) and full molecular pickle (hamiltonian_generator/comparable_diatomic_library/C-C/1.50/hgbs-5/C-C_1.50_hgbs-5.pickle),,,,,,,,,,,,,,,,,,,,,,,,,,,,,,,,,,,,,,,,,,,,,,,,,,,,,,,
C-C_1.50_hgbs-5_as-006-010,hamiltonian_generator/comparable_diatomic_library/C-C/1.50/hgbs-5/C-C_1.50_hgbs-5_as-006-010.tensors.npz,C-C,1.50,hgbs-5,6,10,16,1e-12,4.7945307724006625e-08,4.7707500838711794e-08,True,True,1.0049846854501727,0.0021594437712751584,-7.321413333396744,unavailable,unavailable,missing active tensor (hamiltonian_generator/comparable_diatomic_library/C-C/1.50/hgbs-5/C-C_1.50_hgbs-5_as-006-010.tensors.npz) and full molecular pickle (hamiltonian_generator/comparable_diatomic_library/C-C/1.50/hgbs-5/C-C_1.50_hgbs-5.pickle),,,,,,,,,,,,,,,,,,,,,,,,,,,,,,,,,,,,,,,,,,,,,,,,,,,,,,,
C-C_1.50_hgbs-5_as-008-010,hamiltonian_generator/comparable_diatomic_library/C-C/1.50/hgbs-5/C-C_1.50_hgbs-5_as-008-010.tensors.npz,C-C,1.50,hgbs-5,8,10,18,1e-12,1.1120937581932112e-07,1.639406108422392e-06,True,True,0.06783516009119815,-1.1685451457258218,-5.785313451066408,unavailable,unavailable,missing active tensor (hamiltonian_generator/comparable_diatomic_library/C-C/1.50/hgbs-5/C-C_1.50_hgbs-5_as-008-010.tensors.npz) and full molecular pickle (hamiltonian_generator/comparable_diatomic_library/C-C/1.50/hgbs-5/C-C_1.50_hgbs-5.pickle),,,,,,,,,,,,,,,,,,,,,,,,,,,,,,,,,,,,,,,,,,,,,,,,,,,,,,,
C-C_1.50_hgbs-5_as-008-012,hamiltonian_generator/comparable_diatomic_library/C-C/1.50/hgbs-5/C-C_1.50_hgbs-5_as-008-012.tensors.npz,C-C,1.50,hgbs-5,8,12,20,1e-12,1.7058493562149837e-07,1.6478861643021148e-06,True,True,0.10351742694177037,-0.9849865314867992,-5.783072792592172,unavailable,unavailable,missing active tensor (hamiltonian_generator/comparable_diatomic_library/C-C/1.50/hgbs-5/C-C_1.50_hgbs-5_as-008-012.tensors.npz) and full molecular pickle (hamiltonian_generator/comparable_diatomic_library/C-C/1.50/hgbs-5/C-C_1.50_hgbs-5.pickle),,,,,,,,,,,,,,,,,,,,,,,,,,,,,,,,,,,,,,,,,,,,,,,,,,,,,,,
CH4_s-1.00_hgbs-5_as-002-002,hamiltonian_generator/polyatomic_library/CH4/s-1.00/hgbs-5/CH4_s-1.00_hgbs-5_as-002-002.tensors.npz,CH4,s-1.00,hgbs-5,2,2,4,1e-12,1.5720758028692217e-13,1.624256285026604e-13,False,False,,,-12.789345444065692,success,reconstructed_from_full_molecular_pickle,,18.0,121.0,0.7908496732026143,0.023746683453485504,2.1443541172151335,0.023746683453485504,0.21053271492313977,0.8630362210863534,0.16201630468470338,0.26778508994230044,3.9343443844344614e-09,1.6567974185283478e-07,6.187041328123749e-07,2.410065809480704,0.26778508994230044,3.9343443844344614e-09,1.6567974185283478e-07,6.187041328123749e-07,2.410065809480704,0.5605817495843569,9.662437581172118e-08,4.068962977545346e-06,7.25846494389494e-06,2.5990608389820182,2.144354117215133,0.02374668345348551,0.20409360796162918,0.4718635424609512,0.16845541164621397,0.26790371528542967,0.0006704642166705453,0.028234014993455236,0.10538866533961348,2.4111334375688673,0.26790371528542967,0.0006704642166705453,0.028234014993455236,0.10538866533961348,2.4111334375688673,0.5602451656502251,0.0013883359150180467,0.05846441326164511,0.10435505176343794,2.5975003134692254,-0.006439106961510593,0.00033658393413182885,-0.001388239290642235,,,,,,,,
CH4_s-1.00_hgbs-5_as-002-004,hamiltonian_generator/polyatomic_library/CH4/s-1.00/hgbs-5/CH4_s-1.00_hgbs-5_as-002-004.tensors.npz,CH4,s-1.00,hgbs-5,2,4,6,1e-12,6.246114736541133e-13,5.601075159233915e-13,False,False,,,-12.251728599618074,success,reconstructed_from_full_molecular_pickle,,69.0,1905.0,0.8120204603580563,0.05136941332976072,3.713158740267553,0.05136941332976072,0.14001089017152754,0.8758951818455762,0.20312636473043325,0.1651719735618292,3.315172718564332e-10,6.45359271923726e-09,3.907195984929896e-08,5.6984330878831075,0.3926358704789572,7.374065816439903e-09,1.435497378391853e-07,3.656052557400729e-07,3.4628712486602766,0.5192710276147371,4.890870959378965e-08,9.520978812785961e-07,1.8335278316066312e-06,2.6773842434816992,3.7131587402675543,0.05136941332976071,0.11267594482259367,0.30575993750821795,0.2304613100793671,0.16499344888715778,0.00018431632345250945,0.0035880558391685265,0.021746656387687656,5.692273986606943,0.39302147244762525,0.001155407513169839,0.022492129815709954,0.057228755659672746,3.466272084068154,0.5195097215768641,0.002131284692168399,0.04148937186583842,0.0798625514454398,2.6786149600424687,-0.027334945348933867,-0.00023869396212705674,-0.002131235783458805,,,,,,,,
CH4_s-1.00_hgbs-5_as-004-004,hamiltonian_generator/polyatomic_library/CH4/s-1.00/hgbs-5/CH4_s-1.00_hgbs-5_as-004-004.tensors.npz,CH4,s-1.00,hgbs-5,4,4,8,1e-12,3.7623237858497305e-12,1.6414425374478014e-11,True,True,0.22920837617012066,-0.6397695155964725,-10.78477431616714,success,reconstructed_from_full_molecular_pickle,,198.0,15482.0,0.7938265907809055,0.08797488835200921,25.06905928128587,0.08797488835200921,0.1343947184748517,0.9202986500213487,0.20232270961313473,0.09506174830872534,8.100194760097467e-12,9.20739419149541e-11,9.685698354287787e-10,4.717529967595598,0.5754975720204495,1.2234759858624169e-09,1.3907104729328986e-08,2.416535777988446e-08,5.830612543955754,0.740097417178533,1.1878420015461684e-08,1.3502057505243083e-07,1.824362197711331e-07,3.8490986472621143,25.06905928128588,0.08797488835200909,0.07610006375161255,0.2230238484319401,0.2606173643363739,0.095476338613189,0.0006715510912990116,0.00763344067698013,0.07995112493689253,4.738104407056043,0.5767793291113232,0.0024893805124951624,0.028296489590694803,0.049059472423002425,5.843598574367864,0.7448791530169334,0.0070468140513417,0.08010028979116939,0.1075346107710823,3.8739674990104676,-0.058294654723239164,-0.004781735838400469,-0.007046802172921684,,,,,,,,
CH4_s-1.00_hgbs-5_as-004-006,hamiltonian_generator/polyatomic_library/CH4/s-1.00/hgbs-5/CH4_s-1.00_hgbs-5_as-004-006.tensors.npz,CH4,s-1.00,hgbs-5,4,6,10,1e-12,1.6828316518058273e-11,3.7086667070695967e-11,True,True,0.4537565073178325,-0.3431771336980634,-10.430782194383566,success,active_tensor,,447.0,75226.0,0.7546673889708169,0.1091904553520371,32.761408545488806,0.1091904553520371,0.13854774675305662,0.9339055129057146,0.19628035489118853,0.2642949229034776,1.1969078915836475e-12,1.0961653083364648e-11,4.1475080046724627e-11,11.867199193667366,0.6223169937505822,1.0758937717357585e-10,9.853368302815547e-10,1.5833358885848885e-09,6.200217916446956,0.8102253219740677,2.9608468120977443e-09,2.7116351905959017e-08,3.346766778393395e-08,4.232917731640306,32.7614085454888,0.10919045535203709,0.05818625842753866,0.16391084783685006,0.2766418432167065,0.2644190445508002,0.0009253464329501492,0.008474609158527387,0.03204991975114427,11.872772423364106,0.6256647602059944,0.006157191588588652,0.05638946708975128,0.09012728648994961,6.233572110154296,0.8217517426574161,0.017400543246237212,0.15935956297770476,0.19392665047762594,4.293136030389617,-0.08036148832551795,-0.011526420683348415,-0.0174005402853904,,,,,,,,
CH4_s-1.00_hgbs-5_as-004-008,hamiltonian_generator/polyatomic_library/CH4/s-1.00/hgbs-5/CH4_s-1.00_hgbs-5_as-004-008.tensors.npz,CH4,s-1.00,hgbs-5,4,8,12,1e-12,4.3549508443874174e-10,4.4840897661657664e-10,True,True,0.9712006385882921,-0.012691040709426902,-9.34832570192893,success,active_tensor,,848.0,255630.0,0.7118074892517431,0.11111238913353999,48.185249258672854,0.11111238913353999,0.1321393187601588,0.9322082344627384,0.20198110626935714,0.29089428784127735,2.8060723726443263e-13,2.5254360873042332e-12,8.681628319502115e-12,13.769379702631113,0.7296867299099578,8.833735255630451e-11,7.950270284453754e-10,1.0895456856444142e-09,7.377975559972501,0.8510938245573767,3.0226375554655623e-09,2.720342509990328e-08,3.196289799664661e-08,4.466958319702472,48.18524925867276,0.11111238913354013,0.048645747754710006,0.14497662788210924,0.2854746772748059,0.2912224379460784,0.0011414174327809288,0.010272638737063957,0.03527420074330262,13.784912573441312,0.7336718975656237,0.008566379627805475,0.0770965298703999,0.1050831170257601,7.418270207470783,0.8820966126039083,0.04690191445104021,0.4221123748376184,0.47853304139958347,4.6296761752461295,-0.0834935710054488,-0.03100278804653156,-0.04690191142840265,,,,,,,,
CH4_s-1.00_hgbs-5_as-006-008,hamiltonian_generator/polyatomic_library/CH4/s-1.00/hgbs-5/CH4_s-1.00_hgbs-5_as-006-008.tensors.npz,CH4,s-1.00,hgbs-5,6,8,14,1e-12,6.84773238113223e-10,6.924119055895517e-10,True,True,0.9889680298465915,-0.004817747518724002,-9.159635473310518,success,active_tensor,,1539.0,797963.0,0.6742450935410578,0.1301607331852576,131.56975791236388,0.1301607331852576,0.14787702745774145,0.9418791016429536,0.18588976924793693,0.2732975371726437,4.08798914323155e-13,3.140723813696655e-12,1.149195798172393e-11,13.208313278584992,0.7396225773928409,2.0546105625355058e-10,1.57851796947946e-09,2.1342209090529843e-09,7.5786724133439884,0.8326311406512654,6.649987959349791e-09,5.10905846687639e-08,6.136040579601909e-08,4.378224921382616,131.56975791236422,0.13016073318525706,0.047170050303587806,0.12740653414887404,0.2865967464020906,0.274088166207504,0.0018568820314965586,0.014266069236515966,0.052049198015048745,13.24652392653892,0.7484081120388749,0.015206556423574567,0.11682906243260906,0.1561034154404523,7.668694934415586,0.8800918299043201,0.07467579795088154,0.5737198625379276,0.6518863634949321,4.62778749756874,-0.10070697715415364,-0.04746068925305469,-0.07467579130089358,,,,,,,,
CH4_s-1.00_hgbs-5_as-006-010,hamiltonian_generator/polyatomic_library/CH4/s-1.00/hgbs-5/CH4_s-1.00_hgbs-5_as-006-010.tensors.npz,CH4,s-1.00,hgbs-5,6,10,16,1e-12,4.830003064171251e-09,1.2213240641045786e-08,True,True,0.3954726846156428,-0.40288350794475025,-7.9131690857856745,success,active_tensor,,2732.0,2351399.0,0.6303096115153117,0.20341429593128776,194.2503001129556,0.20341429593128776,0.2133784307929489,0.9412683856706512,0.12019901336669955,0.3539093374943301,1.3169673689292935e-12,6.474310779878312e-12,1.829369867920491e-11,17.35149248721413,0.6799052026256021,1.0702793851244576e-09,5.2615740709099034e-09,7.738687762045634e-09,6.952308422349332,0.7595874745778287,2.4178309138087572e-08,1.1886238883748305e-07,1.5648281839237225e-07,3.986079501326389,194.25030011295567,0.20341429593128843,0.05261109067367998,0.10944964616732422,0.2809663534859685,0.35519900583885583,0.009540035583932512,0.046899533487828465,0.1320373444657261,17.41472243969142,0.7172047426478967,0.06261633704774047,0.3078266292005933,0.4292032817074067,7.333711455074104,0.8597818177535045,0.13584065680187835,0.6678029003810241,0.7767120525133973,4.511868341780078,-0.16076734011926894,-0.10019434317567577,-0.1358406326235692,,,,,,,,
CH4_s-1.00_hgbs-5_as-008-010,hamiltonian_generator/polyatomic_library/CH4/s-1.00/hgbs-5/CH4_s-1.00_hgbs-5_as-008-010.tensors.npz,CH4,s-1.00,hgbs-5,8,10,18,1e-12,8.109672803291446e-07,1.585044362428789e-08,True,True,51.163696080183286,1.7089619104987055,-7.799958578185404,success,active_tensor,,4131.0,5054140.0,0.5924777109002212,0.25394830959299464,486.871197813415,0.25394830959299464,0.2619956177707656,0.9478750647190651,0.07149913606297131,0.32631612097106677,2.9945316155410025e-13,1.1791894265176902e-12,3.6136413457251305e-12,16.127813977401374,0.6348382065911641,2.582595472136518e-10,1.0169768313384987e-09,1.6019464814496147e-09,6.496603054861597,0.7058050669716154,1.0071795570072323e-08,3.966080965931408e-08,5.6192299425514145e-08,3.7066879375282777,486.87119781341596,0.25394830959299425,0.05527840050848225,0.09595319611255576,0.27821635332525463,0.33480658610483566,0.021761241764251846,0.08569161889334419,0.25594364761543903,16.547445841899965,0.6995988584452715,0.1085045636621439,0.42727027337195256,0.6107360928539555,7.159329784762353,0.8457966946566444,0.17705786047756195,0.6972200790047963,0.8243353082478485,4.441884243105261,-0.20671721726228331,-0.13999162768502904,-0.17705785040576638,,,,,,,,
CH4_s-1.00_hgbs-5_as-008-012,hamiltonian_generator/polyatomic_library/CH4/s-1.00/hgbs-5/CH4_s-1.00_hgbs-5_as-008-012.tensors.npz,CH4,s-1.00,hgbs-5,8,12,20,1e-12,7.757581350631426e-07,3.320380637106268e-08,True,True,23.36353026498855,1.368538465956023,-7.478812127404611,success,active_tensor,,6490.0,11696765.0,0.5554862193006014,0.27615820767788307,646.3232992838995,0.27615820767788307,0.28094845550862324,0.9416641830074285,0.05248761579152572,0.3237312086477136,6.199855989171676e-13,2.2450377417003385e-12,6.934882030924003e-12,16.2417529762791,0.6155175928708047,9.061244045325807e-10,3.2811786118973656e-09,5.330763328134595e-09,6.303064486583713,0.680475220900563,3.156580534535912e-08,1.1430333941831692e-07,1.6797575563007886e-07,3.581187111454788,646.3232992838967,0.2761582076778836,0.06094745710529863,0.10226513112532588,0.2724886141948503,0.3310968182448164,0.024767923643860722,0.08968744348439034,0.270879810805293,16.61128921004406,0.6953659452074391,0.12525172466337192,0.45355061403595137,0.6522473773153354,7.120732933033631,0.8251551058069285,0.1888380336355016,0.6838038066055454,0.8286972979908377,4.342604607932814,-0.2200009984033246,-0.14467988490636552,-0.18883800206969625,,,,,,,,
F-F_1.28_hgbs-5_as-004-002,hamiltonian_generator/hgbs5_diatomic_basis_transfer/lower/F-F/1.28/hgbs-5/F-F_1.28_hgbs-5_as-004-002.tensors.npz,F-F,1.28,hgbs-5,4,2,6,1e-12,1.992184195387381e-12,1.992184195387381e-12,True,True,1.0,0.0,-11.700670509616092,success,active_tensor,,27.0,213.0,0.6068376068376068,0.016710504844812058,29.148553411894774,0.016710504844812058,0.22697709224976897,0.8367777431222294,0.13199726672459,0.02734516185920945,4.6586802096023985e-09,2.78787520357216e-07,1.0195131474905657e-05,0.3691596850993276,0.14523917279135326,9.317360419204805e-09,5.575750407144325e-07,3.8390127814582775e-06,0.9995872480346076,0.3064300695325047,6.694380802479377e-07,4.0060912968513424e-05,0.00013073427496730687,1.434092725412122,29.14855341189478,0.01671050484481205,0.22443866223625009,0.6843857866814663,0.1345356967381089,0.027437057959339657,9.256087953025025e-05,0.005539083372396539,0.2018832843012973,0.3704002824510854,0.14532992929962724,9.256087953025025e-05,0.005539083372396539,0.038113851696553104,1.000211866356258,0.3066109875686441,0.00018402795283740077,0.011012710540252416,0.035917533900466925,1.4349394218212543,-0.0025384300135188886,-0.00018091803613939916,-0.00018335851475715284,,,,,,,,
F-F_1.28_hgbs-5_as-006-002,hamiltonian_generator/hgbs5_diatomic_basis_transfer/lower/F-F/1.28/hgbs-5/F-F_1.28_hgbs-5_as-006-002.tensors.npz,F-F,1.28,hgbs-5,6,2,8,1e-12,1.989997056028869e-11,1.9901191805615775e-11,True,True,0.9999386345632456,-2.665148831048863e-05,-10.701120914590105,success,active_tensor,,48.0,590.0,0.5230496453900709,0.02317868934682265,107.3431828539966,0.02317868934682265,0.2517122329371355,0.8052106620482075,0.09580549755931839,0.004267638116620555,1.2650434364633411e-09,5.457786752022517e-08,1.2788775905733107e-05,0.10242331479889333,0.11618441188499909,8.634590988280584e-09,3.725228316010983e-07,3.2063064705257225e-06,0.9496812797556448,0.22853862300020567,5.964739725753026e-07,2.5733723061311393e-05,0.00011260119940990557,1.145740296641031,107.34318285399662,0.023178689346822642,0.24868270526115516,0.6540229744185097,0.09883502523529875,0.004329580512208456,0.00012565446057303663,0.005421120180389383,1.2521121076517754,0.10390993229300294,0.11629689118028552,0.000172668532385786,0.007449451942780171,0.06405546930082505,0.9506006757345078,0.22873124266423772,0.0002460902431768905,0.010617090530644038,0.04641731670311966,1.1467059632233785,-0.003029527675980359,-0.00019261966403205655,-0.0002454937692043152,,,,,,,,
F-F_1.28_hgbs-5_as-008-002,hamiltonian_generator/hgbs5_diatomic_basis_transfer/lower/F-F/1.28/hgbs-5/F-F_1.28_hgbs-5_as-008-002.tensors.npz,F-F,1.28,hgbs-5,8,2,10,1e-12,2.1303736552624735e-11,2.130340348571735e-11,True,True,1.0000156344458109,6.789900465251205e-06,-10.67155100703139,success,active_tensor,,121.0,4530.0,0.6239669421487604,0.06945633353061899,284.6992465065516,0.06945633353061899,0.21411092051419406,0.8530640834193629,0.12477796837469485,0.02212803943061266,8.065232176300911e-11,1.161194633567211e-09,5.2476164334775e-08,0.6721739174319996,0.14559089584560372,1.5418079294079202e-09,2.219823378278718e-08,1.5246993058087897e-07,1.2905859631734837,0.33284183514672094,1.2092598551834309e-08,1.7410361211340694e-07,5.230821180776745e-07,1.6305207308806977,284.6992465065518,0.0694563335306189,0.1794910415822566,0.32234127009070174,0.1593978473066323,0.023850321423818027,0.0019258245134398358,0.027727126030786833,1.1625472687800866,0.7244909353009158,0.15032153662604347,0.005326951082156012,0.07669496518712286,0.5102061015908703,1.3325205810806784,0.33990651637577657,0.008097645546275092,0.11658613598866906,0.3429947069910825,1.6651290883185816,-0.034619878931937464,-0.007064681229055625,-0.00809763345367654,,,,,,,,
F-F_1.28_hgbs-5_as-010-002,hamiltonian_generator/hgbs5_diatomic_basis_transfer/lower/F-F/1.28/hgbs-5/F-F_1.28_hgbs-5_as-010-002.tensors.npz,F-F,1.28,hgbs-5,10,2,12,1e-12,2.2780555219981125e-11,2.2741253324909388e-11,True,True,1.0017282202748556,0.0007499087116509952,-10.643185603980179,success,active_tensor,,230.0,16375.0,0.6217960888551357,0.16239839771540704,697.6217325401524,0.16239839771540704,0.2550288979595895,0.8610016241122974,0.08121564352512667,0.01816045310823614,3.671031992803767e-11,2.2605099831323578e-10,1.2447431623317647e-08,0.6992039950371327,0.1493841115612291,1.113464840576331e-09,6.856378241659796e-09,4.589764045187313e-08,1.466827210277766,0.3361208443492322,1.1105432404478595e-08,6.838387915587791e-08,2.0345027779600166e-07,1.7654053522012423,697.6217325401519,0.16239839771540726,0.16564277068442837,0.26561766381923785,0.1706017708002878,0.018771821473081388,0.003337661182190672,0.020552303650431997,1.0948486634556909,0.7227425708970736,0.15678422577253892,0.011598427865205742,0.07141959544164493,0.45552794032519445,1.5394901512750978,0.3528633848244542,0.023160092766029535,0.1426128157164217,0.4041587250186643,1.8533420900183486,-0.08938612727516113,-0.016742540475222,-0.02316008166059713,,,,,,,,
F-F_1.28_hgbs-5_as-012-002,hamiltonian_generator/hgbs5_diatomic_basis_transfer/screen/F-F/1.28/hgbs-5/F-F_1.28_hgbs-5_as-012-002.tensors.npz,F-F,1.28,hgbs-5,12,2,14,1e-12,3.913758206408602e-11,5.937028646485487e-11,True,True,0.6592116089460692,-0.18097515316648483,-10.226430855574437,success,active_tensor,,387.0,44293.0,0.5930165615669893,0.19439881555000552,1365.5260571682993,0.19439881555000552,0.2662627831215978,0.8653940660983493,0.06879766592848857,0.026588474701391595,1.4642816264732768e-11,7.532358786911525e-11,2.832941291858797e-09,1.2912352171141999,0.1891726921196051,2.1765206876428382e-09,1.1196162288771602e-08,5.918487580486928e-08,1.876427297092354,0.3880057739928977,5.139634356683042e-08,2.643860942332216e-07,6.813973192008763e-07,2.024770437036507,1365.5260571682963,0.19439881555000574,0.158424217809414,0.2562775674389007,0.17663623124067238,0.02757602200086679,0.0033170445981805822,0.01706309057900268,0.6187654832327281,1.3391941867794157,0.19578617040563823,0.012568760708131501,0.06465451279922231,0.33023023365372695,1.9420272050156075,0.4057911212664232,0.028667656414057982,0.14746826688706713,0.3634092989192005,2.1175815439467907,-0.1078385653121838,-0.017785347273525487,-0.028667605017714416,,,,,,,,
F-F_1.28_hgbs-5_as-014-002,hamiltonian_generator/hgbs5_diatomic_basis_transfer/night/F-F/1.28/hgbs-5/F-F_1.28_hgbs-5_as-014-002.tensors.npz,F-F,1.28,hgbs-5,14,2,16,1e-12,1.05953456452923e-07,5.858635798716705e-11,True,True,1808.5004784924745,3.257318628003148,-10.232203499009698,success,active_tensor,,656.0,122856.0,0.5718488177248184,0.21990394215454145,2718.639488900755,0.21990394215454145,0.2762221231772109,0.8680027674616727,0.05812902186095703,0.035200997094005315,3.952067459943836e-11,1.7971789960756818e-10,5.1054775274582746e-09,1.6570074968615474,0.21843349889409258,5.105106647492339e-09,2.3215166574433823e-08,1.062802486430421e-07,2.225458951126611,0.42206414172148715,8.884050844111591e-08,4.039968886900702e-07,9.571931106070146e-07,2.20704053078847,2718.6394889007606,0.21990394215454112,0.15249051713110623,0.24402317544421792,0.1818606279070617,0.03745764234334308,0.0045644326561952294,0.020756483996942167,0.5541321529712074,1.7632339791945286,0.22627443667606703,0.01864732128396118,0.08479757616558081,0.3747554403901863,2.305344523900329,0.4511486353115092,0.04525722031237451,0.20580449749540755,0.456178920619595,2.3591279739643336,-0.12373160604610467,-0.029084493590022076,-0.045257131471866066,,,,,,,,
F-F_1.28_hgbs-5_as-016-002,hamiltonian_generator/hgbs5_diatomic_basis_transfer/night/F-F/1.28/hgbs-5/F-F_1.28_hgbs-5_as-016-002.tensors.npz,F-F,1.28,hgbs-5,16,2,18,1e-12,2.284363520566047e-07,7.419931336016816e-11,True,True,3078.6855256700314,3.488365329877147,-10.129600113659919,success,active_tensor,,1027.0,284734.0,0.5404450214576797,0.1960813586627893,5481.020186464159,0.1960813586627893,0.23078130455779938,0.8864305363168521,0.10320180135513107,0.044604025304022826,1.756200762318337e-11,8.956490174767512e-11,2.0080004245625176e-09,2.0923938505431154,0.4291009637360249,2.9561625896762953e-09,1.5076204131980503e-08,3.513439820949717e-08,4.3453710038305555,0.609064924177401,5.024837305749282e-08,2.5626287679854057e-07,4.2074804610468667e-07,3.1952846837718485,5481.020186464166,0.19608135866278903,0.11096295259176135,0.22438573619334648,0.2230201533211691,0.04654825457719368,0.004430074157895765,0.02259304090968885,0.4853681650344482,2.1835984749576234,0.4337156352757064,0.02096674773456128,0.10692881708668109,0.2465413012346398,4.39210233653637,0.6352121431873483,0.039072329389330765,0.19926590500897853,0.31369977281779926,3.3324585795409276,-0.11981835196603803,-0.02614721900994732,-0.039072279140957705,1.8113389699821472e-05,4.742000269168338,0.0002874736320205,15.870780499098597,1.200598285174294,0.0009076913445783,50.11162237553175,analysis/fermionic_structure_ablation_hgbs5.csv
F-F_1.28_hgbs-5_as-018-002,hamiltonian_generator/hgbs5_diatomic_basis_transfer/night/F-F/1.28/hgbs-5/F-F_1.28_hgbs-5_as-018-002.tensors.npz,F-F,1.28,hgbs-5,18,2,20,1e-12,4.323640876435775e-07,9.923806221223683e-11,True,True,4356.837265916138,3.6391713387205784,-10.003321724637123,success,active_tensor,,1580.0,641837.0,0.514535718007712,0.22857760812659475,14711.569774544801,0.22857760812659475,0.2607752425618637,0.9152299564776365,0.0729802989200869,0.05036155429652373,4.3643675887500754e-13,1.9093591994946975e-12,3.7913031600505886e-11,2.498469075923746,0.41197508726727317,6.448088919125342e-10,2.8209626358300815e-09,6.847410736756401e-09,4.224082225941717,0.5526462556329861,1.5228522690325665e-08,6.662298558086033e-08,1.2055267705478644e-07,2.9077921947500336,14711.569774544832,0.2285776081265947,0.09860987144788161,0.16391383899005893,0.23514567003406897,0.05758506082273317,0.011493511076133247,0.05028275153604598,0.8731909078091238,2.856831877222621,0.4586241070654821,0.06335428399350322,0.2771674990947288,0.6043456827164888,4.702386136729846,0.6183425737192241,0.09066204269674177,0.39663571353205246,0.6414497891457756,3.2534585934776903,-0.16216537111398208,-0.06569631808623799,-0.09066202746821908,,,,,,,,
H2O_s-1.00_hgbs-5_as-002-002,hamiltonian_generator/polyatomic_library/H2O/s-1.00/hgbs-5/H2O_s-1.00_hgbs-5_as-002-002.tensors.npz,H2O,s-1.00,hgbs-5,2,2,4,1e-12,2.3072654897760003e-12,2.305711177541525e-12,True,True,1.0006741140215716,0.0002926653659080065,-11.637195095070728,success,reconstructed_from_full_molecular_pickle,,12.0,45.0,0.6818181818181818,0.0005884996914365026,2.9500614455995042,0.0005884996914365026,0.2514526127405681,0.7857069715004599,0.1424867811988258,0.32668814196281043,1.380754156117462e-07,0.00023462274937597675,0.0007181856922210716,1.9601288517768627,0.32668814196281043,1.380754156117462e-07,0.00023462274937597675,0.0007181856922210716,1.9601288517768627,0.6712090204768668,2.0032270130548908e-05,0.034039559275980236,0.050713798887560405,2.109514064355867,2.9500614455995042,0.0005884996914365026,0.2514526127405681,0.7857069715004599,0.1424867811988258,0.32668814196281043,1.380754156117462e-07,0.00023462274937597675,0.0007181856922210716,1.9601288517768627,0.32668814196281043,1.380754156117462e-07,0.00023462274937597675,0.0007181856922210716,1.9601288517768627,0.6712090204768668,2.0032270130548908e-05,0.034039559275980236,0.050713798887560405,2.109514064355867,0.0,0.0,0.0,,,,,,,,
H2O_s-1.00_hgbs-5_as-002-004,hamiltonian_generator/polyatomic_library/H2O/s-1.00/hgbs-5/H2O_s-1.00_hgbs-5_as-002-004.tensors.npz,H2O,s-1.00,hgbs-5,2,4,6,1e-12,2.364886064754046e-12,2.3645529978466584e-12,True,True,1.0001408582965536,6.11696728967058e-05,-11.626250947491476,success,reconstructed_from_full_molecular_pickle,,27.0,213.0,0.6068376068376068,0.003937811087063939,4.278969088460061,0.003937811087063939,0.21032705825679632,0.5911147592322912,0.14864730071756266,0.2303957221624491,2.0499658875399626e-09,5.205851276802698e-07,2.259526013739143e-06,3.1103422491930632,0.46803911485709554,1.6019356234879527e-08,4.06808652845347e-06,8.691766135177748e-06,3.2212103787223634,0.481652338259536,3.6769294673354093e-07,9.337495847412414e-05,0.00019386381225000823,2.254132943054629,4.278969088460062,0.003937811087063939,0.20981186674434693,0.4545248815471748,0.14916249223001204,0.23042702576564403,3.3067391882942316e-05,0.008397404332465733,0.03644279270004691,3.1107648478361947,0.468261667099989,0.000228137058148058,0.057934993097436445,0.12372354426582917,3.2227420618058065,0.4820698380380545,0.0004242158337123683,0.10772884334293112,0.22347144509469816,2.256086842018095,-0.0005151915124493867,-0.00041749977851845976,-0.00042384814076563477,,,,,,,,
H2O_s-1.00_hgbs-5_as-004-004,hamiltonian_generator/polyatomic_library/H2O/s-1.00/hgbs-5/H2O_s-1.00_hgbs-5_as-004-004.tensors.npz,H2O,s-1.00,hgbs-5,4,4,8,1e-12,3.0613289681014066e-12,3.853439789480717e-11,True,True,0.07944405869421788,-1.0999385764024592,-10.414151422535133,success,reconstructed_from_full_molecular_pickle,,70.0,1534.0,0.6351966873706004,0.050057991103326996,38.99071248292719,0.050057991103326996,0.1650711550485056,0.8743496857462681,0.17792401403362001,0.07179769753881782,4.158745735970209e-11,8.307855837414552e-10,1.1571200918974963e-08,2.5129194138586235,0.3679037228398369,1.619617620766094e-09,3.235482657350286e-08,8.794373246282206e-08,3.290694409845208,0.6080512793045572,1.2305891531258738e-08,2.4583270842526586e-07,4.042960138270421e-07,3.1784498690920033,38.9907124829272,0.050057991103326954,0.1469498930509612,0.4669801869433705,0.19604527603116442,0.07198545003002745,0.00036306665099424234,0.007252920922152472,0.10075537374743154,2.5194907510509608,0.3686534809100412,0.0010256161918279537,0.02048856075168764,0.055576745677568304,3.297400579250924,0.6092598125426106,0.0016580987150894978,0.03312355686961032,0.05436688287608615,3.184767201927283,-0.018121261997544408,-0.0012085332380534775,-0.0016580864091979665,,,,,,,,
H2O_s-1.00_hgbs-5_as-004-006,hamiltonian_generator/polyatomic_library/H2O/s-1.00/hgbs-5/H2O_s-1.00_hgbs-5_as-004-006.tensors.npz,H2O,s-1.00,hgbs-5,4,6,10,1e-12,4.069189429856124e-12,5.730838026352103e-11,True,True,0.071005137663022,-1.1487102262390139,-10.241781866059014,success,active_tensor,,153.0,7484.0,0.6436188510491916,0.07229536761366154,46.12438048815139,0.07229536761366154,0.14391879847897662,0.9041329088710832,0.1938004997666374,0.14553697400711063,2.9098227618246075e-11,4.024909005753147e-10,2.7655577101366e-09,5.585161497540206,0.5859327009277824,5.916878736066666e-10,8.184312399773402e-09,1.3968007566080765e-08,5.735038254535567,0.6496530924115267,5.773329475806033e-09,7.98575298303768e-08,1.2292334287818731e-07,3.26737290595209,46.12438048815137,0.07229536761366154,0.10531662811607478,0.34419622614279033,0.23240267012953925,0.1457583724604058,0.00039732639962043265,0.005495876329776772,0.03770539034572225,5.593657937193394,0.5869458812323591,0.0016053923500036404,0.02220601959703255,0.037833163681817654,5.74495514054703,0.6517534120727562,0.0029589623179031342,0.04092879551723842,0.06279797659527937,3.277936278365921,-0.03860217036290184,-0.0021003196612294772,-0.0029589565445736583,,,,,,,,
H2O_s-1.00_hgbs-5_as-004-008,hamiltonian_generator/polyatomic_library/H2O/s-1.00/hgbs-5/H2O_s-1.00_hgbs-5_as-004-008.tensors.npz,H2O,s-1.00,hgbs-5,4,8,12,1e-12,4.44114744979629e-10,5.796633173460464e-10,True,True,0.7661598236248269,-0.11568062556557109,-9.236824182082676,success,active_tensor,,314.0,31231.0,0.6355385523290125,0.09807112403278095,68.3755927073024,0.09807112403278095,0.15688145603102602,0.8912754395251329,0.1785818027549165,0.14863846692161628,6.1623511278927715e-12,6.283553073005427e-11,4.227407079164121e-10,5.862153212676682,0.48385122256244817,8.876530340937289e-10,9.0511151253556e-09,1.8706401272319658e-08,4.864347980348049,0.6503920703939582,1.318901964213188e-08,1.3448423042162094e-07,2.067740929562081e-07,3.3572391524400733,68.37559270730239,0.09807112403278095,0.10005744720640398,0.27294161916095605,0.23540581157953855,0.1489921453309393,0.0008151167498337722,0.008311485749478244,0.05578472429547803,5.876101937165078,0.4856807851664309,0.003810511012041493,0.03885456651611134,0.08000021352048514,4.882741297844431,0.6550589137430383,0.007749852856459352,0.0790227799761825,0.120634615174752,3.3813287899418745,-0.05682400882462203,-0.004666843349080074,-0.00774983966743971,,,,,,,,
H2O_s-1.00_hgbs-5_as-006-008,hamiltonian_generator/polyatomic_library/H2O/s-1.00/hgbs-5/H2O_s-1.00_hgbs-5_as-006-008.tensors.npz,H2O,s-1.00,hgbs-5,6,8,14,1e-12,1.7881518488138681e-09,9.111570387076995e-10,True,True,1.962506761018953,0.2928111616048904,-9.040406765544448,success,active_tensor,,503.0,74461.0,0.5897760845286845,0.09930218380426264,187.87084024745553,0.09930218380426264,0.1461360297020882,0.9090813838899939,0.1885253248795851,0.12445899001266472,5.830726423176736e-12,5.87170009742167e-11,4.717779002404067e-10,5.243016638661648,0.5770773156305203,1.510004806671367e-09,1.5206159107716907e-08,2.635029777786796e-08,5.724659568657192,0.7211050438354905,1.4116582108486637e-08,1.4215782138600528e-07,1.971388532104575e-07,3.742412755348468,187.87084024745516,0.09930218380426295,0.08289406593607855,0.22820280151348044,0.2517672886455947,0.12469142879926959,0.0009431511478007109,0.009497788584990034,0.07617034046726451,5.252808461859922,0.5792197484216465,0.005301432052509926,0.053386862699411654,0.09217030815142092,5.745912697216793,0.7267723899196241,0.014070030118636055,0.1416890301865853,0.19495653956014358,3.7718253193785634,-0.06324196376600964,-0.005667346084133662,-0.014070016002053947,,,,,,,,
H2O_s-1.00_hgbs-5_as-006-010,hamiltonian_generator/polyatomic_library/H2O/s-1.00/hgbs-5/H2O_s-1.00_hgbs-5_as-006-010.tensors.npz,H2O,s-1.00,hgbs-5,6,10,16,1e-12,3.0074444312688797e-07,2.104907914635134e-09,True,True,142.87771975004387,2.1549645104983095,-8.676766898897482,success,active_tensor,,840.0,199606.0,0.5664509904080822,0.1253735911096269,243.00187238639455,0.1253735911096269,0.16579745807124488,0.9100400777220992,0.1683304720042418,0.1574700677804493,4.7205378406270626e-12,3.76517717874047e-11,2.3910430927038286e-10,7.383806052491647,0.5414392303458225,2.318186849439235e-09,1.849023250368738e-08,3.415015290243651e-08,5.55000017422291,0.7013969735120896,3.029382554574978e-08,2.416284424625023e-07,3.4449598670579025e-07,3.6894800048692367,243.00187238639438,0.12537359110962698,0.08195944616673394,0.19064099800491704,0.25216848390875274,0.1589200256002381,0.003323140228716622,0.02650590287240684,0.16678768312737502,7.451794893015556,0.5537089604493978,0.023125061757659642,0.1844492253351747,0.333115839746341,5.675770529224738,0.7217328764743753,0.037030195497011545,0.29535881655198226,0.4092356413009665,3.7964506793855857,-0.08383801190451094,-0.020335902962285712,-0.037030165203186,,,,,,,,
H2O_s-1.00_hgbs-5_as-008-010,hamiltonian_generator/polyatomic_library/H2O/s-1.00/hgbs-5/H2O_s-1.00_hgbs-5_as-008-010.tensors.npz,H2O,s-1.00,hgbs-5,8,10,18,1e-12,1.538420068669666e-06,1.2894464385126982e-08,True,True,119.3085670502254,2.0766716296640944,-7.889596693030884,success,active_tensor,,1367.0,505930.0,0.541877619392906,0.18046032894420108,623.7956068422392,0.18046032894420108,0.2125890950186948,0.9314704723901789,0.12123228126241795,0.13093999606790385,2.279354439513396e-12,1.2630778481059845e-11,9.646234046402204e-11,6.423242140952827,0.5488865704042644,1.282766483111171e-09,7.108301811351604e-09,1.2950402131566487e-08,5.575945338928231,0.6765098029844068,1.975346415638401e-08,1.0946153247061766e-07,1.6180332049547653e-07,3.551959888678957,623.7956068422402,0.18046032894420108,0.07882509679383194,0.14073105481476364,0.2549962794872808,0.13425815062459,0.008246431182878832,0.04569664275314855,0.3403640117233896,6.586013721972644,0.5752662275579125,0.04786797654886876,0.2652548448122894,0.46109928256754135,5.8439269844621595,0.7398906022459597,0.08732359418363568,0.4838935775775761,0.65400692495445,3.8847356381157145,-0.13376399822486285,-0.06338079926155293,-0.08732357443017152,0.0009306490758632,3.031214049573422,0.0093769495204563,10.075709269639523,1.0032756276219381,0.0110624800086481,11.886843597182295,analysis/fermionic_structure_ablation_extension_hgbs5.csv
H2O_s-1.00_hgbs-5_as-008-012,hamiltonian_generator/polyatomic_library/H2O/s-1.00/hgbs-5/H2O_s-1.00_hgbs-5_as-008-012.tensors.npz,H2O,s-1.00,hgbs-5,8,12,20,1e-12,2.802665896251e-06,1.812756889041367e-08,True,True,154.6079296784867,2.1892317646618253,-7.741660435743076,success,active_tensor,,1968.0,985517.0,0.5091721742077614,0.20442285334943675,736.8591209211585,0.20442285334943675,0.2313564621898879,0.9335897223722256,0.10231579674927496,0.1462906885366714,2.805811197267894e-12,1.372552604219691e-11,9.382364783084786e-11,7.232432281021878,0.5455715188812681,1.4951899495659019e-09,7.314201543846231e-09,1.3406494457123612e-08,5.561185108631798,0.6593125829537951,2.7722842065451707e-08,1.3561518006043472e-07,2.0569178196609466e-07,3.465894150783402,736.8591209211579,0.2044228533494375,0.07744890865757965,0.13271681038322092,0.2562233502815832,0.15075689548809104,0.011326361310533562,0.05540653173044426,0.36752237137186916,7.453236076890775,0.5833583269131795,0.06304348590639502,0.30839744614379977,0.5286586852641227,5.946358137019899,0.7358250733226681,0.0998558950032682,0.48847716078287967,0.6638495730746546,3.868107303827278,-0.15390755353230823,-0.07651249036887298,-0.09985586728042614,,,,,,,,
Li-H_1.81_hgbs-5_as-002-002,hamiltonian_generator/library/Li-H/1.81/hgbs-5/Li-H_1.81_hgbs-5_as-002-002.tensors.npz,Li-H,1.81,hgbs-5,2,2,4,1e-12,8.629119641057059e-11,2.5743840392777884e-10,True,True,0.3351916229047882,-0.47470684377590916,-9.589326665785082,success,reconstructed_from_full_molecular_pickle,,18.0,121.0,0.7908496732026143,0.15243963419522358,2.4584557314143036,0.15243963419522358,0.30642262943300247,0.7025817023828189,0.06612639017484068,0.18664789936672185,8.33817405423086e-05,0.000546982029854026,0.002930555509651503,1.6798310943004968,0.18664789936672185,8.33817405423086e-05,0.000546982029854026,0.002930555509651503,1.6798310943004968,0.38537960851823955,0.00021451816266553092,0.0014072335177005592,0.003651551578225127,1.7867600031300197,2.4584557314143036,0.15243963419522358,0.29030657613647,0.5164976723093332,0.08224244347137316,0.18536476600367355,0.0017823939937253288,0.011692457825257475,0.06307810312249823,1.668282894033062,0.18536476600367355,0.0017823939937253288,0.011692457825257475,0.06307810312249823,1.668282894033062,0.38873763842003395,0.012028225449338816,0.07890484330298728,0.20297711233644422,1.8023290508565208,-0.016116053296532484,-0.0033580299017944015,-0.011813707286673285,,,,,,,,
Li-H_1.81_hgbs-5_as-002-004,hamiltonian_generator/library/Li-H/1.81/hgbs-5/Li-H_1.81_hgbs-5_as-002-004.tensors.npz,Li-H,1.81,hgbs-5,2,4,6,1e-12,9.358580577156772e-11,2.6710145206720876e-10,True,True,0.35037550356715924,-0.45546626505390114,-9.57332375097877,success,reconstructed_from_full_molecular_pickle,,41.0,595.0,0.725609756097561,0.12333816689875705,3.8157069316887995,0.12333816689875705,0.259370587768573,0.7986957800316405,0.09062941223142695,0.12118713614963035,1.4924913524332837e-07,1.210080699235951e-06,9.985223990621071e-06,2.484336291067422,0.2785780742312698,1.116488757078194e-06,9.052256776239193e-06,3.2494505539313175e-05,1.9524275288003525,0.35372079332710765,5.220437991336384e-06,4.232621679566241e-05,0.00011965996230399925,1.5265844764643592,3.8157069316888,0.12333816689875708,0.22140855443951865,0.4487485944554617,0.12859144556048133,0.12179728909596155,0.0011980324823042405,0.009713396205147537,0.0797505123245769,2.4968444264672116,0.2809921968804807,0.004200979561334886,0.03406066156944984,0.12121568480400703,1.9693470208717454,0.35748289622114326,0.006593647114148871,0.05345990847716513,0.1495453601900276,1.542820920533355,-0.03796203332905437,-0.0037621028940356127,-0.006588426676157535,,,,,,,,
Li-H_1.81_hgbs-5_as-004-004,hamiltonian_generator/library/Li-H/1.81/hgbs-5/Li-H_1.81_hgbs-5_as-004-004.tensors.npz,Li-H,1.81,hgbs-5,4,4,8,1e-12,4.884963544782295e-10,3.946794002729347e-10,True,True,1.2377042078720528,0.09261686743222823,-9.403755540392577,success,reconstructed_from_full_molecular_pickle,,114.0,4676.0,0.7259742276044092,0.1258472144903684,53.35068741070495,0.1258472144903684,0.19487640740617077,0.9034235154301007,0.14435663094191184,0.3095133731802424,8.799372205128329e-11,6.992107247476487e-10,2.259064665165435e-09,8.860336162906407,0.36727832870915283,3.495317081045284e-09,2.7774290398082626e-08,7.562191457279542e-08,3.5680840350160685,0.5893453259945801,5.7298284619700804e-08,4.553003803201864e-07,7.725527975500964e-07,2.9426149183961945,53.350687410704985,0.12584721449036831,0.12622903997936238,0.32982473939905094,0.21300399836872022,0.310017986475101,0.0008682317675266536,0.006899094040679807,0.022253850878532513,8.874781559493892,0.3682323094840205,0.0017933533362996163,0.014250242594259962,0.038699055534338854,3.577351893494082,0.5921811232146316,0.004122230911837543,0.03275583753308292,0.055313883285014506,2.9567741198646837,-0.06864736742680838,-0.0028357972200514503,-0.0041221736135529236,,,,,,,,
Li-H_1.81_hgbs-5_as-004-006,hamiltonian_generator/library/Li-H/1.81/hgbs-5/Li-H_1.81_hgbs-5_as-004-006.tensors.npz,Li-H,1.81,hgbs-5,4,6,10,1e-12,4.990103885660344e-10,4.03675204374565e-10,True,True,1.2361680458902031,0.09207751318161207,-9.393967926175577,success,active_tensor,,165.0,8700.0,0.6430155210643016,0.11777853804598316,60.29510707476283,0.11777853804598316,0.18704213681994364,0.9143811035944921,0.1503562371637962,0.274200404117687,7.261404280609985e-11,6.165303459425676e-10,2.2484662191743248e-09,11.34535617037402,0.35432430178913216,2.9550868869662555e-09,2.509019840110877e-08,7.081139587213698e-08,3.3291720855603875,0.6124358746981864,3.089062284854839e-08,2.62277180215024e-07,4.282524767907766e-07,3.1245314421819237,60.29510707476289,0.11777853804598307,0.12065911281635013,0.32738953469233334,0.21673926116738973,0.27387029864865353,0.0005876697937491951,0.004989616983696616,0.018218905110618674,11.331697678031444,0.35475314487952725,0.0016979174815960868,0.014416187446079405,0.040637236495747166,3.3332014237638914,0.6144397053802819,0.0037085211244514194,0.0314872402559755,0.0512454517184689,3.1347546055034745,-0.06638302400359351,-0.002003830682095531,-0.0037084902338285707,,,,,,,,
Li-H_1.81_hgbs-5_as-004-008,hamiltonian_generator/library/Li-H/1.81/hgbs-5/Li-H_1.81_hgbs-5_as-004-008.tensors.npz,Li-H,1.81,hgbs-5,4,8,12,1e-12,6.200369107034476e-10,9.201023276617091e-10,True,True,0.6738782112193661,-0.17141858562292075,-9.036163870624494,success,active_tensor,,354.0,39879.0,0.6382580304412542,0.14326495848287055,78.72844223933996,0.14326495848287055,0.1899255769932567,0.9071149894085169,0.14529633046661108,0.2435987642095697,3.877407480352634e-12,2.7064590821182808e-11,1.1110315320770244e-10,10.825244940667229,0.4673052856088619,2.015459101666088e-09,1.4068053507355505e-08,3.010463168424457e-08,4.708547258527222,0.6535882657332684,3.0619235664166246e-08,2.1372452823365896e-07,3.270017829862335e-07,3.381093594244109,78.72844223933996,0.14326495848287055,0.10022422642664541,0.24560204986063616,0.23499768103322238,0.24357896315933916,0.001638645006920001,0.011437863272866725,0.04695751687465946,10.824365005091515,0.4677422754474126,0.004804796459181734,0.033537834443697685,0.07170152497252363,4.7129503486905,0.6604723625278598,0.011917641815649088,0.08318602079568549,0.125949283445114,3.416705885337242,-0.0897013505666113,-0.006884096794591343,-0.011917611196413424,,,,,,,,
Li-H_1.81_hgbs-5_as-004-010,hamiltonian_generator/library/Li-H/1.81/hgbs-5/Li-H_1.81_hgbs-5_as-004-010.tensors.npz,Li-H,1.81,hgbs-5,4,10,14,1e-12,1.3072471993780255e-09,1.3327076109348464e-09,True,True,0.980895725853204,-0.008377157852998968,-8.875265122068695,success,active_tensor,,757.0,181467.0,0.6341762596716362,0.14845834422522428,105.22464297566704,0.14845834422522428,0.1785842417554962,0.9125219235547167,0.1556309257930047,0.20915049665074914,1.4998023351235082e-14,1.0102512882995496e-13,4.830260049472998e-13,9.941458141964329,0.5377697384823782,4.947298189775566e-12,3.332448718591448e-11,6.196794799193867e-11,5.490835310893081,0.7147626872918905,1.7135612316734345e-10,1.1542370626697902e-09,1.6148535495648078e-09,3.7454947060364305,105.22464297566722,0.148458344225224,0.07539684862372122,0.18499266438616768,0.2588183189247797,0.20888876182784982,0.0019627374464993206,0.01322079575077087,0.0632910819858583,9.929017216277726,0.5406522738208662,0.008729890035225216,0.058803633307274575,0.10876423933575823,5.520267102399486,0.7296652289759129,0.0229209293117007,0.15439300115679377,0.2115942969812126,3.823586906393832,-0.10318739313177498,-0.014902541684022386,-0.022920929140344576,,,,,,,,
Li-H_1.81_hgbs-5_as-004-012,hamiltonian_generator/library/Li-H/1.81/hgbs-5/Li-H_1.81_hgbs-5_as-004-012.tensors.npz,Li-H,1.81,hgbs-5,4,12,16,1e-12,1.706635166520698e-09,1.783667880062012e-09,True,True,0.956812187738316,-0.019173301338747357,-8.748686008303029,success,active_tensor,,1232.0,449064.0,0.5922014622258327,0.1558439802929116,139.00933543708507,0.1558439802929116,0.17994572655723992,0.909503534934022,0.15392917189929947,0.18919364074228526,8.73238775677875e-15,5.603288455778701e-14,2.961668496781749e-13,9.008777456848474,0.5463253854142147,2.846065608829424e-12,1.8262274894931404e-11,3.3427469018459124e-11,5.5659114409057695,0.7214548005735537,6.845938997040982e-11,4.392815804738761e-10,6.088830237523529e-10,3.7724716204590014,139.0093354370849,0.155843980292912,0.070099124837316,0.17083252666317583,0.2637757736192234,0.18904003462113875,0.0024005384409231073,0.015403472347223458,0.08148259376958988,9.001463239753283,0.5510230152756147,0.012215578577512529,0.07838338416763417,0.14225065377428525,5.613770450369302,0.7401015331336168,0.0366888147130873,0.23542015959891366,0.31809170642051793,3.8699749835819626,-0.10984660171992393,-0.018646732560063106,-0.03668881464462791,,,,,,,,
Li-H_1.81_hgbs-5_as-004-014,hamiltonian_generator/library/Li-H/1.81/hgbs-5/Li-H_1.81_hgbs-5_as-004-014.tensors.npz,Li-H,1.81,hgbs-5,4,14,18,1e-12,4.197696967800368e-09,6.94664092915076e-09,True,True,0.6042772342219715,-0.21876376722434845,-8.158225149163458,success,active_tensor,,1963.0,1073834.0,0.5576321997732776,0.18721476826126068,195.51456905375804,0.18721476826126068,0.20654405454096353,0.9075933509923771,0.1271290681229848,0.1882850241827797,1.3255134339021024e-14,7.080175598392594e-14,3.7603498361714833e-13,9.285045734285568,0.5484579587198378,7.658899055243954e-12,4.0909694926181564e-11,7.459039343994454e-11,5.576766813353967,0.7192006238660618,2.030626709581935e-10,1.0846509217414775e-09,1.5081340112178135e-09,3.7716139054180373,195.5145690537582,0.18721476826126054,0.07541007572519944,0.16331425353982817,0.2582630469387489,0.18877415660597874,0.003994024667053463,0.021333918814993014,0.11301292082857775,9.30916670162876,0.5583064147618076,0.022771806241825506,0.12163466831872562,0.2178636410090668,5.67690674558474,0.7616229863764338,0.0777335783566097,0.4152107180355105,0.5451656862550256,3.9940841967878087,-0.1311339788157641,-0.042422362510372014,-0.07773357815354702,,,,,,,,
Li-H_1.81_hgbs-5_as-004-016,hamiltonian_generator/library/Li-H/1.81/hgbs-5/Li-H_1.81_hgbs-5_as-004-016.tensors.npz,Li-H,1.81,hgbs-5,4,16,20,1e-12,1.9565392528342332e-08,1.1573399016917564e-08,True,True,1.6905485155866802,0.2280276387215707,-7.936539073416484,success,active_tensor,,3022.0,2401835.0,0.5261722979952159,0.2547109487133534,306.9402704022965,0.2547109487133534,0.26653719374865653,0.9106078364501109,0.06701681706453999,0.21836139949221783,1.9599379299541897e-14,7.694753365941346e-14,3.5238615358918224e-13,10.69646781131834,0.5109301887370888,1.1277806080289259e-11,4.427687987995002e-11,8.665935357899498e-11,5.209237265060977,0.6544573056601742,4.945476241605356e-10,1.941603321956488e-09,2.9667379448043965e-09,3.4353578630920443,306.9402704022977,0.25471094871335365,0.08498187498785503,0.14653776496572873,0.2485721358253415,0.22074713246797775,0.011625128009048405,0.045640472338435205,0.20675454230444396,10.81333331978714,0.5339046764316725,0.048110082897801186,0.18888109498560765,0.3537730672223847,5.443475836361945,0.748483161332149,0.13000108177530947,0.5103867047411847,0.6818947053301765,3.928915593784411,-0.1815553187608015,-0.09402585567197475,-0.13000108128076185,,,,,,,,
Li-Li_2.66_hgbs-5_as-006-002,hamiltonian_generator/hgbs5_diatomic_basis_transfer/lower/Li-Li/2.66/hgbs-5/Li-Li_2.66_hgbs-5_as-006-002.tensors.npz,Li-Li,2.66,hgbs-5,6,2,8,1e-12,2.1449464426837034e-10,1.3742829096941023e-10,True,True,1.5607750249627574,0.1933403069966355,-9.861923854269513,success,active_tensor,,110.0,4426.0,0.7382819015846539,0.25864290050974376,161.00875605150924,0.25864290050974376,0.3269065820146634,0.9046152448991002,0.012542959269740306,0.031502401872467764,3.6911436566214817e-11,1.4271196500452277e-10,4.530193144709043e-09,0.8703082913614941,0.23624997961373698,1.4590236801607446e-09,5.641073763421468e-09,2.3877562963791522e-08,2.2164610763448405,0.4402812496725367,2.1991035372342402e-08,8.502470135078748e-08,1.9311451808139774e-07,2.307243087226274,161.00875605150915,0.2586429005097439,0.15359877129190264,0.18898621990129505,0.18585076999250105,0.04454733497708099,0.016185144941599783,0.06257718618876235,1.4047346765178539,1.230697111463597,0.2731039255169022,0.04775555845690927,0.18463896887481032,0.6760758510715114,2.562219144716477,0.5298773983684222,0.10961417437209608,0.4238050770234328,0.7998172375881607,2.7767613664499047,-0.17330781072276075,-0.0895961486958855,-0.10961415238106072,,,,,,,,
Li-Li_2.66_hgbs-5_as-006-004,hamiltonian_generator/hgbs5_diatomic_basis_transfer/lower/Li-Li/2.66/hgbs-5/Li-Li_2.66_hgbs-5_as-006-004.tensors.npz,Li-Li,2.66,hgbs-5,6,4,10,1e-12,2.9565405679221607e-10,2.1352131174268152e-10,True,True,1.3846583012215392,0.1413426136871944,-9.670558771176063,success,active_tensor,,153.0,7484.0,0.6436188510491916,0.2467137931458206,173.92690123641643,0.2467137931458206,0.31635760488960624,0.9171194818258765,0.021361693356007794,0.02793414315931314,3.4169898062647095e-11,1.3850015285708376e-10,4.9580956203737475e-09,1.0720073156979975,0.30649618651477406,5.493410442492041e-10,2.2266328819504437e-09,7.264797997227653e-09,2.999947522553698,0.46919388141188223,1.599851580115404e-08,6.484645871298363e-08,1.3820823604487316e-07,2.359769227100937,173.92690123641637,0.24671379314582084,0.14370442676616674,0.17755598803687023,0.1940148714794473,0.03886608952739536,0.01269339444994884,0.051449877560945184,1.3237729389955721,1.4915342872097468,0.34796358457486476,0.05229178135928845,0.21195321385367882,0.6091246993924355,3.4058253884145855,0.5957537109580675,0.14761870839227498,0.5983399084015726,1.0043410513370468,2.9962907227596927,-0.1726531781234395,-0.12655982954618528,-0.1476186923937592,,,,,,,,
Li-Li_2.66_hgbs-5_as-006-006,hamiltonian_generator/hgbs5_diatomic_basis_transfer/lower/Li-Li/2.66/hgbs-5/Li-Li_2.66_hgbs-5_as-006-006.tensors.npz,Li-Li,2.66,hgbs-5,6,6,12,1e-12,3.7284275666849e-10,2.8558178044590927e-10,True,True,1.3055551236018308,0.11579521347852796,-9.544269503143079,success,active_tensor,,202.0,11431.0,0.5630757105561303,0.23502861441147208,188.19057287354948,0.23502861441147208,0.3072411119663402,0.9236229445626016,0.02940897095239947,0.036871838197990635,6.870558688310846e-11,2.923286045622658e-10,7.92823517483857e-09,1.247558645429013,0.3504368471295293,8.966255148438227e-10,3.814963199647137e-09,1.0886307278746406e-08,3.2997302567609346,0.4957066874888649,1.4531967333447953e-08,6.183063015470268e-08,1.2473228970930835e-07,2.5089357922491766,188.19057287354943,0.2350286144114721,0.13938708526615165,0.17362064200025581,0.197262997652588,0.04623886224630298,0.012002488930684221,0.05106820274092703,1.1044433245113028,1.5644919041036611,0.4301215253004938,0.08909765750509603,0.37909280845739873,0.8813620945674713,4.050045030206551,0.5943465290393161,0.13930012493789964,0.5926943205903535,0.9972201260237304,3.008184713544541,-0.16785402670018854,-0.09863984155045113,-0.13930011040593232,,,,,,,,
Li-Li_2.66_hgbs-5_as-006-008,hamiltonian_generator/hgbs5_diatomic_basis_transfer/screen/Li-Li/2.66/hgbs-5/Li-Li_2.66_hgbs-5_as-006-008.tensors.npz,Li-Li,2.66,hgbs-5,6,8,14,1e-12,3.7511760364594693e-10,2.909380514282134e-10,True,True,1.289338406593763,0.11036691954704758,-9.536199474199561,success,active_tensor,,409.0,50101.0,0.6004722182271441,0.2332734635042261,202.77509345527827,0.2332734635042261,0.2788452588042547,0.9491273351812122,0.05612206145718318,0.10210289734491892,1.8480216966621548e-12,7.922125684170137e-12,7.758962664309129e-11,4.196579971857466,0.42107946329568346,2.4250310166162676e-10,1.0395657440788735e-09,2.4688113163782744e-09,4.203539853976866,0.5670481177791532,1.616394797298102e-09,6.929184198736855e-09,1.2219746405075884e-08,2.9741153353672005,202.77509345527838,0.23327346350422606,0.09043099185758187,0.11791008124434083,0.24453632840385603,0.12249293623601713,0.024870584145660835,0.10661557372217038,0.8703814031916539,5.034640703344003,0.5351238116005402,0.12820367189032275,0.5495853234416446,1.0270246091233548,5.342018466702881,0.700538263970848,0.14726445362765986,0.6312953535968396,0.9011575613564347,3.6742589007211257,-0.18841426694667285,-0.13349014619169475,-0.14726445201126506,,,,,,,,
Li-Li_2.66_hgbs-5_as-006-010,hamiltonian_generator/hgbs5_diatomic_basis_transfer/night/Li-Li/2.66/hgbs-5/Li-Li_2.66_hgbs-5_as-006-010.tensors.npz,Li-Li,2.66,hgbs-5,6,10,16,1e-12,3.773157342124023e-10,2.9274105362020464e-10,True,True,1.2889061153066794,0.11022128423533077,-9.533516368408451,success,active_tensor,,656.0,122856.0,0.5718488177248184,0.22465418595716177,219.42975410643507,0.22465418595716177,0.2629016972350476,0.9578993190659819,0.07144944780312035,0.23377352277695213,8.948182164465459e-13,3.983091668797903e-12,1.7038249761921278e-11,11.004361006441805,0.4899451680650905,2.843214340823886e-10,1.2655959775287894e-09,2.5831379918020777e-09,4.991692507568835,0.6086829093593179,2.527938358150432e-09,1.1252576253497776e-08,1.8486762287020534e-08,3.182899750438259,219.42975410643493,0.22465418595716147,0.0741327156652533,0.0964271080524148,0.2602184293729146,0.2641373703190267,0.03545402231895723,0.1578159880168796,0.5974769409806289,12.433670604588013,0.5973371017003114,0.12396727657076043,0.5518137845621952,0.923789570397461,6.085830271223735,0.7414668749445416,0.1414184795807408,0.6294940776563469,0.8489847610568311,3.877248227165275,-0.18876898156979427,-0.13278396558522365,-0.14141847705280244,,,,,,,,
Li-Li_2.66_hgbs-5_as-006-012,hamiltonian_generator/hgbs5_diatomic_basis_transfer/night/Li-Li/2.66/hgbs-5/Li-Li_2.66_hgbs-5_as-006-012.tensors.npz,Li-Li,2.66,hgbs-5,6,12,18,1e-12,3.8791436729468377e-10,3.1045033210830287e-10,True,True,1.2495215085141445,0.09674373621165729,-9.508007871225548,success,active_tensor,,1027.0,284734.0,0.5404450214576797,0.23089400090126877,244.91827373713022,0.23089400090126877,0.26066235091909457,0.9593575132750909,0.07332075499383589,0.26400510561527735,1.0725875680740115e-12,4.6453678479617765e-12,1.7595750041028603e-11,12.384592102084808,0.5152394446747806,2.053819739581992e-10,8.895076232232704e-10,1.7263965956347306e-09,5.217668409379018,0.6360371448352113,2.5287634108723765e-09,1.0952053327508002e-08,1.7219203967003424e-08,3.3367867143995613,244.9182737371303,0.23089400090126855,0.06550332228313759,0.09279817465846747,0.26847978362979286,0.32053406087610953,0.0633265139927514,0.2742666060857516,0.8556551067805523,15.036389502861649,0.622237714824464,0.12549956261547107,0.5435375632350679,0.8735207627014416,6.301206363990768,0.7570587135160362,0.13811524524857838,0.5981759799278508,0.7901315568375399,3.971691712966265,-0.19515902863595697,-0.12102156868082481,-0.13811524271981496,0.0005503700222915,3.2593452294017977,0.0005656935890567,1.027842299079807,0.01192648635844237,0.0412504132206285,74.95032714332773,analysis/fermionic_structure_ablation_hgbs5.csv
Li-Li_2.66_hgbs-5_as-006-014,hamiltonian_generator/hgbs5_diatomic_basis_transfer/night/Li-Li/2.66/hgbs-5/Li-Li_2.66_hgbs-5_as-006-014.tensors.npz,Li-Li,2.66,hgbs-5,6,14,20,1e-12,1.8661695522226296e-09,1.6722064843932571e-09,True,True,1.1159922949944485,0.047661196167020935,-8.776710096815773,success,active_tensor,,1580.0,641837.0,0.514535718007712,0.2388378601398892,310.2362178145726,0.2388378601398892,0.26484178505005107,0.9478274838739512,0.06891375643189951,0.23680758878123312,6.960208318096625e-13,2.914198073127927e-12,1.2306185321704842e-11,11.748176675214683,0.5005963799688834,1.677271344650536e-10,7.022635957582876e-10,1.4028539235580163e-09,5.132738207603032,0.6129676444359579,2.8299171345940076e-09,1.1848695734154138e-08,1.933005084641474e-08,3.225177975889295,310.2362178145727,0.23883786013988956,0.06948437525103993,0.10418178411250546,0.2642711662309106,0.30564462333738224,0.07604607548597514,0.31840042211663694,1.0417340852915131,15.16322620097375,0.5964240841319184,0.10795442443192908,0.4519987926901504,0.7578479888987453,6.115283304183761,0.7234314554610514,0.12413054552786823,0.519727255365476,0.7184194873503914,3.8063920965444855,-0.19535740979901114,-0.1104638110250935,-0.1241305426979511,,,,,,,,
N-N_1.42_hgbs-5_as-002-002,hamiltonian_generator/comparable_diatomic_library/N-N/1.42/hgbs-5/N-N_1.42_hgbs-5_as-002-002.tensors.npz,N-N,1.42,hgbs-5,2,2,4,1e-12,6.057374257739667e-08,6.057374302148588e-08,True,True,0.9999999926686186,-3.183978494451315e-09,-7.217715589233321,unavailable,unavailable,missing active tensor (hamiltonian_generator/comparable_diatomic_library/N-N/1.42/hgbs-5/N-N_1.42_hgbs-5_as-002-002.tensors.npz) and full molecular pickle (hamiltonian_generator/comparable_diatomic_library/N-N/1.42/hgbs-5/N-N_1.42_hgbs-5.pickle),,,,,,,,,,,,,,,,,,,,,,,,,,,,,,,,,,,,,,,,,,,,,,,,,,,,,,,
N-N_1.42_hgbs-5_as-002-004,hamiltonian_generator/comparable_diatomic_library/N-N/1.42/hgbs-5/N-N_1.42_hgbs-5_as-002-004.tensors.npz,N-N,1.42,hgbs-5,2,4,6,1e-12,8.495338377212391e-08,6.061460344763958e-08,True,True,1.401533276473693,0.14660341363204304,-7.217422731730166,unavailable,unavailable,missing active tensor (hamiltonian_generator/comparable_diatomic_library/N-N/1.42/hgbs-5/N-N_1.42_hgbs-5_as-002-004.tensors.npz) and full molecular pickle (hamiltonian_generator/comparable_diatomic_library/N-N/1.42/hgbs-5/N-N_1.42_hgbs-5.pickle),,,,,,,,,,,,,,,,,,,,,,,,,,,,,,,,,,,,,,,,,,,,,,,,,,,,,,,
N-N_1.42_hgbs-5_as-004-004,hamiltonian_generator/comparable_diatomic_library/N-N/1.42/hgbs-5/N-N_1.42_hgbs-5_as-004-004.tensors.npz,N-N,1.42,hgbs-5,4,4,8,1e-12,2.5031914041573344e-07,2.519274884260625e-07,True,True,0.9936158296167785,-0.002781498225812658,-6.598724442980508,unavailable,unavailable,missing active tensor (hamiltonian_generator/comparable_diatomic_library/N-N/1.42/hgbs-5/N-N_1.42_hgbs-5_as-004-004.tensors.npz) and full molecular pickle (hamiltonian_generator/comparable_diatomic_library/N-N/1.42/hgbs-5/N-N_1.42_hgbs-5.pickle),,,,,,,,,,,,,,,,,,,,,,,,,,,,,,,,,,,,,,,,,,,,,,,,,,,,,,,
N-N_1.42_hgbs-5_as-004-006,hamiltonian_generator/comparable_diatomic_library/N-N/1.42/hgbs-5/N-N_1.42_hgbs-5_as-004-006.tensors.npz,N-N,1.42,hgbs-5,4,6,10,1e-12,2.5026165706432124e-07,2.519018177382648e-07,True,True,0.9934888890891301,-0.0028369855589598296,-6.598768698596172,unavailable,unavailable,missing active tensor (hamiltonian_generator/comparable_diatomic_library/N-N/1.42/hgbs-5/N-N_1.42_hgbs-5_as-004-006.tensors.npz) and full molecular pickle (hamiltonian_generator/comparable_diatomic_library/N-N/1.42/hgbs-5/N-N_1.42_hgbs-5.pickle),,,,,,,,,,,,,,,,,,,,,,,,,,,,,,,,,,,,,,,,,,,,,,,,,,,,,,,
N-N_1.42_hgbs-5_as-004-008,hamiltonian_generator/comparable_diatomic_library/N-N/1.42/hgbs-5/N-N_1.42_hgbs-5_as-004-008.tensors.npz,N-N,1.42,hgbs-5,4,8,12,1e-12,3.654850725398618e-07,2.512601595672237e-07,True,True,1.4546081367192543,0.16274601257845786,-6.599876368756413,unavailable,unavailable,missing active tensor (hamiltonian_generator/comparable_diatomic_library/N-N/1.42/hgbs-5/N-N_1.42_hgbs-5_as-004-008.tensors.npz) and full molecular pickle (hamiltonian_generator/comparable_diatomic_library/N-N/1.42/hgbs-5/N-N_1.42_hgbs-5.pickle),,,,,,,,,,,,,,,,,,,,,,,,,,,,,,,,,,,,,,,,,,,,,,,,,,,,,,,
N-N_1.42_hgbs-5_as-006-008,hamiltonian_generator/comparable_diatomic_library/N-N/1.42/hgbs-5/N-N_1.42_hgbs-5_as-006-008.tensors.npz,N-N,1.42,hgbs-5,6,8,14,1e-12,2.475234359700096e-07,2.512249202002437e-07,True,True,0.9852662537327754,-0.006446391937386255,-6.599937283053241,unavailable,unavailable,missing active tensor (hamiltonian_generator/comparable_diatomic_library/N-N/1.42/hgbs-5/N-N_1.42_hgbs-5_as-006-008.tensors.npz) and full molecular pickle (hamiltonian_generator/comparable_diatomic_library/N-N/1.42/hgbs-5/N-N_1.42_hgbs-5.pickle),,,,,,,,,,,,,,,,,,,,,,,,,,,,,,,,,,,,,,,,,,,,,,,,,,,,,,,
N-N_1.42_hgbs-5_as-006-010,hamiltonian_generator/comparable_diatomic_library/N-N/1.42/hgbs-5/N-N_1.42_hgbs-5_as-006-010.tensors.npz,N-N,1.42,hgbs-5,6,10,16,1e-12,2.455663626887983e-07,2.504607379272273e-07,True,True,0.9804585130630291,-0.008570778262375338,-6.601260344199766,unavailable,unavailable,missing active tensor (hamiltonian_generator/comparable_diatomic_library/N-N/1.42/hgbs-5/N-N_1.42_hgbs-5_as-006-010.tensors.npz) and full molecular pickle (hamiltonian_generator/comparable_diatomic_library/N-N/1.42/hgbs-5/N-N_1.42_hgbs-5.pickle),,,,,,,,,,,,,,,,,,,,,,,,,,,,,,,,,,,,,,,,,,,,,,,,,,,,,,,
N-N_1.42_hgbs-5_as-008-010,hamiltonian_generator/comparable_diatomic_library/N-N/1.42/hgbs-5/N-N_1.42_hgbs-5_as-008-010.tensors.npz,N-N,1.42,hgbs-5,8,10,18,1e-12,3.289585462917799e-07,3.406039638109704e-07,True,True,0.9658095067688246,-0.015108524016516302,-6.467750302200738,unavailable,unavailable,missing active tensor (hamiltonian_generator/comparable_diatomic_library/N-N/1.42/hgbs-5/N-N_1.42_hgbs-5_as-008-010.tensors.npz) and full molecular pickle (hamiltonian_generator/comparable_diatomic_library/N-N/1.42/hgbs-5/N-N_1.42_hgbs-5.pickle),,,,,,,,,,,,,,,,,,,,,,,,,,,,,,,,,,,,,,,,,,,,,,,,,,,,,,,
N-N_1.42_hgbs-5_as-008-012,hamiltonian_generator/comparable_diatomic_library/N-N/1.42/hgbs-5/N-N_1.42_hgbs-5_as-008-012.tensors.npz,N-N,1.42,hgbs-5,8,12,20,1e-12,3.367508039087142e-07,3.345358510209451e-07,True,True,1.0066209731513363,0.002865974768654738,-6.475557333602431,unavailable,unavailable,missing active tensor (hamiltonian_generator/comparable_diatomic_library/N-N/1.42/hgbs-5/N-N_1.42_hgbs-5_as-008-012.tensors.npz) and full molecular pickle (hamiltonian_generator/comparable_diatomic_library/N-N/1.42/hgbs-5/N-N_1.42_hgbs-5.pickle),,,,,,,,,,,,,,,,,,,,,,,,,,,,,,,,,,,,,,,,,,,,,,,,,,,,,,,
NH3_s-1.00_hgbs-5_as-002-002,hamiltonian_generator/polyatomic_library/NH3/s-1.00/hgbs-5/NH3_s-1.00_hgbs-5_as-002-002.tensors.npz,NH3,s-1.00,hgbs-5,2,2,4,1e-12,1.1546319456101628e-14,8.437694987151191e-15,False,False,,,-14.073776177910212,success,reconstructed_from_full_molecular_pickle,,14.0,68.0,0.7472527472527473,6.061291700093852e-05,2.0218156027837186,6.061291700093852e-05,0.20582702258654412,0.821872524120201,0.17878836202884052,0.3396195641866485,1.6971375310599455e-12,2.799960165312069e-08,8.244401855993384e-08,2.3773369493065397,0.3396195641866485,1.6971375310599455e-12,2.799960165312069e-08,8.244401855993384e-08,2.3773369493065397,0.6942478879801466,1.0494833575008537e-10,1.7314516598575905e-06,2.493996294169648e-06,2.5270623122477334,2.0218156027837186,6.061291700093852e-05,0.20581822088914775,0.6745022695931608,0.17879716372623689,0.3396195655309433,1.4492431206933973e-09,2.390980656269946e-05,7.040173473315686e-05,2.377336958716603,0.3396195655309433,1.4492431206933973e-09,2.390980656269946e-05,7.040173473315686e-05,2.377336958716603,0.6942497660954178,1.9755657395553462e-06,0.03259314742309394,0.04694729334430101,2.5270691485873207,-8.801697396365604e-06,-1.8781152711921933e-06,-1.975460791219596e-06,,,,,,,,
NH3_s-1.00_hgbs-5_as-002-004,hamiltonian_generator/polyatomic_library/NH3/s-1.00/hgbs-5/NH3_s-1.00_hgbs-5_as-002-004.tensors.npz,NH3,s-1.00,hgbs-5,2,4,6,1e-12,0.0,0.0,False,False,,,,success,reconstructed_from_full_molecular_pickle,,43.0,689.0,0.7630121816168328,0.0035837839227765805,2.9774693403494155,0.0035837839227765805,0.1309072340763339,0.727688481503531,0.2182991151300153,0.2317106658021925,1.1524213162649996e-12,3.2156551318310144e-10,1.3877890000006151e-09,4.981779314747139,0.4906700783295768,6.338317241286118e-12,1.7686103230173064e-09,3.6044796720401474e-09,3.602236428712259,0.5521196190426992,2.0502072181837402e-11,5.720789150131901e-09,1.0361503110595809e-08,2.492820079977787,2.9774693403494177,0.0035837839227765766,0.12922499980973823,0.25637147895939066,0.21998134939661096,0.2317446055635208,3.412038180563226e-05,0.009520769817840221,0.04108302669953884,4.982509019615698,0.49110899078660347,0.00044018711083016436,0.1228274696006573,0.2501022622369955,3.6054586884577473,0.5529989048358818,0.0008812630371236605,0.2459029495396843,0.44467167545777164,2.496790055334006,-0.0016822342665956669,-0.0008792857931825271,-0.0008812630166215883,,,,,,,,
NH3_s-1.00_hgbs-5_as-004-004,hamiltonian_generator/polyatomic_library/NH3/s-1.00/hgbs-5/NH3_s-1.00_hgbs-5_as-004-004.tensors.npz,NH3,s-1.00,hgbs-5,4,4,8,1e-12,3.0531133177191805e-14,9.67559365960824e-13,False,False,,,-12.01432237874499,success,reconstructed_from_full_molecular_pickle,,174.0,11831.0,0.7860607268620026,0.03453850650731342,25.319071645708362,0.03453850650731342,0.08103221690530682,0.9533446974257044,0.2561546809752327,0.17472497129618808,1.5558670264491605e-14,4.504731627928702e-13,2.578184214031106e-12,7.622566791243266,0.7198475863350646,6.594830248439513e-13,1.9094138442387714e-11,2.652525174058171e-11,7.123225523950728,0.8343809326856775,6.857282377632473e-12,1.985402112329456e-10,2.379491230628809e-10,4.2412250651307435,25.319071645708373,0.03453850650731341,0.05541358172450537,0.1950898573513009,0.2817733161560341,0.1748541605255816,0.00018530981214164016,0.005365310515160852,0.030684488713529322,7.628202811798634,0.7205143802981101,0.0009575673296095107,0.027724630461561765,0.03847894118378429,7.129823759281298,0.8364546251541611,0.0026647646843577506,0.07715344274638788,0.0922386468150239,4.251765809927483,-0.02561863518080145,-0.0020736924684836566,-0.002664764677500468,,,,,,,,
NH3_s-1.00_hgbs-5_as-004-006,hamiltonian_generator/polyatomic_library/NH3/s-1.00/hgbs-5/NH3_s-1.00_hgbs-5_as-004-006.tensors.npz,NH3,s-1.00,hgbs-5,4,6,10,1e-12,5.243583345304614e-13,5.53113110868253e-12,False,False,,,-11.257186046990515,success,active_tensor,,355.0,46722.0,0.7435664836476487,0.05826590927168118,30.374488635928973,0.05826590927168118,0.08957514977779081,0.9561009727505347,0.2456414227269173,0.3147415676820104,6.356049543263101e-14,1.0908693647302803e-12,3.4659208593394543e-12,14.026089649148313,0.6934421608293385,3.2862180372112374e-12,5.640035619951148e-11,8.133390120389874e-11,7.00634156226266,0.8798884756536014,2.5331617146625642e-11,4.3475880601999797e-10,4.941067169871149e-10,4.563958425597989,30.374488635929005,0.05826590927168115,0.04360884490522466,0.15043122314882176,0.29160772759948345,0.3151217164669063,0.0005469611481066089,0.009387327082741455,0.029789527640273886,14.043030534892237,0.6949885104243996,0.002422383533222698,0.04157462851781228,0.05982059831812822,7.021965436970115,0.8860867991674974,0.008033643696022694,0.13787897239470814,0.15560436350507553,4.596108966954739,-0.04596630487256615,-0.006198323513896042,-0.008033643670691077,,,,,,,,
NH3_s-1.00_hgbs-5_as-004-008,hamiltonian_generator/polyatomic_library/NH3/s-1.00/hgbs-5/NH3_s-1.00_hgbs-5_as-004-008.tensors.npz,NH3,s-1.00,hgbs-5,4,8,12,1e-12,7.697263937345156e-10,1.8383616851025408e-10,True,True,4.1870236960012654,0.621905418740161,-9.735569040071121,success,active_tensor,,814.0,235919.0,0.7129810118740008,0.11503870656712341,44.02513803447491,0.11503870656712341,0.13423285558798503,0.9540944957104144,0.19992048594543033,0.43084553359303285,1.528071669830856e-14,1.3283108924205855e-13,3.0830327550181326e-13,19.580127655010607,0.7384916479507057,9.04087140324418e-12,7.858982140040808e-11,1.0641937741407464e-10,7.515770303634145,0.8480069866600742,9.645373587805318e-11,8.384459349060381e-10,9.887252677107146e-10,4.429676846206308,44.02513803447499,0.11503870656712335,0.03895109430745732,0.10158366274106187,0.29520224722595806,0.4318106726829146,0.0025377121150328796,0.02205963706269735,0.05108636367331312,19.623989190320327,0.7450308619331771,0.020886445185882334,0.18156015317935975,0.24369480843820954,7.58232113111466,0.8795798114140054,0.061532867593144275,0.5348883817399387,0.6081180750159062,4.594601679352619,-0.0952817612805277,-0.031572824753931195,-0.06153286749669054,,,,,,,,
NH3_s-1.00_hgbs-5_as-006-008,hamiltonian_generator/polyatomic_library/NH3/s-1.00/hgbs-5/NH3_s-1.00_hgbs-5_as-006-008.tensors.npz,NH3,s-1.00,hgbs-5,6,8,14,1e-12,1.3024139544626223e-09,2.9263058642925444e-10,True,True,4.450710263595396,0.6484293231036042,-9.533680282369252,success,active_tensor,,1503.0,764763.0,0.6775290962681827,0.1336683800122685,131.56775083096505,0.1336683800122685,0.14696889763116297,0.962588235019656,0.18680828834309357,0.4247595397805448,4.257233960983055e-14,3.184922238596976e-13,7.498177063292069e-13,20.050543861070146,0.7820709136237483,1.2423712606334863e-11,9.294428948113665e-11,1.1884381308911821e-10,7.93125810825993,0.8562493612908433,1.2193781124214402e-10,9.122412587850036e-10,1.0653920458518642e-09,4.485369832070816,131.56775083096502,0.13366838001226788,0.03253164700012538,0.08380588865685476,0.30124553897413114,0.4281785239098828,0.005350397495783494,0.04002739836670754,0.09348296593953404,20.211935153849616,0.7950062688459831,0.03036739408614757,0.2271845748662511,0.28576450748750465,8.06244012667077,0.9352726230712819,0.10077707426452882,0.7539335350310946,0.806110984576134,4.8993246569683935,-0.11443725063103759,-0.07902326178043861,-0.10077707414259102,,,,,,,,
NH3_s-1.00_hgbs-5_as-006-010,hamiltonian_generator/polyatomic_library/NH3/s-1.00/hgbs-5/NH3_s-1.00_hgbs-5_as-006-010.tensors.npz,NH3,s-1.00,hgbs-5,6,10,16,1e-12,2.9655867761491095e-09,6.537134167317047e-10,True,True,4.536524263148538,0.6567232380003242,-9.184612601537447,success,active_tensor,,2628.0,2187082.0,0.6335919172114426,0.16388730821113548,173.2443019342807,0.16388730821113548,0.17475494391690538,0.9622586064632815,0.15883216431809016,0.4295768552417055,6.46871712175573e-14,3.9470519055826473e-13,9.188232227645973e-13,21.010044148573606,0.7381854656359528,3.191193058448849e-11,1.947187426092596e-10,2.637802444965614e-10,7.5362038363781325,0.8224883060802826,3.357086167086424e-10,2.0484113161230893e-09,2.4905050940908397e-09,4.32498733946298,173.24430193428097,0.16388730821113487,0.033580142352243915,0.0757927218883286,0.3000069658827516,0.43205049537112894,0.007957884903632195,0.04855705417639851,0.11238745169054434,21.131026663559492,0.7742045298228217,0.055559809807353054,0.33901227870419187,0.4378846488818343,7.903925801039112,0.9364090785128742,0.13206658764656423,0.8058377984732276,0.8605617106499982,4.924030383394974,-0.14117480156466147,-0.11392077243259169,-0.1320665873108556,,,,,,,,
NH3_s-1.00_hgbs-5_as-008-010,hamiltonian_generator/polyatomic_library/NH3/s-1.00/hgbs-5/NH3_s-1.00_hgbs-5_as-008-010.tensors.npz,NH3,s-1.00,hgbs-5,8,10,18,1e-12,2.6164186528454536e-07,5.870060548751611e-09,True,True,44.572260049376986,1.6490646556721877,-8.231357419049985,success,active_tensor,,3915.0,4556376.0,0.5946986649751261,0.1932346314911792,417.8445449863236,0.1932346314911792,0.20210146657899608,0.9688396900573827,0.13140219548879478,0.45271587477796876,6.14031535426982e-14,3.177647457334848e-13,7.019076719793186e-13,22.26571347780202,0.7416944289047094,2.0349145575384954e-11,1.0530796378657339e-10,1.419829510410183e-10,7.5967226485559625,0.7935122808879685,2.867716623657895e-10,1.4840593539201077e-09,1.8702411918053648e-09,4.170829069233746,417.84454498632107,0.19323463149118114,0.031439507343679396,0.06390639363396017,0.30206415472411147,0.45953354715613876,0.017265709973975488,0.0893510125009008,0.19443849758925527,22.601023874929815,0.8075057708122476,0.09862649699220077,0.5103976250587458,0.6320668452255778,8.270787994225545,0.9415235988861573,0.16532246351139673,0.8555529732719869,0.9086898876290774,4.948800529223794,-0.17066195923531668,-0.14801131799818878,-0.16532246322462507,0.0009024220009785,3.0445903251658257,0.0070253867351549,7.785034859009691,0.891260561546613,0.0111006841701189,12.300990177635718,analysis/fermionic_structure_ablation_extension_hgbs5.csv
NH3_s-1.00_hgbs-5_as-008-012,hamiltonian_generator/polyatomic_library/NH3/s-1.00/hgbs-5/NH3_s-1.00_hgbs-5_as-008-012.tensors.npz,NH3,s-1.00,hgbs-5,8,12,20,1e-12,9.938340780335508e-07,1.1001357380635568e-08,True,True,90.337405071749,1.9558676113614601,-7.958553726973498,success,active_tensor,,5544.0,8589431.0,0.5590186418708879,0.22363902834145954,521.8318239347219,0.22363902834145954,0.2315163484575638,0.9667144848388444,0.10193725669006987,0.42553983435678727,1.5651272963472777e-13,6.998453301977278e-13,1.6446059186340552e-12,21.169246929755012,0.705644240542453,5.972368798689866e-11,2.670539593639735e-10,3.784541048031228e-10,7.2164496960006925,0.7554479854026787,8.727592101006913e-10,3.902535333717035e-09,5.165855769192178e-09,3.9716304710200387,521.8318239347232,0.2236390283414593,0.03542813481056728,0.06522536775063749,0.2980254703370664,0.43160390219324435,0.03161988391609337,0.14138804014036008,0.32758749265676385,21.470914926648373,0.8044595642089399,0.13510447397801686,0.6041184983675345,0.7509619193372266,8.227009651659154,0.9252017251745235,0.18841268747220097,0.8424857184790053,0.9105967872250614,4.864079902979401,-0.19608821364699652,-0.16975373977184482,-0.18841268659944177,,,,,,,,
O-O_1.26_hgbs-5_as-002-002,hamiltonian_generator/o2_active_space_library/O-O/1.26/hgbs-5/O-O_1.26_hgbs-5_as-002-002.tensors.npz,O-O,1.26,hgbs-5,2,2,4,1e-12,3.2085445411667024e-14,3.3861802251067274e-14,False,False,,,-13.470289930844217,unavailable,unavailable,missing active tensor (hamiltonian_generator/o2_active_space_library/O-O/1.26/hgbs-5/O-O_1.26_hgbs-5_as-002-002.tensors.npz) and full molecular pickle (hamiltonian_generator/o2_active_space_library/O-O/1.26/hgbs-5/O-O_1.26_hgbs-5.pickle),,,,,,,,,,,,,,,,,,,,,,,,,,,,,,,,,,,,,,,,,,,,,,,,,,,,,,,
O-O_1.26_hgbs-5_as-002-004,hamiltonian_generator/o2_active_space_library/O-O/1.26/hgbs-5/O-O_1.26_hgbs-5_as-002-004.tensors.npz,O-O,1.26,hgbs-5,2,4,6,1e-12,1.2434497875801752e-14,1.176836406102666e-14,False,False,,,-13.929283904926233,unavailable,unavailable,missing active tensor (hamiltonian_generator/o2_active_space_library/O-O/1.26/hgbs-5/O-O_1.26_hgbs-5_as-002-004.tensors.npz) and full molecular pickle (hamiltonian_generator/o2_active_space_library/O-O/1.26/hgbs-5/O-O_1.26_hgbs-5.pickle),,,,,,,,,,,,,,,,,,,,,,,,,,,,,,,,,,,,,,,,,,,,,,,,,,,,,,,
O-O_1.26_hgbs-5_as-004-004,hamiltonian_generator/o2_active_space_library/O-O/1.26/hgbs-5/O-O_1.26_hgbs-5_as-004-004.tensors.npz,O-O,1.26,hgbs-5,4,4,8,1e-12,2.0872192862952943e-14,2.5979218776228663e-14,False,False,,,-13.585373912780861,unavailable,unavailable,missing active tensor (hamiltonian_generator/o2_active_space_library/O-O/1.26/hgbs-5/O-O_1.26_hgbs-5_as-004-004.tensors.npz) and full molecular pickle (hamiltonian_generator/o2_active_space_library/O-O/1.26/hgbs-5/O-O_1.26_hgbs-5.pickle),,,,,,,,,,,,,,,,,,,,,,,,,,,,,,,,,,,,,,,,,,,,,,,,,,,,,,,
O-O_1.26_hgbs-5_as-004-006,hamiltonian_generator/o2_active_space_library/O-O/1.26/hgbs-5/O-O_1.26_hgbs-5_as-004-006.tensors.npz,O-O,1.26,hgbs-5,4,6,10,1e-12,3.1298785785338623e-10,2.0143342549516774e-10,True,True,1.5538029851996664,0.1913959514887929,-9.695868461768407,unavailable,unavailable,missing active tensor (hamiltonian_generator/o2_active_space_library/O-O/1.26/hgbs-5/O-O_1.26_hgbs-5_as-004-006.tensors.npz) and full molecular pickle (hamiltonian_generator/o2_active_space_library/O-O/1.26/hgbs-5/O-O_1.26_hgbs-5.pickle),,,,,,,,,,,,,,,,,,,,,,,,,,,,,,,,,,,,,,,,,,,,,,,,,,,,,,,
O-O_1.26_hgbs-5_as-004-008,hamiltonian_generator/o2_active_space_library/O-O/1.26/hgbs-5/O-O_1.26_hgbs-5_as-004-008.tensors.npz,O-O,1.26,hgbs-5,4,8,12,1e-12,4.813729415076293e-10,3.907002499303758e-10,True,True,1.2320773830920553,0.09063798542132144,-9.408156310957585,unavailable,unavailable,missing active tensor (hamiltonian_generator/o2_active_space_library/O-O/1.26/hgbs-5/O-O_1.26_hgbs-5_as-004-008.tensors.npz) and full molecular pickle (hamiltonian_generator/o2_active_space_library/O-O/1.26/hgbs-5/O-O_1.26_hgbs-5.pickle),,,,,,,,,,,,,,,,,,,,,,,,,,,,,,,,,,,,,,,,,,,,,,,,,,,,,,,
O-O_1.26_hgbs-5_as-006-008,hamiltonian_generator/o2_active_space_library/O-O/1.26/hgbs-5/O-O_1.26_hgbs-5_as-006-008.tensors.npz,O-O,1.26,hgbs-5,6,8,14,1e-12,1.034973889924018e-07,1.0313087217550533e-07,True,True,1.003553900099601,0.001540703068838584,-6.986611309415955,unavailable,unavailable,missing active tensor (hamiltonian_generator/o2_active_space_library/O-O/1.26/hgbs-5/O-O_1.26_hgbs-5_as-006-008.tensors.npz) and full molecular pickle (hamiltonian_generator/o2_active_space_library/O-O/1.26/hgbs-5/O-O_1.26_hgbs-5.pickle),,,,,,,,,,,,,,,,,,,,,,,,,,,,,,,,,,,,,,,,,,,,,,,,,,,,,,,
O-O_1.26_hgbs-5_as-006-010,hamiltonian_generator/o2_active_space_library/O-O/1.26/hgbs-5/O-O_1.26_hgbs-5_as-006-010.tensors.npz,O-O,1.26,hgbs-5,6,10,16,1e-12,1.03876882429077e-07,1.0327531740905729e-07,True,True,1.005824867307229,0.0025223686092329333,-6.986003461577324,unavailable,unavailable,missing active tensor (hamiltonian_generator/o2_active_space_library/O-O/1.26/hgbs-5/O-O_1.26_hgbs-5_as-006-010.tensors.npz) and full molecular pickle (hamiltonian_generator/o2_active_space_library/O-O/1.26/hgbs-5/O-O_1.26_hgbs-5.pickle),,,,,,,,,,,,,,,,,,,,,,,,,,,,,,,,,,,,,,,,,,,,,,,,,,,,,,,
O-O_1.26_hgbs-5_as-008-010,hamiltonian_generator/o2_active_space_library/O-O/1.26/hgbs-5/O-O_1.26_hgbs-5_as-008-010.tensors.npz,O-O,1.26,hgbs-5,8,10,18,1e-12,1.0392547789006557e-07,1.0354491009056944e-07,True,True,1.0036753887676684,0.001593274898586687,-6.9848712446595576,unavailable,unavailable,missing active tensor (hamiltonian_generator/o2_active_space_library/O-O/1.26/hgbs-5/O-O_1.26_hgbs-5_as-008-010.tensors.npz) and full molecular pickle (hamiltonian_generator/o2_active_space_library/O-O/1.26/hgbs-5/O-O_1.26_hgbs-5.pickle),,,,,,,,,,,,,,,,,,,,,,,,,,,,,,,,,,,,,,,,,,,,,,,,0.0033303798456973,2.4775062303127675,0.0033180052997064,0.9962843439594774,-0.0016166943185386394,0.0072051915187727,2.163474394093959,analysis/fermionic_structure_ablation_extension_hgbs5.csv
O-O_1.26_hgbs-5_as-008-012,hamiltonian_generator/o2_active_space_library/O-O/1.26/hgbs-5/O-O_1.26_hgbs-5_as-008-012.tensors.npz,O-O,1.26,hgbs-5,8,12,20,1e-12,1.0434868147335409e-07,1.0366675573525441e-07,True,True,1.0065780561305613,0.0028474583427733208,-6.984360492554758,unavailable,unavailable,missing active tensor (hamiltonian_generator/o2_active_space_library/O-O/1.26/hgbs-5/O-O_1.26_hgbs-5_as-008-012.tensors.npz) and full molecular pickle (hamiltonian_generator/o2_active_space_library/O-O/1.26/hgbs-5/O-O_1.26_hgbs-5.pickle),,,,,,,,,,,,,,,,,,,,,,,,,,,,,,,,,,,,,,,,,,,,,,,,,,,,,,,
