molecule,L,basis,active_occupied,active_vacant,qubits,scheme,vertices,noncommuting_edges,colors,order,steps,spectral_error,reconstruction_error,file
B-B,1.36,hgbs-5,2,2,4,fermionic_commutation_then_JW,23,32,2,1,1,0.00783034807148464,1.4210854715202004e-14,/Users/a_lee/Repos/qhat/demo_L_sweep_library/B-B/1.36/hgbs-5/B-B_1.36_hgbs-5_as-002-002_jw.dat
B-B,1.36,hgbs-5,2,2,4,fermionic_commutation_then_JW,23,32,2,1,2,0.003912541071514354,1.4210854715202004e-14,/Users/a_lee/Repos/qhat/demo_L_sweep_library/B-B/1.36/hgbs-5/B-B_1.36_hgbs-5_as-002-002_jw.dat
B-B,1.36,hgbs-5,2,2,4,fermionic_commutation_then_JW,23,32,2,1,5,0.0015647214421903267,1.4210854715202004e-14,/Users/a_lee/Repos/qhat/demo_L_sweep_library/B-B/1.36/hgbs-5/B-B_1.36_hgbs-5_as-002-002_jw.dat
B-B,1.36,hgbs-5,2,2,4,fermionic_commutation_then_JW,23,32,2,1,10,0.0007823396489713876,1.4210854715202004e-14,/Users/a_lee/Repos/qhat/demo_L_sweep_library/B-B/1.36/hgbs-5/B-B_1.36_hgbs-5_as-002-002_jw.dat
B-B,1.36,hgbs-5,2,2,4,fermionic_commutation_then_JW,23,32,2,2,1,0.00024330824041019582,1.4210854715202004e-14,/Users/a_lee/Repos/qhat/demo_L_sweep_library/B-B/1.36/hgbs-5/B-B_1.36_hgbs-5_as-002-002_jw.dat
B-B,1.36,hgbs-5,2,2,4,fermionic_commutation_then_JW,23,32,2,2,2,6.077694776496453e-05,1.4210854715202004e-14,/Users/a_lee/Repos/qhat/demo_L_sweep_library/B-B/1.36/hgbs-5/B-B_1.36_hgbs-5_as-002-002_jw.dat
B-B,1.36,hgbs-5,2,2,4,fermionic_commutation_then_JW,23,32,2,2,5,9.722065399124995e-06,1.4210854715202004e-14,/Users/a_lee/Repos/qhat/demo_L_sweep_library/B-B/1.36/hgbs-5/B-B_1.36_hgbs-5_as-002-002_jw.dat
B-B,1.36,hgbs-5,2,2,4,fermionic_commutation_then_JW,23,32,2,2,10,2.430436119417848e-06,1.4210854715202004e-14,/Users/a_lee/Repos/qhat/demo_L_sweep_library/B-B/1.36/hgbs-5/B-B_1.36_hgbs-5_as-002-002_jw.dat
B-B,1.36,hgbs-5,2,2,4,JW_Pauli_string_commutation,15,16,2,1,1,0.007830348071489714,1.4210854715202004e-14,/Users/a_lee/Repos/qhat/demo_L_sweep_library/B-B/1.36/hgbs-5/B-B_1.36_hgbs-5_as-002-002_jw.dat
B-B,1.36,hgbs-5,2,2,4,JW_Pauli_string_commutation,15,16,2,1,2,0.003912541071519577,1.4210854715202004e-14,/Users/a_lee/Repos/qhat/demo_L_sweep_library/B-B/1.36/hgbs-5/B-B_1.36_hgbs-5_as-002-002_jw.dat
B-B,1.36,hgbs-5,2,2,4,JW_Pauli_string_commutation,15,16,2,1,5,0.0015647214422028653,1.4210854715202004e-14,/Users/a_lee/Repos/qhat/demo_L_sweep_library/B-B/1.36/hgbs-5/B-B_1.36_hgbs-5_as-002-002_jw.dat
B-B,1.36,hgbs-5,2,2,4,JW_Pauli_string_commutation,15,16,2,1,10,0.0007823396489840098,1.4210854715202004e-14,/Users/a_lee/Repos/qhat/demo_L_sweep_library/B-B/1.36/hgbs-5/B-B_1.36_hgbs-5_as-002-002_jw.dat
B-B,1.36,hgbs-5,2,2,4,JW_Pauli_string_commutation,15,16,2,2,1,0.0002797085945339776,1.4210854715202004e-14,/Users/a_lee/Repos/qhat/demo_L_sweep_library/B-B/1.36/hgbs-5/B-B_1.36_hgbs-5_as-002-002_jw.dat
B-B,1.36,hgbs-5,2,2,4,JW_Pauli_string_commutation,15,16,2,2,2,6.987326599960144e-05,1.4210854715202004e-14,/Users/a_lee/Repos/qhat/demo_L_sweep_library/B-B/1.36/hgbs-5/B-B_1.36_hgbs-5_as-002-002_jw.dat
B-B,1.36,hgbs-5,2,2,4,JW_Pauli_string_commutation,15,16,2,2,5,1.1177307209031748e-05,1.4210854715202004e-14,/Users/a_lee/Repos/qhat/demo_L_sweep_library/B-B/1.36/hgbs-5/B-B_1.36_hgbs-5_as-002-002_jw.dat
B-B,1.36,hgbs-5,2,2,4,JW_Pauli_string_commutation,15,16,2,2,10,2.794240535864562e-06,1.4210854715202004e-14,/Users/a_lee/Repos/qhat/demo_L_sweep_library/B-B/1.36/hgbs-5/B-B_1.36_hgbs-5_as-002-002_jw.dat
B-B,1.36,hgbs-5,2,4,6,fermionic_commutation_then_JW,55,360,4,1,1,0.0326918252099753,2.842170943040401e-14,/Users/a_lee/Repos/qhat/demo_L_sweep_library/B-B/1.36/hgbs-5/B-B_1.36_hgbs-5_as-002-004_jw.dat
B-B,1.36,hgbs-5,2,4,6,fermionic_commutation_then_JW,55,360,4,1,2,0.017385457920367893,2.842170943040401e-14,/Users/a_lee/Repos/qhat/demo_L_sweep_library/B-B/1.36/hgbs-5/B-B_1.36_hgbs-5_as-002-004_jw.dat
B-B,1.36,hgbs-5,2,4,6,fermionic_commutation_then_JW,55,360,4,1,5,0.007072957030134677,2.842170943040401e-14,/Users/a_lee/Repos/qhat/demo_L_sweep_library/B-B/1.36/hgbs-5/B-B_1.36_hgbs-5_as-002-004_jw.dat
B-B,1.36,hgbs-5,2,4,6,fermionic_commutation_then_JW,55,360,4,1,10,0.003544908128033648,2.842170943040401e-14,/Users/a_lee/Repos/qhat/demo_L_sweep_library/B-B/1.36/hgbs-5/B-B_1.36_hgbs-5_as-002-004_jw.dat
B-B,1.36,hgbs-5,2,4,6,fermionic_commutation_then_JW,55,360,4,2,1,0.006669373837030627,2.842170943040401e-14,/Users/a_lee/Repos/qhat/demo_L_sweep_library/B-B/1.36/hgbs-5/B-B_1.36_hgbs-5_as-002-004_jw.dat
B-B,1.36,hgbs-5,2,4,6,fermionic_commutation_then_JW,55,360,4,2,2,0.0017261495422896103,2.842170943040401e-14,/Users/a_lee/Repos/qhat/demo_L_sweep_library/B-B/1.36/hgbs-5/B-B_1.36_hgbs-5_as-002-004_jw.dat
B-B,1.36,hgbs-5,2,4,6,fermionic_commutation_then_JW,55,360,4,2,5,0.0002788646346712216,2.842170943040401e-14,/Users/a_lee/Repos/qhat/demo_L_sweep_library/B-B/1.36/hgbs-5/B-B_1.36_hgbs-5_as-002-004_jw.dat
B-B,1.36,hgbs-5,2,4,6,fermionic_commutation_then_JW,55,360,4,2,10,6.981231329174146e-05,2.842170943040401e-14,/Users/a_lee/Repos/qhat/demo_L_sweep_library/B-B/1.36/hgbs-5/B-B_1.36_hgbs-5_as-002-004_jw.dat
B-B,1.36,hgbs-5,2,4,6,JW_Pauli_string_commutation,34,168,3,1,1,0.018334913914240587,2.842170943040401e-14,/Users/a_lee/Repos/qhat/demo_L_sweep_library/B-B/1.36/hgbs-5/B-B_1.36_hgbs-5_as-002-004_jw.dat
B-B,1.36,hgbs-5,2,4,6,JW_Pauli_string_commutation,34,168,3,1,2,0.00927206605793794,2.842170943040401e-14,/Users/a_lee/Repos/qhat/demo_L_sweep_library/B-B/1.36/hgbs-5/B-B_1.36_hgbs-5_as-002-004_jw.dat
B-B,1.36,hgbs-5,2,4,6,JW_Pauli_string_commutation,34,168,3,1,5,0.0037200903791037025,2.842170943040401e-14,/Users/a_lee/Repos/qhat/demo_L_sweep_library/B-B/1.36/hgbs-5/B-B_1.36_hgbs-5_as-002-004_jw.dat
B-B,1.36,hgbs-5,2,4,6,JW_Pauli_string_commutation,34,168,3,1,10,0.001860756074982666,2.842170943040401e-14,/Users/a_lee/Repos/qhat/demo_L_sweep_library/B-B/1.36/hgbs-5/B-B_1.36_hgbs-5_as-002-004_jw.dat
B-B,1.36,hgbs-5,2,4,6,JW_Pauli_string_commutation,34,168,3,2,1,0.0013857062562964762,2.842170943040401e-14,/Users/a_lee/Repos/qhat/demo_L_sweep_library/B-B/1.36/hgbs-5/B-B_1.36_hgbs-5_as-002-004_jw.dat
B-B,1.36,hgbs-5,2,4,6,JW_Pauli_string_commutation,34,168,3,2,2,0.0003483045387726122,2.842170943040401e-14,/Users/a_lee/Repos/qhat/demo_L_sweep_library/B-B/1.36/hgbs-5/B-B_1.36_hgbs-5_as-002-004_jw.dat
B-B,1.36,hgbs-5,2,4,6,JW_Pauli_string_commutation,34,168,3,2,5,5.581315221180505e-05,2.842170943040401e-14,/Users/a_lee/Repos/qhat/demo_L_sweep_library/B-B/1.36/hgbs-5/B-B_1.36_hgbs-5_as-002-004_jw.dat
B-B,1.36,hgbs-5,2,4,6,JW_Pauli_string_commutation,34,168,3,2,10,1.3956305885799073e-05,2.842170943040401e-14,/Users/a_lee/Repos/qhat/demo_L_sweep_library/B-B/1.36/hgbs-5/B-B_1.36_hgbs-5_as-002-004_jw.dat
B-B,1.36,sto-6g,2,2,4,fermionic_commutation_then_JW,23,32,2,1,1,0.0011847409940779748,1.4210854715202004e-14,/Users/a_lee/Repos/qhat/demo_L_sweep_library/B-B/1.36/sto-6g/B-B_1.36_sto-6g_as-002-002_jw.dat
B-B,1.36,sto-6g,2,2,4,fermionic_commutation_then_JW,23,32,2,1,2,0.0005923115673174851,1.4210854715202004e-14,/Users/a_lee/Repos/qhat/demo_L_sweep_library/B-B/1.36/sto-6g/B-B_1.36_sto-6g_as-002-002_jw.dat
B-B,1.36,sto-6g,2,2,4,fermionic_commutation_then_JW,23,32,2,1,5,0.0002369180264080843,1.4210854715202004e-14,/Users/a_lee/Repos/qhat/demo_L_sweep_library/B-B/1.36/sto-6g/B-B_1.36_sto-6g_as-002-002_jw.dat
B-B,1.36,sto-6g,2,2,4,fermionic_commutation_then_JW,23,32,2,1,10,0.00011845854173433108,1.4210854715202004e-14,/Users/a_lee/Repos/qhat/demo_L_sweep_library/B-B/1.36/sto-6g/B-B_1.36_sto-6g_as-002-002_jw.dat
B-B,1.36,sto-6g,2,2,4,fermionic_commutation_then_JW,23,32,2,2,1,1.4697940687976673e-05,1.4210854715202004e-14,/Users/a_lee/Repos/qhat/demo_L_sweep_library/B-B/1.36/sto-6g/B-B_1.36_sto-6g_as-002-002_jw.dat
B-B,1.36,sto-6g,2,2,4,fermionic_commutation_then_JW,23,32,2,2,2,3.674048760006156e-06,1.4210854715202004e-14,/Users/a_lee/Repos/qhat/demo_L_sweep_library/B-B/1.36/sto-6g/B-B_1.36_sto-6g_as-002-002_jw.dat
B-B,1.36,sto-6g,2,2,4,fermionic_commutation_then_JW,23,32,2,2,5,5.878282511834545e-07,1.4210854715202004e-14,/Users/a_lee/Repos/qhat/demo_L_sweep_library/B-B/1.36/sto-6g/B-B_1.36_sto-6g_as-002-002_jw.dat
B-B,1.36,sto-6g,2,2,4,fermionic_commutation_then_JW,23,32,2,2,10,1.4695636774029363e-07,1.4210854715202004e-14,/Users/a_lee/Repos/qhat/demo_L_sweep_library/B-B/1.36/sto-6g/B-B_1.36_sto-6g_as-002-002_jw.dat
B-B,1.36,sto-6g,2,2,4,JW_Pauli_string_commutation,15,16,2,1,1,0.00118474099407764,1.4210854715202004e-14,/Users/a_lee/Repos/qhat/demo_L_sweep_library/B-B/1.36/sto-6g/B-B_1.36_sto-6g_as-002-002_jw.dat
B-B,1.36,sto-6g,2,2,4,JW_Pauli_string_commutation,15,16,2,1,2,0.0005923115673171211,1.4210854715202004e-14,/Users/a_lee/Repos/qhat/demo_L_sweep_library/B-B/1.36/sto-6g/B-B_1.36_sto-6g_as-002-002_jw.dat
B-B,1.36,sto-6g,2,2,4,JW_Pauli_string_commutation,15,16,2,1,5,0.0002369180264067635,1.4210854715202004e-14,/Users/a_lee/Repos/qhat/demo_L_sweep_library/B-B/1.36/sto-6g/B-B_1.36_sto-6g_as-002-002_jw.dat
B-B,1.36,sto-6g,2,2,4,JW_Pauli_string_commutation,15,16,2,1,10,0.0001184585417328232,1.4210854715202004e-14,/Users/a_lee/Repos/qhat/demo_L_sweep_library/B-B/1.36/sto-6g/B-B_1.36_sto-6g_as-002-002_jw.dat
B-B,1.36,sto-6g,2,2,4,JW_Pauli_string_commutation,15,16,2,2,1,1.5792701770604637e-05,1.4210854715202004e-14,/Users/a_lee/Repos/qhat/demo_L_sweep_library/B-B/1.36/sto-6g/B-B_1.36_sto-6g_as-002-002_jw.dat
B-B,1.36,sto-6g,2,2,4,JW_Pauli_string_commutation,15,16,2,2,2,3.947721981971717e-06,1.4210854715202004e-14,/Users/a_lee/Repos/qhat/demo_L_sweep_library/B-B/1.36/sto-6g/B-B_1.36_sto-6g_as-002-002_jw.dat
B-B,1.36,sto-6g,2,2,4,JW_Pauli_string_commutation,15,16,2,2,5,6.316152046116585e-07,1.4210854715202004e-14,/Users/a_lee/Repos/qhat/demo_L_sweep_library/B-B/1.36/sto-6g/B-B_1.36_sto-6g_as-002-002_jw.dat
B-B,1.36,sto-6g,2,2,4,JW_Pauli_string_commutation,15,16,2,2,10,1.5790308292384755e-07,1.4210854715202004e-14,/Users/a_lee/Repos/qhat/demo_L_sweep_library/B-B/1.36/sto-6g/B-B_1.36_sto-6g_as-002-002_jw.dat
B-B,1.36,sto-6g,2,4,6,fermionic_commutation_then_JW,55,360,4,1,1,0.22063505121242288,2.842170943040401e-14,/Users/a_lee/Repos/qhat/demo_L_sweep_library/B-B/1.36/sto-6g/B-B_1.36_sto-6g_as-002-004_jw.dat
B-B,1.36,sto-6g,2,4,6,fermionic_commutation_then_JW,55,360,4,1,2,0.11874909958013412,2.842170943040401e-14,/Users/a_lee/Repos/qhat/demo_L_sweep_library/B-B/1.36/sto-6g/B-B_1.36_sto-6g_as-002-004_jw.dat
B-B,1.36,sto-6g,2,4,6,fermionic_commutation_then_JW,55,360,4,1,5,0.04846829967925274,2.842170943040401e-14,/Users/a_lee/Repos/qhat/demo_L_sweep_library/B-B/1.36/sto-6g/B-B_1.36_sto-6g_as-002-004_jw.dat
B-B,1.36,sto-6g,2,4,6,fermionic_commutation_then_JW,55,360,4,1,10,0.02430353941205235,2.842170943040401e-14,/Users/a_lee/Repos/qhat/demo_L_sweep_library/B-B/1.36/sto-6g/B-B_1.36_sto-6g_as-002-004_jw.dat
B-B,1.36,sto-6g,2,4,6,fermionic_commutation_then_JW,55,360,4,2,1,0.05304343085669091,2.842170943040401e-14,/Users/a_lee/Repos/qhat/demo_L_sweep_library/B-B/1.36/sto-6g/B-B_1.36_sto-6g_as-002-004_jw.dat
B-B,1.36,sto-6g,2,4,6,fermionic_commutation_then_JW,55,360,4,2,2,0.013872400081753241,2.842170943040401e-14,/Users/a_lee/Repos/qhat/demo_L_sweep_library/B-B/1.36/sto-6g/B-B_1.36_sto-6g_as-002-004_jw.dat
B-B,1.36,sto-6g,2,4,6,fermionic_commutation_then_JW,55,360,4,2,5,0.002247400523878028,2.842170943040401e-14,/Users/a_lee/Repos/qhat/demo_L_sweep_library/B-B/1.36/sto-6g/B-B_1.36_sto-6g_as-002-004_jw.dat
B-B,1.36,sto-6g,2,4,6,fermionic_commutation_then_JW,55,360,4,2,10,0.000562846634509733,2.842170943040401e-14,/Users/a_lee/Repos/qhat/demo_L_sweep_library/B-B/1.36/sto-6g/B-B_1.36_sto-6g_as-002-004_jw.dat
B-B,1.36,sto-6g,2,4,6,JW_Pauli_string_commutation,34,168,3,1,1,0.21665548493867876,2.842170943040401e-14,/Users/a_lee/Repos/qhat/demo_L_sweep_library/B-B/1.36/sto-6g/B-B_1.36_sto-6g_as-002-004_jw.dat
B-B,1.36,sto-6g,2,4,6,JW_Pauli_string_commutation,34,168,3,1,2,0.11628673604771,2.842170943040401e-14,/Users/a_lee/Repos/qhat/demo_L_sweep_library/B-B/1.36/sto-6g/B-B_1.36_sto-6g_as-002-004_jw.dat
B-B,1.36,sto-6g,2,4,6,JW_Pauli_string_commutation,34,168,3,1,5,0.04743051469090498,2.842170943040401e-14,/Users/a_lee/Repos/qhat/demo_L_sweep_library/B-B/1.36/sto-6g/B-B_1.36_sto-6g_as-002-004_jw.dat
B-B,1.36,sto-6g,2,4,6,JW_Pauli_string_commutation,34,168,3,1,10,0.023781108373183663,2.842170943040401e-14,/Users/a_lee/Repos/qhat/demo_L_sweep_library/B-B/1.36/sto-6g/B-B_1.36_sto-6g_as-002-004_jw.dat
B-B,1.36,sto-6g,2,4,6,JW_Pauli_string_commutation,34,168,3,2,1,0.03843272643138122,2.842170943040401e-14,/Users/a_lee/Repos/qhat/demo_L_sweep_library/B-B/1.36/sto-6g/B-B_1.36_sto-6g_as-002-004_jw.dat
B-B,1.36,sto-6g,2,4,6,JW_Pauli_string_commutation,34,168,3,2,2,0.009962180327749499,2.842170943040401e-14,/Users/a_lee/Repos/qhat/demo_L_sweep_library/B-B/1.36/sto-6g/B-B_1.36_sto-6g_as-002-004_jw.dat
B-B,1.36,sto-6g,2,4,6,JW_Pauli_string_commutation,34,168,3,2,5,0.0016102168767518313,2.842170943040401e-14,/Users/a_lee/Repos/qhat/demo_L_sweep_library/B-B/1.36/sto-6g/B-B_1.36_sto-6g_as-002-004_jw.dat
B-B,1.36,sto-6g,2,4,6,JW_Pauli_string_commutation,34,168,3,2,10,0.0004031387267690014,2.842170943040401e-14,/Users/a_lee/Repos/qhat/demo_L_sweep_library/B-B/1.36/sto-6g/B-B_1.36_sto-6g_as-002-004_jw.dat
B-B,1.87,hgbs-5,2,2,4,fermionic_commutation_then_JW,23,32,2,1,1,7.056253112885522e-05,1.4210854715202004e-14,/Users/a_lee/Repos/qhat/demo_L_sweep_library/B-B/1.87/hgbs-5/B-B_1.87_hgbs-5_as-002-002_jw.dat
B-B,1.87,hgbs-5,2,2,4,fermionic_commutation_then_JW,23,32,2,1,2,3.528099174002985e-05,1.4210854715202004e-14,/Users/a_lee/Repos/qhat/demo_L_sweep_library/B-B/1.87/hgbs-5/B-B_1.87_hgbs-5_as-002-002_jw.dat
B-B,1.87,hgbs-5,2,2,4,fermionic_commutation_then_JW,23,32,2,1,5,1.4112366031723485e-05,1.4210854715202004e-14,/Users/a_lee/Repos/qhat/demo_L_sweep_library/B-B/1.87/hgbs-5/B-B_1.87_hgbs-5_as-002-002_jw.dat
B-B,1.87,hgbs-5,2,2,4,fermionic_commutation_then_JW,23,32,2,1,10,7.056180827660665e-06,1.4210854715202004e-14,/Users/a_lee/Repos/qhat/demo_L_sweep_library/B-B/1.87/hgbs-5/B-B_1.87_hgbs-5_as-002-002_jw.dat
B-B,1.87,hgbs-5,2,2,4,fermionic_commutation_then_JW,23,32,2,2,1,1.979538441313228e-07,1.4210854715202004e-14,/Users/a_lee/Repos/qhat/demo_L_sweep_library/B-B/1.87/hgbs-5/B-B_1.87_hgbs-5_as-002-002_jw.dat
B-B,1.87,hgbs-5,2,2,4,fermionic_commutation_then_JW,23,32,2,2,2,4.948789050787995e-08,1.4210854715202004e-14,/Users/a_lee/Repos/qhat/demo_L_sweep_library/B-B/1.87/hgbs-5/B-B_1.87_hgbs-5_as-002-002_jw.dat
B-B,1.87,hgbs-5,2,2,4,fermionic_commutation_then_JW,23,32,2,2,5,7.918041483357718e-09,1.4210854715202004e-14,/Users/a_lee/Repos/qhat/demo_L_sweep_library/B-B/1.87/hgbs-5/B-B_1.87_hgbs-5_as-002-002_jw.dat
B-B,1.87,hgbs-5,2,2,4,fermionic_commutation_then_JW,23,32,2,2,10,1.979512181487129e-09,1.4210854715202004e-14,/Users/a_lee/Repos/qhat/demo_L_sweep_library/B-B/1.87/hgbs-5/B-B_1.87_hgbs-5_as-002-002_jw.dat
B-B,1.87,hgbs-5,2,2,4,JW_Pauli_string_commutation,15,16,2,1,1,7.056253113519223e-05,1.4210854715202004e-14,/Users/a_lee/Repos/qhat/demo_L_sweep_library/B-B/1.87/hgbs-5/B-B_1.87_hgbs-5_as-002-002_jw.dat
B-B,1.87,hgbs-5,2,2,4,JW_Pauli_string_commutation,15,16,2,1,2,3.52809917462096e-05,1.4210854715202004e-14,/Users/a_lee/Repos/qhat/demo_L_sweep_library/B-B/1.87/hgbs-5/B-B_1.87_hgbs-5_as-002-002_jw.dat
B-B,1.87,hgbs-5,2,2,4,JW_Pauli_string_commutation,15,16,2,1,5,1.4112366032393671e-05,1.4210854715202004e-14,/Users/a_lee/Repos/qhat/demo_L_sweep_library/B-B/1.87/hgbs-5/B-B_1.87_hgbs-5_as-002-002_jw.dat
B-B,1.87,hgbs-5,2,2,4,JW_Pauli_string_commutation,15,16,2,1,10,7.056180828888478e-06,1.4210854715202004e-14,/Users/a_lee/Repos/qhat/demo_L_sweep_library/B-B/1.87/hgbs-5/B-B_1.87_hgbs-5_as-002-002_jw.dat
B-B,1.87,hgbs-5,2,2,4,JW_Pauli_string_commutation,15,16,2,2,1,2.9937663318602134e-07,1.4210854715202004e-14,/Users/a_lee/Repos/qhat/demo_L_sweep_library/B-B/1.87/hgbs-5/B-B_1.87_hgbs-5_as-002-002_jw.dat
B-B,1.87,hgbs-5,2,2,4,JW_Pauli_string_commutation,15,16,2,2,2,7.484349227462837e-08,1.4210854715202004e-14,/Users/a_lee/Repos/qhat/demo_L_sweep_library/B-B/1.87/hgbs-5/B-B_1.87_hgbs-5_as-002-002_jw.dat
B-B,1.87,hgbs-5,2,2,4,JW_Pauli_string_commutation,15,16,2,2,5,1.1974933246824368e-08,1.4210854715202004e-14,/Users/a_lee/Repos/qhat/demo_L_sweep_library/B-B/1.87/hgbs-5/B-B_1.87_hgbs-5_as-002-002_jw.dat
B-B,1.87,hgbs-5,2,2,4,JW_Pauli_string_commutation,15,16,2,2,10,2.9937374065881185e-09,1.4210854715202004e-14,/Users/a_lee/Repos/qhat/demo_L_sweep_library/B-B/1.87/hgbs-5/B-B_1.87_hgbs-5_as-002-002_jw.dat
B-B,1.87,hgbs-5,2,4,6,fermionic_commutation_then_JW,55,360,4,1,1,0.013570542005957894,2.842170943040401e-14,/Users/a_lee/Repos/qhat/demo_L_sweep_library/B-B/1.87/hgbs-5/B-B_1.87_hgbs-5_as-002-004_jw.dat
B-B,1.87,hgbs-5,2,4,6,fermionic_commutation_then_JW,55,360,4,1,2,0.007183389655813808,2.842170943040401e-14,/Users/a_lee/Repos/qhat/demo_L_sweep_library/B-B/1.87/hgbs-5/B-B_1.87_hgbs-5_as-002-004_jw.dat
B-B,1.87,hgbs-5,2,4,6,fermionic_commutation_then_JW,55,360,4,1,5,0.00291867702179142,2.842170943040401e-14,/Users/a_lee/Repos/qhat/demo_L_sweep_library/B-B/1.87/hgbs-5/B-B_1.87_hgbs-5_as-002-004_jw.dat
B-B,1.87,hgbs-5,2,4,6,fermionic_commutation_then_JW,55,360,4,1,10,0.0014625484394795755,2.842170943040401e-14,/Users/a_lee/Repos/qhat/demo_L_sweep_library/B-B/1.87/hgbs-5/B-B_1.87_hgbs-5_as-002-004_jw.dat
B-B,1.87,hgbs-5,2,4,6,fermionic_commutation_then_JW,55,360,4,2,1,0.002242550491217649,2.842170943040401e-14,/Users/a_lee/Repos/qhat/demo_L_sweep_library/B-B/1.87/hgbs-5/B-B_1.87_hgbs-5_as-002-004_jw.dat
B-B,1.87,hgbs-5,2,4,6,fermionic_commutation_then_JW,55,360,4,2,2,0.0005757892877427552,2.842170943040401e-14,/Users/a_lee/Repos/qhat/demo_L_sweep_library/B-B/1.87/hgbs-5/B-B_1.87_hgbs-5_as-002-004_jw.dat
B-B,1.87,hgbs-5,2,4,6,fermionic_commutation_then_JW,55,360,4,2,5,9.281436531015181e-05,2.842170943040401e-14,/Users/a_lee/Repos/qhat/demo_L_sweep_library/B-B/1.87/hgbs-5/B-B_1.87_hgbs-5_as-002-004_jw.dat
B-B,1.87,hgbs-5,2,4,6,fermionic_commutation_then_JW,55,360,4,2,10,2.3228249064847467e-05,2.842170943040401e-14,/Users/a_lee/Repos/qhat/demo_L_sweep_library/B-B/1.87/hgbs-5/B-B_1.87_hgbs-5_as-002-004_jw.dat
B-B,1.87,hgbs-5,2,4,6,JW_Pauli_string_commutation,34,168,3,1,1,0.0075905039313373885,2.842170943040401e-14,/Users/a_lee/Repos/qhat/demo_L_sweep_library/B-B/1.87/hgbs-5/B-B_1.87_hgbs-5_as-002-004_jw.dat
B-B,1.87,hgbs-5,2,4,6,JW_Pauli_string_commutation,34,168,3,1,2,0.003855514907178058,2.842170943040401e-14,/Users/a_lee/Repos/qhat/demo_L_sweep_library/B-B/1.87/hgbs-5/B-B_1.87_hgbs-5_as-002-004_jw.dat
B-B,1.87,hgbs-5,2,4,6,JW_Pauli_string_commutation,34,168,3,1,5,0.0015489508271318234,2.842170943040401e-14,/Users/a_lee/Repos/qhat/demo_L_sweep_library/B-B/1.87/hgbs-5/B-B_1.87_hgbs-5_as-002-004_jw.dat
B-B,1.87,hgbs-5,2,4,6,JW_Pauli_string_commutation,34,168,3,1,10,0.0007749498476769253,2.842170943040401e-14,/Users/a_lee/Repos/qhat/demo_L_sweep_library/B-B/1.87/hgbs-5/B-B_1.87_hgbs-5_as-002-004_jw.dat
B-B,1.87,hgbs-5,2,4,6,JW_Pauli_string_commutation,34,168,3,2,1,0.0006456774418555956,2.842170943040401e-14,/Users/a_lee/Repos/qhat/demo_L_sweep_library/B-B/1.87/hgbs-5/B-B_1.87_hgbs-5_as-002-004_jw.dat
B-B,1.87,hgbs-5,2,4,6,JW_Pauli_string_commutation,34,168,3,2,2,0.00016262568604929898,2.842170943040401e-14,/Users/a_lee/Repos/qhat/demo_L_sweep_library/B-B/1.87/hgbs-5/B-B_1.87_hgbs-5_as-002-004_jw.dat
B-B,1.87,hgbs-5,2,4,6,JW_Pauli_string_commutation,34,168,3,2,5,2.607436015629541e-05,2.842170943040401e-14,/Users/a_lee/Repos/qhat/demo_L_sweep_library/B-B/1.87/hgbs-5/B-B_1.87_hgbs-5_as-002-004_jw.dat
B-B,1.87,hgbs-5,2,4,6,JW_Pauli_string_commutation,34,168,3,2,10,6.520529400638149e-06,2.842170943040401e-14,/Users/a_lee/Repos/qhat/demo_L_sweep_library/B-B/1.87/hgbs-5/B-B_1.87_hgbs-5_as-002-004_jw.dat
B-B,1.87,sto-6g,2,2,4,fermionic_commutation_then_JW,23,32,2,1,1,0.0011346790505170504,1.4210854715202004e-14,/Users/a_lee/Repos/qhat/demo_L_sweep_library/B-B/1.87/sto-6g/B-B_1.87_sto-6g_as-002-002_jw.dat
B-B,1.87,sto-6g,2,2,4,fermionic_commutation_then_JW,23,32,2,1,2,0.0005672625401851587,1.4210854715202004e-14,/Users/a_lee/Repos/qhat/demo_L_sweep_library/B-B/1.87/sto-6g/B-B_1.87_sto-6g_as-002-002_jw.dat
B-B,1.87,sto-6g,2,2,4,fermionic_commutation_then_JW,23,32,2,1,5,0.0002268963948516567,1.4210854715202004e-14,/Users/a_lee/Repos/qhat/demo_L_sweep_library/B-B/1.87/sto-6g/B-B_1.87_sto-6g_as-002-002_jw.dat
B-B,1.87,sto-6g,2,2,4,fermionic_commutation_then_JW,23,32,2,1,10,0.00011344758164802986,1.4210854715202004e-14,/Users/a_lee/Repos/qhat/demo_L_sweep_library/B-B/1.87/sto-6g/B-B_1.87_sto-6g_as-002-002_jw.dat
B-B,1.87,sto-6g,2,2,4,fermionic_commutation_then_JW,23,32,2,2,1,2.0405032222763268e-05,1.4210854715202004e-14,/Users/a_lee/Repos/qhat/demo_L_sweep_library/B-B/1.87/sto-6g/B-B_1.87_sto-6g_as-002-002_jw.dat
B-B,1.87,sto-6g,2,2,4,fermionic_commutation_then_JW,23,32,2,2,2,5.10045225146498e-06,1.4210854715202004e-14,/Users/a_lee/Repos/qhat/demo_L_sweep_library/B-B/1.87/sto-6g/B-B_1.87_sto-6g_as-002-002_jw.dat
B-B,1.87,sto-6g,2,2,4,fermionic_commutation_then_JW,23,32,2,2,5,8.160362739163938e-07,1.4210854715202004e-14,/Users/a_lee/Repos/qhat/demo_L_sweep_library/B-B/1.87/sto-6g/B-B_1.87_sto-6g_as-002-002_jw.dat
B-B,1.87,sto-6g,2,2,4,fermionic_commutation_then_JW,23,32,2,2,10,2.0400778827889918e-07,1.4210854715202004e-14,/Users/a_lee/Repos/qhat/demo_L_sweep_library/B-B/1.87/sto-6g/B-B_1.87_sto-6g_as-002-002_jw.dat
B-B,1.87,sto-6g,2,2,4,JW_Pauli_string_commutation,15,16,2,1,1,0.0011346790505172629,1.4210854715202004e-14,/Users/a_lee/Repos/qhat/demo_L_sweep_library/B-B/1.87/sto-6g/B-B_1.87_sto-6g_as-002-002_jw.dat
B-B,1.87,sto-6g,2,2,4,JW_Pauli_string_commutation,15,16,2,1,2,0.0005672625401855654,1.4210854715202004e-14,/Users/a_lee/Repos/qhat/demo_L_sweep_library/B-B/1.87/sto-6g/B-B_1.87_sto-6g_as-002-002_jw.dat
B-B,1.87,sto-6g,2,2,4,JW_Pauli_string_commutation,15,16,2,1,5,0.00022689639484616415,1.4210854715202004e-14,/Users/a_lee/Repos/qhat/demo_L_sweep_library/B-B/1.87/sto-6g/B-B_1.87_sto-6g_as-002-002_jw.dat
B-B,1.87,sto-6g,2,2,4,JW_Pauli_string_commutation,15,16,2,1,10,0.00011344758164234166,1.4210854715202004e-14,/Users/a_lee/Repos/qhat/demo_L_sweep_library/B-B/1.87/sto-6g/B-B_1.87_sto-6g_as-002-002_jw.dat
B-B,1.87,sto-6g,2,2,4,JW_Pauli_string_commutation,15,16,2,2,1,1.2882312679797537e-05,1.4210854715202004e-14,/Users/a_lee/Repos/qhat/demo_L_sweep_library/B-B/1.87/sto-6g/B-B_1.87_sto-6g_as-002-002_jw.dat
B-B,1.87,sto-6g,2,2,4,JW_Pauli_string_commutation,15,16,2,2,2,3.219895205556724e-06,1.4210854715202004e-14,/Users/a_lee/Repos/qhat/demo_L_sweep_library/B-B/1.87/sto-6g/B-B_1.87_sto-6g_as-002-002_jw.dat
B-B,1.87,sto-6g,2,2,4,JW_Pauli_string_commutation,15,16,2,2,5,5.151526394635029e-07,1.4210854715202004e-14,/Users/a_lee/Repos/qhat/demo_L_sweep_library/B-B/1.87/sto-6g/B-B_1.87_sto-6g_as-002-002_jw.dat
B-B,1.87,sto-6g,2,2,4,JW_Pauli_string_commutation,15,16,2,2,10,1.2878706751228185e-07,1.4210854715202004e-14,/Users/a_lee/Repos/qhat/demo_L_sweep_library/B-B/1.87/sto-6g/B-B_1.87_sto-6g_as-002-002_jw.dat
B-B,1.87,sto-6g,2,4,6,fermionic_commutation_then_JW,55,360,4,1,1,0.028015937602266207,1.4210854715202004e-14,/Users/a_lee/Repos/qhat/demo_L_sweep_library/B-B/1.87/sto-6g/B-B_1.87_sto-6g_as-002-004_jw.dat
B-B,1.87,sto-6g,2,4,6,fermionic_commutation_then_JW,55,360,4,1,2,0.014930262969459148,1.4210854715202004e-14,/Users/a_lee/Repos/qhat/demo_L_sweep_library/B-B/1.87/sto-6g/B-B_1.87_sto-6g_as-002-004_jw.dat
B-B,1.87,sto-6g,2,4,6,fermionic_commutation_then_JW,55,360,4,1,5,0.0060778031012898226,1.4210854715202004e-14,/Users/a_lee/Repos/qhat/demo_L_sweep_library/B-B/1.87/sto-6g/B-B_1.87_sto-6g_as-002-004_jw.dat
B-B,1.87,sto-6g,2,4,6,fermionic_commutation_then_JW,55,360,4,1,10,0.0030464778566488666,1.4210854715202004e-14,/Users/a_lee/Repos/qhat/demo_L_sweep_library/B-B/1.87/sto-6g/B-B_1.87_sto-6g_as-002-004_jw.dat
B-B,1.87,sto-6g,2,4,6,fermionic_commutation_then_JW,55,360,4,2,1,0.005761617072061793,1.4210854715202004e-14,/Users/a_lee/Repos/qhat/demo_L_sweep_library/B-B/1.87/sto-6g/B-B_1.87_sto-6g_as-002-004_jw.dat
B-B,1.87,sto-6g,2,4,6,fermionic_commutation_then_JW,55,360,4,2,2,0.0014918117289876966,1.4210854715202004e-14,/Users/a_lee/Repos/qhat/demo_L_sweep_library/B-B/1.87/sto-6g/B-B_1.87_sto-6g_as-002-004_jw.dat
B-B,1.87,sto-6g,2,4,6,fermionic_commutation_then_JW,55,360,4,2,5,0.00024103375553462055,1.4210854715202004e-14,/Users/a_lee/Repos/qhat/demo_L_sweep_library/B-B/1.87/sto-6g/B-B_1.87_sto-6g_as-002-004_jw.dat
B-B,1.87,sto-6g,2,4,6,fermionic_commutation_then_JW,55,360,4,2,10,6.034251606239525e-05,1.4210854715202004e-14,/Users/a_lee/Repos/qhat/demo_L_sweep_library/B-B/1.87/sto-6g/B-B_1.87_sto-6g_as-002-004_jw.dat
B-B,1.87,sto-6g,2,4,6,JW_Pauli_string_commutation,34,168,3,1,1,0.029553190114811723,1.4210854715202004e-14,/Users/a_lee/Repos/qhat/demo_L_sweep_library/B-B/1.87/sto-6g/B-B_1.87_sto-6g_as-002-004_jw.dat
B-B,1.87,sto-6g,2,4,6,JW_Pauli_string_commutation,34,168,3,1,2,0.01590202675376851,1.4210854715202004e-14,/Users/a_lee/Repos/qhat/demo_L_sweep_library/B-B/1.87/sto-6g/B-B_1.87_sto-6g_as-002-004_jw.dat
B-B,1.87,sto-6g,2,4,6,JW_Pauli_string_commutation,34,168,3,1,5,0.006490374419555669,1.4210854715202004e-14,/Users/a_lee/Repos/qhat/demo_L_sweep_library/B-B/1.87/sto-6g/B-B_1.87_sto-6g_as-002-004_jw.dat
B-B,1.87,sto-6g,2,4,6,JW_Pauli_string_commutation,34,168,3,1,10,0.0032544976589956387,1.4210854715202004e-14,/Users/a_lee/Repos/qhat/demo_L_sweep_library/B-B/1.87/sto-6g/B-B_1.87_sto-6g_as-002-004_jw.dat
B-B,1.87,sto-6g,2,4,6,JW_Pauli_string_commutation,34,168,3,2,1,0.005558403416484963,1.4210854715202004e-14,/Users/a_lee/Repos/qhat/demo_L_sweep_library/B-B/1.87/sto-6g/B-B_1.87_sto-6g_as-002-004_jw.dat
B-B,1.87,sto-6g,2,4,6,JW_Pauli_string_commutation,34,168,3,2,2,0.001437396242452689,1.4210854715202004e-14,/Users/a_lee/Repos/qhat/demo_L_sweep_library/B-B/1.87/sto-6g/B-B_1.87_sto-6g_as-002-004_jw.dat
B-B,1.87,sto-6g,2,4,6,JW_Pauli_string_commutation,34,168,3,2,5,0.00023216197878283727,1.4210854715202004e-14,/Users/a_lee/Repos/qhat/demo_L_sweep_library/B-B/1.87/sto-6g/B-B_1.87_sto-6g_as-002-004_jw.dat
B-B,1.87,sto-6g,2,4,6,JW_Pauli_string_commutation,34,168,3,2,10,5.811863738499744e-05,1.4210854715202004e-14,/Users/a_lee/Repos/qhat/demo_L_sweep_library/B-B/1.87/sto-6g/B-B_1.87_sto-6g_as-002-004_jw.dat
B-B,2.38,hgbs-5,2,2,4,fermionic_commutation_then_JW,23,32,2,1,1,0.0006981502731540826,2.842170943040401e-14,/Users/a_lee/Repos/qhat/demo_L_sweep_library/B-B/2.38/hgbs-5/B-B_2.38_hgbs-5_as-002-002_jw.dat
B-B,2.38,hgbs-5,2,2,4,fermionic_commutation_then_JW,23,32,2,1,2,0.00034896237861325893,2.842170943040401e-14,/Users/a_lee/Repos/qhat/demo_L_sweep_library/B-B/2.38/hgbs-5/B-B_2.38_hgbs-5_as-002-002_jw.dat
B-B,2.38,hgbs-5,2,2,4,fermionic_commutation_then_JW,23,32,2,1,5,0.00013957233206787228,2.842170943040401e-14,/Users/a_lee/Repos/qhat/demo_L_sweep_library/B-B/2.38/hgbs-5/B-B_2.38_hgbs-5_as-002-002_jw.dat
B-B,2.38,hgbs-5,2,2,4,fermionic_commutation_then_JW,23,32,2,1,10,6.978526482504095e-05,2.842170943040401e-14,/Users/a_lee/Repos/qhat/demo_L_sweep_library/B-B/2.38/hgbs-5/B-B_2.38_hgbs-5_as-002-002_jw.dat
B-B,2.38,hgbs-5,2,2,4,fermionic_commutation_then_JW,23,32,2,2,1,2.0422947239805974e-05,2.842170943040401e-14,/Users/a_lee/Repos/qhat/demo_L_sweep_library/B-B/2.38/hgbs-5/B-B_2.38_hgbs-5_as-002-002_jw.dat
B-B,2.38,hgbs-5,2,2,4,fermionic_commutation_then_JW,23,32,2,2,2,5.10376212165885e-06,2.842170943040401e-14,/Users/a_lee/Repos/qhat/demo_L_sweep_library/B-B/2.38/hgbs-5/B-B_2.38_hgbs-5_as-002-002_jw.dat
B-B,2.38,hgbs-5,2,2,4,fermionic_commutation_then_JW,23,32,2,2,5,8.165135426774917e-07,2.842170943040401e-14,/Users/a_lee/Repos/qhat/demo_L_sweep_library/B-B/2.38/hgbs-5/B-B_2.38_hgbs-5_as-002-002_jw.dat
B-B,2.38,hgbs-5,2,2,4,fermionic_commutation_then_JW,23,32,2,2,10,2.0412523746741676e-07,2.842170943040401e-14,/Users/a_lee/Repos/qhat/demo_L_sweep_library/B-B/2.38/hgbs-5/B-B_2.38_hgbs-5_as-002-002_jw.dat
B-B,2.38,hgbs-5,2,2,4,JW_Pauli_string_commutation,15,16,2,1,1,0.0006981502731502523,2.842170943040401e-14,/Users/a_lee/Repos/qhat/demo_L_sweep_library/B-B/2.38/hgbs-5/B-B_2.38_hgbs-5_as-002-002_jw.dat
B-B,2.38,hgbs-5,2,2,4,JW_Pauli_string_commutation,15,16,2,1,2,0.000348962378609378,2.842170943040401e-14,/Users/a_lee/Repos/qhat/demo_L_sweep_library/B-B/2.38/hgbs-5/B-B_2.38_hgbs-5_as-002-002_jw.dat
B-B,2.38,hgbs-5,2,2,4,JW_Pauli_string_commutation,15,16,2,1,5,0.00013957233206321023,2.842170943040401e-14,/Users/a_lee/Repos/qhat/demo_L_sweep_library/B-B/2.38/hgbs-5/B-B_2.38_hgbs-5_as-002-002_jw.dat
B-B,2.38,hgbs-5,2,2,4,JW_Pauli_string_commutation,15,16,2,1,10,6.978526482008602e-05,2.842170943040401e-14,/Users/a_lee/Repos/qhat/demo_L_sweep_library/B-B/2.38/hgbs-5/B-B_2.38_hgbs-5_as-002-002_jw.dat
B-B,2.38,hgbs-5,2,2,4,JW_Pauli_string_commutation,15,16,2,2,1,1.0372162034804121e-05,2.842170943040401e-14,/Users/a_lee/Repos/qhat/demo_L_sweep_library/B-B/2.38/hgbs-5/B-B_2.38_hgbs-5_as-002-002_jw.dat
B-B,2.38,hgbs-5,2,2,4,JW_Pauli_string_commutation,15,16,2,2,2,2.5913204632548895e-06,2.842170943040401e-14,/Users/a_lee/Repos/qhat/demo_L_sweep_library/B-B/2.38/hgbs-5/B-B_2.38_hgbs-5_as-002-002_jw.dat
B-B,2.38,hgbs-5,2,2,4,JW_Pauli_string_commutation,15,16,2,2,5,4.145342793271396e-07,2.842170943040401e-14,/Users/a_lee/Repos/qhat/demo_L_sweep_library/B-B/2.38/hgbs-5/B-B_2.38_hgbs-5_as-002-002_jw.dat
B-B,2.38,hgbs-5,2,2,4,JW_Pauli_string_commutation,15,16,2,2,10,1.0363082529044607e-07,2.842170943040401e-14,/Users/a_lee/Repos/qhat/demo_L_sweep_library/B-B/2.38/hgbs-5/B-B_2.38_hgbs-5_as-002-002_jw.dat
B-B,2.38,hgbs-5,2,4,6,fermionic_commutation_then_JW,55,360,4,1,1,0.008352222338649217,9.947598300641403e-14,/Users/a_lee/Repos/qhat/demo_L_sweep_library/B-B/2.38/hgbs-5/B-B_2.38_hgbs-5_as-002-004_jw.dat
B-B,2.38,hgbs-5,2,4,6,fermionic_commutation_then_JW,55,360,4,1,2,0.0043399823265707505,9.947598300641403e-14,/Users/a_lee/Repos/qhat/demo_L_sweep_library/B-B/2.38/hgbs-5/B-B_2.38_hgbs-5_as-002-004_jw.dat
B-B,2.38,hgbs-5,2,4,6,fermionic_commutation_then_JW,55,360,4,1,5,0.001754614660478951,9.947598300641403e-14,/Users/a_lee/Repos/qhat/demo_L_sweep_library/B-B/2.38/hgbs-5/B-B_2.38_hgbs-5_as-002-004_jw.dat
B-B,2.38,hgbs-5,2,4,6,fermionic_commutation_then_JW,55,360,4,1,10,0.0008786419898732542,9.947598300641403e-14,/Users/a_lee/Repos/qhat/demo_L_sweep_library/B-B/2.38/hgbs-5/B-B_2.38_hgbs-5_as-002-004_jw.dat
B-B,2.38,hgbs-5,2,4,6,fermionic_commutation_then_JW,55,360,4,2,1,0.001208263775203078,9.947598300641403e-14,/Users/a_lee/Repos/qhat/demo_L_sweep_library/B-B/2.38/hgbs-5/B-B_2.38_hgbs-5_as-002-004_jw.dat
B-B,2.38,hgbs-5,2,4,6,fermionic_commutation_then_JW,55,360,4,2,2,0.00030802059198959563,9.947598300641403e-14,/Users/a_lee/Repos/qhat/demo_L_sweep_library/B-B/2.38/hgbs-5/B-B_2.38_hgbs-5_as-002-004_jw.dat
B-B,2.38,hgbs-5,2,4,6,fermionic_commutation_then_JW,55,360,4,2,5,4.95527363743234e-05,9.947598300641403e-14,/Users/a_lee/Repos/qhat/demo_L_sweep_library/B-B/2.38/hgbs-5/B-B_2.38_hgbs-5_as-002-004_jw.dat
B-B,2.38,hgbs-5,2,4,6,fermionic_commutation_then_JW,55,360,4,2,10,1.2397830985466112e-05,9.947598300641403e-14,/Users/a_lee/Repos/qhat/demo_L_sweep_library/B-B/2.38/hgbs-5/B-B_2.38_hgbs-5_as-002-004_jw.dat
B-B,2.38,hgbs-5,2,4,6,JW_Pauli_string_commutation,34,168,3,1,1,0.003606999467319443,9.947598300641403e-14,/Users/a_lee/Repos/qhat/demo_L_sweep_library/B-B/2.38/hgbs-5/B-B_2.38_hgbs-5_as-002-004_jw.dat
B-B,2.38,hgbs-5,2,4,6,JW_Pauli_string_commutation,34,168,3,1,2,0.0018135215075550516,9.947598300641403e-14,/Users/a_lee/Repos/qhat/demo_L_sweep_library/B-B/2.38/hgbs-5/B-B_2.38_hgbs-5_as-002-004_jw.dat
B-B,2.38,hgbs-5,2,4,6,JW_Pauli_string_commutation,34,168,3,1,5,0.0007265197082314542,9.947598300641403e-14,/Users/a_lee/Repos/qhat/demo_L_sweep_library/B-B/2.38/hgbs-5/B-B_2.38_hgbs-5_as-002-004_jw.dat
B-B,2.38,hgbs-5,2,4,6,JW_Pauli_string_commutation,34,168,3,1,10,0.0003633367543169237,9.947598300641403e-14,/Users/a_lee/Repos/qhat/demo_L_sweep_library/B-B/2.38/hgbs-5/B-B_2.38_hgbs-5_as-002-004_jw.dat
B-B,2.38,hgbs-5,2,4,6,JW_Pauli_string_commutation,34,168,3,2,1,0.00012377023160988325,9.947598300641403e-14,/Users/a_lee/Repos/qhat/demo_L_sweep_library/B-B/2.38/hgbs-5/B-B_2.38_hgbs-5_as-002-004_jw.dat
B-B,2.38,hgbs-5,2,4,6,JW_Pauli_string_commutation,34,168,3,2,2,3.09795929695102e-05,9.947598300641403e-14,/Users/a_lee/Repos/qhat/demo_L_sweep_library/B-B/2.38/hgbs-5/B-B_2.38_hgbs-5_as-002-004_jw.dat
B-B,2.38,hgbs-5,2,4,6,JW_Pauli_string_commutation,34,168,3,2,5,4.958395422841813e-06,9.947598300641403e-14,/Users/a_lee/Repos/qhat/demo_L_sweep_library/B-B/2.38/hgbs-5/B-B_2.38_hgbs-5_as-002-004_jw.dat
B-B,2.38,hgbs-5,2,4,6,JW_Pauli_string_commutation,34,168,3,2,10,1.2396581701141706e-06,9.947598300641403e-14,/Users/a_lee/Repos/qhat/demo_L_sweep_library/B-B/2.38/hgbs-5/B-B_2.38_hgbs-5_as-002-004_jw.dat
B-B,2.38,sto-6g,2,2,4,fermionic_commutation_then_JW,23,32,2,1,1,0.001263484664570412,2.842170943040401e-14,/Users/a_lee/Repos/qhat/demo_L_sweep_library/B-B/2.38/sto-6g/B-B_2.38_sto-6g_as-002-002_jw.dat
B-B,2.38,sto-6g,2,2,4,fermionic_commutation_then_JW,23,32,2,1,2,0.0006316139094526863,2.842170943040401e-14,/Users/a_lee/Repos/qhat/demo_L_sweep_library/B-B/2.38/sto-6g/B-B_2.38_sto-6g_as-002-002_jw.dat
B-B,2.38,sto-6g,2,2,4,fermionic_commutation_then_JW,23,32,2,1,5,0.0002526311851199238,2.842170943040401e-14,/Users/a_lee/Repos/qhat/demo_L_sweep_library/B-B/2.38/sto-6g/B-B_2.38_sto-6g_as-002-002_jw.dat
B-B,2.38,sto-6g,2,2,4,fermionic_commutation_then_JW,23,32,2,1,10,0.00012631456559872008,2.842170943040401e-14,/Users/a_lee/Repos/qhat/demo_L_sweep_library/B-B/2.38/sto-6g/B-B_2.38_sto-6g_as-002-002_jw.dat
B-B,2.38,sto-6g,2,2,4,fermionic_commutation_then_JW,23,32,2,2,1,2.8604140346057376e-05,2.842170943040401e-14,/Users/a_lee/Repos/qhat/demo_L_sweep_library/B-B/2.38/sto-6g/B-B_2.38_sto-6g_as-002-002_jw.dat
B-B,2.38,sto-6g,2,2,4,fermionic_commutation_then_JW,23,32,2,2,2,7.149320106627952e-06,2.842170943040401e-14,/Users/a_lee/Repos/qhat/demo_L_sweep_library/B-B/2.38/sto-6g/B-B_2.38_sto-6g_as-002-002_jw.dat
B-B,2.38,sto-6g,2,2,4,fermionic_commutation_then_JW,23,32,2,2,5,1.1438144106614022e-06,2.842170943040401e-14,/Users/a_lee/Repos/qhat/demo_L_sweep_library/B-B/2.38/sto-6g/B-B_2.38_sto-6g_as-002-002_jw.dat
B-B,2.38,sto-6g,2,2,4,fermionic_commutation_then_JW,23,32,2,2,10,2.859508650590381e-07,2.842170943040401e-14,/Users/a_lee/Repos/qhat/demo_L_sweep_library/B-B/2.38/sto-6g/B-B_2.38_sto-6g_as-002-002_jw.dat
B-B,2.38,sto-6g,2,2,4,JW_Pauli_string_commutation,15,16,2,1,1,0.0012634846645679888,2.842170943040401e-14,/Users/a_lee/Repos/qhat/demo_L_sweep_library/B-B/2.38/sto-6g/B-B_2.38_sto-6g_as-002-002_jw.dat
B-B,2.38,sto-6g,2,2,4,JW_Pauli_string_commutation,15,16,2,1,2,0.000631613909450671,2.842170943040401e-14,/Users/a_lee/Repos/qhat/demo_L_sweep_library/B-B/2.38/sto-6g/B-B_2.38_sto-6g_as-002-002_jw.dat
B-B,2.38,sto-6g,2,2,4,JW_Pauli_string_commutation,15,16,2,1,5,0.00025263118511688586,2.842170943040401e-14,/Users/a_lee/Repos/qhat/demo_L_sweep_library/B-B/2.38/sto-6g/B-B_2.38_sto-6g_as-002-002_jw.dat
B-B,2.38,sto-6g,2,2,4,JW_Pauli_string_commutation,15,16,2,1,10,0.0001263145655958079,2.842170943040401e-14,/Users/a_lee/Repos/qhat/demo_L_sweep_library/B-B/2.38/sto-6g/B-B_2.38_sto-6g_as-002-002_jw.dat
B-B,2.38,sto-6g,2,2,4,JW_Pauli_string_commutation,15,16,2,2,1,1.622965919314325e-05,2.842170943040401e-14,/Users/a_lee/Repos/qhat/demo_L_sweep_library/B-B/2.38/sto-6g/B-B_2.38_sto-6g_as-002-002_jw.dat
B-B,2.38,sto-6g,2,2,4,JW_Pauli_string_commutation,15,16,2,2,2,4.055955439598393e-06,2.842170943040401e-14,/Users/a_lee/Repos/qhat/demo_L_sweep_library/B-B/2.38/sto-6g/B-B_2.38_sto-6g_as-002-002_jw.dat
B-B,2.38,sto-6g,2,2,4,JW_Pauli_string_commutation,15,16,2,2,5,6.488875126809362e-07,2.842170943040401e-14,/Users/a_lee/Repos/qhat/demo_L_sweep_library/B-B/2.38/sto-6g/B-B_2.38_sto-6g_as-002-002_jw.dat
B-B,2.38,sto-6g,2,2,4,JW_Pauli_string_commutation,15,16,2,2,10,1.6221954258955578e-07,2.842170943040401e-14,/Users/a_lee/Repos/qhat/demo_L_sweep_library/B-B/2.38/sto-6g/B-B_2.38_sto-6g_as-002-002_jw.dat
B-B,2.38,sto-6g,2,4,6,fermionic_commutation_then_JW,55,360,4,1,1,0.022058913343186007,7.105427357601002e-14,/Users/a_lee/Repos/qhat/demo_L_sweep_library/B-B/2.38/sto-6g/B-B_2.38_sto-6g_as-002-004_jw.dat
B-B,2.38,sto-6g,2,4,6,fermionic_commutation_then_JW,55,360,4,1,2,0.011586519648462981,7.105427357601002e-14,/Users/a_lee/Repos/qhat/demo_L_sweep_library/B-B/2.38/sto-6g/B-B_2.38_sto-6g_as-002-004_jw.dat
B-B,2.38,sto-6g,2,4,6,fermionic_commutation_then_JW,55,360,4,1,5,0.0046980945726523915,7.105427357601002e-14,/Users/a_lee/Repos/qhat/demo_L_sweep_library/B-B/2.38/sto-6g/B-B_2.38_sto-6g_as-002-004_jw.dat
B-B,2.38,sto-6g,2,4,6,fermionic_commutation_then_JW,55,360,4,1,10,0.002353589860653087,7.105427357601002e-14,/Users/a_lee/Repos/qhat/demo_L_sweep_library/B-B/2.38/sto-6g/B-B_2.38_sto-6g_as-002-004_jw.dat
B-B,2.38,sto-6g,2,4,6,fermionic_commutation_then_JW,55,360,4,2,1,0.004004251294395474,7.105427357601002e-14,/Users/a_lee/Repos/qhat/demo_L_sweep_library/B-B/2.38/sto-6g/B-B_2.38_sto-6g_as-002-004_jw.dat
B-B,2.38,sto-6g,2,4,6,fermionic_commutation_then_JW,55,360,4,2,2,0.0010289358616687328,7.105427357601002e-14,/Users/a_lee/Repos/qhat/demo_L_sweep_library/B-B/2.38/sto-6g/B-B_2.38_sto-6g_as-002-004_jw.dat
B-B,2.38,sto-6g,2,4,6,fermionic_commutation_then_JW,55,360,4,2,5,0.00016589571193434448,7.105427357601002e-14,/Users/a_lee/Repos/qhat/demo_L_sweep_library/B-B/2.38/sto-6g/B-B_2.38_sto-6g_as-002-004_jw.dat
B-B,2.38,sto-6g,2,4,6,fermionic_commutation_then_JW,55,360,4,2,10,4.151929635969148e-05,7.105427357601002e-14,/Users/a_lee/Repos/qhat/demo_L_sweep_library/B-B/2.38/sto-6g/B-B_2.38_sto-6g_as-002-004_jw.dat
B-B,2.38,sto-6g,2,4,6,JW_Pauli_string_commutation,34,168,3,1,1,0.02619144758599636,7.105427357601002e-14,/Users/a_lee/Repos/qhat/demo_L_sweep_library/B-B/2.38/sto-6g/B-B_2.38_sto-6g_as-002-004_jw.dat
B-B,2.38,sto-6g,2,4,6,JW_Pauli_string_commutation,34,168,3,1,2,0.014123310790861715,7.105427357601002e-14,/Users/a_lee/Repos/qhat/demo_L_sweep_library/B-B/2.38/sto-6g/B-B_2.38_sto-6g_as-002-004_jw.dat
B-B,2.38,sto-6g,2,4,6,JW_Pauli_string_commutation,34,168,3,1,5,0.005767712012575326,7.105427357601002e-14,/Users/a_lee/Repos/qhat/demo_L_sweep_library/B-B/2.38/sto-6g/B-B_2.38_sto-6g_as-002-004_jw.dat
B-B,2.38,sto-6g,2,4,6,JW_Pauli_string_commutation,34,168,3,1,10,0.0028923639107706254,7.105427357601002e-14,/Users/a_lee/Repos/qhat/demo_L_sweep_library/B-B/2.38/sto-6g/B-B_2.38_sto-6g_as-002-004_jw.dat
B-B,2.38,sto-6g,2,4,6,JW_Pauli_string_commutation,34,168,3,2,1,0.004913409630425823,7.105427357601002e-14,/Users/a_lee/Repos/qhat/demo_L_sweep_library/B-B/2.38/sto-6g/B-B_2.38_sto-6g_as-002-004_jw.dat
B-B,2.38,sto-6g,2,4,6,JW_Pauli_string_commutation,34,168,3,2,2,0.0012708287027843807,7.105427357601002e-14,/Users/a_lee/Repos/qhat/demo_L_sweep_library/B-B/2.38/sto-6g/B-B_2.38_sto-6g_as-002-004_jw.dat
B-B,2.38,sto-6g,2,4,6,JW_Pauli_string_commutation,34,168,3,2,5,0.0002052687566767628,7.105427357601002e-14,/Users/a_lee/Repos/qhat/demo_L_sweep_library/B-B/2.38/sto-6g/B-B_2.38_sto-6g_as-002-004_jw.dat
B-B,2.38,sto-6g,2,4,6,JW_Pauli_string_commutation,34,168,3,2,10,5.138663715093226e-05,7.105427357601002e-14,/Users/a_lee/Repos/qhat/demo_L_sweep_library/B-B/2.38/sto-6g/B-B_2.38_sto-6g_as-002-004_jw.dat
B-H,0.94,hgbs-5,2,2,4,fermionic_commutation_then_JW,23,32,2,1,1,0.002580390124483539,1.4210854715202004e-14,/Users/a_lee/Repos/qhat/demo_L_sweep_library/B-H/0.94/hgbs-5/B-H_0.94_hgbs-5_as-002-002_jw.dat
B-H,0.94,hgbs-5,2,2,4,fermionic_commutation_then_JW,23,32,2,1,2,0.0012825811838462044,1.4210854715202004e-14,/Users/a_lee/Repos/qhat/demo_L_sweep_library/B-H/0.94/hgbs-5/B-H_0.94_hgbs-5_as-002-002_jw.dat
B-H,0.94,hgbs-5,2,2,4,fermionic_commutation_then_JW,23,32,2,1,5,0.0005121918157832288,1.4210854715202004e-14,/Users/a_lee/Repos/qhat/demo_L_sweep_library/B-H/0.94/hgbs-5/B-H_0.94_hgbs-5_as-002-002_jw.dat
B-H,0.94,hgbs-5,2,2,4,fermionic_commutation_then_JW,23,32,2,1,10,0.0002560360737263314,1.4210854715202004e-14,/Users/a_lee/Repos/qhat/demo_L_sweep_library/B-H/0.94/hgbs-5/B-H_0.94_hgbs-5_as-002-002_jw.dat
B-H,0.94,hgbs-5,2,2,4,fermionic_commutation_then_JW,23,32,2,2,1,0.00032242745947041546,1.4210854715202004e-14,/Users/a_lee/Repos/qhat/demo_L_sweep_library/B-H/0.94/hgbs-5/B-H_0.94_hgbs-5_as-002-002_jw.dat
B-H,0.94,hgbs-5,2,2,4,fermionic_commutation_then_JW,23,32,2,2,2,8.003801424311207e-05,1.4210854715202004e-14,/Users/a_lee/Repos/qhat/demo_L_sweep_library/B-H/0.94/hgbs-5/B-H_0.94_hgbs-5_as-002-002_jw.dat
B-H,0.94,hgbs-5,2,2,4,fermionic_commutation_then_JW,23,32,2,2,5,1.2780924103545496e-05,1.4210854715202004e-14,/Users/a_lee/Repos/qhat/demo_L_sweep_library/B-H/0.94/hgbs-5/B-H_0.94_hgbs-5_as-002-002_jw.dat
B-H,0.94,hgbs-5,2,2,4,fermionic_commutation_then_JW,23,32,2,2,10,3.1943353958553972e-06,1.4210854715202004e-14,/Users/a_lee/Repos/qhat/demo_L_sweep_library/B-H/0.94/hgbs-5/B-H_0.94_hgbs-5_as-002-002_jw.dat
B-H,0.94,hgbs-5,2,2,4,JW_Pauli_string_commutation,15,16,2,1,1,0.0025803901244856133,1.4210854715202004e-14,/Users/a_lee/Repos/qhat/demo_L_sweep_library/B-H/0.94/hgbs-5/B-H_0.94_hgbs-5_as-002-002_jw.dat
B-H,0.94,hgbs-5,2,2,4,JW_Pauli_string_commutation,15,16,2,1,2,0.0012825811838481135,1.4210854715202004e-14,/Users/a_lee/Repos/qhat/demo_L_sweep_library/B-H/0.94/hgbs-5/B-H_0.94_hgbs-5_as-002-002_jw.dat
B-H,0.94,hgbs-5,2,2,4,JW_Pauli_string_commutation,15,16,2,1,5,0.0005121918157865625,1.4210854715202004e-14,/Users/a_lee/Repos/qhat/demo_L_sweep_library/B-H/0.94/hgbs-5/B-H_0.94_hgbs-5_as-002-002_jw.dat
B-H,0.94,hgbs-5,2,2,4,JW_Pauli_string_commutation,15,16,2,1,10,0.0002560360737319851,1.4210854715202004e-14,/Users/a_lee/Repos/qhat/demo_L_sweep_library/B-H/0.94/hgbs-5/B-H_0.94_hgbs-5_as-002-002_jw.dat
B-H,0.94,hgbs-5,2,2,4,JW_Pauli_string_commutation,15,16,2,2,1,0.00016245668435426301,1.4210854715202004e-14,/Users/a_lee/Repos/qhat/demo_L_sweep_library/B-H/0.94/hgbs-5/B-H_0.94_hgbs-5_as-002-002_jw.dat
B-H,0.94,hgbs-5,2,2,4,JW_Pauli_string_commutation,15,16,2,2,2,4.01156397951592e-05,1.4210854715202004e-14,/Users/a_lee/Repos/qhat/demo_L_sweep_library/B-H/0.94/hgbs-5/B-H_0.94_hgbs-5_as-002-002_jw.dat
B-H,0.94,hgbs-5,2,2,4,JW_Pauli_string_commutation,15,16,2,2,5,6.396484548779774e-06,1.4210854715202004e-14,/Users/a_lee/Repos/qhat/demo_L_sweep_library/B-H/0.94/hgbs-5/B-H_0.94_hgbs-5_as-002-002_jw.dat
B-H,0.94,hgbs-5,2,2,4,JW_Pauli_string_commutation,15,16,2,2,10,1.5983375772615797e-06,1.4210854715202004e-14,/Users/a_lee/Repos/qhat/demo_L_sweep_library/B-H/0.94/hgbs-5/B-H_0.94_hgbs-5_as-002-002_jw.dat
B-H,0.94,hgbs-5,2,4,6,fermionic_commutation_then_JW,55,360,4,1,1,0.0066642537144059755,2.1316282072803006e-14,/Users/a_lee/Repos/qhat/demo_L_sweep_library/B-H/0.94/hgbs-5/B-H_0.94_hgbs-5_as-002-004_jw.dat
B-H,0.94,hgbs-5,2,4,6,fermionic_commutation_then_JW,55,360,4,1,2,0.003404500412807451,2.1316282072803006e-14,/Users/a_lee/Repos/qhat/demo_L_sweep_library/B-H/0.94/hgbs-5/B-H_0.94_hgbs-5_as-002-004_jw.dat
B-H,0.94,hgbs-5,2,4,6,fermionic_commutation_then_JW,55,360,4,1,5,0.0013699475497310457,2.1316282072803006e-14,/Users/a_lee/Repos/qhat/demo_L_sweep_library/B-H/0.94/hgbs-5/B-H_0.94_hgbs-5_as-002-004_jw.dat
B-H,0.94,hgbs-5,2,4,6,fermionic_commutation_then_JW,55,360,4,1,10,0.0006855515219793373,2.1316282072803006e-14,/Users/a_lee/Repos/qhat/demo_L_sweep_library/B-H/0.94/hgbs-5/B-H_0.94_hgbs-5_as-002-004_jw.dat
B-H,0.94,hgbs-5,2,4,6,fermionic_commutation_then_JW,55,360,4,2,1,0.001209736270795405,2.1316282072803006e-14,/Users/a_lee/Repos/qhat/demo_L_sweep_library/B-H/0.94/hgbs-5/B-H_0.94_hgbs-5_as-002-004_jw.dat
B-H,0.94,hgbs-5,2,4,6,fermionic_commutation_then_JW,55,360,4,2,2,0.00030711597590842786,2.1316282072803006e-14,/Users/a_lee/Repos/qhat/demo_L_sweep_library/B-H/0.94/hgbs-5/B-H_0.94_hgbs-5_as-002-004_jw.dat
B-H,0.94,hgbs-5,2,4,6,fermionic_commutation_then_JW,55,360,4,2,5,4.934946949188247e-05,2.1316282072803006e-14,/Users/a_lee/Repos/qhat/demo_L_sweep_library/B-H/0.94/hgbs-5/B-H_0.94_hgbs-5_as-002-004_jw.dat
B-H,0.94,hgbs-5,2,4,6,fermionic_commutation_then_JW,55,360,4,2,10,1.2344910406250688e-05,2.1316282072803006e-14,/Users/a_lee/Repos/qhat/demo_L_sweep_library/B-H/0.94/hgbs-5/B-H_0.94_hgbs-5_as-002-004_jw.dat
B-H,0.94,hgbs-5,2,4,6,JW_Pauli_string_commutation,34,168,3,1,1,0.003988881577926673,2.1316282072803006e-14,/Users/a_lee/Repos/qhat/demo_L_sweep_library/B-H/0.94/hgbs-5/B-H_0.94_hgbs-5_as-002-004_jw.dat
B-H,0.94,hgbs-5,2,4,6,JW_Pauli_string_commutation,34,168,3,1,2,0.0019975393424014496,2.1316282072803006e-14,/Users/a_lee/Repos/qhat/demo_L_sweep_library/B-H/0.94/hgbs-5/B-H_0.94_hgbs-5_as-002-004_jw.dat
B-H,0.94,hgbs-5,2,4,6,JW_Pauli_string_commutation,34,168,3,1,5,0.000799346498065721,2.1316282072803006e-14,/Users/a_lee/Repos/qhat/demo_L_sweep_library/B-H/0.94/hgbs-5/B-H_0.94_hgbs-5_as-002-004_jw.dat
B-H,0.94,hgbs-5,2,4,6,JW_Pauli_string_commutation,34,168,3,1,10,0.0003996934105777519,2.1316282072803006e-14,/Users/a_lee/Repos/qhat/demo_L_sweep_library/B-H/0.94/hgbs-5/B-H_0.94_hgbs-5_as-002-004_jw.dat
B-H,0.94,hgbs-5,2,4,6,JW_Pauli_string_commutation,34,168,3,2,1,0.00047784712573922843,2.1316282072803006e-14,/Users/a_lee/Repos/qhat/demo_L_sweep_library/B-H/0.94/hgbs-5/B-H_0.94_hgbs-5_as-002-004_jw.dat
B-H,0.94,hgbs-5,2,4,6,JW_Pauli_string_commutation,34,168,3,2,2,0.00011955195221267417,2.1316282072803006e-14,/Users/a_lee/Repos/qhat/demo_L_sweep_library/B-H/0.94/hgbs-5/B-H_0.94_hgbs-5_as-002-004_jw.dat
B-H,0.94,hgbs-5,2,4,6,JW_Pauli_string_commutation,34,168,3,2,5,1.9132396011963062e-05,2.1316282072803006e-14,/Users/a_lee/Repos/qhat/demo_L_sweep_library/B-H/0.94/hgbs-5/B-H_0.94_hgbs-5_as-002-004_jw.dat
B-H,0.94,hgbs-5,2,4,6,JW_Pauli_string_commutation,34,168,3,2,10,4.783245235599612e-06,2.1316282072803006e-14,/Users/a_lee/Repos/qhat/demo_L_sweep_library/B-H/0.94/hgbs-5/B-H_0.94_hgbs-5_as-002-004_jw.dat
B-H,0.94,sto-6g,2,2,4,fermionic_commutation_then_JW,23,32,2,1,1,0.008804769413171775,1.4210854715202004e-14,/Users/a_lee/Repos/qhat/demo_L_sweep_library/B-H/0.94/sto-6g/B-H_0.94_sto-6g_as-002-002_jw.dat
B-H,0.94,sto-6g,2,2,4,fermionic_commutation_then_JW,23,32,2,1,2,0.00439849285445298,1.4210854715202004e-14,/Users/a_lee/Repos/qhat/demo_L_sweep_library/B-H/0.94/sto-6g/B-H_0.94_sto-6g_as-002-002_jw.dat
B-H,0.94,sto-6g,2,2,4,fermionic_commutation_then_JW,23,32,2,1,5,0.0017589613697658378,1.4210854715202004e-14,/Users/a_lee/Repos/qhat/demo_L_sweep_library/B-H/0.94/sto-6g/B-H_0.94_sto-6g_as-002-002_jw.dat
B-H,0.94,sto-6g,2,2,4,fermionic_commutation_then_JW,23,32,2,1,10,0.0008794495604021503,1.4210854715202004e-14,/Users/a_lee/Repos/qhat/demo_L_sweep_library/B-H/0.94/sto-6g/B-H_0.94_sto-6g_as-002-002_jw.dat
B-H,0.94,sto-6g,2,2,4,fermionic_commutation_then_JW,23,32,2,2,1,0.00038993320541253835,1.4210854715202004e-14,/Users/a_lee/Repos/qhat/demo_L_sweep_library/B-H/0.94/sto-6g/B-H_0.94_sto-6g_as-002-002_jw.dat
B-H,0.94,sto-6g,2,2,4,fermionic_commutation_then_JW,23,32,2,2,2,9.73842155573274e-05,1.4210854715202004e-14,/Users/a_lee/Repos/qhat/demo_L_sweep_library/B-H/0.94/sto-6g/B-H_0.94_sto-6g_as-002-002_jw.dat
B-H,0.94,sto-6g,2,2,4,fermionic_commutation_then_JW,23,32,2,2,5,1.5577035510367423e-05,1.4210854715202004e-14,/Users/a_lee/Repos/qhat/demo_L_sweep_library/B-H/0.94/sto-6g/B-H_0.94_sto-6g_as-002-002_jw.dat
B-H,0.94,sto-6g,2,2,4,fermionic_commutation_then_JW,23,32,2,2,10,3.894100346952088e-06,1.4210854715202004e-14,/Users/a_lee/Repos/qhat/demo_L_sweep_library/B-H/0.94/sto-6g/B-H_0.94_sto-6g_as-002-002_jw.dat
B-H,0.94,sto-6g,2,2,4,JW_Pauli_string_commutation,15,16,2,1,1,0.008804769413168805,1.4210854715202004e-14,/Users/a_lee/Repos/qhat/demo_L_sweep_library/B-H/0.94/sto-6g/B-H_0.94_sto-6g_as-002-002_jw.dat
B-H,0.94,sto-6g,2,2,4,JW_Pauli_string_commutation,15,16,2,1,2,0.004398492854449915,1.4210854715202004e-14,/Users/a_lee/Repos/qhat/demo_L_sweep_library/B-H/0.94/sto-6g/B-H_0.94_sto-6g_as-002-002_jw.dat
B-H,0.94,sto-6g,2,2,4,JW_Pauli_string_commutation,15,16,2,1,5,0.0017589613697619616,1.4210854715202004e-14,/Users/a_lee/Repos/qhat/demo_L_sweep_library/B-H/0.94/sto-6g/B-H_0.94_sto-6g_as-002-002_jw.dat
B-H,0.94,sto-6g,2,2,4,JW_Pauli_string_commutation,15,16,2,1,10,0.000879449560400309,1.4210854715202004e-14,/Users/a_lee/Repos/qhat/demo_L_sweep_library/B-H/0.94/sto-6g/B-H_0.94_sto-6g_as-002-002_jw.dat
B-H,0.94,sto-6g,2,2,4,JW_Pauli_string_commutation,15,16,2,2,1,0.0002762896778718426,1.4210854715202004e-14,/Users/a_lee/Repos/qhat/demo_L_sweep_library/B-H/0.94/sto-6g/B-H_0.94_sto-6g_as-002-002_jw.dat
B-H,0.94,sto-6g,2,2,4,JW_Pauli_string_commutation,15,16,2,2,2,6.898703649240096e-05,1.4210854715202004e-14,/Users/a_lee/Repos/qhat/demo_L_sweep_library/B-H/0.94/sto-6g/B-H_0.94_sto-6g_as-002-002_jw.dat
B-H,0.94,sto-6g,2,2,4,JW_Pauli_string_commutation,15,16,2,2,5,1.1034101496116153e-05,1.4210854715202004e-14,/Users/a_lee/Repos/qhat/demo_L_sweep_library/B-H/0.94/sto-6g/B-H_0.94_sto-6g_as-002-002_jw.dat
B-H,0.94,sto-6g,2,2,4,JW_Pauli_string_commutation,15,16,2,2,10,2.7583888042016444e-06,1.4210854715202004e-14,/Users/a_lee/Repos/qhat/demo_L_sweep_library/B-H/0.94/sto-6g/B-H_0.94_sto-6g_as-002-002_jw.dat
B-H,0.94,sto-6g,2,4,6,fermionic_commutation_then_JW,55,360,4,1,1,0.11217198026429184,4.263256414560601e-14,/Users/a_lee/Repos/qhat/demo_L_sweep_library/B-H/0.94/sto-6g/B-H_0.94_sto-6g_as-002-004_jw.dat
B-H,0.94,sto-6g,2,4,6,fermionic_commutation_then_JW,55,360,4,1,2,0.06287268267577775,4.263256414560601e-14,/Users/a_lee/Repos/qhat/demo_L_sweep_library/B-H/0.94/sto-6g/B-H_0.94_sto-6g_as-002-004_jw.dat
B-H,0.94,sto-6g,2,4,6,fermionic_commutation_then_JW,55,360,4,1,5,0.02593936431126266,4.263256414560601e-14,/Users/a_lee/Repos/qhat/demo_L_sweep_library/B-H/0.94/sto-6g/B-H_0.94_sto-6g_as-002-004_jw.dat
B-H,0.94,sto-6g,2,4,6,fermionic_commutation_then_JW,55,360,4,1,10,0.013026234906911557,4.263256414560601e-14,/Users/a_lee/Repos/qhat/demo_L_sweep_library/B-H/0.94/sto-6g/B-H_0.94_sto-6g_as-002-004_jw.dat
B-H,0.94,sto-6g,2,4,6,fermionic_commutation_then_JW,55,360,4,2,1,0.033810856759977116,4.263256414560601e-14,/Users/a_lee/Repos/qhat/demo_L_sweep_library/B-H/0.94/sto-6g/B-H_0.94_sto-6g_as-002-004_jw.dat
B-H,0.94,sto-6g,2,4,6,fermionic_commutation_then_JW,55,360,4,2,2,0.009034566299773785,4.263256414560601e-14,/Users/a_lee/Repos/qhat/demo_L_sweep_library/B-H/0.94/sto-6g/B-H_0.94_sto-6g_as-002-004_jw.dat
B-H,0.94,sto-6g,2,4,6,fermionic_commutation_then_JW,55,360,4,2,5,0.0014724319144932907,4.263256414560601e-14,/Users/a_lee/Repos/qhat/demo_L_sweep_library/B-H/0.94/sto-6g/B-H_0.94_sto-6g_as-002-004_jw.dat
B-H,0.94,sto-6g,2,4,6,fermionic_commutation_then_JW,55,360,4,2,10,0.00036907612866212856,4.263256414560601e-14,/Users/a_lee/Repos/qhat/demo_L_sweep_library/B-H/0.94/sto-6g/B-H_0.94_sto-6g_as-002-004_jw.dat
B-H,0.94,sto-6g,2,4,6,JW_Pauli_string_commutation,34,168,3,1,1,0.11516949419755936,4.263256414560601e-14,/Users/a_lee/Repos/qhat/demo_L_sweep_library/B-H/0.94/sto-6g/B-H_0.94_sto-6g_as-002-004_jw.dat
B-H,0.94,sto-6g,2,4,6,JW_Pauli_string_commutation,34,168,3,1,2,0.06531552931627498,4.263256414560601e-14,/Users/a_lee/Repos/qhat/demo_L_sweep_library/B-H/0.94/sto-6g/B-H_0.94_sto-6g_as-002-004_jw.dat
B-H,0.94,sto-6g,2,4,6,JW_Pauli_string_commutation,34,168,3,1,5,0.02703402342240314,4.263256414560601e-14,/Users/a_lee/Repos/qhat/demo_L_sweep_library/B-H/0.94/sto-6g/B-H_0.94_sto-6g_as-002-004_jw.dat
B-H,0.94,sto-6g,2,4,6,JW_Pauli_string_commutation,34,168,3,1,10,0.013582484275310011,4.263256414560601e-14,/Users/a_lee/Repos/qhat/demo_L_sweep_library/B-H/0.94/sto-6g/B-H_0.94_sto-6g_as-002-004_jw.dat
B-H,0.94,sto-6g,2,4,6,JW_Pauli_string_commutation,34,168,3,2,1,0.027833790540457964,4.263256414560601e-14,/Users/a_lee/Repos/qhat/demo_L_sweep_library/B-H/0.94/sto-6g/B-H_0.94_sto-6g_as-002-004_jw.dat
B-H,0.94,sto-6g,2,4,6,JW_Pauli_string_commutation,34,168,3,2,2,0.007344408097446756,4.263256414560601e-14,/Users/a_lee/Repos/qhat/demo_L_sweep_library/B-H/0.94/sto-6g/B-H_0.94_sto-6g_as-002-004_jw.dat
B-H,0.94,sto-6g,2,4,6,JW_Pauli_string_commutation,34,168,3,2,5,0.0011929121012848073,4.263256414560601e-14,/Users/a_lee/Repos/qhat/demo_L_sweep_library/B-H/0.94/sto-6g/B-H_0.94_sto-6g_as-002-004_jw.dat
B-H,0.94,sto-6g,2,4,6,JW_Pauli_string_commutation,34,168,3,2,10,0.00029886864302130416,4.263256414560601e-14,/Users/a_lee/Repos/qhat/demo_L_sweep_library/B-H/0.94/sto-6g/B-H_0.94_sto-6g_as-002-004_jw.dat
B-H,1.29,hgbs-5,2,2,4,fermionic_commutation_then_JW,23,32,2,1,1,0.0024881604357486205,2.1316282072803006e-14,/Users/a_lee/Repos/qhat/demo_L_sweep_library/B-H/1.29/hgbs-5/B-H_1.29_hgbs-5_as-002-002_jw.dat
B-H,1.29,hgbs-5,2,2,4,fermionic_commutation_then_JW,23,32,2,1,2,0.0012376982989791233,2.1316282072803006e-14,/Users/a_lee/Repos/qhat/demo_L_sweep_library/B-H/1.29/hgbs-5/B-H_1.29_hgbs-5_as-002-002_jw.dat
B-H,1.29,hgbs-5,2,2,4,fermionic_commutation_then_JW,23,32,2,1,5,0.0004943733663569387,2.1316282072803006e-14,/Users/a_lee/Repos/qhat/demo_L_sweep_library/B-H/1.29/hgbs-5/B-H_1.29_hgbs-5_as-002-002_jw.dat
B-H,1.29,hgbs-5,2,2,4,fermionic_commutation_then_JW,23,32,2,1,10,0.00024713641345159177,2.1316282072803006e-14,/Users/a_lee/Repos/qhat/demo_L_sweep_library/B-H/1.29/hgbs-5/B-H_1.29_hgbs-5_as-002-002_jw.dat
B-H,1.29,hgbs-5,2,2,4,fermionic_commutation_then_JW,23,32,2,2,1,0.00029000423786225107,2.1316282072803006e-14,/Users/a_lee/Repos/qhat/demo_L_sweep_library/B-H/1.29/hgbs-5/B-H_1.29_hgbs-5_as-002-002_jw.dat
B-H,1.29,hgbs-5,2,2,4,fermionic_commutation_then_JW,23,32,2,2,2,7.205611631053979e-05,2.1316282072803006e-14,/Users/a_lee/Repos/qhat/demo_L_sweep_library/B-H/1.29/hgbs-5/B-H_1.29_hgbs-5_as-002-002_jw.dat
B-H,1.29,hgbs-5,2,2,4,fermionic_commutation_then_JW,23,32,2,2,5,1.1509267218428157e-05,2.1316282072803006e-14,/Users/a_lee/Repos/qhat/demo_L_sweep_library/B-H/1.29/hgbs-5/B-H_1.29_hgbs-5_as-002-002_jw.dat
B-H,1.29,hgbs-5,2,2,4,fermionic_commutation_then_JW,23,32,2,2,10,2.876614792490714e-06,2.1316282072803006e-14,/Users/a_lee/Repos/qhat/demo_L_sweep_library/B-H/1.29/hgbs-5/B-H_1.29_hgbs-5_as-002-002_jw.dat
B-H,1.29,hgbs-5,2,2,4,JW_Pauli_string_commutation,15,16,2,1,1,0.0024881604357430893,2.1316282072803006e-14,/Users/a_lee/Repos/qhat/demo_L_sweep_library/B-H/1.29/hgbs-5/B-H_1.29_hgbs-5_as-002-002_jw.dat
B-H,1.29,hgbs-5,2,2,4,JW_Pauli_string_commutation,15,16,2,1,2,0.0012376982989736652,2.1316282072803006e-14,/Users/a_lee/Repos/qhat/demo_L_sweep_library/B-H/1.29/hgbs-5/B-H_1.29_hgbs-5_as-002-002_jw.dat
B-H,1.29,hgbs-5,2,2,4,JW_Pauli_string_commutation,15,16,2,1,5,0.0004943733663551025,2.1316282072803006e-14,/Users/a_lee/Repos/qhat/demo_L_sweep_library/B-H/1.29/hgbs-5/B-H_1.29_hgbs-5_as-002-002_jw.dat
B-H,1.29,hgbs-5,2,2,4,JW_Pauli_string_commutation,15,16,2,1,10,0.0002471364134516892,2.1316282072803006e-14,/Users/a_lee/Repos/qhat/demo_L_sweep_library/B-H/1.29/hgbs-5/B-H_1.29_hgbs-5_as-002-002_jw.dat
B-H,1.29,hgbs-5,2,2,4,JW_Pauli_string_commutation,15,16,2,2,1,0.00014600778473704886,2.1316282072803006e-14,/Users/a_lee/Repos/qhat/demo_L_sweep_library/B-H/1.29/hgbs-5/B-H_1.29_hgbs-5_as-002-002_jw.dat
B-H,1.29,hgbs-5,2,2,4,JW_Pauli_string_commutation,15,16,2,2,2,3.61121136032786e-05,2.1316282072803006e-14,/Users/a_lee/Repos/qhat/demo_L_sweep_library/B-H/1.29/hgbs-5/B-H_1.29_hgbs-5_as-002-002_jw.dat
B-H,1.29,hgbs-5,2,2,4,JW_Pauli_string_commutation,15,16,2,2,5,5.760688969771094e-06,2.1316282072803006e-14,/Users/a_lee/Repos/qhat/demo_L_sweep_library/B-H/1.29/hgbs-5/B-H_1.29_hgbs-5_as-002-002_jw.dat
B-H,1.29,hgbs-5,2,2,4,JW_Pauli_string_commutation,15,16,2,2,10,1.4395581037536777e-06,2.1316282072803006e-14,/Users/a_lee/Repos/qhat/demo_L_sweep_library/B-H/1.29/hgbs-5/B-H_1.29_hgbs-5_as-002-002_jw.dat
B-H,1.29,hgbs-5,2,4,6,fermionic_commutation_then_JW,55,360,4,1,1,0.006945154012615844,2.1316282072803006e-14,/Users/a_lee/Repos/qhat/demo_L_sweep_library/B-H/1.29/hgbs-5/B-H_1.29_hgbs-5_as-002-004_jw.dat
B-H,1.29,hgbs-5,2,4,6,fermionic_commutation_then_JW,55,360,4,1,2,0.003557845734816662,2.1316282072803006e-14,/Users/a_lee/Repos/qhat/demo_L_sweep_library/B-H/1.29/hgbs-5/B-H_1.29_hgbs-5_as-002-004_jw.dat
B-H,1.29,hgbs-5,2,4,6,fermionic_commutation_then_JW,55,360,4,1,5,0.0014327508857629747,2.1316282072803006e-14,/Users/a_lee/Repos/qhat/demo_L_sweep_library/B-H/1.29/hgbs-5/B-H_1.29_hgbs-5_as-002-004_jw.dat
B-H,1.29,hgbs-5,2,4,6,fermionic_commutation_then_JW,55,360,4,1,10,0.0007170583239629113,2.1316282072803006e-14,/Users/a_lee/Repos/qhat/demo_L_sweep_library/B-H/1.29/hgbs-5/B-H_1.29_hgbs-5_as-002-004_jw.dat
B-H,1.29,hgbs-5,2,4,6,fermionic_commutation_then_JW,55,360,4,2,1,0.0012376585038419506,2.1316282072803006e-14,/Users/a_lee/Repos/qhat/demo_L_sweep_library/B-H/1.29/hgbs-5/B-H_1.29_hgbs-5_as-002-004_jw.dat
B-H,1.29,hgbs-5,2,4,6,fermionic_commutation_then_JW,55,360,4,2,2,0.00031467402308803846,2.1316282072803006e-14,/Users/a_lee/Repos/qhat/demo_L_sweep_library/B-H/1.29/hgbs-5/B-H_1.29_hgbs-5_as-002-004_jw.dat
B-H,1.29,hgbs-5,2,4,6,fermionic_commutation_then_JW,55,360,4,2,5,5.058502275544222e-05,2.1316282072803006e-14,/Users/a_lee/Repos/qhat/demo_L_sweep_library/B-H/1.29/hgbs-5/B-H_1.29_hgbs-5_as-002-004_jw.dat
B-H,1.29,hgbs-5,2,4,6,fermionic_commutation_then_JW,55,360,4,2,10,1.2654740308915928e-05,2.1316282072803006e-14,/Users/a_lee/Repos/qhat/demo_L_sweep_library/B-H/1.29/hgbs-5/B-H_1.29_hgbs-5_as-002-004_jw.dat
B-H,1.29,hgbs-5,2,4,6,JW_Pauli_string_commutation,34,168,3,1,1,0.003950580164682138,2.1316282072803006e-14,/Users/a_lee/Repos/qhat/demo_L_sweep_library/B-H/1.29/hgbs-5/B-H_1.29_hgbs-5_as-002-004_jw.dat
B-H,1.29,hgbs-5,2,4,6,JW_Pauli_string_commutation,34,168,3,1,2,0.001980407564573436,2.1316282072803006e-14,/Users/a_lee/Repos/qhat/demo_L_sweep_library/B-H/1.29/hgbs-5/B-H_1.29_hgbs-5_as-002-004_jw.dat
B-H,1.29,hgbs-5,2,4,6,JW_Pauli_string_commutation,34,168,3,1,5,0.000792717701310203,2.1316282072803006e-14,/Users/a_lee/Repos/qhat/demo_L_sweep_library/B-H/1.29/hgbs-5/B-H_1.29_hgbs-5_as-002-004_jw.dat
B-H,1.29,hgbs-5,2,4,6,JW_Pauli_string_commutation,34,168,3,1,10,0.00039639478001033594,2.1316282072803006e-14,/Users/a_lee/Repos/qhat/demo_L_sweep_library/B-H/1.29/hgbs-5/B-H_1.29_hgbs-5_as-002-004_jw.dat
B-H,1.29,hgbs-5,2,4,6,JW_Pauli_string_commutation,34,168,3,2,1,0.0004444601321584109,2.1316282072803006e-14,/Users/a_lee/Repos/qhat/demo_L_sweep_library/B-H/1.29/hgbs-5/B-H_1.29_hgbs-5_as-002-004_jw.dat
B-H,1.29,hgbs-5,2,4,6,JW_Pauli_string_commutation,34,168,3,2,2,0.00011131384752649916,2.1316282072803006e-14,/Users/a_lee/Repos/qhat/demo_L_sweep_library/B-H/1.29/hgbs-5/B-H_1.29_hgbs-5_as-002-004_jw.dat
B-H,1.29,hgbs-5,2,4,6,JW_Pauli_string_commutation,34,168,3,2,5,1.7819141866807103e-05,2.1316282072803006e-14,/Users/a_lee/Repos/qhat/demo_L_sweep_library/B-H/1.29/hgbs-5/B-H_1.29_hgbs-5_as-002-004_jw.dat
B-H,1.29,hgbs-5,2,4,6,JW_Pauli_string_commutation,34,168,3,2,10,4.455104436966314e-06,2.1316282072803006e-14,/Users/a_lee/Repos/qhat/demo_L_sweep_library/B-H/1.29/hgbs-5/B-H_1.29_hgbs-5_as-002-004_jw.dat
B-H,1.29,sto-6g,2,2,4,fermionic_commutation_then_JW,23,32,2,1,1,0.008930732323938049,7.105427357601002e-15,/Users/a_lee/Repos/qhat/demo_L_sweep_library/B-H/1.29/sto-6g/B-H_1.29_sto-6g_as-002-002_jw.dat
B-H,1.29,sto-6g,2,2,4,fermionic_commutation_then_JW,23,32,2,1,2,0.004460726103543191,7.105427357601002e-15,/Users/a_lee/Repos/qhat/demo_L_sweep_library/B-H/1.29/sto-6g/B-H_1.29_sto-6g_as-002-002_jw.dat
B-H,1.29,sto-6g,2,2,4,fermionic_commutation_then_JW,23,32,2,1,5,0.001783771208963314,7.105427357601002e-15,/Users/a_lee/Repos/qhat/demo_L_sweep_library/B-H/1.29/sto-6g/B-H_1.29_sto-6g_as-002-002_jw.dat
B-H,1.29,sto-6g,2,2,4,fermionic_commutation_then_JW,23,32,2,1,10,0.0008918485245798212,7.105427357601002e-15,/Users/a_lee/Repos/qhat/demo_L_sweep_library/B-H/1.29/sto-6g/B-H_1.29_sto-6g_as-002-002_jw.dat
B-H,1.29,sto-6g,2,2,4,fermionic_commutation_then_JW,23,32,2,2,1,0.0004421847775296988,7.105427357601002e-15,/Users/a_lee/Repos/qhat/demo_L_sweep_library/B-H/1.29/sto-6g/B-H_1.29_sto-6g_as-002-002_jw.dat
B-H,1.29,sto-6g,2,2,4,fermionic_commutation_then_JW,23,32,2,2,2,0.00011041284126664643,7.105427357601002e-15,/Users/a_lee/Repos/qhat/demo_L_sweep_library/B-H/1.29/sto-6g/B-H_1.29_sto-6g_as-002-002_jw.dat
B-H,1.29,sto-6g,2,2,4,fermionic_commutation_then_JW,23,32,2,2,5,1.766008412287168e-05,7.105427357601002e-15,/Users/a_lee/Repos/qhat/demo_L_sweep_library/B-H/1.29/sto-6g/B-H_1.29_sto-6g_as-002-002_jw.dat
B-H,1.29,sto-6g,2,2,4,fermionic_commutation_then_JW,23,32,2,2,10,4.414807836272895e-06,7.105427357601002e-15,/Users/a_lee/Repos/qhat/demo_L_sweep_library/B-H/1.29/sto-6g/B-H_1.29_sto-6g_as-002-002_jw.dat
B-H,1.29,sto-6g,2,2,4,JW_Pauli_string_commutation,15,16,2,1,1,0.008930732323931488,7.105427357601002e-15,/Users/a_lee/Repos/qhat/demo_L_sweep_library/B-H/1.29/sto-6g/B-H_1.29_sto-6g_as-002-002_jw.dat
B-H,1.29,sto-6g,2,2,4,JW_Pauli_string_commutation,15,16,2,1,2,0.00446072610353667,7.105427357601002e-15,/Users/a_lee/Repos/qhat/demo_L_sweep_library/B-H/1.29/sto-6g/B-H_1.29_sto-6g_as-002-002_jw.dat
B-H,1.29,sto-6g,2,2,4,JW_Pauli_string_commutation,15,16,2,1,5,0.0017837712089604889,7.105427357601002e-15,/Users/a_lee/Repos/qhat/demo_L_sweep_library/B-H/1.29/sto-6g/B-H_1.29_sto-6g_as-002-002_jw.dat
B-H,1.29,sto-6g,2,2,4,JW_Pauli_string_commutation,15,16,2,1,10,0.0008918485245738042,7.105427357601002e-15,/Users/a_lee/Repos/qhat/demo_L_sweep_library/B-H/1.29/sto-6g/B-H_1.29_sto-6g_as-002-002_jw.dat
B-H,1.29,sto-6g,2,2,4,JW_Pauli_string_commutation,15,16,2,2,1,0.0002839156560758276,7.105427357601002e-15,/Users/a_lee/Repos/qhat/demo_L_sweep_library/B-H/1.29/sto-6g/B-H_1.29_sto-6g_as-002-002_jw.dat
B-H,1.29,sto-6g,2,2,4,JW_Pauli_string_commutation,15,16,2,2,2,7.086576257181802e-05,7.105427357601002e-15,/Users/a_lee/Repos/qhat/demo_L_sweep_library/B-H/1.29/sto-6g/B-H_1.29_sto-6g_as-002-002_jw.dat
B-H,1.29,sto-6g,2,2,4,JW_Pauli_string_commutation,15,16,2,2,5,1.1333457563003889e-05,7.105427357601002e-15,/Users/a_lee/Repos/qhat/demo_L_sweep_library/B-H/1.29/sto-6g/B-H_1.29_sto-6g_as-002-002_jw.dat
B-H,1.29,sto-6g,2,2,4,JW_Pauli_string_commutation,15,16,2,2,10,2.8331835632436685e-06,7.105427357601002e-15,/Users/a_lee/Repos/qhat/demo_L_sweep_library/B-H/1.29/sto-6g/B-H_1.29_sto-6g_as-002-002_jw.dat
B-H,1.29,sto-6g,2,4,6,fermionic_commutation_then_JW,55,360,4,1,1,0.09879416582142025,3.907985046680551e-14,/Users/a_lee/Repos/qhat/demo_L_sweep_library/B-H/1.29/sto-6g/B-H_1.29_sto-6g_as-002-004_jw.dat
B-H,1.29,sto-6g,2,4,6,fermionic_commutation_then_JW,55,360,4,1,2,0.054888204649956154,3.907985046680551e-14,/Users/a_lee/Repos/qhat/demo_L_sweep_library/B-H/1.29/sto-6g/B-H_1.29_sto-6g_as-002-004_jw.dat
B-H,1.29,sto-6g,2,4,6,fermionic_commutation_then_JW,55,360,4,1,5,0.022592357250466835,3.907985046680551e-14,/Users/a_lee/Repos/qhat/demo_L_sweep_library/B-H/1.29/sto-6g/B-H_1.29_sto-6g_as-002-004_jw.dat
B-H,1.29,sto-6g,2,4,6,fermionic_commutation_then_JW,55,360,4,1,10,0.011341656467276131,3.907985046680551e-14,/Users/a_lee/Repos/qhat/demo_L_sweep_library/B-H/1.29/sto-6g/B-H_1.29_sto-6g_as-002-004_jw.dat
B-H,1.29,sto-6g,2,4,6,fermionic_commutation_then_JW,55,360,4,2,1,0.029967317588570224,3.907985046680551e-14,/Users/a_lee/Repos/qhat/demo_L_sweep_library/B-H/1.29/sto-6g/B-H_1.29_sto-6g_as-002-004_jw.dat
B-H,1.29,sto-6g,2,4,6,fermionic_commutation_then_JW,55,360,4,2,2,0.007988061052734693,3.907985046680551e-14,/Users/a_lee/Repos/qhat/demo_L_sweep_library/B-H/1.29/sto-6g/B-H_1.29_sto-6g_as-002-004_jw.dat
B-H,1.29,sto-6g,2,4,6,fermionic_commutation_then_JW,55,360,4,2,5,0.0013009849493428036,3.907985046680551e-14,/Users/a_lee/Repos/qhat/demo_L_sweep_library/B-H/1.29/sto-6g/B-H_1.29_sto-6g_as-002-004_jw.dat
B-H,1.29,sto-6g,2,4,6,fermionic_commutation_then_JW,55,360,4,2,10,0.00032606981286179877,3.907985046680551e-14,/Users/a_lee/Repos/qhat/demo_L_sweep_library/B-H/1.29/sto-6g/B-H_1.29_sto-6g_as-002-004_jw.dat
B-H,1.29,sto-6g,2,4,6,JW_Pauli_string_commutation,34,168,3,1,1,0.10311871802928309,3.907985046680551e-14,/Users/a_lee/Repos/qhat/demo_L_sweep_library/B-H/1.29/sto-6g/B-H_1.29_sto-6g_as-002-004_jw.dat
B-H,1.29,sto-6g,2,4,6,JW_Pauli_string_commutation,34,168,3,1,2,0.058415953337180096,3.907985046680551e-14,/Users/a_lee/Repos/qhat/demo_L_sweep_library/B-H/1.29/sto-6g/B-H_1.29_sto-6g_as-002-004_jw.dat
B-H,1.29,sto-6g,2,4,6,JW_Pauli_string_commutation,34,168,3,1,5,0.024171142396052114,3.907985046680551e-14,/Users/a_lee/Repos/qhat/demo_L_sweep_library/B-H/1.29/sto-6g/B-H_1.29_sto-6g_as-002-004_jw.dat
B-H,1.29,sto-6g,2,4,6,JW_Pauli_string_commutation,34,168,3,1,10,0.012143588159506847,3.907985046680551e-14,/Users/a_lee/Repos/qhat/demo_L_sweep_library/B-H/1.29/sto-6g/B-H_1.29_sto-6g_as-002-004_jw.dat
B-H,1.29,sto-6g,2,4,6,JW_Pauli_string_commutation,34,168,3,2,1,0.0243641805818488,3.907985046680551e-14,/Users/a_lee/Repos/qhat/demo_L_sweep_library/B-H/1.29/sto-6g/B-H_1.29_sto-6g_as-002-004_jw.dat
B-H,1.29,sto-6g,2,4,6,JW_Pauli_string_commutation,34,168,3,2,2,0.006416402481558729,3.907985046680551e-14,/Users/a_lee/Repos/qhat/demo_L_sweep_library/B-H/1.29/sto-6g/B-H_1.29_sto-6g_as-002-004_jw.dat
B-H,1.29,sto-6g,2,4,6,JW_Pauli_string_commutation,34,168,3,2,5,0.0010416161190621193,3.907985046680551e-14,/Users/a_lee/Repos/qhat/demo_L_sweep_library/B-H/1.29/sto-6g/B-H_1.29_sto-6g_as-002-004_jw.dat
B-H,1.29,sto-6g,2,4,6,JW_Pauli_string_commutation,34,168,3,2,10,0.00026094321360549595,3.907985046680551e-14,/Users/a_lee/Repos/qhat/demo_L_sweep_library/B-H/1.29/sto-6g/B-H_1.29_sto-6g_as-002-004_jw.dat
B-H,1.64,hgbs-5,2,2,4,fermionic_commutation_then_JW,23,32,2,1,1,0.0022948489712556475,7.105427357601002e-15,/Users/a_lee/Repos/qhat/demo_L_sweep_library/B-H/1.64/hgbs-5/B-H_1.64_hgbs-5_as-002-002_jw.dat
B-H,1.64,hgbs-5,2,2,4,fermionic_commutation_then_JW,23,32,2,1,2,0.0011434277674026493,7.105427357601002e-15,/Users/a_lee/Repos/qhat/demo_L_sweep_library/B-H/1.64/hgbs-5/B-H_1.64_hgbs-5_as-002-002_jw.dat
B-H,1.64,hgbs-5,2,2,4,fermionic_commutation_then_JW,23,32,2,1,5,0.0004569272295134939,7.105427357601002e-15,/Users/a_lee/Repos/qhat/demo_L_sweep_library/B-H/1.64/hgbs-5/B-H_1.64_hgbs-5_as-002-002_jw.dat
B-H,1.64,hgbs-5,2,2,4,fermionic_commutation_then_JW,23,32,2,1,10,0.00022843197569370435,7.105427357601002e-15,/Users/a_lee/Repos/qhat/demo_L_sweep_library/B-H/1.64/hgbs-5/B-H_1.64_hgbs-5_as-002-002_jw.dat
B-H,1.64,hgbs-5,2,2,4,fermionic_commutation_then_JW,23,32,2,2,1,0.00022060888327269385,7.105427357601002e-15,/Users/a_lee/Repos/qhat/demo_L_sweep_library/B-H/1.64/hgbs-5/B-H_1.64_hgbs-5_as-002-002_jw.dat
B-H,1.64,hgbs-5,2,2,4,fermionic_commutation_then_JW,23,32,2,2,2,5.4922199331787466e-05,7.105427357601002e-15,/Users/a_lee/Repos/qhat/demo_L_sweep_library/B-H/1.64/hgbs-5/B-H_1.64_hgbs-5_as-002-002_jw.dat
B-H,1.64,hgbs-5,2,2,4,fermionic_commutation_then_JW,23,32,2,2,5,8.777324939233372e-06,7.105427357601002e-15,/Users/a_lee/Repos/qhat/demo_L_sweep_library/B-H/1.64/hgbs-5/B-H_1.64_hgbs-5_as-002-002_jw.dat
B-H,1.64,hgbs-5,2,2,4,fermionic_commutation_then_JW,23,32,2,2,10,2.1939666824210174e-06,7.105427357601002e-15,/Users/a_lee/Repos/qhat/demo_L_sweep_library/B-H/1.64/hgbs-5/B-H_1.64_hgbs-5_as-002-002_jw.dat
B-H,1.64,hgbs-5,2,2,4,JW_Pauli_string_commutation,15,16,2,1,1,0.0022948489712567494,7.105427357601002e-15,/Users/a_lee/Repos/qhat/demo_L_sweep_library/B-H/1.64/hgbs-5/B-H_1.64_hgbs-5_as-002-002_jw.dat
B-H,1.64,hgbs-5,2,2,4,JW_Pauli_string_commutation,15,16,2,1,2,0.0011434277674040407,7.105427357601002e-15,/Users/a_lee/Repos/qhat/demo_L_sweep_library/B-H/1.64/hgbs-5/B-H_1.64_hgbs-5_as-002-002_jw.dat
B-H,1.64,hgbs-5,2,2,4,JW_Pauli_string_commutation,15,16,2,1,5,0.00045692722951641275,7.105427357601002e-15,/Users/a_lee/Repos/qhat/demo_L_sweep_library/B-H/1.64/hgbs-5/B-H_1.64_hgbs-5_as-002-002_jw.dat
B-H,1.64,hgbs-5,2,2,4,JW_Pauli_string_commutation,15,16,2,1,10,0.00022843197569816936,7.105427357601002e-15,/Users/a_lee/Repos/qhat/demo_L_sweep_library/B-H/1.64/hgbs-5/B-H_1.64_hgbs-5_as-002-002_jw.dat
B-H,1.64,hgbs-5,2,2,4,JW_Pauli_string_commutation,15,16,2,2,1,0.00011092489193847567,7.105427357601002e-15,/Users/a_lee/Repos/qhat/demo_L_sweep_library/B-H/1.64/hgbs-5/B-H_1.64_hgbs-5_as-002-002_jw.dat
B-H,1.64,hgbs-5,2,2,4,JW_Pauli_string_commutation,15,16,2,2,2,2.7529833471718353e-05,7.105427357601002e-15,/Users/a_lee/Repos/qhat/demo_L_sweep_library/B-H/1.64/hgbs-5/B-H_1.64_hgbs-5_as-002-002_jw.dat
B-H,1.64,hgbs-5,2,2,4,JW_Pauli_string_commutation,15,16,2,2,5,4.3958267565078754e-06,7.105427357601002e-15,/Users/a_lee/Repos/qhat/demo_L_sweep_library/B-H/1.64/hgbs-5/B-H_1.64_hgbs-5_as-002-002_jw.dat
B-H,1.64,hgbs-5,2,2,4,JW_Pauli_string_commutation,15,16,2,2,10,1.0986378420107459e-06,7.105427357601002e-15,/Users/a_lee/Repos/qhat/demo_L_sweep_library/B-H/1.64/hgbs-5/B-H_1.64_hgbs-5_as-002-002_jw.dat
B-H,1.64,hgbs-5,2,4,6,fermionic_commutation_then_JW,55,360,4,1,1,0.008026042245117595,1.4210854715202004e-14,/Users/a_lee/Repos/qhat/demo_L_sweep_library/B-H/1.64/hgbs-5/B-H_1.64_hgbs-5_as-002-004_jw.dat
B-H,1.64,hgbs-5,2,4,6,fermionic_commutation_then_JW,55,360,4,1,2,0.004137646122118292,1.4210854715202004e-14,/Users/a_lee/Repos/qhat/demo_L_sweep_library/B-H/1.64/hgbs-5/B-H_1.64_hgbs-5_as-002-004_jw.dat
B-H,1.64,hgbs-5,2,4,6,fermionic_commutation_then_JW,55,360,4,1,5,0.0016691529754023892,1.4210854715202004e-14,/Users/a_lee/Repos/qhat/demo_L_sweep_library/B-H/1.64/hgbs-5/B-H_1.64_hgbs-5_as-002-004_jw.dat
B-H,1.64,hgbs-5,2,4,6,fermionic_commutation_then_JW,55,360,4,1,10,0.0008355810588631356,1.4210854715202004e-14,/Users/a_lee/Repos/qhat/demo_L_sweep_library/B-H/1.64/hgbs-5/B-H_1.64_hgbs-5_as-002-004_jw.dat
B-H,1.64,hgbs-5,2,4,6,fermionic_commutation_then_JW,55,360,4,2,1,0.00138466550970334,1.4210854715202004e-14,/Users/a_lee/Repos/qhat/demo_L_sweep_library/B-H/1.64/hgbs-5/B-H_1.64_hgbs-5_as-002-004_jw.dat
B-H,1.64,hgbs-5,2,4,6,fermionic_commutation_then_JW,55,360,4,2,2,0.00035304386737784337,1.4210854715202004e-14,/Users/a_lee/Repos/qhat/demo_L_sweep_library/B-H/1.64/hgbs-5/B-H_1.64_hgbs-5_as-002-004_jw.dat
B-H,1.64,hgbs-5,2,4,6,fermionic_commutation_then_JW,55,360,4,2,5,5.679786136500493e-05,1.4210854715202004e-14,/Users/a_lee/Repos/qhat/demo_L_sweep_library/B-H/1.64/hgbs-5/B-H_1.64_hgbs-5_as-002-004_jw.dat
B-H,1.64,hgbs-5,2,4,6,fermionic_commutation_then_JW,55,360,4,2,10,1.4210591335442951e-05,1.4210854715202004e-14,/Users/a_lee/Repos/qhat/demo_L_sweep_library/B-H/1.64/hgbs-5/B-H_1.64_hgbs-5_as-002-004_jw.dat
B-H,1.64,hgbs-5,2,4,6,JW_Pauli_string_commutation,34,168,3,1,1,0.003978531129546458,1.4210854715202004e-14,/Users/a_lee/Repos/qhat/demo_L_sweep_library/B-H/1.64/hgbs-5/B-H_1.64_hgbs-5_as-002-004_jw.dat
B-H,1.64,hgbs-5,2,4,6,JW_Pauli_string_commutation,34,168,3,1,2,0.001997394327971731,1.4210854715202004e-14,/Users/a_lee/Repos/qhat/demo_L_sweep_library/B-H/1.64/hgbs-5/B-H_1.64_hgbs-5_as-002-004_jw.dat
B-H,1.64,hgbs-5,2,4,6,JW_Pauli_string_commutation,34,168,3,1,5,0.0007998472317906246,1.4210854715202004e-14,/Users/a_lee/Repos/qhat/demo_L_sweep_library/B-H/1.64/hgbs-5/B-H_1.64_hgbs-5_as-002-004_jw.dat
B-H,1.64,hgbs-5,2,4,6,JW_Pauli_string_commutation,34,168,3,1,10,0.00039998311077180327,1.4210854715202004e-14,/Users/a_lee/Repos/qhat/demo_L_sweep_library/B-H/1.64/hgbs-5/B-H_1.64_hgbs-5_as-002-004_jw.dat
B-H,1.64,hgbs-5,2,4,6,JW_Pauli_string_commutation,34,168,3,2,1,0.00038279874193355545,1.4210854715202004e-14,/Users/a_lee/Repos/qhat/demo_L_sweep_library/B-H/1.64/hgbs-5/B-H_1.64_hgbs-5_as-002-004_jw.dat
B-H,1.64,hgbs-5,2,4,6,JW_Pauli_string_commutation,34,168,3,2,2,9.599674735100172e-05,1.4210854715202004e-14,/Users/a_lee/Repos/qhat/demo_L_sweep_library/B-H/1.64/hgbs-5/B-H_1.64_hgbs-5_as-002-004_jw.dat
B-H,1.64,hgbs-5,2,4,6,JW_Pauli_string_commutation,34,168,3,2,5,1.5372800103390244e-05,1.4210854715202004e-14,/Users/a_lee/Repos/qhat/demo_L_sweep_library/B-H/1.64/hgbs-5/B-H_1.64_hgbs-5_as-002-004_jw.dat
B-H,1.64,hgbs-5,2,4,6,JW_Pauli_string_commutation,34,168,3,2,10,3.8436758633368865e-06,1.4210854715202004e-14,/Users/a_lee/Repos/qhat/demo_L_sweep_library/B-H/1.64/hgbs-5/B-H_1.64_hgbs-5_as-002-004_jw.dat
B-H,1.64,sto-6g,2,2,4,fermionic_commutation_then_JW,23,32,2,1,1,0.007550412616795723,7.105427357601002e-15,/Users/a_lee/Repos/qhat/demo_L_sweep_library/B-H/1.64/sto-6g/B-H_1.64_sto-6g_as-002-002_jw.dat
B-H,1.64,sto-6g,2,2,4,fermionic_commutation_then_JW,23,32,2,1,2,0.003770017144740363,7.105427357601002e-15,/Users/a_lee/Repos/qhat/demo_L_sweep_library/B-H/1.64/sto-6g/B-H_1.64_sto-6g_as-002-002_jw.dat
B-H,1.64,sto-6g,2,2,4,fermionic_commutation_then_JW,23,32,2,1,5,0.0015074270908864954,7.105427357601002e-15,/Users/a_lee/Repos/qhat/demo_L_sweep_library/B-H/1.64/sto-6g/B-H_1.64_sto-6g_as-002-002_jw.dat
B-H,1.64,sto-6g,2,2,4,fermionic_commutation_then_JW,23,32,2,1,10,0.0007536721588031942,7.105427357601002e-15,/Users/a_lee/Repos/qhat/demo_L_sweep_library/B-H/1.64/sto-6g/B-H_1.64_sto-6g_as-002-002_jw.dat
B-H,1.64,sto-6g,2,2,4,fermionic_commutation_then_JW,23,32,2,2,1,0.0004470443585908438,7.105427357601002e-15,/Users/a_lee/Repos/qhat/demo_L_sweep_library/B-H/1.64/sto-6g/B-H_1.64_sto-6g_as-002-002_jw.dat
B-H,1.64,sto-6g,2,2,4,fermionic_commutation_then_JW,23,32,2,2,2,0.00011157936557406666,7.105427357601002e-15,/Users/a_lee/Repos/qhat/demo_L_sweep_library/B-H/1.64/sto-6g/B-H_1.64_sto-6g_as-002-002_jw.dat
B-H,1.64,sto-6g,2,2,4,fermionic_commutation_then_JW,23,32,2,2,5,1.7844574710955296e-05,7.105427357601002e-15,/Users/a_lee/Repos/qhat/demo_L_sweep_library/B-H/1.64/sto-6g/B-H_1.64_sto-6g_as-002-002_jw.dat
B-H,1.64,sto-6g,2,2,4,fermionic_commutation_then_JW,23,32,2,2,10,4.460853700809531e-06,7.105427357601002e-15,/Users/a_lee/Repos/qhat/demo_L_sweep_library/B-H/1.64/sto-6g/B-H_1.64_sto-6g_as-002-002_jw.dat
B-H,1.64,sto-6g,2,2,4,JW_Pauli_string_commutation,15,16,2,1,1,0.007550412616795109,7.105427357601002e-15,/Users/a_lee/Repos/qhat/demo_L_sweep_library/B-H/1.64/sto-6g/B-H_1.64_sto-6g_as-002-002_jw.dat
B-H,1.64,sto-6g,2,2,4,JW_Pauli_string_commutation,15,16,2,1,2,0.003770017144739545,7.105427357601002e-15,/Users/a_lee/Repos/qhat/demo_L_sweep_library/B-H/1.64/sto-6g/B-H_1.64_sto-6g_as-002-002_jw.dat
B-H,1.64,sto-6g,2,2,4,JW_Pauli_string_commutation,15,16,2,1,5,0.0015074270908871771,7.105427357601002e-15,/Users/a_lee/Repos/qhat/demo_L_sweep_library/B-H/1.64/sto-6g/B-H_1.64_sto-6g_as-002-002_jw.dat
B-H,1.64,sto-6g,2,2,4,JW_Pauli_string_commutation,15,16,2,1,10,0.0007536721588054068,7.105427357601002e-15,/Users/a_lee/Repos/qhat/demo_L_sweep_library/B-H/1.64/sto-6g/B-H_1.64_sto-6g_as-002-002_jw.dat
B-H,1.64,sto-6g,2,2,4,JW_Pauli_string_commutation,15,16,2,2,1,0.000247216365377226,7.105427357601002e-15,/Users/a_lee/Repos/qhat/demo_L_sweep_library/B-H/1.64/sto-6g/B-H_1.64_sto-6g_as-002-002_jw.dat
B-H,1.64,sto-6g,2,2,4,JW_Pauli_string_commutation,15,16,2,2,2,6.164880802523479e-05,7.105427357601002e-15,/Users/a_lee/Repos/qhat/demo_L_sweep_library/B-H/1.64/sto-6g/B-H_1.64_sto-6g_as-002-002_jw.dat
B-H,1.64,sto-6g,2,2,4,JW_Pauli_string_commutation,15,16,2,2,5,9.856870562219249e-06,7.105427357601002e-15,/Users/a_lee/Repos/qhat/demo_L_sweep_library/B-H/1.64/sto-6g/B-H_1.64_sto-6g_as-002-002_jw.dat
B-H,1.64,sto-6g,2,2,4,JW_Pauli_string_commutation,15,16,2,2,10,2.463969992402292e-06,7.105427357601002e-15,/Users/a_lee/Repos/qhat/demo_L_sweep_library/B-H/1.64/sto-6g/B-H_1.64_sto-6g_as-002-002_jw.dat
B-H,1.64,sto-6g,2,4,6,fermionic_commutation_then_JW,55,360,4,1,1,0.0670498966369981,4.263256414560601e-14,/Users/a_lee/Repos/qhat/demo_L_sweep_library/B-H/1.64/sto-6g/B-H_1.64_sto-6g_as-002-004_jw.dat
B-H,1.64,sto-6g,2,4,6,fermionic_commutation_then_JW,55,360,4,1,2,0.03662821043771333,4.263256414560601e-14,/Users/a_lee/Repos/qhat/demo_L_sweep_library/B-H/1.64/sto-6g/B-H_1.64_sto-6g_as-002-004_jw.dat
B-H,1.64,sto-6g,2,4,6,fermionic_commutation_then_JW,55,360,4,1,5,0.015009144010578632,4.263256414560601e-14,/Users/a_lee/Repos/qhat/demo_L_sweep_library/B-H/1.64/sto-6g/B-H_1.64_sto-6g_as-002-004_jw.dat
B-H,1.64,sto-6g,2,4,6,fermionic_commutation_then_JW,55,360,4,1,10,0.0075300382252671055,4.263256414560601e-14,/Users/a_lee/Repos/qhat/demo_L_sweep_library/B-H/1.64/sto-6g/B-H_1.64_sto-6g_as-002-004_jw.dat
B-H,1.64,sto-6g,2,4,6,fermionic_commutation_then_JW,55,360,4,2,1,0.020879777004628536,4.263256414560601e-14,/Users/a_lee/Repos/qhat/demo_L_sweep_library/B-H/1.64/sto-6g/B-H_1.64_sto-6g_as-002-004_jw.dat
B-H,1.64,sto-6g,2,4,6,fermionic_commutation_then_JW,55,360,4,2,2,0.005536308985680145,4.263256414560601e-14,/Users/a_lee/Repos/qhat/demo_L_sweep_library/B-H/1.64/sto-6g/B-H_1.64_sto-6g_as-002-004_jw.dat
B-H,1.64,sto-6g,2,4,6,fermionic_commutation_then_JW,55,360,4,2,5,0.0009003376526773917,4.263256414560601e-14,/Users/a_lee/Repos/qhat/demo_L_sweep_library/B-H/1.64/sto-6g/B-H_1.64_sto-6g_as-002-004_jw.dat
B-H,1.64,sto-6g,2,4,6,fermionic_commutation_then_JW,55,360,4,2,10,0.00022560644380335064,4.263256414560601e-14,/Users/a_lee/Repos/qhat/demo_L_sweep_library/B-H/1.64/sto-6g/B-H_1.64_sto-6g_as-002-004_jw.dat
B-H,1.64,sto-6g,2,4,6,JW_Pauli_string_commutation,34,168,3,1,1,0.07061990193223734,4.263256414560601e-14,/Users/a_lee/Repos/qhat/demo_L_sweep_library/B-H/1.64/sto-6g/B-H_1.64_sto-6g_as-002-004_jw.dat
B-H,1.64,sto-6g,2,4,6,JW_Pauli_string_commutation,34,168,3,1,2,0.039664210976250315,4.263256414560601e-14,/Users/a_lee/Repos/qhat/demo_L_sweep_library/B-H/1.64/sto-6g/B-H_1.64_sto-6g_as-002-004_jw.dat
B-H,1.64,sto-6g,2,4,6,JW_Pauli_string_commutation,34,168,3,1,5,0.01637514702892726,4.263256414560601e-14,/Users/a_lee/Repos/qhat/demo_L_sweep_library/B-H/1.64/sto-6g/B-H_1.64_sto-6g_as-002-004_jw.dat
B-H,1.64,sto-6g,2,4,6,JW_Pauli_string_commutation,34,168,3,1,10,0.008224266228859948,4.263256414560601e-14,/Users/a_lee/Repos/qhat/demo_L_sweep_library/B-H/1.64/sto-6g/B-H_1.64_sto-6g_as-002-004_jw.dat
B-H,1.64,sto-6g,2,4,6,JW_Pauli_string_commutation,34,168,3,2,1,0.015423724634040438,4.263256414560601e-14,/Users/a_lee/Repos/qhat/demo_L_sweep_library/B-H/1.64/sto-6g/B-H_1.64_sto-6g_as-002-004_jw.dat
B-H,1.64,sto-6g,2,4,6,JW_Pauli_string_commutation,34,168,3,2,2,0.004035478232574188,4.263256414560601e-14,/Users/a_lee/Repos/qhat/demo_L_sweep_library/B-H/1.64/sto-6g/B-H_1.64_sto-6g_as-002-004_jw.dat
B-H,1.64,sto-6g,2,4,6,JW_Pauli_string_commutation,34,168,3,2,5,0.0006539136648847379,4.263256414560601e-14,/Users/a_lee/Repos/qhat/demo_L_sweep_library/B-H/1.64/sto-6g/B-H_1.64_sto-6g_as-002-004_jw.dat
B-H,1.64,sto-6g,2,4,6,JW_Pauli_string_commutation,34,168,3,2,10,0.00016377435430503902,4.263256414560601e-14,/Users/a_lee/Repos/qhat/demo_L_sweep_library/B-H/1.64/sto-6g/B-H_1.64_sto-6g_as-002-004_jw.dat
Be-Be,1.63,hgbs-5,2,2,4,fermionic_commutation_then_JW,23,32,2,1,1,0.00044478855240190265,7.105427357601002e-15,/Users/a_lee/Repos/qhat/demo_L_sweep_library/Be-Be/1.63/hgbs-5/Be-Be_1.63_hgbs-5_as-002-002_jw.dat
Be-Be,1.63,hgbs-5,2,2,4,fermionic_commutation_then_JW,23,32,2,1,2,0.0002223849622466079,7.105427357601002e-15,/Users/a_lee/Repos/qhat/demo_L_sweep_library/Be-Be/1.63/hgbs-5/Be-Be_1.63_hgbs-5_as-002-002_jw.dat
Be-Be,1.63,hgbs-5,2,2,4,fermionic_commutation_then_JW,23,32,2,1,5,8.895294173998363e-05,7.105427357601002e-15,/Users/a_lee/Repos/qhat/demo_L_sweep_library/Be-Be/1.63/hgbs-5/Be-Be_1.63_hgbs-5_as-002-002_jw.dat
Be-Be,1.63,hgbs-5,2,2,4,fermionic_commutation_then_JW,23,32,2,1,10,4.447639636188531e-05,7.105427357601002e-15,/Users/a_lee/Repos/qhat/demo_L_sweep_library/Be-Be/1.63/hgbs-5/Be-Be_1.63_hgbs-5_as-002-002_jw.dat
Be-Be,1.63,hgbs-5,2,2,4,fermionic_commutation_then_JW,23,32,2,2,1,4.202781697077408e-06,7.105427357601002e-15,/Users/a_lee/Repos/qhat/demo_L_sweep_library/Be-Be/1.63/hgbs-5/Be-Be_1.63_hgbs-5_as-002-002_jw.dat
Be-Be,1.63,hgbs-5,2,2,4,fermionic_commutation_then_JW,23,32,2,2,2,1.0506449742475876e-06,7.105427357601002e-15,/Users/a_lee/Repos/qhat/demo_L_sweep_library/Be-Be/1.63/hgbs-5/Be-Be_1.63_hgbs-5_as-002-002_jw.dat
Be-Be,1.63,hgbs-5,2,2,4,fermionic_commutation_then_JW,23,32,2,2,5,1.681009401335049e-07,7.105427357601002e-15,/Users/a_lee/Repos/qhat/demo_L_sweep_library/Be-Be/1.63/hgbs-5/Be-Be_1.63_hgbs-5_as-002-002_jw.dat
Be-Be,1.63,hgbs-5,2,2,4,fermionic_commutation_then_JW,23,32,2,2,10,4.202515736794057e-08,7.105427357601002e-15,/Users/a_lee/Repos/qhat/demo_L_sweep_library/Be-Be/1.63/hgbs-5/Be-Be_1.63_hgbs-5_as-002-002_jw.dat
Be-Be,1.63,hgbs-5,2,2,4,JW_Pauli_string_commutation,15,16,2,1,1,0.00044478855240024794,7.105427357601002e-15,/Users/a_lee/Repos/qhat/demo_L_sweep_library/Be-Be/1.63/hgbs-5/Be-Be_1.63_hgbs-5_as-002-002_jw.dat
Be-Be,1.63,hgbs-5,2,2,4,JW_Pauli_string_commutation,15,16,2,1,2,0.00022238496224490686,7.105427357601002e-15,/Users/a_lee/Repos/qhat/demo_L_sweep_library/Be-Be/1.63/hgbs-5/Be-Be_1.63_hgbs-5_as-002-002_jw.dat
Be-Be,1.63,hgbs-5,2,2,4,JW_Pauli_string_commutation,15,16,2,1,5,8.895294173704982e-05,7.105427357601002e-15,/Users/a_lee/Repos/qhat/demo_L_sweep_library/Be-Be/1.63/hgbs-5/Be-Be_1.63_hgbs-5_as-002-002_jw.dat
Be-Be,1.63,hgbs-5,2,2,4,JW_Pauli_string_commutation,15,16,2,1,10,4.44763963583254e-05,7.105427357601002e-15,/Users/a_lee/Repos/qhat/demo_L_sweep_library/Be-Be/1.63/hgbs-5/Be-Be_1.63_hgbs-5_as-002-002_jw.dat
Be-Be,1.63,hgbs-5,2,2,4,JW_Pauli_string_commutation,15,16,2,2,1,3.1550945019662663e-06,7.105427357601002e-15,/Users/a_lee/Repos/qhat/demo_L_sweep_library/Be-Be/1.63/hgbs-5/Be-Be_1.63_hgbs-5_as-002-002_jw.dat
Be-Be,1.63,hgbs-5,2,2,4,JW_Pauli_string_commutation,15,16,2,2,2,7.887294431989744e-07,7.105427357601002e-15,/Users/a_lee/Repos/qhat/demo_L_sweep_library/Be-Be/1.63/hgbs-5/Be-Be_1.63_hgbs-5_as-002-002_jw.dat
Be-Be,1.63,hgbs-5,2,2,4,JW_Pauli_string_commutation,15,16,2,2,5,1.2619473339851726e-07,7.105427357601002e-15,/Users/a_lee/Repos/qhat/demo_L_sweep_library/Be-Be/1.63/hgbs-5/Be-Be_1.63_hgbs-5_as-002-002_jw.dat
Be-Be,1.63,hgbs-5,2,2,4,JW_Pauli_string_commutation,15,16,2,2,10,3.15486161704483e-08,7.105427357601002e-15,/Users/a_lee/Repos/qhat/demo_L_sweep_library/Be-Be/1.63/hgbs-5/Be-Be_1.63_hgbs-5_as-002-002_jw.dat
Be-Be,1.63,hgbs-5,2,4,6,fermionic_commutation_then_JW,55,360,4,1,1,0.01620212271820704,2.842170943040401e-14,/Users/a_lee/Repos/qhat/demo_L_sweep_library/Be-Be/1.63/hgbs-5/Be-Be_1.63_hgbs-5_as-002-004_jw.dat
Be-Be,1.63,hgbs-5,2,4,6,fermionic_commutation_then_JW,55,360,4,1,2,0.00837938647321518,2.842170943040401e-14,/Users/a_lee/Repos/qhat/demo_L_sweep_library/Be-Be/1.63/hgbs-5/Be-Be_1.63_hgbs-5_as-002-004_jw.dat
Be-Be,1.63,hgbs-5,2,4,6,fermionic_commutation_then_JW,55,360,4,1,5,0.0033833250111100395,2.842170943040401e-14,/Users/a_lee/Repos/qhat/demo_L_sweep_library/Be-Be/1.63/hgbs-5/Be-Be_1.63_hgbs-5_as-002-004_jw.dat
Be-Be,1.63,hgbs-5,2,4,6,fermionic_commutation_then_JW,55,360,4,1,10,0.0016939240518572358,2.842170943040401e-14,/Users/a_lee/Repos/qhat/demo_L_sweep_library/Be-Be/1.63/hgbs-5/Be-Be_1.63_hgbs-5_as-002-004_jw.dat
Be-Be,1.63,hgbs-5,2,4,6,fermionic_commutation_then_JW,55,360,4,2,1,0.002179689270542154,2.842170943040401e-14,/Users/a_lee/Repos/qhat/demo_L_sweep_library/Be-Be/1.63/hgbs-5/Be-Be_1.63_hgbs-5_as-002-004_jw.dat
Be-Be,1.63,hgbs-5,2,4,6,fermionic_commutation_then_JW,55,360,4,2,2,0.0005543201392299969,2.842170943040401e-14,/Users/a_lee/Repos/qhat/demo_L_sweep_library/Be-Be/1.63/hgbs-5/Be-Be_1.63_hgbs-5_as-002-004_jw.dat
Be-Be,1.63,hgbs-5,2,4,6,fermionic_commutation_then_JW,55,360,4,2,5,8.911594603182303e-05,2.842170943040401e-14,/Users/a_lee/Repos/qhat/demo_L_sweep_library/Be-Be/1.63/hgbs-5/Be-Be_1.63_hgbs-5_as-002-004_jw.dat
Be-Be,1.63,hgbs-5,2,4,6,fermionic_commutation_then_JW,55,360,4,2,10,2.2294188387761662e-05,2.842170943040401e-14,/Users/a_lee/Repos/qhat/demo_L_sweep_library/Be-Be/1.63/hgbs-5/Be-Be_1.63_hgbs-5_as-002-004_jw.dat
Be-Be,1.63,hgbs-5,2,4,6,JW_Pauli_string_commutation,34,168,3,1,1,0.009213585414886573,2.842170943040401e-14,/Users/a_lee/Repos/qhat/demo_L_sweep_library/Be-Be/1.63/hgbs-5/Be-Be_1.63_hgbs-5_as-002-004_jw.dat
Be-Be,1.63,hgbs-5,2,4,6,JW_Pauli_string_commutation,34,168,3,1,2,0.004653326429198421,2.842170943040401e-14,/Users/a_lee/Repos/qhat/demo_L_sweep_library/Be-Be/1.63/hgbs-5/Be-Be_1.63_hgbs-5_as-002-004_jw.dat
Be-Be,1.63,hgbs-5,2,4,6,JW_Pauli_string_commutation,34,168,3,1,5,0.0018665423154093368,2.842170943040401e-14,/Users/a_lee/Repos/qhat/demo_L_sweep_library/Be-Be/1.63/hgbs-5/Be-Be_1.63_hgbs-5_as-002-004_jw.dat
Be-Be,1.63,hgbs-5,2,4,6,JW_Pauli_string_commutation,34,168,3,1,10,0.0009336400025716981,2.842170943040401e-14,/Users/a_lee/Repos/qhat/demo_L_sweep_library/Be-Be/1.63/hgbs-5/Be-Be_1.63_hgbs-5_as-002-004_jw.dat
Be-Be,1.63,hgbs-5,2,4,6,JW_Pauli_string_commutation,34,168,3,2,1,0.0006089464510715861,2.842170943040401e-14,/Users/a_lee/Repos/qhat/demo_L_sweep_library/Be-Be/1.63/hgbs-5/Be-Be_1.63_hgbs-5_as-002-004_jw.dat
Be-Be,1.63,hgbs-5,2,4,6,JW_Pauli_string_commutation,34,168,3,2,2,0.00015294349590639565,2.842170943040401e-14,/Users/a_lee/Repos/qhat/demo_L_sweep_library/Be-Be/1.63/hgbs-5/Be-Be_1.63_hgbs-5_as-002-004_jw.dat
Be-Be,1.63,hgbs-5,2,4,6,JW_Pauli_string_commutation,34,168,3,2,5,2.450270527711629e-05,2.842170943040401e-14,/Users/a_lee/Repos/qhat/demo_L_sweep_library/Be-Be/1.63/hgbs-5/Be-Be_1.63_hgbs-5_as-002-004_jw.dat
Be-Be,1.63,hgbs-5,2,4,6,JW_Pauli_string_commutation,34,168,3,2,10,6.12681079738931e-06,2.842170943040401e-14,/Users/a_lee/Repos/qhat/demo_L_sweep_library/Be-Be/1.63/hgbs-5/Be-Be_1.63_hgbs-5_as-002-004_jw.dat
Be-Be,1.63,sto-6g,2,2,4,fermionic_commutation_then_JW,23,32,2,1,1,6.765440513031044e-05,1.4210854715202004e-14,/Users/a_lee/Repos/qhat/demo_L_sweep_library/Be-Be/1.63/sto-6g/Be-Be_1.63_sto-6g_as-002-002_jw.dat
Be-Be,1.63,sto-6g,2,2,4,fermionic_commutation_then_JW,23,32,2,1,2,3.382612529551165e-05,1.4210854715202004e-14,/Users/a_lee/Repos/qhat/demo_L_sweep_library/Be-Be/1.63/sto-6g/Be-Be_1.63_sto-6g_as-002-002_jw.dat
Be-Be,1.63,sto-6g,2,2,4,fermionic_commutation_then_JW,23,32,2,1,5,1.3530329472668494e-05,1.4210854715202004e-14,/Users/a_lee/Repos/qhat/demo_L_sweep_library/Be-Be/1.63/sto-6g/Be-Be_1.63_sto-6g_as-002-002_jw.dat
Be-Be,1.63,sto-6g,2,2,4,fermionic_commutation_then_JW,23,32,2,1,10,6.765156120352131e-06,1.4210854715202004e-14,/Users/a_lee/Repos/qhat/demo_L_sweep_library/Be-Be/1.63/sto-6g/Be-Be_1.63_sto-6g_as-002-002_jw.dat
Be-Be,1.63,sto-6g,2,2,4,fermionic_commutation_then_JW,23,32,2,2,1,3.1540874006527604e-07,1.4210854715202004e-14,/Users/a_lee/Repos/qhat/demo_L_sweep_library/Be-Be/1.63/sto-6g/Be-Be_1.63_sto-6g_as-002-002_jw.dat
Be-Be,1.63,sto-6g,2,2,4,fermionic_commutation_then_JW,23,32,2,2,2,7.884702171090886e-08,1.4210854715202004e-14,/Users/a_lee/Repos/qhat/demo_L_sweep_library/Be-Be/1.63/sto-6g/Be-Be_1.63_sto-6g_as-002-002_jw.dat
Be-Be,1.63,sto-6g,2,2,4,fermionic_commutation_then_JW,23,32,2,2,5,1.2615289395775898e-08,1.4210854715202004e-14,/Users/a_lee/Repos/qhat/demo_L_sweep_library/Be-Be/1.63/sto-6g/Be-Be_1.63_sto-6g_as-002-002_jw.dat
Be-Be,1.63,sto-6g,2,2,4,fermionic_commutation_then_JW,23,32,2,2,10,3.1538118187440658e-09,1.4210854715202004e-14,/Users/a_lee/Repos/qhat/demo_L_sweep_library/Be-Be/1.63/sto-6g/Be-Be_1.63_sto-6g_as-002-002_jw.dat
Be-Be,1.63,sto-6g,2,2,4,JW_Pauli_string_commutation,15,16,2,1,1,6.765440513059862e-05,1.4210854715202004e-14,/Users/a_lee/Repos/qhat/demo_L_sweep_library/Be-Be/1.63/sto-6g/Be-Be_1.63_sto-6g_as-002-002_jw.dat
Be-Be,1.63,sto-6g,2,2,4,JW_Pauli_string_commutation,15,16,2,1,2,3.3826125295887046e-05,1.4210854715202004e-14,/Users/a_lee/Repos/qhat/demo_L_sweep_library/Be-Be/1.63/sto-6g/Be-Be_1.63_sto-6g_as-002-002_jw.dat
Be-Be,1.63,sto-6g,2,2,4,JW_Pauli_string_commutation,15,16,2,1,5,1.3530329473998625e-05,1.4210854715202004e-14,/Users/a_lee/Repos/qhat/demo_L_sweep_library/Be-Be/1.63/sto-6g/Be-Be_1.63_sto-6g_as-002-002_jw.dat
Be-Be,1.63,sto-6g,2,2,4,JW_Pauli_string_commutation,15,16,2,1,10,6.765156122063473e-06,1.4210854715202004e-14,/Users/a_lee/Repos/qhat/demo_L_sweep_library/Be-Be/1.63/sto-6g/Be-Be_1.63_sto-6g_as-002-002_jw.dat
Be-Be,1.63,sto-6g,2,2,4,JW_Pauli_string_commutation,15,16,2,2,1,6.215998719533241e-07,1.4210854715202004e-14,/Users/a_lee/Repos/qhat/demo_L_sweep_library/Be-Be/1.63/sto-6g/Be-Be_1.63_sto-6g_as-002-002_jw.dat
Be-Be,1.63,sto-6g,2,2,4,JW_Pauli_string_commutation,15,16,2,2,2,1.553940487038031e-07,1.4210854715202004e-14,/Users/a_lee/Repos/qhat/demo_L_sweep_library/Be-Be/1.63/sto-6g/Be-Be_1.63_sto-6g_as-002-002_jw.dat
Be-Be,1.63,sto-6g,2,2,4,JW_Pauli_string_commutation,15,16,2,2,5,2.4862789474797226e-08,1.4210854715202004e-14,/Users/a_lee/Repos/qhat/demo_L_sweep_library/Be-Be/1.63/sto-6g/Be-Be_1.63_sto-6g_as-002-002_jw.dat
Be-Be,1.63,sto-6g,2,2,4,JW_Pauli_string_commutation,15,16,2,2,10,6.215694049924456e-09,1.4210854715202004e-14,/Users/a_lee/Repos/qhat/demo_L_sweep_library/Be-Be/1.63/sto-6g/Be-Be_1.63_sto-6g_as-002-002_jw.dat
Be-Be,1.63,sto-6g,2,4,6,fermionic_commutation_then_JW,55,360,4,1,1,0.031553552761427364,1.7763568394002505e-14,/Users/a_lee/Repos/qhat/demo_L_sweep_library/Be-Be/1.63/sto-6g/Be-Be_1.63_sto-6g_as-002-004_jw.dat
Be-Be,1.63,sto-6g,2,4,6,fermionic_commutation_then_JW,55,360,4,1,2,0.016532452450610254,1.7763568394002505e-14,/Users/a_lee/Repos/qhat/demo_L_sweep_library/Be-Be/1.63/sto-6g/Be-Be_1.63_sto-6g_as-002-004_jw.dat
Be-Be,1.63,sto-6g,2,4,6,fermionic_commutation_then_JW,55,360,4,1,5,0.006698989426445629,1.7763568394002505e-14,/Users/a_lee/Repos/qhat/demo_L_sweep_library/Be-Be/1.63/sto-6g/Be-Be_1.63_sto-6g_as-002-004_jw.dat
Be-Be,1.63,sto-6g,2,4,6,fermionic_commutation_then_JW,55,360,4,1,10,0.0033556418119404354,1.7763568394002505e-14,/Users/a_lee/Repos/qhat/demo_L_sweep_library/Be-Be/1.63/sto-6g/Be-Be_1.63_sto-6g_as-002-004_jw.dat
Be-Be,1.63,sto-6g,2,4,6,fermionic_commutation_then_JW,55,360,4,2,1,0.005485603596171292,1.7763568394002505e-14,/Users/a_lee/Repos/qhat/demo_L_sweep_library/Be-Be/1.63/sto-6g/Be-Be_1.63_sto-6g_as-002-004_jw.dat
Be-Be,1.63,sto-6g,2,4,6,fermionic_commutation_then_JW,55,360,4,2,2,0.0014071780947042143,1.7763568394002505e-14,/Users/a_lee/Repos/qhat/demo_L_sweep_library/Be-Be/1.63/sto-6g/Be-Be_1.63_sto-6g_as-002-004_jw.dat
Be-Be,1.63,sto-6g,2,4,6,fermionic_commutation_then_JW,55,360,4,2,5,0.00022677211789243334,1.7763568394002505e-14,/Users/a_lee/Repos/qhat/demo_L_sweep_library/Be-Be/1.63/sto-6g/Be-Be_1.63_sto-6g_as-002-004_jw.dat
Be-Be,1.63,sto-6g,2,4,6,fermionic_commutation_then_JW,55,360,4,2,10,5.675120240976286e-05,1.7763568394002505e-14,/Users/a_lee/Repos/qhat/demo_L_sweep_library/Be-Be/1.63/sto-6g/Be-Be_1.63_sto-6g_as-002-004_jw.dat
Be-Be,1.63,sto-6g,2,4,6,JW_Pauli_string_commutation,34,168,3,1,1,0.03127165747537479,1.7763568394002505e-14,/Users/a_lee/Repos/qhat/demo_L_sweep_library/Be-Be/1.63/sto-6g/Be-Be_1.63_sto-6g_as-002-004_jw.dat
Be-Be,1.63,sto-6g,2,4,6,JW_Pauli_string_commutation,34,168,3,1,2,0.016376695763479044,1.7763568394002505e-14,/Users/a_lee/Repos/qhat/demo_L_sweep_library/Be-Be/1.63/sto-6g/Be-Be_1.63_sto-6g_as-002-004_jw.dat
Be-Be,1.63,sto-6g,2,4,6,JW_Pauli_string_commutation,34,168,3,1,5,0.006635154349959153,1.7763568394002505e-14,/Users/a_lee/Repos/qhat/demo_L_sweep_library/Be-Be/1.63/sto-6g/Be-Be_1.63_sto-6g_as-002-004_jw.dat
Be-Be,1.63,sto-6g,2,4,6,JW_Pauli_string_commutation,34,168,3,1,10,0.0033236378779794933,1.7763568394002505e-14,/Users/a_lee/Repos/qhat/demo_L_sweep_library/Be-Be/1.63/sto-6g/Be-Be_1.63_sto-6g_as-002-004_jw.dat
Be-Be,1.63,sto-6g,2,4,6,JW_Pauli_string_commutation,34,168,3,2,1,0.004917642454979093,1.7763568394002505e-14,/Users/a_lee/Repos/qhat/demo_L_sweep_library/Be-Be/1.63/sto-6g/Be-Be_1.63_sto-6g_as-002-004_jw.dat
Be-Be,1.63,sto-6g,2,4,6,JW_Pauli_string_commutation,34,168,3,2,2,0.001258324099596528,1.7763568394002505e-14,/Users/a_lee/Repos/qhat/demo_L_sweep_library/Be-Be/1.63/sto-6g/Be-Be_1.63_sto-6g_as-002-004_jw.dat
Be-Be,1.63,sto-6g,2,4,6,JW_Pauli_string_commutation,34,168,3,2,5,0.00020264273489594334,1.7763568394002505e-14,/Users/a_lee/Repos/qhat/demo_L_sweep_library/Be-Be/1.63/sto-6g/Be-Be_1.63_sto-6g_as-002-004_jw.dat
Be-Be,1.63,sto-6g,2,4,6,JW_Pauli_string_commutation,34,168,3,2,10,5.070764024927347e-05,1.7763568394002505e-14,/Users/a_lee/Repos/qhat/demo_L_sweep_library/Be-Be/1.63/sto-6g/Be-Be_1.63_sto-6g_as-002-004_jw.dat
Be-Be,2.24,hgbs-5,2,2,4,fermionic_commutation_then_JW,23,32,2,1,1,0.001369233202799238,2.1316282072803006e-14,/Users/a_lee/Repos/qhat/demo_L_sweep_library/Be-Be/2.24/hgbs-5/Be-Be_2.24_hgbs-5_as-002-002_jw.dat
Be-Be,2.24,hgbs-5,2,2,4,fermionic_commutation_then_JW,23,32,2,1,2,0.0006843301617704913,2.1316282072803006e-14,/Users/a_lee/Repos/qhat/demo_L_sweep_library/Be-Be/2.24/hgbs-5/Be-Be_2.24_hgbs-5_as-002-002_jw.dat
Be-Be,2.24,hgbs-5,2,2,4,fermionic_commutation_then_JW,23,32,2,1,5,0.0002737000130195608,2.1316282072803006e-14,/Users/a_lee/Repos/qhat/demo_L_sweep_library/Be-Be/2.24/hgbs-5/Be-Be_2.24_hgbs-5_as-002-002_jw.dat
Be-Be,2.24,hgbs-5,2,2,4,fermionic_commutation_then_JW,23,32,2,1,10,0.00013684771763384506,2.1316282072803006e-14,/Users/a_lee/Repos/qhat/demo_L_sweep_library/Be-Be/2.24/hgbs-5/Be-Be_2.24_hgbs-5_as-002-002_jw.dat
Be-Be,2.24,hgbs-5,2,2,4,fermionic_commutation_then_JW,23,32,2,2,1,4.53963882142608e-05,2.1316282072803006e-14,/Users/a_lee/Repos/qhat/demo_L_sweep_library/Be-Be/2.24/hgbs-5/Be-Be_2.24_hgbs-5_as-002-002_jw.dat
Be-Be,2.24,hgbs-5,2,2,4,fermionic_commutation_then_JW,23,32,2,2,2,1.1343427050511454e-05,2.1316282072803006e-14,/Users/a_lee/Repos/qhat/demo_L_sweep_library/Be-Be/2.24/hgbs-5/Be-Be_2.24_hgbs-5_as-002-002_jw.dat
Be-Be,2.24,hgbs-5,2,2,4,fermionic_commutation_then_JW,23,32,2,2,5,1.814694527393745e-06,2.1316282072803006e-14,/Users/a_lee/Repos/qhat/demo_L_sweep_library/Be-Be/2.24/hgbs-5/Be-Be_2.24_hgbs-5_as-002-002_jw.dat
Be-Be,2.24,hgbs-5,2,2,4,fermionic_commutation_then_JW,23,32,2,2,10,4.536645743916777e-07,2.1316282072803006e-14,/Users/a_lee/Repos/qhat/demo_L_sweep_library/Be-Be/2.24/hgbs-5/Be-Be_2.24_hgbs-5_as-002-002_jw.dat
Be-Be,2.24,hgbs-5,2,2,4,JW_Pauli_string_commutation,15,16,2,1,1,0.0013692332028038161,2.1316282072803006e-14,/Users/a_lee/Repos/qhat/demo_L_sweep_library/Be-Be/2.24/hgbs-5/Be-Be_2.24_hgbs-5_as-002-002_jw.dat
Be-Be,2.24,hgbs-5,2,2,4,JW_Pauli_string_commutation,15,16,2,1,2,0.000684330161774915,2.1316282072803006e-14,/Users/a_lee/Repos/qhat/demo_L_sweep_library/Be-Be/2.24/hgbs-5/Be-Be_2.24_hgbs-5_as-002-002_jw.dat
Be-Be,2.24,hgbs-5,2,2,4,JW_Pauli_string_commutation,15,16,2,1,5,0.00027370001302359976,2.1316282072803006e-14,/Users/a_lee/Repos/qhat/demo_L_sweep_library/Be-Be/2.24/hgbs-5/Be-Be_2.24_hgbs-5_as-002-002_jw.dat
Be-Be,2.24,hgbs-5,2,2,4,JW_Pauli_string_commutation,15,16,2,1,10,0.0001368477176372802,2.1316282072803006e-14,/Users/a_lee/Repos/qhat/demo_L_sweep_library/Be-Be/2.24/hgbs-5/Be-Be_2.24_hgbs-5_as-002-002_jw.dat
Be-Be,2.24,hgbs-5,2,2,4,JW_Pauli_string_commutation,15,16,2,2,1,2.3516297125390674e-05,2.1316282072803006e-14,/Users/a_lee/Repos/qhat/demo_L_sweep_library/Be-Be/2.24/hgbs-5/Be-Be_2.24_hgbs-5_as-002-002_jw.dat
Be-Be,2.24,hgbs-5,2,2,4,JW_Pauli_string_commutation,15,16,2,2,2,5.874162369701022e-06,2.1316282072803006e-14,/Users/a_lee/Repos/qhat/demo_L_sweep_library/Be-Be/2.24/hgbs-5/Be-Be_2.24_hgbs-5_as-002-002_jw.dat
Be-Be,2.24,hgbs-5,2,2,4,JW_Pauli_string_commutation,15,16,2,2,5,9.396461426720931e-07,2.1316282072803006e-14,/Users/a_lee/Repos/qhat/demo_L_sweep_library/Be-Be/2.24/hgbs-5/Be-Be_2.24_hgbs-5_as-002-002_jw.dat
Be-Be,2.24,hgbs-5,2,2,4,JW_Pauli_string_commutation,15,16,2,2,10,2.3490369396927303e-07,2.1316282072803006e-14,/Users/a_lee/Repos/qhat/demo_L_sweep_library/Be-Be/2.24/hgbs-5/Be-Be_2.24_hgbs-5_as-002-002_jw.dat
Be-Be,2.24,hgbs-5,2,4,6,fermionic_commutation_then_JW,55,360,4,1,1,0.012105309747151688,2.842170943040401e-14,/Users/a_lee/Repos/qhat/demo_L_sweep_library/Be-Be/2.24/hgbs-5/Be-Be_2.24_hgbs-5_as-002-004_jw.dat
Be-Be,2.24,hgbs-5,2,4,6,fermionic_commutation_then_JW,55,360,4,1,2,0.0062099000958340984,2.842170943040401e-14,/Users/a_lee/Repos/qhat/demo_L_sweep_library/Be-Be/2.24/hgbs-5/Be-Be_2.24_hgbs-5_as-002-004_jw.dat
Be-Be,2.24,hgbs-5,2,4,6,fermionic_commutation_then_JW,55,360,4,1,5,0.002501721293019647,2.842170943040401e-14,/Users/a_lee/Repos/qhat/demo_L_sweep_library/Be-Be/2.24/hgbs-5/Be-Be_2.24_hgbs-5_as-002-004_jw.dat
Be-Be,2.24,hgbs-5,2,4,6,fermionic_commutation_then_JW,55,360,4,1,10,0.001252128352900459,2.842170943040401e-14,/Users/a_lee/Repos/qhat/demo_L_sweep_library/Be-Be/2.24/hgbs-5/Be-Be_2.24_hgbs-5_as-002-004_jw.dat
Be-Be,2.24,hgbs-5,2,4,6,fermionic_commutation_then_JW,55,360,4,2,1,0.0015383468945076916,2.842170943040401e-14,/Users/a_lee/Repos/qhat/demo_L_sweep_library/Be-Be/2.24/hgbs-5/Be-Be_2.24_hgbs-5_as-002-004_jw.dat
Be-Be,2.24,hgbs-5,2,4,6,fermionic_commutation_then_JW,55,360,4,2,2,0.0003900445004838353,2.842170943040401e-14,/Users/a_lee/Repos/qhat/demo_L_sweep_library/Be-Be/2.24/hgbs-5/Be-Be_2.24_hgbs-5_as-002-004_jw.dat
Be-Be,2.24,hgbs-5,2,4,6,fermionic_commutation_then_JW,55,360,4,2,5,6.265336829094868e-05,2.842170943040401e-14,/Users/a_lee/Repos/qhat/demo_L_sweep_library/Be-Be/2.24/hgbs-5/Be-Be_2.24_hgbs-5_as-002-004_jw.dat
Be-Be,2.24,hgbs-5,2,4,6,fermionic_commutation_then_JW,55,360,4,2,10,1.567215223004664e-05,2.842170943040401e-14,/Users/a_lee/Repos/qhat/demo_L_sweep_library/Be-Be/2.24/hgbs-5/Be-Be_2.24_hgbs-5_as-002-004_jw.dat
Be-Be,2.24,hgbs-5,2,4,6,JW_Pauli_string_commutation,34,168,3,1,1,0.005386907214456783,2.842170943040401e-14,/Users/a_lee/Repos/qhat/demo_L_sweep_library/Be-Be/2.24/hgbs-5/Be-Be_2.24_hgbs-5_as-002-004_jw.dat
Be-Be,2.24,hgbs-5,2,4,6,JW_Pauli_string_commutation,34,168,3,1,2,0.0027029779756367915,2.842170943040401e-14,/Users/a_lee/Repos/qhat/demo_L_sweep_library/Be-Be/2.24/hgbs-5/Be-Be_2.24_hgbs-5_as-002-004_jw.dat
Be-Be,2.24,hgbs-5,2,4,6,JW_Pauli_string_commutation,34,168,3,1,5,0.0010822152668108907,2.842170943040401e-14,/Users/a_lee/Repos/qhat/demo_L_sweep_library/Be-Be/2.24/hgbs-5/Be-Be_2.24_hgbs-5_as-002-004_jw.dat
Be-Be,2.24,hgbs-5,2,4,6,JW_Pauli_string_commutation,34,168,3,1,10,0.0005411728331400767,2.842170943040401e-14,/Users/a_lee/Repos/qhat/demo_L_sweep_library/Be-Be/2.24/hgbs-5/Be-Be_2.24_hgbs-5_as-002-004_jw.dat
Be-Be,2.24,hgbs-5,2,4,6,JW_Pauli_string_commutation,34,168,3,2,1,0.00016668890839852734,2.842170943040401e-14,/Users/a_lee/Repos/qhat/demo_L_sweep_library/Be-Be/2.24/hgbs-5/Be-Be_2.24_hgbs-5_as-002-004_jw.dat
Be-Be,2.24,hgbs-5,2,4,6,JW_Pauli_string_commutation,34,168,3,2,2,4.172921337906176e-05,2.842170943040401e-14,/Users/a_lee/Repos/qhat/demo_L_sweep_library/Be-Be/2.24/hgbs-5/Be-Be_2.24_hgbs-5_as-002-004_jw.dat
Be-Be,2.24,hgbs-5,2,4,6,JW_Pauli_string_commutation,34,168,3,2,5,6.679228493162443e-06,2.842170943040401e-14,/Users/a_lee/Repos/qhat/demo_L_sweep_library/Be-Be/2.24/hgbs-5/Be-Be_2.24_hgbs-5_as-002-004_jw.dat
Be-Be,2.24,hgbs-5,2,4,6,JW_Pauli_string_commutation,34,168,3,2,10,1.669898359714804e-06,2.842170943040401e-14,/Users/a_lee/Repos/qhat/demo_L_sweep_library/Be-Be/2.24/hgbs-5/Be-Be_2.24_hgbs-5_as-002-004_jw.dat
Be-Be,2.24,sto-6g,2,2,4,fermionic_commutation_then_JW,23,32,2,1,1,0.00914708055843987,7.105427357601002e-15,/Users/a_lee/Repos/qhat/demo_L_sweep_library/Be-Be/2.24/sto-6g/Be-Be_2.24_sto-6g_as-002-002_jw.dat
Be-Be,2.24,sto-6g,2,2,4,fermionic_commutation_then_JW,23,32,2,1,2,0.004570040934881454,7.105427357601002e-15,/Users/a_lee/Repos/qhat/demo_L_sweep_library/Be-Be/2.24/sto-6g/Be-Be_2.24_sto-6g_as-002-002_jw.dat
Be-Be,2.24,sto-6g,2,2,4,fermionic_commutation_then_JW,23,32,2,1,5,0.0018276242567039404,7.105427357601002e-15,/Users/a_lee/Repos/qhat/demo_L_sweep_library/Be-Be/2.24/sto-6g/Be-Be_2.24_sto-6g_as-002-002_jw.dat
Be-Be,2.24,sto-6g,2,2,4,fermionic_commutation_then_JW,23,32,2,1,10,0.0009137841166092388,7.105427357601002e-15,/Users/a_lee/Repos/qhat/demo_L_sweep_library/Be-Be/2.24/sto-6g/Be-Be_2.24_sto-6g_as-002-002_jw.dat
Be-Be,2.24,sto-6g,2,2,4,fermionic_commutation_then_JW,23,32,2,2,1,0.0003229469703692479,7.105427357601002e-15,/Users/a_lee/Repos/qhat/demo_L_sweep_library/Be-Be/2.24/sto-6g/Be-Be_2.24_sto-6g_as-002-002_jw.dat
Be-Be,2.24,sto-6g,2,2,4,fermionic_commutation_then_JW,23,32,2,2,2,8.066415927610775e-05,7.105427357601002e-15,/Users/a_lee/Repos/qhat/demo_L_sweep_library/Be-Be/2.24/sto-6g/Be-Be_2.24_sto-6g_as-002-002_jw.dat
Be-Be,2.24,sto-6g,2,2,4,fermionic_commutation_then_JW,23,32,2,2,5,1.2903011156965212e-05,7.105427357601002e-15,/Users/a_lee/Repos/qhat/demo_L_sweep_library/Be-Be/2.24/sto-6g/Be-Be_2.24_sto-6g_as-002-002_jw.dat
Be-Be,2.24,sto-6g,2,2,4,fermionic_commutation_then_JW,23,32,2,2,10,3.2256365413617444e-06,7.105427357601002e-15,/Users/a_lee/Repos/qhat/demo_L_sweep_library/Be-Be/2.24/sto-6g/Be-Be_2.24_sto-6g_as-002-002_jw.dat
Be-Be,2.24,sto-6g,2,2,4,JW_Pauli_string_commutation,15,16,2,1,1,0.00914708055843999,7.105427357601002e-15,/Users/a_lee/Repos/qhat/demo_L_sweep_library/Be-Be/2.24/sto-6g/Be-Be_2.24_sto-6g_as-002-002_jw.dat
Be-Be,2.24,sto-6g,2,2,4,JW_Pauli_string_commutation,15,16,2,1,2,0.004570040934881611,7.105427357601002e-15,/Users/a_lee/Repos/qhat/demo_L_sweep_library/Be-Be/2.24/sto-6g/Be-Be_2.24_sto-6g_as-002-002_jw.dat
Be-Be,2.24,sto-6g,2,2,4,JW_Pauli_string_commutation,15,16,2,1,5,0.0018276242567040178,7.105427357601002e-15,/Users/a_lee/Repos/qhat/demo_L_sweep_library/Be-Be/2.24/sto-6g/Be-Be_2.24_sto-6g_as-002-002_jw.dat
Be-Be,2.24,sto-6g,2,2,4,JW_Pauli_string_commutation,15,16,2,1,10,0.0009137841166110271,7.105427357601002e-15,/Users/a_lee/Repos/qhat/demo_L_sweep_library/Be-Be/2.24/sto-6g/Be-Be_2.24_sto-6g_as-002-002_jw.dat
Be-Be,2.24,sto-6g,2,2,4,JW_Pauli_string_commutation,15,16,2,2,1,0.0003302785527155118,7.105427357601002e-15,/Users/a_lee/Repos/qhat/demo_L_sweep_library/Be-Be/2.24/sto-6g/Be-Be_2.24_sto-6g_as-002-002_jw.dat
Be-Be,2.24,sto-6g,2,2,4,JW_Pauli_string_commutation,15,16,2,2,2,8.249617177564245e-05,7.105427357601002e-15,/Users/a_lee/Repos/qhat/demo_L_sweep_library/Be-Be/2.24/sto-6g/Be-Be_2.24_sto-6g_as-002-002_jw.dat
Be-Be,2.24,sto-6g,2,2,4,JW_Pauli_string_commutation,15,16,2,2,5,1.3196093539890462e-05,7.105427357601002e-15,/Users/a_lee/Repos/qhat/demo_L_sweep_library/Be-Be/2.24/sto-6g/Be-Be_2.24_sto-6g_as-002-002_jw.dat
Be-Be,2.24,sto-6g,2,2,4,JW_Pauli_string_commutation,15,16,2,2,10,3.2989057224064713e-06,7.105427357601002e-15,/Users/a_lee/Repos/qhat/demo_L_sweep_library/Be-Be/2.24/sto-6g/Be-Be_2.24_sto-6g_as-002-002_jw.dat
Be-Be,2.24,sto-6g,2,4,6,fermionic_commutation_then_JW,55,360,4,1,1,0.03535959918048055,3.552713678800501e-14,/Users/a_lee/Repos/qhat/demo_L_sweep_library/Be-Be/2.24/sto-6g/Be-Be_2.24_sto-6g_as-002-004_jw.dat
Be-Be,2.24,sto-6g,2,4,6,fermionic_commutation_then_JW,55,360,4,1,2,0.018161956205806597,3.552713678800501e-14,/Users/a_lee/Repos/qhat/demo_L_sweep_library/Be-Be/2.24/sto-6g/Be-Be_2.24_sto-6g_as-002-004_jw.dat
Be-Be,2.24,sto-6g,2,4,6,fermionic_commutation_then_JW,55,360,4,1,5,0.007317936205474995,3.552713678800501e-14,/Users/a_lee/Repos/qhat/demo_L_sweep_library/Be-Be/2.24/sto-6g/Be-Be_2.24_sto-6g_as-002-004_jw.dat
Be-Be,2.24,sto-6g,2,4,6,fermionic_commutation_then_JW,55,360,4,1,10,0.003662480819200862,3.552713678800501e-14,/Users/a_lee/Repos/qhat/demo_L_sweep_library/Be-Be/2.24/sto-6g/Be-Be_2.24_sto-6g_as-002-004_jw.dat
Be-Be,2.24,sto-6g,2,4,6,fermionic_commutation_then_JW,55,360,4,2,1,0.00575656512393155,3.552713678800501e-14,/Users/a_lee/Repos/qhat/demo_L_sweep_library/Be-Be/2.24/sto-6g/Be-Be_2.24_sto-6g_as-002-004_jw.dat
Be-Be,2.24,sto-6g,2,4,6,fermionic_commutation_then_JW,55,360,4,2,2,0.001467811394432444,3.552713678800501e-14,/Users/a_lee/Repos/qhat/demo_L_sweep_library/Be-Be/2.24/sto-6g/Be-Be_2.24_sto-6g_as-002-004_jw.dat
Be-Be,2.24,sto-6g,2,4,6,fermionic_commutation_then_JW,55,360,4,2,5,0.00023614566304466344,3.552713678800501e-14,/Users/a_lee/Repos/qhat/demo_L_sweep_library/Be-Be/2.24/sto-6g/Be-Be_2.24_sto-6g_as-002-004_jw.dat
Be-Be,2.24,sto-6g,2,4,6,fermionic_commutation_then_JW,55,360,4,2,10,5.90827973350443e-05,3.552713678800501e-14,/Users/a_lee/Repos/qhat/demo_L_sweep_library/Be-Be/2.24/sto-6g/Be-Be_2.24_sto-6g_as-002-004_jw.dat
Be-Be,2.24,sto-6g,2,4,6,JW_Pauli_string_commutation,34,168,3,1,1,0.03655765067063312,3.552713678800501e-14,/Users/a_lee/Repos/qhat/demo_L_sweep_library/Be-Be/2.24/sto-6g/Be-Be_2.24_sto-6g_as-002-004_jw.dat
Be-Be,2.24,sto-6g,2,4,6,JW_Pauli_string_commutation,34,168,3,1,2,0.018928650808769883,3.552713678800501e-14,/Users/a_lee/Repos/qhat/demo_L_sweep_library/Be-Be/2.24/sto-6g/Be-Be_2.24_sto-6g_as-002-004_jw.dat
Be-Be,2.24,sto-6g,2,4,6,JW_Pauli_string_commutation,34,168,3,1,5,0.007643898152309649,3.552713678800501e-14,/Users/a_lee/Repos/qhat/demo_L_sweep_library/Be-Be/2.24/sto-6g/Be-Be_2.24_sto-6g_as-002-004_jw.dat
Be-Be,2.24,sto-6g,2,4,6,JW_Pauli_string_commutation,34,168,3,1,10,0.003826850691384078,3.552713678800501e-14,/Users/a_lee/Repos/qhat/demo_L_sweep_library/Be-Be/2.24/sto-6g/Be-Be_2.24_sto-6g_as-002-004_jw.dat
Be-Be,2.24,sto-6g,2,4,6,JW_Pauli_string_commutation,34,168,3,2,1,0.004471626760657439,3.552713678800501e-14,/Users/a_lee/Repos/qhat/demo_L_sweep_library/Be-Be/2.24/sto-6g/Be-Be_2.24_sto-6g_as-002-004_jw.dat
Be-Be,2.24,sto-6g,2,4,6,JW_Pauli_string_commutation,34,168,3,2,2,0.0011351158622933694,3.552713678800501e-14,/Users/a_lee/Repos/qhat/demo_L_sweep_library/Be-Be/2.24/sto-6g/Be-Be_2.24_sto-6g_as-002-004_jw.dat
Be-Be,2.24,sto-6g,2,4,6,JW_Pauli_string_commutation,34,168,3,2,5,0.00018239605475437799,3.552713678800501e-14,/Users/a_lee/Repos/qhat/demo_L_sweep_library/Be-Be/2.24/sto-6g/Be-Be_2.24_sto-6g_as-002-004_jw.dat
Be-Be,2.24,sto-6g,2,4,6,JW_Pauli_string_commutation,34,168,3,2,10,4.562684091668959e-05,3.552713678800501e-14,/Users/a_lee/Repos/qhat/demo_L_sweep_library/Be-Be/2.24/sto-6g/Be-Be_2.24_sto-6g_as-002-004_jw.dat
Be-Be,2.86,hgbs-5,2,2,4,fermionic_commutation_then_JW,23,32,2,1,1,0.001821015941567804,1.4210854715202004e-14,/Users/a_lee/Repos/qhat/demo_L_sweep_library/Be-Be/2.86/hgbs-5/Be-Be_2.86_hgbs-5_as-002-002_jw.dat
Be-Be,2.86,hgbs-5,2,2,4,fermionic_commutation_then_JW,23,32,2,1,2,0.0009095734956630422,1.4210854715202004e-14,/Users/a_lee/Repos/qhat/demo_L_sweep_library/Be-Be/2.86/hgbs-5/Be-Be_2.86_hgbs-5_as-002-002_jw.dat
Be-Be,2.86,hgbs-5,2,2,4,fermionic_commutation_then_JW,23,32,2,1,5,0.0003637249905712921,1.4210854715202004e-14,/Users/a_lee/Repos/qhat/demo_L_sweep_library/Be-Be/2.86/hgbs-5/Be-Be_2.86_hgbs-5_as-002-002_jw.dat
Be-Be,2.86,hgbs-5,2,2,4,fermionic_commutation_then_JW,23,32,2,1,10,0.00018185504211045366,1.4210854715202004e-14,/Users/a_lee/Repos/qhat/demo_L_sweep_library/Be-Be/2.86/hgbs-5/Be-Be_2.86_hgbs-5_as-002-002_jw.dat
Be-Be,2.86,hgbs-5,2,2,4,fermionic_commutation_then_JW,23,32,2,2,1,9.50056278633793e-05,1.4210854715202004e-14,/Users/a_lee/Repos/qhat/demo_L_sweep_library/Be-Be/2.86/hgbs-5/Be-Be_2.86_hgbs-5_as-002-002_jw.dat
Be-Be,2.86,hgbs-5,2,2,4,fermionic_commutation_then_JW,23,32,2,2,2,2.3722213079237534e-05,1.4210854715202004e-14,/Users/a_lee/Repos/qhat/demo_L_sweep_library/Be-Be/2.86/hgbs-5/Be-Be_2.86_hgbs-5_as-002-002_jw.dat
Be-Be,2.86,hgbs-5,2,2,4,fermionic_commutation_then_JW,23,32,2,2,5,3.794249062963862e-06,1.4210854715202004e-14,/Users/a_lee/Repos/qhat/demo_L_sweep_library/Be-Be/2.86/hgbs-5/Be-Be_2.86_hgbs-5_as-002-002_jw.dat
Be-Be,2.86,hgbs-5,2,2,4,fermionic_commutation_then_JW,23,32,2,2,10,9.485156841500785e-07,1.4210854715202004e-14,/Users/a_lee/Repos/qhat/demo_L_sweep_library/Be-Be/2.86/hgbs-5/Be-Be_2.86_hgbs-5_as-002-002_jw.dat
Be-Be,2.86,hgbs-5,2,2,4,JW_Pauli_string_commutation,15,16,2,1,1,0.0018210159415685833,1.4210854715202004e-14,/Users/a_lee/Repos/qhat/demo_L_sweep_library/Be-Be/2.86/hgbs-5/Be-Be_2.86_hgbs-5_as-002-002_jw.dat
Be-Be,2.86,hgbs-5,2,2,4,JW_Pauli_string_commutation,15,16,2,1,2,0.000909573495663917,1.4210854715202004e-14,/Users/a_lee/Repos/qhat/demo_L_sweep_library/Be-Be/2.86/hgbs-5/Be-Be_2.86_hgbs-5_as-002-002_jw.dat
Be-Be,2.86,hgbs-5,2,2,4,JW_Pauli_string_commutation,15,16,2,1,5,0.00036372499057535265,1.4210854715202004e-14,/Users/a_lee/Repos/qhat/demo_L_sweep_library/Be-Be/2.86/hgbs-5/Be-Be_2.86_hgbs-5_as-002-002_jw.dat
Be-Be,2.86,hgbs-5,2,2,4,JW_Pauli_string_commutation,15,16,2,1,10,0.00018185504211321428,1.4210854715202004e-14,/Users/a_lee/Repos/qhat/demo_L_sweep_library/Be-Be/2.86/hgbs-5/Be-Be_2.86_hgbs-5_as-002-002_jw.dat
Be-Be,2.86,hgbs-5,2,2,4,JW_Pauli_string_commutation,15,16,2,2,1,4.8054306516388264e-05,1.4210854715202004e-14,/Users/a_lee/Repos/qhat/demo_L_sweep_library/Be-Be/2.86/hgbs-5/Be-Be_2.86_hgbs-5_as-002-002_jw.dat
Be-Be,2.86,hgbs-5,2,2,4,JW_Pauli_string_commutation,15,16,2,2,2,1.19881051269393e-05,1.4210854715202004e-14,/Users/a_lee/Repos/qhat/demo_L_sweep_library/Be-Be/2.86/hgbs-5/Be-Be_2.86_hgbs-5_as-002-002_jw.dat
Be-Be,2.86,hgbs-5,2,2,4,JW_Pauli_string_commutation,15,16,2,2,5,1.91695848128298e-06,1.4210854715202004e-14,/Users/a_lee/Repos/qhat/demo_L_sweep_library/Be-Be/2.86/hgbs-5/Be-Be_2.86_hgbs-5_as-002-002_jw.dat
Be-Be,2.86,hgbs-5,2,2,4,JW_Pauli_string_commutation,15,16,2,2,10,4.791989928037264e-07,1.4210854715202004e-14,/Users/a_lee/Repos/qhat/demo_L_sweep_library/Be-Be/2.86/hgbs-5/Be-Be_2.86_hgbs-5_as-002-002_jw.dat
Be-Be,2.86,hgbs-5,2,4,6,fermionic_commutation_then_JW,55,360,4,1,1,0.009750329727343304,1.4210854715202004e-14,/Users/a_lee/Repos/qhat/demo_L_sweep_library/Be-Be/2.86/hgbs-5/Be-Be_2.86_hgbs-5_as-002-004_jw.dat
Be-Be,2.86,hgbs-5,2,4,6,fermionic_commutation_then_JW,55,360,4,1,2,0.004984555979421057,1.4210854715202004e-14,/Users/a_lee/Repos/qhat/demo_L_sweep_library/Be-Be/2.86/hgbs-5/Be-Be_2.86_hgbs-5_as-002-004_jw.dat
Be-Be,2.86,hgbs-5,2,4,6,fermionic_commutation_then_JW,55,360,4,1,5,0.0020061450570441107,1.4210854715202004e-14,/Users/a_lee/Repos/qhat/demo_L_sweep_library/Be-Be/2.86/hgbs-5/Be-Be_2.86_hgbs-5_as-002-004_jw.dat
Be-Be,2.86,hgbs-5,2,4,6,fermionic_commutation_then_JW,55,360,4,1,10,0.0010039486071780016,1.4210854715202004e-14,/Users/a_lee/Repos/qhat/demo_L_sweep_library/Be-Be/2.86/hgbs-5/Be-Be_2.86_hgbs-5_as-002-004_jw.dat
Be-Be,2.86,hgbs-5,2,4,6,fermionic_commutation_then_JW,55,360,4,2,1,0.0012852912301228102,1.4210854715202004e-14,/Users/a_lee/Repos/qhat/demo_L_sweep_library/Be-Be/2.86/hgbs-5/Be-Be_2.86_hgbs-5_as-002-004_jw.dat
Be-Be,2.86,hgbs-5,2,4,6,fermionic_commutation_then_JW,55,360,4,2,2,0.0003256383684783927,1.4210854715202004e-14,/Users/a_lee/Repos/qhat/demo_L_sweep_library/Be-Be/2.86/hgbs-5/Be-Be_2.86_hgbs-5_as-002-004_jw.dat
Be-Be,2.86,hgbs-5,2,4,6,fermionic_commutation_then_JW,55,360,4,2,5,5.2296719190616764e-05,1.4210854715202004e-14,/Users/a_lee/Repos/qhat/demo_L_sweep_library/Be-Be/2.86/hgbs-5/Be-Be_2.86_hgbs-5_as-002-004_jw.dat
Be-Be,2.86,hgbs-5,2,4,6,fermionic_commutation_then_JW,55,360,4,2,10,1.3081140213298453e-05,1.4210854715202004e-14,/Users/a_lee/Repos/qhat/demo_L_sweep_library/Be-Be/2.86/hgbs-5/Be-Be_2.86_hgbs-5_as-002-004_jw.dat
Be-Be,2.86,hgbs-5,2,4,6,JW_Pauli_string_commutation,34,168,3,1,1,0.003631829290736684,1.4210854715202004e-14,/Users/a_lee/Repos/qhat/demo_L_sweep_library/Be-Be/2.86/hgbs-5/Be-Be_2.86_hgbs-5_as-002-004_jw.dat
Be-Be,2.86,hgbs-5,2,4,6,JW_Pauli_string_commutation,34,168,3,1,2,0.0018193255145916418,1.4210854715202004e-14,/Users/a_lee/Repos/qhat/demo_L_sweep_library/Be-Be/2.86/hgbs-5/Be-Be_2.86_hgbs-5_as-002-004_jw.dat
Be-Be,2.86,hgbs-5,2,4,6,JW_Pauli_string_commutation,34,168,3,1,5,0.0007280847212118831,1.4210854715202004e-14,/Users/a_lee/Repos/qhat/demo_L_sweep_library/Be-Be/2.86/hgbs-5/Be-Be_2.86_hgbs-5_as-002-004_jw.dat
Be-Be,2.86,hgbs-5,2,4,6,JW_Pauli_string_commutation,34,168,3,1,10,0.00036406272733215074,1.4210854715202004e-14,/Users/a_lee/Repos/qhat/demo_L_sweep_library/Be-Be/2.86/hgbs-5/Be-Be_2.86_hgbs-5_as-002-004_jw.dat
Be-Be,2.86,hgbs-5,2,4,6,JW_Pauli_string_commutation,34,168,3,2,1,0.000211747722574173,1.4210854715202004e-14,/Users/a_lee/Repos/qhat/demo_L_sweep_library/Be-Be/2.86/hgbs-5/Be-Be_2.86_hgbs-5_as-002-004_jw.dat
Be-Be,2.86,hgbs-5,2,4,6,JW_Pauli_string_commutation,34,168,3,2,2,5.30153953465976e-05,1.4210854715202004e-14,/Users/a_lee/Repos/qhat/demo_L_sweep_library/Be-Be/2.86/hgbs-5/Be-Be_2.86_hgbs-5_as-002-004_jw.dat
Be-Be,2.86,hgbs-5,2,4,6,JW_Pauli_string_commutation,34,168,3,2,5,8.485979851045008e-06,1.4210854715202004e-14,/Users/a_lee/Repos/qhat/demo_L_sweep_library/Be-Be/2.86/hgbs-5/Be-Be_2.86_hgbs-5_as-002-004_jw.dat
Be-Be,2.86,hgbs-5,2,4,6,JW_Pauli_string_commutation,34,168,3,2,10,2.121620561082825e-06,1.4210854715202004e-14,/Users/a_lee/Repos/qhat/demo_L_sweep_library/Be-Be/2.86/hgbs-5/Be-Be_2.86_hgbs-5_as-002-004_jw.dat
Be-Be,2.86,sto-6g,2,2,4,fermionic_commutation_then_JW,23,32,2,1,1,0.008882200318523922,2.1316282072803006e-14,/Users/a_lee/Repos/qhat/demo_L_sweep_library/Be-Be/2.86/sto-6g/Be-Be_2.86_sto-6g_as-002-002_jw.dat
Be-Be,2.86,sto-6g,2,2,4,fermionic_commutation_then_JW,23,32,2,1,2,0.004436963934604352,2.1316282072803006e-14,/Users/a_lee/Repos/qhat/demo_L_sweep_library/Be-Be/2.86/sto-6g/Be-Be_2.86_sto-6g_as-002-002_jw.dat
Be-Be,2.86,sto-6g,2,2,4,fermionic_commutation_then_JW,23,32,2,1,5,0.0017743225219048852,2.1316282072803006e-14,/Users/a_lee/Repos/qhat/demo_L_sweep_library/Be-Be/2.86/sto-6g/Be-Be_2.86_sto-6g_as-002-002_jw.dat
Be-Be,2.86,sto-6g,2,2,4,fermionic_commutation_then_JW,23,32,2,1,10,0.0008871281895051263,2.1316282072803006e-14,/Users/a_lee/Repos/qhat/demo_L_sweep_library/Be-Be/2.86/sto-6g/Be-Be_2.86_sto-6g_as-002-002_jw.dat
Be-Be,2.86,sto-6g,2,2,4,fermionic_commutation_then_JW,23,32,2,2,1,0.0004082240106714566,2.1316282072803006e-14,/Users/a_lee/Repos/qhat/demo_L_sweep_library/Be-Be/2.86/sto-6g/Be-Be_2.86_sto-6g_as-002-002_jw.dat
Be-Be,2.86,sto-6g,2,2,4,fermionic_commutation_then_JW,23,32,2,2,2,0.00010194639716575844,2.1316282072803006e-14,/Users/a_lee/Repos/qhat/demo_L_sweep_library/Be-Be/2.86/sto-6g/Be-Be_2.86_sto-6g_as-002-002_jw.dat
Be-Be,2.86,sto-6g,2,2,4,fermionic_commutation_then_JW,23,32,2,2,5,1.63065141772409e-05,2.1316282072803006e-14,/Users/a_lee/Repos/qhat/demo_L_sweep_library/Be-Be/2.86/sto-6g/Be-Be_2.86_sto-6g_as-002-002_jw.dat
Be-Be,2.86,sto-6g,2,2,4,fermionic_commutation_then_JW,23,32,2,2,10,4.076453219860085e-06,2.1316282072803006e-14,/Users/a_lee/Repos/qhat/demo_L_sweep_library/Be-Be/2.86/sto-6g/Be-Be_2.86_sto-6g_as-002-002_jw.dat
Be-Be,2.86,sto-6g,2,2,4,JW_Pauli_string_commutation,15,16,2,1,1,0.008882200318528422,2.1316282072803006e-14,/Users/a_lee/Repos/qhat/demo_L_sweep_library/Be-Be/2.86/sto-6g/Be-Be_2.86_sto-6g_as-002-002_jw.dat
Be-Be,2.86,sto-6g,2,2,4,JW_Pauli_string_commutation,15,16,2,1,2,0.00443696393460858,2.1316282072803006e-14,/Users/a_lee/Repos/qhat/demo_L_sweep_library/Be-Be/2.86/sto-6g/Be-Be_2.86_sto-6g_as-002-002_jw.dat
Be-Be,2.86,sto-6g,2,2,4,JW_Pauli_string_commutation,15,16,2,1,5,0.0017743225219116303,2.1316282072803006e-14,/Users/a_lee/Repos/qhat/demo_L_sweep_library/Be-Be/2.86/sto-6g/Be-Be_2.86_sto-6g_as-002-002_jw.dat
Be-Be,2.86,sto-6g,2,2,4,JW_Pauli_string_commutation,15,16,2,1,10,0.0008871281895121865,2.1316282072803006e-14,/Users/a_lee/Repos/qhat/demo_L_sweep_library/Be-Be/2.86/sto-6g/Be-Be_2.86_sto-6g_as-002-002_jw.dat
Be-Be,2.86,sto-6g,2,2,4,JW_Pauli_string_commutation,15,16,2,2,1,0.00027964048517307007,2.1316282072803006e-14,/Users/a_lee/Repos/qhat/demo_L_sweep_library/Be-Be/2.86/sto-6g/Be-Be_2.86_sto-6g_as-002-002_jw.dat
Be-Be,2.86,sto-6g,2,2,4,JW_Pauli_string_commutation,15,16,2,2,2,6.981633661419864e-05,2.1316282072803006e-14,/Users/a_lee/Repos/qhat/demo_L_sweep_library/Be-Be/2.86/sto-6g/Be-Be_2.86_sto-6g_as-002-002_jw.dat
Be-Be,2.86,sto-6g,2,2,4,JW_Pauli_string_commutation,15,16,2,2,5,1.1166414114833587e-05,2.1316282072803006e-14,/Users/a_lee/Repos/qhat/demo_L_sweep_library/Be-Be/2.86/sto-6g/Be-Be_2.86_sto-6g_as-002-002_jw.dat
Be-Be,2.86,sto-6g,2,2,4,JW_Pauli_string_commutation,15,16,2,2,10,2.7914535581909307e-06,2.1316282072803006e-14,/Users/a_lee/Repos/qhat/demo_L_sweep_library/Be-Be/2.86/sto-6g/Be-Be_2.86_sto-6g_as-002-002_jw.dat
Be-Be,2.86,sto-6g,2,4,6,fermionic_commutation_then_JW,55,360,4,1,1,0.03933346048978714,3.552713678800501e-14,/Users/a_lee/Repos/qhat/demo_L_sweep_library/Be-Be/2.86/sto-6g/Be-Be_2.86_sto-6g_as-002-004_jw.dat
Be-Be,2.86,sto-6g,2,4,6,fermionic_commutation_then_JW,55,360,4,1,2,0.02022070316365272,3.552713678800501e-14,/Users/a_lee/Repos/qhat/demo_L_sweep_library/Be-Be/2.86/sto-6g/Be-Be_2.86_sto-6g_as-002-004_jw.dat
Be-Be,2.86,sto-6g,2,4,6,fermionic_commutation_then_JW,55,360,4,1,5,0.008150357026439889,3.552713678800501e-14,/Users/a_lee/Repos/qhat/demo_L_sweep_library/Be-Be/2.86/sto-6g/Be-Be_2.86_sto-6g_as-002-004_jw.dat
Be-Be,2.86,sto-6g,2,4,6,fermionic_commutation_then_JW,55,360,4,1,10,0.004079487799388414,3.552713678800501e-14,/Users/a_lee/Repos/qhat/demo_L_sweep_library/Be-Be/2.86/sto-6g/Be-Be_2.86_sto-6g_as-002-004_jw.dat
Be-Be,2.86,sto-6g,2,4,6,fermionic_commutation_then_JW,55,360,4,2,1,0.006833512065760947,3.552713678800501e-14,/Users/a_lee/Repos/qhat/demo_L_sweep_library/Be-Be/2.86/sto-6g/Be-Be_2.86_sto-6g_as-002-004_jw.dat
Be-Be,2.86,sto-6g,2,4,6,fermionic_commutation_then_JW,55,360,4,2,2,0.0017419419797606913,3.552713678800501e-14,/Users/a_lee/Repos/qhat/demo_L_sweep_library/Be-Be/2.86/sto-6g/Be-Be_2.86_sto-6g_as-002-004_jw.dat
Be-Be,2.86,sto-6g,2,4,6,fermionic_commutation_then_JW,55,360,4,2,5,0.00028022614516578126,3.552713678800501e-14,/Users/a_lee/Repos/qhat/demo_L_sweep_library/Be-Be/2.86/sto-6g/Be-Be_2.86_sto-6g_as-002-004_jw.dat
Be-Be,2.86,sto-6g,2,4,6,fermionic_commutation_then_JW,55,360,4,2,10,7.011076289427044e-05,3.552713678800501e-14,/Users/a_lee/Repos/qhat/demo_L_sweep_library/Be-Be/2.86/sto-6g/Be-Be_2.86_sto-6g_as-002-004_jw.dat
Be-Be,2.86,sto-6g,2,4,6,JW_Pauli_string_commutation,34,168,3,1,1,0.04067915108354387,3.552713678800501e-14,/Users/a_lee/Repos/qhat/demo_L_sweep_library/Be-Be/2.86/sto-6g/Be-Be_2.86_sto-6g_as-002-004_jw.dat
Be-Be,2.86,sto-6g,2,4,6,JW_Pauli_string_commutation,34,168,3,1,2,0.021000762066273132,3.552713678800501e-14,/Users/a_lee/Repos/qhat/demo_L_sweep_library/Be-Be/2.86/sto-6g/Be-Be_2.86_sto-6g_as-002-004_jw.dat
Be-Be,2.86,sto-6g,2,4,6,JW_Pauli_string_commutation,34,168,3,1,5,0.008473026410896204,3.552713678800501e-14,/Users/a_lee/Repos/qhat/demo_L_sweep_library/Be-Be/2.86/sto-6g/Be-Be_2.86_sto-6g_as-002-004_jw.dat
Be-Be,2.86,sto-6g,2,4,6,JW_Pauli_string_commutation,34,168,3,1,10,0.004241289085670742,3.552713678800501e-14,/Users/a_lee/Repos/qhat/demo_L_sweep_library/Be-Be/2.86/sto-6g/Be-Be_2.86_sto-6g_as-002-004_jw.dat
Be-Be,2.86,sto-6g,2,4,6,JW_Pauli_string_commutation,34,168,3,2,1,0.0040262915281841696,3.552713678800501e-14,/Users/a_lee/Repos/qhat/demo_L_sweep_library/Be-Be/2.86/sto-6g/Be-Be_2.86_sto-6g_as-002-004_jw.dat
Be-Be,2.86,sto-6g,2,4,6,JW_Pauli_string_commutation,34,168,3,2,2,0.0010174395539715533,3.552713678800501e-14,/Users/a_lee/Repos/qhat/demo_L_sweep_library/Be-Be/2.86/sto-6g/Be-Be_2.86_sto-6g_as-002-004_jw.dat
Be-Be,2.86,sto-6g,2,4,6,JW_Pauli_string_commutation,34,168,3,2,5,0.00016328095772811285,3.552713678800501e-14,/Users/a_lee/Repos/qhat/demo_L_sweep_library/Be-Be/2.86/sto-6g/Be-Be_2.86_sto-6g_as-002-004_jw.dat
Be-Be,2.86,sto-6g,2,4,6,JW_Pauli_string_commutation,34,168,3,2,10,4.0837796486321845e-05,3.552713678800501e-14,/Users/a_lee/Repos/qhat/demo_L_sweep_library/Be-Be/2.86/sto-6g/Be-Be_2.86_sto-6g_as-002-004_jw.dat
Be-H,1.07,hgbs-5,1,1,2,fermionic_commutation_then_JW,5,0,1,1,1,3.3839044131518772e-15,3.552713678800501e-15,/Users/a_lee/Repos/qhat/demo_L_sweep_library/Be-H/1.07/hgbs-5/Be-H_1.07_hgbs-5_as-001-001_jw.dat
Be-H,1.07,hgbs-5,1,1,2,fermionic_commutation_then_JW,5,0,1,1,2,3.3306690738754696e-15,3.552713678800501e-15,/Users/a_lee/Repos/qhat/demo_L_sweep_library/Be-H/1.07/hgbs-5/Be-H_1.07_hgbs-5_as-001-001_jw.dat
Be-H,1.07,hgbs-5,1,1,2,fermionic_commutation_then_JW,5,0,1,1,5,3.6654177513682334e-15,3.552713678800501e-15,/Users/a_lee/Repos/qhat/demo_L_sweep_library/Be-H/1.07/hgbs-5/Be-H_1.07_hgbs-5_as-001-001_jw.dat
Be-H,1.07,hgbs-5,1,1,2,fermionic_commutation_then_JW,5,0,1,1,10,3.624839920960301e-15,3.552713678800501e-15,/Users/a_lee/Repos/qhat/demo_L_sweep_library/Be-H/1.07/hgbs-5/Be-H_1.07_hgbs-5_as-001-001_jw.dat
Be-H,1.07,hgbs-5,1,1,2,fermionic_commutation_then_JW,5,0,1,2,1,3.3984432745746066e-15,3.552713678800501e-15,/Users/a_lee/Repos/qhat/demo_L_sweep_library/Be-H/1.07/hgbs-5/Be-H_1.07_hgbs-5_as-001-001_jw.dat
Be-H,1.07,hgbs-5,1,1,2,fermionic_commutation_then_JW,5,0,1,2,2,3.278449303197517e-15,3.552713678800501e-15,/Users/a_lee/Repos/qhat/demo_L_sweep_library/Be-H/1.07/hgbs-5/Be-H_1.07_hgbs-5_as-001-001_jw.dat
Be-H,1.07,hgbs-5,1,1,2,fermionic_commutation_then_JW,5,0,1,2,5,3.4488466675883937e-15,3.552713678800501e-15,/Users/a_lee/Repos/qhat/demo_L_sweep_library/Be-H/1.07/hgbs-5/Be-H_1.07_hgbs-5_as-001-001_jw.dat
Be-H,1.07,hgbs-5,1,1,2,fermionic_commutation_then_JW,5,0,1,2,10,4.010656666373001e-15,3.552713678800501e-15,/Users/a_lee/Repos/qhat/demo_L_sweep_library/Be-H/1.07/hgbs-5/Be-H_1.07_hgbs-5_as-001-001_jw.dat
Be-H,1.07,hgbs-5,1,1,2,JW_Pauli_string_commutation,4,0,1,1,1,1.9766958974948127e-15,3.552713678800501e-15,/Users/a_lee/Repos/qhat/demo_L_sweep_library/Be-H/1.07/hgbs-5/Be-H_1.07_hgbs-5_as-001-001_jw.dat
Be-H,1.07,hgbs-5,1,1,2,JW_Pauli_string_commutation,4,0,1,1,2,1.9100999153570945e-15,3.552713678800501e-15,/Users/a_lee/Repos/qhat/demo_L_sweep_library/Be-H/1.07/hgbs-5/Be-H_1.07_hgbs-5_as-001-001_jw.dat
Be-H,1.07,hgbs-5,1,1,2,JW_Pauli_string_commutation,4,0,1,1,5,3.4542034091043054e-15,3.552713678800501e-15,/Users/a_lee/Repos/qhat/demo_L_sweep_library/Be-H/1.07/hgbs-5/Be-H_1.07_hgbs-5_as-001-001_jw.dat
Be-H,1.07,hgbs-5,1,1,2,JW_Pauli_string_commutation,4,0,1,1,10,3.4542034091043054e-15,3.552713678800501e-15,/Users/a_lee/Repos/qhat/demo_L_sweep_library/Be-H/1.07/hgbs-5/Be-H_1.07_hgbs-5_as-001-001_jw.dat
Be-H,1.07,hgbs-5,1,1,2,JW_Pauli_string_commutation,4,0,1,2,1,1.9766958974948127e-15,3.552713678800501e-15,/Users/a_lee/Repos/qhat/demo_L_sweep_library/Be-H/1.07/hgbs-5/Be-H_1.07_hgbs-5_as-001-001_jw.dat
Be-H,1.07,hgbs-5,1,1,2,JW_Pauli_string_commutation,4,0,1,2,2,1.9100999153570945e-15,3.552713678800501e-15,/Users/a_lee/Repos/qhat/demo_L_sweep_library/Be-H/1.07/hgbs-5/Be-H_1.07_hgbs-5_as-001-001_jw.dat
Be-H,1.07,hgbs-5,1,1,2,JW_Pauli_string_commutation,4,0,1,2,5,3.5335801979651357e-15,3.552713678800501e-15,/Users/a_lee/Repos/qhat/demo_L_sweep_library/Be-H/1.07/hgbs-5/Be-H_1.07_hgbs-5_as-001-001_jw.dat
Be-H,1.07,hgbs-5,1,1,2,JW_Pauli_string_commutation,4,0,1,2,10,3.4542034091043054e-15,3.552713678800501e-15,/Users/a_lee/Repos/qhat/demo_L_sweep_library/Be-H/1.07/hgbs-5/Be-H_1.07_hgbs-5_as-001-001_jw.dat
Be-H,1.07,hgbs-5,1,3,4,fermionic_commutation_then_JW,23,32,2,1,1,0.00035105221879367846,5.329070518200751e-15,/Users/a_lee/Repos/qhat/demo_L_sweep_library/Be-H/1.07/hgbs-5/Be-H_1.07_hgbs-5_as-001-003_jw.dat
Be-H,1.07,hgbs-5,1,3,4,fermionic_commutation_then_JW,23,32,2,1,2,0.00017550877873168068,5.329070518200751e-15,/Users/a_lee/Repos/qhat/demo_L_sweep_library/Be-H/1.07/hgbs-5/Be-H_1.07_hgbs-5_as-001-003_jw.dat
Be-H,1.07,hgbs-5,1,3,4,fermionic_commutation_then_JW,23,32,2,1,5,7.020157087314132e-05,5.329070518200751e-15,/Users/a_lee/Repos/qhat/demo_L_sweep_library/Be-H/1.07/hgbs-5/Be-H_1.07_hgbs-5_as-001-003_jw.dat
Be-H,1.07,hgbs-5,1,3,4,fermionic_commutation_then_JW,23,32,2,1,10,3.510064682909178e-05,5.329070518200751e-15,/Users/a_lee/Repos/qhat/demo_L_sweep_library/Be-H/1.07/hgbs-5/Be-H_1.07_hgbs-5_as-001-003_jw.dat
Be-H,1.07,hgbs-5,1,3,4,fermionic_commutation_then_JW,23,32,2,2,1,5.647752329925549e-06,5.329070518200751e-15,/Users/a_lee/Repos/qhat/demo_L_sweep_library/Be-H/1.07/hgbs-5/Be-H_1.07_hgbs-5_as-001-003_jw.dat
Be-H,1.07,hgbs-5,1,3,4,fermionic_commutation_then_JW,23,32,2,2,2,1.4117717221309226e-06,5.329070518200751e-15,/Users/a_lee/Repos/qhat/demo_L_sweep_library/Be-H/1.07/hgbs-5/Be-H_1.07_hgbs-5_as-001-003_jw.dat
Be-H,1.07,hgbs-5,1,3,4,fermionic_commutation_then_JW,23,32,2,2,5,2.2587602541343815e-07,5.329070518200751e-15,/Users/a_lee/Repos/qhat/demo_L_sweep_library/Be-H/1.07/hgbs-5/Be-H_1.07_hgbs-5_as-001-003_jw.dat
Be-H,1.07,hgbs-5,1,3,4,fermionic_commutation_then_JW,23,32,2,2,10,5.64687437314648e-08,5.329070518200751e-15,/Users/a_lee/Repos/qhat/demo_L_sweep_library/Be-H/1.07/hgbs-5/Be-H_1.07_hgbs-5_as-001-003_jw.dat
Be-H,1.07,hgbs-5,1,3,4,JW_Pauli_string_commutation,15,16,2,1,1,0.00035105221879406156,5.329070518200751e-15,/Users/a_lee/Repos/qhat/demo_L_sweep_library/Be-H/1.07/hgbs-5/Be-H_1.07_hgbs-5_as-001-003_jw.dat
Be-H,1.07,hgbs-5,1,3,4,JW_Pauli_string_commutation,15,16,2,1,2,0.00017550877873217583,5.329070518200751e-15,/Users/a_lee/Repos/qhat/demo_L_sweep_library/Be-H/1.07/hgbs-5/Be-H_1.07_hgbs-5_as-001-003_jw.dat
Be-H,1.07,hgbs-5,1,3,4,JW_Pauli_string_commutation,15,16,2,1,5,7.020157087401962e-05,5.329070518200751e-15,/Users/a_lee/Repos/qhat/demo_L_sweep_library/Be-H/1.07/hgbs-5/Be-H_1.07_hgbs-5_as-001-003_jw.dat
Be-H,1.07,hgbs-5,1,3,4,JW_Pauli_string_commutation,15,16,2,1,10,3.510064682929265e-05,5.329070518200751e-15,/Users/a_lee/Repos/qhat/demo_L_sweep_library/Be-H/1.07/hgbs-5/Be-H_1.07_hgbs-5_as-001-003_jw.dat
Be-H,1.07,hgbs-5,1,3,4,JW_Pauli_string_commutation,15,16,2,2,1,2.9427304044516794e-06,5.329070518200751e-15,/Users/a_lee/Repos/qhat/demo_L_sweep_library/Be-H/1.07/hgbs-5/Be-H_1.07_hgbs-5_as-001-003_jw.dat
Be-H,1.07,hgbs-5,1,3,4,JW_Pauli_string_commutation,15,16,2,2,2,7.355387277328983e-07,5.329070518200751e-15,/Users/a_lee/Repos/qhat/demo_L_sweep_library/Be-H/1.07/hgbs-5/Be-H_1.07_hgbs-5_as-001-003_jw.dat
Be-H,1.07,hgbs-5,1,3,4,JW_Pauli_string_commutation,15,16,2,2,5,1.176797537891229e-07,5.329070518200751e-15,/Users/a_lee/Repos/qhat/demo_L_sweep_library/Be-H/1.07/hgbs-5/Be-H_1.07_hgbs-5_as-001-003_jw.dat
Be-H,1.07,hgbs-5,1,3,4,JW_Pauli_string_commutation,15,16,2,2,10,2.9419709329987646e-08,5.329070518200751e-15,/Users/a_lee/Repos/qhat/demo_L_sweep_library/Be-H/1.07/hgbs-5/Be-H_1.07_hgbs-5_as-001-003_jw.dat
Be-H,1.07,hgbs-5,3,3,6,fermionic_commutation_then_JW,85,1592,7,1,1,0.027421520528953875,1.2442755271773965e-14,/Users/a_lee/Repos/qhat/demo_L_sweep_library/Be-H/1.07/hgbs-5/Be-H_1.07_hgbs-5_as-003-003_jw.dat
Be-H,1.07,hgbs-5,3,3,6,fermionic_commutation_then_JW,85,1592,7,1,2,0.013604962415100568,1.2442755271773965e-14,/Users/a_lee/Repos/qhat/demo_L_sweep_library/Be-H/1.07/hgbs-5/Be-H_1.07_hgbs-5_as-003-003_jw.dat
Be-H,1.07,hgbs-5,3,3,6,fermionic_commutation_then_JW,85,1592,7,1,5,0.005423482673916593,1.2442755271773965e-14,/Users/a_lee/Repos/qhat/demo_L_sweep_library/Be-H/1.07/hgbs-5/Be-H_1.07_hgbs-5_as-003-003_jw.dat
Be-H,1.07,hgbs-5,3,3,6,fermionic_commutation_then_JW,85,1592,7,1,10,0.0027092662647546116,1.2442755271773965e-14,/Users/a_lee/Repos/qhat/demo_L_sweep_library/Be-H/1.07/hgbs-5/Be-H_1.07_hgbs-5_as-003-003_jw.dat
Be-H,1.07,hgbs-5,3,3,6,fermionic_commutation_then_JW,85,1592,7,2,1,0.0028280962084270937,1.2442755271773965e-14,/Users/a_lee/Repos/qhat/demo_L_sweep_library/Be-H/1.07/hgbs-5/Be-H_1.07_hgbs-5_as-003-003_jw.dat
Be-H,1.07,hgbs-5,3,3,6,fermionic_commutation_then_JW,85,1592,7,2,2,0.0007250649834909263,1.2442755271773965e-14,/Users/a_lee/Repos/qhat/demo_L_sweep_library/Be-H/1.07/hgbs-5/Be-H_1.07_hgbs-5_as-003-003_jw.dat
Be-H,1.07,hgbs-5,3,3,6,fermionic_commutation_then_JW,85,1592,7,2,5,0.00011684807707371991,1.2442755271773965e-14,/Users/a_lee/Repos/qhat/demo_L_sweep_library/Be-H/1.07/hgbs-5/Be-H_1.07_hgbs-5_as-003-003_jw.dat
Be-H,1.07,hgbs-5,3,3,6,fermionic_commutation_then_JW,85,1592,7,2,10,2.924219998459597e-05,1.2442755271773965e-14,/Users/a_lee/Repos/qhat/demo_L_sweep_library/Be-H/1.07/hgbs-5/Be-H_1.07_hgbs-5_as-003-003_jw.dat
Be-H,1.07,hgbs-5,3,3,6,JW_Pauli_string_commutation,62,760,6,1,1,0.02892255911279988,1.2442755271773965e-14,/Users/a_lee/Repos/qhat/demo_L_sweep_library/Be-H/1.07/hgbs-5/Be-H_1.07_hgbs-5_as-003-003_jw.dat
Be-H,1.07,hgbs-5,3,3,6,JW_Pauli_string_commutation,62,760,6,1,2,0.014387176142921206,1.2442755271773965e-14,/Users/a_lee/Repos/qhat/demo_L_sweep_library/Be-H/1.07/hgbs-5/Be-H_1.07_hgbs-5_as-003-003_jw.dat
Be-H,1.07,hgbs-5,3,3,6,JW_Pauli_string_commutation,62,760,6,1,5,0.005745542503601799,1.2442755271773965e-14,/Users/a_lee/Repos/qhat/demo_L_sweep_library/Be-H/1.07/hgbs-5/Be-H_1.07_hgbs-5_as-003-003_jw.dat
Be-H,1.07,hgbs-5,3,3,6,JW_Pauli_string_commutation,62,760,6,1,10,0.002871908215868259,1.2442755271773965e-14,/Users/a_lee/Repos/qhat/demo_L_sweep_library/Be-H/1.07/hgbs-5/Be-H_1.07_hgbs-5_as-003-003_jw.dat
Be-H,1.07,hgbs-5,3,3,6,JW_Pauli_string_commutation,62,760,6,2,1,0.001755484548683589,1.2442755271773965e-14,/Users/a_lee/Repos/qhat/demo_L_sweep_library/Be-H/1.07/hgbs-5/Be-H_1.07_hgbs-5_as-003-003_jw.dat
Be-H,1.07,hgbs-5,3,3,6,JW_Pauli_string_commutation,62,760,6,2,2,0.00043464162113640597,1.2442755271773965e-14,/Users/a_lee/Repos/qhat/demo_L_sweep_library/Be-H/1.07/hgbs-5/Be-H_1.07_hgbs-5_as-003-003_jw.dat
Be-H,1.07,hgbs-5,3,3,6,JW_Pauli_string_commutation,62,760,6,2,5,6.935587008741197e-05,1.2442755271773965e-14,/Users/a_lee/Repos/qhat/demo_L_sweep_library/Be-H/1.07/hgbs-5/Be-H_1.07_hgbs-5_as-003-003_jw.dat
Be-H,1.07,hgbs-5,3,3,6,JW_Pauli_string_commutation,62,760,6,2,10,1.7332319837221845e-05,1.2442755271773965e-14,/Users/a_lee/Repos/qhat/demo_L_sweep_library/Be-H/1.07/hgbs-5/Be-H_1.07_hgbs-5_as-003-003_jw.dat
Be-H,1.07,sto-6g,1,1,2,fermionic_commutation_then_JW,5,0,1,1,1,1.4217791915866692e-15,1.7763568394002505e-15,/Users/a_lee/Repos/qhat/demo_L_sweep_library/Be-H/1.07/sto-6g/Be-H_1.07_sto-6g_as-001-001_jw.dat
Be-H,1.07,sto-6g,1,1,2,fermionic_commutation_then_JW,5,0,1,1,2,1.4936523181711916e-15,1.7763568394002505e-15,/Users/a_lee/Repos/qhat/demo_L_sweep_library/Be-H/1.07/sto-6g/Be-H_1.07_sto-6g_as-001-001_jw.dat
Be-H,1.07,sto-6g,1,1,2,fermionic_commutation_then_JW,5,0,1,1,5,1.9641850382783467e-15,1.7763568394002505e-15,/Users/a_lee/Repos/qhat/demo_L_sweep_library/Be-H/1.07/sto-6g/Be-H_1.07_sto-6g_as-001-001_jw.dat
Be-H,1.07,sto-6g,1,1,2,fermionic_commutation_then_JW,5,0,1,1,10,1.790180836524724e-15,1.7763568394002505e-15,/Users/a_lee/Repos/qhat/demo_L_sweep_library/Be-H/1.07/sto-6g/Be-H_1.07_sto-6g_as-001-001_jw.dat
Be-H,1.07,sto-6g,1,1,2,fermionic_commutation_then_JW,5,0,1,2,1,1.4936523181711916e-15,1.7763568394002505e-15,/Users/a_lee/Repos/qhat/demo_L_sweep_library/Be-H/1.07/sto-6g/Be-H_1.07_sto-6g_as-001-001_jw.dat
Be-H,1.07,sto-6g,1,1,2,fermionic_commutation_then_JW,5,0,1,2,2,1.2560739669470201e-15,1.7763568394002505e-15,/Users/a_lee/Repos/qhat/demo_L_sweep_library/Be-H/1.07/sto-6g/Be-H_1.07_sto-6g_as-001-001_jw.dat
Be-H,1.07,sto-6g,1,1,2,fermionic_commutation_then_JW,5,0,1,2,5,2.0471501066083617e-15,1.7763568394002505e-15,/Users/a_lee/Repos/qhat/demo_L_sweep_library/Be-H/1.07/sto-6g/Be-H_1.07_sto-6g_as-001-001_jw.dat
Be-H,1.07,sto-6g,1,1,2,fermionic_commutation_then_JW,5,0,1,2,10,3.6905523389740094e-15,1.7763568394002505e-15,/Users/a_lee/Repos/qhat/demo_L_sweep_library/Be-H/1.07/sto-6g/Be-H_1.07_sto-6g_as-001-001_jw.dat
Be-H,1.07,sto-6g,1,1,2,JW_Pauli_string_commutation,4,0,1,1,1,8.95090418262362e-16,1.7763568394002505e-15,/Users/a_lee/Repos/qhat/demo_L_sweep_library/Be-H/1.07/sto-6g/Be-H_1.07_sto-6g_as-001-001_jw.dat
Be-H,1.07,sto-6g,1,1,2,JW_Pauli_string_commutation,4,0,1,1,2,8.082545620880531e-16,1.7763568394002505e-15,/Users/a_lee/Repos/qhat/demo_L_sweep_library/Be-H/1.07/sto-6g/Be-H_1.07_sto-6g_as-001-001_jw.dat
Be-H,1.07,sto-6g,1,1,2,JW_Pauli_string_commutation,4,0,1,1,5,2.5170496906211942e-15,1.7763568394002505e-15,/Users/a_lee/Repos/qhat/demo_L_sweep_library/Be-H/1.07/sto-6g/Be-H_1.07_sto-6g_as-001-001_jw.dat
Be-H,1.07,sto-6g,1,1,2,JW_Pauli_string_commutation,4,0,1,1,10,2.482534153247273e-15,1.7763568394002505e-15,/Users/a_lee/Repos/qhat/demo_L_sweep_library/Be-H/1.07/sto-6g/Be-H_1.07_sto-6g_as-001-001_jw.dat
Be-H,1.07,sto-6g,1,1,2,JW_Pauli_string_commutation,4,0,1,2,1,7.021666937153402e-16,1.7763568394002505e-15,/Users/a_lee/Repos/qhat/demo_L_sweep_library/Be-H/1.07/sto-6g/Be-H_1.07_sto-6g_as-001-001_jw.dat
Be-H,1.07,sto-6g,1,1,2,JW_Pauli_string_commutation,4,0,1,2,2,1.1957467920563633e-15,1.7763568394002505e-15,/Users/a_lee/Repos/qhat/demo_L_sweep_library/Be-H/1.07/sto-6g/Be-H_1.07_sto-6g_as-001-001_jw.dat
Be-H,1.07,sto-6g,1,1,2,JW_Pauli_string_commutation,4,0,1,2,5,2.482534153247273e-15,1.7763568394002505e-15,/Users/a_lee/Repos/qhat/demo_L_sweep_library/Be-H/1.07/sto-6g/Be-H_1.07_sto-6g_as-001-001_jw.dat
Be-H,1.07,sto-6g,1,1,2,JW_Pauli_string_commutation,4,0,1,2,10,3.9533917949896255e-15,1.7763568394002505e-15,/Users/a_lee/Repos/qhat/demo_L_sweep_library/Be-H/1.07/sto-6g/Be-H_1.07_sto-6g_as-001-001_jw.dat
Be-H,1.07,sto-6g,1,3,4,fermionic_commutation_then_JW,23,32,2,1,1,0.005626232460184481,3.552713678800501e-15,/Users/a_lee/Repos/qhat/demo_L_sweep_library/Be-H/1.07/sto-6g/Be-H_1.07_sto-6g_as-001-003_jw.dat
Be-H,1.07,sto-6g,1,3,4,fermionic_commutation_then_JW,23,32,2,1,2,0.0028115748976916674,3.552713678800501e-15,/Users/a_lee/Repos/qhat/demo_L_sweep_library/Be-H/1.07/sto-6g/Be-H_1.07_sto-6g_as-001-003_jw.dat
Be-H,1.07,sto-6g,1,3,4,fermionic_commutation_then_JW,23,32,2,1,5,0.0011244573461149491,3.552713678800501e-15,/Users/a_lee/Repos/qhat/demo_L_sweep_library/Be-H/1.07/sto-6g/Be-H_1.07_sto-6g_as-001-003_jw.dat
Be-H,1.07,sto-6g,1,3,4,fermionic_commutation_then_JW,23,32,2,1,10,0.000562216343856002,3.552713678800501e-15,/Users/a_lee/Repos/qhat/demo_L_sweep_library/Be-H/1.07/sto-6g/Be-H_1.07_sto-6g_as-001-003_jw.dat
Be-H,1.07,sto-6g,1,3,4,fermionic_commutation_then_JW,23,32,2,2,1,0.000194453685966948,3.552713678800501e-15,/Users/a_lee/Repos/qhat/demo_L_sweep_library/Be-H/1.07/sto-6g/Be-H_1.07_sto-6g_as-001-003_jw.dat
Be-H,1.07,sto-6g,1,3,4,fermionic_commutation_then_JW,23,32,2,2,2,4.8582843472544614e-05,3.552713678800501e-15,/Users/a_lee/Repos/qhat/demo_L_sweep_library/Be-H/1.07/sto-6g/Be-H_1.07_sto-6g_as-001-003_jw.dat
Be-H,1.07,sto-6g,1,3,4,fermionic_commutation_then_JW,23,32,2,2,5,7.771884966336756e-06,3.552713678800501e-15,/Users/a_lee/Repos/qhat/demo_L_sweep_library/Be-H/1.07/sto-6g/Be-H_1.07_sto-6g_as-001-003_jw.dat
Be-H,1.07,sto-6g,1,3,4,fermionic_commutation_then_JW,23,32,2,2,10,1.9429223167583483e-06,3.552713678800501e-15,/Users/a_lee/Repos/qhat/demo_L_sweep_library/Be-H/1.07/sto-6g/Be-H_1.07_sto-6g_as-001-003_jw.dat
Be-H,1.07,sto-6g,1,3,4,JW_Pauli_string_commutation,15,16,2,1,1,0.005626232460184891,3.552713678800501e-15,/Users/a_lee/Repos/qhat/demo_L_sweep_library/Be-H/1.07/sto-6g/Be-H_1.07_sto-6g_as-001-003_jw.dat
Be-H,1.07,sto-6g,1,3,4,JW_Pauli_string_commutation,15,16,2,1,2,0.0028115748976919376,3.552713678800501e-15,/Users/a_lee/Repos/qhat/demo_L_sweep_library/Be-H/1.07/sto-6g/Be-H_1.07_sto-6g_as-001-003_jw.dat
Be-H,1.07,sto-6g,1,3,4,JW_Pauli_string_commutation,15,16,2,1,5,0.0011244573461149077,3.552713678800501e-15,/Users/a_lee/Repos/qhat/demo_L_sweep_library/Be-H/1.07/sto-6g/Be-H_1.07_sto-6g_as-001-003_jw.dat
Be-H,1.07,sto-6g,1,3,4,JW_Pauli_string_commutation,15,16,2,1,10,0.0005622163438562684,3.552713678800501e-15,/Users/a_lee/Repos/qhat/demo_L_sweep_library/Be-H/1.07/sto-6g/Be-H_1.07_sto-6g_as-001-003_jw.dat
Be-H,1.07,sto-6g,1,3,4,JW_Pauli_string_commutation,15,16,2,2,1,0.00014139188344633284,3.552713678800501e-15,/Users/a_lee/Repos/qhat/demo_L_sweep_library/Be-H/1.07/sto-6g/Be-H_1.07_sto-6g_as-001-003_jw.dat
Be-H,1.07,sto-6g,1,3,4,JW_Pauli_string_commutation,15,16,2,2,2,3.53214466930441e-05,3.552713678800501e-15,/Users/a_lee/Repos/qhat/demo_L_sweep_library/Be-H/1.07/sto-6g/Be-H_1.07_sto-6g_as-001-003_jw.dat
Be-H,1.07,sto-6g,1,3,4,JW_Pauli_string_commutation,15,16,2,2,5,5.650243238342005e-06,3.552713678800501e-15,/Users/a_lee/Repos/qhat/demo_L_sweep_library/Be-H/1.07/sto-6g/Be-H_1.07_sto-6g_as-001-003_jw.dat
Be-H,1.07,sto-6g,1,3,4,JW_Pauli_string_commutation,15,16,2,2,10,1.412518374887998e-06,3.552713678800501e-15,/Users/a_lee/Repos/qhat/demo_L_sweep_library/Be-H/1.07/sto-6g/Be-H_1.07_sto-6g_as-001-003_jw.dat
Be-H,1.07,sto-6g,3,3,6,fermionic_commutation_then_JW,85,1592,7,1,1,0.0937216621397508,7.106085086857873e-15,/Users/a_lee/Repos/qhat/demo_L_sweep_library/Be-H/1.07/sto-6g/Be-H_1.07_sto-6g_as-003-003_jw.dat
Be-H,1.07,sto-6g,3,3,6,fermionic_commutation_then_JW,85,1592,7,1,2,0.05196792586342456,7.106085086857873e-15,/Users/a_lee/Repos/qhat/demo_L_sweep_library/Be-H/1.07/sto-6g/Be-H_1.07_sto-6g_as-003-003_jw.dat
Be-H,1.07,sto-6g,3,3,6,fermionic_commutation_then_JW,85,1592,7,1,5,0.021251662747857104,7.106085086857873e-15,/Users/a_lee/Repos/qhat/demo_L_sweep_library/Be-H/1.07/sto-6g/Be-H_1.07_sto-6g_as-003-003_jw.dat
Be-H,1.07,sto-6g,3,3,6,fermionic_commutation_then_JW,85,1592,7,1,10,0.010632298969671885,7.106085086857873e-15,/Users/a_lee/Repos/qhat/demo_L_sweep_library/Be-H/1.07/sto-6g/Be-H_1.07_sto-6g_as-003-003_jw.dat
Be-H,1.07,sto-6g,3,3,6,fermionic_commutation_then_JW,85,1592,7,2,1,0.03570016108155811,7.106085086857873e-15,/Users/a_lee/Repos/qhat/demo_L_sweep_library/Be-H/1.07/sto-6g/Be-H_1.07_sto-6g_as-003-003_jw.dat
Be-H,1.07,sto-6g,3,3,6,fermionic_commutation_then_JW,85,1592,7,2,2,0.009972907317100172,7.106085086857873e-15,/Users/a_lee/Repos/qhat/demo_L_sweep_library/Be-H/1.07/sto-6g/Be-H_1.07_sto-6g_as-003-003_jw.dat
Be-H,1.07,sto-6g,3,3,6,fermionic_commutation_then_JW,85,1592,7,2,5,0.001644958930282829,7.106085086857873e-15,/Users/a_lee/Repos/qhat/demo_L_sweep_library/Be-H/1.07/sto-6g/Be-H_1.07_sto-6g_as-003-003_jw.dat
Be-H,1.07,sto-6g,3,3,6,fermionic_commutation_then_JW,85,1592,7,2,10,0.0004130213346465991,7.106085086857873e-15,/Users/a_lee/Repos/qhat/demo_L_sweep_library/Be-H/1.07/sto-6g/Be-H_1.07_sto-6g_as-003-003_jw.dat
Be-H,1.07,sto-6g,3,3,6,JW_Pauli_string_commutation,62,760,6,1,1,0.037953602815160276,7.106085086857873e-15,/Users/a_lee/Repos/qhat/demo_L_sweep_library/Be-H/1.07/sto-6g/Be-H_1.07_sto-6g_as-003-003_jw.dat
Be-H,1.07,sto-6g,3,3,6,JW_Pauli_string_commutation,62,760,6,1,2,0.01897056447334643,7.106085086857873e-15,/Users/a_lee/Repos/qhat/demo_L_sweep_library/Be-H/1.07/sto-6g/Be-H_1.07_sto-6g_as-003-003_jw.dat
Be-H,1.07,sto-6g,3,3,6,JW_Pauli_string_commutation,62,760,6,1,5,0.007586239964344238,7.106085086857873e-15,/Users/a_lee/Repos/qhat/demo_L_sweep_library/Be-H/1.07/sto-6g/Be-H_1.07_sto-6g_as-003-003_jw.dat
Be-H,1.07,sto-6g,3,3,6,JW_Pauli_string_commutation,62,760,6,1,10,0.0037927375060327964,7.106085086857873e-15,/Users/a_lee/Repos/qhat/demo_L_sweep_library/Be-H/1.07/sto-6g/Be-H_1.07_sto-6g_as-003-003_jw.dat
Be-H,1.07,sto-6g,3,3,6,JW_Pauli_string_commutation,62,760,6,2,1,0.004227685884478766,7.106085086857873e-15,/Users/a_lee/Repos/qhat/demo_L_sweep_library/Be-H/1.07/sto-6g/Be-H_1.07_sto-6g_as-003-003_jw.dat
Be-H,1.07,sto-6g,3,3,6,JW_Pauli_string_commutation,62,760,6,2,2,0.0010423789512892018,7.106085086857873e-15,/Users/a_lee/Repos/qhat/demo_L_sweep_library/Be-H/1.07/sto-6g/Be-H_1.07_sto-6g_as-003-003_jw.dat
Be-H,1.07,sto-6g,3,3,6,JW_Pauli_string_commutation,62,760,6,2,5,0.00016614770974707877,7.106085086857873e-15,/Users/a_lee/Repos/qhat/demo_L_sweep_library/Be-H/1.07/sto-6g/Be-H_1.07_sto-6g_as-003-003_jw.dat
Be-H,1.07,sto-6g,3,3,6,JW_Pauli_string_commutation,62,760,6,2,10,4.151448390492733e-05,7.106085086857873e-15,/Users/a_lee/Repos/qhat/demo_L_sweep_library/Be-H/1.07/sto-6g/Be-H_1.07_sto-6g_as-003-003_jw.dat
Be-H,1.47,hgbs-5,1,1,2,fermionic_commutation_then_JW,5,0,1,1,1,1.2947314098277873e-15,1.7763568394002505e-15,/Users/a_lee/Repos/qhat/demo_L_sweep_library/Be-H/1.47/hgbs-5/Be-H_1.47_hgbs-5_as-001-001_jw.dat
Be-H,1.47,hgbs-5,1,1,2,fermionic_commutation_then_JW,5,0,1,1,2,1.2947314098277873e-15,1.7763568394002505e-15,/Users/a_lee/Repos/qhat/demo_L_sweep_library/Be-H/1.47/hgbs-5/Be-H_1.47_hgbs-5_as-001-001_jw.dat
Be-H,1.47,hgbs-5,1,1,2,fermionic_commutation_then_JW,5,0,1,1,5,1.5700924586837751e-15,1.7763568394002505e-15,/Users/a_lee/Repos/qhat/demo_L_sweep_library/Be-H/1.47/hgbs-5/Be-H_1.47_hgbs-5_as-001-001_jw.dat
Be-H,1.47,hgbs-5,1,1,2,fermionic_commutation_then_JW,5,0,1,1,10,1.8906416838689214e-15,1.7763568394002505e-15,/Users/a_lee/Repos/qhat/demo_L_sweep_library/Be-H/1.47/hgbs-5/Be-H_1.47_hgbs-5_as-001-001_jw.dat
Be-H,1.47,hgbs-5,1,1,2,fermionic_commutation_then_JW,5,0,1,2,1,1.2947314098277873e-15,1.7763568394002505e-15,/Users/a_lee/Repos/qhat/demo_L_sweep_library/Be-H/1.47/hgbs-5/Be-H_1.47_hgbs-5_as-001-001_jw.dat
Be-H,1.47,hgbs-5,1,1,2,fermionic_commutation_then_JW,5,0,1,2,2,1.6504651808933462e-15,1.7763568394002505e-15,/Users/a_lee/Repos/qhat/demo_L_sweep_library/Be-H/1.47/hgbs-5/Be-H_1.47_hgbs-5_as-001-001_jw.dat
Be-H,1.47,hgbs-5,1,1,2,fermionic_commutation_then_JW,5,0,1,2,5,1.8906416838689214e-15,1.7763568394002505e-15,/Users/a_lee/Repos/qhat/demo_L_sweep_library/Be-H/1.47/hgbs-5/Be-H_1.47_hgbs-5_as-001-001_jw.dat
Be-H,1.47,hgbs-5,1,1,2,fermionic_commutation_then_JW,5,0,1,2,10,4.407459562045625e-15,1.7763568394002505e-15,/Users/a_lee/Repos/qhat/demo_L_sweep_library/Be-H/1.47/hgbs-5/Be-H_1.47_hgbs-5_as-001-001_jw.dat
Be-H,1.47,hgbs-5,1,1,2,JW_Pauli_string_commutation,4,0,1,1,1,9.550499576785472e-16,1.7763568394002505e-15,/Users/a_lee/Repos/qhat/demo_L_sweep_library/Be-H/1.47/hgbs-5/Be-H_1.47_hgbs-5_as-001-001_jw.dat
Be-H,1.47,hgbs-5,1,1,2,JW_Pauli_string_commutation,4,0,1,1,2,9.930136612989092e-16,1.7763568394002505e-15,/Users/a_lee/Repos/qhat/demo_L_sweep_library/Be-H/1.47/hgbs-5/Be-H_1.47_hgbs-5_as-001-001_jw.dat
Be-H,1.47,hgbs-5,1,1,2,JW_Pauli_string_commutation,4,0,1,1,5,2.802076229740705e-15,1.7763568394002505e-15,/Users/a_lee/Repos/qhat/demo_L_sweep_library/Be-H/1.47/hgbs-5/Be-H_1.47_hgbs-5_as-001-001_jw.dat
Be-H,1.47,hgbs-5,1,1,2,JW_Pauli_string_commutation,4,0,1,1,10,2.9893669801409084e-15,1.7763568394002505e-15,/Users/a_lee/Repos/qhat/demo_L_sweep_library/Be-H/1.47/hgbs-5/Be-H_1.47_hgbs-5_as-001-001_jw.dat
Be-H,1.47,hgbs-5,1,1,2,JW_Pauli_string_commutation,4,0,1,2,1,8.95090418262362e-16,1.7763568394002505e-15,/Users/a_lee/Repos/qhat/demo_L_sweep_library/Be-H/1.47/hgbs-5/Be-H_1.47_hgbs-5_as-001-001_jw.dat
Be-H,1.47,hgbs-5,1,1,2,JW_Pauli_string_commutation,4,0,1,2,2,8.082545620880531e-16,1.7763568394002505e-15,/Users/a_lee/Repos/qhat/demo_L_sweep_library/Be-H/1.47/hgbs-5/Be-H_1.47_hgbs-5_as-001-001_jw.dat
Be-H,1.47,hgbs-5,1,1,2,JW_Pauli_string_commutation,4,0,1,2,5,2.9893669801409084e-15,1.7763568394002505e-15,/Users/a_lee/Repos/qhat/demo_L_sweep_library/Be-H/1.47/hgbs-5/Be-H_1.47_hgbs-5_as-001-001_jw.dat
Be-H,1.47,hgbs-5,1,1,2,JW_Pauli_string_commutation,4,0,1,2,10,1.5100665727558131e-15,1.7763568394002505e-15,/Users/a_lee/Repos/qhat/demo_L_sweep_library/Be-H/1.47/hgbs-5/Be-H_1.47_hgbs-5_as-001-001_jw.dat
Be-H,1.47,hgbs-5,1,3,4,fermionic_commutation_then_JW,23,32,2,1,1,0.000491567966808701,7.105427357601002e-15,/Users/a_lee/Repos/qhat/demo_L_sweep_library/Be-H/1.47/hgbs-5/Be-H_1.47_hgbs-5_as-001-003_jw.dat
Be-H,1.47,hgbs-5,1,3,4,fermionic_commutation_then_JW,23,32,2,1,2,0.0002457488789080076,7.105427357601002e-15,/Users/a_lee/Repos/qhat/demo_L_sweep_library/Be-H/1.47/hgbs-5/Be-H_1.47_hgbs-5_as-001-003_jw.dat
Be-H,1.47,hgbs-5,1,3,4,fermionic_commutation_then_JW,23,32,2,1,5,9.829562108270236e-05,7.105427357601002e-15,/Users/a_lee/Repos/qhat/demo_L_sweep_library/Be-H/1.47/hgbs-5/Be-H_1.47_hgbs-5_as-001-003_jw.dat
Be-H,1.47,hgbs-5,1,3,4,fermionic_commutation_then_JW,23,32,2,1,10,4.914752981488247e-05,7.105427357601002e-15,/Users/a_lee/Repos/qhat/demo_L_sweep_library/Be-H/1.47/hgbs-5/Be-H_1.47_hgbs-5_as-001-003_jw.dat
Be-H,1.47,hgbs-5,1,3,4,fermionic_commutation_then_JW,23,32,2,2,1,9.516591919359368e-06,7.105427357601002e-15,/Users/a_lee/Repos/qhat/demo_L_sweep_library/Be-H/1.47/hgbs-5/Be-H_1.47_hgbs-5_as-001-003_jw.dat
Be-H,1.47,hgbs-5,1,3,4,fermionic_commutation_then_JW,23,32,2,2,2,2.3787423495285934e-06,7.105427357601002e-15,/Users/a_lee/Repos/qhat/demo_L_sweep_library/Be-H/1.47/hgbs-5/Be-H_1.47_hgbs-5_as-001-003_jw.dat
Be-H,1.47,hgbs-5,1,3,4,fermionic_commutation_then_JW,23,32,2,2,5,3.805806093356747e-07,7.105427357601002e-15,/Users/a_lee/Repos/qhat/demo_L_sweep_library/Be-H/1.47/hgbs-5/Be-H_1.47_hgbs-5_as-001-003_jw.dat
Be-H,1.47,hgbs-5,1,3,4,fermionic_commutation_then_JW,23,32,2,2,10,9.514450817038449e-08,7.105427357601002e-15,/Users/a_lee/Repos/qhat/demo_L_sweep_library/Be-H/1.47/hgbs-5/Be-H_1.47_hgbs-5_as-001-003_jw.dat
Be-H,1.47,hgbs-5,1,3,4,JW_Pauli_string_commutation,15,16,2,1,1,0.0004915679668108572,7.105427357601002e-15,/Users/a_lee/Repos/qhat/demo_L_sweep_library/Be-H/1.47/hgbs-5/Be-H_1.47_hgbs-5_as-001-003_jw.dat
Be-H,1.47,hgbs-5,1,3,4,JW_Pauli_string_commutation,15,16,2,1,2,0.0002457488789101724,7.105427357601002e-15,/Users/a_lee/Repos/qhat/demo_L_sweep_library/Be-H/1.47/hgbs-5/Be-H_1.47_hgbs-5_as-001-003_jw.dat
Be-H,1.47,hgbs-5,1,3,4,JW_Pauli_string_commutation,15,16,2,1,5,9.829562108550935e-05,7.105427357601002e-15,/Users/a_lee/Repos/qhat/demo_L_sweep_library/Be-H/1.47/hgbs-5/Be-H_1.47_hgbs-5_as-001-003_jw.dat
Be-H,1.47,hgbs-5,1,3,4,JW_Pauli_string_commutation,15,16,2,1,10,4.9147529818106314e-05,7.105427357601002e-15,/Users/a_lee/Repos/qhat/demo_L_sweep_library/Be-H/1.47/hgbs-5/Be-H_1.47_hgbs-5_as-001-003_jw.dat
Be-H,1.47,hgbs-5,1,3,4,JW_Pauli_string_commutation,15,16,2,2,1,4.94607424007912e-06,7.105427357601002e-15,/Users/a_lee/Repos/qhat/demo_L_sweep_library/Be-H/1.47/hgbs-5/Be-H_1.47_hgbs-5_as-001-003_jw.dat
Be-H,1.47,hgbs-5,1,3,4,JW_Pauli_string_commutation,15,16,2,2,2,1.236167522692793e-06,7.105427357601002e-15,/Users/a_lee/Repos/qhat/demo_L_sweep_library/Be-H/1.47/hgbs-5/Be-H_1.47_hgbs-5_as-001-003_jw.dat
Be-H,1.47,hgbs-5,1,3,4,JW_Pauli_string_commutation,15,16,2,2,5,1.9777108482461836e-07,7.105427357601002e-15,/Users/a_lee/Repos/qhat/demo_L_sweep_library/Be-H/1.47/hgbs-5/Be-H_1.47_hgbs-5_as-001-003_jw.dat
Be-H,1.47,hgbs-5,1,3,4,JW_Pauli_string_commutation,15,16,2,2,10,4.944221350973117e-08,7.105427357601002e-15,/Users/a_lee/Repos/qhat/demo_L_sweep_library/Be-H/1.47/hgbs-5/Be-H_1.47_hgbs-5_as-001-003_jw.dat
Be-H,1.47,hgbs-5,3,3,6,fermionic_commutation_then_JW,85,1592,7,1,1,0.02230533661884321,1.2446704921968629e-14,/Users/a_lee/Repos/qhat/demo_L_sweep_library/Be-H/1.47/hgbs-5/Be-H_1.47_hgbs-5_as-003-003_jw.dat
Be-H,1.47,hgbs-5,3,3,6,fermionic_commutation_then_JW,85,1592,7,1,2,0.01119783139178354,1.2446704921968629e-14,/Users/a_lee/Repos/qhat/demo_L_sweep_library/Be-H/1.47/hgbs-5/Be-H_1.47_hgbs-5_as-003-003_jw.dat
Be-H,1.47,hgbs-5,3,3,6,fermionic_commutation_then_JW,85,1592,7,1,5,0.0044841054621523185,1.2446704921968629e-14,/Users/a_lee/Repos/qhat/demo_L_sweep_library/Be-H/1.47/hgbs-5/Be-H_1.47_hgbs-5_as-003-003_jw.dat
Be-H,1.47,hgbs-5,3,3,6,fermionic_commutation_then_JW,85,1592,7,1,10,0.002242292293377194,1.2446704921968629e-14,/Users/a_lee/Repos/qhat/demo_L_sweep_library/Be-H/1.47/hgbs-5/Be-H_1.47_hgbs-5_as-003-003_jw.dat
Be-H,1.47,hgbs-5,3,3,6,fermionic_commutation_then_JW,85,1592,7,2,1,0.0026698509139776185,1.2446704921968629e-14,/Users/a_lee/Repos/qhat/demo_L_sweep_library/Be-H/1.47/hgbs-5/Be-H_1.47_hgbs-5_as-003-003_jw.dat
Be-H,1.47,hgbs-5,3,3,6,fermionic_commutation_then_JW,85,1592,7,2,2,0.0006893513564223013,1.2446704921968629e-14,/Users/a_lee/Repos/qhat/demo_L_sweep_library/Be-H/1.47/hgbs-5/Be-H_1.47_hgbs-5_as-003-003_jw.dat
Be-H,1.47,hgbs-5,3,3,6,fermionic_commutation_then_JW,85,1592,7,2,5,0.00011130131396621538,1.2446704921968629e-14,/Users/a_lee/Repos/qhat/demo_L_sweep_library/Be-H/1.47/hgbs-5/Be-H_1.47_hgbs-5_as-003-003_jw.dat
Be-H,1.47,hgbs-5,3,3,6,fermionic_commutation_then_JW,85,1592,7,2,10,2.786144444432379e-05,1.2446704921968629e-14,/Users/a_lee/Repos/qhat/demo_L_sweep_library/Be-H/1.47/hgbs-5/Be-H_1.47_hgbs-5_as-003-003_jw.dat
Be-H,1.47,hgbs-5,3,3,6,JW_Pauli_string_commutation,62,760,6,1,1,0.02339708865207847,1.2446704921968629e-14,/Users/a_lee/Repos/qhat/demo_L_sweep_library/Be-H/1.47/hgbs-5/Be-H_1.47_hgbs-5_as-003-003_jw.dat
Be-H,1.47,hgbs-5,3,3,6,JW_Pauli_string_commutation,62,760,6,1,2,0.011653256451487569,1.2446704921968629e-14,/Users/a_lee/Repos/qhat/demo_L_sweep_library/Be-H/1.47/hgbs-5/Be-H_1.47_hgbs-5_as-003-003_jw.dat
Be-H,1.47,hgbs-5,3,3,6,JW_Pauli_string_commutation,62,760,6,1,5,0.004655103711081001,1.2446704921968629e-14,/Users/a_lee/Repos/qhat/demo_L_sweep_library/Be-H/1.47/hgbs-5/Be-H_1.47_hgbs-5_as-003-003_jw.dat
Be-H,1.47,hgbs-5,3,3,6,JW_Pauli_string_commutation,62,760,6,1,10,0.0023269023625850527,1.2446704921968629e-14,/Users/a_lee/Repos/qhat/demo_L_sweep_library/Be-H/1.47/hgbs-5/Be-H_1.47_hgbs-5_as-003-003_jw.dat
Be-H,1.47,hgbs-5,3,3,6,JW_Pauli_string_commutation,62,760,6,2,1,0.0012326147562688738,1.2446704921968629e-14,/Users/a_lee/Repos/qhat/demo_L_sweep_library/Be-H/1.47/hgbs-5/Be-H_1.47_hgbs-5_as-003-003_jw.dat
Be-H,1.47,hgbs-5,3,3,6,JW_Pauli_string_commutation,62,760,6,2,2,0.00030614285019361356,1.2446704921968629e-14,/Users/a_lee/Repos/qhat/demo_L_sweep_library/Be-H/1.47/hgbs-5/Be-H_1.47_hgbs-5_as-003-003_jw.dat
Be-H,1.47,hgbs-5,3,3,6,JW_Pauli_string_commutation,62,760,6,2,5,4.889352159113271e-05,1.2446704921968629e-14,/Users/a_lee/Repos/qhat/demo_L_sweep_library/Be-H/1.47/hgbs-5/Be-H_1.47_hgbs-5_as-003-003_jw.dat
Be-H,1.47,hgbs-5,3,3,6,JW_Pauli_string_commutation,62,760,6,2,10,1.2220196521379458e-05,1.2446704921968629e-14,/Users/a_lee/Repos/qhat/demo_L_sweep_library/Be-H/1.47/hgbs-5/Be-H_1.47_hgbs-5_as-003-003_jw.dat
Be-H,1.47,sto-6g,1,1,2,fermionic_commutation_then_JW,5,0,1,1,1,1.355199909595506e-15,1.7763568394002505e-15,/Users/a_lee/Repos/qhat/demo_L_sweep_library/Be-H/1.47/sto-6g/Be-H_1.47_sto-6g_as-001-001_jw.dat
Be-H,1.47,sto-6g,1,1,2,fermionic_commutation_then_JW,5,0,1,1,2,1.336885555457667e-15,1.7763568394002505e-15,/Users/a_lee/Repos/qhat/demo_L_sweep_library/Be-H/1.47/sto-6g/Be-H_1.47_sto-6g_as-001-001_jw.dat
Be-H,1.47,sto-6g,1,1,2,fermionic_commutation_then_JW,5,0,1,1,5,1.4217791915866692e-15,1.7763568394002505e-15,/Users/a_lee/Repos/qhat/demo_L_sweep_library/Be-H/1.47/sto-6g/Be-H_1.47_sto-6g_as-001-001_jw.dat
Be-H,1.47,sto-6g,1,1,2,fermionic_commutation_then_JW,5,0,1,1,10,1.2412670766236366e-15,1.7763568394002505e-15,/Users/a_lee/Repos/qhat/demo_L_sweep_library/Be-H/1.47/sto-6g/Be-H_1.47_sto-6g_as-001-001_jw.dat
Be-H,1.47,sto-6g,1,1,2,fermionic_commutation_then_JW,5,0,1,2,1,1.4936523181711916e-15,1.7763568394002505e-15,/Users/a_lee/Repos/qhat/demo_L_sweep_library/Be-H/1.47/sto-6g/Be-H_1.47_sto-6g_as-001-001_jw.dat
Be-H,1.47,sto-6g,1,1,2,fermionic_commutation_then_JW,5,0,1,2,2,1.5463617361248926e-15,1.7763568394002505e-15,/Users/a_lee/Repos/qhat/demo_L_sweep_library/Be-H/1.47/sto-6g/Be-H_1.47_sto-6g_as-001-001_jw.dat
Be-H,1.47,sto-6g,1,1,2,fermionic_commutation_then_JW,5,0,1,2,5,1.2412670766236366e-15,1.7763568394002505e-15,/Users/a_lee/Repos/qhat/demo_L_sweep_library/Be-H/1.47/sto-6g/Be-H_1.47_sto-6g_as-001-001_jw.dat
Be-H,1.47,sto-6g,1,1,2,fermionic_commutation_then_JW,5,0,1,2,10,1.8906416838689214e-15,1.7763568394002505e-15,/Users/a_lee/Repos/qhat/demo_L_sweep_library/Be-H/1.47/sto-6g/Be-H_1.47_sto-6g_as-001-001_jw.dat
Be-H,1.47,sto-6g,1,1,2,JW_Pauli_string_commutation,4,0,1,1,1,7.850462293418876e-16,1.7763568394002505e-15,/Users/a_lee/Repos/qhat/demo_L_sweep_library/Be-H/1.47/sto-6g/Be-H_1.47_sto-6g_as-001-001_jw.dat
Be-H,1.47,sto-6g,1,1,2,JW_Pauli_string_commutation,4,0,1,1,2,7.447602459741819e-16,1.7763568394002505e-15,/Users/a_lee/Repos/qhat/demo_L_sweep_library/Be-H/1.47/sto-6g/Be-H_1.47_sto-6g_as-001-001_jw.dat
Be-H,1.47,sto-6g,1,1,2,JW_Pauli_string_commutation,4,0,1,1,5,9.992007221626409e-16,1.7763568394002505e-15,/Users/a_lee/Repos/qhat/demo_L_sweep_library/Be-H/1.47/sto-6g/Be-H_1.47_sto-6g_as-001-001_jw.dat
Be-H,1.47,sto-6g,1,1,2,JW_Pauli_string_commutation,4,0,1,1,10,1.3414875847488983e-15,1.7763568394002505e-15,/Users/a_lee/Repos/qhat/demo_L_sweep_library/Be-H/1.47/sto-6g/Be-H_1.47_sto-6g_as-001-001_jw.dat
Be-H,1.47,sto-6g,1,1,2,JW_Pauli_string_commutation,4,0,1,2,1,7.447602459741819e-16,1.7763568394002505e-15,/Users/a_lee/Repos/qhat/demo_L_sweep_library/Be-H/1.47/sto-6g/Be-H_1.47_sto-6g_as-001-001_jw.dat
Be-H,1.47,sto-6g,1,1,2,JW_Pauli_string_commutation,4,0,1,2,2,7.108895957933346e-16,1.7763568394002505e-15,/Users/a_lee/Repos/qhat/demo_L_sweep_library/Be-H/1.47/sto-6g/Be-H_1.47_sto-6g_as-001-001_jw.dat
Be-H,1.47,sto-6g,1,1,2,JW_Pauli_string_commutation,4,0,1,2,5,1.0053497077208614e-15,1.7763568394002505e-15,/Users/a_lee/Repos/qhat/demo_L_sweep_library/Be-H/1.47/sto-6g/Be-H_1.47_sto-6g_as-001-001_jw.dat
Be-H,1.47,sto-6g,1,1,2,JW_Pauli_string_commutation,4,0,1,2,10,1.3368855554576669e-15,1.7763568394002505e-15,/Users/a_lee/Repos/qhat/demo_L_sweep_library/Be-H/1.47/sto-6g/Be-H_1.47_sto-6g_as-001-001_jw.dat
Be-H,1.47,sto-6g,1,3,4,fermionic_commutation_then_JW,23,32,2,1,1,0.00636792765743594,1.0658141036401503e-14,/Users/a_lee/Repos/qhat/demo_L_sweep_library/Be-H/1.47/sto-6g/Be-H_1.47_sto-6g_as-001-003_jw.dat
Be-H,1.47,sto-6g,1,3,4,fermionic_commutation_then_JW,23,32,2,1,2,0.003181863065598652,1.0658141036401503e-14,/Users/a_lee/Repos/qhat/demo_L_sweep_library/Be-H/1.47/sto-6g/Be-H_1.47_sto-6g_as-001-003_jw.dat
Be-H,1.47,sto-6g,1,3,4,fermionic_commutation_then_JW,23,32,2,1,5,0.0012725100080307533,1.0658141036401503e-14,/Users/a_lee/Repos/qhat/demo_L_sweep_library/Be-H/1.47/sto-6g/Be-H_1.47_sto-6g_as-001-003_jw.dat
Be-H,1.47,sto-6g,1,3,4,fermionic_commutation_then_JW,23,32,2,1,10,0.0006362382039230461,1.0658141036401503e-14,/Users/a_lee/Repos/qhat/demo_L_sweep_library/Be-H/1.47/sto-6g/Be-H_1.47_sto-6g_as-001-003_jw.dat
Be-H,1.47,sto-6g,1,3,4,fermionic_commutation_then_JW,23,32,2,2,1,0.0002457270425624346,1.0658141036401503e-14,/Users/a_lee/Repos/qhat/demo_L_sweep_library/Be-H/1.47/sto-6g/Be-H_1.47_sto-6g_as-001-003_jw.dat
Be-H,1.47,sto-6g,1,3,4,fermionic_commutation_then_JW,23,32,2,2,2,6.138504184377539e-05,1.0658141036401503e-14,/Users/a_lee/Repos/qhat/demo_L_sweep_library/Be-H/1.47/sto-6g/Be-H_1.47_sto-6g_as-001-003_jw.dat
Be-H,1.47,sto-6g,1,3,4,fermionic_commutation_then_JW,23,32,2,2,5,9.819513918267163e-06,1.0658141036401503e-14,/Users/a_lee/Repos/qhat/demo_L_sweep_library/Be-H/1.47/sto-6g/Be-H_1.47_sto-6g_as-001-003_jw.dat
Be-H,1.47,sto-6g,1,3,4,fermionic_commutation_then_JW,23,32,2,2,10,2.4548037425277625e-06,1.0658141036401503e-14,/Users/a_lee/Repos/qhat/demo_L_sweep_library/Be-H/1.47/sto-6g/Be-H_1.47_sto-6g_as-001-003_jw.dat
Be-H,1.47,sto-6g,1,3,4,JW_Pauli_string_commutation,15,16,2,1,1,0.0063679276574358686,1.0658141036401503e-14,/Users/a_lee/Repos/qhat/demo_L_sweep_library/Be-H/1.47/sto-6g/Be-H_1.47_sto-6g_as-001-003_jw.dat
Be-H,1.47,sto-6g,1,3,4,JW_Pauli_string_commutation,15,16,2,1,2,0.003181863065598795,1.0658141036401503e-14,/Users/a_lee/Repos/qhat/demo_L_sweep_library/Be-H/1.47/sto-6g/Be-H_1.47_sto-6g_as-001-003_jw.dat
Be-H,1.47,sto-6g,1,3,4,JW_Pauli_string_commutation,15,16,2,1,5,0.0012725100080305909,1.0658141036401503e-14,/Users/a_lee/Repos/qhat/demo_L_sweep_library/Be-H/1.47/sto-6g/Be-H_1.47_sto-6g_as-001-003_jw.dat
Be-H,1.47,sto-6g,1,3,4,JW_Pauli_string_commutation,15,16,2,1,10,0.0006362382039233915,1.0658141036401503e-14,/Users/a_lee/Repos/qhat/demo_L_sweep_library/Be-H/1.47/sto-6g/Be-H_1.47_sto-6g_as-001-003_jw.dat
Be-H,1.47,sto-6g,1,3,4,JW_Pauli_string_commutation,15,16,2,2,1,0.00016965166727067135,1.0658141036401503e-14,/Users/a_lee/Repos/qhat/demo_L_sweep_library/Be-H/1.47/sto-6g/Be-H_1.47_sto-6g_as-001-003_jw.dat
Be-H,1.47,sto-6g,1,3,4,JW_Pauli_string_commutation,15,16,2,2,2,4.23728819633216e-05,1.0658141036401503e-14,/Users/a_lee/Repos/qhat/demo_L_sweep_library/Be-H/1.47/sto-6g/Be-H_1.47_sto-6g_as-001-003_jw.dat
Be-H,1.47,sto-6g,1,3,4,JW_Pauli_string_commutation,15,16,2,2,5,6.7778680368530024e-06,1.0658141036401503e-14,/Users/a_lee/Repos/qhat/demo_L_sweep_library/Be-H/1.47/sto-6g/Be-H_1.47_sto-6g_as-001-003_jw.dat
Be-H,1.47,sto-6g,1,3,4,JW_Pauli_string_commutation,15,16,2,2,10,1.6944029763554815e-06,1.0658141036401503e-14,/Users/a_lee/Repos/qhat/demo_L_sweep_library/Be-H/1.47/sto-6g/Be-H_1.47_sto-6g_as-001-003_jw.dat
Be-H,1.47,sto-6g,3,3,6,fermionic_commutation_then_JW,85,1592,7,1,1,0.08582585688646284,1.2435830582044879e-14,/Users/a_lee/Repos/qhat/demo_L_sweep_library/Be-H/1.47/sto-6g/Be-H_1.47_sto-6g_as-003-003_jw.dat
Be-H,1.47,sto-6g,3,3,6,fermionic_commutation_then_JW,85,1592,7,1,2,0.04552975180547026,1.2435830582044879e-14,/Users/a_lee/Repos/qhat/demo_L_sweep_library/Be-H/1.47/sto-6g/Be-H_1.47_sto-6g_as-003-003_jw.dat
Be-H,1.47,sto-6g,3,3,6,fermionic_commutation_then_JW,85,1592,7,1,5,0.01832242004936477,1.2435830582044879e-14,/Users/a_lee/Repos/qhat/demo_L_sweep_library/Be-H/1.47/sto-6g/Be-H_1.47_sto-6g_as-003-003_jw.dat
Be-H,1.47,sto-6g,3,3,6,fermionic_commutation_then_JW,85,1592,7,1,10,0.009133445720045926,1.2435830582044879e-14,/Users/a_lee/Repos/qhat/demo_L_sweep_library/Be-H/1.47/sto-6g/Be-H_1.47_sto-6g_as-003-003_jw.dat
Be-H,1.47,sto-6g,3,3,6,fermionic_commutation_then_JW,85,1592,7,2,1,0.02807500948405055,1.2435830582044879e-14,/Users/a_lee/Repos/qhat/demo_L_sweep_library/Be-H/1.47/sto-6g/Be-H_1.47_sto-6g_as-003-003_jw.dat
Be-H,1.47,sto-6g,3,3,6,fermionic_commutation_then_JW,85,1592,7,2,2,0.007684272423871944,1.2435830582044879e-14,/Users/a_lee/Repos/qhat/demo_L_sweep_library/Be-H/1.47/sto-6g/Be-H_1.47_sto-6g_as-003-003_jw.dat
Be-H,1.47,sto-6g,3,3,6,fermionic_commutation_then_JW,85,1592,7,2,5,0.00126054449291673,1.2435830582044879e-14,/Users/a_lee/Repos/qhat/demo_L_sweep_library/Be-H/1.47/sto-6g/Be-H_1.47_sto-6g_as-003-003_jw.dat
Be-H,1.47,sto-6g,3,3,6,fermionic_commutation_then_JW,85,1592,7,2,10,0.00031625661095733117,1.2435830582044879e-14,/Users/a_lee/Repos/qhat/demo_L_sweep_library/Be-H/1.47/sto-6g/Be-H_1.47_sto-6g_as-003-003_jw.dat
Be-H,1.47,sto-6g,3,3,6,JW_Pauli_string_commutation,62,760,6,1,1,0.03797511351804255,1.2435830582044879e-14,/Users/a_lee/Repos/qhat/demo_L_sweep_library/Be-H/1.47/sto-6g/Be-H_1.47_sto-6g_as-003-003_jw.dat
Be-H,1.47,sto-6g,3,3,6,JW_Pauli_string_commutation,62,760,6,1,2,0.018812634521323528,1.2435830582044879e-14,/Users/a_lee/Repos/qhat/demo_L_sweep_library/Be-H/1.47/sto-6g/Be-H_1.47_sto-6g_as-003-003_jw.dat
Be-H,1.47,sto-6g,3,3,6,JW_Pauli_string_commutation,62,760,6,1,5,0.007497311267766336,1.2435830582044879e-14,/Users/a_lee/Repos/qhat/demo_L_sweep_library/Be-H/1.47/sto-6g/Be-H_1.47_sto-6g_as-003-003_jw.dat
Be-H,1.47,sto-6g,3,3,6,JW_Pauli_string_commutation,62,760,6,1,10,0.003745186298026131,1.2435830582044879e-14,/Users/a_lee/Repos/qhat/demo_L_sweep_library/Be-H/1.47/sto-6g/Be-H_1.47_sto-6g_as-003-003_jw.dat
Be-H,1.47,sto-6g,3,3,6,JW_Pauli_string_commutation,62,760,6,2,1,0.004040165446086963,1.2435830582044879e-14,/Users/a_lee/Repos/qhat/demo_L_sweep_library/Be-H/1.47/sto-6g/Be-H_1.47_sto-6g_as-003-003_jw.dat
Be-H,1.47,sto-6g,3,3,6,JW_Pauli_string_commutation,62,760,6,2,2,0.0009988932517841047,1.2435830582044879e-14,/Users/a_lee/Repos/qhat/demo_L_sweep_library/Be-H/1.47/sto-6g/Be-H_1.47_sto-6g_as-003-003_jw.dat
Be-H,1.47,sto-6g,3,3,6,JW_Pauli_string_commutation,62,760,6,2,5,0.0001593360899349887,1.2435830582044879e-14,/Users/a_lee/Repos/qhat/demo_L_sweep_library/Be-H/1.47/sto-6g/Be-H_1.47_sto-6g_as-003-003_jw.dat
Be-H,1.47,sto-6g,3,3,6,JW_Pauli_string_commutation,62,760,6,2,10,3.98167450359249e-05,1.2435830582044879e-14,/Users/a_lee/Repos/qhat/demo_L_sweep_library/Be-H/1.47/sto-6g/Be-H_1.47_sto-6g_as-003-003_jw.dat
Be-H,1.88,hgbs-5,1,1,2,fermionic_commutation_then_JW,5,0,1,1,1,1.355199909595506e-15,3.552713678800501e-15,/Users/a_lee/Repos/qhat/demo_L_sweep_library/Be-H/1.88/hgbs-5/Be-H_1.88_hgbs-5_as-001-001_jw.dat
Be-H,1.88,hgbs-5,1,1,2,fermionic_commutation_then_JW,5,0,1,1,2,1.2008898127460164e-15,3.552713678800501e-15,/Users/a_lee/Repos/qhat/demo_L_sweep_library/Be-H/1.88/hgbs-5/Be-H_1.88_hgbs-5_as-001-001_jw.dat
Be-H,1.88,hgbs-5,1,1,2,fermionic_commutation_then_JW,5,0,1,1,5,2.445012586343469e-15,3.552713678800501e-15,/Users/a_lee/Repos/qhat/demo_L_sweep_library/Be-H/1.88/hgbs-5/Be-H_1.88_hgbs-5_as-001-001_jw.dat
Be-H,1.88,hgbs-5,1,1,2,fermionic_commutation_then_JW,5,0,1,1,10,2.482534153247273e-15,3.552713678800501e-15,/Users/a_lee/Repos/qhat/demo_L_sweep_library/Be-H/1.88/hgbs-5/Be-H_1.88_hgbs-5_as-001-001_jw.dat
Be-H,1.88,hgbs-5,1,1,2,fermionic_commutation_then_JW,5,0,1,2,1,1.2947314098277873e-15,3.552713678800501e-15,/Users/a_lee/Repos/qhat/demo_L_sweep_library/Be-H/1.88/hgbs-5/Be-H_1.88_hgbs-5_as-001-001_jw.dat
Be-H,1.88,hgbs-5,1,1,2,fermionic_commutation_then_JW,5,0,1,2,2,1.1957467920563633e-15,3.552713678800501e-15,/Users/a_lee/Repos/qhat/demo_L_sweep_library/Be-H/1.88/hgbs-5/Be-H_1.88_hgbs-5_as-001-001_jw.dat
Be-H,1.88,hgbs-5,1,1,2,fermionic_commutation_then_JW,5,0,1,2,5,2.3102244613642867e-15,3.552713678800501e-15,/Users/a_lee/Repos/qhat/demo_L_sweep_library/Be-H/1.88/hgbs-5/Be-H_1.88_hgbs-5_as-001-001_jw.dat
Be-H,1.88,hgbs-5,1,1,2,fermionic_commutation_then_JW,5,0,1,2,10,5.583218758733536e-15,3.552713678800501e-15,/Users/a_lee/Repos/qhat/demo_L_sweep_library/Be-H/1.88/hgbs-5/Be-H_1.88_hgbs-5_as-001-001_jw.dat
Be-H,1.88,hgbs-5,1,1,2,JW_Pauli_string_commutation,4,0,1,1,1,1.0235750533041806e-15,3.552713678800501e-15,/Users/a_lee/Repos/qhat/demo_L_sweep_library/Be-H/1.88/hgbs-5/Be-H_1.88_hgbs-5_as-001-001_jw.dat
Be-H,1.88,hgbs-5,1,1,2,JW_Pauli_string_commutation,4,0,1,1,2,1.0235750533041806e-15,3.552713678800501e-15,/Users/a_lee/Repos/qhat/demo_L_sweep_library/Be-H/1.88/hgbs-5/Be-H_1.88_hgbs-5_as-001-001_jw.dat
Be-H,1.88,hgbs-5,1,1,2,JW_Pauli_string_commutation,4,0,1,1,5,1.793620188084545e-15,3.552713678800501e-15,/Users/a_lee/Repos/qhat/demo_L_sweep_library/Be-H/1.88/hgbs-5/Be-H_1.88_hgbs-5_as-001-001_jw.dat
Be-H,1.88,hgbs-5,1,1,2,JW_Pauli_string_commutation,4,0,1,1,10,2.373385746427198e-15,3.552713678800501e-15,/Users/a_lee/Repos/qhat/demo_L_sweep_library/Be-H/1.88/hgbs-5/Be-H_1.88_hgbs-5_as-001-001_jw.dat
Be-H,1.88,hgbs-5,1,1,2,JW_Pauli_string_commutation,4,0,1,2,1,1.0235750533041806e-15,3.552713678800501e-15,/Users/a_lee/Repos/qhat/demo_L_sweep_library/Be-H/1.88/hgbs-5/Be-H_1.88_hgbs-5_as-001-001_jw.dat
Be-H,1.88,hgbs-5,1,1,2,JW_Pauli_string_commutation,4,0,1,2,2,1.4895204919483639e-15,3.552713678800501e-15,/Users/a_lee/Repos/qhat/demo_L_sweep_library/Be-H/1.88/hgbs-5/Be-H_1.88_hgbs-5_as-001-001_jw.dat
Be-H,1.88,hgbs-5,1,1,2,JW_Pauli_string_commutation,4,0,1,2,5,1.8906416838689214e-15,3.552713678800501e-15,/Users/a_lee/Repos/qhat/demo_L_sweep_library/Be-H/1.88/hgbs-5/Be-H_1.88_hgbs-5_as-001-001_jw.dat
Be-H,1.88,hgbs-5,1,1,2,JW_Pauli_string_commutation,4,0,1,2,10,3.2368285245694686e-15,3.552713678800501e-15,/Users/a_lee/Repos/qhat/demo_L_sweep_library/Be-H/1.88/hgbs-5/Be-H_1.88_hgbs-5_as-001-001_jw.dat
Be-H,1.88,hgbs-5,1,3,4,fermionic_commutation_then_JW,23,32,2,1,1,0.0007379491228736068,7.105427357601002e-15,/Users/a_lee/Repos/qhat/demo_L_sweep_library/Be-H/1.88/hgbs-5/Be-H_1.88_hgbs-5_as-001-003_jw.dat
Be-H,1.88,hgbs-5,1,3,4,fermionic_commutation_then_JW,23,32,2,1,2,0.000368898805286143,7.105427357601002e-15,/Users/a_lee/Repos/qhat/demo_L_sweep_library/Be-H/1.88/hgbs-5/Be-H_1.88_hgbs-5_as-001-003_jw.dat
Be-H,1.88,hgbs-5,1,3,4,fermionic_commutation_then_JW,23,32,2,1,5,0.00014755104118182309,7.105427357601002e-15,/Users/a_lee/Repos/qhat/demo_L_sweep_library/Be-H/1.88/hgbs-5/Be-H_1.88_hgbs-5_as-001-003_jw.dat
Be-H,1.88,hgbs-5,1,3,4,fermionic_commutation_then_JW,23,32,2,1,10,7.377491487742581e-05,7.105427357601002e-15,/Users/a_lee/Repos/qhat/demo_L_sweep_library/Be-H/1.88/hgbs-5/Be-H_1.88_hgbs-5_as-001-003_jw.dat
Be-H,1.88,hgbs-5,1,3,4,fermionic_commutation_then_JW,23,32,2,2,1,1.711546522035533e-05,7.105427357601002e-15,/Users/a_lee/Repos/qhat/demo_L_sweep_library/Be-H/1.88/hgbs-5/Be-H_1.88_hgbs-5_as-001-003_jw.dat
Be-H,1.88,hgbs-5,1,3,4,fermionic_commutation_then_JW,23,32,2,2,2,4.277818141883739e-06,7.105427357601002e-15,/Users/a_lee/Repos/qhat/demo_L_sweep_library/Be-H/1.88/hgbs-5/Be-H_1.88_hgbs-5_as-001-003_jw.dat
Be-H,1.88,hgbs-5,1,3,4,fermionic_commutation_then_JW,23,32,2,2,5,6.844039652630945e-07,7.105427357601002e-15,/Users/a_lee/Repos/qhat/demo_L_sweep_library/Be-H/1.88/hgbs-5/Be-H_1.88_hgbs-5_as-001-003_jw.dat
Be-H,1.88,hgbs-5,1,3,4,fermionic_commutation_then_JW,23,32,2,2,10,1.71099317752069e-07,7.105427357601002e-15,/Users/a_lee/Repos/qhat/demo_L_sweep_library/Be-H/1.88/hgbs-5/Be-H_1.88_hgbs-5_as-001-003_jw.dat
Be-H,1.88,hgbs-5,1,3,4,JW_Pauli_string_commutation,15,16,2,1,1,0.0007379491228740615,7.105427357601002e-15,/Users/a_lee/Repos/qhat/demo_L_sweep_library/Be-H/1.88/hgbs-5/Be-H_1.88_hgbs-5_as-001-003_jw.dat
Be-H,1.88,hgbs-5,1,3,4,JW_Pauli_string_commutation,15,16,2,1,2,0.00036889880528676586,7.105427357601002e-15,/Users/a_lee/Repos/qhat/demo_L_sweep_library/Be-H/1.88/hgbs-5/Be-H_1.88_hgbs-5_as-001-003_jw.dat
Be-H,1.88,hgbs-5,1,3,4,JW_Pauli_string_commutation,15,16,2,1,5,0.00014755104118272148,7.105427357601002e-15,/Users/a_lee/Repos/qhat/demo_L_sweep_library/Be-H/1.88/hgbs-5/Be-H_1.88_hgbs-5_as-001-003_jw.dat
Be-H,1.88,hgbs-5,1,3,4,JW_Pauli_string_commutation,15,16,2,1,10,7.377491487911694e-05,7.105427357601002e-15,/Users/a_lee/Repos/qhat/demo_L_sweep_library/Be-H/1.88/hgbs-5/Be-H_1.88_hgbs-5_as-001-003_jw.dat
Be-H,1.88,hgbs-5,1,3,4,JW_Pauli_string_commutation,15,16,2,2,1,8.927361252904895e-06,7.105427357601002e-15,/Users/a_lee/Repos/qhat/demo_L_sweep_library/Be-H/1.88/hgbs-5/Be-H_1.88_hgbs-5_as-001-003_jw.dat
Be-H,1.88,hgbs-5,1,3,4,JW_Pauli_string_commutation,15,16,2,2,2,2.2309340180512354e-06,7.105427357601002e-15,/Users/a_lee/Repos/qhat/demo_L_sweep_library/Be-H/1.88/hgbs-5/Be-H_1.88_hgbs-5_as-001-003_jw.dat
Be-H,1.88,hgbs-5,1,3,4,JW_Pauli_string_commutation,15,16,2,2,5,3.5690886213253994e-07,7.105427357601002e-15,/Users/a_lee/Repos/qhat/demo_L_sweep_library/Be-H/1.88/hgbs-5/Be-H_1.88_hgbs-5_as-001-003_jw.dat
Be-H,1.88,hgbs-5,1,3,4,JW_Pauli_string_commutation,15,16,2,2,10,8.922576823669362e-08,7.105427357601002e-15,/Users/a_lee/Repos/qhat/demo_L_sweep_library/Be-H/1.88/hgbs-5/Be-H_1.88_hgbs-5_as-001-003_jw.dat
Be-H,1.88,hgbs-5,3,3,6,fermionic_commutation_then_JW,85,1592,7,1,1,0.02081214951657151,1.0658173223602699e-14,/Users/a_lee/Repos/qhat/demo_L_sweep_library/Be-H/1.88/hgbs-5/Be-H_1.88_hgbs-5_as-003-003_jw.dat
Be-H,1.88,hgbs-5,3,3,6,fermionic_commutation_then_JW,85,1592,7,1,2,0.01044810866342278,1.0658173223602699e-14,/Users/a_lee/Repos/qhat/demo_L_sweep_library/Be-H/1.88/hgbs-5/Be-H_1.88_hgbs-5_as-003-003_jw.dat
Be-H,1.88,hgbs-5,3,3,6,fermionic_commutation_then_JW,85,1592,7,1,5,0.004171808888786831,1.0658173223602699e-14,/Users/a_lee/Repos/qhat/demo_L_sweep_library/Be-H/1.88/hgbs-5/Be-H_1.88_hgbs-5_as-003-003_jw.dat
Be-H,1.88,hgbs-5,3,3,6,fermionic_commutation_then_JW,85,1592,7,1,10,0.00208318081227313,1.0658173223602699e-14,/Users/a_lee/Repos/qhat/demo_L_sweep_library/Be-H/1.88/hgbs-5/Be-H_1.88_hgbs-5_as-003-003_jw.dat
Be-H,1.88,hgbs-5,3,3,6,fermionic_commutation_then_JW,85,1592,7,2,1,0.0028916507697284797,1.0658173223602699e-14,/Users/a_lee/Repos/qhat/demo_L_sweep_library/Be-H/1.88/hgbs-5/Be-H_1.88_hgbs-5_as-003-003_jw.dat
Be-H,1.88,hgbs-5,3,3,6,fermionic_commutation_then_JW,85,1592,7,2,2,0.0007487056978944048,1.0658173223602699e-14,/Users/a_lee/Repos/qhat/demo_L_sweep_library/Be-H/1.88/hgbs-5/Be-H_1.88_hgbs-5_as-003-003_jw.dat
Be-H,1.88,hgbs-5,3,3,6,fermionic_commutation_then_JW,85,1592,7,2,5,0.00012097295555555044,1.0658173223602699e-14,/Users/a_lee/Repos/qhat/demo_L_sweep_library/Be-H/1.88/hgbs-5/Be-H_1.88_hgbs-5_as-003-003_jw.dat
Be-H,1.88,hgbs-5,3,3,6,fermionic_commutation_then_JW,85,1592,7,2,10,3.0285603579184207e-05,1.0658173223602699e-14,/Users/a_lee/Repos/qhat/demo_L_sweep_library/Be-H/1.88/hgbs-5/Be-H_1.88_hgbs-5_as-003-003_jw.dat
Be-H,1.88,hgbs-5,3,3,6,JW_Pauli_string_commutation,62,760,6,1,1,0.02183796041578875,1.0658173223602699e-14,/Users/a_lee/Repos/qhat/demo_L_sweep_library/Be-H/1.88/hgbs-5/Be-H_1.88_hgbs-5_as-003-003_jw.dat
Be-H,1.88,hgbs-5,3,3,6,JW_Pauli_string_commutation,62,760,6,1,2,0.010892239786229288,1.0658173223602699e-14,/Users/a_lee/Repos/qhat/demo_L_sweep_library/Be-H/1.88/hgbs-5/Be-H_1.88_hgbs-5_as-003-003_jw.dat
Be-H,1.88,hgbs-5,3,3,6,JW_Pauli_string_commutation,62,760,6,1,5,0.004353249331395082,1.0658173223602699e-14,/Users/a_lee/Repos/qhat/demo_L_sweep_library/Be-H/1.88/hgbs-5/Be-H_1.88_hgbs-5_as-003-003_jw.dat
Be-H,1.88,hgbs-5,3,3,6,JW_Pauli_string_commutation,62,760,6,1,10,0.0021762438893046985,1.0658173223602699e-14,/Users/a_lee/Repos/qhat/demo_L_sweep_library/Be-H/1.88/hgbs-5/Be-H_1.88_hgbs-5_as-003-003_jw.dat
Be-H,1.88,hgbs-5,3,3,6,JW_Pauli_string_commutation,62,760,6,2,1,0.0010120360741709242,1.0658173223602699e-14,/Users/a_lee/Repos/qhat/demo_L_sweep_library/Be-H/1.88/hgbs-5/Be-H_1.88_hgbs-5_as-003-003_jw.dat
Be-H,1.88,hgbs-5,3,3,6,JW_Pauli_string_commutation,62,760,6,2,2,0.0002519607575922927,1.0658173223602699e-14,/Users/a_lee/Repos/qhat/demo_L_sweep_library/Be-H/1.88/hgbs-5/Be-H_1.88_hgbs-5_as-003-003_jw.dat
Be-H,1.88,hgbs-5,3,3,6,JW_Pauli_string_commutation,62,760,6,2,5,4.026696895091399e-05,1.0658173223602699e-14,/Users/a_lee/Repos/qhat/demo_L_sweep_library/Be-H/1.88/hgbs-5/Be-H_1.88_hgbs-5_as-003-003_jw.dat
Be-H,1.88,hgbs-5,3,3,6,JW_Pauli_string_commutation,62,760,6,2,10,1.0065074383804798e-05,1.0658173223602699e-14,/Users/a_lee/Repos/qhat/demo_L_sweep_library/Be-H/1.88/hgbs-5/Be-H_1.88_hgbs-5_as-003-003_jw.dat
Be-H,1.88,sto-6g,1,1,2,fermionic_commutation_then_JW,5,0,1,1,1,3.510833468576701e-15,3.552713678800501e-15,/Users/a_lee/Repos/qhat/demo_L_sweep_library/Be-H/1.88/sto-6g/Be-H_1.88_sto-6g_as-001-001_jw.dat
Be-H,1.88,sto-6g,1,1,2,fermionic_commutation_then_JW,5,0,1,1,2,3.575193960459936e-15,3.552713678800501e-15,/Users/a_lee/Repos/qhat/demo_L_sweep_library/Be-H/1.88/sto-6g/Be-H_1.88_sto-6g_as-001-001_jw.dat
Be-H,1.88,sto-6g,1,1,2,fermionic_commutation_then_JW,5,0,1,1,5,5.357904569797635e-15,3.552713678800501e-15,/Users/a_lee/Repos/qhat/demo_L_sweep_library/Be-H/1.88/sto-6g/Be-H_1.88_sto-6g_as-001-001_jw.dat
Be-H,1.88,sto-6g,1,1,2,fermionic_commutation_then_JW,5,0,1,1,10,5.357904569797635e-15,3.552713678800501e-15,/Users/a_lee/Repos/qhat/demo_L_sweep_library/Be-H/1.88/sto-6g/Be-H_1.88_sto-6g_as-001-001_jw.dat
Be-H,1.88,sto-6g,1,1,2,fermionic_commutation_then_JW,5,0,1,2,1,3.575193960459936e-15,3.552713678800501e-15,/Users/a_lee/Repos/qhat/demo_L_sweep_library/Be-H/1.88/sto-6g/Be-H_1.88_sto-6g_as-001-001_jw.dat
Be-H,1.88,sto-6g,1,1,2,fermionic_commutation_then_JW,5,0,1,2,2,3.356474311340335e-15,3.552713678800501e-15,/Users/a_lee/Repos/qhat/demo_L_sweep_library/Be-H/1.88/sto-6g/Be-H_1.88_sto-6g_as-001-001_jw.dat
Be-H,1.88,sto-6g,1,1,2,fermionic_commutation_then_JW,5,0,1,2,5,5.357904569797635e-15,3.552713678800501e-15,/Users/a_lee/Repos/qhat/demo_L_sweep_library/Be-H/1.88/sto-6g/Be-H_1.88_sto-6g_as-001-001_jw.dat
Be-H,1.88,sto-6g,1,1,2,fermionic_commutation_then_JW,5,0,1,2,10,6.595322839099868e-15,3.552713678800501e-15,/Users/a_lee/Repos/qhat/demo_L_sweep_library/Be-H/1.88/sto-6g/Be-H_1.88_sto-6g_as-001-001_jw.dat
Be-H,1.88,sto-6g,1,1,2,JW_Pauli_string_commutation,4,0,1,1,1,1.7554167342883505e-15,3.552713678800501e-15,/Users/a_lee/Repos/qhat/demo_L_sweep_library/Be-H/1.88/sto-6g/Be-H_1.88_sto-6g_as-001-001_jw.dat
Be-H,1.88,sto-6g,1,1,2,JW_Pauli_string_commutation,4,0,1,1,2,1.9100999153570945e-15,3.552713678800501e-15,/Users/a_lee/Repos/qhat/demo_L_sweep_library/Be-H/1.88/sto-6g/Be-H_1.88_sto-6g_as-001-001_jw.dat
Be-H,1.88,sto-6g,1,1,2,JW_Pauli_string_commutation,4,0,1,1,5,3.0201331455116262e-15,3.552713678800501e-15,/Users/a_lee/Repos/qhat/demo_L_sweep_library/Be-H/1.88/sto-6g/Be-H_1.88_sto-6g_as-001-001_jw.dat
Be-H,1.88,sto-6g,1,1,2,JW_Pauli_string_commutation,4,0,1,1,10,3.202372833989377e-15,3.552713678800501e-15,/Users/a_lee/Repos/qhat/demo_L_sweep_library/Be-H/1.88/sto-6g/Be-H_1.88_sto-6g_as-001-001_jw.dat
Be-H,1.88,sto-6g,1,1,2,JW_Pauli_string_commutation,4,0,1,2,1,1.8477793714103673e-15,3.552713678800501e-15,/Users/a_lee/Repos/qhat/demo_L_sweep_library/Be-H/1.88/sto-6g/Be-H_1.88_sto-6g_as-001-001_jw.dat
Be-H,1.88,sto-6g,1,1,2,JW_Pauli_string_commutation,4,0,1,2,2,1.698314660101103e-15,3.552713678800501e-15,/Users/a_lee/Repos/qhat/demo_L_sweep_library/Be-H/1.88/sto-6g/Be-H_1.88_sto-6g_as-001-001_jw.dat
Be-H,1.88,sto-6g,1,1,2,JW_Pauli_string_commutation,4,0,1,2,5,3.1106063782808446e-15,3.552713678800501e-15,/Users/a_lee/Repos/qhat/demo_L_sweep_library/Be-H/1.88/sto-6g/Be-H_1.88_sto-6g_as-001-001_jw.dat
Be-H,1.88,sto-6g,1,1,2,JW_Pauli_string_commutation,4,0,1,2,10,5.60415245948141e-15,3.552713678800501e-15,/Users/a_lee/Repos/qhat/demo_L_sweep_library/Be-H/1.88/sto-6g/Be-H_1.88_sto-6g_as-001-001_jw.dat
Be-H,1.88,sto-6g,1,3,4,fermionic_commutation_then_JW,23,32,2,1,1,0.006935089289208312,7.105427357601002e-15,/Users/a_lee/Repos/qhat/demo_L_sweep_library/Be-H/1.88/sto-6g/Be-H_1.88_sto-6g_as-001-003_jw.dat
Be-H,1.88,sto-6g,1,3,4,fermionic_commutation_then_JW,23,32,2,1,2,0.0034648883899475224,7.105427357601002e-15,/Users/a_lee/Repos/qhat/demo_L_sweep_library/Be-H/1.88/sto-6g/Be-H_1.88_sto-6g_as-001-003_jw.dat
Be-H,1.88,sto-6g,1,3,4,fermionic_commutation_then_JW,23,32,2,1,5,0.0013856580084479775,7.105427357601002e-15,/Users/a_lee/Repos/qhat/demo_L_sweep_library/Be-H/1.88/sto-6g/Be-H_1.88_sto-6g_as-001-003_jw.dat
Be-H,1.88,sto-6g,1,3,4,fermionic_commutation_then_JW,23,32,2,1,10,0.0006928077678575166,7.105427357601002e-15,/Users/a_lee/Repos/qhat/demo_L_sweep_library/Be-H/1.88/sto-6g/Be-H_1.88_sto-6g_as-001-003_jw.dat
Be-H,1.88,sto-6g,1,3,4,fermionic_commutation_then_JW,23,32,2,2,1,0.0002922866126639719,7.105427357601002e-15,/Users/a_lee/Repos/qhat/demo_L_sweep_library/Be-H/1.88/sto-6g/Be-H_1.88_sto-6g_as-001-003_jw.dat
Be-H,1.88,sto-6g,1,3,4,fermionic_commutation_then_JW,23,32,2,2,2,7.300686442955376e-05,7.105427357601002e-15,/Users/a_lee/Repos/qhat/demo_L_sweep_library/Be-H/1.88/sto-6g/Be-H_1.88_sto-6g_as-001-003_jw.dat
Be-H,1.88,sto-6g,1,3,4,fermionic_commutation_then_JW,23,32,2,2,5,1.1678196714389399e-05,7.105427357601002e-15,/Users/a_lee/Repos/qhat/demo_L_sweep_library/Be-H/1.88/sto-6g/Be-H_1.88_sto-6g_as-001-003_jw.dat
Be-H,1.88,sto-6g,1,3,4,fermionic_commutation_then_JW,23,32,2,2,10,2.9194455646814952e-06,7.105427357601002e-15,/Users/a_lee/Repos/qhat/demo_L_sweep_library/Be-H/1.88/sto-6g/Be-H_1.88_sto-6g_as-001-003_jw.dat
Be-H,1.88,sto-6g,1,3,4,JW_Pauli_string_commutation,15,16,2,1,1,0.006935089289207718,7.105427357601002e-15,/Users/a_lee/Repos/qhat/demo_L_sweep_library/Be-H/1.88/sto-6g/Be-H_1.88_sto-6g_as-001-003_jw.dat
Be-H,1.88,sto-6g,1,3,4,JW_Pauli_string_commutation,15,16,2,1,2,0.003464888389946881,7.105427357601002e-15,/Users/a_lee/Repos/qhat/demo_L_sweep_library/Be-H/1.88/sto-6g/Be-H_1.88_sto-6g_as-001-003_jw.dat
Be-H,1.88,sto-6g,1,3,4,JW_Pauli_string_commutation,15,16,2,1,5,0.0013856580084467527,7.105427357601002e-15,/Users/a_lee/Repos/qhat/demo_L_sweep_library/Be-H/1.88/sto-6g/Be-H_1.88_sto-6g_as-001-003_jw.dat
Be-H,1.88,sto-6g,1,3,4,JW_Pauli_string_commutation,15,16,2,1,10,0.0006928077678558012,7.105427357601002e-15,/Users/a_lee/Repos/qhat/demo_L_sweep_library/Be-H/1.88/sto-6g/Be-H_1.88_sto-6g_as-001-003_jw.dat
Be-H,1.88,sto-6g,1,3,4,JW_Pauli_string_commutation,15,16,2,2,1,0.00019323662160497236,7.105427357601002e-15,/Users/a_lee/Repos/qhat/demo_L_sweep_library/Be-H/1.88/sto-6g/Be-H_1.88_sto-6g_as-001-003_jw.dat
Be-H,1.88,sto-6g,1,3,4,JW_Pauli_string_commutation,15,16,2,2,2,4.825401966856287e-05,7.105427357601002e-15,/Users/a_lee/Repos/qhat/demo_L_sweep_library/Be-H/1.88/sto-6g/Be-H_1.88_sto-6g_as-001-003_jw.dat
Be-H,1.88,sto-6g,1,3,4,JW_Pauli_string_commutation,15,16,2,2,5,7.718174392151417e-06,7.105427357601002e-15,/Users/a_lee/Repos/qhat/demo_L_sweep_library/Be-H/1.88/sto-6g/Be-H_1.88_sto-6g_as-001-003_jw.dat
Be-H,1.88,sto-6g,1,3,4,JW_Pauli_string_commutation,15,16,2,2,10,1.929455441374193e-06,7.105427357601002e-15,/Users/a_lee/Repos/qhat/demo_L_sweep_library/Be-H/1.88/sto-6g/Be-H_1.88_sto-6g_as-001-003_jw.dat
Be-H,1.88,sto-6g,3,3,6,fermionic_commutation_then_JW,85,1592,7,1,1,0.08337745536549604,1.2434497875801756e-14,/Users/a_lee/Repos/qhat/demo_L_sweep_library/Be-H/1.88/sto-6g/Be-H_1.88_sto-6g_as-003-003_jw.dat
Be-H,1.88,sto-6g,3,3,6,fermionic_commutation_then_JW,85,1592,7,1,2,0.04283382307287702,1.2434497875801756e-14,/Users/a_lee/Repos/qhat/demo_L_sweep_library/Be-H/1.88/sto-6g/Be-H_1.88_sto-6g_as-003-003_jw.dat
Be-H,1.88,sto-6g,3,3,6,fermionic_commutation_then_JW,85,1592,7,1,5,0.017025293579275545,1.2434497875801756e-14,/Users/a_lee/Repos/qhat/demo_L_sweep_library/Be-H/1.88/sto-6g/Be-H_1.88_sto-6g_as-003-003_jw.dat
Be-H,1.88,sto-6g,3,3,6,fermionic_commutation_then_JW,85,1592,7,1,10,0.008461727594962313,1.2434497875801756e-14,/Users/a_lee/Repos/qhat/demo_L_sweep_library/Be-H/1.88/sto-6g/Be-H_1.88_sto-6g_as-003-003_jw.dat
Be-H,1.88,sto-6g,3,3,6,fermionic_commutation_then_JW,85,1592,7,2,1,0.02362329965944745,1.2434497875801756e-14,/Users/a_lee/Repos/qhat/demo_L_sweep_library/Be-H/1.88/sto-6g/Be-H_1.88_sto-6g_as-003-003_jw.dat
Be-H,1.88,sto-6g,3,3,6,fermionic_commutation_then_JW,85,1592,7,2,2,0.006367252085506828,1.2434497875801756e-14,/Users/a_lee/Repos/qhat/demo_L_sweep_library/Be-H/1.88/sto-6g/Be-H_1.88_sto-6g_as-003-003_jw.dat
Be-H,1.88,sto-6g,3,3,6,fermionic_commutation_then_JW,85,1592,7,2,5,0.001040183251106332,1.2434497875801756e-14,/Users/a_lee/Repos/qhat/demo_L_sweep_library/Be-H/1.88/sto-6g/Be-H_1.88_sto-6g_as-003-003_jw.dat
Be-H,1.88,sto-6g,3,3,6,fermionic_commutation_then_JW,85,1592,7,2,10,0.00026081764387720025,1.2434497875801756e-14,/Users/a_lee/Repos/qhat/demo_L_sweep_library/Be-H/1.88/sto-6g/Be-H_1.88_sto-6g_as-003-003_jw.dat
Be-H,1.88,sto-6g,3,3,6,JW_Pauli_string_commutation,62,760,6,1,1,0.047041871180916024,1.2434497875801756e-14,/Users/a_lee/Repos/qhat/demo_L_sweep_library/Be-H/1.88/sto-6g/Be-H_1.88_sto-6g_as-003-003_jw.dat
Be-H,1.88,sto-6g,3,3,6,JW_Pauli_string_commutation,62,760,6,1,2,0.02342399652194994,1.2434497875801756e-14,/Users/a_lee/Repos/qhat/demo_L_sweep_library/Be-H/1.88/sto-6g/Be-H_1.88_sto-6g_as-003-003_jw.dat
Be-H,1.88,sto-6g,3,3,6,JW_Pauli_string_commutation,62,760,6,1,5,0.009356699840056926,1.2434497875801756e-14,/Users/a_lee/Repos/qhat/demo_L_sweep_library/Be-H/1.88/sto-6g/Be-H_1.88_sto-6g_as-003-003_jw.dat
Be-H,1.88,sto-6g,3,3,6,JW_Pauli_string_commutation,62,760,6,1,10,0.004677044304973869,1.2434497875801756e-14,/Users/a_lee/Repos/qhat/demo_L_sweep_library/Be-H/1.88/sto-6g/Be-H_1.88_sto-6g_as-003-003_jw.dat
Be-H,1.88,sto-6g,3,3,6,JW_Pauli_string_commutation,62,760,6,2,1,0.0040262469494810145,1.2434497875801756e-14,/Users/a_lee/Repos/qhat/demo_L_sweep_library/Be-H/1.88/sto-6g/Be-H_1.88_sto-6g_as-003-003_jw.dat
Be-H,1.88,sto-6g,3,3,6,JW_Pauli_string_commutation,62,760,6,2,2,0.00099907180923842,1.2434497875801756e-14,/Users/a_lee/Repos/qhat/demo_L_sweep_library/Be-H/1.88/sto-6g/Be-H_1.88_sto-6g_as-003-003_jw.dat
Be-H,1.88,sto-6g,3,3,6,JW_Pauli_string_commutation,62,760,6,2,5,0.00015952182597756714,1.2434497875801756e-14,/Users/a_lee/Repos/qhat/demo_L_sweep_library/Be-H/1.88/sto-6g/Be-H_1.88_sto-6g_as-003-003_jw.dat
Be-H,1.88,sto-6g,3,3,6,JW_Pauli_string_commutation,62,760,6,2,10,3.9868734042997696e-05,1.2434497875801756e-14,/Users/a_lee/Repos/qhat/demo_L_sweep_library/Be-H/1.88/sto-6g/Be-H_1.88_sto-6g_as-003-003_jw.dat
H-H,0.51,hgbs-5,2,2,4,fermionic_commutation_then_JW,23,32,2,1,1,0.011302738430992325,4.440892098500626e-16,/Users/a_lee/Repos/qhat/demo_L_sweep_library/H-H/0.51/hgbs-5/H-H_0.51_hgbs-5_as-002-002_jw.dat
H-H,0.51,hgbs-5,2,2,4,fermionic_commutation_then_JW,23,32,2,1,2,0.005498307994242052,4.440892098500626e-16,/Users/a_lee/Repos/qhat/demo_L_sweep_library/H-H/0.51/hgbs-5/H-H_0.51_hgbs-5_as-002-002_jw.dat
H-H,0.51,hgbs-5,2,2,4,fermionic_commutation_then_JW,23,32,2,1,5,0.002183258305414755,4.440892098500626e-16,/Users/a_lee/Repos/qhat/demo_L_sweep_library/H-H/0.51/hgbs-5/H-H_0.51_hgbs-5_as-002-002_jw.dat
H-H,0.51,hgbs-5,2,2,4,fermionic_commutation_then_JW,23,32,2,1,10,0.0010904996521207968,4.440892098500626e-16,/Users/a_lee/Repos/qhat/demo_L_sweep_library/H-H/0.51/hgbs-5/H-H_0.51_hgbs-5_as-002-002_jw.dat
H-H,0.51,hgbs-5,2,2,4,fermionic_commutation_then_JW,23,32,2,2,1,0.0029853442888548147,4.440892098500626e-16,/Users/a_lee/Repos/qhat/demo_L_sweep_library/H-H/0.51/hgbs-5/H-H_0.51_hgbs-5_as-002-002_jw.dat
H-H,0.51,hgbs-5,2,2,4,fermionic_commutation_then_JW,23,32,2,2,2,0.0007224450914959618,4.440892098500626e-16,/Users/a_lee/Repos/qhat/demo_L_sweep_library/H-H/0.51/hgbs-5/H-H_0.51_hgbs-5_as-002-002_jw.dat
H-H,0.51,hgbs-5,2,2,4,fermionic_commutation_then_JW,23,32,2,2,5,0.00011458177916064268,4.440892098500626e-16,/Users/a_lee/Repos/qhat/demo_L_sweep_library/H-H/0.51/hgbs-5/H-H_0.51_hgbs-5_as-002-002_jw.dat
H-H,0.51,hgbs-5,2,2,4,fermionic_commutation_then_JW,23,32,2,2,10,2.8609903787015666e-05,4.440892098500626e-16,/Users/a_lee/Repos/qhat/demo_L_sweep_library/H-H/0.51/hgbs-5/H-H_0.51_hgbs-5_as-002-002_jw.dat
H-H,0.51,hgbs-5,2,2,4,JW_Pauli_string_commutation,15,16,2,1,1,0.011302738430992037,4.440892098500626e-16,/Users/a_lee/Repos/qhat/demo_L_sweep_library/H-H/0.51/hgbs-5/H-H_0.51_hgbs-5_as-002-002_jw.dat
H-H,0.51,hgbs-5,2,2,4,JW_Pauli_string_commutation,15,16,2,1,2,0.005498307994242037,4.440892098500626e-16,/Users/a_lee/Repos/qhat/demo_L_sweep_library/H-H/0.51/hgbs-5/H-H_0.51_hgbs-5_as-002-002_jw.dat
H-H,0.51,hgbs-5,2,2,4,JW_Pauli_string_commutation,15,16,2,1,5,0.002183258305415068,4.440892098500626e-16,/Users/a_lee/Repos/qhat/demo_L_sweep_library/H-H/0.51/hgbs-5/H-H_0.51_hgbs-5_as-002-002_jw.dat
H-H,0.51,hgbs-5,2,2,4,JW_Pauli_string_commutation,15,16,2,1,10,0.0010904996521216598,4.440892098500626e-16,/Users/a_lee/Repos/qhat/demo_L_sweep_library/H-H/0.51/hgbs-5/H-H_0.51_hgbs-5_as-002-002_jw.dat
H-H,0.51,hgbs-5,2,2,4,JW_Pauli_string_commutation,15,16,2,2,1,0.0015415016940993188,4.440892098500626e-16,/Users/a_lee/Repos/qhat/demo_L_sweep_library/H-H/0.51/hgbs-5/H-H_0.51_hgbs-5_as-002-002_jw.dat
H-H,0.51,hgbs-5,2,2,4,JW_Pauli_string_commutation,15,16,2,2,2,0.0003643094200027685,4.440892098500626e-16,/Users/a_lee/Repos/qhat/demo_L_sweep_library/H-H/0.51/hgbs-5/H-H_0.51_hgbs-5_as-002-002_jw.dat
H-H,0.51,hgbs-5,2,2,4,JW_Pauli_string_commutation,15,16,2,2,5,5.740486285164124e-05,4.440892098500626e-16,/Users/a_lee/Repos/qhat/demo_L_sweep_library/H-H/0.51/hgbs-5/H-H_0.51_hgbs-5_as-002-002_jw.dat
H-H,0.51,hgbs-5,2,2,4,JW_Pauli_string_commutation,15,16,2,2,10,1.432011597793486e-05,4.440892098500626e-16,/Users/a_lee/Repos/qhat/demo_L_sweep_library/H-H/0.51/hgbs-5/H-H_0.51_hgbs-5_as-002-002_jw.dat
H-H,0.51,hgbs-5,2,4,6,fermionic_commutation_then_JW,85,1592,7,1,1,0.07519665816533938,1.2490009027033013e-15,/Users/a_lee/Repos/qhat/demo_L_sweep_library/H-H/0.51/hgbs-5/H-H_0.51_hgbs-5_as-002-004_jw.dat
H-H,0.51,hgbs-5,2,4,6,fermionic_commutation_then_JW,85,1592,7,1,2,0.037273508101164296,1.2490009027033013e-15,/Users/a_lee/Repos/qhat/demo_L_sweep_library/H-H/0.51/hgbs-5/H-H_0.51_hgbs-5_as-002-004_jw.dat
H-H,0.51,hgbs-5,2,4,6,fermionic_commutation_then_JW,85,1592,7,1,5,0.014871823287739188,1.2490009027033013e-15,/Users/a_lee/Repos/qhat/demo_L_sweep_library/H-H/0.51/hgbs-5/H-H_0.51_hgbs-5_as-002-004_jw.dat
H-H,0.51,hgbs-5,2,4,6,fermionic_commutation_then_JW,85,1592,7,1,10,0.007432817187109638,1.2490009027033013e-15,/Users/a_lee/Repos/qhat/demo_L_sweep_library/H-H/0.51/hgbs-5/H-H_0.51_hgbs-5_as-002-004_jw.dat
H-H,0.51,hgbs-5,2,4,6,fermionic_commutation_then_JW,85,1592,7,2,1,0.016340846556109692,1.2490009027033013e-15,/Users/a_lee/Repos/qhat/demo_L_sweep_library/H-H/0.51/hgbs-5/H-H_0.51_hgbs-5_as-002-004_jw.dat
H-H,0.51,hgbs-5,2,4,6,fermionic_commutation_then_JW,85,1592,7,2,2,0.0042479628963521514,1.2490009027033013e-15,/Users/a_lee/Repos/qhat/demo_L_sweep_library/H-H/0.51/hgbs-5/H-H_0.51_hgbs-5_as-002-004_jw.dat
H-H,0.51,hgbs-5,2,4,6,fermionic_commutation_then_JW,85,1592,7,2,5,0.0006870494004129231,1.2490009027033013e-15,/Users/a_lee/Repos/qhat/demo_L_sweep_library/H-H/0.51/hgbs-5/H-H_0.51_hgbs-5_as-002-004_jw.dat
H-H,0.51,hgbs-5,2,4,6,fermionic_commutation_then_JW,85,1592,7,2,10,0.00017202649901625433,1.2490009027033013e-15,/Users/a_lee/Repos/qhat/demo_L_sweep_library/H-H/0.51/hgbs-5/H-H_0.51_hgbs-5_as-002-004_jw.dat
H-H,0.51,hgbs-5,2,4,6,JW_Pauli_string_commutation,62,760,6,1,1,0.08130143542602386,1.2490009027033013e-15,/Users/a_lee/Repos/qhat/demo_L_sweep_library/H-H/0.51/hgbs-5/H-H_0.51_hgbs-5_as-002-004_jw.dat
H-H,0.51,hgbs-5,2,4,6,JW_Pauli_string_commutation,62,760,6,1,2,0.040249208019195404,1.2490009027033013e-15,/Users/a_lee/Repos/qhat/demo_L_sweep_library/H-H/0.51/hgbs-5/H-H_0.51_hgbs-5_as-002-004_jw.dat
H-H,0.51,hgbs-5,2,4,6,JW_Pauli_string_commutation,62,760,6,1,5,0.016042717314147463,1.2490009027033013e-15,/Users/a_lee/Repos/qhat/demo_L_sweep_library/H-H/0.51/hgbs-5/H-H_0.51_hgbs-5_as-002-004_jw.dat
H-H,0.51,hgbs-5,2,4,6,JW_Pauli_string_commutation,62,760,6,1,10,0.008014859474286136,1.2490009027033013e-15,/Users/a_lee/Repos/qhat/demo_L_sweep_library/H-H/0.51/hgbs-5/H-H_0.51_hgbs-5_as-002-004_jw.dat
H-H,0.51,hgbs-5,2,4,6,JW_Pauli_string_commutation,62,760,6,2,1,0.00772739184087925,1.2490009027033013e-15,/Users/a_lee/Repos/qhat/demo_L_sweep_library/H-H/0.51/hgbs-5/H-H_0.51_hgbs-5_as-002-004_jw.dat
H-H,0.51,hgbs-5,2,4,6,JW_Pauli_string_commutation,62,760,6,2,2,0.0019006477544252528,1.2490009027033013e-15,/Users/a_lee/Repos/qhat/demo_L_sweep_library/H-H/0.51/hgbs-5/H-H_0.51_hgbs-5_as-002-004_jw.dat
H-H,0.51,hgbs-5,2,4,6,JW_Pauli_string_commutation,62,760,6,2,5,0.00030277014468966477,1.2490009027033013e-15,/Users/a_lee/Repos/qhat/demo_L_sweep_library/H-H/0.51/hgbs-5/H-H_0.51_hgbs-5_as-002-004_jw.dat
H-H,0.51,hgbs-5,2,4,6,JW_Pauli_string_commutation,62,760,6,2,10,7.564544828161311e-05,1.2490009027033013e-15,/Users/a_lee/Repos/qhat/demo_L_sweep_library/H-H/0.51/hgbs-5/H-H_0.51_hgbs-5_as-002-004_jw.dat
H-H,0.51,sto-6g,2,2,4,fermionic_commutation_then_JW,23,32,2,1,1,0.16711270050196153,6.661338147750939e-16,/Users/a_lee/Repos/qhat/demo_L_sweep_library/H-H/0.51/sto-6g/H-H_0.51_sto-6g_as-002-002_jw.dat
H-H,0.51,sto-6g,2,2,4,fermionic_commutation_then_JW,23,32,2,1,2,0.07839090370226372,6.661338147750939e-16,/Users/a_lee/Repos/qhat/demo_L_sweep_library/H-H/0.51/sto-6g/H-H_0.51_sto-6g_as-002-002_jw.dat
H-H,0.51,sto-6g,2,2,4,fermionic_commutation_then_JW,23,32,2,1,5,0.030848493063422692,6.661338147750939e-16,/Users/a_lee/Repos/qhat/demo_L_sweep_library/H-H/0.51/sto-6g/H-H_0.51_sto-6g_as-002-002_jw.dat
H-H,0.51,sto-6g,2,2,4,fermionic_commutation_then_JW,23,32,2,1,10,0.015389075148593374,6.661338147750939e-16,/Users/a_lee/Repos/qhat/demo_L_sweep_library/H-H/0.51/sto-6g/H-H_0.51_sto-6g_as-002-002_jw.dat
H-H,0.51,sto-6g,2,2,4,fermionic_commutation_then_JW,23,32,2,2,1,0.06489837071960733,6.661338147750939e-16,/Users/a_lee/Repos/qhat/demo_L_sweep_library/H-H/0.51/sto-6g/H-H_0.51_sto-6g_as-002-002_jw.dat
H-H,0.51,sto-6g,2,2,4,fermionic_commutation_then_JW,23,32,2,2,2,0.015070323243878523,6.661338147750939e-16,/Users/a_lee/Repos/qhat/demo_L_sweep_library/H-H/0.51/sto-6g/H-H_0.51_sto-6g_as-002-002_jw.dat
H-H,0.51,sto-6g,2,2,4,fermionic_commutation_then_JW,23,32,2,2,5,0.002365230771313755,6.661338147750939e-16,/Users/a_lee/Repos/qhat/demo_L_sweep_library/H-H/0.51/sto-6g/H-H_0.51_sto-6g_as-002-002_jw.dat
H-H,0.51,sto-6g,2,2,4,fermionic_commutation_then_JW,23,32,2,2,10,0.0005897091085537665,6.661338147750939e-16,/Users/a_lee/Repos/qhat/demo_L_sweep_library/H-H/0.51/sto-6g/H-H_0.51_sto-6g_as-002-002_jw.dat
H-H,0.51,sto-6g,2,2,4,JW_Pauli_string_commutation,15,16,2,1,1,0.16711270050196148,6.661338147750939e-16,/Users/a_lee/Repos/qhat/demo_L_sweep_library/H-H/0.51/sto-6g/H-H_0.51_sto-6g_as-002-002_jw.dat
H-H,0.51,sto-6g,2,2,4,JW_Pauli_string_commutation,15,16,2,1,2,0.07839090370226369,6.661338147750939e-16,/Users/a_lee/Repos/qhat/demo_L_sweep_library/H-H/0.51/sto-6g/H-H_0.51_sto-6g_as-002-002_jw.dat
H-H,0.51,sto-6g,2,2,4,JW_Pauli_string_commutation,15,16,2,1,5,0.0308484930634225,6.661338147750939e-16,/Users/a_lee/Repos/qhat/demo_L_sweep_library/H-H/0.51/sto-6g/H-H_0.51_sto-6g_as-002-002_jw.dat
H-H,0.51,sto-6g,2,2,4,JW_Pauli_string_commutation,15,16,2,1,10,0.01538907514859375,6.661338147750939e-16,/Users/a_lee/Repos/qhat/demo_L_sweep_library/H-H/0.51/sto-6g/H-H_0.51_sto-6g_as-002-002_jw.dat
H-H,0.51,sto-6g,2,2,4,JW_Pauli_string_commutation,15,16,2,2,1,0.03600915891418935,6.661338147750939e-16,/Users/a_lee/Repos/qhat/demo_L_sweep_library/H-H/0.51/sto-6g/H-H_0.51_sto-6g_as-002-002_jw.dat
H-H,0.51,sto-6g,2,2,4,JW_Pauli_string_commutation,15,16,2,2,2,0.007988362342310453,6.661338147750939e-16,/Users/a_lee/Repos/qhat/demo_L_sweep_library/H-H/0.51/sto-6g/H-H_0.51_sto-6g_as-002-002_jw.dat
H-H,0.51,sto-6g,2,2,4,JW_Pauli_string_commutation,15,16,2,2,5,0.001238351403588203,6.661338147750939e-16,/Users/a_lee/Repos/qhat/demo_L_sweep_library/H-H/0.51/sto-6g/H-H_0.51_sto-6g_as-002-002_jw.dat
H-H,0.51,sto-6g,2,2,4,JW_Pauli_string_commutation,15,16,2,2,10,0.0003082112597043486,6.661338147750939e-16,/Users/a_lee/Repos/qhat/demo_L_sweep_library/H-H/0.51/sto-6g/H-H_0.51_sto-6g_as-002-002_jw.dat
H-H,0.7,hgbs-5,2,2,4,fermionic_commutation_then_JW,23,32,2,1,1,0.01633323443219118,6.661338147750939e-16,/Users/a_lee/Repos/qhat/demo_L_sweep_library/H-H/0.70/hgbs-5/H-H_0.70_hgbs-5_as-002-002_jw.dat
H-H,0.7,hgbs-5,2,2,4,fermionic_commutation_then_JW,23,32,2,1,2,0.00802002892176702,6.661338147750939e-16,/Users/a_lee/Repos/qhat/demo_L_sweep_library/H-H/0.70/hgbs-5/H-H_0.70_hgbs-5_as-002-002_jw.dat
H-H,0.7,hgbs-5,2,2,4,fermionic_commutation_then_JW,23,32,2,1,5,0.0031922834941996354,6.661338147750939e-16,/Users/a_lee/Repos/qhat/demo_L_sweep_library/H-H/0.70/hgbs-5/H-H_0.70_hgbs-5_as-002-002_jw.dat
H-H,0.7,hgbs-5,2,2,4,fermionic_commutation_then_JW,23,32,2,1,10,0.0015950300927706491,6.661338147750939e-16,/Users/a_lee/Repos/qhat/demo_L_sweep_library/H-H/0.70/hgbs-5/H-H_0.70_hgbs-5_as-002-002_jw.dat
H-H,0.7,hgbs-5,2,2,4,fermionic_commutation_then_JW,23,32,2,2,1,0.003530534450285175,6.661338147750939e-16,/Users/a_lee/Repos/qhat/demo_L_sweep_library/H-H/0.70/hgbs-5/H-H_0.70_hgbs-5_as-002-002_jw.dat
H-H,0.7,hgbs-5,2,2,4,fermionic_commutation_then_JW,23,32,2,2,2,0.0008638225287779755,6.661338147750939e-16,/Users/a_lee/Repos/qhat/demo_L_sweep_library/H-H/0.70/hgbs-5/H-H_0.70_hgbs-5_as-002-002_jw.dat
H-H,0.7,hgbs-5,2,2,4,fermionic_commutation_then_JW,23,32,2,2,5,0.00013740085739443155,6.661338147750939e-16,/Users/a_lee/Repos/qhat/demo_L_sweep_library/H-H/0.70/hgbs-5/H-H_0.70_hgbs-5_as-002-002_jw.dat
H-H,0.7,hgbs-5,2,2,4,fermionic_commutation_then_JW,23,32,2,2,10,3.432153302515008e-05,6.661338147750939e-16,/Users/a_lee/Repos/qhat/demo_L_sweep_library/H-H/0.70/hgbs-5/H-H_0.70_hgbs-5_as-002-002_jw.dat
H-H,0.7,hgbs-5,2,2,4,JW_Pauli_string_commutation,15,16,2,1,1,0.016333234432190986,6.661338147750939e-16,/Users/a_lee/Repos/qhat/demo_L_sweep_library/H-H/0.70/hgbs-5/H-H_0.70_hgbs-5_as-002-002_jw.dat
H-H,0.7,hgbs-5,2,2,4,JW_Pauli_string_commutation,15,16,2,1,2,0.00802002892176694,6.661338147750939e-16,/Users/a_lee/Repos/qhat/demo_L_sweep_library/H-H/0.70/hgbs-5/H-H_0.70_hgbs-5_as-002-002_jw.dat
H-H,0.7,hgbs-5,2,2,4,JW_Pauli_string_commutation,15,16,2,1,5,0.003192283494200439,6.661338147750939e-16,/Users/a_lee/Repos/qhat/demo_L_sweep_library/H-H/0.70/hgbs-5/H-H_0.70_hgbs-5_as-002-002_jw.dat
H-H,0.7,hgbs-5,2,2,4,JW_Pauli_string_commutation,15,16,2,1,10,0.001595030092772976,6.661338147750939e-16,/Users/a_lee/Repos/qhat/demo_L_sweep_library/H-H/0.70/hgbs-5/H-H_0.70_hgbs-5_as-002-002_jw.dat
H-H,0.7,hgbs-5,2,2,4,JW_Pauli_string_commutation,15,16,2,2,1,0.0018083842526817409,6.661338147750939e-16,/Users/a_lee/Repos/qhat/demo_L_sweep_library/H-H/0.70/hgbs-5/H-H_0.70_hgbs-5_as-002-002_jw.dat
H-H,0.7,hgbs-5,2,2,4,JW_Pauli_string_commutation,15,16,2,2,2,0.00043556533997408253,6.661338147750939e-16,/Users/a_lee/Repos/qhat/demo_L_sweep_library/H-H/0.70/hgbs-5/H-H_0.70_hgbs-5_as-002-002_jw.dat
H-H,0.7,hgbs-5,2,2,4,JW_Pauli_string_commutation,15,16,2,2,5,6.898095640120601e-05,6.661338147750939e-16,/Users/a_lee/Repos/qhat/demo_L_sweep_library/H-H/0.70/hgbs-5/H-H_0.70_hgbs-5_as-002-002_jw.dat
H-H,0.7,hgbs-5,2,2,4,JW_Pauli_string_commutation,15,16,2,2,10,1.7220165741491594e-05,6.661338147750939e-16,/Users/a_lee/Repos/qhat/demo_L_sweep_library/H-H/0.70/hgbs-5/H-H_0.70_hgbs-5_as-002-002_jw.dat
H-H,0.7,hgbs-5,2,4,6,fermionic_commutation_then_JW,85,1592,7,1,1,0.06634678527046094,9.486118803277105e-16,/Users/a_lee/Repos/qhat/demo_L_sweep_library/H-H/0.70/hgbs-5/H-H_0.70_hgbs-5_as-002-004_jw.dat
H-H,0.7,hgbs-5,2,4,6,fermionic_commutation_then_JW,85,1592,7,1,2,0.03265516979684892,9.486118803277105e-16,/Users/a_lee/Repos/qhat/demo_L_sweep_library/H-H/0.70/hgbs-5/H-H_0.70_hgbs-5_as-002-004_jw.dat
H-H,0.7,hgbs-5,2,4,6,fermionic_commutation_then_JW,85,1592,7,1,5,0.012714522574939381,9.486118803277105e-16,/Users/a_lee/Repos/qhat/demo_L_sweep_library/H-H/0.70/hgbs-5/H-H_0.70_hgbs-5_as-002-004_jw.dat
H-H,0.7,hgbs-5,2,4,6,fermionic_commutation_then_JW,85,1592,7,1,10,0.006281608898229257,9.486118803277105e-16,/Users/a_lee/Repos/qhat/demo_L_sweep_library/H-H/0.70/hgbs-5/H-H_0.70_hgbs-5_as-002-004_jw.dat
H-H,0.7,hgbs-5,2,4,6,fermionic_commutation_then_JW,85,1592,7,2,1,0.014083215538204326,9.486118803277105e-16,/Users/a_lee/Repos/qhat/demo_L_sweep_library/H-H/0.70/hgbs-5/H-H_0.70_hgbs-5_as-002-004_jw.dat
H-H,0.7,hgbs-5,2,4,6,fermionic_commutation_then_JW,85,1592,7,2,2,0.003651784326775923,9.486118803277105e-16,/Users/a_lee/Repos/qhat/demo_L_sweep_library/H-H/0.70/hgbs-5/H-H_0.70_hgbs-5_as-002-004_jw.dat
H-H,0.7,hgbs-5,2,4,6,fermionic_commutation_then_JW,85,1592,7,2,5,0.0005902267810836435,9.486118803277105e-16,/Users/a_lee/Repos/qhat/demo_L_sweep_library/H-H/0.70/hgbs-5/H-H_0.70_hgbs-5_as-002-004_jw.dat
H-H,0.7,hgbs-5,2,4,6,fermionic_commutation_then_JW,85,1592,7,2,10,0.0001477695321553155,9.486118803277105e-16,/Users/a_lee/Repos/qhat/demo_L_sweep_library/H-H/0.70/hgbs-5/H-H_0.70_hgbs-5_as-002-004_jw.dat
H-H,0.7,hgbs-5,2,4,6,JW_Pauli_string_commutation,62,760,6,1,1,0.06818106425802342,9.486118803277105e-16,/Users/a_lee/Repos/qhat/demo_L_sweep_library/H-H/0.70/hgbs-5/H-H_0.70_hgbs-5_as-002-004_jw.dat
H-H,0.7,hgbs-5,2,4,6,JW_Pauli_string_commutation,62,760,6,1,2,0.033819384973822315,9.486118803277105e-16,/Users/a_lee/Repos/qhat/demo_L_sweep_library/H-H/0.70/hgbs-5/H-H_0.70_hgbs-5_as-002-004_jw.dat
H-H,0.7,hgbs-5,2,4,6,JW_Pauli_string_commutation,62,760,6,1,5,0.013484312645694307,9.486118803277105e-16,/Users/a_lee/Repos/qhat/demo_L_sweep_library/H-H/0.70/hgbs-5/H-H_0.70_hgbs-5_as-002-004_jw.dat
H-H,0.7,hgbs-5,2,4,6,JW_Pauli_string_commutation,62,760,6,1,10,0.006736511439799169,9.486118803277105e-16,/Users/a_lee/Repos/qhat/demo_L_sweep_library/H-H/0.70/hgbs-5/H-H_0.70_hgbs-5_as-002-004_jw.dat
H-H,0.7,hgbs-5,2,4,6,JW_Pauli_string_commutation,62,760,6,2,1,0.005728178722083922,9.486118803277105e-16,/Users/a_lee/Repos/qhat/demo_L_sweep_library/H-H/0.70/hgbs-5/H-H_0.70_hgbs-5_as-002-004_jw.dat
H-H,0.7,hgbs-5,2,4,6,JW_Pauli_string_commutation,62,760,6,2,2,0.0014035220329070845,9.486118803277105e-16,/Users/a_lee/Repos/qhat/demo_L_sweep_library/H-H/0.70/hgbs-5/H-H_0.70_hgbs-5_as-002-004_jw.dat
H-H,0.7,hgbs-5,2,4,6,JW_Pauli_string_commutation,62,760,6,2,5,0.00022333262273548527,9.486118803277105e-16,/Users/a_lee/Repos/qhat/demo_L_sweep_library/H-H/0.70/hgbs-5/H-H_0.70_hgbs-5_as-002-004_jw.dat
H-H,0.7,hgbs-5,2,4,6,JW_Pauli_string_commutation,62,760,6,2,10,5.578959540205391e-05,9.486118803277105e-16,/Users/a_lee/Repos/qhat/demo_L_sweep_library/H-H/0.70/hgbs-5/H-H_0.70_hgbs-5_as-002-004_jw.dat
H-H,0.7,sto-6g,2,2,4,fermionic_commutation_then_JW,23,32,2,1,1,0.13835298365475093,1.1102230246251565e-16,/Users/a_lee/Repos/qhat/demo_L_sweep_library/H-H/0.70/sto-6g/H-H_0.70_sto-6g_as-002-002_jw.dat
H-H,0.7,sto-6g,2,2,4,fermionic_commutation_then_JW,23,32,2,1,2,0.06694899109403589,1.1102230246251565e-16,/Users/a_lee/Repos/qhat/demo_L_sweep_library/H-H/0.70/sto-6g/H-H_0.70_sto-6g_as-002-002_jw.dat
H-H,0.7,sto-6g,2,2,4,fermionic_commutation_then_JW,23,32,2,1,5,0.026544755698336732,1.1102230246251565e-16,/Users/a_lee/Repos/qhat/demo_L_sweep_library/H-H/0.70/sto-6g/H-H_0.70_sto-6g_as-002-002_jw.dat
H-H,0.7,sto-6g,2,2,4,fermionic_commutation_then_JW,23,32,2,1,10,0.013255850139279669,1.1102230246251565e-16,/Users/a_lee/Repos/qhat/demo_L_sweep_library/H-H/0.70/sto-6g/H-H_0.70_sto-6g_as-002-002_jw.dat
H-H,0.7,sto-6g,2,2,4,fermionic_commutation_then_JW,23,32,2,2,1,0.03914486053119667,1.1102230246251565e-16,/Users/a_lee/Repos/qhat/demo_L_sweep_library/H-H/0.70/sto-6g/H-H_0.70_sto-6g_as-002-002_jw.dat
H-H,0.7,sto-6g,2,2,4,fermionic_commutation_then_JW,23,32,2,2,2,0.00942008240448589,1.1102230246251565e-16,/Users/a_lee/Repos/qhat/demo_L_sweep_library/H-H/0.70/sto-6g/H-H_0.70_sto-6g_as-002-002_jw.dat
H-H,0.7,sto-6g,2,2,4,fermionic_commutation_then_JW,23,32,2,2,5,0.00149166454736855,1.1102230246251565e-16,/Users/a_lee/Repos/qhat/demo_L_sweep_library/H-H/0.70/sto-6g/H-H_0.70_sto-6g_as-002-002_jw.dat
H-H,0.7,sto-6g,2,2,4,fermionic_commutation_then_JW,23,32,2,2,10,0.0003723680821318007,1.1102230246251565e-16,/Users/a_lee/Repos/qhat/demo_L_sweep_library/H-H/0.70/sto-6g/H-H_0.70_sto-6g_as-002-002_jw.dat
H-H,0.7,sto-6g,2,2,4,JW_Pauli_string_commutation,15,16,2,1,1,0.13835298365475102,1.1102230246251565e-16,/Users/a_lee/Repos/qhat/demo_L_sweep_library/H-H/0.70/sto-6g/H-H_0.70_sto-6g_as-002-002_jw.dat
H-H,0.7,sto-6g,2,2,4,JW_Pauli_string_commutation,15,16,2,1,2,0.06694899109403589,1.1102230246251565e-16,/Users/a_lee/Repos/qhat/demo_L_sweep_library/H-H/0.70/sto-6g/H-H_0.70_sto-6g_as-002-002_jw.dat
H-H,0.7,sto-6g,2,2,4,JW_Pauli_string_commutation,15,16,2,1,5,0.02654475569833618,1.1102230246251565e-16,/Users/a_lee/Repos/qhat/demo_L_sweep_library/H-H/0.70/sto-6g/H-H_0.70_sto-6g_as-002-002_jw.dat
H-H,0.7,sto-6g,2,2,4,JW_Pauli_string_commutation,15,16,2,1,10,0.013255850139279988,1.1102230246251565e-16,/Users/a_lee/Repos/qhat/demo_L_sweep_library/H-H/0.70/sto-6g/H-H_0.70_sto-6g_as-002-002_jw.dat
H-H,0.7,sto-6g,2,2,4,JW_Pauli_string_commutation,15,16,2,2,1,0.02186973629370428,1.1102230246251565e-16,/Users/a_lee/Repos/qhat/demo_L_sweep_library/H-H/0.70/sto-6g/H-H_0.70_sto-6g_as-002-002_jw.dat
H-H,0.7,sto-6g,2,2,4,JW_Pauli_string_commutation,15,16,2,2,2,0.005151191101482471,1.1102230246251565e-16,/Users/a_lee/Repos/qhat/demo_L_sweep_library/H-H/0.70/sto-6g/H-H_0.70_sto-6g_as-002-002_jw.dat
H-H,0.7,sto-6g,2,2,4,JW_Pauli_string_commutation,15,16,2,2,5,0.0008108882747833297,1.1102230246251565e-16,/Users/a_lee/Repos/qhat/demo_L_sweep_library/H-H/0.70/sto-6g/H-H_0.70_sto-6g_as-002-002_jw.dat
H-H,0.7,sto-6g,2,2,4,JW_Pauli_string_commutation,15,16,2,2,10,0.000202254299305785,1.1102230246251565e-16,/Users/a_lee/Repos/qhat/demo_L_sweep_library/H-H/0.70/sto-6g/H-H_0.70_sto-6g_as-002-002_jw.dat
H-H,0.9,hgbs-5,2,2,4,fermionic_commutation_then_JW,23,32,2,1,1,0.021922785733821927,6.661338147750939e-16,/Users/a_lee/Repos/qhat/demo_L_sweep_library/H-H/0.90/hgbs-5/H-H_0.90_hgbs-5_as-002-002_jw.dat
H-H,0.9,hgbs-5,2,2,4,fermionic_commutation_then_JW,23,32,2,1,2,0.010835830889662232,6.661338147750939e-16,/Users/a_lee/Repos/qhat/demo_L_sweep_library/H-H/0.90/hgbs-5/H-H_0.90_hgbs-5_as-002-002_jw.dat
H-H,0.9,hgbs-5,2,2,4,fermionic_commutation_then_JW,23,32,2,1,5,0.004320640177309048,6.661338147750939e-16,/Users/a_lee/Repos/qhat/demo_L_sweep_library/H-H/0.90/hgbs-5/H-H_0.90_hgbs-5_as-002-002_jw.dat
H-H,0.9,hgbs-5,2,2,4,fermionic_commutation_then_JW,23,32,2,1,10,0.0021593485150149558,6.661338147750939e-16,/Users/a_lee/Repos/qhat/demo_L_sweep_library/H-H/0.90/hgbs-5/H-H_0.90_hgbs-5_as-002-002_jw.dat
H-H,0.9,hgbs-5,2,2,4,fermionic_commutation_then_JW,23,32,2,2,1,0.0037937811323845052,6.661338147750939e-16,/Users/a_lee/Repos/qhat/demo_L_sweep_library/H-H/0.90/hgbs-5/H-H_0.90_hgbs-5_as-002-002_jw.dat
H-H,0.9,hgbs-5,2,2,4,fermionic_commutation_then_JW,23,32,2,2,2,0.0009355181968226688,6.661338147750939e-16,/Users/a_lee/Repos/qhat/demo_L_sweep_library/H-H/0.90/hgbs-5/H-H_0.90_hgbs-5_as-002-002_jw.dat
H-H,0.9,hgbs-5,2,2,4,fermionic_commutation_then_JW,23,32,2,2,5,0.00014911754178195607,6.661338147750939e-16,/Users/a_lee/Repos/qhat/demo_L_sweep_library/H-H/0.90/hgbs-5/H-H_0.90_hgbs-5_as-002-002_jw.dat
H-H,0.9,hgbs-5,2,2,4,fermionic_commutation_then_JW,23,32,2,2,10,3.725931342713382e-05,6.661338147750939e-16,/Users/a_lee/Repos/qhat/demo_L_sweep_library/H-H/0.90/hgbs-5/H-H_0.90_hgbs-5_as-002-002_jw.dat
H-H,0.9,hgbs-5,2,2,4,JW_Pauli_string_commutation,15,16,2,1,1,0.021922785733821937,6.661338147750939e-16,/Users/a_lee/Repos/qhat/demo_L_sweep_library/H-H/0.90/hgbs-5/H-H_0.90_hgbs-5_as-002-002_jw.dat
H-H,0.9,hgbs-5,2,2,4,JW_Pauli_string_commutation,15,16,2,1,2,0.010835830889662052,6.661338147750939e-16,/Users/a_lee/Repos/qhat/demo_L_sweep_library/H-H/0.90/hgbs-5/H-H_0.90_hgbs-5_as-002-002_jw.dat
H-H,0.9,hgbs-5,2,2,4,JW_Pauli_string_commutation,15,16,2,1,5,0.004320640177309064,6.661338147750939e-16,/Users/a_lee/Repos/qhat/demo_L_sweep_library/H-H/0.90/hgbs-5/H-H_0.90_hgbs-5_as-002-002_jw.dat
H-H,0.9,hgbs-5,2,2,4,JW_Pauli_string_commutation,15,16,2,1,10,0.0021593485150141287,6.661338147750939e-16,/Users/a_lee/Repos/qhat/demo_L_sweep_library/H-H/0.90/hgbs-5/H-H_0.90_hgbs-5_as-002-002_jw.dat
H-H,0.9,hgbs-5,2,2,4,JW_Pauli_string_commutation,15,16,2,2,1,0.001947672596356518,6.661338147750939e-16,/Users/a_lee/Repos/qhat/demo_L_sweep_library/H-H/0.90/hgbs-5/H-H_0.90_hgbs-5_as-002-002_jw.dat
H-H,0.9,hgbs-5,2,2,4,JW_Pauli_string_commutation,15,16,2,2,2,0.0004756148232250157,6.661338147750939e-16,/Users/a_lee/Repos/qhat/demo_L_sweep_library/H-H/0.90/hgbs-5/H-H_0.90_hgbs-5_as-002-002_jw.dat
H-H,0.9,hgbs-5,2,2,4,JW_Pauli_string_commutation,15,16,2,2,5,7.560541736825517e-05,6.661338147750939e-16,/Users/a_lee/Repos/qhat/demo_L_sweep_library/H-H/0.90/hgbs-5/H-H_0.90_hgbs-5_as-002-002_jw.dat
H-H,0.9,hgbs-5,2,2,4,JW_Pauli_string_commutation,15,16,2,2,10,1.8883865633670374e-05,6.661338147750939e-16,/Users/a_lee/Repos/qhat/demo_L_sweep_library/H-H/0.90/hgbs-5/H-H_0.90_hgbs-5_as-002-002_jw.dat
H-H,0.9,hgbs-5,2,4,6,fermionic_commutation_then_JW,85,1592,7,1,1,0.06233349470784486,1.4432899320127035e-15,/Users/a_lee/Repos/qhat/demo_L_sweep_library/H-H/0.90/hgbs-5/H-H_0.90_hgbs-5_as-002-004_jw.dat
H-H,0.9,hgbs-5,2,4,6,fermionic_commutation_then_JW,85,1592,7,1,2,0.030583637218284162,1.4432899320127035e-15,/Users/a_lee/Repos/qhat/demo_L_sweep_library/H-H/0.90/hgbs-5/H-H_0.90_hgbs-5_as-002-004_jw.dat
H-H,0.9,hgbs-5,2,4,6,fermionic_commutation_then_JW,85,1592,7,1,5,0.011881482425742315,1.4432899320127035e-15,/Users/a_lee/Repos/qhat/demo_L_sweep_library/H-H/0.90/hgbs-5/H-H_0.90_hgbs-5_as-002-004_jw.dat
H-H,0.9,hgbs-5,2,4,6,fermionic_commutation_then_JW,85,1592,7,1,10,0.005865178674489072,1.4432899320127035e-15,/Users/a_lee/Repos/qhat/demo_L_sweep_library/H-H/0.90/hgbs-5/H-H_0.90_hgbs-5_as-002-004_jw.dat
H-H,0.9,hgbs-5,2,4,6,fermionic_commutation_then_JW,85,1592,7,2,1,0.012364977460999167,1.4432899320127035e-15,/Users/a_lee/Repos/qhat/demo_L_sweep_library/H-H/0.90/hgbs-5/H-H_0.90_hgbs-5_as-002-004_jw.dat
H-H,0.9,hgbs-5,2,4,6,fermionic_commutation_then_JW,85,1592,7,2,2,0.003204753736345375,1.4432899320127035e-15,/Users/a_lee/Repos/qhat/demo_L_sweep_library/H-H/0.90/hgbs-5/H-H_0.90_hgbs-5_as-002-004_jw.dat
H-H,0.9,hgbs-5,2,4,6,fermionic_commutation_then_JW,85,1592,7,2,5,0.0005179005836024826,1.4432899320127035e-15,/Users/a_lee/Repos/qhat/demo_L_sweep_library/H-H/0.90/hgbs-5/H-H_0.90_hgbs-5_as-002-004_jw.dat
H-H,0.9,hgbs-5,2,4,6,fermionic_commutation_then_JW,85,1592,7,2,10,0.0001296592044315242,1.4432899320127035e-15,/Users/a_lee/Repos/qhat/demo_L_sweep_library/H-H/0.90/hgbs-5/H-H_0.90_hgbs-5_as-002-004_jw.dat
H-H,0.9,hgbs-5,2,4,6,JW_Pauli_string_commutation,62,760,6,1,1,0.0579625259254308,1.4432899320127035e-15,/Users/a_lee/Repos/qhat/demo_L_sweep_library/H-H/0.90/hgbs-5/H-H_0.90_hgbs-5_as-002-004_jw.dat
H-H,0.9,hgbs-5,2,4,6,JW_Pauli_string_commutation,62,760,6,1,2,0.028784203167460776,1.4432899320127035e-15,/Users/a_lee/Repos/qhat/demo_L_sweep_library/H-H/0.90/hgbs-5/H-H_0.90_hgbs-5_as-002-004_jw.dat
H-H,0.9,hgbs-5,2,4,6,JW_Pauli_string_commutation,62,760,6,1,5,0.011480025145623084,1.4432899320127035e-15,/Users/a_lee/Repos/qhat/demo_L_sweep_library/H-H/0.90/hgbs-5/H-H_0.90_hgbs-5_as-002-004_jw.dat
H-H,0.9,hgbs-5,2,4,6,JW_Pauli_string_commutation,62,760,6,1,10,0.005735384569262965,1.4432899320127035e-15,/Users/a_lee/Repos/qhat/demo_L_sweep_library/H-H/0.90/hgbs-5/H-H_0.90_hgbs-5_as-002-004_jw.dat
H-H,0.9,hgbs-5,2,4,6,JW_Pauli_string_commutation,62,760,6,2,1,0.004889958188398458,1.4432899320127035e-15,/Users/a_lee/Repos/qhat/demo_L_sweep_library/H-H/0.90/hgbs-5/H-H_0.90_hgbs-5_as-002-004_jw.dat
H-H,0.9,hgbs-5,2,4,6,JW_Pauli_string_commutation,62,760,6,2,2,0.0012034133500903627,1.4432899320127035e-15,/Users/a_lee/Repos/qhat/demo_L_sweep_library/H-H/0.90/hgbs-5/H-H_0.90_hgbs-5_as-002-004_jw.dat
H-H,0.9,hgbs-5,2,4,6,JW_Pauli_string_commutation,62,760,6,2,5,0.00019171693905126611,1.4432899320127035e-15,/Users/a_lee/Repos/qhat/demo_L_sweep_library/H-H/0.90/hgbs-5/H-H_0.90_hgbs-5_as-002-004_jw.dat
H-H,0.9,hgbs-5,2,4,6,JW_Pauli_string_commutation,62,760,6,2,10,4.7899840152733594e-05,1.4432899320127035e-15,/Users/a_lee/Repos/qhat/demo_L_sweep_library/H-H/0.90/hgbs-5/H-H_0.90_hgbs-5_as-002-004_jw.dat
H-H,0.9,sto-6g,2,2,4,fermionic_commutation_then_JW,23,32,2,1,1,0.11317067786724357,3.3306690738754696e-16,/Users/a_lee/Repos/qhat/demo_L_sweep_library/H-H/0.90/sto-6g/H-H_0.90_sto-6g_as-002-002_jw.dat
H-H,0.9,sto-6g,2,2,4,fermionic_commutation_then_JW,23,32,2,1,2,0.05555627167521992,3.3306690738754696e-16,/Users/a_lee/Repos/qhat/demo_L_sweep_library/H-H/0.90/sto-6g/H-H_0.90_sto-6g_as-002-002_jw.dat
H-H,0.9,sto-6g,2,2,4,fermionic_commutation_then_JW,23,32,2,1,5,0.022110247325615527,3.3306690738754696e-16,/Users/a_lee/Repos/qhat/demo_L_sweep_library/H-H/0.90/sto-6g/H-H_0.90_sto-6g_as-002-002_jw.dat
H-H,0.9,sto-6g,2,2,4,fermionic_commutation_then_JW,23,32,2,1,10,0.011047157625481856,3.3306690738754696e-16,/Users/a_lee/Repos/qhat/demo_L_sweep_library/H-H/0.90/sto-6g/H-H_0.90_sto-6g_as-002-002_jw.dat
H-H,0.9,sto-6g,2,2,4,fermionic_commutation_then_JW,23,32,2,2,1,0.023883394656853015,3.3306690738754696e-16,/Users/a_lee/Repos/qhat/demo_L_sweep_library/H-H/0.90/sto-6g/H-H_0.90_sto-6g_as-002-002_jw.dat
H-H,0.9,sto-6g,2,2,4,fermionic_commutation_then_JW,23,32,2,2,2,0.0058449288749859085,3.3306690738754696e-16,/Users/a_lee/Repos/qhat/demo_L_sweep_library/H-H/0.90/sto-6g/H-H_0.90_sto-6g_as-002-002_jw.dat
H-H,0.9,sto-6g,2,2,4,fermionic_commutation_then_JW,23,32,2,2,5,0.0009296721564397692,3.3306690738754696e-16,/Users/a_lee/Repos/qhat/demo_L_sweep_library/H-H/0.90/sto-6g/H-H_0.90_sto-6g_as-002-002_jw.dat
H-H,0.9,sto-6g,2,2,4,fermionic_commutation_then_JW,23,32,2,2,10,0.00023222212836463655,3.3306690738754696e-16,/Users/a_lee/Repos/qhat/demo_L_sweep_library/H-H/0.90/sto-6g/H-H_0.90_sto-6g_as-002-002_jw.dat
H-H,0.9,sto-6g,2,2,4,JW_Pauli_string_commutation,15,16,2,1,1,0.11317067786724357,3.3306690738754696e-16,/Users/a_lee/Repos/qhat/demo_L_sweep_library/H-H/0.90/sto-6g/H-H_0.90_sto-6g_as-002-002_jw.dat
H-H,0.9,sto-6g,2,2,4,JW_Pauli_string_commutation,15,16,2,1,2,0.05555627167521997,3.3306690738754696e-16,/Users/a_lee/Repos/qhat/demo_L_sweep_library/H-H/0.90/sto-6g/H-H_0.90_sto-6g_as-002-002_jw.dat
H-H,0.9,sto-6g,2,2,4,JW_Pauli_string_commutation,15,16,2,1,5,0.02211024732561505,3.3306690738754696e-16,/Users/a_lee/Repos/qhat/demo_L_sweep_library/H-H/0.90/sto-6g/H-H_0.90_sto-6g_as-002-002_jw.dat
H-H,0.9,sto-6g,2,2,4,JW_Pauli_string_commutation,15,16,2,1,10,0.011047157625480905,3.3306690738754696e-16,/Users/a_lee/Repos/qhat/demo_L_sweep_library/H-H/0.90/sto-6g/H-H_0.90_sto-6g_as-002-002_jw.dat
H-H,0.9,sto-6g,2,2,4,JW_Pauli_string_commutation,15,16,2,2,1,0.014066974678848676,3.3306690738754696e-16,/Users/a_lee/Repos/qhat/demo_L_sweep_library/H-H/0.90/sto-6g/H-H_0.90_sto-6g_as-002-002_jw.dat
H-H,0.9,sto-6g,2,2,4,JW_Pauli_string_commutation,15,16,2,2,2,0.0034094981921528244,3.3306690738754696e-16,/Users/a_lee/Repos/qhat/demo_L_sweep_library/H-H/0.90/sto-6g/H-H_0.90_sto-6g_as-002-002_jw.dat
H-H,0.9,sto-6g,2,2,4,JW_Pauli_string_commutation,15,16,2,2,5,0.0005408486389557966,3.3306690738754696e-16,/Users/a_lee/Repos/qhat/demo_L_sweep_library/H-H/0.90/sto-6g/H-H_0.90_sto-6g_as-002-002_jw.dat
H-H,0.9,sto-6g,2,2,4,JW_Pauli_string_commutation,15,16,2,2,10,0.00013504651080334788,3.3306690738754696e-16,/Users/a_lee/Repos/qhat/demo_L_sweep_library/H-H/0.90/sto-6g/H-H_0.90_sto-6g_as-002-002_jw.dat
He-H,0.62,hgbs-5,1,1,2,fermionic_commutation_then_JW,5,0,1,1,1,8.886119947416683e-16,8.881784197001252e-16,/Users/a_lee/Repos/qhat/demo_L_sweep_library/He-H/0.62/hgbs-5/He-H_0.62_hgbs-5_as-001-001_jw.dat
He-H,0.62,hgbs-5,1,1,2,fermionic_commutation_then_JW,5,0,1,1,2,8.675560052622146e-16,8.881784197001252e-16,/Users/a_lee/Repos/qhat/demo_L_sweep_library/He-H/0.62/hgbs-5/He-H_0.62_hgbs-5_as-001-001_jw.dat
He-H,0.62,hgbs-5,1,1,2,fermionic_commutation_then_JW,5,0,1,1,5,1.2412670766236366e-15,8.881784197001252e-16,/Users/a_lee/Repos/qhat/demo_L_sweep_library/He-H/0.62/hgbs-5/He-H_0.62_hgbs-5_as-001-001_jw.dat
He-H,0.62,hgbs-5,1,1,2,fermionic_commutation_then_JW,5,0,1,1,10,1.2412670766236366e-15,8.881784197001252e-16,/Users/a_lee/Repos/qhat/demo_L_sweep_library/He-H/0.62/hgbs-5/He-H_0.62_hgbs-5_as-001-001_jw.dat
He-H,0.62,hgbs-5,1,1,2,fermionic_commutation_then_JW,5,0,1,2,1,8.675560052622146e-16,8.881784197001252e-16,/Users/a_lee/Repos/qhat/demo_L_sweep_library/He-H/0.62/hgbs-5/He-H_0.62_hgbs-5_as-001-001_jw.dat
He-H,0.62,hgbs-5,1,1,2,fermionic_commutation_then_JW,5,0,1,2,2,1.0532500405730103e-15,8.881784197001252e-16,/Users/a_lee/Repos/qhat/demo_L_sweep_library/He-H/0.62/hgbs-5/He-H_0.62_hgbs-5_as-001-001_jw.dat
He-H,0.62,hgbs-5,1,1,2,fermionic_commutation_then_JW,5,0,1,2,5,1.887379141862766e-15,8.881784197001252e-16,/Users/a_lee/Repos/qhat/demo_L_sweep_library/He-H/0.62/hgbs-5/He-H_0.62_hgbs-5_as-001-001_jw.dat
He-H,0.62,hgbs-5,1,1,2,fermionic_commutation_then_JW,5,0,1,2,10,2.70641769956035e-15,8.881784197001252e-16,/Users/a_lee/Repos/qhat/demo_L_sweep_library/He-H/0.62/hgbs-5/He-H_0.62_hgbs-5_as-001-001_jw.dat
He-H,0.62,hgbs-5,1,1,2,JW_Pauli_string_commutation,4,0,1,1,1,3.2487068343022356e-16,8.881784197001252e-16,/Users/a_lee/Repos/qhat/demo_L_sweep_library/He-H/0.62/hgbs-5/He-H_0.62_hgbs-5_as-001-001_jw.dat
He-H,0.62,hgbs-5,1,1,2,JW_Pauli_string_commutation,4,0,1,1,2,2.9893669801409083e-16,8.881784197001252e-16,/Users/a_lee/Repos/qhat/demo_L_sweep_library/He-H/0.62/hgbs-5/He-H_0.62_hgbs-5_as-001-001_jw.dat
He-H,0.62,hgbs-5,1,1,2,JW_Pauli_string_commutation,4,0,1,1,5,1.1496178826406325e-15,8.881784197001252e-16,/Users/a_lee/Repos/qhat/demo_L_sweep_library/He-H/0.62/hgbs-5/He-H_0.62_hgbs-5_as-001-001_jw.dat
He-H,0.62,hgbs-5,1,1,2,JW_Pauli_string_commutation,4,0,1,1,10,1.993963333964045e-15,8.881784197001252e-16,/Users/a_lee/Repos/qhat/demo_L_sweep_library/He-H/0.62/hgbs-5/He-H_0.62_hgbs-5_as-001-001_jw.dat
He-H,0.62,hgbs-5,1,1,2,JW_Pauli_string_commutation,4,0,1,2,1,2.9893669801409083e-16,8.881784197001252e-16,/Users/a_lee/Repos/qhat/demo_L_sweep_library/He-H/0.62/hgbs-5/He-H_0.62_hgbs-5_as-001-001_jw.dat
He-H,0.62,hgbs-5,1,1,2,JW_Pauli_string_commutation,4,0,1,2,2,8.895055758132639e-16,8.881784197001252e-16,/Users/a_lee/Repos/qhat/demo_L_sweep_library/He-H/0.62/hgbs-5/He-H_0.62_hgbs-5_as-001-001_jw.dat
He-H,0.62,hgbs-5,1,1,2,JW_Pauli_string_commutation,4,0,1,2,5,1.4752290795525883e-15,8.881784197001252e-16,/Users/a_lee/Repos/qhat/demo_L_sweep_library/He-H/0.62/hgbs-5/He-H_0.62_hgbs-5_as-001-001_jw.dat
He-H,0.62,hgbs-5,1,1,2,JW_Pauli_string_commutation,4,0,1,2,10,1.993963333964045e-15,8.881784197001252e-16,/Users/a_lee/Repos/qhat/demo_L_sweep_library/He-H/0.62/hgbs-5/He-H_0.62_hgbs-5_as-001-001_jw.dat
He-H,0.62,hgbs-5,1,3,4,fermionic_commutation_then_JW,33,196,4,1,1,0.005579897026717868,1.8524084187301205e-15,/Users/a_lee/Repos/qhat/demo_L_sweep_library/He-H/0.62/hgbs-5/He-H_0.62_hgbs-5_as-001-003_jw.dat
He-H,0.62,hgbs-5,1,3,4,fermionic_commutation_then_JW,33,196,4,1,2,0.0027915525767735357,1.8524084187301205e-15,/Users/a_lee/Repos/qhat/demo_L_sweep_library/He-H/0.62/hgbs-5/He-H_0.62_hgbs-5_as-001-003_jw.dat
He-H,0.62,hgbs-5,1,3,4,fermionic_commutation_then_JW,33,196,4,1,5,0.0011168006972364232,1.8524084187301205e-15,/Users/a_lee/Repos/qhat/demo_L_sweep_library/He-H/0.62/hgbs-5/He-H_0.62_hgbs-5_as-001-003_jw.dat
He-H,0.62,hgbs-5,1,3,4,fermionic_commutation_then_JW,33,196,4,1,10,0.0005584131821447236,1.8524084187301205e-15,/Users/a_lee/Repos/qhat/demo_L_sweep_library/He-H/0.62/hgbs-5/He-H_0.62_hgbs-5_as-001-003_jw.dat
He-H,0.62,hgbs-5,1,3,4,fermionic_commutation_then_JW,33,196,4,2,1,0.00018731892448123114,1.8524084187301205e-15,/Users/a_lee/Repos/qhat/demo_L_sweep_library/He-H/0.62/hgbs-5/He-H_0.62_hgbs-5_as-001-003_jw.dat
He-H,0.62,hgbs-5,1,3,4,fermionic_commutation_then_JW,33,196,4,2,2,4.684909761261609e-05,1.8524084187301205e-15,/Users/a_lee/Repos/qhat/demo_L_sweep_library/He-H/0.62/hgbs-5/He-H_0.62_hgbs-5_as-001-003_jw.dat
He-H,0.62,hgbs-5,1,3,4,fermionic_commutation_then_JW,33,196,4,2,5,7.496722456751536e-06,1.8524084187301205e-15,/Users/a_lee/Repos/qhat/demo_L_sweep_library/He-H/0.62/hgbs-5/He-H_0.62_hgbs-5_as-001-003_jw.dat
He-H,0.62,hgbs-5,1,3,4,fermionic_commutation_then_JW,33,196,4,2,10,1.8742115672159364e-06,1.8524084187301205e-15,/Users/a_lee/Repos/qhat/demo_L_sweep_library/He-H/0.62/hgbs-5/He-H_0.62_hgbs-5_as-001-003_jw.dat
He-H,0.62,hgbs-5,1,3,4,JW_Pauli_string_commutation,27,136,4,1,1,0.002416106850686202,1.8524084187301205e-15,/Users/a_lee/Repos/qhat/demo_L_sweep_library/He-H/0.62/hgbs-5/He-H_0.62_hgbs-5_as-001-003_jw.dat
He-H,0.62,hgbs-5,1,3,4,JW_Pauli_string_commutation,27,136,4,1,2,0.0012077879283031213,1.8524084187301205e-15,/Users/a_lee/Repos/qhat/demo_L_sweep_library/He-H/0.62/hgbs-5/He-H_0.62_hgbs-5_as-001-003_jw.dat
He-H,0.62,hgbs-5,1,3,4,JW_Pauli_string_commutation,27,136,4,1,5,0.0004830843378996429,1.8524084187301205e-15,/Users/a_lee/Repos/qhat/demo_L_sweep_library/He-H/0.62/hgbs-5/He-H_0.62_hgbs-5_as-001-003_jw.dat
He-H,0.62,hgbs-5,1,3,4,JW_Pauli_string_commutation,27,136,4,1,10,0.00024153976901098627,1.8524084187301205e-15,/Users/a_lee/Repos/qhat/demo_L_sweep_library/He-H/0.62/hgbs-5/He-H_0.62_hgbs-5_as-001-003_jw.dat
He-H,0.62,hgbs-5,1,3,4,JW_Pauli_string_commutation,27,136,4,2,1,4.022418022065618e-05,1.8524084187301205e-15,/Users/a_lee/Repos/qhat/demo_L_sweep_library/He-H/0.62/hgbs-5/He-H_0.62_hgbs-5_as-001-003_jw.dat
He-H,0.62,hgbs-5,1,3,4,JW_Pauli_string_commutation,27,136,4,2,2,1.0053004496935874e-05,1.8524084187301205e-15,/Users/a_lee/Repos/qhat/demo_L_sweep_library/He-H/0.62/hgbs-5/He-H_0.62_hgbs-5_as-001-003_jw.dat
He-H,0.62,hgbs-5,1,3,4,JW_Pauli_string_commutation,27,136,4,2,5,1.608344501906518e-06,1.8524084187301205e-15,/Users/a_lee/Repos/qhat/demo_L_sweep_library/He-H/0.62/hgbs-5/He-H_0.62_hgbs-5_as-001-003_jw.dat
He-H,0.62,hgbs-5,1,3,4,JW_Pauli_string_commutation,27,136,4,2,10,4.020812599961666e-07,1.8524084187301205e-15,/Users/a_lee/Repos/qhat/demo_L_sweep_library/He-H/0.62/hgbs-5/He-H_0.62_hgbs-5_as-001-003_jw.dat
He-H,0.62,hgbs-5,3,3,6,fermionic_commutation_then_JW,145,6366,16,1,1,0.14426893538071453,2.2939559553021348e-15,/Users/a_lee/Repos/qhat/demo_L_sweep_library/He-H/0.62/hgbs-5/He-H_0.62_hgbs-5_as-003-003_jw.dat
He-H,0.62,hgbs-5,3,3,6,fermionic_commutation_then_JW,145,6366,16,1,2,0.06753152586973771,2.2939559553021348e-15,/Users/a_lee/Repos/qhat/demo_L_sweep_library/He-H/0.62/hgbs-5/He-H_0.62_hgbs-5_as-003-003_jw.dat
He-H,0.62,hgbs-5,3,3,6,fermionic_commutation_then_JW,145,6366,16,1,5,0.026374314858108903,2.2939559553021348e-15,/Users/a_lee/Repos/qhat/demo_L_sweep_library/He-H/0.62/hgbs-5/He-H_0.62_hgbs-5_as-003-003_jw.dat
He-H,0.62,hgbs-5,3,3,6,fermionic_commutation_then_JW,145,6366,16,1,10,0.013111600081437911,2.2939559553021348e-15,/Users/a_lee/Repos/qhat/demo_L_sweep_library/He-H/0.62/hgbs-5/He-H_0.62_hgbs-5_as-003-003_jw.dat
He-H,0.62,hgbs-5,3,3,6,fermionic_commutation_then_JW,145,6366,16,2,1,0.038613894977044205,2.2939559553021348e-15,/Users/a_lee/Repos/qhat/demo_L_sweep_library/He-H/0.62/hgbs-5/He-H_0.62_hgbs-5_as-003-003_jw.dat
He-H,0.62,hgbs-5,3,3,6,fermionic_commutation_then_JW,145,6366,16,2,2,0.008720154652974325,2.2939559553021348e-15,/Users/a_lee/Repos/qhat/demo_L_sweep_library/He-H/0.62/hgbs-5/He-H_0.62_hgbs-5_as-003-003_jw.dat
He-H,0.62,hgbs-5,3,3,6,fermionic_commutation_then_JW,145,6366,16,2,5,0.0013610012081724501,2.2939559553021348e-15,/Users/a_lee/Repos/qhat/demo_L_sweep_library/He-H/0.62/hgbs-5/He-H_0.62_hgbs-5_as-003-003_jw.dat
He-H,0.62,hgbs-5,3,3,6,fermionic_commutation_then_JW,145,6366,16,2,10,0.00033908226604461195,2.2939559553021348e-15,/Users/a_lee/Repos/qhat/demo_L_sweep_library/He-H/0.62/hgbs-5/He-H_0.62_hgbs-5_as-003-003_jw.dat
He-H,0.62,hgbs-5,3,3,6,JW_Pauli_string_commutation,118,3060,12,1,1,0.14901392298069668,2.2939559553021348e-15,/Users/a_lee/Repos/qhat/demo_L_sweep_library/He-H/0.62/hgbs-5/He-H_0.62_hgbs-5_as-003-003_jw.dat
He-H,0.62,hgbs-5,3,3,6,JW_Pauli_string_commutation,118,3060,12,1,2,0.07086876806812135,2.2939559553021348e-15,/Users/a_lee/Repos/qhat/demo_L_sweep_library/He-H/0.62/hgbs-5/He-H_0.62_hgbs-5_as-003-003_jw.dat
He-H,0.62,hgbs-5,3,3,6,JW_Pauli_string_commutation,118,3060,12,1,5,0.02795350401020685,2.2939559553021348e-15,/Users/a_lee/Repos/qhat/demo_L_sweep_library/He-H/0.62/hgbs-5/He-H_0.62_hgbs-5_as-003-003_jw.dat
He-H,0.62,hgbs-5,3,3,6,JW_Pauli_string_commutation,118,3060,12,1,10,0.013942029640089167,2.2939559553021348e-15,/Users/a_lee/Repos/qhat/demo_L_sweep_library/He-H/0.62/hgbs-5/He-H_0.62_hgbs-5_as-003-003_jw.dat
He-H,0.62,hgbs-5,3,3,6,JW_Pauli_string_commutation,118,3060,12,2,1,0.027925243429928533,2.2939559553021348e-15,/Users/a_lee/Repos/qhat/demo_L_sweep_library/He-H/0.62/hgbs-5/He-H_0.62_hgbs-5_as-003-003_jw.dat
He-H,0.62,hgbs-5,3,3,6,JW_Pauli_string_commutation,118,3060,12,2,2,0.0061673201703552364,2.2939559553021348e-15,/Users/a_lee/Repos/qhat/demo_L_sweep_library/He-H/0.62/hgbs-5/He-H_0.62_hgbs-5_as-003-003_jw.dat
He-H,0.62,hgbs-5,3,3,6,JW_Pauli_string_commutation,118,3060,12,2,5,0.0009571406026054216,2.2939559553021348e-15,/Users/a_lee/Repos/qhat/demo_L_sweep_library/He-H/0.62/hgbs-5/He-H_0.62_hgbs-5_as-003-003_jw.dat
He-H,0.62,hgbs-5,3,3,6,JW_Pauli_string_commutation,118,3060,12,2,10,0.00023827465190069978,2.2939559553021348e-15,/Users/a_lee/Repos/qhat/demo_L_sweep_library/He-H/0.62/hgbs-5/He-H_0.62_hgbs-5_as-003-003_jw.dat
He-H,0.62,sto-6g,1,1,2,fermionic_commutation_then_JW,5,0,1,1,1,2.482534153247273e-16,0.0,/Users/a_lee/Repos/qhat/demo_L_sweep_library/He-H/0.62/sto-6g/He-H_0.62_sto-6g_as-001-001_jw.dat
He-H,0.62,sto-6g,1,1,2,fermionic_commutation_then_JW,5,0,1,1,2,2.482534153247273e-16,0.0,/Users/a_lee/Repos/qhat/demo_L_sweep_library/He-H/0.62/sto-6g/He-H_0.62_sto-6g_as-001-001_jw.dat
He-H,0.62,sto-6g,1,1,2,fermionic_commutation_then_JW,5,0,1,1,5,7.108895957933346e-16,0.0,/Users/a_lee/Repos/qhat/demo_L_sweep_library/He-H/0.62/sto-6g/He-H_0.62_sto-6g_as-001-001_jw.dat
He-H,0.62,sto-6g,1,1,2,fermionic_commutation_then_JW,5,0,1,1,10,6.753223014464258e-16,0.0,/Users/a_lee/Repos/qhat/demo_L_sweep_library/He-H/0.62/sto-6g/He-H_0.62_sto-6g_as-001-001_jw.dat
He-H,0.62,sto-6g,1,1,2,fermionic_commutation_then_JW,5,0,1,2,1,2.220446049250313e-16,0.0,/Users/a_lee/Repos/qhat/demo_L_sweep_library/He-H/0.62/sto-6g/He-H_0.62_sto-6g_as-001-001_jw.dat
He-H,0.62,sto-6g,1,1,2,fermionic_commutation_then_JW,5,0,1,2,2,3.510833468576701e-16,0.0,/Users/a_lee/Repos/qhat/demo_L_sweep_library/He-H/0.62/sto-6g/He-H_0.62_sto-6g_as-001-001_jw.dat
He-H,0.62,sto-6g,1,1,2,fermionic_commutation_then_JW,5,0,1,2,5,8.005932084973443e-16,0.0,/Users/a_lee/Repos/qhat/demo_L_sweep_library/He-H/0.62/sto-6g/He-H_0.62_sto-6g_as-001-001_jw.dat
He-H,0.62,sto-6g,1,1,2,fermionic_commutation_then_JW,5,0,1,2,10,3.054626883036172e-15,0.0,/Users/a_lee/Repos/qhat/demo_L_sweep_library/He-H/0.62/sto-6g/He-H_0.62_sto-6g_as-001-001_jw.dat
He-H,0.62,sto-6g,1,1,2,JW_Pauli_string_commutation,4,0,1,1,1,2.0014830212433607e-16,0.0,/Users/a_lee/Repos/qhat/demo_L_sweep_library/He-H/0.62/sto-6g/He-H_0.62_sto-6g_as-001-001_jw.dat
He-H,0.62,sto-6g,1,1,2,JW_Pauli_string_commutation,4,0,1,1,2,2.482534153247273e-16,0.0,/Users/a_lee/Repos/qhat/demo_L_sweep_library/He-H/0.62/sto-6g/He-H_0.62_sto-6g_as-001-001_jw.dat
He-H,0.62,sto-6g,1,1,2,JW_Pauli_string_commutation,4,0,1,1,5,1.2670655869532562e-15,0.0,/Users/a_lee/Repos/qhat/demo_L_sweep_library/He-H/0.62/sto-6g/He-H_0.62_sto-6g_as-001-001_jw.dat
He-H,0.62,sto-6g,1,1,2,JW_Pauli_string_commutation,4,0,1,1,10,1.0605390551611693e-15,0.0,/Users/a_lee/Repos/qhat/demo_L_sweep_library/He-H/0.62/sto-6g/He-H_0.62_sto-6g_as-001-001_jw.dat
He-H,0.62,sto-6g,1,1,2,JW_Pauli_string_commutation,4,0,1,2,1,2.482534153247273e-16,0.0,/Users/a_lee/Repos/qhat/demo_L_sweep_library/He-H/0.62/sto-6g/He-H_0.62_sto-6g_as-001-001_jw.dat
He-H,0.62,sto-6g,1,1,2,JW_Pauli_string_commutation,4,0,1,2,2,4.710277376051326e-16,0.0,/Users/a_lee/Repos/qhat/demo_L_sweep_library/He-H/0.62/sto-6g/He-H_0.62_sto-6g_as-001-001_jw.dat
He-H,0.62,sto-6g,1,1,2,JW_Pauli_string_commutation,4,0,1,2,5,8.899114524108741e-16,0.0,/Users/a_lee/Repos/qhat/demo_L_sweep_library/He-H/0.62/sto-6g/He-H_0.62_sto-6g_as-001-001_jw.dat
He-H,0.62,sto-6g,1,1,2,JW_Pauli_string_commutation,4,0,1,2,10,2.2887833992611184e-15,0.0,/Users/a_lee/Repos/qhat/demo_L_sweep_library/He-H/0.62/sto-6g/He-H_0.62_sto-6g_as-001-001_jw.dat
He-H,0.62,sto-6g,3,1,4,fermionic_commutation_then_JW,33,196,4,1,1,0.24750137100061115,7.123544810496142e-16,/Users/a_lee/Repos/qhat/demo_L_sweep_library/He-H/0.62/sto-6g/He-H_0.62_sto-6g_as-003-001_jw.dat
He-H,0.62,sto-6g,3,1,4,fermionic_commutation_then_JW,33,196,4,1,2,0.11689250126318966,7.123544810496142e-16,/Users/a_lee/Repos/qhat/demo_L_sweep_library/He-H/0.62/sto-6g/He-H_0.62_sto-6g_as-003-001_jw.dat
He-H,0.62,sto-6g,3,1,4,fermionic_commutation_then_JW,33,196,4,1,5,0.045998976951283105,7.123544810496142e-16,/Users/a_lee/Repos/qhat/demo_L_sweep_library/He-H/0.62/sto-6g/He-H_0.62_sto-6g_as-003-001_jw.dat
He-H,0.62,sto-6g,3,1,4,fermionic_commutation_then_JW,33,196,4,1,10,0.022934680138629062,7.123544810496142e-16,/Users/a_lee/Repos/qhat/demo_L_sweep_library/He-H/0.62/sto-6g/He-H_0.62_sto-6g_as-003-001_jw.dat
He-H,0.62,sto-6g,3,1,4,fermionic_commutation_then_JW,33,196,4,2,1,0.058090691371216155,7.123544810496142e-16,/Users/a_lee/Repos/qhat/demo_L_sweep_library/He-H/0.62/sto-6g/He-H_0.62_sto-6g_as-003-001_jw.dat
He-H,0.62,sto-6g,3,1,4,fermionic_commutation_then_JW,33,196,4,2,2,0.013218826694964917,7.123544810496142e-16,/Users/a_lee/Repos/qhat/demo_L_sweep_library/He-H/0.62/sto-6g/He-H_0.62_sto-6g_as-003-001_jw.dat
He-H,0.62,sto-6g,3,1,4,fermionic_commutation_then_JW,33,196,4,2,5,0.0020661309859999455,7.123544810496142e-16,/Users/a_lee/Repos/qhat/demo_L_sweep_library/He-H/0.62/sto-6g/He-H_0.62_sto-6g_as-003-001_jw.dat
He-H,0.62,sto-6g,3,1,4,fermionic_commutation_then_JW,33,196,4,2,10,0.0005148572757530907,7.123544810496142e-16,/Users/a_lee/Repos/qhat/demo_L_sweep_library/He-H/0.62/sto-6g/He-H_0.62_sto-6g_as-003-001_jw.dat
He-H,0.62,sto-6g,3,1,4,JW_Pauli_string_commutation,27,136,4,1,1,0.222791766116149,7.123544810496142e-16,/Users/a_lee/Repos/qhat/demo_L_sweep_library/He-H/0.62/sto-6g/He-H_0.62_sto-6g_as-003-001_jw.dat
He-H,0.62,sto-6g,3,1,4,JW_Pauli_string_commutation,27,136,4,1,2,0.10369242971102399,7.123544810496142e-16,/Users/a_lee/Repos/qhat/demo_L_sweep_library/He-H/0.62/sto-6g/He-H_0.62_sto-6g_as-003-001_jw.dat
He-H,0.62,sto-6g,3,1,4,JW_Pauli_string_commutation,27,136,4,1,5,0.0401679013600252,7.123544810496142e-16,/Users/a_lee/Repos/qhat/demo_L_sweep_library/He-H/0.62/sto-6g/He-H_0.62_sto-6g_as-003-001_jw.dat
He-H,0.62,sto-6g,3,1,4,JW_Pauli_string_commutation,27,136,4,1,10,0.019902082547526758,7.123544810496142e-16,/Users/a_lee/Repos/qhat/demo_L_sweep_library/He-H/0.62/sto-6g/He-H_0.62_sto-6g_as-003-001_jw.dat
He-H,0.62,sto-6g,3,1,4,JW_Pauli_string_commutation,27,136,4,2,1,0.07374084826997102,7.123544810496142e-16,/Users/a_lee/Repos/qhat/demo_L_sweep_library/He-H/0.62/sto-6g/He-H_0.62_sto-6g_as-003-001_jw.dat
He-H,0.62,sto-6g,3,1,4,JW_Pauli_string_commutation,27,136,4,2,2,0.01709259701516637,7.123544810496142e-16,/Users/a_lee/Repos/qhat/demo_L_sweep_library/He-H/0.62/sto-6g/He-H_0.62_sto-6g_as-003-001_jw.dat
He-H,0.62,sto-6g,3,1,4,JW_Pauli_string_commutation,27,136,4,2,5,0.002683376026164494,7.123544810496142e-16,/Users/a_lee/Repos/qhat/demo_L_sweep_library/He-H/0.62/sto-6g/He-H_0.62_sto-6g_as-003-001_jw.dat
He-H,0.62,sto-6g,3,1,4,JW_Pauli_string_commutation,27,136,4,2,10,0.000669071736564996,7.123544810496142e-16,/Users/a_lee/Repos/qhat/demo_L_sweep_library/He-H/0.62/sto-6g/He-H_0.62_sto-6g_as-003-001_jw.dat
He-H,0.86,hgbs-5,1,1,2,fermionic_commutation_then_JW,5,0,1,1,1,2.498001805406602e-16,8.881784197001252e-16,/Users/a_lee/Repos/qhat/demo_L_sweep_library/He-H/0.86/hgbs-5/He-H_0.86_hgbs-5_as-001-001_jw.dat
He-H,0.86,hgbs-5,1,1,2,fermionic_commutation_then_JW,5,0,1,1,2,2.9504581591051765e-16,8.881784197001252e-16,/Users/a_lee/Repos/qhat/demo_L_sweep_library/He-H/0.86/hgbs-5/He-H_0.86_hgbs-5_as-001-001_jw.dat
He-H,0.86,hgbs-5,1,1,2,fermionic_commutation_then_JW,5,0,1,1,5,6.355057114912527e-16,8.881784197001252e-16,/Users/a_lee/Repos/qhat/demo_L_sweep_library/He-H/0.86/hgbs-5/He-H_0.86_hgbs-5_as-001-001_jw.dat
He-H,0.86,hgbs-5,1,1,2,fermionic_commutation_then_JW,5,0,1,1,10,5.578801654593729e-16,8.881784197001252e-16,/Users/a_lee/Repos/qhat/demo_L_sweep_library/He-H/0.86/hgbs-5/He-H_0.86_hgbs-5_as-001-001_jw.dat
He-H,0.86,hgbs-5,1,1,2,fermionic_commutation_then_JW,5,0,1,2,1,2.8609792490763985e-16,8.881784197001252e-16,/Users/a_lee/Repos/qhat/demo_L_sweep_library/He-H/0.86/hgbs-5/He-H_0.86_hgbs-5_as-001-001_jw.dat
He-H,0.86,hgbs-5,1,1,2,fermionic_commutation_then_JW,5,0,1,2,2,7.642869566678791e-16,8.881784197001252e-16,/Users/a_lee/Repos/qhat/demo_L_sweep_library/He-H/0.86/hgbs-5/He-H_0.86_hgbs-5_as-001-001_jw.dat
He-H,0.86,hgbs-5,1,1,2,fermionic_commutation_then_JW,5,0,1,2,5,9.189778455511335e-16,8.881784197001252e-16,/Users/a_lee/Repos/qhat/demo_L_sweep_library/He-H/0.86/hgbs-5/He-H_0.86_hgbs-5_as-001-001_jw.dat
He-H,0.86,hgbs-5,1,1,2,fermionic_commutation_then_JW,5,0,1,2,10,2.3566101900049215e-15,8.881784197001252e-16,/Users/a_lee/Repos/qhat/demo_L_sweep_library/He-H/0.86/hgbs-5/He-H_0.86_hgbs-5_as-001-001_jw.dat
He-H,0.86,hgbs-5,1,1,2,JW_Pauli_string_commutation,4,0,1,1,1,2.0816681711721685e-16,8.881784197001252e-16,/Users/a_lee/Repos/qhat/demo_L_sweep_library/He-H/0.86/hgbs-5/He-H_0.86_hgbs-5_as-001-001_jw.dat
He-H,0.86,hgbs-5,1,1,2,JW_Pauli_string_commutation,4,0,1,1,2,2.0816681711721685e-16,8.881784197001252e-16,/Users/a_lee/Repos/qhat/demo_L_sweep_library/He-H/0.86/hgbs-5/He-H_0.86_hgbs-5_as-001-001_jw.dat
He-H,0.86,hgbs-5,1,1,2,JW_Pauli_string_commutation,4,0,1,1,5,5.551115123125783e-16,8.881784197001252e-16,/Users/a_lee/Repos/qhat/demo_L_sweep_library/He-H/0.86/hgbs-5/He-H_0.86_hgbs-5_as-001-001_jw.dat
He-H,0.86,hgbs-5,1,1,2,JW_Pauli_string_commutation,4,0,1,1,10,1.217454592664719e-15,8.881784197001252e-16,/Users/a_lee/Repos/qhat/demo_L_sweep_library/He-H/0.86/hgbs-5/He-H_0.86_hgbs-5_as-001-001_jw.dat
He-H,0.86,hgbs-5,1,1,2,JW_Pauli_string_commutation,4,0,1,2,1,2.3592239273284576e-16,8.881784197001252e-16,/Users/a_lee/Repos/qhat/demo_L_sweep_library/He-H/0.86/hgbs-5/He-H_0.86_hgbs-5_as-001-001_jw.dat
He-H,0.86,hgbs-5,1,1,2,JW_Pauli_string_commutation,4,0,1,2,2,6.731800026102354e-16,8.881784197001252e-16,/Users/a_lee/Repos/qhat/demo_L_sweep_library/He-H/0.86/hgbs-5/He-H_0.86_hgbs-5_as-001-001_jw.dat
He-H,0.86,hgbs-5,1,1,2,JW_Pauli_string_commutation,4,0,1,2,5,1.807312143953211e-15,8.881784197001252e-16,/Users/a_lee/Repos/qhat/demo_L_sweep_library/He-H/0.86/hgbs-5/He-H_0.86_hgbs-5_as-001-001_jw.dat
He-H,0.86,hgbs-5,1,1,2,JW_Pauli_string_commutation,4,0,1,2,10,1.2232150153568439e-15,8.881784197001252e-16,/Users/a_lee/Repos/qhat/demo_L_sweep_library/He-H/0.86/hgbs-5/He-H_0.86_hgbs-5_as-001-001_jw.dat
He-H,0.86,hgbs-5,1,3,4,fermionic_commutation_then_JW,33,196,4,1,1,0.007368509457869291,1.810226447006925e-15,/Users/a_lee/Repos/qhat/demo_L_sweep_library/He-H/0.86/hgbs-5/He-H_0.86_hgbs-5_as-001-003_jw.dat
He-H,0.86,hgbs-5,1,3,4,fermionic_commutation_then_JW,33,196,4,1,2,0.003692293787312345,1.810226447006925e-15,/Users/a_lee/Repos/qhat/demo_L_sweep_library/He-H/0.86/hgbs-5/He-H_0.86_hgbs-5_as-001-003_jw.dat
He-H,0.86,hgbs-5,1,3,4,fermionic_commutation_then_JW,33,196,4,1,5,0.001477818537767577,1.810226447006925e-15,/Users/a_lee/Repos/qhat/demo_L_sweep_library/He-H/0.86/hgbs-5/He-H_0.86_hgbs-5_as-001-003_jw.dat
He-H,0.86,hgbs-5,1,3,4,fermionic_commutation_then_JW,33,196,4,1,10,0.0007389736392403985,1.810226447006925e-15,/Users/a_lee/Repos/qhat/demo_L_sweep_library/He-H/0.86/hgbs-5/He-H_0.86_hgbs-5_as-001-003_jw.dat
He-H,0.86,hgbs-5,1,3,4,fermionic_commutation_then_JW,33,196,4,2,1,0.0003629420661595922,1.810226447006925e-15,/Users/a_lee/Repos/qhat/demo_L_sweep_library/He-H/0.86/hgbs-5/He-H_0.86_hgbs-5_as-001-003_jw.dat
He-H,0.86,hgbs-5,1,3,4,fermionic_commutation_then_JW,33,196,4,2,2,9.086657526758661e-05,1.810226447006925e-15,/Users/a_lee/Repos/qhat/demo_L_sweep_library/He-H/0.86/hgbs-5/He-H_0.86_hgbs-5_as-001-003_jw.dat
He-H,0.86,hgbs-5,1,3,4,fermionic_commutation_then_JW,33,196,4,2,5,1.4544524867682443e-05,1.810226447006925e-15,/Users/a_lee/Repos/qhat/demo_L_sweep_library/He-H/0.86/hgbs-5/He-H_0.86_hgbs-5_as-001-003_jw.dat
He-H,0.86,hgbs-5,1,3,4,fermionic_commutation_then_JW,33,196,4,2,10,3.6363409748032536e-06,1.810226447006925e-15,/Users/a_lee/Repos/qhat/demo_L_sweep_library/He-H/0.86/hgbs-5/He-H_0.86_hgbs-5_as-001-003_jw.dat
He-H,0.86,hgbs-5,1,3,4,JW_Pauli_string_commutation,27,136,4,1,1,0.0028563366802351873,1.810226447006925e-15,/Users/a_lee/Repos/qhat/demo_L_sweep_library/He-H/0.86/hgbs-5/He-H_0.86_hgbs-5_as-001-003_jw.dat
He-H,0.86,hgbs-5,1,3,4,JW_Pauli_string_commutation,27,136,4,1,2,0.001427718761986673,1.810226447006925e-15,/Users/a_lee/Repos/qhat/demo_L_sweep_library/He-H/0.86/hgbs-5/He-H_0.86_hgbs-5_as-001-003_jw.dat
He-H,0.86,hgbs-5,1,3,4,JW_Pauli_string_commutation,27,136,4,1,5,0.0005710132423787295,1.810226447006925e-15,/Users/a_lee/Repos/qhat/demo_L_sweep_library/He-H/0.86/hgbs-5/He-H_0.86_hgbs-5_as-001-003_jw.dat
He-H,0.86,hgbs-5,1,3,4,JW_Pauli_string_commutation,27,136,4,1,10,0.0002854970582937911,1.810226447006925e-15,/Users/a_lee/Repos/qhat/demo_L_sweep_library/He-H/0.86/hgbs-5/He-H_0.86_hgbs-5_as-001-003_jw.dat
He-H,0.86,hgbs-5,1,3,4,JW_Pauli_string_commutation,27,136,4,2,1,4.38610409262023e-05,1.810226447006925e-15,/Users/a_lee/Repos/qhat/demo_L_sweep_library/He-H/0.86/hgbs-5/He-H_0.86_hgbs-5_as-001-003_jw.dat
He-H,0.86,hgbs-5,1,3,4,JW_Pauli_string_commutation,27,136,4,2,2,1.0959480338083212e-05,1.810226447006925e-15,/Users/a_lee/Repos/qhat/demo_L_sweep_library/He-H/0.86/hgbs-5/He-H_0.86_hgbs-5_as-001-003_jw.dat
He-H,0.86,hgbs-5,1,3,4,JW_Pauli_string_commutation,27,136,4,2,5,1.7532582026922347e-06,1.810226447006925e-15,/Users/a_lee/Repos/qhat/demo_L_sweep_library/He-H/0.86/hgbs-5/He-H_0.86_hgbs-5_as-001-003_jw.dat
He-H,0.86,hgbs-5,1,3,4,JW_Pauli_string_commutation,27,136,4,2,10,4.383053162216562e-07,1.810226447006925e-15,/Users/a_lee/Repos/qhat/demo_L_sweep_library/He-H/0.86/hgbs-5/He-H_0.86_hgbs-5_as-001-003_jw.dat
He-H,0.86,hgbs-5,3,3,6,fermionic_commutation_then_JW,145,6366,16,1,1,0.14676634232584587,1.3709254925881767e-15,/Users/a_lee/Repos/qhat/demo_L_sweep_library/He-H/0.86/hgbs-5/He-H_0.86_hgbs-5_as-003-003_jw.dat
He-H,0.86,hgbs-5,3,3,6,fermionic_commutation_then_JW,145,6366,16,1,2,0.0702532000732338,1.3709254925881767e-15,/Users/a_lee/Repos/qhat/demo_L_sweep_library/He-H/0.86/hgbs-5/He-H_0.86_hgbs-5_as-003-003_jw.dat
He-H,0.86,hgbs-5,3,3,6,fermionic_commutation_then_JW,145,6366,16,1,5,0.027538413130297385,1.3709254925881767e-15,/Users/a_lee/Repos/qhat/demo_L_sweep_library/He-H/0.86/hgbs-5/He-H_0.86_hgbs-5_as-003-003_jw.dat
He-H,0.86,hgbs-5,3,3,6,fermionic_commutation_then_JW,145,6366,16,1,10,0.013686315475753955,1.3709254925881767e-15,/Users/a_lee/Repos/qhat/demo_L_sweep_library/He-H/0.86/hgbs-5/He-H_0.86_hgbs-5_as-003-003_jw.dat
He-H,0.86,hgbs-5,3,3,6,fermionic_commutation_then_JW,145,6366,16,2,1,0.03200701805754497,1.3709254925881767e-15,/Users/a_lee/Repos/qhat/demo_L_sweep_library/He-H/0.86/hgbs-5/He-H_0.86_hgbs-5_as-003-003_jw.dat
He-H,0.86,hgbs-5,3,3,6,fermionic_commutation_then_JW,145,6366,16,2,2,0.007600758306286344,1.3709254925881767e-15,/Users/a_lee/Repos/qhat/demo_L_sweep_library/He-H/0.86/hgbs-5/He-H_0.86_hgbs-5_as-003-003_jw.dat
He-H,0.86,hgbs-5,3,3,6,fermionic_commutation_then_JW,145,6366,16,2,5,0.0012003002917810855,1.3709254925881767e-15,/Users/a_lee/Repos/qhat/demo_L_sweep_library/He-H/0.86/hgbs-5/He-H_0.86_hgbs-5_as-003-003_jw.dat
He-H,0.86,hgbs-5,3,3,6,fermionic_commutation_then_JW,145,6366,16,2,10,0.00029952666577876143,1.3709254925881767e-15,/Users/a_lee/Repos/qhat/demo_L_sweep_library/He-H/0.86/hgbs-5/He-H_0.86_hgbs-5_as-003-003_jw.dat
He-H,0.86,hgbs-5,3,3,6,JW_Pauli_string_commutation,118,3060,12,1,1,0.15361215396440797,1.3709254925881767e-15,/Users/a_lee/Repos/qhat/demo_L_sweep_library/He-H/0.86/hgbs-5/He-H_0.86_hgbs-5_as-003-003_jw.dat
He-H,0.86,hgbs-5,3,3,6,JW_Pauli_string_commutation,118,3060,12,1,2,0.07432746728313216,1.3709254925881767e-15,/Users/a_lee/Repos/qhat/demo_L_sweep_library/He-H/0.86/hgbs-5/He-H_0.86_hgbs-5_as-003-003_jw.dat
He-H,0.86,hgbs-5,3,3,6,JW_Pauli_string_commutation,118,3060,12,1,5,0.029425508237490478,1.3709254925881767e-15,/Users/a_lee/Repos/qhat/demo_L_sweep_library/He-H/0.86/hgbs-5/He-H_0.86_hgbs-5_as-003-003_jw.dat
He-H,0.86,hgbs-5,3,3,6,JW_Pauli_string_commutation,118,3060,12,1,10,0.014682402219315336,1.3709254925881767e-15,/Users/a_lee/Repos/qhat/demo_L_sweep_library/He-H/0.86/hgbs-5/He-H_0.86_hgbs-5_as-003-003_jw.dat
He-H,0.86,hgbs-5,3,3,6,JW_Pauli_string_commutation,118,3060,12,2,1,0.02359462528754807,1.3709254925881767e-15,/Users/a_lee/Repos/qhat/demo_L_sweep_library/He-H/0.86/hgbs-5/He-H_0.86_hgbs-5_as-003-003_jw.dat
He-H,0.86,hgbs-5,3,3,6,JW_Pauli_string_commutation,118,3060,12,2,2,0.005484938717264095,1.3709254925881767e-15,/Users/a_lee/Repos/qhat/demo_L_sweep_library/He-H/0.86/hgbs-5/He-H_0.86_hgbs-5_as-003-003_jw.dat
He-H,0.86,hgbs-5,3,3,6,JW_Pauli_string_commutation,118,3060,12,2,5,0.0008611280530243272,1.3709254925881767e-15,/Users/a_lee/Repos/qhat/demo_L_sweep_library/He-H/0.86/hgbs-5/He-H_0.86_hgbs-5_as-003-003_jw.dat
He-H,0.86,hgbs-5,3,3,6,JW_Pauli_string_commutation,118,3060,12,2,10,0.0002147101312602768,1.3709254925881767e-15,/Users/a_lee/Repos/qhat/demo_L_sweep_library/He-H/0.86/hgbs-5/He-H_0.86_hgbs-5_as-003-003_jw.dat
He-H,0.86,sto-6g,1,1,2,fermionic_commutation_then_JW,5,0,1,1,1,8.617648093045562e-16,8.881784197001252e-16,/Users/a_lee/Repos/qhat/demo_L_sweep_library/He-H/0.86/sto-6g/He-H_0.86_sto-6g_as-001-001_jw.dat
He-H,0.86,sto-6g,1,1,2,fermionic_commutation_then_JW,5,0,1,1,2,8.968100940422724e-16,8.881784197001252e-16,/Users/a_lee/Repos/qhat/demo_L_sweep_library/He-H/0.86/sto-6g/He-H_0.86_sto-6g_as-001-001_jw.dat
He-H,0.86,sto-6g,1,1,2,fermionic_commutation_then_JW,5,0,1,1,5,7.077671781985373e-16,8.881784197001252e-16,/Users/a_lee/Repos/qhat/demo_L_sweep_library/He-H/0.86/sto-6g/He-H_0.86_sto-6g_as-001-001_jw.dat
He-H,0.86,sto-6g,1,1,2,fermionic_commutation_then_JW,5,0,1,1,10,1.1551122306821434e-15,8.881784197001252e-16,/Users/a_lee/Repos/qhat/demo_L_sweep_library/He-H/0.86/sto-6g/He-H_0.86_sto-6g_as-001-001_jw.dat
He-H,0.86,sto-6g,1,1,2,fermionic_commutation_then_JW,5,0,1,2,1,8.968100940422724e-16,8.881784197001252e-16,/Users/a_lee/Repos/qhat/demo_L_sweep_library/He-H/0.86/sto-6g/He-H_0.86_sto-6g_as-001-001_jw.dat
He-H,0.86,sto-6g,1,1,2,fermionic_commutation_then_JW,5,0,1,2,2,8.455206652451151e-16,8.881784197001252e-16,/Users/a_lee/Repos/qhat/demo_L_sweep_library/He-H/0.86/sto-6g/He-H_0.86_sto-6g_as-001-001_jw.dat
He-H,0.86,sto-6g,1,1,2,fermionic_commutation_then_JW,5,0,1,2,5,1.1551122306821434e-15,8.881784197001252e-16,/Users/a_lee/Repos/qhat/demo_L_sweep_library/He-H/0.86/sto-6g/He-H_0.86_sto-6g_as-001-001_jw.dat
He-H,0.86,sto-6g,1,1,2,fermionic_commutation_then_JW,5,0,1,2,10,5.117875266520904e-15,8.881784197001252e-16,/Users/a_lee/Repos/qhat/demo_L_sweep_library/He-H/0.86/sto-6g/He-H_0.86_sto-6g_as-001-001_jw.dat
He-H,0.86,sto-6g,1,1,2,JW_Pauli_string_commutation,4,0,1,1,1,3.510833468576701e-16,8.881784197001252e-16,/Users/a_lee/Repos/qhat/demo_L_sweep_library/He-H/0.86/sto-6g/He-H_0.86_sto-6g_as-001-001_jw.dat
He-H,0.86,sto-6g,1,1,2,JW_Pauli_string_commutation,4,0,1,1,2,4.577566798522237e-16,8.881784197001252e-16,/Users/a_lee/Repos/qhat/demo_L_sweep_library/He-H/0.86/sto-6g/He-H_0.86_sto-6g_as-001-001_jw.dat
He-H,0.86,sto-6g,1,1,2,JW_Pauli_string_commutation,4,0,1,1,5,1.117140368961273e-15,8.881784197001252e-16,/Users/a_lee/Repos/qhat/demo_L_sweep_library/He-H/0.86/sto-6g/He-H_0.86_sto-6g_as-001-001_jw.dat
He-H,0.86,sto-6g,1,1,2,JW_Pauli_string_commutation,4,0,1,1,10,2.3440530804794296e-15,8.881784197001252e-16,/Users/a_lee/Repos/qhat/demo_L_sweep_library/He-H/0.86/sto-6g/He-H_0.86_sto-6g_as-001-001_jw.dat
He-H,0.86,sto-6g,1,1,2,JW_Pauli_string_commutation,4,0,1,2,1,4.542226926938159e-16,8.881784197001252e-16,/Users/a_lee/Repos/qhat/demo_L_sweep_library/He-H/0.86/sto-6g/He-H_0.86_sto-6g_as-001-001_jw.dat
He-H,0.86,sto-6g,1,1,2,JW_Pauli_string_commutation,4,0,1,2,2,1.2994827337208943e-15,8.881784197001252e-16,/Users/a_lee/Repos/qhat/demo_L_sweep_library/He-H/0.86/sto-6g/He-H_0.86_sto-6g_as-001-001_jw.dat
He-H,0.86,sto-6g,1,1,2,JW_Pauli_string_commutation,4,0,1,2,5,1.0752725130189604e-15,8.881784197001252e-16,/Users/a_lee/Repos/qhat/demo_L_sweep_library/He-H/0.86/sto-6g/He-H_0.86_sto-6g_as-001-001_jw.dat
He-H,0.86,sto-6g,1,1,2,JW_Pauli_string_commutation,4,0,1,2,10,3.162796251918119e-15,8.881784197001252e-16,/Users/a_lee/Repos/qhat/demo_L_sweep_library/He-H/0.86/sto-6g/He-H_0.86_sto-6g_as-001-001_jw.dat
He-H,0.86,sto-6g,3,1,4,fermionic_commutation_then_JW,33,196,4,1,1,0.19725575036673246,2.6645352591003757e-15,/Users/a_lee/Repos/qhat/demo_L_sweep_library/He-H/0.86/sto-6g/He-H_0.86_sto-6g_as-003-001_jw.dat
He-H,0.86,sto-6g,3,1,4,fermionic_commutation_then_JW,33,196,4,1,2,0.0938201175334207,2.6645352591003757e-15,/Users/a_lee/Repos/qhat/demo_L_sweep_library/He-H/0.86/sto-6g/He-H_0.86_sto-6g_as-003-001_jw.dat
He-H,0.86,sto-6g,3,1,4,fermionic_commutation_then_JW,33,196,4,1,5,0.03674191501109998,2.6645352591003757e-15,/Users/a_lee/Repos/qhat/demo_L_sweep_library/He-H/0.86/sto-6g/He-H_0.86_sto-6g_as-003-001_jw.dat
He-H,0.86,sto-6g,3,1,4,fermionic_commutation_then_JW,33,196,4,1,10,0.018267787813838293,2.6645352591003757e-15,/Users/a_lee/Repos/qhat/demo_L_sweep_library/He-H/0.86/sto-6g/He-H_0.86_sto-6g_as-003-001_jw.dat
He-H,0.86,sto-6g,3,1,4,fermionic_commutation_then_JW,33,196,4,2,1,0.03806234177524771,2.6645352591003757e-15,/Users/a_lee/Repos/qhat/demo_L_sweep_library/He-H/0.86/sto-6g/He-H_0.86_sto-6g_as-003-001_jw.dat
He-H,0.86,sto-6g,3,1,4,fermionic_commutation_then_JW,33,196,4,2,2,0.009042777820121032,2.6645352591003757e-15,/Users/a_lee/Repos/qhat/demo_L_sweep_library/He-H/0.86/sto-6g/He-H_0.86_sto-6g_as-003-001_jw.dat
He-H,0.86,sto-6g,3,1,4,fermionic_commutation_then_JW,33,196,4,2,5,0.001427755071247614,2.6645352591003757e-15,/Users/a_lee/Repos/qhat/demo_L_sweep_library/He-H/0.86/sto-6g/He-H_0.86_sto-6g_as-003-001_jw.dat
He-H,0.86,sto-6g,3,1,4,fermionic_commutation_then_JW,33,196,4,2,10,0.00035627345340237575,2.6645352591003757e-15,/Users/a_lee/Repos/qhat/demo_L_sweep_library/He-H/0.86/sto-6g/He-H_0.86_sto-6g_as-003-001_jw.dat
He-H,0.86,sto-6g,3,1,4,JW_Pauli_string_commutation,27,136,4,1,1,0.16243110416354023,2.6645352591003757e-15,/Users/a_lee/Repos/qhat/demo_L_sweep_library/He-H/0.86/sto-6g/He-H_0.86_sto-6g_as-003-001_jw.dat
He-H,0.86,sto-6g,3,1,4,JW_Pauli_string_commutation,27,136,4,1,2,0.07864478722359826,2.6645352591003757e-15,/Users/a_lee/Repos/qhat/demo_L_sweep_library/He-H/0.86/sto-6g/He-H_0.86_sto-6g_as-003-001_jw.dat
He-H,0.86,sto-6g,3,1,4,JW_Pauli_string_commutation,27,136,4,1,5,0.031004992478290003,2.6645352591003757e-15,/Users/a_lee/Repos/qhat/demo_L_sweep_library/He-H/0.86/sto-6g/He-H_0.86_sto-6g_as-003-001_jw.dat
He-H,0.86,sto-6g,3,1,4,JW_Pauli_string_commutation,27,136,4,1,10,0.015437952441744602,2.6645352591003757e-15,/Users/a_lee/Repos/qhat/demo_L_sweep_library/He-H/0.86/sto-6g/He-H_0.86_sto-6g_as-003-001_jw.dat
He-H,0.86,sto-6g,3,1,4,JW_Pauli_string_commutation,27,136,4,2,1,0.04116998596110184,2.6645352591003757e-15,/Users/a_lee/Repos/qhat/demo_L_sweep_library/He-H/0.86/sto-6g/He-H_0.86_sto-6g_as-003-001_jw.dat
He-H,0.86,sto-6g,3,1,4,JW_Pauli_string_commutation,27,136,4,2,2,0.009856393727635573,2.6645352591003757e-15,/Users/a_lee/Repos/qhat/demo_L_sweep_library/He-H/0.86/sto-6g/He-H_0.86_sto-6g_as-003-001_jw.dat
He-H,0.86,sto-6g,3,1,4,JW_Pauli_string_commutation,27,136,4,2,5,0.0015594378825631871,2.6645352591003757e-15,/Users/a_lee/Repos/qhat/demo_L_sweep_library/He-H/0.86/sto-6g/He-H_0.86_sto-6g_as-003-001_jw.dat
He-H,0.86,sto-6g,3,1,4,JW_Pauli_string_commutation,27,136,4,2,10,0.0003892468056282567,2.6645352591003757e-15,/Users/a_lee/Repos/qhat/demo_L_sweep_library/He-H/0.86/sto-6g/He-H_0.86_sto-6g_as-003-001_jw.dat
He-H,1.09,hgbs-5,1,1,2,fermionic_commutation_then_JW,5,0,1,1,1,5.593023969348752e-16,8.881784197001252e-16,/Users/a_lee/Repos/qhat/demo_L_sweep_library/He-H/1.09/hgbs-5/He-H_1.09_hgbs-5_as-001-001_jw.dat
He-H,1.09,hgbs-5,1,1,2,fermionic_commutation_then_JW,5,0,1,1,2,2.607399605677454e-16,8.881784197001252e-16,/Users/a_lee/Repos/qhat/demo_L_sweep_library/He-H/1.09/hgbs-5/He-H_1.09_hgbs-5_as-001-001_jw.dat
He-H,1.09,hgbs-5,1,1,2,fermionic_commutation_then_JW,5,0,1,1,5,7.108895957933346e-16,8.881784197001252e-16,/Users/a_lee/Repos/qhat/demo_L_sweep_library/He-H/1.09/hgbs-5/He-H_1.09_hgbs-5_as-001-001_jw.dat
He-H,1.09,hgbs-5,1,1,2,fermionic_commutation_then_JW,5,0,1,1,10,6.866350197783356e-16,8.881784197001252e-16,/Users/a_lee/Repos/qhat/demo_L_sweep_library/He-H/1.09/hgbs-5/He-H_1.09_hgbs-5_as-001-001_jw.dat
He-H,1.09,hgbs-5,1,1,2,fermionic_commutation_then_JW,5,0,1,2,1,3.314002943249781e-16,8.881784197001252e-16,/Users/a_lee/Repos/qhat/demo_L_sweep_library/He-H/1.09/hgbs-5/He-H_1.09_hgbs-5_as-001-001_jw.dat
He-H,1.09,hgbs-5,1,1,2,fermionic_commutation_then_JW,5,0,1,2,2,4.961673055948955e-16,8.881784197001252e-16,/Users/a_lee/Repos/qhat/demo_L_sweep_library/He-H/1.09/hgbs-5/He-H_1.09_hgbs-5_as-001-001_jw.dat
He-H,1.09,hgbs-5,1,1,2,fermionic_commutation_then_JW,5,0,1,2,5,7.947987303456223e-16,8.881784197001252e-16,/Users/a_lee/Repos/qhat/demo_L_sweep_library/He-H/1.09/hgbs-5/He-H_1.09_hgbs-5_as-001-001_jw.dat
He-H,1.09,hgbs-5,1,1,2,fermionic_commutation_then_JW,5,0,1,2,10,1.1188630228279526e-15,8.881784197001252e-16,/Users/a_lee/Repos/qhat/demo_L_sweep_library/He-H/1.09/hgbs-5/He-H_1.09_hgbs-5_as-001-001_jw.dat
He-H,1.09,hgbs-5,1,1,2,JW_Pauli_string_commutation,4,0,1,1,1,3.122502256758253e-16,8.881784197001252e-16,/Users/a_lee/Repos/qhat/demo_L_sweep_library/He-H/1.09/hgbs-5/He-H_1.09_hgbs-5_as-001-001_jw.dat
He-H,1.09,hgbs-5,1,1,2,JW_Pauli_string_commutation,4,0,1,1,2,4.577566798522237e-16,8.881784197001252e-16,/Users/a_lee/Repos/qhat/demo_L_sweep_library/He-H/1.09/hgbs-5/He-H_1.09_hgbs-5_as-001-001_jw.dat
He-H,1.09,hgbs-5,1,1,2,JW_Pauli_string_commutation,4,0,1,1,5,9.0325637151976e-16,8.881784197001252e-16,/Users/a_lee/Repos/qhat/demo_L_sweep_library/He-H/1.09/hgbs-5/He-H_1.09_hgbs-5_as-001-001_jw.dat
He-H,1.09,hgbs-5,1,1,2,JW_Pauli_string_commutation,4,0,1,1,10,2.4532007741866224e-15,8.881784197001252e-16,/Users/a_lee/Repos/qhat/demo_L_sweep_library/He-H/1.09/hgbs-5/He-H_1.09_hgbs-5_as-001-001_jw.dat
He-H,1.09,hgbs-5,1,1,2,JW_Pauli_string_commutation,4,0,1,2,1,3.831501141992745e-16,8.881784197001252e-16,/Users/a_lee/Repos/qhat/demo_L_sweep_library/He-H/1.09/hgbs-5/He-H_1.09_hgbs-5_as-001-001_jw.dat
He-H,1.09,hgbs-5,1,1,2,JW_Pauli_string_commutation,4,0,1,2,2,6.001641840771763e-16,8.881784197001252e-16,/Users/a_lee/Repos/qhat/demo_L_sweep_library/He-H/1.09/hgbs-5/He-H_1.09_hgbs-5_as-001-001_jw.dat
He-H,1.09,hgbs-5,1,1,2,JW_Pauli_string_commutation,4,0,1,2,5,2.0195400078307063e-15,8.881784197001252e-16,/Users/a_lee/Repos/qhat/demo_L_sweep_library/He-H/1.09/hgbs-5/He-H_1.09_hgbs-5_as-001-001_jw.dat
He-H,1.09,hgbs-5,1,1,2,JW_Pauli_string_commutation,4,0,1,2,10,9.0325637151976e-16,8.881784197001252e-16,/Users/a_lee/Repos/qhat/demo_L_sweep_library/He-H/1.09/hgbs-5/He-H_1.09_hgbs-5_as-001-001_jw.dat
He-H,1.09,hgbs-5,1,3,4,fermionic_commutation_then_JW,33,188,4,1,1,0.009754003937604635,3.552713678800501e-15,/Users/a_lee/Repos/qhat/demo_L_sweep_library/He-H/1.09/hgbs-5/He-H_1.09_hgbs-5_as-001-003_jw.dat
He-H,1.09,hgbs-5,1,3,4,fermionic_commutation_then_JW,33,188,4,1,2,0.004896044215915512,3.552713678800501e-15,/Users/a_lee/Repos/qhat/demo_L_sweep_library/He-H/1.09/hgbs-5/He-H_1.09_hgbs-5_as-001-003_jw.dat
He-H,1.09,hgbs-5,1,3,4,fermionic_commutation_then_JW,33,188,4,1,5,0.0019605534475668645,3.552713678800501e-15,/Users/a_lee/Repos/qhat/demo_L_sweep_library/He-H/1.09/hgbs-5/He-H_1.09_hgbs-5_as-001-003_jw.dat
He-H,1.09,hgbs-5,1,3,4,fermionic_commutation_then_JW,33,188,4,1,10,0.0009804293322884837,3.552713678800501e-15,/Users/a_lee/Repos/qhat/demo_L_sweep_library/He-H/1.09/hgbs-5/He-H_1.09_hgbs-5_as-001-003_jw.dat
He-H,1.09,hgbs-5,1,3,4,fermionic_commutation_then_JW,33,188,4,2,1,0.000555662294792804,3.552713678800501e-15,/Users/a_lee/Repos/qhat/demo_L_sweep_library/He-H/1.09/hgbs-5/He-H_1.09_hgbs-5_as-001-003_jw.dat
He-H,1.09,hgbs-5,1,3,4,fermionic_commutation_then_JW,33,188,4,2,2,0.00013925212329815717,3.552713678800501e-15,/Users/a_lee/Repos/qhat/demo_L_sweep_library/He-H/1.09/hgbs-5/He-H_1.09_hgbs-5_as-001-003_jw.dat
He-H,1.09,hgbs-5,1,3,4,fermionic_commutation_then_JW,33,188,4,2,5,2.2295430349235993e-05,3.552713678800501e-15,/Users/a_lee/Repos/qhat/demo_L_sweep_library/He-H/1.09/hgbs-5/He-H_1.09_hgbs-5_as-001-003_jw.dat
He-H,1.09,hgbs-5,1,3,4,fermionic_commutation_then_JW,33,188,4,2,10,5.574396656692198e-06,3.552713678800501e-15,/Users/a_lee/Repos/qhat/demo_L_sweep_library/He-H/1.09/hgbs-5/He-H_1.09_hgbs-5_as-001-003_jw.dat
He-H,1.09,hgbs-5,1,3,4,JW_Pauli_string_commutation,27,136,4,1,1,0.004181695749101034,3.552713678800501e-15,/Users/a_lee/Repos/qhat/demo_L_sweep_library/He-H/1.09/hgbs-5/He-H_1.09_hgbs-5_as-001-003_jw.dat
He-H,1.09,hgbs-5,1,3,4,JW_Pauli_string_commutation,27,136,4,1,2,0.00208945656911403,3.552713678800501e-15,/Users/a_lee/Repos/qhat/demo_L_sweep_library/He-H/1.09/hgbs-5/He-H_1.09_hgbs-5_as-001-003_jw.dat
He-H,1.09,hgbs-5,1,3,4,JW_Pauli_string_commutation,27,136,4,1,5,0.000835529583564507,3.552713678800501e-15,/Users/a_lee/Repos/qhat/demo_L_sweep_library/He-H/1.09/hgbs-5/He-H_1.09_hgbs-5_as-001-003_jw.dat
He-H,1.09,hgbs-5,1,3,4,JW_Pauli_string_commutation,27,136,4,1,10,0.00041772936594894295,3.552713678800501e-15,/Users/a_lee/Repos/qhat/demo_L_sweep_library/He-H/1.09/hgbs-5/He-H_1.09_hgbs-5_as-001-003_jw.dat
He-H,1.09,hgbs-5,1,3,4,JW_Pauli_string_commutation,27,136,4,2,1,8.134342523994995e-05,3.552713678800501e-15,/Users/a_lee/Repos/qhat/demo_L_sweep_library/He-H/1.09/hgbs-5/He-H_1.09_hgbs-5_as-001-003_jw.dat
He-H,1.09,hgbs-5,1,3,4,JW_Pauli_string_commutation,27,136,4,2,2,2.0309529198351794e-05,3.552713678800501e-15,/Users/a_lee/Repos/qhat/demo_L_sweep_library/He-H/1.09/hgbs-5/He-H_1.09_hgbs-5_as-001-003_jw.dat
He-H,1.09,hgbs-5,1,3,4,JW_Pauli_string_commutation,27,136,4,2,5,3.24834909801722e-06,3.552713678800501e-15,/Users/a_lee/Repos/qhat/demo_L_sweep_library/He-H/1.09/hgbs-5/He-H_1.09_hgbs-5_as-001-003_jw.dat
He-H,1.09,hgbs-5,1,3,4,JW_Pauli_string_commutation,27,136,4,2,10,8.120453240226787e-07,3.552713678800501e-15,/Users/a_lee/Repos/qhat/demo_L_sweep_library/He-H/1.09/hgbs-5/He-H_1.09_hgbs-5_as-001-003_jw.dat
He-H,1.09,hgbs-5,3,3,6,fermionic_commutation_then_JW,145,6366,16,1,1,0.1315749303247074,3.554231075149978e-15,/Users/a_lee/Repos/qhat/demo_L_sweep_library/He-H/1.09/hgbs-5/He-H_1.09_hgbs-5_as-003-003_jw.dat
He-H,1.09,hgbs-5,3,3,6,fermionic_commutation_then_JW,145,6366,16,1,2,0.06415032738869104,3.554231075149978e-15,/Users/a_lee/Repos/qhat/demo_L_sweep_library/He-H/1.09/hgbs-5/He-H_1.09_hgbs-5_as-003-003_jw.dat
He-H,1.09,hgbs-5,3,3,6,fermionic_commutation_then_JW,145,6366,16,1,5,0.025328910486338733,3.554231075149978e-15,/Users/a_lee/Repos/qhat/demo_L_sweep_library/He-H/1.09/hgbs-5/He-H_1.09_hgbs-5_as-003-003_jw.dat
He-H,1.09,hgbs-5,3,3,6,fermionic_commutation_then_JW,145,6366,16,1,10,0.012611119935259775,3.554231075149978e-15,/Users/a_lee/Repos/qhat/demo_L_sweep_library/He-H/1.09/hgbs-5/He-H_1.09_hgbs-5_as-003-003_jw.dat
He-H,1.09,hgbs-5,3,3,6,fermionic_commutation_then_JW,145,6366,16,2,1,0.02393824369460838,3.554231075149978e-15,/Users/a_lee/Repos/qhat/demo_L_sweep_library/He-H/1.09/hgbs-5/He-H_1.09_hgbs-5_as-003-003_jw.dat
He-H,1.09,hgbs-5,3,3,6,fermionic_commutation_then_JW,145,6366,16,2,2,0.005829560287117629,3.554231075149978e-15,/Users/a_lee/Repos/qhat/demo_L_sweep_library/He-H/1.09/hgbs-5/He-H_1.09_hgbs-5_as-003-003_jw.dat
He-H,1.09,hgbs-5,3,3,6,fermionic_commutation_then_JW,145,6366,16,2,5,0.0009268484995141829,3.554231075149978e-15,/Users/a_lee/Repos/qhat/demo_L_sweep_library/He-H/1.09/hgbs-5/He-H_1.09_hgbs-5_as-003-003_jw.dat
He-H,1.09,hgbs-5,3,3,6,fermionic_commutation_then_JW,145,6366,16,2,10,0.0002315106374645845,3.554231075149978e-15,/Users/a_lee/Repos/qhat/demo_L_sweep_library/He-H/1.09/hgbs-5/He-H_1.09_hgbs-5_as-003-003_jw.dat
He-H,1.09,hgbs-5,3,3,6,JW_Pauli_string_commutation,118,3060,12,1,1,0.1365055879974527,3.554231075149978e-15,/Users/a_lee/Repos/qhat/demo_L_sweep_library/He-H/1.09/hgbs-5/He-H_1.09_hgbs-5_as-003-003_jw.dat
He-H,1.09,hgbs-5,3,3,6,JW_Pauli_string_commutation,118,3060,12,1,2,0.06649296413466475,3.554231075149978e-15,/Users/a_lee/Repos/qhat/demo_L_sweep_library/He-H/1.09/hgbs-5/He-H_1.09_hgbs-5_as-003-003_jw.dat
He-H,1.09,hgbs-5,3,3,6,JW_Pauli_string_commutation,118,3060,12,1,5,0.026377219239800978,3.554231075149978e-15,/Users/a_lee/Repos/qhat/demo_L_sweep_library/He-H/1.09/hgbs-5/He-H_1.09_hgbs-5_as-003-003_jw.dat
He-H,1.09,hgbs-5,3,3,6,JW_Pauli_string_commutation,118,3060,12,1,10,0.013166960585887897,3.554231075149978e-15,/Users/a_lee/Repos/qhat/demo_L_sweep_library/He-H/1.09/hgbs-5/He-H_1.09_hgbs-5_as-003-003_jw.dat
He-H,1.09,hgbs-5,3,3,6,JW_Pauli_string_commutation,118,3060,12,2,1,0.018714881975004864,3.554231075149978e-15,/Users/a_lee/Repos/qhat/demo_L_sweep_library/He-H/1.09/hgbs-5/He-H_1.09_hgbs-5_as-003-003_jw.dat
He-H,1.09,hgbs-5,3,3,6,JW_Pauli_string_commutation,118,3060,12,2,2,0.004435440947913647,3.554231075149978e-15,/Users/a_lee/Repos/qhat/demo_L_sweep_library/He-H/1.09/hgbs-5/He-H_1.09_hgbs-5_as-003-003_jw.dat
He-H,1.09,hgbs-5,3,3,6,JW_Pauli_string_commutation,118,3060,12,2,5,0.0006996381283112975,3.554231075149978e-15,/Users/a_lee/Repos/qhat/demo_L_sweep_library/He-H/1.09/hgbs-5/He-H_1.09_hgbs-5_as-003-003_jw.dat
He-H,1.09,hgbs-5,3,3,6,JW_Pauli_string_commutation,118,3060,12,2,10,0.00017455815689806055,3.554231075149978e-15,/Users/a_lee/Repos/qhat/demo_L_sweep_library/He-H/1.09/hgbs-5/He-H_1.09_hgbs-5_as-003-003_jw.dat
He-H,1.09,sto-6g,1,1,2,fermionic_commutation_then_JW,5,0,1,1,1,7.108895957933346e-16,4.440892098500626e-16,/Users/a_lee/Repos/qhat/demo_L_sweep_library/He-H/1.09/sto-6g/He-H_1.09_sto-6g_as-001-001_jw.dat
He-H,1.09,sto-6g,1,1,2,fermionic_commutation_then_JW,5,0,1,1,2,8.082545620880531e-16,4.440892098500626e-16,/Users/a_lee/Repos/qhat/demo_L_sweep_library/He-H/1.09/sto-6g/He-H_1.09_sto-6g_as-001-001_jw.dat
He-H,1.09,sto-6g,1,1,2,fermionic_commutation_then_JW,5,0,1,1,5,8.326672684688674e-16,4.440892098500626e-16,/Users/a_lee/Repos/qhat/demo_L_sweep_library/He-H/1.09/sto-6g/He-H_1.09_sto-6g_as-001-001_jw.dat
He-H,1.09,sto-6g,1,1,2,fermionic_commutation_then_JW,5,0,1,1,10,2.1362779772819814e-15,4.440892098500626e-16,/Users/a_lee/Repos/qhat/demo_L_sweep_library/He-H/1.09/sto-6g/He-H_1.09_sto-6g_as-001-001_jw.dat
He-H,1.09,sto-6g,1,1,2,fermionic_commutation_then_JW,5,0,1,2,1,7.850462293418876e-16,4.440892098500626e-16,/Users/a_lee/Repos/qhat/demo_L_sweep_library/He-H/1.09/sto-6g/He-H_1.09_sto-6g_as-001-001_jw.dat
He-H,1.09,sto-6g,1,1,2,fermionic_commutation_then_JW,5,0,1,2,2,2.482534153247273e-16,4.440892098500626e-16,/Users/a_lee/Repos/qhat/demo_L_sweep_library/He-H/1.09/sto-6g/He-H_1.09_sto-6g_as-001-001_jw.dat
He-H,1.09,sto-6g,1,1,2,fermionic_commutation_then_JW,5,0,1,2,5,1.524852524626139e-15,4.440892098500626e-16,/Users/a_lee/Repos/qhat/demo_L_sweep_library/He-H/1.09/sto-6g/He-H_1.09_sto-6g_as-001-001_jw.dat
He-H,1.09,sto-6g,1,1,2,fermionic_commutation_then_JW,5,0,1,2,10,2.1960256329892053e-15,4.440892098500626e-16,/Users/a_lee/Repos/qhat/demo_L_sweep_library/He-H/1.09/sto-6g/He-H_1.09_sto-6g_as-001-001_jw.dat
He-H,1.09,sto-6g,1,1,2,JW_Pauli_string_commutation,4,0,1,1,1,4.0412728104402656e-16,4.440892098500626e-16,/Users/a_lee/Repos/qhat/demo_L_sweep_library/He-H/1.09/sto-6g/He-H_1.09_sto-6g_as-001-001_jw.dat
He-H,1.09,sto-6g,1,1,2,JW_Pauli_string_commutation,4,0,1,1,2,3.510833468576701e-16,4.440892098500626e-16,/Users/a_lee/Repos/qhat/demo_L_sweep_library/He-H/1.09/sto-6g/He-H_1.09_sto-6g_as-001-001_jw.dat
He-H,1.09,sto-6g,1,1,2,JW_Pauli_string_commutation,4,0,1,1,5,1.0532500405730103e-15,4.440892098500626e-16,/Users/a_lee/Repos/qhat/demo_L_sweep_library/He-H/1.09/sto-6g/He-H_1.09_sto-6g_as-001-001_jw.dat
He-H,1.09,sto-6g,1,1,2,JW_Pauli_string_commutation,4,0,1,1,10,1.5700924586837751e-15,4.440892098500626e-16,/Users/a_lee/Repos/qhat/demo_L_sweep_library/He-H/1.09/sto-6g/He-H_1.09_sto-6g_as-001-001_jw.dat
He-H,1.09,sto-6g,1,1,2,JW_Pauli_string_commutation,4,0,1,2,1,4.47545209131181e-16,4.440892098500626e-16,/Users/a_lee/Repos/qhat/demo_L_sweep_library/He-H/1.09/sto-6g/He-H_1.09_sto-6g_as-001-001_jw.dat
He-H,1.09,sto-6g,1,1,2,JW_Pauli_string_commutation,4,0,1,2,2,8.95090418262362e-16,4.440892098500626e-16,/Users/a_lee/Repos/qhat/demo_L_sweep_library/He-H/1.09/sto-6g/He-H_1.09_sto-6g_as-001-001_jw.dat
He-H,1.09,sto-6g,1,1,2,JW_Pauli_string_commutation,4,0,1,2,5,1.2225062931717345e-15,4.440892098500626e-16,/Users/a_lee/Repos/qhat/demo_L_sweep_library/He-H/1.09/sto-6g/He-H_1.09_sto-6g_as-001-001_jw.dat
He-H,1.09,sto-6g,1,1,2,JW_Pauli_string_commutation,4,0,1,2,10,2.6697343572326224e-15,4.440892098500626e-16,/Users/a_lee/Repos/qhat/demo_L_sweep_library/He-H/1.09/sto-6g/He-H_1.09_sto-6g_as-001-001_jw.dat
He-H,1.09,sto-6g,3,1,4,fermionic_commutation_then_JW,33,196,4,1,1,0.15105790543825384,3.552713678800501e-15,/Users/a_lee/Repos/qhat/demo_L_sweep_library/He-H/1.09/sto-6g/He-H_1.09_sto-6g_as-003-001_jw.dat
He-H,1.09,sto-6g,3,1,4,fermionic_commutation_then_JW,33,196,4,1,2,0.07217152851582344,3.552713678800501e-15,/Users/a_lee/Repos/qhat/demo_L_sweep_library/He-H/1.09/sto-6g/He-H_1.09_sto-6g_as-003-001_jw.dat
He-H,1.09,sto-6g,3,1,4,fermionic_commutation_then_JW,33,196,4,1,5,0.02827313534326501,3.552713678800501e-15,/Users/a_lee/Repos/qhat/demo_L_sweep_library/He-H/1.09/sto-6g/He-H_1.09_sto-6g_as-003-001_jw.dat
He-H,1.09,sto-6g,3,1,4,fermionic_commutation_then_JW,33,196,4,1,10,0.014053089032412288,3.552713678800501e-15,/Users/a_lee/Repos/qhat/demo_L_sweep_library/He-H/1.09/sto-6g/He-H_1.09_sto-6g_as-003-001_jw.dat
He-H,1.09,sto-6g,3,1,4,fermionic_commutation_then_JW,33,196,4,2,1,0.029651096440584068,3.552713678800501e-15,/Users/a_lee/Repos/qhat/demo_L_sweep_library/He-H/1.09/sto-6g/He-H_1.09_sto-6g_as-003-001_jw.dat
He-H,1.09,sto-6g,3,1,4,fermionic_commutation_then_JW,33,196,4,2,2,0.007143704600289612,3.552713678800501e-15,/Users/a_lee/Repos/qhat/demo_L_sweep_library/He-H/1.09/sto-6g/He-H_1.09_sto-6g_as-003-001_jw.dat
He-H,1.09,sto-6g,3,1,4,fermionic_commutation_then_JW,33,196,4,2,5,0.0011317549459393527,3.552713678800501e-15,/Users/a_lee/Repos/qhat/demo_L_sweep_library/He-H/1.09/sto-6g/He-H_1.09_sto-6g_as-003-001_jw.dat
He-H,1.09,sto-6g,3,1,4,fermionic_commutation_then_JW,33,196,4,2,10,0.00028254404451706486,3.552713678800501e-15,/Users/a_lee/Repos/qhat/demo_L_sweep_library/He-H/1.09/sto-6g/He-H_1.09_sto-6g_as-003-001_jw.dat
He-H,1.09,sto-6g,3,1,4,JW_Pauli_string_commutation,27,136,4,1,1,0.12596237877299873,3.552713678800501e-15,/Users/a_lee/Repos/qhat/demo_L_sweep_library/He-H/1.09/sto-6g/He-H_1.09_sto-6g_as-003-001_jw.dat
He-H,1.09,sto-6g,3,1,4,JW_Pauli_string_commutation,27,136,4,1,2,0.06263192834494713,3.552713678800501e-15,/Users/a_lee/Repos/qhat/demo_L_sweep_library/He-H/1.09/sto-6g/He-H_1.09_sto-6g_as-003-001_jw.dat
He-H,1.09,sto-6g,3,1,4,JW_Pauli_string_commutation,27,136,4,1,5,0.02494961361278509,3.552713678800501e-15,/Users/a_lee/Repos/qhat/demo_L_sweep_library/He-H/1.09/sto-6g/He-H_1.09_sto-6g_as-003-001_jw.dat
He-H,1.09,sto-6g,3,1,4,JW_Pauli_string_commutation,27,136,4,1,10,0.012454409891070864,3.552713678800501e-15,/Users/a_lee/Repos/qhat/demo_L_sweep_library/He-H/1.09/sto-6g/He-H_1.09_sto-6g_as-003-001_jw.dat
He-H,1.09,sto-6g,3,1,4,JW_Pauli_string_commutation,27,136,4,2,1,0.023843281216990517,3.552713678800501e-15,/Users/a_lee/Repos/qhat/demo_L_sweep_library/He-H/1.09/sto-6g/He-H_1.09_sto-6g_as-003-001_jw.dat
He-H,1.09,sto-6g,3,1,4,JW_Pauli_string_commutation,27,136,4,2,2,0.005812673546808483,3.552713678800501e-15,/Users/a_lee/Repos/qhat/demo_L_sweep_library/He-H/1.09/sto-6g/He-H_1.09_sto-6g_as-003-001_jw.dat
He-H,1.09,sto-6g,3,1,4,JW_Pauli_string_commutation,27,136,4,2,5,0.0009240793635167254,3.552713678800501e-15,/Users/a_lee/Repos/qhat/demo_L_sweep_library/He-H/1.09/sto-6g/He-H_1.09_sto-6g_as-003-001_jw.dat
He-H,1.09,sto-6g,3,1,4,JW_Pauli_string_commutation,27,136,4,2,10,0.0002308129063236035,3.552713678800501e-15,/Users/a_lee/Repos/qhat/demo_L_sweep_library/He-H/1.09/sto-6g/He-H_1.09_sto-6g_as-003-001_jw.dat
He-He,0.74,hgbs-5,2,2,4,fermionic_commutation_then_JW,23,32,2,1,1,0.0021191909803045406,5.329070518200751e-15,/Users/a_lee/Repos/qhat/demo_L_sweep_library/He-He/0.74/hgbs-5/He-He_0.74_hgbs-5_as-002-002_jw.dat
He-He,0.74,hgbs-5,2,2,4,fermionic_commutation_then_JW,23,32,2,1,2,0.00104239090538763,5.329070518200751e-15,/Users/a_lee/Repos/qhat/demo_L_sweep_library/He-He/0.74/hgbs-5/He-He_0.74_hgbs-5_as-002-002_jw.dat
He-He,0.74,hgbs-5,2,2,4,fermionic_commutation_then_JW,23,32,2,1,5,0.00041510350035281143,5.329070518200751e-15,/Users/a_lee/Repos/qhat/demo_L_sweep_library/He-He/0.74/hgbs-5/He-He_0.74_hgbs-5_as-002-002_jw.dat
He-He,0.74,hgbs-5,2,2,4,fermionic_commutation_then_JW,23,32,2,1,10,0.00020742067236121327,5.329070518200751e-15,/Users/a_lee/Repos/qhat/demo_L_sweep_library/He-He/0.74/hgbs-5/He-He_0.74_hgbs-5_as-002-002_jw.dat
He-He,0.74,hgbs-5,2,2,4,fermionic_commutation_then_JW,23,32,2,2,1,0.0004363960045483213,5.329070518200751e-15,/Users/a_lee/Repos/qhat/demo_L_sweep_library/He-He/0.74/hgbs-5/He-He_0.74_hgbs-5_as-002-002_jw.dat
He-He,0.74,hgbs-5,2,2,4,fermionic_commutation_then_JW,23,32,2,2,2,0.0001069926759070652,5.329070518200751e-15,/Users/a_lee/Repos/qhat/demo_L_sweep_library/He-He/0.74/hgbs-5/He-He_0.74_hgbs-5_as-002-002_jw.dat
He-He,0.74,hgbs-5,2,2,4,fermionic_commutation_then_JW,23,32,2,2,5,1.702774190844825e-05,5.329070518200751e-15,/Users/a_lee/Repos/qhat/demo_L_sweep_library/He-He/0.74/hgbs-5/He-He_0.74_hgbs-5_as-002-002_jw.dat
He-He,0.74,hgbs-5,2,2,4,fermionic_commutation_then_JW,23,32,2,2,10,4.253710563002825e-06,5.329070518200751e-15,/Users/a_lee/Repos/qhat/demo_L_sweep_library/He-He/0.74/hgbs-5/He-He_0.74_hgbs-5_as-002-002_jw.dat
He-He,0.74,hgbs-5,2,2,4,JW_Pauli_string_commutation,15,16,2,1,1,0.002119190980302607,5.329070518200751e-15,/Users/a_lee/Repos/qhat/demo_L_sweep_library/He-He/0.74/hgbs-5/He-He_0.74_hgbs-5_as-002-002_jw.dat
He-He,0.74,hgbs-5,2,2,4,JW_Pauli_string_commutation,15,16,2,1,2,0.0010423909053855946,5.329070518200751e-15,/Users/a_lee/Repos/qhat/demo_L_sweep_library/He-He/0.74/hgbs-5/He-He_0.74_hgbs-5_as-002-002_jw.dat
He-He,0.74,hgbs-5,2,2,4,JW_Pauli_string_commutation,15,16,2,1,5,0.0004151035003510028,5.329070518200751e-15,/Users/a_lee/Repos/qhat/demo_L_sweep_library/He-He/0.74/hgbs-5/He-He_0.74_hgbs-5_as-002-002_jw.dat
He-He,0.74,hgbs-5,2,2,4,JW_Pauli_string_commutation,15,16,2,1,10,0.00020742067235871885,5.329070518200751e-15,/Users/a_lee/Repos/qhat/demo_L_sweep_library/He-He/0.74/hgbs-5/He-He_0.74_hgbs-5_as-002-002_jw.dat
He-He,0.74,hgbs-5,2,2,4,JW_Pauli_string_commutation,15,16,2,2,1,0.00022242442338561334,5.329070518200751e-15,/Users/a_lee/Repos/qhat/demo_L_sweep_library/He-He/0.74/hgbs-5/He-He_0.74_hgbs-5_as-002-002_jw.dat
He-He,0.74,hgbs-5,2,2,4,JW_Pauli_string_commutation,15,16,2,2,2,5.375417126326573e-05,5.329070518200751e-15,/Users/a_lee/Repos/qhat/demo_L_sweep_library/He-He/0.74/hgbs-5/He-He_0.74_hgbs-5_as-002-002_jw.dat
He-He,0.74,hgbs-5,2,2,4,JW_Pauli_string_commutation,15,16,2,2,5,8.520879311060967e-06,5.329070518200751e-15,/Users/a_lee/Repos/qhat/demo_L_sweep_library/He-He/0.74/hgbs-5/He-He_0.74_hgbs-5_as-002-002_jw.dat
He-He,0.74,hgbs-5,2,2,4,JW_Pauli_string_commutation,15,16,2,2,10,2.127397544970722e-06,5.329070518200751e-15,/Users/a_lee/Repos/qhat/demo_L_sweep_library/He-He/0.74/hgbs-5/He-He_0.74_hgbs-5_as-002-002_jw.dat
He-He,0.74,hgbs-5,2,4,6,fermionic_commutation_then_JW,85,1592,7,1,1,0.041188872586920416,7.993605777301127e-15,/Users/a_lee/Repos/qhat/demo_L_sweep_library/He-He/0.74/hgbs-5/He-He_0.74_hgbs-5_as-002-004_jw.dat
He-He,0.74,hgbs-5,2,4,6,fermionic_commutation_then_JW,85,1592,7,1,2,0.020342637997391434,7.993605777301127e-15,/Users/a_lee/Repos/qhat/demo_L_sweep_library/He-He/0.74/hgbs-5/He-He_0.74_hgbs-5_as-002-004_jw.dat
He-He,0.74,hgbs-5,2,4,6,fermionic_commutation_then_JW,85,1592,7,1,5,0.008104274003945134,7.993605777301127e-15,/Users/a_lee/Repos/qhat/demo_L_sweep_library/He-He/0.74/hgbs-5/He-He_0.74_hgbs-5_as-002-004_jw.dat
He-He,0.74,hgbs-5,2,4,6,fermionic_commutation_then_JW,85,1592,7,1,10,0.004048915198057458,7.993605777301127e-15,/Users/a_lee/Repos/qhat/demo_L_sweep_library/He-He/0.74/hgbs-5/He-He_0.74_hgbs-5_as-002-004_jw.dat
He-He,0.74,hgbs-5,2,4,6,fermionic_commutation_then_JW,85,1592,7,2,1,0.004280360194146193,7.993605777301127e-15,/Users/a_lee/Repos/qhat/demo_L_sweep_library/He-He/0.74/hgbs-5/He-He_0.74_hgbs-5_as-002-004_jw.dat
He-He,0.74,hgbs-5,2,4,6,fermionic_commutation_then_JW,85,1592,7,2,2,0.0010540197195701467,7.993605777301127e-15,/Users/a_lee/Repos/qhat/demo_L_sweep_library/He-He/0.74/hgbs-5/He-He_0.74_hgbs-5_as-002-004_jw.dat
He-He,0.74,hgbs-5,2,4,6,fermionic_commutation_then_JW,85,1592,7,2,5,0.00016794548857388102,7.993605777301127e-15,/Users/a_lee/Repos/qhat/demo_L_sweep_library/He-He/0.74/hgbs-5/He-He_0.74_hgbs-5_as-002-004_jw.dat
He-He,0.74,hgbs-5,2,4,6,fermionic_commutation_then_JW,85,1592,7,2,10,4.196164879039059e-05,7.993605777301127e-15,/Users/a_lee/Repos/qhat/demo_L_sweep_library/He-He/0.74/hgbs-5/He-He_0.74_hgbs-5_as-002-004_jw.dat
He-He,0.74,hgbs-5,2,4,6,JW_Pauli_string_commutation,62,760,6,1,1,0.044330730854462375,7.993605777301127e-15,/Users/a_lee/Repos/qhat/demo_L_sweep_library/He-He/0.74/hgbs-5/He-He_0.74_hgbs-5_as-002-004_jw.dat
He-He,0.74,hgbs-5,2,4,6,JW_Pauli_string_commutation,62,760,6,1,2,0.021971792860178092,7.993605777301127e-15,/Users/a_lee/Repos/qhat/demo_L_sweep_library/He-He/0.74/hgbs-5/He-He_0.74_hgbs-5_as-002-004_jw.dat
He-He,0.74,hgbs-5,2,4,6,JW_Pauli_string_commutation,62,760,6,1,5,0.008765085347027331,7.993605777301127e-15,/Users/a_lee/Repos/qhat/demo_L_sweep_library/He-He/0.74/hgbs-5/He-He_0.74_hgbs-5_as-002-004_jw.dat
He-He,0.74,hgbs-5,2,4,6,JW_Pauli_string_commutation,62,760,6,1,10,0.004380424800447466,7.993605777301127e-15,/Users/a_lee/Repos/qhat/demo_L_sweep_library/He-He/0.74/hgbs-5/He-He_0.74_hgbs-5_as-002-004_jw.dat
He-He,0.74,hgbs-5,2,4,6,JW_Pauli_string_commutation,62,760,6,2,1,0.0037288475410242198,7.993605777301127e-15,/Users/a_lee/Repos/qhat/demo_L_sweep_library/He-He/0.74/hgbs-5/He-He_0.74_hgbs-5_as-002-004_jw.dat
He-He,0.74,hgbs-5,2,4,6,JW_Pauli_string_commutation,62,760,6,2,2,0.0009150736351883123,7.993605777301127e-15,/Users/a_lee/Repos/qhat/demo_L_sweep_library/He-He/0.74/hgbs-5/He-He_0.74_hgbs-5_as-002-004_jw.dat
He-He,0.74,hgbs-5,2,4,6,JW_Pauli_string_commutation,62,760,6,2,5,0.00014566257305398102,7.993605777301127e-15,/Users/a_lee/Repos/qhat/demo_L_sweep_library/He-He/0.74/hgbs-5/He-He_0.74_hgbs-5_as-002-004_jw.dat
He-He,0.74,hgbs-5,2,4,6,JW_Pauli_string_commutation,62,760,6,2,10,3.638904735830782e-05,7.993605777301127e-15,/Users/a_lee/Repos/qhat/demo_L_sweep_library/He-He/0.74/hgbs-5/He-He_0.74_hgbs-5_as-002-004_jw.dat
He-He,1.01,hgbs-5,2,2,4,fermionic_commutation_then_JW,23,32,2,1,1,0.0023368101122045104,1.7763568394002505e-15,/Users/a_lee/Repos/qhat/demo_L_sweep_library/He-He/1.01/hgbs-5/He-He_1.01_hgbs-5_as-002-002_jw.dat
He-He,1.01,hgbs-5,2,2,4,fermionic_commutation_then_JW,23,32,2,1,2,0.0011335483485917918,1.7763568394002505e-15,/Users/a_lee/Repos/qhat/demo_L_sweep_library/He-He/1.01/hgbs-5/He-He_1.01_hgbs-5_as-002-002_jw.dat
He-He,1.01,hgbs-5,2,2,4,fermionic_commutation_then_JW,23,32,2,1,5,0.00044978510337950506,1.7763568394002505e-15,/Users/a_lee/Repos/qhat/demo_L_sweep_library/He-He/1.01/hgbs-5/He-He_1.01_hgbs-5_as-002-002_jw.dat
He-He,1.01,hgbs-5,2,2,4,fermionic_commutation_then_JW,23,32,2,1,10,0.00022463743416402596,1.7763568394002505e-15,/Users/a_lee/Repos/qhat/demo_L_sweep_library/He-He/1.01/hgbs-5/He-He_1.01_hgbs-5_as-002-002_jw.dat
He-He,1.01,hgbs-5,2,2,4,fermionic_commutation_then_JW,23,32,2,2,1,0.0006467522126438442,1.7763568394002505e-15,/Users/a_lee/Repos/qhat/demo_L_sweep_library/He-He/1.01/hgbs-5/He-He_1.01_hgbs-5_as-002-002_jw.dat
He-He,1.01,hgbs-5,2,2,4,fermionic_commutation_then_JW,23,32,2,2,2,0.00015599463796789033,1.7763568394002505e-15,/Users/a_lee/Repos/qhat/demo_L_sweep_library/He-He/1.01/hgbs-5/He-He_1.01_hgbs-5_as-002-002_jw.dat
He-He,1.01,hgbs-5,2,2,4,fermionic_commutation_then_JW,23,32,2,2,5,2.4720023302522943e-05,1.7763568394002505e-15,/Users/a_lee/Repos/qhat/demo_L_sweep_library/He-He/1.01/hgbs-5/He-He_1.01_hgbs-5_as-002-002_jw.dat
He-He,1.01,hgbs-5,2,2,4,fermionic_commutation_then_JW,23,32,2,2,10,6.171598659730407e-06,1.7763568394002505e-15,/Users/a_lee/Repos/qhat/demo_L_sweep_library/He-He/1.01/hgbs-5/He-He_1.01_hgbs-5_as-002-002_jw.dat
He-He,1.01,hgbs-5,2,2,4,JW_Pauli_string_commutation,15,16,2,1,1,0.0023368101122043516,1.7763568394002505e-15,/Users/a_lee/Repos/qhat/demo_L_sweep_library/He-He/1.01/hgbs-5/He-He_1.01_hgbs-5_as-002-002_jw.dat
He-He,1.01,hgbs-5,2,2,4,JW_Pauli_string_commutation,15,16,2,1,2,0.0011335483485913956,1.7763568394002505e-15,/Users/a_lee/Repos/qhat/demo_L_sweep_library/He-He/1.01/hgbs-5/He-He_1.01_hgbs-5_as-002-002_jw.dat
He-He,1.01,hgbs-5,2,2,4,JW_Pauli_string_commutation,15,16,2,1,5,0.00044978510337902725,1.7763568394002505e-15,/Users/a_lee/Repos/qhat/demo_L_sweep_library/He-He/1.01/hgbs-5/He-He_1.01_hgbs-5_as-002-002_jw.dat
He-He,1.01,hgbs-5,2,2,4,JW_Pauli_string_commutation,15,16,2,1,10,0.0002246374341634892,1.7763568394002505e-15,/Users/a_lee/Repos/qhat/demo_L_sweep_library/He-He/1.01/hgbs-5/He-He_1.01_hgbs-5_as-002-002_jw.dat
He-He,1.01,hgbs-5,2,2,4,JW_Pauli_string_commutation,15,16,2,2,1,0.00033477109926275094,1.7763568394002505e-15,/Users/a_lee/Repos/qhat/demo_L_sweep_library/He-He/1.01/hgbs-5/He-He_1.01_hgbs-5_as-002-002_jw.dat
He-He,1.01,hgbs-5,2,2,4,JW_Pauli_string_commutation,15,16,2,2,2,7.86675604360185e-05,1.7763568394002505e-15,/Users/a_lee/Repos/qhat/demo_L_sweep_library/He-He/1.01/hgbs-5/He-He_1.01_hgbs-5_as-002-002_jw.dat
He-He,1.01,hgbs-5,2,2,4,JW_Pauli_string_commutation,15,16,2,2,5,1.237716101209379e-05,1.7763568394002505e-15,/Users/a_lee/Repos/qhat/demo_L_sweep_library/He-He/1.01/hgbs-5/He-He_1.01_hgbs-5_as-002-002_jw.dat
He-He,1.01,hgbs-5,2,2,4,JW_Pauli_string_commutation,15,16,2,2,10,3.086931505920859e-06,1.7763568394002505e-15,/Users/a_lee/Repos/qhat/demo_L_sweep_library/He-He/1.01/hgbs-5/He-He_1.01_hgbs-5_as-002-002_jw.dat
He-He,1.01,hgbs-5,2,4,6,fermionic_commutation_then_JW,85,1588,7,1,1,0.03776890841819806,4.440892098500626e-15,/Users/a_lee/Repos/qhat/demo_L_sweep_library/He-He/1.01/hgbs-5/He-He_1.01_hgbs-5_as-002-004_jw.dat
He-He,1.01,hgbs-5,2,4,6,fermionic_commutation_then_JW,85,1588,7,1,2,0.018573435690633657,4.440892098500626e-15,/Users/a_lee/Repos/qhat/demo_L_sweep_library/He-He/1.01/hgbs-5/He-He_1.01_hgbs-5_as-002-004_jw.dat
He-He,1.01,hgbs-5,2,4,6,fermionic_commutation_then_JW,85,1588,7,1,5,0.007392337418119968,4.440892098500626e-15,/Users/a_lee/Repos/qhat/demo_L_sweep_library/He-He/1.01/hgbs-5/He-He_1.01_hgbs-5_as-002-004_jw.dat
He-He,1.01,hgbs-5,2,4,6,fermionic_commutation_then_JW,85,1588,7,1,10,0.0036929628149199698,4.440892098500626e-15,/Users/a_lee/Repos/qhat/demo_L_sweep_library/He-He/1.01/hgbs-5/He-He_1.01_hgbs-5_as-002-004_jw.dat
He-He,1.01,hgbs-5,2,4,6,fermionic_commutation_then_JW,85,1588,7,2,1,0.0043096346233029645,4.440892098500626e-15,/Users/a_lee/Repos/qhat/demo_L_sweep_library/He-He/1.01/hgbs-5/He-He_1.01_hgbs-5_as-002-004_jw.dat
He-He,1.01,hgbs-5,2,4,6,fermionic_commutation_then_JW,85,1588,7,2,2,0.001048077816905341,4.440892098500626e-15,/Users/a_lee/Repos/qhat/demo_L_sweep_library/He-He/1.01/hgbs-5/He-He_1.01_hgbs-5_as-002-004_jw.dat
He-He,1.01,hgbs-5,2,4,6,fermionic_commutation_then_JW,85,1588,7,2,5,0.000166435129749297,4.440892098500626e-15,/Users/a_lee/Repos/qhat/demo_L_sweep_library/He-He/1.01/hgbs-5/He-He_1.01_hgbs-5_as-002-004_jw.dat
He-He,1.01,hgbs-5,2,4,6,fermionic_commutation_then_JW,85,1588,7,2,10,4.156436071214484e-05,4.440892098500626e-15,/Users/a_lee/Repos/qhat/demo_L_sweep_library/He-He/1.01/hgbs-5/He-He_1.01_hgbs-5_as-002-004_jw.dat
He-He,1.01,hgbs-5,2,4,6,JW_Pauli_string_commutation,62,760,6,1,1,0.04129806117264067,4.440892098500626e-15,/Users/a_lee/Repos/qhat/demo_L_sweep_library/He-He/1.01/hgbs-5/He-He_1.01_hgbs-5_as-002-004_jw.dat
He-He,1.01,hgbs-5,2,4,6,JW_Pauli_string_commutation,62,760,6,1,2,0.020382734745114563,4.440892098500626e-15,/Users/a_lee/Repos/qhat/demo_L_sweep_library/He-He/1.01/hgbs-5/He-He_1.01_hgbs-5_as-002-004_jw.dat
He-He,1.01,hgbs-5,2,4,6,JW_Pauli_string_commutation,62,760,6,1,5,0.008120621474815501,4.440892098500626e-15,/Users/a_lee/Repos/qhat/demo_L_sweep_library/He-He/1.01/hgbs-5/He-He_1.01_hgbs-5_as-002-004_jw.dat
He-He,1.01,hgbs-5,2,4,6,JW_Pauli_string_commutation,62,760,6,1,10,0.004057342303243528,4.440892098500626e-15,/Users/a_lee/Repos/qhat/demo_L_sweep_library/He-He/1.01/hgbs-5/He-He_1.01_hgbs-5_as-002-004_jw.dat
He-He,1.01,hgbs-5,2,4,6,JW_Pauli_string_commutation,62,760,6,2,1,0.004044647977809004,4.440892098500626e-15,/Users/a_lee/Repos/qhat/demo_L_sweep_library/He-He/1.01/hgbs-5/He-He_1.01_hgbs-5_as-002-004_jw.dat
He-He,1.01,hgbs-5,2,4,6,JW_Pauli_string_commutation,62,760,6,2,2,0.0009827436616391622,4.440892098500626e-15,/Users/a_lee/Repos/qhat/demo_L_sweep_library/He-He/1.01/hgbs-5/He-He_1.01_hgbs-5_as-002-004_jw.dat
He-He,1.01,hgbs-5,2,4,6,JW_Pauli_string_commutation,62,760,6,2,5,0.00015601296643142745,4.440892098500626e-15,/Users/a_lee/Repos/qhat/demo_L_sweep_library/He-He/1.01/hgbs-5/He-He_1.01_hgbs-5_as-002-004_jw.dat
He-He,1.01,hgbs-5,2,4,6,JW_Pauli_string_commutation,62,760,6,2,10,3.8959858879027074e-05,4.440892098500626e-15,/Users/a_lee/Repos/qhat/demo_L_sweep_library/He-He/1.01/hgbs-5/He-He_1.01_hgbs-5_as-002-004_jw.dat
He-He,1.29,hgbs-5,2,2,4,fermionic_commutation_then_JW,23,32,2,1,1,0.0030123141788173245,1.7763568394002505e-15,/Users/a_lee/Repos/qhat/demo_L_sweep_library/He-He/1.29/hgbs-5/He-He_1.29_hgbs-5_as-002-002_jw.dat
He-He,1.29,hgbs-5,2,2,4,fermionic_commutation_then_JW,23,32,2,1,2,0.0014487172018491684,1.7763568394002505e-15,/Users/a_lee/Repos/qhat/demo_L_sweep_library/He-He/1.29/hgbs-5/He-He_1.29_hgbs-5_as-002-002_jw.dat
He-He,1.29,hgbs-5,2,2,4,fermionic_commutation_then_JW,23,32,2,1,5,0.0005736144109775536,1.7763568394002505e-15,/Users/a_lee/Repos/qhat/demo_L_sweep_library/He-He/1.29/hgbs-5/He-He_1.29_hgbs-5_as-002-002_jw.dat
He-He,1.29,hgbs-5,2,2,4,fermionic_commutation_then_JW,23,32,2,1,10,0.0002863968521826113,1.7763568394002505e-15,/Users/a_lee/Repos/qhat/demo_L_sweep_library/He-He/1.29/hgbs-5/He-He_1.29_hgbs-5_as-002-002_jw.dat
He-He,1.29,hgbs-5,2,2,4,fermionic_commutation_then_JW,23,32,2,2,1,0.0009378250920849761,1.7763568394002505e-15,/Users/a_lee/Repos/qhat/demo_L_sweep_library/He-He/1.29/hgbs-5/He-He_1.29_hgbs-5_as-002-002_jw.dat
He-He,1.29,hgbs-5,2,2,4,fermionic_commutation_then_JW,23,32,2,2,2,0.0002239485948025354,1.7763568394002505e-15,/Users/a_lee/Repos/qhat/demo_L_sweep_library/He-He/1.29/hgbs-5/He-He_1.29_hgbs-5_as-002-002_jw.dat
He-He,1.29,hgbs-5,2,2,4,fermionic_commutation_then_JW,23,32,2,2,5,3.5398195477015626e-05,1.7763568394002505e-15,/Users/a_lee/Repos/qhat/demo_L_sweep_library/He-He/1.29/hgbs-5/He-He_1.29_hgbs-5_as-002-002_jw.dat
He-He,1.29,hgbs-5,2,2,4,fermionic_commutation_then_JW,23,32,2,2,10,8.834367524626496e-06,1.7763568394002505e-15,/Users/a_lee/Repos/qhat/demo_L_sweep_library/He-He/1.29/hgbs-5/He-He_1.29_hgbs-5_as-002-002_jw.dat
He-He,1.29,hgbs-5,2,2,4,JW_Pauli_string_commutation,15,16,2,1,1,0.00301231417881737,1.7763568394002505e-15,/Users/a_lee/Repos/qhat/demo_L_sweep_library/He-He/1.29/hgbs-5/He-He_1.29_hgbs-5_as-002-002_jw.dat
He-He,1.29,hgbs-5,2,2,4,JW_Pauli_string_commutation,15,16,2,1,2,0.0014487172018492387,1.7763568394002505e-15,/Users/a_lee/Repos/qhat/demo_L_sweep_library/He-He/1.29/hgbs-5/He-He_1.29_hgbs-5_as-002-002_jw.dat
He-He,1.29,hgbs-5,2,2,4,JW_Pauli_string_commutation,15,16,2,1,5,0.0005736144109780622,1.7763568394002505e-15,/Users/a_lee/Repos/qhat/demo_L_sweep_library/He-He/1.29/hgbs-5/He-He_1.29_hgbs-5_as-002-002_jw.dat
He-He,1.29,hgbs-5,2,2,4,JW_Pauli_string_commutation,15,16,2,1,10,0.00028639685218171865,1.7763568394002505e-15,/Users/a_lee/Repos/qhat/demo_L_sweep_library/He-He/1.29/hgbs-5/He-He_1.29_hgbs-5_as-002-002_jw.dat
He-He,1.29,hgbs-5,2,2,4,JW_Pauli_string_commutation,15,16,2,2,1,0.0004899407143000056,1.7763568394002505e-15,/Users/a_lee/Repos/qhat/demo_L_sweep_library/He-He/1.29/hgbs-5/He-He_1.29_hgbs-5_as-002-002_jw.dat
He-He,1.29,hgbs-5,2,2,4,JW_Pauli_string_commutation,15,16,2,2,2,0.00011318958116659607,1.7763568394002505e-15,/Users/a_lee/Repos/qhat/demo_L_sweep_library/He-He/1.29/hgbs-5/He-He_1.29_hgbs-5_as-002-002_jw.dat
He-He,1.29,hgbs-5,2,2,4,JW_Pauli_string_commutation,15,16,2,2,5,1.7729990182508547e-05,1.7763568394002505e-15,/Users/a_lee/Repos/qhat/demo_L_sweep_library/He-He/1.29/hgbs-5/He-He_1.29_hgbs-5_as-002-002_jw.dat
He-He,1.29,hgbs-5,2,2,4,JW_Pauli_string_commutation,15,16,2,2,10,4.419208216896492e-06,1.7763568394002505e-15,/Users/a_lee/Repos/qhat/demo_L_sweep_library/He-He/1.29/hgbs-5/He-He_1.29_hgbs-5_as-002-002_jw.dat
He-He,1.29,hgbs-5,2,4,6,fermionic_commutation_then_JW,85,1592,7,1,1,0.03505869696286794,3.552771502955112e-15,/Users/a_lee/Repos/qhat/demo_L_sweep_library/He-He/1.29/hgbs-5/He-He_1.29_hgbs-5_as-002-004_jw.dat
He-He,1.29,hgbs-5,2,4,6,fermionic_commutation_then_JW,85,1592,7,1,2,0.017210665829871696,3.552771502955112e-15,/Users/a_lee/Repos/qhat/demo_L_sweep_library/He-He/1.29/hgbs-5/He-He_1.29_hgbs-5_as-002-004_jw.dat
He-He,1.29,hgbs-5,2,4,6,fermionic_commutation_then_JW,85,1592,7,1,5,0.006847726587034531,3.552771502955112e-15,/Users/a_lee/Repos/qhat/demo_L_sweep_library/He-He/1.29/hgbs-5/He-He_1.29_hgbs-5_as-002-004_jw.dat
He-He,1.29,hgbs-5,2,4,6,fermionic_commutation_then_JW,85,1592,7,1,10,0.003420885207362631,3.552771502955112e-15,/Users/a_lee/Repos/qhat/demo_L_sweep_library/He-He/1.29/hgbs-5/He-He_1.29_hgbs-5_as-002-004_jw.dat
He-He,1.29,hgbs-5,2,4,6,fermionic_commutation_then_JW,85,1592,7,2,1,0.004222887467088823,3.552771502955112e-15,/Users/a_lee/Repos/qhat/demo_L_sweep_library/He-He/1.29/hgbs-5/He-He_1.29_hgbs-5_as-002-004_jw.dat
He-He,1.29,hgbs-5,2,4,6,fermionic_commutation_then_JW,85,1592,7,2,2,0.0010210580536866628,3.552771502955112e-15,/Users/a_lee/Repos/qhat/demo_L_sweep_library/He-He/1.29/hgbs-5/He-He_1.29_hgbs-5_as-002-004_jw.dat
He-He,1.29,hgbs-5,2,4,6,fermionic_commutation_then_JW,85,1592,7,2,5,0.00016189516319535294,3.552771502955112e-15,/Users/a_lee/Repos/qhat/demo_L_sweep_library/He-He/1.29/hgbs-5/He-He_1.29_hgbs-5_as-002-004_jw.dat
He-He,1.29,hgbs-5,2,4,6,fermionic_commutation_then_JW,85,1592,7,2,10,4.0421805540954285e-05,3.552771502955112e-15,/Users/a_lee/Repos/qhat/demo_L_sweep_library/He-He/1.29/hgbs-5/He-He_1.29_hgbs-5_as-002-004_jw.dat
He-He,1.29,hgbs-5,2,4,6,JW_Pauli_string_commutation,62,760,6,1,1,0.038739960542974905,3.552771502955112e-15,/Users/a_lee/Repos/qhat/demo_L_sweep_library/He-He/1.29/hgbs-5/He-He_1.29_hgbs-5_as-002-004_jw.dat
He-He,1.29,hgbs-5,2,4,6,JW_Pauli_string_commutation,62,760,6,1,2,0.019082549467633592,3.552771502955112e-15,/Users/a_lee/Repos/qhat/demo_L_sweep_library/He-He/1.29/hgbs-5/He-He_1.29_hgbs-5_as-002-004_jw.dat
He-He,1.29,hgbs-5,2,4,6,JW_Pauli_string_commutation,62,760,6,1,5,0.00759769804246708,3.552771502955112e-15,/Users/a_lee/Repos/qhat/demo_L_sweep_library/He-He/1.29/hgbs-5/He-He_1.29_hgbs-5_as-002-004_jw.dat
He-He,1.29,hgbs-5,2,4,6,JW_Pauli_string_commutation,62,760,6,1,10,0.003795543031481271,3.552771502955112e-15,/Users/a_lee/Repos/qhat/demo_L_sweep_library/He-He/1.29/hgbs-5/He-He_1.29_hgbs-5_as-002-004_jw.dat
He-He,1.29,hgbs-5,2,4,6,JW_Pauli_string_commutation,62,760,6,2,1,0.00399536753154849,3.552771502955112e-15,/Users/a_lee/Repos/qhat/demo_L_sweep_library/He-He/1.29/hgbs-5/He-He_1.29_hgbs-5_as-002-004_jw.dat
He-He,1.29,hgbs-5,2,4,6,JW_Pauli_string_commutation,62,760,6,2,2,0.0009665222561237085,3.552771502955112e-15,/Users/a_lee/Repos/qhat/demo_L_sweep_library/He-He/1.29/hgbs-5/He-He_1.29_hgbs-5_as-002-004_jw.dat
He-He,1.29,hgbs-5,2,4,6,JW_Pauli_string_commutation,62,760,6,2,5,0.00015325744698501173,3.552771502955112e-15,/Users/a_lee/Repos/qhat/demo_L_sweep_library/He-He/1.29/hgbs-5/He-He_1.29_hgbs-5_as-002-004_jw.dat
He-He,1.29,hgbs-5,2,4,6,JW_Pauli_string_commutation,62,760,6,2,10,3.826538348648803e-05,3.552771502955112e-15,/Users/a_lee/Repos/qhat/demo_L_sweep_library/He-He/1.29/hgbs-5/He-He_1.29_hgbs-5_as-002-004_jw.dat
Li-H,1.32,hgbs-5,2,2,4,fermionic_commutation_then_JW,33,196,4,1,1,0.01391518404164283,3.552713678800501e-15,/Users/a_lee/Repos/qhat/demo_L_sweep_library/Li-H/1.32/hgbs-5/Li-H_1.32_hgbs-5_as-002-002_jw.dat
Li-H,1.32,hgbs-5,2,2,4,fermionic_commutation_then_JW,33,196,4,1,2,0.006935066739724041,3.552713678800501e-15,/Users/a_lee/Repos/qhat/demo_L_sweep_library/Li-H/1.32/hgbs-5/Li-H_1.32_hgbs-5_as-002-002_jw.dat
Li-H,1.32,hgbs-5,2,2,4,fermionic_commutation_then_JW,33,196,4,1,5,0.002771400634532107,3.552713678800501e-15,/Users/a_lee/Repos/qhat/demo_L_sweep_library/Li-H/1.32/hgbs-5/Li-H_1.32_hgbs-5_as-002-002_jw.dat
Li-H,1.32,hgbs-5,2,2,4,fermionic_commutation_then_JW,33,196,4,1,10,0.0013854910030879036,3.552713678800501e-15,/Users/a_lee/Repos/qhat/demo_L_sweep_library/Li-H/1.32/hgbs-5/Li-H_1.32_hgbs-5_as-002-002_jw.dat
Li-H,1.32,hgbs-5,2,2,4,fermionic_commutation_then_JW,33,196,4,2,1,0.0010686118820171764,3.552713678800501e-15,/Users/a_lee/Repos/qhat/demo_L_sweep_library/Li-H/1.32/hgbs-5/Li-H_1.32_hgbs-5_as-002-002_jw.dat
Li-H,1.32,hgbs-5,2,2,4,fermionic_commutation_then_JW,33,196,4,2,2,0.0002659761861494892,3.552713678800501e-15,/Users/a_lee/Repos/qhat/demo_L_sweep_library/Li-H/1.32/hgbs-5/Li-H_1.32_hgbs-5_as-002-002_jw.dat
Li-H,1.32,hgbs-5,2,2,4,fermionic_commutation_then_JW,33,196,4,2,5,4.250383249762712e-05,3.552713678800501e-15,/Users/a_lee/Repos/qhat/demo_L_sweep_library/Li-H/1.32/hgbs-5/Li-H_1.32_hgbs-5_as-002-002_jw.dat
Li-H,1.32,hgbs-5,2,2,4,fermionic_commutation_then_JW,33,196,4,2,10,1.0624091439765013e-05,3.552713678800501e-15,/Users/a_lee/Repos/qhat/demo_L_sweep_library/Li-H/1.32/hgbs-5/Li-H_1.32_hgbs-5_as-002-002_jw.dat
Li-H,1.32,hgbs-5,2,2,4,JW_Pauli_string_commutation,27,136,4,1,1,0.010358451438905526,3.552713678800501e-15,/Users/a_lee/Repos/qhat/demo_L_sweep_library/Li-H/1.32/hgbs-5/Li-H_1.32_hgbs-5_as-002-002_jw.dat
Li-H,1.32,hgbs-5,2,2,4,JW_Pauli_string_commutation,27,136,4,1,2,0.005178859927852582,3.552713678800501e-15,/Users/a_lee/Repos/qhat/demo_L_sweep_library/Li-H/1.32/hgbs-5/Li-H_1.32_hgbs-5_as-002-002_jw.dat
Li-H,1.32,hgbs-5,2,2,4,JW_Pauli_string_commutation,27,136,4,1,5,0.0020697000826646354,3.552713678800501e-15,/Users/a_lee/Repos/qhat/demo_L_sweep_library/Li-H/1.32/hgbs-5/Li-H_1.32_hgbs-5_as-002-002_jw.dat
Li-H,1.32,hgbs-5,2,2,4,JW_Pauli_string_commutation,27,136,4,1,10,0.001034391795366092,3.552713678800501e-15,/Users/a_lee/Repos/qhat/demo_L_sweep_library/Li-H/1.32/hgbs-5/Li-H_1.32_hgbs-5_as-002-002_jw.dat
Li-H,1.32,hgbs-5,2,2,4,JW_Pauli_string_commutation,27,136,4,2,1,0.0004941859664288264,3.552713678800501e-15,/Users/a_lee/Repos/qhat/demo_L_sweep_library/Li-H/1.32/hgbs-5/Li-H_1.32_hgbs-5_as-002-002_jw.dat
Li-H,1.32,hgbs-5,2,2,4,JW_Pauli_string_commutation,27,136,4,2,2,0.00012344161384573115,3.552713678800501e-15,/Users/a_lee/Repos/qhat/demo_L_sweep_library/Li-H/1.32/hgbs-5/Li-H_1.32_hgbs-5_as-002-002_jw.dat
Li-H,1.32,hgbs-5,2,2,4,JW_Pauli_string_commutation,27,136,4,2,5,1.9746070811860265e-05,3.552713678800501e-15,/Users/a_lee/Repos/qhat/demo_L_sweep_library/Li-H/1.32/hgbs-5/Li-H_1.32_hgbs-5_as-002-002_jw.dat
Li-H,1.32,hgbs-5,2,2,4,JW_Pauli_string_commutation,27,136,4,2,10,4.93635484807737e-06,3.552713678800501e-15,/Users/a_lee/Repos/qhat/demo_L_sweep_library/Li-H/1.32/hgbs-5/Li-H_1.32_hgbs-5_as-002-002_jw.dat
Li-H,1.32,hgbs-5,2,4,6,fermionic_commutation_then_JW,85,1592,7,1,1,0.01398170112340299,7.105427357601002e-15,/Users/a_lee/Repos/qhat/demo_L_sweep_library/Li-H/1.32/hgbs-5/Li-H_1.32_hgbs-5_as-002-004_jw.dat
Li-H,1.32,hgbs-5,2,4,6,fermionic_commutation_then_JW,85,1592,7,1,2,0.006967494925639026,7.105427357601002e-15,/Users/a_lee/Repos/qhat/demo_L_sweep_library/Li-H/1.32/hgbs-5/Li-H_1.32_hgbs-5_as-002-004_jw.dat
Li-H,1.32,hgbs-5,2,4,6,fermionic_commutation_then_JW,85,1592,7,1,5,0.002784354605264515,7.105427357601002e-15,/Users/a_lee/Repos/qhat/demo_L_sweep_library/Li-H/1.32/hgbs-5/Li-H_1.32_hgbs-5_as-002-004_jw.dat
Li-H,1.32,hgbs-5,2,4,6,fermionic_commutation_then_JW,85,1592,7,1,10,0.0013919807041729495,7.105427357601002e-15,/Users/a_lee/Repos/qhat/demo_L_sweep_library/Li-H/1.32/hgbs-5/Li-H_1.32_hgbs-5_as-002-004_jw.dat
Li-H,1.32,hgbs-5,2,4,6,fermionic_commutation_then_JW,85,1592,7,2,1,0.0007164993535917195,7.105427357601002e-15,/Users/a_lee/Repos/qhat/demo_L_sweep_library/Li-H/1.32/hgbs-5/Li-H_1.32_hgbs-5_as-002-004_jw.dat
Li-H,1.32,hgbs-5,2,4,6,fermionic_commutation_then_JW,85,1592,7,2,2,0.0001779823702984328,7.105427357601002e-15,/Users/a_lee/Repos/qhat/demo_L_sweep_library/Li-H/1.32/hgbs-5/Li-H_1.32_hgbs-5_as-002-004_jw.dat
Li-H,1.32,hgbs-5,2,4,6,fermionic_commutation_then_JW,85,1592,7,2,5,2.8426380929670174e-05,7.105427357601002e-15,/Users/a_lee/Repos/qhat/demo_L_sweep_library/Li-H/1.32/hgbs-5/Li-H_1.32_hgbs-5_as-002-004_jw.dat
Li-H,1.32,hgbs-5,2,4,6,fermionic_commutation_then_JW,85,1592,7,2,10,7.104784413586125e-06,7.105427357601002e-15,/Users/a_lee/Repos/qhat/demo_L_sweep_library/Li-H/1.32/hgbs-5/Li-H_1.32_hgbs-5_as-002-004_jw.dat
Li-H,1.32,hgbs-5,2,4,6,JW_Pauli_string_commutation,62,760,6,1,1,0.014289020676541296,7.105427357601002e-15,/Users/a_lee/Repos/qhat/demo_L_sweep_library/Li-H/1.32/hgbs-5/Li-H_1.32_hgbs-5_as-002-004_jw.dat
Li-H,1.32,hgbs-5,2,4,6,JW_Pauli_string_commutation,62,760,6,1,2,0.007121304272987622,7.105427357601002e-15,/Users/a_lee/Repos/qhat/demo_L_sweep_library/Li-H/1.32/hgbs-5/Li-H_1.32_hgbs-5_as-002-004_jw.dat
Li-H,1.32,hgbs-5,2,4,6,JW_Pauli_string_commutation,62,760,6,1,5,0.002845879328157562,7.105427357601002e-15,/Users/a_lee/Repos/qhat/demo_L_sweep_library/Li-H/1.32/hgbs-5/Li-H_1.32_hgbs-5_as-002-004_jw.dat
Li-H,1.32,hgbs-5,2,4,6,JW_Pauli_string_commutation,62,760,6,1,10,0.0014227402704343175,7.105427357601002e-15,/Users/a_lee/Repos/qhat/demo_L_sweep_library/Li-H/1.32/hgbs-5/Li-H_1.32_hgbs-5_as-002-004_jw.dat
Li-H,1.32,hgbs-5,2,4,6,JW_Pauli_string_commutation,62,760,6,2,1,0.0006945047691874869,7.105427357601002e-15,/Users/a_lee/Repos/qhat/demo_L_sweep_library/Li-H/1.32/hgbs-5/Li-H_1.32_hgbs-5_as-002-004_jw.dat
Li-H,1.32,hgbs-5,2,4,6,JW_Pauli_string_commutation,62,760,6,2,2,0.00017250943233645215,7.105427357601002e-15,/Users/a_lee/Repos/qhat/demo_L_sweep_library/Li-H/1.32/hgbs-5/Li-H_1.32_hgbs-5_as-002-004_jw.dat
Li-H,1.32,hgbs-5,2,4,6,JW_Pauli_string_commutation,62,760,6,2,5,2.755184326155008e-05,7.105427357601002e-15,/Users/a_lee/Repos/qhat/demo_L_sweep_library/Li-H/1.32/hgbs-5/Li-H_1.32_hgbs-5_as-002-004_jw.dat
Li-H,1.32,hgbs-5,2,4,6,JW_Pauli_string_commutation,62,760,6,2,10,6.886190268951874e-06,7.105427357601002e-15,/Users/a_lee/Repos/qhat/demo_L_sweep_library/Li-H/1.32/hgbs-5/Li-H_1.32_hgbs-5_as-002-004_jw.dat
Li-H,1.32,sto-6g,2,2,4,fermionic_commutation_then_JW,33,196,4,1,1,0.015757565074114636,7.105427357601002e-15,/Users/a_lee/Repos/qhat/demo_L_sweep_library/Li-H/1.32/sto-6g/Li-H_1.32_sto-6g_as-002-002_jw.dat
Li-H,1.32,sto-6g,2,2,4,fermionic_commutation_then_JW,33,196,4,1,2,0.00784125512574672,7.105427357601002e-15,/Users/a_lee/Repos/qhat/demo_L_sweep_library/Li-H/1.32/sto-6g/Li-H_1.32_sto-6g_as-002-002_jw.dat
Li-H,1.32,sto-6g,2,2,4,fermionic_commutation_then_JW,33,196,4,1,5,0.003131500445797005,7.105427357601002e-15,/Users/a_lee/Repos/qhat/demo_L_sweep_library/Li-H/1.32/sto-6g/Li-H_1.32_sto-6g_as-002-002_jw.dat
Li-H,1.32,sto-6g,2,2,4,fermionic_commutation_then_JW,33,196,4,1,10,0.0015652460700351842,7.105427357601002e-15,/Users/a_lee/Repos/qhat/demo_L_sweep_library/Li-H/1.32/sto-6g/Li-H_1.32_sto-6g_as-002-002_jw.dat
Li-H,1.32,sto-6g,2,2,4,fermionic_commutation_then_JW,33,196,4,2,1,0.0013573864166276169,7.105427357601002e-15,/Users/a_lee/Repos/qhat/demo_L_sweep_library/Li-H/1.32/sto-6g/Li-H_1.32_sto-6g_as-002-002_jw.dat
Li-H,1.32,sto-6g,2,2,4,fermionic_commutation_then_JW,33,196,4,2,2,0.0003378573962648028,7.105427357601002e-15,/Users/a_lee/Repos/qhat/demo_L_sweep_library/Li-H/1.32/sto-6g/Li-H_1.32_sto-6g_as-002-002_jw.dat
Li-H,1.32,sto-6g,2,2,4,fermionic_commutation_then_JW,33,196,4,2,5,5.399091341854572e-05,7.105427357601002e-15,/Users/a_lee/Repos/qhat/demo_L_sweep_library/Li-H/1.32/sto-6g/Li-H_1.32_sto-6g_as-002-002_jw.dat
Li-H,1.32,sto-6g,2,2,4,fermionic_commutation_then_JW,33,196,4,2,10,1.3495365530495477e-05,7.105427357601002e-15,/Users/a_lee/Repos/qhat/demo_L_sweep_library/Li-H/1.32/sto-6g/Li-H_1.32_sto-6g_as-002-002_jw.dat
Li-H,1.32,sto-6g,2,2,4,JW_Pauli_string_commutation,27,136,4,1,1,0.013232961665934309,7.105427357601002e-15,/Users/a_lee/Repos/qhat/demo_L_sweep_library/Li-H/1.32/sto-6g/Li-H_1.32_sto-6g_as-002-002_jw.dat
Li-H,1.32,sto-6g,2,2,4,JW_Pauli_string_commutation,27,136,4,1,2,0.006599491066514799,7.105427357601002e-15,/Users/a_lee/Repos/qhat/demo_L_sweep_library/Li-H/1.32/sto-6g/Li-H_1.32_sto-6g_as-002-002_jw.dat
Li-H,1.32,sto-6g,2,2,4,JW_Pauli_string_commutation,27,136,4,1,5,0.0026337117322198845,7.105427357601002e-15,/Users/a_lee/Repos/qhat/demo_L_sweep_library/Li-H/1.32/sto-6g/Li-H_1.32_sto-6g_as-002-002_jw.dat
Li-H,1.32,sto-6g,2,2,4,JW_Pauli_string_commutation,27,136,4,1,10,0.0013156653908747659,7.105427357601002e-15,/Users/a_lee/Repos/qhat/demo_L_sweep_library/Li-H/1.32/sto-6g/Li-H_1.32_sto-6g_as-002-002_jw.dat
Li-H,1.32,sto-6g,2,2,4,JW_Pauli_string_commutation,27,136,4,2,1,0.0006730600718581326,7.105427357601002e-15,/Users/a_lee/Repos/qhat/demo_L_sweep_library/Li-H/1.32/sto-6g/Li-H_1.32_sto-6g_as-002-002_jw.dat
Li-H,1.32,sto-6g,2,2,4,JW_Pauli_string_commutation,27,136,4,2,2,0.00016798075964376182,7.105427357601002e-15,/Users/a_lee/Repos/qhat/demo_L_sweep_library/Li-H/1.32/sto-6g/Li-H_1.32_sto-6g_as-002-002_jw.dat
Li-H,1.32,sto-6g,2,2,4,JW_Pauli_string_commutation,27,136,4,2,5,2.6864395725101883e-05,7.105427357601002e-15,/Users/a_lee/Repos/qhat/demo_L_sweep_library/Li-H/1.32/sto-6g/Li-H_1.32_sto-6g_as-002-002_jw.dat
Li-H,1.32,sto-6g,2,2,4,JW_Pauli_string_commutation,27,136,4,2,10,6.715653427588073e-06,7.105427357601002e-15,/Users/a_lee/Repos/qhat/demo_L_sweep_library/Li-H/1.32/sto-6g/Li-H_1.32_sto-6g_as-002-002_jw.dat
Li-H,1.32,sto-6g,2,4,6,fermionic_commutation_then_JW,85,1592,7,1,1,0.04089433646895347,6.217248937900877e-15,/Users/a_lee/Repos/qhat/demo_L_sweep_library/Li-H/1.32/sto-6g/Li-H_1.32_sto-6g_as-002-004_jw.dat
Li-H,1.32,sto-6g,2,4,6,fermionic_commutation_then_JW,85,1592,7,1,2,0.0206986070731836,6.217248937900877e-15,/Users/a_lee/Repos/qhat/demo_L_sweep_library/Li-H/1.32/sto-6g/Li-H_1.32_sto-6g_as-002-004_jw.dat
Li-H,1.32,sto-6g,2,4,6,fermionic_commutation_then_JW,85,1592,7,1,5,0.00827286840176754,6.217248937900877e-15,/Users/a_lee/Repos/qhat/demo_L_sweep_library/Li-H/1.32/sto-6g/Li-H_1.32_sto-6g_as-002-004_jw.dat
Li-H,1.32,sto-6g,2,4,6,fermionic_commutation_then_JW,85,1592,7,1,10,0.004129645383471837,6.217248937900877e-15,/Users/a_lee/Repos/qhat/demo_L_sweep_library/Li-H/1.32/sto-6g/Li-H_1.32_sto-6g_as-002-004_jw.dat
Li-H,1.32,sto-6g,2,4,6,fermionic_commutation_then_JW,85,1592,7,2,1,0.00821554814438385,6.217248937900877e-15,/Users/a_lee/Repos/qhat/demo_L_sweep_library/Li-H/1.32/sto-6g/Li-H_1.32_sto-6g_as-002-004_jw.dat
Li-H,1.32,sto-6g,2,4,6,fermionic_commutation_then_JW,85,1592,7,2,2,0.0021084353232216093,6.217248937900877e-15,/Users/a_lee/Repos/qhat/demo_L_sweep_library/Li-H/1.32/sto-6g/Li-H_1.32_sto-6g_as-002-004_jw.dat
Li-H,1.32,sto-6g,2,4,6,fermionic_commutation_then_JW,85,1592,7,2,5,0.0003398169370150212,6.217248937900877e-15,/Users/a_lee/Repos/qhat/demo_L_sweep_library/Li-H/1.32/sto-6g/Li-H_1.32_sto-6g_as-002-004_jw.dat
Li-H,1.32,sto-6g,2,4,6,fermionic_commutation_then_JW,85,1592,7,2,10,8.504256060199151e-05,6.217248937900877e-15,/Users/a_lee/Repos/qhat/demo_L_sweep_library/Li-H/1.32/sto-6g/Li-H_1.32_sto-6g_as-002-004_jw.dat
Li-H,1.32,sto-6g,2,4,6,JW_Pauli_string_commutation,62,760,6,1,1,0.0414313784745112,6.217248937900877e-15,/Users/a_lee/Repos/qhat/demo_L_sweep_library/Li-H/1.32/sto-6g/Li-H_1.32_sto-6g_as-002-004_jw.dat
Li-H,1.32,sto-6g,2,4,6,JW_Pauli_string_commutation,62,760,6,1,2,0.020871243753208802,6.217248937900877e-15,/Users/a_lee/Repos/qhat/demo_L_sweep_library/Li-H/1.32/sto-6g/Li-H_1.32_sto-6g_as-002-004_jw.dat
Li-H,1.32,sto-6g,2,4,6,JW_Pauli_string_commutation,62,760,6,1,5,0.00834596493473536,6.217248937900877e-15,/Users/a_lee/Repos/qhat/demo_L_sweep_library/Li-H/1.32/sto-6g/Li-H_1.32_sto-6g_as-002-004_jw.dat
Li-H,1.32,sto-6g,2,4,6,JW_Pauli_string_commutation,62,760,6,1,10,0.004169127831564527,6.217248937900877e-15,/Users/a_lee/Repos/qhat/demo_L_sweep_library/Li-H/1.32/sto-6g/Li-H_1.32_sto-6g_as-002-004_jw.dat
Li-H,1.32,sto-6g,2,4,6,JW_Pauli_string_commutation,62,760,6,2,1,0.003822141725996931,6.217248937900877e-15,/Users/a_lee/Repos/qhat/demo_L_sweep_library/Li-H/1.32/sto-6g/Li-H_1.32_sto-6g_as-002-004_jw.dat
Li-H,1.32,sto-6g,2,4,6,JW_Pauli_string_commutation,62,760,6,2,2,0.0009624297545331029,6.217248937900877e-15,/Users/a_lee/Repos/qhat/demo_L_sweep_library/Li-H/1.32/sto-6g/Li-H_1.32_sto-6g_as-002-004_jw.dat
Li-H,1.32,sto-6g,2,4,6,JW_Pauli_string_commutation,62,760,6,2,5,0.00015430245480036755,6.217248937900877e-15,/Users/a_lee/Repos/qhat/demo_L_sweep_library/Li-H/1.32/sto-6g/Li-H_1.32_sto-6g_as-002-004_jw.dat
Li-H,1.32,sto-6g,2,4,6,JW_Pauli_string_commutation,62,760,6,2,10,3.858686002842016e-05,6.217248937900877e-15,/Users/a_lee/Repos/qhat/demo_L_sweep_library/Li-H/1.32/sto-6g/Li-H_1.32_sto-6g_as-002-004_jw.dat
Li-H,1.81,hgbs-5,2,2,4,fermionic_commutation_then_JW,33,196,4,1,1,0.014788289300066003,3.5529088254251824e-15,/Users/a_lee/Repos/qhat/demo_L_sweep_library/Li-H/1.81/hgbs-5/Li-H_1.81_hgbs-5_as-002-002_jw.dat
Li-H,1.81,hgbs-5,2,2,4,fermionic_commutation_then_JW,33,196,4,1,2,0.007371786737519075,3.5529088254251824e-15,/Users/a_lee/Repos/qhat/demo_L_sweep_library/Li-H/1.81/hgbs-5/Li-H_1.81_hgbs-5_as-002-002_jw.dat
Li-H,1.81,hgbs-5,2,2,4,fermionic_commutation_then_JW,33,196,4,1,5,0.0029458799493251695,3.5529088254251824e-15,/Users/a_lee/Repos/qhat/demo_L_sweep_library/Li-H/1.81/hgbs-5/Li-H_1.81_hgbs-5_as-002-002_jw.dat
Li-H,1.81,hgbs-5,2,2,4,fermionic_commutation_then_JW,33,196,4,1,10,0.0014726762514801301,3.5529088254251824e-15,/Users/a_lee/Repos/qhat/demo_L_sweep_library/Li-H/1.81/hgbs-5/Li-H_1.81_hgbs-5_as-002-002_jw.dat
Li-H,1.81,hgbs-5,2,2,4,fermionic_commutation_then_JW,33,196,4,2,1,0.001068929025392937,3.5529088254251824e-15,/Users/a_lee/Repos/qhat/demo_L_sweep_library/Li-H/1.81/hgbs-5/Li-H_1.81_hgbs-5_as-002-002_jw.dat
Li-H,1.81,hgbs-5,2,2,4,fermionic_commutation_then_JW,33,196,4,2,2,0.00026630310267497005,3.5529088254251824e-15,/Users/a_lee/Repos/qhat/demo_L_sweep_library/Li-H/1.81/hgbs-5/Li-H_1.81_hgbs-5_as-002-002_jw.dat
Li-H,1.81,hgbs-5,2,2,4,fermionic_commutation_then_JW,33,196,4,2,5,4.256707833952914e-05,3.5529088254251824e-15,/Users/a_lee/Repos/qhat/demo_L_sweep_library/Li-H/1.81/hgbs-5/Li-H_1.81_hgbs-5_as-002-002_jw.dat
Li-H,1.81,hgbs-5,2,2,4,fermionic_commutation_then_JW,33,196,4,2,10,1.0640292215718916e-05,3.5529088254251824e-15,/Users/a_lee/Repos/qhat/demo_L_sweep_library/Li-H/1.81/hgbs-5/Li-H_1.81_hgbs-5_as-002-002_jw.dat
Li-H,1.81,hgbs-5,2,2,4,JW_Pauli_string_commutation,27,136,4,1,1,0.011244861333856587,3.5529088254251824e-15,/Users/a_lee/Repos/qhat/demo_L_sweep_library/Li-H/1.81/hgbs-5/Li-H_1.81_hgbs-5_as-002-002_jw.dat
Li-H,1.81,hgbs-5,2,2,4,JW_Pauli_string_commutation,27,136,4,1,2,0.00561808521990568,3.5529088254251824e-15,/Users/a_lee/Repos/qhat/demo_L_sweep_library/Li-H/1.81/hgbs-5/Li-H_1.81_hgbs-5_as-002-002_jw.dat
Li-H,1.81,hgbs-5,2,2,4,JW_Pauli_string_commutation,27,136,4,1,5,0.00224469057062573,3.5529088254251824e-15,/Users/a_lee/Repos/qhat/demo_L_sweep_library/Li-H/1.81/hgbs-5/Li-H_1.81_hgbs-5_as-002-002_jw.dat
Li-H,1.81,hgbs-5,2,2,4,JW_Pauli_string_commutation,27,136,4,1,10,0.0011217921023067197,3.5529088254251824e-15,/Users/a_lee/Repos/qhat/demo_L_sweep_library/Li-H/1.81/hgbs-5/Li-H_1.81_hgbs-5_as-002-002_jw.dat
Li-H,1.81,hgbs-5,2,2,4,JW_Pauli_string_commutation,27,136,4,2,1,0.0004715685033618538,3.5529088254251824e-15,/Users/a_lee/Repos/qhat/demo_L_sweep_library/Li-H/1.81/hgbs-5/Li-H_1.81_hgbs-5_as-002-002_jw.dat
Li-H,1.81,hgbs-5,2,2,4,JW_Pauli_string_commutation,27,136,4,2,2,0.00011778651066433504,3.5529088254251824e-15,/Users/a_lee/Repos/qhat/demo_L_sweep_library/Li-H/1.81/hgbs-5/Li-H_1.81_hgbs-5_as-002-002_jw.dat
Li-H,1.81,hgbs-5,2,2,4,JW_Pauli_string_commutation,27,136,4,2,5,1.884118691434673e-05,3.5529088254251824e-15,/Users/a_lee/Repos/qhat/demo_L_sweep_library/Li-H/1.81/hgbs-5/Li-H_1.81_hgbs-5_as-002-002_jw.dat
Li-H,1.81,hgbs-5,2,2,4,JW_Pauli_string_commutation,27,136,4,2,10,4.710131167137696e-06,3.5529088254251824e-15,/Users/a_lee/Repos/qhat/demo_L_sweep_library/Li-H/1.81/hgbs-5/Li-H_1.81_hgbs-5_as-002-002_jw.dat
Li-H,1.81,hgbs-5,2,4,6,fermionic_commutation_then_JW,85,1592,7,1,1,0.01546170334763544,5.329307018448517e-15,/Users/a_lee/Repos/qhat/demo_L_sweep_library/Li-H/1.81/hgbs-5/Li-H_1.81_hgbs-5_as-002-004_jw.dat
Li-H,1.81,hgbs-5,2,4,6,fermionic_commutation_then_JW,85,1592,7,1,2,0.007711115291843153,5.329307018448517e-15,/Users/a_lee/Repos/qhat/demo_L_sweep_library/Li-H/1.81/hgbs-5/Li-H_1.81_hgbs-5_as-002-004_jw.dat
Li-H,1.81,hgbs-5,2,4,6,fermionic_commutation_then_JW,85,1592,7,1,5,0.003082202086181245,5.329307018448517e-15,/Users/a_lee/Repos/qhat/demo_L_sweep_library/Li-H/1.81/hgbs-5/Li-H_1.81_hgbs-5_as-002-004_jw.dat
Li-H,1.81,hgbs-5,2,4,6,fermionic_commutation_then_JW,85,1592,7,1,10,0.0015409332535992856,5.329307018448517e-15,/Users/a_lee/Repos/qhat/demo_L_sweep_library/Li-H/1.81/hgbs-5/Li-H_1.81_hgbs-5_as-002-004_jw.dat
Li-H,1.81,hgbs-5,2,4,6,fermionic_commutation_then_JW,85,1592,7,2,1,0.0007510337085003241,5.329307018448517e-15,/Users/a_lee/Repos/qhat/demo_L_sweep_library/Li-H/1.81/hgbs-5/Li-H_1.81_hgbs-5_as-002-004_jw.dat
Li-H,1.81,hgbs-5,2,4,6,fermionic_commutation_then_JW,85,1592,7,2,2,0.00018707592029125385,5.329307018448517e-15,/Users/a_lee/Repos/qhat/demo_L_sweep_library/Li-H/1.81/hgbs-5/Li-H_1.81_hgbs-5_as-002-004_jw.dat
Li-H,1.81,hgbs-5,2,4,6,fermionic_commutation_then_JW,85,1592,7,2,5,2.9901836558693565e-05,5.329307018448517e-15,/Users/a_lee/Repos/qhat/demo_L_sweep_library/Li-H/1.81/hgbs-5/Li-H_1.81_hgbs-5_as-002-004_jw.dat
Li-H,1.81,hgbs-5,2,4,6,fermionic_commutation_then_JW,85,1592,7,2,10,7.474378980617485e-06,5.329307018448517e-15,/Users/a_lee/Repos/qhat/demo_L_sweep_library/Li-H/1.81/hgbs-5/Li-H_1.81_hgbs-5_as-002-004_jw.dat
Li-H,1.81,hgbs-5,2,4,6,JW_Pauli_string_commutation,62,760,6,1,1,0.016031583995395175,5.329307018448517e-15,/Users/a_lee/Repos/qhat/demo_L_sweep_library/Li-H/1.81/hgbs-5/Li-H_1.81_hgbs-5_as-002-004_jw.dat
Li-H,1.81,hgbs-5,2,4,6,JW_Pauli_string_commutation,62,760,6,1,2,0.007994936221961707,5.329307018448517e-15,/Users/a_lee/Repos/qhat/demo_L_sweep_library/Li-H/1.81/hgbs-5/Li-H_1.81_hgbs-5_as-002-004_jw.dat
Li-H,1.81,hgbs-5,2,4,6,JW_Pauli_string_commutation,62,760,6,1,5,0.003195526284401665,5.329307018448517e-15,/Users/a_lee/Repos/qhat/demo_L_sweep_library/Li-H/1.81/hgbs-5/Li-H_1.81_hgbs-5_as-002-004_jw.dat
Li-H,1.81,hgbs-5,2,4,6,JW_Pauli_string_commutation,62,760,6,1,10,0.001597566433291015,5.329307018448517e-15,/Users/a_lee/Repos/qhat/demo_L_sweep_library/Li-H/1.81/hgbs-5/Li-H_1.81_hgbs-5_as-002-004_jw.dat
Li-H,1.81,hgbs-5,2,4,6,JW_Pauli_string_commutation,62,760,6,2,1,0.0007194306207499118,5.329307018448517e-15,/Users/a_lee/Repos/qhat/demo_L_sweep_library/Li-H/1.81/hgbs-5/Li-H_1.81_hgbs-5_as-002-004_jw.dat
Li-H,1.81,hgbs-5,2,4,6,JW_Pauli_string_commutation,62,760,6,2,2,0.00017898835410364562,5.329307018448517e-15,/Users/a_lee/Repos/qhat/demo_L_sweep_library/Li-H/1.81/hgbs-5/Li-H_1.81_hgbs-5_as-002-004_jw.dat
Li-H,1.81,hgbs-5,2,4,6,JW_Pauli_string_commutation,62,760,6,2,5,2.8599391288563256e-05,5.329307018448517e-15,/Users/a_lee/Repos/qhat/demo_L_sweep_library/Li-H/1.81/hgbs-5/Li-H_1.81_hgbs-5_as-002-004_jw.dat
Li-H,1.81,hgbs-5,2,4,6,JW_Pauli_string_commutation,62,760,6,2,10,7.148465833847517e-06,5.329307018448517e-15,/Users/a_lee/Repos/qhat/demo_L_sweep_library/Li-H/1.81/hgbs-5/Li-H_1.81_hgbs-5_as-002-004_jw.dat
Li-H,1.81,sto-6g,2,2,4,fermionic_commutation_then_JW,33,196,4,1,1,0.018971036971108524,5.329070518200751e-15,/Users/a_lee/Repos/qhat/demo_L_sweep_library/Li-H/1.81/sto-6g/Li-H_1.81_sto-6g_as-002-002_jw.dat
Li-H,1.81,sto-6g,2,2,4,fermionic_commutation_then_JW,33,196,4,1,2,0.00943925782999237,5.329070518200751e-15,/Users/a_lee/Repos/qhat/demo_L_sweep_library/Li-H/1.81/sto-6g/Li-H_1.81_sto-6g_as-002-002_jw.dat
Li-H,1.81,sto-6g,2,2,4,fermionic_commutation_then_JW,33,196,4,1,5,0.003769083657074936,5.329070518200751e-15,/Users/a_lee/Repos/qhat/demo_L_sweep_library/Li-H/1.81/sto-6g/Li-H_1.81_sto-6g_as-002-002_jw.dat
Li-H,1.81,sto-6g,2,2,4,fermionic_commutation_then_JW,33,196,4,1,10,0.0018838084403201177,5.329070518200751e-15,/Users/a_lee/Repos/qhat/demo_L_sweep_library/Li-H/1.81/sto-6g/Li-H_1.81_sto-6g_as-002-002_jw.dat
Li-H,1.81,sto-6g,2,2,4,fermionic_commutation_then_JW,33,196,4,2,1,0.0015912537426649226,5.329070518200751e-15,/Users/a_lee/Repos/qhat/demo_L_sweep_library/Li-H/1.81/sto-6g/Li-H_1.81_sto-6g_as-002-002_jw.dat
Li-H,1.81,sto-6g,2,2,4,fermionic_commutation_then_JW,33,196,4,2,2,0.00039629072153849523,5.329070518200751e-15,/Users/a_lee/Repos/qhat/demo_L_sweep_library/Li-H/1.81/sto-6g/Li-H_1.81_sto-6g_as-002-002_jw.dat
Li-H,1.81,sto-6g,2,2,4,fermionic_commutation_then_JW,33,196,4,2,5,6.33386413220127e-05,5.329070518200751e-15,/Users/a_lee/Repos/qhat/demo_L_sweep_library/Li-H/1.81/sto-6g/Li-H_1.81_sto-6g_as-002-002_jw.dat
Li-H,1.81,sto-6g,2,2,4,fermionic_commutation_then_JW,33,196,4,2,10,1.5832239309660288e-05,5.329070518200751e-15,/Users/a_lee/Repos/qhat/demo_L_sweep_library/Li-H/1.81/sto-6g/Li-H_1.81_sto-6g_as-002-002_jw.dat
Li-H,1.81,sto-6g,2,2,4,JW_Pauli_string_commutation,27,136,4,1,1,0.015784634672624347,5.329070518200751e-15,/Users/a_lee/Repos/qhat/demo_L_sweep_library/Li-H/1.81/sto-6g/Li-H_1.81_sto-6g_as-002-002_jw.dat
Li-H,1.81,sto-6g,2,2,4,JW_Pauli_string_commutation,27,136,4,1,2,0.00787310016378797,5.329070518200751e-15,/Users/a_lee/Repos/qhat/demo_L_sweep_library/Li-H/1.81/sto-6g/Li-H_1.81_sto-6g_as-002-002_jw.dat
Li-H,1.81,sto-6g,2,2,4,JW_Pauli_string_commutation,27,136,4,1,5,0.003142467140144304,5.329070518200751e-15,/Users/a_lee/Repos/qhat/demo_L_sweep_library/Li-H/1.81/sto-6g/Li-H_1.81_sto-6g_as-002-002_jw.dat
Li-H,1.81,sto-6g,2,2,4,JW_Pauli_string_commutation,27,136,4,1,10,0.0015699152369955658,5.329070518200751e-15,/Users/a_lee/Repos/qhat/demo_L_sweep_library/Li-H/1.81/sto-6g/Li-H_1.81_sto-6g_as-002-002_jw.dat
Li-H,1.81,sto-6g,2,2,4,JW_Pauli_string_commutation,27,136,4,2,1,0.0007153414832612826,5.329070518200751e-15,/Users/a_lee/Repos/qhat/demo_L_sweep_library/Li-H/1.81/sto-6g/Li-H_1.81_sto-6g_as-002-002_jw.dat
Li-H,1.81,sto-6g,2,2,4,JW_Pauli_string_commutation,27,136,4,2,2,0.0001785820151793457,5.329070518200751e-15,/Users/a_lee/Repos/qhat/demo_L_sweep_library/Li-H/1.81/sto-6g/Li-H_1.81_sto-6g_as-002-002_jw.dat
Li-H,1.81,sto-6g,2,2,4,JW_Pauli_string_commutation,27,136,4,2,5,2.8561937157166526e-05,5.329070518200751e-15,/Users/a_lee/Repos/qhat/demo_L_sweep_library/Li-H/1.81/sto-6g/Li-H_1.81_sto-6g_as-002-002_jw.dat
Li-H,1.81,sto-6g,2,2,4,JW_Pauli_string_commutation,27,136,4,2,10,7.1400862756386475e-06,5.329070518200751e-15,/Users/a_lee/Repos/qhat/demo_L_sweep_library/Li-H/1.81/sto-6g/Li-H_1.81_sto-6g_as-002-002_jw.dat
Li-H,1.81,sto-6g,2,4,6,fermionic_commutation_then_JW,85,1592,7,1,1,0.038401592017157274,6.2172557143300594e-15,/Users/a_lee/Repos/qhat/demo_L_sweep_library/Li-H/1.81/sto-6g/Li-H_1.81_sto-6g_as-002-004_jw.dat
Li-H,1.81,sto-6g,2,4,6,fermionic_commutation_then_JW,85,1592,7,1,2,0.01910547289404782,6.2172557143300594e-15,/Users/a_lee/Repos/qhat/demo_L_sweep_library/Li-H/1.81/sto-6g/Li-H_1.81_sto-6g_as-002-004_jw.dat
Li-H,1.81,sto-6g,2,4,6,fermionic_commutation_then_JW,85,1592,7,1,5,0.007584680224122461,6.2172557143300594e-15,/Users/a_lee/Repos/qhat/demo_L_sweep_library/Li-H/1.81/sto-6g/Li-H_1.81_sto-6g_as-002-004_jw.dat
Li-H,1.81,sto-6g,2,4,6,fermionic_commutation_then_JW,85,1592,7,1,10,0.0037798521592954082,6.2172557143300594e-15,/Users/a_lee/Repos/qhat/demo_L_sweep_library/Li-H/1.81/sto-6g/Li-H_1.81_sto-6g_as-002-004_jw.dat
Li-H,1.81,sto-6g,2,4,6,fermionic_commutation_then_JW,85,1592,7,2,1,0.0066162176602831,6.2172557143300594e-15,/Users/a_lee/Repos/qhat/demo_L_sweep_library/Li-H/1.81/sto-6g/Li-H_1.81_sto-6g_as-002-004_jw.dat
Li-H,1.81,sto-6g,2,4,6,fermionic_commutation_then_JW,85,1592,7,2,2,0.0016856737005403449,6.2172557143300594e-15,/Users/a_lee/Repos/qhat/demo_L_sweep_library/Li-H/1.81/sto-6g/Li-H_1.81_sto-6g_as-002-004_jw.dat
Li-H,1.81,sto-6g,2,4,6,fermionic_commutation_then_JW,85,1592,7,2,5,0.00027113403355004764,6.2172557143300594e-15,/Users/a_lee/Repos/qhat/demo_L_sweep_library/Li-H/1.81/sto-6g/Li-H_1.81_sto-6g_as-002-004_jw.dat
Li-H,1.81,sto-6g,2,4,6,fermionic_commutation_then_JW,85,1592,7,2,10,6.783453178649284e-05,6.2172557143300594e-15,/Users/a_lee/Repos/qhat/demo_L_sweep_library/Li-H/1.81/sto-6g/Li-H_1.81_sto-6g_as-002-004_jw.dat
Li-H,1.81,sto-6g,2,4,6,JW_Pauli_string_commutation,62,760,6,1,1,0.04367787953784959,6.2172557143300594e-15,/Users/a_lee/Repos/qhat/demo_L_sweep_library/Li-H/1.81/sto-6g/Li-H_1.81_sto-6g_as-002-004_jw.dat
Li-H,1.81,sto-6g,2,4,6,JW_Pauli_string_commutation,62,760,6,1,2,0.021952121600982866,6.2172557143300594e-15,/Users/a_lee/Repos/qhat/demo_L_sweep_library/Li-H/1.81/sto-6g/Li-H_1.81_sto-6g_as-002-004_jw.dat
Li-H,1.81,sto-6g,2,4,6,JW_Pauli_string_commutation,62,760,6,1,5,0.008770015126389977,6.2172557143300594e-15,/Users/a_lee/Repos/qhat/demo_L_sweep_library/Li-H/1.81/sto-6g/Li-H_1.81_sto-6g_as-002-004_jw.dat
Li-H,1.81,sto-6g,2,4,6,JW_Pauli_string_commutation,62,760,6,1,10,0.004379930450129423,6.2172557143300594e-15,/Users/a_lee/Repos/qhat/demo_L_sweep_library/Li-H/1.81/sto-6g/Li-H_1.81_sto-6g_as-002-004_jw.dat
Li-H,1.81,sto-6g,2,4,6,JW_Pauli_string_commutation,62,760,6,2,1,0.003993889112469557,6.2172557143300594e-15,/Users/a_lee/Repos/qhat/demo_L_sweep_library/Li-H/1.81/sto-6g/Li-H_1.81_sto-6g_as-002-004_jw.dat
Li-H,1.81,sto-6g,2,4,6,JW_Pauli_string_commutation,62,760,6,2,2,0.0010094448536214105,6.2172557143300594e-15,/Users/a_lee/Repos/qhat/demo_L_sweep_library/Li-H/1.81/sto-6g/Li-H_1.81_sto-6g_as-002-004_jw.dat
Li-H,1.81,sto-6g,2,4,6,JW_Pauli_string_commutation,62,760,6,2,5,0.0001620058125156411,6.2172557143300594e-15,/Users/a_lee/Repos/qhat/demo_L_sweep_library/Li-H/1.81/sto-6g/Li-H_1.81_sto-6g_as-002-004_jw.dat
Li-H,1.81,sto-6g,2,4,6,JW_Pauli_string_commutation,62,760,6,2,10,4.0519145949419084e-05,6.2172557143300594e-15,/Users/a_lee/Repos/qhat/demo_L_sweep_library/Li-H/1.81/sto-6g/Li-H_1.81_sto-6g_as-002-004_jw.dat
Li-H,2.31,hgbs-5,2,2,4,fermionic_commutation_then_JW,33,196,4,1,1,0.015630225730714396,1.777535224073857e-15,/Users/a_lee/Repos/qhat/demo_L_sweep_library/Li-H/2.31/hgbs-5/Li-H_2.31_hgbs-5_as-002-002_jw.dat
Li-H,2.31,hgbs-5,2,2,4,fermionic_commutation_then_JW,33,196,4,1,2,0.007792230235003032,1.777535224073857e-15,/Users/a_lee/Repos/qhat/demo_L_sweep_library/Li-H/2.31/hgbs-5/Li-H_2.31_hgbs-5_as-002-002_jw.dat
Li-H,2.31,hgbs-5,2,2,4,fermionic_commutation_then_JW,33,196,4,1,5,0.003113687464370261,1.777535224073857e-15,/Users/a_lee/Repos/qhat/demo_L_sweep_library/Li-H/2.31/hgbs-5/Li-H_2.31_hgbs-5_as-002-002_jw.dat
Li-H,2.31,hgbs-5,2,2,4,fermionic_commutation_then_JW,33,196,4,1,10,0.0015564987785488173,1.777535224073857e-15,/Users/a_lee/Repos/qhat/demo_L_sweep_library/Li-H/2.31/hgbs-5/Li-H_2.31_hgbs-5_as-002-002_jw.dat
Li-H,2.31,hgbs-5,2,2,4,fermionic_commutation_then_JW,33,196,4,2,1,0.001067620796652633,1.777535224073857e-15,/Users/a_lee/Repos/qhat/demo_L_sweep_library/Li-H/2.31/hgbs-5/Li-H_2.31_hgbs-5_as-002-002_jw.dat
Li-H,2.31,hgbs-5,2,2,4,fermionic_commutation_then_JW,33,196,4,2,2,0.000266161658575185,1.777535224073857e-15,/Users/a_lee/Repos/qhat/demo_L_sweep_library/Li-H/2.31/hgbs-5/Li-H_2.31_hgbs-5_as-002-002_jw.dat
Li-H,2.31,hgbs-5,2,2,4,fermionic_commutation_then_JW,33,196,4,2,5,4.2552668735479605e-05,1.777535224073857e-15,/Users/a_lee/Repos/qhat/demo_L_sweep_library/Li-H/2.31/hgbs-5/Li-H_2.31_hgbs-5_as-002-002_jw.dat
Li-H,2.31,hgbs-5,2,2,4,fermionic_commutation_then_JW,33,196,4,2,10,1.0636982604695397e-05,1.777535224073857e-15,/Users/a_lee/Repos/qhat/demo_L_sweep_library/Li-H/2.31/hgbs-5/Li-H_2.31_hgbs-5_as-002-002_jw.dat
Li-H,2.31,hgbs-5,2,2,4,JW_Pauli_string_commutation,27,136,4,1,1,0.011897135687480652,1.777535224073857e-15,/Users/a_lee/Repos/qhat/demo_L_sweep_library/Li-H/2.31/hgbs-5/Li-H_2.31_hgbs-5_as-002-002_jw.dat
Li-H,2.31,hgbs-5,2,2,4,JW_Pauli_string_commutation,27,136,4,1,2,0.005941708807932297,1.777535224073857e-15,/Users/a_lee/Repos/qhat/demo_L_sweep_library/Li-H/2.31/hgbs-5/Li-H_2.31_hgbs-5_as-002-002_jw.dat
Li-H,2.31,hgbs-5,2,2,4,JW_Pauli_string_commutation,27,136,4,1,5,0.0023737588042152887,1.777535224073857e-15,/Users/a_lee/Repos/qhat/demo_L_sweep_library/Li-H/2.31/hgbs-5/Li-H_2.31_hgbs-5_as-002-002_jw.dat
Li-H,2.31,hgbs-5,2,2,4,JW_Pauli_string_commutation,27,136,4,1,10,0.0011862817128114006,1.777535224073857e-15,/Users/a_lee/Repos/qhat/demo_L_sweep_library/Li-H/2.31/hgbs-5/Li-H_2.31_hgbs-5_as-002-002_jw.dat
Li-H,2.31,hgbs-5,2,2,4,JW_Pauli_string_commutation,27,136,4,2,1,0.0004405025303236344,1.777535224073857e-15,/Users/a_lee/Repos/qhat/demo_L_sweep_library/Li-H/2.31/hgbs-5/Li-H_2.31_hgbs-5_as-002-002_jw.dat
Li-H,2.31,hgbs-5,2,2,4,JW_Pauli_string_commutation,27,136,4,2,2,0.00011001655216041723,1.777535224073857e-15,/Users/a_lee/Repos/qhat/demo_L_sweep_library/Li-H/2.31/hgbs-5/Li-H_2.31_hgbs-5_as-002-002_jw.dat
Li-H,2.31,hgbs-5,2,2,4,JW_Pauli_string_commutation,27,136,4,2,5,1.7597816620919833e-05,1.777535224073857e-15,/Users/a_lee/Repos/qhat/demo_L_sweep_library/Li-H/2.31/hgbs-5/Li-H_2.31_hgbs-5_as-002-002_jw.dat
Li-H,2.31,hgbs-5,2,2,4,JW_Pauli_string_commutation,27,136,4,2,10,4.399282083582517e-06,1.777535224073857e-15,/Users/a_lee/Repos/qhat/demo_L_sweep_library/Li-H/2.31/hgbs-5/Li-H_2.31_hgbs-5_as-002-002_jw.dat
Li-H,2.31,hgbs-5,2,4,6,fermionic_commutation_then_JW,85,1592,7,1,1,0.01704622829927063,4.4411399293094645e-15,/Users/a_lee/Repos/qhat/demo_L_sweep_library/Li-H/2.31/hgbs-5/Li-H_2.31_hgbs-5_as-002-004_jw.dat
Li-H,2.31,hgbs-5,2,4,6,fermionic_commutation_then_JW,85,1592,7,1,2,0.008504201960458794,4.4411399293094645e-15,/Users/a_lee/Repos/qhat/demo_L_sweep_library/Li-H/2.31/hgbs-5/Li-H_2.31_hgbs-5_as-002-004_jw.dat
Li-H,2.31,hgbs-5,2,4,6,fermionic_commutation_then_JW,85,1592,7,1,5,0.00339943565330918,4.4411399293094645e-15,/Users/a_lee/Repos/qhat/demo_L_sweep_library/Li-H/2.31/hgbs-5/Li-H_2.31_hgbs-5_as-002-004_jw.dat
Li-H,2.31,hgbs-5,2,4,6,fermionic_commutation_then_JW,85,1592,7,1,10,0.0016995322510486937,4.4411399293094645e-15,/Users/a_lee/Repos/qhat/demo_L_sweep_library/Li-H/2.31/hgbs-5/Li-H_2.31_hgbs-5_as-002-004_jw.dat
Li-H,2.31,hgbs-5,2,4,6,fermionic_commutation_then_JW,85,1592,7,2,1,0.0008373700555447058,4.4411399293094645e-15,/Users/a_lee/Repos/qhat/demo_L_sweep_library/Li-H/2.31/hgbs-5/Li-H_2.31_hgbs-5_as-002-004_jw.dat
Li-H,2.31,hgbs-5,2,4,6,fermionic_commutation_then_JW,85,1592,7,2,2,0.00020884435445371992,4.4411399293094645e-15,/Users/a_lee/Repos/qhat/demo_L_sweep_library/Li-H/2.31/hgbs-5/Li-H_2.31_hgbs-5_as-002-004_jw.dat
Li-H,2.31,hgbs-5,2,4,6,fermionic_commutation_then_JW,85,1592,7,2,5,3.339299083372165e-05,4.4411399293094645e-15,/Users/a_lee/Repos/qhat/demo_L_sweep_library/Li-H/2.31/hgbs-5/Li-H_2.31_hgbs-5_as-002-004_jw.dat
Li-H,2.31,hgbs-5,2,4,6,fermionic_commutation_then_JW,85,1592,7,2,10,8.34746010215902e-06,4.4411399293094645e-15,/Users/a_lee/Repos/qhat/demo_L_sweep_library/Li-H/2.31/hgbs-5/Li-H_2.31_hgbs-5_as-002-004_jw.dat
Li-H,2.31,hgbs-5,2,4,6,JW_Pauli_string_commutation,62,760,6,1,1,0.018049125802905745,4.4411399293094645e-15,/Users/a_lee/Repos/qhat/demo_L_sweep_library/Li-H/2.31/hgbs-5/Li-H_2.31_hgbs-5_as-002-004_jw.dat
Li-H,2.31,hgbs-5,2,4,6,JW_Pauli_string_commutation,62,760,6,1,2,0.009005911094510492,4.4411399293094645e-15,/Users/a_lee/Repos/qhat/demo_L_sweep_library/Li-H/2.31/hgbs-5/Li-H_2.31_hgbs-5_as-002-004_jw.dat
Li-H,2.31,hgbs-5,2,4,6,JW_Pauli_string_commutation,62,760,6,1,5,0.0036001127459839915,4.4411399293094645e-15,/Users/a_lee/Repos/qhat/demo_L_sweep_library/Li-H/2.31/hgbs-5/Li-H_2.31_hgbs-5_as-002-004_jw.dat
Li-H,2.31,hgbs-5,2,4,6,JW_Pauli_string_commutation,62,760,6,1,10,0.0017998656884954422,4.4411399293094645e-15,/Users/a_lee/Repos/qhat/demo_L_sweep_library/Li-H/2.31/hgbs-5/Li-H_2.31_hgbs-5_as-002-004_jw.dat
Li-H,2.31,hgbs-5,2,4,6,JW_Pauli_string_commutation,62,760,6,2,1,0.0007686655452801886,4.4411399293094645e-15,/Users/a_lee/Repos/qhat/demo_L_sweep_library/Li-H/2.31/hgbs-5/Li-H_2.31_hgbs-5_as-002-004_jw.dat
Li-H,2.31,hgbs-5,2,4,6,JW_Pauli_string_commutation,62,760,6,2,2,0.0001914983080558234,4.4411399293094645e-15,/Users/a_lee/Repos/qhat/demo_L_sweep_library/Li-H/2.31/hgbs-5/Li-H_2.31_hgbs-5_as-002-004_jw.dat
Li-H,2.31,hgbs-5,2,4,6,JW_Pauli_string_commutation,62,760,6,2,5,3.0609879687394385e-05,4.4411399293094645e-15,/Users/a_lee/Repos/qhat/demo_L_sweep_library/Li-H/2.31/hgbs-5/Li-H_2.31_hgbs-5_as-002-004_jw.dat
Li-H,2.31,hgbs-5,2,4,6,JW_Pauli_string_commutation,62,760,6,2,10,7.651404580541995e-06,4.4411399293094645e-15,/Users/a_lee/Repos/qhat/demo_L_sweep_library/Li-H/2.31/hgbs-5/Li-H_2.31_hgbs-5_as-002-004_jw.dat
Li-H,2.31,sto-6g,2,2,4,fermionic_commutation_then_JW,33,196,4,1,1,0.021877817445443575,5.329070518200751e-15,/Users/a_lee/Repos/qhat/demo_L_sweep_library/Li-H/2.31/sto-6g/Li-H_2.31_sto-6g_as-002-002_jw.dat
Li-H,2.31,sto-6g,2,2,4,fermionic_commutation_then_JW,33,196,4,1,2,0.010888716376970232,5.329070518200751e-15,/Users/a_lee/Repos/qhat/demo_L_sweep_library/Li-H/2.31/sto-6g/Li-H_2.31_sto-6g_as-002-002_jw.dat
Li-H,2.31,sto-6g,2,2,4,fermionic_commutation_then_JW,33,196,4,1,5,0.004347617368779784,5.329070518200751e-15,/Users/a_lee/Repos/qhat/demo_L_sweep_library/Li-H/2.31/sto-6g/Li-H_2.31_sto-6g_as-002-002_jw.dat
Li-H,2.31,sto-6g,2,2,4,fermionic_commutation_then_JW,33,196,4,1,10,0.002172843199071167,5.329070518200751e-15,/Users/a_lee/Repos/qhat/demo_L_sweep_library/Li-H/2.31/sto-6g/Li-H_2.31_sto-6g_as-002-002_jw.dat
Li-H,2.31,sto-6g,2,2,4,fermionic_commutation_then_JW,33,196,4,2,1,0.0016813579834413835,5.329070518200751e-15,/Users/a_lee/Repos/qhat/demo_L_sweep_library/Li-H/2.31/sto-6g/Li-H_2.31_sto-6g_as-002-002_jw.dat
Li-H,2.31,sto-6g,2,2,4,fermionic_commutation_then_JW,33,196,4,2,2,0.0004190907111676268,5.329070518200751e-15,/Users/a_lee/Repos/qhat/demo_L_sweep_library/Li-H/2.31/sto-6g/Li-H_2.31_sto-6g_as-002-002_jw.dat
Li-H,2.31,sto-6g,2,2,4,fermionic_commutation_then_JW,33,196,4,2,5,6.699870301816853e-05,5.329070518200751e-15,/Users/a_lee/Repos/qhat/demo_L_sweep_library/Li-H/2.31/sto-6g/Li-H_2.31_sto-6g_as-002-002_jw.dat
Li-H,2.31,sto-6g,2,2,4,fermionic_commutation_then_JW,33,196,4,2,10,1.6747683719711057e-05,5.329070518200751e-15,/Users/a_lee/Repos/qhat/demo_L_sweep_library/Li-H/2.31/sto-6g/Li-H_2.31_sto-6g_as-002-002_jw.dat
Li-H,2.31,sto-6g,2,2,4,JW_Pauli_string_commutation,27,136,4,1,1,0.016957373511954414,5.329070518200751e-15,/Users/a_lee/Repos/qhat/demo_L_sweep_library/Li-H/2.31/sto-6g/Li-H_2.31_sto-6g_as-002-002_jw.dat
Li-H,2.31,sto-6g,2,2,4,JW_Pauli_string_commutation,27,136,4,1,2,0.008451261375331054,5.329070518200751e-15,/Users/a_lee/Repos/qhat/demo_L_sweep_library/Li-H/2.31/sto-6g/Li-H_2.31_sto-6g_as-002-002_jw.dat
Li-H,2.31,sto-6g,2,2,4,JW_Pauli_string_commutation,27,136,4,1,5,0.0033720884619294297,5.329070518200751e-15,/Users/a_lee/Repos/qhat/demo_L_sweep_library/Li-H/2.31/sto-6g/Li-H_2.31_sto-6g_as-002-002_jw.dat
Li-H,2.31,sto-6g,2,2,4,JW_Pauli_string_commutation,27,136,4,1,10,0.0016844802916305783,5.329070518200751e-15,/Users/a_lee/Repos/qhat/demo_L_sweep_library/Li-H/2.31/sto-6g/Li-H_2.31_sto-6g_as-002-002_jw.dat
Li-H,2.31,sto-6g,2,2,4,JW_Pauli_string_commutation,27,136,4,2,1,0.0006526003110040437,5.329070518200751e-15,/Users/a_lee/Repos/qhat/demo_L_sweep_library/Li-H/2.31/sto-6g/Li-H_2.31_sto-6g_as-002-002_jw.dat
Li-H,2.31,sto-6g,2,2,4,JW_Pauli_string_commutation,27,136,4,2,2,0.00016295577908748786,5.329070518200751e-15,/Users/a_lee/Repos/qhat/demo_L_sweep_library/Li-H/2.31/sto-6g/Li-H_2.31_sto-6g_as-002-002_jw.dat
Li-H,2.31,sto-6g,2,2,4,JW_Pauli_string_commutation,27,136,4,2,5,2.6064316342909208e-05,5.329070518200751e-15,/Users/a_lee/Repos/qhat/demo_L_sweep_library/Li-H/2.31/sto-6g/Li-H_2.31_sto-6g_as-002-002_jw.dat
Li-H,2.31,sto-6g,2,2,4,JW_Pauli_string_commutation,27,136,4,2,10,6.515772500262286e-06,5.329070518200751e-15,/Users/a_lee/Repos/qhat/demo_L_sweep_library/Li-H/2.31/sto-6g/Li-H_2.31_sto-6g_as-002-002_jw.dat
Li-H,2.31,sto-6g,2,4,6,fermionic_commutation_then_JW,85,1592,7,1,1,0.040201734352036965,7.993605777301127e-15,/Users/a_lee/Repos/qhat/demo_L_sweep_library/Li-H/2.31/sto-6g/Li-H_2.31_sto-6g_as-002-004_jw.dat
Li-H,2.31,sto-6g,2,4,6,fermionic_commutation_then_JW,85,1592,7,1,2,0.019820219399751822,7.993605777301127e-15,/Users/a_lee/Repos/qhat/demo_L_sweep_library/Li-H/2.31/sto-6g/Li-H_2.31_sto-6g_as-002-004_jw.dat
Li-H,2.31,sto-6g,2,4,6,fermionic_commutation_then_JW,85,1592,7,1,5,0.007849451332065339,7.993605777301127e-15,/Users/a_lee/Repos/qhat/demo_L_sweep_library/Li-H/2.31/sto-6g/Li-H_2.31_sto-6g_as-002-004_jw.dat
Li-H,2.31,sto-6g,2,4,6,fermionic_commutation_then_JW,85,1592,7,1,10,0.003910737776794853,7.993605777301127e-15,/Users/a_lee/Repos/qhat/demo_L_sweep_library/Li-H/2.31/sto-6g/Li-H_2.31_sto-6g_as-002-004_jw.dat
Li-H,2.31,sto-6g,2,4,6,fermionic_commutation_then_JW,85,1592,7,2,1,0.005667475368755516,7.993605777301127e-15,/Users/a_lee/Repos/qhat/demo_L_sweep_library/Li-H/2.31/sto-6g/Li-H_2.31_sto-6g_as-002-004_jw.dat
Li-H,2.31,sto-6g,2,4,6,fermionic_commutation_then_JW,85,1592,7,2,2,0.0014347863826043288,7.993605777301127e-15,/Users/a_lee/Repos/qhat/demo_L_sweep_library/Li-H/2.31/sto-6g/Li-H_2.31_sto-6g_as-002-004_jw.dat
Li-H,2.31,sto-6g,2,4,6,fermionic_commutation_then_JW,85,1592,7,2,5,0.0002303732487665125,7.993605777301127e-15,/Users/a_lee/Repos/qhat/demo_L_sweep_library/Li-H/2.31/sto-6g/Li-H_2.31_sto-6g_as-002-004_jw.dat
Li-H,2.31,sto-6g,2,4,6,fermionic_commutation_then_JW,85,1592,7,2,10,5.7622190872220026e-05,7.993605777301127e-15,/Users/a_lee/Repos/qhat/demo_L_sweep_library/Li-H/2.31/sto-6g/Li-H_2.31_sto-6g_as-002-004_jw.dat
Li-H,2.31,sto-6g,2,4,6,JW_Pauli_string_commutation,62,760,6,1,1,0.04550750056484747,7.993605777301127e-15,/Users/a_lee/Repos/qhat/demo_L_sweep_library/Li-H/2.31/sto-6g/Li-H_2.31_sto-6g_as-002-004_jw.dat
Li-H,2.31,sto-6g,2,4,6,JW_Pauli_string_commutation,62,760,6,1,2,0.022804014904181834,7.993605777301127e-15,/Users/a_lee/Repos/qhat/demo_L_sweep_library/Li-H/2.31/sto-6g/Li-H_2.31_sto-6g_as-002-004_jw.dat
Li-H,2.31,sto-6g,2,4,6,JW_Pauli_string_commutation,62,760,6,1,5,0.00910094625987364,7.993605777301127e-15,/Users/a_lee/Repos/qhat/demo_L_sweep_library/Li-H/2.31/sto-6g/Li-H_2.31_sto-6g_as-002-004_jw.dat
Li-H,2.31,sto-6g,2,4,6,JW_Pauli_string_commutation,62,760,6,1,10,0.004544223111742188,7.993605777301127e-15,/Users/a_lee/Repos/qhat/demo_L_sweep_library/Li-H/2.31/sto-6g/Li-H_2.31_sto-6g_as-002-004_jw.dat
Li-H,2.31,sto-6g,2,4,6,JW_Pauli_string_commutation,62,760,6,2,1,0.004201458418621031,7.993605777301127e-15,/Users/a_lee/Repos/qhat/demo_L_sweep_library/Li-H/2.31/sto-6g/Li-H_2.31_sto-6g_as-002-004_jw.dat
Li-H,2.31,sto-6g,2,4,6,JW_Pauli_string_commutation,62,760,6,2,2,0.001061590438458534,7.993605777301127e-15,/Users/a_lee/Repos/qhat/demo_L_sweep_library/Li-H/2.31/sto-6g/Li-H_2.31_sto-6g_as-002-004_jw.dat
Li-H,2.31,sto-6g,2,4,6,JW_Pauli_string_commutation,62,760,6,2,5,0.0001703601619079678,7.993605777301127e-15,/Users/a_lee/Repos/qhat/demo_L_sweep_library/Li-H/2.31/sto-6g/Li-H_2.31_sto-6g_as-002-004_jw.dat
Li-H,2.31,sto-6g,2,4,6,JW_Pauli_string_commutation,62,760,6,2,10,4.260812548226124e-05,7.993605777301127e-15,/Users/a_lee/Repos/qhat/demo_L_sweep_library/Li-H/2.31/sto-6g/Li-H_2.31_sto-6g_as-002-004_jw.dat
Li-Li,2.13,hgbs-5,2,2,4,fermionic_commutation_then_JW,23,32,2,1,1,0.0015295760045917477,3.552713678800501e-15,/Users/a_lee/Repos/qhat/demo_L_sweep_library/Li-Li/2.13/hgbs-5/Li-Li_2.13_hgbs-5_as-002-002_jw.dat
Li-Li,2.13,hgbs-5,2,2,4,fermionic_commutation_then_JW,23,32,2,1,2,0.0007641171037671531,3.552713678800501e-15,/Users/a_lee/Repos/qhat/demo_L_sweep_library/Li-Li/2.13/hgbs-5/Li-Li_2.13_hgbs-5_as-002-002_jw.dat
Li-Li,2.13,hgbs-5,2,2,4,fermionic_commutation_then_JW,23,32,2,1,5,0.00030557185664069445,3.552713678800501e-15,/Users/a_lee/Repos/qhat/demo_L_sweep_library/Li-Li/2.13/hgbs-5/Li-Li_2.13_hgbs-5_as-002-002_jw.dat
Li-Li,2.13,hgbs-5,2,2,4,fermionic_commutation_then_JW,23,32,2,1,10,0.00015278057503473002,3.552713678800501e-15,/Users/a_lee/Repos/qhat/demo_L_sweep_library/Li-Li/2.13/hgbs-5/Li-Li_2.13_hgbs-5_as-002-002_jw.dat
Li-Li,2.13,hgbs-5,2,2,4,fermionic_commutation_then_JW,23,32,2,2,1,7.378979441861219e-05,3.552713678800501e-15,/Users/a_lee/Repos/qhat/demo_L_sweep_library/Li-Li/2.13/hgbs-5/Li-Li_2.13_hgbs-5_as-002-002_jw.dat
Li-Li,2.13,hgbs-5,2,2,4,fermionic_commutation_then_JW,23,32,2,2,2,1.8428065184506332e-05,3.552713678800501e-15,/Users/a_lee/Repos/qhat/demo_L_sweep_library/Li-Li/2.13/hgbs-5/Li-Li_2.13_hgbs-5_as-002-002_jw.dat
Li-Li,2.13,hgbs-5,2,2,4,fermionic_commutation_then_JW,23,32,2,2,5,2.9476236750039145e-06,3.552713678800501e-15,/Users/a_lee/Repos/qhat/demo_L_sweep_library/Li-Li/2.13/hgbs-5/Li-Li_2.13_hgbs-5_as-002-002_jw.dat
Li-Li,2.13,hgbs-5,2,2,4,fermionic_commutation_then_JW,23,32,2,2,10,7.368749801301103e-07,3.552713678800501e-15,/Users/a_lee/Repos/qhat/demo_L_sweep_library/Li-Li/2.13/hgbs-5/Li-Li_2.13_hgbs-5_as-002-002_jw.dat
Li-Li,2.13,hgbs-5,2,2,4,JW_Pauli_string_commutation,15,16,2,1,1,0.001529576004592129,3.552713678800501e-15,/Users/a_lee/Repos/qhat/demo_L_sweep_library/Li-Li/2.13/hgbs-5/Li-Li_2.13_hgbs-5_as-002-002_jw.dat
Li-Li,2.13,hgbs-5,2,2,4,JW_Pauli_string_commutation,15,16,2,1,2,0.0007641171037676436,3.552713678800501e-15,/Users/a_lee/Repos/qhat/demo_L_sweep_library/Li-Li/2.13/hgbs-5/Li-Li_2.13_hgbs-5_as-002-002_jw.dat
Li-Li,2.13,hgbs-5,2,2,4,JW_Pauli_string_commutation,15,16,2,1,5,0.0003055718566422538,3.552713678800501e-15,/Users/a_lee/Repos/qhat/demo_L_sweep_library/Li-Li/2.13/hgbs-5/Li-Li_2.13_hgbs-5_as-002-002_jw.dat
Li-Li,2.13,hgbs-5,2,2,4,JW_Pauli_string_commutation,15,16,2,1,10,0.0001527805750362669,3.552713678800501e-15,/Users/a_lee/Repos/qhat/demo_L_sweep_library/Li-Li/2.13/hgbs-5/Li-Li_2.13_hgbs-5_as-002-002_jw.dat
Li-Li,2.13,hgbs-5,2,2,4,JW_Pauli_string_commutation,15,16,2,2,1,3.7303018233591576e-05,3.552713678800501e-15,/Users/a_lee/Repos/qhat/demo_L_sweep_library/Li-Li/2.13/hgbs-5/Li-Li_2.13_hgbs-5_as-002-002_jw.dat
Li-Li,2.13,hgbs-5,2,2,4,JW_Pauli_string_commutation,15,16,2,2,2,9.308841514472352e-06,3.552713678800501e-15,/Users/a_lee/Repos/qhat/demo_L_sweep_library/Li-Li/2.13/hgbs-5/Li-Li_2.13_hgbs-5_as-002-002_jw.dat
Li-Li,2.13,hgbs-5,2,2,4,JW_Pauli_string_commutation,15,16,2,2,5,1.4886585187943917e-06,3.552713678800501e-15,/Users/a_lee/Repos/qhat/demo_L_sweep_library/Li-Li/2.13/hgbs-5/Li-Li_2.13_hgbs-5_as-002-002_jw.dat
Li-Li,2.13,hgbs-5,2,2,4,JW_Pauli_string_commutation,15,16,2,2,10,3.721376407107248e-07,3.552713678800501e-15,/Users/a_lee/Repos/qhat/demo_L_sweep_library/Li-Li/2.13/hgbs-5/Li-Li_2.13_hgbs-5_as-002-002_jw.dat
Li-Li,2.13,hgbs-5,2,4,6,fermionic_commutation_then_JW,55,360,4,1,1,0.006315777231462584,7.105427357601002e-15,/Users/a_lee/Repos/qhat/demo_L_sweep_library/Li-Li/2.13/hgbs-5/Li-Li_2.13_hgbs-5_as-002-004_jw.dat
Li-Li,2.13,hgbs-5,2,4,6,fermionic_commutation_then_JW,55,360,4,1,2,0.003193125520953409,7.105427357601002e-15,/Users/a_lee/Repos/qhat/demo_L_sweep_library/Li-Li/2.13/hgbs-5/Li-Li_2.13_hgbs-5_as-002-004_jw.dat
Li-Li,2.13,hgbs-5,2,4,6,fermionic_commutation_then_JW,55,360,4,1,5,0.0012811300001313052,7.105427357601002e-15,/Users/a_lee/Repos/qhat/demo_L_sweep_library/Li-Li/2.13/hgbs-5/Li-Li_2.13_hgbs-5_as-002-004_jw.dat
Li-Li,2.13,hgbs-5,2,4,6,fermionic_commutation_then_JW,55,360,4,1,10,0.0006408273302780196,7.105427357601002e-15,/Users/a_lee/Repos/qhat/demo_L_sweep_library/Li-Li/2.13/hgbs-5/Li-Li_2.13_hgbs-5_as-002-004_jw.dat
Li-Li,2.13,hgbs-5,2,4,6,fermionic_commutation_then_JW,55,360,4,2,1,0.0006397068285702087,7.105427357601002e-15,/Users/a_lee/Repos/qhat/demo_L_sweep_library/Li-Li/2.13/hgbs-5/Li-Li_2.13_hgbs-5_as-002-004_jw.dat
Li-Li,2.13,hgbs-5,2,4,6,fermionic_commutation_then_JW,55,360,4,2,2,0.00016108090830020263,7.105427357601002e-15,/Users/a_lee/Repos/qhat/demo_L_sweep_library/Li-Li/2.13/hgbs-5/Li-Li_2.13_hgbs-5_as-002-004_jw.dat
Li-Li,2.13,hgbs-5,2,4,6,fermionic_commutation_then_JW,55,360,4,2,5,2.5824823156205944e-05,7.105427357601002e-15,/Users/a_lee/Repos/qhat/demo_L_sweep_library/Li-Li/2.13/hgbs-5/Li-Li_2.13_hgbs-5_as-002-004_jw.dat
Li-Li,2.13,hgbs-5,2,4,6,fermionic_commutation_then_JW,55,360,4,2,10,6.458060084721524e-06,7.105427357601002e-15,/Users/a_lee/Repos/qhat/demo_L_sweep_library/Li-Li/2.13/hgbs-5/Li-Li_2.13_hgbs-5_as-002-004_jw.dat
Li-Li,2.13,hgbs-5,2,4,6,JW_Pauli_string_commutation,34,168,3,1,1,0.0027196653200555142,7.105427357601002e-15,/Users/a_lee/Repos/qhat/demo_L_sweep_library/Li-Li/2.13/hgbs-5/Li-Li_2.13_hgbs-5_as-002-004_jw.dat
Li-Li,2.13,hgbs-5,2,4,6,JW_Pauli_string_commutation,34,168,3,1,2,0.0013613875443039844,7.105427357601002e-15,/Users/a_lee/Repos/qhat/demo_L_sweep_library/Li-Li/2.13/hgbs-5/Li-Li_2.13_hgbs-5_as-002-004_jw.dat
Li-Li,2.13,hgbs-5,2,4,6,JW_Pauli_string_commutation,34,168,3,1,5,0.0005447239712318183,7.105427357601002e-15,/Users/a_lee/Repos/qhat/demo_L_sweep_library/Li-Li/2.13/hgbs-5/Li-Li_2.13_hgbs-5_as-002-004_jw.dat
Li-Li,2.13,hgbs-5,2,4,6,JW_Pauli_string_commutation,34,168,3,1,10,0.0002723731167307475,7.105427357601002e-15,/Users/a_lee/Repos/qhat/demo_L_sweep_library/Li-Li/2.13/hgbs-5/Li-Li_2.13_hgbs-5_as-002-004_jw.dat
Li-Li,2.13,hgbs-5,2,4,6,JW_Pauli_string_commutation,34,168,3,2,1,0.00014096990000620483,7.105427357601002e-15,/Users/a_lee/Repos/qhat/demo_L_sweep_library/Li-Li/2.13/hgbs-5/Li-Li_2.13_hgbs-5_as-002-004_jw.dat
Li-Li,2.13,hgbs-5,2,4,6,JW_Pauli_string_commutation,34,168,3,2,2,3.527402325801834e-05,7.105427357601002e-15,/Users/a_lee/Repos/qhat/demo_L_sweep_library/Li-Li/2.13/hgbs-5/Li-Li_2.13_hgbs-5_as-002-004_jw.dat
Li-Li,2.13,hgbs-5,2,4,6,JW_Pauli_string_commutation,34,168,3,2,5,5.645257294652223e-06,7.105427357601002e-15,/Users/a_lee/Repos/qhat/demo_L_sweep_library/Li-Li/2.13/hgbs-5/Li-Li_2.13_hgbs-5_as-002-004_jw.dat
Li-Li,2.13,hgbs-5,2,4,6,JW_Pauli_string_commutation,34,168,3,2,10,1.4113648078384818e-06,7.105427357601002e-15,/Users/a_lee/Repos/qhat/demo_L_sweep_library/Li-Li/2.13/hgbs-5/Li-Li_2.13_hgbs-5_as-002-004_jw.dat
Li-Li,2.13,sto-6g,2,2,4,fermionic_commutation_then_JW,23,32,2,1,1,0.004457762598141498,7.105427357601002e-15,/Users/a_lee/Repos/qhat/demo_L_sweep_library/Li-Li/2.13/sto-6g/Li-Li_2.13_sto-6g_as-002-002_jw.dat
Li-Li,2.13,sto-6g,2,2,4,fermionic_commutation_then_JW,23,32,2,1,2,0.0022276367636035106,7.105427357601002e-15,/Users/a_lee/Repos/qhat/demo_L_sweep_library/Li-Li/2.13/sto-6g/Li-Li_2.13_sto-6g_as-002-002_jw.dat
Li-Li,2.13,sto-6g,2,2,4,fermionic_commutation_then_JW,23,32,2,1,5,0.0008909154003471912,7.105427357601002e-15,/Users/a_lee/Repos/qhat/demo_L_sweep_library/Li-Li/2.13/sto-6g/Li-Li_2.13_sto-6g_as-002-002_jw.dat
Li-Li,2.13,sto-6g,2,2,4,fermionic_commutation_then_JW,23,32,2,1,10,0.0004454477512907951,7.105427357601002e-15,/Users/a_lee/Repos/qhat/demo_L_sweep_library/Li-Li/2.13/sto-6g/Li-Li_2.13_sto-6g_as-002-002_jw.dat
Li-Li,2.13,sto-6g,2,2,4,fermionic_commutation_then_JW,23,32,2,2,1,0.00016354552413510578,7.105427357601002e-15,/Users/a_lee/Repos/qhat/demo_L_sweep_library/Li-Li/2.13/sto-6g/Li-Li_2.13_sto-6g_as-002-002_jw.dat
Li-Li,2.13,sto-6g,2,2,4,fermionic_commutation_then_JW,23,32,2,2,2,4.085974897540598e-05,7.105427357601002e-15,/Users/a_lee/Repos/qhat/demo_L_sweep_library/Li-Li/2.13/sto-6g/Li-Li_2.13_sto-6g_as-002-002_jw.dat
Li-Li,2.13,sto-6g,2,2,4,fermionic_commutation_then_JW,23,32,2,2,5,6.5363672786287965e-06,7.105427357601002e-15,/Users/a_lee/Repos/qhat/demo_L_sweep_library/Li-Li/2.13/sto-6g/Li-Li_2.13_sto-6g_as-002-002_jw.dat
Li-Li,2.13,sto-6g,2,2,4,fermionic_commutation_then_JW,23,32,2,2,10,1.6340492361686881e-06,7.105427357601002e-15,/Users/a_lee/Repos/qhat/demo_L_sweep_library/Li-Li/2.13/sto-6g/Li-Li_2.13_sto-6g_as-002-002_jw.dat
Li-Li,2.13,sto-6g,2,2,4,JW_Pauli_string_commutation,15,16,2,1,1,0.004457762598143174,7.105427357601002e-15,/Users/a_lee/Repos/qhat/demo_L_sweep_library/Li-Li/2.13/sto-6g/Li-Li_2.13_sto-6g_as-002-002_jw.dat
Li-Li,2.13,sto-6g,2,2,4,JW_Pauli_string_commutation,15,16,2,1,2,0.002227636763605243,7.105427357601002e-15,/Users/a_lee/Repos/qhat/demo_L_sweep_library/Li-Li/2.13/sto-6g/Li-Li_2.13_sto-6g_as-002-002_jw.dat
Li-Li,2.13,sto-6g,2,2,4,JW_Pauli_string_commutation,15,16,2,1,5,0.0008909154003479428,7.105427357601002e-15,/Users/a_lee/Repos/qhat/demo_L_sweep_library/Li-Li/2.13/sto-6g/Li-Li_2.13_sto-6g_as-002-002_jw.dat
Li-Li,2.13,sto-6g,2,2,4,JW_Pauli_string_commutation,15,16,2,1,10,0.00044544775129170194,7.105427357601002e-15,/Users/a_lee/Repos/qhat/demo_L_sweep_library/Li-Li/2.13/sto-6g/Li-Li_2.13_sto-6g_as-002-002_jw.dat
Li-Li,2.13,sto-6g,2,2,4,JW_Pauli_string_commutation,15,16,2,2,1,0.00010113532973775938,7.105427357601002e-15,/Users/a_lee/Repos/qhat/demo_L_sweep_library/Li-Li/2.13/sto-6g/Li-Li_2.13_sto-6g_as-002-002_jw.dat
Li-Li,2.13,sto-6g,2,2,4,JW_Pauli_string_commutation,15,16,2,2,2,2.5261274813322703e-05,7.105427357601002e-15,/Users/a_lee/Repos/qhat/demo_L_sweep_library/Li-Li/2.13/sto-6g/Li-Li_2.13_sto-6g_as-002-002_jw.dat
Li-Li,2.13,sto-6g,2,2,4,JW_Pauli_string_commutation,15,16,2,2,5,4.040794040605608e-06,7.105427357601002e-15,/Users/a_lee/Repos/qhat/demo_L_sweep_library/Li-Li/2.13/sto-6g/Li-Li_2.13_sto-6g_as-002-002_jw.dat
Li-Li,2.13,sto-6g,2,2,4,JW_Pauli_string_commutation,15,16,2,2,10,1.0101624477033962e-06,7.105427357601002e-15,/Users/a_lee/Repos/qhat/demo_L_sweep_library/Li-Li/2.13/sto-6g/Li-Li_2.13_sto-6g_as-002-002_jw.dat
Li-Li,2.13,sto-6g,2,4,6,fermionic_commutation_then_JW,55,360,4,1,1,0.043397713858222,1.0658141036401503e-14,/Users/a_lee/Repos/qhat/demo_L_sweep_library/Li-Li/2.13/sto-6g/Li-Li_2.13_sto-6g_as-002-004_jw.dat
Li-Li,2.13,sto-6g,2,4,6,fermionic_commutation_then_JW,55,360,4,1,2,0.022225982782002038,1.0658141036401503e-14,/Users/a_lee/Repos/qhat/demo_L_sweep_library/Li-Li/2.13/sto-6g/Li-Li_2.13_sto-6g_as-002-004_jw.dat
Li-Li,2.13,sto-6g,2,4,6,fermionic_commutation_then_JW,55,360,4,1,5,0.00894898926362806,1.0658141036401503e-14,/Users/a_lee/Repos/qhat/demo_L_sweep_library/Li-Li/2.13/sto-6g/Li-Li_2.13_sto-6g_as-002-004_jw.dat
Li-Li,2.13,sto-6g,2,4,6,fermionic_commutation_then_JW,55,360,4,1,10,0.0044785158318076685,1.0658141036401503e-14,/Users/a_lee/Repos/qhat/demo_L_sweep_library/Li-Li/2.13/sto-6g/Li-Li_2.13_sto-6g_as-002-004_jw.dat
Li-Li,2.13,sto-6g,2,4,6,fermionic_commutation_then_JW,55,360,4,2,1,0.005965511379697678,1.0658141036401503e-14,/Users/a_lee/Repos/qhat/demo_L_sweep_library/Li-Li/2.13/sto-6g/Li-Li_2.13_sto-6g_as-002-004_jw.dat
Li-Li,2.13,sto-6g,2,4,6,fermionic_commutation_then_JW,55,360,4,2,2,0.0015134766593815669,1.0658141036401503e-14,/Users/a_lee/Repos/qhat/demo_L_sweep_library/Li-Li/2.13/sto-6g/Li-Li_2.13_sto-6g_as-002-004_jw.dat
Li-Li,2.13,sto-6g,2,4,6,fermionic_commutation_then_JW,55,360,4,2,5,0.0002431526503158633,1.0658141036401503e-14,/Users/a_lee/Repos/qhat/demo_L_sweep_library/Li-Li/2.13/sto-6g/Li-Li_2.13_sto-6g_as-002-004_jw.dat
Li-Li,2.13,sto-6g,2,4,6,fermionic_commutation_then_JW,55,360,4,2,10,6.08238038390238e-05,1.0658141036401503e-14,/Users/a_lee/Repos/qhat/demo_L_sweep_library/Li-Li/2.13/sto-6g/Li-Li_2.13_sto-6g_as-002-004_jw.dat
Li-Li,2.13,sto-6g,2,4,6,JW_Pauli_string_commutation,34,168,3,1,1,0.03779012667000279,1.0658141036401503e-14,/Users/a_lee/Repos/qhat/demo_L_sweep_library/Li-Li/2.13/sto-6g/Li-Li_2.13_sto-6g_as-002-004_jw.dat
Li-Li,2.13,sto-6g,2,4,6,JW_Pauli_string_commutation,34,168,3,1,2,0.019231497844091797,1.0658141036401503e-14,/Users/a_lee/Repos/qhat/demo_L_sweep_library/Li-Li/2.13/sto-6g/Li-Li_2.13_sto-6g_as-002-004_jw.dat
Li-Li,2.13,sto-6g,2,4,6,JW_Pauli_string_commutation,34,168,3,1,5,0.007730231929531208,1.0658141036401503e-14,/Users/a_lee/Repos/qhat/demo_L_sweep_library/Li-Li/2.13/sto-6g/Li-Li_2.13_sto-6g_as-002-004_jw.dat
Li-Li,2.13,sto-6g,2,4,6,JW_Pauli_string_commutation,34,168,3,1,10,0.003867753490002703,1.0658141036401503e-14,/Users/a_lee/Repos/qhat/demo_L_sweep_library/Li-Li/2.13/sto-6g/Li-Li_2.13_sto-6g_as-002-004_jw.dat
Li-Li,2.13,sto-6g,2,4,6,JW_Pauli_string_commutation,34,168,3,2,1,0.0029950726430514134,1.0658141036401503e-14,/Users/a_lee/Repos/qhat/demo_L_sweep_library/Li-Li/2.13/sto-6g/Li-Li_2.13_sto-6g_as-002-004_jw.dat
Li-Li,2.13,sto-6g,2,4,6,JW_Pauli_string_commutation,34,168,3,2,2,0.0007543525944461011,1.0658141036401503e-14,/Users/a_lee/Repos/qhat/demo_L_sweep_library/Li-Li/2.13/sto-6g/Li-Li_2.13_sto-6g_as-002-004_jw.dat
Li-Li,2.13,sto-6g,2,4,6,JW_Pauli_string_commutation,34,168,3,2,5,0.00012094805005640801,1.0658141036401503e-14,/Users/a_lee/Repos/qhat/demo_L_sweep_library/Li-Li/2.13/sto-6g/Li-Li_2.13_sto-6g_as-002-004_jw.dat
Li-Li,2.13,sto-6g,2,4,6,JW_Pauli_string_commutation,34,168,3,2,10,3.0246012497412367e-05,1.0658141036401503e-14,/Users/a_lee/Repos/qhat/demo_L_sweep_library/Li-Li/2.13/sto-6g/Li-Li_2.13_sto-6g_as-002-004_jw.dat
Li-Li,2.93,hgbs-5,2,2,4,fermionic_commutation_then_JW,23,32,2,1,1,0.0017250577399058544,7.105427357601002e-15,/Users/a_lee/Repos/qhat/demo_L_sweep_library/Li-Li/2.93/hgbs-5/Li-Li_2.93_hgbs-5_as-002-002_jw.dat
Li-Li,2.93,hgbs-5,2,2,4,fermionic_commutation_then_JW,23,32,2,1,2,0.0008620886971534248,7.105427357601002e-15,/Users/a_lee/Repos/qhat/demo_L_sweep_library/Li-Li/2.93/hgbs-5/Li-Li_2.93_hgbs-5_as-002-002_jw.dat
Li-Li,2.93,hgbs-5,2,2,4,fermionic_commutation_then_JW,23,32,2,1,5,0.00034478623448894126,7.105427357601002e-15,/Users/a_lee/Repos/qhat/demo_L_sweep_library/Li-Li/2.93/hgbs-5/Li-Li_2.93_hgbs-5_as-002-002_jw.dat
Li-Li,2.93,hgbs-5,2,2,4,fermionic_commutation_then_JW,23,32,2,1,10,0.0001723896007718054,7.105427357601002e-15,/Users/a_lee/Repos/qhat/demo_L_sweep_library/Li-Li/2.93/hgbs-5/Li-Li_2.93_hgbs-5_as-002-002_jw.dat
Li-Li,2.93,hgbs-5,2,2,4,fermionic_commutation_then_JW,23,32,2,2,1,6.313025333290283e-05,7.105427357601002e-15,/Users/a_lee/Repos/qhat/demo_L_sweep_library/Li-Li/2.93/hgbs-5/Li-Li_2.93_hgbs-5_as-002-002_jw.dat
Li-Li,2.93,hgbs-5,2,2,4,fermionic_commutation_then_JW,23,32,2,2,2,1.5772949431267628e-05,7.105427357601002e-15,/Users/a_lee/Repos/qhat/demo_L_sweep_library/Li-Li/2.93/hgbs-5/Li-Li_2.93_hgbs-5_as-002-002_jw.dat
Li-Li,2.93,hgbs-5,2,2,4,fermionic_commutation_then_JW,23,32,2,2,5,2.5232416396204743e-06,7.105427357601002e-15,/Users/a_lee/Repos/qhat/demo_L_sweep_library/Li-Li/2.93/hgbs-5/Li-Li_2.93_hgbs-5_as-002-002_jw.dat
Li-Li,2.93,hgbs-5,2,2,4,fermionic_commutation_then_JW,23,32,2,2,10,6.30795050889945e-07,7.105427357601002e-15,/Users/a_lee/Repos/qhat/demo_L_sweep_library/Li-Li/2.93/hgbs-5/Li-Li_2.93_hgbs-5_as-002-002_jw.dat
Li-Li,2.93,hgbs-5,2,2,4,JW_Pauli_string_commutation,15,16,2,1,1,0.0017250577399040897,7.105427357601002e-15,/Users/a_lee/Repos/qhat/demo_L_sweep_library/Li-Li/2.93/hgbs-5/Li-Li_2.93_hgbs-5_as-002-002_jw.dat
Li-Li,2.93,hgbs-5,2,2,4,JW_Pauli_string_commutation,15,16,2,1,2,0.0008620886971515815,7.105427357601002e-15,/Users/a_lee/Repos/qhat/demo_L_sweep_library/Li-Li/2.93/hgbs-5/Li-Li_2.93_hgbs-5_as-002-002_jw.dat
Li-Li,2.93,hgbs-5,2,2,4,JW_Pauli_string_commutation,15,16,2,1,5,0.0003447862344882263,7.105427357601002e-15,/Users/a_lee/Repos/qhat/demo_L_sweep_library/Li-Li/2.93/hgbs-5/Li-Li_2.93_hgbs-5_as-002-002_jw.dat
Li-Li,2.93,hgbs-5,2,2,4,JW_Pauli_string_commutation,15,16,2,1,10,0.00017238960077077737,7.105427357601002e-15,/Users/a_lee/Repos/qhat/demo_L_sweep_library/Li-Li/2.93/hgbs-5/Li-Li_2.93_hgbs-5_as-002-002_jw.dat
Li-Li,2.93,hgbs-5,2,2,4,JW_Pauli_string_commutation,15,16,2,2,1,3.278358420486074e-05,7.105427357601002e-15,/Users/a_lee/Repos/qhat/demo_L_sweep_library/Li-Li/2.93/hgbs-5/Li-Li_2.93_hgbs-5_as-002-002_jw.dat
Li-Li,2.93,hgbs-5,2,2,4,JW_Pauli_string_commutation,15,16,2,2,2,8.187572503045027e-06,7.105427357601002e-15,/Users/a_lee/Repos/qhat/demo_L_sweep_library/Li-Li/2.93/hgbs-5/Li-Li_2.93_hgbs-5_as-002-002_jw.dat
Li-Li,2.93,hgbs-5,2,2,4,JW_Pauli_string_commutation,15,16,2,2,5,1.309639133216568e-06,7.105427357601002e-15,/Users/a_lee/Repos/qhat/demo_L_sweep_library/Li-Li/2.93/hgbs-5/Li-Li_2.93_hgbs-5_as-002-002_jw.dat
Li-Li,2.93,hgbs-5,2,2,4,JW_Pauli_string_commutation,15,16,2,2,10,3.273964860037213e-07,7.105427357601002e-15,/Users/a_lee/Repos/qhat/demo_L_sweep_library/Li-Li/2.93/hgbs-5/Li-Li_2.93_hgbs-5_as-002-002_jw.dat
Li-Li,2.93,hgbs-5,2,4,6,fermionic_commutation_then_JW,55,360,4,1,1,0.004330430223638651,1.4210854715202004e-14,/Users/a_lee/Repos/qhat/demo_L_sweep_library/Li-Li/2.93/hgbs-5/Li-Li_2.93_hgbs-5_as-002-004_jw.dat
Li-Li,2.93,hgbs-5,2,4,6,fermionic_commutation_then_JW,55,360,4,1,2,0.002180718891276481,1.4210854715202004e-14,/Users/a_lee/Repos/qhat/demo_L_sweep_library/Li-Li/2.93/hgbs-5/Li-Li_2.93_hgbs-5_as-002-004_jw.dat
Li-Li,2.93,hgbs-5,2,4,6,fermionic_commutation_then_JW,55,360,4,1,5,0.0008734879024121487,1.4210854715202004e-14,/Users/a_lee/Repos/qhat/demo_L_sweep_library/Li-Li/2.93/hgbs-5/Li-Li_2.93_hgbs-5_as-002-004_jw.dat
Li-Li,2.93,hgbs-5,2,4,6,fermionic_commutation_then_JW,55,360,4,1,10,0.00043673264068132506,1.4210854715202004e-14,/Users/a_lee/Repos/qhat/demo_L_sweep_library/Li-Li/2.93/hgbs-5/Li-Li_2.93_hgbs-5_as-002-004_jw.dat
Li-Li,2.93,hgbs-5,2,4,6,fermionic_commutation_then_JW,55,360,4,2,1,0.0003824929546837914,1.4210854715202004e-14,/Users/a_lee/Repos/qhat/demo_L_sweep_library/Li-Li/2.93/hgbs-5/Li-Li_2.93_hgbs-5_as-002-004_jw.dat
Li-Li,2.93,hgbs-5,2,4,6,fermionic_commutation_then_JW,55,360,4,2,2,9.62040539630822e-05,1.4210854715202004e-14,/Users/a_lee/Repos/qhat/demo_L_sweep_library/Li-Li/2.93/hgbs-5/Li-Li_2.93_hgbs-5_as-002-004_jw.dat
Li-Li,2.93,hgbs-5,2,4,6,fermionic_commutation_then_JW,55,360,4,2,5,1.5418744059677763e-05,1.4210854715202004e-14,/Users/a_lee/Repos/qhat/demo_L_sweep_library/Li-Li/2.93/hgbs-5/Li-Li_2.93_hgbs-5_as-002-004_jw.dat
Li-Li,2.93,hgbs-5,2,4,6,fermionic_commutation_then_JW,55,360,4,2,10,3.855618664902565e-06,1.4210854715202004e-14,/Users/a_lee/Repos/qhat/demo_L_sweep_library/Li-Li/2.93/hgbs-5/Li-Li_2.93_hgbs-5_as-002-004_jw.dat
Li-Li,2.93,hgbs-5,2,4,6,JW_Pauli_string_commutation,34,168,3,1,1,0.0021456851900226955,1.4210854715202004e-14,/Users/a_lee/Repos/qhat/demo_L_sweep_library/Li-Li/2.93/hgbs-5/Li-Li_2.93_hgbs-5_as-002-004_jw.dat
Li-Li,2.93,hgbs-5,2,4,6,JW_Pauli_string_commutation,34,168,3,1,2,0.0010702470442910256,1.4210854715202004e-14,/Users/a_lee/Repos/qhat/demo_L_sweep_library/Li-Li/2.93/hgbs-5/Li-Li_2.93_hgbs-5_as-002-004_jw.dat
Li-Li,2.93,hgbs-5,2,4,6,JW_Pauli_string_commutation,34,168,3,1,5,0.0004275396832663583,1.4210854715202004e-14,/Users/a_lee/Repos/qhat/demo_L_sweep_library/Li-Li/2.93/hgbs-5/Li-Li_2.93_hgbs-5_as-002-004_jw.dat
Li-Li,2.93,hgbs-5,2,4,6,JW_Pauli_string_commutation,34,168,3,1,10,0.00021368194962381726,1.4210854715202004e-14,/Users/a_lee/Repos/qhat/demo_L_sweep_library/Li-Li/2.93/hgbs-5/Li-Li_2.93_hgbs-5_as-002-004_jw.dat
Li-Li,2.93,hgbs-5,2,4,6,JW_Pauli_string_commutation,34,168,3,2,1,8.264905041968477e-05,1.4210854715202004e-14,/Users/a_lee/Repos/qhat/demo_L_sweep_library/Li-Li/2.93/hgbs-5/Li-Li_2.93_hgbs-5_as-002-004_jw.dat
Li-Li,2.93,hgbs-5,2,4,6,JW_Pauli_string_commutation,34,168,3,2,2,2.0677369635608917e-05,1.4210854715202004e-14,/Users/a_lee/Repos/qhat/demo_L_sweep_library/Li-Li/2.93/hgbs-5/Li-Li_2.93_hgbs-5_as-002-004_jw.dat
Li-Li,2.93,hgbs-5,2,4,6,JW_Pauli_string_commutation,34,168,3,2,5,3.3090561400125923e-06,1.4210854715202004e-14,/Users/a_lee/Repos/qhat/demo_L_sweep_library/Li-Li/2.93/hgbs-5/Li-Li_2.93_hgbs-5_as-002-004_jw.dat
Li-Li,2.93,hgbs-5,2,4,6,JW_Pauli_string_commutation,34,168,3,2,10,8.272882132895038e-07,1.4210854715202004e-14,/Users/a_lee/Repos/qhat/demo_L_sweep_library/Li-Li/2.93/hgbs-5/Li-Li_2.93_hgbs-5_as-002-004_jw.dat
Li-Li,2.93,sto-6g,2,2,4,fermionic_commutation_then_JW,23,32,2,1,1,0.0040397834982027975,7.105427357601002e-15,/Users/a_lee/Repos/qhat/demo_L_sweep_library/Li-Li/2.93/sto-6g/Li-Li_2.93_sto-6g_as-002-002_jw.dat
Li-Li,2.93,sto-6g,2,2,4,fermionic_commutation_then_JW,23,32,2,1,2,0.0020189816909001322,7.105427357601002e-15,/Users/a_lee/Repos/qhat/demo_L_sweep_library/Li-Li/2.93/sto-6g/Li-Li_2.93_sto-6g_as-002-002_jw.dat
Li-Li,2.93,sto-6g,2,2,4,fermionic_commutation_then_JW,23,32,2,1,5,0.0008074907824412681,7.105427357601002e-15,/Users/a_lee/Repos/qhat/demo_L_sweep_library/Li-Li/2.93/sto-6g/Li-Li_2.93_sto-6g_as-002-002_jw.dat
Li-Li,2.93,sto-6g,2,2,4,fermionic_commutation_then_JW,23,32,2,1,10,0.000403738113668612,7.105427357601002e-15,/Users/a_lee/Repos/qhat/demo_L_sweep_library/Li-Li/2.93/sto-6g/Li-Li_2.93_sto-6g_as-002-002_jw.dat
Li-Li,2.93,sto-6g,2,2,4,fermionic_commutation_then_JW,23,32,2,2,1,0.00013085686865969438,7.105427357601002e-15,/Users/a_lee/Repos/qhat/demo_L_sweep_library/Li-Li/2.93/sto-6g/Li-Li_2.93_sto-6g_as-002-002_jw.dat
Li-Li,2.93,sto-6g,2,2,4,fermionic_commutation_then_JW,23,32,2,2,2,3.2697139301075275e-05,7.105427357601002e-15,/Users/a_lee/Repos/qhat/demo_L_sweep_library/Li-Li/2.93/sto-6g/Li-Li_2.93_sto-6g_as-002-002_jw.dat
Li-Li,2.93,sto-6g,2,2,4,fermionic_commutation_then_JW,23,32,2,2,5,5.230777362752499e-06,7.105427357601002e-15,/Users/a_lee/Repos/qhat/demo_L_sweep_library/Li-Li/2.93/sto-6g/Li-Li_2.93_sto-6g_as-002-002_jw.dat
Li-Li,2.93,sto-6g,2,2,4,fermionic_commutation_then_JW,23,32,2,2,10,1.307667027821634e-06,7.105427357601002e-15,/Users/a_lee/Repos/qhat/demo_L_sweep_library/Li-Li/2.93/sto-6g/Li-Li_2.93_sto-6g_as-002-002_jw.dat
Li-Li,2.93,sto-6g,2,2,4,JW_Pauli_string_commutation,15,16,2,1,1,0.004039783498202467,7.105427357601002e-15,/Users/a_lee/Repos/qhat/demo_L_sweep_library/Li-Li/2.93/sto-6g/Li-Li_2.93_sto-6g_as-002-002_jw.dat
Li-Li,2.93,sto-6g,2,2,4,JW_Pauli_string_commutation,15,16,2,1,2,0.002018981690899709,7.105427357601002e-15,/Users/a_lee/Repos/qhat/demo_L_sweep_library/Li-Li/2.93/sto-6g/Li-Li_2.93_sto-6g_as-002-002_jw.dat
Li-Li,2.93,sto-6g,2,2,4,JW_Pauli_string_commutation,15,16,2,1,5,0.0008074907824396807,7.105427357601002e-15,/Users/a_lee/Repos/qhat/demo_L_sweep_library/Li-Li/2.93/sto-6g/Li-Li_2.93_sto-6g_as-002-002_jw.dat
Li-Li,2.93,sto-6g,2,2,4,JW_Pauli_string_commutation,15,16,2,1,10,0.0004037381136666922,7.105427357601002e-15,/Users/a_lee/Repos/qhat/demo_L_sweep_library/Li-Li/2.93/sto-6g/Li-Li_2.93_sto-6g_as-002-002_jw.dat
Li-Li,2.93,sto-6g,2,2,4,JW_Pauli_string_commutation,15,16,2,2,1,8.591620352412851e-05,7.105427357601002e-15,/Users/a_lee/Repos/qhat/demo_L_sweep_library/Li-Li/2.93/sto-6g/Li-Li_2.93_sto-6g_as-002-002_jw.dat
Li-Li,2.93,sto-6g,2,2,4,JW_Pauli_string_commutation,15,16,2,2,2,2.146452952203588e-05,7.105427357601002e-15,/Users/a_lee/Repos/qhat/demo_L_sweep_library/Li-Li/2.93/sto-6g/Li-Li_2.93_sto-6g_as-002-002_jw.dat
Li-Li,2.93,sto-6g,2,2,4,JW_Pauli_string_commutation,15,16,2,2,5,3.433674387530934e-06,7.105427357601002e-15,/Users/a_lee/Repos/qhat/demo_L_sweep_library/Li-Li/2.93/sto-6g/Li-Li_2.93_sto-6g_as-002-002_jw.dat
Li-Li,2.93,sto-6g,2,2,4,JW_Pauli_string_commutation,15,16,2,2,10,8.58395375587868e-07,7.105427357601002e-15,/Users/a_lee/Repos/qhat/demo_L_sweep_library/Li-Li/2.93/sto-6g/Li-Li_2.93_sto-6g_as-002-002_jw.dat
Li-Li,2.93,sto-6g,2,4,6,fermionic_commutation_then_JW,55,360,4,1,1,0.031411881641165,1.0658141036401503e-14,/Users/a_lee/Repos/qhat/demo_L_sweep_library/Li-Li/2.93/sto-6g/Li-Li_2.93_sto-6g_as-002-004_jw.dat
Li-Li,2.93,sto-6g,2,4,6,fermionic_commutation_then_JW,55,360,4,1,2,0.01599664675928206,1.0658141036401503e-14,/Users/a_lee/Repos/qhat/demo_L_sweep_library/Li-Li/2.93/sto-6g/Li-Li_2.93_sto-6g_as-002-004_jw.dat
Li-Li,2.93,sto-6g,2,4,6,fermionic_commutation_then_JW,55,360,4,1,5,0.006431029890376349,1.0658141036401503e-14,/Users/a_lee/Repos/qhat/demo_L_sweep_library/Li-Li/2.93/sto-6g/Li-Li_2.93_sto-6g_as-002-004_jw.dat
Li-Li,2.93,sto-6g,2,4,6,fermionic_commutation_then_JW,55,360,4,1,10,0.0032177601558508774,1.0658141036401503e-14,/Users/a_lee/Repos/qhat/demo_L_sweep_library/Li-Li/2.93/sto-6g/Li-Li_2.93_sto-6g_as-002-004_jw.dat
Li-Li,2.93,sto-6g,2,4,6,fermionic_commutation_then_JW,55,360,4,2,1,0.00411008675889168,1.0658141036401503e-14,/Users/a_lee/Repos/qhat/demo_L_sweep_library/Li-Li/2.93/sto-6g/Li-Li_2.93_sto-6g_as-002-004_jw.dat
Li-Li,2.93,sto-6g,2,4,6,fermionic_commutation_then_JW,55,360,4,2,2,0.0010397399446807028,1.0658141036401503e-14,/Users/a_lee/Repos/qhat/demo_L_sweep_library/Li-Li/2.93/sto-6g/Li-Li_2.93_sto-6g_as-002-004_jw.dat
Li-Li,2.93,sto-6g,2,4,6,fermionic_commutation_then_JW,55,360,4,2,5,0.00016690839657644837,1.0658141036401503e-14,/Users/a_lee/Repos/qhat/demo_L_sweep_library/Li-Li/2.93/sto-6g/Li-Li_2.93_sto-6g_as-002-004_jw.dat
Li-Li,2.93,sto-6g,2,4,6,fermionic_commutation_then_JW,55,360,4,2,10,4.1746765436122725e-05,1.0658141036401503e-14,/Users/a_lee/Repos/qhat/demo_L_sweep_library/Li-Li/2.93/sto-6g/Li-Li_2.93_sto-6g_as-002-004_jw.dat
Li-Li,2.93,sto-6g,2,4,6,JW_Pauli_string_commutation,34,168,3,1,1,0.02968713030486881,1.0658141036401503e-14,/Users/a_lee/Repos/qhat/demo_L_sweep_library/Li-Li/2.93/sto-6g/Li-Li_2.93_sto-6g_as-002-004_jw.dat
Li-Li,2.93,sto-6g,2,4,6,JW_Pauli_string_commutation,34,168,3,1,2,0.015080008248011133,1.0658141036401503e-14,/Users/a_lee/Repos/qhat/demo_L_sweep_library/Li-Li/2.93/sto-6g/Li-Li_2.93_sto-6g_as-002-004_jw.dat
Li-Li,2.93,sto-6g,2,4,6,JW_Pauli_string_commutation,34,168,3,1,5,0.006058166566483804,1.0658141036401503e-14,/Users/a_lee/Repos/qhat/demo_L_sweep_library/Li-Li/2.93/sto-6g/Li-Li_2.93_sto-6g_as-002-004_jw.dat
Li-Li,2.93,sto-6g,2,4,6,JW_Pauli_string_commutation,34,168,3,1,10,0.003030862922215713,1.0658141036401503e-14,/Users/a_lee/Repos/qhat/demo_L_sweep_library/Li-Li/2.93/sto-6g/Li-Li_2.93_sto-6g_as-002-004_jw.dat
Li-Li,2.93,sto-6g,2,4,6,JW_Pauli_string_commutation,34,168,3,2,1,0.0021143341545871446,1.0658141036401503e-14,/Users/a_lee/Repos/qhat/demo_L_sweep_library/Li-Li/2.93/sto-6g/Li-Li_2.93_sto-6g_as-002-004_jw.dat
Li-Li,2.93,sto-6g,2,4,6,JW_Pauli_string_commutation,34,168,3,2,2,0.0005317246150650485,1.0658141036401503e-14,/Users/a_lee/Repos/qhat/demo_L_sweep_library/Li-Li/2.93/sto-6g/Li-Li_2.93_sto-6g_as-002-004_jw.dat
Li-Li,2.93,sto-6g,2,4,6,JW_Pauli_string_commutation,34,168,3,2,5,8.521738185423357e-05,1.0658141036401503e-14,/Users/a_lee/Repos/qhat/demo_L_sweep_library/Li-Li/2.93/sto-6g/Li-Li_2.93_sto-6g_as-002-004_jw.dat
Li-Li,2.93,sto-6g,2,4,6,JW_Pauli_string_commutation,34,168,3,2,10,2.1309403523319467e-05,1.0658141036401503e-14,/Users/a_lee/Repos/qhat/demo_L_sweep_library/Li-Li/2.93/sto-6g/Li-Li_2.93_sto-6g_as-002-004_jw.dat
Li-Li,3.72,hgbs-5,2,2,4,fermionic_commutation_then_JW,23,32,2,1,1,0.0018608011024251376,1.4210854715202004e-14,/Users/a_lee/Repos/qhat/demo_L_sweep_library/Li-Li/3.72/hgbs-5/Li-Li_3.72_hgbs-5_as-002-002_jw.dat
Li-Li,3.72,hgbs-5,2,2,4,fermionic_commutation_then_JW,23,32,2,1,2,0.0009301630347108735,1.4210854715202004e-14,/Users/a_lee/Repos/qhat/demo_L_sweep_library/Li-Li/3.72/hgbs-5/Li-Li_3.72_hgbs-5_as-002-002_jw.dat
Li-Li,3.72,hgbs-5,2,2,4,fermionic_commutation_then_JW,23,32,2,1,5,0.00037203862083491537,1.4210854715202004e-14,/Users/a_lee/Repos/qhat/demo_L_sweep_library/Li-Li/3.72/hgbs-5/Li-Li_3.72_hgbs-5_as-002-002_jw.dat
Li-Li,3.72,hgbs-5,2,2,4,fermionic_commutation_then_JW,23,32,2,1,10,0.00018601741107239776,1.4210854715202004e-14,/Users/a_lee/Repos/qhat/demo_L_sweep_library/Li-Li/3.72/hgbs-5/Li-Li_3.72_hgbs-5_as-002-002_jw.dat
Li-Li,3.72,hgbs-5,2,2,4,fermionic_commutation_then_JW,23,32,2,2,1,4.663063903986699e-05,1.4210854715202004e-14,/Users/a_lee/Repos/qhat/demo_L_sweep_library/Li-Li/3.72/hgbs-5/Li-Li_3.72_hgbs-5_as-002-002_jw.dat
Li-Li,3.72,hgbs-5,2,2,4,fermionic_commutation_then_JW,23,32,2,2,2,1.165417105108054e-05,1.4210854715202004e-14,/Users/a_lee/Repos/qhat/demo_L_sweep_library/Li-Li/3.72/hgbs-5/Li-Li_3.72_hgbs-5_as-002-002_jw.dat
Li-Li,3.72,hgbs-5,2,2,4,fermionic_commutation_then_JW,23,32,2,2,5,1.8645111191908658e-06,1.4210854715202004e-14,/Users/a_lee/Repos/qhat/demo_L_sweep_library/Li-Li/3.72/hgbs-5/Li-Li_3.72_hgbs-5_as-002-002_jw.dat
Li-Li,3.72,hgbs-5,2,2,4,fermionic_commutation_then_JW,23,32,2,2,10,4.6612220215017406e-07,1.4210854715202004e-14,/Users/a_lee/Repos/qhat/demo_L_sweep_library/Li-Li/3.72/hgbs-5/Li-Li_3.72_hgbs-5_as-002-002_jw.dat
Li-Li,3.72,hgbs-5,2,2,4,JW_Pauli_string_commutation,15,16,2,1,1,0.0018608011024227311,1.4210854715202004e-14,/Users/a_lee/Repos/qhat/demo_L_sweep_library/Li-Li/3.72/hgbs-5/Li-Li_3.72_hgbs-5_as-002-002_jw.dat
Li-Li,3.72,hgbs-5,2,2,4,JW_Pauli_string_commutation,15,16,2,1,2,0.0009301630347084128,1.4210854715202004e-14,/Users/a_lee/Repos/qhat/demo_L_sweep_library/Li-Li/3.72/hgbs-5/Li-Li_3.72_hgbs-5_as-002-002_jw.dat
Li-Li,3.72,hgbs-5,2,2,4,JW_Pauli_string_commutation,15,16,2,1,5,0.0003720386208327657,1.4210854715202004e-14,/Users/a_lee/Repos/qhat/demo_L_sweep_library/Li-Li/3.72/hgbs-5/Li-Li_3.72_hgbs-5_as-002-002_jw.dat
Li-Li,3.72,hgbs-5,2,2,4,JW_Pauli_string_commutation,15,16,2,1,10,0.00018601741107068082,1.4210854715202004e-14,/Users/a_lee/Repos/qhat/demo_L_sweep_library/Li-Li/3.72/hgbs-5/Li-Li_3.72_hgbs-5_as-002-002_jw.dat
Li-Li,3.72,hgbs-5,2,2,4,JW_Pauli_string_commutation,15,16,2,2,1,2.7778513550785706e-05,1.4210854715202004e-14,/Users/a_lee/Repos/qhat/demo_L_sweep_library/Li-Li/3.72/hgbs-5/Li-Li_3.72_hgbs-5_as-002-002_jw.dat
Li-Li,3.72,hgbs-5,2,2,4,JW_Pauli_string_commutation,15,16,2,2,2,6.94167189683259e-06,1.4210854715202004e-14,/Users/a_lee/Repos/qhat/demo_L_sweep_library/Li-Li/3.72/hgbs-5/Li-Li_3.72_hgbs-5_as-002-002_jw.dat
Li-Li,3.72,hgbs-5,2,2,4,JW_Pauli_string_commutation,15,16,2,2,5,1.1105351001651086e-06,1.4210854715202004e-14,/Users/a_lee/Repos/qhat/demo_L_sweep_library/Li-Li/3.72/hgbs-5/Li-Li_3.72_hgbs-5_as-002-002_jw.dat
Li-Li,3.72,hgbs-5,2,2,4,JW_Pauli_string_commutation,15,16,2,2,10,2.7762904664666493e-07,1.4210854715202004e-14,/Users/a_lee/Repos/qhat/demo_L_sweep_library/Li-Li/3.72/hgbs-5/Li-Li_3.72_hgbs-5_as-002-002_jw.dat
Li-Li,3.72,hgbs-5,2,4,6,fermionic_commutation_then_JW,55,360,4,1,1,0.003851967703480934,1.7763568394002505e-14,/Users/a_lee/Repos/qhat/demo_L_sweep_library/Li-Li/3.72/hgbs-5/Li-Li_3.72_hgbs-5_as-002-004_jw.dat
Li-Li,3.72,hgbs-5,2,4,6,fermionic_commutation_then_JW,55,360,4,1,2,0.0019334902141965131,1.7763568394002505e-14,/Users/a_lee/Repos/qhat/demo_L_sweep_library/Li-Li/3.72/hgbs-5/Li-Li_3.72_hgbs-5_as-002-004_jw.dat
Li-Li,3.72,hgbs-5,2,4,6,fermionic_commutation_then_JW,55,360,4,1,5,0.0007733128032409674,1.7763568394002505e-14,/Users/a_lee/Repos/qhat/demo_L_sweep_library/Li-Li/3.72/hgbs-5/Li-Li_3.72_hgbs-5_as-002-004_jw.dat
Li-Li,3.72,hgbs-5,2,4,6,fermionic_commutation_then_JW,55,360,4,1,10,0.0003864850175580826,1.7763568394002505e-14,/Users/a_lee/Repos/qhat/demo_L_sweep_library/Li-Li/3.72/hgbs-5/Li-Li_3.72_hgbs-5_as-002-004_jw.dat
Li-Li,3.72,hgbs-5,2,4,6,fermionic_commutation_then_JW,55,360,4,2,1,0.0002961750290477467,1.7763568394002505e-14,/Users/a_lee/Repos/qhat/demo_L_sweep_library/Li-Li/3.72/hgbs-5/Li-Li_3.72_hgbs-5_as-002-004_jw.dat
Li-Li,3.72,hgbs-5,2,4,6,fermionic_commutation_then_JW,55,360,4,2,2,7.442587874211623e-05,1.7763568394002505e-14,/Users/a_lee/Repos/qhat/demo_L_sweep_library/Li-Li/3.72/hgbs-5/Li-Li_3.72_hgbs-5_as-002-004_jw.dat
Li-Li,3.72,hgbs-5,2,4,6,fermionic_commutation_then_JW,55,360,4,2,5,1.192530303778969e-05,1.7763568394002505e-14,/Users/a_lee/Repos/qhat/demo_L_sweep_library/Li-Li/3.72/hgbs-5/Li-Li_3.72_hgbs-5_as-002-004_jw.dat
Li-Li,3.72,hgbs-5,2,4,6,fermionic_commutation_then_JW,55,360,4,2,10,2.981939099836435e-06,1.7763568394002505e-14,/Users/a_lee/Repos/qhat/demo_L_sweep_library/Li-Li/3.72/hgbs-5/Li-Li_3.72_hgbs-5_as-002-004_jw.dat
Li-Li,3.72,hgbs-5,2,4,6,JW_Pauli_string_commutation,34,168,3,1,1,0.0023407234842108063,1.7763568394002505e-14,/Users/a_lee/Repos/qhat/demo_L_sweep_library/Li-Li/3.72/hgbs-5/Li-Li_3.72_hgbs-5_as-002-004_jw.dat
Li-Li,3.72,hgbs-5,2,4,6,JW_Pauli_string_commutation,34,168,3,1,2,0.0011671739672715115,1.7763568394002505e-14,/Users/a_lee/Repos/qhat/demo_L_sweep_library/Li-Li/3.72/hgbs-5/Li-Li_3.72_hgbs-5_as-002-004_jw.dat
Li-Li,3.72,hgbs-5,2,4,6,JW_Pauli_string_commutation,34,168,3,1,5,0.000466107189917575,1.7763568394002505e-14,/Users/a_lee/Repos/qhat/demo_L_sweep_library/Li-Li/3.72/hgbs-5/Li-Li_3.72_hgbs-5_as-002-004_jw.dat
Li-Li,3.72,hgbs-5,2,4,6,JW_Pauli_string_commutation,34,168,3,1,10,0.0002329267681135753,1.7763568394002505e-14,/Users/a_lee/Repos/qhat/demo_L_sweep_library/Li-Li/3.72/hgbs-5/Li-Li_3.72_hgbs-5_as-002-004_jw.dat
Li-Li,3.72,hgbs-5,2,4,6,JW_Pauli_string_commutation,34,168,3,2,1,5.712473564970652e-05,1.7763568394002505e-14,/Users/a_lee/Repos/qhat/demo_L_sweep_library/Li-Li/3.72/hgbs-5/Li-Li_3.72_hgbs-5_as-002-004_jw.dat
Li-Li,3.72,hgbs-5,2,4,6,JW_Pauli_string_commutation,34,168,3,2,2,1.4290155981275097e-05,1.7763568394002505e-14,/Users/a_lee/Repos/qhat/demo_L_sweep_library/Li-Li/3.72/hgbs-5/Li-Li_3.72_hgbs-5_as-002-004_jw.dat
Li-Li,3.72,hgbs-5,2,4,6,JW_Pauli_string_commutation,34,168,3,2,5,2.2868270252446464e-06,1.7763568394002505e-14,/Users/a_lee/Repos/qhat/demo_L_sweep_library/Li-Li/3.72/hgbs-5/Li-Li_3.72_hgbs-5_as-002-004_jw.dat
Li-Li,3.72,hgbs-5,2,4,6,JW_Pauli_string_commutation,34,168,3,2,10,5.717211163445919e-07,1.7763568394002505e-14,/Users/a_lee/Repos/qhat/demo_L_sweep_library/Li-Li/3.72/hgbs-5/Li-Li_3.72_hgbs-5_as-002-004_jw.dat
Li-Li,3.72,sto-6g,2,2,4,fermionic_commutation_then_JW,23,32,2,1,1,0.0037200153451658288,5.329070518200751e-15,/Users/a_lee/Repos/qhat/demo_L_sweep_library/Li-Li/3.72/sto-6g/Li-Li_3.72_sto-6g_as-002-002_jw.dat
Li-Li,3.72,sto-6g,2,2,4,fermionic_commutation_then_JW,23,32,2,1,2,0.0018594109170488292,5.329070518200751e-15,/Users/a_lee/Repos/qhat/demo_L_sweep_library/Li-Li/3.72/sto-6g/Li-Li_3.72_sto-6g_as-002-002_jw.dat
Li-Li,3.72,sto-6g,2,2,4,fermionic_commutation_then_JW,23,32,2,1,5,0.00074369752069031,5.329070518200751e-15,/Users/a_lee/Repos/qhat/demo_L_sweep_library/Li-Li/3.72/sto-6g/Li-Li_3.72_sto-6g_as-002-002_jw.dat
Li-Li,3.72,sto-6g,2,2,4,fermionic_commutation_then_JW,23,32,2,1,10,0.00037184398545280026,5.329070518200751e-15,/Users/a_lee/Repos/qhat/demo_L_sweep_library/Li-Li/3.72/sto-6g/Li-Li_3.72_sto-6g_as-002-002_jw.dat
Li-Li,3.72,sto-6g,2,2,4,fermionic_commutation_then_JW,23,32,2,2,1,9.2314215949019e-05,5.329070518200751e-15,/Users/a_lee/Repos/qhat/demo_L_sweep_library/Li-Li/3.72/sto-6g/Li-Li_3.72_sto-6g_as-002-002_jw.dat
Li-Li,3.72,sto-6g,2,2,4,fermionic_commutation_then_JW,23,32,2,2,2,2.307007196065248e-05,5.329070518200751e-15,/Users/a_lee/Repos/qhat/demo_L_sweep_library/Li-Li/3.72/sto-6g/Li-Li_3.72_sto-6g_as-002-002_jw.dat
Li-Li,3.72,sto-6g,2,2,4,fermionic_commutation_then_JW,23,32,2,2,5,3.6908314187761347e-06,5.329070518200751e-15,/Users/a_lee/Repos/qhat/demo_L_sweep_library/Li-Li/3.72/sto-6g/Li-Li_3.72_sto-6g_as-002-002_jw.dat
Li-Li,3.72,sto-6g,2,2,4,fermionic_commutation_then_JW,23,32,2,2,10,9.226942815232069e-07,5.329070518200751e-15,/Users/a_lee/Repos/qhat/demo_L_sweep_library/Li-Li/3.72/sto-6g/Li-Li_3.72_sto-6g_as-002-002_jw.dat
Li-Li,3.72,sto-6g,2,2,4,JW_Pauli_string_commutation,15,16,2,1,1,0.0037200153451655746,5.329070518200751e-15,/Users/a_lee/Repos/qhat/demo_L_sweep_library/Li-Li/3.72/sto-6g/Li-Li_3.72_sto-6g_as-002-002_jw.dat
Li-Li,3.72,sto-6g,2,2,4,JW_Pauli_string_commutation,15,16,2,1,2,0.0018594109170484855,5.329070518200751e-15,/Users/a_lee/Repos/qhat/demo_L_sweep_library/Li-Li/3.72/sto-6g/Li-Li_3.72_sto-6g_as-002-002_jw.dat
Li-Li,3.72,sto-6g,2,2,4,JW_Pauli_string_commutation,15,16,2,1,5,0.0007436975206895619,5.329070518200751e-15,/Users/a_lee/Repos/qhat/demo_L_sweep_library/Li-Li/3.72/sto-6g/Li-Li_3.72_sto-6g_as-002-002_jw.dat
Li-Li,3.72,sto-6g,2,2,4,JW_Pauli_string_commutation,15,16,2,1,10,0.0003718439854540169,5.329070518200751e-15,/Users/a_lee/Repos/qhat/demo_L_sweep_library/Li-Li/3.72/sto-6g/Li-Li_3.72_sto-6g_as-002-002_jw.dat
Li-Li,3.72,sto-6g,2,2,4,JW_Pauli_string_commutation,15,16,2,2,1,7.922802078612597e-05,5.329070518200751e-15,/Users/a_lee/Repos/qhat/demo_L_sweep_library/Li-Li/3.72/sto-6g/Li-Li_3.72_sto-6g_as-002-002_jw.dat
Li-Li,3.72,sto-6g,2,2,4,JW_Pauli_string_commutation,15,16,2,2,2,1.979916686023468e-05,5.329070518200751e-15,/Users/a_lee/Repos/qhat/demo_L_sweep_library/Li-Li/3.72/sto-6g/Li-Li_3.72_sto-6g_as-002-002_jw.dat
Li-Li,3.72,sto-6g,2,2,4,JW_Pauli_string_commutation,15,16,2,2,5,3.1675154544574644e-06,5.329070518200751e-15,/Users/a_lee/Repos/qhat/demo_L_sweep_library/Li-Li/3.72/sto-6g/Li-Li_3.72_sto-6g_as-002-002_jw.dat
Li-Li,3.72,sto-6g,2,2,4,JW_Pauli_string_commutation,15,16,2,2,10,7.918663196237053e-07,5.329070518200751e-15,/Users/a_lee/Repos/qhat/demo_L_sweep_library/Li-Li/3.72/sto-6g/Li-Li_3.72_sto-6g_as-002-002_jw.dat
Li-Li,3.72,sto-6g,2,4,6,fermionic_commutation_then_JW,85,1592,7,1,1,0.0477201641854823,8.881826145348015e-15,/Users/a_lee/Repos/qhat/demo_L_sweep_library/Li-Li/3.72/sto-6g/Li-Li_3.72_sto-6g_as-002-004_jw.dat
Li-Li,3.72,sto-6g,2,4,6,fermionic_commutation_then_JW,85,1592,7,1,2,0.023919561822512973,8.881826145348015e-15,/Users/a_lee/Repos/qhat/demo_L_sweep_library/Li-Li/3.72/sto-6g/Li-Li_3.72_sto-6g_as-002-004_jw.dat
Li-Li,3.72,sto-6g,2,4,6,fermionic_commutation_then_JW,85,1592,7,1,5,0.009556680097865424,8.881826145348015e-15,/Users/a_lee/Repos/qhat/demo_L_sweep_library/Li-Li/3.72/sto-6g/Li-Li_3.72_sto-6g_as-002-004_jw.dat
Li-Li,3.72,sto-6g,2,4,6,fermionic_commutation_then_JW,85,1592,7,1,10,0.004774411389479184,8.881826145348015e-15,/Users/a_lee/Repos/qhat/demo_L_sweep_library/Li-Li/3.72/sto-6g/Li-Li_3.72_sto-6g_as-002-004_jw.dat
Li-Li,3.72,sto-6g,2,4,6,fermionic_commutation_then_JW,85,1592,7,2,1,0.003428362273772922,8.881826145348015e-15,/Users/a_lee/Repos/qhat/demo_L_sweep_library/Li-Li/3.72/sto-6g/Li-Li_3.72_sto-6g_as-002-004_jw.dat
Li-Li,3.72,sto-6g,2,4,6,fermionic_commutation_then_JW,85,1592,7,2,2,0.000864323640510866,8.881826145348015e-15,/Users/a_lee/Repos/qhat/demo_L_sweep_library/Li-Li/3.72/sto-6g/Li-Li_3.72_sto-6g_as-002-004_jw.dat
Li-Li,3.72,sto-6g,2,4,6,fermionic_commutation_then_JW,85,1592,7,2,5,0.0001386182668762525,8.881826145348015e-15,/Users/a_lee/Repos/qhat/demo_L_sweep_library/Li-Li/3.72/sto-6g/Li-Li_3.72_sto-6g_as-002-004_jw.dat
Li-Li,3.72,sto-6g,2,4,6,fermionic_commutation_then_JW,85,1592,7,2,10,3.466624872739715e-05,8.881826145348015e-15,/Users/a_lee/Repos/qhat/demo_L_sweep_library/Li-Li/3.72/sto-6g/Li-Li_3.72_sto-6g_as-002-004_jw.dat
Li-Li,3.72,sto-6g,2,4,6,JW_Pauli_string_commutation,62,760,6,1,1,0.04320401774701412,8.881826145348015e-15,/Users/a_lee/Repos/qhat/demo_L_sweep_library/Li-Li/3.72/sto-6g/Li-Li_3.72_sto-6g_as-002-004_jw.dat
Li-Li,3.72,sto-6g,2,4,6,JW_Pauli_string_commutation,62,760,6,1,2,0.021710746961187306,8.881826145348015e-15,/Users/a_lee/Repos/qhat/demo_L_sweep_library/Li-Li/3.72/sto-6g/Li-Li_3.72_sto-6g_as-002-004_jw.dat
Li-Li,3.72,sto-6g,2,4,6,JW_Pauli_string_commutation,62,760,6,1,5,0.008688702640783783,8.881826145348015e-15,/Users/a_lee/Repos/qhat/demo_L_sweep_library/Li-Li/3.72/sto-6g/Li-Li_3.72_sto-6g_as-002-004_jw.dat
Li-Li,3.72,sto-6g,2,4,6,JW_Pauli_string_commutation,62,760,6,1,10,0.00434326996581492,8.881826145348015e-15,/Users/a_lee/Repos/qhat/demo_L_sweep_library/Li-Li/3.72/sto-6g/Li-Li_3.72_sto-6g_as-002-004_jw.dat
Li-Li,3.72,sto-6g,2,4,6,JW_Pauli_string_commutation,62,760,6,2,1,0.002800128641101789,8.881826145348015e-15,/Users/a_lee/Repos/qhat/demo_L_sweep_library/Li-Li/3.72/sto-6g/Li-Li_3.72_sto-6g_as-002-004_jw.dat
Li-Li,3.72,sto-6g,2,4,6,JW_Pauli_string_commutation,62,760,6,2,2,0.0007039523227763185,8.881826145348015e-15,/Users/a_lee/Repos/qhat/demo_L_sweep_library/Li-Li/3.72/sto-6g/Li-Li_3.72_sto-6g_as-002-004_jw.dat
Li-Li,3.72,sto-6g,2,4,6,JW_Pauli_string_commutation,62,760,6,2,5,0.0001128084901439751,8.881826145348015e-15,/Users/a_lee/Repos/qhat/demo_L_sweep_library/Li-Li/3.72/sto-6g/Li-Li_3.72_sto-6g_as-002-004_jw.dat
Li-Li,3.72,sto-6g,2,4,6,JW_Pauli_string_commutation,62,760,6,2,10,2.820841678736093e-05,8.881826145348015e-15,/Users/a_lee/Repos/qhat/demo_L_sweep_library/Li-Li/3.72/sto-6g/Li-Li_3.72_sto-6g_as-002-004_jw.dat
