status,error_message,case_id,tensor_path,molecule,bond_length,basis,active_occupied,active_vacant,n_qubits,number_of_fermionic_terms,number_of_pauli_terms,number_of_shared_pauli_terms,shared_pauli_fraction,number_of_unowned_pauli_terms,schedule,sample_index,random_seed,ordering_definition,parent_order_hash,pauli_order_hash,reference_parent_bucket_sizes,mean_parent_runs,max_parent_runs,fraction_parents_contiguous,mean_parent_span_ratio,weighted_parent_span_ratio,orientation_flip_fraction_vs_signed_reference,weighted_orientation_flip_fraction_vs_signed_reference,cross_owner_weighted_flip_fraction_vs_signed_reference,bch2_hf_state_norm,bch_norm_ratio_to_signed_reference,bch_pair_abs_sum,bch_cancellation_ratio,bch_cancellation_ratio_to_signed_reference,bch_same_owner_norm,bch_cross_owner_norm,same_owner_pair_fraction,same_owner_abs_weight_fraction,unowned_pair_abs_weight_fraction,leading_state_error_norm_estimate,trotter_steps,trotter_dt,evolution_time,nominal_exponential_count,exact_sector_dimension,exact_build_time_seconds,exact_evolution_time_seconds,trotter_runtime_seconds,state_overlap_abs,one_minus_overlap,one_minus_overlap_ratio_to_signed_reference,state_infidelity,state_infidelity_ratio_to_signed_reference,state_vector_2norm_error,phase_aligned_state_2norm_error,particle_number_leakage,spin_sector_leakage,coefficient_tolerance,source_csv,reference_error,predicted_error_ratio,observed_error_ratio
success,,B-B_1.70_hgbs-5_as-008-010,hamiltonian_generator/hgbs5_diatomic_basis_transfer/night/B-B/1.70/hgbs-5/B-B_1.70_hgbs-5_as-008-010.tensors.npz,B-B,1.7,hgbs-5,8,10,18,831,1491,954,0.6398390342052314,0,fermionic_magnitude_reference,-1,-1,complete Hermitian fermionic terms ordered by decreasing absolute canonical coefficient magnitude; final combined JW Pauli order induced by first occurrence,b3c0fa9cbf465fc7,578f92eecdee4db0,"[1,1,1,1,1,1,1,1,1,1,1,1,1,1,1,1,1,1,1,1,1,1,1,1,1,1,1,1,1,1,1,1,1,1,1,1,1,1,1,1,1,1,1,1,1,1,1,1,1,1,1,1,1,1,1,1,1,1,1,1,1,1,1,1,1,1,1,1,1,1,1,1,1,1,1,1,1,1,1,1,1,1,1,1,4,1,1,1,1,1,1,1,1,1,1,1,1,1,1,1,1,1,1,1,1,1,1,4,1,1,1,1,1,1,1,1,1,1,1,1,1,1,1,1,1,1,4,1,1,1,1,1,1,1,1,1,1,1,1,1,1,1,1,1,1,1,1,1,1,1,1,1,1,1,1,1,1,1,1,2,2,1,1,1,1,1,2,4,1,1,1,1,1,1,4,1,1,1,1,4,4,4,4,4,2,2,2,2,4,4,4,2,4,4,2,2,2,2,4,4,4,4,4,4,2,2,2,4,2,2,2,4,2,2,4,2,2,2,4,6,6,2,2,2,2,4,4,4,4,4,4,4,4,4,4,4,4,4,4,4,4,4,4,4,2,2,4,4,4,4,2,4,2,4,4,6,6,4,4,2,4,4,4,4,2,2,4,4,6,6,4,4,4,6,6,4,4,4,4,4,4,4,4,4,4,4,4,4,4,4,4,4,4,4,4,4,6,6,2,2,2,2,6,6,4,4,2,4,2,2,4,4,4,4,4,4,4,2,2,4,4,4,4,6,6,4,4,2,2,4,4,6,6,4,2,2,2,2,4,4,4,2,2,4,2,2,2,2,4,2,2,4,4,4,4,4,4,4,4,4,4,4,2,2,4,4,4,4,2,2,2,2,2,2,2,2,4,2,2,4,2,2,4,4,4,4,4,4,4,4,2,4,4,6,6,4,4,2,4,4,4,4,4,4,6,6,4,4,4,4,4,4,4,4,4,4,2,2,4,4,4,4,4,4,4,2,2,2,2,2,2,4,2,2,2,2,2,2,4,4,4,2,2,2,2,4,4,2,2,2,4,4,4,4,4,2,4,6,6,2,2,4,4,4,4,4,4,4,4,6,6,2,2,2,2,2,2,4,4,4,4,4,4,4,4,4,2,2,2,4,4,2,2,4,4,2,2,2,2,2,2,4,4,2,2,2,2,2,4,4,4,4,4,4,4,2,2,2,2,4,2,2,2,2,2,2,2,2,2,2,2,2,2,2,2,2,2,2,2,2,2,2,2,2,2,2,2,2,2,2,2,2,2,2,2,2,2,2,2,2,2,2,2,2,2,2,2,2,2,2,2,2,2,2,2,2,2,2,2,2,2]",1.017211703958692,2.0,0.982788296041308,2.0843373493975905,2.6901408450704225,0.2801683149486497,0.0894186429605845,0.0894186429605845,0.1964084412584443,1.2131976703701108,25.631983159569355,0.0076626314880016,1.2131976703701108,0.0,0.1964084412584443,0.0,0.0,0.0,0.0009820422062922,100,0.01,1.0,149100,15876,17.571312041000056,0.0621121250005671,27.54880683400006,0.9999997598075172,2.4019248279216754e-07,2.7832660929665165,4.803849078527378e-07,2.7832658784311097,1.5546335824170998,0.0006930980923248,3.5660363550960033e-13,3.568256801145253e-13,1e-12,analysis/fermionic_structure_ablation_hgbs5.csv,8.629878522903311e-08,1.4718485873914642,2.7832660929665165
success,,B-B_1.70_hgbs-5_as-008-010,hamiltonian_generator/hgbs5_diatomic_basis_transfer/night/B-B/1.70/hgbs-5/B-B_1.70_hgbs-5_as-008-010.tensors.npz,B-B,1.7,hgbs-5,8,10,18,831,1491,954,0.6398390342052314,0,fermionic_signed_reference,-1,-1,complete Hermitian fermionic terms ordered by increasing signed canonical coefficient; final combined JW Pauli order induced by first occurrence,3eb34ece682bf94e,8b3110ca07efd528,"[1,1,1,1,1,1,1,1,1,1,1,1,1,1,1,1,1,1,1,1,1,1,1,1,1,1,1,1,1,1,1,1,1,1,1,1,1,1,1,1,1,1,1,1,1,1,1,1,1,1,1,1,1,1,1,1,1,1,1,1,1,1,1,1,1,1,1,1,1,1,1,1,1,1,1,1,1,1,1,1,1,1,1,1,4,1,1,1,1,1,1,1,1,1,1,1,1,1,1,1,1,1,1,1,1,1,1,4,1,1,1,1,1,1,1,1,1,1,1,1,1,1,1,1,1,1,4,1,1,1,1,1,1,1,1,1,1,1,1,1,1,1,1,1,1,1,1,1,1,1,1,1,1,1,1,1,1,1,1,2,2,1,1,1,1,1,2,4,1,1,1,1,1,1,4,1,1,1,1,4,4,4,4,4,2,2,2,2,4,4,4,2,4,4,2,2,2,2,4,4,4,4,4,4,2,2,2,4,2,2,2,4,2,2,4,2,2,2,4,6,6,2,2,2,2,4,4,4,4,4,4,4,4,4,4,4,4,4,4,4,4,4,4,4,2,2,4,4,4,4,2,4,2,4,4,6,6,4,4,2,4,4,4,4,2,2,4,4,6,6,4,4,4,6,6,4,4,4,4,4,4,4,4,4,4,4,4,4,4,4,4,4,4,4,4,4,6,6,2,2,2,2,6,6,4,4,2,4,2,2,4,4,4,4,4,4,4,2,2,4,4,4,4,6,6,4,4,2,2,4,4,6,6,4,2,2,2,2,4,4,4,2,2,4,2,2,2,2,4,2,2,4,4,4,4,4,4,4,4,4,4,4,2,2,4,4,4,4,2,2,2,2,2,2,2,2,4,2,2,4,2,2,4,4,4,4,4,4,4,4,2,4,4,6,6,4,4,2,4,4,4,4,4,4,6,6,4,4,4,4,4,4,4,4,4,4,2,2,4,4,4,4,4,4,4,2,2,2,2,2,2,4,2,2,2,2,2,2,4,4,4,2,2,2,2,4,4,2,2,2,4,4,4,4,4,2,4,6,6,2,2,4,4,4,4,4,4,4,4,6,6,2,2,2,2,2,2,4,4,4,4,4,4,4,4,4,2,2,2,4,4,2,2,4,4,2,2,2,2,2,2,4,4,2,2,2,2,2,4,4,4,4,4,4,4,2,2,2,2,4,2,2,2,2,2,2,2,2,2,2,2,2,2,2,2,2,2,2,2,2,2,2,2,2,2,2,2,2,2,2,2,2,2,2,2,2,2,2,2,2,2,2,2,2,2,2,2,2,2,2,2,2,2,2,2,2,2,2,2,2,2]",1.0,1.0,1.0,1.0,1.0,0.0,0.0,0.0,0.1618931902486475,1.0,25.631983159569355,0.0063160618217013,1.0,0.0,0.1618931902486475,0.0,0.0,0.0,0.0008094659512432,100,0.01,1.0,149100,15876,17.571312041000056,0.0621121250005671,27.53533525000057,0.9999999137012148,8.629878522903311e-08,1.0,1.7259756301957196e-07,1.0,1.5546198803263,0.0004154486375691,3.851363672424668e-13,3.8502534494000434e-13,1e-12,analysis/fermionic_structure_ablation_hgbs5.csv,8.629878522903311e-08,1.0,1.0
success,,B-B_1.70_hgbs-5_as-008-010,hamiltonian_generator/hgbs5_diatomic_basis_transfer/night/B-B/1.70/hgbs-5/B-B_1.70_hgbs-5_as-008-010.tensors.npz,B-B,1.7,hgbs-5,8,10,18,831,1491,954,0.6398390342052314,0,jw_signed_baseline,-1,-1,final JW Pauli terms ordered directly by increasing signed coefficient with dense Pauli lexicographic tie-breaking,,07439c777330512d,"[1,1,1,1,1,1,1,1,1,1,1,1,1,1,1,1,1,1,1,1,1,1,1,1,1,1,1,1,1,1,1,1,1,1,1,1,1,1,1,1,1,1,1,1,1,1,1,1,1,1,1,1,1,1,1,1,1,1,1,1,1,1,1,1,1,1,1,1,1,1,1,1,1,1,1,1,1,1,1,1,1,1,1,1,4,1,1,1,1,1,1,1,1,1,1,1,1,1,1,1,1,1,1,1,1,1,1,4,1,1,1,1,1,1,1,1,1,1,1,1,1,1,1,1,1,1,4,1,1,1,1,1,1,1,1,1,1,1,1,1,1,1,1,1,1,1,1,1,1,1,1,1,1,1,1,1,1,1,1,2,2,1,1,1,1,1,2,4,1,1,1,1,1,1,4,1,1,1,1,4,4,4,4,4,2,2,2,2,4,4,4,2,4,4,2,2,2,2,4,4,4,4,4,4,2,2,2,4,2,2,2,4,2,2,4,2,2,2,4,6,6,2,2,2,2,4,4,4,4,4,4,4,4,4,4,4,4,4,4,4,4,4,4,4,2,2,4,4,4,4,2,4,2,4,4,6,6,4,4,2,4,4,4,4,2,2,4,4,6,6,4,4,4,6,6,4,4,4,4,4,4,4,4,4,4,4,4,4,4,4,4,4,4,4,4,4,6,6,2,2,2,2,6,6,4,4,2,4,2,2,4,4,4,4,4,4,4,2,2,4,4,4,4,6,6,4,4,2,2,4,4,6,6,4,2,2,2,2,4,4,4,2,2,4,2,2,2,2,4,2,2,4,4,4,4,4,4,4,4,4,4,4,2,2,4,4,4,4,2,2,2,2,2,2,2,2,4,2,2,4,2,2,4,4,4,4,4,4,4,4,2,4,4,6,6,4,4,2,4,4,4,4,4,4,6,6,4,4,4,4,4,4,4,4,4,4,2,2,4,4,4,4,4,4,4,2,2,2,2,2,2,4,2,2,2,2,2,2,4,4,4,2,2,2,2,4,4,2,2,2,4,4,4,4,4,2,4,6,6,2,2,4,4,4,4,4,4,4,4,6,6,2,2,2,2,2,2,4,4,4,4,4,4,4,4,4,2,2,2,4,4,2,2,4,4,2,2,2,2,2,2,4,4,2,2,2,2,2,4,4,4,4,4,4,4,2,2,2,2,4,2,2,2,2,2,2,2,2,2,2,2,2,2,2,2,2,2,2,2,2,2,2,2,2,2,2,2,2,2,2,2,2,2,2,2,2,2,2,2,2,2,2,2,2,2,2,2,2,2,2,2,2,2,2,2,2,2,2,2,2,2]",1.313253012048193,3.0,0.7469879518072289,31.921113023522658,51.35949027498323,0.6708705781666032,0.9278060916776032,0.9278060916776032,0.1496680637417295,0.924486468589928,25.631983159569355,0.0058391136889403,0.924486468589928,0.0,0.1496680637417295,0.0,0.0,0.0,0.0007483403187086,100,0.01,1.0,149100,15876,17.571312041000056,0.0621121250005671,26.71440737500052,0.999999965951321,3.4048678987375076e-08,0.3945441282517639,6.809735686452711e-08,0.3945441388231253,1.554659400145808,0.0002609547048335,7.669167523260966e-10,7.680019953326678e-10,1e-12,analysis/fermionic_structure_ablation_hgbs5.csv,8.629878522903311e-08,0.8546752306058759,0.394544128251764
success,,B-B_1.70_hgbs-5_as-008-010,hamiltonian_generator/hgbs5_diatomic_basis_transfer/night/B-B/1.70/hgbs-5/B-B_1.70_hgbs-5_as-008-010.tensors.npz,B-B,1.7,hgbs-5,8,10,18,831,1491,954,0.6398390342052314,0,signed_parent_blocks_randomized,0,1550899434,"reference signed-fermionic parent-owned Pauli blocks preserved internally and kept contiguous, but whole parent blocks randomly permuted",ed5de22b09182819,c795e625de7864f3,"[1,1,1,1,1,1,1,1,1,1,1,1,1,1,1,1,1,1,1,1,1,1,1,1,1,1,1,1,1,1,1,1,1,1,1,1,1,1,1,1,1,1,1,1,1,1,1,1,1,1,1,1,1,1,1,1,1,1,1,1,1,1,1,1,1,1,1,1,1,1,1,1,1,1,1,1,1,1,1,1,1,1,1,1,4,1,1,1,1,1,1,1,1,1,1,1,1,1,1,1,1,1,1,1,1,1,1,4,1,1,1,1,1,1,1,1,1,1,1,1,1,1,1,1,1,1,4,1,1,1,1,1,1,1,1,1,1,1,1,1,1,1,1,1,1,1,1,1,1,1,1,1,1,1,1,1,1,1,1,2,2,1,1,1,1,1,2,4,1,1,1,1,1,1,4,1,1,1,1,4,4,4,4,4,2,2,2,2,4,4,4,2,4,4,2,2,2,2,4,4,4,4,4,4,2,2,2,4,2,2,2,4,2,2,4,2,2,2,4,6,6,2,2,2,2,4,4,4,4,4,4,4,4,4,4,4,4,4,4,4,4,4,4,4,2,2,4,4,4,4,2,4,2,4,4,6,6,4,4,2,4,4,4,4,2,2,4,4,6,6,4,4,4,6,6,4,4,4,4,4,4,4,4,4,4,4,4,4,4,4,4,4,4,4,4,4,6,6,2,2,2,2,6,6,4,4,2,4,2,2,4,4,4,4,4,4,4,2,2,4,4,4,4,6,6,4,4,2,2,4,4,6,6,4,2,2,2,2,4,4,4,2,2,4,2,2,2,2,4,2,2,4,4,4,4,4,4,4,4,4,4,4,2,2,4,4,4,4,2,2,2,2,2,2,2,2,4,2,2,4,2,2,4,4,4,4,4,4,4,4,2,4,4,6,6,4,4,2,4,4,4,4,4,4,6,6,4,4,4,4,4,4,4,4,4,4,2,2,4,4,4,4,4,4,4,2,2,2,2,2,2,4,2,2,2,2,2,2,4,4,4,2,2,2,2,4,4,2,2,2,4,4,4,4,4,2,4,6,6,2,2,4,4,4,4,4,4,4,4,6,6,2,2,2,2,2,2,4,4,4,4,4,4,4,4,4,2,2,2,4,4,2,2,4,4,2,2,2,2,2,2,4,4,2,2,2,2,2,4,4,4,4,4,4,4,2,2,2,2,4,2,2,2,2,2,2,2,2,2,2,2,2,2,2,2,2,2,2,2,2,2,2,2,2,2,2,2,2,2,2,2,2,2,2,2,2,2,2,2,2,2,2,2,2,2,2,2,2,2,2,2,2,2,2,2,2,2,2,2,2,2]",1.0,1.0,1.0,1.0,1.0,0.501717620768353,0.4506797709989353,0.4506797709989353,0.4860578912075854,3.002336852223752,25.631983159569355,0.0189629451682173,3.0023368522237517,0.0,0.4860578912075854,0.0,0.0,0.0,0.0024302894560379,100,0.01,1.0,149100,15876,17.571312041000056,0.0621121250005671,26.50219937499969,0.9999972540320184,2.7459679815544646e-06,31.819312105805295,5.491928422807213e-06,31.819269789947423,1.5545245766158509,0.0023434879908181,4.866107516932061e-13,4.869438186005938e-13,1e-12,analysis/fermionic_structure_ablation_hgbs5.csv,8.629878522903311e-08,9.014026574220829,31.819312105805295
success,,B-B_1.70_hgbs-5_as-008-010,hamiltonian_generator/hgbs5_diatomic_basis_transfer/night/B-B/1.70/hgbs-5/B-B_1.70_hgbs-5_as-008-010.tensors.npz,B-B,1.7,hgbs-5,8,10,18,831,1491,954,0.6398390342052314,0,signed_parent_blocks_randomized,1,2303158807,"reference signed-fermionic parent-owned Pauli blocks preserved internally and kept contiguous, but whole parent blocks randomly permuted",995f6ded73b1999c,9cca593f3b1cf010,"[1,1,1,1,1,1,1,1,1,1,1,1,1,1,1,1,1,1,1,1,1,1,1,1,1,1,1,1,1,1,1,1,1,1,1,1,1,1,1,1,1,1,1,1,1,1,1,1,1,1,1,1,1,1,1,1,1,1,1,1,1,1,1,1,1,1,1,1,1,1,1,1,1,1,1,1,1,1,1,1,1,1,1,1,4,1,1,1,1,1,1,1,1,1,1,1,1,1,1,1,1,1,1,1,1,1,1,4,1,1,1,1,1,1,1,1,1,1,1,1,1,1,1,1,1,1,4,1,1,1,1,1,1,1,1,1,1,1,1,1,1,1,1,1,1,1,1,1,1,1,1,1,1,1,1,1,1,1,1,2,2,1,1,1,1,1,2,4,1,1,1,1,1,1,4,1,1,1,1,4,4,4,4,4,2,2,2,2,4,4,4,2,4,4,2,2,2,2,4,4,4,4,4,4,2,2,2,4,2,2,2,4,2,2,4,2,2,2,4,6,6,2,2,2,2,4,4,4,4,4,4,4,4,4,4,4,4,4,4,4,4,4,4,4,2,2,4,4,4,4,2,4,2,4,4,6,6,4,4,2,4,4,4,4,2,2,4,4,6,6,4,4,4,6,6,4,4,4,4,4,4,4,4,4,4,4,4,4,4,4,4,4,4,4,4,4,6,6,2,2,2,2,6,6,4,4,2,4,2,2,4,4,4,4,4,4,4,2,2,4,4,4,4,6,6,4,4,2,2,4,4,6,6,4,2,2,2,2,4,4,4,2,2,4,2,2,2,2,4,2,2,4,4,4,4,4,4,4,4,4,4,4,2,2,4,4,4,4,2,2,2,2,2,2,2,2,4,2,2,4,2,2,4,4,4,4,4,4,4,4,2,4,4,6,6,4,4,2,4,4,4,4,4,4,6,6,4,4,4,4,4,4,4,4,4,4,2,2,4,4,4,4,4,4,4,2,2,2,2,2,2,4,2,2,2,2,2,2,4,4,4,2,2,2,2,4,4,2,2,2,4,4,4,4,4,2,4,6,6,2,2,4,4,4,4,4,4,4,4,6,6,2,2,2,2,2,2,4,4,4,4,4,4,4,4,4,2,2,2,4,4,2,2,4,4,2,2,2,2,2,2,4,4,2,2,2,2,2,4,4,4,4,4,4,4,2,2,2,2,4,2,2,2,2,2,2,2,2,2,2,2,2,2,2,2,2,2,2,2,2,2,2,2,2,2,2,2,2,2,2,2,2,2,2,2,2,2,2,2,2,2,2,2,2,2,2,2,2,2,2,2,2,2,2,2,2,2,2,2,2,2]",1.0,1.0,1.0,1.0,1.0,0.523054155572461,0.5947660140020018,0.5947660140020018,0.3053511056664241,1.8861269284856477,25.631983159569355,0.011912894283891,1.8861269284856477,0.0,0.3053511056664241,0.0,0.0,0.0,0.0015267555283321,100,0.01,1.0,149100,15876,17.571312041000056,0.0621121250005671,26.785292625001603,0.9999990365662568,9.6343374311747e-07,11.163931688731886,1.926866557977469e-06,11.163926791706608,1.554655623669128,0.0013881165247323,4.992672941739329e-13,4.991562718714704e-13,1e-12,analysis/fermionic_structure_ablation_hgbs5.csv,8.629878522903311e-08,3.5574747903587034,11.163931688731886
success,,B-B_1.70_hgbs-5_as-008-010,hamiltonian_generator/hgbs5_diatomic_basis_transfer/night/B-B/1.70/hgbs-5/B-B_1.70_hgbs-5_as-008-010.tensors.npz,B-B,1.7,hgbs-5,8,10,18,831,1491,954,0.6398390342052314,0,signed_parent_blocks_randomized,2,1548398044,"reference signed-fermionic parent-owned Pauli blocks preserved internally and kept contiguous, but whole parent blocks randomly permuted",41deb762f5908ddd,13a59d791b09d955,"[1,1,1,1,1,1,1,1,1,1,1,1,1,1,1,1,1,1,1,1,1,1,1,1,1,1,1,1,1,1,1,1,1,1,1,1,1,1,1,1,1,1,1,1,1,1,1,1,1,1,1,1,1,1,1,1,1,1,1,1,1,1,1,1,1,1,1,1,1,1,1,1,1,1,1,1,1,1,1,1,1,1,1,1,4,1,1,1,1,1,1,1,1,1,1,1,1,1,1,1,1,1,1,1,1,1,1,4,1,1,1,1,1,1,1,1,1,1,1,1,1,1,1,1,1,1,4,1,1,1,1,1,1,1,1,1,1,1,1,1,1,1,1,1,1,1,1,1,1,1,1,1,1,1,1,1,1,1,1,2,2,1,1,1,1,1,2,4,1,1,1,1,1,1,4,1,1,1,1,4,4,4,4,4,2,2,2,2,4,4,4,2,4,4,2,2,2,2,4,4,4,4,4,4,2,2,2,4,2,2,2,4,2,2,4,2,2,2,4,6,6,2,2,2,2,4,4,4,4,4,4,4,4,4,4,4,4,4,4,4,4,4,4,4,2,2,4,4,4,4,2,4,2,4,4,6,6,4,4,2,4,4,4,4,2,2,4,4,6,6,4,4,4,6,6,4,4,4,4,4,4,4,4,4,4,4,4,4,4,4,4,4,4,4,4,4,6,6,2,2,2,2,6,6,4,4,2,4,2,2,4,4,4,4,4,4,4,2,2,4,4,4,4,6,6,4,4,2,2,4,4,6,6,4,2,2,2,2,4,4,4,2,2,4,2,2,2,2,4,2,2,4,4,4,4,4,4,4,4,4,4,4,2,2,4,4,4,4,2,2,2,2,2,2,2,2,4,2,2,4,2,2,4,4,4,4,4,4,4,4,2,4,4,6,6,4,4,2,4,4,4,4,4,4,6,6,4,4,4,4,4,4,4,4,4,4,2,2,4,4,4,4,4,4,4,2,2,2,2,2,2,4,2,2,2,2,2,2,4,4,4,2,2,2,2,4,4,2,2,2,4,4,4,4,4,2,4,6,6,2,2,4,4,4,4,4,4,4,4,6,6,2,2,2,2,2,2,4,4,4,4,4,4,4,4,4,2,2,2,4,4,2,2,4,4,2,2,2,2,2,2,4,4,2,2,2,2,2,4,4,4,4,4,4,4,2,2,2,2,4,2,2,2,2,2,2,2,2,2,2,2,2,2,2,2,2,2,2,2,2,2,2,2,2,2,2,2,2,2,2,2,2,2,2,2,2,2,2,2,2,2,2,2,2,2,2,2,2,2,2,2,2,2,2,2,2,2,2,2,2,2]",1.0,1.0,1.0,1.0,1.0,0.4918517021681247,0.4437526055915587,0.4437526055915587,0.2929096208328531,1.8092769707174272,25.631983159569355,0.0114275051996317,1.8092769707174272,0.0,0.2929096208328531,0.0,0.0,0.0,0.0014645481041642,100,0.01,1.0,149100,15876,17.571312041000056,0.0621121250005671,26.79881899999964,0.9999990917857184,9.08214281558628e-07,10.524067970925293,1.8164277382215488e-06,10.52406364518352,1.5545923337549714,0.0013477494437458,4.380940055170868e-13,4.3820502781954934e-13,1e-12,analysis/fermionic_structure_ablation_hgbs5.csv,8.629878522903311e-08,3.27348315676843,10.524067970925291
success,,B-B_1.70_hgbs-5_as-008-010,hamiltonian_generator/hgbs5_diatomic_basis_transfer/night/B-B/1.70/hgbs-5/B-B_1.70_hgbs-5_as-008-010.tensors.npz,B-B,1.7,hgbs-5,8,10,18,831,1491,954,0.6398390342052314,0,signed_parent_blocks_randomized,3,107559732,"reference signed-fermionic parent-owned Pauli blocks preserved internally and kept contiguous, but whole parent blocks randomly permuted",050d606fa042ddcb,e0ed17ba2c867d5f,"[1,1,1,1,1,1,1,1,1,1,1,1,1,1,1,1,1,1,1,1,1,1,1,1,1,1,1,1,1,1,1,1,1,1,1,1,1,1,1,1,1,1,1,1,1,1,1,1,1,1,1,1,1,1,1,1,1,1,1,1,1,1,1,1,1,1,1,1,1,1,1,1,1,1,1,1,1,1,1,1,1,1,1,1,4,1,1,1,1,1,1,1,1,1,1,1,1,1,1,1,1,1,1,1,1,1,1,4,1,1,1,1,1,1,1,1,1,1,1,1,1,1,1,1,1,1,4,1,1,1,1,1,1,1,1,1,1,1,1,1,1,1,1,1,1,1,1,1,1,1,1,1,1,1,1,1,1,1,1,2,2,1,1,1,1,1,2,4,1,1,1,1,1,1,4,1,1,1,1,4,4,4,4,4,2,2,2,2,4,4,4,2,4,4,2,2,2,2,4,4,4,4,4,4,2,2,2,4,2,2,2,4,2,2,4,2,2,2,4,6,6,2,2,2,2,4,4,4,4,4,4,4,4,4,4,4,4,4,4,4,4,4,4,4,2,2,4,4,4,4,2,4,2,4,4,6,6,4,4,2,4,4,4,4,2,2,4,4,6,6,4,4,4,6,6,4,4,4,4,4,4,4,4,4,4,4,4,4,4,4,4,4,4,4,4,4,6,6,2,2,2,2,6,6,4,4,2,4,2,2,4,4,4,4,4,4,4,2,2,4,4,4,4,6,6,4,4,2,2,4,4,6,6,4,2,2,2,2,4,4,4,2,2,4,2,2,2,2,4,2,2,4,4,4,4,4,4,4,4,4,4,4,2,2,4,4,4,4,2,2,2,2,2,2,2,2,4,2,2,4,2,2,4,4,4,4,4,4,4,4,2,4,4,6,6,4,4,2,4,4,4,4,4,4,6,6,4,4,4,4,4,4,4,4,4,4,2,2,4,4,4,4,4,4,4,2,2,2,2,2,2,4,2,2,2,2,2,2,4,4,4,2,2,2,2,4,4,2,2,2,4,4,4,4,4,2,4,6,6,2,2,4,4,4,4,4,4,4,4,6,6,2,2,2,2,2,2,4,4,4,4,4,4,4,4,4,2,2,2,4,4,2,2,4,4,2,2,2,2,2,2,4,4,2,2,2,2,2,4,4,4,4,4,4,4,2,2,2,2,4,2,2,2,2,2,2,2,2,2,2,2,2,2,2,2,2,2,2,2,2,2,2,2,2,2,2,2,2,2,2,2,2,2,2,2,2,2,2,2,2,2,2,2,2,2,2,2,2,2,2,2,2,2,2,2,2,2,2,2,2,2]",1.0,1.0,1.0,1.0,1.0,0.4994651007987828,0.4727895602211032,0.4727895602211032,0.2449609953738156,1.5131025276454586,25.631983159569355,0.0095568491071812,1.5131025276454584,0.0,0.2449609953738156,0.0,0.0,0.0,0.001224804976869,100,0.01,1.0,149100,15876,17.571312041000056,0.0621121250005671,26.95749833300033,0.9999994880379014,5.119620986038242e-07,5.932436907948353,1.0239239350839924e-06,5.932435644922072,1.554630776900823,0.0010118913959549,3.9124259387790516e-13,3.9113157157544265e-13,1e-12,analysis/fermionic_structure_ablation_hgbs5.csv,8.629878522903311e-08,2.289479259167076,5.932436907948353
success,,B-B_1.70_hgbs-5_as-008-010,hamiltonian_generator/hgbs5_diatomic_basis_transfer/night/B-B/1.70/hgbs-5/B-B_1.70_hgbs-5_as-008-010.tensors.npz,B-B,1.7,hgbs-5,8,10,18,831,1491,954,0.6398390342052314,0,signed_parent_blocks_randomized,4,1658225121,"reference signed-fermionic parent-owned Pauli blocks preserved internally and kept contiguous, but whole parent blocks randomly permuted",ece9717a8475a28c,f21436c5a08cc94c,"[1,1,1,1,1,1,1,1,1,1,1,1,1,1,1,1,1,1,1,1,1,1,1,1,1,1,1,1,1,1,1,1,1,1,1,1,1,1,1,1,1,1,1,1,1,1,1,1,1,1,1,1,1,1,1,1,1,1,1,1,1,1,1,1,1,1,1,1,1,1,1,1,1,1,1,1,1,1,1,1,1,1,1,1,4,1,1,1,1,1,1,1,1,1,1,1,1,1,1,1,1,1,1,1,1,1,1,4,1,1,1,1,1,1,1,1,1,1,1,1,1,1,1,1,1,1,4,1,1,1,1,1,1,1,1,1,1,1,1,1,1,1,1,1,1,1,1,1,1,1,1,1,1,1,1,1,1,1,1,2,2,1,1,1,1,1,2,4,1,1,1,1,1,1,4,1,1,1,1,4,4,4,4,4,2,2,2,2,4,4,4,2,4,4,2,2,2,2,4,4,4,4,4,4,2,2,2,4,2,2,2,4,2,2,4,2,2,2,4,6,6,2,2,2,2,4,4,4,4,4,4,4,4,4,4,4,4,4,4,4,4,4,4,4,2,2,4,4,4,4,2,4,2,4,4,6,6,4,4,2,4,4,4,4,2,2,4,4,6,6,4,4,4,6,6,4,4,4,4,4,4,4,4,4,4,4,4,4,4,4,4,4,4,4,4,4,6,6,2,2,2,2,6,6,4,4,2,4,2,2,4,4,4,4,4,4,4,2,2,4,4,4,4,6,6,4,4,2,2,4,4,6,6,4,2,2,2,2,4,4,4,2,2,4,2,2,2,2,4,2,2,4,4,4,4,4,4,4,4,4,4,4,2,2,4,4,4,4,2,2,2,2,2,2,2,2,4,2,2,4,2,2,4,4,4,4,4,4,4,4,2,4,4,6,6,4,4,2,4,4,4,4,4,4,6,6,4,4,4,4,4,4,4,4,4,4,2,2,4,4,4,4,4,4,4,2,2,2,2,2,2,4,2,2,2,2,2,2,4,4,4,2,2,2,2,4,4,2,2,2,4,4,4,4,4,2,4,6,6,2,2,4,4,4,4,4,4,4,4,6,6,2,2,2,2,2,2,4,4,4,4,4,4,4,4,4,2,2,2,4,4,2,2,4,4,2,2,2,2,2,2,4,4,2,2,2,2,2,4,4,4,4,4,4,4,2,2,2,2,4,2,2,2,2,2,2,2,2,2,2,2,2,2,2,2,2,2,2,2,2,2,2,2,2,2,2,2,2,2,2,2,2,2,2,2,2,2,2,2,2,2,2,2,2,2,2,2,2,2,2,2,2,2,2,2,2,2,2,2,2,2]",1.0,1.0,1.0,1.0,1.0,0.5010995150247243,0.5201332583106246,0.5201332583106246,0.4572519170374871,2.824404882844089,25.631983159569355,0.0178391158495583,2.824404882844089,0.0,0.4572519170374871,0.0,0.0,0.0,0.0022862595851874,100,0.01,1.0,149100,15876,17.571312041000056,0.0621121250005671,26.805329417000394,0.999997568840742,2.4311592579095982e-06,28.171419232117938,4.862312605324881e-06,28.171386201863765,1.5545965031546007,0.0022050665558706,4.489741911584133e-13,4.490852134608758e-13,1e-12,analysis/fermionic_structure_ablation_hgbs5.csv,8.629878522903311e-08,7.977262942233532,28.17141923211793
success,,B-B_1.70_hgbs-5_as-008-010,hamiltonian_generator/hgbs5_diatomic_basis_transfer/night/B-B/1.70/hgbs-5/B-B_1.70_hgbs-5_as-008-010.tensors.npz,B-B,1.7,hgbs-5,8,10,18,831,1491,954,0.6398390342052314,0,signed_parent_blocks_randomized,5,745632917,"reference signed-fermionic parent-owned Pauli blocks preserved internally and kept contiguous, but whole parent blocks randomly permuted",81f76664f80891f9,05f7e9ac6894e4cc,"[1,1,1,1,1,1,1,1,1,1,1,1,1,1,1,1,1,1,1,1,1,1,1,1,1,1,1,1,1,1,1,1,1,1,1,1,1,1,1,1,1,1,1,1,1,1,1,1,1,1,1,1,1,1,1,1,1,1,1,1,1,1,1,1,1,1,1,1,1,1,1,1,1,1,1,1,1,1,1,1,1,1,1,1,4,1,1,1,1,1,1,1,1,1,1,1,1,1,1,1,1,1,1,1,1,1,1,4,1,1,1,1,1,1,1,1,1,1,1,1,1,1,1,1,1,1,4,1,1,1,1,1,1,1,1,1,1,1,1,1,1,1,1,1,1,1,1,1,1,1,1,1,1,1,1,1,1,1,1,2,2,1,1,1,1,1,2,4,1,1,1,1,1,1,4,1,1,1,1,4,4,4,4,4,2,2,2,2,4,4,4,2,4,4,2,2,2,2,4,4,4,4,4,4,2,2,2,4,2,2,2,4,2,2,4,2,2,2,4,6,6,2,2,2,2,4,4,4,4,4,4,4,4,4,4,4,4,4,4,4,4,4,4,4,2,2,4,4,4,4,2,4,2,4,4,6,6,4,4,2,4,4,4,4,2,2,4,4,6,6,4,4,4,6,6,4,4,4,4,4,4,4,4,4,4,4,4,4,4,4,4,4,4,4,4,4,6,6,2,2,2,2,6,6,4,4,2,4,2,2,4,4,4,4,4,4,4,2,2,4,4,4,4,6,6,4,4,2,2,4,4,6,6,4,2,2,2,2,4,4,4,2,2,4,2,2,2,2,4,2,2,4,4,4,4,4,4,4,4,4,4,4,2,2,4,4,4,4,2,2,2,2,2,2,2,2,4,2,2,4,2,2,4,4,4,4,4,4,4,4,2,4,4,6,6,4,4,2,4,4,4,4,4,4,6,6,4,4,4,4,4,4,4,4,4,4,2,2,4,4,4,4,4,4,4,2,2,2,2,2,2,4,2,2,2,2,2,2,4,4,4,2,2,2,2,4,4,2,2,2,4,4,4,4,4,2,4,6,6,2,2,4,4,4,4,4,4,4,4,6,6,2,2,2,2,2,2,4,4,4,4,4,4,4,4,4,2,2,2,4,4,2,2,4,4,2,2,2,2,2,2,4,4,2,2,2,2,2,4,4,4,4,4,4,4,2,2,2,2,4,2,2,2,2,2,2,2,2,2,2,2,2,2,2,2,2,2,2,2,2,2,2,2,2,2,2,2,2,2,2,2,2,2,2,2,2,2,2,2,2,2,2,2,2,2,2,2,2,2,2,2,2,2,2,2,2,2,2,2,2,2]",1.0,1.0,1.0,1.0,1.0,0.5064485070368961,0.596004832385003,0.596004832385003,0.3337638955387668,2.0616302330329495,25.631983159569355,0.0130213840053246,2.0616302330329495,0.0,0.3337638955387668,0.0,0.0,0.0,0.0016688194776938,100,0.01,1.0,149100,15876,17.571312041000056,0.0621121250005671,27.169389124999725,0.9999991358935189,8.641064811465426e-07,10.012962278127585,1.7282122156681012e-06,10.012958383845362,1.5546643109627496,0.0013146151384694,4.605205106145149e-13,4.605205106145149e-13,1e-12,analysis/fermionic_structure_ablation_hgbs5.csv,8.629878522903311e-08,4.250319217755494,10.012962278127585
success,,B-B_1.70_hgbs-5_as-008-010,hamiltonian_generator/hgbs5_diatomic_basis_transfer/night/B-B/1.70/hgbs-5/B-B_1.70_hgbs-5_as-008-010.tensors.npz,B-B,1.7,hgbs-5,8,10,18,831,1491,954,0.6398390342052314,0,signed_parent_blocks_randomized,6,438411835,"reference signed-fermionic parent-owned Pauli blocks preserved internally and kept contiguous, but whole parent blocks randomly permuted",1f330053c72d4ba8,a2cdf3060c6bae08,"[1,1,1,1,1,1,1,1,1,1,1,1,1,1,1,1,1,1,1,1,1,1,1,1,1,1,1,1,1,1,1,1,1,1,1,1,1,1,1,1,1,1,1,1,1,1,1,1,1,1,1,1,1,1,1,1,1,1,1,1,1,1,1,1,1,1,1,1,1,1,1,1,1,1,1,1,1,1,1,1,1,1,1,1,4,1,1,1,1,1,1,1,1,1,1,1,1,1,1,1,1,1,1,1,1,1,1,4,1,1,1,1,1,1,1,1,1,1,1,1,1,1,1,1,1,1,4,1,1,1,1,1,1,1,1,1,1,1,1,1,1,1,1,1,1,1,1,1,1,1,1,1,1,1,1,1,1,1,1,2,2,1,1,1,1,1,2,4,1,1,1,1,1,1,4,1,1,1,1,4,4,4,4,4,2,2,2,2,4,4,4,2,4,4,2,2,2,2,4,4,4,4,4,4,2,2,2,4,2,2,2,4,2,2,4,2,2,2,4,6,6,2,2,2,2,4,4,4,4,4,4,4,4,4,4,4,4,4,4,4,4,4,4,4,2,2,4,4,4,4,2,4,2,4,4,6,6,4,4,2,4,4,4,4,2,2,4,4,6,6,4,4,4,6,6,4,4,4,4,4,4,4,4,4,4,4,4,4,4,4,4,4,4,4,4,4,6,6,2,2,2,2,6,6,4,4,2,4,2,2,4,4,4,4,4,4,4,2,2,4,4,4,4,6,6,4,4,2,2,4,4,6,6,4,2,2,2,2,4,4,4,2,2,4,2,2,2,2,4,2,2,4,4,4,4,4,4,4,4,4,4,4,2,2,4,4,4,4,2,2,2,2,2,2,2,2,4,2,2,4,2,2,4,4,4,4,4,4,4,4,2,4,4,6,6,4,4,2,4,4,4,4,4,4,6,6,4,4,4,4,4,4,4,4,4,4,2,2,4,4,4,4,4,4,4,2,2,2,2,2,2,4,2,2,2,2,2,2,4,4,4,2,2,2,2,4,4,2,2,2,4,4,4,4,4,2,4,6,6,2,2,4,4,4,4,4,4,4,4,6,6,2,2,2,2,2,2,4,4,4,4,4,4,4,4,4,2,2,2,4,4,2,2,4,4,2,2,2,2,2,2,4,4,2,2,2,2,2,4,4,4,4,4,4,4,2,2,2,2,4,2,2,2,2,2,2,2,2,2,2,2,2,2,2,2,2,2,2,2,2,2,2,2,2,2,2,2,2,2,2,2,2,2,2,2,2,2,2,2,2,2,2,2,2,2,2,2,2,2,2,2,2,2,2,2,2,2,2,2,2,2]",1.0,1.0,1.0,1.0,1.0,0.5031915652339293,0.4704455685309888,0.4704455685309888,0.2824969859854276,1.7449590409055993,25.631983159569355,0.0110212691786964,1.744959040905599,0.0,0.2824969859854276,0.0,0.0,0.0,0.0014124849299271,100,0.01,1.0,149100,15876,17.571312041000056,0.0621121250005671,27.198134457999913,0.9999994749197484,5.250802517231534e-07,6.0844454569043345,1.0501602277779298e-06,6.084444121953479,1.554638886183172,0.0010247733912657,3.882449917114173e-13,3.8846703631634227e-13,1e-12,analysis/fermionic_structure_ablation_hgbs5.csv,8.629878522903311e-08,3.044882054438189,6.0844454569043345
success,,B-B_1.70_hgbs-5_as-008-010,hamiltonian_generator/hgbs5_diatomic_basis_transfer/night/B-B/1.70/hgbs-5/B-B_1.70_hgbs-5_as-008-010.tensors.npz,B-B,1.7,hgbs-5,8,10,18,831,1491,954,0.6398390342052314,0,signed_parent_blocks_randomized,7,2921792990,"reference signed-fermionic parent-owned Pauli blocks preserved internally and kept contiguous, but whole parent blocks randomly permuted",b140ac3b07423575,4f2779227c31683c,"[1,1,1,1,1,1,1,1,1,1,1,1,1,1,1,1,1,1,1,1,1,1,1,1,1,1,1,1,1,1,1,1,1,1,1,1,1,1,1,1,1,1,1,1,1,1,1,1,1,1,1,1,1,1,1,1,1,1,1,1,1,1,1,1,1,1,1,1,1,1,1,1,1,1,1,1,1,1,1,1,1,1,1,1,4,1,1,1,1,1,1,1,1,1,1,1,1,1,1,1,1,1,1,1,1,1,1,4,1,1,1,1,1,1,1,1,1,1,1,1,1,1,1,1,1,1,4,1,1,1,1,1,1,1,1,1,1,1,1,1,1,1,1,1,1,1,1,1,1,1,1,1,1,1,1,1,1,1,1,2,2,1,1,1,1,1,2,4,1,1,1,1,1,1,4,1,1,1,1,4,4,4,4,4,2,2,2,2,4,4,4,2,4,4,2,2,2,2,4,4,4,4,4,4,2,2,2,4,2,2,2,4,2,2,4,2,2,2,4,6,6,2,2,2,2,4,4,4,4,4,4,4,4,4,4,4,4,4,4,4,4,4,4,4,2,2,4,4,4,4,2,4,2,4,4,6,6,4,4,2,4,4,4,4,2,2,4,4,6,6,4,4,4,6,6,4,4,4,4,4,4,4,4,4,4,4,4,4,4,4,4,4,4,4,4,4,6,6,2,2,2,2,6,6,4,4,2,4,2,2,4,4,4,4,4,4,4,2,2,4,4,4,4,6,6,4,4,2,2,4,4,6,6,4,2,2,2,2,4,4,4,2,2,4,2,2,2,2,4,2,2,4,4,4,4,4,4,4,4,4,4,4,2,2,4,4,4,4,2,2,2,2,2,2,2,2,4,2,2,4,2,2,4,4,4,4,4,4,4,4,2,4,4,6,6,4,4,2,4,4,4,4,4,4,6,6,4,4,4,4,4,4,4,4,4,4,2,2,4,4,4,4,4,4,4,2,2,2,2,2,2,4,2,2,2,2,2,2,4,4,4,2,2,2,2,4,4,2,2,2,4,4,4,4,4,2,4,6,6,2,2,4,4,4,4,4,4,4,4,6,6,2,2,2,2,2,2,4,4,4,4,4,4,4,4,4,2,2,2,4,4,2,2,4,4,2,2,2,2,2,2,4,4,2,2,2,2,2,4,4,4,4,4,4,4,2,2,2,2,4,2,2,2,2,2,2,2,2,2,2,2,2,2,2,2,2,2,2,2,2,2,2,2,2,2,2,2,2,2,2,2,2,2,2,2,2,2,2,2,2,2,2,2,2,2,2,2,2,2,2,2,2,2,2,2,2,2,2,2,2,2]",1.0,1.0,1.0,1.0,1.0,0.4820392734880183,0.4638457804160512,0.4638457804160512,0.2393600682344512,1.4785060932261844,25.631983159569355,0.0093383358885786,1.4785060932261842,0.0,0.2393600682344512,0.0,0.0,0.0,0.0011968003411722,100,0.01,1.0,149100,15876,17.571312041000056,0.0621121250005671,27.4253886660008,0.9999994530016948,5.469983052064364e-07,6.3384241592129875,1.0939963112077675e-06,6.338422698840263,1.5546000776304991,0.0010459429288507,4.604094883120524e-13,4.602984660095899e-13,1e-12,analysis/fermionic_structure_ablation_hgbs5.csv,8.629878522903311e-08,2.1859802677069546,6.3384241592129875
success,,B-B_1.70_hgbs-5_as-008-010,hamiltonian_generator/hgbs5_diatomic_basis_transfer/night/B-B/1.70/hgbs-5/B-B_1.70_hgbs-5_as-008-010.tensors.npz,B-B,1.7,hgbs-5,8,10,18,831,1491,954,0.6398390342052314,0,signed_parent_blocks_randomized,8,3873876931,"reference signed-fermionic parent-owned Pauli blocks preserved internally and kept contiguous, but whole parent blocks randomly permuted",4ec320ec76ba5c85,66d67a6ae5a7c783,"[1,1,1,1,1,1,1,1,1,1,1,1,1,1,1,1,1,1,1,1,1,1,1,1,1,1,1,1,1,1,1,1,1,1,1,1,1,1,1,1,1,1,1,1,1,1,1,1,1,1,1,1,1,1,1,1,1,1,1,1,1,1,1,1,1,1,1,1,1,1,1,1,1,1,1,1,1,1,1,1,1,1,1,1,4,1,1,1,1,1,1,1,1,1,1,1,1,1,1,1,1,1,1,1,1,1,1,4,1,1,1,1,1,1,1,1,1,1,1,1,1,1,1,1,1,1,4,1,1,1,1,1,1,1,1,1,1,1,1,1,1,1,1,1,1,1,1,1,1,1,1,1,1,1,1,1,1,1,1,2,2,1,1,1,1,1,2,4,1,1,1,1,1,1,4,1,1,1,1,4,4,4,4,4,2,2,2,2,4,4,4,2,4,4,2,2,2,2,4,4,4,4,4,4,2,2,2,4,2,2,2,4,2,2,4,2,2,2,4,6,6,2,2,2,2,4,4,4,4,4,4,4,4,4,4,4,4,4,4,4,4,4,4,4,2,2,4,4,4,4,2,4,2,4,4,6,6,4,4,2,4,4,4,4,2,2,4,4,6,6,4,4,4,6,6,4,4,4,4,4,4,4,4,4,4,4,4,4,4,4,4,4,4,4,4,4,6,6,2,2,2,2,6,6,4,4,2,4,2,2,4,4,4,4,4,4,4,2,2,4,4,4,4,6,6,4,4,2,2,4,4,6,6,4,2,2,2,2,4,4,4,2,2,4,2,2,2,2,4,2,2,4,4,4,4,4,4,4,4,4,4,4,2,2,4,4,4,4,2,2,2,2,2,2,2,2,4,2,2,4,2,2,4,4,4,4,4,4,4,4,2,4,4,6,6,4,4,2,4,4,4,4,4,4,6,6,4,4,4,4,4,4,4,4,4,4,2,2,4,4,4,4,4,4,4,2,2,2,2,2,2,4,2,2,2,2,2,2,4,4,4,2,2,2,2,4,4,2,2,2,4,4,4,4,4,2,4,6,6,2,2,4,4,4,4,4,4,4,4,6,6,2,2,2,2,2,2,4,4,4,4,4,4,4,4,4,2,2,2,4,4,2,2,4,4,2,2,2,2,2,2,4,4,2,2,2,2,2,4,4,4,4,4,4,4,2,2,2,2,4,2,2,2,2,2,2,2,2,2,2,2,2,2,2,2,2,2,2,2,2,2,2,2,2,2,2,2,2,2,2,2,2,2,2,2,2,2,2,2,2,2,2,2,2,2,2,2,2,2,2,2,2,2,2,2,2,2,2,2,2,2]",1.0,1.0,1.0,1.0,1.0,0.5183232693039178,0.478203832630545,0.478203832630545,0.3007461065895225,1.8576822541307292,25.631983159569355,0.0117332359621671,1.8576822541307292,0.0,0.3007461065895225,0.0,0.0,0.0,0.0015037305329476,100,0.01,1.0,149100,15876,17.571312041000056,0.0621121250005671,27.50841045800007,0.999999092546374,9.07453626131094e-07,10.515253763106312,1.8149064288097705e-06,10.51524944534684,1.5546979658226248,0.0013471849361769,3.5593750169482524e-13,3.5593750169482524e-13,1e-12,analysis/fermionic_structure_ablation_hgbs5.csv,8.629878522903311e-08,3.4509833573122273,10.515253763106314
success,,B-B_1.70_hgbs-5_as-008-010,hamiltonian_generator/hgbs5_diatomic_basis_transfer/night/B-B/1.70/hgbs-5/B-B_1.70_hgbs-5_as-008-010.tensors.npz,B-B,1.7,hgbs-5,8,10,18,831,1491,954,0.6398390342052314,0,signed_parent_blocks_randomized,9,1974178526,"reference signed-fermionic parent-owned Pauli blocks preserved internally and kept contiguous, but whole parent blocks randomly permuted",b8aa26f76e6d25a6,1ff9100e74bf8bdb,"[1,1,1,1,1,1,1,1,1,1,1,1,1,1,1,1,1,1,1,1,1,1,1,1,1,1,1,1,1,1,1,1,1,1,1,1,1,1,1,1,1,1,1,1,1,1,1,1,1,1,1,1,1,1,1,1,1,1,1,1,1,1,1,1,1,1,1,1,1,1,1,1,1,1,1,1,1,1,1,1,1,1,1,1,4,1,1,1,1,1,1,1,1,1,1,1,1,1,1,1,1,1,1,1,1,1,1,4,1,1,1,1,1,1,1,1,1,1,1,1,1,1,1,1,1,1,4,1,1,1,1,1,1,1,1,1,1,1,1,1,1,1,1,1,1,1,1,1,1,1,1,1,1,1,1,1,1,1,1,2,2,1,1,1,1,1,2,4,1,1,1,1,1,1,4,1,1,1,1,4,4,4,4,4,2,2,2,2,4,4,4,2,4,4,2,2,2,2,4,4,4,4,4,4,2,2,2,4,2,2,2,4,2,2,4,2,2,2,4,6,6,2,2,2,2,4,4,4,4,4,4,4,4,4,4,4,4,4,4,4,4,4,4,4,2,2,4,4,4,4,2,4,2,4,4,6,6,4,4,2,4,4,4,4,2,2,4,4,6,6,4,4,4,6,6,4,4,4,4,4,4,4,4,4,4,4,4,4,4,4,4,4,4,4,4,4,6,6,2,2,2,2,6,6,4,4,2,4,2,2,4,4,4,4,4,4,4,2,2,4,4,4,4,6,6,4,4,2,2,4,4,6,6,4,2,2,2,2,4,4,4,2,2,4,2,2,2,2,4,2,2,4,4,4,4,4,4,4,4,4,4,4,2,2,4,4,4,4,2,2,2,2,2,2,2,2,4,2,2,4,2,2,4,4,4,4,4,4,4,4,2,4,4,6,6,4,4,2,4,4,4,4,4,4,6,6,4,4,4,4,4,4,4,4,4,4,2,2,4,4,4,4,4,4,4,2,2,2,2,2,2,4,2,2,2,2,2,2,4,4,4,2,2,2,2,4,4,2,2,2,4,4,4,4,4,2,4,6,6,2,2,4,4,4,4,4,4,4,4,6,6,2,2,2,2,2,2,4,4,4,4,4,4,4,4,4,2,2,2,4,4,2,2,4,4,2,2,2,2,2,2,4,4,2,2,2,2,2,4,4,4,4,4,4,4,2,2,2,2,4,2,2,2,2,2,2,2,2,2,2,2,2,2,2,2,2,2,2,2,2,2,2,2,2,2,2,2,2,2,2,2,2,2,2,2,2,2,2,2,2,2,2,2,2,2,2,2,2,2,2,2,2,2,2,2,2,2,2,2,2,2]",1.0,1.0,1.0,1.0,1.0,0.5212652149106124,0.5233334525655148,0.5233334525655148,0.244241586994544,1.508658805348266,25.631983159569355,0.0095287822824337,1.508658805348266,0.0,0.244241586994544,0.0,0.0,0.0,0.0012212079349727,100,0.01,1.0,149100,15876,17.571312041000056,0.0621121250005671,27.25683625000056,0.9999996404982008,3.5950179921862e-07,4.165780529407434,7.1900346920728e-07,4.165779960205739,1.5546400862521284,0.0008479407988988,4.172218126541339e-13,4.169997680492088e-13,1e-12,analysis/fermionic_structure_ablation_hgbs5.csv,8.629878522903311e-08,2.2760513909548568,4.165780529407434
success,,B-B_1.70_hgbs-5_as-008-010,hamiltonian_generator/hgbs5_diatomic_basis_transfer/night/B-B/1.70/hgbs-5/B-B_1.70_hgbs-5_as-008-010.tensors.npz,B-B,1.7,hgbs-5,8,10,18,831,1491,954,0.6398390342052314,0,signed_parent_blocks_randomized,10,3716378301,"reference signed-fermionic parent-owned Pauli blocks preserved internally and kept contiguous, but whole parent blocks randomly permuted",5101af5a4ad59312,f023b80332e98deb,"[1,1,1,1,1,1,1,1,1,1,1,1,1,1,1,1,1,1,1,1,1,1,1,1,1,1,1,1,1,1,1,1,1,1,1,1,1,1,1,1,1,1,1,1,1,1,1,1,1,1,1,1,1,1,1,1,1,1,1,1,1,1,1,1,1,1,1,1,1,1,1,1,1,1,1,1,1,1,1,1,1,1,1,1,4,1,1,1,1,1,1,1,1,1,1,1,1,1,1,1,1,1,1,1,1,1,1,4,1,1,1,1,1,1,1,1,1,1,1,1,1,1,1,1,1,1,4,1,1,1,1,1,1,1,1,1,1,1,1,1,1,1,1,1,1,1,1,1,1,1,1,1,1,1,1,1,1,1,1,2,2,1,1,1,1,1,2,4,1,1,1,1,1,1,4,1,1,1,1,4,4,4,4,4,2,2,2,2,4,4,4,2,4,4,2,2,2,2,4,4,4,4,4,4,2,2,2,4,2,2,2,4,2,2,4,2,2,2,4,6,6,2,2,2,2,4,4,4,4,4,4,4,4,4,4,4,4,4,4,4,4,4,4,4,2,2,4,4,4,4,2,4,2,4,4,6,6,4,4,2,4,4,4,4,2,2,4,4,6,6,4,4,4,6,6,4,4,4,4,4,4,4,4,4,4,4,4,4,4,4,4,4,4,4,4,4,6,6,2,2,2,2,6,6,4,4,2,4,2,2,4,4,4,4,4,4,4,2,2,4,4,4,4,6,6,4,4,2,2,4,4,6,6,4,2,2,2,2,4,4,4,2,2,4,2,2,2,2,4,2,2,4,4,4,4,4,4,4,4,4,4,4,2,2,4,4,4,4,2,2,2,2,2,2,2,2,4,2,2,4,2,2,4,4,4,4,4,4,4,4,2,4,4,6,6,4,4,2,4,4,4,4,4,4,6,6,4,4,4,4,4,4,4,4,4,4,2,2,4,4,4,4,4,4,4,2,2,2,2,2,2,4,2,2,2,2,2,2,4,4,4,2,2,2,2,4,4,2,2,2,4,4,4,4,4,2,4,6,6,2,2,4,4,4,4,4,4,4,4,6,6,2,2,2,2,2,2,4,4,4,4,4,4,4,4,4,2,2,2,4,4,2,2,4,4,2,2,2,2,2,2,4,4,2,2,2,2,2,4,4,4,4,4,4,4,2,2,2,2,4,2,2,2,2,2,2,2,2,2,2,2,2,2,2,2,2,2,2,2,2,2,2,2,2,2,2,2,2,2,2,2,2,2,2,2,2,2,2,2,2,2,2,2,2,2,2,2,2,2,2,2,2,2,2,2,2,2,2,2,2,2]",1.0,1.0,1.0,1.0,1.0,0.510293837961202,0.5442511199495893,0.5442511199495893,0.2669463055513127,1.6489038553216282,25.631983159569355,0.010414578688253,1.6489038553216282,0.0,0.2669463055513127,0.0,0.0,0.0,0.0013347315277565,100,0.01,1.0,149100,15876,17.571312041000056,0.0621121250005671,27.138588334000815,0.9999993671349884,6.328650115072776e-07,7.333417380414825,1.265729622446088e-06,7.333415375642114,1.5546459536181412,0.001125046675927,3.7625458304546555e-13,3.760325384405405e-13,1e-12,analysis/fermionic_structure_ablation_hgbs5.csv,8.629878522903311e-08,2.718883924094529,7.333417380414825
success,,B-B_1.70_hgbs-5_as-008-010,hamiltonian_generator/hgbs5_diatomic_basis_transfer/night/B-B/1.70/hgbs-5/B-B_1.70_hgbs-5_as-008-010.tensors.npz,B-B,1.7,hgbs-5,8,10,18,831,1491,954,0.6398390342052314,0,signed_parent_blocks_randomized,11,93081984,"reference signed-fermionic parent-owned Pauli blocks preserved internally and kept contiguous, but whole parent blocks randomly permuted",dcdc4e80c0c57f8e,4dec3a902391bd81,"[1,1,1,1,1,1,1,1,1,1,1,1,1,1,1,1,1,1,1,1,1,1,1,1,1,1,1,1,1,1,1,1,1,1,1,1,1,1,1,1,1,1,1,1,1,1,1,1,1,1,1,1,1,1,1,1,1,1,1,1,1,1,1,1,1,1,1,1,1,1,1,1,1,1,1,1,1,1,1,1,1,1,1,1,4,1,1,1,1,1,1,1,1,1,1,1,1,1,1,1,1,1,1,1,1,1,1,4,1,1,1,1,1,1,1,1,1,1,1,1,1,1,1,1,1,1,4,1,1,1,1,1,1,1,1,1,1,1,1,1,1,1,1,1,1,1,1,1,1,1,1,1,1,1,1,1,1,1,1,2,2,1,1,1,1,1,2,4,1,1,1,1,1,1,4,1,1,1,1,4,4,4,4,4,2,2,2,2,4,4,4,2,4,4,2,2,2,2,4,4,4,4,4,4,2,2,2,4,2,2,2,4,2,2,4,2,2,2,4,6,6,2,2,2,2,4,4,4,4,4,4,4,4,4,4,4,4,4,4,4,4,4,4,4,2,2,4,4,4,4,2,4,2,4,4,6,6,4,4,2,4,4,4,4,2,2,4,4,6,6,4,4,4,6,6,4,4,4,4,4,4,4,4,4,4,4,4,4,4,4,4,4,4,4,4,4,6,6,2,2,2,2,6,6,4,4,2,4,2,2,4,4,4,4,4,4,4,2,2,4,4,4,4,6,6,4,4,2,2,4,4,6,6,4,2,2,2,2,4,4,4,2,2,4,2,2,2,2,4,2,2,4,4,4,4,4,4,4,4,4,4,4,2,2,4,4,4,4,2,2,2,2,2,2,2,2,4,2,2,4,2,2,4,4,4,4,4,4,4,4,2,4,4,6,6,4,4,2,4,4,4,4,4,4,6,6,4,4,4,4,4,4,4,4,4,4,2,2,4,4,4,4,4,4,4,2,2,2,2,2,2,4,2,2,2,2,2,2,4,4,4,2,2,2,2,4,4,2,2,2,4,4,4,4,4,2,4,6,6,2,2,4,4,4,4,4,4,4,4,6,6,2,2,2,2,2,2,4,4,4,4,4,4,4,4,4,2,2,2,4,4,2,2,4,4,2,2,2,2,2,2,4,4,2,2,2,2,2,4,4,4,4,4,4,4,2,2,2,2,4,2,2,2,2,2,2,2,2,2,2,2,2,2,2,2,2,2,2,2,2,2,2,2,2,2,2,2,2,2,2,2,2,2,2,2,2,2,2,2,2,2,2,2,2,2,2,2,2,2,2,2,2,2,2,2,2,2,2,2,2,2]",1.0,1.0,1.0,1.0,1.0,0.5225430296690757,0.5694431650835576,0.5694431650835576,0.2704640726696028,1.670632793474538,25.631983159569355,0.0105518200049467,1.670632793474538,0.0,0.2704640726696028,0.0,0.0,0.0,0.001352320363348,100,0.01,1.0,149100,15876,17.571312041000056,0.0621121250005671,27.49791216599988,0.9999994610010596,5.38998940480262e-07,6.245730331542708,1.0779975904151584e-06,6.245728917348139,1.5546372509779487,0.0010382667677242,5.35460564776713e-13,5.355715870791755e-13,1e-12,analysis/fermionic_structure_ablation_hgbs5.csv,8.629878522903311e-08,2.791013930632538,6.245730331542708
success,,B-B_1.70_hgbs-5_as-008-010,hamiltonian_generator/hgbs5_diatomic_basis_transfer/night/B-B/1.70/hgbs-5/B-B_1.70_hgbs-5_as-008-010.tensors.npz,B-B,1.7,hgbs-5,8,10,18,831,1491,954,0.6398390342052314,0,signed_parent_blocks_randomized,12,396597547,"reference signed-fermionic parent-owned Pauli blocks preserved internally and kept contiguous, but whole parent blocks randomly permuted",544046abeed4eca0,a8b54ae800d424cc,"[1,1,1,1,1,1,1,1,1,1,1,1,1,1,1,1,1,1,1,1,1,1,1,1,1,1,1,1,1,1,1,1,1,1,1,1,1,1,1,1,1,1,1,1,1,1,1,1,1,1,1,1,1,1,1,1,1,1,1,1,1,1,1,1,1,1,1,1,1,1,1,1,1,1,1,1,1,1,1,1,1,1,1,1,4,1,1,1,1,1,1,1,1,1,1,1,1,1,1,1,1,1,1,1,1,1,1,4,1,1,1,1,1,1,1,1,1,1,1,1,1,1,1,1,1,1,4,1,1,1,1,1,1,1,1,1,1,1,1,1,1,1,1,1,1,1,1,1,1,1,1,1,1,1,1,1,1,1,1,2,2,1,1,1,1,1,2,4,1,1,1,1,1,1,4,1,1,1,1,4,4,4,4,4,2,2,2,2,4,4,4,2,4,4,2,2,2,2,4,4,4,4,4,4,2,2,2,4,2,2,2,4,2,2,4,2,2,2,4,6,6,2,2,2,2,4,4,4,4,4,4,4,4,4,4,4,4,4,4,4,4,4,4,4,2,2,4,4,4,4,2,4,2,4,4,6,6,4,4,2,4,4,4,4,2,2,4,4,6,6,4,4,4,6,6,4,4,4,4,4,4,4,4,4,4,4,4,4,4,4,4,4,4,4,4,4,6,6,2,2,2,2,6,6,4,4,2,4,2,2,4,4,4,4,4,4,4,2,2,4,4,4,4,6,6,4,4,2,2,4,4,6,6,4,2,2,2,2,4,4,4,2,2,4,2,2,2,2,4,2,2,4,4,4,4,4,4,4,4,4,4,4,2,2,4,4,4,4,2,2,2,2,2,2,2,2,4,2,2,4,2,2,4,4,4,4,4,4,4,4,2,4,4,6,6,4,4,2,4,4,4,4,4,4,6,6,4,4,4,4,4,4,4,4,4,4,2,2,4,4,4,4,4,4,4,2,2,2,2,2,2,4,2,2,2,2,2,2,4,4,4,2,2,2,2,4,4,2,2,2,4,4,4,4,4,2,4,6,6,2,2,4,4,4,4,4,4,4,4,6,6,2,2,2,2,2,2,4,4,4,4,4,4,4,4,4,2,2,2,4,4,2,2,4,4,2,2,2,2,2,2,4,4,2,2,2,2,2,4,4,4,4,4,4,4,2,2,2,2,4,2,2,2,2,2,2,2,2,2,2,2,2,2,2,2,2,2,2,2,2,2,2,2,2,2,2,2,2,2,2,2,2,2,2,2,2,2,2,2,2,2,2,2,2,2,2,2,2,2,2,2,2,2,2,2,2,2,2,2,2,2]",1.0,1.0,1.0,1.0,1.0,0.512011458729555,0.3693674834530498,0.3693674834530498,0.3248770828006816,2.0067371722165177,25.631983159569355,0.0126746760396256,2.0067371722165177,0.0,0.3248770828006816,0.0,0.0,0.0,0.0016243854140034,100,0.01,1.0,149100,15876,17.571312041000056,0.0621121250005671,26.794419792000554,0.9999990069289184,9.93071081589747e-07,11.507358753129385,1.9861411769683812e-06,11.507353535131662,1.554640339481026,0.0014093055606146,4.3354209111612363e-13,4.3376413572104866e-13,1e-12,analysis/fermionic_structure_ablation_hgbs5.csv,8.629878522903311e-08,4.026994078355546,11.507358753129385
success,,B-B_1.70_hgbs-5_as-008-010,hamiltonian_generator/hgbs5_diatomic_basis_transfer/night/B-B/1.70/hgbs-5/B-B_1.70_hgbs-5_as-008-010.tensors.npz,B-B,1.7,hgbs-5,8,10,18,831,1491,954,0.6398390342052314,0,signed_parent_blocks_randomized,13,3326839205,"reference signed-fermionic parent-owned Pauli blocks preserved internally and kept contiguous, but whole parent blocks randomly permuted",d22170eb3dba8a93,3e324263ff49f8a0,"[1,1,1,1,1,1,1,1,1,1,1,1,1,1,1,1,1,1,1,1,1,1,1,1,1,1,1,1,1,1,1,1,1,1,1,1,1,1,1,1,1,1,1,1,1,1,1,1,1,1,1,1,1,1,1,1,1,1,1,1,1,1,1,1,1,1,1,1,1,1,1,1,1,1,1,1,1,1,1,1,1,1,1,1,4,1,1,1,1,1,1,1,1,1,1,1,1,1,1,1,1,1,1,1,1,1,1,4,1,1,1,1,1,1,1,1,1,1,1,1,1,1,1,1,1,1,4,1,1,1,1,1,1,1,1,1,1,1,1,1,1,1,1,1,1,1,1,1,1,1,1,1,1,1,1,1,1,1,1,2,2,1,1,1,1,1,2,4,1,1,1,1,1,1,4,1,1,1,1,4,4,4,4,4,2,2,2,2,4,4,4,2,4,4,2,2,2,2,4,4,4,4,4,4,2,2,2,4,2,2,2,4,2,2,4,2,2,2,4,6,6,2,2,2,2,4,4,4,4,4,4,4,4,4,4,4,4,4,4,4,4,4,4,4,2,2,4,4,4,4,2,4,2,4,4,6,6,4,4,2,4,4,4,4,2,2,4,4,6,6,4,4,4,6,6,4,4,4,4,4,4,4,4,4,4,4,4,4,4,4,4,4,4,4,4,4,6,6,2,2,2,2,6,6,4,4,2,4,2,2,4,4,4,4,4,4,4,2,2,4,4,4,4,6,6,4,4,2,2,4,4,6,6,4,2,2,2,2,4,4,4,2,2,4,2,2,2,2,4,2,2,4,4,4,4,4,4,4,4,4,4,4,2,2,4,4,4,4,2,2,2,2,2,2,2,2,4,2,2,4,2,2,4,4,4,4,4,4,4,4,2,4,4,6,6,4,4,2,4,4,4,4,4,4,6,6,4,4,4,4,4,4,4,4,4,4,2,2,4,4,4,4,4,4,4,2,2,2,2,2,2,4,2,2,2,2,2,2,4,4,4,2,2,2,2,4,4,2,2,2,4,4,4,4,4,2,4,6,6,2,2,4,4,4,4,4,4,4,4,6,6,2,2,2,2,2,2,4,4,4,4,4,4,4,4,4,2,2,2,4,4,2,2,4,4,2,2,2,2,2,2,4,4,2,2,2,2,2,4,4,4,4,4,4,4,2,2,2,2,4,2,2,2,2,2,2,2,2,2,2,2,2,2,2,2,2,2,2,2,2,2,2,2,2,2,2,2,2,2,2,2,2,2,2,2,2,2,2,2,2,2,2,2,2,2,2,2,2,2,2,2,2,2,2,2,2,2,2,2,2,2]",1.0,1.0,1.0,1.0,1.0,0.4775401768733359,0.4540545058573345,0.4540545058573345,0.2541026076809775,1.569569462994138,25.631983159569355,0.0099134977617255,1.5695694629941377,0.0,0.2541026076809775,0.0,0.0,0.0,0.0012705130384048,100,0.01,1.0,149100,15876,17.571312041000056,0.0621121250005671,26.835985874999096,0.9999995797721584,4.202278416354233e-07,4.869452571321339,8.404555066343633e-07,4.8694517577809515,1.554607931669804,0.0009167637008907,4.0045744498229396e-13,4.0045744498229396e-13,1e-12,analysis/fermionic_structure_ablation_hgbs5.csv,8.629878522903311e-08,2.4635482991637065,4.8694525713213395
success,,B-B_1.70_hgbs-5_as-008-010,hamiltonian_generator/hgbs5_diatomic_basis_transfer/night/B-B/1.70/hgbs-5/B-B_1.70_hgbs-5_as-008-010.tensors.npz,B-B,1.7,hgbs-5,8,10,18,831,1491,954,0.6398390342052314,0,signed_parent_blocks_randomized,14,4011218447,"reference signed-fermionic parent-owned Pauli blocks preserved internally and kept contiguous, but whole parent blocks randomly permuted",6baca4e8c392d418,3e9235d49980ca00,"[1,1,1,1,1,1,1,1,1,1,1,1,1,1,1,1,1,1,1,1,1,1,1,1,1,1,1,1,1,1,1,1,1,1,1,1,1,1,1,1,1,1,1,1,1,1,1,1,1,1,1,1,1,1,1,1,1,1,1,1,1,1,1,1,1,1,1,1,1,1,1,1,1,1,1,1,1,1,1,1,1,1,1,1,4,1,1,1,1,1,1,1,1,1,1,1,1,1,1,1,1,1,1,1,1,1,1,4,1,1,1,1,1,1,1,1,1,1,1,1,1,1,1,1,1,1,4,1,1,1,1,1,1,1,1,1,1,1,1,1,1,1,1,1,1,1,1,1,1,1,1,1,1,1,1,1,1,1,1,2,2,1,1,1,1,1,2,4,1,1,1,1,1,1,4,1,1,1,1,4,4,4,4,4,2,2,2,2,4,4,4,2,4,4,2,2,2,2,4,4,4,4,4,4,2,2,2,4,2,2,2,4,2,2,4,2,2,2,4,6,6,2,2,2,2,4,4,4,4,4,4,4,4,4,4,4,4,4,4,4,4,4,4,4,2,2,4,4,4,4,2,4,2,4,4,6,6,4,4,2,4,4,4,4,2,2,4,4,6,6,4,4,4,6,6,4,4,4,4,4,4,4,4,4,4,4,4,4,4,4,4,4,4,4,4,4,6,6,2,2,2,2,6,6,4,4,2,4,2,2,4,4,4,4,4,4,4,2,2,4,4,4,4,6,6,4,4,2,2,4,4,6,6,4,2,2,2,2,4,4,4,2,2,4,2,2,2,2,4,2,2,4,4,4,4,4,4,4,4,4,4,4,2,2,4,4,4,4,2,2,2,2,2,2,2,2,4,2,2,4,2,2,4,4,4,4,4,4,4,4,2,4,4,6,6,4,4,2,4,4,4,4,4,4,6,6,4,4,4,4,4,4,4,4,4,4,2,2,4,4,4,4,4,4,4,2,2,2,2,2,2,4,2,2,2,2,2,2,4,4,4,2,2,2,2,4,4,2,2,2,4,4,4,4,4,2,4,6,6,2,2,4,4,4,4,4,4,4,4,6,6,2,2,2,2,2,2,4,4,4,4,4,4,4,4,4,2,2,2,4,4,2,2,4,4,2,2,2,2,2,2,4,4,2,2,2,2,2,4,4,4,4,4,4,4,2,2,2,2,4,2,2,2,2,2,2,2,2,2,2,2,2,2,2,2,2,2,2,2,2,2,2,2,2,2,2,2,2,2,2,2,2,2,2,2,2,2,2,2,2,2,2,2,2,2,2,2,2,2,2,2,2,2,2,2,2,2,2,2,2,2]",1.0,1.0,1.0,1.0,1.0,0.4954890167364016,0.6025004959252954,0.6025004959252954,0.2549260476061492,1.5746557790022853,25.631983159569355,0.0099456232480777,1.5746557790022857,0.0,0.2549260476061492,0.0,0.0,0.0,0.0012746302380307,100,0.01,1.0,149100,15876,17.571312041000056,0.0621121250005671,26.88943754200045,0.9999993868269776,6.13173022356861e-07,7.105233529412114,1.2263456686811836e-06,7.1052316569621565,1.554683595958981,0.0011074050951272,4.736211423050918e-13,4.736211423050918e-13,1e-12,analysis/fermionic_structure_ablation_hgbs5.csv,8.629878522903311e-08,2.4795408223452937,7.105233529412114
success,,B-B_1.70_hgbs-5_as-008-010,hamiltonian_generator/hgbs5_diatomic_basis_transfer/night/B-B/1.70/hgbs-5/B-B_1.70_hgbs-5_as-008-010.tensors.npz,B-B,1.7,hgbs-5,8,10,18,831,1491,954,0.6398390342052314,0,signed_parent_blocks_randomized,15,309707633,"reference signed-fermionic parent-owned Pauli blocks preserved internally and kept contiguous, but whole parent blocks randomly permuted",f9b22be61f88f85c,a198bd4fe1fa1003,"[1,1,1,1,1,1,1,1,1,1,1,1,1,1,1,1,1,1,1,1,1,1,1,1,1,1,1,1,1,1,1,1,1,1,1,1,1,1,1,1,1,1,1,1,1,1,1,1,1,1,1,1,1,1,1,1,1,1,1,1,1,1,1,1,1,1,1,1,1,1,1,1,1,1,1,1,1,1,1,1,1,1,1,1,4,1,1,1,1,1,1,1,1,1,1,1,1,1,1,1,1,1,1,1,1,1,1,4,1,1,1,1,1,1,1,1,1,1,1,1,1,1,1,1,1,1,4,1,1,1,1,1,1,1,1,1,1,1,1,1,1,1,1,1,1,1,1,1,1,1,1,1,1,1,1,1,1,1,1,2,2,1,1,1,1,1,2,4,1,1,1,1,1,1,4,1,1,1,1,4,4,4,4,4,2,2,2,2,4,4,4,2,4,4,2,2,2,2,4,4,4,4,4,4,2,2,2,4,2,2,2,4,2,2,4,2,2,2,4,6,6,2,2,2,2,4,4,4,4,4,4,4,4,4,4,4,4,4,4,4,4,4,4,4,2,2,4,4,4,4,2,4,2,4,4,6,6,4,4,2,4,4,4,4,2,2,4,4,6,6,4,4,4,6,6,4,4,4,4,4,4,4,4,4,4,4,4,4,4,4,4,4,4,4,4,4,6,6,2,2,2,2,6,6,4,4,2,4,2,2,4,4,4,4,4,4,4,2,2,4,4,4,4,6,6,4,4,2,2,4,4,6,6,4,2,2,2,2,4,4,4,2,2,4,2,2,2,2,4,2,2,4,4,4,4,4,4,4,4,4,4,4,2,2,4,4,4,4,2,2,2,2,2,2,2,2,4,2,2,4,2,2,4,4,4,4,4,4,4,4,2,4,4,6,6,4,4,2,4,4,4,4,4,4,6,6,4,4,4,4,4,4,4,4,4,4,2,2,4,4,4,4,4,4,4,2,2,2,2,2,2,4,2,2,2,2,2,2,4,4,4,2,2,2,2,4,4,2,2,2,4,4,4,4,4,2,4,6,6,2,2,4,4,4,4,4,4,4,4,6,6,2,2,2,2,2,2,4,4,4,4,4,4,4,4,4,2,2,2,4,4,2,2,4,4,2,2,2,2,2,2,4,4,2,2,2,2,2,4,4,4,4,4,4,4,2,2,2,2,4,2,2,2,2,2,2,2,2,2,2,2,2,2,2,2,2,2,2,2,2,2,2,2,2,2,2,2,2,2,2,2,2,2,2,2,2,2,2,2,2,2,2,2,2,2,2,2,2,2,2,2,2,2,2,2,2,2,2,2,2,2]",1.0,1.0,1.0,1.0,1.0,0.4994651007987828,0.5662439070749289,0.5662439070749289,0.326283248730506,2.015422935513076,25.631983159569355,0.0127295358575753,2.015422935513076,0.0,0.326283248730506,0.0,0.0,0.0,0.0016314162436525,100,0.01,1.0,149100,15876,17.571312041000056,0.0621121250005671,27.51173425000161,0.9999990378639588,9.621360411715685e-07,11.148894374562776,1.924271156639179e-06,11.148889491684036,1.554678163536526,0.001387181344433,4.2466030691912243e-13,4.244382623141974e-13,1e-12,analysis/fermionic_structure_ablation_hgbs5.csv,8.629878522903311e-08,4.061929608992144,11.148894374562776
success,,B-B_1.70_hgbs-5_as-008-010,hamiltonian_generator/hgbs5_diatomic_basis_transfer/night/B-B/1.70/hgbs-5/B-B_1.70_hgbs-5_as-008-010.tensors.npz,B-B,1.7,hgbs-5,8,10,18,831,1491,954,0.6398390342052314,0,signed_parent_blocks_randomized,16,2536474759,"reference signed-fermionic parent-owned Pauli blocks preserved internally and kept contiguous, but whole parent blocks randomly permuted",bff0d5e9cb083e4e,9f29ea9313e5f07b,"[1,1,1,1,1,1,1,1,1,1,1,1,1,1,1,1,1,1,1,1,1,1,1,1,1,1,1,1,1,1,1,1,1,1,1,1,1,1,1,1,1,1,1,1,1,1,1,1,1,1,1,1,1,1,1,1,1,1,1,1,1,1,1,1,1,1,1,1,1,1,1,1,1,1,1,1,1,1,1,1,1,1,1,1,4,1,1,1,1,1,1,1,1,1,1,1,1,1,1,1,1,1,1,1,1,1,1,4,1,1,1,1,1,1,1,1,1,1,1,1,1,1,1,1,1,1,4,1,1,1,1,1,1,1,1,1,1,1,1,1,1,1,1,1,1,1,1,1,1,1,1,1,1,1,1,1,1,1,1,2,2,1,1,1,1,1,2,4,1,1,1,1,1,1,4,1,1,1,1,4,4,4,4,4,2,2,2,2,4,4,4,2,4,4,2,2,2,2,4,4,4,4,4,4,2,2,2,4,2,2,2,4,2,2,4,2,2,2,4,6,6,2,2,2,2,4,4,4,4,4,4,4,4,4,4,4,4,4,4,4,4,4,4,4,2,2,4,4,4,4,2,4,2,4,4,6,6,4,4,2,4,4,4,4,2,2,4,4,6,6,4,4,4,6,6,4,4,4,4,4,4,4,4,4,4,4,4,4,4,4,4,4,4,4,4,4,6,6,2,2,2,2,6,6,4,4,2,4,2,2,4,4,4,4,4,4,4,2,2,4,4,4,4,6,6,4,4,2,2,4,4,6,6,4,2,2,2,2,4,4,4,2,2,4,2,2,2,2,4,2,2,4,4,4,4,4,4,4,4,4,4,4,2,2,4,4,4,4,2,2,2,2,2,2,2,2,4,2,2,4,2,2,4,4,4,4,4,4,4,4,2,4,4,6,6,4,4,2,4,4,4,4,4,4,6,6,4,4,4,4,4,4,4,4,4,4,2,2,4,4,4,4,4,4,4,2,2,2,2,2,2,4,2,2,2,2,2,2,4,4,4,2,2,2,2,4,4,2,2,2,4,4,4,4,4,2,4,6,6,2,2,4,4,4,4,4,4,4,4,6,6,2,2,2,2,2,2,4,4,4,4,4,4,4,4,4,2,2,2,4,4,2,2,4,4,2,2,2,2,2,2,4,4,2,2,2,2,2,4,4,4,4,4,4,4,2,2,2,2,4,2,2,2,2,2,2,2,2,2,2,2,2,2,2,2,2,2,2,2,2,2,2,2,2,2,2,2,2,2,2,2,2,2,2,2,2,2,2,2,2,2,2,2,2,2,2,2,2,2,2,2,2,2,2,2,2,2,2,2,2,2]",1.0,1.0,1.0,1.0,1.0,0.4826692658805629,0.4270886989984336,0.4270886989984336,0.3971584863533049,2.453213045856466,25.631983159569355,0.0154946452594336,2.453213045856466,0.0,0.3971584863533049,0.0,0.0,0.0,0.0019857924317665,100,0.01,1.0,149100,15876,17.571312041000056,0.0621121250005671,27.52771245800068,0.99999834442703,1.6555729700495905e-06,19.184197850013454,3.3111431991805773e-06,19.184182796399657,1.5546270137099951,0.0018196554454344,4.0056846728475653e-13,4.00679489587219e-13,1e-12,analysis/fermionic_structure_ablation_hgbs5.csv,8.629878522903311e-08,6.01825424836036,19.18419785001346
success,,B-B_1.70_hgbs-5_as-008-010,hamiltonian_generator/hgbs5_diatomic_basis_transfer/night/B-B/1.70/hgbs-5/B-B_1.70_hgbs-5_as-008-010.tensors.npz,B-B,1.7,hgbs-5,8,10,18,831,1491,954,0.6398390342052314,0,signed_parent_blocks_randomized,17,2684522434,"reference signed-fermionic parent-owned Pauli blocks preserved internally and kept contiguous, but whole parent blocks randomly permuted",0457ed689bfa56f7,bd23abbc26945e34,"[1,1,1,1,1,1,1,1,1,1,1,1,1,1,1,1,1,1,1,1,1,1,1,1,1,1,1,1,1,1,1,1,1,1,1,1,1,1,1,1,1,1,1,1,1,1,1,1,1,1,1,1,1,1,1,1,1,1,1,1,1,1,1,1,1,1,1,1,1,1,1,1,1,1,1,1,1,1,1,1,1,1,1,1,4,1,1,1,1,1,1,1,1,1,1,1,1,1,1,1,1,1,1,1,1,1,1,4,1,1,1,1,1,1,1,1,1,1,1,1,1,1,1,1,1,1,4,1,1,1,1,1,1,1,1,1,1,1,1,1,1,1,1,1,1,1,1,1,1,1,1,1,1,1,1,1,1,1,1,2,2,1,1,1,1,1,2,4,1,1,1,1,1,1,4,1,1,1,1,4,4,4,4,4,2,2,2,2,4,4,4,2,4,4,2,2,2,2,4,4,4,4,4,4,2,2,2,4,2,2,2,4,2,2,4,2,2,2,4,6,6,2,2,2,2,4,4,4,4,4,4,4,4,4,4,4,4,4,4,4,4,4,4,4,2,2,4,4,4,4,2,4,2,4,4,6,6,4,4,2,4,4,4,4,2,2,4,4,6,6,4,4,4,6,6,4,4,4,4,4,4,4,4,4,4,4,4,4,4,4,4,4,4,4,4,4,6,6,2,2,2,2,6,6,4,4,2,4,2,2,4,4,4,4,4,4,4,2,2,4,4,4,4,6,6,4,4,2,2,4,4,6,6,4,2,2,2,2,4,4,4,2,2,4,2,2,2,2,4,2,2,4,4,4,4,4,4,4,4,4,4,4,2,2,4,4,4,4,2,2,2,2,2,2,2,2,4,2,2,4,2,2,4,4,4,4,4,4,4,4,2,4,4,6,6,4,4,2,4,4,4,4,4,4,6,6,4,4,4,4,4,4,4,4,4,4,2,2,4,4,4,4,4,4,4,2,2,2,2,2,2,4,2,2,2,2,2,2,4,4,4,2,2,2,2,4,4,2,2,2,4,4,4,4,4,2,4,6,6,2,2,4,4,4,4,4,4,4,4,6,6,2,2,2,2,2,2,4,4,4,4,4,4,4,4,4,2,2,2,4,4,2,2,4,4,2,2,2,2,2,2,4,4,2,2,2,2,2,4,4,4,4,4,4,4,2,2,2,2,4,2,2,2,2,2,2,2,2,2,2,2,2,2,2,2,2,2,2,2,2,2,2,2,2,2,2,2,2,2,2,2,2,2,2,2,2,2,2,2,2,2,2,2,2,2,2,2,2,2,2,2,2,2,2,2,2,2,2,2,2,2]",1.0,1.0,1.0,1.0,1.0,0.5100679916317992,0.5225211795794411,0.5225211795794411,0.3178907897606771,1.9635834544518949,25.631983159569355,0.012402114490388,1.9635834544518944,0.0,0.3178907897606771,0.0,0.0,0.0,0.0015894539488033,100,0.01,1.0,149100,15876,17.571312041000056,0.0621121250005671,26.799772792001026,0.999999063700818,9.362991818528954e-07,10.84950592720395,1.8725974870736903e-06,10.8495013157361,1.5545922526395026,0.0013684291591842,4.356515148629115e-13,4.3576253716537394e-13,1e-12,analysis/fermionic_structure_ablation_hgbs5.csv,8.629878522903311e-08,3.8556599825972366,10.84950592720395
success,,B-B_1.70_hgbs-5_as-008-010,hamiltonian_generator/hgbs5_diatomic_basis_transfer/night/B-B/1.70/hgbs-5/B-B_1.70_hgbs-5_as-008-010.tensors.npz,B-B,1.7,hgbs-5,8,10,18,831,1491,954,0.6398390342052314,0,signed_parent_blocks_randomized,18,3852806417,"reference signed-fermionic parent-owned Pauli blocks preserved internally and kept contiguous, but whole parent blocks randomly permuted",c0f1e2314af9d944,44b7dc9b418f797e,"[1,1,1,1,1,1,1,1,1,1,1,1,1,1,1,1,1,1,1,1,1,1,1,1,1,1,1,1,1,1,1,1,1,1,1,1,1,1,1,1,1,1,1,1,1,1,1,1,1,1,1,1,1,1,1,1,1,1,1,1,1,1,1,1,1,1,1,1,1,1,1,1,1,1,1,1,1,1,1,1,1,1,1,1,4,1,1,1,1,1,1,1,1,1,1,1,1,1,1,1,1,1,1,1,1,1,1,4,1,1,1,1,1,1,1,1,1,1,1,1,1,1,1,1,1,1,4,1,1,1,1,1,1,1,1,1,1,1,1,1,1,1,1,1,1,1,1,1,1,1,1,1,1,1,1,1,1,1,1,2,2,1,1,1,1,1,2,4,1,1,1,1,1,1,4,1,1,1,1,4,4,4,4,4,2,2,2,2,4,4,4,2,4,4,2,2,2,2,4,4,4,4,4,4,2,2,2,4,2,2,2,4,2,2,4,2,2,2,4,6,6,2,2,2,2,4,4,4,4,4,4,4,4,4,4,4,4,4,4,4,4,4,4,4,2,2,4,4,4,4,2,4,2,4,4,6,6,4,4,2,4,4,4,4,2,2,4,4,6,6,4,4,4,6,6,4,4,4,4,4,4,4,4,4,4,4,4,4,4,4,4,4,4,4,4,4,6,6,2,2,2,2,6,6,4,4,2,4,2,2,4,4,4,4,4,4,4,2,2,4,4,4,4,6,6,4,4,2,2,4,4,6,6,4,2,2,2,2,4,4,4,2,2,4,2,2,2,2,4,2,2,4,4,4,4,4,4,4,4,4,4,4,2,2,4,4,4,4,2,2,2,2,2,2,2,2,4,2,2,4,2,2,4,4,4,4,4,4,4,4,2,4,4,6,6,4,4,2,4,4,4,4,4,4,6,6,4,4,4,4,4,4,4,4,4,4,2,2,4,4,4,4,4,4,4,2,2,2,2,2,2,4,2,2,2,2,2,2,4,4,4,2,2,2,2,4,4,2,2,2,4,4,4,4,4,2,4,6,6,2,2,4,4,4,4,4,4,4,4,6,6,2,2,2,2,2,2,4,4,4,4,4,4,4,4,4,2,2,2,4,4,2,2,4,4,2,2,2,2,2,2,4,4,2,2,2,2,2,4,4,4,4,4,4,4,2,2,2,2,4,2,2,2,2,2,2,2,2,2,2,2,2,2,2,2,2,2,2,2,2,2,2,2,2,2,2,2,2,2,2,2,2,2,2,2,2,2,2,2,2,2,2,2,2,2,2,2,2,2,2,2,2,2,2,2,2,2,2,2,2,2]",1.0,1.0,1.0,1.0,1.0,0.5088080068467098,0.486514104813257,0.486514104813257,0.2861808598095156,1.7677140055735383,25.631983159569355,0.0111649909422897,1.7677140055735383,0.0,0.2861808598095156,0.0,0.0,0.0,0.0014309042990475,100,0.01,1.0,149100,15876,17.571312041000056,0.0621121250005671,26.469231625000248,0.9999992947429174,7.052570826227011e-07,8.172271263737727,1.4105136678654873e-06,8.172268734208837,1.554708816504229,0.0011876506915947,5.074829445561592e-13,5.075939668586217e-13,1e-12,analysis/fermionic_structure_ablation_hgbs5.csv,8.629878522903311e-08,3.1248128055008433,8.172271263737727
success,,B-B_1.70_hgbs-5_as-008-010,hamiltonian_generator/hgbs5_diatomic_basis_transfer/night/B-B/1.70/hgbs-5/B-B_1.70_hgbs-5_as-008-010.tensors.npz,B-B,1.7,hgbs-5,8,10,18,831,1491,954,0.6398390342052314,0,signed_parent_blocks_randomized,19,493080267,"reference signed-fermionic parent-owned Pauli blocks preserved internally and kept contiguous, but whole parent blocks randomly permuted",01022bc18bf5ba07,f73af9940b7851cf,"[1,1,1,1,1,1,1,1,1,1,1,1,1,1,1,1,1,1,1,1,1,1,1,1,1,1,1,1,1,1,1,1,1,1,1,1,1,1,1,1,1,1,1,1,1,1,1,1,1,1,1,1,1,1,1,1,1,1,1,1,1,1,1,1,1,1,1,1,1,1,1,1,1,1,1,1,1,1,1,1,1,1,1,1,4,1,1,1,1,1,1,1,1,1,1,1,1,1,1,1,1,1,1,1,1,1,1,4,1,1,1,1,1,1,1,1,1,1,1,1,1,1,1,1,1,1,4,1,1,1,1,1,1,1,1,1,1,1,1,1,1,1,1,1,1,1,1,1,1,1,1,1,1,1,1,1,1,1,1,2,2,1,1,1,1,1,2,4,1,1,1,1,1,1,4,1,1,1,1,4,4,4,4,4,2,2,2,2,4,4,4,2,4,4,2,2,2,2,4,4,4,4,4,4,2,2,2,4,2,2,2,4,2,2,4,2,2,2,4,6,6,2,2,2,2,4,4,4,4,4,4,4,4,4,4,4,4,4,4,4,4,4,4,4,2,2,4,4,4,4,2,4,2,4,4,6,6,4,4,2,4,4,4,4,2,2,4,4,6,6,4,4,4,6,6,4,4,4,4,4,4,4,4,4,4,4,4,4,4,4,4,4,4,4,4,4,6,6,2,2,2,2,6,6,4,4,2,4,2,2,4,4,4,4,4,4,4,2,2,4,4,4,4,6,6,4,4,2,2,4,4,6,6,4,2,2,2,2,4,4,4,2,2,4,2,2,2,2,4,2,2,4,4,4,4,4,4,4,4,4,4,4,2,2,4,4,4,4,2,2,2,2,2,2,2,2,4,2,2,4,2,2,4,4,4,4,4,4,4,4,2,4,4,6,6,4,4,2,4,4,4,4,4,4,6,6,4,4,4,4,4,4,4,4,4,4,2,2,4,4,4,4,4,4,4,2,2,2,2,2,2,4,2,2,2,2,2,2,4,4,4,2,2,2,2,4,4,2,2,2,4,4,4,4,4,2,4,6,6,2,2,4,4,4,4,4,4,4,4,6,6,2,2,2,2,2,2,4,4,4,4,4,4,4,4,4,2,2,2,4,4,2,2,4,4,2,2,2,2,2,2,4,4,2,2,2,2,2,4,4,4,4,4,4,4,2,2,2,2,4,2,2,2,2,2,2,2,2,2,2,2,2,2,2,2,2,2,2,2,2,2,2,2,2,2,2,2,2,2,2,2,2,2,2,2,2,2,2,2,2,2,2,2,2,2,2,2,2,2,2,2,2,2,2,2,2,2,2,2,2,2]",1.0,1.0,1.0,1.0,1.0,0.4940745055154051,0.4631228340773812,0.4631228340773812,0.2666103667070894,1.6468287906218264,25.631983159569355,0.010401472451325,1.6468287906218262,0.0,0.2666103667070894,0.0,0.0,0.0,0.0013330518335354,100,0.01,1.0,149100,15876,17.571312041000056,0.0621121250005671,27.208813957999155,0.9999995227541884,4.77245811647542e-07,5.530156773133631,9.54491395477319e-07,5.530155691532466,1.5546803484445189,0.0009769808715093,4.348743587456738e-13,4.347633364432113e-13,1e-12,analysis/fermionic_structure_ablation_hgbs5.csv,8.629878522903311e-08,2.712045065620947,5.530156773133631
success,,B-B_1.70_hgbs-5_as-008-010,hamiltonian_generator/hgbs5_diatomic_basis_transfer/night/B-B/1.70/hgbs-5/B-B_1.70_hgbs-5_as-008-010.tensors.npz,B-B,1.7,hgbs-5,8,10,18,831,1491,954,0.6398390342052314,0,signed_parent_descendants_round_robin,-1,-1,"reference signed-fermionic parent priority and within-parent descendant order retained, but descendants interleaved round-robin across parent blocks to destroy contiguity",0edf71928023a502,24854668fa0c1a33,"[1,1,1,1,1,1,1,1,1,1,1,1,1,1,1,1,1,1,1,1,1,1,1,1,1,1,1,1,1,1,1,1,1,1,1,1,1,1,1,1,1,1,1,1,1,1,1,1,1,1,1,1,1,1,1,1,1,1,1,1,1,1,1,1,1,1,1,1,1,1,1,1,1,1,1,1,1,1,1,1,1,1,1,1,4,1,1,1,1,1,1,1,1,1,1,1,1,1,1,1,1,1,1,1,1,1,1,4,1,1,1,1,1,1,1,1,1,1,1,1,1,1,1,1,1,1,4,1,1,1,1,1,1,1,1,1,1,1,1,1,1,1,1,1,1,1,1,1,1,1,1,1,1,1,1,1,1,1,1,2,2,1,1,1,1,1,2,4,1,1,1,1,1,1,4,1,1,1,1,4,4,4,4,4,2,2,2,2,4,4,4,2,4,4,2,2,2,2,4,4,4,4,4,4,2,2,2,4,2,2,2,4,2,2,4,2,2,2,4,6,6,2,2,2,2,4,4,4,4,4,4,4,4,4,4,4,4,4,4,4,4,4,4,4,2,2,4,4,4,4,2,4,2,4,4,6,6,4,4,2,4,4,4,4,2,2,4,4,6,6,4,4,4,6,6,4,4,4,4,4,4,4,4,4,4,4,4,4,4,4,4,4,4,4,4,4,6,6,2,2,2,2,6,6,4,4,2,4,2,2,4,4,4,4,4,4,4,2,2,4,4,4,4,6,6,4,4,2,2,4,4,6,6,4,2,2,2,2,4,4,4,2,2,4,2,2,2,2,4,2,2,4,4,4,4,4,4,4,4,4,4,4,2,2,4,4,4,4,2,2,2,2,2,2,2,2,4,2,2,4,2,2,4,4,4,4,4,4,4,4,2,4,4,6,6,4,4,2,4,4,4,4,4,4,6,6,4,4,4,4,4,4,4,4,4,4,2,2,4,4,4,4,4,4,4,2,2,2,2,2,2,4,2,2,2,2,2,2,4,4,4,2,2,2,2,4,4,2,2,2,4,4,4,4,4,2,4,6,6,2,2,4,4,4,4,4,4,4,4,6,6,2,2,2,2,2,2,4,4,4,4,4,4,4,4,4,2,2,2,4,4,2,2,4,4,2,2,2,2,2,2,4,4,2,2,2,2,2,4,4,4,4,4,4,4,2,2,2,2,4,2,2,2,2,2,2,2,2,2,2,2,2,2,2,2,2,2,2,2,2,2,2,2,2,2,2,2,2,2,2,2,2,2,2,2,2,2,2,2,2,2,2,2,2,2,2,2,2,2,2,2,2,2,2,2,2,2,2,2,2,2]",2.566265060240964,6.0,0.2943201376936317,159.66523235800344,203.92823608316567,0.3301041270445036,0.0460040217041829,0.0460040217041829,0.1645300631065873,1.0162877317686427,25.631983159569355,0.0064189361424873,1.0162877317686427,0.0,0.1645300631065873,0.0,0.0,0.0,0.0008226503155329,100,0.01,1.0,149100,15876,17.571312041000056,0.0621121250005671,26.50366112499978,0.9999999325939968,6.740600322352465e-08,0.7810770805710894,1.348120018951349e-07,0.7810770878604332,1.5546246123596823,0.0003671675454707,5.778787448562639e-09,5.9903561000496105e-09,1e-12,analysis/fermionic_structure_ablation_hgbs5.csv,8.629878522903311e-08,1.0328407537434527,0.7810770805710895
success,,B-B_1.70_hgbs-5_as-008-010,hamiltonian_generator/hgbs5_diatomic_basis_transfer/night/B-B/1.70/hgbs-5/B-B_1.70_hgbs-5_as-008-010.tensors.npz,B-B,1.7,hgbs-5,8,10,18,831,1491,954,0.6398390342052314,0,signed_parent_within_randomized,0,1278004999,"reference signed-fermionic parent-block order kept fixed and contiguous, but Pauli descendants randomly permuted inside each parent-owned block",0edf71928023a502,570718eae267d283,"[1,1,1,1,1,1,1,1,1,1,1,1,1,1,1,1,1,1,1,1,1,1,1,1,1,1,1,1,1,1,1,1,1,1,1,1,1,1,1,1,1,1,1,1,1,1,1,1,1,1,1,1,1,1,1,1,1,1,1,1,1,1,1,1,1,1,1,1,1,1,1,1,1,1,1,1,1,1,1,1,1,1,1,1,4,1,1,1,1,1,1,1,1,1,1,1,1,1,1,1,1,1,1,1,1,1,1,4,1,1,1,1,1,1,1,1,1,1,1,1,1,1,1,1,1,1,4,1,1,1,1,1,1,1,1,1,1,1,1,1,1,1,1,1,1,1,1,1,1,1,1,1,1,1,1,1,1,1,1,2,2,1,1,1,1,1,2,4,1,1,1,1,1,1,4,1,1,1,1,4,4,4,4,4,2,2,2,2,4,4,4,2,4,4,2,2,2,2,4,4,4,4,4,4,2,2,2,4,2,2,2,4,2,2,4,2,2,2,4,6,6,2,2,2,2,4,4,4,4,4,4,4,4,4,4,4,4,4,4,4,4,4,4,4,2,2,4,4,4,4,2,4,2,4,4,6,6,4,4,2,4,4,4,4,2,2,4,4,6,6,4,4,4,6,6,4,4,4,4,4,4,4,4,4,4,4,4,4,4,4,4,4,4,4,4,4,6,6,2,2,2,2,6,6,4,4,2,4,2,2,4,4,4,4,4,4,4,2,2,4,4,4,4,6,6,4,4,2,2,4,4,6,6,4,2,2,2,2,4,4,4,2,2,4,2,2,2,2,4,2,2,4,4,4,4,4,4,4,4,4,4,4,2,2,4,4,4,4,2,2,2,2,2,2,2,2,4,2,2,4,2,2,4,4,4,4,4,4,4,4,2,4,4,6,6,4,4,2,4,4,4,4,4,4,6,6,4,4,4,4,4,4,4,4,4,4,2,2,4,4,4,4,4,4,4,2,2,2,2,2,2,4,2,2,2,2,2,2,4,4,4,2,2,2,2,4,4,2,2,2,4,4,4,4,4,2,4,6,6,2,2,4,4,4,4,4,4,4,4,6,6,2,2,2,2,2,2,4,4,4,4,4,4,4,4,4,2,2,2,4,4,2,2,4,4,2,2,2,2,2,2,4,4,2,2,2,2,2,4,4,4,4,4,4,4,2,2,2,2,4,2,2,2,2,2,2,2,2,2,2,2,2,2,2,2,2,2,2,2,2,2,2,2,2,2,2,2,2,2,2,2,2,2,2,2,2,2,2,2,2,2,2,2,2,2,2,2,2,2,2,2,2,2,2,2,2,2,2,2,2,2]",1.0,1.0,1.0,1.0,1.0,0.0,0.0,0.0,0.1618931902486475,1.0,25.631983159569355,0.0063160618217013,1.0,0.0,0.1618931902486475,0.0,0.0,0.0,0.0008094659512432,100,0.01,1.0,149100,15876,17.571312041000056,0.0621121250005671,26.508760959000934,0.999999913701232,8.629876790955394e-08,0.9999997993079608,1.725975283806136e-07,0.9999997993079522,1.5546198803263085,0.0004154485958805,3.5016434196677437e-13,3.5005331966431186e-13,1e-12,analysis/fermionic_structure_ablation_hgbs5.csv,8.629878522903311e-08,1.0,0.999999799307961
success,,B-B_1.70_hgbs-5_as-008-010,hamiltonian_generator/hgbs5_diatomic_basis_transfer/night/B-B/1.70/hgbs-5/B-B_1.70_hgbs-5_as-008-010.tensors.npz,B-B,1.7,hgbs-5,8,10,18,831,1491,954,0.6398390342052314,0,signed_parent_within_randomized,1,1749275987,"reference signed-fermionic parent-block order kept fixed and contiguous, but Pauli descendants randomly permuted inside each parent-owned block",0edf71928023a502,af3e4700e1c4bf76,"[1,1,1,1,1,1,1,1,1,1,1,1,1,1,1,1,1,1,1,1,1,1,1,1,1,1,1,1,1,1,1,1,1,1,1,1,1,1,1,1,1,1,1,1,1,1,1,1,1,1,1,1,1,1,1,1,1,1,1,1,1,1,1,1,1,1,1,1,1,1,1,1,1,1,1,1,1,1,1,1,1,1,1,1,4,1,1,1,1,1,1,1,1,1,1,1,1,1,1,1,1,1,1,1,1,1,1,4,1,1,1,1,1,1,1,1,1,1,1,1,1,1,1,1,1,1,4,1,1,1,1,1,1,1,1,1,1,1,1,1,1,1,1,1,1,1,1,1,1,1,1,1,1,1,1,1,1,1,1,2,2,1,1,1,1,1,2,4,1,1,1,1,1,1,4,1,1,1,1,4,4,4,4,4,2,2,2,2,4,4,4,2,4,4,2,2,2,2,4,4,4,4,4,4,2,2,2,4,2,2,2,4,2,2,4,2,2,2,4,6,6,2,2,2,2,4,4,4,4,4,4,4,4,4,4,4,4,4,4,4,4,4,4,4,2,2,4,4,4,4,2,4,2,4,4,6,6,4,4,2,4,4,4,4,2,2,4,4,6,6,4,4,4,6,6,4,4,4,4,4,4,4,4,4,4,4,4,4,4,4,4,4,4,4,4,4,6,6,2,2,2,2,6,6,4,4,2,4,2,2,4,4,4,4,4,4,4,2,2,4,4,4,4,6,6,4,4,2,2,4,4,6,6,4,2,2,2,2,4,4,4,2,2,4,2,2,2,2,4,2,2,4,4,4,4,4,4,4,4,4,4,4,2,2,4,4,4,4,2,2,2,2,2,2,2,2,4,2,2,4,2,2,4,4,4,4,4,4,4,4,2,4,4,6,6,4,4,2,4,4,4,4,4,4,6,6,4,4,4,4,4,4,4,4,4,4,2,2,4,4,4,4,4,4,4,2,2,2,2,2,2,4,2,2,2,2,2,2,4,4,4,2,2,2,2,4,4,2,2,2,4,4,4,4,4,2,4,6,6,2,2,4,4,4,4,4,4,4,4,6,6,2,2,2,2,2,2,4,4,4,4,4,4,4,4,4,2,2,2,4,4,2,2,4,4,2,2,2,2,2,2,4,4,2,2,2,2,2,4,4,4,4,4,4,4,2,2,2,2,4,2,2,2,2,2,2,2,2,2,2,2,2,2,2,2,2,2,2,2,2,2,2,2,2,2,2,2,2,2,2,2,2,2,2,2,2,2,2,2,2,2,2,2,2,2,2,2,2,2,2,2,2,2,2,2,2,2,2,2,2,2]",1.0,1.0,1.0,1.0,1.0,0.0,0.0,0.0,0.1618931902486475,1.0,25.631983159569355,0.0063160618217013,1.0,0.0,0.1618931902486475,0.0,0.0,0.0,0.0008094659512432,100,0.01,1.0,149100,15876,17.571312041000056,0.0621121250005671,26.61707158399986,0.9999999137012268,8.629877312760216e-08,0.99999985977287,1.7259753881671005e-07,0.999999859772864,1.5546198803263076,0.0004154486084405,3.613775945154885e-13,3.6126657221302594e-13,1e-12,analysis/fermionic_structure_ablation_hgbs5.csv,8.629878522903311e-08,1.0,0.9999998597728702
success,,B-B_1.70_hgbs-5_as-008-010,hamiltonian_generator/hgbs5_diatomic_basis_transfer/night/B-B/1.70/hgbs-5/B-B_1.70_hgbs-5_as-008-010.tensors.npz,B-B,1.7,hgbs-5,8,10,18,831,1491,954,0.6398390342052314,0,signed_parent_within_randomized,2,3429257044,"reference signed-fermionic parent-block order kept fixed and contiguous, but Pauli descendants randomly permuted inside each parent-owned block",0edf71928023a502,e7f95e41b3a30937,"[1,1,1,1,1,1,1,1,1,1,1,1,1,1,1,1,1,1,1,1,1,1,1,1,1,1,1,1,1,1,1,1,1,1,1,1,1,1,1,1,1,1,1,1,1,1,1,1,1,1,1,1,1,1,1,1,1,1,1,1,1,1,1,1,1,1,1,1,1,1,1,1,1,1,1,1,1,1,1,1,1,1,1,1,4,1,1,1,1,1,1,1,1,1,1,1,1,1,1,1,1,1,1,1,1,1,1,4,1,1,1,1,1,1,1,1,1,1,1,1,1,1,1,1,1,1,4,1,1,1,1,1,1,1,1,1,1,1,1,1,1,1,1,1,1,1,1,1,1,1,1,1,1,1,1,1,1,1,1,2,2,1,1,1,1,1,2,4,1,1,1,1,1,1,4,1,1,1,1,4,4,4,4,4,2,2,2,2,4,4,4,2,4,4,2,2,2,2,4,4,4,4,4,4,2,2,2,4,2,2,2,4,2,2,4,2,2,2,4,6,6,2,2,2,2,4,4,4,4,4,4,4,4,4,4,4,4,4,4,4,4,4,4,4,2,2,4,4,4,4,2,4,2,4,4,6,6,4,4,2,4,4,4,4,2,2,4,4,6,6,4,4,4,6,6,4,4,4,4,4,4,4,4,4,4,4,4,4,4,4,4,4,4,4,4,4,6,6,2,2,2,2,6,6,4,4,2,4,2,2,4,4,4,4,4,4,4,2,2,4,4,4,4,6,6,4,4,2,2,4,4,6,6,4,2,2,2,2,4,4,4,2,2,4,2,2,2,2,4,2,2,4,4,4,4,4,4,4,4,4,4,4,2,2,4,4,4,4,2,2,2,2,2,2,2,2,4,2,2,4,2,2,4,4,4,4,4,4,4,4,2,4,4,6,6,4,4,2,4,4,4,4,4,4,6,6,4,4,4,4,4,4,4,4,4,4,2,2,4,4,4,4,4,4,4,2,2,2,2,2,2,4,2,2,2,2,2,2,4,4,4,2,2,2,2,4,4,2,2,2,4,4,4,4,4,2,4,6,6,2,2,4,4,4,4,4,4,4,4,6,6,2,2,2,2,2,2,4,4,4,4,4,4,4,4,4,2,2,2,4,4,2,2,4,4,2,2,2,2,2,2,4,4,2,2,2,2,2,4,4,4,4,4,4,4,2,2,2,2,4,2,2,2,2,2,2,2,2,2,2,2,2,2,2,2,2,2,2,2,2,2,2,2,2,2,2,2,2,2,2,2,2,2,2,2,2,2,2,2,2,2,2,2,2,2,2,2,2,2,2,2,2,2,2,2,2,2,2,2,2,2]",1.0,1.0,1.0,1.0,1.0,0.0,0.0,0.0,0.1618931902486475,1.0,25.631983159569355,0.0063160618217013,1.0,0.0,0.1618931902486475,0.0,0.0,0.0,0.0008094659512432,100,0.01,1.0,149100,15876,17.571312041000056,0.0621121250005671,26.466328209000498,0.9999999137012244,8.62987756811151e-08,0.999999889362081,1.7259754392373597e-07,0.9999998893620762,1.5546198803263038,0.0004154486145869,3.660405312189141e-13,3.6581848661398913e-13,1e-12,analysis/fermionic_structure_ablation_hgbs5.csv,8.629878522903311e-08,1.0,0.999999889362081
success,,B-B_1.70_hgbs-5_as-008-010,hamiltonian_generator/hgbs5_diatomic_basis_transfer/night/B-B/1.70/hgbs-5/B-B_1.70_hgbs-5_as-008-010.tensors.npz,B-B,1.7,hgbs-5,8,10,18,831,1491,954,0.6398390342052314,0,signed_parent_within_randomized,3,509590604,"reference signed-fermionic parent-block order kept fixed and contiguous, but Pauli descendants randomly permuted inside each parent-owned block",0edf71928023a502,aae5e6eb02d1a75e,"[1,1,1,1,1,1,1,1,1,1,1,1,1,1,1,1,1,1,1,1,1,1,1,1,1,1,1,1,1,1,1,1,1,1,1,1,1,1,1,1,1,1,1,1,1,1,1,1,1,1,1,1,1,1,1,1,1,1,1,1,1,1,1,1,1,1,1,1,1,1,1,1,1,1,1,1,1,1,1,1,1,1,1,1,4,1,1,1,1,1,1,1,1,1,1,1,1,1,1,1,1,1,1,1,1,1,1,4,1,1,1,1,1,1,1,1,1,1,1,1,1,1,1,1,1,1,4,1,1,1,1,1,1,1,1,1,1,1,1,1,1,1,1,1,1,1,1,1,1,1,1,1,1,1,1,1,1,1,1,2,2,1,1,1,1,1,2,4,1,1,1,1,1,1,4,1,1,1,1,4,4,4,4,4,2,2,2,2,4,4,4,2,4,4,2,2,2,2,4,4,4,4,4,4,2,2,2,4,2,2,2,4,2,2,4,2,2,2,4,6,6,2,2,2,2,4,4,4,4,4,4,4,4,4,4,4,4,4,4,4,4,4,4,4,2,2,4,4,4,4,2,4,2,4,4,6,6,4,4,2,4,4,4,4,2,2,4,4,6,6,4,4,4,6,6,4,4,4,4,4,4,4,4,4,4,4,4,4,4,4,4,4,4,4,4,4,6,6,2,2,2,2,6,6,4,4,2,4,2,2,4,4,4,4,4,4,4,2,2,4,4,4,4,6,6,4,4,2,2,4,4,6,6,4,2,2,2,2,4,4,4,2,2,4,2,2,2,2,4,2,2,4,4,4,4,4,4,4,4,4,4,4,2,2,4,4,4,4,2,2,2,2,2,2,2,2,4,2,2,4,2,2,4,4,4,4,4,4,4,4,2,4,4,6,6,4,4,2,4,4,4,4,4,4,6,6,4,4,4,4,4,4,4,4,4,4,2,2,4,4,4,4,4,4,4,2,2,2,2,2,2,4,2,2,2,2,2,2,4,4,4,2,2,2,2,4,4,2,2,2,4,4,4,4,4,2,4,6,6,2,2,4,4,4,4,4,4,4,4,6,6,2,2,2,2,2,2,4,4,4,4,4,4,4,4,4,2,2,2,4,4,2,2,4,4,2,2,2,2,2,2,4,4,2,2,2,2,2,4,4,4,4,4,4,4,2,2,2,2,4,2,2,2,2,2,2,2,2,2,2,2,2,2,2,2,2,2,2,2,2,2,2,2,2,2,2,2,2,2,2,2,2,2,2,2,2,2,2,2,2,2,2,2,2,2,2,2,2,2,2,2,2,2,2,2,2,2,2,2,2,2]",1.0,1.0,1.0,1.0,1.0,0.0,0.0,0.0,0.1618931902486475,1.0,25.631983159569355,0.0063160618217013,1.0,0.0,0.1618931902486475,0.0,0.0,0.0,0.0008094659512432,100,0.01,1.0,149100,15876,17.571312041000056,0.0621121250005671,27.543822083000123,0.9999999137012328,8.629876713239781e-08,0.9999997903025488,1.7259752682630136e-07,0.9999997903025398,1.5546198803263045,0.0004154485940098,3.4927616354707425e-13,3.4916514124461173e-13,1e-12,analysis/fermionic_structure_ablation_hgbs5.csv,8.629878522903311e-08,1.0,0.9999997903025488
success,,B-B_1.70_hgbs-5_as-008-010,hamiltonian_generator/hgbs5_diatomic_basis_transfer/night/B-B/1.70/hgbs-5/B-B_1.70_hgbs-5_as-008-010.tensors.npz,B-B,1.7,hgbs-5,8,10,18,831,1491,954,0.6398390342052314,0,signed_parent_within_randomized,4,3055380957,"reference signed-fermionic parent-block order kept fixed and contiguous, but Pauli descendants randomly permuted inside each parent-owned block",0edf71928023a502,17d9b41ae359620c,"[1,1,1,1,1,1,1,1,1,1,1,1,1,1,1,1,1,1,1,1,1,1,1,1,1,1,1,1,1,1,1,1,1,1,1,1,1,1,1,1,1,1,1,1,1,1,1,1,1,1,1,1,1,1,1,1,1,1,1,1,1,1,1,1,1,1,1,1,1,1,1,1,1,1,1,1,1,1,1,1,1,1,1,1,4,1,1,1,1,1,1,1,1,1,1,1,1,1,1,1,1,1,1,1,1,1,1,4,1,1,1,1,1,1,1,1,1,1,1,1,1,1,1,1,1,1,4,1,1,1,1,1,1,1,1,1,1,1,1,1,1,1,1,1,1,1,1,1,1,1,1,1,1,1,1,1,1,1,1,2,2,1,1,1,1,1,2,4,1,1,1,1,1,1,4,1,1,1,1,4,4,4,4,4,2,2,2,2,4,4,4,2,4,4,2,2,2,2,4,4,4,4,4,4,2,2,2,4,2,2,2,4,2,2,4,2,2,2,4,6,6,2,2,2,2,4,4,4,4,4,4,4,4,4,4,4,4,4,4,4,4,4,4,4,2,2,4,4,4,4,2,4,2,4,4,6,6,4,4,2,4,4,4,4,2,2,4,4,6,6,4,4,4,6,6,4,4,4,4,4,4,4,4,4,4,4,4,4,4,4,4,4,4,4,4,4,6,6,2,2,2,2,6,6,4,4,2,4,2,2,4,4,4,4,4,4,4,2,2,4,4,4,4,6,6,4,4,2,2,4,4,6,6,4,2,2,2,2,4,4,4,2,2,4,2,2,2,2,4,2,2,4,4,4,4,4,4,4,4,4,4,4,2,2,4,4,4,4,2,2,2,2,2,2,2,2,4,2,2,4,2,2,4,4,4,4,4,4,4,4,2,4,4,6,6,4,4,2,4,4,4,4,4,4,6,6,4,4,4,4,4,4,4,4,4,4,2,2,4,4,4,4,4,4,4,2,2,2,2,2,2,4,2,2,2,2,2,2,4,4,4,2,2,2,2,4,4,2,2,2,4,4,4,4,4,2,4,6,6,2,2,4,4,4,4,4,4,4,4,6,6,2,2,2,2,2,2,4,4,4,4,4,4,4,4,4,2,2,2,4,4,2,2,4,4,2,2,2,2,2,2,4,4,2,2,2,2,2,4,4,4,4,4,4,4,2,2,2,2,4,2,2,2,2,2,2,2,2,2,2,2,2,2,2,2,2,2,2,2,2,2,2,2,2,2,2,2,2,2,2,2,2,2,2,2,2,2,2,2,2,2,2,2,2,2,2,2,2,2,2,2,2,2,2,2,2,2,2,2,2,2]",1.0,1.0,1.0,1.0,1.0,0.0,0.0,0.0,0.1618931902486475,1.0,25.631983159569355,0.0063160618217013,1.0,0.0,0.1618931902486475,0.0,0.0,0.0,0.0008094659512432,100,0.01,1.0,149100,15876,17.571312041000056,0.0621121250005671,26.621171374999903,0.9999999137012326,8.629876735444243e-08,0.9999997928755237,1.7259752727039057e-07,0.9999997928755148,1.554619880326303,0.0004154485945443,3.493871858495368e-13,3.4927616354707425e-13,1e-12,analysis/fermionic_structure_ablation_hgbs5.csv,8.629878522903311e-08,1.0,0.9999997928755239
success,,B-B_1.70_hgbs-5_as-008-010,hamiltonian_generator/hgbs5_diatomic_basis_transfer/night/B-B/1.70/hgbs-5/B-B_1.70_hgbs-5_as-008-010.tensors.npz,B-B,1.7,hgbs-5,8,10,18,831,1491,954,0.6398390342052314,0,signed_parent_within_randomized,5,797515988,"reference signed-fermionic parent-block order kept fixed and contiguous, but Pauli descendants randomly permuted inside each parent-owned block",0edf71928023a502,7c183a84ab4b82eb,"[1,1,1,1,1,1,1,1,1,1,1,1,1,1,1,1,1,1,1,1,1,1,1,1,1,1,1,1,1,1,1,1,1,1,1,1,1,1,1,1,1,1,1,1,1,1,1,1,1,1,1,1,1,1,1,1,1,1,1,1,1,1,1,1,1,1,1,1,1,1,1,1,1,1,1,1,1,1,1,1,1,1,1,1,4,1,1,1,1,1,1,1,1,1,1,1,1,1,1,1,1,1,1,1,1,1,1,4,1,1,1,1,1,1,1,1,1,1,1,1,1,1,1,1,1,1,4,1,1,1,1,1,1,1,1,1,1,1,1,1,1,1,1,1,1,1,1,1,1,1,1,1,1,1,1,1,1,1,1,2,2,1,1,1,1,1,2,4,1,1,1,1,1,1,4,1,1,1,1,4,4,4,4,4,2,2,2,2,4,4,4,2,4,4,2,2,2,2,4,4,4,4,4,4,2,2,2,4,2,2,2,4,2,2,4,2,2,2,4,6,6,2,2,2,2,4,4,4,4,4,4,4,4,4,4,4,4,4,4,4,4,4,4,4,2,2,4,4,4,4,2,4,2,4,4,6,6,4,4,2,4,4,4,4,2,2,4,4,6,6,4,4,4,6,6,4,4,4,4,4,4,4,4,4,4,4,4,4,4,4,4,4,4,4,4,4,6,6,2,2,2,2,6,6,4,4,2,4,2,2,4,4,4,4,4,4,4,2,2,4,4,4,4,6,6,4,4,2,2,4,4,6,6,4,2,2,2,2,4,4,4,2,2,4,2,2,2,2,4,2,2,4,4,4,4,4,4,4,4,4,4,4,2,2,4,4,4,4,2,2,2,2,2,2,2,2,4,2,2,4,2,2,4,4,4,4,4,4,4,4,2,4,4,6,6,4,4,2,4,4,4,4,4,4,6,6,4,4,4,4,4,4,4,4,4,4,2,2,4,4,4,4,4,4,4,2,2,2,2,2,2,4,2,2,2,2,2,2,4,4,4,2,2,2,2,4,4,2,2,2,4,4,4,4,4,2,4,6,6,2,2,4,4,4,4,4,4,4,4,6,6,2,2,2,2,2,2,4,4,4,4,4,4,4,4,4,2,2,2,4,4,2,2,4,4,2,2,2,2,2,2,4,4,2,2,2,2,2,4,4,4,4,4,4,4,2,2,2,2,4,2,2,2,2,2,2,2,2,2,2,2,2,2,2,2,2,2,2,2,2,2,2,2,2,2,2,2,2,2,2,2,2,2,2,2,2,2,2,2,2,2,2,2,2,2,2,2,2,2,2,2,2,2,2,2,2,2,2,2,2,2]",1.0,1.0,1.0,1.0,1.0,0.0,0.0,0.0,0.1618931902486475,1.0,25.631983159569355,0.0063160618217013,1.0,0.0,0.1618931902486475,0.0,0.0,0.0,0.0008094659512432,100,0.01,1.0,149100,15876,17.571312041000056,0.0621121250005671,26.88416166600109,0.9999999137012372,8.629876291355033e-08,0.9999997414160264,1.7259751838860637e-07,0.9999997414160152,1.5546198803263065,0.0004154485838549,3.40394379350073e-13,3.4017233474514796e-13,1e-12,analysis/fermionic_structure_ablation_hgbs5.csv,8.629878522903311e-08,1.0,0.9999997414160267
success,,B-B_1.70_hgbs-5_as-008-010,hamiltonian_generator/hgbs5_diatomic_basis_transfer/night/B-B/1.70/hgbs-5/B-B_1.70_hgbs-5_as-008-010.tensors.npz,B-B,1.7,hgbs-5,8,10,18,831,1491,954,0.6398390342052314,0,signed_parent_within_randomized,6,3968223115,"reference signed-fermionic parent-block order kept fixed and contiguous, but Pauli descendants randomly permuted inside each parent-owned block",0edf71928023a502,8fbf921f4063c25a,"[1,1,1,1,1,1,1,1,1,1,1,1,1,1,1,1,1,1,1,1,1,1,1,1,1,1,1,1,1,1,1,1,1,1,1,1,1,1,1,1,1,1,1,1,1,1,1,1,1,1,1,1,1,1,1,1,1,1,1,1,1,1,1,1,1,1,1,1,1,1,1,1,1,1,1,1,1,1,1,1,1,1,1,1,4,1,1,1,1,1,1,1,1,1,1,1,1,1,1,1,1,1,1,1,1,1,1,4,1,1,1,1,1,1,1,1,1,1,1,1,1,1,1,1,1,1,4,1,1,1,1,1,1,1,1,1,1,1,1,1,1,1,1,1,1,1,1,1,1,1,1,1,1,1,1,1,1,1,1,2,2,1,1,1,1,1,2,4,1,1,1,1,1,1,4,1,1,1,1,4,4,4,4,4,2,2,2,2,4,4,4,2,4,4,2,2,2,2,4,4,4,4,4,4,2,2,2,4,2,2,2,4,2,2,4,2,2,2,4,6,6,2,2,2,2,4,4,4,4,4,4,4,4,4,4,4,4,4,4,4,4,4,4,4,2,2,4,4,4,4,2,4,2,4,4,6,6,4,4,2,4,4,4,4,2,2,4,4,6,6,4,4,4,6,6,4,4,4,4,4,4,4,4,4,4,4,4,4,4,4,4,4,4,4,4,4,6,6,2,2,2,2,6,6,4,4,2,4,2,2,4,4,4,4,4,4,4,2,2,4,4,4,4,6,6,4,4,2,2,4,4,6,6,4,2,2,2,2,4,4,4,2,2,4,2,2,2,2,4,2,2,4,4,4,4,4,4,4,4,4,4,4,2,2,4,4,4,4,2,2,2,2,2,2,2,2,4,2,2,4,2,2,4,4,4,4,4,4,4,4,2,4,4,6,6,4,4,2,4,4,4,4,4,4,6,6,4,4,4,4,4,4,4,4,4,4,2,2,4,4,4,4,4,4,4,2,2,2,2,2,2,4,2,2,2,2,2,2,4,4,4,2,2,2,2,4,4,2,2,2,4,4,4,4,4,2,4,6,6,2,2,4,4,4,4,4,4,4,4,6,6,2,2,2,2,2,2,4,4,4,4,4,4,4,4,4,2,2,2,4,4,2,2,4,4,2,2,2,2,2,2,4,4,2,2,2,2,2,4,4,4,4,4,4,4,2,2,2,2,4,2,2,2,2,2,2,2,2,2,2,2,2,2,2,2,2,2,2,2,2,2,2,2,2,2,2,2,2,2,2,2,2,2,2,2,2,2,2,2,2,2,2,2,2,2,2,2,2,2,2,2,2,2,2,2,2,2,2,2,2,2]",1.0,1.0,1.0,1.0,1.0,0.0,0.0,0.0,0.1618931902486475,1.0,25.631983159569355,0.0063160618217013,1.0,0.0,0.1618931902486475,0.0,0.0,0.0,0.0008094659512432,100,0.01,1.0,149100,15876,17.571312041000056,0.0621121250005671,26.967340958999557,0.9999999137012378,8.62987622474165e-08,0.999999733697102,1.7259751705633877e-07,0.9999997336970904,1.5546198803263016,0.0004154485822515,3.390621117205228e-13,3.390621117205228e-13,1e-12,analysis/fermionic_structure_ablation_hgbs5.csv,8.629878522903311e-08,1.0,0.9999997336971019
success,,B-B_1.70_hgbs-5_as-008-010,hamiltonian_generator/hgbs5_diatomic_basis_transfer/night/B-B/1.70/hgbs-5/B-B_1.70_hgbs-5_as-008-010.tensors.npz,B-B,1.7,hgbs-5,8,10,18,831,1491,954,0.6398390342052314,0,signed_parent_within_randomized,7,479454811,"reference signed-fermionic parent-block order kept fixed and contiguous, but Pauli descendants randomly permuted inside each parent-owned block",0edf71928023a502,e5f2a854f0cb8970,"[1,1,1,1,1,1,1,1,1,1,1,1,1,1,1,1,1,1,1,1,1,1,1,1,1,1,1,1,1,1,1,1,1,1,1,1,1,1,1,1,1,1,1,1,1,1,1,1,1,1,1,1,1,1,1,1,1,1,1,1,1,1,1,1,1,1,1,1,1,1,1,1,1,1,1,1,1,1,1,1,1,1,1,1,4,1,1,1,1,1,1,1,1,1,1,1,1,1,1,1,1,1,1,1,1,1,1,4,1,1,1,1,1,1,1,1,1,1,1,1,1,1,1,1,1,1,4,1,1,1,1,1,1,1,1,1,1,1,1,1,1,1,1,1,1,1,1,1,1,1,1,1,1,1,1,1,1,1,1,2,2,1,1,1,1,1,2,4,1,1,1,1,1,1,4,1,1,1,1,4,4,4,4,4,2,2,2,2,4,4,4,2,4,4,2,2,2,2,4,4,4,4,4,4,2,2,2,4,2,2,2,4,2,2,4,2,2,2,4,6,6,2,2,2,2,4,4,4,4,4,4,4,4,4,4,4,4,4,4,4,4,4,4,4,2,2,4,4,4,4,2,4,2,4,4,6,6,4,4,2,4,4,4,4,2,2,4,4,6,6,4,4,4,6,6,4,4,4,4,4,4,4,4,4,4,4,4,4,4,4,4,4,4,4,4,4,6,6,2,2,2,2,6,6,4,4,2,4,2,2,4,4,4,4,4,4,4,2,2,4,4,4,4,6,6,4,4,2,2,4,4,6,6,4,2,2,2,2,4,4,4,2,2,4,2,2,2,2,4,2,2,4,4,4,4,4,4,4,4,4,4,4,2,2,4,4,4,4,2,2,2,2,2,2,2,2,4,2,2,4,2,2,4,4,4,4,4,4,4,4,2,4,4,6,6,4,4,2,4,4,4,4,4,4,6,6,4,4,4,4,4,4,4,4,4,4,2,2,4,4,4,4,4,4,4,2,2,2,2,2,2,4,2,2,2,2,2,2,4,4,4,2,2,2,2,4,4,2,2,2,4,4,4,4,4,2,4,6,6,2,2,4,4,4,4,4,4,4,4,6,6,2,2,2,2,2,2,4,4,4,4,4,4,4,4,4,2,2,2,4,4,2,2,4,4,2,2,2,2,2,2,4,4,2,2,2,2,2,4,4,4,4,4,4,4,2,2,2,2,4,2,2,2,2,2,2,2,2,2,2,2,2,2,2,2,2,2,2,2,2,2,2,2,2,2,2,2,2,2,2,2,2,2,2,2,2,2,2,2,2,2,2,2,2,2,2,2,2,2,2,2,2,2,2,2,2,2,2,2,2,2]",1.0,1.0,1.0,1.0,1.0,0.0,0.0,0.0,0.1618931902486475,1.0,25.631983159569355,0.0063160618217013,1.0,0.0,0.1618931902486475,0.0,0.0,0.0,0.0008094659512432,100,0.01,1.0,149100,15876,17.571312041000056,0.0621121250005671,27.28343537500041,0.9999999137012358,8.629876424581796e-08,0.9999997568538757,1.7259752105314166e-07,0.9999997568538652,1.554619880326309,0.0004154485870617,3.433919815165609e-13,3.432809592140984e-13,1e-12,analysis/fermionic_structure_ablation_hgbs5.csv,8.629878522903311e-08,1.0,0.9999997568538758
success,,B-B_1.70_hgbs-5_as-008-010,hamiltonian_generator/hgbs5_diatomic_basis_transfer/night/B-B/1.70/hgbs-5/B-B_1.70_hgbs-5_as-008-010.tensors.npz,B-B,1.7,hgbs-5,8,10,18,831,1491,954,0.6398390342052314,0,signed_parent_within_randomized,8,2023404963,"reference signed-fermionic parent-block order kept fixed and contiguous, but Pauli descendants randomly permuted inside each parent-owned block",0edf71928023a502,67a84394fe1e3453,"[1,1,1,1,1,1,1,1,1,1,1,1,1,1,1,1,1,1,1,1,1,1,1,1,1,1,1,1,1,1,1,1,1,1,1,1,1,1,1,1,1,1,1,1,1,1,1,1,1,1,1,1,1,1,1,1,1,1,1,1,1,1,1,1,1,1,1,1,1,1,1,1,1,1,1,1,1,1,1,1,1,1,1,1,4,1,1,1,1,1,1,1,1,1,1,1,1,1,1,1,1,1,1,1,1,1,1,4,1,1,1,1,1,1,1,1,1,1,1,1,1,1,1,1,1,1,4,1,1,1,1,1,1,1,1,1,1,1,1,1,1,1,1,1,1,1,1,1,1,1,1,1,1,1,1,1,1,1,1,2,2,1,1,1,1,1,2,4,1,1,1,1,1,1,4,1,1,1,1,4,4,4,4,4,2,2,2,2,4,4,4,2,4,4,2,2,2,2,4,4,4,4,4,4,2,2,2,4,2,2,2,4,2,2,4,2,2,2,4,6,6,2,2,2,2,4,4,4,4,4,4,4,4,4,4,4,4,4,4,4,4,4,4,4,2,2,4,4,4,4,2,4,2,4,4,6,6,4,4,2,4,4,4,4,2,2,4,4,6,6,4,4,4,6,6,4,4,4,4,4,4,4,4,4,4,4,4,4,4,4,4,4,4,4,4,4,6,6,2,2,2,2,6,6,4,4,2,4,2,2,4,4,4,4,4,4,4,2,2,4,4,4,4,6,6,4,4,2,2,4,4,6,6,4,2,2,2,2,4,4,4,2,2,4,2,2,2,2,4,2,2,4,4,4,4,4,4,4,4,4,4,4,2,2,4,4,4,4,2,2,2,2,2,2,2,2,4,2,2,4,2,2,4,4,4,4,4,4,4,4,2,4,4,6,6,4,4,2,4,4,4,4,4,4,6,6,4,4,4,4,4,4,4,4,4,4,2,2,4,4,4,4,4,4,4,2,2,2,2,2,2,4,2,2,2,2,2,2,4,4,4,2,2,2,2,4,4,2,2,2,4,4,4,4,4,2,4,6,6,2,2,4,4,4,4,4,4,4,4,6,6,2,2,2,2,2,2,4,4,4,4,4,4,4,4,4,2,2,2,4,4,2,2,4,4,2,2,2,2,2,2,4,4,2,2,2,2,2,4,4,4,4,4,4,4,2,2,2,2,4,2,2,2,2,2,2,2,2,2,2,2,2,2,2,2,2,2,2,2,2,2,2,2,2,2,2,2,2,2,2,2,2,2,2,2,2,2,2,2,2,2,2,2,2,2,2,2,2,2,2,2,2,2,2,2,2,2,2,2,2,2]",1.0,1.0,1.0,1.0,1.0,0.0,0.0,0.0,0.1618931902486475,1.0,25.631983159569355,0.0063160618217013,1.0,0.0,0.1618931902486475,0.0,0.0,0.0,0.0008094659512432,100,0.01,1.0,149100,15876,17.571312041000056,0.0621121250005671,27.36097458400036,0.999999913701226,8.629877390475826e-08,0.999999868778282,1.7259754037102226e-07,0.9999998687782764,1.5546198803263072,0.0004154486103112,3.6282088444750116e-13,3.625988398425762e-13,1e-12,analysis/fermionic_structure_ablation_hgbs5.csv,8.629878522903311e-08,1.0,0.9999998687782821
success,,B-B_1.70_hgbs-5_as-008-010,hamiltonian_generator/hgbs5_diatomic_basis_transfer/night/B-B/1.70/hgbs-5/B-B_1.70_hgbs-5_as-008-010.tensors.npz,B-B,1.7,hgbs-5,8,10,18,831,1491,954,0.6398390342052314,0,signed_parent_within_randomized,9,2102686131,"reference signed-fermionic parent-block order kept fixed and contiguous, but Pauli descendants randomly permuted inside each parent-owned block",0edf71928023a502,effacf0142e7a58a,"[1,1,1,1,1,1,1,1,1,1,1,1,1,1,1,1,1,1,1,1,1,1,1,1,1,1,1,1,1,1,1,1,1,1,1,1,1,1,1,1,1,1,1,1,1,1,1,1,1,1,1,1,1,1,1,1,1,1,1,1,1,1,1,1,1,1,1,1,1,1,1,1,1,1,1,1,1,1,1,1,1,1,1,1,4,1,1,1,1,1,1,1,1,1,1,1,1,1,1,1,1,1,1,1,1,1,1,4,1,1,1,1,1,1,1,1,1,1,1,1,1,1,1,1,1,1,4,1,1,1,1,1,1,1,1,1,1,1,1,1,1,1,1,1,1,1,1,1,1,1,1,1,1,1,1,1,1,1,1,2,2,1,1,1,1,1,2,4,1,1,1,1,1,1,4,1,1,1,1,4,4,4,4,4,2,2,2,2,4,4,4,2,4,4,2,2,2,2,4,4,4,4,4,4,2,2,2,4,2,2,2,4,2,2,4,2,2,2,4,6,6,2,2,2,2,4,4,4,4,4,4,4,4,4,4,4,4,4,4,4,4,4,4,4,2,2,4,4,4,4,2,4,2,4,4,6,6,4,4,2,4,4,4,4,2,2,4,4,6,6,4,4,4,6,6,4,4,4,4,4,4,4,4,4,4,4,4,4,4,4,4,4,4,4,4,4,6,6,2,2,2,2,6,6,4,4,2,4,2,2,4,4,4,4,4,4,4,2,2,4,4,4,4,6,6,4,4,2,2,4,4,6,6,4,2,2,2,2,4,4,4,2,2,4,2,2,2,2,4,2,2,4,4,4,4,4,4,4,4,4,4,4,2,2,4,4,4,4,2,2,2,2,2,2,2,2,4,2,2,4,2,2,4,4,4,4,4,4,4,4,2,4,4,6,6,4,4,2,4,4,4,4,4,4,6,6,4,4,4,4,4,4,4,4,4,4,2,2,4,4,4,4,4,4,4,2,2,2,2,2,2,4,2,2,2,2,2,2,4,4,4,2,2,2,2,4,4,2,2,2,4,4,4,4,4,2,4,6,6,2,2,4,4,4,4,4,4,4,4,6,6,2,2,2,2,2,2,4,4,4,4,4,4,4,4,4,2,2,2,4,4,2,2,4,4,2,2,2,2,2,2,4,4,2,2,2,2,2,4,4,4,4,4,4,4,2,2,2,2,4,2,2,2,2,2,2,2,2,2,2,2,2,2,2,2,2,2,2,2,2,2,2,2,2,2,2,2,2,2,2,2,2,2,2,2,2,2,2,2,2,2,2,2,2,2,2,2,2,2,2,2,2,2,2,2,2,2,2,2,2,2]",1.0,1.0,1.0,1.0,1.0,0.0,0.0,0.0,0.1618931902486475,1.0,25.631983159569355,0.0063160618217013,1.0,0.0,0.1618931902486475,0.0,0.0,0.0,0.0008094659512432,100,0.01,1.0,149100,15876,17.571312041000056,0.0621121250005671,27.24873191699953,0.9999999137012232,8.629877668031584e-08,0.999999900940468,1.725975459221374e-07,0.9999999009404636,1.5546198803263034,0.000415448616992,3.6792791036077693e-13,3.678168880583144e-13,1e-12,analysis/fermionic_structure_ablation_hgbs5.csv,8.629878522903311e-08,1.0,0.999999900940468
success,,B-B_1.70_hgbs-5_as-008-010,hamiltonian_generator/hgbs5_diatomic_basis_transfer/night/B-B/1.70/hgbs-5/B-B_1.70_hgbs-5_as-008-010.tensors.npz,B-B,1.7,hgbs-5,8,10,18,831,1491,954,0.6398390342052314,0,signed_parent_within_randomized,10,932184975,"reference signed-fermionic parent-block order kept fixed and contiguous, but Pauli descendants randomly permuted inside each parent-owned block",0edf71928023a502,b88772ccd8463387,"[1,1,1,1,1,1,1,1,1,1,1,1,1,1,1,1,1,1,1,1,1,1,1,1,1,1,1,1,1,1,1,1,1,1,1,1,1,1,1,1,1,1,1,1,1,1,1,1,1,1,1,1,1,1,1,1,1,1,1,1,1,1,1,1,1,1,1,1,1,1,1,1,1,1,1,1,1,1,1,1,1,1,1,1,4,1,1,1,1,1,1,1,1,1,1,1,1,1,1,1,1,1,1,1,1,1,1,4,1,1,1,1,1,1,1,1,1,1,1,1,1,1,1,1,1,1,4,1,1,1,1,1,1,1,1,1,1,1,1,1,1,1,1,1,1,1,1,1,1,1,1,1,1,1,1,1,1,1,1,2,2,1,1,1,1,1,2,4,1,1,1,1,1,1,4,1,1,1,1,4,4,4,4,4,2,2,2,2,4,4,4,2,4,4,2,2,2,2,4,4,4,4,4,4,2,2,2,4,2,2,2,4,2,2,4,2,2,2,4,6,6,2,2,2,2,4,4,4,4,4,4,4,4,4,4,4,4,4,4,4,4,4,4,4,2,2,4,4,4,4,2,4,2,4,4,6,6,4,4,2,4,4,4,4,2,2,4,4,6,6,4,4,4,6,6,4,4,4,4,4,4,4,4,4,4,4,4,4,4,4,4,4,4,4,4,4,6,6,2,2,2,2,6,6,4,4,2,4,2,2,4,4,4,4,4,4,4,2,2,4,4,4,4,6,6,4,4,2,2,4,4,6,6,4,2,2,2,2,4,4,4,2,2,4,2,2,2,2,4,2,2,4,4,4,4,4,4,4,4,4,4,4,2,2,4,4,4,4,2,2,2,2,2,2,2,2,4,2,2,4,2,2,4,4,4,4,4,4,4,4,2,4,4,6,6,4,4,2,4,4,4,4,4,4,6,6,4,4,4,4,4,4,4,4,4,4,2,2,4,4,4,4,4,4,4,2,2,2,2,2,2,4,2,2,2,2,2,2,4,4,4,2,2,2,2,4,4,2,2,2,4,4,4,4,4,2,4,6,6,2,2,4,4,4,4,4,4,4,4,6,6,2,2,2,2,2,2,4,4,4,4,4,4,4,4,4,2,2,2,4,4,2,2,4,4,2,2,2,2,2,2,4,4,2,2,2,2,2,4,4,4,4,4,4,4,2,2,2,2,4,2,2,2,2,2,2,2,2,2,2,2,2,2,2,2,2,2,2,2,2,2,2,2,2,2,2,2,2,2,2,2,2,2,2,2,2,2,2,2,2,2,2,2,2,2,2,2,2,2,2,2,2,2,2,2,2,2,2,2,2,2]",1.0,1.0,1.0,1.0,1.0,0.0,0.0,0.0,0.1618931902486475,1.0,25.631983159569355,0.0063160618217013,1.0,0.0,0.1618931902486475,0.0,0.0,0.0,0.0008094659512432,100,0.01,1.0,149100,15876,17.571312041000056,0.0621121250005671,27.605323124998904,0.9999999137012324,8.629876757648702e-08,0.9999997954484986,1.7259752771447978e-07,0.9999997954484896,1.5546198803263045,0.0004154485950788,3.499422973618494e-13,3.498312750593869e-13,1e-12,analysis/fermionic_structure_ablation_hgbs5.csv,8.629878522903311e-08,1.0,0.9999997954484986
success,,B-B_1.70_hgbs-5_as-008-010,hamiltonian_generator/hgbs5_diatomic_basis_transfer/night/B-B/1.70/hgbs-5/B-B_1.70_hgbs-5_as-008-010.tensors.npz,B-B,1.7,hgbs-5,8,10,18,831,1491,954,0.6398390342052314,0,signed_parent_within_randomized,11,608047809,"reference signed-fermionic parent-block order kept fixed and contiguous, but Pauli descendants randomly permuted inside each parent-owned block",0edf71928023a502,b85b0321dcfab8fc,"[1,1,1,1,1,1,1,1,1,1,1,1,1,1,1,1,1,1,1,1,1,1,1,1,1,1,1,1,1,1,1,1,1,1,1,1,1,1,1,1,1,1,1,1,1,1,1,1,1,1,1,1,1,1,1,1,1,1,1,1,1,1,1,1,1,1,1,1,1,1,1,1,1,1,1,1,1,1,1,1,1,1,1,1,4,1,1,1,1,1,1,1,1,1,1,1,1,1,1,1,1,1,1,1,1,1,1,4,1,1,1,1,1,1,1,1,1,1,1,1,1,1,1,1,1,1,4,1,1,1,1,1,1,1,1,1,1,1,1,1,1,1,1,1,1,1,1,1,1,1,1,1,1,1,1,1,1,1,1,2,2,1,1,1,1,1,2,4,1,1,1,1,1,1,4,1,1,1,1,4,4,4,4,4,2,2,2,2,4,4,4,2,4,4,2,2,2,2,4,4,4,4,4,4,2,2,2,4,2,2,2,4,2,2,4,2,2,2,4,6,6,2,2,2,2,4,4,4,4,4,4,4,4,4,4,4,4,4,4,4,4,4,4,4,2,2,4,4,4,4,2,4,2,4,4,6,6,4,4,2,4,4,4,4,2,2,4,4,6,6,4,4,4,6,6,4,4,4,4,4,4,4,4,4,4,4,4,4,4,4,4,4,4,4,4,4,6,6,2,2,2,2,6,6,4,4,2,4,2,2,4,4,4,4,4,4,4,2,2,4,4,4,4,6,6,4,4,2,2,4,4,6,6,4,2,2,2,2,4,4,4,2,2,4,2,2,2,2,4,2,2,4,4,4,4,4,4,4,4,4,4,4,2,2,4,4,4,4,2,2,2,2,2,2,2,2,4,2,2,4,2,2,4,4,4,4,4,4,4,4,2,4,4,6,6,4,4,2,4,4,4,4,4,4,6,6,4,4,4,4,4,4,4,4,4,4,2,2,4,4,4,4,4,4,4,2,2,2,2,2,2,4,2,2,2,2,2,2,4,4,4,2,2,2,2,4,4,2,2,2,4,4,4,4,4,2,4,6,6,2,2,4,4,4,4,4,4,4,4,6,6,2,2,2,2,2,2,4,4,4,4,4,4,4,4,4,2,2,2,4,4,2,2,4,4,2,2,2,2,2,2,4,4,2,2,2,2,2,4,4,4,4,4,4,4,2,2,2,2,4,2,2,2,2,2,2,2,2,2,2,2,2,2,2,2,2,2,2,2,2,2,2,2,2,2,2,2,2,2,2,2,2,2,2,2,2,2,2,2,2,2,2,2,2,2,2,2,2,2,2,2,2,2,2,2,2,2,2,2,2,2]",1.0,1.0,1.0,1.0,1.0,0.0,0.0,0.0,0.1618931902486475,1.0,25.631983159569355,0.0063160618217013,1.0,0.0,0.1618931902486475,0.0,0.0,0.0,0.0008094659512432,100,0.01,1.0,149100,15876,17.571312041000056,0.0621121250005671,27.294389791000867,0.9999999137012244,8.62987755700928e-08,0.9999998880755936,1.7259754370169136e-07,0.9999998880755888,1.5546198803263018,0.0004154486143197,3.659295089164516e-13,3.6581848661398913e-13,1e-12,analysis/fermionic_structure_ablation_hgbs5.csv,8.629878522903311e-08,1.0,0.9999998880755936
success,,B-B_1.70_hgbs-5_as-008-010,hamiltonian_generator/hgbs5_diatomic_basis_transfer/night/B-B/1.70/hgbs-5/B-B_1.70_hgbs-5_as-008-010.tensors.npz,B-B,1.7,hgbs-5,8,10,18,831,1491,954,0.6398390342052314,0,signed_parent_within_randomized,12,3992536508,"reference signed-fermionic parent-block order kept fixed and contiguous, but Pauli descendants randomly permuted inside each parent-owned block",0edf71928023a502,688905799c7924bd,"[1,1,1,1,1,1,1,1,1,1,1,1,1,1,1,1,1,1,1,1,1,1,1,1,1,1,1,1,1,1,1,1,1,1,1,1,1,1,1,1,1,1,1,1,1,1,1,1,1,1,1,1,1,1,1,1,1,1,1,1,1,1,1,1,1,1,1,1,1,1,1,1,1,1,1,1,1,1,1,1,1,1,1,1,4,1,1,1,1,1,1,1,1,1,1,1,1,1,1,1,1,1,1,1,1,1,1,4,1,1,1,1,1,1,1,1,1,1,1,1,1,1,1,1,1,1,4,1,1,1,1,1,1,1,1,1,1,1,1,1,1,1,1,1,1,1,1,1,1,1,1,1,1,1,1,1,1,1,1,2,2,1,1,1,1,1,2,4,1,1,1,1,1,1,4,1,1,1,1,4,4,4,4,4,2,2,2,2,4,4,4,2,4,4,2,2,2,2,4,4,4,4,4,4,2,2,2,4,2,2,2,4,2,2,4,2,2,2,4,6,6,2,2,2,2,4,4,4,4,4,4,4,4,4,4,4,4,4,4,4,4,4,4,4,2,2,4,4,4,4,2,4,2,4,4,6,6,4,4,2,4,4,4,4,2,2,4,4,6,6,4,4,4,6,6,4,4,4,4,4,4,4,4,4,4,4,4,4,4,4,4,4,4,4,4,4,6,6,2,2,2,2,6,6,4,4,2,4,2,2,4,4,4,4,4,4,4,2,2,4,4,4,4,6,6,4,4,2,2,4,4,6,6,4,2,2,2,2,4,4,4,2,2,4,2,2,2,2,4,2,2,4,4,4,4,4,4,4,4,4,4,4,2,2,4,4,4,4,2,2,2,2,2,2,2,2,4,2,2,4,2,2,4,4,4,4,4,4,4,4,2,4,4,6,6,4,4,2,4,4,4,4,4,4,6,6,4,4,4,4,4,4,4,4,4,4,2,2,4,4,4,4,4,4,4,2,2,2,2,2,2,4,2,2,2,2,2,2,4,4,4,2,2,2,2,4,4,2,2,2,4,4,4,4,4,2,4,6,6,2,2,4,4,4,4,4,4,4,4,6,6,2,2,2,2,2,2,4,4,4,4,4,4,4,4,4,2,2,2,4,4,2,2,4,4,2,2,2,2,2,2,4,4,2,2,2,2,2,4,4,4,4,4,4,4,2,2,2,2,4,2,2,2,2,2,2,2,2,2,2,2,2,2,2,2,2,2,2,2,2,2,2,2,2,2,2,2,2,2,2,2,2,2,2,2,2,2,2,2,2,2,2,2,2,2,2,2,2,2,2,2,2,2,2,2,2,2,2,2,2,2]",1.0,1.0,1.0,1.0,1.0,0.0,0.0,0.0,0.1618931902486475,1.0,25.631983159569355,0.0063160618217013,1.0,0.0,0.1618931902486475,0.0,0.0,0.0,0.0008094659512432,100,0.01,1.0,149100,15876,17.571312041000056,0.0621121250005671,27.489198584000405,0.9999999137012352,8.629876468990717e-08,0.9999997619998252,1.7259752194132005e-07,0.9999997619998152,1.5546198803263034,0.0004154485881307,3.4416913763379853e-13,3.44058115331336e-13,1e-12,analysis/fermionic_structure_ablation_hgbs5.csv,8.629878522903311e-08,1.0,0.9999997619998255
success,,B-B_1.70_hgbs-5_as-008-010,hamiltonian_generator/hgbs5_diatomic_basis_transfer/night/B-B/1.70/hgbs-5/B-B_1.70_hgbs-5_as-008-010.tensors.npz,B-B,1.7,hgbs-5,8,10,18,831,1491,954,0.6398390342052314,0,signed_parent_within_randomized,13,3886634399,"reference signed-fermionic parent-block order kept fixed and contiguous, but Pauli descendants randomly permuted inside each parent-owned block",0edf71928023a502,e5a679b0da37003c,"[1,1,1,1,1,1,1,1,1,1,1,1,1,1,1,1,1,1,1,1,1,1,1,1,1,1,1,1,1,1,1,1,1,1,1,1,1,1,1,1,1,1,1,1,1,1,1,1,1,1,1,1,1,1,1,1,1,1,1,1,1,1,1,1,1,1,1,1,1,1,1,1,1,1,1,1,1,1,1,1,1,1,1,1,4,1,1,1,1,1,1,1,1,1,1,1,1,1,1,1,1,1,1,1,1,1,1,4,1,1,1,1,1,1,1,1,1,1,1,1,1,1,1,1,1,1,4,1,1,1,1,1,1,1,1,1,1,1,1,1,1,1,1,1,1,1,1,1,1,1,1,1,1,1,1,1,1,1,1,2,2,1,1,1,1,1,2,4,1,1,1,1,1,1,4,1,1,1,1,4,4,4,4,4,2,2,2,2,4,4,4,2,4,4,2,2,2,2,4,4,4,4,4,4,2,2,2,4,2,2,2,4,2,2,4,2,2,2,4,6,6,2,2,2,2,4,4,4,4,4,4,4,4,4,4,4,4,4,4,4,4,4,4,4,2,2,4,4,4,4,2,4,2,4,4,6,6,4,4,2,4,4,4,4,2,2,4,4,6,6,4,4,4,6,6,4,4,4,4,4,4,4,4,4,4,4,4,4,4,4,4,4,4,4,4,4,6,6,2,2,2,2,6,6,4,4,2,4,2,2,4,4,4,4,4,4,4,2,2,4,4,4,4,6,6,4,4,2,2,4,4,6,6,4,2,2,2,2,4,4,4,2,2,4,2,2,2,2,4,2,2,4,4,4,4,4,4,4,4,4,4,4,2,2,4,4,4,4,2,2,2,2,2,2,2,2,4,2,2,4,2,2,4,4,4,4,4,4,4,4,2,4,4,6,6,4,4,2,4,4,4,4,4,4,6,6,4,4,4,4,4,4,4,4,4,4,2,2,4,4,4,4,4,4,4,2,2,2,2,2,2,4,2,2,2,2,2,2,4,4,4,2,2,2,2,4,4,2,2,2,4,4,4,4,4,2,4,6,6,2,2,4,4,4,4,4,4,4,4,6,6,2,2,2,2,2,2,4,4,4,4,4,4,4,4,4,2,2,2,4,4,2,2,4,4,2,2,2,2,2,2,4,4,2,2,2,2,2,4,4,4,4,4,4,4,2,2,2,2,4,2,2,2,2,2,2,2,2,2,2,2,2,2,2,2,2,2,2,2,2,2,2,2,2,2,2,2,2,2,2,2,2,2,2,2,2,2,2,2,2,2,2,2,2,2,2,2,2,2,2,2,2,2,2,2,2,2,2,2,2,2]",1.0,1.0,1.0,1.0,1.0,0.0,0.0,0.0,0.1618931902486475,1.0,25.631983159569355,0.0063160618217013,1.0,0.0,0.1618931902486475,0.0,0.0,0.0,0.0008094659512432,100,0.01,1.0,149100,15876,17.571312041000056,0.0621121250005671,27.303972124998836,0.9999999137012332,8.629876691035322e-08,0.999999787729574,1.7259752638221218e-07,0.9999997877295648,1.5546198803263014,0.0004154485934754,3.486100297322992e-13,3.482769628249116e-13,1e-12,analysis/fermionic_structure_ablation_hgbs5.csv,8.629878522903311e-08,1.0,0.9999997877295741
success,,B-B_1.70_hgbs-5_as-008-010,hamiltonian_generator/hgbs5_diatomic_basis_transfer/night/B-B/1.70/hgbs-5/B-B_1.70_hgbs-5_as-008-010.tensors.npz,B-B,1.7,hgbs-5,8,10,18,831,1491,954,0.6398390342052314,0,signed_parent_within_randomized,14,533005137,"reference signed-fermionic parent-block order kept fixed and contiguous, but Pauli descendants randomly permuted inside each parent-owned block",0edf71928023a502,e68cce1861597931,"[1,1,1,1,1,1,1,1,1,1,1,1,1,1,1,1,1,1,1,1,1,1,1,1,1,1,1,1,1,1,1,1,1,1,1,1,1,1,1,1,1,1,1,1,1,1,1,1,1,1,1,1,1,1,1,1,1,1,1,1,1,1,1,1,1,1,1,1,1,1,1,1,1,1,1,1,1,1,1,1,1,1,1,1,4,1,1,1,1,1,1,1,1,1,1,1,1,1,1,1,1,1,1,1,1,1,1,4,1,1,1,1,1,1,1,1,1,1,1,1,1,1,1,1,1,1,4,1,1,1,1,1,1,1,1,1,1,1,1,1,1,1,1,1,1,1,1,1,1,1,1,1,1,1,1,1,1,1,1,2,2,1,1,1,1,1,2,4,1,1,1,1,1,1,4,1,1,1,1,4,4,4,4,4,2,2,2,2,4,4,4,2,4,4,2,2,2,2,4,4,4,4,4,4,2,2,2,4,2,2,2,4,2,2,4,2,2,2,4,6,6,2,2,2,2,4,4,4,4,4,4,4,4,4,4,4,4,4,4,4,4,4,4,4,2,2,4,4,4,4,2,4,2,4,4,6,6,4,4,2,4,4,4,4,2,2,4,4,6,6,4,4,4,6,6,4,4,4,4,4,4,4,4,4,4,4,4,4,4,4,4,4,4,4,4,4,6,6,2,2,2,2,6,6,4,4,2,4,2,2,4,4,4,4,4,4,4,2,2,4,4,4,4,6,6,4,4,2,2,4,4,6,6,4,2,2,2,2,4,4,4,2,2,4,2,2,2,2,4,2,2,4,4,4,4,4,4,4,4,4,4,4,2,2,4,4,4,4,2,2,2,2,2,2,2,2,4,2,2,4,2,2,4,4,4,4,4,4,4,4,2,4,4,6,6,4,4,2,4,4,4,4,4,4,6,6,4,4,4,4,4,4,4,4,4,4,2,2,4,4,4,4,4,4,4,2,2,2,2,2,2,4,2,2,2,2,2,2,4,4,4,2,2,2,2,4,4,2,2,2,4,4,4,4,4,2,4,6,6,2,2,4,4,4,4,4,4,4,4,6,6,2,2,2,2,2,2,4,4,4,4,4,4,4,4,4,2,2,2,4,4,2,2,4,4,2,2,2,2,2,2,4,4,2,2,2,2,2,4,4,4,4,4,4,4,2,2,2,2,4,2,2,2,2,2,2,2,2,2,2,2,2,2,2,2,2,2,2,2,2,2,2,2,2,2,2,2,2,2,2,2,2,2,2,2,2,2,2,2,2,2,2,2,2,2,2,2,2,2,2,2,2,2,2,2,2,2,2,2,2,2]",1.0,1.0,1.0,1.0,1.0,0.0,0.0,0.0,0.1618931902486475,1.0,25.631983159569355,0.0063160618217013,1.0,0.0,0.1618931902486475,0.0,0.0,0.0,0.0008094659512432,100,0.01,1.0,149100,15876,17.571312041000056,0.0621121250005671,27.22651579100057,0.999999913701241,8.629875902776973e-08,0.9999996963889664,1.725975106170452e-07,0.9999996963889534,1.5546198803263094,0.0004154485745017,3.3295588508508445e-13,3.3284486278262193e-13,1e-12,analysis/fermionic_structure_ablation_hgbs5.csv,8.629878522903311e-08,1.0,0.9999996963889664
success,,B-B_1.70_hgbs-5_as-008-010,hamiltonian_generator/hgbs5_diatomic_basis_transfer/night/B-B/1.70/hgbs-5/B-B_1.70_hgbs-5_as-008-010.tensors.npz,B-B,1.7,hgbs-5,8,10,18,831,1491,954,0.6398390342052314,0,signed_parent_within_randomized,15,3484622380,"reference signed-fermionic parent-block order kept fixed and contiguous, but Pauli descendants randomly permuted inside each parent-owned block",0edf71928023a502,ebe261880767725d,"[1,1,1,1,1,1,1,1,1,1,1,1,1,1,1,1,1,1,1,1,1,1,1,1,1,1,1,1,1,1,1,1,1,1,1,1,1,1,1,1,1,1,1,1,1,1,1,1,1,1,1,1,1,1,1,1,1,1,1,1,1,1,1,1,1,1,1,1,1,1,1,1,1,1,1,1,1,1,1,1,1,1,1,1,4,1,1,1,1,1,1,1,1,1,1,1,1,1,1,1,1,1,1,1,1,1,1,4,1,1,1,1,1,1,1,1,1,1,1,1,1,1,1,1,1,1,4,1,1,1,1,1,1,1,1,1,1,1,1,1,1,1,1,1,1,1,1,1,1,1,1,1,1,1,1,1,1,1,1,2,2,1,1,1,1,1,2,4,1,1,1,1,1,1,4,1,1,1,1,4,4,4,4,4,2,2,2,2,4,4,4,2,4,4,2,2,2,2,4,4,4,4,4,4,2,2,2,4,2,2,2,4,2,2,4,2,2,2,4,6,6,2,2,2,2,4,4,4,4,4,4,4,4,4,4,4,4,4,4,4,4,4,4,4,2,2,4,4,4,4,2,4,2,4,4,6,6,4,4,2,4,4,4,4,2,2,4,4,6,6,4,4,4,6,6,4,4,4,4,4,4,4,4,4,4,4,4,4,4,4,4,4,4,4,4,4,6,6,2,2,2,2,6,6,4,4,2,4,2,2,4,4,4,4,4,4,4,2,2,4,4,4,4,6,6,4,4,2,2,4,4,6,6,4,2,2,2,2,4,4,4,2,2,4,2,2,2,2,4,2,2,4,4,4,4,4,4,4,4,4,4,4,2,2,4,4,4,4,2,2,2,2,2,2,2,2,4,2,2,4,2,2,4,4,4,4,4,4,4,4,2,4,4,6,6,4,4,2,4,4,4,4,4,4,6,6,4,4,4,4,4,4,4,4,4,4,2,2,4,4,4,4,4,4,4,2,2,2,2,2,2,4,2,2,2,2,2,2,4,4,4,2,2,2,2,4,4,2,2,2,4,4,4,4,4,2,4,6,6,2,2,4,4,4,4,4,4,4,4,6,6,2,2,2,2,2,2,4,4,4,4,4,4,4,4,4,2,2,2,4,4,2,2,4,4,2,2,2,2,2,2,4,4,2,2,2,2,2,4,4,4,4,4,4,4,2,2,2,2,4,2,2,2,2,2,2,2,2,2,2,2,2,2,2,2,2,2,2,2,2,2,2,2,2,2,2,2,2,2,2,2,2,2,2,2,2,2,2,2,2,2,2,2,2,2,2,2,2,2,2,2,2,2,2,2,2,2,2,2,2,2]",1.0,1.0,1.0,1.0,1.0,0.0,0.0,0.0,0.1618931902486475,1.0,25.631983159569355,0.0063160618217013,1.0,0.0,0.1618931902486475,0.0,0.0,0.0,0.0008094659512432,100,0.01,1.0,149100,15876,17.571312041000056,0.0621121250005671,27.215178542001013,0.9999999137012392,8.629876080412657e-08,0.9999997169727652,1.725975141697589e-07,0.9999997169727532,1.5546198803263,0.0004154485787775,3.3673064336881e-13,3.36508598763885e-13,1e-12,analysis/fermionic_structure_ablation_hgbs5.csv,8.629878522903311e-08,1.0,0.9999997169727652
success,,B-B_1.70_hgbs-5_as-008-010,hamiltonian_generator/hgbs5_diatomic_basis_transfer/night/B-B/1.70/hgbs-5/B-B_1.70_hgbs-5_as-008-010.tensors.npz,B-B,1.7,hgbs-5,8,10,18,831,1491,954,0.6398390342052314,0,signed_parent_within_randomized,16,3544442657,"reference signed-fermionic parent-block order kept fixed and contiguous, but Pauli descendants randomly permuted inside each parent-owned block",0edf71928023a502,0ff3d922d000b001,"[1,1,1,1,1,1,1,1,1,1,1,1,1,1,1,1,1,1,1,1,1,1,1,1,1,1,1,1,1,1,1,1,1,1,1,1,1,1,1,1,1,1,1,1,1,1,1,1,1,1,1,1,1,1,1,1,1,1,1,1,1,1,1,1,1,1,1,1,1,1,1,1,1,1,1,1,1,1,1,1,1,1,1,1,4,1,1,1,1,1,1,1,1,1,1,1,1,1,1,1,1,1,1,1,1,1,1,4,1,1,1,1,1,1,1,1,1,1,1,1,1,1,1,1,1,1,4,1,1,1,1,1,1,1,1,1,1,1,1,1,1,1,1,1,1,1,1,1,1,1,1,1,1,1,1,1,1,1,1,2,2,1,1,1,1,1,2,4,1,1,1,1,1,1,4,1,1,1,1,4,4,4,4,4,2,2,2,2,4,4,4,2,4,4,2,2,2,2,4,4,4,4,4,4,2,2,2,4,2,2,2,4,2,2,4,2,2,2,4,6,6,2,2,2,2,4,4,4,4,4,4,4,4,4,4,4,4,4,4,4,4,4,4,4,2,2,4,4,4,4,2,4,2,4,4,6,6,4,4,2,4,4,4,4,2,2,4,4,6,6,4,4,4,6,6,4,4,4,4,4,4,4,4,4,4,4,4,4,4,4,4,4,4,4,4,4,6,6,2,2,2,2,6,6,4,4,2,4,2,2,4,4,4,4,4,4,4,2,2,4,4,4,4,6,6,4,4,2,2,4,4,6,6,4,2,2,2,2,4,4,4,2,2,4,2,2,2,2,4,2,2,4,4,4,4,4,4,4,4,4,4,4,2,2,4,4,4,4,2,2,2,2,2,2,2,2,4,2,2,4,2,2,4,4,4,4,4,4,4,4,2,4,4,6,6,4,4,2,4,4,4,4,4,4,6,6,4,4,4,4,4,4,4,4,4,4,2,2,4,4,4,4,4,4,4,2,2,2,2,2,2,4,2,2,2,2,2,2,4,4,4,2,2,2,2,4,4,2,2,2,4,4,4,4,4,2,4,6,6,2,2,4,4,4,4,4,4,4,4,6,6,2,2,2,2,2,2,4,4,4,4,4,4,4,4,4,2,2,2,4,4,2,2,4,4,2,2,2,2,2,2,4,4,2,2,2,2,2,4,4,4,4,4,4,4,2,2,2,2,4,2,2,2,2,2,2,2,2,2,2,2,2,2,2,2,2,2,2,2,2,2,2,2,2,2,2,2,2,2,2,2,2,2,2,2,2,2,2,2,2,2,2,2,2,2,2,2,2,2,2,2,2,2,2,2,2,2,2,2,2,2]",1.0,1.0,1.0,1.0,1.0,0.0,0.0,0.0,0.1618931902486475,1.0,25.631983159569355,0.0063160618217013,1.0,0.0,0.1618931902486475,0.0,0.0,0.0,0.0008094659512432,100,0.01,1.0,149100,15876,17.571312041000056,0.0621121250005671,26.599312333000853,0.9999999137012364,8.629876369070645e-08,0.9999997504214384,1.725975199429186e-07,0.9999997504214276,1.5546198803262996,0.0004154485857256,3.419486915845482e-13,3.418376692820857e-13,1e-12,analysis/fermionic_structure_ablation_hgbs5.csv,8.629878522903311e-08,1.0,0.9999997504214386
success,,B-B_1.70_hgbs-5_as-008-010,hamiltonian_generator/hgbs5_diatomic_basis_transfer/night/B-B/1.70/hgbs-5/B-B_1.70_hgbs-5_as-008-010.tensors.npz,B-B,1.7,hgbs-5,8,10,18,831,1491,954,0.6398390342052314,0,signed_parent_within_randomized,17,2943833286,"reference signed-fermionic parent-block order kept fixed and contiguous, but Pauli descendants randomly permuted inside each parent-owned block",0edf71928023a502,a7dba92337882138,"[1,1,1,1,1,1,1,1,1,1,1,1,1,1,1,1,1,1,1,1,1,1,1,1,1,1,1,1,1,1,1,1,1,1,1,1,1,1,1,1,1,1,1,1,1,1,1,1,1,1,1,1,1,1,1,1,1,1,1,1,1,1,1,1,1,1,1,1,1,1,1,1,1,1,1,1,1,1,1,1,1,1,1,1,4,1,1,1,1,1,1,1,1,1,1,1,1,1,1,1,1,1,1,1,1,1,1,4,1,1,1,1,1,1,1,1,1,1,1,1,1,1,1,1,1,1,4,1,1,1,1,1,1,1,1,1,1,1,1,1,1,1,1,1,1,1,1,1,1,1,1,1,1,1,1,1,1,1,1,2,2,1,1,1,1,1,2,4,1,1,1,1,1,1,4,1,1,1,1,4,4,4,4,4,2,2,2,2,4,4,4,2,4,4,2,2,2,2,4,4,4,4,4,4,2,2,2,4,2,2,2,4,2,2,4,2,2,2,4,6,6,2,2,2,2,4,4,4,4,4,4,4,4,4,4,4,4,4,4,4,4,4,4,4,2,2,4,4,4,4,2,4,2,4,4,6,6,4,4,2,4,4,4,4,2,2,4,4,6,6,4,4,4,6,6,4,4,4,4,4,4,4,4,4,4,4,4,4,4,4,4,4,4,4,4,4,6,6,2,2,2,2,6,6,4,4,2,4,2,2,4,4,4,4,4,4,4,2,2,4,4,4,4,6,6,4,4,2,2,4,4,6,6,4,2,2,2,2,4,4,4,2,2,4,2,2,2,2,4,2,2,4,4,4,4,4,4,4,4,4,4,4,2,2,4,4,4,4,2,2,2,2,2,2,2,2,4,2,2,4,2,2,4,4,4,4,4,4,4,4,2,4,4,6,6,4,4,2,4,4,4,4,4,4,6,6,4,4,4,4,4,4,4,4,4,4,2,2,4,4,4,4,4,4,4,2,2,2,2,2,2,4,2,2,2,2,2,2,4,4,4,2,2,2,2,4,4,2,2,2,4,4,4,4,4,2,4,6,6,2,2,4,4,4,4,4,4,4,4,6,6,2,2,2,2,2,2,4,4,4,4,4,4,4,4,4,2,2,2,4,4,2,2,4,4,2,2,2,2,2,2,4,4,2,2,2,2,2,4,4,4,4,4,4,4,2,2,2,2,4,2,2,2,2,2,2,2,2,2,2,2,2,2,2,2,2,2,2,2,2,2,2,2,2,2,2,2,2,2,2,2,2,2,2,2,2,2,2,2,2,2,2,2,2,2,2,2,2,2,2,2,2,2,2,2,2,2,2,2,2,2]",1.0,1.0,1.0,1.0,1.0,0.0,0.0,0.0,0.1618931902486475,1.0,25.631983159569355,0.0063160618217013,1.0,0.0,0.1618931902486475,0.0,0.0,0.0,0.0008094659512432,100,0.01,1.0,149100,15876,17.571312041000056,0.0621121250005671,26.746918457998618,0.999999913701236,8.629876413479566e-08,0.9999997555673882,1.7259752083109706e-07,0.9999997555673776,1.5546198803263025,0.0004154485867945,3.432809592140984e-13,3.4305891460917337e-13,1e-12,analysis/fermionic_structure_ablation_hgbs5.csv,8.629878522903311e-08,1.0,0.9999997555673884
success,,B-B_1.70_hgbs-5_as-008-010,hamiltonian_generator/hgbs5_diatomic_basis_transfer/night/B-B/1.70/hgbs-5/B-B_1.70_hgbs-5_as-008-010.tensors.npz,B-B,1.7,hgbs-5,8,10,18,831,1491,954,0.6398390342052314,0,signed_parent_within_randomized,18,274027474,"reference signed-fermionic parent-block order kept fixed and contiguous, but Pauli descendants randomly permuted inside each parent-owned block",0edf71928023a502,cfe33207453fb5f7,"[1,1,1,1,1,1,1,1,1,1,1,1,1,1,1,1,1,1,1,1,1,1,1,1,1,1,1,1,1,1,1,1,1,1,1,1,1,1,1,1,1,1,1,1,1,1,1,1,1,1,1,1,1,1,1,1,1,1,1,1,1,1,1,1,1,1,1,1,1,1,1,1,1,1,1,1,1,1,1,1,1,1,1,1,4,1,1,1,1,1,1,1,1,1,1,1,1,1,1,1,1,1,1,1,1,1,1,4,1,1,1,1,1,1,1,1,1,1,1,1,1,1,1,1,1,1,4,1,1,1,1,1,1,1,1,1,1,1,1,1,1,1,1,1,1,1,1,1,1,1,1,1,1,1,1,1,1,1,1,2,2,1,1,1,1,1,2,4,1,1,1,1,1,1,4,1,1,1,1,4,4,4,4,4,2,2,2,2,4,4,4,2,4,4,2,2,2,2,4,4,4,4,4,4,2,2,2,4,2,2,2,4,2,2,4,2,2,2,4,6,6,2,2,2,2,4,4,4,4,4,4,4,4,4,4,4,4,4,4,4,4,4,4,4,2,2,4,4,4,4,2,4,2,4,4,6,6,4,4,2,4,4,4,4,2,2,4,4,6,6,4,4,4,6,6,4,4,4,4,4,4,4,4,4,4,4,4,4,4,4,4,4,4,4,4,4,6,6,2,2,2,2,6,6,4,4,2,4,2,2,4,4,4,4,4,4,4,2,2,4,4,4,4,6,6,4,4,2,2,4,4,6,6,4,2,2,2,2,4,4,4,2,2,4,2,2,2,2,4,2,2,4,4,4,4,4,4,4,4,4,4,4,2,2,4,4,4,4,2,2,2,2,2,2,2,2,4,2,2,4,2,2,4,4,4,4,4,4,4,4,2,4,4,6,6,4,4,2,4,4,4,4,4,4,6,6,4,4,4,4,4,4,4,4,4,4,2,2,4,4,4,4,4,4,4,2,2,2,2,2,2,4,2,2,2,2,2,2,4,4,4,2,2,2,2,4,4,2,2,2,4,4,4,4,4,2,4,6,6,2,2,4,4,4,4,4,4,4,4,6,6,2,2,2,2,2,2,4,4,4,4,4,4,4,4,4,2,2,2,4,4,2,2,4,4,2,2,2,2,2,2,4,4,2,2,2,2,2,4,4,4,4,4,4,4,2,2,2,2,4,2,2,2,2,2,2,2,2,2,2,2,2,2,2,2,2,2,2,2,2,2,2,2,2,2,2,2,2,2,2,2,2,2,2,2,2,2,2,2,2,2,2,2,2,2,2,2,2,2,2,2,2,2,2,2,2,2,2,2,2,2]",1.0,1.0,1.0,1.0,1.0,0.0,0.0,0.0,0.1618931902486475,1.0,25.631983159569355,0.0063160618217013,1.0,0.0,0.1618931902486475,0.0,0.0,0.0,0.0008094659512432,100,0.01,1.0,149100,15876,17.571312041000056,0.0621121250005671,26.890675374999773,0.999999913701229,8.62987710181784e-08,0.9999998353296088,1.7259753459786253e-07,0.9999998353296018,1.554619880326305,0.0004154486033631,3.568256801145253e-13,3.567146578120628e-13,1e-12,analysis/fermionic_structure_ablation_hgbs5.csv,8.629878522903311e-08,1.0,0.9999998353296089
success,,B-B_1.70_hgbs-5_as-008-010,hamiltonian_generator/hgbs5_diatomic_basis_transfer/night/B-B/1.70/hgbs-5/B-B_1.70_hgbs-5_as-008-010.tensors.npz,B-B,1.7,hgbs-5,8,10,18,831,1491,954,0.6398390342052314,0,signed_parent_within_randomized,19,2167124840,"reference signed-fermionic parent-block order kept fixed and contiguous, but Pauli descendants randomly permuted inside each parent-owned block",0edf71928023a502,a19c157ab46ccaa2,"[1,1,1,1,1,1,1,1,1,1,1,1,1,1,1,1,1,1,1,1,1,1,1,1,1,1,1,1,1,1,1,1,1,1,1,1,1,1,1,1,1,1,1,1,1,1,1,1,1,1,1,1,1,1,1,1,1,1,1,1,1,1,1,1,1,1,1,1,1,1,1,1,1,1,1,1,1,1,1,1,1,1,1,1,4,1,1,1,1,1,1,1,1,1,1,1,1,1,1,1,1,1,1,1,1,1,1,4,1,1,1,1,1,1,1,1,1,1,1,1,1,1,1,1,1,1,4,1,1,1,1,1,1,1,1,1,1,1,1,1,1,1,1,1,1,1,1,1,1,1,1,1,1,1,1,1,1,1,1,2,2,1,1,1,1,1,2,4,1,1,1,1,1,1,4,1,1,1,1,4,4,4,4,4,2,2,2,2,4,4,4,2,4,4,2,2,2,2,4,4,4,4,4,4,2,2,2,4,2,2,2,4,2,2,4,2,2,2,4,6,6,2,2,2,2,4,4,4,4,4,4,4,4,4,4,4,4,4,4,4,4,4,4,4,2,2,4,4,4,4,2,4,2,4,4,6,6,4,4,2,4,4,4,4,2,2,4,4,6,6,4,4,4,6,6,4,4,4,4,4,4,4,4,4,4,4,4,4,4,4,4,4,4,4,4,4,6,6,2,2,2,2,6,6,4,4,2,4,2,2,4,4,4,4,4,4,4,2,2,4,4,4,4,6,6,4,4,2,2,4,4,6,6,4,2,2,2,2,4,4,4,2,2,4,2,2,2,2,4,2,2,4,4,4,4,4,4,4,4,4,4,4,2,2,4,4,4,4,2,2,2,2,2,2,2,2,4,2,2,4,2,2,4,4,4,4,4,4,4,4,2,4,4,6,6,4,4,2,4,4,4,4,4,4,6,6,4,4,4,4,4,4,4,4,4,4,2,2,4,4,4,4,4,4,4,2,2,2,2,2,2,4,2,2,2,2,2,2,4,4,4,2,2,2,2,4,4,2,2,2,4,4,4,4,4,2,4,6,6,2,2,4,4,4,4,4,4,4,4,6,6,2,2,2,2,2,2,4,4,4,4,4,4,4,4,4,2,2,2,4,4,2,2,4,4,2,2,2,2,2,2,4,4,2,2,2,2,2,4,4,4,4,4,4,4,2,2,2,2,4,2,2,2,2,2,2,2,2,2,2,2,2,2,2,2,2,2,2,2,2,2,2,2,2,2,2,2,2,2,2,2,2,2,2,2,2,2,2,2,2,2,2,2,2,2,2,2,2,2,2,2,2,2,2,2,2,2,2,2,2,2]",1.0,1.0,1.0,1.0,1.0,0.0,0.0,0.0,0.1618931902486475,1.0,25.631983159569355,0.0063160618217013,1.0,0.0,0.1618931902486475,0.0,0.0,0.0,0.0008094659512432,100,0.01,1.0,149100,15876,17.571312041000056,0.0621121250005671,27.2068558330011,0.999999913701216,8.62987840077878e-08,0.9999999858486384,1.725975605770813e-07,0.9999999858486376,1.5546198803263045,0.0004154486346295,3.83026943495679e-13,3.82804898890754e-13,1e-12,analysis/fermionic_structure_ablation_hgbs5.csv,8.629878522903311e-08,1.0,0.9999999858486385
success,,Be-Be_2.04_hgbs-5_as-008-012,hamiltonian_generator/hgbs5_diatomic_basis_transfer/night/Be-Be/2.04/hgbs-5/Be-Be_2.04_hgbs-5_as-008-012.tensors.npz,Be-Be,2.04,hgbs-5,8,12,20,1580,2950,2296,0.7783050847457628,0,fermionic_magnitude_reference,-1,-1,complete Hermitian fermionic terms ordered by decreasing absolute canonical coefficient magnitude; final combined JW Pauli order induced by first occurrence,95c971a3bc6bd3a4,ac085e47df3d997f,"[1,1,1,1,1,1,1,1,1,1,1,1,1,1,1,1,1,1,4,1,1,1,1,1,1,1,1,1,1,1,1,1,1,1,1,1,1,1,1,1,1,1,1,1,1,1,1,1,1,1,1,1,1,1,1,1,1,1,1,1,1,1,1,1,1,1,1,1,1,1,1,1,1,1,1,1,1,1,1,1,1,1,1,1,2,2,1,1,1,1,1,1,1,1,2,2,1,1,1,1,1,1,1,1,1,1,1,1,1,1,1,1,1,1,1,1,1,1,1,1,1,1,1,1,1,1,1,1,1,1,1,1,1,1,1,1,1,1,1,1,1,1,1,1,1,1,1,1,1,1,1,1,1,1,1,1,4,1,1,1,1,1,1,1,1,1,1,1,1,1,1,1,1,1,1,1,1,4,4,2,1,1,1,1,1,1,1,1,1,1,1,1,1,1,1,1,1,1,1,1,1,1,1,1,1,1,1,1,1,1,1,2,2,2,1,1,4,1,1,1,1,1,1,4,4,2,4,4,4,2,2,4,2,2,2,2,4,2,2,2,2,4,4,2,2,2,2,2,2,2,2,2,2,4,2,2,2,2,2,2,4,4,4,4,4,4,4,4,2,4,4,6,6,6,6,4,4,4,4,4,4,4,4,4,4,4,6,6,4,4,4,4,4,6,6,6,6,4,4,4,4,2,2,2,4,4,6,6,4,4,6,6,6,6,4,4,4,4,4,4,2,2,2,2,6,6,4,2,2,2,2,2,2,4,4,2,2,6,6,4,4,4,4,4,4,4,4,4,4,4,4,4,4,4,4,4,4,4,4,4,4,4,4,4,4,6,6,4,4,4,6,6,4,4,4,4,4,4,4,4,4,4,4,2,2,2,2,4,4,4,4,4,4,2,2,4,4,4,4,2,2,2,2,4,4,4,4,4,4,4,4,4,4,4,4,4,4,4,4,4,4,4,4,4,4,4,4,4,4,4,4,4,2,2,2,2,2,2,2,2,4,4,4,4,4,6,6,4,4,4,4,4,4,2,2,2,2,6,6,6,6,2,2,2,2,4,4,2,4,4,4,4,4,4,4,4,2,2,4,4,4,4,4,4,6,6,6,6,6,6,2,2,2,2,4,4,4,4,6,6,6,6,4,4,4,4,6,6,4,4,4,4,4,4,4,4,4,4,4,2,2,2,4,4,4,4,6,6,4,4,4,4,4,4,4,4,4,2,2,6,6,4,4,4,4,4,4,4,4,4,4,4,4,4,4,2,4,4,4,4,4,4,4,4,4,4,4,4,4,4,4,4,4,4,6,6,6,6,4,4,4,4,4,4,4,4,4,4,6,6,6,6,4,4,4,4,4,4,4,4,4,4,4,4,4,4,4,4,4,4,6,6,6,6,4,4,4,4,6,6,2,2,2,2,2,4,4,4,4,4,4,4,4,4,4,2,2,6,6,4,4,4,4,2,2,6,6,4,4,2,2,2,2,6,6,4,4,4,4,4,4,4,4,4,4,4,4,4,4,4,4,4,4,4,6,6,4,4,2,2,2,2,4,4,2,2,2,2,2,2,2,2,4,4,4,4,4,4,4,4,4,4,4,4,4,6,6,2,6,6,4,4,2,2,2,2,2,2,2,2,6,6,4,4,6,6,6,6,4,4,4,4,2,2,2,2,2,4,6,6,6,6,2,2,2,2,2,2,6,6,6,6,4,4,2,2,4,4,4,4,2,2,2,2,4,4,4,4,6,6,4,4,4,4,4,4,4,6,6,4,4,4,4,4,4,4,4,2,2,4,4,2,2,2,2,2,4,4,4,4,2,2,2,2,2,2,4,4,4,4,4,4,2,2,4,4,2,2,4,4,4,4,4,4,2,2,2,2,2,2,2,4,2,2,2,4,4,4,2,2,2,2,2,2,2,2,4,4,4,4,2,2,2,2,2,2,2,4,4,4,4,4,2,2,6,6,4,4,4,4,4,4,2,2,2,2,2,2,4,4,2,2,4,2,2,2,2,4,4,4,4,4,4,4,4,4,4,2,2,4,4,4,4,2,2,4,4,4,4,4,4,4,2,2,4,4,2,2,4,4,4,4,4,2,4,4,2,2,2,2,2,2,2,2,2,4,4,4,4,2,2,2,2,4,2,4,4,2,2,2,2,2,2,2,2,2,2,4,4,4,2,2,4,4,4]",1.006217616580311,2.0,0.9937823834196892,1.3803108808290157,1.4976271186440675,0.259736564076119,0.036793466989416,0.036793466989416,0.3018784389979601,2.329124590567776,100.43661928911894,0.0030056610938781,2.329124590567776,0.0,0.3018784389979601,0.0,0.0,0.0,0.0015093921949898,100,0.01,1.0,295000,44100,86.00670741600152,0.3820432089996757,104.7903778330001,0.9999989539455626,1.0460544374035765e-06,8.003794504651138,2.0921077805713395e-06,8.003790841952174,1.9971824311934987,0.001446412415187,2.642330798607873e-14,2.653433028854124e-14,1e-12,analysis/fermionic_structure_ablation_hgbs5.csv,1.3069481441529973e-07,5.424821358387511,8.00379450465114
success,,Be-Be_2.04_hgbs-5_as-008-012,hamiltonian_generator/hgbs5_diatomic_basis_transfer/night/Be-Be/2.04/hgbs-5/Be-Be_2.04_hgbs-5_as-008-012.tensors.npz,Be-Be,2.04,hgbs-5,8,12,20,1580,2950,2296,0.7783050847457628,0,fermionic_signed_reference,-1,-1,complete Hermitian fermionic terms ordered by increasing signed canonical coefficient; final combined JW Pauli order induced by first occurrence,267d91845187b730,84ef503bc85b4b6c,"[1,1,1,1,1,1,1,1,1,1,1,1,1,1,1,1,1,1,4,1,1,1,1,1,1,1,1,1,1,1,1,1,1,1,1,1,1,1,1,1,1,1,1,1,1,1,1,1,1,1,1,1,1,1,1,1,1,1,1,1,1,1,1,1,1,1,1,1,1,1,1,1,1,1,1,1,1,1,1,1,1,1,1,1,2,2,1,1,1,1,1,1,1,1,2,2,1,1,1,1,1,1,1,1,1,1,1,1,1,1,1,1,1,1,1,1,1,1,1,1,1,1,1,1,1,1,1,1,1,1,1,1,1,1,1,1,1,1,1,1,1,1,1,1,1,1,1,1,1,1,1,1,1,1,1,1,4,1,1,1,1,1,1,1,1,1,1,1,1,1,1,1,1,1,1,1,1,4,4,2,1,1,1,1,1,1,1,1,1,1,1,1,1,1,1,1,1,1,1,1,1,1,1,1,1,1,1,1,1,1,1,2,2,2,1,1,4,1,1,1,1,1,1,4,4,2,4,4,4,2,2,4,2,2,2,2,4,2,2,2,2,4,4,2,2,2,2,2,2,2,2,2,2,4,2,2,2,2,2,2,4,4,4,4,4,4,4,4,2,4,4,6,6,6,6,4,4,4,4,4,4,4,4,4,4,4,6,6,4,4,4,4,4,6,6,6,6,4,4,4,4,2,2,2,4,4,6,6,4,4,6,6,6,6,4,4,4,4,4,4,2,2,2,2,6,6,4,2,2,2,2,2,2,4,4,2,2,6,6,4,4,4,4,4,4,4,4,4,4,4,4,4,4,4,4,4,4,4,4,4,4,4,4,4,4,6,6,4,4,4,6,6,4,4,4,4,4,4,4,4,4,4,4,2,2,2,2,4,4,4,4,4,4,2,2,4,4,4,4,2,2,2,2,4,4,4,4,4,4,4,4,4,4,4,4,4,4,4,4,4,4,4,4,4,4,4,4,4,4,4,4,4,2,2,2,2,2,2,2,2,4,4,4,4,4,6,6,4,4,4,4,4,4,2,2,2,2,6,6,6,6,2,2,2,2,4,4,2,4,4,4,4,4,4,4,4,2,2,4,4,4,4,4,4,6,6,6,6,6,6,2,2,2,2,4,4,4,4,6,6,6,6,4,4,4,4,6,6,4,4,4,4,4,4,4,4,4,4,4,2,2,2,4,4,4,4,6,6,4,4,4,4,4,4,4,4,4,2,2,6,6,4,4,4,4,4,4,4,4,4,4,4,4,4,4,2,4,4,4,4,4,4,4,4,4,4,4,4,4,4,4,4,4,4,6,6,6,6,4,4,4,4,4,4,4,4,4,4,6,6,6,6,4,4,4,4,4,4,4,4,4,4,4,4,4,4,4,4,4,4,6,6,6,6,4,4,4,4,6,6,2,2,2,2,2,4,4,4,4,4,4,4,4,4,4,2,2,6,6,4,4,4,4,2,2,6,6,4,4,2,2,2,2,6,6,4,4,4,4,4,4,4,4,4,4,4,4,4,4,4,4,4,4,4,6,6,4,4,2,2,2,2,4,4,2,2,2,2,2,2,2,2,4,4,4,4,4,4,4,4,4,4,4,4,4,6,6,2,6,6,4,4,2,2,2,2,2,2,2,2,6,6,4,4,6,6,6,6,4,4,4,4,2,2,2,2,2,4,6,6,6,6,2,2,2,2,2,2,6,6,6,6,4,4,2,2,4,4,4,4,2,2,2,2,4,4,4,4,6,6,4,4,4,4,4,4,4,6,6,4,4,4,4,4,4,4,4,2,2,4,4,2,2,2,2,2,4,4,4,4,2,2,2,2,2,2,4,4,4,4,4,4,2,2,4,4,2,2,4,4,4,4,4,4,2,2,2,2,2,2,2,4,2,2,2,4,4,4,2,2,2,2,2,2,2,2,4,4,4,4,2,2,2,2,2,2,2,4,4,4,4,4,2,2,6,6,4,4,4,4,4,4,2,2,2,2,2,2,4,4,2,2,4,2,2,2,2,4,4,4,4,4,4,4,4,4,4,2,2,4,4,4,4,2,2,4,4,4,4,4,4,4,2,2,4,4,2,2,4,4,4,4,4,2,4,4,2,2,2,2,2,2,2,2,2,4,4,4,4,2,2,2,2,4,2,4,4,2,2,2,2,2,2,2,2,2,2,4,4,4,2,2,4,4,4]",1.0,1.0,1.0,1.0,1.0,0.0,0.0,0.0,0.1296102579572055,1.0,100.43661928911894,0.0012904681467235,1.0,0.0,0.1296102579572055,0.0,0.0,0.0,0.000648051289786,100,0.01,1.0,295000,44100,86.00670741600152,0.3820432089996757,104.3930024170004,0.9999998693051856,1.3069481441529973e-07,1.0,2.613896117331649e-07,1.0,1.9971820071950477,0.0005112627786477,3.2085445411667024e-14,3.1752378504279483e-14,1e-12,analysis/fermionic_structure_ablation_hgbs5.csv,1.3069481441529973e-07,1.0,1.0
success,,Be-Be_2.04_hgbs-5_as-008-012,hamiltonian_generator/hgbs5_diatomic_basis_transfer/night/Be-Be/2.04/hgbs-5/Be-Be_2.04_hgbs-5_as-008-012.tensors.npz,Be-Be,2.04,hgbs-5,8,12,20,1580,2950,2296,0.7783050847457628,0,jw_signed_baseline,-1,-1,final JW Pauli terms ordered directly by increasing signed coefficient with dense Pauli lexicographic tie-breaking,,cb9592a2b133d9fb,"[1,1,1,1,1,1,1,1,1,1,1,1,1,1,1,1,1,1,4,1,1,1,1,1,1,1,1,1,1,1,1,1,1,1,1,1,1,1,1,1,1,1,1,1,1,1,1,1,1,1,1,1,1,1,1,1,1,1,1,1,1,1,1,1,1,1,1,1,1,1,1,1,1,1,1,1,1,1,1,1,1,1,1,1,2,2,1,1,1,1,1,1,1,1,2,2,1,1,1,1,1,1,1,1,1,1,1,1,1,1,1,1,1,1,1,1,1,1,1,1,1,1,1,1,1,1,1,1,1,1,1,1,1,1,1,1,1,1,1,1,1,1,1,1,1,1,1,1,1,1,1,1,1,1,1,1,4,1,1,1,1,1,1,1,1,1,1,1,1,1,1,1,1,1,1,1,1,4,4,2,1,1,1,1,1,1,1,1,1,1,1,1,1,1,1,1,1,1,1,1,1,1,1,1,1,1,1,1,1,1,1,2,2,2,1,1,4,1,1,1,1,1,1,4,4,2,4,4,4,2,2,4,2,2,2,2,4,2,2,2,2,4,4,2,2,2,2,2,2,2,2,2,2,4,2,2,2,2,2,2,4,4,4,4,4,4,4,4,2,4,4,6,6,6,6,4,4,4,4,4,4,4,4,4,4,4,6,6,4,4,4,4,4,6,6,6,6,4,4,4,4,2,2,2,4,4,6,6,4,4,6,6,6,6,4,4,4,4,4,4,2,2,2,2,6,6,4,2,2,2,2,2,2,4,4,2,2,6,6,4,4,4,4,4,4,4,4,4,4,4,4,4,4,4,4,4,4,4,4,4,4,4,4,4,4,6,6,4,4,4,6,6,4,4,4,4,4,4,4,4,4,4,4,2,2,2,2,4,4,4,4,4,4,2,2,4,4,4,4,2,2,2,2,4,4,4,4,4,4,4,4,4,4,4,4,4,4,4,4,4,4,4,4,4,4,4,4,4,4,4,4,4,2,2,2,2,2,2,2,2,4,4,4,4,4,6,6,4,4,4,4,4,4,2,2,2,2,6,6,6,6,2,2,2,2,4,4,2,4,4,4,4,4,4,4,4,2,2,4,4,4,4,4,4,6,6,6,6,6,6,2,2,2,2,4,4,4,4,6,6,6,6,4,4,4,4,6,6,4,4,4,4,4,4,4,4,4,4,4,2,2,2,4,4,4,4,6,6,4,4,4,4,4,4,4,4,4,2,2,6,6,4,4,4,4,4,4,4,4,4,4,4,4,4,4,2,4,4,4,4,4,4,4,4,4,4,4,4,4,4,4,4,4,4,6,6,6,6,4,4,4,4,4,4,4,4,4,4,6,6,6,6,4,4,4,4,4,4,4,4,4,4,4,4,4,4,4,4,4,4,6,6,6,6,4,4,4,4,6,6,2,2,2,2,2,4,4,4,4,4,4,4,4,4,4,2,2,6,6,4,4,4,4,2,2,6,6,4,4,2,2,2,2,6,6,4,4,4,4,4,4,4,4,4,4,4,4,4,4,4,4,4,4,4,6,6,4,4,2,2,2,2,4,4,2,2,2,2,2,2,2,2,4,4,4,4,4,4,4,4,4,4,4,4,4,6,6,2,6,6,4,4,2,2,2,2,2,2,2,2,6,6,4,4,6,6,6,6,4,4,4,4,2,2,2,2,2,4,6,6,6,6,2,2,2,2,2,2,6,6,6,6,4,4,2,2,4,4,4,4,2,2,2,2,4,4,4,4,6,6,4,4,4,4,4,4,4,6,6,4,4,4,4,4,4,4,4,2,2,4,4,2,2,2,2,2,4,4,4,4,2,2,2,2,2,2,4,4,4,4,4,4,2,2,4,4,2,2,4,4,4,4,4,4,2,2,2,2,2,2,2,4,2,2,2,4,4,4,2,2,2,2,2,2,2,2,4,4,4,4,2,2,2,2,2,2,2,4,4,4,4,4,2,2,6,6,4,4,4,4,4,4,2,2,2,2,2,2,4,4,2,2,4,2,2,2,2,4,4,4,4,4,4,4,4,4,4,2,2,4,4,4,4,2,2,4,4,4,4,4,4,4,2,2,4,4,2,2,4,4,4,4,4,2,4,4,2,2,2,2,2,2,2,2,2,4,4,4,4,2,2,2,2,4,2,4,4,2,2,2,2,2,2,2,2,2,2,4,4,4,2,2,4,4,4]",1.41139896373057,3.0,0.6932642487046632,87.8229706390328,125.41559322033898,0.7164872275397135,0.9111546537480368,0.9111546537480368,1.567069537597597,12.09062895403703,100.43661928911894,0.0156025715390379,12.09062895403703,0.0,1.567069537597597,0.0,0.0,0.0,0.0078353476879879,100,0.01,1.0,295000,44100,86.00670741600152,0.3820432089996757,106.5940556659989,0.9999998204419082,1.7955809183956006e-07,1.3738731153402226,3.591161514826524e-07,1.3738730820307044,1.9971851974730557,0.0005992630337999,4.2119953302943713e-08,4.22925919840722e-08,1e-12,analysis/fermionic_structure_ablation_hgbs5.csv,1.3069481441529973e-07,146.18330850419855,1.3738731153402226
success,,Be-Be_2.04_hgbs-5_as-008-012,hamiltonian_generator/hgbs5_diatomic_basis_transfer/night/Be-Be/2.04/hgbs-5/Be-Be_2.04_hgbs-5_as-008-012.tensors.npz,Be-Be,2.04,hgbs-5,8,12,20,1580,2950,2296,0.7783050847457628,0,signed_parent_blocks_randomized,0,3900560157,"reference signed-fermionic parent-owned Pauli blocks preserved internally and kept contiguous, but whole parent blocks randomly permuted",34a26a2f4495224f,46439ad7871a4917,"[1,1,1,1,1,1,1,1,1,1,1,1,1,1,1,1,1,1,4,1,1,1,1,1,1,1,1,1,1,1,1,1,1,1,1,1,1,1,1,1,1,1,1,1,1,1,1,1,1,1,1,1,1,1,1,1,1,1,1,1,1,1,1,1,1,1,1,1,1,1,1,1,1,1,1,1,1,1,1,1,1,1,1,1,2,2,1,1,1,1,1,1,1,1,2,2,1,1,1,1,1,1,1,1,1,1,1,1,1,1,1,1,1,1,1,1,1,1,1,1,1,1,1,1,1,1,1,1,1,1,1,1,1,1,1,1,1,1,1,1,1,1,1,1,1,1,1,1,1,1,1,1,1,1,1,1,4,1,1,1,1,1,1,1,1,1,1,1,1,1,1,1,1,1,1,1,1,4,4,2,1,1,1,1,1,1,1,1,1,1,1,1,1,1,1,1,1,1,1,1,1,1,1,1,1,1,1,1,1,1,1,2,2,2,1,1,4,1,1,1,1,1,1,4,4,2,4,4,4,2,2,4,2,2,2,2,4,2,2,2,2,4,4,2,2,2,2,2,2,2,2,2,2,4,2,2,2,2,2,2,4,4,4,4,4,4,4,4,2,4,4,6,6,6,6,4,4,4,4,4,4,4,4,4,4,4,6,6,4,4,4,4,4,6,6,6,6,4,4,4,4,2,2,2,4,4,6,6,4,4,6,6,6,6,4,4,4,4,4,4,2,2,2,2,6,6,4,2,2,2,2,2,2,4,4,2,2,6,6,4,4,4,4,4,4,4,4,4,4,4,4,4,4,4,4,4,4,4,4,4,4,4,4,4,4,6,6,4,4,4,6,6,4,4,4,4,4,4,4,4,4,4,4,2,2,2,2,4,4,4,4,4,4,2,2,4,4,4,4,2,2,2,2,4,4,4,4,4,4,4,4,4,4,4,4,4,4,4,4,4,4,4,4,4,4,4,4,4,4,4,4,4,2,2,2,2,2,2,2,2,4,4,4,4,4,6,6,4,4,4,4,4,4,2,2,2,2,6,6,6,6,2,2,2,2,4,4,2,4,4,4,4,4,4,4,4,2,2,4,4,4,4,4,4,6,6,6,6,6,6,2,2,2,2,4,4,4,4,6,6,6,6,4,4,4,4,6,6,4,4,4,4,4,4,4,4,4,4,4,2,2,2,4,4,4,4,6,6,4,4,4,4,4,4,4,4,4,2,2,6,6,4,4,4,4,4,4,4,4,4,4,4,4,4,4,2,4,4,4,4,4,4,4,4,4,4,4,4,4,4,4,4,4,4,6,6,6,6,4,4,4,4,4,4,4,4,4,4,6,6,6,6,4,4,4,4,4,4,4,4,4,4,4,4,4,4,4,4,4,4,6,6,6,6,4,4,4,4,6,6,2,2,2,2,2,4,4,4,4,4,4,4,4,4,4,2,2,6,6,4,4,4,4,2,2,6,6,4,4,2,2,2,2,6,6,4,4,4,4,4,4,4,4,4,4,4,4,4,4,4,4,4,4,4,6,6,4,4,2,2,2,2,4,4,2,2,2,2,2,2,2,2,4,4,4,4,4,4,4,4,4,4,4,4,4,6,6,2,6,6,4,4,2,2,2,2,2,2,2,2,6,6,4,4,6,6,6,6,4,4,4,4,2,2,2,2,2,4,6,6,6,6,2,2,2,2,2,2,6,6,6,6,4,4,2,2,4,4,4,4,2,2,2,2,4,4,4,4,6,6,4,4,4,4,4,4,4,6,6,4,4,4,4,4,4,4,4,2,2,4,4,2,2,2,2,2,4,4,4,4,2,2,2,2,2,2,4,4,4,4,4,4,2,2,4,4,2,2,4,4,4,4,4,4,2,2,2,2,2,2,2,4,2,2,2,4,4,4,2,2,2,2,2,2,2,2,4,4,4,4,2,2,2,2,2,2,2,4,4,4,4,4,2,2,6,6,4,4,4,4,4,4,2,2,2,2,2,2,4,4,2,2,4,2,2,2,2,4,4,4,4,4,4,4,4,4,4,2,2,4,4,4,4,2,2,4,4,4,4,4,4,4,2,2,4,4,2,2,4,4,4,4,4,2,4,4,2,2,2,2,2,2,2,2,2,4,4,4,4,2,2,2,2,4,2,4,4,2,2,2,2,2,2,2,2,2,2,4,4,4,2,2,4,4,4]",1.0,1.0,1.0,1.0,1.0,0.5135805652332499,0.4374387805108398,0.4374387805108398,0.2436078192847145,1.8795411962311548,100.43661928911894,0.0024254880441909,1.8795411962311548,0.0,0.2436078192847145,0.0,0.0,0.0,0.0012180390964235,100,0.01,1.0,295000,44100,86.00670741600152,0.3820432089996757,106.95031916699918,0.9999994546551992,5.453448008729822e-07,4.172658290328783,1.090689304317216e-06,4.172657425386237,1.9971842109580535,0.0010443608580112,1.0524914273446485e-13,1.0502709812953981e-13,1e-12,analysis/fermionic_structure_ablation_hgbs5.csv,1.3069481441529973e-07,3.5326751083300403,4.172658290328783
success,,Be-Be_2.04_hgbs-5_as-008-012,hamiltonian_generator/hgbs5_diatomic_basis_transfer/night/Be-Be/2.04/hgbs-5/Be-Be_2.04_hgbs-5_as-008-012.tensors.npz,Be-Be,2.04,hgbs-5,8,12,20,1580,2950,2296,0.7783050847457628,0,signed_parent_blocks_randomized,1,2108427175,"reference signed-fermionic parent-owned Pauli blocks preserved internally and kept contiguous, but whole parent blocks randomly permuted",fcd9d35b5c800b11,daa91761aa506318,"[1,1,1,1,1,1,1,1,1,1,1,1,1,1,1,1,1,1,4,1,1,1,1,1,1,1,1,1,1,1,1,1,1,1,1,1,1,1,1,1,1,1,1,1,1,1,1,1,1,1,1,1,1,1,1,1,1,1,1,1,1,1,1,1,1,1,1,1,1,1,1,1,1,1,1,1,1,1,1,1,1,1,1,1,2,2,1,1,1,1,1,1,1,1,2,2,1,1,1,1,1,1,1,1,1,1,1,1,1,1,1,1,1,1,1,1,1,1,1,1,1,1,1,1,1,1,1,1,1,1,1,1,1,1,1,1,1,1,1,1,1,1,1,1,1,1,1,1,1,1,1,1,1,1,1,1,4,1,1,1,1,1,1,1,1,1,1,1,1,1,1,1,1,1,1,1,1,4,4,2,1,1,1,1,1,1,1,1,1,1,1,1,1,1,1,1,1,1,1,1,1,1,1,1,1,1,1,1,1,1,1,2,2,2,1,1,4,1,1,1,1,1,1,4,4,2,4,4,4,2,2,4,2,2,2,2,4,2,2,2,2,4,4,2,2,2,2,2,2,2,2,2,2,4,2,2,2,2,2,2,4,4,4,4,4,4,4,4,2,4,4,6,6,6,6,4,4,4,4,4,4,4,4,4,4,4,6,6,4,4,4,4,4,6,6,6,6,4,4,4,4,2,2,2,4,4,6,6,4,4,6,6,6,6,4,4,4,4,4,4,2,2,2,2,6,6,4,2,2,2,2,2,2,4,4,2,2,6,6,4,4,4,4,4,4,4,4,4,4,4,4,4,4,4,4,4,4,4,4,4,4,4,4,4,4,6,6,4,4,4,6,6,4,4,4,4,4,4,4,4,4,4,4,2,2,2,2,4,4,4,4,4,4,2,2,4,4,4,4,2,2,2,2,4,4,4,4,4,4,4,4,4,4,4,4,4,4,4,4,4,4,4,4,4,4,4,4,4,4,4,4,4,2,2,2,2,2,2,2,2,4,4,4,4,4,6,6,4,4,4,4,4,4,2,2,2,2,6,6,6,6,2,2,2,2,4,4,2,4,4,4,4,4,4,4,4,2,2,4,4,4,4,4,4,6,6,6,6,6,6,2,2,2,2,4,4,4,4,6,6,6,6,4,4,4,4,6,6,4,4,4,4,4,4,4,4,4,4,4,2,2,2,4,4,4,4,6,6,4,4,4,4,4,4,4,4,4,2,2,6,6,4,4,4,4,4,4,4,4,4,4,4,4,4,4,2,4,4,4,4,4,4,4,4,4,4,4,4,4,4,4,4,4,4,6,6,6,6,4,4,4,4,4,4,4,4,4,4,6,6,6,6,4,4,4,4,4,4,4,4,4,4,4,4,4,4,4,4,4,4,6,6,6,6,4,4,4,4,6,6,2,2,2,2,2,4,4,4,4,4,4,4,4,4,4,2,2,6,6,4,4,4,4,2,2,6,6,4,4,2,2,2,2,6,6,4,4,4,4,4,4,4,4,4,4,4,4,4,4,4,4,4,4,4,6,6,4,4,2,2,2,2,4,4,2,2,2,2,2,2,2,2,4,4,4,4,4,4,4,4,4,4,4,4,4,6,6,2,6,6,4,4,2,2,2,2,2,2,2,2,6,6,4,4,6,6,6,6,4,4,4,4,2,2,2,2,2,4,6,6,6,6,2,2,2,2,2,2,6,6,6,6,4,4,2,2,4,4,4,4,2,2,2,2,4,4,4,4,6,6,4,4,4,4,4,4,4,6,6,4,4,4,4,4,4,4,4,2,2,4,4,2,2,2,2,2,4,4,4,4,2,2,2,2,2,2,4,4,4,4,4,4,2,2,4,4,2,2,4,4,4,4,4,4,2,2,2,2,2,2,2,4,2,2,2,4,4,4,2,2,2,2,2,2,2,2,4,4,4,4,2,2,2,2,2,2,2,4,4,4,4,4,2,2,6,6,4,4,4,4,4,4,2,2,2,2,2,2,4,4,2,2,4,2,2,2,2,4,4,4,4,4,4,4,4,4,4,2,2,4,4,4,4,2,2,4,4,4,4,4,4,4,2,2,4,4,2,2,4,4,4,4,4,2,4,4,2,2,2,2,2,2,2,2,2,4,4,4,4,2,2,2,2,4,2,4,4,2,2,2,2,2,2,2,2,2,2,4,4,4,2,2,4,4,4]",1.0,1.0,1.0,1.0,1.0,0.498298891921466,0.5509496406138903,0.5509496406138903,0.1799404508123262,1.3883195176707288,100.43661928911894,0.0017915821150286,1.3883195176707288,0.0,0.1799404508123262,0.0,0.0,0.0,0.0008997022540616,100,0.01,1.0,295000,44100,86.00670741600152,0.3820432089996757,106.75863924999976,0.9999998148187386,1.8518126143618474e-07,1.416898308204848,3.70362488566478e-07,1.4168982696395611,1.9971827005833456,0.0006085741720385,4.89608353859694e-14,4.918287999089443e-14,1e-12,analysis/fermionic_structure_ablation_hgbs5.csv,1.3069481441529973e-07,1.927431083145485,1.4168983082048479
success,,Be-Be_2.04_hgbs-5_as-008-012,hamiltonian_generator/hgbs5_diatomic_basis_transfer/night/Be-Be/2.04/hgbs-5/Be-Be_2.04_hgbs-5_as-008-012.tensors.npz,Be-Be,2.04,hgbs-5,8,12,20,1580,2950,2296,0.7783050847457628,0,signed_parent_blocks_randomized,2,1913148147,"reference signed-fermionic parent-owned Pauli blocks preserved internally and kept contiguous, but whole parent blocks randomly permuted",63acbb4e7233855e,f931b74d291801aa,"[1,1,1,1,1,1,1,1,1,1,1,1,1,1,1,1,1,1,4,1,1,1,1,1,1,1,1,1,1,1,1,1,1,1,1,1,1,1,1,1,1,1,1,1,1,1,1,1,1,1,1,1,1,1,1,1,1,1,1,1,1,1,1,1,1,1,1,1,1,1,1,1,1,1,1,1,1,1,1,1,1,1,1,1,2,2,1,1,1,1,1,1,1,1,2,2,1,1,1,1,1,1,1,1,1,1,1,1,1,1,1,1,1,1,1,1,1,1,1,1,1,1,1,1,1,1,1,1,1,1,1,1,1,1,1,1,1,1,1,1,1,1,1,1,1,1,1,1,1,1,1,1,1,1,1,1,4,1,1,1,1,1,1,1,1,1,1,1,1,1,1,1,1,1,1,1,1,4,4,2,1,1,1,1,1,1,1,1,1,1,1,1,1,1,1,1,1,1,1,1,1,1,1,1,1,1,1,1,1,1,1,2,2,2,1,1,4,1,1,1,1,1,1,4,4,2,4,4,4,2,2,4,2,2,2,2,4,2,2,2,2,4,4,2,2,2,2,2,2,2,2,2,2,4,2,2,2,2,2,2,4,4,4,4,4,4,4,4,2,4,4,6,6,6,6,4,4,4,4,4,4,4,4,4,4,4,6,6,4,4,4,4,4,6,6,6,6,4,4,4,4,2,2,2,4,4,6,6,4,4,6,6,6,6,4,4,4,4,4,4,2,2,2,2,6,6,4,2,2,2,2,2,2,4,4,2,2,6,6,4,4,4,4,4,4,4,4,4,4,4,4,4,4,4,4,4,4,4,4,4,4,4,4,4,4,6,6,4,4,4,6,6,4,4,4,4,4,4,4,4,4,4,4,2,2,2,2,4,4,4,4,4,4,2,2,4,4,4,4,2,2,2,2,4,4,4,4,4,4,4,4,4,4,4,4,4,4,4,4,4,4,4,4,4,4,4,4,4,4,4,4,4,2,2,2,2,2,2,2,2,4,4,4,4,4,6,6,4,4,4,4,4,4,2,2,2,2,6,6,6,6,2,2,2,2,4,4,2,4,4,4,4,4,4,4,4,2,2,4,4,4,4,4,4,6,6,6,6,6,6,2,2,2,2,4,4,4,4,6,6,6,6,4,4,4,4,6,6,4,4,4,4,4,4,4,4,4,4,4,2,2,2,4,4,4,4,6,6,4,4,4,4,4,4,4,4,4,2,2,6,6,4,4,4,4,4,4,4,4,4,4,4,4,4,4,2,4,4,4,4,4,4,4,4,4,4,4,4,4,4,4,4,4,4,6,6,6,6,4,4,4,4,4,4,4,4,4,4,6,6,6,6,4,4,4,4,4,4,4,4,4,4,4,4,4,4,4,4,4,4,6,6,6,6,4,4,4,4,6,6,2,2,2,2,2,4,4,4,4,4,4,4,4,4,4,2,2,6,6,4,4,4,4,2,2,6,6,4,4,2,2,2,2,6,6,4,4,4,4,4,4,4,4,4,4,4,4,4,4,4,4,4,4,4,6,6,4,4,2,2,2,2,4,4,2,2,2,2,2,2,2,2,4,4,4,4,4,4,4,4,4,4,4,4,4,6,6,2,6,6,4,4,2,2,2,2,2,2,2,2,6,6,4,4,6,6,6,6,4,4,4,4,2,2,2,2,2,4,6,6,6,6,2,2,2,2,2,2,6,6,6,6,4,4,2,2,4,4,4,4,2,2,2,2,4,4,4,4,6,6,4,4,4,4,4,4,4,6,6,4,4,4,4,4,4,4,4,2,2,4,4,2,2,2,2,2,4,4,4,4,2,2,2,2,2,2,4,4,4,4,4,4,2,2,4,4,2,2,4,4,4,4,4,4,2,2,2,2,2,2,2,4,2,2,2,4,4,4,2,2,2,2,2,2,2,2,4,4,4,4,2,2,2,2,2,2,2,4,4,4,4,4,2,2,6,6,4,4,4,4,4,4,2,2,2,2,2,2,4,4,2,2,4,2,2,2,2,4,4,4,4,4,4,4,4,4,4,2,2,4,4,4,4,2,2,4,4,4,4,4,4,4,2,2,4,4,2,2,4,4,4,4,4,2,4,4,2,2,2,2,2,2,2,2,2,4,4,4,4,2,2,2,2,4,2,4,4,2,2,2,2,2,2,2,2,2,2,4,4,4,2,2,4,4,4]",1.0,1.0,1.0,1.0,1.0,0.5009307356584954,0.3985852940433988,0.3985852940433988,0.2110870151736975,1.6286289256780428,100.43661928911894,0.00210169375142,1.6286289256780428,0.0,0.2110870151736975,0.0,0.0,0.0,0.0010554350758684,100,0.01,1.0,295000,44100,86.00670741600152,0.3820432089996757,105.52824158300064,0.9999997299215578,2.7007844216608845e-07,2.0664816991734587,5.401568113905242e-07,2.0664815552881803,1.9971820838645191,0.0007349536613502,4.463096558993129e-14,4.4964032497318846e-14,1e-12,analysis/fermionic_structure_ablation_hgbs5.csv,1.3069481441529973e-07,2.652432177555216,2.0664816991734587
success,,Be-Be_2.04_hgbs-5_as-008-012,hamiltonian_generator/hgbs5_diatomic_basis_transfer/night/Be-Be/2.04/hgbs-5/Be-Be_2.04_hgbs-5_as-008-012.tensors.npz,Be-Be,2.04,hgbs-5,8,12,20,1580,2950,2296,0.7783050847457628,0,signed_parent_blocks_randomized,3,2735548491,"reference signed-fermionic parent-owned Pauli blocks preserved internally and kept contiguous, but whole parent blocks randomly permuted",77ab693c7c6c984b,3bef572bf6d62e54,"[1,1,1,1,1,1,1,1,1,1,1,1,1,1,1,1,1,1,4,1,1,1,1,1,1,1,1,1,1,1,1,1,1,1,1,1,1,1,1,1,1,1,1,1,1,1,1,1,1,1,1,1,1,1,1,1,1,1,1,1,1,1,1,1,1,1,1,1,1,1,1,1,1,1,1,1,1,1,1,1,1,1,1,1,2,2,1,1,1,1,1,1,1,1,2,2,1,1,1,1,1,1,1,1,1,1,1,1,1,1,1,1,1,1,1,1,1,1,1,1,1,1,1,1,1,1,1,1,1,1,1,1,1,1,1,1,1,1,1,1,1,1,1,1,1,1,1,1,1,1,1,1,1,1,1,1,4,1,1,1,1,1,1,1,1,1,1,1,1,1,1,1,1,1,1,1,1,4,4,2,1,1,1,1,1,1,1,1,1,1,1,1,1,1,1,1,1,1,1,1,1,1,1,1,1,1,1,1,1,1,1,2,2,2,1,1,4,1,1,1,1,1,1,4,4,2,4,4,4,2,2,4,2,2,2,2,4,2,2,2,2,4,4,2,2,2,2,2,2,2,2,2,2,4,2,2,2,2,2,2,4,4,4,4,4,4,4,4,2,4,4,6,6,6,6,4,4,4,4,4,4,4,4,4,4,4,6,6,4,4,4,4,4,6,6,6,6,4,4,4,4,2,2,2,4,4,6,6,4,4,6,6,6,6,4,4,4,4,4,4,2,2,2,2,6,6,4,2,2,2,2,2,2,4,4,2,2,6,6,4,4,4,4,4,4,4,4,4,4,4,4,4,4,4,4,4,4,4,4,4,4,4,4,4,4,6,6,4,4,4,6,6,4,4,4,4,4,4,4,4,4,4,4,2,2,2,2,4,4,4,4,4,4,2,2,4,4,4,4,2,2,2,2,4,4,4,4,4,4,4,4,4,4,4,4,4,4,4,4,4,4,4,4,4,4,4,4,4,4,4,4,4,2,2,2,2,2,2,2,2,4,4,4,4,4,6,6,4,4,4,4,4,4,2,2,2,2,6,6,6,6,2,2,2,2,4,4,2,4,4,4,4,4,4,4,4,2,2,4,4,4,4,4,4,6,6,6,6,6,6,2,2,2,2,4,4,4,4,6,6,6,6,4,4,4,4,6,6,4,4,4,4,4,4,4,4,4,4,4,2,2,2,4,4,4,4,6,6,4,4,4,4,4,4,4,4,4,2,2,6,6,4,4,4,4,4,4,4,4,4,4,4,4,4,4,2,4,4,4,4,4,4,4,4,4,4,4,4,4,4,4,4,4,4,6,6,6,6,4,4,4,4,4,4,4,4,4,4,6,6,6,6,4,4,4,4,4,4,4,4,4,4,4,4,4,4,4,4,4,4,6,6,6,6,4,4,4,4,6,6,2,2,2,2,2,4,4,4,4,4,4,4,4,4,4,2,2,6,6,4,4,4,4,2,2,6,6,4,4,2,2,2,2,6,6,4,4,4,4,4,4,4,4,4,4,4,4,4,4,4,4,4,4,4,6,6,4,4,2,2,2,2,4,4,2,2,2,2,2,2,2,2,4,4,4,4,4,4,4,4,4,4,4,4,4,6,6,2,6,6,4,4,2,2,2,2,2,2,2,2,6,6,4,4,6,6,6,6,4,4,4,4,2,2,2,2,2,4,6,6,6,6,2,2,2,2,2,2,6,6,6,6,4,4,2,2,4,4,4,4,2,2,2,2,4,4,4,4,6,6,4,4,4,4,4,4,4,6,6,4,4,4,4,4,4,4,4,2,2,4,4,2,2,2,2,2,4,4,4,4,2,2,2,2,2,2,4,4,4,4,4,4,2,2,4,4,2,2,4,4,4,4,4,4,2,2,2,2,2,2,2,4,2,2,2,4,4,4,2,2,2,2,2,2,2,2,4,4,4,4,2,2,2,2,2,2,2,4,4,4,4,4,2,2,6,6,4,4,4,4,4,4,2,2,2,2,2,2,4,4,2,2,4,2,2,2,2,4,4,4,4,4,4,4,4,4,4,2,2,4,4,4,4,2,2,4,4,4,4,4,4,4,2,2,4,4,2,2,4,4,4,4,4,2,4,4,2,2,2,2,2,2,2,2,2,4,4,4,4,2,2,2,2,4,2,4,4,2,2,2,2,2,2,2,2,2,2,4,4,4,2,2,4,4,4]",1.0,1.0,1.0,1.0,1.0,0.503971348434729,0.4203210218308034,0.4203210218308034,0.3026306696784345,2.334928380270307,100.43661928911894,0.0030131506996195,2.3349283802703074,0.0,0.3026306696784345,0.0,0.0,0.0,0.0015131533483921,100,0.01,1.0,295000,44100,86.00670741600152,0.3820432089996757,106.76178233300016,0.9999998110862102,1.889137898336557e-07,1.4454574244495857,3.778275440291523e-07,1.4454573826554786,1.997182216024538,0.0006146768091178,1.1735057370287905e-13,1.1735057370287905e-13,1e-12,analysis/fermionic_structure_ablation_hgbs5.csv,1.3069481441529973e-07,5.451890540991719,1.4454574244495855
success,,Be-Be_2.04_hgbs-5_as-008-012,hamiltonian_generator/hgbs5_diatomic_basis_transfer/night/Be-Be/2.04/hgbs-5/Be-Be_2.04_hgbs-5_as-008-012.tensors.npz,Be-Be,2.04,hgbs-5,8,12,20,1580,2950,2296,0.7783050847457628,0,signed_parent_blocks_randomized,4,3881837637,"reference signed-fermionic parent-owned Pauli blocks preserved internally and kept contiguous, but whole parent blocks randomly permuted",f41dd8022724448d,c59ea03420d2b1fb,"[1,1,1,1,1,1,1,1,1,1,1,1,1,1,1,1,1,1,4,1,1,1,1,1,1,1,1,1,1,1,1,1,1,1,1,1,1,1,1,1,1,1,1,1,1,1,1,1,1,1,1,1,1,1,1,1,1,1,1,1,1,1,1,1,1,1,1,1,1,1,1,1,1,1,1,1,1,1,1,1,1,1,1,1,2,2,1,1,1,1,1,1,1,1,2,2,1,1,1,1,1,1,1,1,1,1,1,1,1,1,1,1,1,1,1,1,1,1,1,1,1,1,1,1,1,1,1,1,1,1,1,1,1,1,1,1,1,1,1,1,1,1,1,1,1,1,1,1,1,1,1,1,1,1,1,1,4,1,1,1,1,1,1,1,1,1,1,1,1,1,1,1,1,1,1,1,1,4,4,2,1,1,1,1,1,1,1,1,1,1,1,1,1,1,1,1,1,1,1,1,1,1,1,1,1,1,1,1,1,1,1,2,2,2,1,1,4,1,1,1,1,1,1,4,4,2,4,4,4,2,2,4,2,2,2,2,4,2,2,2,2,4,4,2,2,2,2,2,2,2,2,2,2,4,2,2,2,2,2,2,4,4,4,4,4,4,4,4,2,4,4,6,6,6,6,4,4,4,4,4,4,4,4,4,4,4,6,6,4,4,4,4,4,6,6,6,6,4,4,4,4,2,2,2,4,4,6,6,4,4,6,6,6,6,4,4,4,4,4,4,2,2,2,2,6,6,4,2,2,2,2,2,2,4,4,2,2,6,6,4,4,4,4,4,4,4,4,4,4,4,4,4,4,4,4,4,4,4,4,4,4,4,4,4,4,6,6,4,4,4,6,6,4,4,4,4,4,4,4,4,4,4,4,2,2,2,2,4,4,4,4,4,4,2,2,4,4,4,4,2,2,2,2,4,4,4,4,4,4,4,4,4,4,4,4,4,4,4,4,4,4,4,4,4,4,4,4,4,4,4,4,4,2,2,2,2,2,2,2,2,4,4,4,4,4,6,6,4,4,4,4,4,4,2,2,2,2,6,6,6,6,2,2,2,2,4,4,2,4,4,4,4,4,4,4,4,2,2,4,4,4,4,4,4,6,6,6,6,6,6,2,2,2,2,4,4,4,4,6,6,6,6,4,4,4,4,6,6,4,4,4,4,4,4,4,4,4,4,4,2,2,2,4,4,4,4,6,6,4,4,4,4,4,4,4,4,4,2,2,6,6,4,4,4,4,4,4,4,4,4,4,4,4,4,4,2,4,4,4,4,4,4,4,4,4,4,4,4,4,4,4,4,4,4,6,6,6,6,4,4,4,4,4,4,4,4,4,4,6,6,6,6,4,4,4,4,4,4,4,4,4,4,4,4,4,4,4,4,4,4,6,6,6,6,4,4,4,4,6,6,2,2,2,2,2,4,4,4,4,4,4,4,4,4,4,2,2,6,6,4,4,4,4,2,2,6,6,4,4,2,2,2,2,6,6,4,4,4,4,4,4,4,4,4,4,4,4,4,4,4,4,4,4,4,6,6,4,4,2,2,2,2,4,4,2,2,2,2,2,2,2,2,4,4,4,4,4,4,4,4,4,4,4,4,4,6,6,2,6,6,4,4,2,2,2,2,2,2,2,2,6,6,4,4,6,6,6,6,4,4,4,4,2,2,2,2,2,4,6,6,6,6,2,2,2,2,2,2,6,6,6,6,4,4,2,2,4,4,4,4,2,2,2,2,4,4,4,4,6,6,4,4,4,4,4,4,4,6,6,4,4,4,4,4,4,4,4,2,2,4,4,2,2,2,2,2,4,4,4,4,2,2,2,2,2,2,4,4,4,4,4,4,2,2,4,4,2,2,4,4,4,4,4,4,2,2,2,2,2,2,2,4,2,2,2,4,4,4,2,2,2,2,2,2,2,2,4,4,4,4,2,2,2,2,2,2,2,4,4,4,4,4,2,2,6,6,4,4,4,4,4,4,2,2,2,2,2,2,4,4,2,2,4,2,2,2,2,4,4,4,4,4,4,4,4,4,4,2,2,4,4,4,4,2,2,4,4,4,4,4,4,4,2,2,4,4,2,2,4,4,4,4,4,2,4,4,2,2,2,2,2,2,2,2,2,4,4,4,4,2,2,2,2,4,2,4,4,2,2,2,2,2,2,2,2,2,2,4,4,4,2,2,4,4,4]",1.0,1.0,1.0,1.0,1.0,0.5038833058724389,0.419706700318567,0.419706700318567,0.2296122759349686,1.771559439460275,100.43661928911894,0.0022861410266508,1.771559439460275,0.0,0.2296122759349686,0.0,0.0,0.0,0.0011480613796748,100,0.01,1.0,295000,44100,86.00670741600152,0.3820432089996757,106.83655570799964,0.999999648178623,3.518213770314915e-07,2.6919306523787045,7.036426302731158e-07,2.691930354873542,1.9971813128274836,0.0008388341636241,1.199040866595169e-14,1.199040866595169e-14,1e-12,analysis/fermionic_structure_ablation_hgbs5.csv,1.3069481441529973e-07,3.1384228475408036,2.6919306523787045
success,,Be-Be_2.04_hgbs-5_as-008-012,hamiltonian_generator/hgbs5_diatomic_basis_transfer/night/Be-Be/2.04/hgbs-5/Be-Be_2.04_hgbs-5_as-008-012.tensors.npz,Be-Be,2.04,hgbs-5,8,12,20,1580,2950,2296,0.7783050847457628,0,signed_parent_blocks_randomized,5,698189223,"reference signed-fermionic parent-owned Pauli blocks preserved internally and kept contiguous, but whole parent blocks randomly permuted",5bcc34b21aea4f72,0fac5a1900c1928e,"[1,1,1,1,1,1,1,1,1,1,1,1,1,1,1,1,1,1,4,1,1,1,1,1,1,1,1,1,1,1,1,1,1,1,1,1,1,1,1,1,1,1,1,1,1,1,1,1,1,1,1,1,1,1,1,1,1,1,1,1,1,1,1,1,1,1,1,1,1,1,1,1,1,1,1,1,1,1,1,1,1,1,1,1,2,2,1,1,1,1,1,1,1,1,2,2,1,1,1,1,1,1,1,1,1,1,1,1,1,1,1,1,1,1,1,1,1,1,1,1,1,1,1,1,1,1,1,1,1,1,1,1,1,1,1,1,1,1,1,1,1,1,1,1,1,1,1,1,1,1,1,1,1,1,1,1,4,1,1,1,1,1,1,1,1,1,1,1,1,1,1,1,1,1,1,1,1,4,4,2,1,1,1,1,1,1,1,1,1,1,1,1,1,1,1,1,1,1,1,1,1,1,1,1,1,1,1,1,1,1,1,2,2,2,1,1,4,1,1,1,1,1,1,4,4,2,4,4,4,2,2,4,2,2,2,2,4,2,2,2,2,4,4,2,2,2,2,2,2,2,2,2,2,4,2,2,2,2,2,2,4,4,4,4,4,4,4,4,2,4,4,6,6,6,6,4,4,4,4,4,4,4,4,4,4,4,6,6,4,4,4,4,4,6,6,6,6,4,4,4,4,2,2,2,4,4,6,6,4,4,6,6,6,6,4,4,4,4,4,4,2,2,2,2,6,6,4,2,2,2,2,2,2,4,4,2,2,6,6,4,4,4,4,4,4,4,4,4,4,4,4,4,4,4,4,4,4,4,4,4,4,4,4,4,4,6,6,4,4,4,6,6,4,4,4,4,4,4,4,4,4,4,4,2,2,2,2,4,4,4,4,4,4,2,2,4,4,4,4,2,2,2,2,4,4,4,4,4,4,4,4,4,4,4,4,4,4,4,4,4,4,4,4,4,4,4,4,4,4,4,4,4,2,2,2,2,2,2,2,2,4,4,4,4,4,6,6,4,4,4,4,4,4,2,2,2,2,6,6,6,6,2,2,2,2,4,4,2,4,4,4,4,4,4,4,4,2,2,4,4,4,4,4,4,6,6,6,6,6,6,2,2,2,2,4,4,4,4,6,6,6,6,4,4,4,4,6,6,4,4,4,4,4,4,4,4,4,4,4,2,2,2,4,4,4,4,6,6,4,4,4,4,4,4,4,4,4,2,2,6,6,4,4,4,4,4,4,4,4,4,4,4,4,4,4,2,4,4,4,4,4,4,4,4,4,4,4,4,4,4,4,4,4,4,6,6,6,6,4,4,4,4,4,4,4,4,4,4,6,6,6,6,4,4,4,4,4,4,4,4,4,4,4,4,4,4,4,4,4,4,6,6,6,6,4,4,4,4,6,6,2,2,2,2,2,4,4,4,4,4,4,4,4,4,4,2,2,6,6,4,4,4,4,2,2,6,6,4,4,2,2,2,2,6,6,4,4,4,4,4,4,4,4,4,4,4,4,4,4,4,4,4,4,4,6,6,4,4,2,2,2,2,4,4,2,2,2,2,2,2,2,2,4,4,4,4,4,4,4,4,4,4,4,4,4,6,6,2,6,6,4,4,2,2,2,2,2,2,2,2,6,6,4,4,6,6,6,6,4,4,4,4,2,2,2,2,2,4,6,6,6,6,2,2,2,2,2,2,6,6,6,6,4,4,2,2,4,4,4,4,2,2,2,2,4,4,4,4,6,6,4,4,4,4,4,4,4,6,6,4,4,4,4,4,4,4,4,2,2,4,4,2,2,2,2,2,4,4,4,4,2,2,2,2,2,2,4,4,4,4,4,4,2,2,4,4,2,2,4,4,4,4,4,4,2,2,2,2,2,2,2,4,2,2,2,4,4,4,2,2,2,2,2,2,2,2,4,4,4,4,2,2,2,2,2,2,2,4,4,4,4,4,2,2,6,6,4,4,4,4,4,4,2,2,2,2,2,2,4,4,2,2,4,2,2,2,2,4,4,4,4,4,4,4,4,4,4,2,2,4,4,4,4,2,2,4,4,4,4,4,4,4,2,2,4,4,2,2,4,4,4,4,4,2,4,4,2,2,2,2,2,2,2,2,2,4,4,4,4,2,2,2,2,4,2,4,4,2,2,2,2,2,2,2,2,2,2,4,4,4,2,2,4,4,4]",1.0,1.0,1.0,1.0,1.0,0.4933732249990566,0.3995204885809918,0.3995204885809918,0.294945765513411,2.2756359732791807,100.43661928911894,0.0029366357370549,2.275635973279181,0.0,0.294945765513411,0.0,0.0,0.0,0.001474728827567,100,0.01,1.0,295000,44100,86.00670741600152,0.3820432089996757,105.0339128329997,0.9999995604848334,4.39515166594795e-07,3.362912052487243,8.790301400107836e-07,3.362911533409088,1.9971810568373596,0.0009375661753655,6.017408793468348e-14,6.0285110237146e-14,1e-12,analysis/fermionic_structure_ablation_hgbs5.csv,1.3069481441529973e-07,5.178519082882284,3.3629120524872436
success,,Be-Be_2.04_hgbs-5_as-008-012,hamiltonian_generator/hgbs5_diatomic_basis_transfer/night/Be-Be/2.04/hgbs-5/Be-Be_2.04_hgbs-5_as-008-012.tensors.npz,Be-Be,2.04,hgbs-5,8,12,20,1580,2950,2296,0.7783050847457628,0,signed_parent_blocks_randomized,6,2990535502,"reference signed-fermionic parent-owned Pauli blocks preserved internally and kept contiguous, but whole parent blocks randomly permuted",e3e6129aade5106b,33c612b92ebacf62,"[1,1,1,1,1,1,1,1,1,1,1,1,1,1,1,1,1,1,4,1,1,1,1,1,1,1,1,1,1,1,1,1,1,1,1,1,1,1,1,1,1,1,1,1,1,1,1,1,1,1,1,1,1,1,1,1,1,1,1,1,1,1,1,1,1,1,1,1,1,1,1,1,1,1,1,1,1,1,1,1,1,1,1,1,2,2,1,1,1,1,1,1,1,1,2,2,1,1,1,1,1,1,1,1,1,1,1,1,1,1,1,1,1,1,1,1,1,1,1,1,1,1,1,1,1,1,1,1,1,1,1,1,1,1,1,1,1,1,1,1,1,1,1,1,1,1,1,1,1,1,1,1,1,1,1,1,4,1,1,1,1,1,1,1,1,1,1,1,1,1,1,1,1,1,1,1,1,4,4,2,1,1,1,1,1,1,1,1,1,1,1,1,1,1,1,1,1,1,1,1,1,1,1,1,1,1,1,1,1,1,1,2,2,2,1,1,4,1,1,1,1,1,1,4,4,2,4,4,4,2,2,4,2,2,2,2,4,2,2,2,2,4,4,2,2,2,2,2,2,2,2,2,2,4,2,2,2,2,2,2,4,4,4,4,4,4,4,4,2,4,4,6,6,6,6,4,4,4,4,4,4,4,4,4,4,4,6,6,4,4,4,4,4,6,6,6,6,4,4,4,4,2,2,2,4,4,6,6,4,4,6,6,6,6,4,4,4,4,4,4,2,2,2,2,6,6,4,2,2,2,2,2,2,4,4,2,2,6,6,4,4,4,4,4,4,4,4,4,4,4,4,4,4,4,4,4,4,4,4,4,4,4,4,4,4,6,6,4,4,4,6,6,4,4,4,4,4,4,4,4,4,4,4,2,2,2,2,4,4,4,4,4,4,2,2,4,4,4,4,2,2,2,2,4,4,4,4,4,4,4,4,4,4,4,4,4,4,4,4,4,4,4,4,4,4,4,4,4,4,4,4,4,2,2,2,2,2,2,2,2,4,4,4,4,4,6,6,4,4,4,4,4,4,2,2,2,2,6,6,6,6,2,2,2,2,4,4,2,4,4,4,4,4,4,4,4,2,2,4,4,4,4,4,4,6,6,6,6,6,6,2,2,2,2,4,4,4,4,6,6,6,6,4,4,4,4,6,6,4,4,4,4,4,4,4,4,4,4,4,2,2,2,4,4,4,4,6,6,4,4,4,4,4,4,4,4,4,2,2,6,6,4,4,4,4,4,4,4,4,4,4,4,4,4,4,2,4,4,4,4,4,4,4,4,4,4,4,4,4,4,4,4,4,4,6,6,6,6,4,4,4,4,4,4,4,4,4,4,6,6,6,6,4,4,4,4,4,4,4,4,4,4,4,4,4,4,4,4,4,4,6,6,6,6,4,4,4,4,6,6,2,2,2,2,2,4,4,4,4,4,4,4,4,4,4,2,2,6,6,4,4,4,4,2,2,6,6,4,4,2,2,2,2,6,6,4,4,4,4,4,4,4,4,4,4,4,4,4,4,4,4,4,4,4,6,6,4,4,2,2,2,2,4,4,2,2,2,2,2,2,2,2,4,4,4,4,4,4,4,4,4,4,4,4,4,6,6,2,6,6,4,4,2,2,2,2,2,2,2,2,6,6,4,4,6,6,6,6,4,4,4,4,2,2,2,2,2,4,6,6,6,6,2,2,2,2,2,2,6,6,6,6,4,4,2,2,4,4,4,4,2,2,2,2,4,4,4,4,6,6,4,4,4,4,4,4,4,6,6,4,4,4,4,4,4,4,4,2,2,4,4,2,2,2,2,2,4,4,4,4,2,2,2,2,2,2,4,4,4,4,4,4,2,2,4,4,2,2,4,4,4,4,4,4,2,2,2,2,2,2,2,4,2,2,2,4,4,4,2,2,2,2,2,2,2,2,4,4,4,4,2,2,2,2,2,2,2,4,4,4,4,4,2,2,6,6,4,4,4,4,4,4,2,2,2,2,2,2,4,4,2,2,4,2,2,2,2,4,4,4,4,4,4,4,4,4,4,2,2,4,4,4,4,2,2,4,4,4,4,4,4,4,2,2,4,4,2,2,4,4,4,4,4,2,4,4,2,2,2,2,2,2,2,2,2,4,4,4,4,2,2,2,2,4,2,4,4,2,2,2,2,2,2,2,2,2,2,4,4,4,2,2,4,4,4]",1.0,1.0,1.0,1.0,1.0,0.5108323795389085,0.59897370931156,0.59897370931156,0.2900454944402278,2.2378282322067022,100.43661928911894,0.0028878460515013,2.2378282322067022,0.0,0.2900454944402278,0.0,0.0,0.0,0.0014502274722011,100,0.01,1.0,295000,44100,86.00670741600152,0.3820432089996757,107.0944244580005,0.9999997155669156,2.844330843077003e-07,2.176314994440998,5.688660876801421e-07,2.176314827158699,1.9971822050504515,0.0007542321715595,7.693845560652336e-14,7.671641100159833e-14,1e-12,analysis/fermionic_structure_ablation_hgbs5.csv,1.3069481441529973e-07,5.007875196861374,2.176314994440998
success,,Be-Be_2.04_hgbs-5_as-008-012,hamiltonian_generator/hgbs5_diatomic_basis_transfer/night/Be-Be/2.04/hgbs-5/Be-Be_2.04_hgbs-5_as-008-012.tensors.npz,Be-Be,2.04,hgbs-5,8,12,20,1580,2950,2296,0.7783050847457628,0,signed_parent_blocks_randomized,7,372804697,"reference signed-fermionic parent-owned Pauli blocks preserved internally and kept contiguous, but whole parent blocks randomly permuted",253f81d7dfe41f5a,3982717f0e811bbb,"[1,1,1,1,1,1,1,1,1,1,1,1,1,1,1,1,1,1,4,1,1,1,1,1,1,1,1,1,1,1,1,1,1,1,1,1,1,1,1,1,1,1,1,1,1,1,1,1,1,1,1,1,1,1,1,1,1,1,1,1,1,1,1,1,1,1,1,1,1,1,1,1,1,1,1,1,1,1,1,1,1,1,1,1,2,2,1,1,1,1,1,1,1,1,2,2,1,1,1,1,1,1,1,1,1,1,1,1,1,1,1,1,1,1,1,1,1,1,1,1,1,1,1,1,1,1,1,1,1,1,1,1,1,1,1,1,1,1,1,1,1,1,1,1,1,1,1,1,1,1,1,1,1,1,1,1,4,1,1,1,1,1,1,1,1,1,1,1,1,1,1,1,1,1,1,1,1,4,4,2,1,1,1,1,1,1,1,1,1,1,1,1,1,1,1,1,1,1,1,1,1,1,1,1,1,1,1,1,1,1,1,2,2,2,1,1,4,1,1,1,1,1,1,4,4,2,4,4,4,2,2,4,2,2,2,2,4,2,2,2,2,4,4,2,2,2,2,2,2,2,2,2,2,4,2,2,2,2,2,2,4,4,4,4,4,4,4,4,2,4,4,6,6,6,6,4,4,4,4,4,4,4,4,4,4,4,6,6,4,4,4,4,4,6,6,6,6,4,4,4,4,2,2,2,4,4,6,6,4,4,6,6,6,6,4,4,4,4,4,4,2,2,2,2,6,6,4,2,2,2,2,2,2,4,4,2,2,6,6,4,4,4,4,4,4,4,4,4,4,4,4,4,4,4,4,4,4,4,4,4,4,4,4,4,4,6,6,4,4,4,6,6,4,4,4,4,4,4,4,4,4,4,4,2,2,2,2,4,4,4,4,4,4,2,2,4,4,4,4,2,2,2,2,4,4,4,4,4,4,4,4,4,4,4,4,4,4,4,4,4,4,4,4,4,4,4,4,4,4,4,4,4,2,2,2,2,2,2,2,2,4,4,4,4,4,6,6,4,4,4,4,4,4,2,2,2,2,6,6,6,6,2,2,2,2,4,4,2,4,4,4,4,4,4,4,4,2,2,4,4,4,4,4,4,6,6,6,6,6,6,2,2,2,2,4,4,4,4,6,6,6,6,4,4,4,4,6,6,4,4,4,4,4,4,4,4,4,4,4,2,2,2,4,4,4,4,6,6,4,4,4,4,4,4,4,4,4,2,2,6,6,4,4,4,4,4,4,4,4,4,4,4,4,4,4,2,4,4,4,4,4,4,4,4,4,4,4,4,4,4,4,4,4,4,6,6,6,6,4,4,4,4,4,4,4,4,4,4,6,6,6,6,4,4,4,4,4,4,4,4,4,4,4,4,4,4,4,4,4,4,6,6,6,6,4,4,4,4,6,6,2,2,2,2,2,4,4,4,4,4,4,4,4,4,4,2,2,6,6,4,4,4,4,2,2,6,6,4,4,2,2,2,2,6,6,4,4,4,4,4,4,4,4,4,4,4,4,4,4,4,4,4,4,4,6,6,4,4,2,2,2,2,4,4,2,2,2,2,2,2,2,2,4,4,4,4,4,4,4,4,4,4,4,4,4,6,6,2,6,6,4,4,2,2,2,2,2,2,2,2,6,6,4,4,6,6,6,6,4,4,4,4,2,2,2,2,2,4,6,6,6,6,2,2,2,2,2,2,6,6,6,6,4,4,2,2,4,4,4,4,2,2,2,2,4,4,4,4,6,6,4,4,4,4,4,4,4,6,6,4,4,4,4,4,4,4,4,2,2,4,4,2,2,2,2,2,4,4,4,4,2,2,2,2,2,2,4,4,4,4,4,4,2,2,4,4,2,2,4,4,4,4,4,4,2,2,2,2,2,2,2,4,2,2,2,4,4,4,2,2,2,2,2,2,2,2,4,4,4,4,2,2,2,2,2,2,2,4,4,4,4,4,2,2,6,6,4,4,4,4,4,4,2,2,2,2,2,2,4,4,2,2,4,2,2,2,2,4,4,4,4,4,4,4,4,4,4,2,2,4,4,4,4,2,2,4,4,4,4,4,4,4,2,2,4,4,2,2,4,4,4,4,4,2,4,4,2,2,2,2,2,2,2,2,2,4,4,4,4,2,2,2,2,4,2,4,4,2,2,2,2,2,2,2,2,2,2,4,4,4,2,2,4,4,4]",1.0,1.0,1.0,1.0,1.0,0.4961339882022966,0.364820568491341,0.364820568491341,0.3222481765537778,2.4862860519896293,100.43661928911894,0.0032084729537356,2.4862860519896293,0.0,0.3222481765537778,0.0,0.0,0.0,0.0016112408827688,100,0.01,1.0,295000,44100,86.00670741600152,0.3820432089996757,105.51899345899984,0.9999998398504276,1.6014957249232967e-07,1.2253705184004744,3.202991193385074e-07,1.225370500437023,1.9971828222677128,0.0005659497724928,3.2751579226442124e-14,3.26405569239796e-14,1e-12,analysis/fermionic_structure_ablation_hgbs5.csv,1.3069481441529973e-07,6.181618332318178,1.2253705184004746
success,,Be-Be_2.04_hgbs-5_as-008-012,hamiltonian_generator/hgbs5_diatomic_basis_transfer/night/Be-Be/2.04/hgbs-5/Be-Be_2.04_hgbs-5_as-008-012.tensors.npz,Be-Be,2.04,hgbs-5,8,12,20,1580,2950,2296,0.7783050847457628,0,signed_parent_blocks_randomized,8,841528269,"reference signed-fermionic parent-owned Pauli blocks preserved internally and kept contiguous, but whole parent blocks randomly permuted",d681f1e7f7a94473,c83d45c19cc8e4e1,"[1,1,1,1,1,1,1,1,1,1,1,1,1,1,1,1,1,1,4,1,1,1,1,1,1,1,1,1,1,1,1,1,1,1,1,1,1,1,1,1,1,1,1,1,1,1,1,1,1,1,1,1,1,1,1,1,1,1,1,1,1,1,1,1,1,1,1,1,1,1,1,1,1,1,1,1,1,1,1,1,1,1,1,1,2,2,1,1,1,1,1,1,1,1,2,2,1,1,1,1,1,1,1,1,1,1,1,1,1,1,1,1,1,1,1,1,1,1,1,1,1,1,1,1,1,1,1,1,1,1,1,1,1,1,1,1,1,1,1,1,1,1,1,1,1,1,1,1,1,1,1,1,1,1,1,1,4,1,1,1,1,1,1,1,1,1,1,1,1,1,1,1,1,1,1,1,1,4,4,2,1,1,1,1,1,1,1,1,1,1,1,1,1,1,1,1,1,1,1,1,1,1,1,1,1,1,1,1,1,1,1,2,2,2,1,1,4,1,1,1,1,1,1,4,4,2,4,4,4,2,2,4,2,2,2,2,4,2,2,2,2,4,4,2,2,2,2,2,2,2,2,2,2,4,2,2,2,2,2,2,4,4,4,4,4,4,4,4,2,4,4,6,6,6,6,4,4,4,4,4,4,4,4,4,4,4,6,6,4,4,4,4,4,6,6,6,6,4,4,4,4,2,2,2,4,4,6,6,4,4,6,6,6,6,4,4,4,4,4,4,2,2,2,2,6,6,4,2,2,2,2,2,2,4,4,2,2,6,6,4,4,4,4,4,4,4,4,4,4,4,4,4,4,4,4,4,4,4,4,4,4,4,4,4,4,6,6,4,4,4,6,6,4,4,4,4,4,4,4,4,4,4,4,2,2,2,2,4,4,4,4,4,4,2,2,4,4,4,4,2,2,2,2,4,4,4,4,4,4,4,4,4,4,4,4,4,4,4,4,4,4,4,4,4,4,4,4,4,4,4,4,4,2,2,2,2,2,2,2,2,4,4,4,4,4,6,6,4,4,4,4,4,4,2,2,2,2,6,6,6,6,2,2,2,2,4,4,2,4,4,4,4,4,4,4,4,2,2,4,4,4,4,4,4,6,6,6,6,6,6,2,2,2,2,4,4,4,4,6,6,6,6,4,4,4,4,6,6,4,4,4,4,4,4,4,4,4,4,4,2,2,2,4,4,4,4,6,6,4,4,4,4,4,4,4,4,4,2,2,6,6,4,4,4,4,4,4,4,4,4,4,4,4,4,4,2,4,4,4,4,4,4,4,4,4,4,4,4,4,4,4,4,4,4,6,6,6,6,4,4,4,4,4,4,4,4,4,4,6,6,6,6,4,4,4,4,4,4,4,4,4,4,4,4,4,4,4,4,4,4,6,6,6,6,4,4,4,4,6,6,2,2,2,2,2,4,4,4,4,4,4,4,4,4,4,2,2,6,6,4,4,4,4,2,2,6,6,4,4,2,2,2,2,6,6,4,4,4,4,4,4,4,4,4,4,4,4,4,4,4,4,4,4,4,6,6,4,4,2,2,2,2,4,4,2,2,2,2,2,2,2,2,4,4,4,4,4,4,4,4,4,4,4,4,4,6,6,2,6,6,4,4,2,2,2,2,2,2,2,2,6,6,4,4,6,6,6,6,4,4,4,4,2,2,2,2,2,4,6,6,6,6,2,2,2,2,2,2,6,6,6,6,4,4,2,2,4,4,4,4,2,2,2,2,4,4,4,4,6,6,4,4,4,4,4,4,4,6,6,4,4,4,4,4,4,4,4,2,2,4,4,2,2,2,2,2,4,4,4,4,2,2,2,2,2,2,4,4,4,4,4,4,2,2,4,4,2,2,4,4,4,4,4,4,2,2,2,2,2,2,2,4,2,2,2,4,4,4,2,2,2,2,2,2,2,2,4,4,4,4,2,2,2,2,2,2,2,4,4,4,4,4,2,2,6,6,4,4,4,4,4,4,2,2,2,2,2,2,4,4,2,2,4,2,2,2,2,4,4,4,4,4,4,4,4,4,4,2,2,4,4,4,4,2,2,4,4,4,4,4,4,4,2,2,4,4,2,2,4,4,4,4,4,2,4,4,2,2,2,2,2,2,2,2,2,4,4,4,4,2,2,2,2,4,2,4,4,2,2,2,2,2,2,2,2,2,2,4,4,4,2,2,4,4,4]",1.0,1.0,1.0,1.0,1.0,0.5029903027406392,0.505791641006094,0.505791641006094,0.2325806711105918,1.794461910471507,100.43661928911894,0.0023156959359721,1.7944619104715072,0.0,0.2325806711105918,0.0,0.0,0.0,0.0011629033555529,100,0.01,1.0,295000,44100,86.00670741600152,0.3820432089996757,108.05253745899972,0.9999997499157344,2.5008426551842433e-07,1.913497996360813,5.001684685312924e-07,1.91349788239435,1.997182592417832,0.0007072259405853,1.7053025658242404e-13,1.7086332348981162e-13,1e-12,analysis/fermionic_structure_ablation_hgbs5.csv,1.3069481441529973e-07,3.2200935481330504,1.913497996360813
success,,Be-Be_2.04_hgbs-5_as-008-012,hamiltonian_generator/hgbs5_diatomic_basis_transfer/night/Be-Be/2.04/hgbs-5/Be-Be_2.04_hgbs-5_as-008-012.tensors.npz,Be-Be,2.04,hgbs-5,8,12,20,1580,2950,2296,0.7783050847457628,0,signed_parent_blocks_randomized,9,926695495,"reference signed-fermionic parent-owned Pauli blocks preserved internally and kept contiguous, but whole parent blocks randomly permuted",2f469d1ca29a3a14,74da3942296b154d,"[1,1,1,1,1,1,1,1,1,1,1,1,1,1,1,1,1,1,4,1,1,1,1,1,1,1,1,1,1,1,1,1,1,1,1,1,1,1,1,1,1,1,1,1,1,1,1,1,1,1,1,1,1,1,1,1,1,1,1,1,1,1,1,1,1,1,1,1,1,1,1,1,1,1,1,1,1,1,1,1,1,1,1,1,2,2,1,1,1,1,1,1,1,1,2,2,1,1,1,1,1,1,1,1,1,1,1,1,1,1,1,1,1,1,1,1,1,1,1,1,1,1,1,1,1,1,1,1,1,1,1,1,1,1,1,1,1,1,1,1,1,1,1,1,1,1,1,1,1,1,1,1,1,1,1,1,4,1,1,1,1,1,1,1,1,1,1,1,1,1,1,1,1,1,1,1,1,4,4,2,1,1,1,1,1,1,1,1,1,1,1,1,1,1,1,1,1,1,1,1,1,1,1,1,1,1,1,1,1,1,1,2,2,2,1,1,4,1,1,1,1,1,1,4,4,2,4,4,4,2,2,4,2,2,2,2,4,2,2,2,2,4,4,2,2,2,2,2,2,2,2,2,2,4,2,2,2,2,2,2,4,4,4,4,4,4,4,4,2,4,4,6,6,6,6,4,4,4,4,4,4,4,4,4,4,4,6,6,4,4,4,4,4,6,6,6,6,4,4,4,4,2,2,2,4,4,6,6,4,4,6,6,6,6,4,4,4,4,4,4,2,2,2,2,6,6,4,2,2,2,2,2,2,4,4,2,2,6,6,4,4,4,4,4,4,4,4,4,4,4,4,4,4,4,4,4,4,4,4,4,4,4,4,4,4,6,6,4,4,4,6,6,4,4,4,4,4,4,4,4,4,4,4,2,2,2,2,4,4,4,4,4,4,2,2,4,4,4,4,2,2,2,2,4,4,4,4,4,4,4,4,4,4,4,4,4,4,4,4,4,4,4,4,4,4,4,4,4,4,4,4,4,2,2,2,2,2,2,2,2,4,4,4,4,4,6,6,4,4,4,4,4,4,2,2,2,2,6,6,6,6,2,2,2,2,4,4,2,4,4,4,4,4,4,4,4,2,2,4,4,4,4,4,4,6,6,6,6,6,6,2,2,2,2,4,4,4,4,6,6,6,6,4,4,4,4,6,6,4,4,4,4,4,4,4,4,4,4,4,2,2,2,4,4,4,4,6,6,4,4,4,4,4,4,4,4,4,2,2,6,6,4,4,4,4,4,4,4,4,4,4,4,4,4,4,2,4,4,4,4,4,4,4,4,4,4,4,4,4,4,4,4,4,4,6,6,6,6,4,4,4,4,4,4,4,4,4,4,6,6,6,6,4,4,4,4,4,4,4,4,4,4,4,4,4,4,4,4,4,4,6,6,6,6,4,4,4,4,6,6,2,2,2,2,2,4,4,4,4,4,4,4,4,4,4,2,2,6,6,4,4,4,4,2,2,6,6,4,4,2,2,2,2,6,6,4,4,4,4,4,4,4,4,4,4,4,4,4,4,4,4,4,4,4,6,6,4,4,2,2,2,2,4,4,2,2,2,2,2,2,2,2,4,4,4,4,4,4,4,4,4,4,4,4,4,6,6,2,6,6,4,4,2,2,2,2,2,2,2,2,6,6,4,4,6,6,6,6,4,4,4,4,2,2,2,2,2,4,6,6,6,6,2,2,2,2,2,2,6,6,6,6,4,4,2,2,4,4,4,4,2,2,2,2,4,4,4,4,6,6,4,4,4,4,4,4,4,6,6,4,4,4,4,4,4,4,4,2,2,4,4,2,2,2,2,2,4,4,4,4,2,2,2,2,2,2,4,4,4,4,4,4,2,2,4,4,2,2,4,4,4,4,4,4,2,2,2,2,2,2,2,4,2,2,2,4,4,4,2,2,2,2,2,2,2,2,4,4,4,4,2,2,2,2,2,2,2,4,4,4,4,4,2,2,6,6,4,4,4,4,4,4,2,2,2,2,2,2,4,4,2,2,4,2,2,2,2,4,4,4,4,4,4,4,4,4,4,2,2,4,4,4,4,2,2,4,4,4,4,4,4,4,2,2,4,4,2,2,4,4,4,4,4,2,4,4,2,2,2,2,2,2,2,2,2,4,4,4,4,2,2,2,2,4,2,4,4,2,2,2,2,2,2,2,2,2,2,4,4,4,2,2,4,4,4]",1.0,1.0,1.0,1.0,1.0,0.5083105890047417,0.5775474995974402,0.5775474995974402,0.1712052484869465,1.3209235996079474,100.43661928911894,0.0017046098295494,1.3209235996079474,0.0,0.1712052484869465,0.0,0.0,0.0,0.0008560262424347,100,0.01,1.0,295000,44100,86.00670741600152,0.3820432089996757,109.14907920900076,0.9999998471510968,1.528489032009972e-07,1.169510082590576,3.056977830873109e-07,1.1695100698928205,1.9971817349805,0.0005528994541523,1.7208456881689926e-14,1.7319479184152442e-14,1e-12,analysis/fermionic_structure_ablation_hgbs5.csv,1.3069481441529973e-07,1.7448391560012169,1.169510082590576
success,,Be-Be_2.04_hgbs-5_as-008-012,hamiltonian_generator/hgbs5_diatomic_basis_transfer/night/Be-Be/2.04/hgbs-5/Be-Be_2.04_hgbs-5_as-008-012.tensors.npz,Be-Be,2.04,hgbs-5,8,12,20,1580,2950,2296,0.7783050847457628,0,signed_parent_blocks_randomized,10,1571478593,"reference signed-fermionic parent-owned Pauli blocks preserved internally and kept contiguous, but whole parent blocks randomly permuted",7aaa9da5ecf9749a,c3fa473ab2a99785,"[1,1,1,1,1,1,1,1,1,1,1,1,1,1,1,1,1,1,4,1,1,1,1,1,1,1,1,1,1,1,1,1,1,1,1,1,1,1,1,1,1,1,1,1,1,1,1,1,1,1,1,1,1,1,1,1,1,1,1,1,1,1,1,1,1,1,1,1,1,1,1,1,1,1,1,1,1,1,1,1,1,1,1,1,2,2,1,1,1,1,1,1,1,1,2,2,1,1,1,1,1,1,1,1,1,1,1,1,1,1,1,1,1,1,1,1,1,1,1,1,1,1,1,1,1,1,1,1,1,1,1,1,1,1,1,1,1,1,1,1,1,1,1,1,1,1,1,1,1,1,1,1,1,1,1,1,4,1,1,1,1,1,1,1,1,1,1,1,1,1,1,1,1,1,1,1,1,4,4,2,1,1,1,1,1,1,1,1,1,1,1,1,1,1,1,1,1,1,1,1,1,1,1,1,1,1,1,1,1,1,1,2,2,2,1,1,4,1,1,1,1,1,1,4,4,2,4,4,4,2,2,4,2,2,2,2,4,2,2,2,2,4,4,2,2,2,2,2,2,2,2,2,2,4,2,2,2,2,2,2,4,4,4,4,4,4,4,4,2,4,4,6,6,6,6,4,4,4,4,4,4,4,4,4,4,4,6,6,4,4,4,4,4,6,6,6,6,4,4,4,4,2,2,2,4,4,6,6,4,4,6,6,6,6,4,4,4,4,4,4,2,2,2,2,6,6,4,2,2,2,2,2,2,4,4,2,2,6,6,4,4,4,4,4,4,4,4,4,4,4,4,4,4,4,4,4,4,4,4,4,4,4,4,4,4,6,6,4,4,4,6,6,4,4,4,4,4,4,4,4,4,4,4,2,2,2,2,4,4,4,4,4,4,2,2,4,4,4,4,2,2,2,2,4,4,4,4,4,4,4,4,4,4,4,4,4,4,4,4,4,4,4,4,4,4,4,4,4,4,4,4,4,2,2,2,2,2,2,2,2,4,4,4,4,4,6,6,4,4,4,4,4,4,2,2,2,2,6,6,6,6,2,2,2,2,4,4,2,4,4,4,4,4,4,4,4,2,2,4,4,4,4,4,4,6,6,6,6,6,6,2,2,2,2,4,4,4,4,6,6,6,6,4,4,4,4,6,6,4,4,4,4,4,4,4,4,4,4,4,2,2,2,4,4,4,4,6,6,4,4,4,4,4,4,4,4,4,2,2,6,6,4,4,4,4,4,4,4,4,4,4,4,4,4,4,2,4,4,4,4,4,4,4,4,4,4,4,4,4,4,4,4,4,4,6,6,6,6,4,4,4,4,4,4,4,4,4,4,6,6,6,6,4,4,4,4,4,4,4,4,4,4,4,4,4,4,4,4,4,4,6,6,6,6,4,4,4,4,6,6,2,2,2,2,2,4,4,4,4,4,4,4,4,4,4,2,2,6,6,4,4,4,4,2,2,6,6,4,4,2,2,2,2,6,6,4,4,4,4,4,4,4,4,4,4,4,4,4,4,4,4,4,4,4,6,6,4,4,2,2,2,2,4,4,2,2,2,2,2,2,2,2,4,4,4,4,4,4,4,4,4,4,4,4,4,6,6,2,6,6,4,4,2,2,2,2,2,2,2,2,6,6,4,4,6,6,6,6,4,4,4,4,2,2,2,2,2,4,6,6,6,6,2,2,2,2,2,2,6,6,6,6,4,4,2,2,4,4,4,4,2,2,2,2,4,4,4,4,6,6,4,4,4,4,4,4,4,6,6,4,4,4,4,4,4,4,4,2,2,4,4,2,2,2,2,2,4,4,4,4,2,2,2,2,2,2,4,4,4,4,4,4,2,2,4,4,2,2,4,4,4,4,4,4,2,2,2,2,2,2,2,4,2,2,2,4,4,4,2,2,2,2,2,2,2,2,4,4,4,4,2,2,2,2,2,2,2,4,4,4,4,4,2,2,6,6,4,4,4,4,4,4,2,2,2,2,2,2,4,4,2,2,4,2,2,2,2,4,4,4,4,4,4,4,4,4,4,2,2,4,4,4,4,2,2,4,4,4,4,4,4,4,2,2,4,4,2,2,4,4,4,4,4,2,4,4,2,2,2,2,2,2,2,2,2,4,4,4,4,2,2,2,2,4,2,4,4,2,2,2,2,2,2,2,2,2,2,4,4,4,2,2,4,4,4]",1.0,1.0,1.0,1.0,1.0,0.5027529022601783,0.4384139677057785,0.4384139677057785,0.3171338035318147,2.4468264204560524,100.43661928911894,0.00315755155616,2.4468264204560524,0.0,0.3171338035318147,0.0,0.0,0.0,0.001585669017659,100,0.01,1.0,295000,44100,86.00670741600152,0.3820432089996757,105.80621475000044,0.9999996827234088,3.17276591332849e-07,2.4276142305436963,6.345530819684697e-07,2.427614004095321,1.9971837150755265,0.0007965884650594,0.0,0.0,1e-12,analysis/fermionic_structure_ablation_hgbs5.csv,1.3069481441529973e-07,5.986959531841778,2.4276142305436963
success,,Be-Be_2.04_hgbs-5_as-008-012,hamiltonian_generator/hgbs5_diatomic_basis_transfer/night/Be-Be/2.04/hgbs-5/Be-Be_2.04_hgbs-5_as-008-012.tensors.npz,Be-Be,2.04,hgbs-5,8,12,20,1580,2950,2296,0.7783050847457628,0,signed_parent_blocks_randomized,11,3560399699,"reference signed-fermionic parent-owned Pauli blocks preserved internally and kept contiguous, but whole parent blocks randomly permuted",c7648eab12e86a1b,0f69243c5d6ed1ca,"[1,1,1,1,1,1,1,1,1,1,1,1,1,1,1,1,1,1,4,1,1,1,1,1,1,1,1,1,1,1,1,1,1,1,1,1,1,1,1,1,1,1,1,1,1,1,1,1,1,1,1,1,1,1,1,1,1,1,1,1,1,1,1,1,1,1,1,1,1,1,1,1,1,1,1,1,1,1,1,1,1,1,1,1,2,2,1,1,1,1,1,1,1,1,2,2,1,1,1,1,1,1,1,1,1,1,1,1,1,1,1,1,1,1,1,1,1,1,1,1,1,1,1,1,1,1,1,1,1,1,1,1,1,1,1,1,1,1,1,1,1,1,1,1,1,1,1,1,1,1,1,1,1,1,1,1,4,1,1,1,1,1,1,1,1,1,1,1,1,1,1,1,1,1,1,1,1,4,4,2,1,1,1,1,1,1,1,1,1,1,1,1,1,1,1,1,1,1,1,1,1,1,1,1,1,1,1,1,1,1,1,2,2,2,1,1,4,1,1,1,1,1,1,4,4,2,4,4,4,2,2,4,2,2,2,2,4,2,2,2,2,4,4,2,2,2,2,2,2,2,2,2,2,4,2,2,2,2,2,2,4,4,4,4,4,4,4,4,2,4,4,6,6,6,6,4,4,4,4,4,4,4,4,4,4,4,6,6,4,4,4,4,4,6,6,6,6,4,4,4,4,2,2,2,4,4,6,6,4,4,6,6,6,6,4,4,4,4,4,4,2,2,2,2,6,6,4,2,2,2,2,2,2,4,4,2,2,6,6,4,4,4,4,4,4,4,4,4,4,4,4,4,4,4,4,4,4,4,4,4,4,4,4,4,4,6,6,4,4,4,6,6,4,4,4,4,4,4,4,4,4,4,4,2,2,2,2,4,4,4,4,4,4,2,2,4,4,4,4,2,2,2,2,4,4,4,4,4,4,4,4,4,4,4,4,4,4,4,4,4,4,4,4,4,4,4,4,4,4,4,4,4,2,2,2,2,2,2,2,2,4,4,4,4,4,6,6,4,4,4,4,4,4,2,2,2,2,6,6,6,6,2,2,2,2,4,4,2,4,4,4,4,4,4,4,4,2,2,4,4,4,4,4,4,6,6,6,6,6,6,2,2,2,2,4,4,4,4,6,6,6,6,4,4,4,4,6,6,4,4,4,4,4,4,4,4,4,4,4,2,2,2,4,4,4,4,6,6,4,4,4,4,4,4,4,4,4,2,2,6,6,4,4,4,4,4,4,4,4,4,4,4,4,4,4,2,4,4,4,4,4,4,4,4,4,4,4,4,4,4,4,4,4,4,6,6,6,6,4,4,4,4,4,4,4,4,4,4,6,6,6,6,4,4,4,4,4,4,4,4,4,4,4,4,4,4,4,4,4,4,6,6,6,6,4,4,4,4,6,6,2,2,2,2,2,4,4,4,4,4,4,4,4,4,4,2,2,6,6,4,4,4,4,2,2,6,6,4,4,2,2,2,2,6,6,4,4,4,4,4,4,4,4,4,4,4,4,4,4,4,4,4,4,4,6,6,4,4,2,2,2,2,4,4,2,2,2,2,2,2,2,2,4,4,4,4,4,4,4,4,4,4,4,4,4,6,6,2,6,6,4,4,2,2,2,2,2,2,2,2,6,6,4,4,6,6,6,6,4,4,4,4,2,2,2,2,2,4,6,6,6,6,2,2,2,2,2,2,6,6,6,6,4,4,2,2,4,4,4,4,2,2,2,2,4,4,4,4,6,6,4,4,4,4,4,4,4,6,6,4,4,4,4,4,4,4,4,2,2,4,4,2,2,2,2,2,4,4,4,4,2,2,2,2,2,2,4,4,4,4,4,4,2,2,4,4,2,2,4,4,4,4,4,4,2,2,2,2,2,2,2,4,2,2,2,4,4,4,2,2,2,2,2,2,2,2,4,4,4,4,2,2,2,2,2,2,2,4,4,4,4,4,2,2,6,6,4,4,4,4,4,4,2,2,2,2,2,2,4,4,2,2,4,2,2,2,2,4,4,4,4,4,4,4,4,4,4,2,2,4,4,4,4,2,2,4,4,4,4,4,4,4,2,2,4,4,2,2,4,4,4,4,4,2,4,4,2,2,2,2,2,2,2,2,2,4,4,4,4,2,2,2,2,4,2,4,4,2,2,2,2,2,2,2,2,2,2,4,4,4,2,2,4,4,4]",1.0,1.0,1.0,1.0,1.0,0.4932568830417447,0.4700428804915325,0.4700428804915325,0.2273103790828202,1.7537992954066428,100.43661928911894,0.0022632221264684,1.7537992954066428,0.0,0.2273103790828202,0.0,0.0,0.0,0.0011365518954141,100,0.01,1.0,295000,44100,86.00670741600152,0.3820432089996757,105.43075420800052,0.9999998392236406,1.607763594480005e-07,1.2301663242514944,3.215526930278046e-07,1.230166305752258,1.9971835423608153,0.0005670561867187,0.0,0.0,1e-12,analysis/fermionic_structure_ablation_hgbs5.csv,1.3069481441529973e-07,3.075811968568837,1.2301663242514944
success,,Be-Be_2.04_hgbs-5_as-008-012,hamiltonian_generator/hgbs5_diatomic_basis_transfer/night/Be-Be/2.04/hgbs-5/Be-Be_2.04_hgbs-5_as-008-012.tensors.npz,Be-Be,2.04,hgbs-5,8,12,20,1580,2950,2296,0.7783050847457628,0,signed_parent_blocks_randomized,12,4089565082,"reference signed-fermionic parent-owned Pauli blocks preserved internally and kept contiguous, but whole parent blocks randomly permuted",80e17fc90f2c5844,23db620a50dbbffb,"[1,1,1,1,1,1,1,1,1,1,1,1,1,1,1,1,1,1,4,1,1,1,1,1,1,1,1,1,1,1,1,1,1,1,1,1,1,1,1,1,1,1,1,1,1,1,1,1,1,1,1,1,1,1,1,1,1,1,1,1,1,1,1,1,1,1,1,1,1,1,1,1,1,1,1,1,1,1,1,1,1,1,1,1,2,2,1,1,1,1,1,1,1,1,2,2,1,1,1,1,1,1,1,1,1,1,1,1,1,1,1,1,1,1,1,1,1,1,1,1,1,1,1,1,1,1,1,1,1,1,1,1,1,1,1,1,1,1,1,1,1,1,1,1,1,1,1,1,1,1,1,1,1,1,1,1,4,1,1,1,1,1,1,1,1,1,1,1,1,1,1,1,1,1,1,1,1,4,4,2,1,1,1,1,1,1,1,1,1,1,1,1,1,1,1,1,1,1,1,1,1,1,1,1,1,1,1,1,1,1,1,2,2,2,1,1,4,1,1,1,1,1,1,4,4,2,4,4,4,2,2,4,2,2,2,2,4,2,2,2,2,4,4,2,2,2,2,2,2,2,2,2,2,4,2,2,2,2,2,2,4,4,4,4,4,4,4,4,2,4,4,6,6,6,6,4,4,4,4,4,4,4,4,4,4,4,6,6,4,4,4,4,4,6,6,6,6,4,4,4,4,2,2,2,4,4,6,6,4,4,6,6,6,6,4,4,4,4,4,4,2,2,2,2,6,6,4,2,2,2,2,2,2,4,4,2,2,6,6,4,4,4,4,4,4,4,4,4,4,4,4,4,4,4,4,4,4,4,4,4,4,4,4,4,4,6,6,4,4,4,6,6,4,4,4,4,4,4,4,4,4,4,4,2,2,2,2,4,4,4,4,4,4,2,2,4,4,4,4,2,2,2,2,4,4,4,4,4,4,4,4,4,4,4,4,4,4,4,4,4,4,4,4,4,4,4,4,4,4,4,4,4,2,2,2,2,2,2,2,2,4,4,4,4,4,6,6,4,4,4,4,4,4,2,2,2,2,6,6,6,6,2,2,2,2,4,4,2,4,4,4,4,4,4,4,4,2,2,4,4,4,4,4,4,6,6,6,6,6,6,2,2,2,2,4,4,4,4,6,6,6,6,4,4,4,4,6,6,4,4,4,4,4,4,4,4,4,4,4,2,2,2,4,4,4,4,6,6,4,4,4,4,4,4,4,4,4,2,2,6,6,4,4,4,4,4,4,4,4,4,4,4,4,4,4,2,4,4,4,4,4,4,4,4,4,4,4,4,4,4,4,4,4,4,6,6,6,6,4,4,4,4,4,4,4,4,4,4,6,6,6,6,4,4,4,4,4,4,4,4,4,4,4,4,4,4,4,4,4,4,6,6,6,6,4,4,4,4,6,6,2,2,2,2,2,4,4,4,4,4,4,4,4,4,4,2,2,6,6,4,4,4,4,2,2,6,6,4,4,2,2,2,2,6,6,4,4,4,4,4,4,4,4,4,4,4,4,4,4,4,4,4,4,4,6,6,4,4,2,2,2,2,4,4,2,2,2,2,2,2,2,2,4,4,4,4,4,4,4,4,4,4,4,4,4,6,6,2,6,6,4,4,2,2,2,2,2,2,2,2,6,6,4,4,6,6,6,6,4,4,4,4,2,2,2,2,2,4,6,6,6,6,2,2,2,2,2,2,6,6,6,6,4,4,2,2,4,4,4,4,2,2,2,2,4,4,4,4,6,6,4,4,4,4,4,4,4,6,6,4,4,4,4,4,4,4,4,2,2,4,4,2,2,2,2,2,4,4,4,4,2,2,2,2,2,2,4,4,4,4,4,4,2,2,4,4,2,2,4,4,4,4,4,4,2,2,2,2,2,2,2,4,2,2,2,4,4,4,2,2,2,2,2,2,2,2,4,4,4,4,2,2,2,2,2,2,2,4,4,4,4,4,2,2,6,6,4,4,4,4,4,4,2,2,2,2,2,2,4,4,2,2,4,2,2,2,2,4,4,4,4,4,4,4,4,4,4,2,2,4,4,4,4,2,2,4,4,4,4,4,4,4,2,2,4,4,2,2,4,4,4,4,4,2,4,4,2,2,2,2,2,2,2,2,2,4,4,4,4,2,2,2,2,4,2,4,4,2,2,2,2,2,2,2,2,2,2,4,4,4,2,2,4,4,4]",1.0,1.0,1.0,1.0,1.0,0.4996022362810822,0.5633733783581378,0.5633733783581378,0.1796211808381167,1.3858562097563585,100.43661928911894,0.0017884032946295,1.3858562097563585,0.0,0.1796211808381167,0.0,0.0,0.0,0.0008981059041905,100,0.01,1.0,295000,44100,86.00670741600152,0.3820432089996757,107.49237062499924,0.9999997463936466,2.5360635336202364e-07,1.9404469450192303,5.072126424421342e-07,1.9404468260196717,1.9971831467911485,0.0007121886735437,0.0,0.0,1e-12,analysis/fermionic_structure_ablation_hgbs5.csv,1.3069481441529973e-07,1.9205974341202598,1.9404469450192303
success,,Be-Be_2.04_hgbs-5_as-008-012,hamiltonian_generator/hgbs5_diatomic_basis_transfer/night/Be-Be/2.04/hgbs-5/Be-Be_2.04_hgbs-5_as-008-012.tensors.npz,Be-Be,2.04,hgbs-5,8,12,20,1580,2950,2296,0.7783050847457628,0,signed_parent_blocks_randomized,13,1050470543,"reference signed-fermionic parent-owned Pauli blocks preserved internally and kept contiguous, but whole parent blocks randomly permuted",6cd27a76864fd9a2,b8841bd5f1ccf027,"[1,1,1,1,1,1,1,1,1,1,1,1,1,1,1,1,1,1,4,1,1,1,1,1,1,1,1,1,1,1,1,1,1,1,1,1,1,1,1,1,1,1,1,1,1,1,1,1,1,1,1,1,1,1,1,1,1,1,1,1,1,1,1,1,1,1,1,1,1,1,1,1,1,1,1,1,1,1,1,1,1,1,1,1,2,2,1,1,1,1,1,1,1,1,2,2,1,1,1,1,1,1,1,1,1,1,1,1,1,1,1,1,1,1,1,1,1,1,1,1,1,1,1,1,1,1,1,1,1,1,1,1,1,1,1,1,1,1,1,1,1,1,1,1,1,1,1,1,1,1,1,1,1,1,1,1,4,1,1,1,1,1,1,1,1,1,1,1,1,1,1,1,1,1,1,1,1,4,4,2,1,1,1,1,1,1,1,1,1,1,1,1,1,1,1,1,1,1,1,1,1,1,1,1,1,1,1,1,1,1,1,2,2,2,1,1,4,1,1,1,1,1,1,4,4,2,4,4,4,2,2,4,2,2,2,2,4,2,2,2,2,4,4,2,2,2,2,2,2,2,2,2,2,4,2,2,2,2,2,2,4,4,4,4,4,4,4,4,2,4,4,6,6,6,6,4,4,4,4,4,4,4,4,4,4,4,6,6,4,4,4,4,4,6,6,6,6,4,4,4,4,2,2,2,4,4,6,6,4,4,6,6,6,6,4,4,4,4,4,4,2,2,2,2,6,6,4,2,2,2,2,2,2,4,4,2,2,6,6,4,4,4,4,4,4,4,4,4,4,4,4,4,4,4,4,4,4,4,4,4,4,4,4,4,4,6,6,4,4,4,6,6,4,4,4,4,4,4,4,4,4,4,4,2,2,2,2,4,4,4,4,4,4,2,2,4,4,4,4,2,2,2,2,4,4,4,4,4,4,4,4,4,4,4,4,4,4,4,4,4,4,4,4,4,4,4,4,4,4,4,4,4,2,2,2,2,2,2,2,2,4,4,4,4,4,6,6,4,4,4,4,4,4,2,2,2,2,6,6,6,6,2,2,2,2,4,4,2,4,4,4,4,4,4,4,4,2,2,4,4,4,4,4,4,6,6,6,6,6,6,2,2,2,2,4,4,4,4,6,6,6,6,4,4,4,4,6,6,4,4,4,4,4,4,4,4,4,4,4,2,2,2,4,4,4,4,6,6,4,4,4,4,4,4,4,4,4,2,2,6,6,4,4,4,4,4,4,4,4,4,4,4,4,4,4,2,4,4,4,4,4,4,4,4,4,4,4,4,4,4,4,4,4,4,6,6,6,6,4,4,4,4,4,4,4,4,4,4,6,6,6,6,4,4,4,4,4,4,4,4,4,4,4,4,4,4,4,4,4,4,6,6,6,6,4,4,4,4,6,6,2,2,2,2,2,4,4,4,4,4,4,4,4,4,4,2,2,6,6,4,4,4,4,2,2,6,6,4,4,2,2,2,2,6,6,4,4,4,4,4,4,4,4,4,4,4,4,4,4,4,4,4,4,4,6,6,4,4,2,2,2,2,4,4,2,2,2,2,2,2,2,2,4,4,4,4,4,4,4,4,4,4,4,4,4,6,6,2,6,6,4,4,2,2,2,2,2,2,2,2,6,6,4,4,6,6,6,6,4,4,4,4,2,2,2,2,2,4,6,6,6,6,2,2,2,2,2,2,6,6,6,6,4,4,2,2,4,4,4,4,2,2,2,2,4,4,4,4,6,6,4,4,4,4,4,4,4,6,6,4,4,4,4,4,4,4,4,2,2,4,4,2,2,2,2,2,4,4,4,4,2,2,2,2,2,2,4,4,4,4,4,4,2,2,4,4,2,2,4,4,4,4,4,4,2,2,2,2,2,2,2,4,2,2,2,4,4,4,2,2,2,2,2,2,2,2,4,4,4,4,2,2,2,2,2,2,2,4,4,4,4,4,2,2,6,6,4,4,4,4,4,4,2,2,2,2,2,2,4,4,2,2,4,2,2,2,2,4,4,4,4,4,4,4,4,4,4,2,2,4,4,4,4,2,2,4,4,4,4,4,4,4,2,2,4,4,2,2,4,4,4,4,4,2,4,4,2,2,2,2,2,2,2,2,2,4,4,4,4,2,2,2,2,4,2,4,4,2,2,2,2,2,2,2,2,2,2,4,4,4,2,2,4,4,4]",1.0,1.0,1.0,1.0,1.0,0.5081062044851397,0.5850979087500467,0.5850979087500467,0.3186087568398024,2.4582063322873733,100.43661928911894,0.0031722369698909,2.4582063322873733,0.0,0.3186087568398024,0.0,0.0,0.0,0.001593043784199,100,0.01,1.0,295000,44100,86.00670741600152,0.3820432089996757,106.81343050000032,0.9999997545679604,2.454320394695842e-07,1.877901893564744,4.90864018654058e-07,1.8779017857647236,1.9971832005609604,0.0007006169273855,8.637535131583719e-14,8.604228440844963e-14,1e-12,analysis/fermionic_structure_ablation_hgbs5.csv,1.3069481441529973e-07,6.0427783720977395,1.8779018935647442
success,,Be-Be_2.04_hgbs-5_as-008-012,hamiltonian_generator/hgbs5_diatomic_basis_transfer/night/Be-Be/2.04/hgbs-5/Be-Be_2.04_hgbs-5_as-008-012.tensors.npz,Be-Be,2.04,hgbs-5,8,12,20,1580,2950,2296,0.7783050847457628,0,signed_parent_blocks_randomized,14,3551389958,"reference signed-fermionic parent-owned Pauli blocks preserved internally and kept contiguous, but whole parent blocks randomly permuted",b5b589049ffc736c,017ebf736c544904,"[1,1,1,1,1,1,1,1,1,1,1,1,1,1,1,1,1,1,4,1,1,1,1,1,1,1,1,1,1,1,1,1,1,1,1,1,1,1,1,1,1,1,1,1,1,1,1,1,1,1,1,1,1,1,1,1,1,1,1,1,1,1,1,1,1,1,1,1,1,1,1,1,1,1,1,1,1,1,1,1,1,1,1,1,2,2,1,1,1,1,1,1,1,1,2,2,1,1,1,1,1,1,1,1,1,1,1,1,1,1,1,1,1,1,1,1,1,1,1,1,1,1,1,1,1,1,1,1,1,1,1,1,1,1,1,1,1,1,1,1,1,1,1,1,1,1,1,1,1,1,1,1,1,1,1,1,4,1,1,1,1,1,1,1,1,1,1,1,1,1,1,1,1,1,1,1,1,4,4,2,1,1,1,1,1,1,1,1,1,1,1,1,1,1,1,1,1,1,1,1,1,1,1,1,1,1,1,1,1,1,1,2,2,2,1,1,4,1,1,1,1,1,1,4,4,2,4,4,4,2,2,4,2,2,2,2,4,2,2,2,2,4,4,2,2,2,2,2,2,2,2,2,2,4,2,2,2,2,2,2,4,4,4,4,4,4,4,4,2,4,4,6,6,6,6,4,4,4,4,4,4,4,4,4,4,4,6,6,4,4,4,4,4,6,6,6,6,4,4,4,4,2,2,2,4,4,6,6,4,4,6,6,6,6,4,4,4,4,4,4,2,2,2,2,6,6,4,2,2,2,2,2,2,4,4,2,2,6,6,4,4,4,4,4,4,4,4,4,4,4,4,4,4,4,4,4,4,4,4,4,4,4,4,4,4,6,6,4,4,4,6,6,4,4,4,4,4,4,4,4,4,4,4,2,2,2,2,4,4,4,4,4,4,2,2,4,4,4,4,2,2,2,2,4,4,4,4,4,4,4,4,4,4,4,4,4,4,4,4,4,4,4,4,4,4,4,4,4,4,4,4,4,2,2,2,2,2,2,2,2,4,4,4,4,4,6,6,4,4,4,4,4,4,2,2,2,2,6,6,6,6,2,2,2,2,4,4,2,4,4,4,4,4,4,4,4,2,2,4,4,4,4,4,4,6,6,6,6,6,6,2,2,2,2,4,4,4,4,6,6,6,6,4,4,4,4,6,6,4,4,4,4,4,4,4,4,4,4,4,2,2,2,4,4,4,4,6,6,4,4,4,4,4,4,4,4,4,2,2,6,6,4,4,4,4,4,4,4,4,4,4,4,4,4,4,2,4,4,4,4,4,4,4,4,4,4,4,4,4,4,4,4,4,4,6,6,6,6,4,4,4,4,4,4,4,4,4,4,6,6,6,6,4,4,4,4,4,4,4,4,4,4,4,4,4,4,4,4,4,4,6,6,6,6,4,4,4,4,6,6,2,2,2,2,2,4,4,4,4,4,4,4,4,4,4,2,2,6,6,4,4,4,4,2,2,6,6,4,4,2,2,2,2,6,6,4,4,4,4,4,4,4,4,4,4,4,4,4,4,4,4,4,4,4,6,6,4,4,2,2,2,2,4,4,2,2,2,2,2,2,2,2,4,4,4,4,4,4,4,4,4,4,4,4,4,6,6,2,6,6,4,4,2,2,2,2,2,2,2,2,6,6,4,4,6,6,6,6,4,4,4,4,2,2,2,2,2,4,6,6,6,6,2,2,2,2,2,2,6,6,6,6,4,4,2,2,4,4,4,4,2,2,2,2,4,4,4,4,6,6,4,4,4,4,4,4,4,6,6,4,4,4,4,4,4,4,4,2,2,4,4,2,2,2,2,2,4,4,4,4,2,2,2,2,2,2,4,4,4,4,4,4,2,2,4,4,2,2,4,4,4,4,4,4,2,2,2,2,2,2,2,4,2,2,2,4,4,4,2,2,2,2,2,2,2,2,4,4,4,4,2,2,2,2,2,2,2,4,4,4,4,4,2,2,6,6,4,4,4,4,4,4,2,2,2,2,2,2,4,4,2,2,4,2,2,2,2,4,4,4,4,4,4,4,4,4,4,2,2,4,4,4,4,2,2,4,4,4,4,4,4,4,2,2,4,4,2,2,4,4,4,4,4,2,4,4,2,2,2,2,2,2,2,2,2,4,4,4,4,2,2,2,2,4,2,4,4,2,2,2,2,2,2,2,2,2,2,4,4,4,2,2,4,4,4]",1.0,1.0,1.0,1.0,1.0,0.5110634912649201,0.3966352933049225,0.3966352933049225,0.2298656113655923,1.7735140334454778,100.43661928911894,0.0022886633679285,1.7735140334454778,0.0,0.2298656113655923,0.0,0.0,0.0,0.0011493280568279,100,0.01,1.0,295000,44100,86.00670741600152,0.3820432089996757,106.70329466699876,0.9999994506757004,5.493242996035264e-07,4.203107078586738,1.0986482974484346e-06,4.203106199071029,1.997180011074663,0.0010481643951246,1.4155343563970748e-13,1.4166445794216997e-13,1e-12,analysis/fermionic_structure_ablation_hgbs5.csv,1.3069481441529973e-07,3.1453520268280473,4.203107078586738
success,,Be-Be_2.04_hgbs-5_as-008-012,hamiltonian_generator/hgbs5_diatomic_basis_transfer/night/Be-Be/2.04/hgbs-5/Be-Be_2.04_hgbs-5_as-008-012.tensors.npz,Be-Be,2.04,hgbs-5,8,12,20,1580,2950,2296,0.7783050847457628,0,signed_parent_blocks_randomized,15,701808153,"reference signed-fermionic parent-owned Pauli blocks preserved internally and kept contiguous, but whole parent blocks randomly permuted",8894437501dcc0e0,5fccc07c8f5c2cac,"[1,1,1,1,1,1,1,1,1,1,1,1,1,1,1,1,1,1,4,1,1,1,1,1,1,1,1,1,1,1,1,1,1,1,1,1,1,1,1,1,1,1,1,1,1,1,1,1,1,1,1,1,1,1,1,1,1,1,1,1,1,1,1,1,1,1,1,1,1,1,1,1,1,1,1,1,1,1,1,1,1,1,1,1,2,2,1,1,1,1,1,1,1,1,2,2,1,1,1,1,1,1,1,1,1,1,1,1,1,1,1,1,1,1,1,1,1,1,1,1,1,1,1,1,1,1,1,1,1,1,1,1,1,1,1,1,1,1,1,1,1,1,1,1,1,1,1,1,1,1,1,1,1,1,1,1,4,1,1,1,1,1,1,1,1,1,1,1,1,1,1,1,1,1,1,1,1,4,4,2,1,1,1,1,1,1,1,1,1,1,1,1,1,1,1,1,1,1,1,1,1,1,1,1,1,1,1,1,1,1,1,2,2,2,1,1,4,1,1,1,1,1,1,4,4,2,4,4,4,2,2,4,2,2,2,2,4,2,2,2,2,4,4,2,2,2,2,2,2,2,2,2,2,4,2,2,2,2,2,2,4,4,4,4,4,4,4,4,2,4,4,6,6,6,6,4,4,4,4,4,4,4,4,4,4,4,6,6,4,4,4,4,4,6,6,6,6,4,4,4,4,2,2,2,4,4,6,6,4,4,6,6,6,6,4,4,4,4,4,4,2,2,2,2,6,6,4,2,2,2,2,2,2,4,4,2,2,6,6,4,4,4,4,4,4,4,4,4,4,4,4,4,4,4,4,4,4,4,4,4,4,4,4,4,4,6,6,4,4,4,6,6,4,4,4,4,4,4,4,4,4,4,4,2,2,2,2,4,4,4,4,4,4,2,2,4,4,4,4,2,2,2,2,4,4,4,4,4,4,4,4,4,4,4,4,4,4,4,4,4,4,4,4,4,4,4,4,4,4,4,4,4,2,2,2,2,2,2,2,2,4,4,4,4,4,6,6,4,4,4,4,4,4,2,2,2,2,6,6,6,6,2,2,2,2,4,4,2,4,4,4,4,4,4,4,4,2,2,4,4,4,4,4,4,6,6,6,6,6,6,2,2,2,2,4,4,4,4,6,6,6,6,4,4,4,4,6,6,4,4,4,4,4,4,4,4,4,4,4,2,2,2,4,4,4,4,6,6,4,4,4,4,4,4,4,4,4,2,2,6,6,4,4,4,4,4,4,4,4,4,4,4,4,4,4,2,4,4,4,4,4,4,4,4,4,4,4,4,4,4,4,4,4,4,6,6,6,6,4,4,4,4,4,4,4,4,4,4,6,6,6,6,4,4,4,4,4,4,4,4,4,4,4,4,4,4,4,4,4,4,6,6,6,6,4,4,4,4,6,6,2,2,2,2,2,4,4,4,4,4,4,4,4,4,4,2,2,6,6,4,4,4,4,2,2,6,6,4,4,2,2,2,2,6,6,4,4,4,4,4,4,4,4,4,4,4,4,4,4,4,4,4,4,4,6,6,4,4,2,2,2,2,4,4,2,2,2,2,2,2,2,2,4,4,4,4,4,4,4,4,4,4,4,4,4,6,6,2,6,6,4,4,2,2,2,2,2,2,2,2,6,6,4,4,6,6,6,6,4,4,4,4,2,2,2,2,2,4,6,6,6,6,2,2,2,2,2,2,6,6,6,6,4,4,2,2,4,4,4,4,2,2,2,2,4,4,4,4,6,6,4,4,4,4,4,4,4,6,6,4,4,4,4,4,4,4,4,2,2,4,4,2,2,2,2,2,4,4,4,4,2,2,2,2,2,2,4,4,4,4,4,4,2,2,4,4,2,2,4,4,4,4,4,4,2,2,2,2,2,2,2,4,2,2,2,4,4,4,2,2,2,2,2,2,2,2,4,4,4,4,2,2,2,2,2,2,2,4,4,4,4,4,2,2,6,6,4,4,4,4,4,4,2,2,2,2,2,2,4,4,2,2,4,2,2,2,2,4,4,4,4,4,4,4,4,4,4,2,2,4,4,4,4,2,2,4,4,4,4,4,4,4,2,2,4,4,2,2,4,4,4,4,4,2,4,4,2,2,2,2,2,2,2,2,2,4,4,4,4,2,2,2,2,4,2,4,4,2,2,2,2,2,2,2,2,2,2,4,4,4,2,2,4,4,4]",1.0,1.0,1.0,1.0,1.0,0.4984749770460462,0.4974202804075598,0.4974202804075598,0.2226668069506443,1.717972099277544,100.43661928911894,0.0022169882710774,1.7179720992775438,0.0,0.2226668069506443,0.0,0.0,0.0,0.0011133340347532,100,0.01,1.0,295000,44100,86.00670741600152,0.3820432089996757,108.15763100000004,0.999999773113659,2.268863410481714e-07,1.7360010958599368,4.537726305819945e-07,1.7360010123325806,1.9971836219319277,0.0006736265152859,5.0071058410594566e-14,4.9960036108132044e-14,1e-12,analysis/fermionic_structure_ablation_hgbs5.csv,1.3069481441529973e-07,2.9514281338960915,1.7360010958599368
success,,Be-Be_2.04_hgbs-5_as-008-012,hamiltonian_generator/hgbs5_diatomic_basis_transfer/night/Be-Be/2.04/hgbs-5/Be-Be_2.04_hgbs-5_as-008-012.tensors.npz,Be-Be,2.04,hgbs-5,8,12,20,1580,2950,2296,0.7783050847457628,0,signed_parent_blocks_randomized,16,964120407,"reference signed-fermionic parent-owned Pauli blocks preserved internally and kept contiguous, but whole parent blocks randomly permuted",cbe3a6326ed49990,088e6b3c6f6d30e1,"[1,1,1,1,1,1,1,1,1,1,1,1,1,1,1,1,1,1,4,1,1,1,1,1,1,1,1,1,1,1,1,1,1,1,1,1,1,1,1,1,1,1,1,1,1,1,1,1,1,1,1,1,1,1,1,1,1,1,1,1,1,1,1,1,1,1,1,1,1,1,1,1,1,1,1,1,1,1,1,1,1,1,1,1,2,2,1,1,1,1,1,1,1,1,2,2,1,1,1,1,1,1,1,1,1,1,1,1,1,1,1,1,1,1,1,1,1,1,1,1,1,1,1,1,1,1,1,1,1,1,1,1,1,1,1,1,1,1,1,1,1,1,1,1,1,1,1,1,1,1,1,1,1,1,1,1,4,1,1,1,1,1,1,1,1,1,1,1,1,1,1,1,1,1,1,1,1,4,4,2,1,1,1,1,1,1,1,1,1,1,1,1,1,1,1,1,1,1,1,1,1,1,1,1,1,1,1,1,1,1,1,2,2,2,1,1,4,1,1,1,1,1,1,4,4,2,4,4,4,2,2,4,2,2,2,2,4,2,2,2,2,4,4,2,2,2,2,2,2,2,2,2,2,4,2,2,2,2,2,2,4,4,4,4,4,4,4,4,2,4,4,6,6,6,6,4,4,4,4,4,4,4,4,4,4,4,6,6,4,4,4,4,4,6,6,6,6,4,4,4,4,2,2,2,4,4,6,6,4,4,6,6,6,6,4,4,4,4,4,4,2,2,2,2,6,6,4,2,2,2,2,2,2,4,4,2,2,6,6,4,4,4,4,4,4,4,4,4,4,4,4,4,4,4,4,4,4,4,4,4,4,4,4,4,4,6,6,4,4,4,6,6,4,4,4,4,4,4,4,4,4,4,4,2,2,2,2,4,4,4,4,4,4,2,2,4,4,4,4,2,2,2,2,4,4,4,4,4,4,4,4,4,4,4,4,4,4,4,4,4,4,4,4,4,4,4,4,4,4,4,4,4,2,2,2,2,2,2,2,2,4,4,4,4,4,6,6,4,4,4,4,4,4,2,2,2,2,6,6,6,6,2,2,2,2,4,4,2,4,4,4,4,4,4,4,4,2,2,4,4,4,4,4,4,6,6,6,6,6,6,2,2,2,2,4,4,4,4,6,6,6,6,4,4,4,4,6,6,4,4,4,4,4,4,4,4,4,4,4,2,2,2,4,4,4,4,6,6,4,4,4,4,4,4,4,4,4,2,2,6,6,4,4,4,4,4,4,4,4,4,4,4,4,4,4,2,4,4,4,4,4,4,4,4,4,4,4,4,4,4,4,4,4,4,6,6,6,6,4,4,4,4,4,4,4,4,4,4,6,6,6,6,4,4,4,4,4,4,4,4,4,4,4,4,4,4,4,4,4,4,6,6,6,6,4,4,4,4,6,6,2,2,2,2,2,4,4,4,4,4,4,4,4,4,4,2,2,6,6,4,4,4,4,2,2,6,6,4,4,2,2,2,2,6,6,4,4,4,4,4,4,4,4,4,4,4,4,4,4,4,4,4,4,4,6,6,4,4,2,2,2,2,4,4,2,2,2,2,2,2,2,2,4,4,4,4,4,4,4,4,4,4,4,4,4,6,6,2,6,6,4,4,2,2,2,2,2,2,2,2,6,6,4,4,6,6,6,6,4,4,4,4,2,2,2,2,2,4,6,6,6,6,2,2,2,2,2,2,6,6,6,6,4,4,2,2,4,4,4,4,2,2,2,2,4,4,4,4,6,6,4,4,4,4,4,4,4,6,6,4,4,4,4,4,4,4,4,2,2,4,4,2,2,2,2,2,4,4,4,4,2,2,2,2,2,2,4,4,4,4,4,4,2,2,4,4,2,2,4,4,4,4,4,4,2,2,2,2,2,2,2,4,2,2,2,4,4,4,2,2,2,2,2,2,2,2,4,4,4,4,2,2,2,2,2,2,2,4,4,4,4,4,2,2,6,6,4,4,4,4,4,4,2,2,2,2,2,2,4,4,2,2,4,2,2,2,2,4,4,4,4,4,4,4,4,4,4,2,2,4,4,4,4,2,2,4,4,4,4,4,4,4,2,2,4,4,2,2,4,4,4,4,4,2,4,4,2,2,2,2,2,2,2,2,2,4,4,4,4,2,2,2,2,4,2,4,4,2,2,2,2,2,2,2,2,2,2,4,4,4,2,2,4,4,4]",1.0,1.0,1.0,1.0,1.0,0.5131120530267775,0.5162779665396519,0.5162779665396519,0.2011571465602345,1.5520156331040735,100.43661928911894,0.0020028267377377,1.5520156331040738,0.0,0.2011571465602345,0.0,0.0,0.0,0.0010057857328011,100,0.01,1.0,295000,44100,86.00670741600152,0.3820432089996757,108.28247962500063,0.9999996561272896,3.4387271052871426e-07,2.6311121222913565,6.877453028186764e-07,2.631111842045006,1.997185612674564,0.0008293041788496,3.141931159689193e-14,3.1752378504279483e-14,1e-12,analysis/fermionic_structure_ablation_hgbs5.csv,1.3069481441529973e-07,2.4087525253994384,2.6311121222913565
success,,Be-Be_2.04_hgbs-5_as-008-012,hamiltonian_generator/hgbs5_diatomic_basis_transfer/night/Be-Be/2.04/hgbs-5/Be-Be_2.04_hgbs-5_as-008-012.tensors.npz,Be-Be,2.04,hgbs-5,8,12,20,1580,2950,2296,0.7783050847457628,0,signed_parent_blocks_randomized,17,3679330772,"reference signed-fermionic parent-owned Pauli blocks preserved internally and kept contiguous, but whole parent blocks randomly permuted",865a221c988351f0,a70439cbbe030c20,"[1,1,1,1,1,1,1,1,1,1,1,1,1,1,1,1,1,1,4,1,1,1,1,1,1,1,1,1,1,1,1,1,1,1,1,1,1,1,1,1,1,1,1,1,1,1,1,1,1,1,1,1,1,1,1,1,1,1,1,1,1,1,1,1,1,1,1,1,1,1,1,1,1,1,1,1,1,1,1,1,1,1,1,1,2,2,1,1,1,1,1,1,1,1,2,2,1,1,1,1,1,1,1,1,1,1,1,1,1,1,1,1,1,1,1,1,1,1,1,1,1,1,1,1,1,1,1,1,1,1,1,1,1,1,1,1,1,1,1,1,1,1,1,1,1,1,1,1,1,1,1,1,1,1,1,1,4,1,1,1,1,1,1,1,1,1,1,1,1,1,1,1,1,1,1,1,1,4,4,2,1,1,1,1,1,1,1,1,1,1,1,1,1,1,1,1,1,1,1,1,1,1,1,1,1,1,1,1,1,1,1,2,2,2,1,1,4,1,1,1,1,1,1,4,4,2,4,4,4,2,2,4,2,2,2,2,4,2,2,2,2,4,4,2,2,2,2,2,2,2,2,2,2,4,2,2,2,2,2,2,4,4,4,4,4,4,4,4,2,4,4,6,6,6,6,4,4,4,4,4,4,4,4,4,4,4,6,6,4,4,4,4,4,6,6,6,6,4,4,4,4,2,2,2,4,4,6,6,4,4,6,6,6,6,4,4,4,4,4,4,2,2,2,2,6,6,4,2,2,2,2,2,2,4,4,2,2,6,6,4,4,4,4,4,4,4,4,4,4,4,4,4,4,4,4,4,4,4,4,4,4,4,4,4,4,6,6,4,4,4,6,6,4,4,4,4,4,4,4,4,4,4,4,2,2,2,2,4,4,4,4,4,4,2,2,4,4,4,4,2,2,2,2,4,4,4,4,4,4,4,4,4,4,4,4,4,4,4,4,4,4,4,4,4,4,4,4,4,4,4,4,4,2,2,2,2,2,2,2,2,4,4,4,4,4,6,6,4,4,4,4,4,4,2,2,2,2,6,6,6,6,2,2,2,2,4,4,2,4,4,4,4,4,4,4,4,2,2,4,4,4,4,4,4,6,6,6,6,6,6,2,2,2,2,4,4,4,4,6,6,6,6,4,4,4,4,6,6,4,4,4,4,4,4,4,4,4,4,4,2,2,2,4,4,4,4,6,6,4,4,4,4,4,4,4,4,4,2,2,6,6,4,4,4,4,4,4,4,4,4,4,4,4,4,4,2,4,4,4,4,4,4,4,4,4,4,4,4,4,4,4,4,4,4,6,6,6,6,4,4,4,4,4,4,4,4,4,4,6,6,6,6,4,4,4,4,4,4,4,4,4,4,4,4,4,4,4,4,4,4,6,6,6,6,4,4,4,4,6,6,2,2,2,2,2,4,4,4,4,4,4,4,4,4,4,2,2,6,6,4,4,4,4,2,2,6,6,4,4,2,2,2,2,6,6,4,4,4,4,4,4,4,4,4,4,4,4,4,4,4,4,4,4,4,6,6,4,4,2,2,2,2,4,4,2,2,2,2,2,2,2,2,4,4,4,4,4,4,4,4,4,4,4,4,4,6,6,2,6,6,4,4,2,2,2,2,2,2,2,2,6,6,4,4,6,6,6,6,4,4,4,4,2,2,2,2,2,4,6,6,6,6,2,2,2,2,2,2,6,6,6,6,4,4,2,2,4,4,4,4,2,2,2,2,4,4,4,4,6,6,4,4,4,4,4,4,4,6,6,4,4,4,4,4,4,4,4,2,2,4,4,2,2,2,2,2,4,4,4,4,2,2,2,2,2,2,4,4,4,4,4,4,2,2,4,4,2,2,4,4,4,4,4,4,2,2,2,2,2,2,2,4,2,2,2,4,4,4,2,2,2,2,2,2,2,2,4,4,4,4,2,2,2,2,2,2,2,4,4,4,4,4,2,2,6,6,4,4,4,4,4,4,2,2,2,2,2,2,4,4,2,2,4,2,2,2,2,4,4,4,4,4,4,4,4,4,4,2,2,4,4,4,4,2,2,4,4,4,4,4,4,4,2,2,4,4,2,2,4,4,4,4,4,2,4,4,2,2,2,2,2,2,2,2,2,4,4,4,4,2,2,2,2,4,2,4,4,2,2,2,2,2,2,2,2,2,2,4,4,4,2,2,4,4,4]",1.0,1.0,1.0,1.0,1.0,0.4936232029884161,0.4007787794465226,0.4007787794465226,0.1719689022087264,1.3268155230854246,100.43661928911894,0.00171221316912,1.3268155230854246,0.0,0.1719689022087264,0.0,0.0,0.0,0.0008598445110436,100,0.01,1.0,295000,44100,86.00670741600152,0.3820432089996757,106.89335308299997,0.9999999092944116,9.070558826262953e-08,0.6940259157827086,1.8141116830960868e-07,0.6940259297481155,1.997182625041462,0.0004259239093139,1.8141044222375058e-13,1.812994199212881e-13,1e-12,analysis/fermionic_structure_ablation_hgbs5.csv,1.3069481441529973e-07,1.7604394323004489,0.6940259157827086
success,,Be-Be_2.04_hgbs-5_as-008-012,hamiltonian_generator/hgbs5_diatomic_basis_transfer/night/Be-Be/2.04/hgbs-5/Be-Be_2.04_hgbs-5_as-008-012.tensors.npz,Be-Be,2.04,hgbs-5,8,12,20,1580,2950,2296,0.7783050847457628,0,signed_parent_blocks_randomized,18,3865560102,"reference signed-fermionic parent-owned Pauli blocks preserved internally and kept contiguous, but whole parent blocks randomly permuted",0eb0bc67b0fb934d,d2e3f4e190912f09,"[1,1,1,1,1,1,1,1,1,1,1,1,1,1,1,1,1,1,4,1,1,1,1,1,1,1,1,1,1,1,1,1,1,1,1,1,1,1,1,1,1,1,1,1,1,1,1,1,1,1,1,1,1,1,1,1,1,1,1,1,1,1,1,1,1,1,1,1,1,1,1,1,1,1,1,1,1,1,1,1,1,1,1,1,2,2,1,1,1,1,1,1,1,1,2,2,1,1,1,1,1,1,1,1,1,1,1,1,1,1,1,1,1,1,1,1,1,1,1,1,1,1,1,1,1,1,1,1,1,1,1,1,1,1,1,1,1,1,1,1,1,1,1,1,1,1,1,1,1,1,1,1,1,1,1,1,4,1,1,1,1,1,1,1,1,1,1,1,1,1,1,1,1,1,1,1,1,4,4,2,1,1,1,1,1,1,1,1,1,1,1,1,1,1,1,1,1,1,1,1,1,1,1,1,1,1,1,1,1,1,1,2,2,2,1,1,4,1,1,1,1,1,1,4,4,2,4,4,4,2,2,4,2,2,2,2,4,2,2,2,2,4,4,2,2,2,2,2,2,2,2,2,2,4,2,2,2,2,2,2,4,4,4,4,4,4,4,4,2,4,4,6,6,6,6,4,4,4,4,4,4,4,4,4,4,4,6,6,4,4,4,4,4,6,6,6,6,4,4,4,4,2,2,2,4,4,6,6,4,4,6,6,6,6,4,4,4,4,4,4,2,2,2,2,6,6,4,2,2,2,2,2,2,4,4,2,2,6,6,4,4,4,4,4,4,4,4,4,4,4,4,4,4,4,4,4,4,4,4,4,4,4,4,4,4,6,6,4,4,4,6,6,4,4,4,4,4,4,4,4,4,4,4,2,2,2,2,4,4,4,4,4,4,2,2,4,4,4,4,2,2,2,2,4,4,4,4,4,4,4,4,4,4,4,4,4,4,4,4,4,4,4,4,4,4,4,4,4,4,4,4,4,2,2,2,2,2,2,2,2,4,4,4,4,4,6,6,4,4,4,4,4,4,2,2,2,2,6,6,6,6,2,2,2,2,4,4,2,4,4,4,4,4,4,4,4,2,2,4,4,4,4,4,4,6,6,6,6,6,6,2,2,2,2,4,4,4,4,6,6,6,6,4,4,4,4,6,6,4,4,4,4,4,4,4,4,4,4,4,2,2,2,4,4,4,4,6,6,4,4,4,4,4,4,4,4,4,2,2,6,6,4,4,4,4,4,4,4,4,4,4,4,4,4,4,2,4,4,4,4,4,4,4,4,4,4,4,4,4,4,4,4,4,4,6,6,6,6,4,4,4,4,4,4,4,4,4,4,6,6,6,6,4,4,4,4,4,4,4,4,4,4,4,4,4,4,4,4,4,4,6,6,6,6,4,4,4,4,6,6,2,2,2,2,2,4,4,4,4,4,4,4,4,4,4,2,2,6,6,4,4,4,4,2,2,6,6,4,4,2,2,2,2,6,6,4,4,4,4,4,4,4,4,4,4,4,4,4,4,4,4,4,4,4,6,6,4,4,2,2,2,2,4,4,2,2,2,2,2,2,2,2,4,4,4,4,4,4,4,4,4,4,4,4,4,6,6,2,6,6,4,4,2,2,2,2,2,2,2,2,6,6,4,4,6,6,6,6,4,4,4,4,2,2,2,2,2,4,6,6,6,6,2,2,2,2,2,2,6,6,6,6,4,4,2,2,4,4,4,4,2,2,2,2,4,4,4,4,6,6,4,4,4,4,4,4,4,6,6,4,4,4,4,4,4,4,4,2,2,4,4,2,2,2,2,2,4,4,4,4,2,2,2,2,2,2,4,4,4,4,4,4,2,2,4,4,2,2,4,4,4,4,4,4,2,2,2,2,2,2,2,4,2,2,2,4,4,4,2,2,2,2,2,2,2,2,4,4,4,4,2,2,2,2,2,2,2,4,4,4,4,4,2,2,6,6,4,4,4,4,4,4,2,2,2,2,2,2,4,4,2,2,4,2,2,2,2,4,4,4,4,4,4,4,4,4,4,2,2,4,4,4,4,2,2,4,4,4,4,4,4,4,2,2,4,4,2,2,4,4,4,4,4,2,4,4,2,2,2,2,2,2,2,2,2,4,4,4,4,2,2,2,2,4,2,4,4,2,2,2,2,2,2,2,2,2,2,4,4,4,2,2,4,4,4]",1.0,1.0,1.0,1.0,1.0,0.4843944558340775,0.5090244938392132,0.5090244938392132,0.3122865778726026,2.409427948023319,100.43661928911894,0.0031092900187495,2.409427948023319,0.0,0.3122865778726026,0.0,0.0,0.0,0.001561432889363,100,0.01,1.0,295000,44100,86.00670741600152,0.3820432089996757,108.40831029200126,0.9999997006033272,2.993966728981335e-07,2.2908075904738014,5.987932562012688e-07,2.2908073975508123,1.997183465266219,0.0007738173853024,9.70334923522387e-14,9.681144774731365e-14,1e-12,analysis/fermionic_structure_ablation_hgbs5.csv,1.3069481441529973e-07,5.805343036715861,2.290807590473802
success,,Be-Be_2.04_hgbs-5_as-008-012,hamiltonian_generator/hgbs5_diatomic_basis_transfer/night/Be-Be/2.04/hgbs-5/Be-Be_2.04_hgbs-5_as-008-012.tensors.npz,Be-Be,2.04,hgbs-5,8,12,20,1580,2950,2296,0.7783050847457628,0,signed_parent_blocks_randomized,19,4239464827,"reference signed-fermionic parent-owned Pauli blocks preserved internally and kept contiguous, but whole parent blocks randomly permuted",55246a7dffe56645,8582bd3f86cb2c2b,"[1,1,1,1,1,1,1,1,1,1,1,1,1,1,1,1,1,1,4,1,1,1,1,1,1,1,1,1,1,1,1,1,1,1,1,1,1,1,1,1,1,1,1,1,1,1,1,1,1,1,1,1,1,1,1,1,1,1,1,1,1,1,1,1,1,1,1,1,1,1,1,1,1,1,1,1,1,1,1,1,1,1,1,1,2,2,1,1,1,1,1,1,1,1,2,2,1,1,1,1,1,1,1,1,1,1,1,1,1,1,1,1,1,1,1,1,1,1,1,1,1,1,1,1,1,1,1,1,1,1,1,1,1,1,1,1,1,1,1,1,1,1,1,1,1,1,1,1,1,1,1,1,1,1,1,1,4,1,1,1,1,1,1,1,1,1,1,1,1,1,1,1,1,1,1,1,1,4,4,2,1,1,1,1,1,1,1,1,1,1,1,1,1,1,1,1,1,1,1,1,1,1,1,1,1,1,1,1,1,1,1,2,2,2,1,1,4,1,1,1,1,1,1,4,4,2,4,4,4,2,2,4,2,2,2,2,4,2,2,2,2,4,4,2,2,2,2,2,2,2,2,2,2,4,2,2,2,2,2,2,4,4,4,4,4,4,4,4,2,4,4,6,6,6,6,4,4,4,4,4,4,4,4,4,4,4,6,6,4,4,4,4,4,6,6,6,6,4,4,4,4,2,2,2,4,4,6,6,4,4,6,6,6,6,4,4,4,4,4,4,2,2,2,2,6,6,4,2,2,2,2,2,2,4,4,2,2,6,6,4,4,4,4,4,4,4,4,4,4,4,4,4,4,4,4,4,4,4,4,4,4,4,4,4,4,6,6,4,4,4,6,6,4,4,4,4,4,4,4,4,4,4,4,2,2,2,2,4,4,4,4,4,4,2,2,4,4,4,4,2,2,2,2,4,4,4,4,4,4,4,4,4,4,4,4,4,4,4,4,4,4,4,4,4,4,4,4,4,4,4,4,4,2,2,2,2,2,2,2,2,4,4,4,4,4,6,6,4,4,4,4,4,4,2,2,2,2,6,6,6,6,2,2,2,2,4,4,2,4,4,4,4,4,4,4,4,2,2,4,4,4,4,4,4,6,6,6,6,6,6,2,2,2,2,4,4,4,4,6,6,6,6,4,4,4,4,6,6,4,4,4,4,4,4,4,4,4,4,4,2,2,2,4,4,4,4,6,6,4,4,4,4,4,4,4,4,4,2,2,6,6,4,4,4,4,4,4,4,4,4,4,4,4,4,4,2,4,4,4,4,4,4,4,4,4,4,4,4,4,4,4,4,4,4,6,6,6,6,4,4,4,4,4,4,4,4,4,4,6,6,6,6,4,4,4,4,4,4,4,4,4,4,4,4,4,4,4,4,4,4,6,6,6,6,4,4,4,4,6,6,2,2,2,2,2,4,4,4,4,4,4,4,4,4,4,2,2,6,6,4,4,4,4,2,2,6,6,4,4,2,2,2,2,6,6,4,4,4,4,4,4,4,4,4,4,4,4,4,4,4,4,4,4,4,6,6,4,4,2,2,2,2,4,4,2,2,2,2,2,2,2,2,4,4,4,4,4,4,4,4,4,4,4,4,4,6,6,2,6,6,4,4,2,2,2,2,2,2,2,2,6,6,4,4,6,6,6,6,4,4,4,4,2,2,2,2,2,4,6,6,6,6,2,2,2,2,2,2,6,6,6,6,4,4,2,2,4,4,4,4,2,2,2,2,4,4,4,4,6,6,4,4,4,4,4,4,4,6,6,4,4,4,4,4,4,4,4,2,2,4,4,2,2,2,2,2,4,4,4,4,2,2,2,2,2,2,4,4,4,4,4,4,2,2,4,4,2,2,4,4,4,4,4,4,2,2,2,2,2,2,2,4,2,2,2,4,4,4,2,2,2,2,2,2,2,2,4,4,4,4,2,2,2,2,2,2,2,4,4,4,4,4,2,2,6,6,4,4,4,4,4,4,2,2,2,2,2,2,4,4,2,2,4,2,2,2,2,4,4,4,4,4,4,4,4,4,4,2,2,4,4,4,4,2,2,4,4,4,4,4,4,4,2,2,4,4,2,2,4,4,4,4,4,2,4,4,2,2,2,2,2,2,2,2,2,4,4,4,4,2,2,2,2,4,2,4,4,2,2,2,2,2,2,2,2,2,2,4,4,4,2,2,4,4,4]",1.0,1.0,1.0,1.0,1.0,0.494594815550832,0.4207383730327784,0.4207383730327784,0.2133006943911759,1.645708431979228,100.43661928911894,0.0021237343102635,1.645708431979228,0.0,0.2133006943911759,0.0,0.0,0.0,0.0010665034719558,100,0.01,1.0,295000,44100,86.00670741600152,0.3820432089996757,108.6343332079996,0.9999998461101028,1.5388989715869886e-07,1.1774751572751287,3.077797706696473e-07,1.1774751438241506,1.9971838949740464,0.0005547790499986,0.0,0.0,1e-12,analysis/fermionic_structure_ablation_hgbs5.csv,1.3069481441529973e-07,2.708356243087529,1.177475157275129
success,,Be-Be_2.04_hgbs-5_as-008-012,hamiltonian_generator/hgbs5_diatomic_basis_transfer/night/Be-Be/2.04/hgbs-5/Be-Be_2.04_hgbs-5_as-008-012.tensors.npz,Be-Be,2.04,hgbs-5,8,12,20,1580,2950,2296,0.7783050847457628,0,signed_parent_descendants_round_robin,-1,-1,"reference signed-fermionic parent priority and within-parent descendant order retained, but descendants interleaved round-robin across parent blocks to destroy contiguity",ec48c0eb55b48e2a,22ca2d92bfa72f46,"[1,1,1,1,1,1,1,1,1,1,1,1,1,1,1,1,1,1,4,1,1,1,1,1,1,1,1,1,1,1,1,1,1,1,1,1,1,1,1,1,1,1,1,1,1,1,1,1,1,1,1,1,1,1,1,1,1,1,1,1,1,1,1,1,1,1,1,1,1,1,1,1,1,1,1,1,1,1,1,1,1,1,1,1,2,2,1,1,1,1,1,1,1,1,2,2,1,1,1,1,1,1,1,1,1,1,1,1,1,1,1,1,1,1,1,1,1,1,1,1,1,1,1,1,1,1,1,1,1,1,1,1,1,1,1,1,1,1,1,1,1,1,1,1,1,1,1,1,1,1,1,1,1,1,1,1,4,1,1,1,1,1,1,1,1,1,1,1,1,1,1,1,1,1,1,1,1,4,4,2,1,1,1,1,1,1,1,1,1,1,1,1,1,1,1,1,1,1,1,1,1,1,1,1,1,1,1,1,1,1,1,2,2,2,1,1,4,1,1,1,1,1,1,4,4,2,4,4,4,2,2,4,2,2,2,2,4,2,2,2,2,4,4,2,2,2,2,2,2,2,2,2,2,4,2,2,2,2,2,2,4,4,4,4,4,4,4,4,2,4,4,6,6,6,6,4,4,4,4,4,4,4,4,4,4,4,6,6,4,4,4,4,4,6,6,6,6,4,4,4,4,2,2,2,4,4,6,6,4,4,6,6,6,6,4,4,4,4,4,4,2,2,2,2,6,6,4,2,2,2,2,2,2,4,4,2,2,6,6,4,4,4,4,4,4,4,4,4,4,4,4,4,4,4,4,4,4,4,4,4,4,4,4,4,4,6,6,4,4,4,6,6,4,4,4,4,4,4,4,4,4,4,4,2,2,2,2,4,4,4,4,4,4,2,2,4,4,4,4,2,2,2,2,4,4,4,4,4,4,4,4,4,4,4,4,4,4,4,4,4,4,4,4,4,4,4,4,4,4,4,4,4,2,2,2,2,2,2,2,2,4,4,4,4,4,6,6,4,4,4,4,4,4,2,2,2,2,6,6,6,6,2,2,2,2,4,4,2,4,4,4,4,4,4,4,4,2,2,4,4,4,4,4,4,6,6,6,6,6,6,2,2,2,2,4,4,4,4,6,6,6,6,4,4,4,4,6,6,4,4,4,4,4,4,4,4,4,4,4,2,2,2,4,4,4,4,6,6,4,4,4,4,4,4,4,4,4,2,2,6,6,4,4,4,4,4,4,4,4,4,4,4,4,4,4,2,4,4,4,4,4,4,4,4,4,4,4,4,4,4,4,4,4,4,6,6,6,6,4,4,4,4,4,4,4,4,4,4,6,6,6,6,4,4,4,4,4,4,4,4,4,4,4,4,4,4,4,4,4,4,6,6,6,6,4,4,4,4,6,6,2,2,2,2,2,4,4,4,4,4,4,4,4,4,4,2,2,6,6,4,4,4,4,2,2,6,6,4,4,2,2,2,2,6,6,4,4,4,4,4,4,4,4,4,4,4,4,4,4,4,4,4,4,4,6,6,4,4,2,2,2,2,4,4,2,2,2,2,2,2,2,2,4,4,4,4,4,4,4,4,4,4,4,4,4,6,6,2,6,6,4,4,2,2,2,2,2,2,2,2,6,6,4,4,6,6,6,6,4,4,4,4,2,2,2,2,2,4,6,6,6,6,2,2,2,2,2,2,6,6,6,6,4,4,2,2,4,4,4,4,2,2,2,2,4,4,4,4,6,6,4,4,4,4,4,4,4,6,6,4,4,4,4,4,4,4,4,2,2,4,4,2,2,2,2,2,4,4,4,4,2,2,2,2,2,2,4,4,4,4,4,4,2,2,4,4,2,2,4,4,4,4,4,4,2,2,2,2,2,2,2,4,2,2,2,4,4,4,2,2,2,2,2,2,2,2,4,4,4,4,2,2,2,2,2,2,2,4,4,4,4,4,2,2,6,6,4,4,4,4,4,4,2,2,2,2,2,2,4,4,2,2,4,2,2,2,2,4,4,4,4,4,4,4,4,4,4,2,2,4,4,4,4,2,2,4,4,4,4,4,4,4,2,2,4,4,2,2,4,4,4,4,4,2,4,4,2,2,2,2,2,2,2,2,2,4,4,4,4,2,2,2,2,4,2,4,4,2,2,2,2,2,2,2,2,2,2,4,4,4,2,2,4,4,4]",3.05699481865285,6.0,0.2176165803108808,345.1000863557859,416.2650847457627,0.3431097261876313,0.0939076090572389,0.0939076090572389,0.7575060769667282,5.844491700779119,100.43661928911894,0.0075421303736454,5.844491700779119,0.0,0.7575060769667282,0.0,0.0,0.0,0.0037875303848336,100,0.01,1.0,295000,44100,86.00670741600152,0.3820432089996757,105.34185904100012,0.99999993787277,6.21272299161646e-08,0.4753610936601299,1.242544559465486e-07,0.4753611098875331,1.9971826831374373,0.0003524974607459,2.5259466629456998e-08,2.5532637559777527e-08,1e-12,analysis/fermionic_structure_ablation_hgbs5.csv,1.3069481441529973e-07,34.158083240475996,0.4753610936601299
success,,Be-Be_2.04_hgbs-5_as-008-012,hamiltonian_generator/hgbs5_diatomic_basis_transfer/night/Be-Be/2.04/hgbs-5/Be-Be_2.04_hgbs-5_as-008-012.tensors.npz,Be-Be,2.04,hgbs-5,8,12,20,1580,2950,2296,0.7783050847457628,0,signed_parent_within_randomized,0,1784249103,"reference signed-fermionic parent-block order kept fixed and contiguous, but Pauli descendants randomly permuted inside each parent-owned block",ec48c0eb55b48e2a,a7ad2719abd55ff4,"[1,1,1,1,1,1,1,1,1,1,1,1,1,1,1,1,1,1,4,1,1,1,1,1,1,1,1,1,1,1,1,1,1,1,1,1,1,1,1,1,1,1,1,1,1,1,1,1,1,1,1,1,1,1,1,1,1,1,1,1,1,1,1,1,1,1,1,1,1,1,1,1,1,1,1,1,1,1,1,1,1,1,1,1,2,2,1,1,1,1,1,1,1,1,2,2,1,1,1,1,1,1,1,1,1,1,1,1,1,1,1,1,1,1,1,1,1,1,1,1,1,1,1,1,1,1,1,1,1,1,1,1,1,1,1,1,1,1,1,1,1,1,1,1,1,1,1,1,1,1,1,1,1,1,1,1,4,1,1,1,1,1,1,1,1,1,1,1,1,1,1,1,1,1,1,1,1,4,4,2,1,1,1,1,1,1,1,1,1,1,1,1,1,1,1,1,1,1,1,1,1,1,1,1,1,1,1,1,1,1,1,2,2,2,1,1,4,1,1,1,1,1,1,4,4,2,4,4,4,2,2,4,2,2,2,2,4,2,2,2,2,4,4,2,2,2,2,2,2,2,2,2,2,4,2,2,2,2,2,2,4,4,4,4,4,4,4,4,2,4,4,6,6,6,6,4,4,4,4,4,4,4,4,4,4,4,6,6,4,4,4,4,4,6,6,6,6,4,4,4,4,2,2,2,4,4,6,6,4,4,6,6,6,6,4,4,4,4,4,4,2,2,2,2,6,6,4,2,2,2,2,2,2,4,4,2,2,6,6,4,4,4,4,4,4,4,4,4,4,4,4,4,4,4,4,4,4,4,4,4,4,4,4,4,4,6,6,4,4,4,6,6,4,4,4,4,4,4,4,4,4,4,4,2,2,2,2,4,4,4,4,4,4,2,2,4,4,4,4,2,2,2,2,4,4,4,4,4,4,4,4,4,4,4,4,4,4,4,4,4,4,4,4,4,4,4,4,4,4,4,4,4,2,2,2,2,2,2,2,2,4,4,4,4,4,6,6,4,4,4,4,4,4,2,2,2,2,6,6,6,6,2,2,2,2,4,4,2,4,4,4,4,4,4,4,4,2,2,4,4,4,4,4,4,6,6,6,6,6,6,2,2,2,2,4,4,4,4,6,6,6,6,4,4,4,4,6,6,4,4,4,4,4,4,4,4,4,4,4,2,2,2,4,4,4,4,6,6,4,4,4,4,4,4,4,4,4,2,2,6,6,4,4,4,4,4,4,4,4,4,4,4,4,4,4,2,4,4,4,4,4,4,4,4,4,4,4,4,4,4,4,4,4,4,6,6,6,6,4,4,4,4,4,4,4,4,4,4,6,6,6,6,4,4,4,4,4,4,4,4,4,4,4,4,4,4,4,4,4,4,6,6,6,6,4,4,4,4,6,6,2,2,2,2,2,4,4,4,4,4,4,4,4,4,4,2,2,6,6,4,4,4,4,2,2,6,6,4,4,2,2,2,2,6,6,4,4,4,4,4,4,4,4,4,4,4,4,4,4,4,4,4,4,4,6,6,4,4,2,2,2,2,4,4,2,2,2,2,2,2,2,2,4,4,4,4,4,4,4,4,4,4,4,4,4,6,6,2,6,6,4,4,2,2,2,2,2,2,2,2,6,6,4,4,6,6,6,6,4,4,4,4,2,2,2,2,2,4,6,6,6,6,2,2,2,2,2,2,6,6,6,6,4,4,2,2,4,4,4,4,2,2,2,2,4,4,4,4,6,6,4,4,4,4,4,4,4,6,6,4,4,4,4,4,4,4,4,2,2,4,4,2,2,2,2,2,4,4,4,4,2,2,2,2,2,2,4,4,4,4,4,4,2,2,4,4,2,2,4,4,4,4,4,4,2,2,2,2,2,2,2,4,2,2,2,4,4,4,2,2,2,2,2,2,2,2,4,4,4,4,2,2,2,2,2,2,2,4,4,4,4,4,2,2,6,6,4,4,4,4,4,4,2,2,2,2,2,2,4,4,2,2,4,2,2,2,2,4,4,4,4,4,4,4,4,4,4,2,2,4,4,4,4,2,2,4,4,4,4,4,4,4,2,2,4,4,2,2,4,4,4,4,4,2,4,4,2,2,2,2,2,2,2,2,2,4,4,4,4,2,2,2,2,4,2,4,4,2,2,2,2,2,2,2,2,2,2,4,4,4,2,2,4,4,4]",1.0,1.0,1.0,1.0,1.0,0.0,0.0,0.0,0.1296102579572055,1.0,100.43661928911894,0.0012904681467235,1.0,0.0,0.1296102579572055,0.0,0.0,0.0,0.000648051289786,100,0.01,1.0,295000,44100,86.00670741600152,0.3820432089996757,107.3337212080005,0.9999998693051813,1.3069481885619186e-07,1.0000000339790995,2.613896206149491e-07,1.0000000339791018,1.997182007195046,0.0005112627873338,4.1189274213593314e-14,4.096722960866827e-14,1e-12,analysis/fermionic_structure_ablation_hgbs5.csv,1.3069481441529973e-07,1.0,1.0000000339790998
success,,Be-Be_2.04_hgbs-5_as-008-012,hamiltonian_generator/hgbs5_diatomic_basis_transfer/night/Be-Be/2.04/hgbs-5/Be-Be_2.04_hgbs-5_as-008-012.tensors.npz,Be-Be,2.04,hgbs-5,8,12,20,1580,2950,2296,0.7783050847457628,0,signed_parent_within_randomized,1,790103104,"reference signed-fermionic parent-block order kept fixed and contiguous, but Pauli descendants randomly permuted inside each parent-owned block",ec48c0eb55b48e2a,88ffd6579e4d5600,"[1,1,1,1,1,1,1,1,1,1,1,1,1,1,1,1,1,1,4,1,1,1,1,1,1,1,1,1,1,1,1,1,1,1,1,1,1,1,1,1,1,1,1,1,1,1,1,1,1,1,1,1,1,1,1,1,1,1,1,1,1,1,1,1,1,1,1,1,1,1,1,1,1,1,1,1,1,1,1,1,1,1,1,1,2,2,1,1,1,1,1,1,1,1,2,2,1,1,1,1,1,1,1,1,1,1,1,1,1,1,1,1,1,1,1,1,1,1,1,1,1,1,1,1,1,1,1,1,1,1,1,1,1,1,1,1,1,1,1,1,1,1,1,1,1,1,1,1,1,1,1,1,1,1,1,1,4,1,1,1,1,1,1,1,1,1,1,1,1,1,1,1,1,1,1,1,1,4,4,2,1,1,1,1,1,1,1,1,1,1,1,1,1,1,1,1,1,1,1,1,1,1,1,1,1,1,1,1,1,1,1,2,2,2,1,1,4,1,1,1,1,1,1,4,4,2,4,4,4,2,2,4,2,2,2,2,4,2,2,2,2,4,4,2,2,2,2,2,2,2,2,2,2,4,2,2,2,2,2,2,4,4,4,4,4,4,4,4,2,4,4,6,6,6,6,4,4,4,4,4,4,4,4,4,4,4,6,6,4,4,4,4,4,6,6,6,6,4,4,4,4,2,2,2,4,4,6,6,4,4,6,6,6,6,4,4,4,4,4,4,2,2,2,2,6,6,4,2,2,2,2,2,2,4,4,2,2,6,6,4,4,4,4,4,4,4,4,4,4,4,4,4,4,4,4,4,4,4,4,4,4,4,4,4,4,6,6,4,4,4,6,6,4,4,4,4,4,4,4,4,4,4,4,2,2,2,2,4,4,4,4,4,4,2,2,4,4,4,4,2,2,2,2,4,4,4,4,4,4,4,4,4,4,4,4,4,4,4,4,4,4,4,4,4,4,4,4,4,4,4,4,4,2,2,2,2,2,2,2,2,4,4,4,4,4,6,6,4,4,4,4,4,4,2,2,2,2,6,6,6,6,2,2,2,2,4,4,2,4,4,4,4,4,4,4,4,2,2,4,4,4,4,4,4,6,6,6,6,6,6,2,2,2,2,4,4,4,4,6,6,6,6,4,4,4,4,6,6,4,4,4,4,4,4,4,4,4,4,4,2,2,2,4,4,4,4,6,6,4,4,4,4,4,4,4,4,4,2,2,6,6,4,4,4,4,4,4,4,4,4,4,4,4,4,4,2,4,4,4,4,4,4,4,4,4,4,4,4,4,4,4,4,4,4,6,6,6,6,4,4,4,4,4,4,4,4,4,4,6,6,6,6,4,4,4,4,4,4,4,4,4,4,4,4,4,4,4,4,4,4,6,6,6,6,4,4,4,4,6,6,2,2,2,2,2,4,4,4,4,4,4,4,4,4,4,2,2,6,6,4,4,4,4,2,2,6,6,4,4,2,2,2,2,6,6,4,4,4,4,4,4,4,4,4,4,4,4,4,4,4,4,4,4,4,6,6,4,4,2,2,2,2,4,4,2,2,2,2,2,2,2,2,4,4,4,4,4,4,4,4,4,4,4,4,4,6,6,2,6,6,4,4,2,2,2,2,2,2,2,2,6,6,4,4,6,6,6,6,4,4,4,4,2,2,2,2,2,4,6,6,6,6,2,2,2,2,2,2,6,6,6,6,4,4,2,2,4,4,4,4,2,2,2,2,4,4,4,4,6,6,4,4,4,4,4,4,4,6,6,4,4,4,4,4,4,4,4,2,2,4,4,2,2,2,2,2,4,4,4,4,2,2,2,2,2,2,4,4,4,4,4,4,2,2,4,4,2,2,4,4,4,4,4,4,2,2,2,2,2,2,2,4,2,2,2,4,4,4,2,2,2,2,2,2,2,2,4,4,4,4,2,2,2,2,2,2,2,4,4,4,4,4,2,2,6,6,4,4,4,4,4,4,2,2,2,2,2,2,4,4,2,2,4,2,2,2,2,4,4,4,4,4,4,4,4,4,4,2,2,4,4,4,4,2,2,4,4,4,4,4,4,4,2,2,4,4,2,2,4,4,4,4,4,2,4,4,2,2,2,2,2,2,2,2,2,4,4,4,4,2,2,2,2,4,2,4,4,2,2,2,2,2,2,2,2,2,2,4,4,4,2,2,4,4,4]",1.0,1.0,1.0,1.0,1.0,0.0,0.0,0.0,0.1296102579572055,1.0,100.43661928911894,0.0012904681467235,1.0,0.0,0.1296102579572055,0.0,0.0,0.0,0.000648051289786,100,0.01,1.0,295000,44100,86.00670741600152,0.3820432089996757,109.05779366699971,0.999999869305184,1.3069481596961197e-07,1.0000000118926848,2.613896148417894e-07,1.0000000118926855,1.9971820071950472,0.0005112627816878,3.5527136788005016e-14,3.519406988061746e-14,1e-12,analysis/fermionic_structure_ablation_hgbs5.csv,1.3069481441529973e-07,1.0,1.0000000118926848
success,,Be-Be_2.04_hgbs-5_as-008-012,hamiltonian_generator/hgbs5_diatomic_basis_transfer/night/Be-Be/2.04/hgbs-5/Be-Be_2.04_hgbs-5_as-008-012.tensors.npz,Be-Be,2.04,hgbs-5,8,12,20,1580,2950,2296,0.7783050847457628,0,signed_parent_within_randomized,2,2265434213,"reference signed-fermionic parent-block order kept fixed and contiguous, but Pauli descendants randomly permuted inside each parent-owned block",ec48c0eb55b48e2a,08b8feede1bfacf0,"[1,1,1,1,1,1,1,1,1,1,1,1,1,1,1,1,1,1,4,1,1,1,1,1,1,1,1,1,1,1,1,1,1,1,1,1,1,1,1,1,1,1,1,1,1,1,1,1,1,1,1,1,1,1,1,1,1,1,1,1,1,1,1,1,1,1,1,1,1,1,1,1,1,1,1,1,1,1,1,1,1,1,1,1,2,2,1,1,1,1,1,1,1,1,2,2,1,1,1,1,1,1,1,1,1,1,1,1,1,1,1,1,1,1,1,1,1,1,1,1,1,1,1,1,1,1,1,1,1,1,1,1,1,1,1,1,1,1,1,1,1,1,1,1,1,1,1,1,1,1,1,1,1,1,1,1,4,1,1,1,1,1,1,1,1,1,1,1,1,1,1,1,1,1,1,1,1,4,4,2,1,1,1,1,1,1,1,1,1,1,1,1,1,1,1,1,1,1,1,1,1,1,1,1,1,1,1,1,1,1,1,2,2,2,1,1,4,1,1,1,1,1,1,4,4,2,4,4,4,2,2,4,2,2,2,2,4,2,2,2,2,4,4,2,2,2,2,2,2,2,2,2,2,4,2,2,2,2,2,2,4,4,4,4,4,4,4,4,2,4,4,6,6,6,6,4,4,4,4,4,4,4,4,4,4,4,6,6,4,4,4,4,4,6,6,6,6,4,4,4,4,2,2,2,4,4,6,6,4,4,6,6,6,6,4,4,4,4,4,4,2,2,2,2,6,6,4,2,2,2,2,2,2,4,4,2,2,6,6,4,4,4,4,4,4,4,4,4,4,4,4,4,4,4,4,4,4,4,4,4,4,4,4,4,4,6,6,4,4,4,6,6,4,4,4,4,4,4,4,4,4,4,4,2,2,2,2,4,4,4,4,4,4,2,2,4,4,4,4,2,2,2,2,4,4,4,4,4,4,4,4,4,4,4,4,4,4,4,4,4,4,4,4,4,4,4,4,4,4,4,4,4,2,2,2,2,2,2,2,2,4,4,4,4,4,6,6,4,4,4,4,4,4,2,2,2,2,6,6,6,6,2,2,2,2,4,4,2,4,4,4,4,4,4,4,4,2,2,4,4,4,4,4,4,6,6,6,6,6,6,2,2,2,2,4,4,4,4,6,6,6,6,4,4,4,4,6,6,4,4,4,4,4,4,4,4,4,4,4,2,2,2,4,4,4,4,6,6,4,4,4,4,4,4,4,4,4,2,2,6,6,4,4,4,4,4,4,4,4,4,4,4,4,4,4,2,4,4,4,4,4,4,4,4,4,4,4,4,4,4,4,4,4,4,6,6,6,6,4,4,4,4,4,4,4,4,4,4,6,6,6,6,4,4,4,4,4,4,4,4,4,4,4,4,4,4,4,4,4,4,6,6,6,6,4,4,4,4,6,6,2,2,2,2,2,4,4,4,4,4,4,4,4,4,4,2,2,6,6,4,4,4,4,2,2,6,6,4,4,2,2,2,2,6,6,4,4,4,4,4,4,4,4,4,4,4,4,4,4,4,4,4,4,4,6,6,4,4,2,2,2,2,4,4,2,2,2,2,2,2,2,2,4,4,4,4,4,4,4,4,4,4,4,4,4,6,6,2,6,6,4,4,2,2,2,2,2,2,2,2,6,6,4,4,6,6,6,6,4,4,4,4,2,2,2,2,2,4,6,6,6,6,2,2,2,2,2,2,6,6,6,6,4,4,2,2,4,4,4,4,2,2,2,2,4,4,4,4,6,6,4,4,4,4,4,4,4,6,6,4,4,4,4,4,4,4,4,2,2,4,4,2,2,2,2,2,4,4,4,4,2,2,2,2,2,2,4,4,4,4,4,4,2,2,4,4,2,2,4,4,4,4,4,4,2,2,2,2,2,2,2,4,2,2,2,4,4,4,2,2,2,2,2,2,2,2,4,4,4,4,2,2,2,2,2,2,2,4,4,4,4,4,2,2,6,6,4,4,4,4,4,4,2,2,2,2,2,2,4,4,2,2,4,2,2,2,2,4,4,4,4,4,4,4,4,4,4,2,2,4,4,4,4,2,2,4,4,4,4,4,4,4,2,2,4,4,2,2,4,4,4,4,4,2,4,4,2,2,2,2,2,2,2,2,2,4,4,4,4,2,2,2,2,4,2,4,4,2,2,2,2,2,2,2,2,2,2,4,4,4,2,2,4,4,4]",1.0,1.0,1.0,1.0,1.0,0.0,0.0,0.0,0.1296102579572055,1.0,100.43661928911894,0.0012904681467235,1.0,0.0,0.1296102579572055,0.0,0.0,0.0,0.000648051289786,100,0.01,1.0,295000,44100,86.00670741600152,0.3820432089996757,108.78820870900016,0.9999998693051796,1.3069482041050406e-07,1.0000000458717844,2.613896237235736e-07,1.0000000458717873,1.997182007195045,0.0005112627903739,4.4519943287468784e-14,4.4186876380081237e-14,1e-12,analysis/fermionic_structure_ablation_hgbs5.csv,1.3069481441529973e-07,1.0,1.0000000458717844
success,,Be-Be_2.04_hgbs-5_as-008-012,hamiltonian_generator/hgbs5_diatomic_basis_transfer/night/Be-Be/2.04/hgbs-5/Be-Be_2.04_hgbs-5_as-008-012.tensors.npz,Be-Be,2.04,hgbs-5,8,12,20,1580,2950,2296,0.7783050847457628,0,signed_parent_within_randomized,3,2101583989,"reference signed-fermionic parent-block order kept fixed and contiguous, but Pauli descendants randomly permuted inside each parent-owned block",ec48c0eb55b48e2a,2e68655ed82edbad,"[1,1,1,1,1,1,1,1,1,1,1,1,1,1,1,1,1,1,4,1,1,1,1,1,1,1,1,1,1,1,1,1,1,1,1,1,1,1,1,1,1,1,1,1,1,1,1,1,1,1,1,1,1,1,1,1,1,1,1,1,1,1,1,1,1,1,1,1,1,1,1,1,1,1,1,1,1,1,1,1,1,1,1,1,2,2,1,1,1,1,1,1,1,1,2,2,1,1,1,1,1,1,1,1,1,1,1,1,1,1,1,1,1,1,1,1,1,1,1,1,1,1,1,1,1,1,1,1,1,1,1,1,1,1,1,1,1,1,1,1,1,1,1,1,1,1,1,1,1,1,1,1,1,1,1,1,4,1,1,1,1,1,1,1,1,1,1,1,1,1,1,1,1,1,1,1,1,4,4,2,1,1,1,1,1,1,1,1,1,1,1,1,1,1,1,1,1,1,1,1,1,1,1,1,1,1,1,1,1,1,1,2,2,2,1,1,4,1,1,1,1,1,1,4,4,2,4,4,4,2,2,4,2,2,2,2,4,2,2,2,2,4,4,2,2,2,2,2,2,2,2,2,2,4,2,2,2,2,2,2,4,4,4,4,4,4,4,4,2,4,4,6,6,6,6,4,4,4,4,4,4,4,4,4,4,4,6,6,4,4,4,4,4,6,6,6,6,4,4,4,4,2,2,2,4,4,6,6,4,4,6,6,6,6,4,4,4,4,4,4,2,2,2,2,6,6,4,2,2,2,2,2,2,4,4,2,2,6,6,4,4,4,4,4,4,4,4,4,4,4,4,4,4,4,4,4,4,4,4,4,4,4,4,4,4,6,6,4,4,4,6,6,4,4,4,4,4,4,4,4,4,4,4,2,2,2,2,4,4,4,4,4,4,2,2,4,4,4,4,2,2,2,2,4,4,4,4,4,4,4,4,4,4,4,4,4,4,4,4,4,4,4,4,4,4,4,4,4,4,4,4,4,2,2,2,2,2,2,2,2,4,4,4,4,4,6,6,4,4,4,4,4,4,2,2,2,2,6,6,6,6,2,2,2,2,4,4,2,4,4,4,4,4,4,4,4,2,2,4,4,4,4,4,4,6,6,6,6,6,6,2,2,2,2,4,4,4,4,6,6,6,6,4,4,4,4,6,6,4,4,4,4,4,4,4,4,4,4,4,2,2,2,4,4,4,4,6,6,4,4,4,4,4,4,4,4,4,2,2,6,6,4,4,4,4,4,4,4,4,4,4,4,4,4,4,2,4,4,4,4,4,4,4,4,4,4,4,4,4,4,4,4,4,4,6,6,6,6,4,4,4,4,4,4,4,4,4,4,6,6,6,6,4,4,4,4,4,4,4,4,4,4,4,4,4,4,4,4,4,4,6,6,6,6,4,4,4,4,6,6,2,2,2,2,2,4,4,4,4,4,4,4,4,4,4,2,2,6,6,4,4,4,4,2,2,6,6,4,4,2,2,2,2,6,6,4,4,4,4,4,4,4,4,4,4,4,4,4,4,4,4,4,4,4,6,6,4,4,2,2,2,2,4,4,2,2,2,2,2,2,2,2,4,4,4,4,4,4,4,4,4,4,4,4,4,6,6,2,6,6,4,4,2,2,2,2,2,2,2,2,6,6,4,4,6,6,6,6,4,4,4,4,2,2,2,2,2,4,6,6,6,6,2,2,2,2,2,2,6,6,6,6,4,4,2,2,4,4,4,4,2,2,2,2,4,4,4,4,6,6,4,4,4,4,4,4,4,6,6,4,4,4,4,4,4,4,4,2,2,4,4,2,2,2,2,2,4,4,4,4,2,2,2,2,2,2,4,4,4,4,4,4,2,2,4,4,2,2,4,4,4,4,4,4,2,2,2,2,2,2,2,4,2,2,2,4,4,4,2,2,2,2,2,2,2,2,4,4,4,4,2,2,2,2,2,2,2,4,4,4,4,4,2,2,6,6,4,4,4,4,4,4,2,2,2,2,2,2,4,4,2,2,4,2,2,2,2,4,4,4,4,4,4,4,4,4,4,2,2,4,4,4,4,2,2,4,4,4,4,4,4,4,2,2,4,4,2,2,4,4,4,4,4,2,4,4,2,2,2,2,2,2,2,2,2,4,4,4,4,2,2,2,2,4,2,4,4,2,2,2,2,2,2,2,2,2,2,4,4,4,2,2,4,4,4]",1.0,1.0,1.0,1.0,1.0,0.0,0.0,0.0,0.1296102579572055,1.0,100.43661928911894,0.0012904681467235,1.0,0.0,0.1296102579572055,0.0,0.0,0.0,0.000648051289786,100,0.01,1.0,295000,44100,86.00670741600152,0.3820432089996757,107.24185758299971,0.9999998693051718,1.3069482818206526e-07,1.0000001053352083,2.613896392666959e-07,1.0000001053352152,1.9971820071950408,0.0005112628055747,6.006306563222097e-14,5.984102102729595e-14,1e-12,analysis/fermionic_structure_ablation_hgbs5.csv,1.3069481441529973e-07,1.0,1.0000001053352086
success,,Be-Be_2.04_hgbs-5_as-008-012,hamiltonian_generator/hgbs5_diatomic_basis_transfer/night/Be-Be/2.04/hgbs-5/Be-Be_2.04_hgbs-5_as-008-012.tensors.npz,Be-Be,2.04,hgbs-5,8,12,20,1580,2950,2296,0.7783050847457628,0,signed_parent_within_randomized,4,97179976,"reference signed-fermionic parent-block order kept fixed and contiguous, but Pauli descendants randomly permuted inside each parent-owned block",ec48c0eb55b48e2a,84ca74ac8a2c1c23,"[1,1,1,1,1,1,1,1,1,1,1,1,1,1,1,1,1,1,4,1,1,1,1,1,1,1,1,1,1,1,1,1,1,1,1,1,1,1,1,1,1,1,1,1,1,1,1,1,1,1,1,1,1,1,1,1,1,1,1,1,1,1,1,1,1,1,1,1,1,1,1,1,1,1,1,1,1,1,1,1,1,1,1,1,2,2,1,1,1,1,1,1,1,1,2,2,1,1,1,1,1,1,1,1,1,1,1,1,1,1,1,1,1,1,1,1,1,1,1,1,1,1,1,1,1,1,1,1,1,1,1,1,1,1,1,1,1,1,1,1,1,1,1,1,1,1,1,1,1,1,1,1,1,1,1,1,4,1,1,1,1,1,1,1,1,1,1,1,1,1,1,1,1,1,1,1,1,4,4,2,1,1,1,1,1,1,1,1,1,1,1,1,1,1,1,1,1,1,1,1,1,1,1,1,1,1,1,1,1,1,1,2,2,2,1,1,4,1,1,1,1,1,1,4,4,2,4,4,4,2,2,4,2,2,2,2,4,2,2,2,2,4,4,2,2,2,2,2,2,2,2,2,2,4,2,2,2,2,2,2,4,4,4,4,4,4,4,4,2,4,4,6,6,6,6,4,4,4,4,4,4,4,4,4,4,4,6,6,4,4,4,4,4,6,6,6,6,4,4,4,4,2,2,2,4,4,6,6,4,4,6,6,6,6,4,4,4,4,4,4,2,2,2,2,6,6,4,2,2,2,2,2,2,4,4,2,2,6,6,4,4,4,4,4,4,4,4,4,4,4,4,4,4,4,4,4,4,4,4,4,4,4,4,4,4,6,6,4,4,4,6,6,4,4,4,4,4,4,4,4,4,4,4,2,2,2,2,4,4,4,4,4,4,2,2,4,4,4,4,2,2,2,2,4,4,4,4,4,4,4,4,4,4,4,4,4,4,4,4,4,4,4,4,4,4,4,4,4,4,4,4,4,2,2,2,2,2,2,2,2,4,4,4,4,4,6,6,4,4,4,4,4,4,2,2,2,2,6,6,6,6,2,2,2,2,4,4,2,4,4,4,4,4,4,4,4,2,2,4,4,4,4,4,4,6,6,6,6,6,6,2,2,2,2,4,4,4,4,6,6,6,6,4,4,4,4,6,6,4,4,4,4,4,4,4,4,4,4,4,2,2,2,4,4,4,4,6,6,4,4,4,4,4,4,4,4,4,2,2,6,6,4,4,4,4,4,4,4,4,4,4,4,4,4,4,2,4,4,4,4,4,4,4,4,4,4,4,4,4,4,4,4,4,4,6,6,6,6,4,4,4,4,4,4,4,4,4,4,6,6,6,6,4,4,4,4,4,4,4,4,4,4,4,4,4,4,4,4,4,4,6,6,6,6,4,4,4,4,6,6,2,2,2,2,2,4,4,4,4,4,4,4,4,4,4,2,2,6,6,4,4,4,4,2,2,6,6,4,4,2,2,2,2,6,6,4,4,4,4,4,4,4,4,4,4,4,4,4,4,4,4,4,4,4,6,6,4,4,2,2,2,2,4,4,2,2,2,2,2,2,2,2,4,4,4,4,4,4,4,4,4,4,4,4,4,6,6,2,6,6,4,4,2,2,2,2,2,2,2,2,6,6,4,4,6,6,6,6,4,4,4,4,2,2,2,2,2,4,6,6,6,6,2,2,2,2,2,2,6,6,6,6,4,4,2,2,4,4,4,4,2,2,2,2,4,4,4,4,6,6,4,4,4,4,4,4,4,6,6,4,4,4,4,4,4,4,4,2,2,4,4,2,2,2,2,2,4,4,4,4,2,2,2,2,2,2,4,4,4,4,4,4,2,2,4,4,2,2,4,4,4,4,4,4,2,2,2,2,2,2,2,4,2,2,2,4,4,4,2,2,2,2,2,2,2,2,4,4,4,4,2,2,2,2,2,2,2,4,4,4,4,4,2,2,6,6,4,4,4,4,4,4,2,2,2,2,2,2,4,4,2,2,4,2,2,2,2,4,4,4,4,4,4,4,4,4,4,2,2,4,4,4,4,2,2,4,4,4,4,4,4,4,2,2,4,4,2,2,4,4,4,4,4,2,4,4,2,2,2,2,2,2,2,2,2,4,4,4,4,2,2,2,2,4,2,4,4,2,2,2,2,2,2,2,2,2,2,4,4,4,2,2,4,4,4]",1.0,1.0,1.0,1.0,1.0,0.0,0.0,0.0,0.1296102579572055,1.0,100.43661928911894,0.0012904681467235,1.0,0.0,0.1296102579572055,0.0,0.0,0.0,0.000648051289786,100,0.01,1.0,295000,44100,86.00670741600152,0.3820432089996757,108.22354291599912,0.9999998693051804,1.3069481974437025e-07,1.0000000407749194,2.613896223913059e-07,1.000000040774922,1.997182007195045,0.000511262789071,4.3076653355456074e-14,4.2743586448068527e-14,1e-12,analysis/fermionic_structure_ablation_hgbs5.csv,1.3069481441529973e-07,1.0,1.0000000407749194
success,,Be-Be_2.04_hgbs-5_as-008-012,hamiltonian_generator/hgbs5_diatomic_basis_transfer/night/Be-Be/2.04/hgbs-5/Be-Be_2.04_hgbs-5_as-008-012.tensors.npz,Be-Be,2.04,hgbs-5,8,12,20,1580,2950,2296,0.7783050847457628,0,signed_parent_within_randomized,5,3071434578,"reference signed-fermionic parent-block order kept fixed and contiguous, but Pauli descendants randomly permuted inside each parent-owned block",ec48c0eb55b48e2a,e73882682f83328f,"[1,1,1,1,1,1,1,1,1,1,1,1,1,1,1,1,1,1,4,1,1,1,1,1,1,1,1,1,1,1,1,1,1,1,1,1,1,1,1,1,1,1,1,1,1,1,1,1,1,1,1,1,1,1,1,1,1,1,1,1,1,1,1,1,1,1,1,1,1,1,1,1,1,1,1,1,1,1,1,1,1,1,1,1,2,2,1,1,1,1,1,1,1,1,2,2,1,1,1,1,1,1,1,1,1,1,1,1,1,1,1,1,1,1,1,1,1,1,1,1,1,1,1,1,1,1,1,1,1,1,1,1,1,1,1,1,1,1,1,1,1,1,1,1,1,1,1,1,1,1,1,1,1,1,1,1,4,1,1,1,1,1,1,1,1,1,1,1,1,1,1,1,1,1,1,1,1,4,4,2,1,1,1,1,1,1,1,1,1,1,1,1,1,1,1,1,1,1,1,1,1,1,1,1,1,1,1,1,1,1,1,2,2,2,1,1,4,1,1,1,1,1,1,4,4,2,4,4,4,2,2,4,2,2,2,2,4,2,2,2,2,4,4,2,2,2,2,2,2,2,2,2,2,4,2,2,2,2,2,2,4,4,4,4,4,4,4,4,2,4,4,6,6,6,6,4,4,4,4,4,4,4,4,4,4,4,6,6,4,4,4,4,4,6,6,6,6,4,4,4,4,2,2,2,4,4,6,6,4,4,6,6,6,6,4,4,4,4,4,4,2,2,2,2,6,6,4,2,2,2,2,2,2,4,4,2,2,6,6,4,4,4,4,4,4,4,4,4,4,4,4,4,4,4,4,4,4,4,4,4,4,4,4,4,4,6,6,4,4,4,6,6,4,4,4,4,4,4,4,4,4,4,4,2,2,2,2,4,4,4,4,4,4,2,2,4,4,4,4,2,2,2,2,4,4,4,4,4,4,4,4,4,4,4,4,4,4,4,4,4,4,4,4,4,4,4,4,4,4,4,4,4,2,2,2,2,2,2,2,2,4,4,4,4,4,6,6,4,4,4,4,4,4,2,2,2,2,6,6,6,6,2,2,2,2,4,4,2,4,4,4,4,4,4,4,4,2,2,4,4,4,4,4,4,6,6,6,6,6,6,2,2,2,2,4,4,4,4,6,6,6,6,4,4,4,4,6,6,4,4,4,4,4,4,4,4,4,4,4,2,2,2,4,4,4,4,6,6,4,4,4,4,4,4,4,4,4,2,2,6,6,4,4,4,4,4,4,4,4,4,4,4,4,4,4,2,4,4,4,4,4,4,4,4,4,4,4,4,4,4,4,4,4,4,6,6,6,6,4,4,4,4,4,4,4,4,4,4,6,6,6,6,4,4,4,4,4,4,4,4,4,4,4,4,4,4,4,4,4,4,6,6,6,6,4,4,4,4,6,6,2,2,2,2,2,4,4,4,4,4,4,4,4,4,4,2,2,6,6,4,4,4,4,2,2,6,6,4,4,2,2,2,2,6,6,4,4,4,4,4,4,4,4,4,4,4,4,4,4,4,4,4,4,4,6,6,4,4,2,2,2,2,4,4,2,2,2,2,2,2,2,2,4,4,4,4,4,4,4,4,4,4,4,4,4,6,6,2,6,6,4,4,2,2,2,2,2,2,2,2,6,6,4,4,6,6,6,6,4,4,4,4,2,2,2,2,2,4,6,6,6,6,2,2,2,2,2,2,6,6,6,6,4,4,2,2,4,4,4,4,2,2,2,2,4,4,4,4,6,6,4,4,4,4,4,4,4,6,6,4,4,4,4,4,4,4,4,2,2,4,4,2,2,2,2,2,4,4,4,4,2,2,2,2,2,2,4,4,4,4,4,4,2,2,4,4,2,2,4,4,4,4,4,4,2,2,2,2,2,2,2,4,2,2,2,4,4,4,2,2,2,2,2,2,2,2,4,4,4,4,2,2,2,2,2,2,2,4,4,4,4,4,2,2,6,6,4,4,4,4,4,4,2,2,2,2,2,2,4,4,2,2,4,2,2,2,2,4,4,4,4,4,4,4,4,4,4,2,2,4,4,4,4,2,2,4,4,4,4,4,4,4,2,2,4,4,2,2,4,4,4,4,4,2,4,4,2,2,2,2,2,2,2,2,2,4,4,4,4,2,2,2,2,4,2,4,4,2,2,2,2,2,2,2,2,2,2,4,4,4,2,2,4,4,4]",1.0,1.0,1.0,1.0,1.0,0.0,0.0,0.0,0.1296102579572055,1.0,100.43661928911894,0.0012904681467235,1.0,0.0,0.1296102579572055,0.0,0.0,0.0,0.000648051289786,100,0.01,1.0,295000,44100,86.00670741600152,0.3820432089996757,107.79065216699928,0.9999998693051864,1.3069481374916594e-07,0.9999999949031352,2.6138961040089725e-07,0.9999999949031348,1.9971820071950477,0.0005112627773448,3.1308289294429414e-14,3.0975222387041874e-14,1e-12,analysis/fermionic_structure_ablation_hgbs5.csv,1.3069481441529973e-07,1.0,0.9999999949031353
success,,Be-Be_2.04_hgbs-5_as-008-012,hamiltonian_generator/hgbs5_diatomic_basis_transfer/night/Be-Be/2.04/hgbs-5/Be-Be_2.04_hgbs-5_as-008-012.tensors.npz,Be-Be,2.04,hgbs-5,8,12,20,1580,2950,2296,0.7783050847457628,0,signed_parent_within_randomized,6,4112934098,"reference signed-fermionic parent-block order kept fixed and contiguous, but Pauli descendants randomly permuted inside each parent-owned block",ec48c0eb55b48e2a,ffc0e53f6d05251d,"[1,1,1,1,1,1,1,1,1,1,1,1,1,1,1,1,1,1,4,1,1,1,1,1,1,1,1,1,1,1,1,1,1,1,1,1,1,1,1,1,1,1,1,1,1,1,1,1,1,1,1,1,1,1,1,1,1,1,1,1,1,1,1,1,1,1,1,1,1,1,1,1,1,1,1,1,1,1,1,1,1,1,1,1,2,2,1,1,1,1,1,1,1,1,2,2,1,1,1,1,1,1,1,1,1,1,1,1,1,1,1,1,1,1,1,1,1,1,1,1,1,1,1,1,1,1,1,1,1,1,1,1,1,1,1,1,1,1,1,1,1,1,1,1,1,1,1,1,1,1,1,1,1,1,1,1,4,1,1,1,1,1,1,1,1,1,1,1,1,1,1,1,1,1,1,1,1,4,4,2,1,1,1,1,1,1,1,1,1,1,1,1,1,1,1,1,1,1,1,1,1,1,1,1,1,1,1,1,1,1,1,2,2,2,1,1,4,1,1,1,1,1,1,4,4,2,4,4,4,2,2,4,2,2,2,2,4,2,2,2,2,4,4,2,2,2,2,2,2,2,2,2,2,4,2,2,2,2,2,2,4,4,4,4,4,4,4,4,2,4,4,6,6,6,6,4,4,4,4,4,4,4,4,4,4,4,6,6,4,4,4,4,4,6,6,6,6,4,4,4,4,2,2,2,4,4,6,6,4,4,6,6,6,6,4,4,4,4,4,4,2,2,2,2,6,6,4,2,2,2,2,2,2,4,4,2,2,6,6,4,4,4,4,4,4,4,4,4,4,4,4,4,4,4,4,4,4,4,4,4,4,4,4,4,4,6,6,4,4,4,6,6,4,4,4,4,4,4,4,4,4,4,4,2,2,2,2,4,4,4,4,4,4,2,2,4,4,4,4,2,2,2,2,4,4,4,4,4,4,4,4,4,4,4,4,4,4,4,4,4,4,4,4,4,4,4,4,4,4,4,4,4,2,2,2,2,2,2,2,2,4,4,4,4,4,6,6,4,4,4,4,4,4,2,2,2,2,6,6,6,6,2,2,2,2,4,4,2,4,4,4,4,4,4,4,4,2,2,4,4,4,4,4,4,6,6,6,6,6,6,2,2,2,2,4,4,4,4,6,6,6,6,4,4,4,4,6,6,4,4,4,4,4,4,4,4,4,4,4,2,2,2,4,4,4,4,6,6,4,4,4,4,4,4,4,4,4,2,2,6,6,4,4,4,4,4,4,4,4,4,4,4,4,4,4,2,4,4,4,4,4,4,4,4,4,4,4,4,4,4,4,4,4,4,6,6,6,6,4,4,4,4,4,4,4,4,4,4,6,6,6,6,4,4,4,4,4,4,4,4,4,4,4,4,4,4,4,4,4,4,6,6,6,6,4,4,4,4,6,6,2,2,2,2,2,4,4,4,4,4,4,4,4,4,4,2,2,6,6,4,4,4,4,2,2,6,6,4,4,2,2,2,2,6,6,4,4,4,4,4,4,4,4,4,4,4,4,4,4,4,4,4,4,4,6,6,4,4,2,2,2,2,4,4,2,2,2,2,2,2,2,2,4,4,4,4,4,4,4,4,4,4,4,4,4,6,6,2,6,6,4,4,2,2,2,2,2,2,2,2,6,6,4,4,6,6,6,6,4,4,4,4,2,2,2,2,2,4,6,6,6,6,2,2,2,2,2,2,6,6,6,6,4,4,2,2,4,4,4,4,2,2,2,2,4,4,4,4,6,6,4,4,4,4,4,4,4,6,6,4,4,4,4,4,4,4,4,2,2,4,4,2,2,2,2,2,4,4,4,4,2,2,2,2,2,2,4,4,4,4,4,4,2,2,4,4,2,2,4,4,4,4,4,4,2,2,2,2,2,2,2,4,2,2,2,4,4,4,2,2,2,2,2,2,2,2,4,4,4,4,2,2,2,2,2,2,2,4,4,4,4,4,2,2,6,6,4,4,4,4,4,4,2,2,2,2,2,2,4,4,2,2,4,2,2,2,2,4,4,4,4,4,4,4,4,4,4,2,2,4,4,4,4,2,2,4,4,4,4,4,4,4,2,2,4,4,2,2,4,4,4,4,4,2,4,4,2,2,2,2,2,2,2,2,2,4,4,4,4,2,2,2,2,4,2,4,4,2,2,2,2,2,2,2,2,2,2,4,4,4,2,2,4,4,4]",1.0,1.0,1.0,1.0,1.0,0.0,0.0,0.0,0.1296102579572055,1.0,100.43661928911894,0.0012904681467235,1.0,0.0,0.1296102579572055,0.0,0.0,0.0,0.000648051289786,100,0.01,1.0,295000,44100,86.00670741600152,0.3820432089996757,106.31242295799892,0.999999869305182,1.306948179680134e-07,1.0000000271832796,2.6138961883859224e-07,1.0000000271832814,1.9971820071950457,0.0005112627855966,3.9745984281580604e-14,3.9412917374193063e-14,1e-12,analysis/fermionic_structure_ablation_hgbs5.csv,1.3069481441529973e-07,1.0,1.0000000271832796
success,,Be-Be_2.04_hgbs-5_as-008-012,hamiltonian_generator/hgbs5_diatomic_basis_transfer/night/Be-Be/2.04/hgbs-5/Be-Be_2.04_hgbs-5_as-008-012.tensors.npz,Be-Be,2.04,hgbs-5,8,12,20,1580,2950,2296,0.7783050847457628,0,signed_parent_within_randomized,7,2316364976,"reference signed-fermionic parent-block order kept fixed and contiguous, but Pauli descendants randomly permuted inside each parent-owned block",ec48c0eb55b48e2a,5daf4896f8c7ae0d,"[1,1,1,1,1,1,1,1,1,1,1,1,1,1,1,1,1,1,4,1,1,1,1,1,1,1,1,1,1,1,1,1,1,1,1,1,1,1,1,1,1,1,1,1,1,1,1,1,1,1,1,1,1,1,1,1,1,1,1,1,1,1,1,1,1,1,1,1,1,1,1,1,1,1,1,1,1,1,1,1,1,1,1,1,2,2,1,1,1,1,1,1,1,1,2,2,1,1,1,1,1,1,1,1,1,1,1,1,1,1,1,1,1,1,1,1,1,1,1,1,1,1,1,1,1,1,1,1,1,1,1,1,1,1,1,1,1,1,1,1,1,1,1,1,1,1,1,1,1,1,1,1,1,1,1,1,4,1,1,1,1,1,1,1,1,1,1,1,1,1,1,1,1,1,1,1,1,4,4,2,1,1,1,1,1,1,1,1,1,1,1,1,1,1,1,1,1,1,1,1,1,1,1,1,1,1,1,1,1,1,1,2,2,2,1,1,4,1,1,1,1,1,1,4,4,2,4,4,4,2,2,4,2,2,2,2,4,2,2,2,2,4,4,2,2,2,2,2,2,2,2,2,2,4,2,2,2,2,2,2,4,4,4,4,4,4,4,4,2,4,4,6,6,6,6,4,4,4,4,4,4,4,4,4,4,4,6,6,4,4,4,4,4,6,6,6,6,4,4,4,4,2,2,2,4,4,6,6,4,4,6,6,6,6,4,4,4,4,4,4,2,2,2,2,6,6,4,2,2,2,2,2,2,4,4,2,2,6,6,4,4,4,4,4,4,4,4,4,4,4,4,4,4,4,4,4,4,4,4,4,4,4,4,4,4,6,6,4,4,4,6,6,4,4,4,4,4,4,4,4,4,4,4,2,2,2,2,4,4,4,4,4,4,2,2,4,4,4,4,2,2,2,2,4,4,4,4,4,4,4,4,4,4,4,4,4,4,4,4,4,4,4,4,4,4,4,4,4,4,4,4,4,2,2,2,2,2,2,2,2,4,4,4,4,4,6,6,4,4,4,4,4,4,2,2,2,2,6,6,6,6,2,2,2,2,4,4,2,4,4,4,4,4,4,4,4,2,2,4,4,4,4,4,4,6,6,6,6,6,6,2,2,2,2,4,4,4,4,6,6,6,6,4,4,4,4,6,6,4,4,4,4,4,4,4,4,4,4,4,2,2,2,4,4,4,4,6,6,4,4,4,4,4,4,4,4,4,2,2,6,6,4,4,4,4,4,4,4,4,4,4,4,4,4,4,2,4,4,4,4,4,4,4,4,4,4,4,4,4,4,4,4,4,4,6,6,6,6,4,4,4,4,4,4,4,4,4,4,6,6,6,6,4,4,4,4,4,4,4,4,4,4,4,4,4,4,4,4,4,4,6,6,6,6,4,4,4,4,6,6,2,2,2,2,2,4,4,4,4,4,4,4,4,4,4,2,2,6,6,4,4,4,4,2,2,6,6,4,4,2,2,2,2,6,6,4,4,4,4,4,4,4,4,4,4,4,4,4,4,4,4,4,4,4,6,6,4,4,2,2,2,2,4,4,2,2,2,2,2,2,2,2,4,4,4,4,4,4,4,4,4,4,4,4,4,6,6,2,6,6,4,4,2,2,2,2,2,2,2,2,6,6,4,4,6,6,6,6,4,4,4,4,2,2,2,2,2,4,6,6,6,6,2,2,2,2,2,2,6,6,6,6,4,4,2,2,4,4,4,4,2,2,2,2,4,4,4,4,6,6,4,4,4,4,4,4,4,6,6,4,4,4,4,4,4,4,4,2,2,4,4,2,2,2,2,2,4,4,4,4,2,2,2,2,2,2,4,4,4,4,4,4,2,2,4,4,2,2,4,4,4,4,4,4,2,2,2,2,2,2,2,4,2,2,2,4,4,4,2,2,2,2,2,2,2,2,4,4,4,4,2,2,2,2,2,2,2,4,4,4,4,4,2,2,6,6,4,4,4,4,4,4,2,2,2,2,2,2,4,4,2,2,4,2,2,2,2,4,4,4,4,4,4,4,4,4,4,2,2,4,4,4,4,2,2,4,4,4,4,4,4,4,2,2,4,4,2,2,4,4,4,4,4,2,4,4,2,2,2,2,2,2,2,2,2,4,4,4,4,2,2,2,2,4,2,4,4,2,2,2,2,2,2,2,2,2,2,4,4,4,2,2,4,4,4]",1.0,1.0,1.0,1.0,1.0,0.0,0.0,0.0,0.1296102579572055,1.0,100.43661928911894,0.0012904681467235,1.0,0.0,0.1296102579572055,0.0,0.0,0.0,0.000648051289786,100,0.01,1.0,295000,44100,86.00670741600152,0.3820432089996757,106.12436679199892,0.9999998693051988,1.3069480131466804e-07,0.9999998997616566,2.613895855319015e-07,0.99999989976165,1.9971820071950543,0.0005112627530236,6.106226635438361e-15,5.8841820305133305e-15,1e-12,analysis/fermionic_structure_ablation_hgbs5.csv,1.3069481441529973e-07,1.0,0.9999998997616566
success,,Be-Be_2.04_hgbs-5_as-008-012,hamiltonian_generator/hgbs5_diatomic_basis_transfer/night/Be-Be/2.04/hgbs-5/Be-Be_2.04_hgbs-5_as-008-012.tensors.npz,Be-Be,2.04,hgbs-5,8,12,20,1580,2950,2296,0.7783050847457628,0,signed_parent_within_randomized,8,2747487633,"reference signed-fermionic parent-block order kept fixed and contiguous, but Pauli descendants randomly permuted inside each parent-owned block",ec48c0eb55b48e2a,0f2fe1371b19cec3,"[1,1,1,1,1,1,1,1,1,1,1,1,1,1,1,1,1,1,4,1,1,1,1,1,1,1,1,1,1,1,1,1,1,1,1,1,1,1,1,1,1,1,1,1,1,1,1,1,1,1,1,1,1,1,1,1,1,1,1,1,1,1,1,1,1,1,1,1,1,1,1,1,1,1,1,1,1,1,1,1,1,1,1,1,2,2,1,1,1,1,1,1,1,1,2,2,1,1,1,1,1,1,1,1,1,1,1,1,1,1,1,1,1,1,1,1,1,1,1,1,1,1,1,1,1,1,1,1,1,1,1,1,1,1,1,1,1,1,1,1,1,1,1,1,1,1,1,1,1,1,1,1,1,1,1,1,4,1,1,1,1,1,1,1,1,1,1,1,1,1,1,1,1,1,1,1,1,4,4,2,1,1,1,1,1,1,1,1,1,1,1,1,1,1,1,1,1,1,1,1,1,1,1,1,1,1,1,1,1,1,1,2,2,2,1,1,4,1,1,1,1,1,1,4,4,2,4,4,4,2,2,4,2,2,2,2,4,2,2,2,2,4,4,2,2,2,2,2,2,2,2,2,2,4,2,2,2,2,2,2,4,4,4,4,4,4,4,4,2,4,4,6,6,6,6,4,4,4,4,4,4,4,4,4,4,4,6,6,4,4,4,4,4,6,6,6,6,4,4,4,4,2,2,2,4,4,6,6,4,4,6,6,6,6,4,4,4,4,4,4,2,2,2,2,6,6,4,2,2,2,2,2,2,4,4,2,2,6,6,4,4,4,4,4,4,4,4,4,4,4,4,4,4,4,4,4,4,4,4,4,4,4,4,4,4,6,6,4,4,4,6,6,4,4,4,4,4,4,4,4,4,4,4,2,2,2,2,4,4,4,4,4,4,2,2,4,4,4,4,2,2,2,2,4,4,4,4,4,4,4,4,4,4,4,4,4,4,4,4,4,4,4,4,4,4,4,4,4,4,4,4,4,2,2,2,2,2,2,2,2,4,4,4,4,4,6,6,4,4,4,4,4,4,2,2,2,2,6,6,6,6,2,2,2,2,4,4,2,4,4,4,4,4,4,4,4,2,2,4,4,4,4,4,4,6,6,6,6,6,6,2,2,2,2,4,4,4,4,6,6,6,6,4,4,4,4,6,6,4,4,4,4,4,4,4,4,4,4,4,2,2,2,4,4,4,4,6,6,4,4,4,4,4,4,4,4,4,2,2,6,6,4,4,4,4,4,4,4,4,4,4,4,4,4,4,2,4,4,4,4,4,4,4,4,4,4,4,4,4,4,4,4,4,4,6,6,6,6,4,4,4,4,4,4,4,4,4,4,6,6,6,6,4,4,4,4,4,4,4,4,4,4,4,4,4,4,4,4,4,4,6,6,6,6,4,4,4,4,6,6,2,2,2,2,2,4,4,4,4,4,4,4,4,4,4,2,2,6,6,4,4,4,4,2,2,6,6,4,4,2,2,2,2,6,6,4,4,4,4,4,4,4,4,4,4,4,4,4,4,4,4,4,4,4,6,6,4,4,2,2,2,2,4,4,2,2,2,2,2,2,2,2,4,4,4,4,4,4,4,4,4,4,4,4,4,6,6,2,6,6,4,4,2,2,2,2,2,2,2,2,6,6,4,4,6,6,6,6,4,4,4,4,2,2,2,2,2,4,6,6,6,6,2,2,2,2,2,2,6,6,6,6,4,4,2,2,4,4,4,4,2,2,2,2,4,4,4,4,6,6,4,4,4,4,4,4,4,6,6,4,4,4,4,4,4,4,4,2,2,4,4,2,2,2,2,2,4,4,4,4,2,2,2,2,2,2,4,4,4,4,4,4,2,2,4,4,2,2,4,4,4,4,4,4,2,2,2,2,2,2,2,4,2,2,2,4,4,4,2,2,2,2,2,2,2,2,4,4,4,4,2,2,2,2,2,2,2,4,4,4,4,4,2,2,6,6,4,4,4,4,4,4,2,2,2,2,2,2,4,4,2,2,4,2,2,2,2,4,4,4,4,4,4,4,4,4,4,2,2,4,4,4,4,2,2,4,4,4,4,4,4,4,2,2,4,4,2,2,4,4,4,4,4,2,4,4,2,2,2,2,2,2,2,2,2,4,4,4,4,2,2,2,2,4,2,4,4,2,2,2,2,2,2,2,2,2,2,4,4,4,2,2,4,4,4]",1.0,1.0,1.0,1.0,1.0,0.0,0.0,0.0,0.1296102579572055,1.0,100.43661928911894,0.0012904681467235,1.0,0.0,0.1296102579572055,0.0,0.0,0.0,0.000648051289786,100,0.01,1.0,295000,44100,86.00670741600152,0.3820432089996757,107.24345720800012,0.9999998693051716,1.3069482840410984e-07,1.0000001070341633,2.613896397107851e-07,1.0000001070341704,1.9971820071950404,0.000511262806009,6.0285110237146e-14,5.995204332975845e-14,1e-12,analysis/fermionic_structure_ablation_hgbs5.csv,1.3069481441529973e-07,1.0,1.0000001070341633
success,,Be-Be_2.04_hgbs-5_as-008-012,hamiltonian_generator/hgbs5_diatomic_basis_transfer/night/Be-Be/2.04/hgbs-5/Be-Be_2.04_hgbs-5_as-008-012.tensors.npz,Be-Be,2.04,hgbs-5,8,12,20,1580,2950,2296,0.7783050847457628,0,signed_parent_within_randomized,9,175639996,"reference signed-fermionic parent-block order kept fixed and contiguous, but Pauli descendants randomly permuted inside each parent-owned block",ec48c0eb55b48e2a,7381b5014c81f427,"[1,1,1,1,1,1,1,1,1,1,1,1,1,1,1,1,1,1,4,1,1,1,1,1,1,1,1,1,1,1,1,1,1,1,1,1,1,1,1,1,1,1,1,1,1,1,1,1,1,1,1,1,1,1,1,1,1,1,1,1,1,1,1,1,1,1,1,1,1,1,1,1,1,1,1,1,1,1,1,1,1,1,1,1,2,2,1,1,1,1,1,1,1,1,2,2,1,1,1,1,1,1,1,1,1,1,1,1,1,1,1,1,1,1,1,1,1,1,1,1,1,1,1,1,1,1,1,1,1,1,1,1,1,1,1,1,1,1,1,1,1,1,1,1,1,1,1,1,1,1,1,1,1,1,1,1,4,1,1,1,1,1,1,1,1,1,1,1,1,1,1,1,1,1,1,1,1,4,4,2,1,1,1,1,1,1,1,1,1,1,1,1,1,1,1,1,1,1,1,1,1,1,1,1,1,1,1,1,1,1,1,2,2,2,1,1,4,1,1,1,1,1,1,4,4,2,4,4,4,2,2,4,2,2,2,2,4,2,2,2,2,4,4,2,2,2,2,2,2,2,2,2,2,4,2,2,2,2,2,2,4,4,4,4,4,4,4,4,2,4,4,6,6,6,6,4,4,4,4,4,4,4,4,4,4,4,6,6,4,4,4,4,4,6,6,6,6,4,4,4,4,2,2,2,4,4,6,6,4,4,6,6,6,6,4,4,4,4,4,4,2,2,2,2,6,6,4,2,2,2,2,2,2,4,4,2,2,6,6,4,4,4,4,4,4,4,4,4,4,4,4,4,4,4,4,4,4,4,4,4,4,4,4,4,4,6,6,4,4,4,6,6,4,4,4,4,4,4,4,4,4,4,4,2,2,2,2,4,4,4,4,4,4,2,2,4,4,4,4,2,2,2,2,4,4,4,4,4,4,4,4,4,4,4,4,4,4,4,4,4,4,4,4,4,4,4,4,4,4,4,4,4,2,2,2,2,2,2,2,2,4,4,4,4,4,6,6,4,4,4,4,4,4,2,2,2,2,6,6,6,6,2,2,2,2,4,4,2,4,4,4,4,4,4,4,4,2,2,4,4,4,4,4,4,6,6,6,6,6,6,2,2,2,2,4,4,4,4,6,6,6,6,4,4,4,4,6,6,4,4,4,4,4,4,4,4,4,4,4,2,2,2,4,4,4,4,6,6,4,4,4,4,4,4,4,4,4,2,2,6,6,4,4,4,4,4,4,4,4,4,4,4,4,4,4,2,4,4,4,4,4,4,4,4,4,4,4,4,4,4,4,4,4,4,6,6,6,6,4,4,4,4,4,4,4,4,4,4,6,6,6,6,4,4,4,4,4,4,4,4,4,4,4,4,4,4,4,4,4,4,6,6,6,6,4,4,4,4,6,6,2,2,2,2,2,4,4,4,4,4,4,4,4,4,4,2,2,6,6,4,4,4,4,2,2,6,6,4,4,2,2,2,2,6,6,4,4,4,4,4,4,4,4,4,4,4,4,4,4,4,4,4,4,4,6,6,4,4,2,2,2,2,4,4,2,2,2,2,2,2,2,2,4,4,4,4,4,4,4,4,4,4,4,4,4,6,6,2,6,6,4,4,2,2,2,2,2,2,2,2,6,6,4,4,6,6,6,6,4,4,4,4,2,2,2,2,2,4,6,6,6,6,2,2,2,2,2,2,6,6,6,6,4,4,2,2,4,4,4,4,2,2,2,2,4,4,4,4,6,6,4,4,4,4,4,4,4,6,6,4,4,4,4,4,4,4,4,2,2,4,4,2,2,2,2,2,4,4,4,4,2,2,2,2,2,2,4,4,4,4,4,4,2,2,4,4,2,2,4,4,4,4,4,4,2,2,2,2,2,2,2,4,2,2,2,4,4,4,2,2,2,2,2,2,2,2,4,4,4,4,2,2,2,2,2,2,2,4,4,4,4,4,2,2,6,6,4,4,4,4,4,4,2,2,2,2,2,2,4,4,2,2,4,2,2,2,2,4,4,4,4,4,4,4,4,4,4,2,2,4,4,4,4,2,2,4,4,4,4,4,4,4,2,2,4,4,2,2,4,4,4,4,4,2,4,4,2,2,2,2,2,2,2,2,2,4,4,4,4,2,2,2,2,4,2,4,4,2,2,2,2,2,2,2,2,2,2,4,4,4,2,2,4,4,4]",1.0,1.0,1.0,1.0,1.0,0.0,0.0,0.0,0.1296102579572055,1.0,100.43661928911894,0.0012904681467235,1.0,0.0,0.1296102579572055,0.0,0.0,0.0,0.000648051289786,100,0.01,1.0,295000,44100,86.00670741600152,0.3820432089996757,106.12448479199884,0.9999998693051776,1.306948225199278e-07,1.0000000620118563,2.6138962794242104e-07,1.0000000620118603,1.9971820071950437,0.0005112627944999,4.851674617611935e-14,4.8183679268731794e-14,1e-12,analysis/fermionic_structure_ablation_hgbs5.csv,1.3069481441529973e-07,1.0,1.0000000620118565
success,,Be-Be_2.04_hgbs-5_as-008-012,hamiltonian_generator/hgbs5_diatomic_basis_transfer/night/Be-Be/2.04/hgbs-5/Be-Be_2.04_hgbs-5_as-008-012.tensors.npz,Be-Be,2.04,hgbs-5,8,12,20,1580,2950,2296,0.7783050847457628,0,signed_parent_within_randomized,10,319279665,"reference signed-fermionic parent-block order kept fixed and contiguous, but Pauli descendants randomly permuted inside each parent-owned block",ec48c0eb55b48e2a,d30b519d366bc090,"[1,1,1,1,1,1,1,1,1,1,1,1,1,1,1,1,1,1,4,1,1,1,1,1,1,1,1,1,1,1,1,1,1,1,1,1,1,1,1,1,1,1,1,1,1,1,1,1,1,1,1,1,1,1,1,1,1,1,1,1,1,1,1,1,1,1,1,1,1,1,1,1,1,1,1,1,1,1,1,1,1,1,1,1,2,2,1,1,1,1,1,1,1,1,2,2,1,1,1,1,1,1,1,1,1,1,1,1,1,1,1,1,1,1,1,1,1,1,1,1,1,1,1,1,1,1,1,1,1,1,1,1,1,1,1,1,1,1,1,1,1,1,1,1,1,1,1,1,1,1,1,1,1,1,1,1,4,1,1,1,1,1,1,1,1,1,1,1,1,1,1,1,1,1,1,1,1,4,4,2,1,1,1,1,1,1,1,1,1,1,1,1,1,1,1,1,1,1,1,1,1,1,1,1,1,1,1,1,1,1,1,2,2,2,1,1,4,1,1,1,1,1,1,4,4,2,4,4,4,2,2,4,2,2,2,2,4,2,2,2,2,4,4,2,2,2,2,2,2,2,2,2,2,4,2,2,2,2,2,2,4,4,4,4,4,4,4,4,2,4,4,6,6,6,6,4,4,4,4,4,4,4,4,4,4,4,6,6,4,4,4,4,4,6,6,6,6,4,4,4,4,2,2,2,4,4,6,6,4,4,6,6,6,6,4,4,4,4,4,4,2,2,2,2,6,6,4,2,2,2,2,2,2,4,4,2,2,6,6,4,4,4,4,4,4,4,4,4,4,4,4,4,4,4,4,4,4,4,4,4,4,4,4,4,4,6,6,4,4,4,6,6,4,4,4,4,4,4,4,4,4,4,4,2,2,2,2,4,4,4,4,4,4,2,2,4,4,4,4,2,2,2,2,4,4,4,4,4,4,4,4,4,4,4,4,4,4,4,4,4,4,4,4,4,4,4,4,4,4,4,4,4,2,2,2,2,2,2,2,2,4,4,4,4,4,6,6,4,4,4,4,4,4,2,2,2,2,6,6,6,6,2,2,2,2,4,4,2,4,4,4,4,4,4,4,4,2,2,4,4,4,4,4,4,6,6,6,6,6,6,2,2,2,2,4,4,4,4,6,6,6,6,4,4,4,4,6,6,4,4,4,4,4,4,4,4,4,4,4,2,2,2,4,4,4,4,6,6,4,4,4,4,4,4,4,4,4,2,2,6,6,4,4,4,4,4,4,4,4,4,4,4,4,4,4,2,4,4,4,4,4,4,4,4,4,4,4,4,4,4,4,4,4,4,6,6,6,6,4,4,4,4,4,4,4,4,4,4,6,6,6,6,4,4,4,4,4,4,4,4,4,4,4,4,4,4,4,4,4,4,6,6,6,6,4,4,4,4,6,6,2,2,2,2,2,4,4,4,4,4,4,4,4,4,4,2,2,6,6,4,4,4,4,2,2,6,6,4,4,2,2,2,2,6,6,4,4,4,4,4,4,4,4,4,4,4,4,4,4,4,4,4,4,4,6,6,4,4,2,2,2,2,4,4,2,2,2,2,2,2,2,2,4,4,4,4,4,4,4,4,4,4,4,4,4,6,6,2,6,6,4,4,2,2,2,2,2,2,2,2,6,6,4,4,6,6,6,6,4,4,4,4,2,2,2,2,2,4,6,6,6,6,2,2,2,2,2,2,6,6,6,6,4,4,2,2,4,4,4,4,2,2,2,2,4,4,4,4,6,6,4,4,4,4,4,4,4,6,6,4,4,4,4,4,4,4,4,2,2,4,4,2,2,2,2,2,4,4,4,4,2,2,2,2,2,2,4,4,4,4,4,4,2,2,4,4,2,2,4,4,4,4,4,4,2,2,2,2,2,2,2,4,2,2,2,4,4,4,2,2,2,2,2,2,2,2,4,4,4,4,2,2,2,2,2,2,2,4,4,4,4,4,2,2,6,6,4,4,4,4,4,4,2,2,2,2,2,2,4,4,2,2,4,2,2,2,2,4,4,4,4,4,4,4,4,4,4,2,2,4,4,4,4,2,2,4,4,4,4,4,4,4,2,2,4,4,2,2,4,4,4,4,4,2,4,4,2,2,2,2,2,2,2,2,2,4,4,4,4,2,2,2,2,4,2,4,4,2,2,2,2,2,2,2,2,2,2,4,4,4,2,2,4,4,4]",1.0,1.0,1.0,1.0,1.0,0.0,0.0,0.0,0.1296102579572055,1.0,100.43661928911894,0.0012904681467235,1.0,0.0,0.1296102579572055,0.0,0.0,0.0,0.000648051289786,100,0.01,1.0,295000,44100,86.00670741600152,0.3820432089996757,106.68129579200104,0.9999998693051528,1.3069484716687896e-07,1.0000002505958585,2.613896772363234e-07,1.000000250595875,1.9971820071950317,0.0005112628427078,9.781064846947629e-14,9.747758156208874e-14,1e-12,analysis/fermionic_structure_ablation_hgbs5.csv,1.3069481441529973e-07,1.0,1.0000002505958585
success,,Be-Be_2.04_hgbs-5_as-008-012,hamiltonian_generator/hgbs5_diatomic_basis_transfer/night/Be-Be/2.04/hgbs-5/Be-Be_2.04_hgbs-5_as-008-012.tensors.npz,Be-Be,2.04,hgbs-5,8,12,20,1580,2950,2296,0.7783050847457628,0,signed_parent_within_randomized,11,3795187173,"reference signed-fermionic parent-block order kept fixed and contiguous, but Pauli descendants randomly permuted inside each parent-owned block",ec48c0eb55b48e2a,34bce3880cb00058,"[1,1,1,1,1,1,1,1,1,1,1,1,1,1,1,1,1,1,4,1,1,1,1,1,1,1,1,1,1,1,1,1,1,1,1,1,1,1,1,1,1,1,1,1,1,1,1,1,1,1,1,1,1,1,1,1,1,1,1,1,1,1,1,1,1,1,1,1,1,1,1,1,1,1,1,1,1,1,1,1,1,1,1,1,2,2,1,1,1,1,1,1,1,1,2,2,1,1,1,1,1,1,1,1,1,1,1,1,1,1,1,1,1,1,1,1,1,1,1,1,1,1,1,1,1,1,1,1,1,1,1,1,1,1,1,1,1,1,1,1,1,1,1,1,1,1,1,1,1,1,1,1,1,1,1,1,4,1,1,1,1,1,1,1,1,1,1,1,1,1,1,1,1,1,1,1,1,4,4,2,1,1,1,1,1,1,1,1,1,1,1,1,1,1,1,1,1,1,1,1,1,1,1,1,1,1,1,1,1,1,1,2,2,2,1,1,4,1,1,1,1,1,1,4,4,2,4,4,4,2,2,4,2,2,2,2,4,2,2,2,2,4,4,2,2,2,2,2,2,2,2,2,2,4,2,2,2,2,2,2,4,4,4,4,4,4,4,4,2,4,4,6,6,6,6,4,4,4,4,4,4,4,4,4,4,4,6,6,4,4,4,4,4,6,6,6,6,4,4,4,4,2,2,2,4,4,6,6,4,4,6,6,6,6,4,4,4,4,4,4,2,2,2,2,6,6,4,2,2,2,2,2,2,4,4,2,2,6,6,4,4,4,4,4,4,4,4,4,4,4,4,4,4,4,4,4,4,4,4,4,4,4,4,4,4,6,6,4,4,4,6,6,4,4,4,4,4,4,4,4,4,4,4,2,2,2,2,4,4,4,4,4,4,2,2,4,4,4,4,2,2,2,2,4,4,4,4,4,4,4,4,4,4,4,4,4,4,4,4,4,4,4,4,4,4,4,4,4,4,4,4,4,2,2,2,2,2,2,2,2,4,4,4,4,4,6,6,4,4,4,4,4,4,2,2,2,2,6,6,6,6,2,2,2,2,4,4,2,4,4,4,4,4,4,4,4,2,2,4,4,4,4,4,4,6,6,6,6,6,6,2,2,2,2,4,4,4,4,6,6,6,6,4,4,4,4,6,6,4,4,4,4,4,4,4,4,4,4,4,2,2,2,4,4,4,4,6,6,4,4,4,4,4,4,4,4,4,2,2,6,6,4,4,4,4,4,4,4,4,4,4,4,4,4,4,2,4,4,4,4,4,4,4,4,4,4,4,4,4,4,4,4,4,4,6,6,6,6,4,4,4,4,4,4,4,4,4,4,6,6,6,6,4,4,4,4,4,4,4,4,4,4,4,4,4,4,4,4,4,4,6,6,6,6,4,4,4,4,6,6,2,2,2,2,2,4,4,4,4,4,4,4,4,4,4,2,2,6,6,4,4,4,4,2,2,6,6,4,4,2,2,2,2,6,6,4,4,4,4,4,4,4,4,4,4,4,4,4,4,4,4,4,4,4,6,6,4,4,2,2,2,2,4,4,2,2,2,2,2,2,2,2,4,4,4,4,4,4,4,4,4,4,4,4,4,6,6,2,6,6,4,4,2,2,2,2,2,2,2,2,6,6,4,4,6,6,6,6,4,4,4,4,2,2,2,2,2,4,6,6,6,6,2,2,2,2,2,2,6,6,6,6,4,4,2,2,4,4,4,4,2,2,2,2,4,4,4,4,6,6,4,4,4,4,4,4,4,6,6,4,4,4,4,4,4,4,4,2,2,4,4,2,2,2,2,2,4,4,4,4,2,2,2,2,2,2,4,4,4,4,4,4,2,2,4,4,2,2,4,4,4,4,4,4,2,2,2,2,2,2,2,4,2,2,2,4,4,4,2,2,2,2,2,2,2,2,4,4,4,4,2,2,2,2,2,2,2,4,4,4,4,4,2,2,6,6,4,4,4,4,4,4,2,2,2,2,2,2,4,4,2,2,4,2,2,2,2,4,4,4,4,4,4,4,4,4,4,2,2,4,4,4,4,2,2,4,4,4,4,4,4,4,2,2,4,4,2,2,4,4,4,4,4,2,4,4,2,2,2,2,2,2,2,2,2,4,4,4,4,2,2,2,2,4,2,4,4,2,2,2,2,2,2,2,2,2,2,4,4,4,2,2,4,4,4]",1.0,1.0,1.0,1.0,1.0,0.0,0.0,0.0,0.1296102579572055,1.0,100.43661928911894,0.0012904681467235,1.0,0.0,0.1296102579572055,0.0,0.0,0.0,0.000648051289786,100,0.01,1.0,295000,44100,86.00670741600152,0.3820432089996757,106.33879120799976,0.9999998693051768,1.3069482329708393e-07,1.0000000679581988,2.613896294967333e-07,1.0000000679582033,1.997182007195043,0.0005112627960199,5.0071058410594566e-14,4.973799150320701e-14,1e-12,analysis/fermionic_structure_ablation_hgbs5.csv,1.3069481441529973e-07,1.0,1.0000000679581988
success,,Be-Be_2.04_hgbs-5_as-008-012,hamiltonian_generator/hgbs5_diatomic_basis_transfer/night/Be-Be/2.04/hgbs-5/Be-Be_2.04_hgbs-5_as-008-012.tensors.npz,Be-Be,2.04,hgbs-5,8,12,20,1580,2950,2296,0.7783050847457628,0,signed_parent_within_randomized,12,3946775837,"reference signed-fermionic parent-block order kept fixed and contiguous, but Pauli descendants randomly permuted inside each parent-owned block",ec48c0eb55b48e2a,64461643b009b5d7,"[1,1,1,1,1,1,1,1,1,1,1,1,1,1,1,1,1,1,4,1,1,1,1,1,1,1,1,1,1,1,1,1,1,1,1,1,1,1,1,1,1,1,1,1,1,1,1,1,1,1,1,1,1,1,1,1,1,1,1,1,1,1,1,1,1,1,1,1,1,1,1,1,1,1,1,1,1,1,1,1,1,1,1,1,2,2,1,1,1,1,1,1,1,1,2,2,1,1,1,1,1,1,1,1,1,1,1,1,1,1,1,1,1,1,1,1,1,1,1,1,1,1,1,1,1,1,1,1,1,1,1,1,1,1,1,1,1,1,1,1,1,1,1,1,1,1,1,1,1,1,1,1,1,1,1,1,4,1,1,1,1,1,1,1,1,1,1,1,1,1,1,1,1,1,1,1,1,4,4,2,1,1,1,1,1,1,1,1,1,1,1,1,1,1,1,1,1,1,1,1,1,1,1,1,1,1,1,1,1,1,1,2,2,2,1,1,4,1,1,1,1,1,1,4,4,2,4,4,4,2,2,4,2,2,2,2,4,2,2,2,2,4,4,2,2,2,2,2,2,2,2,2,2,4,2,2,2,2,2,2,4,4,4,4,4,4,4,4,2,4,4,6,6,6,6,4,4,4,4,4,4,4,4,4,4,4,6,6,4,4,4,4,4,6,6,6,6,4,4,4,4,2,2,2,4,4,6,6,4,4,6,6,6,6,4,4,4,4,4,4,2,2,2,2,6,6,4,2,2,2,2,2,2,4,4,2,2,6,6,4,4,4,4,4,4,4,4,4,4,4,4,4,4,4,4,4,4,4,4,4,4,4,4,4,4,6,6,4,4,4,6,6,4,4,4,4,4,4,4,4,4,4,4,2,2,2,2,4,4,4,4,4,4,2,2,4,4,4,4,2,2,2,2,4,4,4,4,4,4,4,4,4,4,4,4,4,4,4,4,4,4,4,4,4,4,4,4,4,4,4,4,4,2,2,2,2,2,2,2,2,4,4,4,4,4,6,6,4,4,4,4,4,4,2,2,2,2,6,6,6,6,2,2,2,2,4,4,2,4,4,4,4,4,4,4,4,2,2,4,4,4,4,4,4,6,6,6,6,6,6,2,2,2,2,4,4,4,4,6,6,6,6,4,4,4,4,6,6,4,4,4,4,4,4,4,4,4,4,4,2,2,2,4,4,4,4,6,6,4,4,4,4,4,4,4,4,4,2,2,6,6,4,4,4,4,4,4,4,4,4,4,4,4,4,4,2,4,4,4,4,4,4,4,4,4,4,4,4,4,4,4,4,4,4,6,6,6,6,4,4,4,4,4,4,4,4,4,4,6,6,6,6,4,4,4,4,4,4,4,4,4,4,4,4,4,4,4,4,4,4,6,6,6,6,4,4,4,4,6,6,2,2,2,2,2,4,4,4,4,4,4,4,4,4,4,2,2,6,6,4,4,4,4,2,2,6,6,4,4,2,2,2,2,6,6,4,4,4,4,4,4,4,4,4,4,4,4,4,4,4,4,4,4,4,6,6,4,4,2,2,2,2,4,4,2,2,2,2,2,2,2,2,4,4,4,4,4,4,4,4,4,4,4,4,4,6,6,2,6,6,4,4,2,2,2,2,2,2,2,2,6,6,4,4,6,6,6,6,4,4,4,4,2,2,2,2,2,4,6,6,6,6,2,2,2,2,2,2,6,6,6,6,4,4,2,2,4,4,4,4,2,2,2,2,4,4,4,4,6,6,4,4,4,4,4,4,4,6,6,4,4,4,4,4,4,4,4,2,2,4,4,2,2,2,2,2,4,4,4,4,2,2,2,2,2,2,4,4,4,4,4,4,2,2,4,4,2,2,4,4,4,4,4,4,2,2,2,2,2,2,2,4,2,2,2,4,4,4,2,2,2,2,2,2,2,2,4,4,4,4,2,2,2,2,2,2,2,4,4,4,4,4,2,2,6,6,4,4,4,4,4,4,2,2,2,2,2,2,4,4,2,2,4,2,2,2,2,4,4,4,4,4,4,4,4,4,4,2,2,4,4,4,4,2,2,4,4,4,4,4,4,4,2,2,4,4,2,2,4,4,4,4,4,2,4,4,2,2,2,2,2,2,2,2,2,4,4,4,4,2,2,2,2,4,2,4,4,2,2,2,2,2,2,2,2,2,2,4,4,4,2,2,4,4,4]",1.0,1.0,1.0,1.0,1.0,0.0,0.0,0.0,0.1296102579572055,1.0,100.43661928911894,0.0012904681467235,1.0,0.0,0.1296102579572055,0.0,0.0,0.0,0.000648051289786,100,0.01,1.0,295000,44100,86.00670741600152,0.3820432089996757,105.49322395800118,0.9999998693051668,1.3069483328909118e-07,1.0000001444111728,2.613896494807477e-07,1.000000144411182,1.9971820071950377,0.0005112628155637,6.983302824892236e-14,6.94999613415348e-14,1e-12,analysis/fermionic_structure_ablation_hgbs5.csv,1.3069481441529973e-07,1.0,1.000000144411173
success,,Be-Be_2.04_hgbs-5_as-008-012,hamiltonian_generator/hgbs5_diatomic_basis_transfer/night/Be-Be/2.04/hgbs-5/Be-Be_2.04_hgbs-5_as-008-012.tensors.npz,Be-Be,2.04,hgbs-5,8,12,20,1580,2950,2296,0.7783050847457628,0,signed_parent_within_randomized,13,146562127,"reference signed-fermionic parent-block order kept fixed and contiguous, but Pauli descendants randomly permuted inside each parent-owned block",ec48c0eb55b48e2a,d0563056dff6203f,"[1,1,1,1,1,1,1,1,1,1,1,1,1,1,1,1,1,1,4,1,1,1,1,1,1,1,1,1,1,1,1,1,1,1,1,1,1,1,1,1,1,1,1,1,1,1,1,1,1,1,1,1,1,1,1,1,1,1,1,1,1,1,1,1,1,1,1,1,1,1,1,1,1,1,1,1,1,1,1,1,1,1,1,1,2,2,1,1,1,1,1,1,1,1,2,2,1,1,1,1,1,1,1,1,1,1,1,1,1,1,1,1,1,1,1,1,1,1,1,1,1,1,1,1,1,1,1,1,1,1,1,1,1,1,1,1,1,1,1,1,1,1,1,1,1,1,1,1,1,1,1,1,1,1,1,1,4,1,1,1,1,1,1,1,1,1,1,1,1,1,1,1,1,1,1,1,1,4,4,2,1,1,1,1,1,1,1,1,1,1,1,1,1,1,1,1,1,1,1,1,1,1,1,1,1,1,1,1,1,1,1,2,2,2,1,1,4,1,1,1,1,1,1,4,4,2,4,4,4,2,2,4,2,2,2,2,4,2,2,2,2,4,4,2,2,2,2,2,2,2,2,2,2,4,2,2,2,2,2,2,4,4,4,4,4,4,4,4,2,4,4,6,6,6,6,4,4,4,4,4,4,4,4,4,4,4,6,6,4,4,4,4,4,6,6,6,6,4,4,4,4,2,2,2,4,4,6,6,4,4,6,6,6,6,4,4,4,4,4,4,2,2,2,2,6,6,4,2,2,2,2,2,2,4,4,2,2,6,6,4,4,4,4,4,4,4,4,4,4,4,4,4,4,4,4,4,4,4,4,4,4,4,4,4,4,6,6,4,4,4,6,6,4,4,4,4,4,4,4,4,4,4,4,2,2,2,2,4,4,4,4,4,4,2,2,4,4,4,4,2,2,2,2,4,4,4,4,4,4,4,4,4,4,4,4,4,4,4,4,4,4,4,4,4,4,4,4,4,4,4,4,4,2,2,2,2,2,2,2,2,4,4,4,4,4,6,6,4,4,4,4,4,4,2,2,2,2,6,6,6,6,2,2,2,2,4,4,2,4,4,4,4,4,4,4,4,2,2,4,4,4,4,4,4,6,6,6,6,6,6,2,2,2,2,4,4,4,4,6,6,6,6,4,4,4,4,6,6,4,4,4,4,4,4,4,4,4,4,4,2,2,2,4,4,4,4,6,6,4,4,4,4,4,4,4,4,4,2,2,6,6,4,4,4,4,4,4,4,4,4,4,4,4,4,4,2,4,4,4,4,4,4,4,4,4,4,4,4,4,4,4,4,4,4,6,6,6,6,4,4,4,4,4,4,4,4,4,4,6,6,6,6,4,4,4,4,4,4,4,4,4,4,4,4,4,4,4,4,4,4,6,6,6,6,4,4,4,4,6,6,2,2,2,2,2,4,4,4,4,4,4,4,4,4,4,2,2,6,6,4,4,4,4,2,2,6,6,4,4,2,2,2,2,6,6,4,4,4,4,4,4,4,4,4,4,4,4,4,4,4,4,4,4,4,6,6,4,4,2,2,2,2,4,4,2,2,2,2,2,2,2,2,4,4,4,4,4,4,4,4,4,4,4,4,4,6,6,2,6,6,4,4,2,2,2,2,2,2,2,2,6,6,4,4,6,6,6,6,4,4,4,4,2,2,2,2,2,4,6,6,6,6,2,2,2,2,2,2,6,6,6,6,4,4,2,2,4,4,4,4,2,2,2,2,4,4,4,4,6,6,4,4,4,4,4,4,4,6,6,4,4,4,4,4,4,4,4,2,2,4,4,2,2,2,2,2,4,4,4,4,2,2,2,2,2,2,4,4,4,4,4,4,2,2,4,4,2,2,4,4,4,4,4,4,2,2,2,2,2,2,2,4,2,2,2,4,4,4,2,2,2,2,2,2,2,2,4,4,4,4,2,2,2,2,2,2,2,4,4,4,4,4,2,2,6,6,4,4,4,4,4,4,2,2,2,2,2,2,4,4,2,2,4,2,2,2,2,4,4,4,4,4,4,4,4,4,4,2,2,4,4,4,4,2,2,4,4,4,4,4,4,4,2,2,4,4,2,2,4,4,4,4,4,2,4,4,2,2,2,2,2,2,2,2,2,4,4,4,4,2,2,2,2,4,2,4,4,2,2,2,2,2,2,2,2,2,2,4,4,4,2,2,4,4,4]",1.0,1.0,1.0,1.0,1.0,0.0,0.0,0.0,0.1296102579572055,1.0,100.43661928911894,0.0012904681467235,1.0,0.0,0.1296102579572055,0.0,0.0,0.0,0.000648051289786,100,0.01,1.0,295000,44100,86.00670741600152,0.3820432089996757,105.51795425000093,0.9999998693051798,1.3069482018845946e-07,1.0000000441728294,2.6138962327948434e-07,1.0000000441728325,1.9971820071950448,0.0005112627899396,4.4297898682543746e-14,4.39648317751562e-14,1e-12,analysis/fermionic_structure_ablation_hgbs5.csv,1.3069481441529973e-07,1.0,1.0000000441728294
success,,Be-Be_2.04_hgbs-5_as-008-012,hamiltonian_generator/hgbs5_diatomic_basis_transfer/night/Be-Be/2.04/hgbs-5/Be-Be_2.04_hgbs-5_as-008-012.tensors.npz,Be-Be,2.04,hgbs-5,8,12,20,1580,2950,2296,0.7783050847457628,0,signed_parent_within_randomized,14,3888048401,"reference signed-fermionic parent-block order kept fixed and contiguous, but Pauli descendants randomly permuted inside each parent-owned block",ec48c0eb55b48e2a,8dd7af52cb95b8f0,"[1,1,1,1,1,1,1,1,1,1,1,1,1,1,1,1,1,1,4,1,1,1,1,1,1,1,1,1,1,1,1,1,1,1,1,1,1,1,1,1,1,1,1,1,1,1,1,1,1,1,1,1,1,1,1,1,1,1,1,1,1,1,1,1,1,1,1,1,1,1,1,1,1,1,1,1,1,1,1,1,1,1,1,1,2,2,1,1,1,1,1,1,1,1,2,2,1,1,1,1,1,1,1,1,1,1,1,1,1,1,1,1,1,1,1,1,1,1,1,1,1,1,1,1,1,1,1,1,1,1,1,1,1,1,1,1,1,1,1,1,1,1,1,1,1,1,1,1,1,1,1,1,1,1,1,1,4,1,1,1,1,1,1,1,1,1,1,1,1,1,1,1,1,1,1,1,1,4,4,2,1,1,1,1,1,1,1,1,1,1,1,1,1,1,1,1,1,1,1,1,1,1,1,1,1,1,1,1,1,1,1,2,2,2,1,1,4,1,1,1,1,1,1,4,4,2,4,4,4,2,2,4,2,2,2,2,4,2,2,2,2,4,4,2,2,2,2,2,2,2,2,2,2,4,2,2,2,2,2,2,4,4,4,4,4,4,4,4,2,4,4,6,6,6,6,4,4,4,4,4,4,4,4,4,4,4,6,6,4,4,4,4,4,6,6,6,6,4,4,4,4,2,2,2,4,4,6,6,4,4,6,6,6,6,4,4,4,4,4,4,2,2,2,2,6,6,4,2,2,2,2,2,2,4,4,2,2,6,6,4,4,4,4,4,4,4,4,4,4,4,4,4,4,4,4,4,4,4,4,4,4,4,4,4,4,6,6,4,4,4,6,6,4,4,4,4,4,4,4,4,4,4,4,2,2,2,2,4,4,4,4,4,4,2,2,4,4,4,4,2,2,2,2,4,4,4,4,4,4,4,4,4,4,4,4,4,4,4,4,4,4,4,4,4,4,4,4,4,4,4,4,4,2,2,2,2,2,2,2,2,4,4,4,4,4,6,6,4,4,4,4,4,4,2,2,2,2,6,6,6,6,2,2,2,2,4,4,2,4,4,4,4,4,4,4,4,2,2,4,4,4,4,4,4,6,6,6,6,6,6,2,2,2,2,4,4,4,4,6,6,6,6,4,4,4,4,6,6,4,4,4,4,4,4,4,4,4,4,4,2,2,2,4,4,4,4,6,6,4,4,4,4,4,4,4,4,4,2,2,6,6,4,4,4,4,4,4,4,4,4,4,4,4,4,4,2,4,4,4,4,4,4,4,4,4,4,4,4,4,4,4,4,4,4,6,6,6,6,4,4,4,4,4,4,4,4,4,4,6,6,6,6,4,4,4,4,4,4,4,4,4,4,4,4,4,4,4,4,4,4,6,6,6,6,4,4,4,4,6,6,2,2,2,2,2,4,4,4,4,4,4,4,4,4,4,2,2,6,6,4,4,4,4,2,2,6,6,4,4,2,2,2,2,6,6,4,4,4,4,4,4,4,4,4,4,4,4,4,4,4,4,4,4,4,6,6,4,4,2,2,2,2,4,4,2,2,2,2,2,2,2,2,4,4,4,4,4,4,4,4,4,4,4,4,4,6,6,2,6,6,4,4,2,2,2,2,2,2,2,2,6,6,4,4,6,6,6,6,4,4,4,4,2,2,2,2,2,4,6,6,6,6,2,2,2,2,2,2,6,6,6,6,4,4,2,2,4,4,4,4,2,2,2,2,4,4,4,4,6,6,4,4,4,4,4,4,4,6,6,4,4,4,4,4,4,4,4,2,2,4,4,2,2,2,2,2,4,4,4,4,2,2,2,2,2,2,4,4,4,4,4,4,2,2,4,4,2,2,4,4,4,4,4,4,2,2,2,2,2,2,2,4,2,2,2,4,4,4,2,2,2,2,2,2,2,2,4,4,4,4,2,2,2,2,2,2,2,4,4,4,4,4,2,2,6,6,4,4,4,4,4,4,2,2,2,2,2,2,4,4,2,2,4,2,2,2,2,4,4,4,4,4,4,4,4,4,4,2,2,4,4,4,4,2,2,4,4,4,4,4,4,4,2,2,4,4,2,2,4,4,4,4,4,2,4,4,2,2,2,2,2,2,2,2,2,4,4,4,4,2,2,2,2,4,2,4,4,2,2,2,2,2,2,2,2,2,2,4,4,4,2,2,4,4,4]",1.0,1.0,1.0,1.0,1.0,0.0,0.0,0.0,0.1296102579572055,1.0,100.43661928911894,0.0012904681467235,1.0,0.0,0.1296102579572055,0.0,0.0,0.0,0.000648051289786,100,0.01,1.0,295000,44100,86.00670741600152,0.3820432089996757,106.49756974999946,0.9999998693051616,1.3069483828509476e-07,1.0000001826376597,2.61389659472755e-07,1.0000001826376717,1.9971820071950352,0.0005112628253356,8.01581023779363e-14,7.982503547054877e-14,1e-12,analysis/fermionic_structure_ablation_hgbs5.csv,1.3069481441529973e-07,1.0,1.0000001826376597
success,,Be-Be_2.04_hgbs-5_as-008-012,hamiltonian_generator/hgbs5_diatomic_basis_transfer/night/Be-Be/2.04/hgbs-5/Be-Be_2.04_hgbs-5_as-008-012.tensors.npz,Be-Be,2.04,hgbs-5,8,12,20,1580,2950,2296,0.7783050847457628,0,signed_parent_within_randomized,15,3491378553,"reference signed-fermionic parent-block order kept fixed and contiguous, but Pauli descendants randomly permuted inside each parent-owned block",ec48c0eb55b48e2a,f31f9ef673e2abec,"[1,1,1,1,1,1,1,1,1,1,1,1,1,1,1,1,1,1,4,1,1,1,1,1,1,1,1,1,1,1,1,1,1,1,1,1,1,1,1,1,1,1,1,1,1,1,1,1,1,1,1,1,1,1,1,1,1,1,1,1,1,1,1,1,1,1,1,1,1,1,1,1,1,1,1,1,1,1,1,1,1,1,1,1,2,2,1,1,1,1,1,1,1,1,2,2,1,1,1,1,1,1,1,1,1,1,1,1,1,1,1,1,1,1,1,1,1,1,1,1,1,1,1,1,1,1,1,1,1,1,1,1,1,1,1,1,1,1,1,1,1,1,1,1,1,1,1,1,1,1,1,1,1,1,1,1,4,1,1,1,1,1,1,1,1,1,1,1,1,1,1,1,1,1,1,1,1,4,4,2,1,1,1,1,1,1,1,1,1,1,1,1,1,1,1,1,1,1,1,1,1,1,1,1,1,1,1,1,1,1,1,2,2,2,1,1,4,1,1,1,1,1,1,4,4,2,4,4,4,2,2,4,2,2,2,2,4,2,2,2,2,4,4,2,2,2,2,2,2,2,2,2,2,4,2,2,2,2,2,2,4,4,4,4,4,4,4,4,2,4,4,6,6,6,6,4,4,4,4,4,4,4,4,4,4,4,6,6,4,4,4,4,4,6,6,6,6,4,4,4,4,2,2,2,4,4,6,6,4,4,6,6,6,6,4,4,4,4,4,4,2,2,2,2,6,6,4,2,2,2,2,2,2,4,4,2,2,6,6,4,4,4,4,4,4,4,4,4,4,4,4,4,4,4,4,4,4,4,4,4,4,4,4,4,4,6,6,4,4,4,6,6,4,4,4,4,4,4,4,4,4,4,4,2,2,2,2,4,4,4,4,4,4,2,2,4,4,4,4,2,2,2,2,4,4,4,4,4,4,4,4,4,4,4,4,4,4,4,4,4,4,4,4,4,4,4,4,4,4,4,4,4,2,2,2,2,2,2,2,2,4,4,4,4,4,6,6,4,4,4,4,4,4,2,2,2,2,6,6,6,6,2,2,2,2,4,4,2,4,4,4,4,4,4,4,4,2,2,4,4,4,4,4,4,6,6,6,6,6,6,2,2,2,2,4,4,4,4,6,6,6,6,4,4,4,4,6,6,4,4,4,4,4,4,4,4,4,4,4,2,2,2,4,4,4,4,6,6,4,4,4,4,4,4,4,4,4,2,2,6,6,4,4,4,4,4,4,4,4,4,4,4,4,4,4,2,4,4,4,4,4,4,4,4,4,4,4,4,4,4,4,4,4,4,6,6,6,6,4,4,4,4,4,4,4,4,4,4,6,6,6,6,4,4,4,4,4,4,4,4,4,4,4,4,4,4,4,4,4,4,6,6,6,6,4,4,4,4,6,6,2,2,2,2,2,4,4,4,4,4,4,4,4,4,4,2,2,6,6,4,4,4,4,2,2,6,6,4,4,2,2,2,2,6,6,4,4,4,4,4,4,4,4,4,4,4,4,4,4,4,4,4,4,4,6,6,4,4,2,2,2,2,4,4,2,2,2,2,2,2,2,2,4,4,4,4,4,4,4,4,4,4,4,4,4,6,6,2,6,6,4,4,2,2,2,2,2,2,2,2,6,6,4,4,6,6,6,6,4,4,4,4,2,2,2,2,2,4,6,6,6,6,2,2,2,2,2,2,6,6,6,6,4,4,2,2,4,4,4,4,2,2,2,2,4,4,4,4,6,6,4,4,4,4,4,4,4,6,6,4,4,4,4,4,4,4,4,2,2,4,4,2,2,2,2,2,4,4,4,4,2,2,2,2,2,2,4,4,4,4,4,4,2,2,4,4,2,2,4,4,4,4,4,4,2,2,2,2,2,2,2,4,2,2,2,4,4,4,2,2,2,2,2,2,2,2,4,4,4,4,2,2,2,2,2,2,2,4,4,4,4,4,2,2,6,6,4,4,4,4,4,4,2,2,2,2,2,2,4,4,2,2,4,2,2,2,2,4,4,4,4,4,4,4,4,4,4,2,2,4,4,4,4,2,2,4,4,4,4,4,4,4,2,2,4,4,2,2,4,4,4,4,4,2,4,4,2,2,2,2,2,2,2,2,2,4,4,4,4,2,2,2,2,4,2,4,4,2,2,2,2,2,2,2,2,2,2,4,4,4,2,2,4,4,4]",1.0,1.0,1.0,1.0,1.0,0.0,0.0,0.0,0.1296102579572055,1.0,100.43661928911894,0.0012904681467235,1.0,0.0,0.1296102579572055,0.0,0.0,0.0,0.000648051289786,100,0.01,1.0,295000,44100,86.00670741600152,0.3820432089996757,105.27399375000095,0.9999998693051758,1.3069482418526237e-07,1.0000000747540188,2.613896312730901e-07,1.0000000747540236,1.9971820071950424,0.0005112627977572,5.206945985491984e-14,5.1736392947532295e-14,1e-12,analysis/fermionic_structure_ablation_hgbs5.csv,1.3069481441529973e-07,1.0,1.000000074754019
success,,Be-Be_2.04_hgbs-5_as-008-012,hamiltonian_generator/hgbs5_diatomic_basis_transfer/night/Be-Be/2.04/hgbs-5/Be-Be_2.04_hgbs-5_as-008-012.tensors.npz,Be-Be,2.04,hgbs-5,8,12,20,1580,2950,2296,0.7783050847457628,0,signed_parent_within_randomized,16,2054971816,"reference signed-fermionic parent-block order kept fixed and contiguous, but Pauli descendants randomly permuted inside each parent-owned block",ec48c0eb55b48e2a,a0c6cace8e65dd72,"[1,1,1,1,1,1,1,1,1,1,1,1,1,1,1,1,1,1,4,1,1,1,1,1,1,1,1,1,1,1,1,1,1,1,1,1,1,1,1,1,1,1,1,1,1,1,1,1,1,1,1,1,1,1,1,1,1,1,1,1,1,1,1,1,1,1,1,1,1,1,1,1,1,1,1,1,1,1,1,1,1,1,1,1,2,2,1,1,1,1,1,1,1,1,2,2,1,1,1,1,1,1,1,1,1,1,1,1,1,1,1,1,1,1,1,1,1,1,1,1,1,1,1,1,1,1,1,1,1,1,1,1,1,1,1,1,1,1,1,1,1,1,1,1,1,1,1,1,1,1,1,1,1,1,1,1,4,1,1,1,1,1,1,1,1,1,1,1,1,1,1,1,1,1,1,1,1,4,4,2,1,1,1,1,1,1,1,1,1,1,1,1,1,1,1,1,1,1,1,1,1,1,1,1,1,1,1,1,1,1,1,2,2,2,1,1,4,1,1,1,1,1,1,4,4,2,4,4,4,2,2,4,2,2,2,2,4,2,2,2,2,4,4,2,2,2,2,2,2,2,2,2,2,4,2,2,2,2,2,2,4,4,4,4,4,4,4,4,2,4,4,6,6,6,6,4,4,4,4,4,4,4,4,4,4,4,6,6,4,4,4,4,4,6,6,6,6,4,4,4,4,2,2,2,4,4,6,6,4,4,6,6,6,6,4,4,4,4,4,4,2,2,2,2,6,6,4,2,2,2,2,2,2,4,4,2,2,6,6,4,4,4,4,4,4,4,4,4,4,4,4,4,4,4,4,4,4,4,4,4,4,4,4,4,4,6,6,4,4,4,6,6,4,4,4,4,4,4,4,4,4,4,4,2,2,2,2,4,4,4,4,4,4,2,2,4,4,4,4,2,2,2,2,4,4,4,4,4,4,4,4,4,4,4,4,4,4,4,4,4,4,4,4,4,4,4,4,4,4,4,4,4,2,2,2,2,2,2,2,2,4,4,4,4,4,6,6,4,4,4,4,4,4,2,2,2,2,6,6,6,6,2,2,2,2,4,4,2,4,4,4,4,4,4,4,4,2,2,4,4,4,4,4,4,6,6,6,6,6,6,2,2,2,2,4,4,4,4,6,6,6,6,4,4,4,4,6,6,4,4,4,4,4,4,4,4,4,4,4,2,2,2,4,4,4,4,6,6,4,4,4,4,4,4,4,4,4,2,2,6,6,4,4,4,4,4,4,4,4,4,4,4,4,4,4,2,4,4,4,4,4,4,4,4,4,4,4,4,4,4,4,4,4,4,6,6,6,6,4,4,4,4,4,4,4,4,4,4,6,6,6,6,4,4,4,4,4,4,4,4,4,4,4,4,4,4,4,4,4,4,6,6,6,6,4,4,4,4,6,6,2,2,2,2,2,4,4,4,4,4,4,4,4,4,4,2,2,6,6,4,4,4,4,2,2,6,6,4,4,2,2,2,2,6,6,4,4,4,4,4,4,4,4,4,4,4,4,4,4,4,4,4,4,4,6,6,4,4,2,2,2,2,4,4,2,2,2,2,2,2,2,2,4,4,4,4,4,4,4,4,4,4,4,4,4,6,6,2,6,6,4,4,2,2,2,2,2,2,2,2,6,6,4,4,6,6,6,6,4,4,4,4,2,2,2,2,2,4,6,6,6,6,2,2,2,2,2,2,6,6,6,6,4,4,2,2,4,4,4,4,2,2,2,2,4,4,4,4,6,6,4,4,4,4,4,4,4,6,6,4,4,4,4,4,4,4,4,2,2,4,4,2,2,2,2,2,4,4,4,4,2,2,2,2,2,2,4,4,4,4,4,4,2,2,4,4,2,2,4,4,4,4,4,4,2,2,2,2,2,2,2,4,2,2,2,4,4,4,2,2,2,2,2,2,2,2,4,4,4,4,2,2,2,2,2,2,2,4,4,4,4,4,2,2,6,6,4,4,4,4,4,4,2,2,2,2,2,2,4,4,2,2,4,2,2,2,2,4,4,4,4,4,4,4,4,4,4,2,2,4,4,4,4,2,2,4,4,4,4,4,4,4,2,2,4,4,2,2,4,4,4,4,4,2,4,4,2,2,2,2,2,2,2,2,2,4,4,4,4,2,2,2,2,4,2,4,4,2,2,2,2,2,2,2,2,2,2,4,4,4,2,2,4,4,4]",1.0,1.0,1.0,1.0,1.0,0.0,0.0,0.0,0.1296102579572055,1.0,100.43661928911894,0.0012904681467235,1.0,0.0,0.1296102579572055,0.0,0.0,0.0,0.000648051289786,100,0.01,1.0,295000,44100,86.00670741600152,0.3820432089996757,105.8892607910002,0.9999998693051796,1.3069482041050406e-07,1.0000000458717844,2.613896237235736e-07,1.0000000458717873,1.9971820071950448,0.0005112627903739,4.4519943287468784e-14,4.4297898682543746e-14,1e-12,analysis/fermionic_structure_ablation_hgbs5.csv,1.3069481441529973e-07,1.0,1.0000000458717844
success,,Be-Be_2.04_hgbs-5_as-008-012,hamiltonian_generator/hgbs5_diatomic_basis_transfer/night/Be-Be/2.04/hgbs-5/Be-Be_2.04_hgbs-5_as-008-012.tensors.npz,Be-Be,2.04,hgbs-5,8,12,20,1580,2950,2296,0.7783050847457628,0,signed_parent_within_randomized,17,1254576915,"reference signed-fermionic parent-block order kept fixed and contiguous, but Pauli descendants randomly permuted inside each parent-owned block",ec48c0eb55b48e2a,17817acd6e9d416a,"[1,1,1,1,1,1,1,1,1,1,1,1,1,1,1,1,1,1,4,1,1,1,1,1,1,1,1,1,1,1,1,1,1,1,1,1,1,1,1,1,1,1,1,1,1,1,1,1,1,1,1,1,1,1,1,1,1,1,1,1,1,1,1,1,1,1,1,1,1,1,1,1,1,1,1,1,1,1,1,1,1,1,1,1,2,2,1,1,1,1,1,1,1,1,2,2,1,1,1,1,1,1,1,1,1,1,1,1,1,1,1,1,1,1,1,1,1,1,1,1,1,1,1,1,1,1,1,1,1,1,1,1,1,1,1,1,1,1,1,1,1,1,1,1,1,1,1,1,1,1,1,1,1,1,1,1,4,1,1,1,1,1,1,1,1,1,1,1,1,1,1,1,1,1,1,1,1,4,4,2,1,1,1,1,1,1,1,1,1,1,1,1,1,1,1,1,1,1,1,1,1,1,1,1,1,1,1,1,1,1,1,2,2,2,1,1,4,1,1,1,1,1,1,4,4,2,4,4,4,2,2,4,2,2,2,2,4,2,2,2,2,4,4,2,2,2,2,2,2,2,2,2,2,4,2,2,2,2,2,2,4,4,4,4,4,4,4,4,2,4,4,6,6,6,6,4,4,4,4,4,4,4,4,4,4,4,6,6,4,4,4,4,4,6,6,6,6,4,4,4,4,2,2,2,4,4,6,6,4,4,6,6,6,6,4,4,4,4,4,4,2,2,2,2,6,6,4,2,2,2,2,2,2,4,4,2,2,6,6,4,4,4,4,4,4,4,4,4,4,4,4,4,4,4,4,4,4,4,4,4,4,4,4,4,4,6,6,4,4,4,6,6,4,4,4,4,4,4,4,4,4,4,4,2,2,2,2,4,4,4,4,4,4,2,2,4,4,4,4,2,2,2,2,4,4,4,4,4,4,4,4,4,4,4,4,4,4,4,4,4,4,4,4,4,4,4,4,4,4,4,4,4,2,2,2,2,2,2,2,2,4,4,4,4,4,6,6,4,4,4,4,4,4,2,2,2,2,6,6,6,6,2,2,2,2,4,4,2,4,4,4,4,4,4,4,4,2,2,4,4,4,4,4,4,6,6,6,6,6,6,2,2,2,2,4,4,4,4,6,6,6,6,4,4,4,4,6,6,4,4,4,4,4,4,4,4,4,4,4,2,2,2,4,4,4,4,6,6,4,4,4,4,4,4,4,4,4,2,2,6,6,4,4,4,4,4,4,4,4,4,4,4,4,4,4,2,4,4,4,4,4,4,4,4,4,4,4,4,4,4,4,4,4,4,6,6,6,6,4,4,4,4,4,4,4,4,4,4,6,6,6,6,4,4,4,4,4,4,4,4,4,4,4,4,4,4,4,4,4,4,6,6,6,6,4,4,4,4,6,6,2,2,2,2,2,4,4,4,4,4,4,4,4,4,4,2,2,6,6,4,4,4,4,2,2,6,6,4,4,2,2,2,2,6,6,4,4,4,4,4,4,4,4,4,4,4,4,4,4,4,4,4,4,4,6,6,4,4,2,2,2,2,4,4,2,2,2,2,2,2,2,2,4,4,4,4,4,4,4,4,4,4,4,4,4,6,6,2,6,6,4,4,2,2,2,2,2,2,2,2,6,6,4,4,6,6,6,6,4,4,4,4,2,2,2,2,2,4,6,6,6,6,2,2,2,2,2,2,6,6,6,6,4,4,2,2,4,4,4,4,2,2,2,2,4,4,4,4,6,6,4,4,4,4,4,4,4,6,6,4,4,4,4,4,4,4,4,2,2,4,4,2,2,2,2,2,4,4,4,4,2,2,2,2,2,2,4,4,4,4,4,4,2,2,4,4,2,2,4,4,4,4,4,4,2,2,2,2,2,2,2,4,2,2,2,4,4,4,2,2,2,2,2,2,2,2,4,4,4,4,2,2,2,2,2,2,2,4,4,4,4,4,2,2,6,6,4,4,4,4,4,4,2,2,2,2,2,2,4,4,2,2,4,2,2,2,2,4,4,4,4,4,4,4,4,4,4,2,2,4,4,4,4,2,2,4,4,4,4,4,4,4,2,2,4,4,2,2,4,4,4,4,4,2,4,4,2,2,2,2,2,2,2,2,2,4,4,4,4,2,2,2,2,4,2,4,4,2,2,2,2,2,2,2,2,2,2,4,4,4,2,2,4,4,4]",1.0,1.0,1.0,1.0,1.0,0.0,0.0,0.0,0.1296102579572055,1.0,100.43661928911894,0.0012904681467235,1.0,0.0,0.1296102579572055,0.0,0.0,0.0,0.000648051289786,100,0.01,1.0,295000,44100,86.00670741600152,0.3820432089996757,106.3689925409999,0.999999869305185,1.3069481497041124e-07,1.000000004247387,2.613896128433879e-07,1.0000000042473878,1.9971820071950472,0.0005112627797334,3.341771304121721e-14,3.3084646133829665e-14,1e-12,analysis/fermionic_structure_ablation_hgbs5.csv,1.3069481441529973e-07,1.0,1.0000000042473873
success,,Be-Be_2.04_hgbs-5_as-008-012,hamiltonian_generator/hgbs5_diatomic_basis_transfer/night/Be-Be/2.04/hgbs-5/Be-Be_2.04_hgbs-5_as-008-012.tensors.npz,Be-Be,2.04,hgbs-5,8,12,20,1580,2950,2296,0.7783050847457628,0,signed_parent_within_randomized,18,1832932994,"reference signed-fermionic parent-block order kept fixed and contiguous, but Pauli descendants randomly permuted inside each parent-owned block",ec48c0eb55b48e2a,f22c2bf276469a9d,"[1,1,1,1,1,1,1,1,1,1,1,1,1,1,1,1,1,1,4,1,1,1,1,1,1,1,1,1,1,1,1,1,1,1,1,1,1,1,1,1,1,1,1,1,1,1,1,1,1,1,1,1,1,1,1,1,1,1,1,1,1,1,1,1,1,1,1,1,1,1,1,1,1,1,1,1,1,1,1,1,1,1,1,1,2,2,1,1,1,1,1,1,1,1,2,2,1,1,1,1,1,1,1,1,1,1,1,1,1,1,1,1,1,1,1,1,1,1,1,1,1,1,1,1,1,1,1,1,1,1,1,1,1,1,1,1,1,1,1,1,1,1,1,1,1,1,1,1,1,1,1,1,1,1,1,1,4,1,1,1,1,1,1,1,1,1,1,1,1,1,1,1,1,1,1,1,1,4,4,2,1,1,1,1,1,1,1,1,1,1,1,1,1,1,1,1,1,1,1,1,1,1,1,1,1,1,1,1,1,1,1,2,2,2,1,1,4,1,1,1,1,1,1,4,4,2,4,4,4,2,2,4,2,2,2,2,4,2,2,2,2,4,4,2,2,2,2,2,2,2,2,2,2,4,2,2,2,2,2,2,4,4,4,4,4,4,4,4,2,4,4,6,6,6,6,4,4,4,4,4,4,4,4,4,4,4,6,6,4,4,4,4,4,6,6,6,6,4,4,4,4,2,2,2,4,4,6,6,4,4,6,6,6,6,4,4,4,4,4,4,2,2,2,2,6,6,4,2,2,2,2,2,2,4,4,2,2,6,6,4,4,4,4,4,4,4,4,4,4,4,4,4,4,4,4,4,4,4,4,4,4,4,4,4,4,6,6,4,4,4,6,6,4,4,4,4,4,4,4,4,4,4,4,2,2,2,2,4,4,4,4,4,4,2,2,4,4,4,4,2,2,2,2,4,4,4,4,4,4,4,4,4,4,4,4,4,4,4,4,4,4,4,4,4,4,4,4,4,4,4,4,4,2,2,2,2,2,2,2,2,4,4,4,4,4,6,6,4,4,4,4,4,4,2,2,2,2,6,6,6,6,2,2,2,2,4,4,2,4,4,4,4,4,4,4,4,2,2,4,4,4,4,4,4,6,6,6,6,6,6,2,2,2,2,4,4,4,4,6,6,6,6,4,4,4,4,6,6,4,4,4,4,4,4,4,4,4,4,4,2,2,2,4,4,4,4,6,6,4,4,4,4,4,4,4,4,4,2,2,6,6,4,4,4,4,4,4,4,4,4,4,4,4,4,4,2,4,4,4,4,4,4,4,4,4,4,4,4,4,4,4,4,4,4,6,6,6,6,4,4,4,4,4,4,4,4,4,4,6,6,6,6,4,4,4,4,4,4,4,4,4,4,4,4,4,4,4,4,4,4,6,6,6,6,4,4,4,4,6,6,2,2,2,2,2,4,4,4,4,4,4,4,4,4,4,2,2,6,6,4,4,4,4,2,2,6,6,4,4,2,2,2,2,6,6,4,4,4,4,4,4,4,4,4,4,4,4,4,4,4,4,4,4,4,6,6,4,4,2,2,2,2,4,4,2,2,2,2,2,2,2,2,4,4,4,4,4,4,4,4,4,4,4,4,4,6,6,2,6,6,4,4,2,2,2,2,2,2,2,2,6,6,4,4,6,6,6,6,4,4,4,4,2,2,2,2,2,4,6,6,6,6,2,2,2,2,2,2,6,6,6,6,4,4,2,2,4,4,4,4,2,2,2,2,4,4,4,4,6,6,4,4,4,4,4,4,4,6,6,4,4,4,4,4,4,4,4,2,2,4,4,2,2,2,2,2,4,4,4,4,2,2,2,2,2,2,4,4,4,4,4,4,2,2,4,4,2,2,4,4,4,4,4,4,2,2,2,2,2,2,2,4,2,2,2,4,4,4,2,2,2,2,2,2,2,2,4,4,4,4,2,2,2,2,2,2,2,4,4,4,4,4,2,2,6,6,4,4,4,4,4,4,2,2,2,2,2,2,4,4,2,2,4,2,2,2,2,4,4,4,4,4,4,4,4,4,4,2,2,4,4,4,4,2,2,4,4,4,4,4,4,4,2,2,4,4,2,2,4,4,4,4,4,2,4,4,2,2,2,2,2,2,2,2,2,4,4,4,4,2,2,2,2,4,2,4,4,2,2,2,2,2,2,2,2,2,2,4,4,4,2,2,4,4,4]",1.0,1.0,1.0,1.0,1.0,0.0,0.0,0.0,0.1296102579572055,1.0,100.43661928911894,0.0012904681467235,1.0,0.0,0.1296102579572055,0.0,0.0,0.0,0.000648051289786,100,0.01,1.0,295000,44100,86.00670741600152,0.3820432089996757,105.6047141250001,0.9999998693051698,1.3069483018046668e-07,1.0000001206258031,2.613896432634988e-07,1.000000120625811,1.9971820071950397,0.0005112628094834,6.3726801613484e-14,6.339373470609645e-14,1e-12,analysis/fermionic_structure_ablation_hgbs5.csv,1.3069481441529973e-07,1.0,1.0000001206258031
success,,Be-Be_2.04_hgbs-5_as-008-012,hamiltonian_generator/hgbs5_diatomic_basis_transfer/night/Be-Be/2.04/hgbs-5/Be-Be_2.04_hgbs-5_as-008-012.tensors.npz,Be-Be,2.04,hgbs-5,8,12,20,1580,2950,2296,0.7783050847457628,0,signed_parent_within_randomized,19,3719672065,"reference signed-fermionic parent-block order kept fixed and contiguous, but Pauli descendants randomly permuted inside each parent-owned block",ec48c0eb55b48e2a,bab56d3006c6a1a6,"[1,1,1,1,1,1,1,1,1,1,1,1,1,1,1,1,1,1,4,1,1,1,1,1,1,1,1,1,1,1,1,1,1,1,1,1,1,1,1,1,1,1,1,1,1,1,1,1,1,1,1,1,1,1,1,1,1,1,1,1,1,1,1,1,1,1,1,1,1,1,1,1,1,1,1,1,1,1,1,1,1,1,1,1,2,2,1,1,1,1,1,1,1,1,2,2,1,1,1,1,1,1,1,1,1,1,1,1,1,1,1,1,1,1,1,1,1,1,1,1,1,1,1,1,1,1,1,1,1,1,1,1,1,1,1,1,1,1,1,1,1,1,1,1,1,1,1,1,1,1,1,1,1,1,1,1,4,1,1,1,1,1,1,1,1,1,1,1,1,1,1,1,1,1,1,1,1,4,4,2,1,1,1,1,1,1,1,1,1,1,1,1,1,1,1,1,1,1,1,1,1,1,1,1,1,1,1,1,1,1,1,2,2,2,1,1,4,1,1,1,1,1,1,4,4,2,4,4,4,2,2,4,2,2,2,2,4,2,2,2,2,4,4,2,2,2,2,2,2,2,2,2,2,4,2,2,2,2,2,2,4,4,4,4,4,4,4,4,2,4,4,6,6,6,6,4,4,4,4,4,4,4,4,4,4,4,6,6,4,4,4,4,4,6,6,6,6,4,4,4,4,2,2,2,4,4,6,6,4,4,6,6,6,6,4,4,4,4,4,4,2,2,2,2,6,6,4,2,2,2,2,2,2,4,4,2,2,6,6,4,4,4,4,4,4,4,4,4,4,4,4,4,4,4,4,4,4,4,4,4,4,4,4,4,4,6,6,4,4,4,6,6,4,4,4,4,4,4,4,4,4,4,4,2,2,2,2,4,4,4,4,4,4,2,2,4,4,4,4,2,2,2,2,4,4,4,4,4,4,4,4,4,4,4,4,4,4,4,4,4,4,4,4,4,4,4,4,4,4,4,4,4,2,2,2,2,2,2,2,2,4,4,4,4,4,6,6,4,4,4,4,4,4,2,2,2,2,6,6,6,6,2,2,2,2,4,4,2,4,4,4,4,4,4,4,4,2,2,4,4,4,4,4,4,6,6,6,6,6,6,2,2,2,2,4,4,4,4,6,6,6,6,4,4,4,4,6,6,4,4,4,4,4,4,4,4,4,4,4,2,2,2,4,4,4,4,6,6,4,4,4,4,4,4,4,4,4,2,2,6,6,4,4,4,4,4,4,4,4,4,4,4,4,4,4,2,4,4,4,4,4,4,4,4,4,4,4,4,4,4,4,4,4,4,6,6,6,6,4,4,4,4,4,4,4,4,4,4,6,6,6,6,4,4,4,4,4,4,4,4,4,4,4,4,4,4,4,4,4,4,6,6,6,6,4,4,4,4,6,6,2,2,2,2,2,4,4,4,4,4,4,4,4,4,4,2,2,6,6,4,4,4,4,2,2,6,6,4,4,2,2,2,2,6,6,4,4,4,4,4,4,4,4,4,4,4,4,4,4,4,4,4,4,4,6,6,4,4,2,2,2,2,4,4,2,2,2,2,2,2,2,2,4,4,4,4,4,4,4,4,4,4,4,4,4,6,6,2,6,6,4,4,2,2,2,2,2,2,2,2,6,6,4,4,6,6,6,6,4,4,4,4,2,2,2,2,2,4,6,6,6,6,2,2,2,2,2,2,6,6,6,6,4,4,2,2,4,4,4,4,2,2,2,2,4,4,4,4,6,6,4,4,4,4,4,4,4,6,6,4,4,4,4,4,4,4,4,2,2,4,4,2,2,2,2,2,4,4,4,4,2,2,2,2,2,2,4,4,4,4,4,4,2,2,4,4,2,2,4,4,4,4,4,4,2,2,2,2,2,2,2,4,2,2,2,4,4,4,2,2,2,2,2,2,2,2,4,4,4,4,2,2,2,2,2,2,2,4,4,4,4,4,2,2,6,6,4,4,4,4,4,4,2,2,2,2,2,2,4,4,2,2,4,2,2,2,2,4,4,4,4,4,4,4,4,4,4,2,2,4,4,4,4,2,2,4,4,4,4,4,4,4,2,2,4,4,2,2,4,4,4,4,4,2,4,4,2,2,2,2,2,2,2,2,2,4,4,4,4,2,2,2,2,4,2,4,4,2,2,2,2,2,2,2,2,2,2,4,4,4,2,2,4,4,4]",1.0,1.0,1.0,1.0,1.0,0.0,0.0,0.0,0.1296102579572055,1.0,100.43661928911894,0.0012904681467235,1.0,0.0,0.1296102579572055,0.0,0.0,0.0,0.000648051289786,100,0.01,1.0,295000,44100,86.00670741600152,0.3820432089996757,106.4792035419996,0.9999998693051868,1.306948130830321e-07,0.99999998980627,2.613896090686296e-07,0.9999999898062696,1.997182007195048,0.0005112627760418,2.9420910152566655e-14,2.90878432451791e-14,1e-12,analysis/fermionic_structure_ablation_hgbs5.csv,1.3069481441529973e-07,1.0,0.9999999898062701
success,,BeH2_s-1.00_hgbs-5_as-006-012,hamiltonian_generator/polyatomic_library/BeH2/s-1.00/hgbs-5/BeH2_s-1.00_hgbs-5_as-006-012.tensors.npz,BeH2,s-1.00,hgbs-5,6,12,18,1131,2075,1378,0.6640963855421687,0,fermionic_magnitude_reference,-1,-1,complete Hermitian fermionic terms ordered by decreasing absolute canonical coefficient magnitude; final combined JW Pauli order induced by first occurrence,2a8119e2a4a83757,bcd5dc8665bd13cf,"[1,1,1,1,1,1,1,1,1,1,1,1,1,1,1,1,1,1,1,1,1,1,1,1,1,1,1,2,2,2,2,1,1,1,1,1,1,1,1,1,1,1,1,1,1,1,1,1,1,1,1,1,1,1,1,1,1,1,1,1,1,1,1,1,1,1,1,1,1,1,1,1,1,1,1,1,1,1,1,1,4,4,1,1,1,1,1,1,1,1,1,1,1,1,1,1,1,1,1,1,1,1,1,1,1,1,1,1,1,1,1,1,1,1,1,1,1,1,1,1,1,1,1,1,1,1,1,1,1,1,1,1,1,1,1,1,1,1,1,1,1,1,1,1,1,1,1,1,1,1,1,1,1,1,1,1,1,1,1,1,1,1,1,1,1,1,1,1,1,1,1,1,1,2,2,2,2,1,1,1,1,2,2,2,2,2,2,2,2,2,2,2,2,2,2,2,2,2,2,2,2,4,2,2,2,2,2,2,2,2,4,2,2,2,2,2,2,2,2,4,4,4,4,4,4,4,2,2,4,2,2,2,2,2,4,4,2,2,4,4,4,4,2,2,4,4,4,4,6,6,4,4,4,4,4,4,4,4,4,4,4,2,2,2,2,4,4,4,4,2,2,2,2,4,4,4,2,2,2,2,2,2,6,6,6,6,4,4,4,4,4,2,2,4,4,4,2,2,4,4,4,4,4,4,2,4,4,2,2,2,4,2,2,2,2,2,2,4,4,4,4,4,4,4,2,2,4,4,4,4,2,4,2,2,6,6,6,6,2,2,2,2,4,4,4,4,4,4,4,4,4,4,4,4,4,4,2,2,2,2,2,2,2,2,4,4,2,2,2,2,2,4,2,2,4,4,4,4,4,4,2,2,2,2,4,4,4,4,4,4,4,6,6,2,4,4,4,4,4,4,4,2,2,2,2,4,4,4,4,4,2,2,2,2,2,2,2,2,2,2,4,4,4,4,6,6,6,6,4,4,4,4,4,4,4,4,4,4,2,2,6,6,4,4,4,4,4,4,4,4,4,6,6,4,4,4,4,4,4,4,4,4,2,2,2,2,4,4,4,4,6,6,4,4,4,4,4,4,4,4,4,6,6,4,4,4,4,4,2,4,4,4,4,6,6,4,4,6,6,6,6,4,4,4,4,4,4,4,4,4,4,4,6,6,4,4,4,4,4,4,4,4,4,4,4,4,4,4,2,2,2,2,2,6,6,2,2,4,4,2,2,2,2,4,4,4,4,4,4,4,4,4,4,2,2,2,2,2,2,6,6,4,4,2,4,4,4,4,4,4,4,4,4,4,4,4,4,2,2,6,6,6,6,4,4,4,4,4,4,4,2,2,2,2,2,2,2,4,4,4,4,2,2,4,4,4,4,4,4,4,4,4,4,4,4,4,2,2,2,2,2,2,2,2,2,2,4,4,4,4,4,2,2,2,2,2,2,2,2,4,4,4,2,2,2,2,2,2,4,4,4,4,2,4,4,2,2,4,4,4,4,4,4,4,4,4,4,4,4,4,4,2,2,2,2,2,2,2,2,2,2,2,4,4,4,4,4,2,2,2,2,2,2,2,2,2,2,2,2,2,2,2,2,2,2,2,2,2,2,2,2,2,2,2,2,2,2,2,2,2,2,2,2,2,2,4,4,2,2,2,2,4,2,2,4,4,2,2,2,2,2,2,2,2,2,2,2,2,2,2,2,2,2,2,2,2,2,2,2,4,2]",1.0105124835742445,2.0,0.9894875164257556,2.147503285151117,2.6833734939759037,0.2593202151004364,0.0379861069158826,0.0379861069158826,0.0795971432116758,0.9876690161600514,24.707314839060015,0.0032216023363995,0.9876690161600514,0.0,0.0795971432116758,0.0,0.0,0.0,0.0003979857160583,100,0.01,1.0,207500,7056,7.68255450000288,0.021700375014916,36.970590540993726,0.9999999649448956,3.5055104263825854e-08,0.988654184520581,7.011020730640638e-08,0.9886541843251913,0.1881782064021615,0.000264783323734,5.833111771380572e-13,5.833111771380572e-13,1e-12,analysis/fermionic_structure_ablation_extension_hgbs5.csv,3.545739735155706e-08,0.9754900854825639,0.988654184520581
success,,BeH2_s-1.00_hgbs-5_as-006-012,hamiltonian_generator/polyatomic_library/BeH2/s-1.00/hgbs-5/BeH2_s-1.00_hgbs-5_as-006-012.tensors.npz,BeH2,s-1.00,hgbs-5,6,12,18,1131,2075,1378,0.6640963855421687,0,fermionic_signed_reference,-1,-1,complete Hermitian fermionic terms ordered by increasing signed canonical coefficient; final combined JW Pauli order induced by first occurrence,e844d0f7c302e5ac,67ba4d5f068fbb3b,"[1,1,1,1,1,1,1,1,1,1,1,1,1,1,1,1,1,1,1,1,1,1,1,1,1,1,1,2,2,2,2,1,1,1,1,1,1,1,1,1,1,1,1,1,1,1,1,1,1,1,1,1,1,1,1,1,1,1,1,1,1,1,1,1,1,1,1,1,1,1,1,1,1,1,1,1,1,1,1,1,4,4,1,1,1,1,1,1,1,1,1,1,1,1,1,1,1,1,1,1,1,1,1,1,1,1,1,1,1,1,1,1,1,1,1,1,1,1,1,1,1,1,1,1,1,1,1,1,1,1,1,1,1,1,1,1,1,1,1,1,1,1,1,1,1,1,1,1,1,1,1,1,1,1,1,1,1,1,1,1,1,1,1,1,1,1,1,1,1,1,1,1,1,2,2,2,2,1,1,1,1,2,2,2,2,2,2,2,2,2,2,2,2,2,2,2,2,2,2,2,2,4,2,2,2,2,2,2,2,2,4,2,2,2,2,2,2,2,2,4,4,4,4,4,4,4,2,2,4,2,2,2,2,2,4,4,2,2,4,4,4,4,2,2,4,4,4,4,6,6,4,4,4,4,4,4,4,4,4,4,4,2,2,2,2,4,4,4,4,2,2,2,2,4,4,4,2,2,2,2,2,2,6,6,6,6,4,4,4,4,4,2,2,4,4,4,2,2,4,4,4,4,4,4,2,4,4,2,2,2,4,2,2,2,2,2,2,4,4,4,4,4,4,4,2,2,4,4,4,4,2,4,2,2,6,6,6,6,2,2,2,2,4,4,4,4,4,4,4,4,4,4,4,4,4,4,2,2,2,2,2,2,2,2,4,4,2,2,2,2,2,4,2,2,4,4,4,4,4,4,2,2,2,2,4,4,4,4,4,4,4,6,6,2,4,4,4,4,4,4,4,2,2,2,2,4,4,4,4,4,2,2,2,2,2,2,2,2,2,2,4,4,4,4,6,6,6,6,4,4,4,4,4,4,4,4,4,4,2,2,6,6,4,4,4,4,4,4,4,4,4,6,6,4,4,4,4,4,4,4,4,4,2,2,2,2,4,4,4,4,6,6,4,4,4,4,4,4,4,4,4,6,6,4,4,4,4,4,2,4,4,4,4,6,6,4,4,6,6,6,6,4,4,4,4,4,4,4,4,4,4,4,6,6,4,4,4,4,4,4,4,4,4,4,4,4,4,4,2,2,2,2,2,6,6,2,2,4,4,2,2,2,2,4,4,4,4,4,4,4,4,4,4,2,2,2,2,2,2,6,6,4,4,2,4,4,4,4,4,4,4,4,4,4,4,4,4,2,2,6,6,6,6,4,4,4,4,4,4,4,2,2,2,2,2,2,2,4,4,4,4,2,2,4,4,4,4,4,4,4,4,4,4,4,4,4,2,2,2,2,2,2,2,2,2,2,4,4,4,4,4,2,2,2,2,2,2,2,2,4,4,4,2,2,2,2,2,2,4,4,4,4,2,4,4,2,2,4,4,4,4,4,4,4,4,4,4,4,4,4,4,2,2,2,2,2,2,2,2,2,2,2,4,4,4,4,4,2,2,2,2,2,2,2,2,2,2,2,2,2,2,2,2,2,2,2,2,2,2,2,2,2,2,2,2,2,2,2,2,2,2,2,2,2,2,4,4,2,2,2,2,4,2,2,4,4,2,2,2,2,2,2,2,2,2,2,2,2,2,2,2,2,2,2,2,2,2,2,2,4,2]",1.0,1.0,1.0,1.0,1.0,0.0,0.0,0.0,0.080590908400813,1.0,24.707314839060015,0.0032618238333777,1.0,0.0,0.080590908400813,0.0,0.0,0.0,0.000402954542004,100,0.01,1.0,207500,7056,7.68255450000288,0.021700375014916,36.991212374996394,0.9999999645426026,3.545739735155706e-08,1.0,7.09147934818688e-08,1.0,0.1881787259521352,0.0002662983190016,5.099254352103344e-13,5.100364575127969e-13,1e-12,analysis/fermionic_structure_ablation_extension_hgbs5.csv,3.545739735155706e-08,1.0,1.0
success,,BeH2_s-1.00_hgbs-5_as-006-012,hamiltonian_generator/polyatomic_library/BeH2/s-1.00/hgbs-5/BeH2_s-1.00_hgbs-5_as-006-012.tensors.npz,BeH2,s-1.00,hgbs-5,6,12,18,1131,2075,1378,0.6640963855421687,0,jw_signed_baseline,-1,-1,final JW Pauli terms ordered directly by increasing signed coefficient with dense Pauli lexicographic tie-breaking,,f601fc0cdc31dc55,"[1,1,1,1,1,1,1,1,1,1,1,1,1,1,1,1,1,1,1,1,1,1,1,1,1,1,1,2,2,2,2,1,1,1,1,1,1,1,1,1,1,1,1,1,1,1,1,1,1,1,1,1,1,1,1,1,1,1,1,1,1,1,1,1,1,1,1,1,1,1,1,1,1,1,1,1,1,1,1,1,4,4,1,1,1,1,1,1,1,1,1,1,1,1,1,1,1,1,1,1,1,1,1,1,1,1,1,1,1,1,1,1,1,1,1,1,1,1,1,1,1,1,1,1,1,1,1,1,1,1,1,1,1,1,1,1,1,1,1,1,1,1,1,1,1,1,1,1,1,1,1,1,1,1,1,1,1,1,1,1,1,1,1,1,1,1,1,1,1,1,1,1,1,2,2,2,2,1,1,1,1,2,2,2,2,2,2,2,2,2,2,2,2,2,2,2,2,2,2,2,2,4,2,2,2,2,2,2,2,2,4,2,2,2,2,2,2,2,2,4,4,4,4,4,4,4,2,2,4,2,2,2,2,2,4,4,2,2,4,4,4,4,2,2,4,4,4,4,6,6,4,4,4,4,4,4,4,4,4,4,4,2,2,2,2,4,4,4,4,2,2,2,2,4,4,4,2,2,2,2,2,2,6,6,6,6,4,4,4,4,4,2,2,4,4,4,2,2,4,4,4,4,4,4,2,4,4,2,2,2,4,2,2,2,2,2,2,4,4,4,4,4,4,4,2,2,4,4,4,4,2,4,2,2,6,6,6,6,2,2,2,2,4,4,4,4,4,4,4,4,4,4,4,4,4,4,2,2,2,2,2,2,2,2,4,4,2,2,2,2,2,4,2,2,4,4,4,4,4,4,2,2,2,2,4,4,4,4,4,4,4,6,6,2,4,4,4,4,4,4,4,2,2,2,2,4,4,4,4,4,2,2,2,2,2,2,2,2,2,2,4,4,4,4,6,6,6,6,4,4,4,4,4,4,4,4,4,4,2,2,6,6,4,4,4,4,4,4,4,4,4,6,6,4,4,4,4,4,4,4,4,4,2,2,2,2,4,4,4,4,6,6,4,4,4,4,4,4,4,4,4,6,6,4,4,4,4,4,2,4,4,4,4,6,6,4,4,6,6,6,6,4,4,4,4,4,4,4,4,4,4,4,6,6,4,4,4,4,4,4,4,4,4,4,4,4,4,4,2,2,2,2,2,6,6,2,2,4,4,2,2,2,2,4,4,4,4,4,4,4,4,4,4,2,2,2,2,2,2,6,6,4,4,2,4,4,4,4,4,4,4,4,4,4,4,4,4,2,2,6,6,6,6,4,4,4,4,4,4,4,2,2,2,2,2,2,2,4,4,4,4,2,2,4,4,4,4,4,4,4,4,4,4,4,4,4,2,2,2,2,2,2,2,2,2,2,4,4,4,4,4,2,2,2,2,2,2,2,2,4,4,4,2,2,2,2,2,2,4,4,4,4,2,4,4,2,2,4,4,4,4,4,4,4,4,4,4,4,4,4,4,2,2,2,2,2,2,2,2,2,2,2,4,4,4,4,4,2,2,2,2,2,2,2,2,2,2,2,2,2,2,2,2,2,2,2,2,2,2,2,2,2,2,2,2,2,2,2,2,2,2,2,2,2,2,4,4,2,2,2,2,4,2,2,4,4,2,2,2,2,2,2,2,2,2,2,2,2,2,2,2,2,2,2,2,2,2,2,2,4,2]",1.3455978975032852,3.0,0.7319316688567674,51.245072273324574,78.72240963855421,0.6199600906701391,0.8000194162881742,0.8000194162881742,0.2594395352793175,3.2192159193567336,24.707314839060015,0.0105005152105467,3.2192159193567336,0.0,0.2594395352793175,0.0,0.0,0.0,0.0012971976763965,100,0.01,1.0,207500,7056,7.68255450000288,0.021700375014916,36.99179525001091,0.9999998221666144,1.7783338546184527e-07,5.0154100059472055,3.556667392823343e-07,5.015409646130743,0.1881630679152156,0.0005963780436297,3.454382123679878e-07,3.45439592597252e-07,1e-12,analysis/fermionic_structure_ablation_extension_hgbs5.csv,3.545739735155706e-08,10.36335113543982,5.015410005947206
success,,BeH2_s-1.00_hgbs-5_as-006-012,hamiltonian_generator/polyatomic_library/BeH2/s-1.00/hgbs-5/BeH2_s-1.00_hgbs-5_as-006-012.tensors.npz,BeH2,s-1.00,hgbs-5,6,12,18,1131,2075,1378,0.6640963855421687,0,signed_parent_blocks_randomized,0,3374948455,"reference signed-fermionic parent-owned Pauli blocks preserved internally and kept contiguous, but whole parent blocks randomly permuted",1da4754d7097d7e2,db6e2616928e2330,"[1,1,1,1,1,1,1,1,1,1,1,1,1,1,1,1,1,1,1,1,1,1,1,1,1,1,1,2,2,2,2,1,1,1,1,1,1,1,1,1,1,1,1,1,1,1,1,1,1,1,1,1,1,1,1,1,1,1,1,1,1,1,1,1,1,1,1,1,1,1,1,1,1,1,1,1,1,1,1,1,4,4,1,1,1,1,1,1,1,1,1,1,1,1,1,1,1,1,1,1,1,1,1,1,1,1,1,1,1,1,1,1,1,1,1,1,1,1,1,1,1,1,1,1,1,1,1,1,1,1,1,1,1,1,1,1,1,1,1,1,1,1,1,1,1,1,1,1,1,1,1,1,1,1,1,1,1,1,1,1,1,1,1,1,1,1,1,1,1,1,1,1,1,2,2,2,2,1,1,1,1,2,2,2,2,2,2,2,2,2,2,2,2,2,2,2,2,2,2,2,2,4,2,2,2,2,2,2,2,2,4,2,2,2,2,2,2,2,2,4,4,4,4,4,4,4,2,2,4,2,2,2,2,2,4,4,2,2,4,4,4,4,2,2,4,4,4,4,6,6,4,4,4,4,4,4,4,4,4,4,4,2,2,2,2,4,4,4,4,2,2,2,2,4,4,4,2,2,2,2,2,2,6,6,6,6,4,4,4,4,4,2,2,4,4,4,2,2,4,4,4,4,4,4,2,4,4,2,2,2,4,2,2,2,2,2,2,4,4,4,4,4,4,4,2,2,4,4,4,4,2,4,2,2,6,6,6,6,2,2,2,2,4,4,4,4,4,4,4,4,4,4,4,4,4,4,2,2,2,2,2,2,2,2,4,4,2,2,2,2,2,4,2,2,4,4,4,4,4,4,2,2,2,2,4,4,4,4,4,4,4,6,6,2,4,4,4,4,4,4,4,2,2,2,2,4,4,4,4,4,2,2,2,2,2,2,2,2,2,2,4,4,4,4,6,6,6,6,4,4,4,4,4,4,4,4,4,4,2,2,6,6,4,4,4,4,4,4,4,4,4,6,6,4,4,4,4,4,4,4,4,4,2,2,2,2,4,4,4,4,6,6,4,4,4,4,4,4,4,4,4,6,6,4,4,4,4,4,2,4,4,4,4,6,6,4,4,6,6,6,6,4,4,4,4,4,4,4,4,4,4,4,6,6,4,4,4,4,4,4,4,4,4,4,4,4,4,4,2,2,2,2,2,6,6,2,2,4,4,2,2,2,2,4,4,4,4,4,4,4,4,4,4,2,2,2,2,2,2,6,6,4,4,2,4,4,4,4,4,4,4,4,4,4,4,4,4,2,2,6,6,6,6,4,4,4,4,4,4,4,2,2,2,2,2,2,2,4,4,4,4,2,2,4,4,4,4,4,4,4,4,4,4,4,4,4,2,2,2,2,2,2,2,2,2,2,4,4,4,4,4,2,2,2,2,2,2,2,2,4,4,4,2,2,2,2,2,2,4,4,4,4,2,4,4,2,2,4,4,4,4,4,4,4,4,4,4,4,4,4,4,2,2,2,2,2,2,2,2,2,2,2,4,4,4,4,4,2,2,2,2,2,2,2,2,2,2,2,2,2,2,2,2,2,2,2,2,2,2,2,2,2,2,2,2,2,2,2,2,2,2,2,2,2,2,4,4,2,2,2,2,4,2,2,4,4,2,2,2,2,2,2,2,2,2,2,2,2,2,2,2,2,2,2,2,2,2,2,2,4,2]",1.0,1.0,1.0,1.0,1.0,0.5127324025175433,0.4553937303022592,0.4553937303022592,0.1786939077323219,2.2172961104198103,24.707314839060015,0.007232429298623,2.2172961104198103,0.0,0.1786939077323219,0.0,0.0,0.0,0.0008934695386616,100,0.01,1.0,207500,7056,7.68255450000288,0.021700375014916,38.5702975000022,0.9999999338032716,6.619672832108847e-08,1.8669370361494264,1.3239345231230717e-07,1.8669370072431637,0.1881607783589217,0.0003638591164752,7.16315895488151e-13,7.162048731856885e-13,1e-12,analysis/fermionic_structure_ablation_extension_hgbs5.csv,3.545739735155706e-08,4.9164020412828195,1.8669370361494266
success,,BeH2_s-1.00_hgbs-5_as-006-012,hamiltonian_generator/polyatomic_library/BeH2/s-1.00/hgbs-5/BeH2_s-1.00_hgbs-5_as-006-012.tensors.npz,BeH2,s-1.00,hgbs-5,6,12,18,1131,2075,1378,0.6640963855421687,0,signed_parent_blocks_randomized,1,874078589,"reference signed-fermionic parent-owned Pauli blocks preserved internally and kept contiguous, but whole parent blocks randomly permuted",8165fa1e0a3855ab,40d92c56e0857e70,"[1,1,1,1,1,1,1,1,1,1,1,1,1,1,1,1,1,1,1,1,1,1,1,1,1,1,1,2,2,2,2,1,1,1,1,1,1,1,1,1,1,1,1,1,1,1,1,1,1,1,1,1,1,1,1,1,1,1,1,1,1,1,1,1,1,1,1,1,1,1,1,1,1,1,1,1,1,1,1,1,4,4,1,1,1,1,1,1,1,1,1,1,1,1,1,1,1,1,1,1,1,1,1,1,1,1,1,1,1,1,1,1,1,1,1,1,1,1,1,1,1,1,1,1,1,1,1,1,1,1,1,1,1,1,1,1,1,1,1,1,1,1,1,1,1,1,1,1,1,1,1,1,1,1,1,1,1,1,1,1,1,1,1,1,1,1,1,1,1,1,1,1,1,2,2,2,2,1,1,1,1,2,2,2,2,2,2,2,2,2,2,2,2,2,2,2,2,2,2,2,2,4,2,2,2,2,2,2,2,2,4,2,2,2,2,2,2,2,2,4,4,4,4,4,4,4,2,2,4,2,2,2,2,2,4,4,2,2,4,4,4,4,2,2,4,4,4,4,6,6,4,4,4,4,4,4,4,4,4,4,4,2,2,2,2,4,4,4,4,2,2,2,2,4,4,4,2,2,2,2,2,2,6,6,6,6,4,4,4,4,4,2,2,4,4,4,2,2,4,4,4,4,4,4,2,4,4,2,2,2,4,2,2,2,2,2,2,4,4,4,4,4,4,4,2,2,4,4,4,4,2,4,2,2,6,6,6,6,2,2,2,2,4,4,4,4,4,4,4,4,4,4,4,4,4,4,2,2,2,2,2,2,2,2,4,4,2,2,2,2,2,4,2,2,4,4,4,4,4,4,2,2,2,2,4,4,4,4,4,4,4,6,6,2,4,4,4,4,4,4,4,2,2,2,2,4,4,4,4,4,2,2,2,2,2,2,2,2,2,2,4,4,4,4,6,6,6,6,4,4,4,4,4,4,4,4,4,4,2,2,6,6,4,4,4,4,4,4,4,4,4,6,6,4,4,4,4,4,4,4,4,4,2,2,2,2,4,4,4,4,6,6,4,4,4,4,4,4,4,4,4,6,6,4,4,4,4,4,2,4,4,4,4,6,6,4,4,6,6,6,6,4,4,4,4,4,4,4,4,4,4,4,6,6,4,4,4,4,4,4,4,4,4,4,4,4,4,4,2,2,2,2,2,6,6,2,2,4,4,2,2,2,2,4,4,4,4,4,4,4,4,4,4,2,2,2,2,2,2,6,6,4,4,2,4,4,4,4,4,4,4,4,4,4,4,4,4,2,2,6,6,6,6,4,4,4,4,4,4,4,2,2,2,2,2,2,2,4,4,4,4,2,2,4,4,4,4,4,4,4,4,4,4,4,4,4,2,2,2,2,2,2,2,2,2,2,4,4,4,4,4,2,2,2,2,2,2,2,2,4,4,4,2,2,2,2,2,2,4,4,4,4,2,4,4,2,2,4,4,4,4,4,4,4,4,4,4,4,4,4,4,2,2,2,2,2,2,2,2,2,2,2,4,4,4,4,4,2,2,2,2,2,2,2,2,2,2,2,2,2,2,2,2,2,2,2,2,2,2,2,2,2,2,2,2,2,2,2,2,2,2,2,2,2,2,4,4,2,2,2,2,4,2,2,4,4,2,2,2,2,2,2,2,2,2,2,2,2,2,2,2,2,2,2,2,2,2,2,2,4,2]",1.0,1.0,1.0,1.0,1.0,0.5025742120620222,0.5278687516469763,0.5278687516469763,0.0693742153855789,0.8608193748177069,24.707314839060015,0.0028078411530137,0.8608193748177068,0.0,0.0693742153855789,0.0,0.0,0.0,0.0003468710769278,100,0.01,1.0,207500,7056,7.68255450000288,0.021700375014916,38.5292712909868,0.9999999835625718,1.6437428196347525e-08,0.4635824799370306,3.2874856170650446e-08,0.4635824847893797,0.1881707120738168,0.0001813142476274,6.600275881396557e-13,6.600275881396557e-13,1e-12,analysis/fermionic_structure_ablation_extension_hgbs5.csv,3.545739735155706e-08,0.7410099960615477,0.46358247993703067
success,,BeH2_s-1.00_hgbs-5_as-006-012,hamiltonian_generator/polyatomic_library/BeH2/s-1.00/hgbs-5/BeH2_s-1.00_hgbs-5_as-006-012.tensors.npz,BeH2,s-1.00,hgbs-5,6,12,18,1131,2075,1378,0.6640963855421687,0,signed_parent_blocks_randomized,2,2435798895,"reference signed-fermionic parent-owned Pauli blocks preserved internally and kept contiguous, but whole parent blocks randomly permuted",112029f2897b660d,a2465276fadd772f,"[1,1,1,1,1,1,1,1,1,1,1,1,1,1,1,1,1,1,1,1,1,1,1,1,1,1,1,2,2,2,2,1,1,1,1,1,1,1,1,1,1,1,1,1,1,1,1,1,1,1,1,1,1,1,1,1,1,1,1,1,1,1,1,1,1,1,1,1,1,1,1,1,1,1,1,1,1,1,1,1,4,4,1,1,1,1,1,1,1,1,1,1,1,1,1,1,1,1,1,1,1,1,1,1,1,1,1,1,1,1,1,1,1,1,1,1,1,1,1,1,1,1,1,1,1,1,1,1,1,1,1,1,1,1,1,1,1,1,1,1,1,1,1,1,1,1,1,1,1,1,1,1,1,1,1,1,1,1,1,1,1,1,1,1,1,1,1,1,1,1,1,1,1,2,2,2,2,1,1,1,1,2,2,2,2,2,2,2,2,2,2,2,2,2,2,2,2,2,2,2,2,4,2,2,2,2,2,2,2,2,4,2,2,2,2,2,2,2,2,4,4,4,4,4,4,4,2,2,4,2,2,2,2,2,4,4,2,2,4,4,4,4,2,2,4,4,4,4,6,6,4,4,4,4,4,4,4,4,4,4,4,2,2,2,2,4,4,4,4,2,2,2,2,4,4,4,2,2,2,2,2,2,6,6,6,6,4,4,4,4,4,2,2,4,4,4,2,2,4,4,4,4,4,4,2,4,4,2,2,2,4,2,2,2,2,2,2,4,4,4,4,4,4,4,2,2,4,4,4,4,2,4,2,2,6,6,6,6,2,2,2,2,4,4,4,4,4,4,4,4,4,4,4,4,4,4,2,2,2,2,2,2,2,2,4,4,2,2,2,2,2,4,2,2,4,4,4,4,4,4,2,2,2,2,4,4,4,4,4,4,4,6,6,2,4,4,4,4,4,4,4,2,2,2,2,4,4,4,4,4,2,2,2,2,2,2,2,2,2,2,4,4,4,4,6,6,6,6,4,4,4,4,4,4,4,4,4,4,2,2,6,6,4,4,4,4,4,4,4,4,4,6,6,4,4,4,4,4,4,4,4,4,2,2,2,2,4,4,4,4,6,6,4,4,4,4,4,4,4,4,4,6,6,4,4,4,4,4,2,4,4,4,4,6,6,4,4,6,6,6,6,4,4,4,4,4,4,4,4,4,4,4,6,6,4,4,4,4,4,4,4,4,4,4,4,4,4,4,2,2,2,2,2,6,6,2,2,4,4,2,2,2,2,4,4,4,4,4,4,4,4,4,4,2,2,2,2,2,2,6,6,4,4,2,4,4,4,4,4,4,4,4,4,4,4,4,4,2,2,6,6,6,6,4,4,4,4,4,4,4,2,2,2,2,2,2,2,4,4,4,4,2,2,4,4,4,4,4,4,4,4,4,4,4,4,4,2,2,2,2,2,2,2,2,2,2,4,4,4,4,4,2,2,2,2,2,2,2,2,4,4,4,2,2,2,2,2,2,4,4,4,4,2,4,4,2,2,4,4,4,4,4,4,4,4,4,4,4,4,4,4,2,2,2,2,2,2,2,2,2,2,2,4,4,4,4,4,2,2,2,2,2,2,2,2,2,2,2,2,2,2,2,2,2,2,2,2,2,2,2,2,2,2,2,2,2,2,2,2,2,2,2,2,2,2,4,4,2,2,2,2,4,2,2,4,4,2,2,2,2,2,2,2,2,2,2,2,2,2,2,2,2,2,2,2,2,2,2,2,4,2]",1.0,1.0,1.0,1.0,1.0,0.5064475873544093,0.4247435053412334,0.4247435053412334,0.0994288356044537,1.2337475476756223,24.707314839060015,0.0040242671553796,1.2337475476756223,0.0,0.0994288356044537,0.0,0.0,0.0,0.0004971441780222,100,0.01,1.0,207500,7056,7.68255450000288,0.021700375014916,38.43784412500099,0.999999928772839,7.122716094709602e-08,2.0088096213290787,1.4245431678716616e-07,2.0088095839070346,0.1881691059993606,0.0003774312147851,6.206146707654625e-13,6.206146707654625e-13,1e-12,analysis/fermionic_structure_ablation_extension_hgbs5.csv,3.545739735155706e-08,1.522133011395612,2.0088096213290787
success,,BeH2_s-1.00_hgbs-5_as-006-012,hamiltonian_generator/polyatomic_library/BeH2/s-1.00/hgbs-5/BeH2_s-1.00_hgbs-5_as-006-012.tensors.npz,BeH2,s-1.00,hgbs-5,6,12,18,1131,2075,1378,0.6640963855421687,0,signed_parent_blocks_randomized,3,1812465897,"reference signed-fermionic parent-owned Pauli blocks preserved internally and kept contiguous, but whole parent blocks randomly permuted",916f652c3cda1f1c,8bd3a67a344ea74b,"[1,1,1,1,1,1,1,1,1,1,1,1,1,1,1,1,1,1,1,1,1,1,1,1,1,1,1,2,2,2,2,1,1,1,1,1,1,1,1,1,1,1,1,1,1,1,1,1,1,1,1,1,1,1,1,1,1,1,1,1,1,1,1,1,1,1,1,1,1,1,1,1,1,1,1,1,1,1,1,1,4,4,1,1,1,1,1,1,1,1,1,1,1,1,1,1,1,1,1,1,1,1,1,1,1,1,1,1,1,1,1,1,1,1,1,1,1,1,1,1,1,1,1,1,1,1,1,1,1,1,1,1,1,1,1,1,1,1,1,1,1,1,1,1,1,1,1,1,1,1,1,1,1,1,1,1,1,1,1,1,1,1,1,1,1,1,1,1,1,1,1,1,1,2,2,2,2,1,1,1,1,2,2,2,2,2,2,2,2,2,2,2,2,2,2,2,2,2,2,2,2,4,2,2,2,2,2,2,2,2,4,2,2,2,2,2,2,2,2,4,4,4,4,4,4,4,2,2,4,2,2,2,2,2,4,4,2,2,4,4,4,4,2,2,4,4,4,4,6,6,4,4,4,4,4,4,4,4,4,4,4,2,2,2,2,4,4,4,4,2,2,2,2,4,4,4,2,2,2,2,2,2,6,6,6,6,4,4,4,4,4,2,2,4,4,4,2,2,4,4,4,4,4,4,2,4,4,2,2,2,4,2,2,2,2,2,2,4,4,4,4,4,4,4,2,2,4,4,4,4,2,4,2,2,6,6,6,6,2,2,2,2,4,4,4,4,4,4,4,4,4,4,4,4,4,4,2,2,2,2,2,2,2,2,4,4,2,2,2,2,2,4,2,2,4,4,4,4,4,4,2,2,2,2,4,4,4,4,4,4,4,6,6,2,4,4,4,4,4,4,4,2,2,2,2,4,4,4,4,4,2,2,2,2,2,2,2,2,2,2,4,4,4,4,6,6,6,6,4,4,4,4,4,4,4,4,4,4,2,2,6,6,4,4,4,4,4,4,4,4,4,6,6,4,4,4,4,4,4,4,4,4,2,2,2,2,4,4,4,4,6,6,4,4,4,4,4,4,4,4,4,6,6,4,4,4,4,4,2,4,4,4,4,6,6,4,4,6,6,6,6,4,4,4,4,4,4,4,4,4,4,4,6,6,4,4,4,4,4,4,4,4,4,4,4,4,4,4,2,2,2,2,2,6,6,2,2,4,4,2,2,2,2,4,4,4,4,4,4,4,4,4,4,2,2,2,2,2,2,6,6,4,4,2,4,4,4,4,4,4,4,4,4,4,4,4,4,2,2,6,6,6,6,4,4,4,4,4,4,4,2,2,2,2,2,2,2,4,4,4,4,2,2,4,4,4,4,4,4,4,4,4,4,4,4,4,2,2,2,2,2,2,2,2,2,2,4,4,4,4,4,2,2,2,2,2,2,2,2,4,4,4,2,2,2,2,2,2,4,4,4,4,2,4,4,2,2,4,4,4,4,4,4,4,4,4,4,4,4,4,4,2,2,2,2,2,2,2,2,2,2,2,4,4,4,4,4,2,2,2,2,2,2,2,2,2,2,2,2,2,2,2,2,2,2,2,2,2,2,2,2,2,2,2,2,2,2,2,2,2,2,2,2,2,2,4,4,2,2,2,2,4,2,2,4,4,2,2,2,2,2,2,2,2,2,2,2,2,2,2,2,2,2,2,2,2,2,2,2,4,2]",1.0,1.0,1.0,1.0,1.0,0.4854047601823048,0.456444806203169,0.456444806203169,0.128158839304512,1.5902394184108637,24.707314839060015,0.0051870808357492,1.5902394184108637,0.0,0.128158839304512,0.0,0.0,0.0,0.0006407941965225,100,0.01,1.0,207500,7056,7.68255450000288,0.021700375014916,38.36048404098256,0.9999998750689963,1.2493100354227238e-07,3.5234115551006795,2.498619914304001e-07,3.5234113950326007,0.1881869614455292,0.0004998619880372,6.138423103152492e-13,6.140643549201741e-13,1e-12,analysis/fermionic_structure_ablation_extension_hgbs5.csv,3.545739735155706e-08,2.528861407867722,3.5234115551006795
success,,BeH2_s-1.00_hgbs-5_as-006-012,hamiltonian_generator/polyatomic_library/BeH2/s-1.00/hgbs-5/BeH2_s-1.00_hgbs-5_as-006-012.tensors.npz,BeH2,s-1.00,hgbs-5,6,12,18,1131,2075,1378,0.6640963855421687,0,signed_parent_blocks_randomized,4,3139422712,"reference signed-fermionic parent-owned Pauli blocks preserved internally and kept contiguous, but whole parent blocks randomly permuted",47ede144fc630d80,dc76cb688159bc2d,"[1,1,1,1,1,1,1,1,1,1,1,1,1,1,1,1,1,1,1,1,1,1,1,1,1,1,1,2,2,2,2,1,1,1,1,1,1,1,1,1,1,1,1,1,1,1,1,1,1,1,1,1,1,1,1,1,1,1,1,1,1,1,1,1,1,1,1,1,1,1,1,1,1,1,1,1,1,1,1,1,4,4,1,1,1,1,1,1,1,1,1,1,1,1,1,1,1,1,1,1,1,1,1,1,1,1,1,1,1,1,1,1,1,1,1,1,1,1,1,1,1,1,1,1,1,1,1,1,1,1,1,1,1,1,1,1,1,1,1,1,1,1,1,1,1,1,1,1,1,1,1,1,1,1,1,1,1,1,1,1,1,1,1,1,1,1,1,1,1,1,1,1,1,2,2,2,2,1,1,1,1,2,2,2,2,2,2,2,2,2,2,2,2,2,2,2,2,2,2,2,2,4,2,2,2,2,2,2,2,2,4,2,2,2,2,2,2,2,2,4,4,4,4,4,4,4,2,2,4,2,2,2,2,2,4,4,2,2,4,4,4,4,2,2,4,4,4,4,6,6,4,4,4,4,4,4,4,4,4,4,4,2,2,2,2,4,4,4,4,2,2,2,2,4,4,4,2,2,2,2,2,2,6,6,6,6,4,4,4,4,4,2,2,4,4,4,2,2,4,4,4,4,4,4,2,4,4,2,2,2,4,2,2,2,2,2,2,4,4,4,4,4,4,4,2,2,4,4,4,4,2,4,2,2,6,6,6,6,2,2,2,2,4,4,4,4,4,4,4,4,4,4,4,4,4,4,2,2,2,2,2,2,2,2,4,4,2,2,2,2,2,4,2,2,4,4,4,4,4,4,2,2,2,2,4,4,4,4,4,4,4,6,6,2,4,4,4,4,4,4,4,2,2,2,2,4,4,4,4,4,2,2,2,2,2,2,2,2,2,2,4,4,4,4,6,6,6,6,4,4,4,4,4,4,4,4,4,4,2,2,6,6,4,4,4,4,4,4,4,4,4,6,6,4,4,4,4,4,4,4,4,4,2,2,2,2,4,4,4,4,6,6,4,4,4,4,4,4,4,4,4,6,6,4,4,4,4,4,2,4,4,4,4,6,6,4,4,6,6,6,6,4,4,4,4,4,4,4,4,4,4,4,6,6,4,4,4,4,4,4,4,4,4,4,4,4,4,4,2,2,2,2,2,6,6,2,2,4,4,2,2,2,2,4,4,4,4,4,4,4,4,4,4,2,2,2,2,2,2,6,6,4,4,2,4,4,4,4,4,4,4,4,4,4,4,4,4,2,2,6,6,6,6,4,4,4,4,4,4,4,2,2,2,2,2,2,2,4,4,4,4,2,2,4,4,4,4,4,4,4,4,4,4,4,4,4,2,2,2,2,2,2,2,2,2,2,4,4,4,4,4,2,2,2,2,2,2,2,2,4,4,4,2,2,2,2,2,2,4,4,4,4,2,4,4,2,2,4,4,4,4,4,4,4,4,4,4,4,4,4,4,2,2,2,2,2,2,2,2,2,2,2,4,4,4,4,4,2,2,2,2,2,2,2,2,2,2,2,2,2,2,2,2,2,2,2,2,2,2,2,2,2,2,2,2,2,2,2,2,2,2,2,2,2,2,4,4,2,2,2,2,4,2,2,4,4,2,2,2,2,2,2,2,2,2,2,2,2,2,2,2,2,2,2,2,2,2,2,2,4,2]",1.0,1.0,1.0,1.0,1.0,0.5134528201789288,0.5309719926349511,0.5309719926349511,0.0631750454184541,0.7838979194062147,24.707314839060015,0.0025569369164543,0.7838979194062146,0.0,0.0631750454184541,0.0,0.0,0.0,0.0003158752270922,100,0.01,1.0,207500,7056,7.68255450000288,0.021700375014916,38.30811079198611,0.9999999715991564,2.8400843676834597e-08,0.8009850073101153,5.6801686576513084e-08,0.8009850101451103,0.1881678614163815,0.0002383310457193,6.733502644351574e-13,6.733502644351574e-13,1e-12,analysis/fermionic_structure_ablation_extension_hgbs5.csv,3.545739735155706e-08,0.6144959480493922,0.8009850073101153
success,,BeH2_s-1.00_hgbs-5_as-006-012,hamiltonian_generator/polyatomic_library/BeH2/s-1.00/hgbs-5/BeH2_s-1.00_hgbs-5_as-006-012.tensors.npz,BeH2,s-1.00,hgbs-5,6,12,18,1131,2075,1378,0.6640963855421687,0,signed_parent_blocks_randomized,5,2417096738,"reference signed-fermionic parent-owned Pauli blocks preserved internally and kept contiguous, but whole parent blocks randomly permuted",0aa9c4e4a966b6b7,970b039d52399199,"[1,1,1,1,1,1,1,1,1,1,1,1,1,1,1,1,1,1,1,1,1,1,1,1,1,1,1,2,2,2,2,1,1,1,1,1,1,1,1,1,1,1,1,1,1,1,1,1,1,1,1,1,1,1,1,1,1,1,1,1,1,1,1,1,1,1,1,1,1,1,1,1,1,1,1,1,1,1,1,1,4,4,1,1,1,1,1,1,1,1,1,1,1,1,1,1,1,1,1,1,1,1,1,1,1,1,1,1,1,1,1,1,1,1,1,1,1,1,1,1,1,1,1,1,1,1,1,1,1,1,1,1,1,1,1,1,1,1,1,1,1,1,1,1,1,1,1,1,1,1,1,1,1,1,1,1,1,1,1,1,1,1,1,1,1,1,1,1,1,1,1,1,1,2,2,2,2,1,1,1,1,2,2,2,2,2,2,2,2,2,2,2,2,2,2,2,2,2,2,2,2,4,2,2,2,2,2,2,2,2,4,2,2,2,2,2,2,2,2,4,4,4,4,4,4,4,2,2,4,2,2,2,2,2,4,4,2,2,4,4,4,4,2,2,4,4,4,4,6,6,4,4,4,4,4,4,4,4,4,4,4,2,2,2,2,4,4,4,4,2,2,2,2,4,4,4,2,2,2,2,2,2,6,6,6,6,4,4,4,4,4,2,2,4,4,4,2,2,4,4,4,4,4,4,2,4,4,2,2,2,4,2,2,2,2,2,2,4,4,4,4,4,4,4,2,2,4,4,4,4,2,4,2,2,6,6,6,6,2,2,2,2,4,4,4,4,4,4,4,4,4,4,4,4,4,4,2,2,2,2,2,2,2,2,4,4,2,2,2,2,2,4,2,2,4,4,4,4,4,4,2,2,2,2,4,4,4,4,4,4,4,6,6,2,4,4,4,4,4,4,4,2,2,2,2,4,4,4,4,4,2,2,2,2,2,2,2,2,2,2,4,4,4,4,6,6,6,6,4,4,4,4,4,4,4,4,4,4,2,2,6,6,4,4,4,4,4,4,4,4,4,6,6,4,4,4,4,4,4,4,4,4,2,2,2,2,4,4,4,4,6,6,4,4,4,4,4,4,4,4,4,6,6,4,4,4,4,4,2,4,4,4,4,6,6,4,4,6,6,6,6,4,4,4,4,4,4,4,4,4,4,4,6,6,4,4,4,4,4,4,4,4,4,4,4,4,4,4,2,2,2,2,2,6,6,2,2,4,4,2,2,2,2,4,4,4,4,4,4,4,4,4,4,2,2,2,2,2,2,6,6,4,4,2,4,4,4,4,4,4,4,4,4,4,4,4,4,2,2,6,6,6,6,4,4,4,4,4,4,4,2,2,2,2,2,2,2,4,4,4,4,2,2,4,4,4,4,4,4,4,4,4,4,4,4,4,2,2,2,2,2,2,2,2,2,2,4,4,4,4,4,2,2,2,2,2,2,2,2,4,4,4,2,2,2,2,2,2,4,4,4,4,2,4,4,2,2,4,4,4,4,4,4,4,4,4,4,4,4,4,4,2,2,2,2,2,2,2,2,2,2,2,4,4,4,4,4,2,2,2,2,2,2,2,2,2,2,2,2,2,2,2,2,2,2,2,2,2,2,2,2,2,2,2,2,2,2,2,2,2,2,2,2,2,2,4,4,2,2,2,2,4,2,2,4,4,2,2,2,2,2,2,2,2,2,2,2,2,2,2,2,2,2,2,2,2,2,2,2,4,2]",1.0,1.0,1.0,1.0,1.0,0.5189177457860088,0.4287173274156291,0.4287173274156291,0.2321862115871691,2.881047207364979,24.707314839060015,0.0093974684460694,2.881047207364979,0.0,0.2321862115871691,0.0,0.0,0.0,0.0011609310579358,100,0.01,1.0,207500,7056,7.68255450000288,0.021700375014916,38.271972165995976,0.9999998606411408,1.3935885911919854e-07,3.9303183405557767,2.787176988094942e-07,3.930318134265674,0.1881535007422551,0.0005279372294491,5.42788036739239e-13,5.428990590417015e-13,1e-12,analysis/fermionic_structure_ablation_extension_hgbs5.csv,3.545739735155706e-08,8.300433011065545,3.9303183405557767
success,,BeH2_s-1.00_hgbs-5_as-006-012,hamiltonian_generator/polyatomic_library/BeH2/s-1.00/hgbs-5/BeH2_s-1.00_hgbs-5_as-006-012.tensors.npz,BeH2,s-1.00,hgbs-5,6,12,18,1131,2075,1378,0.6640963855421687,0,signed_parent_blocks_randomized,6,3572561065,"reference signed-fermionic parent-owned Pauli blocks preserved internally and kept contiguous, but whole parent blocks randomly permuted",fa73c21ed41d4508,854257b6da2b2732,"[1,1,1,1,1,1,1,1,1,1,1,1,1,1,1,1,1,1,1,1,1,1,1,1,1,1,1,2,2,2,2,1,1,1,1,1,1,1,1,1,1,1,1,1,1,1,1,1,1,1,1,1,1,1,1,1,1,1,1,1,1,1,1,1,1,1,1,1,1,1,1,1,1,1,1,1,1,1,1,1,4,4,1,1,1,1,1,1,1,1,1,1,1,1,1,1,1,1,1,1,1,1,1,1,1,1,1,1,1,1,1,1,1,1,1,1,1,1,1,1,1,1,1,1,1,1,1,1,1,1,1,1,1,1,1,1,1,1,1,1,1,1,1,1,1,1,1,1,1,1,1,1,1,1,1,1,1,1,1,1,1,1,1,1,1,1,1,1,1,1,1,1,1,2,2,2,2,1,1,1,1,2,2,2,2,2,2,2,2,2,2,2,2,2,2,2,2,2,2,2,2,4,2,2,2,2,2,2,2,2,4,2,2,2,2,2,2,2,2,4,4,4,4,4,4,4,2,2,4,2,2,2,2,2,4,4,2,2,4,4,4,4,2,2,4,4,4,4,6,6,4,4,4,4,4,4,4,4,4,4,4,2,2,2,2,4,4,4,4,2,2,2,2,4,4,4,2,2,2,2,2,2,6,6,6,6,4,4,4,4,4,2,2,4,4,4,2,2,4,4,4,4,4,4,2,4,4,2,2,2,4,2,2,2,2,2,2,4,4,4,4,4,4,4,2,2,4,4,4,4,2,4,2,2,6,6,6,6,2,2,2,2,4,4,4,4,4,4,4,4,4,4,4,4,4,4,2,2,2,2,2,2,2,2,4,4,2,2,2,2,2,4,2,2,4,4,4,4,4,4,2,2,2,2,4,4,4,4,4,4,4,6,6,2,4,4,4,4,4,4,4,2,2,2,2,4,4,4,4,4,2,2,2,2,2,2,2,2,2,2,4,4,4,4,6,6,6,6,4,4,4,4,4,4,4,4,4,4,2,2,6,6,4,4,4,4,4,4,4,4,4,6,6,4,4,4,4,4,4,4,4,4,2,2,2,2,4,4,4,4,6,6,4,4,4,4,4,4,4,4,4,6,6,4,4,4,4,4,2,4,4,4,4,6,6,4,4,6,6,6,6,4,4,4,4,4,4,4,4,4,4,4,6,6,4,4,4,4,4,4,4,4,4,4,4,4,4,4,2,2,2,2,2,6,6,2,2,4,4,2,2,2,2,4,4,4,4,4,4,4,4,4,4,2,2,2,2,2,2,6,6,4,4,2,4,4,4,4,4,4,4,4,4,4,4,4,4,2,2,6,6,6,6,4,4,4,4,4,4,4,2,2,2,2,2,2,2,4,4,4,4,2,2,4,4,4,4,4,4,4,4,4,4,4,4,4,2,2,2,2,2,2,2,2,2,2,4,4,4,4,4,2,2,2,2,2,2,2,2,4,4,4,2,2,2,2,2,2,4,4,4,4,2,4,4,2,2,4,4,4,4,4,4,4,4,4,4,4,4,4,4,2,2,2,2,2,2,2,2,2,2,2,4,4,4,4,4,2,2,2,2,2,2,2,2,2,2,2,2,2,2,2,2,2,2,2,2,2,2,2,2,2,2,2,2,2,2,2,2,2,2,2,2,2,2,4,4,2,2,2,2,4,2,2,4,4,2,2,2,2,2,2,2,2,2,2,2,2,2,2,2,2,2,2,2,2,2,2,2,4,2]",1.0,1.0,1.0,1.0,1.0,0.5159577033446671,0.5390650061444427,0.5390650061444427,0.2317274435705387,2.8753546543744015,24.707314839060015,0.0093789003410519,2.875354654374402,0.0,0.2317274435705387,0.0,0.0,0.0,0.0011586372178526,100,0.01,1.0,207500,7056,7.68255450000288,0.021700375014916,38.22689274998265,0.999999897385202,1.026147978810954e-07,2.8940307395852676,2.052295852150721e-07,2.8940306406947984,0.1881683676071529,0.0004530227320589,6.195044477408373e-13,6.196154700433e-13,1e-12,analysis/fermionic_structure_ablation_extension_hgbs5.csv,3.545739735155706e-08,8.267664388432534,2.8940307395852676
success,,BeH2_s-1.00_hgbs-5_as-006-012,hamiltonian_generator/polyatomic_library/BeH2/s-1.00/hgbs-5/BeH2_s-1.00_hgbs-5_as-006-012.tensors.npz,BeH2,s-1.00,hgbs-5,6,12,18,1131,2075,1378,0.6640963855421687,0,signed_parent_blocks_randomized,7,1908953090,"reference signed-fermionic parent-owned Pauli blocks preserved internally and kept contiguous, but whole parent blocks randomly permuted",1f9d478195308b6f,5bfbcfa87e5f70f8,"[1,1,1,1,1,1,1,1,1,1,1,1,1,1,1,1,1,1,1,1,1,1,1,1,1,1,1,2,2,2,2,1,1,1,1,1,1,1,1,1,1,1,1,1,1,1,1,1,1,1,1,1,1,1,1,1,1,1,1,1,1,1,1,1,1,1,1,1,1,1,1,1,1,1,1,1,1,1,1,1,4,4,1,1,1,1,1,1,1,1,1,1,1,1,1,1,1,1,1,1,1,1,1,1,1,1,1,1,1,1,1,1,1,1,1,1,1,1,1,1,1,1,1,1,1,1,1,1,1,1,1,1,1,1,1,1,1,1,1,1,1,1,1,1,1,1,1,1,1,1,1,1,1,1,1,1,1,1,1,1,1,1,1,1,1,1,1,1,1,1,1,1,1,2,2,2,2,1,1,1,1,2,2,2,2,2,2,2,2,2,2,2,2,2,2,2,2,2,2,2,2,4,2,2,2,2,2,2,2,2,4,2,2,2,2,2,2,2,2,4,4,4,4,4,4,4,2,2,4,2,2,2,2,2,4,4,2,2,4,4,4,4,2,2,4,4,4,4,6,6,4,4,4,4,4,4,4,4,4,4,4,2,2,2,2,4,4,4,4,2,2,2,2,4,4,4,2,2,2,2,2,2,6,6,6,6,4,4,4,4,4,2,2,4,4,4,2,2,4,4,4,4,4,4,2,4,4,2,2,2,4,2,2,2,2,2,2,4,4,4,4,4,4,4,2,2,4,4,4,4,2,4,2,2,6,6,6,6,2,2,2,2,4,4,4,4,4,4,4,4,4,4,4,4,4,4,2,2,2,2,2,2,2,2,4,4,2,2,2,2,2,4,2,2,4,4,4,4,4,4,2,2,2,2,4,4,4,4,4,4,4,6,6,2,4,4,4,4,4,4,4,2,2,2,2,4,4,4,4,4,2,2,2,2,2,2,2,2,2,2,4,4,4,4,6,6,6,6,4,4,4,4,4,4,4,4,4,4,2,2,6,6,4,4,4,4,4,4,4,4,4,6,6,4,4,4,4,4,4,4,4,4,2,2,2,2,4,4,4,4,6,6,4,4,4,4,4,4,4,4,4,6,6,4,4,4,4,4,2,4,4,4,4,6,6,4,4,6,6,6,6,4,4,4,4,4,4,4,4,4,4,4,6,6,4,4,4,4,4,4,4,4,4,4,4,4,4,4,2,2,2,2,2,6,6,2,2,4,4,2,2,2,2,4,4,4,4,4,4,4,4,4,4,2,2,2,2,2,2,6,6,4,4,2,4,4,4,4,4,4,4,4,4,4,4,4,4,2,2,6,6,6,6,4,4,4,4,4,4,4,2,2,2,2,2,2,2,4,4,4,4,2,2,4,4,4,4,4,4,4,4,4,4,4,4,4,2,2,2,2,2,2,2,2,2,2,4,4,4,4,4,2,2,2,2,2,2,2,2,4,4,4,2,2,2,2,2,2,4,4,4,4,2,4,4,2,2,4,4,4,4,4,4,4,4,4,4,4,4,4,4,2,2,2,2,2,2,2,2,2,2,2,4,4,4,4,4,2,2,2,2,2,2,2,2,2,2,2,2,2,2,2,2,2,2,2,2,2,2,2,2,2,2,2,2,2,2,2,2,2,2,2,2,2,2,4,4,2,2,2,2,4,2,2,4,4,2,2,2,2,2,2,2,2,2,2,2,2,2,2,2,2,2,2,2,2,2,2,2,4,2]",1.0,1.0,1.0,1.0,1.0,0.5178265692444959,0.561817143914807,0.561817143914807,0.0638942819496231,0.7928224562484089,24.707314839060015,0.0025860471834281,0.7928224562484089,0.0,0.0638942819496231,0.0,0.0,0.0,0.0003194714097481,100,0.01,1.0,207500,7056,7.68255450000288,0.021700375014916,38.20818245798,0.9999999831733978,1.6826602222685952e-08,0.4745583003696415,3.365320411230499e-08,0.4745583038454353,0.1881689338741763,0.0001834480974155,6.611378111642807e-13,6.611378111642807e-13,1e-12,analysis/fermionic_structure_ablation_extension_hgbs5.csv,3.545739735155706e-08,0.6285674471317602,0.47455830036964164
success,,BeH2_s-1.00_hgbs-5_as-006-012,hamiltonian_generator/polyatomic_library/BeH2/s-1.00/hgbs-5/BeH2_s-1.00_hgbs-5_as-006-012.tensors.npz,BeH2,s-1.00,hgbs-5,6,12,18,1131,2075,1378,0.6640963855421687,0,signed_parent_blocks_randomized,8,1342977210,"reference signed-fermionic parent-owned Pauli blocks preserved internally and kept contiguous, but whole parent blocks randomly permuted",ad1fbc1d00fac86f,ed1d09db132cdcc7,"[1,1,1,1,1,1,1,1,1,1,1,1,1,1,1,1,1,1,1,1,1,1,1,1,1,1,1,2,2,2,2,1,1,1,1,1,1,1,1,1,1,1,1,1,1,1,1,1,1,1,1,1,1,1,1,1,1,1,1,1,1,1,1,1,1,1,1,1,1,1,1,1,1,1,1,1,1,1,1,1,4,4,1,1,1,1,1,1,1,1,1,1,1,1,1,1,1,1,1,1,1,1,1,1,1,1,1,1,1,1,1,1,1,1,1,1,1,1,1,1,1,1,1,1,1,1,1,1,1,1,1,1,1,1,1,1,1,1,1,1,1,1,1,1,1,1,1,1,1,1,1,1,1,1,1,1,1,1,1,1,1,1,1,1,1,1,1,1,1,1,1,1,1,2,2,2,2,1,1,1,1,2,2,2,2,2,2,2,2,2,2,2,2,2,2,2,2,2,2,2,2,4,2,2,2,2,2,2,2,2,4,2,2,2,2,2,2,2,2,4,4,4,4,4,4,4,2,2,4,2,2,2,2,2,4,4,2,2,4,4,4,4,2,2,4,4,4,4,6,6,4,4,4,4,4,4,4,4,4,4,4,2,2,2,2,4,4,4,4,2,2,2,2,4,4,4,2,2,2,2,2,2,6,6,6,6,4,4,4,4,4,2,2,4,4,4,2,2,4,4,4,4,4,4,2,4,4,2,2,2,4,2,2,2,2,2,2,4,4,4,4,4,4,4,2,2,4,4,4,4,2,4,2,2,6,6,6,6,2,2,2,2,4,4,4,4,4,4,4,4,4,4,4,4,4,4,2,2,2,2,2,2,2,2,4,4,2,2,2,2,2,4,2,2,4,4,4,4,4,4,2,2,2,2,4,4,4,4,4,4,4,6,6,2,4,4,4,4,4,4,4,2,2,2,2,4,4,4,4,4,2,2,2,2,2,2,2,2,2,2,4,4,4,4,6,6,6,6,4,4,4,4,4,4,4,4,4,4,2,2,6,6,4,4,4,4,4,4,4,4,4,6,6,4,4,4,4,4,4,4,4,4,2,2,2,2,4,4,4,4,6,6,4,4,4,4,4,4,4,4,4,6,6,4,4,4,4,4,2,4,4,4,4,6,6,4,4,6,6,6,6,4,4,4,4,4,4,4,4,4,4,4,6,6,4,4,4,4,4,4,4,4,4,4,4,4,4,4,2,2,2,2,2,6,6,2,2,4,4,2,2,2,2,4,4,4,4,4,4,4,4,4,4,2,2,2,2,2,2,6,6,4,4,2,4,4,4,4,4,4,4,4,4,4,4,4,4,2,2,6,6,6,6,4,4,4,4,4,4,4,2,2,2,2,2,2,2,4,4,4,4,2,2,4,4,4,4,4,4,4,4,4,4,4,4,4,2,2,2,2,2,2,2,2,2,2,4,4,4,4,4,2,2,2,2,2,2,2,2,4,4,4,2,2,2,2,2,2,4,4,4,4,2,4,4,2,2,4,4,4,4,4,4,4,4,4,4,4,4,4,4,2,2,2,2,2,2,2,2,2,2,2,4,4,4,4,4,2,2,2,2,2,2,2,2,2,2,2,2,2,2,2,2,2,2,2,2,2,2,2,2,2,2,2,2,2,2,2,2,2,2,2,2,2,2,4,4,2,2,2,2,4,2,2,4,4,2,2,2,2,2,2,2,2,2,2,2,2,2,2,2,2,2,2,2,2,2,2,2,4,2]",1.0,1.0,1.0,1.0,1.0,0.5184384721116979,0.464091315119752,0.464091315119752,0.0725702423284438,0.9004767878719145,24.707314839060015,0.002937196648084,0.9004767878719145,0.0,0.0725702423284438,0.0,0.0,0.0,0.0003628512116422,100,0.01,1.0,207500,7056,7.68255450000288,0.021700375014916,38.383268874982605,0.9999999783252486,2.1674751438105492e-08,0.6112899721094073,4.3349502432121774e-08,0.6112899763743257,0.1881708811359239,0.0002082054343099,6.424860643505781e-13,6.427081089555031e-13,1e-12,analysis/fermionic_structure_ablation_extension_hgbs5.csv,3.545739735155706e-08,0.810858445496121,0.6112899721094074
success,,BeH2_s-1.00_hgbs-5_as-006-012,hamiltonian_generator/polyatomic_library/BeH2/s-1.00/hgbs-5/BeH2_s-1.00_hgbs-5_as-006-012.tensors.npz,BeH2,s-1.00,hgbs-5,6,12,18,1131,2075,1378,0.6640963855421687,0,signed_parent_blocks_randomized,9,2508962614,"reference signed-fermionic parent-owned Pauli blocks preserved internally and kept contiguous, but whole parent blocks randomly permuted",8c6cbbfd511c4a65,415b0d83546ce89c,"[1,1,1,1,1,1,1,1,1,1,1,1,1,1,1,1,1,1,1,1,1,1,1,1,1,1,1,2,2,2,2,1,1,1,1,1,1,1,1,1,1,1,1,1,1,1,1,1,1,1,1,1,1,1,1,1,1,1,1,1,1,1,1,1,1,1,1,1,1,1,1,1,1,1,1,1,1,1,1,1,4,4,1,1,1,1,1,1,1,1,1,1,1,1,1,1,1,1,1,1,1,1,1,1,1,1,1,1,1,1,1,1,1,1,1,1,1,1,1,1,1,1,1,1,1,1,1,1,1,1,1,1,1,1,1,1,1,1,1,1,1,1,1,1,1,1,1,1,1,1,1,1,1,1,1,1,1,1,1,1,1,1,1,1,1,1,1,1,1,1,1,1,1,2,2,2,2,1,1,1,1,2,2,2,2,2,2,2,2,2,2,2,2,2,2,2,2,2,2,2,2,4,2,2,2,2,2,2,2,2,4,2,2,2,2,2,2,2,2,4,4,4,4,4,4,4,2,2,4,2,2,2,2,2,4,4,2,2,4,4,4,4,2,2,4,4,4,4,6,6,4,4,4,4,4,4,4,4,4,4,4,2,2,2,2,4,4,4,4,2,2,2,2,4,4,4,2,2,2,2,2,2,6,6,6,6,4,4,4,4,4,2,2,4,4,4,2,2,4,4,4,4,4,4,2,4,4,2,2,2,4,2,2,2,2,2,2,4,4,4,4,4,4,4,2,2,4,4,4,4,2,4,2,2,6,6,6,6,2,2,2,2,4,4,4,4,4,4,4,4,4,4,4,4,4,4,2,2,2,2,2,2,2,2,4,4,2,2,2,2,2,4,2,2,4,4,4,4,4,4,2,2,2,2,4,4,4,4,4,4,4,6,6,2,4,4,4,4,4,4,4,2,2,2,2,4,4,4,4,4,2,2,2,2,2,2,2,2,2,2,4,4,4,4,6,6,6,6,4,4,4,4,4,4,4,4,4,4,2,2,6,6,4,4,4,4,4,4,4,4,4,6,6,4,4,4,4,4,4,4,4,4,2,2,2,2,4,4,4,4,6,6,4,4,4,4,4,4,4,4,4,6,6,4,4,4,4,4,2,4,4,4,4,6,6,4,4,6,6,6,6,4,4,4,4,4,4,4,4,4,4,4,6,6,4,4,4,4,4,4,4,4,4,4,4,4,4,4,2,2,2,2,2,6,6,2,2,4,4,2,2,2,2,4,4,4,4,4,4,4,4,4,4,2,2,2,2,2,2,6,6,4,4,2,4,4,4,4,4,4,4,4,4,4,4,4,4,2,2,6,6,6,6,4,4,4,4,4,4,4,2,2,2,2,2,2,2,4,4,4,4,2,2,4,4,4,4,4,4,4,4,4,4,4,4,4,2,2,2,2,2,2,2,2,2,2,4,4,4,4,4,2,2,2,2,2,2,2,2,4,4,4,2,2,2,2,2,2,4,4,4,4,2,4,4,2,2,4,4,4,4,4,4,4,4,4,4,4,4,4,4,2,2,2,2,2,2,2,2,2,2,2,4,4,4,4,4,2,2,2,2,2,2,2,2,2,2,2,2,2,2,2,2,2,2,2,2,2,2,2,2,2,2,2,2,2,2,2,2,2,2,2,2,2,2,4,4,2,2,2,2,4,2,2,4,4,2,2,2,2,2,2,2,2,2,2,2,2,2,2,2,2,2,2,2,2,2,2,2,4,2]",1.0,1.0,1.0,1.0,1.0,0.5068846608309822,0.4772668874417097,0.4772668874417097,0.2515201153677409,3.1209490047788515,24.707314839060015,0.0101799858465441,3.1209490047788515,0.0,0.2515201153677409,0.0,0.0,0.0,0.0012576005768387,100,0.01,1.0,207500,7056,7.68255450000288,0.021700375014916,38.22412912501022,0.9999998725494494,1.2745055055773946e-07,3.5944699858841345,2.5490108490622276e-07,3.594469819211908,0.1881775139735205,0.000504877312934,5.62772051182492e-13,5.62772051182492e-13,1e-12,analysis/fermionic_structure_ablation_extension_hgbs5.csv,3.545739735155706e-08,9.740322690430103,3.5944699858841345
success,,BeH2_s-1.00_hgbs-5_as-006-012,hamiltonian_generator/polyatomic_library/BeH2/s-1.00/hgbs-5/BeH2_s-1.00_hgbs-5_as-006-012.tensors.npz,BeH2,s-1.00,hgbs-5,6,12,18,1131,2075,1378,0.6640963855421687,0,signed_parent_descendants_round_robin,-1,-1,"reference signed-fermionic parent priority and within-parent descendant order retained, but descendants interleaved round-robin across parent blocks to destroy contiguity",2f2542e4fdf4e620,524dbc7e17f11da1,"[1,1,1,1,1,1,1,1,1,1,1,1,1,1,1,1,1,1,1,1,1,1,1,1,1,1,1,2,2,2,2,1,1,1,1,1,1,1,1,1,1,1,1,1,1,1,1,1,1,1,1,1,1,1,1,1,1,1,1,1,1,1,1,1,1,1,1,1,1,1,1,1,1,1,1,1,1,1,1,1,4,4,1,1,1,1,1,1,1,1,1,1,1,1,1,1,1,1,1,1,1,1,1,1,1,1,1,1,1,1,1,1,1,1,1,1,1,1,1,1,1,1,1,1,1,1,1,1,1,1,1,1,1,1,1,1,1,1,1,1,1,1,1,1,1,1,1,1,1,1,1,1,1,1,1,1,1,1,1,1,1,1,1,1,1,1,1,1,1,1,1,1,1,2,2,2,2,1,1,1,1,2,2,2,2,2,2,2,2,2,2,2,2,2,2,2,2,2,2,2,2,4,2,2,2,2,2,2,2,2,4,2,2,2,2,2,2,2,2,4,4,4,4,4,4,4,2,2,4,2,2,2,2,2,4,4,2,2,4,4,4,4,2,2,4,4,4,4,6,6,4,4,4,4,4,4,4,4,4,4,4,2,2,2,2,4,4,4,4,2,2,2,2,4,4,4,2,2,2,2,2,2,6,6,6,6,4,4,4,4,4,2,2,4,4,4,2,2,4,4,4,4,4,4,2,4,4,2,2,2,4,2,2,2,2,2,2,4,4,4,4,4,4,4,2,2,4,4,4,4,2,4,2,2,6,6,6,6,2,2,2,2,4,4,4,4,4,4,4,4,4,4,4,4,4,4,2,2,2,2,2,2,2,2,4,4,2,2,2,2,2,4,2,2,4,4,4,4,4,4,2,2,2,2,4,4,4,4,4,4,4,6,6,2,4,4,4,4,4,4,4,2,2,2,2,4,4,4,4,4,2,2,2,2,2,2,2,2,2,2,4,4,4,4,6,6,6,6,4,4,4,4,4,4,4,4,4,4,2,2,6,6,4,4,4,4,4,4,4,4,4,6,6,4,4,4,4,4,4,4,4,4,2,2,2,2,4,4,4,4,6,6,4,4,4,4,4,4,4,4,4,6,6,4,4,4,4,4,2,4,4,4,4,6,6,4,4,6,6,6,6,4,4,4,4,4,4,4,4,4,4,4,6,6,4,4,4,4,4,4,4,4,4,4,4,4,4,4,2,2,2,2,2,6,6,2,2,4,4,2,2,2,2,4,4,4,4,4,4,4,4,4,4,2,2,2,2,2,2,6,6,4,4,2,4,4,4,4,4,4,4,4,4,4,4,4,4,2,2,6,6,6,6,4,4,4,4,4,4,4,2,2,2,2,2,2,2,4,4,4,4,2,2,4,4,4,4,4,4,4,4,4,4,4,4,4,2,2,2,2,2,2,2,2,2,2,4,4,4,4,4,2,2,2,2,2,2,2,2,4,4,4,2,2,2,2,2,2,4,4,4,4,2,4,4,2,2,4,4,4,4,4,4,4,4,4,4,4,4,4,4,2,2,2,2,2,2,2,2,2,2,2,4,4,4,4,4,2,2,2,2,2,2,2,2,2,2,2,2,2,2,2,2,2,2,2,2,2,2,2,2,2,2,2,2,2,2,2,2,2,2,2,2,2,2,4,4,2,2,2,2,4,2,2,4,4,2,2,2,2,2,2,2,2,2,2,2,2,2,2,2,2,2,2,2,2,2,2,2,4,2]",2.726675427069645,6.0,0.2247043363994743,246.75492772667545,295.4934939759036,0.324946044032892,0.0767278642983007,0.0767278642983007,0.1688005778323173,2.0945362346928755,24.707314839060015,0.0068320082101944,2.0945362346928755,0.0,0.1688005778323173,0.0,0.0,0.0,0.0008440028891615,100,0.01,1.0,207500,7056,7.68255450000288,0.021700375014916,36.97107045800658,0.9999999209424122,7.905758780957228e-08,2.2296500508969417,1.5811516940189565e-07,2.2296500016223253,0.1881762330189625,0.0003976369897521,1.0963628749305344e-07,1.1066995353470332e-07,1e-12,analysis/fermionic_structure_ablation_extension_hgbs5.csv,3.545739735155706e-08,4.387082038441409,2.2296500508969417
success,,BeH2_s-1.00_hgbs-5_as-006-012,hamiltonian_generator/polyatomic_library/BeH2/s-1.00/hgbs-5/BeH2_s-1.00_hgbs-5_as-006-012.tensors.npz,BeH2,s-1.00,hgbs-5,6,12,18,1131,2075,1378,0.6640963855421687,0,signed_parent_within_randomized,0,2194816495,"reference signed-fermionic parent-block order kept fixed and contiguous, but Pauli descendants randomly permuted inside each parent-owned block",2f2542e4fdf4e620,f43a790c45fbffd6,"[1,1,1,1,1,1,1,1,1,1,1,1,1,1,1,1,1,1,1,1,1,1,1,1,1,1,1,2,2,2,2,1,1,1,1,1,1,1,1,1,1,1,1,1,1,1,1,1,1,1,1,1,1,1,1,1,1,1,1,1,1,1,1,1,1,1,1,1,1,1,1,1,1,1,1,1,1,1,1,1,4,4,1,1,1,1,1,1,1,1,1,1,1,1,1,1,1,1,1,1,1,1,1,1,1,1,1,1,1,1,1,1,1,1,1,1,1,1,1,1,1,1,1,1,1,1,1,1,1,1,1,1,1,1,1,1,1,1,1,1,1,1,1,1,1,1,1,1,1,1,1,1,1,1,1,1,1,1,1,1,1,1,1,1,1,1,1,1,1,1,1,1,1,2,2,2,2,1,1,1,1,2,2,2,2,2,2,2,2,2,2,2,2,2,2,2,2,2,2,2,2,4,2,2,2,2,2,2,2,2,4,2,2,2,2,2,2,2,2,4,4,4,4,4,4,4,2,2,4,2,2,2,2,2,4,4,2,2,4,4,4,4,2,2,4,4,4,4,6,6,4,4,4,4,4,4,4,4,4,4,4,2,2,2,2,4,4,4,4,2,2,2,2,4,4,4,2,2,2,2,2,2,6,6,6,6,4,4,4,4,4,2,2,4,4,4,2,2,4,4,4,4,4,4,2,4,4,2,2,2,4,2,2,2,2,2,2,4,4,4,4,4,4,4,2,2,4,4,4,4,2,4,2,2,6,6,6,6,2,2,2,2,4,4,4,4,4,4,4,4,4,4,4,4,4,4,2,2,2,2,2,2,2,2,4,4,2,2,2,2,2,4,2,2,4,4,4,4,4,4,2,2,2,2,4,4,4,4,4,4,4,6,6,2,4,4,4,4,4,4,4,2,2,2,2,4,4,4,4,4,2,2,2,2,2,2,2,2,2,2,4,4,4,4,6,6,6,6,4,4,4,4,4,4,4,4,4,4,2,2,6,6,4,4,4,4,4,4,4,4,4,6,6,4,4,4,4,4,4,4,4,4,2,2,2,2,4,4,4,4,6,6,4,4,4,4,4,4,4,4,4,6,6,4,4,4,4,4,2,4,4,4,4,6,6,4,4,6,6,6,6,4,4,4,4,4,4,4,4,4,4,4,6,6,4,4,4,4,4,4,4,4,4,4,4,4,4,4,2,2,2,2,2,6,6,2,2,4,4,2,2,2,2,4,4,4,4,4,4,4,4,4,4,2,2,2,2,2,2,6,6,4,4,2,4,4,4,4,4,4,4,4,4,4,4,4,4,2,2,6,6,6,6,4,4,4,4,4,4,4,2,2,2,2,2,2,2,4,4,4,4,2,2,4,4,4,4,4,4,4,4,4,4,4,4,4,2,2,2,2,2,2,2,2,2,2,4,4,4,4,4,2,2,2,2,2,2,2,2,4,4,4,2,2,2,2,2,2,4,4,4,4,2,4,4,2,2,4,4,4,4,4,4,4,4,4,4,4,4,4,4,2,2,2,2,2,2,2,2,2,2,2,4,4,4,4,4,2,2,2,2,2,2,2,2,2,2,2,2,2,2,2,2,2,2,2,2,2,2,2,2,2,2,2,2,2,2,2,2,2,2,2,2,2,2,4,4,2,2,2,2,4,2,2,4,4,2,2,2,2,2,2,2,2,2,2,2,2,2,2,2,2,2,2,2,2,2,2,2,4,2]",1.0,1.0,1.0,1.0,1.0,0.0,0.0,0.0,0.080590908400813,1.0,24.707314839060015,0.0032618238333777,1.0,0.0,0.080590908400813,0.0,0.0,0.0,0.000402954542004,100,0.01,1.0,207500,7056,7.68255450000288,0.021700375014916,38.23473699999158,0.9999999645426176,3.545738247456853e-08,0.9999995804263808,7.091476372789175e-08,0.9999995804263736,0.1881787259520561,0.0002662982631357,4.802824804528427e-13,4.803935027553052e-13,1e-12,analysis/fermionic_structure_ablation_extension_hgbs5.csv,3.545739735155706e-08,1.0,0.9999995804263809
success,,BeH2_s-1.00_hgbs-5_as-006-012,hamiltonian_generator/polyatomic_library/BeH2/s-1.00/hgbs-5/BeH2_s-1.00_hgbs-5_as-006-012.tensors.npz,BeH2,s-1.00,hgbs-5,6,12,18,1131,2075,1378,0.6640963855421687,0,signed_parent_within_randomized,1,1441199395,"reference signed-fermionic parent-block order kept fixed and contiguous, but Pauli descendants randomly permuted inside each parent-owned block",2f2542e4fdf4e620,abda3f92b45ee40a,"[1,1,1,1,1,1,1,1,1,1,1,1,1,1,1,1,1,1,1,1,1,1,1,1,1,1,1,2,2,2,2,1,1,1,1,1,1,1,1,1,1,1,1,1,1,1,1,1,1,1,1,1,1,1,1,1,1,1,1,1,1,1,1,1,1,1,1,1,1,1,1,1,1,1,1,1,1,1,1,1,4,4,1,1,1,1,1,1,1,1,1,1,1,1,1,1,1,1,1,1,1,1,1,1,1,1,1,1,1,1,1,1,1,1,1,1,1,1,1,1,1,1,1,1,1,1,1,1,1,1,1,1,1,1,1,1,1,1,1,1,1,1,1,1,1,1,1,1,1,1,1,1,1,1,1,1,1,1,1,1,1,1,1,1,1,1,1,1,1,1,1,1,1,2,2,2,2,1,1,1,1,2,2,2,2,2,2,2,2,2,2,2,2,2,2,2,2,2,2,2,2,4,2,2,2,2,2,2,2,2,4,2,2,2,2,2,2,2,2,4,4,4,4,4,4,4,2,2,4,2,2,2,2,2,4,4,2,2,4,4,4,4,2,2,4,4,4,4,6,6,4,4,4,4,4,4,4,4,4,4,4,2,2,2,2,4,4,4,4,2,2,2,2,4,4,4,2,2,2,2,2,2,6,6,6,6,4,4,4,4,4,2,2,4,4,4,2,2,4,4,4,4,4,4,2,4,4,2,2,2,4,2,2,2,2,2,2,4,4,4,4,4,4,4,2,2,4,4,4,4,2,4,2,2,6,6,6,6,2,2,2,2,4,4,4,4,4,4,4,4,4,4,4,4,4,4,2,2,2,2,2,2,2,2,4,4,2,2,2,2,2,4,2,2,4,4,4,4,4,4,2,2,2,2,4,4,4,4,4,4,4,6,6,2,4,4,4,4,4,4,4,2,2,2,2,4,4,4,4,4,2,2,2,2,2,2,2,2,2,2,4,4,4,4,6,6,6,6,4,4,4,4,4,4,4,4,4,4,2,2,6,6,4,4,4,4,4,4,4,4,4,6,6,4,4,4,4,4,4,4,4,4,2,2,2,2,4,4,4,4,6,6,4,4,4,4,4,4,4,4,4,6,6,4,4,4,4,4,2,4,4,4,4,6,6,4,4,6,6,6,6,4,4,4,4,4,4,4,4,4,4,4,6,6,4,4,4,4,4,4,4,4,4,4,4,4,4,4,2,2,2,2,2,6,6,2,2,4,4,2,2,2,2,4,4,4,4,4,4,4,4,4,4,2,2,2,2,2,2,6,6,4,4,2,4,4,4,4,4,4,4,4,4,4,4,4,4,2,2,6,6,6,6,4,4,4,4,4,4,4,2,2,2,2,2,2,2,4,4,4,4,2,2,4,4,4,4,4,4,4,4,4,4,4,4,4,2,2,2,2,2,2,2,2,2,2,4,4,4,4,4,2,2,2,2,2,2,2,2,4,4,4,2,2,2,2,2,2,4,4,4,4,2,4,4,2,2,4,4,4,4,4,4,4,4,4,4,4,4,4,4,2,2,2,2,2,2,2,2,2,2,2,4,4,4,4,4,2,2,2,2,2,2,2,2,2,2,2,2,2,2,2,2,2,2,2,2,2,2,2,2,2,2,2,2,2,2,2,2,2,2,2,2,2,2,4,4,2,2,2,2,4,2,2,4,4,2,2,2,2,2,2,2,2,2,2,2,2,2,2,2,2,2,2,2,2,2,2,2,4,2]",1.0,1.0,1.0,1.0,1.0,0.0,0.0,0.0,0.080590908400813,1.0,24.707314839060015,0.0032618238333777,1.0,0.0,0.080590908400813,0.0,0.0,0.0,0.000402954542004,100,0.01,1.0,207500,7056,7.68255450000288,0.021700375014916,38.17684254099731,0.999999964542608,3.5457392133508854e-08,0.9999998528361188,7.091478304577238e-08,0.999999852836116,0.1881787259521051,0.0002662982994069,4.99933427988708e-13,5.000444502911705e-13,1e-12,analysis/fermionic_structure_ablation_extension_hgbs5.csv,3.545739735155706e-08,1.0,0.9999998528361189
success,,BeH2_s-1.00_hgbs-5_as-006-012,hamiltonian_generator/polyatomic_library/BeH2/s-1.00/hgbs-5/BeH2_s-1.00_hgbs-5_as-006-012.tensors.npz,BeH2,s-1.00,hgbs-5,6,12,18,1131,2075,1378,0.6640963855421687,0,signed_parent_within_randomized,2,2717793234,"reference signed-fermionic parent-block order kept fixed and contiguous, but Pauli descendants randomly permuted inside each parent-owned block",2f2542e4fdf4e620,d1c488b31e8f9bc8,"[1,1,1,1,1,1,1,1,1,1,1,1,1,1,1,1,1,1,1,1,1,1,1,1,1,1,1,2,2,2,2,1,1,1,1,1,1,1,1,1,1,1,1,1,1,1,1,1,1,1,1,1,1,1,1,1,1,1,1,1,1,1,1,1,1,1,1,1,1,1,1,1,1,1,1,1,1,1,1,1,4,4,1,1,1,1,1,1,1,1,1,1,1,1,1,1,1,1,1,1,1,1,1,1,1,1,1,1,1,1,1,1,1,1,1,1,1,1,1,1,1,1,1,1,1,1,1,1,1,1,1,1,1,1,1,1,1,1,1,1,1,1,1,1,1,1,1,1,1,1,1,1,1,1,1,1,1,1,1,1,1,1,1,1,1,1,1,1,1,1,1,1,1,2,2,2,2,1,1,1,1,2,2,2,2,2,2,2,2,2,2,2,2,2,2,2,2,2,2,2,2,4,2,2,2,2,2,2,2,2,4,2,2,2,2,2,2,2,2,4,4,4,4,4,4,4,2,2,4,2,2,2,2,2,4,4,2,2,4,4,4,4,2,2,4,4,4,4,6,6,4,4,4,4,4,4,4,4,4,4,4,2,2,2,2,4,4,4,4,2,2,2,2,4,4,4,2,2,2,2,2,2,6,6,6,6,4,4,4,4,4,2,2,4,4,4,2,2,4,4,4,4,4,4,2,4,4,2,2,2,4,2,2,2,2,2,2,4,4,4,4,4,4,4,2,2,4,4,4,4,2,4,2,2,6,6,6,6,2,2,2,2,4,4,4,4,4,4,4,4,4,4,4,4,4,4,2,2,2,2,2,2,2,2,4,4,2,2,2,2,2,4,2,2,4,4,4,4,4,4,2,2,2,2,4,4,4,4,4,4,4,6,6,2,4,4,4,4,4,4,4,2,2,2,2,4,4,4,4,4,2,2,2,2,2,2,2,2,2,2,4,4,4,4,6,6,6,6,4,4,4,4,4,4,4,4,4,4,2,2,6,6,4,4,4,4,4,4,4,4,4,6,6,4,4,4,4,4,4,4,4,4,2,2,2,2,4,4,4,4,6,6,4,4,4,4,4,4,4,4,4,6,6,4,4,4,4,4,2,4,4,4,4,6,6,4,4,6,6,6,6,4,4,4,4,4,4,4,4,4,4,4,6,6,4,4,4,4,4,4,4,4,4,4,4,4,4,4,2,2,2,2,2,6,6,2,2,4,4,2,2,2,2,4,4,4,4,4,4,4,4,4,4,2,2,2,2,2,2,6,6,4,4,2,4,4,4,4,4,4,4,4,4,4,4,4,4,2,2,6,6,6,6,4,4,4,4,4,4,4,2,2,2,2,2,2,2,4,4,4,4,2,2,4,4,4,4,4,4,4,4,4,4,4,4,4,2,2,2,2,2,2,2,2,2,2,4,4,4,4,4,2,2,2,2,2,2,2,2,4,4,4,2,2,2,2,2,2,4,4,4,4,2,4,4,2,2,4,4,4,4,4,4,4,4,4,4,4,4,4,4,2,2,2,2,2,2,2,2,2,2,2,4,4,4,4,4,2,2,2,2,2,2,2,2,2,2,2,2,2,2,2,2,2,2,2,2,2,2,2,2,2,2,2,2,2,2,2,2,2,2,2,2,2,2,4,4,2,2,2,2,4,2,2,4,4,2,2,2,2,2,2,2,2,2,2,2,2,2,2,2,2,2,2,2,2,2,2,2,4,2]",1.0,1.0,1.0,1.0,1.0,0.0,0.0,0.0,0.080590908400813,1.0,24.707314839060015,0.0032618238333777,1.0,0.0,0.080590908400813,0.0,0.0,0.0,0.000402954542004,100,0.01,1.0,207500,7056,7.68255450000288,0.021700375014916,38.173001125018345,0.9999999645426164,3.5457383473769255e-08,0.9999996086066986,7.091476572629318e-08,0.999999608606692,0.1881787259520674,0.0002662982668879,4.82280881897168e-13,4.823919041996305e-13,1e-12,analysis/fermionic_structure_ablation_extension_hgbs5.csv,3.545739735155706e-08,1.0,0.9999996086066986
success,,BeH2_s-1.00_hgbs-5_as-006-012,hamiltonian_generator/polyatomic_library/BeH2/s-1.00/hgbs-5/BeH2_s-1.00_hgbs-5_as-006-012.tensors.npz,BeH2,s-1.00,hgbs-5,6,12,18,1131,2075,1378,0.6640963855421687,0,signed_parent_within_randomized,3,3208850853,"reference signed-fermionic parent-block order kept fixed and contiguous, but Pauli descendants randomly permuted inside each parent-owned block",2f2542e4fdf4e620,f07c7783485167d2,"[1,1,1,1,1,1,1,1,1,1,1,1,1,1,1,1,1,1,1,1,1,1,1,1,1,1,1,2,2,2,2,1,1,1,1,1,1,1,1,1,1,1,1,1,1,1,1,1,1,1,1,1,1,1,1,1,1,1,1,1,1,1,1,1,1,1,1,1,1,1,1,1,1,1,1,1,1,1,1,1,4,4,1,1,1,1,1,1,1,1,1,1,1,1,1,1,1,1,1,1,1,1,1,1,1,1,1,1,1,1,1,1,1,1,1,1,1,1,1,1,1,1,1,1,1,1,1,1,1,1,1,1,1,1,1,1,1,1,1,1,1,1,1,1,1,1,1,1,1,1,1,1,1,1,1,1,1,1,1,1,1,1,1,1,1,1,1,1,1,1,1,1,1,2,2,2,2,1,1,1,1,2,2,2,2,2,2,2,2,2,2,2,2,2,2,2,2,2,2,2,2,4,2,2,2,2,2,2,2,2,4,2,2,2,2,2,2,2,2,4,4,4,4,4,4,4,2,2,4,2,2,2,2,2,4,4,2,2,4,4,4,4,2,2,4,4,4,4,6,6,4,4,4,4,4,4,4,4,4,4,4,2,2,2,2,4,4,4,4,2,2,2,2,4,4,4,2,2,2,2,2,2,6,6,6,6,4,4,4,4,4,2,2,4,4,4,2,2,4,4,4,4,4,4,2,4,4,2,2,2,4,2,2,2,2,2,2,4,4,4,4,4,4,4,2,2,4,4,4,4,2,4,2,2,6,6,6,6,2,2,2,2,4,4,4,4,4,4,4,4,4,4,4,4,4,4,2,2,2,2,2,2,2,2,4,4,2,2,2,2,2,4,2,2,4,4,4,4,4,4,2,2,2,2,4,4,4,4,4,4,4,6,6,2,4,4,4,4,4,4,4,2,2,2,2,4,4,4,4,4,2,2,2,2,2,2,2,2,2,2,4,4,4,4,6,6,6,6,4,4,4,4,4,4,4,4,4,4,2,2,6,6,4,4,4,4,4,4,4,4,4,6,6,4,4,4,4,4,4,4,4,4,2,2,2,2,4,4,4,4,6,6,4,4,4,4,4,4,4,4,4,6,6,4,4,4,4,4,2,4,4,4,4,6,6,4,4,6,6,6,6,4,4,4,4,4,4,4,4,4,4,4,6,6,4,4,4,4,4,4,4,4,4,4,4,4,4,4,2,2,2,2,2,6,6,2,2,4,4,2,2,2,2,4,4,4,4,4,4,4,4,4,4,2,2,2,2,2,2,6,6,4,4,2,4,4,4,4,4,4,4,4,4,4,4,4,4,2,2,6,6,6,6,4,4,4,4,4,4,4,2,2,2,2,2,2,2,4,4,4,4,2,2,4,4,4,4,4,4,4,4,4,4,4,4,4,2,2,2,2,2,2,2,2,2,2,4,4,4,4,4,2,2,2,2,2,2,2,2,4,4,4,2,2,2,2,2,2,4,4,4,4,2,4,4,2,2,4,4,4,4,4,4,4,4,4,4,4,4,4,4,2,2,2,2,2,2,2,2,2,2,2,4,4,4,4,4,2,2,2,2,2,2,2,2,2,2,2,2,2,2,2,2,2,2,2,2,2,2,2,2,2,2,2,2,2,2,2,2,2,2,2,2,2,2,4,4,2,2,2,2,4,2,2,4,4,2,2,2,2,2,2,2,2,2,2,2,2,2,2,2,2,2,2,2,2,2,2,2,4,2]",1.0,1.0,1.0,1.0,1.0,0.0,0.0,0.0,0.080590908400813,1.0,24.707314839060015,0.0032618238333777,1.0,0.0,0.080590908400813,0.0,0.0,0.0,0.000402954542004,100,0.01,1.0,207500,7056,7.68255450000288,0.021700375014916,38.15590070799226,0.9999999645426164,3.545738369581386e-08,0.9999996148689916,7.091476617038239e-08,0.9999996148689848,0.1881787259520621,0.0002662982677217,4.830580380144056e-13,4.830580380144056e-13,1e-12,analysis/fermionic_structure_ablation_extension_hgbs5.csv,3.545739735155706e-08,1.0,0.9999996148689915
success,,BeH2_s-1.00_hgbs-5_as-006-012,hamiltonian_generator/polyatomic_library/BeH2/s-1.00/hgbs-5/BeH2_s-1.00_hgbs-5_as-006-012.tensors.npz,BeH2,s-1.00,hgbs-5,6,12,18,1131,2075,1378,0.6640963855421687,0,signed_parent_within_randomized,4,1980349938,"reference signed-fermionic parent-block order kept fixed and contiguous, but Pauli descendants randomly permuted inside each parent-owned block",2f2542e4fdf4e620,f574032b335bcbba,"[1,1,1,1,1,1,1,1,1,1,1,1,1,1,1,1,1,1,1,1,1,1,1,1,1,1,1,2,2,2,2,1,1,1,1,1,1,1,1,1,1,1,1,1,1,1,1,1,1,1,1,1,1,1,1,1,1,1,1,1,1,1,1,1,1,1,1,1,1,1,1,1,1,1,1,1,1,1,1,1,4,4,1,1,1,1,1,1,1,1,1,1,1,1,1,1,1,1,1,1,1,1,1,1,1,1,1,1,1,1,1,1,1,1,1,1,1,1,1,1,1,1,1,1,1,1,1,1,1,1,1,1,1,1,1,1,1,1,1,1,1,1,1,1,1,1,1,1,1,1,1,1,1,1,1,1,1,1,1,1,1,1,1,1,1,1,1,1,1,1,1,1,1,2,2,2,2,1,1,1,1,2,2,2,2,2,2,2,2,2,2,2,2,2,2,2,2,2,2,2,2,4,2,2,2,2,2,2,2,2,4,2,2,2,2,2,2,2,2,4,4,4,4,4,4,4,2,2,4,2,2,2,2,2,4,4,2,2,4,4,4,4,2,2,4,4,4,4,6,6,4,4,4,4,4,4,4,4,4,4,4,2,2,2,2,4,4,4,4,2,2,2,2,4,4,4,2,2,2,2,2,2,6,6,6,6,4,4,4,4,4,2,2,4,4,4,2,2,4,4,4,4,4,4,2,4,4,2,2,2,4,2,2,2,2,2,2,4,4,4,4,4,4,4,2,2,4,4,4,4,2,4,2,2,6,6,6,6,2,2,2,2,4,4,4,4,4,4,4,4,4,4,4,4,4,4,2,2,2,2,2,2,2,2,4,4,2,2,2,2,2,4,2,2,4,4,4,4,4,4,2,2,2,2,4,4,4,4,4,4,4,6,6,2,4,4,4,4,4,4,4,2,2,2,2,4,4,4,4,4,2,2,2,2,2,2,2,2,2,2,4,4,4,4,6,6,6,6,4,4,4,4,4,4,4,4,4,4,2,2,6,6,4,4,4,4,4,4,4,4,4,6,6,4,4,4,4,4,4,4,4,4,2,2,2,2,4,4,4,4,6,6,4,4,4,4,4,4,4,4,4,6,6,4,4,4,4,4,2,4,4,4,4,6,6,4,4,6,6,6,6,4,4,4,4,4,4,4,4,4,4,4,6,6,4,4,4,4,4,4,4,4,4,4,4,4,4,4,2,2,2,2,2,6,6,2,2,4,4,2,2,2,2,4,4,4,4,4,4,4,4,4,4,2,2,2,2,2,2,6,6,4,4,2,4,4,4,4,4,4,4,4,4,4,4,4,4,2,2,6,6,6,6,4,4,4,4,4,4,4,2,2,2,2,2,2,2,4,4,4,4,2,2,4,4,4,4,4,4,4,4,4,4,4,4,4,2,2,2,2,2,2,2,2,2,2,4,4,4,4,4,2,2,2,2,2,2,2,2,4,4,4,2,2,2,2,2,2,4,4,4,4,2,4,4,2,2,4,4,4,4,4,4,4,4,4,4,4,4,4,4,2,2,2,2,2,2,2,2,2,2,2,4,4,4,4,4,2,2,2,2,2,2,2,2,2,2,2,2,2,2,2,2,2,2,2,2,2,2,2,2,2,2,2,2,2,2,2,2,2,2,2,2,2,2,4,4,2,2,2,2,4,2,2,4,4,2,2,2,2,2,2,2,2,2,2,2,2,2,2,2,2,2,2,2,2,2,2,2,4,2]",1.0,1.0,1.0,1.0,1.0,0.0,0.0,0.0,0.080590908400813,1.0,24.707314839060015,0.0032618238333777,1.0,0.0,0.080590908400813,0.0,0.0,0.0,0.000402954542004,100,0.01,1.0,207500,7056,7.68255450000288,0.021700375014916,38.18978600000264,0.999999964542604,3.545739601928943e-08,0.9999999624262432,7.091479081733354e-08,0.9999999624262425,0.1881787259521287,0.0002662983139987,5.074829445561592e-13,5.075939668586217e-13,1e-12,analysis/fermionic_structure_ablation_extension_hgbs5.csv,3.545739735155706e-08,1.0,0.9999999624262431
success,,BeH2_s-1.00_hgbs-5_as-006-012,hamiltonian_generator/polyatomic_library/BeH2/s-1.00/hgbs-5/BeH2_s-1.00_hgbs-5_as-006-012.tensors.npz,BeH2,s-1.00,hgbs-5,6,12,18,1131,2075,1378,0.6640963855421687,0,signed_parent_within_randomized,5,3741493485,"reference signed-fermionic parent-block order kept fixed and contiguous, but Pauli descendants randomly permuted inside each parent-owned block",2f2542e4fdf4e620,4d6d1fb823f09423,"[1,1,1,1,1,1,1,1,1,1,1,1,1,1,1,1,1,1,1,1,1,1,1,1,1,1,1,2,2,2,2,1,1,1,1,1,1,1,1,1,1,1,1,1,1,1,1,1,1,1,1,1,1,1,1,1,1,1,1,1,1,1,1,1,1,1,1,1,1,1,1,1,1,1,1,1,1,1,1,1,4,4,1,1,1,1,1,1,1,1,1,1,1,1,1,1,1,1,1,1,1,1,1,1,1,1,1,1,1,1,1,1,1,1,1,1,1,1,1,1,1,1,1,1,1,1,1,1,1,1,1,1,1,1,1,1,1,1,1,1,1,1,1,1,1,1,1,1,1,1,1,1,1,1,1,1,1,1,1,1,1,1,1,1,1,1,1,1,1,1,1,1,1,2,2,2,2,1,1,1,1,2,2,2,2,2,2,2,2,2,2,2,2,2,2,2,2,2,2,2,2,4,2,2,2,2,2,2,2,2,4,2,2,2,2,2,2,2,2,4,4,4,4,4,4,4,2,2,4,2,2,2,2,2,4,4,2,2,4,4,4,4,2,2,4,4,4,4,6,6,4,4,4,4,4,4,4,4,4,4,4,2,2,2,2,4,4,4,4,2,2,2,2,4,4,4,2,2,2,2,2,2,6,6,6,6,4,4,4,4,4,2,2,4,4,4,2,2,4,4,4,4,4,4,2,4,4,2,2,2,4,2,2,2,2,2,2,4,4,4,4,4,4,4,2,2,4,4,4,4,2,4,2,2,6,6,6,6,2,2,2,2,4,4,4,4,4,4,4,4,4,4,4,4,4,4,2,2,2,2,2,2,2,2,4,4,2,2,2,2,2,4,2,2,4,4,4,4,4,4,2,2,2,2,4,4,4,4,4,4,4,6,6,2,4,4,4,4,4,4,4,2,2,2,2,4,4,4,4,4,2,2,2,2,2,2,2,2,2,2,4,4,4,4,6,6,6,6,4,4,4,4,4,4,4,4,4,4,2,2,6,6,4,4,4,4,4,4,4,4,4,6,6,4,4,4,4,4,4,4,4,4,2,2,2,2,4,4,4,4,6,6,4,4,4,4,4,4,4,4,4,6,6,4,4,4,4,4,2,4,4,4,4,6,6,4,4,6,6,6,6,4,4,4,4,4,4,4,4,4,4,4,6,6,4,4,4,4,4,4,4,4,4,4,4,4,4,4,2,2,2,2,2,6,6,2,2,4,4,2,2,2,2,4,4,4,4,4,4,4,4,4,4,2,2,2,2,2,2,6,6,4,4,2,4,4,4,4,4,4,4,4,4,4,4,4,4,2,2,6,6,6,6,4,4,4,4,4,4,4,2,2,2,2,2,2,2,4,4,4,4,2,2,4,4,4,4,4,4,4,4,4,4,4,4,4,2,2,2,2,2,2,2,2,2,2,4,4,4,4,4,2,2,2,2,2,2,2,2,4,4,4,2,2,2,2,2,2,4,4,4,4,2,4,4,2,2,4,4,4,4,4,4,4,4,4,4,4,4,4,4,2,2,2,2,2,2,2,2,2,2,2,4,4,4,4,4,2,2,2,2,2,2,2,2,2,2,2,2,2,2,2,2,2,2,2,2,2,2,2,2,2,2,2,2,2,2,2,2,2,2,2,2,2,2,4,4,2,2,2,2,4,2,2,4,4,2,2,2,2,2,2,2,2,2,2,2,2,2,2,2,2,2,2,2,2,2,2,2,4,2]",1.0,1.0,1.0,1.0,1.0,0.0,0.0,0.0,0.080590908400813,1.0,24.707314839060015,0.0032618238333777,1.0,0.0,0.080590908400813,0.0,0.0,0.0,0.000402954542004,100,0.01,1.0,207500,7056,7.68255450000288,0.021700375014916,38.168930542015005,0.9999999645426156,3.5457384361947675e-08,0.99999963365587,7.091476750265002e-08,0.9999996336558636,0.1881787259520662,0.0002662982702232,4.846123502488808e-13,4.846123502488808e-13,1e-12,analysis/fermionic_structure_ablation_extension_hgbs5.csv,3.545739735155706e-08,1.0,0.9999996336558699
success,,BeH2_s-1.00_hgbs-5_as-006-012,hamiltonian_generator/polyatomic_library/BeH2/s-1.00/hgbs-5/BeH2_s-1.00_hgbs-5_as-006-012.tensors.npz,BeH2,s-1.00,hgbs-5,6,12,18,1131,2075,1378,0.6640963855421687,0,signed_parent_within_randomized,6,2614886431,"reference signed-fermionic parent-block order kept fixed and contiguous, but Pauli descendants randomly permuted inside each parent-owned block",2f2542e4fdf4e620,861301f21865466f,"[1,1,1,1,1,1,1,1,1,1,1,1,1,1,1,1,1,1,1,1,1,1,1,1,1,1,1,2,2,2,2,1,1,1,1,1,1,1,1,1,1,1,1,1,1,1,1,1,1,1,1,1,1,1,1,1,1,1,1,1,1,1,1,1,1,1,1,1,1,1,1,1,1,1,1,1,1,1,1,1,4,4,1,1,1,1,1,1,1,1,1,1,1,1,1,1,1,1,1,1,1,1,1,1,1,1,1,1,1,1,1,1,1,1,1,1,1,1,1,1,1,1,1,1,1,1,1,1,1,1,1,1,1,1,1,1,1,1,1,1,1,1,1,1,1,1,1,1,1,1,1,1,1,1,1,1,1,1,1,1,1,1,1,1,1,1,1,1,1,1,1,1,1,2,2,2,2,1,1,1,1,2,2,2,2,2,2,2,2,2,2,2,2,2,2,2,2,2,2,2,2,4,2,2,2,2,2,2,2,2,4,2,2,2,2,2,2,2,2,4,4,4,4,4,4,4,2,2,4,2,2,2,2,2,4,4,2,2,4,4,4,4,2,2,4,4,4,4,6,6,4,4,4,4,4,4,4,4,4,4,4,2,2,2,2,4,4,4,4,2,2,2,2,4,4,4,2,2,2,2,2,2,6,6,6,6,4,4,4,4,4,2,2,4,4,4,2,2,4,4,4,4,4,4,2,4,4,2,2,2,4,2,2,2,2,2,2,4,4,4,4,4,4,4,2,2,4,4,4,4,2,4,2,2,6,6,6,6,2,2,2,2,4,4,4,4,4,4,4,4,4,4,4,4,4,4,2,2,2,2,2,2,2,2,4,4,2,2,2,2,2,4,2,2,4,4,4,4,4,4,2,2,2,2,4,4,4,4,4,4,4,6,6,2,4,4,4,4,4,4,4,2,2,2,2,4,4,4,4,4,2,2,2,2,2,2,2,2,2,2,4,4,4,4,6,6,6,6,4,4,4,4,4,4,4,4,4,4,2,2,6,6,4,4,4,4,4,4,4,4,4,6,6,4,4,4,4,4,4,4,4,4,2,2,2,2,4,4,4,4,6,6,4,4,4,4,4,4,4,4,4,6,6,4,4,4,4,4,2,4,4,4,4,6,6,4,4,6,6,6,6,4,4,4,4,4,4,4,4,4,4,4,6,6,4,4,4,4,4,4,4,4,4,4,4,4,4,4,2,2,2,2,2,6,6,2,2,4,4,2,2,2,2,4,4,4,4,4,4,4,4,4,4,2,2,2,2,2,2,6,6,4,4,2,4,4,4,4,4,4,4,4,4,4,4,4,4,2,2,6,6,6,6,4,4,4,4,4,4,4,2,2,2,2,2,2,2,4,4,4,4,2,2,4,4,4,4,4,4,4,4,4,4,4,4,4,2,2,2,2,2,2,2,2,2,2,4,4,4,4,4,2,2,2,2,2,2,2,2,4,4,4,2,2,2,2,2,2,4,4,4,4,2,4,4,2,2,4,4,4,4,4,4,4,4,4,4,4,4,4,4,2,2,2,2,2,2,2,2,2,2,2,4,4,4,4,4,2,2,2,2,2,2,2,2,2,2,2,2,2,2,2,2,2,2,2,2,2,2,2,2,2,2,2,2,2,2,2,2,2,2,2,2,2,2,4,4,2,2,2,2,4,2,2,4,4,2,2,2,2,2,2,2,2,2,2,2,2,2,2,2,2,2,2,2,2,2,2,2,4,2]",1.0,1.0,1.0,1.0,1.0,0.0,0.0,0.0,0.080590908400813,1.0,24.707314839060015,0.0032618238333777,1.0,0.0,0.080590908400813,0.0,0.0,0.0,0.000402954542004,100,0.01,1.0,207500,7056,7.68255450000288,0.021700375014916,38.16573504198459,0.9999999645426084,3.5457391689419644e-08,0.999999840311533,7.091478215759396e-08,0.9999998403115304,0.1881787259521081,0.0002662982977392,4.991562718714704e-13,4.992672941739329e-13,1e-12,analysis/fermionic_structure_ablation_extension_hgbs5.csv,3.545739735155706e-08,1.0,0.9999998403115332
success,,BeH2_s-1.00_hgbs-5_as-006-012,hamiltonian_generator/polyatomic_library/BeH2/s-1.00/hgbs-5/BeH2_s-1.00_hgbs-5_as-006-012.tensors.npz,BeH2,s-1.00,hgbs-5,6,12,18,1131,2075,1378,0.6640963855421687,0,signed_parent_within_randomized,7,1155584423,"reference signed-fermionic parent-block order kept fixed and contiguous, but Pauli descendants randomly permuted inside each parent-owned block",2f2542e4fdf4e620,d0a559cf85929c9a,"[1,1,1,1,1,1,1,1,1,1,1,1,1,1,1,1,1,1,1,1,1,1,1,1,1,1,1,2,2,2,2,1,1,1,1,1,1,1,1,1,1,1,1,1,1,1,1,1,1,1,1,1,1,1,1,1,1,1,1,1,1,1,1,1,1,1,1,1,1,1,1,1,1,1,1,1,1,1,1,1,4,4,1,1,1,1,1,1,1,1,1,1,1,1,1,1,1,1,1,1,1,1,1,1,1,1,1,1,1,1,1,1,1,1,1,1,1,1,1,1,1,1,1,1,1,1,1,1,1,1,1,1,1,1,1,1,1,1,1,1,1,1,1,1,1,1,1,1,1,1,1,1,1,1,1,1,1,1,1,1,1,1,1,1,1,1,1,1,1,1,1,1,1,2,2,2,2,1,1,1,1,2,2,2,2,2,2,2,2,2,2,2,2,2,2,2,2,2,2,2,2,4,2,2,2,2,2,2,2,2,4,2,2,2,2,2,2,2,2,4,4,4,4,4,4,4,2,2,4,2,2,2,2,2,4,4,2,2,4,4,4,4,2,2,4,4,4,4,6,6,4,4,4,4,4,4,4,4,4,4,4,2,2,2,2,4,4,4,4,2,2,2,2,4,4,4,2,2,2,2,2,2,6,6,6,6,4,4,4,4,4,2,2,4,4,4,2,2,4,4,4,4,4,4,2,4,4,2,2,2,4,2,2,2,2,2,2,4,4,4,4,4,4,4,2,2,4,4,4,4,2,4,2,2,6,6,6,6,2,2,2,2,4,4,4,4,4,4,4,4,4,4,4,4,4,4,2,2,2,2,2,2,2,2,4,4,2,2,2,2,2,4,2,2,4,4,4,4,4,4,2,2,2,2,4,4,4,4,4,4,4,6,6,2,4,4,4,4,4,4,4,2,2,2,2,4,4,4,4,4,2,2,2,2,2,2,2,2,2,2,4,4,4,4,6,6,6,6,4,4,4,4,4,4,4,4,4,4,2,2,6,6,4,4,4,4,4,4,4,4,4,6,6,4,4,4,4,4,4,4,4,4,2,2,2,2,4,4,4,4,6,6,4,4,4,4,4,4,4,4,4,6,6,4,4,4,4,4,2,4,4,4,4,6,6,4,4,6,6,6,6,4,4,4,4,4,4,4,4,4,4,4,6,6,4,4,4,4,4,4,4,4,4,4,4,4,4,4,2,2,2,2,2,6,6,2,2,4,4,2,2,2,2,4,4,4,4,4,4,4,4,4,4,2,2,2,2,2,2,6,6,4,4,2,4,4,4,4,4,4,4,4,4,4,4,4,4,2,2,6,6,6,6,4,4,4,4,4,4,4,2,2,2,2,2,2,2,4,4,4,4,2,2,4,4,4,4,4,4,4,4,4,4,4,4,4,2,2,2,2,2,2,2,2,2,2,4,4,4,4,4,2,2,2,2,2,2,2,2,4,4,4,2,2,2,2,2,2,4,4,4,4,2,4,4,2,2,4,4,4,4,4,4,4,4,4,4,4,4,4,4,2,2,2,2,2,2,2,2,2,2,2,4,4,4,4,4,2,2,2,2,2,2,2,2,2,2,2,2,2,2,2,2,2,2,2,2,2,2,2,2,2,2,2,2,2,2,2,2,2,2,2,2,2,2,4,4,2,2,2,2,4,2,2,4,4,2,2,2,2,2,2,2,2,2,2,2,2,2,2,2,2,2,2,2,2,2,2,2,4,2]",1.0,1.0,1.0,1.0,1.0,0.0,0.0,0.0,0.080590908400813,1.0,24.707314839060015,0.0032618238333777,1.0,0.0,0.080590908400813,0.0,0.0,0.0,0.000402954542004,100,0.01,1.0,207500,7056,7.68255450000288,0.021700375014916,38.17530716699548,0.9999999645426184,3.545738147536781e-08,0.9999995522460632,7.09147617294903e-08,0.9999995522460556,0.1881787259520526,0.0002662982593836,4.7839510131098e-13,4.7839510131098e-13,1e-12,analysis/fermionic_structure_ablation_extension_hgbs5.csv,3.545739735155706e-08,1.0,0.9999995522460632
success,,BeH2_s-1.00_hgbs-5_as-006-012,hamiltonian_generator/polyatomic_library/BeH2/s-1.00/hgbs-5/BeH2_s-1.00_hgbs-5_as-006-012.tensors.npz,BeH2,s-1.00,hgbs-5,6,12,18,1131,2075,1378,0.6640963855421687,0,signed_parent_within_randomized,8,2549326704,"reference signed-fermionic parent-block order kept fixed and contiguous, but Pauli descendants randomly permuted inside each parent-owned block",2f2542e4fdf4e620,450d1b5f1021b934,"[1,1,1,1,1,1,1,1,1,1,1,1,1,1,1,1,1,1,1,1,1,1,1,1,1,1,1,2,2,2,2,1,1,1,1,1,1,1,1,1,1,1,1,1,1,1,1,1,1,1,1,1,1,1,1,1,1,1,1,1,1,1,1,1,1,1,1,1,1,1,1,1,1,1,1,1,1,1,1,1,4,4,1,1,1,1,1,1,1,1,1,1,1,1,1,1,1,1,1,1,1,1,1,1,1,1,1,1,1,1,1,1,1,1,1,1,1,1,1,1,1,1,1,1,1,1,1,1,1,1,1,1,1,1,1,1,1,1,1,1,1,1,1,1,1,1,1,1,1,1,1,1,1,1,1,1,1,1,1,1,1,1,1,1,1,1,1,1,1,1,1,1,1,2,2,2,2,1,1,1,1,2,2,2,2,2,2,2,2,2,2,2,2,2,2,2,2,2,2,2,2,4,2,2,2,2,2,2,2,2,4,2,2,2,2,2,2,2,2,4,4,4,4,4,4,4,2,2,4,2,2,2,2,2,4,4,2,2,4,4,4,4,2,2,4,4,4,4,6,6,4,4,4,4,4,4,4,4,4,4,4,2,2,2,2,4,4,4,4,2,2,2,2,4,4,4,2,2,2,2,2,2,6,6,6,6,4,4,4,4,4,2,2,4,4,4,2,2,4,4,4,4,4,4,2,4,4,2,2,2,4,2,2,2,2,2,2,4,4,4,4,4,4,4,2,2,4,4,4,4,2,4,2,2,6,6,6,6,2,2,2,2,4,4,4,4,4,4,4,4,4,4,4,4,4,4,2,2,2,2,2,2,2,2,4,4,2,2,2,2,2,4,2,2,4,4,4,4,4,4,2,2,2,2,4,4,4,4,4,4,4,6,6,2,4,4,4,4,4,4,4,2,2,2,2,4,4,4,4,4,2,2,2,2,2,2,2,2,2,2,4,4,4,4,6,6,6,6,4,4,4,4,4,4,4,4,4,4,2,2,6,6,4,4,4,4,4,4,4,4,4,6,6,4,4,4,4,4,4,4,4,4,2,2,2,2,4,4,4,4,6,6,4,4,4,4,4,4,4,4,4,6,6,4,4,4,4,4,2,4,4,4,4,6,6,4,4,6,6,6,6,4,4,4,4,4,4,4,4,4,4,4,6,6,4,4,4,4,4,4,4,4,4,4,4,4,4,4,2,2,2,2,2,6,6,2,2,4,4,2,2,2,2,4,4,4,4,4,4,4,4,4,4,2,2,2,2,2,2,6,6,4,4,2,4,4,4,4,4,4,4,4,4,4,4,4,4,2,2,6,6,6,6,4,4,4,4,4,4,4,2,2,2,2,2,2,2,4,4,4,4,2,2,4,4,4,4,4,4,4,4,4,4,4,4,4,2,2,2,2,2,2,2,2,2,2,4,4,4,4,4,2,2,2,2,2,2,2,2,4,4,4,2,2,2,2,2,2,4,4,4,4,2,4,4,2,2,4,4,4,4,4,4,4,4,4,4,4,4,4,4,2,2,2,2,2,2,2,2,2,2,2,4,4,4,4,4,2,2,2,2,2,2,2,2,2,2,2,2,2,2,2,2,2,2,2,2,2,2,2,2,2,2,2,2,2,2,2,2,2,2,2,2,2,2,4,4,2,2,2,2,4,2,2,4,4,2,2,2,2,2,2,2,2,2,2,2,2,2,2,2,2,2,2,2,2,2,2,2,4,2]",1.0,1.0,1.0,1.0,1.0,0.0,0.0,0.0,0.080590908400813,1.0,24.707314839060015,0.0032618238333777,1.0,0.0,0.080590908400813,0.0,0.0,0.0,0.000402954542004,100,0.01,1.0,207500,7056,7.68255450000288,0.021700375014916,38.095671916002175,0.999999964542616,3.5457383917858465e-08,0.9999996211312844,7.09147666144716e-08,0.9999996211312776,0.1881787259520591,0.0002662982685556,4.833911049217933e-13,4.835021272242557e-13,1e-12,analysis/fermionic_structure_ablation_extension_hgbs5.csv,3.545739735155706e-08,1.0,0.9999996211312843
success,,BeH2_s-1.00_hgbs-5_as-006-012,hamiltonian_generator/polyatomic_library/BeH2/s-1.00/hgbs-5/BeH2_s-1.00_hgbs-5_as-006-012.tensors.npz,BeH2,s-1.00,hgbs-5,6,12,18,1131,2075,1378,0.6640963855421687,0,signed_parent_within_randomized,9,1285241487,"reference signed-fermionic parent-block order kept fixed and contiguous, but Pauli descendants randomly permuted inside each parent-owned block",2f2542e4fdf4e620,590fb5f2df4a22a3,"[1,1,1,1,1,1,1,1,1,1,1,1,1,1,1,1,1,1,1,1,1,1,1,1,1,1,1,2,2,2,2,1,1,1,1,1,1,1,1,1,1,1,1,1,1,1,1,1,1,1,1,1,1,1,1,1,1,1,1,1,1,1,1,1,1,1,1,1,1,1,1,1,1,1,1,1,1,1,1,1,4,4,1,1,1,1,1,1,1,1,1,1,1,1,1,1,1,1,1,1,1,1,1,1,1,1,1,1,1,1,1,1,1,1,1,1,1,1,1,1,1,1,1,1,1,1,1,1,1,1,1,1,1,1,1,1,1,1,1,1,1,1,1,1,1,1,1,1,1,1,1,1,1,1,1,1,1,1,1,1,1,1,1,1,1,1,1,1,1,1,1,1,1,2,2,2,2,1,1,1,1,2,2,2,2,2,2,2,2,2,2,2,2,2,2,2,2,2,2,2,2,4,2,2,2,2,2,2,2,2,4,2,2,2,2,2,2,2,2,4,4,4,4,4,4,4,2,2,4,2,2,2,2,2,4,4,2,2,4,4,4,4,2,2,4,4,4,4,6,6,4,4,4,4,4,4,4,4,4,4,4,2,2,2,2,4,4,4,4,2,2,2,2,4,4,4,2,2,2,2,2,2,6,6,6,6,4,4,4,4,4,2,2,4,4,4,2,2,4,4,4,4,4,4,2,4,4,2,2,2,4,2,2,2,2,2,2,4,4,4,4,4,4,4,2,2,4,4,4,4,2,4,2,2,6,6,6,6,2,2,2,2,4,4,4,4,4,4,4,4,4,4,4,4,4,4,2,2,2,2,2,2,2,2,4,4,2,2,2,2,2,4,2,2,4,4,4,4,4,4,2,2,2,2,4,4,4,4,4,4,4,6,6,2,4,4,4,4,4,4,4,2,2,2,2,4,4,4,4,4,2,2,2,2,2,2,2,2,2,2,4,4,4,4,6,6,6,6,4,4,4,4,4,4,4,4,4,4,2,2,6,6,4,4,4,4,4,4,4,4,4,6,6,4,4,4,4,4,4,4,4,4,2,2,2,2,4,4,4,4,6,6,4,4,4,4,4,4,4,4,4,6,6,4,4,4,4,4,2,4,4,4,4,6,6,4,4,6,6,6,6,4,4,4,4,4,4,4,4,4,4,4,6,6,4,4,4,4,4,4,4,4,4,4,4,4,4,4,2,2,2,2,2,6,6,2,2,4,4,2,2,2,2,4,4,4,4,4,4,4,4,4,4,2,2,2,2,2,2,6,6,4,4,2,4,4,4,4,4,4,4,4,4,4,4,4,4,2,2,6,6,6,6,4,4,4,4,4,4,4,2,2,2,2,2,2,2,4,4,4,4,2,2,4,4,4,4,4,4,4,4,4,4,4,4,4,2,2,2,2,2,2,2,2,2,2,4,4,4,4,4,2,2,2,2,2,2,2,2,4,4,4,2,2,2,2,2,2,4,4,4,4,2,4,4,2,2,4,4,4,4,4,4,4,4,4,4,4,4,4,4,2,2,2,2,2,2,2,2,2,2,2,4,4,4,4,4,2,2,2,2,2,2,2,2,2,2,2,2,2,2,2,2,2,2,2,2,2,2,2,2,2,2,2,2,2,2,2,2,2,2,2,2,2,2,4,4,2,2,2,2,4,2,2,4,4,2,2,2,2,2,2,2,2,2,2,2,2,2,2,2,2,2,2,2,2,2,2,2,4,2]",1.0,1.0,1.0,1.0,1.0,0.0,0.0,0.0,0.080590908400813,1.0,24.707314839060015,0.0032618238333777,1.0,0.0,0.080590908400813,0.0,0.0,0.0,0.000402954542004,100,0.01,1.0,207500,7056,7.68255450000288,0.021700375014916,38.16800708399387,0.9999999645426128,3.5457387137505236e-08,0.9999997119345302,7.091477305376516e-08,0.9999997119345252,0.1881787259520797,0.0002662982806459,4.89608353859694e-13,4.897193761621565e-13,1e-12,analysis/fermionic_structure_ablation_extension_hgbs5.csv,3.545739735155706e-08,1.0,0.9999997119345302
success,,F-F_1.28_hgbs-5_as-016-002,hamiltonian_generator/hgbs5_diatomic_basis_transfer/night/F-F/1.28/hgbs-5/F-F_1.28_hgbs-5_as-016-002.tensors.npz,F-F,1.28,hgbs-5,16,2,18,1027,1883,1442,0.7657992565055762,0,fermionic_magnitude_reference,-1,-1,complete Hermitian fermionic terms ordered by decreasing absolute canonical coefficient magnitude; final combined JW Pauli order induced by first occurrence,535d7f584df6814c,cd44a735350d3937,"[1,1,1,1,1,1,1,1,1,1,1,1,1,1,1,1,1,1,1,1,1,1,1,1,1,1,1,1,1,1,1,1,1,1,1,1,1,1,1,1,1,1,1,1,1,1,1,1,1,1,1,1,1,1,1,1,1,1,1,1,1,1,1,1,1,1,1,1,1,1,1,1,1,1,1,1,1,1,1,1,1,1,1,1,1,1,1,1,1,1,1,1,1,1,1,1,1,1,1,1,1,1,1,1,1,1,1,1,1,1,1,1,1,1,1,1,1,1,1,1,1,1,1,1,1,1,1,1,1,1,2,2,1,1,1,1,1,1,1,1,2,4,4,4,4,6,6,4,4,4,4,4,4,4,4,4,4,6,6,6,6,1,1,1,1,1,1,2,1,1,4,4,1,1,1,1,1,1,1,1,1,1,1,1,1,1,1,1,1,1,1,1,1,1,1,1,4,4,4,4,4,4,4,1,4,4,4,4,4,4,4,4,4,4,4,4,4,4,4,4,2,2,2,2,2,2,2,2,4,2,2,2,2,4,4,4,6,6,2,2,2,2,4,4,4,4,4,4,2,2,2,2,4,4,6,6,6,6,2,2,4,4,4,4,4,4,4,4,4,4,4,4,4,4,4,4,4,4,4,4,4,4,4,4,4,4,4,4,4,4,4,4,4,4,4,2,4,4,2,4,4,2,2,2,2,6,6,4,6,6,4,4,4,4,2,2,2,2,4,4,4,4,4,4,6,6,6,6,4,4,2,2,2,2,2,2,2,2,2,2,2,2,6,6,4,4,2,2,4,4,2,4,2,2,2,2,4,4,2,2,2,2,4,4,2,2,4,4,4,4,4,4,2,2,4,4,4,4,4,4,6,6,6,6,4,4,4,4,4,4,4,4,6,6,6,6,4,4,4,4,4,4,4,4,4,4,4,4,4,4,4,4,4,4,4,4,4,4,6,6,6,6,4,4,4,4,6,6,2,4,2,2,4,4,6,6,4,4,4,4,2,2,2,2,2,2,2,2,4,4,4,4,4,4,4,4,2,2,4,4,4,4,2,2,4,4,4,6,6,6,6,4,4,4,4,4,4,4,4,4,4,4,4,4,4,2,2,2,2,2,2,4,4,4,4,4,4,4,4,4,6,6,4,4,2,2,2,2,2,2,2,2,2,2,4,4,2,2,2,2,4,4,4,4,4,2,2,4,4,4,4,4,2,2,4,4,4,4,6,6,4,4,4,4,4,4,4,4,4,4,4,4,2,2,6,6,6,6,2,2,6,6,4,4,4,4,4,4,4,4,4,2,4,4,4,4,4,4,4,4,4,4,4,4,2,2,2,2,2,2,2,2,2,2,2,2,2,2,2,4,4,6,6,6,6,4,4,4,4,4,4,2,2,2,2,4,4,4,4,2,2,2,2,2,2,2,2,2,2,2,2,4,4,4,4,2,4,4,4,4,2]",1.0093603744149766,2.0,0.9906396255850234,1.9290171606864277,2.265002655337228,0.2238627841236875,0.032397515766621,0.032397515766621,0.1480218328375933,15.870780499100778,514.9057734346134,0.0002874736320205,15.870780499100778,0.0,0.1480218328375933,0.0,0.0,0.0,0.0007401091641879,100,0.01,1.0,188300,81,0.1823779590004051,0.0014590410000892,34.11046829099996,0.999999771747854,2.2825214585076026e-07,3076.2029392753257,4.5650423963206066e-07,3076.202588399708,0.1313169811366759,0.0006756510132468,4.342082249308987e-13,4.340972026284362e-13,1e-12,analysis/fermionic_structure_ablation_hgbs5.csv,7.419931336016816e-11,251.88167365063754,3076.2029392753257
success,,F-F_1.28_hgbs-5_as-016-002,hamiltonian_generator/hgbs5_diatomic_basis_transfer/night/F-F/1.28/hgbs-5/F-F_1.28_hgbs-5_as-016-002.tensors.npz,F-F,1.28,hgbs-5,16,2,18,1027,1883,1442,0.7657992565055762,0,fermionic_signed_reference,-1,-1,complete Hermitian fermionic terms ordered by increasing signed canonical coefficient; final combined JW Pauli order induced by first occurrence,be536faa2a2b76ea,333b0bd53cc6acf7,"[1,1,1,1,1,1,1,1,1,1,1,1,1,1,1,1,1,1,1,1,1,1,1,1,1,1,1,1,1,1,1,1,1,1,1,1,1,1,1,1,1,1,1,1,1,1,1,1,1,1,1,1,1,1,1,1,1,1,1,1,1,1,1,1,1,1,1,1,1,1,1,1,1,1,1,1,1,1,1,1,1,1,1,1,1,1,1,1,1,1,1,1,1,1,1,1,1,1,1,1,1,1,1,1,1,1,1,1,1,1,1,1,1,1,1,1,1,1,1,1,1,1,1,1,1,1,1,1,1,1,2,2,1,1,1,1,1,1,1,1,2,4,4,4,4,6,6,4,4,4,4,4,4,4,4,4,4,6,6,6,6,1,1,1,1,1,1,2,1,1,4,4,1,1,1,1,1,1,1,1,1,1,1,1,1,1,1,1,1,1,1,1,1,1,1,1,4,4,4,4,4,4,4,1,4,4,4,4,4,4,4,4,4,4,4,4,4,4,4,4,2,2,2,2,2,2,2,2,4,2,2,2,2,4,4,4,6,6,2,2,2,2,4,4,4,4,4,4,2,2,2,2,4,4,6,6,6,6,2,2,4,4,4,4,4,4,4,4,4,4,4,4,4,4,4,4,4,4,4,4,4,4,4,4,4,4,4,4,4,4,4,4,4,4,4,2,4,4,2,4,4,2,2,2,2,6,6,4,6,6,4,4,4,4,2,2,2,2,4,4,4,4,4,4,6,6,6,6,4,4,2,2,2,2,2,2,2,2,2,2,2,2,6,6,4,4,2,2,4,4,2,4,2,2,2,2,4,4,2,2,2,2,4,4,2,2,4,4,4,4,4,4,2,2,4,4,4,4,4,4,6,6,6,6,4,4,4,4,4,4,4,4,6,6,6,6,4,4,4,4,4,4,4,4,4,4,4,4,4,4,4,4,4,4,4,4,4,4,6,6,6,6,4,4,4,4,6,6,2,4,2,2,4,4,6,6,4,4,4,4,2,2,2,2,2,2,2,2,4,4,4,4,4,4,4,4,2,2,4,4,4,4,2,2,4,4,4,6,6,6,6,4,4,4,4,4,4,4,4,4,4,4,4,4,4,2,2,2,2,2,2,4,4,4,4,4,4,4,4,4,6,6,4,4,2,2,2,2,2,2,2,2,2,2,4,4,2,2,2,2,4,4,4,4,4,2,2,4,4,4,4,4,2,2,4,4,4,4,6,6,4,4,4,4,4,4,4,4,4,4,4,4,2,2,6,6,6,6,2,2,6,6,4,4,4,4,4,4,4,4,4,2,4,4,4,4,4,4,4,4,4,4,4,4,2,2,2,2,2,2,2,2,2,2,2,2,2,2,2,4,4,6,6,6,6,4,4,4,4,4,4,2,2,2,2,4,4,4,4,2,2,2,2,2,2,2,2,2,2,2,2,4,4,4,4,2,4,4,4,4,2]",1.0,1.0,1.0,1.0,1.0,0.0,0.0,0.0,0.0093266889329091,1.0,514.9057734346134,1.8113389699821472e-05,1.0,0.0,0.0093266889329091,0.0,0.0,0.0,4.663344466454568e-05,100,0.01,1.0,188300,81,0.1823779590004051,0.0014590410000892,33.84057158300038,0.9999999999258008,7.419931336016816e-11,1.0,1.4839862672033632e-10,1.0,0.1313158402493611,1.2181897500813917e-05,4.2899017671516054e-13,4.2899017671516054e-13,1e-12,analysis/fermionic_structure_ablation_hgbs5.csv,7.419931336016816e-11,1.0,1.0
success,,F-F_1.28_hgbs-5_as-016-002,hamiltonian_generator/hgbs5_diatomic_basis_transfer/night/F-F/1.28/hgbs-5/F-F_1.28_hgbs-5_as-016-002.tensors.npz,F-F,1.28,hgbs-5,16,2,18,1027,1883,1442,0.7657992565055762,0,jw_signed_baseline,-1,-1,final JW Pauli terms ordered directly by increasing signed coefficient with dense Pauli lexicographic tie-breaking,,1807ff246bdcf568,"[1,1,1,1,1,1,1,1,1,1,1,1,1,1,1,1,1,1,1,1,1,1,1,1,1,1,1,1,1,1,1,1,1,1,1,1,1,1,1,1,1,1,1,1,1,1,1,1,1,1,1,1,1,1,1,1,1,1,1,1,1,1,1,1,1,1,1,1,1,1,1,1,1,1,1,1,1,1,1,1,1,1,1,1,1,1,1,1,1,1,1,1,1,1,1,1,1,1,1,1,1,1,1,1,1,1,1,1,1,1,1,1,1,1,1,1,1,1,1,1,1,1,1,1,1,1,1,1,1,1,2,2,1,1,1,1,1,1,1,1,2,4,4,4,4,6,6,4,4,4,4,4,4,4,4,4,4,6,6,6,6,1,1,1,1,1,1,2,1,1,4,4,1,1,1,1,1,1,1,1,1,1,1,1,1,1,1,1,1,1,1,1,1,1,1,1,4,4,4,4,4,4,4,1,4,4,4,4,4,4,4,4,4,4,4,4,4,4,4,4,2,2,2,2,2,2,2,2,4,2,2,2,2,4,4,4,6,6,2,2,2,2,4,4,4,4,4,4,2,2,2,2,4,4,6,6,6,6,2,2,4,4,4,4,4,4,4,4,4,4,4,4,4,4,4,4,4,4,4,4,4,4,4,4,4,4,4,4,4,4,4,4,4,4,4,2,4,4,2,4,4,2,2,2,2,6,6,4,6,6,4,4,4,4,2,2,2,2,4,4,4,4,4,4,6,6,6,6,4,4,2,2,2,2,2,2,2,2,2,2,2,2,6,6,4,4,2,2,4,4,2,4,2,2,2,2,4,4,2,2,2,2,4,4,2,2,4,4,4,4,4,4,2,2,4,4,4,4,4,4,6,6,6,6,4,4,4,4,4,4,4,4,6,6,6,6,4,4,4,4,4,4,4,4,4,4,4,4,4,4,4,4,4,4,4,4,4,4,6,6,6,6,4,4,4,4,6,6,2,4,2,2,4,4,6,6,4,4,4,4,2,2,2,2,2,2,2,2,4,4,4,4,4,4,4,4,2,2,4,4,4,4,2,2,4,4,4,6,6,6,6,4,4,4,4,4,4,4,4,4,4,4,4,4,4,2,2,2,2,2,2,4,4,4,4,4,4,4,4,4,6,6,4,4,2,2,2,2,2,2,2,2,2,2,4,4,2,2,2,2,4,4,4,4,4,2,2,4,4,4,4,4,2,2,4,4,4,4,6,6,4,4,4,4,4,4,4,4,4,4,4,4,2,2,6,6,6,6,2,2,6,6,4,4,4,4,4,4,4,4,4,2,4,4,4,4,4,4,4,4,4,4,4,4,2,2,2,2,2,2,2,2,2,2,2,2,2,2,2,4,4,6,6,6,6,4,4,4,4,4,4,2,2,2,2,4,4,4,4,2,2,2,2,2,2,2,2,2,2,2,2,4,4,4,4,2,4,4,4,4,2]",1.3993759750390016,4.0,0.7020280811232449,56.52223088923557,82.90918746680829,0.7235887562016845,0.9590659490998532,0.9590659490998532,0.4673755138200022,50.111622375532654,514.9057734346134,0.0009076913445783,50.11162237553266,0.0,0.4673755138200022,0.0,0.0,0.0,0.0023368775691,100,0.01,1.0,188300,81,0.1823779590004051,0.0014590410000892,33.83044470799996,0.9999997217014316,2.782985683014161e-07,3750.689267844531,5.56597059109265e-07,3750.688745645851,0.1313109484980203,0.0007460543791191,9.663258360159689e-08,9.663258360159689e-08,1e-12,analysis/fermionic_structure_ablation_hgbs5.csv,7.419931336016816e-11,2511.174697107985,3750.6892678445315
success,,F-F_1.28_hgbs-5_as-016-002,hamiltonian_generator/hgbs5_diatomic_basis_transfer/night/F-F/1.28/hgbs-5/F-F_1.28_hgbs-5_as-016-002.tensors.npz,F-F,1.28,hgbs-5,16,2,18,1027,1883,1442,0.7657992565055762,0,signed_parent_blocks_randomized,0,724988326,"reference signed-fermionic parent-owned Pauli blocks preserved internally and kept contiguous, but whole parent blocks randomly permuted",b8de7f2d247e6487,a6e6a273a4b8ffaa,"[1,1,1,1,1,1,1,1,1,1,1,1,1,1,1,1,1,1,1,1,1,1,1,1,1,1,1,1,1,1,1,1,1,1,1,1,1,1,1,1,1,1,1,1,1,1,1,1,1,1,1,1,1,1,1,1,1,1,1,1,1,1,1,1,1,1,1,1,1,1,1,1,1,1,1,1,1,1,1,1,1,1,1,1,1,1,1,1,1,1,1,1,1,1,1,1,1,1,1,1,1,1,1,1,1,1,1,1,1,1,1,1,1,1,1,1,1,1,1,1,1,1,1,1,1,1,1,1,1,1,2,2,1,1,1,1,1,1,1,1,2,4,4,4,4,6,6,4,4,4,4,4,4,4,4,4,4,6,6,6,6,1,1,1,1,1,1,2,1,1,4,4,1,1,1,1,1,1,1,1,1,1,1,1,1,1,1,1,1,1,1,1,1,1,1,1,4,4,4,4,4,4,4,1,4,4,4,4,4,4,4,4,4,4,4,4,4,4,4,4,2,2,2,2,2,2,2,2,4,2,2,2,2,4,4,4,6,6,2,2,2,2,4,4,4,4,4,4,2,2,2,2,4,4,6,6,6,6,2,2,4,4,4,4,4,4,4,4,4,4,4,4,4,4,4,4,4,4,4,4,4,4,4,4,4,4,4,4,4,4,4,4,4,4,4,2,4,4,2,4,4,2,2,2,2,6,6,4,6,6,4,4,4,4,2,2,2,2,4,4,4,4,4,4,6,6,6,6,4,4,2,2,2,2,2,2,2,2,2,2,2,2,6,6,4,4,2,2,4,4,2,4,2,2,2,2,4,4,2,2,2,2,4,4,2,2,4,4,4,4,4,4,2,2,4,4,4,4,4,4,6,6,6,6,4,4,4,4,4,4,4,4,6,6,6,6,4,4,4,4,4,4,4,4,4,4,4,4,4,4,4,4,4,4,4,4,4,4,6,6,6,6,4,4,4,4,6,6,2,4,2,2,4,4,6,6,4,4,4,4,2,2,2,2,2,2,2,2,4,4,4,4,4,4,4,4,2,2,4,4,4,4,2,2,4,4,4,6,6,6,6,4,4,4,4,4,4,4,4,4,4,4,4,4,4,2,2,2,2,2,2,4,4,4,4,4,4,4,4,4,6,6,4,4,2,2,2,2,2,2,2,2,2,2,4,4,2,2,2,2,4,4,4,4,4,2,2,4,4,4,4,4,2,2,4,4,4,4,6,6,4,4,4,4,4,4,4,4,4,4,4,4,2,2,6,6,6,6,2,2,6,6,4,4,4,4,4,4,4,4,4,2,4,4,4,4,4,4,4,4,4,4,4,4,2,2,2,2,2,2,2,2,2,2,2,2,2,2,2,4,4,6,6,6,6,4,4,4,4,4,4,2,2,2,2,4,4,4,4,2,2,2,2,2,2,2,2,2,2,2,2,4,4,4,4,2,4,4,4,4,2]",1.0,1.0,1.0,1.0,1.0,0.501348505826699,0.4976209037018119,0.4976209037018119,0.2802879730656042,30.05224845406935,514.9057734346134,0.0005443480876044,30.05224845406935,0.0,0.2802879730656042,0.0,0.0,0.0,0.001401439865328,100,0.01,1.0,188300,81,0.1823779590004051,0.0014590410000892,33.944227500000125,0.9999992258568968,7.741431032881607e-07,10433.292010809064,1.5482856072779327e-06,10433.287972372847,0.1313215799336392,0.0012443014934397,5.969669203409468e-13,5.969669203409468e-13,1e-12,analysis/fermionic_structure_ablation_hgbs5.csv,7.419931336016816e-11,903.1376371451137,10433.292010809064
success,,F-F_1.28_hgbs-5_as-016-002,hamiltonian_generator/hgbs5_diatomic_basis_transfer/night/F-F/1.28/hgbs-5/F-F_1.28_hgbs-5_as-016-002.tensors.npz,F-F,1.28,hgbs-5,16,2,18,1027,1883,1442,0.7657992565055762,0,signed_parent_blocks_randomized,1,711219403,"reference signed-fermionic parent-owned Pauli blocks preserved internally and kept contiguous, but whole parent blocks randomly permuted",45327b78740812d0,3d5cca39657a2c36,"[1,1,1,1,1,1,1,1,1,1,1,1,1,1,1,1,1,1,1,1,1,1,1,1,1,1,1,1,1,1,1,1,1,1,1,1,1,1,1,1,1,1,1,1,1,1,1,1,1,1,1,1,1,1,1,1,1,1,1,1,1,1,1,1,1,1,1,1,1,1,1,1,1,1,1,1,1,1,1,1,1,1,1,1,1,1,1,1,1,1,1,1,1,1,1,1,1,1,1,1,1,1,1,1,1,1,1,1,1,1,1,1,1,1,1,1,1,1,1,1,1,1,1,1,1,1,1,1,1,1,2,2,1,1,1,1,1,1,1,1,2,4,4,4,4,6,6,4,4,4,4,4,4,4,4,4,4,6,6,6,6,1,1,1,1,1,1,2,1,1,4,4,1,1,1,1,1,1,1,1,1,1,1,1,1,1,1,1,1,1,1,1,1,1,1,1,4,4,4,4,4,4,4,1,4,4,4,4,4,4,4,4,4,4,4,4,4,4,4,4,2,2,2,2,2,2,2,2,4,2,2,2,2,4,4,4,6,6,2,2,2,2,4,4,4,4,4,4,2,2,2,2,4,4,6,6,6,6,2,2,4,4,4,4,4,4,4,4,4,4,4,4,4,4,4,4,4,4,4,4,4,4,4,4,4,4,4,4,4,4,4,4,4,4,4,2,4,4,2,4,4,2,2,2,2,6,6,4,6,6,4,4,4,4,2,2,2,2,4,4,4,4,4,4,6,6,6,6,4,4,2,2,2,2,2,2,2,2,2,2,2,2,6,6,4,4,2,2,4,4,2,4,2,2,2,2,4,4,2,2,2,2,4,4,2,2,4,4,4,4,4,4,2,2,4,4,4,4,4,4,6,6,6,6,4,4,4,4,4,4,4,4,6,6,6,6,4,4,4,4,4,4,4,4,4,4,4,4,4,4,4,4,4,4,4,4,4,4,6,6,6,6,4,4,4,4,6,6,2,4,2,2,4,4,6,6,4,4,4,4,2,2,2,2,2,2,2,2,4,4,4,4,4,4,4,4,2,2,4,4,4,4,2,2,4,4,4,6,6,6,6,4,4,4,4,4,4,4,4,4,4,4,4,4,4,2,2,2,2,2,2,4,4,4,4,4,4,4,4,4,6,6,4,4,2,2,2,2,2,2,2,2,2,2,4,4,2,2,2,2,4,4,4,4,4,2,2,4,4,4,4,4,2,2,4,4,4,4,6,6,4,4,4,4,4,4,4,4,4,4,4,4,2,2,6,6,6,6,2,2,6,6,4,4,4,4,4,4,4,4,4,2,4,4,4,4,4,4,4,4,4,4,4,4,2,2,2,2,2,2,2,2,2,2,2,2,2,2,2,4,4,6,6,6,6,4,4,4,4,4,4,2,2,2,2,4,4,4,4,2,2,2,2,2,2,2,2,2,2,2,2,4,4,4,4,2,4,4,4,4,2]",1.0,1.0,1.0,1.0,1.0,0.4997872677973924,0.4975018070539125,0.4975018070539125,0.3722043847477265,39.907451339393,514.9057734346134,0.000722859218037,39.907451339393006,0.0,0.3722043847477265,0.0,0.0,0.0,0.0018610219237386,100,0.01,1.0,188300,81,0.1823779590004051,0.0014590410000892,34.69014841599983,0.999998640315206,1.359684794088878e-06,18324.7624878802,2.719367739434375e-06,18324.750029925424,0.1313270825899397,0.001649051117515,6.467049118441537e-13,6.467049118441537e-13,1e-12,analysis/fermionic_structure_ablation_hgbs5.csv,7.419931336016816e-11,1592.60467240602,18324.762487880205
success,,F-F_1.28_hgbs-5_as-016-002,hamiltonian_generator/hgbs5_diatomic_basis_transfer/night/F-F/1.28/hgbs-5/F-F_1.28_hgbs-5_as-016-002.tensors.npz,F-F,1.28,hgbs-5,16,2,18,1027,1883,1442,0.7657992565055762,0,signed_parent_blocks_randomized,2,80248290,"reference signed-fermionic parent-owned Pauli blocks preserved internally and kept contiguous, but whole parent blocks randomly permuted",2184cd20c5c53502,dfd718192ea6f4ce,"[1,1,1,1,1,1,1,1,1,1,1,1,1,1,1,1,1,1,1,1,1,1,1,1,1,1,1,1,1,1,1,1,1,1,1,1,1,1,1,1,1,1,1,1,1,1,1,1,1,1,1,1,1,1,1,1,1,1,1,1,1,1,1,1,1,1,1,1,1,1,1,1,1,1,1,1,1,1,1,1,1,1,1,1,1,1,1,1,1,1,1,1,1,1,1,1,1,1,1,1,1,1,1,1,1,1,1,1,1,1,1,1,1,1,1,1,1,1,1,1,1,1,1,1,1,1,1,1,1,1,2,2,1,1,1,1,1,1,1,1,2,4,4,4,4,6,6,4,4,4,4,4,4,4,4,4,4,6,6,6,6,1,1,1,1,1,1,2,1,1,4,4,1,1,1,1,1,1,1,1,1,1,1,1,1,1,1,1,1,1,1,1,1,1,1,1,4,4,4,4,4,4,4,1,4,4,4,4,4,4,4,4,4,4,4,4,4,4,4,4,2,2,2,2,2,2,2,2,4,2,2,2,2,4,4,4,6,6,2,2,2,2,4,4,4,4,4,4,2,2,2,2,4,4,6,6,6,6,2,2,4,4,4,4,4,4,4,4,4,4,4,4,4,4,4,4,4,4,4,4,4,4,4,4,4,4,4,4,4,4,4,4,4,4,4,2,4,4,2,4,4,2,2,2,2,6,6,4,6,6,4,4,4,4,2,2,2,2,4,4,4,4,4,4,6,6,6,6,4,4,2,2,2,2,2,2,2,2,2,2,2,2,6,6,4,4,2,2,4,4,2,4,2,2,2,2,4,4,2,2,2,2,4,4,2,2,4,4,4,4,4,4,2,2,4,4,4,4,4,4,6,6,6,6,4,4,4,4,4,4,4,4,6,6,6,6,4,4,4,4,4,4,4,4,4,4,4,4,4,4,4,4,4,4,4,4,4,4,6,6,6,6,4,4,4,4,6,6,2,4,2,2,4,4,6,6,4,4,4,4,2,2,2,2,2,2,2,2,4,4,4,4,4,4,4,4,2,2,4,4,4,4,2,2,4,4,4,6,6,6,6,4,4,4,4,4,4,4,4,4,4,4,4,4,4,2,2,2,2,2,2,4,4,4,4,4,4,4,4,4,6,6,4,4,2,2,2,2,2,2,2,2,2,2,4,4,2,2,2,2,4,4,4,4,4,2,2,4,4,4,4,4,2,2,4,4,4,4,6,6,4,4,4,4,4,4,4,4,4,4,4,4,2,2,6,6,6,6,2,2,6,6,4,4,4,4,4,4,4,4,4,2,4,4,4,4,4,4,4,4,4,4,4,4,2,2,2,2,2,2,2,2,2,2,2,2,2,2,2,4,4,6,6,6,6,4,4,4,4,4,4,2,2,2,2,4,4,4,4,2,2,2,2,2,2,2,2,2,2,2,2,4,4,4,4,2,4,4,4,4,2]",1.0,1.0,1.0,1.0,1.0,0.5075321622245298,0.4875228993104663,0.4875228993104663,0.1568321256184741,16.815412923775494,514.9057734346134,0.0003045841272517,16.815412923775494,0.0,0.1568321256184741,0.0,0.0,0.0,0.0007841606280923,100,0.01,1.0,188300,81,0.1823779590004051,0.0014590410000892,34.670564125000055,0.9999997983728132,2.0162718672445126e-07,2717.3726762906836,4.0325433281473977e-07,2717.3724024730373,0.1313178263982851,0.0006350231282787,6.729061752253074e-13,6.72795152922845e-13,1e-12,analysis/fermionic_structure_ablation_hgbs5.csv,7.419931336016816e-11,282.7581117970759,2717.372676290684
success,,F-F_1.28_hgbs-5_as-016-002,hamiltonian_generator/hgbs5_diatomic_basis_transfer/night/F-F/1.28/hgbs-5/F-F_1.28_hgbs-5_as-016-002.tensors.npz,F-F,1.28,hgbs-5,16,2,18,1027,1883,1442,0.7657992565055762,0,signed_parent_blocks_randomized,3,3346836701,"reference signed-fermionic parent-owned Pauli blocks preserved internally and kept contiguous, but whole parent blocks randomly permuted",6739c1631134cd74,b7c6c0144d77967a,"[1,1,1,1,1,1,1,1,1,1,1,1,1,1,1,1,1,1,1,1,1,1,1,1,1,1,1,1,1,1,1,1,1,1,1,1,1,1,1,1,1,1,1,1,1,1,1,1,1,1,1,1,1,1,1,1,1,1,1,1,1,1,1,1,1,1,1,1,1,1,1,1,1,1,1,1,1,1,1,1,1,1,1,1,1,1,1,1,1,1,1,1,1,1,1,1,1,1,1,1,1,1,1,1,1,1,1,1,1,1,1,1,1,1,1,1,1,1,1,1,1,1,1,1,1,1,1,1,1,1,2,2,1,1,1,1,1,1,1,1,2,4,4,4,4,6,6,4,4,4,4,4,4,4,4,4,4,6,6,6,6,1,1,1,1,1,1,2,1,1,4,4,1,1,1,1,1,1,1,1,1,1,1,1,1,1,1,1,1,1,1,1,1,1,1,1,4,4,4,4,4,4,4,1,4,4,4,4,4,4,4,4,4,4,4,4,4,4,4,4,2,2,2,2,2,2,2,2,4,2,2,2,2,4,4,4,6,6,2,2,2,2,4,4,4,4,4,4,2,2,2,2,4,4,6,6,6,6,2,2,4,4,4,4,4,4,4,4,4,4,4,4,4,4,4,4,4,4,4,4,4,4,4,4,4,4,4,4,4,4,4,4,4,4,4,2,4,4,2,4,4,2,2,2,2,6,6,4,6,6,4,4,4,4,2,2,2,2,4,4,4,4,4,4,6,6,6,6,4,4,2,2,2,2,2,2,2,2,2,2,2,2,6,6,4,4,2,2,4,4,2,4,2,2,2,2,4,4,2,2,2,2,4,4,2,2,4,4,4,4,4,4,2,2,4,4,4,4,4,4,6,6,6,6,4,4,4,4,4,4,4,4,6,6,6,6,4,4,4,4,4,4,4,4,4,4,4,4,4,4,4,4,4,4,4,4,4,4,6,6,6,6,4,4,4,4,6,6,2,4,2,2,4,4,6,6,4,4,4,4,2,2,2,2,2,2,2,2,4,4,4,4,4,4,4,4,2,2,4,4,4,4,2,2,4,4,4,6,6,6,6,4,4,4,4,4,4,4,4,4,4,4,4,4,4,2,2,2,2,2,2,4,4,4,4,4,4,4,4,4,6,6,4,4,2,2,2,2,2,2,2,2,2,2,4,4,2,2,2,2,4,4,4,4,4,2,2,4,4,4,4,4,2,2,4,4,4,4,6,6,4,4,4,4,4,4,4,4,4,4,4,4,2,2,6,6,6,6,2,2,6,6,4,4,4,4,4,4,4,4,4,2,4,4,4,4,4,4,4,4,4,4,4,4,2,2,2,2,2,2,2,2,2,2,2,2,2,2,2,4,4,6,6,6,6,4,4,4,4,4,4,2,2,2,2,4,4,4,4,2,2,2,2,2,2,2,2,2,2,2,2,4,4,4,4,2,4,4,4,4,2]",1.0,1.0,1.0,1.0,1.0,0.5263571593400254,0.5217927096812611,0.5217927096812611,0.5117042174250549,54.864509914071576,514.9057734346134,0.0009937822487632,54.86450991407158,0.0,0.5117042174250549,0.0,0.0,0.0,0.0025585210871252,100,0.01,1.0,188300,81,0.1823779590004051,0.0014590410000892,34.675675750000664,0.9999992688625994,7.311374006224725e-07,9853.694967141882,1.4622742666725586e-06,9853.691364868748,0.1313218588556531,0.0012092455504342,5.755396159656813e-13,5.755396159656813e-13,1e-12,analysis/fermionic_structure_ablation_hgbs5.csv,7.419931336016816e-11,3010.1144481112583,9853.694967141882
success,,F-F_1.28_hgbs-5_as-016-002,hamiltonian_generator/hgbs5_diatomic_basis_transfer/night/F-F/1.28/hgbs-5/F-F_1.28_hgbs-5_as-016-002.tensors.npz,F-F,1.28,hgbs-5,16,2,18,1027,1883,1442,0.7657992565055762,0,signed_parent_blocks_randomized,4,1189220403,"reference signed-fermionic parent-owned Pauli blocks preserved internally and kept contiguous, but whole parent blocks randomly permuted",8eaf644a775c4f0c,2edd39df48a0ac7d,"[1,1,1,1,1,1,1,1,1,1,1,1,1,1,1,1,1,1,1,1,1,1,1,1,1,1,1,1,1,1,1,1,1,1,1,1,1,1,1,1,1,1,1,1,1,1,1,1,1,1,1,1,1,1,1,1,1,1,1,1,1,1,1,1,1,1,1,1,1,1,1,1,1,1,1,1,1,1,1,1,1,1,1,1,1,1,1,1,1,1,1,1,1,1,1,1,1,1,1,1,1,1,1,1,1,1,1,1,1,1,1,1,1,1,1,1,1,1,1,1,1,1,1,1,1,1,1,1,1,1,2,2,1,1,1,1,1,1,1,1,2,4,4,4,4,6,6,4,4,4,4,4,4,4,4,4,4,6,6,6,6,1,1,1,1,1,1,2,1,1,4,4,1,1,1,1,1,1,1,1,1,1,1,1,1,1,1,1,1,1,1,1,1,1,1,1,4,4,4,4,4,4,4,1,4,4,4,4,4,4,4,4,4,4,4,4,4,4,4,4,2,2,2,2,2,2,2,2,4,2,2,2,2,4,4,4,6,6,2,2,2,2,4,4,4,4,4,4,2,2,2,2,4,4,6,6,6,6,2,2,4,4,4,4,4,4,4,4,4,4,4,4,4,4,4,4,4,4,4,4,4,4,4,4,4,4,4,4,4,4,4,4,4,4,4,2,4,4,2,4,4,2,2,2,2,6,6,4,6,6,4,4,4,4,2,2,2,2,4,4,4,4,4,4,6,6,6,6,4,4,2,2,2,2,2,2,2,2,2,2,2,2,6,6,4,4,2,2,4,4,2,4,2,2,2,2,4,4,2,2,2,2,4,4,2,2,4,4,4,4,4,4,2,2,4,4,4,4,4,4,6,6,6,6,4,4,4,4,4,4,4,4,6,6,6,6,4,4,4,4,4,4,4,4,4,4,4,4,4,4,4,4,4,4,4,4,4,4,6,6,6,6,4,4,4,4,6,6,2,4,2,2,4,4,6,6,4,4,4,4,2,2,2,2,2,2,2,2,4,4,4,4,4,4,4,4,2,2,4,4,4,4,2,2,4,4,4,6,6,6,6,4,4,4,4,4,4,4,4,4,4,4,4,4,4,2,2,2,2,2,2,4,4,4,4,4,4,4,4,4,6,6,4,4,2,2,2,2,2,2,2,2,2,2,4,4,2,2,2,2,4,4,4,4,4,2,2,4,4,4,4,4,2,2,4,4,4,4,6,6,4,4,4,4,4,4,4,4,4,4,4,4,2,2,6,6,6,6,2,2,6,6,4,4,4,4,4,4,4,4,4,2,4,4,4,4,4,4,4,4,4,4,4,4,2,2,2,2,2,2,2,2,2,2,2,2,2,2,2,4,4,6,6,6,6,4,4,4,4,4,4,2,2,2,2,4,4,4,4,2,2,2,2,2,2,2,2,2,2,2,2,4,4,4,4,2,4,4,4,4,2]",1.0,1.0,1.0,1.0,1.0,0.4930807949694242,0.5058104936734121,0.5058104936734121,0.3404944876509347,36.5075419691015,514.9057734346134,0.0006612753346689,36.50754196910151,0.0,0.3404944876509347,0.0,0.0,0.0,0.0017024724382546,100,0.01,1.0,188300,81,0.1823779590004051,0.0014590410000892,34.722688500000004,0.9999989943593092,1.0056406907210658e-06,13553.234459726362,2.0112803701399784e-06,13553.227644958764,0.1313232498987425,0.0014181965242666,6.731282198302324e-13,6.731282198302324e-13,1e-12,analysis/fermionic_structure_ablation_hgbs5.csv,7.419931336016816e-11,1332.8006206257076,13553.234459726362
success,,F-F_1.28_hgbs-5_as-016-002,hamiltonian_generator/hgbs5_diatomic_basis_transfer/night/F-F/1.28/hgbs-5/F-F_1.28_hgbs-5_as-016-002.tensors.npz,F-F,1.28,hgbs-5,16,2,18,1027,1883,1442,0.7657992565055762,0,signed_parent_blocks_randomized,5,3675203197,"reference signed-fermionic parent-owned Pauli blocks preserved internally and kept contiguous, but whole parent blocks randomly permuted",0e4843610abc7dff,6d463e3cfa3e389e,"[1,1,1,1,1,1,1,1,1,1,1,1,1,1,1,1,1,1,1,1,1,1,1,1,1,1,1,1,1,1,1,1,1,1,1,1,1,1,1,1,1,1,1,1,1,1,1,1,1,1,1,1,1,1,1,1,1,1,1,1,1,1,1,1,1,1,1,1,1,1,1,1,1,1,1,1,1,1,1,1,1,1,1,1,1,1,1,1,1,1,1,1,1,1,1,1,1,1,1,1,1,1,1,1,1,1,1,1,1,1,1,1,1,1,1,1,1,1,1,1,1,1,1,1,1,1,1,1,1,1,2,2,1,1,1,1,1,1,1,1,2,4,4,4,4,6,6,4,4,4,4,4,4,4,4,4,4,6,6,6,6,1,1,1,1,1,1,2,1,1,4,4,1,1,1,1,1,1,1,1,1,1,1,1,1,1,1,1,1,1,1,1,1,1,1,1,4,4,4,4,4,4,4,1,4,4,4,4,4,4,4,4,4,4,4,4,4,4,4,4,2,2,2,2,2,2,2,2,4,2,2,2,2,4,4,4,6,6,2,2,2,2,4,4,4,4,4,4,2,2,2,2,4,4,6,6,6,6,2,2,4,4,4,4,4,4,4,4,4,4,4,4,4,4,4,4,4,4,4,4,4,4,4,4,4,4,4,4,4,4,4,4,4,4,4,2,4,4,2,4,4,2,2,2,2,6,6,4,6,6,4,4,4,4,2,2,2,2,4,4,4,4,4,4,6,6,6,6,4,4,2,2,2,2,2,2,2,2,2,2,2,2,6,6,4,4,2,2,4,4,2,4,2,2,2,2,4,4,2,2,2,2,4,4,2,2,4,4,4,4,4,4,2,2,4,4,4,4,4,4,6,6,6,6,4,4,4,4,4,4,4,4,6,6,6,6,4,4,4,4,4,4,4,4,4,4,4,4,4,4,4,4,4,4,4,4,4,4,6,6,6,6,4,4,4,4,6,6,2,4,2,2,4,4,6,6,4,4,4,4,2,2,2,2,2,2,2,2,4,4,4,4,4,4,4,4,2,2,4,4,4,4,2,2,4,4,4,6,6,6,6,4,4,4,4,4,4,4,4,4,4,4,4,4,4,2,2,2,2,2,2,4,4,4,4,4,4,4,4,4,6,6,4,4,2,2,2,2,2,2,2,2,2,2,4,4,2,2,2,2,4,4,4,4,4,2,2,4,4,4,4,4,2,2,4,4,4,4,6,6,4,4,4,4,4,4,4,4,4,4,4,4,2,2,6,6,6,6,2,2,6,6,4,4,4,4,4,4,4,4,4,2,4,4,4,4,4,4,4,4,4,4,4,4,2,2,2,2,2,2,2,2,2,2,2,2,2,2,2,4,4,6,6,6,6,4,4,4,4,4,4,2,2,2,2,4,4,4,4,2,2,2,2,2,2,2,2,2,2,2,2,4,4,4,4,2,4,4,4,4,2]",1.0,1.0,1.0,1.0,1.0,0.4869151667243567,0.4681334575459963,0.4681334575459963,0.5519864297529533,59.183535949748936,514.9057734346134,0.0010720144504711,59.183535949748936,0.0,0.5519864297529533,0.0,0.0,0.0,0.0027599321487647,100,0.01,1.0,188300,81,0.1823779590004051,0.0014590410000892,34.700646583999514,0.9999984576952116,1.5423047885487762e-06,20785.97117283729,3.084607198444722e-06,20785.955144031075,0.1313293567532148,0.0017563056616368,6.33826324758502e-13,6.339373470609644e-13,1e-12,analysis/fermionic_structure_ablation_hgbs5.csv,7.419931336016816e-11,3502.6909275152248,20785.97117283729
success,,F-F_1.28_hgbs-5_as-016-002,hamiltonian_generator/hgbs5_diatomic_basis_transfer/night/F-F/1.28/hgbs-5/F-F_1.28_hgbs-5_as-016-002.tensors.npz,F-F,1.28,hgbs-5,16,2,18,1027,1883,1442,0.7657992565055762,0,signed_parent_blocks_randomized,6,610637156,"reference signed-fermionic parent-owned Pauli blocks preserved internally and kept contiguous, but whole parent blocks randomly permuted",9745bd22aec826f6,8aad138ec6b339c8,"[1,1,1,1,1,1,1,1,1,1,1,1,1,1,1,1,1,1,1,1,1,1,1,1,1,1,1,1,1,1,1,1,1,1,1,1,1,1,1,1,1,1,1,1,1,1,1,1,1,1,1,1,1,1,1,1,1,1,1,1,1,1,1,1,1,1,1,1,1,1,1,1,1,1,1,1,1,1,1,1,1,1,1,1,1,1,1,1,1,1,1,1,1,1,1,1,1,1,1,1,1,1,1,1,1,1,1,1,1,1,1,1,1,1,1,1,1,1,1,1,1,1,1,1,1,1,1,1,1,1,2,2,1,1,1,1,1,1,1,1,2,4,4,4,4,6,6,4,4,4,4,4,4,4,4,4,4,6,6,6,6,1,1,1,1,1,1,2,1,1,4,4,1,1,1,1,1,1,1,1,1,1,1,1,1,1,1,1,1,1,1,1,1,1,1,1,4,4,4,4,4,4,4,1,4,4,4,4,4,4,4,4,4,4,4,4,4,4,4,4,2,2,2,2,2,2,2,2,4,2,2,2,2,4,4,4,6,6,2,2,2,2,4,4,4,4,4,4,2,2,2,2,4,4,6,6,6,6,2,2,4,4,4,4,4,4,4,4,4,4,4,4,4,4,4,4,4,4,4,4,4,4,4,4,4,4,4,4,4,4,4,4,4,4,4,2,4,4,2,4,4,2,2,2,2,6,6,4,6,6,4,4,4,4,2,2,2,2,4,4,4,4,4,4,6,6,6,6,4,4,2,2,2,2,2,2,2,2,2,2,2,2,6,6,4,4,2,2,4,4,2,4,2,2,2,2,4,4,2,2,2,2,4,4,2,2,4,4,4,4,4,4,2,2,4,4,4,4,4,4,6,6,6,6,4,4,4,4,4,4,4,4,6,6,6,6,4,4,4,4,4,4,4,4,4,4,4,4,4,4,4,4,4,4,4,4,4,4,6,6,6,6,4,4,4,4,6,6,2,4,2,2,4,4,6,6,4,4,4,4,2,2,2,2,2,2,2,2,4,4,4,4,4,4,4,4,2,2,4,4,4,4,2,2,4,4,4,6,6,6,6,4,4,4,4,4,4,4,4,4,4,4,4,4,4,2,2,2,2,2,2,4,4,4,4,4,4,4,4,4,6,6,4,4,2,2,2,2,2,2,2,2,2,2,4,4,2,2,2,2,4,4,4,4,4,2,2,4,4,4,4,4,2,2,4,4,4,4,6,6,4,4,4,4,4,4,4,4,4,4,4,4,2,2,6,6,6,6,2,2,6,6,4,4,4,4,4,4,4,4,4,2,4,4,4,4,4,4,4,4,4,4,4,4,2,2,2,2,2,2,2,2,2,2,2,2,2,2,2,4,4,6,6,6,6,4,4,4,4,4,4,2,2,2,2,4,4,4,4,2,2,2,2,2,2,2,2,2,2,2,2,4,4,4,4,2,4,4,4,4,2]",1.0,1.0,1.0,1.0,1.0,0.5099984135225568,0.5085136881350184,0.5085136881350184,0.2163996695522299,23.202196525357003,514.9057734346134,0.0004202704275556,23.202196525357007,0.0,0.2163996695522299,0.0,0.0,0.0,0.0010819983477611,100,0.01,1.0,188300,81,0.1823779590004051,0.0014590410000892,34.70767466699999,0.9999995348476808,4.651523193288654e-07,6268.95719467088,9.303044222752632e-07,6268.955736554506,0.1313199323833096,0.0009645230109529,5.20361531641811e-13,5.202505093393485e-13,1e-12,analysis/fermionic_structure_ablation_hgbs5.csv,7.419931336016816e-11,538.3419236012886,6268.957194670881
success,,F-F_1.28_hgbs-5_as-016-002,hamiltonian_generator/hgbs5_diatomic_basis_transfer/night/F-F/1.28/hgbs-5/F-F_1.28_hgbs-5_as-016-002.tensors.npz,F-F,1.28,hgbs-5,16,2,18,1027,1883,1442,0.7657992565055762,0,signed_parent_blocks_randomized,7,255204249,"reference signed-fermionic parent-owned Pauli blocks preserved internally and kept contiguous, but whole parent blocks randomly permuted",3fc68bd5a47c3429,21bed11eb50def55,"[1,1,1,1,1,1,1,1,1,1,1,1,1,1,1,1,1,1,1,1,1,1,1,1,1,1,1,1,1,1,1,1,1,1,1,1,1,1,1,1,1,1,1,1,1,1,1,1,1,1,1,1,1,1,1,1,1,1,1,1,1,1,1,1,1,1,1,1,1,1,1,1,1,1,1,1,1,1,1,1,1,1,1,1,1,1,1,1,1,1,1,1,1,1,1,1,1,1,1,1,1,1,1,1,1,1,1,1,1,1,1,1,1,1,1,1,1,1,1,1,1,1,1,1,1,1,1,1,1,1,2,2,1,1,1,1,1,1,1,1,2,4,4,4,4,6,6,4,4,4,4,4,4,4,4,4,4,6,6,6,6,1,1,1,1,1,1,2,1,1,4,4,1,1,1,1,1,1,1,1,1,1,1,1,1,1,1,1,1,1,1,1,1,1,1,1,4,4,4,4,4,4,4,1,4,4,4,4,4,4,4,4,4,4,4,4,4,4,4,4,2,2,2,2,2,2,2,2,4,2,2,2,2,4,4,4,6,6,2,2,2,2,4,4,4,4,4,4,2,2,2,2,4,4,6,6,6,6,2,2,4,4,4,4,4,4,4,4,4,4,4,4,4,4,4,4,4,4,4,4,4,4,4,4,4,4,4,4,4,4,4,4,4,4,4,2,4,4,2,4,4,2,2,2,2,6,6,4,6,6,4,4,4,4,2,2,2,2,4,4,4,4,4,4,6,6,6,6,4,4,2,2,2,2,2,2,2,2,2,2,2,2,6,6,4,4,2,2,4,4,2,4,2,2,2,2,4,4,2,2,2,2,4,4,2,2,4,4,4,4,4,4,2,2,4,4,4,4,4,4,6,6,6,6,4,4,4,4,4,4,4,4,6,6,6,6,4,4,4,4,4,4,4,4,4,4,4,4,4,4,4,4,4,4,4,4,4,4,6,6,6,6,4,4,4,4,6,6,2,4,2,2,4,4,6,6,4,4,4,4,2,2,2,2,2,2,2,2,4,4,4,4,4,4,4,4,2,2,4,4,4,4,2,2,4,4,4,6,6,6,6,4,4,4,4,4,4,4,4,4,4,4,4,4,4,2,2,2,2,2,2,4,4,4,4,4,4,4,4,4,6,6,4,4,2,2,2,2,2,2,2,2,2,2,4,4,2,2,2,2,4,4,4,4,4,2,2,4,4,4,4,4,2,2,4,4,4,4,6,6,4,4,4,4,4,4,4,4,4,4,4,4,2,2,6,6,6,6,2,2,6,6,4,4,4,4,4,4,4,4,4,2,4,4,4,4,4,4,4,4,4,4,4,4,2,2,2,2,2,2,2,2,2,2,2,2,2,2,2,4,4,6,6,6,6,4,4,4,4,4,4,2,2,2,2,4,4,4,4,2,2,2,2,2,2,2,2,2,2,2,2,4,4,4,4,2,4,4,4,4,2]",1.0,1.0,1.0,1.0,1.0,0.5224089938848506,0.5381615828426561,0.5381615828426561,0.466607234095356,50.029248048461945,514.9057734346134,0.0009061992662908,50.029248048461945,0.0,0.466607234095356,0.0,0.0,0.0,0.0023330361704767,100,0.01,1.0,188300,81,0.1823779590004051,0.0014590410000892,33.9686742089998,0.9999997592115,2.407884999167109e-07,3245.1580616104666,4.8157694187978e-07,3245.1576710836594,0.1313177701199191,0.0006939574913735,5.591083152012288e-13,5.588862705963038e-13,1e-12,analysis/fermionic_structure_ablation_hgbs5.csv,7.419931336016816e-11,2502.9256602945334,3245.1580616104666
success,,F-F_1.28_hgbs-5_as-016-002,hamiltonian_generator/hgbs5_diatomic_basis_transfer/night/F-F/1.28/hgbs-5/F-F_1.28_hgbs-5_as-016-002.tensors.npz,F-F,1.28,hgbs-5,16,2,18,1027,1883,1442,0.7657992565055762,0,signed_parent_blocks_randomized,8,2423266128,"reference signed-fermionic parent-owned Pauli blocks preserved internally and kept contiguous, but whole parent blocks randomly permuted",c47719babd4ef52e,5d8deb0bf6adcbf0,"[1,1,1,1,1,1,1,1,1,1,1,1,1,1,1,1,1,1,1,1,1,1,1,1,1,1,1,1,1,1,1,1,1,1,1,1,1,1,1,1,1,1,1,1,1,1,1,1,1,1,1,1,1,1,1,1,1,1,1,1,1,1,1,1,1,1,1,1,1,1,1,1,1,1,1,1,1,1,1,1,1,1,1,1,1,1,1,1,1,1,1,1,1,1,1,1,1,1,1,1,1,1,1,1,1,1,1,1,1,1,1,1,1,1,1,1,1,1,1,1,1,1,1,1,1,1,1,1,1,1,2,2,1,1,1,1,1,1,1,1,2,4,4,4,4,6,6,4,4,4,4,4,4,4,4,4,4,6,6,6,6,1,1,1,1,1,1,2,1,1,4,4,1,1,1,1,1,1,1,1,1,1,1,1,1,1,1,1,1,1,1,1,1,1,1,1,4,4,4,4,4,4,4,1,4,4,4,4,4,4,4,4,4,4,4,4,4,4,4,4,2,2,2,2,2,2,2,2,4,2,2,2,2,4,4,4,6,6,2,2,2,2,4,4,4,4,4,4,2,2,2,2,4,4,6,6,6,6,2,2,4,4,4,4,4,4,4,4,4,4,4,4,4,4,4,4,4,4,4,4,4,4,4,4,4,4,4,4,4,4,4,4,4,4,4,2,4,4,2,4,4,2,2,2,2,6,6,4,6,6,4,4,4,4,2,2,2,2,4,4,4,4,4,4,6,6,6,6,4,4,2,2,2,2,2,2,2,2,2,2,2,2,6,6,4,4,2,2,4,4,2,4,2,2,2,2,4,4,2,2,2,2,4,4,2,2,4,4,4,4,4,4,2,2,4,4,4,4,4,4,6,6,6,6,4,4,4,4,4,4,4,4,6,6,6,6,4,4,4,4,4,4,4,4,4,4,4,4,4,4,4,4,4,4,4,4,4,4,6,6,6,6,4,4,4,4,6,6,2,4,2,2,4,4,6,6,4,4,4,4,2,2,2,2,2,2,2,2,4,4,4,4,4,4,4,4,2,2,4,4,4,4,2,2,4,4,4,6,6,6,6,4,4,4,4,4,4,4,4,4,4,4,4,4,4,2,2,2,2,2,2,4,4,4,4,4,4,4,4,4,6,6,4,4,2,2,2,2,2,2,2,2,2,2,4,4,2,2,2,2,4,4,4,4,4,2,2,4,4,4,4,4,2,2,4,4,4,4,6,6,4,4,4,4,4,4,4,4,4,4,4,4,2,2,6,6,6,6,2,2,6,6,4,4,4,4,4,4,4,4,4,2,4,4,4,4,4,4,4,4,4,4,4,4,2,2,2,2,2,2,2,2,2,2,2,2,2,2,2,4,4,6,6,6,6,4,4,4,4,4,4,2,2,2,2,4,4,4,4,2,2,2,2,2,2,2,2,2,2,2,2,4,4,4,4,2,4,4,4,4,2]",1.0,1.0,1.0,1.0,1.0,0.5167878158532364,0.5422087967454274,0.5422087967454274,0.2195715809668769,23.542286286842987,514.9057734346134,0.0004264306059383,23.54228628684299,0.0,0.2195715809668769,0.0,0.0,0.0,0.0010978579048343,100,0.01,1.0,188300,81,0.1823779590004051,0.0014590410000892,33.81361399999969,0.9999994901998936,5.098001064629543e-07,6870.684961575753,1.0195999530226985e-06,6870.683210190206,0.1313197488883311,0.0010097525503438,5.179190409876355e-13,5.179190409876355e-13,1e-12,analysis/fermionic_structure_ablation_hgbs5.csv,7.419931336016816e-11,554.2392436116754,6870.684961575753
success,,F-F_1.28_hgbs-5_as-016-002,hamiltonian_generator/hgbs5_diatomic_basis_transfer/night/F-F/1.28/hgbs-5/F-F_1.28_hgbs-5_as-016-002.tensors.npz,F-F,1.28,hgbs-5,16,2,18,1027,1883,1442,0.7657992565055762,0,signed_parent_blocks_randomized,9,3505764398,"reference signed-fermionic parent-owned Pauli blocks preserved internally and kept contiguous, but whole parent blocks randomly permuted",9172bed273bb8be7,9afa91bcca840946,"[1,1,1,1,1,1,1,1,1,1,1,1,1,1,1,1,1,1,1,1,1,1,1,1,1,1,1,1,1,1,1,1,1,1,1,1,1,1,1,1,1,1,1,1,1,1,1,1,1,1,1,1,1,1,1,1,1,1,1,1,1,1,1,1,1,1,1,1,1,1,1,1,1,1,1,1,1,1,1,1,1,1,1,1,1,1,1,1,1,1,1,1,1,1,1,1,1,1,1,1,1,1,1,1,1,1,1,1,1,1,1,1,1,1,1,1,1,1,1,1,1,1,1,1,1,1,1,1,1,1,2,2,1,1,1,1,1,1,1,1,2,4,4,4,4,6,6,4,4,4,4,4,4,4,4,4,4,6,6,6,6,1,1,1,1,1,1,2,1,1,4,4,1,1,1,1,1,1,1,1,1,1,1,1,1,1,1,1,1,1,1,1,1,1,1,1,4,4,4,4,4,4,4,1,4,4,4,4,4,4,4,4,4,4,4,4,4,4,4,4,2,2,2,2,2,2,2,2,4,2,2,2,2,4,4,4,6,6,2,2,2,2,4,4,4,4,4,4,2,2,2,2,4,4,6,6,6,6,2,2,4,4,4,4,4,4,4,4,4,4,4,4,4,4,4,4,4,4,4,4,4,4,4,4,4,4,4,4,4,4,4,4,4,4,4,2,4,4,2,4,4,2,2,2,2,6,6,4,6,6,4,4,4,4,2,2,2,2,4,4,4,4,4,4,6,6,6,6,4,4,2,2,2,2,2,2,2,2,2,2,2,2,6,6,4,4,2,2,4,4,2,4,2,2,2,2,4,4,2,2,2,2,4,4,2,2,4,4,4,4,4,4,2,2,4,4,4,4,4,4,6,6,6,6,4,4,4,4,4,4,4,4,6,6,6,6,4,4,4,4,4,4,4,4,4,4,4,4,4,4,4,4,4,4,4,4,4,4,6,6,6,6,4,4,4,4,6,6,2,4,2,2,4,4,6,6,4,4,4,4,2,2,2,2,2,2,2,2,4,4,4,4,4,4,4,4,2,2,4,4,4,4,2,2,4,4,4,6,6,6,6,4,4,4,4,4,4,4,4,4,4,4,4,4,4,2,2,2,2,2,2,4,4,4,4,4,4,4,4,4,6,6,4,4,2,2,2,2,2,2,2,2,2,2,4,4,2,2,2,2,4,4,4,4,4,2,2,4,4,4,4,4,2,2,4,4,4,4,6,6,4,4,4,4,4,4,4,4,4,4,4,4,2,2,6,6,6,6,2,2,6,6,4,4,4,4,4,4,4,4,4,2,4,4,4,4,4,4,4,4,4,4,4,4,2,2,2,2,2,2,2,2,2,2,2,2,2,2,2,4,4,6,6,6,6,4,4,4,4,4,4,2,2,2,2,4,4,4,4,2,2,2,2,2,2,2,2,2,2,2,2,4,4,4,4,2,4,4,4,4,2]",1.0,1.0,1.0,1.0,1.0,0.4932754990192685,0.4440097118619068,0.4440097118619068,0.3258715478280727,34.939682257251874,514.9057734346134,0.0006328760807135,34.939682257251874,0.0,0.3258715478280727,0.0,0.0,0.0,0.0016293577391403,100,0.01,1.0,188300,81,0.1823779590004051,0.0014590410000892,34.24290070799998,0.9999991450731353,8.549268648572195e-07,11522.032026190733,1.7098529988546218e-06,11522.027101213776,0.1313229833763475,0.0013076137540246,6.333822355486518e-13,6.336042801535768e-13,1e-12,analysis/fermionic_structure_ablation_hgbs5.csv,7.419931336016816e-11,1220.7813962377215,11522.032026190733
success,,F-F_1.28_hgbs-5_as-016-002,hamiltonian_generator/hgbs5_diatomic_basis_transfer/night/F-F/1.28/hgbs-5/F-F_1.28_hgbs-5_as-016-002.tensors.npz,F-F,1.28,hgbs-5,16,2,18,1027,1883,1442,0.7657992565055762,0,signed_parent_blocks_randomized,10,2849583797,"reference signed-fermionic parent-owned Pauli blocks preserved internally and kept contiguous, but whole parent blocks randomly permuted",7ae47d694024a49a,2802fbca12d8f7ea,"[1,1,1,1,1,1,1,1,1,1,1,1,1,1,1,1,1,1,1,1,1,1,1,1,1,1,1,1,1,1,1,1,1,1,1,1,1,1,1,1,1,1,1,1,1,1,1,1,1,1,1,1,1,1,1,1,1,1,1,1,1,1,1,1,1,1,1,1,1,1,1,1,1,1,1,1,1,1,1,1,1,1,1,1,1,1,1,1,1,1,1,1,1,1,1,1,1,1,1,1,1,1,1,1,1,1,1,1,1,1,1,1,1,1,1,1,1,1,1,1,1,1,1,1,1,1,1,1,1,1,2,2,1,1,1,1,1,1,1,1,2,4,4,4,4,6,6,4,4,4,4,4,4,4,4,4,4,6,6,6,6,1,1,1,1,1,1,2,1,1,4,4,1,1,1,1,1,1,1,1,1,1,1,1,1,1,1,1,1,1,1,1,1,1,1,1,4,4,4,4,4,4,4,1,4,4,4,4,4,4,4,4,4,4,4,4,4,4,4,4,2,2,2,2,2,2,2,2,4,2,2,2,2,4,4,4,6,6,2,2,2,2,4,4,4,4,4,4,2,2,2,2,4,4,6,6,6,6,2,2,4,4,4,4,4,4,4,4,4,4,4,4,4,4,4,4,4,4,4,4,4,4,4,4,4,4,4,4,4,4,4,4,4,4,4,2,4,4,2,4,4,2,2,2,2,6,6,4,6,6,4,4,4,4,2,2,2,2,4,4,4,4,4,4,6,6,6,6,4,4,2,2,2,2,2,2,2,2,2,2,2,2,6,6,4,4,2,2,4,4,2,4,2,2,2,2,4,4,2,2,2,2,4,4,2,2,4,4,4,4,4,4,2,2,4,4,4,4,4,4,6,6,6,6,4,4,4,4,4,4,4,4,6,6,6,6,4,4,4,4,4,4,4,4,4,4,4,4,4,4,4,4,4,4,4,4,4,4,6,6,6,6,4,4,4,4,6,6,2,4,2,2,4,4,6,6,4,4,4,4,2,2,2,2,2,2,2,2,4,4,4,4,4,4,4,4,2,2,4,4,4,4,2,2,4,4,4,6,6,6,6,4,4,4,4,4,4,4,4,4,4,4,4,4,4,2,2,2,2,2,2,4,4,4,4,4,4,4,4,4,6,6,4,4,2,2,2,2,2,2,2,2,2,2,4,4,2,2,2,2,4,4,4,4,4,2,2,4,4,4,4,4,2,2,4,4,4,4,6,6,4,4,4,4,4,4,4,4,4,4,4,4,2,2,6,6,6,6,2,2,6,6,4,4,4,4,4,4,4,4,4,2,4,4,4,4,4,4,4,4,4,4,4,4,2,2,2,2,2,2,2,2,2,2,2,2,2,2,2,4,4,6,6,6,6,4,4,4,4,4,4,2,2,2,2,4,4,4,4,2,2,2,2,2,2,2,2,2,2,2,2,4,4,4,4,2,4,4,4,4,2]",1.0,1.0,1.0,1.0,1.0,0.4817230587285104,0.4582199180869002,0.4582199180869002,0.4689048751783824,50.27559925622221,514.9057734346134,0.00091066152172,50.275599256222215,0.0,0.4689048751783824,0.0,0.0,0.0,0.0023445243758919,100,0.01,1.0,188300,81,0.1823779590004051,0.0014590410000892,34.71231358299974,0.9999976692538792,2.3307461206600877e-06,31411.963468536407,4.6614868088878936e-06,31411.92686151111,0.1313340172469568,0.0021590489205481,5.909717160079708e-13,5.909717160079708e-13,1e-12,analysis/fermionic_structure_ablation_hgbs5.csv,7.419931336016816e-11,2527.635880572251,31411.963468536407
success,,F-F_1.28_hgbs-5_as-016-002,hamiltonian_generator/hgbs5_diatomic_basis_transfer/night/F-F/1.28/hgbs-5/F-F_1.28_hgbs-5_as-016-002.tensors.npz,F-F,1.28,hgbs-5,16,2,18,1027,1883,1442,0.7657992565055762,0,signed_parent_blocks_randomized,11,2893532236,"reference signed-fermionic parent-owned Pauli blocks preserved internally and kept contiguous, but whole parent blocks randomly permuted",f7c6682844e9bfdd,d467c1e8ef8a984d,"[1,1,1,1,1,1,1,1,1,1,1,1,1,1,1,1,1,1,1,1,1,1,1,1,1,1,1,1,1,1,1,1,1,1,1,1,1,1,1,1,1,1,1,1,1,1,1,1,1,1,1,1,1,1,1,1,1,1,1,1,1,1,1,1,1,1,1,1,1,1,1,1,1,1,1,1,1,1,1,1,1,1,1,1,1,1,1,1,1,1,1,1,1,1,1,1,1,1,1,1,1,1,1,1,1,1,1,1,1,1,1,1,1,1,1,1,1,1,1,1,1,1,1,1,1,1,1,1,1,1,2,2,1,1,1,1,1,1,1,1,2,4,4,4,4,6,6,4,4,4,4,4,4,4,4,4,4,6,6,6,6,1,1,1,1,1,1,2,1,1,4,4,1,1,1,1,1,1,1,1,1,1,1,1,1,1,1,1,1,1,1,1,1,1,1,1,4,4,4,4,4,4,4,1,4,4,4,4,4,4,4,4,4,4,4,4,4,4,4,4,2,2,2,2,2,2,2,2,4,2,2,2,2,4,4,4,6,6,2,2,2,2,4,4,4,4,4,4,2,2,2,2,4,4,6,6,6,6,2,2,4,4,4,4,4,4,4,4,4,4,4,4,4,4,4,4,4,4,4,4,4,4,4,4,4,4,4,4,4,4,4,4,4,4,4,2,4,4,2,4,4,2,2,2,2,6,6,4,6,6,4,4,4,4,2,2,2,2,4,4,4,4,4,4,6,6,6,6,4,4,2,2,2,2,2,2,2,2,2,2,2,2,6,6,4,4,2,2,4,4,2,4,2,2,2,2,4,4,2,2,2,2,4,4,2,2,4,4,4,4,4,4,2,2,4,4,4,4,4,4,6,6,6,6,4,4,4,4,4,4,4,4,6,6,6,6,4,4,4,4,4,4,4,4,4,4,4,4,4,4,4,4,4,4,4,4,4,4,6,6,6,6,4,4,4,4,6,6,2,4,2,2,4,4,6,6,4,4,4,4,2,2,2,2,2,2,2,2,4,4,4,4,4,4,4,4,2,2,4,4,4,4,2,2,4,4,4,6,6,6,6,4,4,4,4,4,4,4,4,4,4,4,4,4,4,2,2,2,2,2,2,4,4,4,4,4,4,4,4,4,6,6,4,4,2,2,2,2,2,2,2,2,2,2,4,4,2,2,2,2,4,4,4,4,4,2,2,4,4,4,4,4,2,2,4,4,4,4,6,6,4,4,4,4,4,4,4,4,4,4,4,4,2,2,6,6,6,6,2,2,6,6,4,4,4,4,4,4,4,4,4,2,4,4,4,4,4,4,4,4,4,4,4,4,2,2,2,2,2,2,2,2,2,2,2,2,2,2,2,4,4,6,6,6,6,4,4,4,4,4,4,2,2,2,2,4,4,4,4,2,2,2,2,2,2,2,2,2,2,2,2,4,4,4,4,2,4,4,4,4,2]",1.0,1.0,1.0,1.0,1.0,0.4963258624668282,0.512335440480574,0.512335440480574,0.462498465061167,49.58870917515491,514.9057734346134,0.0008982196140006,49.58870917515491,0.0,0.462498465061167,0.0,0.0,0.0,0.0023124923253058,100,0.01,1.0,188300,81,0.1823779590004051,0.0014590410000892,34.803256082999724,0.9999989159819122,1.0840180878490813e-06,14609.543387378651,2.1680350006381133e-06,14609.535469110975,0.1313240855383093,0.0014724252699876,7.086553566182374e-13,7.086553566182374e-13,1e-12,analysis/fermionic_structure_ablation_hgbs5.csv,7.419931336016816e-11,2459.0400776580927,14609.543387378653
success,,F-F_1.28_hgbs-5_as-016-002,hamiltonian_generator/hgbs5_diatomic_basis_transfer/night/F-F/1.28/hgbs-5/F-F_1.28_hgbs-5_as-016-002.tensors.npz,F-F,1.28,hgbs-5,16,2,18,1027,1883,1442,0.7657992565055762,0,signed_parent_blocks_randomized,12,2736461538,"reference signed-fermionic parent-owned Pauli blocks preserved internally and kept contiguous, but whole parent blocks randomly permuted",8e78cc235967762c,90ae1e8fac24be76,"[1,1,1,1,1,1,1,1,1,1,1,1,1,1,1,1,1,1,1,1,1,1,1,1,1,1,1,1,1,1,1,1,1,1,1,1,1,1,1,1,1,1,1,1,1,1,1,1,1,1,1,1,1,1,1,1,1,1,1,1,1,1,1,1,1,1,1,1,1,1,1,1,1,1,1,1,1,1,1,1,1,1,1,1,1,1,1,1,1,1,1,1,1,1,1,1,1,1,1,1,1,1,1,1,1,1,1,1,1,1,1,1,1,1,1,1,1,1,1,1,1,1,1,1,1,1,1,1,1,1,2,2,1,1,1,1,1,1,1,1,2,4,4,4,4,6,6,4,4,4,4,4,4,4,4,4,4,6,6,6,6,1,1,1,1,1,1,2,1,1,4,4,1,1,1,1,1,1,1,1,1,1,1,1,1,1,1,1,1,1,1,1,1,1,1,1,4,4,4,4,4,4,4,1,4,4,4,4,4,4,4,4,4,4,4,4,4,4,4,4,2,2,2,2,2,2,2,2,4,2,2,2,2,4,4,4,6,6,2,2,2,2,4,4,4,4,4,4,2,2,2,2,4,4,6,6,6,6,2,2,4,4,4,4,4,4,4,4,4,4,4,4,4,4,4,4,4,4,4,4,4,4,4,4,4,4,4,4,4,4,4,4,4,4,4,2,4,4,2,4,4,2,2,2,2,6,6,4,6,6,4,4,4,4,2,2,2,2,4,4,4,4,4,4,6,6,6,6,4,4,2,2,2,2,2,2,2,2,2,2,2,2,6,6,4,4,2,2,4,4,2,4,2,2,2,2,4,4,2,2,2,2,4,4,2,2,4,4,4,4,4,4,2,2,4,4,4,4,4,4,6,6,6,6,4,4,4,4,4,4,4,4,6,6,6,6,4,4,4,4,4,4,4,4,4,4,4,4,4,4,4,4,4,4,4,4,4,4,6,6,6,6,4,4,4,4,6,6,2,4,2,2,4,4,6,6,4,4,4,4,2,2,2,2,2,2,2,2,4,4,4,4,4,4,4,4,2,2,4,4,4,4,2,2,4,4,4,6,6,6,6,4,4,4,4,4,4,4,4,4,4,4,4,4,4,2,2,2,2,2,2,4,4,4,4,4,4,4,4,4,6,6,4,4,2,2,2,2,2,2,2,2,2,2,4,4,2,2,2,2,4,4,4,4,4,2,2,4,4,4,4,4,2,2,4,4,4,4,6,6,4,4,4,4,4,4,4,4,4,4,4,4,2,2,6,6,6,6,2,2,6,6,4,4,4,4,4,4,4,4,4,2,4,4,4,4,4,4,4,4,4,4,4,4,2,2,2,2,2,2,2,2,2,2,2,2,2,2,2,4,4,6,6,6,6,4,4,4,4,4,4,2,2,2,2,4,4,4,4,2,2,2,2,2,2,2,2,2,2,2,2,4,4,4,4,2,4,4,4,4,2]",1.0,1.0,1.0,1.0,1.0,0.5059024172147225,0.5299927965613564,0.5299927965613564,0.5547661317107951,59.48157333234391,514.9057734346134,0.0010774129177272,59.48157333234393,0.0,0.5547661317107951,0.0,0.0,0.0,0.0027738306585539,100,0.01,1.0,188300,81,0.1823779590004051,0.0014590410000892,34.56780145900029,0.9999989969930524,1.0030069474975534e-06,13517.73893956261,2.006012889022024e-06,13517.732160705522,0.1313244460552002,0.0014163381993701,6.509237593377293e-13,6.509237593377293e-13,1e-12,analysis/fermionic_structure_ablation_hgbs5.csv,7.419931336016816e-11,3538.0575660910067,13517.73893956261
success,,F-F_1.28_hgbs-5_as-016-002,hamiltonian_generator/hgbs5_diatomic_basis_transfer/night/F-F/1.28/hgbs-5/F-F_1.28_hgbs-5_as-016-002.tensors.npz,F-F,1.28,hgbs-5,16,2,18,1027,1883,1442,0.7657992565055762,0,signed_parent_blocks_randomized,13,265278903,"reference signed-fermionic parent-owned Pauli blocks preserved internally and kept contiguous, but whole parent blocks randomly permuted",906a8dee2de8c357,cfd9c00d1bdfbb7d,"[1,1,1,1,1,1,1,1,1,1,1,1,1,1,1,1,1,1,1,1,1,1,1,1,1,1,1,1,1,1,1,1,1,1,1,1,1,1,1,1,1,1,1,1,1,1,1,1,1,1,1,1,1,1,1,1,1,1,1,1,1,1,1,1,1,1,1,1,1,1,1,1,1,1,1,1,1,1,1,1,1,1,1,1,1,1,1,1,1,1,1,1,1,1,1,1,1,1,1,1,1,1,1,1,1,1,1,1,1,1,1,1,1,1,1,1,1,1,1,1,1,1,1,1,1,1,1,1,1,1,2,2,1,1,1,1,1,1,1,1,2,4,4,4,4,6,6,4,4,4,4,4,4,4,4,4,4,6,6,6,6,1,1,1,1,1,1,2,1,1,4,4,1,1,1,1,1,1,1,1,1,1,1,1,1,1,1,1,1,1,1,1,1,1,1,1,4,4,4,4,4,4,4,1,4,4,4,4,4,4,4,4,4,4,4,4,4,4,4,4,2,2,2,2,2,2,2,2,4,2,2,2,2,4,4,4,6,6,2,2,2,2,4,4,4,4,4,4,2,2,2,2,4,4,6,6,6,6,2,2,4,4,4,4,4,4,4,4,4,4,4,4,4,4,4,4,4,4,4,4,4,4,4,4,4,4,4,4,4,4,4,4,4,4,4,2,4,4,2,4,4,2,2,2,2,6,6,4,6,6,4,4,4,4,2,2,2,2,4,4,4,4,4,4,6,6,6,6,4,4,2,2,2,2,2,2,2,2,2,2,2,2,6,6,4,4,2,2,4,4,2,4,2,2,2,2,4,4,2,2,2,2,4,4,2,2,4,4,4,4,4,4,2,2,4,4,4,4,4,4,6,6,6,6,4,4,4,4,4,4,4,4,6,6,6,6,4,4,4,4,4,4,4,4,4,4,4,4,4,4,4,4,4,4,4,4,4,4,6,6,6,6,4,4,4,4,6,6,2,4,2,2,4,4,6,6,4,4,4,4,2,2,2,2,2,2,2,2,4,4,4,4,4,4,4,4,2,2,4,4,4,4,2,2,4,4,4,6,6,6,6,4,4,4,4,4,4,4,4,4,4,4,4,4,4,2,2,2,2,2,2,4,4,4,4,4,4,4,4,4,6,6,4,4,2,2,2,2,2,2,2,2,2,2,4,4,2,2,2,2,4,4,4,4,4,2,2,4,4,4,4,4,2,2,4,4,4,4,6,6,4,4,4,4,4,4,4,4,4,4,4,4,2,2,6,6,6,6,2,2,6,6,4,4,4,4,4,4,4,4,4,2,4,4,4,4,4,4,4,4,4,4,4,4,2,2,2,2,2,2,2,2,2,2,2,2,2,2,2,4,4,6,6,6,6,4,4,4,4,4,4,2,2,2,2,4,4,4,4,2,2,2,2,2,2,2,2,2,2,2,2,4,4,4,4,2,4,4,4,4,2]",1.0,1.0,1.0,1.0,1.0,0.4915700357678551,0.5159936492440339,0.5159936492440339,0.197153656707401,21.138654685023987,514.9057734346134,0.0003828926900397,21.13865468502399,0.0,0.197153656707401,0.0,0.0,0.0,0.000985768283537,100,0.01,1.0,188300,81,0.1823779590004051,0.0014590410000892,33.77266191600029,0.9999996649038608,3.3509613917015457e-07,4516.162266132797,6.701921660967614e-07,4516.161509767659,0.1313185477275933,0.0008186527214517,5.185851748024106e-13,5.188072194073358e-13,1e-12,analysis/fermionic_structure_ablation_hgbs5.csv,7.419931336016816e-11,446.84272189268654,4516.162266132797
success,,F-F_1.28_hgbs-5_as-016-002,hamiltonian_generator/hgbs5_diatomic_basis_transfer/night/F-F/1.28/hgbs-5/F-F_1.28_hgbs-5_as-016-002.tensors.npz,F-F,1.28,hgbs-5,16,2,18,1027,1883,1442,0.7657992565055762,0,signed_parent_blocks_randomized,14,1107828753,"reference signed-fermionic parent-owned Pauli blocks preserved internally and kept contiguous, but whole parent blocks randomly permuted",6dfbe4853685af90,d7e87de22110d759,"[1,1,1,1,1,1,1,1,1,1,1,1,1,1,1,1,1,1,1,1,1,1,1,1,1,1,1,1,1,1,1,1,1,1,1,1,1,1,1,1,1,1,1,1,1,1,1,1,1,1,1,1,1,1,1,1,1,1,1,1,1,1,1,1,1,1,1,1,1,1,1,1,1,1,1,1,1,1,1,1,1,1,1,1,1,1,1,1,1,1,1,1,1,1,1,1,1,1,1,1,1,1,1,1,1,1,1,1,1,1,1,1,1,1,1,1,1,1,1,1,1,1,1,1,1,1,1,1,1,1,2,2,1,1,1,1,1,1,1,1,2,4,4,4,4,6,6,4,4,4,4,4,4,4,4,4,4,6,6,6,6,1,1,1,1,1,1,2,1,1,4,4,1,1,1,1,1,1,1,1,1,1,1,1,1,1,1,1,1,1,1,1,1,1,1,1,4,4,4,4,4,4,4,1,4,4,4,4,4,4,4,4,4,4,4,4,4,4,4,4,2,2,2,2,2,2,2,2,4,2,2,2,2,4,4,4,6,6,2,2,2,2,4,4,4,4,4,4,2,2,2,2,4,4,6,6,6,6,2,2,4,4,4,4,4,4,4,4,4,4,4,4,4,4,4,4,4,4,4,4,4,4,4,4,4,4,4,4,4,4,4,4,4,4,4,2,4,4,2,4,4,2,2,2,2,6,6,4,6,6,4,4,4,4,2,2,2,2,4,4,4,4,4,4,6,6,6,6,4,4,2,2,2,2,2,2,2,2,2,2,2,2,6,6,4,4,2,2,4,4,2,4,2,2,2,2,4,4,2,2,2,2,4,4,2,2,4,4,4,4,4,4,2,2,4,4,4,4,4,4,6,6,6,6,4,4,4,4,4,4,4,4,6,6,6,6,4,4,4,4,4,4,4,4,4,4,4,4,4,4,4,4,4,4,4,4,4,4,6,6,6,6,4,4,4,4,6,6,2,4,2,2,4,4,6,6,4,4,4,4,2,2,2,2,2,2,2,2,4,4,4,4,4,4,4,4,2,2,4,4,4,4,2,2,4,4,4,6,6,6,6,4,4,4,4,4,4,4,4,4,4,4,4,4,4,2,2,2,2,2,2,4,4,4,4,4,4,4,4,4,6,6,4,4,2,2,2,2,2,2,2,2,2,2,4,4,2,2,2,2,4,4,4,4,4,2,2,4,4,4,4,4,2,2,4,4,4,4,6,6,4,4,4,4,4,4,4,4,4,4,4,4,2,2,6,6,6,6,2,2,6,6,4,4,4,4,4,4,4,4,4,2,4,4,4,4,4,4,4,4,4,4,4,4,2,2,2,2,2,2,2,2,2,2,2,2,2,2,2,4,4,6,6,6,6,4,4,4,4,4,4,2,2,2,2,4,4,4,4,2,2,2,2,2,2,2,2,2,2,2,2,4,4,4,4,2,4,4,4,4,2]",1.0,1.0,1.0,1.0,1.0,0.5002523941386869,0.4984352953968546,0.4984352953968546,0.4600534253851228,49.32655401016202,514.9057734346134,0.0008934710953353,49.32655401016202,0.0,0.4600534253851228,0.0,0.0,0.0,0.0023002671269256,100,0.01,1.0,188300,81,0.1823779590004051,0.0014590410000892,34.21720499999992,0.9999990618319772,9.381680227127376e-07,12643.890896386203,1.8763351652406612e-06,12643.884965166804,0.1313243395350268,0.0013697941616992,6.340483693634269e-13,6.342704139683519e-13,1e-12,analysis/fermionic_structure_ablation_hgbs5.csv,7.419931336016816e-11,2433.108930517431,12643.890896386205
success,,F-F_1.28_hgbs-5_as-016-002,hamiltonian_generator/hgbs5_diatomic_basis_transfer/night/F-F/1.28/hgbs-5/F-F_1.28_hgbs-5_as-016-002.tensors.npz,F-F,1.28,hgbs-5,16,2,18,1027,1883,1442,0.7657992565055762,0,signed_parent_blocks_randomized,15,3728338163,"reference signed-fermionic parent-owned Pauli blocks preserved internally and kept contiguous, but whole parent blocks randomly permuted",e42714b5a1a2ef8e,67c9e1c5c41a09af,"[1,1,1,1,1,1,1,1,1,1,1,1,1,1,1,1,1,1,1,1,1,1,1,1,1,1,1,1,1,1,1,1,1,1,1,1,1,1,1,1,1,1,1,1,1,1,1,1,1,1,1,1,1,1,1,1,1,1,1,1,1,1,1,1,1,1,1,1,1,1,1,1,1,1,1,1,1,1,1,1,1,1,1,1,1,1,1,1,1,1,1,1,1,1,1,1,1,1,1,1,1,1,1,1,1,1,1,1,1,1,1,1,1,1,1,1,1,1,1,1,1,1,1,1,1,1,1,1,1,1,2,2,1,1,1,1,1,1,1,1,2,4,4,4,4,6,6,4,4,4,4,4,4,4,4,4,4,6,6,6,6,1,1,1,1,1,1,2,1,1,4,4,1,1,1,1,1,1,1,1,1,1,1,1,1,1,1,1,1,1,1,1,1,1,1,1,4,4,4,4,4,4,4,1,4,4,4,4,4,4,4,4,4,4,4,4,4,4,4,4,2,2,2,2,2,2,2,2,4,2,2,2,2,4,4,4,6,6,2,2,2,2,4,4,4,4,4,4,2,2,2,2,4,4,6,6,6,6,2,2,4,4,4,4,4,4,4,4,4,4,4,4,4,4,4,4,4,4,4,4,4,4,4,4,4,4,4,4,4,4,4,4,4,4,4,2,4,4,2,4,4,2,2,2,2,6,6,4,6,6,4,4,4,4,2,2,2,2,4,4,4,4,4,4,6,6,6,6,4,4,2,2,2,2,2,2,2,2,2,2,2,2,6,6,4,4,2,2,4,4,2,4,2,2,2,2,4,4,2,2,2,2,4,4,2,2,4,4,4,4,4,4,2,2,4,4,4,4,4,4,6,6,6,6,4,4,4,4,4,4,4,4,6,6,6,6,4,4,4,4,4,4,4,4,4,4,4,4,4,4,4,4,4,4,4,4,4,4,6,6,6,6,4,4,4,4,6,6,2,4,2,2,4,4,6,6,4,4,4,4,2,2,2,2,2,2,2,2,4,4,4,4,4,4,4,4,2,2,4,4,4,4,2,2,4,4,4,6,6,6,6,4,4,4,4,4,4,4,4,4,4,4,4,4,4,2,2,2,2,2,2,4,4,4,4,4,4,4,4,4,6,6,4,4,2,2,2,2,2,2,2,2,2,2,4,4,2,2,2,2,4,4,4,4,4,2,2,4,4,4,4,4,2,2,4,4,4,4,6,6,4,4,4,4,4,4,4,4,4,4,4,4,2,2,6,6,6,6,2,2,6,6,4,4,4,4,4,4,4,4,4,2,4,4,4,4,4,4,4,4,4,4,4,4,2,2,2,2,2,2,2,2,2,2,2,2,2,2,2,4,4,6,6,6,6,4,4,4,4,4,4,2,2,2,2,4,4,4,4,2,2,2,2,2,2,2,2,2,2,2,2,4,4,4,4,2,4,4,4,4,2]",1.0,1.0,1.0,1.0,1.0,0.5293931002653744,0.4796334508639446,0.4796334508639446,0.3441109227409004,36.89529319742918,514.9057734346134,0.0006682988237742,36.89529319742919,0.0,0.3441109227409004,0.0,0.0,0.0,0.0017205546137045,100,0.01,1.0,188300,81,0.1823779590004051,0.0014590410000892,34.886095750000095,0.9999988135460898,1.1864539102290903e-06,15990.092852611291,2.372906412806408e-06,15990.083366999435,0.1313249654099305,0.0015404245585091,6.544764730165298e-13,6.543654507140674e-13,1e-12,analysis/fermionic_structure_ablation_hgbs5.csv,7.419931336016816e-11,1361.2626601242641,15990.09285261129
success,,F-F_1.28_hgbs-5_as-016-002,hamiltonian_generator/hgbs5_diatomic_basis_transfer/night/F-F/1.28/hgbs-5/F-F_1.28_hgbs-5_as-016-002.tensors.npz,F-F,1.28,hgbs-5,16,2,18,1027,1883,1442,0.7657992565055762,0,signed_parent_blocks_randomized,16,2786038105,"reference signed-fermionic parent-owned Pauli blocks preserved internally and kept contiguous, but whole parent blocks randomly permuted",ad1c3aaca9ed66b6,a29b4df15b0770c5,"[1,1,1,1,1,1,1,1,1,1,1,1,1,1,1,1,1,1,1,1,1,1,1,1,1,1,1,1,1,1,1,1,1,1,1,1,1,1,1,1,1,1,1,1,1,1,1,1,1,1,1,1,1,1,1,1,1,1,1,1,1,1,1,1,1,1,1,1,1,1,1,1,1,1,1,1,1,1,1,1,1,1,1,1,1,1,1,1,1,1,1,1,1,1,1,1,1,1,1,1,1,1,1,1,1,1,1,1,1,1,1,1,1,1,1,1,1,1,1,1,1,1,1,1,1,1,1,1,1,1,2,2,1,1,1,1,1,1,1,1,2,4,4,4,4,6,6,4,4,4,4,4,4,4,4,4,4,6,6,6,6,1,1,1,1,1,1,2,1,1,4,4,1,1,1,1,1,1,1,1,1,1,1,1,1,1,1,1,1,1,1,1,1,1,1,1,4,4,4,4,4,4,4,1,4,4,4,4,4,4,4,4,4,4,4,4,4,4,4,4,2,2,2,2,2,2,2,2,4,2,2,2,2,4,4,4,6,6,2,2,2,2,4,4,4,4,4,4,2,2,2,2,4,4,6,6,6,6,2,2,4,4,4,4,4,4,4,4,4,4,4,4,4,4,4,4,4,4,4,4,4,4,4,4,4,4,4,4,4,4,4,4,4,4,4,2,4,4,2,4,4,2,2,2,2,6,6,4,6,6,4,4,4,4,2,2,2,2,4,4,4,4,4,4,6,6,6,6,4,4,2,2,2,2,2,2,2,2,2,2,2,2,6,6,4,4,2,2,4,4,2,4,2,2,2,2,4,4,2,2,2,2,4,4,2,2,4,4,4,4,4,4,2,2,4,4,4,4,4,4,6,6,6,6,4,4,4,4,4,4,4,4,6,6,6,6,4,4,4,4,4,4,4,4,4,4,4,4,4,4,4,4,4,4,4,4,4,4,6,6,6,6,4,4,4,4,6,6,2,4,2,2,4,4,6,6,4,4,4,4,2,2,2,2,2,2,2,2,4,4,4,4,4,4,4,4,2,2,4,4,4,4,2,2,4,4,4,6,6,6,6,4,4,4,4,4,4,4,4,4,4,4,4,4,4,2,2,2,2,2,2,4,4,4,4,4,4,4,4,4,6,6,4,4,2,2,2,2,2,2,2,2,2,2,4,4,2,2,2,2,4,4,4,4,4,2,2,4,4,4,4,4,2,2,4,4,4,4,6,6,4,4,4,4,4,4,4,4,4,4,4,4,2,2,6,6,6,6,2,2,6,6,4,4,4,4,4,4,4,4,4,2,4,4,4,4,4,4,4,4,4,4,4,4,2,2,2,2,2,2,2,2,2,2,2,2,2,2,2,4,4,6,6,6,6,4,4,4,4,4,4,2,2,2,2,4,4,4,4,2,2,2,2,2,2,2,2,2,2,2,2,4,4,4,4,2,4,4,4,4,2]",1.0,1.0,1.0,1.0,1.0,0.4844885773624091,0.5976250096713478,0.5976250096713478,0.5026408294452253,53.8927408280619,514.9057734346134,0.0009761802166101,53.89274082806191,0.0,0.5026408294452253,0.0,0.0,0.0,0.0025132041472261,100,0.01,1.0,188300,81,0.1823779590004051,0.0014590410000892,34.3527811670001,0.9999990253846512,9.746153487588671e-07,13135.099297051747,1.9492297476109144e-06,13135.09289600316,0.1313231310817313,0.0013961485227287,6.058487045379479e-13,6.058487045379479e-13,1e-12,analysis/fermionic_structure_ablation_hgbs5.csv,7.419931336016816e-11,2904.4275139606502,13135.099297051747
success,,F-F_1.28_hgbs-5_as-016-002,hamiltonian_generator/hgbs5_diatomic_basis_transfer/night/F-F/1.28/hgbs-5/F-F_1.28_hgbs-5_as-016-002.tensors.npz,F-F,1.28,hgbs-5,16,2,18,1027,1883,1442,0.7657992565055762,0,signed_parent_blocks_randomized,17,1835407042,"reference signed-fermionic parent-owned Pauli blocks preserved internally and kept contiguous, but whole parent blocks randomly permuted",d5740da3ccbde952,03c40643eb4753e4,"[1,1,1,1,1,1,1,1,1,1,1,1,1,1,1,1,1,1,1,1,1,1,1,1,1,1,1,1,1,1,1,1,1,1,1,1,1,1,1,1,1,1,1,1,1,1,1,1,1,1,1,1,1,1,1,1,1,1,1,1,1,1,1,1,1,1,1,1,1,1,1,1,1,1,1,1,1,1,1,1,1,1,1,1,1,1,1,1,1,1,1,1,1,1,1,1,1,1,1,1,1,1,1,1,1,1,1,1,1,1,1,1,1,1,1,1,1,1,1,1,1,1,1,1,1,1,1,1,1,1,2,2,1,1,1,1,1,1,1,1,2,4,4,4,4,6,6,4,4,4,4,4,4,4,4,4,4,6,6,6,6,1,1,1,1,1,1,2,1,1,4,4,1,1,1,1,1,1,1,1,1,1,1,1,1,1,1,1,1,1,1,1,1,1,1,1,4,4,4,4,4,4,4,1,4,4,4,4,4,4,4,4,4,4,4,4,4,4,4,4,2,2,2,2,2,2,2,2,4,2,2,2,2,4,4,4,6,6,2,2,2,2,4,4,4,4,4,4,2,2,2,2,4,4,6,6,6,6,2,2,4,4,4,4,4,4,4,4,4,4,4,4,4,4,4,4,4,4,4,4,4,4,4,4,4,4,4,4,4,4,4,4,4,4,4,2,4,4,2,4,4,2,2,2,2,6,6,4,6,6,4,4,4,4,2,2,2,2,4,4,4,4,4,4,6,6,6,6,4,4,2,2,2,2,2,2,2,2,2,2,2,2,6,6,4,4,2,2,4,4,2,4,2,2,2,2,4,4,2,2,2,2,4,4,2,2,4,4,4,4,4,4,2,2,4,4,4,4,4,4,6,6,6,6,4,4,4,4,4,4,4,4,6,6,6,6,4,4,4,4,4,4,4,4,4,4,4,4,4,4,4,4,4,4,4,4,4,4,6,6,6,6,4,4,4,4,6,6,2,4,2,2,4,4,6,6,4,4,4,4,2,2,2,2,2,2,2,2,4,4,4,4,4,4,4,4,2,2,4,4,4,4,2,2,4,4,4,6,6,6,6,4,4,4,4,4,4,4,4,4,4,4,4,4,4,2,2,2,2,2,2,4,4,4,4,4,4,4,4,4,6,6,4,4,2,2,2,2,2,2,2,2,2,2,4,4,2,2,2,2,4,4,4,4,4,2,2,4,4,4,4,4,2,2,4,4,4,4,6,6,4,4,4,4,4,4,4,4,4,4,4,4,2,2,6,6,6,6,2,2,6,6,4,4,4,4,4,4,4,4,4,2,4,4,4,4,4,4,4,4,4,4,4,4,2,2,2,2,2,2,2,2,2,2,2,2,2,2,2,4,4,6,6,6,6,4,4,4,4,4,4,2,2,2,2,4,4,4,4,2,2,2,2,2,2,2,2,2,2,2,2,4,4,4,4,2,4,4,4,4,2]",1.0,1.0,1.0,1.0,1.0,0.5189944617514711,0.5369333167645114,0.5369333167645114,0.1331658773607906,14.27793703839699,514.9057734346134,0.0002586218376859,14.277937038396992,0.0,0.1331658773607906,0.0,0.0,0.0,0.0006658293868039,100,0.01,1.0,188300,81,0.1823779590004051,0.0014590410000892,33.82249274999958,0.9999999241843116,7.581568839398757e-08,1021.784231694617,1.516313710148154e-07,1021.7841927915634,0.1313167532603784,0.0003893987375274,6.215028491851626e-13,6.213918268827001e-13,1e-12,analysis/fermionic_structure_ablation_hgbs5.csv,7.419931336016816e-11,203.8594860724286,1021.7842316946172
success,,F-F_1.28_hgbs-5_as-016-002,hamiltonian_generator/hgbs5_diatomic_basis_transfer/night/F-F/1.28/hgbs-5/F-F_1.28_hgbs-5_as-016-002.tensors.npz,F-F,1.28,hgbs-5,16,2,18,1027,1883,1442,0.7657992565055762,0,signed_parent_blocks_randomized,18,3099579004,"reference signed-fermionic parent-owned Pauli blocks preserved internally and kept contiguous, but whole parent blocks randomly permuted",cab65048177de869,ecd0f23d93cda53b,"[1,1,1,1,1,1,1,1,1,1,1,1,1,1,1,1,1,1,1,1,1,1,1,1,1,1,1,1,1,1,1,1,1,1,1,1,1,1,1,1,1,1,1,1,1,1,1,1,1,1,1,1,1,1,1,1,1,1,1,1,1,1,1,1,1,1,1,1,1,1,1,1,1,1,1,1,1,1,1,1,1,1,1,1,1,1,1,1,1,1,1,1,1,1,1,1,1,1,1,1,1,1,1,1,1,1,1,1,1,1,1,1,1,1,1,1,1,1,1,1,1,1,1,1,1,1,1,1,1,1,2,2,1,1,1,1,1,1,1,1,2,4,4,4,4,6,6,4,4,4,4,4,4,4,4,4,4,6,6,6,6,1,1,1,1,1,1,2,1,1,4,4,1,1,1,1,1,1,1,1,1,1,1,1,1,1,1,1,1,1,1,1,1,1,1,1,4,4,4,4,4,4,4,1,4,4,4,4,4,4,4,4,4,4,4,4,4,4,4,4,2,2,2,2,2,2,2,2,4,2,2,2,2,4,4,4,6,6,2,2,2,2,4,4,4,4,4,4,2,2,2,2,4,4,6,6,6,6,2,2,4,4,4,4,4,4,4,4,4,4,4,4,4,4,4,4,4,4,4,4,4,4,4,4,4,4,4,4,4,4,4,4,4,4,4,2,4,4,2,4,4,2,2,2,2,6,6,4,6,6,4,4,4,4,2,2,2,2,4,4,4,4,4,4,6,6,6,6,4,4,2,2,2,2,2,2,2,2,2,2,2,2,6,6,4,4,2,2,4,4,2,4,2,2,2,2,4,4,2,2,2,2,4,4,2,2,4,4,4,4,4,4,2,2,4,4,4,4,4,4,6,6,6,6,4,4,4,4,4,4,4,4,6,6,6,6,4,4,4,4,4,4,4,4,4,4,4,4,4,4,4,4,4,4,4,4,4,4,6,6,6,6,4,4,4,4,6,6,2,4,2,2,4,4,6,6,4,4,4,4,2,2,2,2,2,2,2,2,4,4,4,4,4,4,4,4,2,2,4,4,4,4,2,2,4,4,4,6,6,6,6,4,4,4,4,4,4,4,4,4,4,4,4,4,4,2,2,2,2,2,2,4,4,4,4,4,4,4,4,4,6,6,4,4,2,2,2,2,2,2,2,2,2,2,4,4,2,2,2,2,4,4,4,4,4,2,2,4,4,4,4,4,2,2,4,4,4,4,6,6,4,4,4,4,4,4,4,4,4,4,4,4,2,2,6,6,6,6,2,2,6,6,4,4,4,4,4,4,4,4,4,2,4,4,4,4,4,4,4,4,4,4,4,4,2,2,2,2,2,2,2,2,2,2,2,2,2,2,2,4,4,6,6,6,6,4,4,4,4,4,4,2,2,2,2,4,4,4,4,2,2,2,2,2,2,2,2,2,2,2,2,4,4,4,4,2,4,4,4,4,2]",1.0,1.0,1.0,1.0,1.0,0.5036236587054344,0.5529794379485684,0.5529794379485684,0.181352680077428,19.444486825064654,514.9057734346134,0.0003522055673754,19.444486825064654,0.0,0.181352680077428,0.0,0.0,0.0,0.0009067634003871,100,0.01,1.0,188300,81,0.1823779590004051,0.0014590410000892,34.518677208000554,0.9999998071838844,1.9281611562949053e-07,2598.623988520607,3.856321940665097e-07,2598.623737895165,0.1313174182473724,0.0006209929397819,5.399014568752136e-13,5.399014568752136e-13,1e-12,analysis/fermionic_structure_ablation_hgbs5.csv,7.419931336016816e-11,378.08806789011294,2598.623988520607
success,,F-F_1.28_hgbs-5_as-016-002,hamiltonian_generator/hgbs5_diatomic_basis_transfer/night/F-F/1.28/hgbs-5/F-F_1.28_hgbs-5_as-016-002.tensors.npz,F-F,1.28,hgbs-5,16,2,18,1027,1883,1442,0.7657992565055762,0,signed_parent_blocks_randomized,19,1131883812,"reference signed-fermionic parent-owned Pauli blocks preserved internally and kept contiguous, but whole parent blocks randomly permuted",96e23d6148c48c53,c38474c8c99a5909,"[1,1,1,1,1,1,1,1,1,1,1,1,1,1,1,1,1,1,1,1,1,1,1,1,1,1,1,1,1,1,1,1,1,1,1,1,1,1,1,1,1,1,1,1,1,1,1,1,1,1,1,1,1,1,1,1,1,1,1,1,1,1,1,1,1,1,1,1,1,1,1,1,1,1,1,1,1,1,1,1,1,1,1,1,1,1,1,1,1,1,1,1,1,1,1,1,1,1,1,1,1,1,1,1,1,1,1,1,1,1,1,1,1,1,1,1,1,1,1,1,1,1,1,1,1,1,1,1,1,1,2,2,1,1,1,1,1,1,1,1,2,4,4,4,4,6,6,4,4,4,4,4,4,4,4,4,4,6,6,6,6,1,1,1,1,1,1,2,1,1,4,4,1,1,1,1,1,1,1,1,1,1,1,1,1,1,1,1,1,1,1,1,1,1,1,1,4,4,4,4,4,4,4,1,4,4,4,4,4,4,4,4,4,4,4,4,4,4,4,4,2,2,2,2,2,2,2,2,4,2,2,2,2,4,4,4,6,6,2,2,2,2,4,4,4,4,4,4,2,2,2,2,4,4,6,6,6,6,2,2,4,4,4,4,4,4,4,4,4,4,4,4,4,4,4,4,4,4,4,4,4,4,4,4,4,4,4,4,4,4,4,4,4,4,4,2,4,4,2,4,4,2,2,2,2,6,6,4,6,6,4,4,4,4,2,2,2,2,4,4,4,4,4,4,6,6,6,6,4,4,2,2,2,2,2,2,2,2,2,2,2,2,6,6,4,4,2,2,4,4,2,4,2,2,2,2,4,4,2,2,2,2,4,4,2,2,4,4,4,4,4,4,2,2,4,4,4,4,4,4,6,6,6,6,4,4,4,4,4,4,4,4,6,6,6,6,4,4,4,4,4,4,4,4,4,4,4,4,4,4,4,4,4,4,4,4,4,4,6,6,6,6,4,4,4,4,6,6,2,4,2,2,4,4,6,6,4,4,4,4,2,2,2,2,2,2,2,2,4,4,4,4,4,4,4,4,2,2,4,4,4,4,2,2,4,4,4,6,6,6,6,4,4,4,4,4,4,4,4,4,4,4,4,4,4,2,2,2,2,2,2,4,4,4,4,4,4,4,4,4,6,6,4,4,2,2,2,2,2,2,2,2,2,2,4,4,2,2,2,2,4,4,4,4,4,2,2,4,4,4,4,4,2,2,4,4,4,4,6,6,4,4,4,4,4,4,4,4,4,4,4,4,2,2,6,6,6,6,2,2,6,6,4,4,4,4,4,4,4,4,4,2,4,4,4,4,4,4,4,4,4,4,4,4,2,2,2,2,2,2,2,2,2,2,2,2,2,2,2,4,4,6,6,6,6,4,4,4,4,4,4,2,2,2,2,4,4,4,4,2,2,2,2,2,2,2,2,2,2,2,2,4,4,4,4,2,4,4,4,4,2]",1.0,1.0,1.0,1.0,1.0,0.4885521229952694,0.4450415041155341,0.4450415041155341,0.1366653125460399,14.65314363212197,514.9057734346134,0.000265418100936,14.65314363212197,0.0,0.1366653125460399,0.0,0.0,0.0,0.0006833265627301,100,0.01,1.0,188300,81,0.1823779590004051,0.0014590410000892,34.74318116700033,0.9999999365097992,6.34902008744831e-08,855.6710028608707,1.269803977521633e-07,855.6709759279875,0.1313167481435211,0.0003563430955539,6.024070131616099e-13,6.021849685566849e-13,1e-12,analysis/fermionic_structure_ablation_hgbs5.csv,7.419931336016816e-11,214.71461830359667,855.6710028608707
success,,F-F_1.28_hgbs-5_as-016-002,hamiltonian_generator/hgbs5_diatomic_basis_transfer/night/F-F/1.28/hgbs-5/F-F_1.28_hgbs-5_as-016-002.tensors.npz,F-F,1.28,hgbs-5,16,2,18,1027,1883,1442,0.7657992565055762,0,signed_parent_descendants_round_robin,-1,-1,"reference signed-fermionic parent priority and within-parent descendant order retained, but descendants interleaved round-robin across parent blocks to destroy contiguity",d80aabdf10141cac,5df4acd4f4bdcadb,"[1,1,1,1,1,1,1,1,1,1,1,1,1,1,1,1,1,1,1,1,1,1,1,1,1,1,1,1,1,1,1,1,1,1,1,1,1,1,1,1,1,1,1,1,1,1,1,1,1,1,1,1,1,1,1,1,1,1,1,1,1,1,1,1,1,1,1,1,1,1,1,1,1,1,1,1,1,1,1,1,1,1,1,1,1,1,1,1,1,1,1,1,1,1,1,1,1,1,1,1,1,1,1,1,1,1,1,1,1,1,1,1,1,1,1,1,1,1,1,1,1,1,1,1,1,1,1,1,1,1,2,2,1,1,1,1,1,1,1,1,2,4,4,4,4,6,6,4,4,4,4,4,4,4,4,4,4,6,6,6,6,1,1,1,1,1,1,2,1,1,4,4,1,1,1,1,1,1,1,1,1,1,1,1,1,1,1,1,1,1,1,1,1,1,1,1,4,4,4,4,4,4,4,1,4,4,4,4,4,4,4,4,4,4,4,4,4,4,4,4,2,2,2,2,2,2,2,2,4,2,2,2,2,4,4,4,6,6,2,2,2,2,4,4,4,4,4,4,2,2,2,2,4,4,6,6,6,6,2,2,4,4,4,4,4,4,4,4,4,4,4,4,4,4,4,4,4,4,4,4,4,4,4,4,4,4,4,4,4,4,4,4,4,4,4,2,4,4,2,4,4,2,2,2,2,6,6,4,6,6,4,4,4,4,2,2,2,2,4,4,4,4,4,4,6,6,6,6,4,4,2,2,2,2,2,2,2,2,2,2,2,2,6,6,4,4,2,2,4,4,2,4,2,2,2,2,4,4,2,2,2,2,4,4,2,2,4,4,4,4,4,4,2,2,4,4,4,4,4,4,6,6,6,6,4,4,4,4,4,4,4,4,6,6,6,6,4,4,4,4,4,4,4,4,4,4,4,4,4,4,4,4,4,4,4,4,4,4,6,6,6,6,4,4,4,4,6,6,2,4,2,2,4,4,6,6,4,4,4,4,2,2,2,2,2,2,2,2,4,4,4,4,4,4,4,4,2,2,4,4,4,4,2,2,4,4,4,6,6,6,6,4,4,4,4,4,4,4,4,4,4,4,4,4,4,2,2,2,2,2,2,4,4,4,4,4,4,4,4,4,6,6,4,4,2,2,2,2,2,2,2,2,2,2,4,4,2,2,2,2,4,4,4,4,4,2,2,4,4,4,4,4,2,2,4,4,4,4,6,6,4,4,4,4,4,4,4,4,4,4,4,4,2,2,6,6,6,6,2,2,6,6,4,4,4,4,4,4,4,4,4,2,4,4,4,4,4,4,4,4,4,4,4,4,2,2,2,2,2,2,2,2,2,2,2,2,2,2,2,4,4,6,6,6,6,4,4,4,4,4,4,2,2,2,2,4,4,4,4,2,2,2,2,2,2,2,2,2,2,2,2,4,4,4,4,2,4,4,4,4,2]",2.937597503900156,6.0,0.2667706708268331,202.7659906396256,255.259160913436,0.3265421281873774,0.0316699806856865,0.0316699806856865,0.2794588768006864,29.96335342702579,514.9057734346134,0.0005427378973371,29.96335342702579,0.0,0.2794588768006864,0.0,0.0,0.0,0.0013972943840034,100,0.01,1.0,188300,81,0.1823779590004051,0.0014590410000892,34.00536720800028,0.9999999206341256,7.93658744280279e-08,1069.6308474282089,1.5873174252778457e-07,1069.630804784477,0.1313152466160324,0.0003984115320319,1.585277933369156e-07,1.5852779344793788e-07,1e-12,analysis/fermionic_structure_ablation_hgbs5.csv,7.419931336016816e-11,897.8025485928582,1069.6308474282089
success,,F-F_1.28_hgbs-5_as-016-002,hamiltonian_generator/hgbs5_diatomic_basis_transfer/night/F-F/1.28/hgbs-5/F-F_1.28_hgbs-5_as-016-002.tensors.npz,F-F,1.28,hgbs-5,16,2,18,1027,1883,1442,0.7657992565055762,0,signed_parent_within_randomized,0,974468771,"reference signed-fermionic parent-block order kept fixed and contiguous, but Pauli descendants randomly permuted inside each parent-owned block",d80aabdf10141cac,399d07369f494309,"[1,1,1,1,1,1,1,1,1,1,1,1,1,1,1,1,1,1,1,1,1,1,1,1,1,1,1,1,1,1,1,1,1,1,1,1,1,1,1,1,1,1,1,1,1,1,1,1,1,1,1,1,1,1,1,1,1,1,1,1,1,1,1,1,1,1,1,1,1,1,1,1,1,1,1,1,1,1,1,1,1,1,1,1,1,1,1,1,1,1,1,1,1,1,1,1,1,1,1,1,1,1,1,1,1,1,1,1,1,1,1,1,1,1,1,1,1,1,1,1,1,1,1,1,1,1,1,1,1,1,2,2,1,1,1,1,1,1,1,1,2,4,4,4,4,6,6,4,4,4,4,4,4,4,4,4,4,6,6,6,6,1,1,1,1,1,1,2,1,1,4,4,1,1,1,1,1,1,1,1,1,1,1,1,1,1,1,1,1,1,1,1,1,1,1,1,4,4,4,4,4,4,4,1,4,4,4,4,4,4,4,4,4,4,4,4,4,4,4,4,2,2,2,2,2,2,2,2,4,2,2,2,2,4,4,4,6,6,2,2,2,2,4,4,4,4,4,4,2,2,2,2,4,4,6,6,6,6,2,2,4,4,4,4,4,4,4,4,4,4,4,4,4,4,4,4,4,4,4,4,4,4,4,4,4,4,4,4,4,4,4,4,4,4,4,2,4,4,2,4,4,2,2,2,2,6,6,4,6,6,4,4,4,4,2,2,2,2,4,4,4,4,4,4,6,6,6,6,4,4,2,2,2,2,2,2,2,2,2,2,2,2,6,6,4,4,2,2,4,4,2,4,2,2,2,2,4,4,2,2,2,2,4,4,2,2,4,4,4,4,4,4,2,2,4,4,4,4,4,4,6,6,6,6,4,4,4,4,4,4,4,4,6,6,6,6,4,4,4,4,4,4,4,4,4,4,4,4,4,4,4,4,4,4,4,4,4,4,6,6,6,6,4,4,4,4,6,6,2,4,2,2,4,4,6,6,4,4,4,4,2,2,2,2,2,2,2,2,4,4,4,4,4,4,4,4,2,2,4,4,4,4,2,2,4,4,4,6,6,6,6,4,4,4,4,4,4,4,4,4,4,4,4,4,4,2,2,2,2,2,2,4,4,4,4,4,4,4,4,4,6,6,4,4,2,2,2,2,2,2,2,2,2,2,4,4,2,2,2,2,4,4,4,4,4,2,2,4,4,4,4,4,2,2,4,4,4,4,6,6,4,4,4,4,4,4,4,4,4,4,4,4,2,2,6,6,6,6,2,2,6,6,4,4,4,4,4,4,4,4,4,2,4,4,4,4,4,4,4,4,4,4,4,4,2,2,2,2,2,2,2,2,2,2,2,2,2,2,2,4,4,6,6,6,6,4,4,4,4,4,4,2,2,2,2,4,4,4,4,2,2,2,2,2,2,2,2,2,2,2,2,4,4,4,4,2,4,4,4,4,2]",1.0,1.0,1.0,1.0,1.0,0.0,0.0,0.0,0.0093266889329091,1.0,514.9057734346134,1.8113389699821472e-05,1.0,0.0,0.0093266889329091,0.0,0.0,0.0,4.663344466454568e-05,100,0.01,1.0,188300,81,0.1823779590004051,0.0014590410000892,33.9096637090006,0.9999999999258112,7.418887726373669e-11,0.9998593504985576,1.4837775452747335e-10,0.9998593504985576,0.1313158402492749,1.2181040781783524e-05,4.0767389464235753e-13,4.0767389464235753e-13,1e-12,analysis/fermionic_structure_ablation_hgbs5.csv,7.419931336016816e-11,1.0,0.9998593504985576
success,,F-F_1.28_hgbs-5_as-016-002,hamiltonian_generator/hgbs5_diatomic_basis_transfer/night/F-F/1.28/hgbs-5/F-F_1.28_hgbs-5_as-016-002.tensors.npz,F-F,1.28,hgbs-5,16,2,18,1027,1883,1442,0.7657992565055762,0,signed_parent_within_randomized,1,2795187681,"reference signed-fermionic parent-block order kept fixed and contiguous, but Pauli descendants randomly permuted inside each parent-owned block",d80aabdf10141cac,df081a5edb8b8dbe,"[1,1,1,1,1,1,1,1,1,1,1,1,1,1,1,1,1,1,1,1,1,1,1,1,1,1,1,1,1,1,1,1,1,1,1,1,1,1,1,1,1,1,1,1,1,1,1,1,1,1,1,1,1,1,1,1,1,1,1,1,1,1,1,1,1,1,1,1,1,1,1,1,1,1,1,1,1,1,1,1,1,1,1,1,1,1,1,1,1,1,1,1,1,1,1,1,1,1,1,1,1,1,1,1,1,1,1,1,1,1,1,1,1,1,1,1,1,1,1,1,1,1,1,1,1,1,1,1,1,1,2,2,1,1,1,1,1,1,1,1,2,4,4,4,4,6,6,4,4,4,4,4,4,4,4,4,4,6,6,6,6,1,1,1,1,1,1,2,1,1,4,4,1,1,1,1,1,1,1,1,1,1,1,1,1,1,1,1,1,1,1,1,1,1,1,1,4,4,4,4,4,4,4,1,4,4,4,4,4,4,4,4,4,4,4,4,4,4,4,4,2,2,2,2,2,2,2,2,4,2,2,2,2,4,4,4,6,6,2,2,2,2,4,4,4,4,4,4,2,2,2,2,4,4,6,6,6,6,2,2,4,4,4,4,4,4,4,4,4,4,4,4,4,4,4,4,4,4,4,4,4,4,4,4,4,4,4,4,4,4,4,4,4,4,4,2,4,4,2,4,4,2,2,2,2,6,6,4,6,6,4,4,4,4,2,2,2,2,4,4,4,4,4,4,6,6,6,6,4,4,2,2,2,2,2,2,2,2,2,2,2,2,6,6,4,4,2,2,4,4,2,4,2,2,2,2,4,4,2,2,2,2,4,4,2,2,4,4,4,4,4,4,2,2,4,4,4,4,4,4,6,6,6,6,4,4,4,4,4,4,4,4,6,6,6,6,4,4,4,4,4,4,4,4,4,4,4,4,4,4,4,4,4,4,4,4,4,4,6,6,6,6,4,4,4,4,6,6,2,4,2,2,4,4,6,6,4,4,4,4,2,2,2,2,2,2,2,2,4,4,4,4,4,4,4,4,2,2,4,4,4,4,2,2,4,4,4,6,6,6,6,4,4,4,4,4,4,4,4,4,4,4,4,4,4,2,2,2,2,2,2,4,4,4,4,4,4,4,4,4,6,6,4,4,2,2,2,2,2,2,2,2,2,2,4,4,2,2,2,2,4,4,4,4,4,2,2,4,4,4,4,4,2,2,4,4,4,4,6,6,4,4,4,4,4,4,4,4,4,4,4,4,2,2,6,6,6,6,2,2,6,6,4,4,4,4,4,4,4,4,4,2,4,4,4,4,4,4,4,4,4,4,4,4,2,2,2,2,2,2,2,2,2,2,2,2,2,2,2,4,4,6,6,6,6,4,4,4,4,4,4,2,2,2,2,4,4,4,4,2,2,2,2,2,2,2,2,2,2,2,2,4,4,4,4,2,4,4,4,4,2]",1.0,1.0,1.0,1.0,1.0,0.0,0.0,0.0,0.0093266889329091,1.0,514.9057734346134,1.8113389699821472e-05,1.0,0.0,0.0093266889329091,0.0,0.0,0.0,4.663344466454568e-05,100,0.01,1.0,188300,81,0.1823779590004051,0.0014590410000892,33.776903667000624,0.99999999992579,7.421008252350703e-11,1.000145138315318,1.4842016504701403e-10,1.000145138315318,0.1313158402494203,1.2182781498779907e-05,4.500844141830385e-13,4.500844141830385e-13,1e-12,analysis/fermionic_structure_ablation_hgbs5.csv,7.419931336016816e-11,1.0,1.0001451383153181
success,,F-F_1.28_hgbs-5_as-016-002,hamiltonian_generator/hgbs5_diatomic_basis_transfer/night/F-F/1.28/hgbs-5/F-F_1.28_hgbs-5_as-016-002.tensors.npz,F-F,1.28,hgbs-5,16,2,18,1027,1883,1442,0.7657992565055762,0,signed_parent_within_randomized,2,513639037,"reference signed-fermionic parent-block order kept fixed and contiguous, but Pauli descendants randomly permuted inside each parent-owned block",d80aabdf10141cac,b43d440ea4be1b8f,"[1,1,1,1,1,1,1,1,1,1,1,1,1,1,1,1,1,1,1,1,1,1,1,1,1,1,1,1,1,1,1,1,1,1,1,1,1,1,1,1,1,1,1,1,1,1,1,1,1,1,1,1,1,1,1,1,1,1,1,1,1,1,1,1,1,1,1,1,1,1,1,1,1,1,1,1,1,1,1,1,1,1,1,1,1,1,1,1,1,1,1,1,1,1,1,1,1,1,1,1,1,1,1,1,1,1,1,1,1,1,1,1,1,1,1,1,1,1,1,1,1,1,1,1,1,1,1,1,1,1,2,2,1,1,1,1,1,1,1,1,2,4,4,4,4,6,6,4,4,4,4,4,4,4,4,4,4,6,6,6,6,1,1,1,1,1,1,2,1,1,4,4,1,1,1,1,1,1,1,1,1,1,1,1,1,1,1,1,1,1,1,1,1,1,1,1,4,4,4,4,4,4,4,1,4,4,4,4,4,4,4,4,4,4,4,4,4,4,4,4,2,2,2,2,2,2,2,2,4,2,2,2,2,4,4,4,6,6,2,2,2,2,4,4,4,4,4,4,2,2,2,2,4,4,6,6,6,6,2,2,4,4,4,4,4,4,4,4,4,4,4,4,4,4,4,4,4,4,4,4,4,4,4,4,4,4,4,4,4,4,4,4,4,4,4,2,4,4,2,4,4,2,2,2,2,6,6,4,6,6,4,4,4,4,2,2,2,2,4,4,4,4,4,4,6,6,6,6,4,4,2,2,2,2,2,2,2,2,2,2,2,2,6,6,4,4,2,2,4,4,2,4,2,2,2,2,4,4,2,2,2,2,4,4,2,2,4,4,4,4,4,4,2,2,4,4,4,4,4,4,6,6,6,6,4,4,4,4,4,4,4,4,6,6,6,6,4,4,4,4,4,4,4,4,4,4,4,4,4,4,4,4,4,4,4,4,4,4,6,6,6,6,4,4,4,4,6,6,2,4,2,2,4,4,6,6,4,4,4,4,2,2,2,2,2,2,2,2,4,4,4,4,4,4,4,4,2,2,4,4,4,4,2,2,4,4,4,6,6,6,6,4,4,4,4,4,4,4,4,4,4,4,4,4,4,2,2,2,2,2,2,4,4,4,4,4,4,4,4,4,6,6,4,4,2,2,2,2,2,2,2,2,2,2,4,4,2,2,2,2,4,4,4,4,4,2,2,4,4,4,4,4,2,2,4,4,4,4,6,6,4,4,4,4,4,4,4,4,4,4,4,4,2,2,6,6,6,6,2,2,6,6,4,4,4,4,4,4,4,4,4,2,4,4,4,4,4,4,4,4,4,4,4,4,2,2,2,2,2,2,2,2,2,2,2,2,2,2,2,4,4,6,6,6,6,4,4,4,4,4,4,2,2,2,2,4,4,4,4,2,2,2,2,2,2,2,2,2,2,2,2,4,4,4,4,2,4,4,4,4,2]",1.0,1.0,1.0,1.0,1.0,0.0,0.0,0.0,0.0093266889329091,1.0,514.9057734346134,1.8113389699821472e-05,1.0,0.0,0.0093266889329091,0.0,0.0,0.0,4.663344466454568e-05,100,0.01,1.0,188300,81,0.1823779590004051,0.0014590410000892,34.603632374999506,0.999999999925788,7.421196990264889e-11,1.0001705749272811,1.4842393980529778e-10,1.0001705749272811,0.1313158402494541,1.2182936419652602e-05,4.53859172466764e-13,4.53859172466764e-13,1e-12,analysis/fermionic_structure_ablation_hgbs5.csv,7.419931336016816e-11,1.0,1.0001705749272811
success,,F-F_1.28_hgbs-5_as-016-002,hamiltonian_generator/hgbs5_diatomic_basis_transfer/night/F-F/1.28/hgbs-5/F-F_1.28_hgbs-5_as-016-002.tensors.npz,F-F,1.28,hgbs-5,16,2,18,1027,1883,1442,0.7657992565055762,0,signed_parent_within_randomized,3,3983963662,"reference signed-fermionic parent-block order kept fixed and contiguous, but Pauli descendants randomly permuted inside each parent-owned block",d80aabdf10141cac,8adce7ab75c24062,"[1,1,1,1,1,1,1,1,1,1,1,1,1,1,1,1,1,1,1,1,1,1,1,1,1,1,1,1,1,1,1,1,1,1,1,1,1,1,1,1,1,1,1,1,1,1,1,1,1,1,1,1,1,1,1,1,1,1,1,1,1,1,1,1,1,1,1,1,1,1,1,1,1,1,1,1,1,1,1,1,1,1,1,1,1,1,1,1,1,1,1,1,1,1,1,1,1,1,1,1,1,1,1,1,1,1,1,1,1,1,1,1,1,1,1,1,1,1,1,1,1,1,1,1,1,1,1,1,1,1,2,2,1,1,1,1,1,1,1,1,2,4,4,4,4,6,6,4,4,4,4,4,4,4,4,4,4,6,6,6,6,1,1,1,1,1,1,2,1,1,4,4,1,1,1,1,1,1,1,1,1,1,1,1,1,1,1,1,1,1,1,1,1,1,1,1,4,4,4,4,4,4,4,1,4,4,4,4,4,4,4,4,4,4,4,4,4,4,4,4,2,2,2,2,2,2,2,2,4,2,2,2,2,4,4,4,6,6,2,2,2,2,4,4,4,4,4,4,2,2,2,2,4,4,6,6,6,6,2,2,4,4,4,4,4,4,4,4,4,4,4,4,4,4,4,4,4,4,4,4,4,4,4,4,4,4,4,4,4,4,4,4,4,4,4,2,4,4,2,4,4,2,2,2,2,6,6,4,6,6,4,4,4,4,2,2,2,2,4,4,4,4,4,4,6,6,6,6,4,4,2,2,2,2,2,2,2,2,2,2,2,2,6,6,4,4,2,2,4,4,2,4,2,2,2,2,4,4,2,2,2,2,4,4,2,2,4,4,4,4,4,4,2,2,4,4,4,4,4,4,6,6,6,6,4,4,4,4,4,4,4,4,6,6,6,6,4,4,4,4,4,4,4,4,4,4,4,4,4,4,4,4,4,4,4,4,4,4,6,6,6,6,4,4,4,4,6,6,2,4,2,2,4,4,6,6,4,4,4,4,2,2,2,2,2,2,2,2,4,4,4,4,4,4,4,4,2,2,4,4,4,4,2,2,4,4,4,6,6,6,6,4,4,4,4,4,4,4,4,4,4,4,4,4,4,2,2,2,2,2,2,4,4,4,4,4,4,4,4,4,6,6,4,4,2,2,2,2,2,2,2,2,2,2,4,4,2,2,2,2,4,4,4,4,4,2,2,4,4,4,4,4,2,2,4,4,4,4,6,6,4,4,4,4,4,4,4,4,4,4,4,4,2,2,6,6,6,6,2,2,6,6,4,4,4,4,4,4,4,4,4,2,4,4,4,4,4,4,4,4,4,4,4,4,2,2,2,2,2,2,2,2,2,2,2,2,2,2,2,4,4,6,6,6,6,4,4,4,4,4,4,2,2,2,2,4,4,4,4,2,2,2,2,2,2,2,2,2,2,2,2,4,4,4,4,2,4,4,4,4,2]",1.0,1.0,1.0,1.0,1.0,0.0,0.0,0.0,0.0093266889329091,1.0,514.9057734346134,1.8113389699821472e-05,1.0,0.0,0.0093266889329091,0.0,0.0,0.0,4.663344466454568e-05,100,0.01,1.0,188300,81,0.1823779590004051,0.0014590410000892,34.734434999999394,0.9999999999258092,7.419076464287855e-11,0.9998847871105204,1.483815292857571e-10,0.9998847871105204,0.1313158402492968,1.2181195724794716e-05,4.11448652926083e-13,4.11448652926083e-13,1e-12,analysis/fermionic_structure_ablation_hgbs5.csv,7.419931336016816e-11,1.0,0.9998847871105205
success,,F-F_1.28_hgbs-5_as-016-002,hamiltonian_generator/hgbs5_diatomic_basis_transfer/night/F-F/1.28/hgbs-5/F-F_1.28_hgbs-5_as-016-002.tensors.npz,F-F,1.28,hgbs-5,16,2,18,1027,1883,1442,0.7657992565055762,0,signed_parent_within_randomized,4,921151943,"reference signed-fermionic parent-block order kept fixed and contiguous, but Pauli descendants randomly permuted inside each parent-owned block",d80aabdf10141cac,61146ed1e3a3f111,"[1,1,1,1,1,1,1,1,1,1,1,1,1,1,1,1,1,1,1,1,1,1,1,1,1,1,1,1,1,1,1,1,1,1,1,1,1,1,1,1,1,1,1,1,1,1,1,1,1,1,1,1,1,1,1,1,1,1,1,1,1,1,1,1,1,1,1,1,1,1,1,1,1,1,1,1,1,1,1,1,1,1,1,1,1,1,1,1,1,1,1,1,1,1,1,1,1,1,1,1,1,1,1,1,1,1,1,1,1,1,1,1,1,1,1,1,1,1,1,1,1,1,1,1,1,1,1,1,1,1,2,2,1,1,1,1,1,1,1,1,2,4,4,4,4,6,6,4,4,4,4,4,4,4,4,4,4,6,6,6,6,1,1,1,1,1,1,2,1,1,4,4,1,1,1,1,1,1,1,1,1,1,1,1,1,1,1,1,1,1,1,1,1,1,1,1,4,4,4,4,4,4,4,1,4,4,4,4,4,4,4,4,4,4,4,4,4,4,4,4,2,2,2,2,2,2,2,2,4,2,2,2,2,4,4,4,6,6,2,2,2,2,4,4,4,4,4,4,2,2,2,2,4,4,6,6,6,6,2,2,4,4,4,4,4,4,4,4,4,4,4,4,4,4,4,4,4,4,4,4,4,4,4,4,4,4,4,4,4,4,4,4,4,4,4,2,4,4,2,4,4,2,2,2,2,6,6,4,6,6,4,4,4,4,2,2,2,2,4,4,4,4,4,4,6,6,6,6,4,4,2,2,2,2,2,2,2,2,2,2,2,2,6,6,4,4,2,2,4,4,2,4,2,2,2,2,4,4,2,2,2,2,4,4,2,2,4,4,4,4,4,4,2,2,4,4,4,4,4,4,6,6,6,6,4,4,4,4,4,4,4,4,6,6,6,6,4,4,4,4,4,4,4,4,4,4,4,4,4,4,4,4,4,4,4,4,4,4,6,6,6,6,4,4,4,4,6,6,2,4,2,2,4,4,6,6,4,4,4,4,2,2,2,2,2,2,2,2,4,4,4,4,4,4,4,4,2,2,4,4,4,4,2,2,4,4,4,6,6,6,6,4,4,4,4,4,4,4,4,4,4,4,4,4,4,2,2,2,2,2,2,4,4,4,4,4,4,4,4,4,6,6,4,4,2,2,2,2,2,2,2,2,2,2,4,4,2,2,2,2,4,4,4,4,4,2,2,4,4,4,4,4,2,2,4,4,4,4,6,6,4,4,4,4,4,4,4,4,4,4,4,4,2,2,6,6,6,6,2,2,6,6,4,4,4,4,4,4,4,4,4,2,4,4,4,4,4,4,4,4,4,4,4,4,2,2,2,2,2,2,2,2,2,2,2,2,2,2,2,4,4,6,6,6,6,4,4,4,4,4,4,2,2,2,2,4,4,4,4,2,2,2,2,2,2,2,2,2,2,2,2,4,4,4,4,2,4,4,4,4,2]",1.0,1.0,1.0,1.0,1.0,0.0,0.0,0.0,0.0093266889329091,1.0,514.9057734346134,1.8113389699821472e-05,1.0,0.0,0.0093266889329091,0.0,0.0,0.0,4.663344466454568e-05,100,0.01,1.0,188300,81,0.1823779590004051,0.0014590410000892,34.66889283299952,0.999999999925815,7.41849914831505e-11,0.9998069810033396,1.48369982966301e-10,0.9998069810033396,0.1313158402492588,1.2180721775260325e-05,3.9990233346998144e-13,3.9990233346998144e-13,1e-12,analysis/fermionic_structure_ablation_hgbs5.csv,7.419931336016816e-11,1.0,0.9998069810033396
success,,F-F_1.28_hgbs-5_as-016-002,hamiltonian_generator/hgbs5_diatomic_basis_transfer/night/F-F/1.28/hgbs-5/F-F_1.28_hgbs-5_as-016-002.tensors.npz,F-F,1.28,hgbs-5,16,2,18,1027,1883,1442,0.7657992565055762,0,signed_parent_within_randomized,5,12455825,"reference signed-fermionic parent-block order kept fixed and contiguous, but Pauli descendants randomly permuted inside each parent-owned block",d80aabdf10141cac,ded015b9d8cbceaf,"[1,1,1,1,1,1,1,1,1,1,1,1,1,1,1,1,1,1,1,1,1,1,1,1,1,1,1,1,1,1,1,1,1,1,1,1,1,1,1,1,1,1,1,1,1,1,1,1,1,1,1,1,1,1,1,1,1,1,1,1,1,1,1,1,1,1,1,1,1,1,1,1,1,1,1,1,1,1,1,1,1,1,1,1,1,1,1,1,1,1,1,1,1,1,1,1,1,1,1,1,1,1,1,1,1,1,1,1,1,1,1,1,1,1,1,1,1,1,1,1,1,1,1,1,1,1,1,1,1,1,2,2,1,1,1,1,1,1,1,1,2,4,4,4,4,6,6,4,4,4,4,4,4,4,4,4,4,6,6,6,6,1,1,1,1,1,1,2,1,1,4,4,1,1,1,1,1,1,1,1,1,1,1,1,1,1,1,1,1,1,1,1,1,1,1,1,4,4,4,4,4,4,4,1,4,4,4,4,4,4,4,4,4,4,4,4,4,4,4,4,2,2,2,2,2,2,2,2,4,2,2,2,2,4,4,4,6,6,2,2,2,2,4,4,4,4,4,4,2,2,2,2,4,4,6,6,6,6,2,2,4,4,4,4,4,4,4,4,4,4,4,4,4,4,4,4,4,4,4,4,4,4,4,4,4,4,4,4,4,4,4,4,4,4,4,2,4,4,2,4,4,2,2,2,2,6,6,4,6,6,4,4,4,4,2,2,2,2,4,4,4,4,4,4,6,6,6,6,4,4,2,2,2,2,2,2,2,2,2,2,2,2,6,6,4,4,2,2,4,4,2,4,2,2,2,2,4,4,2,2,2,2,4,4,2,2,4,4,4,4,4,4,2,2,4,4,4,4,4,4,6,6,6,6,4,4,4,4,4,4,4,4,6,6,6,6,4,4,4,4,4,4,4,4,4,4,4,4,4,4,4,4,4,4,4,4,4,4,6,6,6,6,4,4,4,4,6,6,2,4,2,2,4,4,6,6,4,4,4,4,2,2,2,2,2,2,2,2,4,4,4,4,4,4,4,4,2,2,4,4,4,4,2,2,4,4,4,6,6,6,6,4,4,4,4,4,4,4,4,4,4,4,4,4,4,2,2,2,2,2,2,4,4,4,4,4,4,4,4,4,6,6,4,4,2,2,2,2,2,2,2,2,2,2,4,4,2,2,2,2,4,4,4,4,4,2,2,4,4,4,4,4,2,2,4,4,4,4,6,6,4,4,4,4,4,4,4,4,4,4,4,4,2,2,6,6,6,6,2,2,6,6,4,4,4,4,4,4,4,4,4,2,4,4,4,4,4,4,4,4,4,4,4,4,2,2,2,2,2,2,2,2,2,2,2,2,2,2,2,4,4,6,6,6,6,4,4,4,4,4,4,2,2,2,2,4,4,4,4,2,2,2,2,2,2,2,2,2,2,2,2,4,4,4,4,2,4,4,4,4,2]",1.0,1.0,1.0,1.0,1.0,0.0,0.0,0.0,0.0093266889329091,1.0,514.9057734346134,1.8113389699821472e-05,1.0,0.0,0.0093266889329091,0.0,0.0,0.0,4.663344466454568e-05,100,0.01,1.0,188300,81,0.1823779590004051,0.0014590410000892,34.43427829200027,0.9999999999257996,7.420042358319279e-11,1.0000149627129191,1.4840084716638555e-10,1.0000149627129191,0.1313158402493586,1.2181988637590565e-05,4.309885781594858e-13,4.309885781594858e-13,1e-12,analysis/fermionic_structure_ablation_hgbs5.csv,7.419931336016816e-11,1.0,1.0000149627129193
success,,F-F_1.28_hgbs-5_as-016-002,hamiltonian_generator/hgbs5_diatomic_basis_transfer/night/F-F/1.28/hgbs-5/F-F_1.28_hgbs-5_as-016-002.tensors.npz,F-F,1.28,hgbs-5,16,2,18,1027,1883,1442,0.7657992565055762,0,signed_parent_within_randomized,6,610074698,"reference signed-fermionic parent-block order kept fixed and contiguous, but Pauli descendants randomly permuted inside each parent-owned block",d80aabdf10141cac,100688307f0803dd,"[1,1,1,1,1,1,1,1,1,1,1,1,1,1,1,1,1,1,1,1,1,1,1,1,1,1,1,1,1,1,1,1,1,1,1,1,1,1,1,1,1,1,1,1,1,1,1,1,1,1,1,1,1,1,1,1,1,1,1,1,1,1,1,1,1,1,1,1,1,1,1,1,1,1,1,1,1,1,1,1,1,1,1,1,1,1,1,1,1,1,1,1,1,1,1,1,1,1,1,1,1,1,1,1,1,1,1,1,1,1,1,1,1,1,1,1,1,1,1,1,1,1,1,1,1,1,1,1,1,1,2,2,1,1,1,1,1,1,1,1,2,4,4,4,4,6,6,4,4,4,4,4,4,4,4,4,4,6,6,6,6,1,1,1,1,1,1,2,1,1,4,4,1,1,1,1,1,1,1,1,1,1,1,1,1,1,1,1,1,1,1,1,1,1,1,1,4,4,4,4,4,4,4,1,4,4,4,4,4,4,4,4,4,4,4,4,4,4,4,4,2,2,2,2,2,2,2,2,4,2,2,2,2,4,4,4,6,6,2,2,2,2,4,4,4,4,4,4,2,2,2,2,4,4,6,6,6,6,2,2,4,4,4,4,4,4,4,4,4,4,4,4,4,4,4,4,4,4,4,4,4,4,4,4,4,4,4,4,4,4,4,4,4,4,4,2,4,4,2,4,4,2,2,2,2,6,6,4,6,6,4,4,4,4,2,2,2,2,4,4,4,4,4,4,6,6,6,6,4,4,2,2,2,2,2,2,2,2,2,2,2,2,6,6,4,4,2,2,4,4,2,4,2,2,2,2,4,4,2,2,2,2,4,4,2,2,4,4,4,4,4,4,2,2,4,4,4,4,4,4,6,6,6,6,4,4,4,4,4,4,4,4,6,6,6,6,4,4,4,4,4,4,4,4,4,4,4,4,4,4,4,4,4,4,4,4,4,4,6,6,6,6,4,4,4,4,6,6,2,4,2,2,4,4,6,6,4,4,4,4,2,2,2,2,2,2,2,2,4,4,4,4,4,4,4,4,2,2,4,4,4,4,2,2,4,4,4,6,6,6,6,4,4,4,4,4,4,4,4,4,4,4,4,4,4,2,2,2,2,2,2,4,4,4,4,4,4,4,4,4,6,6,4,4,2,2,2,2,2,2,2,2,2,2,4,4,2,2,2,2,4,4,4,4,4,2,2,4,4,4,4,4,2,2,4,4,4,4,6,6,4,4,4,4,4,4,4,4,4,4,4,4,2,2,6,6,6,6,2,2,6,6,4,4,4,4,4,4,4,4,4,2,4,4,4,4,4,4,4,4,4,4,4,4,2,2,2,2,2,2,2,2,2,2,2,2,2,2,2,4,4,6,6,6,6,4,4,4,4,4,4,2,2,2,2,4,4,4,4,2,2,2,2,2,2,2,2,2,2,2,2,4,4,4,4,2,4,4,4,4,2]",1.0,1.0,1.0,1.0,1.0,0.0,0.0,0.0,0.0093266889329091,1.0,514.9057734346134,1.8113389699821472e-05,1.0,0.0,0.0093266889329091,0.0,0.0,0.0,4.663344466454568e-05,100,0.01,1.0,188300,81,0.1823779590004051,0.0014590410000892,33.78255808300037,0.9999999999258048,7.419520553497705e-11,0.9999446379621982,1.483904110699541e-10,0.9999446379621982,0.1313158402493138,1.2181560288811697e-05,4.2033043712308427e-13,4.2033043712308427e-13,1e-12,analysis/fermionic_structure_ablation_hgbs5.csv,7.419931336016816e-11,1.0,0.9999446379621982
success,,F-F_1.28_hgbs-5_as-016-002,hamiltonian_generator/hgbs5_diatomic_basis_transfer/night/F-F/1.28/hgbs-5/F-F_1.28_hgbs-5_as-016-002.tensors.npz,F-F,1.28,hgbs-5,16,2,18,1027,1883,1442,0.7657992565055762,0,signed_parent_within_randomized,7,4239796151,"reference signed-fermionic parent-block order kept fixed and contiguous, but Pauli descendants randomly permuted inside each parent-owned block",d80aabdf10141cac,c78ee990a27741af,"[1,1,1,1,1,1,1,1,1,1,1,1,1,1,1,1,1,1,1,1,1,1,1,1,1,1,1,1,1,1,1,1,1,1,1,1,1,1,1,1,1,1,1,1,1,1,1,1,1,1,1,1,1,1,1,1,1,1,1,1,1,1,1,1,1,1,1,1,1,1,1,1,1,1,1,1,1,1,1,1,1,1,1,1,1,1,1,1,1,1,1,1,1,1,1,1,1,1,1,1,1,1,1,1,1,1,1,1,1,1,1,1,1,1,1,1,1,1,1,1,1,1,1,1,1,1,1,1,1,1,2,2,1,1,1,1,1,1,1,1,2,4,4,4,4,6,6,4,4,4,4,4,4,4,4,4,4,6,6,6,6,1,1,1,1,1,1,2,1,1,4,4,1,1,1,1,1,1,1,1,1,1,1,1,1,1,1,1,1,1,1,1,1,1,1,1,4,4,4,4,4,4,4,1,4,4,4,4,4,4,4,4,4,4,4,4,4,4,4,4,2,2,2,2,2,2,2,2,4,2,2,2,2,4,4,4,6,6,2,2,2,2,4,4,4,4,4,4,2,2,2,2,4,4,6,6,6,6,2,2,4,4,4,4,4,4,4,4,4,4,4,4,4,4,4,4,4,4,4,4,4,4,4,4,4,4,4,4,4,4,4,4,4,4,4,2,4,4,2,4,4,2,2,2,2,6,6,4,6,6,4,4,4,4,2,2,2,2,4,4,4,4,4,4,6,6,6,6,4,4,2,2,2,2,2,2,2,2,2,2,2,2,6,6,4,4,2,2,4,4,2,4,2,2,2,2,4,4,2,2,2,2,4,4,2,2,4,4,4,4,4,4,2,2,4,4,4,4,4,4,6,6,6,6,4,4,4,4,4,4,4,4,6,6,6,6,4,4,4,4,4,4,4,4,4,4,4,4,4,4,4,4,4,4,4,4,4,4,6,6,6,6,4,4,4,4,6,6,2,4,2,2,4,4,6,6,4,4,4,4,2,2,2,2,2,2,2,2,4,4,4,4,4,4,4,4,2,2,4,4,4,4,2,2,4,4,4,6,6,6,6,4,4,4,4,4,4,4,4,4,4,4,4,4,4,2,2,2,2,2,2,4,4,4,4,4,4,4,4,4,6,6,4,4,2,2,2,2,2,2,2,2,2,2,4,4,2,2,2,2,4,4,4,4,4,2,2,4,4,4,4,4,2,2,4,4,4,4,6,6,4,4,4,4,4,4,4,4,4,4,4,4,2,2,6,6,6,6,2,2,6,6,4,4,4,4,4,4,4,4,4,2,4,4,4,4,4,4,4,4,4,4,4,4,2,2,2,2,2,2,2,2,2,2,2,2,2,2,2,4,4,6,6,6,6,4,4,4,4,4,4,2,2,2,2,4,4,4,4,2,2,2,2,2,2,2,2,2,2,2,2,4,4,4,4,2,4,4,4,4,2]",1.0,1.0,1.0,1.0,1.0,0.0,0.0,0.0,0.0093266889329091,1.0,514.9057734346134,1.8113389699821472e-05,1.0,0.0,0.0093266889329091,0.0,0.0,0.0,4.663344466454568e-05,100,0.01,1.0,188300,81,0.1823779590004051,0.0014590410000892,34.26995166699999,0.9999999999258056,7.419442837885981e-11,0.9999341640631546,1.4838885675771962e-10,0.9999341640631546,0.1313158402493205,1.2181496490896333e-05,4.18554080283684e-13,4.18554080283684e-13,1e-12,analysis/fermionic_structure_ablation_hgbs5.csv,7.419931336016816e-11,1.0,0.9999341640631546
success,,F-F_1.28_hgbs-5_as-016-002,hamiltonian_generator/hgbs5_diatomic_basis_transfer/night/F-F/1.28/hgbs-5/F-F_1.28_hgbs-5_as-016-002.tensors.npz,F-F,1.28,hgbs-5,16,2,18,1027,1883,1442,0.7657992565055762,0,signed_parent_within_randomized,8,3764960276,"reference signed-fermionic parent-block order kept fixed and contiguous, but Pauli descendants randomly permuted inside each parent-owned block",d80aabdf10141cac,e84fa6d2235036b2,"[1,1,1,1,1,1,1,1,1,1,1,1,1,1,1,1,1,1,1,1,1,1,1,1,1,1,1,1,1,1,1,1,1,1,1,1,1,1,1,1,1,1,1,1,1,1,1,1,1,1,1,1,1,1,1,1,1,1,1,1,1,1,1,1,1,1,1,1,1,1,1,1,1,1,1,1,1,1,1,1,1,1,1,1,1,1,1,1,1,1,1,1,1,1,1,1,1,1,1,1,1,1,1,1,1,1,1,1,1,1,1,1,1,1,1,1,1,1,1,1,1,1,1,1,1,1,1,1,1,1,2,2,1,1,1,1,1,1,1,1,2,4,4,4,4,6,6,4,4,4,4,4,4,4,4,4,4,6,6,6,6,1,1,1,1,1,1,2,1,1,4,4,1,1,1,1,1,1,1,1,1,1,1,1,1,1,1,1,1,1,1,1,1,1,1,1,4,4,4,4,4,4,4,1,4,4,4,4,4,4,4,4,4,4,4,4,4,4,4,4,2,2,2,2,2,2,2,2,4,2,2,2,2,4,4,4,6,6,2,2,2,2,4,4,4,4,4,4,2,2,2,2,4,4,6,6,6,6,2,2,4,4,4,4,4,4,4,4,4,4,4,4,4,4,4,4,4,4,4,4,4,4,4,4,4,4,4,4,4,4,4,4,4,4,4,2,4,4,2,4,4,2,2,2,2,6,6,4,6,6,4,4,4,4,2,2,2,2,4,4,4,4,4,4,6,6,6,6,4,4,2,2,2,2,2,2,2,2,2,2,2,2,6,6,4,4,2,2,4,4,2,4,2,2,2,2,4,4,2,2,2,2,4,4,2,2,4,4,4,4,4,4,2,2,4,4,4,4,4,4,6,6,6,6,4,4,4,4,4,4,4,4,6,6,6,6,4,4,4,4,4,4,4,4,4,4,4,4,4,4,4,4,4,4,4,4,4,4,6,6,6,6,4,4,4,4,6,6,2,4,2,2,4,4,6,6,4,4,4,4,2,2,2,2,2,2,2,2,4,4,4,4,4,4,4,4,2,2,4,4,4,4,2,2,4,4,4,6,6,6,6,4,4,4,4,4,4,4,4,4,4,4,4,4,4,2,2,2,2,2,2,4,4,4,4,4,4,4,4,4,6,6,4,4,2,2,2,2,2,2,2,2,2,2,4,4,2,2,2,2,4,4,4,4,4,2,2,4,4,4,4,4,2,2,4,4,4,4,6,6,4,4,4,4,4,4,4,4,4,4,4,4,2,2,6,6,6,6,2,2,6,6,4,4,4,4,4,4,4,4,4,2,4,4,4,4,4,4,4,4,4,4,4,4,2,2,2,2,2,2,2,2,2,2,2,2,2,2,2,4,4,6,6,6,6,4,4,4,4,4,4,2,2,2,2,4,4,4,4,2,2,2,2,2,2,2,2,2,2,2,2,4,4,4,4,2,4,4,4,4,2]",1.0,1.0,1.0,1.0,1.0,0.0,0.0,0.0,0.0093266889329091,1.0,514.9057734346134,1.8113389699821472e-05,1.0,0.0,0.0093266889329091,0.0,0.0,0.0,4.663344466454568e-05,100,0.01,1.0,188300,81,0.1823779590004051,0.0014590410000892,34.73189795899998,0.999999999925814,7.41858796615702e-11,0.9998189511736753,1.483717593231404e-10,0.9998189511736753,0.1313158402492487,1.218079469177362e-05,4.014566457044566e-13,4.014566457044566e-13,1e-12,analysis/fermionic_structure_ablation_hgbs5.csv,7.419931336016816e-11,1.0,0.9998189511736753
success,,F-F_1.28_hgbs-5_as-016-002,hamiltonian_generator/hgbs5_diatomic_basis_transfer/night/F-F/1.28/hgbs-5/F-F_1.28_hgbs-5_as-016-002.tensors.npz,F-F,1.28,hgbs-5,16,2,18,1027,1883,1442,0.7657992565055762,0,signed_parent_within_randomized,9,3375025995,"reference signed-fermionic parent-block order kept fixed and contiguous, but Pauli descendants randomly permuted inside each parent-owned block",d80aabdf10141cac,e70b2e3344250554,"[1,1,1,1,1,1,1,1,1,1,1,1,1,1,1,1,1,1,1,1,1,1,1,1,1,1,1,1,1,1,1,1,1,1,1,1,1,1,1,1,1,1,1,1,1,1,1,1,1,1,1,1,1,1,1,1,1,1,1,1,1,1,1,1,1,1,1,1,1,1,1,1,1,1,1,1,1,1,1,1,1,1,1,1,1,1,1,1,1,1,1,1,1,1,1,1,1,1,1,1,1,1,1,1,1,1,1,1,1,1,1,1,1,1,1,1,1,1,1,1,1,1,1,1,1,1,1,1,1,1,2,2,1,1,1,1,1,1,1,1,2,4,4,4,4,6,6,4,4,4,4,4,4,4,4,4,4,6,6,6,6,1,1,1,1,1,1,2,1,1,4,4,1,1,1,1,1,1,1,1,1,1,1,1,1,1,1,1,1,1,1,1,1,1,1,1,4,4,4,4,4,4,4,1,4,4,4,4,4,4,4,4,4,4,4,4,4,4,4,4,2,2,2,2,2,2,2,2,4,2,2,2,2,4,4,4,6,6,2,2,2,2,4,4,4,4,4,4,2,2,2,2,4,4,6,6,6,6,2,2,4,4,4,4,4,4,4,4,4,4,4,4,4,4,4,4,4,4,4,4,4,4,4,4,4,4,4,4,4,4,4,4,4,4,4,2,4,4,2,4,4,2,2,2,2,6,6,4,6,6,4,4,4,4,2,2,2,2,4,4,4,4,4,4,6,6,6,6,4,4,2,2,2,2,2,2,2,2,2,2,2,2,6,6,4,4,2,2,4,4,2,4,2,2,2,2,4,4,2,2,2,2,4,4,2,2,4,4,4,4,4,4,2,2,4,4,4,4,4,4,6,6,6,6,4,4,4,4,4,4,4,4,6,6,6,6,4,4,4,4,4,4,4,4,4,4,4,4,4,4,4,4,4,4,4,4,4,4,6,6,6,6,4,4,4,4,6,6,2,4,2,2,4,4,6,6,4,4,4,4,2,2,2,2,2,2,2,2,4,4,4,4,4,4,4,4,2,2,4,4,4,4,2,2,4,4,4,6,6,6,6,4,4,4,4,4,4,4,4,4,4,4,4,4,4,2,2,2,2,2,2,4,4,4,4,4,4,4,4,4,6,6,4,4,2,2,2,2,2,2,2,2,2,2,4,4,2,2,2,2,4,4,4,4,4,2,2,4,4,4,4,4,2,2,4,4,4,4,6,6,4,4,4,4,4,4,4,4,4,4,4,4,2,2,6,6,6,6,2,2,6,6,4,4,4,4,4,4,4,4,4,2,4,4,4,4,4,4,4,4,4,4,4,4,2,2,2,2,2,2,2,2,2,2,2,2,2,2,2,4,4,6,6,6,6,4,4,4,4,4,4,2,2,2,2,4,4,4,4,2,2,2,2,2,2,2,2,2,2,2,2,4,4,4,4,2,4,4,4,4,2]",1.0,1.0,1.0,1.0,1.0,0.0,0.0,0.0,0.0093266889329091,1.0,514.9057734346134,1.8113389699821472e-05,1.0,0.0,0.0093266889329091,0.0,0.0,0.0,4.663344466454568e-05,100,0.01,1.0,188300,81,0.1823779590004051,0.0014590410000892,33.929637500000354,0.9999999999258006,7.419942438247061e-11,1.000001496271292,1.4839884876494122e-10,1.000001496271292,0.1313158402493467,1.2181906614522262e-05,4.2899017671516054e-13,4.2899017671516054e-13,1e-12,analysis/fermionic_structure_ablation_hgbs5.csv,7.419931336016816e-11,1.0,1.0000014962712918
success,,F-F_1.28_hgbs-5_as-016-002,hamiltonian_generator/hgbs5_diatomic_basis_transfer/night/F-F/1.28/hgbs-5/F-F_1.28_hgbs-5_as-016-002.tensors.npz,F-F,1.28,hgbs-5,16,2,18,1027,1883,1442,0.7657992565055762,0,signed_parent_within_randomized,10,1296078254,"reference signed-fermionic parent-block order kept fixed and contiguous, but Pauli descendants randomly permuted inside each parent-owned block",d80aabdf10141cac,4b83ee362db0ecb2,"[1,1,1,1,1,1,1,1,1,1,1,1,1,1,1,1,1,1,1,1,1,1,1,1,1,1,1,1,1,1,1,1,1,1,1,1,1,1,1,1,1,1,1,1,1,1,1,1,1,1,1,1,1,1,1,1,1,1,1,1,1,1,1,1,1,1,1,1,1,1,1,1,1,1,1,1,1,1,1,1,1,1,1,1,1,1,1,1,1,1,1,1,1,1,1,1,1,1,1,1,1,1,1,1,1,1,1,1,1,1,1,1,1,1,1,1,1,1,1,1,1,1,1,1,1,1,1,1,1,1,2,2,1,1,1,1,1,1,1,1,2,4,4,4,4,6,6,4,4,4,4,4,4,4,4,4,4,6,6,6,6,1,1,1,1,1,1,2,1,1,4,4,1,1,1,1,1,1,1,1,1,1,1,1,1,1,1,1,1,1,1,1,1,1,1,1,4,4,4,4,4,4,4,1,4,4,4,4,4,4,4,4,4,4,4,4,4,4,4,4,2,2,2,2,2,2,2,2,4,2,2,2,2,4,4,4,6,6,2,2,2,2,4,4,4,4,4,4,2,2,2,2,4,4,6,6,6,6,2,2,4,4,4,4,4,4,4,4,4,4,4,4,4,4,4,4,4,4,4,4,4,4,4,4,4,4,4,4,4,4,4,4,4,4,4,2,4,4,2,4,4,2,2,2,2,6,6,4,6,6,4,4,4,4,2,2,2,2,4,4,4,4,4,4,6,6,6,6,4,4,2,2,2,2,2,2,2,2,2,2,2,2,6,6,4,4,2,2,4,4,2,4,2,2,2,2,4,4,2,2,2,2,4,4,2,2,4,4,4,4,4,4,2,2,4,4,4,4,4,4,6,6,6,6,4,4,4,4,4,4,4,4,6,6,6,6,4,4,4,4,4,4,4,4,4,4,4,4,4,4,4,4,4,4,4,4,4,4,6,6,6,6,4,4,4,4,6,6,2,4,2,2,4,4,6,6,4,4,4,4,2,2,2,2,2,2,2,2,4,4,4,4,4,4,4,4,2,2,4,4,4,4,2,2,4,4,4,6,6,6,6,4,4,4,4,4,4,4,4,4,4,4,4,4,4,2,2,2,2,2,2,4,4,4,4,4,4,4,4,4,6,6,4,4,2,2,2,2,2,2,2,2,2,2,4,4,2,2,2,2,4,4,4,4,4,2,2,4,4,4,4,4,2,2,4,4,4,4,6,6,4,4,4,4,4,4,4,4,4,4,4,4,2,2,6,6,6,6,2,2,6,6,4,4,4,4,4,4,4,4,4,2,4,4,4,4,4,4,4,4,4,4,4,4,2,2,2,2,2,2,2,2,2,2,2,2,2,2,2,4,4,6,6,6,6,4,4,4,4,4,4,2,2,2,2,4,4,4,4,2,2,2,2,2,2,2,2,2,2,2,2,4,4,4,4,2,4,4,4,4,2]",1.0,1.0,1.0,1.0,1.0,0.0,0.0,0.0,0.0093266889329091,1.0,514.9057734346134,1.8113389699821472e-05,1.0,0.0,0.0093266889329091,0.0,0.0,0.0,4.663344466454568e-05,100,0.01,1.0,188300,81,0.1823779590004051,0.0014590410000892,33.952790542,0.999999999925792,7.420786207745778e-11,1.0001152128894797,1.4841572415491555e-10,1.0001152128894797,0.1313158402494186,1.2182599236407456e-05,4.460876112943879e-13,4.460876112943879e-13,1e-12,analysis/fermionic_structure_ablation_hgbs5.csv,7.419931336016816e-11,1.0,1.0001152128894795
success,,F-F_1.28_hgbs-5_as-016-002,hamiltonian_generator/hgbs5_diatomic_basis_transfer/night/F-F/1.28/hgbs-5/F-F_1.28_hgbs-5_as-016-002.tensors.npz,F-F,1.28,hgbs-5,16,2,18,1027,1883,1442,0.7657992565055762,0,signed_parent_within_randomized,11,3602976112,"reference signed-fermionic parent-block order kept fixed and contiguous, but Pauli descendants randomly permuted inside each parent-owned block",d80aabdf10141cac,b3edb7e31bc0cfd9,"[1,1,1,1,1,1,1,1,1,1,1,1,1,1,1,1,1,1,1,1,1,1,1,1,1,1,1,1,1,1,1,1,1,1,1,1,1,1,1,1,1,1,1,1,1,1,1,1,1,1,1,1,1,1,1,1,1,1,1,1,1,1,1,1,1,1,1,1,1,1,1,1,1,1,1,1,1,1,1,1,1,1,1,1,1,1,1,1,1,1,1,1,1,1,1,1,1,1,1,1,1,1,1,1,1,1,1,1,1,1,1,1,1,1,1,1,1,1,1,1,1,1,1,1,1,1,1,1,1,1,2,2,1,1,1,1,1,1,1,1,2,4,4,4,4,6,6,4,4,4,4,4,4,4,4,4,4,6,6,6,6,1,1,1,1,1,1,2,1,1,4,4,1,1,1,1,1,1,1,1,1,1,1,1,1,1,1,1,1,1,1,1,1,1,1,1,4,4,4,4,4,4,4,1,4,4,4,4,4,4,4,4,4,4,4,4,4,4,4,4,2,2,2,2,2,2,2,2,4,2,2,2,2,4,4,4,6,6,2,2,2,2,4,4,4,4,4,4,2,2,2,2,4,4,6,6,6,6,2,2,4,4,4,4,4,4,4,4,4,4,4,4,4,4,4,4,4,4,4,4,4,4,4,4,4,4,4,4,4,4,4,4,4,4,4,2,4,4,2,4,4,2,2,2,2,6,6,4,6,6,4,4,4,4,2,2,2,2,4,4,4,4,4,4,6,6,6,6,4,4,2,2,2,2,2,2,2,2,2,2,2,2,6,6,4,4,2,2,4,4,2,4,2,2,2,2,4,4,2,2,2,2,4,4,2,2,4,4,4,4,4,4,2,2,4,4,4,4,4,4,6,6,6,6,4,4,4,4,4,4,4,4,6,6,6,6,4,4,4,4,4,4,4,4,4,4,4,4,4,4,4,4,4,4,4,4,4,4,6,6,6,6,4,4,4,4,6,6,2,4,2,2,4,4,6,6,4,4,4,4,2,2,2,2,2,2,2,2,4,4,4,4,4,4,4,4,2,2,4,4,4,4,2,2,4,4,4,6,6,6,6,4,4,4,4,4,4,4,4,4,4,4,4,4,4,2,2,2,2,2,2,4,4,4,4,4,4,4,4,4,6,6,4,4,2,2,2,2,2,2,2,2,2,2,4,4,2,2,2,2,4,4,4,4,4,2,2,4,4,4,4,4,2,2,4,4,4,4,6,6,4,4,4,4,4,4,4,4,4,4,4,4,2,2,6,6,6,6,2,2,6,6,4,4,4,4,4,4,4,4,4,2,4,4,4,4,4,4,4,4,4,4,4,4,2,2,2,2,2,2,2,2,2,2,2,2,2,2,2,4,4,6,6,6,6,4,4,4,4,4,4,2,2,2,2,4,4,4,4,2,2,2,2,2,2,2,2,2,2,2,2,4,4,4,4,2,4,4,4,4,2]",1.0,1.0,1.0,1.0,1.0,0.0,0.0,0.0,0.0093266889329091,1.0,514.9057734346134,1.8113389699821472e-05,1.0,0.0,0.0093266889329091,0.0,0.0,0.0,4.663344466454568e-05,100,0.01,1.0,188300,81,0.1823779590004051,0.0014590410000892,34.694522875000075,0.9999999999257946,7.420541958680359e-11,1.0000822949210568,1.4841083917360717e-10,1.0000822949210568,0.1313158402493949,1.2182398744648248e-05,4.412026299860372e-13,4.412026299860372e-13,1e-12,analysis/fermionic_structure_ablation_hgbs5.csv,7.419931336016816e-11,1.0,1.0000822949210566
success,,F-F_1.28_hgbs-5_as-016-002,hamiltonian_generator/hgbs5_diatomic_basis_transfer/night/F-F/1.28/hgbs-5/F-F_1.28_hgbs-5_as-016-002.tensors.npz,F-F,1.28,hgbs-5,16,2,18,1027,1883,1442,0.7657992565055762,0,signed_parent_within_randomized,12,2560475014,"reference signed-fermionic parent-block order kept fixed and contiguous, but Pauli descendants randomly permuted inside each parent-owned block",d80aabdf10141cac,d7926b9f957dca7e,"[1,1,1,1,1,1,1,1,1,1,1,1,1,1,1,1,1,1,1,1,1,1,1,1,1,1,1,1,1,1,1,1,1,1,1,1,1,1,1,1,1,1,1,1,1,1,1,1,1,1,1,1,1,1,1,1,1,1,1,1,1,1,1,1,1,1,1,1,1,1,1,1,1,1,1,1,1,1,1,1,1,1,1,1,1,1,1,1,1,1,1,1,1,1,1,1,1,1,1,1,1,1,1,1,1,1,1,1,1,1,1,1,1,1,1,1,1,1,1,1,1,1,1,1,1,1,1,1,1,1,2,2,1,1,1,1,1,1,1,1,2,4,4,4,4,6,6,4,4,4,4,4,4,4,4,4,4,6,6,6,6,1,1,1,1,1,1,2,1,1,4,4,1,1,1,1,1,1,1,1,1,1,1,1,1,1,1,1,1,1,1,1,1,1,1,1,4,4,4,4,4,4,4,1,4,4,4,4,4,4,4,4,4,4,4,4,4,4,4,4,2,2,2,2,2,2,2,2,4,2,2,2,2,4,4,4,6,6,2,2,2,2,4,4,4,4,4,4,2,2,2,2,4,4,6,6,6,6,2,2,4,4,4,4,4,4,4,4,4,4,4,4,4,4,4,4,4,4,4,4,4,4,4,4,4,4,4,4,4,4,4,4,4,4,4,2,4,4,2,4,4,2,2,2,2,6,6,4,6,6,4,4,4,4,2,2,2,2,4,4,4,4,4,4,6,6,6,6,4,4,2,2,2,2,2,2,2,2,2,2,2,2,6,6,4,4,2,2,4,4,2,4,2,2,2,2,4,4,2,2,2,2,4,4,2,2,4,4,4,4,4,4,2,2,4,4,4,4,4,4,6,6,6,6,4,4,4,4,4,4,4,4,6,6,6,6,4,4,4,4,4,4,4,4,4,4,4,4,4,4,4,4,4,4,4,4,4,4,6,6,6,6,4,4,4,4,6,6,2,4,2,2,4,4,6,6,4,4,4,4,2,2,2,2,2,2,2,2,4,4,4,4,4,4,4,4,2,2,4,4,4,4,2,2,4,4,4,6,6,6,6,4,4,4,4,4,4,4,4,4,4,4,4,4,4,2,2,2,2,2,2,4,4,4,4,4,4,4,4,4,6,6,4,4,2,2,2,2,2,2,2,2,2,2,4,4,2,2,2,2,4,4,4,4,4,2,2,4,4,4,4,4,2,2,4,4,4,4,6,6,4,4,4,4,4,4,4,4,4,4,4,4,2,2,6,6,6,6,2,2,6,6,4,4,4,4,4,4,4,4,4,2,4,4,4,4,4,4,4,4,4,4,4,4,2,2,2,2,2,2,2,2,2,2,2,2,2,2,2,4,4,6,6,6,6,4,4,4,4,4,4,2,2,2,2,4,4,4,4,2,2,2,2,2,2,2,2,2,2,2,2,4,4,4,4,2,4,4,4,4,2]",1.0,1.0,1.0,1.0,1.0,0.0,0.0,0.0,0.0093266889329091,1.0,514.9057734346134,1.8113389699821472e-05,1.0,0.0,0.0093266889329091,0.0,0.0,0.0,4.663344466454568e-05,100,0.01,1.0,188300,81,0.1823779590004051,0.0014590410000892,34.669718124999235,0.9999999999258018,7.419820313714354e-11,0.9999850372870804,1.4839640627428707e-10,0.9999850372870804,0.1313158402493366,1.218180636335544e-05,4.2654768606098514e-13,4.2654768606098514e-13,1e-12,analysis/fermionic_structure_ablation_hgbs5.csv,7.419931336016816e-11,1.0,0.9999850372870805
success,,F-F_1.28_hgbs-5_as-016-002,hamiltonian_generator/hgbs5_diatomic_basis_transfer/night/F-F/1.28/hgbs-5/F-F_1.28_hgbs-5_as-016-002.tensors.npz,F-F,1.28,hgbs-5,16,2,18,1027,1883,1442,0.7657992565055762,0,signed_parent_within_randomized,13,481785276,"reference signed-fermionic parent-block order kept fixed and contiguous, but Pauli descendants randomly permuted inside each parent-owned block",d80aabdf10141cac,f6acbc4abc3d7b73,"[1,1,1,1,1,1,1,1,1,1,1,1,1,1,1,1,1,1,1,1,1,1,1,1,1,1,1,1,1,1,1,1,1,1,1,1,1,1,1,1,1,1,1,1,1,1,1,1,1,1,1,1,1,1,1,1,1,1,1,1,1,1,1,1,1,1,1,1,1,1,1,1,1,1,1,1,1,1,1,1,1,1,1,1,1,1,1,1,1,1,1,1,1,1,1,1,1,1,1,1,1,1,1,1,1,1,1,1,1,1,1,1,1,1,1,1,1,1,1,1,1,1,1,1,1,1,1,1,1,1,2,2,1,1,1,1,1,1,1,1,2,4,4,4,4,6,6,4,4,4,4,4,4,4,4,4,4,6,6,6,6,1,1,1,1,1,1,2,1,1,4,4,1,1,1,1,1,1,1,1,1,1,1,1,1,1,1,1,1,1,1,1,1,1,1,1,4,4,4,4,4,4,4,1,4,4,4,4,4,4,4,4,4,4,4,4,4,4,4,4,2,2,2,2,2,2,2,2,4,2,2,2,2,4,4,4,6,6,2,2,2,2,4,4,4,4,4,4,2,2,2,2,4,4,6,6,6,6,2,2,4,4,4,4,4,4,4,4,4,4,4,4,4,4,4,4,4,4,4,4,4,4,4,4,4,4,4,4,4,4,4,4,4,4,4,2,4,4,2,4,4,2,2,2,2,6,6,4,6,6,4,4,4,4,2,2,2,2,4,4,4,4,4,4,6,6,6,6,4,4,2,2,2,2,2,2,2,2,2,2,2,2,6,6,4,4,2,2,4,4,2,4,2,2,2,2,4,4,2,2,2,2,4,4,2,2,4,4,4,4,4,4,2,2,4,4,4,4,4,4,6,6,6,6,4,4,4,4,4,4,4,4,6,6,6,6,4,4,4,4,4,4,4,4,4,4,4,4,4,4,4,4,4,4,4,4,4,4,6,6,6,6,4,4,4,4,6,6,2,4,2,2,4,4,6,6,4,4,4,4,2,2,2,2,2,2,2,2,4,4,4,4,4,4,4,4,2,2,4,4,4,4,2,2,4,4,4,6,6,6,6,4,4,4,4,4,4,4,4,4,4,4,4,4,4,2,2,2,2,2,2,4,4,4,4,4,4,4,4,4,6,6,4,4,2,2,2,2,2,2,2,2,2,2,4,4,2,2,2,2,4,4,4,4,4,2,2,4,4,4,4,4,2,2,4,4,4,4,6,6,4,4,4,4,4,4,4,4,4,4,4,4,2,2,6,6,6,6,2,2,6,6,4,4,4,4,4,4,4,4,4,2,4,4,4,4,4,4,4,4,4,4,4,4,2,2,2,2,2,2,2,2,2,2,2,2,2,2,2,4,4,6,6,6,6,4,4,4,4,4,4,2,2,2,2,4,4,4,4,2,2,2,2,2,2,2,2,2,2,2,2,4,4,4,4,2,4,4,4,4,2]",1.0,1.0,1.0,1.0,1.0,0.0,0.0,0.0,0.0093266889329091,1.0,514.9057734346134,1.8113389699821472e-05,1.0,0.0,0.0093266889329091,0.0,0.0,0.0,4.663344466454568e-05,100,0.01,1.0,188300,81,0.1823779590004051,0.0014590410000892,34.74260754200077,0.999999999925808,7.41920969105081e-11,0.9999027423660238,1.483841938210162e-10,0.9999027423660238,0.1313158402493028,1.2181305095145436e-05,4.1389114358025846e-13,4.1389114358025846e-13,1e-12,analysis/fermionic_structure_ablation_hgbs5.csv,7.419931336016816e-11,1.0,0.9999027423660238
success,,F-F_1.28_hgbs-5_as-016-002,hamiltonian_generator/hgbs5_diatomic_basis_transfer/night/F-F/1.28/hgbs-5/F-F_1.28_hgbs-5_as-016-002.tensors.npz,F-F,1.28,hgbs-5,16,2,18,1027,1883,1442,0.7657992565055762,0,signed_parent_within_randomized,14,1671837673,"reference signed-fermionic parent-block order kept fixed and contiguous, but Pauli descendants randomly permuted inside each parent-owned block",d80aabdf10141cac,4dded1a0a6c1ef78,"[1,1,1,1,1,1,1,1,1,1,1,1,1,1,1,1,1,1,1,1,1,1,1,1,1,1,1,1,1,1,1,1,1,1,1,1,1,1,1,1,1,1,1,1,1,1,1,1,1,1,1,1,1,1,1,1,1,1,1,1,1,1,1,1,1,1,1,1,1,1,1,1,1,1,1,1,1,1,1,1,1,1,1,1,1,1,1,1,1,1,1,1,1,1,1,1,1,1,1,1,1,1,1,1,1,1,1,1,1,1,1,1,1,1,1,1,1,1,1,1,1,1,1,1,1,1,1,1,1,1,2,2,1,1,1,1,1,1,1,1,2,4,4,4,4,6,6,4,4,4,4,4,4,4,4,4,4,6,6,6,6,1,1,1,1,1,1,2,1,1,4,4,1,1,1,1,1,1,1,1,1,1,1,1,1,1,1,1,1,1,1,1,1,1,1,1,4,4,4,4,4,4,4,1,4,4,4,4,4,4,4,4,4,4,4,4,4,4,4,4,2,2,2,2,2,2,2,2,4,2,2,2,2,4,4,4,6,6,2,2,2,2,4,4,4,4,4,4,2,2,2,2,4,4,6,6,6,6,2,2,4,4,4,4,4,4,4,4,4,4,4,4,4,4,4,4,4,4,4,4,4,4,4,4,4,4,4,4,4,4,4,4,4,4,4,2,4,4,2,4,4,2,2,2,2,6,6,4,6,6,4,4,4,4,2,2,2,2,4,4,4,4,4,4,6,6,6,6,4,4,2,2,2,2,2,2,2,2,2,2,2,2,6,6,4,4,2,2,4,4,2,4,2,2,2,2,4,4,2,2,2,2,4,4,2,2,4,4,4,4,4,4,2,2,4,4,4,4,4,4,6,6,6,6,4,4,4,4,4,4,4,4,6,6,6,6,4,4,4,4,4,4,4,4,4,4,4,4,4,4,4,4,4,4,4,4,4,4,6,6,6,6,4,4,4,4,6,6,2,4,2,2,4,4,6,6,4,4,4,4,2,2,2,2,2,2,2,2,4,4,4,4,4,4,4,4,2,2,4,4,4,4,2,2,4,4,4,6,6,6,6,4,4,4,4,4,4,4,4,4,4,4,4,4,4,2,2,2,2,2,2,4,4,4,4,4,4,4,4,4,6,6,4,4,2,2,2,2,2,2,2,2,2,2,4,4,2,2,2,2,4,4,4,4,4,2,2,4,4,4,4,4,2,2,4,4,4,4,6,6,4,4,4,4,4,4,4,4,4,4,4,4,2,2,6,6,6,6,2,2,6,6,4,4,4,4,4,4,4,4,4,2,4,4,4,4,4,4,4,4,4,4,4,4,2,2,2,2,2,2,2,2,2,2,2,2,2,2,2,4,4,6,6,6,6,4,4,4,4,4,4,2,2,2,2,4,4,4,4,2,2,2,2,2,2,2,2,2,2,2,2,4,4,4,4,2,4,4,4,4,2]",1.0,1.0,1.0,1.0,1.0,0.0,0.0,0.0,0.0093266889329091,1.0,514.9057734346134,1.8113389699821472e-05,1.0,0.0,0.0093266889329091,0.0,0.0,0.0,4.663344466454568e-05,100,0.01,1.0,188300,81,0.1823779590004051,0.0014590410000892,34.642330292000224,0.9999999999258106,7.4189432375249e-11,0.9998668318550172,1.48378864750498e-10,0.9998668318550172,0.1313158402492766,1.2181086353461991e-05,4.087841176669827e-13,4.087841176669827e-13,1e-12,analysis/fermionic_structure_ablation_hgbs5.csv,7.419931336016816e-11,1.0,0.9998668318550173
success,,F-F_1.28_hgbs-5_as-016-002,hamiltonian_generator/hgbs5_diatomic_basis_transfer/night/F-F/1.28/hgbs-5/F-F_1.28_hgbs-5_as-016-002.tensors.npz,F-F,1.28,hgbs-5,16,2,18,1027,1883,1442,0.7657992565055762,0,signed_parent_within_randomized,15,4057515845,"reference signed-fermionic parent-block order kept fixed and contiguous, but Pauli descendants randomly permuted inside each parent-owned block",d80aabdf10141cac,a1a5923f5048e91c,"[1,1,1,1,1,1,1,1,1,1,1,1,1,1,1,1,1,1,1,1,1,1,1,1,1,1,1,1,1,1,1,1,1,1,1,1,1,1,1,1,1,1,1,1,1,1,1,1,1,1,1,1,1,1,1,1,1,1,1,1,1,1,1,1,1,1,1,1,1,1,1,1,1,1,1,1,1,1,1,1,1,1,1,1,1,1,1,1,1,1,1,1,1,1,1,1,1,1,1,1,1,1,1,1,1,1,1,1,1,1,1,1,1,1,1,1,1,1,1,1,1,1,1,1,1,1,1,1,1,1,2,2,1,1,1,1,1,1,1,1,2,4,4,4,4,6,6,4,4,4,4,4,4,4,4,4,4,6,6,6,6,1,1,1,1,1,1,2,1,1,4,4,1,1,1,1,1,1,1,1,1,1,1,1,1,1,1,1,1,1,1,1,1,1,1,1,4,4,4,4,4,4,4,1,4,4,4,4,4,4,4,4,4,4,4,4,4,4,4,4,2,2,2,2,2,2,2,2,4,2,2,2,2,4,4,4,6,6,2,2,2,2,4,4,4,4,4,4,2,2,2,2,4,4,6,6,6,6,2,2,4,4,4,4,4,4,4,4,4,4,4,4,4,4,4,4,4,4,4,4,4,4,4,4,4,4,4,4,4,4,4,4,4,4,4,2,4,4,2,4,4,2,2,2,2,6,6,4,6,6,4,4,4,4,2,2,2,2,4,4,4,4,4,4,6,6,6,6,4,4,2,2,2,2,2,2,2,2,2,2,2,2,6,6,4,4,2,2,4,4,2,4,2,2,2,2,4,4,2,2,2,2,4,4,2,2,4,4,4,4,4,4,2,2,4,4,4,4,4,4,6,6,6,6,4,4,4,4,4,4,4,4,6,6,6,6,4,4,4,4,4,4,4,4,4,4,4,4,4,4,4,4,4,4,4,4,4,4,6,6,6,6,4,4,4,4,6,6,2,4,2,2,4,4,6,6,4,4,4,4,2,2,2,2,2,2,2,2,4,4,4,4,4,4,4,4,2,2,4,4,4,4,2,2,4,4,4,6,6,6,6,4,4,4,4,4,4,4,4,4,4,4,4,4,4,2,2,2,2,2,2,4,4,4,4,4,4,4,4,4,6,6,4,4,2,2,2,2,2,2,2,2,2,2,4,4,2,2,2,2,4,4,4,4,4,2,2,4,4,4,4,4,2,2,4,4,4,4,6,6,4,4,4,4,4,4,4,4,4,4,4,4,2,2,6,6,6,6,2,2,6,6,4,4,4,4,4,4,4,4,4,2,4,4,4,4,4,4,4,4,4,4,4,4,2,2,2,2,2,2,2,2,2,2,2,2,2,2,2,4,4,6,6,6,6,4,4,4,4,4,4,2,2,2,2,4,4,4,4,2,2,2,2,2,2,2,2,2,2,2,2,4,4,4,4,2,4,4,4,4,2]",1.0,1.0,1.0,1.0,1.0,0.0,0.0,0.0,0.0093266889329091,1.0,514.9057734346134,1.8113389699821472e-05,1.0,0.0,0.0093266889329091,0.0,0.0,0.0,4.663344466454568e-05,100,0.01,1.0,188300,81,0.1823779590004051,0.0014590410000892,33.806572833000246,0.9999999999257976,7.420253300693956e-11,1.0000433918674665,1.4840506601387915e-10,1.0000433918674665,0.1313158402493763,1.2182161795587808e-05,4.3498538104813633e-13,4.3498538104813633e-13,1e-12,analysis/fermionic_structure_ablation_hgbs5.csv,7.419931336016816e-11,1.0,1.000043391867466
success,,F-F_1.28_hgbs-5_as-016-002,hamiltonian_generator/hgbs5_diatomic_basis_transfer/night/F-F/1.28/hgbs-5/F-F_1.28_hgbs-5_as-016-002.tensors.npz,F-F,1.28,hgbs-5,16,2,18,1027,1883,1442,0.7657992565055762,0,signed_parent_within_randomized,16,3560114072,"reference signed-fermionic parent-block order kept fixed and contiguous, but Pauli descendants randomly permuted inside each parent-owned block",d80aabdf10141cac,eed22d921e2b4891,"[1,1,1,1,1,1,1,1,1,1,1,1,1,1,1,1,1,1,1,1,1,1,1,1,1,1,1,1,1,1,1,1,1,1,1,1,1,1,1,1,1,1,1,1,1,1,1,1,1,1,1,1,1,1,1,1,1,1,1,1,1,1,1,1,1,1,1,1,1,1,1,1,1,1,1,1,1,1,1,1,1,1,1,1,1,1,1,1,1,1,1,1,1,1,1,1,1,1,1,1,1,1,1,1,1,1,1,1,1,1,1,1,1,1,1,1,1,1,1,1,1,1,1,1,1,1,1,1,1,1,2,2,1,1,1,1,1,1,1,1,2,4,4,4,4,6,6,4,4,4,4,4,4,4,4,4,4,6,6,6,6,1,1,1,1,1,1,2,1,1,4,4,1,1,1,1,1,1,1,1,1,1,1,1,1,1,1,1,1,1,1,1,1,1,1,1,4,4,4,4,4,4,4,1,4,4,4,4,4,4,4,4,4,4,4,4,4,4,4,4,2,2,2,2,2,2,2,2,4,2,2,2,2,4,4,4,6,6,2,2,2,2,4,4,4,4,4,4,2,2,2,2,4,4,6,6,6,6,2,2,4,4,4,4,4,4,4,4,4,4,4,4,4,4,4,4,4,4,4,4,4,4,4,4,4,4,4,4,4,4,4,4,4,4,4,2,4,4,2,4,4,2,2,2,2,6,6,4,6,6,4,4,4,4,2,2,2,2,4,4,4,4,4,4,6,6,6,6,4,4,2,2,2,2,2,2,2,2,2,2,2,2,6,6,4,4,2,2,4,4,2,4,2,2,2,2,4,4,2,2,2,2,4,4,2,2,4,4,4,4,4,4,2,2,4,4,4,4,4,4,6,6,6,6,4,4,4,4,4,4,4,4,6,6,6,6,4,4,4,4,4,4,4,4,4,4,4,4,4,4,4,4,4,4,4,4,4,4,6,6,6,6,4,4,4,4,6,6,2,4,2,2,4,4,6,6,4,4,4,4,2,2,2,2,2,2,2,2,4,4,4,4,4,4,4,4,2,2,4,4,4,4,2,2,4,4,4,6,6,6,6,4,4,4,4,4,4,4,4,4,4,4,4,4,4,2,2,2,2,2,2,4,4,4,4,4,4,4,4,4,6,6,4,4,2,2,2,2,2,2,2,2,2,2,4,4,2,2,2,2,4,4,4,4,4,2,2,4,4,4,4,4,2,2,4,4,4,4,6,6,4,4,4,4,4,4,4,4,4,4,4,4,2,2,6,6,6,6,2,2,6,6,4,4,4,4,4,4,4,4,4,2,4,4,4,4,4,4,4,4,4,4,4,4,2,2,2,2,2,2,2,2,2,2,2,2,2,2,2,4,4,6,6,6,6,4,4,4,4,4,4,2,2,2,2,4,4,4,4,2,2,2,2,2,2,2,2,2,2,2,2,4,4,4,4,2,4,4,4,4,2]",1.0,1.0,1.0,1.0,1.0,0.0,0.0,0.0,0.0093266889329091,1.0,514.9057734346134,1.8113389699821472e-05,1.0,0.0,0.0093266889329091,0.0,0.0,0.0,4.663344466454568e-05,100,0.01,1.0,188300,81,0.1823779590004051,0.0014590410000892,33.900872124999296,0.9999999999258026,7.41974259810263e-11,0.999974563388037,1.483948519620526e-10,0.999974563388037,0.1313158402493374,1.2181742566728809e-05,4.2454928461665986e-13,4.2454928461665986e-13,1e-12,analysis/fermionic_structure_ablation_hgbs5.csv,7.419931336016816e-11,1.0,0.999974563388037
success,,F-F_1.28_hgbs-5_as-016-002,hamiltonian_generator/hgbs5_diatomic_basis_transfer/night/F-F/1.28/hgbs-5/F-F_1.28_hgbs-5_as-016-002.tensors.npz,F-F,1.28,hgbs-5,16,2,18,1027,1883,1442,0.7657992565055762,0,signed_parent_within_randomized,17,2468961193,"reference signed-fermionic parent-block order kept fixed and contiguous, but Pauli descendants randomly permuted inside each parent-owned block",d80aabdf10141cac,06bc6b253322bb47,"[1,1,1,1,1,1,1,1,1,1,1,1,1,1,1,1,1,1,1,1,1,1,1,1,1,1,1,1,1,1,1,1,1,1,1,1,1,1,1,1,1,1,1,1,1,1,1,1,1,1,1,1,1,1,1,1,1,1,1,1,1,1,1,1,1,1,1,1,1,1,1,1,1,1,1,1,1,1,1,1,1,1,1,1,1,1,1,1,1,1,1,1,1,1,1,1,1,1,1,1,1,1,1,1,1,1,1,1,1,1,1,1,1,1,1,1,1,1,1,1,1,1,1,1,1,1,1,1,1,1,2,2,1,1,1,1,1,1,1,1,2,4,4,4,4,6,6,4,4,4,4,4,4,4,4,4,4,6,6,6,6,1,1,1,1,1,1,2,1,1,4,4,1,1,1,1,1,1,1,1,1,1,1,1,1,1,1,1,1,1,1,1,1,1,1,1,4,4,4,4,4,4,4,1,4,4,4,4,4,4,4,4,4,4,4,4,4,4,4,4,2,2,2,2,2,2,2,2,4,2,2,2,2,4,4,4,6,6,2,2,2,2,4,4,4,4,4,4,2,2,2,2,4,4,6,6,6,6,2,2,4,4,4,4,4,4,4,4,4,4,4,4,4,4,4,4,4,4,4,4,4,4,4,4,4,4,4,4,4,4,4,4,4,4,4,2,4,4,2,4,4,2,2,2,2,6,6,4,6,6,4,4,4,4,2,2,2,2,4,4,4,4,4,4,6,6,6,6,4,4,2,2,2,2,2,2,2,2,2,2,2,2,6,6,4,4,2,2,4,4,2,4,2,2,2,2,4,4,2,2,2,2,4,4,2,2,4,4,4,4,4,4,2,2,4,4,4,4,4,4,6,6,6,6,4,4,4,4,4,4,4,4,6,6,6,6,4,4,4,4,4,4,4,4,4,4,4,4,4,4,4,4,4,4,4,4,4,4,6,6,6,6,4,4,4,4,6,6,2,4,2,2,4,4,6,6,4,4,4,4,2,2,2,2,2,2,2,2,4,4,4,4,4,4,4,4,2,2,4,4,4,4,2,2,4,4,4,6,6,6,6,4,4,4,4,4,4,4,4,4,4,4,4,4,4,2,2,2,2,2,2,4,4,4,4,4,4,4,4,4,6,6,4,4,2,2,2,2,2,2,2,2,2,2,4,4,2,2,2,2,4,4,4,4,4,2,2,4,4,4,4,4,2,2,4,4,4,4,6,6,4,4,4,4,4,4,4,4,4,4,4,4,2,2,6,6,6,6,2,2,6,6,4,4,4,4,4,4,4,4,4,2,4,4,4,4,4,4,4,4,4,4,4,4,2,2,2,2,2,2,2,2,2,2,2,2,2,2,2,4,4,6,6,6,6,4,4,4,4,4,4,2,2,2,2,4,4,4,4,2,2,2,2,2,2,2,2,2,2,2,2,4,4,4,4,2,4,4,4,4,2]",1.0,1.0,1.0,1.0,1.0,0.0,0.0,0.0,0.0093266889329091,1.0,514.9057734346134,1.8113389699821472e-05,1.0,0.0,0.0093266889329091,0.0,0.0,0.0,4.663344466454568e-05,100,0.01,1.0,188300,81,0.1823779590004051,0.0014590410000892,33.767717458000334,0.9999999999258038,7.419620473569921e-11,0.9999581044038256,1.4839240947139842e-10,0.9999581044038256,0.131315840249329,1.2181642314211924e-05,4.227729277772596e-13,4.227729277772596e-13,1e-12,analysis/fermionic_structure_ablation_hgbs5.csv,7.419931336016816e-11,1.0,0.9999581044038257
success,,F-F_1.28_hgbs-5_as-016-002,hamiltonian_generator/hgbs5_diatomic_basis_transfer/night/F-F/1.28/hgbs-5/F-F_1.28_hgbs-5_as-016-002.tensors.npz,F-F,1.28,hgbs-5,16,2,18,1027,1883,1442,0.7657992565055762,0,signed_parent_within_randomized,18,1936852807,"reference signed-fermionic parent-block order kept fixed and contiguous, but Pauli descendants randomly permuted inside each parent-owned block",d80aabdf10141cac,17a17716f15e8790,"[1,1,1,1,1,1,1,1,1,1,1,1,1,1,1,1,1,1,1,1,1,1,1,1,1,1,1,1,1,1,1,1,1,1,1,1,1,1,1,1,1,1,1,1,1,1,1,1,1,1,1,1,1,1,1,1,1,1,1,1,1,1,1,1,1,1,1,1,1,1,1,1,1,1,1,1,1,1,1,1,1,1,1,1,1,1,1,1,1,1,1,1,1,1,1,1,1,1,1,1,1,1,1,1,1,1,1,1,1,1,1,1,1,1,1,1,1,1,1,1,1,1,1,1,1,1,1,1,1,1,2,2,1,1,1,1,1,1,1,1,2,4,4,4,4,6,6,4,4,4,4,4,4,4,4,4,4,6,6,6,6,1,1,1,1,1,1,2,1,1,4,4,1,1,1,1,1,1,1,1,1,1,1,1,1,1,1,1,1,1,1,1,1,1,1,1,4,4,4,4,4,4,4,1,4,4,4,4,4,4,4,4,4,4,4,4,4,4,4,4,2,2,2,2,2,2,2,2,4,2,2,2,2,4,4,4,6,6,2,2,2,2,4,4,4,4,4,4,2,2,2,2,4,4,6,6,6,6,2,2,4,4,4,4,4,4,4,4,4,4,4,4,4,4,4,4,4,4,4,4,4,4,4,4,4,4,4,4,4,4,4,4,4,4,4,2,4,4,2,4,4,2,2,2,2,6,6,4,6,6,4,4,4,4,2,2,2,2,4,4,4,4,4,4,6,6,6,6,4,4,2,2,2,2,2,2,2,2,2,2,2,2,6,6,4,4,2,2,4,4,2,4,2,2,2,2,4,4,2,2,2,2,4,4,2,2,4,4,4,4,4,4,2,2,4,4,4,4,4,4,6,6,6,6,4,4,4,4,4,4,4,4,6,6,6,6,4,4,4,4,4,4,4,4,4,4,4,4,4,4,4,4,4,4,4,4,4,4,6,6,6,6,4,4,4,4,6,6,2,4,2,2,4,4,6,6,4,4,4,4,2,2,2,2,2,2,2,2,4,4,4,4,4,4,4,4,2,2,4,4,4,4,2,2,4,4,4,6,6,6,6,4,4,4,4,4,4,4,4,4,4,4,4,4,4,2,2,2,2,2,2,4,4,4,4,4,4,4,4,4,6,6,4,4,2,2,2,2,2,2,2,2,2,2,4,4,2,2,2,2,4,4,4,4,4,2,2,4,4,4,4,4,2,2,4,4,4,4,6,6,4,4,4,4,4,4,4,4,4,4,4,4,2,2,6,6,6,6,2,2,6,6,4,4,4,4,4,4,4,4,4,2,4,4,4,4,4,4,4,4,4,4,4,4,2,2,2,2,2,2,2,2,2,2,2,2,2,2,2,4,4,6,6,6,6,4,4,4,4,4,4,2,2,2,2,4,4,4,4,2,2,2,2,2,2,2,2,2,2,2,2,4,4,4,4,2,4,4,4,4,2]",1.0,1.0,1.0,1.0,1.0,0.0,0.0,0.0,0.0093266889329091,1.0,514.9057734346134,1.8113389699821472e-05,1.0,0.0,0.0093266889329091,0.0,0.0,0.0,4.663344466454568e-05,100,0.01,1.0,188300,81,0.1823779590004051,0.0014590410000892,34.47172808400046,0.9999999999258108,7.418932135294654e-11,0.9998653355837254,1.4837864270589307e-10,0.9998653355837254,0.1313158402492909,1.218107723913994e-05,4.087841176669827e-13,4.087841176669827e-13,1e-12,analysis/fermionic_structure_ablation_hgbs5.csv,7.419931336016816e-11,1.0,0.9998653355837254
success,,F-F_1.28_hgbs-5_as-016-002,hamiltonian_generator/hgbs5_diatomic_basis_transfer/night/F-F/1.28/hgbs-5/F-F_1.28_hgbs-5_as-016-002.tensors.npz,F-F,1.28,hgbs-5,16,2,18,1027,1883,1442,0.7657992565055762,0,signed_parent_within_randomized,19,3971452774,"reference signed-fermionic parent-block order kept fixed and contiguous, but Pauli descendants randomly permuted inside each parent-owned block",d80aabdf10141cac,1923cabaa921380f,"[1,1,1,1,1,1,1,1,1,1,1,1,1,1,1,1,1,1,1,1,1,1,1,1,1,1,1,1,1,1,1,1,1,1,1,1,1,1,1,1,1,1,1,1,1,1,1,1,1,1,1,1,1,1,1,1,1,1,1,1,1,1,1,1,1,1,1,1,1,1,1,1,1,1,1,1,1,1,1,1,1,1,1,1,1,1,1,1,1,1,1,1,1,1,1,1,1,1,1,1,1,1,1,1,1,1,1,1,1,1,1,1,1,1,1,1,1,1,1,1,1,1,1,1,1,1,1,1,1,1,2,2,1,1,1,1,1,1,1,1,2,4,4,4,4,6,6,4,4,4,4,4,4,4,4,4,4,6,6,6,6,1,1,1,1,1,1,2,1,1,4,4,1,1,1,1,1,1,1,1,1,1,1,1,1,1,1,1,1,1,1,1,1,1,1,1,4,4,4,4,4,4,4,1,4,4,4,4,4,4,4,4,4,4,4,4,4,4,4,4,2,2,2,2,2,2,2,2,4,2,2,2,2,4,4,4,6,6,2,2,2,2,4,4,4,4,4,4,2,2,2,2,4,4,6,6,6,6,2,2,4,4,4,4,4,4,4,4,4,4,4,4,4,4,4,4,4,4,4,4,4,4,4,4,4,4,4,4,4,4,4,4,4,4,4,2,4,4,2,4,4,2,2,2,2,6,6,4,6,6,4,4,4,4,2,2,2,2,4,4,4,4,4,4,6,6,6,6,4,4,2,2,2,2,2,2,2,2,2,2,2,2,6,6,4,4,2,2,4,4,2,4,2,2,2,2,4,4,2,2,2,2,4,4,2,2,4,4,4,4,4,4,2,2,4,4,4,4,4,4,6,6,6,6,4,4,4,4,4,4,4,4,6,6,6,6,4,4,4,4,4,4,4,4,4,4,4,4,4,4,4,4,4,4,4,4,4,4,6,6,6,6,4,4,4,4,6,6,2,4,2,2,4,4,6,6,4,4,4,4,2,2,2,2,2,2,2,2,4,4,4,4,4,4,4,4,2,2,4,4,4,4,2,2,4,4,4,6,6,6,6,4,4,4,4,4,4,4,4,4,4,4,4,4,4,2,2,2,2,2,2,4,4,4,4,4,4,4,4,4,6,6,4,4,2,2,2,2,2,2,2,2,2,2,4,4,2,2,2,2,4,4,4,4,4,2,2,4,4,4,4,4,2,2,4,4,4,4,6,6,4,4,4,4,4,4,4,4,4,4,4,4,2,2,6,6,6,6,2,2,6,6,4,4,4,4,4,4,4,4,4,2,4,4,4,4,4,4,4,4,4,4,4,4,2,2,2,2,2,2,2,2,2,2,2,2,2,2,2,4,4,6,6,6,6,4,4,4,4,4,4,2,2,2,2,4,4,4,4,2,2,2,2,2,2,2,2,2,2,2,2,4,4,4,4,2,4,4,4,4,2]",1.0,1.0,1.0,1.0,1.0,0.0,0.0,0.0,0.0093266889329091,1.0,514.9057734346134,1.8113389699821472e-05,1.0,0.0,0.0093266889329091,0.0,0.0,0.0,4.663344466454568e-05,100,0.01,1.0,188300,81,0.1823779590004051,0.0014590410000892,34.630369374999646,0.9999999999258068,7.419320713353271e-11,0.9999177050789432,1.4838641426706542e-10,0.9999177050789432,0.1313158402493138,1.2181396236354248e-05,4.163336342344337e-13,4.163336342344337e-13,1e-12,analysis/fermionic_structure_ablation_hgbs5.csv,7.419931336016816e-11,1.0,0.9999177050789431
success,,H2O_s-1.00_hgbs-5_as-008-010,hamiltonian_generator/polyatomic_library/H2O/s-1.00/hgbs-5/H2O_s-1.00_hgbs-5_as-008-010.tensors.npz,H2O,s-1.00,hgbs-5,8,10,18,1367,2563,1770,0.6905969566913773,0,fermionic_magnitude_reference,-1,-1,complete Hermitian fermionic terms ordered by decreasing absolute canonical coefficient magnitude; final combined JW Pauli order induced by first occurrence,7a9ae0b7122167b6,2911610837b9aadc,"[1,1,1,1,1,1,1,1,1,1,1,1,1,1,1,1,1,1,1,1,1,1,1,1,1,1,1,1,1,1,1,1,1,1,1,1,1,1,1,1,1,1,1,1,1,1,2,2,2,2,1,1,1,1,1,1,1,1,1,1,1,1,1,1,1,1,1,1,1,1,1,1,1,1,1,1,1,1,1,1,4,1,1,1,4,1,1,1,4,1,1,1,1,1,1,1,1,1,1,1,1,1,1,1,1,1,1,1,1,1,1,1,1,1,1,1,1,1,1,1,1,1,1,1,1,1,1,1,1,1,1,1,1,1,1,1,1,1,1,1,1,1,1,1,1,1,1,1,1,1,1,1,1,1,1,1,1,1,1,1,1,1,1,1,1,1,4,1,1,1,1,1,1,1,1,1,1,1,1,4,4,2,2,2,2,4,4,4,2,4,2,2,2,2,2,2,2,2,2,2,2,2,2,2,2,2,2,2,2,4,4,2,2,2,2,2,2,2,2,2,2,2,2,2,2,2,2,2,2,2,2,2,2,2,2,2,2,4,2,4,2,4,2,2,2,2,4,4,2,2,4,2,4,2,2,4,4,4,2,4,4,4,4,2,2,6,6,2,2,4,4,2,2,4,4,2,2,2,2,2,2,2,2,2,2,2,2,2,2,2,2,4,4,4,2,2,2,4,4,4,4,2,4,4,4,4,4,4,4,4,4,4,4,2,2,4,4,4,4,4,4,4,4,4,6,6,6,6,6,6,4,4,4,4,4,4,4,4,4,4,4,4,4,6,6,2,2,4,4,4,4,4,6,6,6,6,4,4,2,2,4,4,4,4,2,2,6,6,4,2,2,4,4,4,4,4,4,4,2,2,6,6,4,4,4,4,4,6,6,4,4,4,2,2,4,4,4,4,4,4,4,6,6,4,2,4,4,4,4,4,6,6,4,4,4,4,4,4,4,2,2,4,4,4,4,4,4,2,4,4,4,6,6,4,4,4,4,4,4,6,6,6,6,4,4,4,4,4,6,6,4,6,6,4,4,2,2,4,4,4,4,2,2,6,6,4,4,4,4,4,4,4,6,6,4,4,4,4,4,4,4,4,4,4,4,4,4,4,4,4,4,4,2,2,4,4,2,4,2,4,4,4,4,4,4,4,4,4,4,4,4,4,4,4,6,6,6,6,6,6,4,4,4,6,6,4,4,4,4,6,6,2,2,2,2,4,4,4,4,4,4,2,2,2,2,4,2,2,2,2,6,6,4,4,4,4,4,4,2,2,2,2,4,4,4,2,2,4,4,4,4,4,4,4,4,4,4,4,4,2,2,2,2,4,4,4,2,2,2,2,2,4,4,4,2,2,4,4,4,4,2,4,4,4,4,4,2,2,2,4,4,4,4,4,4,4,4,4,4,4,4,4,4,4,4,2,2,4,2,2,4,2,4,4,4,4,4,4,2,2,2,4,4,2,2,4,2,2,2,2,2,4,4,4,2,2,2,2,4,4,2,4,4,4,4,4,4,6,6,2,2,2,4,2,2,2,2,4,4,4,4,4,4,4,4,2,2,2,2,2,2,2,2,4,2,2,4,2,2,4,2,2,2,2,4,2,2,4,4,2,2,4,4,4,2,2,4,2,2,2,2,6,6,4,4,4,4,2,2,4,2,4,4,4,4,4,2,2,4,4,2,2,4,2,2,4,4,4,2,2,6,6,4,4,4,4,2,2,2,2,2,2,2,2,4,4,4,4,4,4,4,2,2,4,4,4,4,2,2,2,2,2,4,4,4,4,4,4,4,4,4,4,4,2,4,4,4,4,4,4,4,4,4,4,2,2,2,2,4,4,4,4,2,2,4,4,4,4,4,4,4,4,2,2,2,2,2,2,2,2,2,2,4,2,2,4,2,2,2,2,2,2,2,2,2,2,2,2,2,2,2,2,2,2,2,2,2,2,2,2,2,2,2,2,2,2,2,2,2,2,2,2,2,2,2,2,2,2,2,2,2,2,2,2,2,2,2,2,2,2,2,2,2,2,2]",1.017877094972067,2.0,0.982122905027933,2.542458100558659,3.1545064377682404,0.2510444249450609,0.0569223884713275,0.0569223884713275,0.3862021832486144,10.07570926963906,41.18633489559596,0.0093769495204563,10.075709269639058,0.0,0.3862021832486144,0.0,0.0,0.0,0.001931010916243,100,0.01,1.0,256300,15876,27.782404166995548,0.08765158301685,45.88763724997989,0.9999982822524532,1.7177475467589076e-06,133.21588981549556,3.4354921428780827e-06,133.21577597401588,1.124265602701501,0.0018535088598433,6.63136212608606e-13,6.632472349110685e-13,1e-12,analysis/fermionic_structure_ablation_extension_hgbs5.csv,1.2894464385126982e-08,101.51991728629046,133.21588981549556
success,,H2O_s-1.00_hgbs-5_as-008-010,hamiltonian_generator/polyatomic_library/H2O/s-1.00/hgbs-5/H2O_s-1.00_hgbs-5_as-008-010.tensors.npz,H2O,s-1.00,hgbs-5,8,10,18,1367,2563,1770,0.6905969566913773,0,fermionic_signed_reference,-1,-1,complete Hermitian fermionic terms ordered by increasing signed canonical coefficient; final combined JW Pauli order induced by first occurrence,fb24c603e4ec6703,605153d7d565324a,"[1,1,1,1,1,1,1,1,1,1,1,1,1,1,1,1,1,1,1,1,1,1,1,1,1,1,1,1,1,1,1,1,1,1,1,1,1,1,1,1,1,1,1,1,1,1,2,2,2,2,1,1,1,1,1,1,1,1,1,1,1,1,1,1,1,1,1,1,1,1,1,1,1,1,1,1,1,1,1,1,4,1,1,1,4,1,1,1,4,1,1,1,1,1,1,1,1,1,1,1,1,1,1,1,1,1,1,1,1,1,1,1,1,1,1,1,1,1,1,1,1,1,1,1,1,1,1,1,1,1,1,1,1,1,1,1,1,1,1,1,1,1,1,1,1,1,1,1,1,1,1,1,1,1,1,1,1,1,1,1,1,1,1,1,1,1,4,1,1,1,1,1,1,1,1,1,1,1,1,4,4,2,2,2,2,4,4,4,2,4,2,2,2,2,2,2,2,2,2,2,2,2,2,2,2,2,2,2,2,4,4,2,2,2,2,2,2,2,2,2,2,2,2,2,2,2,2,2,2,2,2,2,2,2,2,2,2,4,2,4,2,4,2,2,2,2,4,4,2,2,4,2,4,2,2,4,4,4,2,4,4,4,4,2,2,6,6,2,2,4,4,2,2,4,4,2,2,2,2,2,2,2,2,2,2,2,2,2,2,2,2,4,4,4,2,2,2,4,4,4,4,2,4,4,4,4,4,4,4,4,4,4,4,2,2,4,4,4,4,4,4,4,4,4,6,6,6,6,6,6,4,4,4,4,4,4,4,4,4,4,4,4,4,6,6,2,2,4,4,4,4,4,6,6,6,6,4,4,2,2,4,4,4,4,2,2,6,6,4,2,2,4,4,4,4,4,4,4,2,2,6,6,4,4,4,4,4,6,6,4,4,4,2,2,4,4,4,4,4,4,4,6,6,4,2,4,4,4,4,4,6,6,4,4,4,4,4,4,4,2,2,4,4,4,4,4,4,2,4,4,4,6,6,4,4,4,4,4,4,6,6,6,6,4,4,4,4,4,6,6,4,6,6,4,4,2,2,4,4,4,4,2,2,6,6,4,4,4,4,4,4,4,6,6,4,4,4,4,4,4,4,4,4,4,4,4,4,4,4,4,4,4,2,2,4,4,2,4,2,4,4,4,4,4,4,4,4,4,4,4,4,4,4,4,6,6,6,6,6,6,4,4,4,6,6,4,4,4,4,6,6,2,2,2,2,4,4,4,4,4,4,2,2,2,2,4,2,2,2,2,6,6,4,4,4,4,4,4,2,2,2,2,4,4,4,2,2,4,4,4,4,4,4,4,4,4,4,4,4,2,2,2,2,4,4,4,2,2,2,2,2,4,4,4,2,2,4,4,4,4,2,4,4,4,4,4,2,2,2,4,4,4,4,4,4,4,4,4,4,4,4,4,4,4,4,2,2,4,2,2,4,2,4,4,4,4,4,4,2,2,2,4,4,2,2,4,2,2,2,2,2,4,4,4,2,2,2,2,4,4,2,4,4,4,4,4,4,6,6,2,2,2,4,2,2,2,2,4,4,4,4,4,4,4,4,2,2,2,2,2,2,2,2,4,2,2,4,2,2,4,2,2,2,2,4,2,2,4,4,2,2,4,4,4,2,2,4,2,2,2,2,6,6,4,4,4,4,2,2,4,2,4,4,4,4,4,2,2,4,4,2,2,4,2,2,4,4,4,2,2,6,6,4,4,4,4,2,2,2,2,2,2,2,2,4,4,4,4,4,4,4,2,2,4,4,4,4,2,2,2,2,2,4,4,4,4,4,4,4,4,4,4,4,2,4,4,4,4,4,4,4,4,4,4,2,2,2,2,4,4,4,4,2,2,4,4,4,4,4,4,4,4,2,2,2,2,2,2,2,2,2,2,4,2,2,4,2,2,2,2,2,2,2,2,2,2,2,2,2,2,2,2,2,2,2,2,2,2,2,2,2,2,2,2,2,2,2,2,2,2,2,2,2,2,2,2,2,2,2,2,2,2,2,2,2,2,2,2,2,2,2,2,2,2,2]",1.0,1.0,1.0,1.0,1.0,0.0,0.0,0.0,0.0383300245087807,1.0,41.18633489559596,0.0009306490758632,1.0,0.0,0.0383300245087807,0.0,0.0,0.0,0.0001916501225439,100,0.01,1.0,256300,15876,27.782404166995548,0.08765158301685,46.04345379199367,0.9999999871055356,1.2894464385126982e-08,1.0,2.5788928659231658e-08,1.0,1.124269254684803,0.0001605893171112,6.644684802381562e-13,6.643574579356938e-13,1e-12,analysis/fermionic_structure_ablation_extension_hgbs5.csv,1.2894464385126982e-08,1.0,1.0
success,,H2O_s-1.00_hgbs-5_as-008-010,hamiltonian_generator/polyatomic_library/H2O/s-1.00/hgbs-5/H2O_s-1.00_hgbs-5_as-008-010.tensors.npz,H2O,s-1.00,hgbs-5,8,10,18,1367,2563,1770,0.6905969566913773,0,jw_signed_baseline,-1,-1,final JW Pauli terms ordered directly by increasing signed coefficient with dense Pauli lexicographic tie-breaking,,0ea577507f7934a3,"[1,1,1,1,1,1,1,1,1,1,1,1,1,1,1,1,1,1,1,1,1,1,1,1,1,1,1,1,1,1,1,1,1,1,1,1,1,1,1,1,1,1,1,1,1,1,2,2,2,2,1,1,1,1,1,1,1,1,1,1,1,1,1,1,1,1,1,1,1,1,1,1,1,1,1,1,1,1,1,1,4,1,1,1,4,1,1,1,4,1,1,1,1,1,1,1,1,1,1,1,1,1,1,1,1,1,1,1,1,1,1,1,1,1,1,1,1,1,1,1,1,1,1,1,1,1,1,1,1,1,1,1,1,1,1,1,1,1,1,1,1,1,1,1,1,1,1,1,1,1,1,1,1,1,1,1,1,1,1,1,1,1,1,1,1,1,4,1,1,1,1,1,1,1,1,1,1,1,1,4,4,2,2,2,2,4,4,4,2,4,2,2,2,2,2,2,2,2,2,2,2,2,2,2,2,2,2,2,2,4,4,2,2,2,2,2,2,2,2,2,2,2,2,2,2,2,2,2,2,2,2,2,2,2,2,2,2,4,2,4,2,4,2,2,2,2,4,4,2,2,4,2,4,2,2,4,4,4,2,4,4,4,4,2,2,6,6,2,2,4,4,2,2,4,4,2,2,2,2,2,2,2,2,2,2,2,2,2,2,2,2,4,4,4,2,2,2,4,4,4,4,2,4,4,4,4,4,4,4,4,4,4,4,2,2,4,4,4,4,4,4,4,4,4,6,6,6,6,6,6,4,4,4,4,4,4,4,4,4,4,4,4,4,6,6,2,2,4,4,4,4,4,6,6,6,6,4,4,2,2,4,4,4,4,2,2,6,6,4,2,2,4,4,4,4,4,4,4,2,2,6,6,4,4,4,4,4,6,6,4,4,4,2,2,4,4,4,4,4,4,4,6,6,4,2,4,4,4,4,4,6,6,4,4,4,4,4,4,4,2,2,4,4,4,4,4,4,2,4,4,4,6,6,4,4,4,4,4,4,6,6,6,6,4,4,4,4,4,6,6,4,6,6,4,4,2,2,4,4,4,4,2,2,6,6,4,4,4,4,4,4,4,6,6,4,4,4,4,4,4,4,4,4,4,4,4,4,4,4,4,4,4,2,2,4,4,2,4,2,4,4,4,4,4,4,4,4,4,4,4,4,4,4,4,6,6,6,6,6,6,4,4,4,6,6,4,4,4,4,6,6,2,2,2,2,4,4,4,4,4,4,2,2,2,2,4,2,2,2,2,6,6,4,4,4,4,4,4,2,2,2,2,4,4,4,2,2,4,4,4,4,4,4,4,4,4,4,4,4,2,2,2,2,4,4,4,2,2,2,2,2,4,4,4,2,2,4,4,4,4,2,4,4,4,4,4,2,2,2,4,4,4,4,4,4,4,4,4,4,4,4,4,4,4,4,2,2,4,2,2,4,2,4,4,4,4,4,4,2,2,2,4,4,2,2,4,2,2,2,2,2,4,4,4,2,2,2,2,4,4,2,4,4,4,4,4,4,6,6,2,2,2,4,2,2,2,2,4,4,4,4,4,4,4,4,2,2,2,2,2,2,2,2,4,2,2,4,2,2,4,2,2,2,2,4,2,2,4,4,2,2,4,4,4,2,2,4,2,2,2,2,6,6,4,4,4,4,2,2,4,2,4,4,4,4,4,2,2,4,4,2,2,4,2,2,4,4,4,2,2,6,6,4,4,4,4,2,2,2,2,2,2,2,2,4,4,4,4,4,4,4,2,2,4,4,4,4,2,2,2,2,2,4,4,4,4,4,4,4,4,4,4,4,2,4,4,4,4,4,4,4,4,4,4,2,2,2,2,4,4,4,4,2,2,4,4,4,4,4,4,4,4,2,2,2,2,2,2,2,2,2,2,4,2,2,4,2,2,2,2,2,2,2,2,2,2,2,2,2,2,2,2,2,2,2,2,2,2,2,2,2,2,2,2,2,2,2,2,2,2,2,2,2,2,2,2,2,2,2,2,2,2,2,2,2,2,2,2,2,2,2,2,2,2,2]",1.364245810055866,3.0,0.7184357541899441,59.31657355679702,88.002731174405,0.6853407776112564,0.8798589396168158,0.8798589396168158,0.4556230064120196,11.886843597181745,41.18633489559596,0.0110624800086481,11.88684359718174,0.0,0.4556230064120196,0.0,0.0,0.0,0.00227811503206,100,0.01,1.0,256300,15876,27.782404166995548,0.08765158301685,45.90570466700592,0.9999985689503188,1.4310496810887583e-06,110.98170799086402,2.862097314260126e-06,110.9816290579245,1.124263804166175,0.001691774028107,7.57258090677837e-08,7.57437886855783e-08,1e-12,analysis/fermionic_structure_ablation_extension_hgbs5.csv,1.2894464385126982e-08,141.29705070386063,110.981707990864
success,,H2O_s-1.00_hgbs-5_as-008-010,hamiltonian_generator/polyatomic_library/H2O/s-1.00/hgbs-5/H2O_s-1.00_hgbs-5_as-008-010.tensors.npz,H2O,s-1.00,hgbs-5,8,10,18,1367,2563,1770,0.6905969566913773,0,signed_parent_blocks_randomized,0,1511391226,"reference signed-fermionic parent-owned Pauli blocks preserved internally and kept contiguous, but whole parent blocks randomly permuted",820afa02a5e2d6ef,990113d7ca698a84,"[1,1,1,1,1,1,1,1,1,1,1,1,1,1,1,1,1,1,1,1,1,1,1,1,1,1,1,1,1,1,1,1,1,1,1,1,1,1,1,1,1,1,1,1,1,1,2,2,2,2,1,1,1,1,1,1,1,1,1,1,1,1,1,1,1,1,1,1,1,1,1,1,1,1,1,1,1,1,1,1,4,1,1,1,4,1,1,1,4,1,1,1,1,1,1,1,1,1,1,1,1,1,1,1,1,1,1,1,1,1,1,1,1,1,1,1,1,1,1,1,1,1,1,1,1,1,1,1,1,1,1,1,1,1,1,1,1,1,1,1,1,1,1,1,1,1,1,1,1,1,1,1,1,1,1,1,1,1,1,1,1,1,1,1,1,1,4,1,1,1,1,1,1,1,1,1,1,1,1,4,4,2,2,2,2,4,4,4,2,4,2,2,2,2,2,2,2,2,2,2,2,2,2,2,2,2,2,2,2,4,4,2,2,2,2,2,2,2,2,2,2,2,2,2,2,2,2,2,2,2,2,2,2,2,2,2,2,4,2,4,2,4,2,2,2,2,4,4,2,2,4,2,4,2,2,4,4,4,2,4,4,4,4,2,2,6,6,2,2,4,4,2,2,4,4,2,2,2,2,2,2,2,2,2,2,2,2,2,2,2,2,4,4,4,2,2,2,4,4,4,4,2,4,4,4,4,4,4,4,4,4,4,4,2,2,4,4,4,4,4,4,4,4,4,6,6,6,6,6,6,4,4,4,4,4,4,4,4,4,4,4,4,4,6,6,2,2,4,4,4,4,4,6,6,6,6,4,4,2,2,4,4,4,4,2,2,6,6,4,2,2,4,4,4,4,4,4,4,2,2,6,6,4,4,4,4,4,6,6,4,4,4,2,2,4,4,4,4,4,4,4,6,6,4,2,4,4,4,4,4,6,6,4,4,4,4,4,4,4,2,2,4,4,4,4,4,4,2,4,4,4,6,6,4,4,4,4,4,4,6,6,6,6,4,4,4,4,4,6,6,4,6,6,4,4,2,2,4,4,4,4,2,2,6,6,4,4,4,4,4,4,4,6,6,4,4,4,4,4,4,4,4,4,4,4,4,4,4,4,4,4,4,2,2,4,4,2,4,2,4,4,4,4,4,4,4,4,4,4,4,4,4,4,4,6,6,6,6,6,6,4,4,4,6,6,4,4,4,4,6,6,2,2,2,2,4,4,4,4,4,4,2,2,2,2,4,2,2,2,2,6,6,4,4,4,4,4,4,2,2,2,2,4,4,4,2,2,4,4,4,4,4,4,4,4,4,4,4,4,2,2,2,2,4,4,4,2,2,2,2,2,4,4,4,2,2,4,4,4,4,2,4,4,4,4,4,2,2,2,4,4,4,4,4,4,4,4,4,4,4,4,4,4,4,4,2,2,4,2,2,4,2,4,4,4,4,4,4,2,2,2,4,4,2,2,4,2,2,2,2,2,4,4,4,2,2,2,2,4,4,2,4,4,4,4,4,4,6,6,2,2,2,4,2,2,2,2,4,4,4,4,4,4,4,4,2,2,2,2,2,2,2,2,4,2,2,4,2,2,4,2,2,2,2,4,2,2,4,4,2,2,4,4,4,2,2,4,2,2,2,2,6,6,4,4,4,4,2,2,4,2,4,4,4,4,4,2,2,4,4,2,2,4,2,2,4,4,4,2,2,6,6,4,4,4,4,2,2,2,2,2,2,2,2,4,4,4,4,4,4,4,2,2,4,4,4,4,2,2,2,2,2,4,4,4,4,4,4,4,4,4,4,4,2,4,4,4,4,4,4,4,4,4,4,2,2,2,2,4,4,4,4,2,2,4,4,4,4,4,4,4,4,2,2,2,2,2,2,2,2,2,2,4,2,2,4,2,2,2,2,2,2,2,2,2,2,2,2,2,2,2,2,2,2,2,2,2,2,2,2,2,2,2,2,2,2,2,2,2,2,2,2,2,2,2,2,2,2,2,2,2,2,2,2,2,2,2,2,2,2,2,2,2,2,2]",1.0,1.0,1.0,1.0,1.0,0.4962649189697078,0.5107920009183852,0.5107920009183852,0.4737180201203468,12.358928182052852,41.18633489559596,0.0115018250912877,12.358928182052852,0.0,0.4737180201203468,0.0,0.0,0.0,0.0023685901006017,100,0.01,1.0,256300,15876,27.782404166995548,0.08765158301685,45.971233040996594,0.9999974248931934,2.5751068065682503e-06,199.7063801687247,5.150206981996419e-06,199.70612389719415,1.1242697091788878,0.0022694082076912,7.192024753521764e-13,7.190914530497139e-13,1e-12,analysis/fermionic_structure_ablation_extension_hgbs5.csv,1.2894464385126982e-08,152.7431058091402,199.70638016872473
success,,H2O_s-1.00_hgbs-5_as-008-010,hamiltonian_generator/polyatomic_library/H2O/s-1.00/hgbs-5/H2O_s-1.00_hgbs-5_as-008-010.tensors.npz,H2O,s-1.00,hgbs-5,8,10,18,1367,2563,1770,0.6905969566913773,0,signed_parent_blocks_randomized,1,2916223757,"reference signed-fermionic parent-owned Pauli blocks preserved internally and kept contiguous, but whole parent blocks randomly permuted",8137586a2d46c02f,cdd7829c32a55649,"[1,1,1,1,1,1,1,1,1,1,1,1,1,1,1,1,1,1,1,1,1,1,1,1,1,1,1,1,1,1,1,1,1,1,1,1,1,1,1,1,1,1,1,1,1,1,2,2,2,2,1,1,1,1,1,1,1,1,1,1,1,1,1,1,1,1,1,1,1,1,1,1,1,1,1,1,1,1,1,1,4,1,1,1,4,1,1,1,4,1,1,1,1,1,1,1,1,1,1,1,1,1,1,1,1,1,1,1,1,1,1,1,1,1,1,1,1,1,1,1,1,1,1,1,1,1,1,1,1,1,1,1,1,1,1,1,1,1,1,1,1,1,1,1,1,1,1,1,1,1,1,1,1,1,1,1,1,1,1,1,1,1,1,1,1,1,4,1,1,1,1,1,1,1,1,1,1,1,1,4,4,2,2,2,2,4,4,4,2,4,2,2,2,2,2,2,2,2,2,2,2,2,2,2,2,2,2,2,2,4,4,2,2,2,2,2,2,2,2,2,2,2,2,2,2,2,2,2,2,2,2,2,2,2,2,2,2,4,2,4,2,4,2,2,2,2,4,4,2,2,4,2,4,2,2,4,4,4,2,4,4,4,4,2,2,6,6,2,2,4,4,2,2,4,4,2,2,2,2,2,2,2,2,2,2,2,2,2,2,2,2,4,4,4,2,2,2,4,4,4,4,2,4,4,4,4,4,4,4,4,4,4,4,2,2,4,4,4,4,4,4,4,4,4,6,6,6,6,6,6,4,4,4,4,4,4,4,4,4,4,4,4,4,6,6,2,2,4,4,4,4,4,6,6,6,6,4,4,2,2,4,4,4,4,2,2,6,6,4,2,2,4,4,4,4,4,4,4,2,2,6,6,4,4,4,4,4,6,6,4,4,4,2,2,4,4,4,4,4,4,4,6,6,4,2,4,4,4,4,4,6,6,4,4,4,4,4,4,4,2,2,4,4,4,4,4,4,2,4,4,4,6,6,4,4,4,4,4,4,6,6,6,6,4,4,4,4,4,6,6,4,6,6,4,4,2,2,4,4,4,4,2,2,6,6,4,4,4,4,4,4,4,6,6,4,4,4,4,4,4,4,4,4,4,4,4,4,4,4,4,4,4,2,2,4,4,2,4,2,4,4,4,4,4,4,4,4,4,4,4,4,4,4,4,6,6,6,6,6,6,4,4,4,6,6,4,4,4,4,6,6,2,2,2,2,4,4,4,4,4,4,2,2,2,2,4,2,2,2,2,6,6,4,4,4,4,4,4,2,2,2,2,4,4,4,2,2,4,4,4,4,4,4,4,4,4,4,4,4,2,2,2,2,4,4,4,2,2,2,2,2,4,4,4,2,2,4,4,4,4,2,4,4,4,4,4,2,2,2,4,4,4,4,4,4,4,4,4,4,4,4,4,4,4,4,2,2,4,2,2,4,2,4,4,4,4,4,4,2,2,2,4,4,2,2,4,2,2,2,2,2,4,4,4,2,2,2,2,4,4,2,4,4,4,4,4,4,6,6,2,2,2,4,2,2,2,2,4,4,4,4,4,4,4,4,2,2,2,2,2,2,2,2,4,2,2,4,2,2,4,2,2,2,2,4,2,2,4,4,2,2,4,4,4,2,2,4,2,2,2,2,6,6,4,4,4,4,2,2,4,2,4,4,4,4,4,2,2,4,4,2,2,4,2,2,4,4,4,2,2,6,6,4,4,4,4,2,2,2,2,2,2,2,2,4,4,4,4,4,4,4,2,2,4,4,4,4,2,2,2,2,2,4,4,4,4,4,4,4,4,4,4,4,2,4,4,4,4,4,4,4,4,4,4,2,2,2,2,4,4,4,4,2,2,4,4,4,4,4,4,4,4,2,2,2,2,2,2,2,2,2,2,4,2,2,4,2,2,2,2,2,2,2,2,2,2,2,2,2,2,2,2,2,2,2,2,2,2,2,2,2,2,2,2,2,2,2,2,2,2,2,2,2,2,2,2,2,2,2,2,2,2,2,2,2,2,2,2,2,2,2,2,2,2,2]",1.0,1.0,1.0,1.0,1.0,0.4789348418608624,0.5105476569297236,0.5105476569297236,0.4480162407846744,11.688389102961354,41.18633489559596,0.010877788517001,11.688389102961354,0.0,0.4480162407846744,0.0,0.0,0.0,0.0022400812039233,100,0.01,1.0,256300,15876,27.782404166995548,0.08765158301685,45.85207666698261,0.9999977426785016,2.2573214983889756e-06,175.0612845146686,4.514637901298357e-06,175.06108768431733,1.124269111082273,0.0021247689278549,7.499556531342932e-13,7.498446308318307e-13,1e-12,analysis/fermionic_structure_ablation_extension_hgbs5.csv,1.2894464385126982e-08,136.61843982222572,175.06128451466859
success,,H2O_s-1.00_hgbs-5_as-008-010,hamiltonian_generator/polyatomic_library/H2O/s-1.00/hgbs-5/H2O_s-1.00_hgbs-5_as-008-010.tensors.npz,H2O,s-1.00,hgbs-5,8,10,18,1367,2563,1770,0.6905969566913773,0,signed_parent_blocks_randomized,2,161580654,"reference signed-fermionic parent-owned Pauli blocks preserved internally and kept contiguous, but whole parent blocks randomly permuted",8e5098b96e9f9c96,170ea22dfbacd768,"[1,1,1,1,1,1,1,1,1,1,1,1,1,1,1,1,1,1,1,1,1,1,1,1,1,1,1,1,1,1,1,1,1,1,1,1,1,1,1,1,1,1,1,1,1,1,2,2,2,2,1,1,1,1,1,1,1,1,1,1,1,1,1,1,1,1,1,1,1,1,1,1,1,1,1,1,1,1,1,1,4,1,1,1,4,1,1,1,4,1,1,1,1,1,1,1,1,1,1,1,1,1,1,1,1,1,1,1,1,1,1,1,1,1,1,1,1,1,1,1,1,1,1,1,1,1,1,1,1,1,1,1,1,1,1,1,1,1,1,1,1,1,1,1,1,1,1,1,1,1,1,1,1,1,1,1,1,1,1,1,1,1,1,1,1,1,4,1,1,1,1,1,1,1,1,1,1,1,1,4,4,2,2,2,2,4,4,4,2,4,2,2,2,2,2,2,2,2,2,2,2,2,2,2,2,2,2,2,2,4,4,2,2,2,2,2,2,2,2,2,2,2,2,2,2,2,2,2,2,2,2,2,2,2,2,2,2,4,2,4,2,4,2,2,2,2,4,4,2,2,4,2,4,2,2,4,4,4,2,4,4,4,4,2,2,6,6,2,2,4,4,2,2,4,4,2,2,2,2,2,2,2,2,2,2,2,2,2,2,2,2,4,4,4,2,2,2,4,4,4,4,2,4,4,4,4,4,4,4,4,4,4,4,2,2,4,4,4,4,4,4,4,4,4,6,6,6,6,6,6,4,4,4,4,4,4,4,4,4,4,4,4,4,6,6,2,2,4,4,4,4,4,6,6,6,6,4,4,2,2,4,4,4,4,2,2,6,6,4,2,2,4,4,4,4,4,4,4,2,2,6,6,4,4,4,4,4,6,6,4,4,4,2,2,4,4,4,4,4,4,4,6,6,4,2,4,4,4,4,4,6,6,4,4,4,4,4,4,4,2,2,4,4,4,4,4,4,2,4,4,4,6,6,4,4,4,4,4,4,6,6,6,6,4,4,4,4,4,6,6,4,6,6,4,4,2,2,4,4,4,4,2,2,6,6,4,4,4,4,4,4,4,6,6,4,4,4,4,4,4,4,4,4,4,4,4,4,4,4,4,4,4,2,2,4,4,2,4,2,4,4,4,4,4,4,4,4,4,4,4,4,4,4,4,6,6,6,6,6,6,4,4,4,6,6,4,4,4,4,6,6,2,2,2,2,4,4,4,4,4,4,2,2,2,2,4,2,2,2,2,6,6,4,4,4,4,4,4,2,2,2,2,4,4,4,2,2,4,4,4,4,4,4,4,4,4,4,4,4,2,2,2,2,4,4,4,2,2,2,2,2,4,4,4,2,2,4,4,4,4,2,4,4,4,4,4,2,2,2,4,4,4,4,4,4,4,4,4,4,4,4,4,4,4,4,2,2,4,2,2,4,2,4,4,4,4,4,4,2,2,2,4,4,2,2,4,2,2,2,2,2,4,4,4,2,2,2,2,4,4,2,4,4,4,4,4,4,6,6,2,2,2,4,2,2,2,2,4,4,4,4,4,4,4,4,2,2,2,2,2,2,2,2,4,2,2,4,2,2,4,2,2,2,2,4,2,2,4,4,2,2,4,4,4,2,2,4,2,2,2,2,6,6,4,4,4,4,2,2,4,2,4,4,4,4,4,2,2,4,4,2,2,4,2,2,4,4,4,2,2,6,6,4,4,4,4,2,2,2,2,2,2,2,2,4,4,4,4,4,4,4,2,2,4,4,4,4,2,2,2,2,2,4,4,4,4,4,4,4,4,4,4,4,2,4,4,4,4,4,4,4,4,4,4,2,2,2,2,4,4,4,4,2,2,4,4,4,4,4,4,4,4,2,2,2,2,2,2,2,2,2,2,4,2,2,4,2,2,2,2,2,2,2,2,2,2,2,2,2,2,2,2,2,2,2,2,2,2,2,2,2,2,2,2,2,2,2,2,2,2,2,2,2,2,2,2,2,2,2,2,2,2,2,2,2,2,2,2,2,2,2,2,2,2,2]",1.0,1.0,1.0,1.0,1.0,0.5159187445157983,0.522753983623774,0.522753983623774,0.4708764263359468,12.28479324942976,41.18633489559596,0.0114328314847529,12.28479324942976,0.0,0.4708764263359468,0.0,0.0,0.0,0.0023543821316797,100,0.01,1.0,256300,15876,27.782404166995548,0.08765158301685,46.01369145800709,0.999997514862348,2.4851376518864043e-06,192.7290329913096,4.970269127824167e-06,192.72879434039464,1.1242679824545163,0.0022294114254154,7.528422329983188e-13,7.528422329983188e-13,1e-12,analysis/fermionic_structure_ablation_extension_hgbs5.csv,1.2894464385126982e-08,150.91614518123498,192.72903299130957
success,,H2O_s-1.00_hgbs-5_as-008-010,hamiltonian_generator/polyatomic_library/H2O/s-1.00/hgbs-5/H2O_s-1.00_hgbs-5_as-008-010.tensors.npz,H2O,s-1.00,hgbs-5,8,10,18,1367,2563,1770,0.6905969566913773,0,signed_parent_blocks_randomized,3,2162085708,"reference signed-fermionic parent-owned Pauli blocks preserved internally and kept contiguous, but whole parent blocks randomly permuted",25fd33bfdb66be95,f12012bb510b73f8,"[1,1,1,1,1,1,1,1,1,1,1,1,1,1,1,1,1,1,1,1,1,1,1,1,1,1,1,1,1,1,1,1,1,1,1,1,1,1,1,1,1,1,1,1,1,1,2,2,2,2,1,1,1,1,1,1,1,1,1,1,1,1,1,1,1,1,1,1,1,1,1,1,1,1,1,1,1,1,1,1,4,1,1,1,4,1,1,1,4,1,1,1,1,1,1,1,1,1,1,1,1,1,1,1,1,1,1,1,1,1,1,1,1,1,1,1,1,1,1,1,1,1,1,1,1,1,1,1,1,1,1,1,1,1,1,1,1,1,1,1,1,1,1,1,1,1,1,1,1,1,1,1,1,1,1,1,1,1,1,1,1,1,1,1,1,1,4,1,1,1,1,1,1,1,1,1,1,1,1,4,4,2,2,2,2,4,4,4,2,4,2,2,2,2,2,2,2,2,2,2,2,2,2,2,2,2,2,2,2,4,4,2,2,2,2,2,2,2,2,2,2,2,2,2,2,2,2,2,2,2,2,2,2,2,2,2,2,4,2,4,2,4,2,2,2,2,4,4,2,2,4,2,4,2,2,4,4,4,2,4,4,4,4,2,2,6,6,2,2,4,4,2,2,4,4,2,2,2,2,2,2,2,2,2,2,2,2,2,2,2,2,4,4,4,2,2,2,4,4,4,4,2,4,4,4,4,4,4,4,4,4,4,4,2,2,4,4,4,4,4,4,4,4,4,6,6,6,6,6,6,4,4,4,4,4,4,4,4,4,4,4,4,4,6,6,2,2,4,4,4,4,4,6,6,6,6,4,4,2,2,4,4,4,4,2,2,6,6,4,2,2,4,4,4,4,4,4,4,2,2,6,6,4,4,4,4,4,6,6,4,4,4,2,2,4,4,4,4,4,4,4,6,6,4,2,4,4,4,4,4,6,6,4,4,4,4,4,4,4,2,2,4,4,4,4,4,4,2,4,4,4,6,6,4,4,4,4,4,4,6,6,6,6,4,4,4,4,4,6,6,4,6,6,4,4,2,2,4,4,4,4,2,2,6,6,4,4,4,4,4,4,4,6,6,4,4,4,4,4,4,4,4,4,4,4,4,4,4,4,4,4,4,2,2,4,4,2,4,2,4,4,4,4,4,4,4,4,4,4,4,4,4,4,4,6,6,6,6,6,6,4,4,4,6,6,4,4,4,4,6,6,2,2,2,2,4,4,4,4,4,4,2,2,2,2,4,2,2,2,2,6,6,4,4,4,4,4,4,2,2,2,2,4,4,4,2,2,4,4,4,4,4,4,4,4,4,4,4,4,2,2,2,2,4,4,4,2,2,2,2,2,4,4,4,2,2,4,4,4,4,2,4,4,4,4,4,2,2,2,4,4,4,4,4,4,4,4,4,4,4,4,4,4,4,4,2,2,4,2,2,4,2,4,4,4,4,4,4,2,2,2,4,4,2,2,4,2,2,2,2,2,4,4,4,2,2,2,2,4,4,2,4,4,4,4,4,4,6,6,2,2,2,4,2,2,2,2,4,4,4,4,4,4,4,4,2,2,2,2,2,2,2,2,4,2,2,4,2,2,4,2,2,2,2,4,2,2,4,4,2,2,4,4,4,2,2,4,2,2,2,2,6,6,4,4,4,4,2,2,4,2,4,4,4,4,4,2,2,4,4,2,2,4,2,2,4,4,4,2,2,6,6,4,4,4,4,2,2,2,2,2,2,2,2,4,4,4,4,4,4,4,2,2,4,4,4,4,2,2,2,2,2,4,4,4,4,4,4,4,4,4,4,4,2,4,4,4,4,4,4,4,4,4,4,2,2,2,2,4,4,4,4,2,2,4,4,4,4,4,4,4,4,2,2,2,2,2,2,2,2,2,2,4,2,2,4,2,2,2,2,2,2,2,2,2,2,2,2,2,2,2,2,2,2,2,2,2,2,2,2,2,2,2,2,2,2,2,2,2,2,2,2,2,2,2,2,2,2,2,2,2,2,2,2,2,2,2,2,2,2,2,2,2,2,2]",1.0,1.0,1.0,1.0,1.0,0.5035021237934757,0.5486307924376279,0.5486307924376279,0.3906563787847723,10.191915705539916,41.18633489559596,0.0094850969326368,10.191915705539916,0.0,0.3906563787847723,0.0,0.0,0.0,0.0019532818939238,100,0.01,1.0,256300,15876,27.782404166995548,0.08765158301685,45.872011458006455,0.9999981991361596,1.800863840384359e-06,139.6617793959361,3.601724437696241e-06,139.6616542427377,1.1242671783228984,0.0018978218253483,8.00470800754738e-13,8.003597784522753e-13,1e-12,analysis/fermionic_structure_ablation_extension_hgbs5.csv,1.2894464385126982e-08,103.8751457488312,139.66177939593607
success,,H2O_s-1.00_hgbs-5_as-008-010,hamiltonian_generator/polyatomic_library/H2O/s-1.00/hgbs-5/H2O_s-1.00_hgbs-5_as-008-010.tensors.npz,H2O,s-1.00,hgbs-5,8,10,18,1367,2563,1770,0.6905969566913773,0,signed_parent_blocks_randomized,4,86465983,"reference signed-fermionic parent-owned Pauli blocks preserved internally and kept contiguous, but whole parent blocks randomly permuted",5a18ef900332e7b8,b09137a5ea46baed,"[1,1,1,1,1,1,1,1,1,1,1,1,1,1,1,1,1,1,1,1,1,1,1,1,1,1,1,1,1,1,1,1,1,1,1,1,1,1,1,1,1,1,1,1,1,1,2,2,2,2,1,1,1,1,1,1,1,1,1,1,1,1,1,1,1,1,1,1,1,1,1,1,1,1,1,1,1,1,1,1,4,1,1,1,4,1,1,1,4,1,1,1,1,1,1,1,1,1,1,1,1,1,1,1,1,1,1,1,1,1,1,1,1,1,1,1,1,1,1,1,1,1,1,1,1,1,1,1,1,1,1,1,1,1,1,1,1,1,1,1,1,1,1,1,1,1,1,1,1,1,1,1,1,1,1,1,1,1,1,1,1,1,1,1,1,1,4,1,1,1,1,1,1,1,1,1,1,1,1,4,4,2,2,2,2,4,4,4,2,4,2,2,2,2,2,2,2,2,2,2,2,2,2,2,2,2,2,2,2,4,4,2,2,2,2,2,2,2,2,2,2,2,2,2,2,2,2,2,2,2,2,2,2,2,2,2,2,4,2,4,2,4,2,2,2,2,4,4,2,2,4,2,4,2,2,4,4,4,2,4,4,4,4,2,2,6,6,2,2,4,4,2,2,4,4,2,2,2,2,2,2,2,2,2,2,2,2,2,2,2,2,4,4,4,2,2,2,4,4,4,4,2,4,4,4,4,4,4,4,4,4,4,4,2,2,4,4,4,4,4,4,4,4,4,6,6,6,6,6,6,4,4,4,4,4,4,4,4,4,4,4,4,4,6,6,2,2,4,4,4,4,4,6,6,6,6,4,4,2,2,4,4,4,4,2,2,6,6,4,2,2,4,4,4,4,4,4,4,2,2,6,6,4,4,4,4,4,6,6,4,4,4,2,2,4,4,4,4,4,4,4,6,6,4,2,4,4,4,4,4,6,6,4,4,4,4,4,4,4,2,2,4,4,4,4,4,4,2,4,4,4,6,6,4,4,4,4,4,4,6,6,6,6,4,4,4,4,4,6,6,4,6,6,4,4,2,2,4,4,4,4,2,2,6,6,4,4,4,4,4,4,4,6,6,4,4,4,4,4,4,4,4,4,4,4,4,4,4,4,4,4,4,2,2,4,4,2,4,2,4,4,4,4,4,4,4,4,4,4,4,4,4,4,4,6,6,6,6,6,6,4,4,4,6,6,4,4,4,4,6,6,2,2,2,2,4,4,4,4,4,4,2,2,2,2,4,2,2,2,2,6,6,4,4,4,4,4,4,2,2,2,2,4,4,4,2,2,4,4,4,4,4,4,4,4,4,4,4,4,2,2,2,2,4,4,4,2,2,2,2,2,4,4,4,2,2,4,4,4,4,2,4,4,4,4,4,2,2,2,4,4,4,4,4,4,4,4,4,4,4,4,4,4,4,4,2,2,4,2,2,4,2,4,4,4,4,4,4,2,2,2,4,4,2,2,4,2,2,2,2,2,4,4,4,2,2,2,2,4,4,2,4,4,4,4,4,4,6,6,2,2,2,4,2,2,2,2,4,4,4,4,4,4,4,4,2,2,2,2,2,2,2,2,4,2,2,4,2,2,4,2,2,2,2,4,2,2,4,4,2,2,4,4,4,2,2,4,2,2,2,2,6,6,4,4,4,4,2,2,4,2,4,4,4,4,4,2,2,4,4,2,2,4,2,2,4,4,4,2,2,6,6,4,4,4,4,2,2,2,2,2,2,2,2,4,4,4,4,4,4,4,2,2,4,4,4,4,2,2,2,2,2,4,4,4,4,4,4,4,4,4,4,4,2,4,4,4,4,4,4,4,4,4,4,2,2,2,2,4,4,4,4,2,2,4,4,4,4,4,4,4,4,2,2,2,2,2,2,2,2,2,2,4,2,2,4,2,2,2,2,2,2,2,2,2,2,2,2,2,2,2,2,2,2,2,2,2,2,2,2,2,2,2,2,2,2,2,2,2,2,2,2,2,2,2,2,2,2,2,2,2,2,2,2,2,2,2,2,2,2,2,2,2,2,2]",1.0,1.0,1.0,1.0,1.0,0.4836677563888522,0.5480680485947476,0.5480680485947476,0.4612258806378638,12.03301815088078,41.18633489559596,0.0111985172219629,12.03301815088078,0.0,0.4612258806378638,0.0,0.0,0.0,0.0023061294031893,100,0.01,1.0,256300,15876,27.782404166995548,0.08765158301685,45.978648874996,0.9999975083026806,2.4916973193622738e-06,193.2377526465002,4.983388430135349e-06,193.2375127320943,1.1242688666315366,0.0022323518178648,7.347455976969286e-13,7.347455976969286e-13,1e-12,analysis/fermionic_structure_ablation_extension_hgbs5.csv,1.2894464385126982e-08,144.79352581942632,193.23775264650018
success,,H2O_s-1.00_hgbs-5_as-008-010,hamiltonian_generator/polyatomic_library/H2O/s-1.00/hgbs-5/H2O_s-1.00_hgbs-5_as-008-010.tensors.npz,H2O,s-1.00,hgbs-5,8,10,18,1367,2563,1770,0.6905969566913773,0,signed_parent_blocks_randomized,5,1480771190,"reference signed-fermionic parent-owned Pauli blocks preserved internally and kept contiguous, but whole parent blocks randomly permuted",dbc344d6be46512f,b73f28f61a5d80e2,"[1,1,1,1,1,1,1,1,1,1,1,1,1,1,1,1,1,1,1,1,1,1,1,1,1,1,1,1,1,1,1,1,1,1,1,1,1,1,1,1,1,1,1,1,1,1,2,2,2,2,1,1,1,1,1,1,1,1,1,1,1,1,1,1,1,1,1,1,1,1,1,1,1,1,1,1,1,1,1,1,4,1,1,1,4,1,1,1,4,1,1,1,1,1,1,1,1,1,1,1,1,1,1,1,1,1,1,1,1,1,1,1,1,1,1,1,1,1,1,1,1,1,1,1,1,1,1,1,1,1,1,1,1,1,1,1,1,1,1,1,1,1,1,1,1,1,1,1,1,1,1,1,1,1,1,1,1,1,1,1,1,1,1,1,1,1,4,1,1,1,1,1,1,1,1,1,1,1,1,4,4,2,2,2,2,4,4,4,2,4,2,2,2,2,2,2,2,2,2,2,2,2,2,2,2,2,2,2,2,4,4,2,2,2,2,2,2,2,2,2,2,2,2,2,2,2,2,2,2,2,2,2,2,2,2,2,2,4,2,4,2,4,2,2,2,2,4,4,2,2,4,2,4,2,2,4,4,4,2,4,4,4,4,2,2,6,6,2,2,4,4,2,2,4,4,2,2,2,2,2,2,2,2,2,2,2,2,2,2,2,2,4,4,4,2,2,2,4,4,4,4,2,4,4,4,4,4,4,4,4,4,4,4,2,2,4,4,4,4,4,4,4,4,4,6,6,6,6,6,6,4,4,4,4,4,4,4,4,4,4,4,4,4,6,6,2,2,4,4,4,4,4,6,6,6,6,4,4,2,2,4,4,4,4,2,2,6,6,4,2,2,4,4,4,4,4,4,4,2,2,6,6,4,4,4,4,4,6,6,4,4,4,2,2,4,4,4,4,4,4,4,6,6,4,2,4,4,4,4,4,6,6,4,4,4,4,4,4,4,2,2,4,4,4,4,4,4,2,4,4,4,6,6,4,4,4,4,4,4,6,6,6,6,4,4,4,4,4,6,6,4,6,6,4,4,2,2,4,4,4,4,2,2,6,6,4,4,4,4,4,4,4,6,6,4,4,4,4,4,4,4,4,4,4,4,4,4,4,4,4,4,4,2,2,4,4,2,4,2,4,4,4,4,4,4,4,4,4,4,4,4,4,4,4,6,6,6,6,6,6,4,4,4,6,6,4,4,4,4,6,6,2,2,2,2,4,4,4,4,4,4,2,2,2,2,4,2,2,2,2,6,6,4,4,4,4,4,4,2,2,2,2,4,4,4,2,2,4,4,4,4,4,4,4,4,4,4,4,4,2,2,2,2,4,4,4,2,2,2,2,2,4,4,4,2,2,4,4,4,4,2,4,4,4,4,4,2,2,2,4,4,4,4,4,4,4,4,4,4,4,4,4,4,4,4,2,2,4,2,2,4,2,4,4,4,4,4,4,2,2,2,4,4,2,2,4,2,2,2,2,2,4,4,4,2,2,2,2,4,4,2,4,4,4,4,4,4,6,6,2,2,2,4,2,2,2,2,4,4,4,4,4,4,4,4,2,2,2,2,2,2,2,2,4,2,2,4,2,2,4,2,2,2,2,4,2,2,4,4,2,2,4,4,4,2,2,4,2,2,2,2,6,6,4,4,4,4,2,2,4,2,4,4,4,4,4,2,2,4,4,2,2,4,2,2,4,4,4,2,2,6,6,4,4,4,4,2,2,2,2,2,2,2,2,4,4,4,4,4,4,4,2,2,4,4,4,4,2,2,2,2,2,4,4,4,4,4,4,4,4,4,4,4,2,4,4,4,4,4,4,4,4,4,4,2,2,2,2,4,4,4,4,2,2,4,4,4,4,4,4,4,4,2,2,2,2,2,2,2,2,2,2,4,2,2,4,2,2,2,2,2,2,2,2,2,2,2,2,2,2,2,2,2,2,2,2,2,2,2,2,2,2,2,2,2,2,2,2,2,2,2,2,2,2,2,2,2,2,2,2,2,2,2,2,2,2,2,2,2,2,2,2,2,2,2]",1.0,1.0,1.0,1.0,1.0,0.5096890797412622,0.613767348859055,0.613767348859055,0.6148994845037056,16.04224083819312,41.18633489559596,0.0149296966108401,16.04224083819312,0.0,0.6148994845037056,0.0,0.0,0.0,0.0030744974225185,100,0.01,1.0,256300,15876,27.782404166995548,0.08765158301685,45.93776375000016,0.999995722693934,4.277306066113873e-06,331.716458967268,8.554593836862523e-06,331.7157509682061,1.1242693282010616,0.0029248268550852,7.58948459633757e-13,7.58726415028832e-13,1e-12,analysis/fermionic_structure_ablation_extension_hgbs5.csv,1.2894464385126982e-08,257.3534911105911,331.716458967268
success,,H2O_s-1.00_hgbs-5_as-008-010,hamiltonian_generator/polyatomic_library/H2O/s-1.00/hgbs-5/H2O_s-1.00_hgbs-5_as-008-010.tensors.npz,H2O,s-1.00,hgbs-5,8,10,18,1367,2563,1770,0.6905969566913773,0,signed_parent_blocks_randomized,6,2487597041,"reference signed-fermionic parent-owned Pauli blocks preserved internally and kept contiguous, but whole parent blocks randomly permuted",e95462bd753f3631,db8f48e757cef5fc,"[1,1,1,1,1,1,1,1,1,1,1,1,1,1,1,1,1,1,1,1,1,1,1,1,1,1,1,1,1,1,1,1,1,1,1,1,1,1,1,1,1,1,1,1,1,1,2,2,2,2,1,1,1,1,1,1,1,1,1,1,1,1,1,1,1,1,1,1,1,1,1,1,1,1,1,1,1,1,1,1,4,1,1,1,4,1,1,1,4,1,1,1,1,1,1,1,1,1,1,1,1,1,1,1,1,1,1,1,1,1,1,1,1,1,1,1,1,1,1,1,1,1,1,1,1,1,1,1,1,1,1,1,1,1,1,1,1,1,1,1,1,1,1,1,1,1,1,1,1,1,1,1,1,1,1,1,1,1,1,1,1,1,1,1,1,1,4,1,1,1,1,1,1,1,1,1,1,1,1,4,4,2,2,2,2,4,4,4,2,4,2,2,2,2,2,2,2,2,2,2,2,2,2,2,2,2,2,2,2,4,4,2,2,2,2,2,2,2,2,2,2,2,2,2,2,2,2,2,2,2,2,2,2,2,2,2,2,4,2,4,2,4,2,2,2,2,4,4,2,2,4,2,4,2,2,4,4,4,2,4,4,4,4,2,2,6,6,2,2,4,4,2,2,4,4,2,2,2,2,2,2,2,2,2,2,2,2,2,2,2,2,4,4,4,2,2,2,4,4,4,4,2,4,4,4,4,4,4,4,4,4,4,4,2,2,4,4,4,4,4,4,4,4,4,6,6,6,6,6,6,4,4,4,4,4,4,4,4,4,4,4,4,4,6,6,2,2,4,4,4,4,4,6,6,6,6,4,4,2,2,4,4,4,4,2,2,6,6,4,2,2,4,4,4,4,4,4,4,2,2,6,6,4,4,4,4,4,6,6,4,4,4,2,2,4,4,4,4,4,4,4,6,6,4,2,4,4,4,4,4,6,6,4,4,4,4,4,4,4,2,2,4,4,4,4,4,4,2,4,4,4,6,6,4,4,4,4,4,4,6,6,6,6,4,4,4,4,4,6,6,4,6,6,4,4,2,2,4,4,4,4,2,2,6,6,4,4,4,4,4,4,4,6,6,4,4,4,4,4,4,4,4,4,4,4,4,4,4,4,4,4,4,2,2,4,4,2,4,2,4,4,4,4,4,4,4,4,4,4,4,4,4,4,4,6,6,6,6,6,6,4,4,4,6,6,4,4,4,4,6,6,2,2,2,2,4,4,4,4,4,4,2,2,2,2,4,2,2,2,2,6,6,4,4,4,4,4,4,2,2,2,2,4,4,4,2,2,4,4,4,4,4,4,4,4,4,4,4,4,2,2,2,2,4,4,4,2,2,2,2,2,4,4,4,2,2,4,4,4,4,2,4,4,4,4,4,2,2,2,4,4,4,4,4,4,4,4,4,4,4,4,4,4,4,4,2,2,4,2,2,4,2,4,4,4,4,4,4,2,2,2,4,4,2,2,4,2,2,2,2,2,4,4,4,2,2,2,2,4,4,2,4,4,4,4,4,4,6,6,2,2,2,4,2,2,2,2,4,4,4,4,4,4,4,4,2,2,2,2,2,2,2,2,4,2,2,4,2,2,4,2,2,2,2,4,2,2,4,4,2,2,4,4,4,2,2,4,2,2,2,2,6,6,4,4,4,4,2,2,4,2,4,4,4,4,4,2,2,4,4,2,2,4,2,2,4,4,4,2,2,6,6,4,4,4,4,2,2,2,2,2,2,2,2,4,4,4,4,4,4,4,2,2,4,4,4,4,2,2,2,2,2,4,4,4,4,4,4,4,4,4,4,4,2,4,4,4,4,4,4,4,4,4,4,2,2,2,2,4,4,4,4,2,2,4,4,4,4,4,4,4,4,2,2,2,2,2,2,2,2,2,2,4,2,2,4,2,2,2,2,2,2,2,2,2,2,2,2,2,2,2,2,2,2,2,2,2,2,2,2,2,2,2,2,2,2,2,2,2,2,2,2,2,2,2,2,2,2,2,2,2,2,2,2,2,2,2,2,2,2,2,2,2,2,2]",1.0,1.0,1.0,1.0,1.0,0.4984624822370107,0.5746288414953066,0.5746288414953066,0.4999144572020485,13.04237249020091,41.18633489559596,0.0121378719050697,13.042372490200908,0.0,0.4999144572020485,0.0,0.0,0.0,0.0024995722860102,100,0.01,1.0,256300,15876,27.782404166995548,0.08765158301685,45.923361582972575,0.9999970370659091,2.9629340908554624e-06,229.78341731456763,5.92585940273338e-06,229.78307788726624,1.1242676542753232,0.0024343106173434,8.133493878403898e-13,8.132383655379273e-13,1e-12,analysis/fermionic_structure_ablation_extension_hgbs5.csv,1.2894464385126982e-08,170.10348017314948,229.7834173145676
success,,H2O_s-1.00_hgbs-5_as-008-010,hamiltonian_generator/polyatomic_library/H2O/s-1.00/hgbs-5/H2O_s-1.00_hgbs-5_as-008-010.tensors.npz,H2O,s-1.00,hgbs-5,8,10,18,1367,2563,1770,0.6905969566913773,0,signed_parent_blocks_randomized,7,388047296,"reference signed-fermionic parent-owned Pauli blocks preserved internally and kept contiguous, but whole parent blocks randomly permuted",b51a6d1b09956590,417982872074a99a,"[1,1,1,1,1,1,1,1,1,1,1,1,1,1,1,1,1,1,1,1,1,1,1,1,1,1,1,1,1,1,1,1,1,1,1,1,1,1,1,1,1,1,1,1,1,1,2,2,2,2,1,1,1,1,1,1,1,1,1,1,1,1,1,1,1,1,1,1,1,1,1,1,1,1,1,1,1,1,1,1,4,1,1,1,4,1,1,1,4,1,1,1,1,1,1,1,1,1,1,1,1,1,1,1,1,1,1,1,1,1,1,1,1,1,1,1,1,1,1,1,1,1,1,1,1,1,1,1,1,1,1,1,1,1,1,1,1,1,1,1,1,1,1,1,1,1,1,1,1,1,1,1,1,1,1,1,1,1,1,1,1,1,1,1,1,1,4,1,1,1,1,1,1,1,1,1,1,1,1,4,4,2,2,2,2,4,4,4,2,4,2,2,2,2,2,2,2,2,2,2,2,2,2,2,2,2,2,2,2,4,4,2,2,2,2,2,2,2,2,2,2,2,2,2,2,2,2,2,2,2,2,2,2,2,2,2,2,4,2,4,2,4,2,2,2,2,4,4,2,2,4,2,4,2,2,4,4,4,2,4,4,4,4,2,2,6,6,2,2,4,4,2,2,4,4,2,2,2,2,2,2,2,2,2,2,2,2,2,2,2,2,4,4,4,2,2,2,4,4,4,4,2,4,4,4,4,4,4,4,4,4,4,4,2,2,4,4,4,4,4,4,4,4,4,6,6,6,6,6,6,4,4,4,4,4,4,4,4,4,4,4,4,4,6,6,2,2,4,4,4,4,4,6,6,6,6,4,4,2,2,4,4,4,4,2,2,6,6,4,2,2,4,4,4,4,4,4,4,2,2,6,6,4,4,4,4,4,6,6,4,4,4,2,2,4,4,4,4,4,4,4,6,6,4,2,4,4,4,4,4,6,6,4,4,4,4,4,4,4,2,2,4,4,4,4,4,4,2,4,4,4,6,6,4,4,4,4,4,4,6,6,6,6,4,4,4,4,4,6,6,4,6,6,4,4,2,2,4,4,4,4,2,2,6,6,4,4,4,4,4,4,4,6,6,4,4,4,4,4,4,4,4,4,4,4,4,4,4,4,4,4,4,2,2,4,4,2,4,2,4,4,4,4,4,4,4,4,4,4,4,4,4,4,4,6,6,6,6,6,6,4,4,4,6,6,4,4,4,4,6,6,2,2,2,2,4,4,4,4,4,4,2,2,2,2,4,2,2,2,2,6,6,4,4,4,4,4,4,2,2,2,2,4,4,4,2,2,4,4,4,4,4,4,4,4,4,4,4,4,2,2,2,2,4,4,4,2,2,2,2,2,4,4,4,2,2,4,4,4,4,2,4,4,4,4,4,2,2,2,4,4,4,4,4,4,4,4,4,4,4,4,4,4,4,4,2,2,4,2,2,4,2,4,4,4,4,4,4,2,2,2,4,4,2,2,4,2,2,2,2,2,4,4,4,2,2,2,2,4,4,2,4,4,4,4,4,4,6,6,2,2,2,4,2,2,2,2,4,4,4,4,4,4,4,4,2,2,2,2,2,2,2,2,4,2,2,4,2,2,4,2,2,2,2,4,2,2,4,4,2,2,4,4,4,2,2,4,2,2,2,2,6,6,4,4,4,4,2,2,4,2,4,4,4,4,4,2,2,4,4,2,2,4,2,2,4,4,4,2,2,6,6,4,4,4,4,2,2,2,2,2,2,2,2,4,4,4,4,4,4,4,2,2,4,4,4,4,2,2,2,2,2,4,4,4,4,4,4,4,4,4,4,4,2,4,4,4,4,4,4,4,4,4,4,2,2,2,2,4,4,4,4,2,2,4,4,4,4,4,4,4,4,2,2,2,2,2,2,2,2,2,2,4,2,2,4,2,2,2,2,2,2,2,2,2,2,2,2,2,2,2,2,2,2,2,2,2,2,2,2,2,2,2,2,2,2,2,2,2,2,2,2,2,2,2,2,2,2,2,2,2,2,2,2,2,2,2,2,2,2,2,2,2,2,2]",1.0,1.0,1.0,1.0,1.0,0.5113314282608189,0.4856811283834958,0.4856811283834958,0.3786881905449147,9.879675147563862,41.18633489559596,0.0091945105459094,9.879675147563862,0.0,0.3786881905449147,0.0,0.0,0.0,0.0018934409527245,100,0.01,1.0,256300,15876,27.782404166995548,0.08765158301685,45.87976837498718,0.9999983998504712,1.600149528657724e-06,124.09585081357888,3.200296496808086e-06,124.09575206073852,1.1242704484279666,0.0017889379691077,6.740163982499325e-13,6.739053759474699e-13,1e-12,analysis/fermionic_structure_ablation_extension_hgbs5.csv,1.2894464385126982e-08,97.60798102139103,124.09585081357888
success,,H2O_s-1.00_hgbs-5_as-008-010,hamiltonian_generator/polyatomic_library/H2O/s-1.00/hgbs-5/H2O_s-1.00_hgbs-5_as-008-010.tensors.npz,H2O,s-1.00,hgbs-5,8,10,18,1367,2563,1770,0.6905969566913773,0,signed_parent_blocks_randomized,8,4122931823,"reference signed-fermionic parent-owned Pauli blocks preserved internally and kept contiguous, but whole parent blocks randomly permuted",518c0550758506b6,9c4a22eab0d494f8,"[1,1,1,1,1,1,1,1,1,1,1,1,1,1,1,1,1,1,1,1,1,1,1,1,1,1,1,1,1,1,1,1,1,1,1,1,1,1,1,1,1,1,1,1,1,1,2,2,2,2,1,1,1,1,1,1,1,1,1,1,1,1,1,1,1,1,1,1,1,1,1,1,1,1,1,1,1,1,1,1,4,1,1,1,4,1,1,1,4,1,1,1,1,1,1,1,1,1,1,1,1,1,1,1,1,1,1,1,1,1,1,1,1,1,1,1,1,1,1,1,1,1,1,1,1,1,1,1,1,1,1,1,1,1,1,1,1,1,1,1,1,1,1,1,1,1,1,1,1,1,1,1,1,1,1,1,1,1,1,1,1,1,1,1,1,1,4,1,1,1,1,1,1,1,1,1,1,1,1,4,4,2,2,2,2,4,4,4,2,4,2,2,2,2,2,2,2,2,2,2,2,2,2,2,2,2,2,2,2,4,4,2,2,2,2,2,2,2,2,2,2,2,2,2,2,2,2,2,2,2,2,2,2,2,2,2,2,4,2,4,2,4,2,2,2,2,4,4,2,2,4,2,4,2,2,4,4,4,2,4,4,4,4,2,2,6,6,2,2,4,4,2,2,4,4,2,2,2,2,2,2,2,2,2,2,2,2,2,2,2,2,4,4,4,2,2,2,4,4,4,4,2,4,4,4,4,4,4,4,4,4,4,4,2,2,4,4,4,4,4,4,4,4,4,6,6,6,6,6,6,4,4,4,4,4,4,4,4,4,4,4,4,4,6,6,2,2,4,4,4,4,4,6,6,6,6,4,4,2,2,4,4,4,4,2,2,6,6,4,2,2,4,4,4,4,4,4,4,2,2,6,6,4,4,4,4,4,6,6,4,4,4,2,2,4,4,4,4,4,4,4,6,6,4,2,4,4,4,4,4,6,6,4,4,4,4,4,4,4,2,2,4,4,4,4,4,4,2,4,4,4,6,6,4,4,4,4,4,4,6,6,6,6,4,4,4,4,4,6,6,4,6,6,4,4,2,2,4,4,4,4,2,2,6,6,4,4,4,4,4,4,4,6,6,4,4,4,4,4,4,4,4,4,4,4,4,4,4,4,4,4,4,2,2,4,4,2,4,2,4,4,4,4,4,4,4,4,4,4,4,4,4,4,4,6,6,6,6,6,6,4,4,4,6,6,4,4,4,4,6,6,2,2,2,2,4,4,4,4,4,4,2,2,2,2,4,2,2,2,2,6,6,4,4,4,4,4,4,2,2,2,2,4,4,4,2,2,4,4,4,4,4,4,4,4,4,4,4,4,2,2,2,2,4,4,4,2,2,2,2,2,4,4,4,2,2,4,4,4,4,2,4,4,4,4,4,2,2,2,4,4,4,4,4,4,4,4,4,4,4,4,4,4,4,4,2,2,4,2,2,4,2,4,4,4,4,4,4,2,2,2,4,4,2,2,4,2,2,2,2,2,4,4,4,2,2,2,2,4,4,2,4,4,4,4,4,4,6,6,2,2,2,4,2,2,2,2,4,4,4,4,4,4,4,4,2,2,2,2,2,2,2,2,4,2,2,4,2,2,4,2,2,2,2,4,2,2,4,4,2,2,4,4,4,2,2,4,2,2,2,2,6,6,4,4,4,4,2,2,4,2,4,4,4,4,4,2,2,4,4,2,2,4,2,2,4,4,4,2,2,6,6,4,4,4,4,2,2,2,2,2,2,2,2,4,4,4,4,4,4,4,2,2,4,4,4,4,2,2,2,2,2,4,4,4,4,4,4,4,4,4,4,4,2,4,4,4,4,4,4,4,4,4,4,2,2,2,2,4,4,4,4,2,2,4,4,4,4,4,4,4,4,2,2,2,2,2,2,2,2,2,2,4,2,2,4,2,2,2,2,2,2,2,2,2,2,2,2,2,2,2,2,2,2,2,2,2,2,2,2,2,2,2,2,2,2,2,2,2,2,2,2,2,2,2,2,2,2,2,2,2,2,2,2,2,2,2,2,2,2,2,2,2,2,2]",1.0,1.0,1.0,1.0,1.0,0.4871213474246577,0.5829165026985672,0.5829165026985672,0.4972628193369474,12.973193357156168,41.18633489559596,0.0120734904088326,12.973193357156168,0.0,0.4972628193369474,0.0,0.0,0.0,0.0024863140966847,100,0.01,1.0,256300,15876,27.782404166995548,0.08765158301685,45.97098420900875,0.9999971362685388,2.863731461300034e-06,222.08998960850076,5.72745472160463e-06,222.0896725601036,1.1242667513230111,0.0023932118423992,8.067990719951014e-13,8.070211166000263e-13,1e-12,analysis/fermionic_structure_ablation_extension_hgbs5.csv,1.2894464385126982e-08,168.3037458821609,222.08998960850073
success,,H2O_s-1.00_hgbs-5_as-008-010,hamiltonian_generator/polyatomic_library/H2O/s-1.00/hgbs-5/H2O_s-1.00_hgbs-5_as-008-010.tensors.npz,H2O,s-1.00,hgbs-5,8,10,18,1367,2563,1770,0.6905969566913773,0,signed_parent_blocks_randomized,9,2846695538,"reference signed-fermionic parent-owned Pauli blocks preserved internally and kept contiguous, but whole parent blocks randomly permuted",a5173a4318924693,9ba30ea10c550da3,"[1,1,1,1,1,1,1,1,1,1,1,1,1,1,1,1,1,1,1,1,1,1,1,1,1,1,1,1,1,1,1,1,1,1,1,1,1,1,1,1,1,1,1,1,1,1,2,2,2,2,1,1,1,1,1,1,1,1,1,1,1,1,1,1,1,1,1,1,1,1,1,1,1,1,1,1,1,1,1,1,4,1,1,1,4,1,1,1,4,1,1,1,1,1,1,1,1,1,1,1,1,1,1,1,1,1,1,1,1,1,1,1,1,1,1,1,1,1,1,1,1,1,1,1,1,1,1,1,1,1,1,1,1,1,1,1,1,1,1,1,1,1,1,1,1,1,1,1,1,1,1,1,1,1,1,1,1,1,1,1,1,1,1,1,1,1,4,1,1,1,1,1,1,1,1,1,1,1,1,4,4,2,2,2,2,4,4,4,2,4,2,2,2,2,2,2,2,2,2,2,2,2,2,2,2,2,2,2,2,4,4,2,2,2,2,2,2,2,2,2,2,2,2,2,2,2,2,2,2,2,2,2,2,2,2,2,2,4,2,4,2,4,2,2,2,2,4,4,2,2,4,2,4,2,2,4,4,4,2,4,4,4,4,2,2,6,6,2,2,4,4,2,2,4,4,2,2,2,2,2,2,2,2,2,2,2,2,2,2,2,2,4,4,4,2,2,2,4,4,4,4,2,4,4,4,4,4,4,4,4,4,4,4,2,2,4,4,4,4,4,4,4,4,4,6,6,6,6,6,6,4,4,4,4,4,4,4,4,4,4,4,4,4,6,6,2,2,4,4,4,4,4,6,6,6,6,4,4,2,2,4,4,4,4,2,2,6,6,4,2,2,4,4,4,4,4,4,4,2,2,6,6,4,4,4,4,4,6,6,4,4,4,2,2,4,4,4,4,4,4,4,6,6,4,2,4,4,4,4,4,6,6,4,4,4,4,4,4,4,2,2,4,4,4,4,4,4,2,4,4,4,6,6,4,4,4,4,4,4,6,6,6,6,4,4,4,4,4,6,6,4,6,6,4,4,2,2,4,4,4,4,2,2,6,6,4,4,4,4,4,4,4,6,6,4,4,4,4,4,4,4,4,4,4,4,4,4,4,4,4,4,4,2,2,4,4,2,4,2,4,4,4,4,4,4,4,4,4,4,4,4,4,4,4,6,6,6,6,6,6,4,4,4,6,6,4,4,4,4,6,6,2,2,2,2,4,4,4,4,4,4,2,2,2,2,4,2,2,2,2,6,6,4,4,4,4,4,4,2,2,2,2,4,4,4,2,2,4,4,4,4,4,4,4,4,4,4,4,4,2,2,2,2,4,4,4,2,2,2,2,2,4,4,4,2,2,4,4,4,4,2,4,4,4,4,4,2,2,2,4,4,4,4,4,4,4,4,4,4,4,4,4,4,4,4,2,2,4,2,2,4,2,4,4,4,4,4,4,2,2,2,4,4,2,2,4,2,2,2,2,2,4,4,4,2,2,2,2,4,4,2,4,4,4,4,4,4,6,6,2,2,2,4,2,2,2,2,4,4,4,4,4,4,4,4,2,2,2,2,2,2,2,2,4,2,2,4,2,2,4,2,2,2,2,4,2,2,4,4,2,2,4,4,4,2,2,4,2,2,2,2,6,6,4,4,4,4,2,2,4,2,4,4,4,4,4,2,2,4,4,2,2,4,2,2,4,4,4,2,2,6,6,4,4,4,4,2,2,2,2,2,2,2,2,4,4,4,4,4,4,4,2,2,4,4,4,4,2,2,2,2,2,4,4,4,4,4,4,4,4,4,4,4,2,4,4,4,4,4,4,4,4,4,4,2,2,2,2,4,4,4,4,2,2,4,4,4,4,4,4,4,4,2,2,2,2,2,2,2,2,2,2,4,2,2,4,2,2,2,2,2,2,2,2,2,2,2,2,2,2,2,2,2,2,2,2,2,2,2,2,2,2,2,2,2,2,2,2,2,2,2,2,2,2,2,2,2,2,2,2,2,2,2,2,2,2,2,2,2,2,2,2,2,2,2]",1.0,1.0,1.0,1.0,1.0,0.5037777898570419,0.5273499325320316,0.5273499325320316,0.4777321152850384,12.463652747615605,41.18633489559596,0.0115992869114489,12.463652747615605,0.0,0.4777321152850384,0.0,0.0,0.0,0.0023886605764251,100,0.01,1.0,256300,15876,27.782404166995548,0.08765158301685,45.970256582979346,0.9999974530592316,2.5469407682887635e-06,197.52202900544768,5.093875049655416e-06,197.52177831675695,1.1242696480974257,0.0022569629010193,7.338574192772286e-13,7.338574192772286e-13,1e-12,analysis/fermionic_structure_ablation_extension_hgbs5.csv,1.2894464385126982e-08,155.342639813146,197.52202900544765
success,,H2O_s-1.00_hgbs-5_as-008-010,hamiltonian_generator/polyatomic_library/H2O/s-1.00/hgbs-5/H2O_s-1.00_hgbs-5_as-008-010.tensors.npz,H2O,s-1.00,hgbs-5,8,10,18,1367,2563,1770,0.6905969566913773,0,signed_parent_descendants_round_robin,-1,-1,"reference signed-fermionic parent priority and within-parent descendant order retained, but descendants interleaved round-robin across parent blocks to destroy contiguity",476cea002f892ca4,e9796ad146c54450,"[1,1,1,1,1,1,1,1,1,1,1,1,1,1,1,1,1,1,1,1,1,1,1,1,1,1,1,1,1,1,1,1,1,1,1,1,1,1,1,1,1,1,1,1,1,1,2,2,2,2,1,1,1,1,1,1,1,1,1,1,1,1,1,1,1,1,1,1,1,1,1,1,1,1,1,1,1,1,1,1,4,1,1,1,4,1,1,1,4,1,1,1,1,1,1,1,1,1,1,1,1,1,1,1,1,1,1,1,1,1,1,1,1,1,1,1,1,1,1,1,1,1,1,1,1,1,1,1,1,1,1,1,1,1,1,1,1,1,1,1,1,1,1,1,1,1,1,1,1,1,1,1,1,1,1,1,1,1,1,1,1,1,1,1,1,1,4,1,1,1,1,1,1,1,1,1,1,1,1,4,4,2,2,2,2,4,4,4,2,4,2,2,2,2,2,2,2,2,2,2,2,2,2,2,2,2,2,2,2,4,4,2,2,2,2,2,2,2,2,2,2,2,2,2,2,2,2,2,2,2,2,2,2,2,2,2,2,4,2,4,2,4,2,2,2,2,4,4,2,2,4,2,4,2,2,4,4,4,2,4,4,4,4,2,2,6,6,2,2,4,4,2,2,4,4,2,2,2,2,2,2,2,2,2,2,2,2,2,2,2,2,4,4,4,2,2,2,4,4,4,4,2,4,4,4,4,4,4,4,4,4,4,4,2,2,4,4,4,4,4,4,4,4,4,6,6,6,6,6,6,4,4,4,4,4,4,4,4,4,4,4,4,4,6,6,2,2,4,4,4,4,4,6,6,6,6,4,4,2,2,4,4,4,4,2,2,6,6,4,2,2,4,4,4,4,4,4,4,2,2,6,6,4,4,4,4,4,6,6,4,4,4,2,2,4,4,4,4,4,4,4,6,6,4,2,4,4,4,4,4,6,6,4,4,4,4,4,4,4,2,2,4,4,4,4,4,4,2,4,4,4,6,6,4,4,4,4,4,4,6,6,6,6,4,4,4,4,4,6,6,4,6,6,4,4,2,2,4,4,4,4,2,2,6,6,4,4,4,4,4,4,4,6,6,4,4,4,4,4,4,4,4,4,4,4,4,4,4,4,4,4,4,2,2,4,4,2,4,2,4,4,4,4,4,4,4,4,4,4,4,4,4,4,4,6,6,6,6,6,6,4,4,4,6,6,4,4,4,4,6,6,2,2,2,2,4,4,4,4,4,4,2,2,2,2,4,2,2,2,2,6,6,4,4,4,4,4,4,2,2,2,2,4,4,4,2,2,4,4,4,4,4,4,4,4,4,4,4,4,2,2,2,2,4,4,4,2,2,2,2,2,4,4,4,2,2,4,4,4,4,2,4,4,4,4,4,2,2,2,4,4,4,4,4,4,4,4,4,4,4,4,4,4,4,4,2,2,4,2,2,4,2,4,4,4,4,4,4,2,2,2,4,4,2,2,4,2,2,2,2,2,4,4,4,2,2,2,2,4,4,2,4,4,4,4,4,4,6,6,2,2,2,4,2,2,2,2,4,4,4,4,4,4,4,4,2,2,2,2,2,2,2,2,4,2,2,4,2,2,4,2,2,2,2,4,2,2,4,4,2,2,4,4,4,2,2,4,2,2,2,2,6,6,4,4,4,4,2,2,4,2,4,4,4,4,4,2,2,4,4,2,2,4,2,2,4,4,4,2,2,6,6,4,4,4,4,2,2,2,2,2,2,2,2,4,4,4,4,4,4,4,2,2,4,4,4,4,2,2,2,2,2,4,4,4,4,4,4,4,4,4,4,4,2,4,4,4,4,4,4,4,4,4,4,2,2,2,2,4,4,4,4,2,2,4,4,4,4,4,4,4,4,2,2,2,2,2,2,2,2,2,2,4,2,2,4,2,2,2,2,2,2,2,2,2,2,2,2,2,2,2,2,2,2,2,2,2,2,2,2,2,2,2,2,2,2,2,2,2,2,2,2,2,2,2,2,2,2,2,2,2,2,2,2,2,2,2,2,2,2,2,2,2,2,2]",2.863687150837989,6.0,0.1910614525139664,320.92709497206704,375.91884510339446,0.3446980874210857,0.0680560068280111,0.0680560068280111,0.1684897111231127,4.395763198234186,41.18633489559596,0.0040909129581503,4.395763198234186,0.0,0.1684897111231127,0.0,0.0,0.0,0.0008424485556155,100,0.01,1.0,256300,15876,27.782404166995548,0.08765158301685,45.87473008298548,0.9999998874641418,1.1253585818771229e-07,8.727455040126824,2.250717037188821e-07,8.72745458692458,1.1242692512160335,0.0004744172386996,1.8804510049097445e-07,1.8826697245621918e-07,1e-12,analysis/fermionic_structure_ablation_extension_hgbs5.csv,1.2894464385126982e-08,19.32273409495004,8.727455040126824
success,,H2O_s-1.00_hgbs-5_as-008-010,hamiltonian_generator/polyatomic_library/H2O/s-1.00/hgbs-5/H2O_s-1.00_hgbs-5_as-008-010.tensors.npz,H2O,s-1.00,hgbs-5,8,10,18,1367,2563,1770,0.6905969566913773,0,signed_parent_within_randomized,0,2780506926,"reference signed-fermionic parent-block order kept fixed and contiguous, but Pauli descendants randomly permuted inside each parent-owned block",476cea002f892ca4,ea30acfb0922adf9,"[1,1,1,1,1,1,1,1,1,1,1,1,1,1,1,1,1,1,1,1,1,1,1,1,1,1,1,1,1,1,1,1,1,1,1,1,1,1,1,1,1,1,1,1,1,1,2,2,2,2,1,1,1,1,1,1,1,1,1,1,1,1,1,1,1,1,1,1,1,1,1,1,1,1,1,1,1,1,1,1,4,1,1,1,4,1,1,1,4,1,1,1,1,1,1,1,1,1,1,1,1,1,1,1,1,1,1,1,1,1,1,1,1,1,1,1,1,1,1,1,1,1,1,1,1,1,1,1,1,1,1,1,1,1,1,1,1,1,1,1,1,1,1,1,1,1,1,1,1,1,1,1,1,1,1,1,1,1,1,1,1,1,1,1,1,1,4,1,1,1,1,1,1,1,1,1,1,1,1,4,4,2,2,2,2,4,4,4,2,4,2,2,2,2,2,2,2,2,2,2,2,2,2,2,2,2,2,2,2,4,4,2,2,2,2,2,2,2,2,2,2,2,2,2,2,2,2,2,2,2,2,2,2,2,2,2,2,4,2,4,2,4,2,2,2,2,4,4,2,2,4,2,4,2,2,4,4,4,2,4,4,4,4,2,2,6,6,2,2,4,4,2,2,4,4,2,2,2,2,2,2,2,2,2,2,2,2,2,2,2,2,4,4,4,2,2,2,4,4,4,4,2,4,4,4,4,4,4,4,4,4,4,4,2,2,4,4,4,4,4,4,4,4,4,6,6,6,6,6,6,4,4,4,4,4,4,4,4,4,4,4,4,4,6,6,2,2,4,4,4,4,4,6,6,6,6,4,4,2,2,4,4,4,4,2,2,6,6,4,2,2,4,4,4,4,4,4,4,2,2,6,6,4,4,4,4,4,6,6,4,4,4,2,2,4,4,4,4,4,4,4,6,6,4,2,4,4,4,4,4,6,6,4,4,4,4,4,4,4,2,2,4,4,4,4,4,4,2,4,4,4,6,6,4,4,4,4,4,4,6,6,6,6,4,4,4,4,4,6,6,4,6,6,4,4,2,2,4,4,4,4,2,2,6,6,4,4,4,4,4,4,4,6,6,4,4,4,4,4,4,4,4,4,4,4,4,4,4,4,4,4,4,2,2,4,4,2,4,2,4,4,4,4,4,4,4,4,4,4,4,4,4,4,4,6,6,6,6,6,6,4,4,4,6,6,4,4,4,4,6,6,2,2,2,2,4,4,4,4,4,4,2,2,2,2,4,2,2,2,2,6,6,4,4,4,4,4,4,2,2,2,2,4,4,4,2,2,4,4,4,4,4,4,4,4,4,4,4,4,2,2,2,2,4,4,4,2,2,2,2,2,4,4,4,2,2,4,4,4,4,2,4,4,4,4,4,2,2,2,4,4,4,4,4,4,4,4,4,4,4,4,4,4,4,4,2,2,4,2,2,4,2,4,4,4,4,4,4,2,2,2,4,4,2,2,4,2,2,2,2,2,4,4,4,2,2,2,2,4,4,2,4,4,4,4,4,4,6,6,2,2,2,4,2,2,2,2,4,4,4,4,4,4,4,4,2,2,2,2,2,2,2,2,4,2,2,4,2,2,4,2,2,2,2,4,2,2,4,4,2,2,4,4,4,2,2,4,2,2,2,2,6,6,4,4,4,4,2,2,4,2,4,4,4,4,4,2,2,4,4,2,2,4,2,2,4,4,4,2,2,6,6,4,4,4,4,2,2,2,2,2,2,2,2,4,4,4,4,4,4,4,2,2,4,4,4,4,2,2,2,2,2,4,4,4,4,4,4,4,4,4,4,4,2,4,4,4,4,4,4,4,4,4,4,2,2,2,2,4,4,4,4,2,2,4,4,4,4,4,4,4,4,2,2,2,2,2,2,2,2,2,2,4,2,2,4,2,2,2,2,2,2,2,2,2,2,2,2,2,2,2,2,2,2,2,2,2,2,2,2,2,2,2,2,2,2,2,2,2,2,2,2,2,2,2,2,2,2,2,2,2,2,2,2,2,2,2,2,2,2,2,2,2,2,2]",1.0,1.0,1.0,1.0,1.0,0.0,0.0,0.0,0.0383300245087807,1.0,41.18633489559596,0.0009306490758632,1.0,0.0,0.0383300245087807,0.0,0.0,0.0,0.0001916501225439,100,0.01,1.0,256300,15876,27.782404166995548,0.08765158301685,45.86097375000827,0.9999999871055564,1.2894443512934116e-08,0.9999983813059434,2.5788886914845932e-08,0.9999983813059364,1.1242692546847914,0.0001605891871386,6.227240945122503e-13,6.226130722097878e-13,1e-12,analysis/fermionic_structure_ablation_extension_hgbs5.csv,1.2894464385126982e-08,1.0,0.9999983813059432
success,,H2O_s-1.00_hgbs-5_as-008-010,hamiltonian_generator/polyatomic_library/H2O/s-1.00/hgbs-5/H2O_s-1.00_hgbs-5_as-008-010.tensors.npz,H2O,s-1.00,hgbs-5,8,10,18,1367,2563,1770,0.6905969566913773,0,signed_parent_within_randomized,1,2831033835,"reference signed-fermionic parent-block order kept fixed and contiguous, but Pauli descendants randomly permuted inside each parent-owned block",476cea002f892ca4,474ce1ba82d5a51a,"[1,1,1,1,1,1,1,1,1,1,1,1,1,1,1,1,1,1,1,1,1,1,1,1,1,1,1,1,1,1,1,1,1,1,1,1,1,1,1,1,1,1,1,1,1,1,2,2,2,2,1,1,1,1,1,1,1,1,1,1,1,1,1,1,1,1,1,1,1,1,1,1,1,1,1,1,1,1,1,1,4,1,1,1,4,1,1,1,4,1,1,1,1,1,1,1,1,1,1,1,1,1,1,1,1,1,1,1,1,1,1,1,1,1,1,1,1,1,1,1,1,1,1,1,1,1,1,1,1,1,1,1,1,1,1,1,1,1,1,1,1,1,1,1,1,1,1,1,1,1,1,1,1,1,1,1,1,1,1,1,1,1,1,1,1,1,4,1,1,1,1,1,1,1,1,1,1,1,1,4,4,2,2,2,2,4,4,4,2,4,2,2,2,2,2,2,2,2,2,2,2,2,2,2,2,2,2,2,2,4,4,2,2,2,2,2,2,2,2,2,2,2,2,2,2,2,2,2,2,2,2,2,2,2,2,2,2,4,2,4,2,4,2,2,2,2,4,4,2,2,4,2,4,2,2,4,4,4,2,4,4,4,4,2,2,6,6,2,2,4,4,2,2,4,4,2,2,2,2,2,2,2,2,2,2,2,2,2,2,2,2,4,4,4,2,2,2,4,4,4,4,2,4,4,4,4,4,4,4,4,4,4,4,2,2,4,4,4,4,4,4,4,4,4,6,6,6,6,6,6,4,4,4,4,4,4,4,4,4,4,4,4,4,6,6,2,2,4,4,4,4,4,6,6,6,6,4,4,2,2,4,4,4,4,2,2,6,6,4,2,2,4,4,4,4,4,4,4,2,2,6,6,4,4,4,4,4,6,6,4,4,4,2,2,4,4,4,4,4,4,4,6,6,4,2,4,4,4,4,4,6,6,4,4,4,4,4,4,4,2,2,4,4,4,4,4,4,2,4,4,4,6,6,4,4,4,4,4,4,6,6,6,6,4,4,4,4,4,6,6,4,6,6,4,4,2,2,4,4,4,4,2,2,6,6,4,4,4,4,4,4,4,6,6,4,4,4,4,4,4,4,4,4,4,4,4,4,4,4,4,4,4,2,2,4,4,2,4,2,4,4,4,4,4,4,4,4,4,4,4,4,4,4,4,6,6,6,6,6,6,4,4,4,6,6,4,4,4,4,6,6,2,2,2,2,4,4,4,4,4,4,2,2,2,2,4,2,2,2,2,6,6,4,4,4,4,4,4,2,2,2,2,4,4,4,2,2,4,4,4,4,4,4,4,4,4,4,4,4,2,2,2,2,4,4,4,2,2,2,2,2,4,4,4,2,2,4,4,4,4,2,4,4,4,4,4,2,2,2,4,4,4,4,4,4,4,4,4,4,4,4,4,4,4,4,2,2,4,2,2,4,2,4,4,4,4,4,4,2,2,2,4,4,2,2,4,2,2,2,2,2,4,4,4,2,2,2,2,4,4,2,4,4,4,4,4,4,6,6,2,2,2,4,2,2,2,2,4,4,4,4,4,4,4,4,2,2,2,2,2,2,2,2,4,2,2,4,2,2,4,2,2,2,2,4,2,2,4,4,2,2,4,4,4,2,2,4,2,2,2,2,6,6,4,4,4,4,2,2,4,2,4,4,4,4,4,2,2,4,4,2,2,4,2,2,4,4,4,2,2,6,6,4,4,4,4,2,2,2,2,2,2,2,2,4,4,4,4,4,4,4,2,2,4,4,4,4,2,2,2,2,2,4,4,4,4,4,4,4,4,4,4,4,2,4,4,4,4,4,4,4,4,4,4,2,2,2,2,4,4,4,4,2,2,4,4,4,4,4,4,4,4,2,2,2,2,2,2,2,2,2,2,4,2,2,4,2,2,2,2,2,2,2,2,2,2,2,2,2,2,2,2,2,2,2,2,2,2,2,2,2,2,2,2,2,2,2,2,2,2,2,2,2,2,2,2,2,2,2,2,2,2,2,2,2,2,2,2,2,2,2,2,2,2,2]",1.0,1.0,1.0,1.0,1.0,0.0,0.0,0.0,0.0383300245087807,1.0,41.18633489559596,0.0009306490758632,1.0,0.0,0.0383300245087807,0.0,0.0,0.0,0.0001916501225439,100,0.01,1.0,256300,15876,27.782404166995548,0.08765158301685,45.86482591700042,0.9999999871055518,1.289444817587082e-08,0.9999987429290838,2.5788896240719342e-08,0.9999987429290784,1.1242692546847812,0.0001605892161751,6.320499679191016e-13,6.319389456166391e-13,1e-12,analysis/fermionic_structure_ablation_extension_hgbs5.csv,1.2894464385126982e-08,1.0,0.9999987429290836
success,,H2O_s-1.00_hgbs-5_as-008-010,hamiltonian_generator/polyatomic_library/H2O/s-1.00/hgbs-5/H2O_s-1.00_hgbs-5_as-008-010.tensors.npz,H2O,s-1.00,hgbs-5,8,10,18,1367,2563,1770,0.6905969566913773,0,signed_parent_within_randomized,2,684607418,"reference signed-fermionic parent-block order kept fixed and contiguous, but Pauli descendants randomly permuted inside each parent-owned block",476cea002f892ca4,6dfe6dc1308d5488,"[1,1,1,1,1,1,1,1,1,1,1,1,1,1,1,1,1,1,1,1,1,1,1,1,1,1,1,1,1,1,1,1,1,1,1,1,1,1,1,1,1,1,1,1,1,1,2,2,2,2,1,1,1,1,1,1,1,1,1,1,1,1,1,1,1,1,1,1,1,1,1,1,1,1,1,1,1,1,1,1,4,1,1,1,4,1,1,1,4,1,1,1,1,1,1,1,1,1,1,1,1,1,1,1,1,1,1,1,1,1,1,1,1,1,1,1,1,1,1,1,1,1,1,1,1,1,1,1,1,1,1,1,1,1,1,1,1,1,1,1,1,1,1,1,1,1,1,1,1,1,1,1,1,1,1,1,1,1,1,1,1,1,1,1,1,1,4,1,1,1,1,1,1,1,1,1,1,1,1,4,4,2,2,2,2,4,4,4,2,4,2,2,2,2,2,2,2,2,2,2,2,2,2,2,2,2,2,2,2,4,4,2,2,2,2,2,2,2,2,2,2,2,2,2,2,2,2,2,2,2,2,2,2,2,2,2,2,4,2,4,2,4,2,2,2,2,4,4,2,2,4,2,4,2,2,4,4,4,2,4,4,4,4,2,2,6,6,2,2,4,4,2,2,4,4,2,2,2,2,2,2,2,2,2,2,2,2,2,2,2,2,4,4,4,2,2,2,4,4,4,4,2,4,4,4,4,4,4,4,4,4,4,4,2,2,4,4,4,4,4,4,4,4,4,6,6,6,6,6,6,4,4,4,4,4,4,4,4,4,4,4,4,4,6,6,2,2,4,4,4,4,4,6,6,6,6,4,4,2,2,4,4,4,4,2,2,6,6,4,2,2,4,4,4,4,4,4,4,2,2,6,6,4,4,4,4,4,6,6,4,4,4,2,2,4,4,4,4,4,4,4,6,6,4,2,4,4,4,4,4,6,6,4,4,4,4,4,4,4,2,2,4,4,4,4,4,4,2,4,4,4,6,6,4,4,4,4,4,4,6,6,6,6,4,4,4,4,4,6,6,4,6,6,4,4,2,2,4,4,4,4,2,2,6,6,4,4,4,4,4,4,4,6,6,4,4,4,4,4,4,4,4,4,4,4,4,4,4,4,4,4,4,2,2,4,4,2,4,2,4,4,4,4,4,4,4,4,4,4,4,4,4,4,4,6,6,6,6,6,6,4,4,4,6,6,4,4,4,4,6,6,2,2,2,2,4,4,4,4,4,4,2,2,2,2,4,2,2,2,2,6,6,4,4,4,4,4,4,2,2,2,2,4,4,4,2,2,4,4,4,4,4,4,4,4,4,4,4,4,2,2,2,2,4,4,4,2,2,2,2,2,4,4,4,2,2,4,4,4,4,2,4,4,4,4,4,2,2,2,4,4,4,4,4,4,4,4,4,4,4,4,4,4,4,4,2,2,4,2,2,4,2,4,4,4,4,4,4,2,2,2,4,4,2,2,4,2,2,2,2,2,4,4,4,2,2,2,2,4,4,2,4,4,4,4,4,4,6,6,2,2,2,4,2,2,2,2,4,4,4,4,4,4,4,4,2,2,2,2,2,2,2,2,4,2,2,4,2,2,4,2,2,2,2,4,2,2,4,4,2,2,4,4,4,2,2,4,2,2,2,2,6,6,4,4,4,4,2,2,4,2,4,4,4,4,4,2,2,4,4,2,2,4,2,2,4,4,4,2,2,6,6,4,4,4,4,2,2,2,2,2,2,2,2,4,4,4,4,4,4,4,2,2,4,4,4,4,2,2,2,2,2,4,4,4,4,4,4,4,4,4,4,4,2,4,4,4,4,4,4,4,4,4,4,2,2,2,2,4,4,4,4,2,2,4,4,4,4,4,4,4,4,2,2,2,2,2,2,2,2,2,2,4,2,2,4,2,2,2,2,2,2,2,2,2,2,2,2,2,2,2,2,2,2,2,2,2,2,2,2,2,2,2,2,2,2,2,2,2,2,2,2,2,2,2,2,2,2,2,2,2,2,2,2,2,2,2,2,2,2,2,2,2,2,2]",1.0,1.0,1.0,1.0,1.0,0.0,0.0,0.0,0.0383300245087807,1.0,41.18633489559596,0.0009306490758632,1.0,0.0,0.0383300245087807,0.0,0.0,0.0,0.0001916501225439,100,0.01,1.0,256300,15876,27.782404166995548,0.08765158301685,45.91829025000334,0.9999999871055434,1.2894456613565808e-08,0.9999993972947662,2.5788913116109313e-08,0.9999993972947636,1.1242692546847988,0.0001605892687172,6.49147402498329e-13,6.490363801958665e-13,1e-12,analysis/fermionic_structure_ablation_extension_hgbs5.csv,1.2894464385126982e-08,1.0,0.9999993972947661
success,,H2O_s-1.00_hgbs-5_as-008-010,hamiltonian_generator/polyatomic_library/H2O/s-1.00/hgbs-5/H2O_s-1.00_hgbs-5_as-008-010.tensors.npz,H2O,s-1.00,hgbs-5,8,10,18,1367,2563,1770,0.6905969566913773,0,signed_parent_within_randomized,3,694546215,"reference signed-fermionic parent-block order kept fixed and contiguous, but Pauli descendants randomly permuted inside each parent-owned block",476cea002f892ca4,c357fbb70148a508,"[1,1,1,1,1,1,1,1,1,1,1,1,1,1,1,1,1,1,1,1,1,1,1,1,1,1,1,1,1,1,1,1,1,1,1,1,1,1,1,1,1,1,1,1,1,1,2,2,2,2,1,1,1,1,1,1,1,1,1,1,1,1,1,1,1,1,1,1,1,1,1,1,1,1,1,1,1,1,1,1,4,1,1,1,4,1,1,1,4,1,1,1,1,1,1,1,1,1,1,1,1,1,1,1,1,1,1,1,1,1,1,1,1,1,1,1,1,1,1,1,1,1,1,1,1,1,1,1,1,1,1,1,1,1,1,1,1,1,1,1,1,1,1,1,1,1,1,1,1,1,1,1,1,1,1,1,1,1,1,1,1,1,1,1,1,1,4,1,1,1,1,1,1,1,1,1,1,1,1,4,4,2,2,2,2,4,4,4,2,4,2,2,2,2,2,2,2,2,2,2,2,2,2,2,2,2,2,2,2,4,4,2,2,2,2,2,2,2,2,2,2,2,2,2,2,2,2,2,2,2,2,2,2,2,2,2,2,4,2,4,2,4,2,2,2,2,4,4,2,2,4,2,4,2,2,4,4,4,2,4,4,4,4,2,2,6,6,2,2,4,4,2,2,4,4,2,2,2,2,2,2,2,2,2,2,2,2,2,2,2,2,4,4,4,2,2,2,4,4,4,4,2,4,4,4,4,4,4,4,4,4,4,4,2,2,4,4,4,4,4,4,4,4,4,6,6,6,6,6,6,4,4,4,4,4,4,4,4,4,4,4,4,4,6,6,2,2,4,4,4,4,4,6,6,6,6,4,4,2,2,4,4,4,4,2,2,6,6,4,2,2,4,4,4,4,4,4,4,2,2,6,6,4,4,4,4,4,6,6,4,4,4,2,2,4,4,4,4,4,4,4,6,6,4,2,4,4,4,4,4,6,6,4,4,4,4,4,4,4,2,2,4,4,4,4,4,4,2,4,4,4,6,6,4,4,4,4,4,4,6,6,6,6,4,4,4,4,4,6,6,4,6,6,4,4,2,2,4,4,4,4,2,2,6,6,4,4,4,4,4,4,4,6,6,4,4,4,4,4,4,4,4,4,4,4,4,4,4,4,4,4,4,2,2,4,4,2,4,2,4,4,4,4,4,4,4,4,4,4,4,4,4,4,4,6,6,6,6,6,6,4,4,4,6,6,4,4,4,4,6,6,2,2,2,2,4,4,4,4,4,4,2,2,2,2,4,2,2,2,2,6,6,4,4,4,4,4,4,2,2,2,2,4,4,4,2,2,4,4,4,4,4,4,4,4,4,4,4,4,2,2,2,2,4,4,4,2,2,2,2,2,4,4,4,2,2,4,4,4,4,2,4,4,4,4,4,2,2,2,4,4,4,4,4,4,4,4,4,4,4,4,4,4,4,4,2,2,4,2,2,4,2,4,4,4,4,4,4,2,2,2,4,4,2,2,4,2,2,2,2,2,4,4,4,2,2,2,2,4,4,2,4,4,4,4,4,4,6,6,2,2,2,4,2,2,2,2,4,4,4,4,4,4,4,4,2,2,2,2,2,2,2,2,4,2,2,4,2,2,4,2,2,2,2,4,2,2,4,4,2,2,4,4,4,2,2,4,2,2,2,2,6,6,4,4,4,4,2,2,4,2,4,4,4,4,4,2,2,4,4,2,2,4,2,2,4,4,4,2,2,6,6,4,4,4,4,2,2,2,2,2,2,2,2,4,4,4,4,4,4,4,2,2,4,4,4,4,2,2,2,2,2,4,4,4,4,4,4,4,4,4,4,4,2,4,4,4,4,4,4,4,4,4,4,2,2,2,2,4,4,4,4,2,2,4,4,4,4,4,4,4,4,2,2,2,2,2,2,2,2,2,2,4,2,2,4,2,2,2,2,2,2,2,2,2,2,2,2,2,2,2,2,2,2,2,2,2,2,2,2,2,2,2,2,2,2,2,2,2,2,2,2,2,2,2,2,2,2,2,2,2,2,2,2,2,2,2,2,2,2,2,2,2,2,2]",1.0,1.0,1.0,1.0,1.0,0.0,0.0,0.0,0.0383300245087807,1.0,41.18633489559596,0.0009306490758632,1.0,0.0,0.0383300245087807,0.0,0.0,0.0,0.0001916501225439,100,0.01,1.0,256300,15876,27.782404166995548,0.08765158301685,45.8688274580054,0.9999999871055472,1.2894452838807524e-08,0.999999104552224,2.5788905566592746e-08,0.9999991045522202,1.1242692546847934,0.0001605892452115,6.413758413259529e-13,6.412648190234904e-13,1e-12,analysis/fermionic_structure_ablation_extension_hgbs5.csv,1.2894464385126982e-08,1.0,0.9999991045522238
success,,H2O_s-1.00_hgbs-5_as-008-010,hamiltonian_generator/polyatomic_library/H2O/s-1.00/hgbs-5/H2O_s-1.00_hgbs-5_as-008-010.tensors.npz,H2O,s-1.00,hgbs-5,8,10,18,1367,2563,1770,0.6905969566913773,0,signed_parent_within_randomized,4,4239918177,"reference signed-fermionic parent-block order kept fixed and contiguous, but Pauli descendants randomly permuted inside each parent-owned block",476cea002f892ca4,bfba619faf2858c1,"[1,1,1,1,1,1,1,1,1,1,1,1,1,1,1,1,1,1,1,1,1,1,1,1,1,1,1,1,1,1,1,1,1,1,1,1,1,1,1,1,1,1,1,1,1,1,2,2,2,2,1,1,1,1,1,1,1,1,1,1,1,1,1,1,1,1,1,1,1,1,1,1,1,1,1,1,1,1,1,1,4,1,1,1,4,1,1,1,4,1,1,1,1,1,1,1,1,1,1,1,1,1,1,1,1,1,1,1,1,1,1,1,1,1,1,1,1,1,1,1,1,1,1,1,1,1,1,1,1,1,1,1,1,1,1,1,1,1,1,1,1,1,1,1,1,1,1,1,1,1,1,1,1,1,1,1,1,1,1,1,1,1,1,1,1,1,4,1,1,1,1,1,1,1,1,1,1,1,1,4,4,2,2,2,2,4,4,4,2,4,2,2,2,2,2,2,2,2,2,2,2,2,2,2,2,2,2,2,2,4,4,2,2,2,2,2,2,2,2,2,2,2,2,2,2,2,2,2,2,2,2,2,2,2,2,2,2,4,2,4,2,4,2,2,2,2,4,4,2,2,4,2,4,2,2,4,4,4,2,4,4,4,4,2,2,6,6,2,2,4,4,2,2,4,4,2,2,2,2,2,2,2,2,2,2,2,2,2,2,2,2,4,4,4,2,2,2,4,4,4,4,2,4,4,4,4,4,4,4,4,4,4,4,2,2,4,4,4,4,4,4,4,4,4,6,6,6,6,6,6,4,4,4,4,4,4,4,4,4,4,4,4,4,6,6,2,2,4,4,4,4,4,6,6,6,6,4,4,2,2,4,4,4,4,2,2,6,6,4,2,2,4,4,4,4,4,4,4,2,2,6,6,4,4,4,4,4,6,6,4,4,4,2,2,4,4,4,4,4,4,4,6,6,4,2,4,4,4,4,4,6,6,4,4,4,4,4,4,4,2,2,4,4,4,4,4,4,2,4,4,4,6,6,4,4,4,4,4,4,6,6,6,6,4,4,4,4,4,6,6,4,6,6,4,4,2,2,4,4,4,4,2,2,6,6,4,4,4,4,4,4,4,6,6,4,4,4,4,4,4,4,4,4,4,4,4,4,4,4,4,4,4,2,2,4,4,2,4,2,4,4,4,4,4,4,4,4,4,4,4,4,4,4,4,6,6,6,6,6,6,4,4,4,6,6,4,4,4,4,6,6,2,2,2,2,4,4,4,4,4,4,2,2,2,2,4,2,2,2,2,6,6,4,4,4,4,4,4,2,2,2,2,4,4,4,2,2,4,4,4,4,4,4,4,4,4,4,4,4,2,2,2,2,4,4,4,2,2,2,2,2,4,4,4,2,2,4,4,4,4,2,4,4,4,4,4,2,2,2,4,4,4,4,4,4,4,4,4,4,4,4,4,4,4,4,2,2,4,2,2,4,2,4,4,4,4,4,4,2,2,2,4,4,2,2,4,2,2,2,2,2,4,4,4,2,2,2,2,4,4,2,4,4,4,4,4,4,6,6,2,2,2,4,2,2,2,2,4,4,4,4,4,4,4,4,2,2,2,2,2,2,2,2,4,2,2,4,2,2,4,2,2,2,2,4,2,2,4,4,2,2,4,4,4,2,2,4,2,2,2,2,6,6,4,4,4,4,2,2,4,2,4,4,4,4,4,2,2,4,4,2,2,4,2,2,4,4,4,2,2,6,6,4,4,4,4,2,2,2,2,2,2,2,2,4,4,4,4,4,4,4,2,2,4,4,4,4,2,2,2,2,2,4,4,4,4,4,4,4,4,4,4,4,2,4,4,4,4,4,4,4,4,4,4,2,2,2,2,4,4,4,4,2,2,4,4,4,4,4,4,4,4,2,2,2,2,2,2,2,2,2,2,4,2,2,4,2,2,2,2,2,2,2,2,2,2,2,2,2,2,2,2,2,2,2,2,2,2,2,2,2,2,2,2,2,2,2,2,2,2,2,2,2,2,2,2,2,2,2,2,2,2,2,2,2,2,2,2,2,2,2,2,2,2,2]",1.0,1.0,1.0,1.0,1.0,0.0,0.0,0.0,0.0383300245087807,1.0,41.18633489559596,0.0009306490758632,1.0,0.0,0.0383300245087807,0.0,0.0,0.0,0.0001916501225439,100,0.01,1.0,256300,15876,27.782404166995548,0.08765158301685,45.91688058301224,0.9999999871055472,1.2894452727785222e-08,0.9999990959421492,2.578890534454814e-08,0.9999990959421452,1.1242692546847906,0.0001605892445202,6.411537967210279e-13,6.410427744185654e-13,1e-12,analysis/fermionic_structure_ablation_extension_hgbs5.csv,1.2894464385126982e-08,1.0,0.9999990959421491
success,,H2O_s-1.00_hgbs-5_as-008-010,hamiltonian_generator/polyatomic_library/H2O/s-1.00/hgbs-5/H2O_s-1.00_hgbs-5_as-008-010.tensors.npz,H2O,s-1.00,hgbs-5,8,10,18,1367,2563,1770,0.6905969566913773,0,signed_parent_within_randomized,5,2603607841,"reference signed-fermionic parent-block order kept fixed and contiguous, but Pauli descendants randomly permuted inside each parent-owned block",476cea002f892ca4,edd92cc621825ad1,"[1,1,1,1,1,1,1,1,1,1,1,1,1,1,1,1,1,1,1,1,1,1,1,1,1,1,1,1,1,1,1,1,1,1,1,1,1,1,1,1,1,1,1,1,1,1,2,2,2,2,1,1,1,1,1,1,1,1,1,1,1,1,1,1,1,1,1,1,1,1,1,1,1,1,1,1,1,1,1,1,4,1,1,1,4,1,1,1,4,1,1,1,1,1,1,1,1,1,1,1,1,1,1,1,1,1,1,1,1,1,1,1,1,1,1,1,1,1,1,1,1,1,1,1,1,1,1,1,1,1,1,1,1,1,1,1,1,1,1,1,1,1,1,1,1,1,1,1,1,1,1,1,1,1,1,1,1,1,1,1,1,1,1,1,1,1,4,1,1,1,1,1,1,1,1,1,1,1,1,4,4,2,2,2,2,4,4,4,2,4,2,2,2,2,2,2,2,2,2,2,2,2,2,2,2,2,2,2,2,4,4,2,2,2,2,2,2,2,2,2,2,2,2,2,2,2,2,2,2,2,2,2,2,2,2,2,2,4,2,4,2,4,2,2,2,2,4,4,2,2,4,2,4,2,2,4,4,4,2,4,4,4,4,2,2,6,6,2,2,4,4,2,2,4,4,2,2,2,2,2,2,2,2,2,2,2,2,2,2,2,2,4,4,4,2,2,2,4,4,4,4,2,4,4,4,4,4,4,4,4,4,4,4,2,2,4,4,4,4,4,4,4,4,4,6,6,6,6,6,6,4,4,4,4,4,4,4,4,4,4,4,4,4,6,6,2,2,4,4,4,4,4,6,6,6,6,4,4,2,2,4,4,4,4,2,2,6,6,4,2,2,4,4,4,4,4,4,4,2,2,6,6,4,4,4,4,4,6,6,4,4,4,2,2,4,4,4,4,4,4,4,6,6,4,2,4,4,4,4,4,6,6,4,4,4,4,4,4,4,2,2,4,4,4,4,4,4,2,4,4,4,6,6,4,4,4,4,4,4,6,6,6,6,4,4,4,4,4,6,6,4,6,6,4,4,2,2,4,4,4,4,2,2,6,6,4,4,4,4,4,4,4,6,6,4,4,4,4,4,4,4,4,4,4,4,4,4,4,4,4,4,4,2,2,4,4,2,4,2,4,4,4,4,4,4,4,4,4,4,4,4,4,4,4,6,6,6,6,6,6,4,4,4,6,6,4,4,4,4,6,6,2,2,2,2,4,4,4,4,4,4,2,2,2,2,4,2,2,2,2,6,6,4,4,4,4,4,4,2,2,2,2,4,4,4,2,2,4,4,4,4,4,4,4,4,4,4,4,4,2,2,2,2,4,4,4,2,2,2,2,2,4,4,4,2,2,4,4,4,4,2,4,4,4,4,4,2,2,2,4,4,4,4,4,4,4,4,4,4,4,4,4,4,4,4,2,2,4,2,2,4,2,4,4,4,4,4,4,2,2,2,4,4,2,2,4,2,2,2,2,2,4,4,4,2,2,2,2,4,4,2,4,4,4,4,4,4,6,6,2,2,2,4,2,2,2,2,4,4,4,4,4,4,4,4,2,2,2,2,2,2,2,2,4,2,2,4,2,2,4,2,2,2,2,4,2,2,4,4,2,2,4,4,4,2,2,4,2,2,2,2,6,6,4,4,4,4,2,2,4,2,4,4,4,4,4,2,2,4,4,2,2,4,2,2,4,4,4,2,2,6,6,4,4,4,4,2,2,2,2,2,2,2,2,4,4,4,4,4,4,4,2,2,4,4,4,4,2,2,2,2,2,4,4,4,4,4,4,4,4,4,4,4,2,4,4,4,4,4,4,4,4,4,4,2,2,2,2,4,4,4,4,2,2,4,4,4,4,4,4,4,4,2,2,2,2,2,2,2,2,2,2,4,2,2,4,2,2,2,2,2,2,2,2,2,2,2,2,2,2,2,2,2,2,2,2,2,2,2,2,2,2,2,2,2,2,2,2,2,2,2,2,2,2,2,2,2,2,2,2,2,2,2,2,2,2,2,2,2,2,2,2,2,2,2]",1.0,1.0,1.0,1.0,1.0,0.0,0.0,0.0,0.0383300245087807,1.0,41.18633489559596,0.0009306490758632,1.0,0.0,0.0383300245087807,0.0,0.0,0.0,0.0001916501225439,100,0.01,1.0,256300,15876,27.782404166995548,0.08765158301685,45.81547379199765,0.9999999871055476,1.2894452283696012e-08,0.99999906150185,2.5788904345347422e-08,0.9999990571968088,1.1242692546847912,0.0001605892417548,6.407097075111778e-13,6.405986852087153e-13,1e-12,analysis/fermionic_structure_ablation_extension_hgbs5.csv,1.2894464385126982e-08,1.0,0.99999906150185
success,,H2O_s-1.00_hgbs-5_as-008-010,hamiltonian_generator/polyatomic_library/H2O/s-1.00/hgbs-5/H2O_s-1.00_hgbs-5_as-008-010.tensors.npz,H2O,s-1.00,hgbs-5,8,10,18,1367,2563,1770,0.6905969566913773,0,signed_parent_within_randomized,6,2315086758,"reference signed-fermionic parent-block order kept fixed and contiguous, but Pauli descendants randomly permuted inside each parent-owned block",476cea002f892ca4,4689b56734bf1528,"[1,1,1,1,1,1,1,1,1,1,1,1,1,1,1,1,1,1,1,1,1,1,1,1,1,1,1,1,1,1,1,1,1,1,1,1,1,1,1,1,1,1,1,1,1,1,2,2,2,2,1,1,1,1,1,1,1,1,1,1,1,1,1,1,1,1,1,1,1,1,1,1,1,1,1,1,1,1,1,1,4,1,1,1,4,1,1,1,4,1,1,1,1,1,1,1,1,1,1,1,1,1,1,1,1,1,1,1,1,1,1,1,1,1,1,1,1,1,1,1,1,1,1,1,1,1,1,1,1,1,1,1,1,1,1,1,1,1,1,1,1,1,1,1,1,1,1,1,1,1,1,1,1,1,1,1,1,1,1,1,1,1,1,1,1,1,4,1,1,1,1,1,1,1,1,1,1,1,1,4,4,2,2,2,2,4,4,4,2,4,2,2,2,2,2,2,2,2,2,2,2,2,2,2,2,2,2,2,2,4,4,2,2,2,2,2,2,2,2,2,2,2,2,2,2,2,2,2,2,2,2,2,2,2,2,2,2,4,2,4,2,4,2,2,2,2,4,4,2,2,4,2,4,2,2,4,4,4,2,4,4,4,4,2,2,6,6,2,2,4,4,2,2,4,4,2,2,2,2,2,2,2,2,2,2,2,2,2,2,2,2,4,4,4,2,2,2,4,4,4,4,2,4,4,4,4,4,4,4,4,4,4,4,2,2,4,4,4,4,4,4,4,4,4,6,6,6,6,6,6,4,4,4,4,4,4,4,4,4,4,4,4,4,6,6,2,2,4,4,4,4,4,6,6,6,6,4,4,2,2,4,4,4,4,2,2,6,6,4,2,2,4,4,4,4,4,4,4,2,2,6,6,4,4,4,4,4,6,6,4,4,4,2,2,4,4,4,4,4,4,4,6,6,4,2,4,4,4,4,4,6,6,4,4,4,4,4,4,4,2,2,4,4,4,4,4,4,2,4,4,4,6,6,4,4,4,4,4,4,6,6,6,6,4,4,4,4,4,6,6,4,6,6,4,4,2,2,4,4,4,4,2,2,6,6,4,4,4,4,4,4,4,6,6,4,4,4,4,4,4,4,4,4,4,4,4,4,4,4,4,4,4,2,2,4,4,2,4,2,4,4,4,4,4,4,4,4,4,4,4,4,4,4,4,6,6,6,6,6,6,4,4,4,6,6,4,4,4,4,6,6,2,2,2,2,4,4,4,4,4,4,2,2,2,2,4,2,2,2,2,6,6,4,4,4,4,4,4,2,2,2,2,4,4,4,2,2,4,4,4,4,4,4,4,4,4,4,4,4,2,2,2,2,4,4,4,2,2,2,2,2,4,4,4,2,2,4,4,4,4,2,4,4,4,4,4,2,2,2,4,4,4,4,4,4,4,4,4,4,4,4,4,4,4,4,2,2,4,2,2,4,2,4,4,4,4,4,4,2,2,2,4,4,2,2,4,2,2,2,2,2,4,4,4,2,2,2,2,4,4,2,4,4,4,4,4,4,6,6,2,2,2,4,2,2,2,2,4,4,4,4,4,4,4,4,2,2,2,2,2,2,2,2,4,2,2,4,2,2,4,2,2,2,2,4,2,2,4,4,2,2,4,4,4,2,2,4,2,2,2,2,6,6,4,4,4,4,2,2,4,2,4,4,4,4,4,2,2,4,4,2,2,4,2,2,4,4,4,2,2,6,6,4,4,4,4,2,2,2,2,2,2,2,2,4,4,4,4,4,4,4,2,2,4,4,4,4,2,2,2,2,2,4,4,4,4,4,4,4,4,4,4,4,2,4,4,4,4,4,4,4,4,4,4,2,2,2,2,4,4,4,4,2,2,4,4,4,4,4,4,4,4,2,2,2,2,2,2,2,2,2,2,4,2,2,4,2,2,2,2,2,2,2,2,2,2,2,2,2,2,2,2,2,2,2,2,2,2,2,2,2,2,2,2,2,2,2,2,2,2,2,2,2,2,2,2,2,2,2,2,2,2,2,2,2,2,2,2,2,2,2,2,2,2,2]",1.0,1.0,1.0,1.0,1.0,0.0,0.0,0.0,0.0383300245087807,1.0,41.18633489559596,0.0009306490758632,1.0,0.0,0.0383300245087807,0.0,0.0,0.0,0.0001916501225439,100,0.01,1.0,256300,15876,27.782404166995548,0.08765158301685,46.06740066700149,0.9999999871055616,1.2894438405908204e-08,0.999997985242504,2.5788876700794106e-08,0.9999979852424954,1.12426925468479,0.0001605891553368,6.127320872906239e-13,6.126210649881614e-13,1e-12,analysis/fermionic_structure_ablation_extension_hgbs5.csv,1.2894464385126982e-08,1.0,0.9999979852425039
success,,H2O_s-1.00_hgbs-5_as-008-010,hamiltonian_generator/polyatomic_library/H2O/s-1.00/hgbs-5/H2O_s-1.00_hgbs-5_as-008-010.tensors.npz,H2O,s-1.00,hgbs-5,8,10,18,1367,2563,1770,0.6905969566913773,0,signed_parent_within_randomized,7,321801362,"reference signed-fermionic parent-block order kept fixed and contiguous, but Pauli descendants randomly permuted inside each parent-owned block",476cea002f892ca4,3cfad3fb6d4f5527,"[1,1,1,1,1,1,1,1,1,1,1,1,1,1,1,1,1,1,1,1,1,1,1,1,1,1,1,1,1,1,1,1,1,1,1,1,1,1,1,1,1,1,1,1,1,1,2,2,2,2,1,1,1,1,1,1,1,1,1,1,1,1,1,1,1,1,1,1,1,1,1,1,1,1,1,1,1,1,1,1,4,1,1,1,4,1,1,1,4,1,1,1,1,1,1,1,1,1,1,1,1,1,1,1,1,1,1,1,1,1,1,1,1,1,1,1,1,1,1,1,1,1,1,1,1,1,1,1,1,1,1,1,1,1,1,1,1,1,1,1,1,1,1,1,1,1,1,1,1,1,1,1,1,1,1,1,1,1,1,1,1,1,1,1,1,1,4,1,1,1,1,1,1,1,1,1,1,1,1,4,4,2,2,2,2,4,4,4,2,4,2,2,2,2,2,2,2,2,2,2,2,2,2,2,2,2,2,2,2,4,4,2,2,2,2,2,2,2,2,2,2,2,2,2,2,2,2,2,2,2,2,2,2,2,2,2,2,4,2,4,2,4,2,2,2,2,4,4,2,2,4,2,4,2,2,4,4,4,2,4,4,4,4,2,2,6,6,2,2,4,4,2,2,4,4,2,2,2,2,2,2,2,2,2,2,2,2,2,2,2,2,4,4,4,2,2,2,4,4,4,4,2,4,4,4,4,4,4,4,4,4,4,4,2,2,4,4,4,4,4,4,4,4,4,6,6,6,6,6,6,4,4,4,4,4,4,4,4,4,4,4,4,4,6,6,2,2,4,4,4,4,4,6,6,6,6,4,4,2,2,4,4,4,4,2,2,6,6,4,2,2,4,4,4,4,4,4,4,2,2,6,6,4,4,4,4,4,6,6,4,4,4,2,2,4,4,4,4,4,4,4,6,6,4,2,4,4,4,4,4,6,6,4,4,4,4,4,4,4,2,2,4,4,4,4,4,4,2,4,4,4,6,6,4,4,4,4,4,4,6,6,6,6,4,4,4,4,4,6,6,4,6,6,4,4,2,2,4,4,4,4,2,2,6,6,4,4,4,4,4,4,4,6,6,4,4,4,4,4,4,4,4,4,4,4,4,4,4,4,4,4,4,2,2,4,4,2,4,2,4,4,4,4,4,4,4,4,4,4,4,4,4,4,4,6,6,6,6,6,6,4,4,4,6,6,4,4,4,4,6,6,2,2,2,2,4,4,4,4,4,4,2,2,2,2,4,2,2,2,2,6,6,4,4,4,4,4,4,2,2,2,2,4,4,4,2,2,4,4,4,4,4,4,4,4,4,4,4,4,2,2,2,2,4,4,4,2,2,2,2,2,4,4,4,2,2,4,4,4,4,2,4,4,4,4,4,2,2,2,4,4,4,4,4,4,4,4,4,4,4,4,4,4,4,4,2,2,4,2,2,4,2,4,4,4,4,4,4,2,2,2,4,4,2,2,4,2,2,2,2,2,4,4,4,2,2,2,2,4,4,2,4,4,4,4,4,4,6,6,2,2,2,4,2,2,2,2,4,4,4,4,4,4,4,4,2,2,2,2,2,2,2,2,4,2,2,4,2,2,4,2,2,2,2,4,2,2,4,4,2,2,4,4,4,2,2,4,2,2,2,2,6,6,4,4,4,4,2,2,4,2,4,4,4,4,4,2,2,4,4,2,2,4,2,2,4,4,4,2,2,6,6,4,4,4,4,2,2,2,2,2,2,2,2,4,4,4,4,4,4,4,2,2,4,4,4,4,2,2,2,2,2,4,4,4,4,4,4,4,4,4,4,4,2,4,4,4,4,4,4,4,4,4,4,2,2,2,2,4,4,4,4,2,2,4,4,4,4,4,4,4,4,2,2,2,2,2,2,2,2,2,2,4,2,2,4,2,2,2,2,2,2,2,2,2,2,2,2,2,2,2,2,2,2,2,2,2,2,2,2,2,2,2,2,2,2,2,2,2,2,2,2,2,2,2,2,2,2,2,2,2,2,2,2,2,2,2,2,2,2,2,2,2,2,2]",1.0,1.0,1.0,1.0,1.0,0.0,0.0,0.0,0.0383300245087807,1.0,41.18633489559596,0.0009306490758632,1.0,0.0,0.0383300245087807,0.0,0.0,0.0,0.0001916501225439,100,0.01,1.0,256300,15876,27.782404166995548,0.08765158301685,45.85513358400203,0.9999999871055516,1.2894448397915426e-08,0.9999987601492332,2.5788896684808552e-08,0.999998760149228,1.1242692546847906,0.0001605892175578,6.327161017338767e-13,6.326050794314142e-13,1e-12,analysis/fermionic_structure_ablation_extension_hgbs5.csv,1.2894464385126982e-08,1.0,0.9999987601492332
success,,H2O_s-1.00_hgbs-5_as-008-010,hamiltonian_generator/polyatomic_library/H2O/s-1.00/hgbs-5/H2O_s-1.00_hgbs-5_as-008-010.tensors.npz,H2O,s-1.00,hgbs-5,8,10,18,1367,2563,1770,0.6905969566913773,0,signed_parent_within_randomized,8,3340839672,"reference signed-fermionic parent-block order kept fixed and contiguous, but Pauli descendants randomly permuted inside each parent-owned block",476cea002f892ca4,cacf2b126f860678,"[1,1,1,1,1,1,1,1,1,1,1,1,1,1,1,1,1,1,1,1,1,1,1,1,1,1,1,1,1,1,1,1,1,1,1,1,1,1,1,1,1,1,1,1,1,1,2,2,2,2,1,1,1,1,1,1,1,1,1,1,1,1,1,1,1,1,1,1,1,1,1,1,1,1,1,1,1,1,1,1,4,1,1,1,4,1,1,1,4,1,1,1,1,1,1,1,1,1,1,1,1,1,1,1,1,1,1,1,1,1,1,1,1,1,1,1,1,1,1,1,1,1,1,1,1,1,1,1,1,1,1,1,1,1,1,1,1,1,1,1,1,1,1,1,1,1,1,1,1,1,1,1,1,1,1,1,1,1,1,1,1,1,1,1,1,1,4,1,1,1,1,1,1,1,1,1,1,1,1,4,4,2,2,2,2,4,4,4,2,4,2,2,2,2,2,2,2,2,2,2,2,2,2,2,2,2,2,2,2,4,4,2,2,2,2,2,2,2,2,2,2,2,2,2,2,2,2,2,2,2,2,2,2,2,2,2,2,4,2,4,2,4,2,2,2,2,4,4,2,2,4,2,4,2,2,4,4,4,2,4,4,4,4,2,2,6,6,2,2,4,4,2,2,4,4,2,2,2,2,2,2,2,2,2,2,2,2,2,2,2,2,4,4,4,2,2,2,4,4,4,4,2,4,4,4,4,4,4,4,4,4,4,4,2,2,4,4,4,4,4,4,4,4,4,6,6,6,6,6,6,4,4,4,4,4,4,4,4,4,4,4,4,4,6,6,2,2,4,4,4,4,4,6,6,6,6,4,4,2,2,4,4,4,4,2,2,6,6,4,2,2,4,4,4,4,4,4,4,2,2,6,6,4,4,4,4,4,6,6,4,4,4,2,2,4,4,4,4,4,4,4,6,6,4,2,4,4,4,4,4,6,6,4,4,4,4,4,4,4,2,2,4,4,4,4,4,4,2,4,4,4,6,6,4,4,4,4,4,4,6,6,6,6,4,4,4,4,4,6,6,4,6,6,4,4,2,2,4,4,4,4,2,2,6,6,4,4,4,4,4,4,4,6,6,4,4,4,4,4,4,4,4,4,4,4,4,4,4,4,4,4,4,2,2,4,4,2,4,2,4,4,4,4,4,4,4,4,4,4,4,4,4,4,4,6,6,6,6,6,6,4,4,4,6,6,4,4,4,4,6,6,2,2,2,2,4,4,4,4,4,4,2,2,2,2,4,2,2,2,2,6,6,4,4,4,4,4,4,2,2,2,2,4,4,4,2,2,4,4,4,4,4,4,4,4,4,4,4,4,2,2,2,2,4,4,4,2,2,2,2,2,4,4,4,2,2,4,4,4,4,2,4,4,4,4,4,2,2,2,4,4,4,4,4,4,4,4,4,4,4,4,4,4,4,4,2,2,4,2,2,4,2,4,4,4,4,4,4,2,2,2,4,4,2,2,4,2,2,2,2,2,4,4,4,2,2,2,2,4,4,2,4,4,4,4,4,4,6,6,2,2,2,4,2,2,2,2,4,4,4,4,4,4,4,4,2,2,2,2,2,2,2,2,4,2,2,4,2,2,4,2,2,2,2,4,2,2,4,4,2,2,4,4,4,2,2,4,2,2,2,2,6,6,4,4,4,4,2,2,4,2,4,4,4,4,4,2,2,4,4,2,2,4,2,2,4,4,4,2,2,6,6,4,4,4,4,2,2,2,2,2,2,2,2,4,4,4,4,4,4,4,2,2,4,4,4,4,2,2,2,2,2,4,4,4,4,4,4,4,4,4,4,4,2,4,4,4,4,4,4,4,4,4,4,2,2,2,2,4,4,4,4,2,2,4,4,4,4,4,4,4,4,2,2,2,2,2,2,2,2,2,2,4,2,2,4,2,2,2,2,2,2,2,2,2,2,2,2,2,2,2,2,2,2,2,2,2,2,2,2,2,2,2,2,2,2,2,2,2,2,2,2,2,2,2,2,2,2,2,2,2,2,2,2,2,2,2,2,2,2,2,2,2,2,2]",1.0,1.0,1.0,1.0,1.0,0.0,0.0,0.0,0.0383300245087807,1.0,41.18633489559596,0.0009306490758632,1.0,0.0,0.0383300245087807,0.0,0.0,0.0,0.0001916501225439,100,0.01,1.0,256300,15876,27.782404166995548,0.08765158301685,45.8990079590003,0.9999999871055564,1.2894443734978722e-08,0.999998398526093,2.5788887358935145e-08,0.999998398526086,1.1242692546847912,0.0001605891885213,6.233902283270254e-13,6.232792060245629e-13,1e-12,analysis/fermionic_structure_ablation_extension_hgbs5.csv,1.2894464385126982e-08,1.0,0.9999983985260928
success,,H2O_s-1.00_hgbs-5_as-008-010,hamiltonian_generator/polyatomic_library/H2O/s-1.00/hgbs-5/H2O_s-1.00_hgbs-5_as-008-010.tensors.npz,H2O,s-1.00,hgbs-5,8,10,18,1367,2563,1770,0.6905969566913773,0,signed_parent_within_randomized,9,428642481,"reference signed-fermionic parent-block order kept fixed and contiguous, but Pauli descendants randomly permuted inside each parent-owned block",476cea002f892ca4,6d0401d8395890af,"[1,1,1,1,1,1,1,1,1,1,1,1,1,1,1,1,1,1,1,1,1,1,1,1,1,1,1,1,1,1,1,1,1,1,1,1,1,1,1,1,1,1,1,1,1,1,2,2,2,2,1,1,1,1,1,1,1,1,1,1,1,1,1,1,1,1,1,1,1,1,1,1,1,1,1,1,1,1,1,1,4,1,1,1,4,1,1,1,4,1,1,1,1,1,1,1,1,1,1,1,1,1,1,1,1,1,1,1,1,1,1,1,1,1,1,1,1,1,1,1,1,1,1,1,1,1,1,1,1,1,1,1,1,1,1,1,1,1,1,1,1,1,1,1,1,1,1,1,1,1,1,1,1,1,1,1,1,1,1,1,1,1,1,1,1,1,4,1,1,1,1,1,1,1,1,1,1,1,1,4,4,2,2,2,2,4,4,4,2,4,2,2,2,2,2,2,2,2,2,2,2,2,2,2,2,2,2,2,2,4,4,2,2,2,2,2,2,2,2,2,2,2,2,2,2,2,2,2,2,2,2,2,2,2,2,2,2,4,2,4,2,4,2,2,2,2,4,4,2,2,4,2,4,2,2,4,4,4,2,4,4,4,4,2,2,6,6,2,2,4,4,2,2,4,4,2,2,2,2,2,2,2,2,2,2,2,2,2,2,2,2,4,4,4,2,2,2,4,4,4,4,2,4,4,4,4,4,4,4,4,4,4,4,2,2,4,4,4,4,4,4,4,4,4,6,6,6,6,6,6,4,4,4,4,4,4,4,4,4,4,4,4,4,6,6,2,2,4,4,4,4,4,6,6,6,6,4,4,2,2,4,4,4,4,2,2,6,6,4,2,2,4,4,4,4,4,4,4,2,2,6,6,4,4,4,4,4,6,6,4,4,4,2,2,4,4,4,4,4,4,4,6,6,4,2,4,4,4,4,4,6,6,4,4,4,4,4,4,4,2,2,4,4,4,4,4,4,2,4,4,4,6,6,4,4,4,4,4,4,6,6,6,6,4,4,4,4,4,6,6,4,6,6,4,4,2,2,4,4,4,4,2,2,6,6,4,4,4,4,4,4,4,6,6,4,4,4,4,4,4,4,4,4,4,4,4,4,4,4,4,4,4,2,2,4,4,2,4,2,4,4,4,4,4,4,4,4,4,4,4,4,4,4,4,6,6,6,6,6,6,4,4,4,6,6,4,4,4,4,6,6,2,2,2,2,4,4,4,4,4,4,2,2,2,2,4,2,2,2,2,6,6,4,4,4,4,4,4,2,2,2,2,4,4,4,2,2,4,4,4,4,4,4,4,4,4,4,4,4,2,2,2,2,4,4,4,2,2,2,2,2,4,4,4,2,2,4,4,4,4,2,4,4,4,4,4,2,2,2,4,4,4,4,4,4,4,4,4,4,4,4,4,4,4,4,2,2,4,2,2,4,2,4,4,4,4,4,4,2,2,2,4,4,2,2,4,2,2,2,2,2,4,4,4,2,2,2,2,4,4,2,4,4,4,4,4,4,6,6,2,2,2,4,2,2,2,2,4,4,4,4,4,4,4,4,2,2,2,2,2,2,2,2,4,2,2,4,2,2,4,2,2,2,2,4,2,2,4,4,2,2,4,4,4,2,2,4,2,2,2,2,6,6,4,4,4,4,2,2,4,2,4,4,4,4,4,2,2,4,4,2,2,4,2,2,4,4,4,2,2,6,6,4,4,4,4,2,2,2,2,2,2,2,2,4,4,4,4,4,4,4,2,2,4,4,4,4,2,2,2,2,2,4,4,4,4,4,4,4,4,4,4,4,2,4,4,4,4,4,4,4,4,4,4,2,2,2,2,4,4,4,4,2,2,4,4,4,4,4,4,4,4,2,2,2,2,2,2,2,2,2,2,4,2,2,4,2,2,2,2,2,2,2,2,2,2,2,2,2,2,2,2,2,2,2,2,2,2,2,2,2,2,2,2,2,2,2,2,2,2,2,2,2,2,2,2,2,2,2,2,2,2,2,2,2,2,2,2,2,2,2,2,2,2,2]",1.0,1.0,1.0,1.0,1.0,0.0,0.0,0.0,0.0383300245087807,1.0,41.18633489559596,0.0009306490758632,1.0,0.0,0.0383300245087807,0.0,0.0,0.0,0.0001916501225439,100,0.01,1.0,256300,15876,27.782404166995548,0.08765158301685,46.41230904098484,0.9999999871055544,1.2894445511335562e-08,0.9999985362872892,2.578889091164882e-08,0.999998536287283,1.124269254684791,0.0001605891995828,6.269429420058259e-13,6.268319197033634e-13,1e-12,analysis/fermionic_structure_ablation_extension_hgbs5.csv,1.2894464385126982e-08,1.0,0.9999985362872892
success,,Li-Li_2.66_hgbs-5_as-006-012,hamiltonian_generator/hgbs5_diatomic_basis_transfer/night/Li-Li/2.66/hgbs-5/Li-Li_2.66_hgbs-5_as-006-012.tensors.npz,Li-Li,2.66,hgbs-5,6,12,18,1027,1883,1442,0.7657992565055762,0,fermionic_magnitude_reference,-1,-1,complete Hermitian fermionic terms ordered by decreasing absolute canonical coefficient magnitude; final combined JW Pauli order induced by first occurrence,a426e5ced282c43c,e864308b5cc683e1,"[1,1,1,1,1,1,1,1,1,1,1,1,4,1,1,1,1,1,1,1,1,1,1,1,1,1,1,1,1,1,1,1,1,1,1,1,1,1,1,1,1,1,1,1,1,1,1,1,1,1,1,1,1,1,1,1,1,1,1,1,1,1,1,1,1,1,1,1,1,1,1,1,1,1,1,1,1,1,1,1,1,1,1,1,1,1,1,1,1,1,1,1,1,1,1,1,1,1,1,1,1,1,1,1,1,1,1,1,1,1,1,1,1,1,1,1,1,1,1,1,1,1,1,1,1,1,1,1,1,1,1,1,1,1,1,1,1,1,1,1,1,1,1,1,1,1,1,1,1,1,1,1,4,1,1,1,1,1,1,1,1,4,4,2,1,1,1,1,1,1,1,1,1,1,2,2,1,1,2,2,2,4,4,4,4,6,6,4,2,2,4,4,4,6,6,4,4,4,4,4,4,4,4,6,6,4,4,6,6,4,4,4,4,4,4,4,4,4,6,6,2,4,4,4,4,4,4,4,4,4,4,2,2,6,6,6,6,4,4,4,4,4,4,4,4,4,2,2,4,4,6,6,2,4,4,4,4,4,4,4,4,2,2,2,2,4,4,4,4,4,4,2,2,2,2,6,6,6,6,2,2,2,2,4,4,4,2,2,2,4,4,4,4,4,4,4,4,4,4,4,4,4,4,4,4,4,4,4,4,2,2,2,2,4,4,4,4,4,4,2,2,4,4,2,2,4,4,4,4,4,4,2,2,2,2,6,6,4,4,4,4,4,2,2,2,2,2,4,4,4,4,4,4,4,4,4,4,2,2,4,4,4,4,4,4,2,2,4,2,2,2,2,4,4,4,6,6,4,4,4,2,2,2,2,6,6,4,4,4,4,4,4,4,4,4,4,2,4,4,4,4,6,6,4,4,4,6,6,6,6,4,4,4,4,2,4,4,4,4,4,4,4,4,4,4,4,4,6,6,4,4,6,6,2,2,2,2,4,4,6,6,6,6,4,4,4,4,4,4,4,4,4,4,4,4,4,4,4,4,4,4,2,2,2,2,4,4,4,4,4,4,2,2,2,2,6,6,4,4,2,2,2,2,4,4,4,4,2,2,2,2,2,2,4,4,4,4,6,6,6,6,2,2,6,6,4,4,4,4,2,2,2,2,4,4,6,6,2,4,4,4,2,2,2,2,2,2,4,4,4,4,4,4,4,4,2,2,2,2,2,4,4,4,4,4,4,4,4,4,4,2,2,2,2,4,4,4,2,4,4,2,2,4,4,4,2,2,2,2,4,4,4,4,4,4,2,2,2,2,2,2,2,2,2,2,2,2,6,6,6,6,2,2,2,2,4,4,2,2,2,2,2,2,2,6,6,4,4,4,4,2,2,2,2,2,2,4,4,4,4,2,4,4,4,4,4,4,2,2,2,4,4,2,2,4,4,4,4,4,4,2,4,4,2,4]",1.009302325581395,2.0,0.9906976744186048,1.1023255813953488,1.1380775358470523,0.2627810975433735,0.0131530912274194,0.0131530912274194,0.0130486456580971,1.0278422990798144,23.066631672198916,0.0005656935890567,1.0278422990798146,0.0,0.0130486456580971,0.0,0.0,0.0,6.524322829048578e-05,100,0.01,1.0,188300,7056,6.689481457999136,0.0218955000000278,33.427535708000505,0.9999999996122922,3.877077547898011e-10,1.2488559833607984,7.754155095796023e-10,1.2488559833607984,1.7681240869064483,2.7846283586496826e-05,1.014299755297543e-12,1.014299755297543e-12,1e-12,analysis/fermionic_structure_ablation_hgbs5.csv,3.104503321083029e-10,1.0564597917776786,1.2488559833607984
success,,Li-Li_2.66_hgbs-5_as-006-012,hamiltonian_generator/hgbs5_diatomic_basis_transfer/night/Li-Li/2.66/hgbs-5/Li-Li_2.66_hgbs-5_as-006-012.tensors.npz,Li-Li,2.66,hgbs-5,6,12,18,1027,1883,1442,0.7657992565055762,0,fermionic_signed_reference,-1,-1,complete Hermitian fermionic terms ordered by increasing signed canonical coefficient; final combined JW Pauli order induced by first occurrence,f9a079316dc7eda7,6fe556821aa5038c,"[1,1,1,1,1,1,1,1,1,1,1,1,4,1,1,1,1,1,1,1,1,1,1,1,1,1,1,1,1,1,1,1,1,1,1,1,1,1,1,1,1,1,1,1,1,1,1,1,1,1,1,1,1,1,1,1,1,1,1,1,1,1,1,1,1,1,1,1,1,1,1,1,1,1,1,1,1,1,1,1,1,1,1,1,1,1,1,1,1,1,1,1,1,1,1,1,1,1,1,1,1,1,1,1,1,1,1,1,1,1,1,1,1,1,1,1,1,1,1,1,1,1,1,1,1,1,1,1,1,1,1,1,1,1,1,1,1,1,1,1,1,1,1,1,1,1,1,1,1,1,1,1,4,1,1,1,1,1,1,1,1,4,4,2,1,1,1,1,1,1,1,1,1,1,2,2,1,1,2,2,2,4,4,4,4,6,6,4,2,2,4,4,4,6,6,4,4,4,4,4,4,4,4,6,6,4,4,6,6,4,4,4,4,4,4,4,4,4,6,6,2,4,4,4,4,4,4,4,4,4,4,2,2,6,6,6,6,4,4,4,4,4,4,4,4,4,2,2,4,4,6,6,2,4,4,4,4,4,4,4,4,2,2,2,2,4,4,4,4,4,4,2,2,2,2,6,6,6,6,2,2,2,2,4,4,4,2,2,2,4,4,4,4,4,4,4,4,4,4,4,4,4,4,4,4,4,4,4,4,2,2,2,2,4,4,4,4,4,4,2,2,4,4,2,2,4,4,4,4,4,4,2,2,2,2,6,6,4,4,4,4,4,2,2,2,2,2,4,4,4,4,4,4,4,4,4,4,2,2,4,4,4,4,4,4,2,2,4,2,2,2,2,4,4,4,6,6,4,4,4,2,2,2,2,6,6,4,4,4,4,4,4,4,4,4,4,2,4,4,4,4,6,6,4,4,4,6,6,6,6,4,4,4,4,2,4,4,4,4,4,4,4,4,4,4,4,4,6,6,4,4,6,6,2,2,2,2,4,4,6,6,6,6,4,4,4,4,4,4,4,4,4,4,4,4,4,4,4,4,4,4,2,2,2,2,4,4,4,4,4,4,2,2,2,2,6,6,4,4,2,2,2,2,4,4,4,4,2,2,2,2,2,2,4,4,4,4,6,6,6,6,2,2,6,6,4,4,4,4,2,2,2,2,4,4,6,6,2,4,4,4,2,2,2,2,2,2,4,4,4,4,4,4,4,4,2,2,2,2,2,4,4,4,4,4,4,4,4,4,4,2,2,2,2,4,4,4,2,4,4,2,2,4,4,4,2,2,2,2,4,4,4,4,4,4,2,2,2,2,2,2,2,2,2,2,2,2,6,6,6,6,2,2,2,2,4,4,2,2,2,2,2,2,2,6,6,4,4,4,4,2,2,2,2,2,2,4,4,4,4,2,4,4,4,4,4,4,2,2,2,4,4,2,2,4,4,4,4,4,4,2,4,4,2,4]",1.0,1.0,1.0,1.0,1.0,0.0,0.0,0.0,0.0126951825876197,1.0,23.066631672198916,0.0005503700222915,1.0,0.0,0.0126951825876197,0.0,0.0,0.0,6.347591293809896e-05,100,0.01,1.0,188300,7056,6.689481457999136,0.0218955000000278,33.48865679099981,0.9999999996895496,3.104503321083029e-10,1.0,6.209006642166058e-10,1.0,1.7681240833345786,2.491787840520549e-05,1.0510481374126357e-12,1.0513812043200232e-12,1e-12,analysis/fermionic_structure_ablation_hgbs5.csv,3.104503321083029e-10,1.0,1.0
success,,Li-Li_2.66_hgbs-5_as-006-012,hamiltonian_generator/hgbs5_diatomic_basis_transfer/night/Li-Li/2.66/hgbs-5/Li-Li_2.66_hgbs-5_as-006-012.tensors.npz,Li-Li,2.66,hgbs-5,6,12,18,1027,1883,1442,0.7657992565055762,0,jw_signed_baseline,-1,-1,final JW Pauli terms ordered directly by increasing signed coefficient with dense Pauli lexicographic tie-breaking,,6309b3ce30658f10,"[1,1,1,1,1,1,1,1,1,1,1,1,4,1,1,1,1,1,1,1,1,1,1,1,1,1,1,1,1,1,1,1,1,1,1,1,1,1,1,1,1,1,1,1,1,1,1,1,1,1,1,1,1,1,1,1,1,1,1,1,1,1,1,1,1,1,1,1,1,1,1,1,1,1,1,1,1,1,1,1,1,1,1,1,1,1,1,1,1,1,1,1,1,1,1,1,1,1,1,1,1,1,1,1,1,1,1,1,1,1,1,1,1,1,1,1,1,1,1,1,1,1,1,1,1,1,1,1,1,1,1,1,1,1,1,1,1,1,1,1,1,1,1,1,1,1,1,1,1,1,1,1,4,1,1,1,1,1,1,1,1,4,4,2,1,1,1,1,1,1,1,1,1,1,2,2,1,1,2,2,2,4,4,4,4,6,6,4,2,2,4,4,4,6,6,4,4,4,4,4,4,4,4,6,6,4,4,6,6,4,4,4,4,4,4,4,4,4,6,6,2,4,4,4,4,4,4,4,4,4,4,2,2,6,6,6,6,4,4,4,4,4,4,4,4,4,2,2,4,4,6,6,2,4,4,4,4,4,4,4,4,2,2,2,2,4,4,4,4,4,4,2,2,2,2,6,6,6,6,2,2,2,2,4,4,4,2,2,2,4,4,4,4,4,4,4,4,4,4,4,4,4,4,4,4,4,4,4,4,2,2,2,2,4,4,4,4,4,4,2,2,4,4,2,2,4,4,4,4,4,4,2,2,2,2,6,6,4,4,4,4,4,2,2,2,2,2,4,4,4,4,4,4,4,4,4,4,2,2,4,4,4,4,4,4,2,2,4,2,2,2,2,4,4,4,6,6,4,4,4,2,2,2,2,6,6,4,4,4,4,4,4,4,4,4,4,2,4,4,4,4,6,6,4,4,4,6,6,6,6,4,4,4,4,2,4,4,4,4,4,4,4,4,4,4,4,4,6,6,4,4,6,6,2,2,2,2,4,4,6,6,6,6,4,4,4,4,4,4,4,4,4,4,4,4,4,4,4,4,4,4,2,2,2,2,4,4,4,4,4,4,2,2,2,2,6,6,4,4,2,2,2,2,4,4,4,4,2,2,2,2,2,2,4,4,4,4,6,6,6,6,2,2,6,6,4,4,4,4,2,2,2,2,4,4,6,6,2,4,4,4,2,2,2,2,2,2,4,4,4,4,4,4,4,4,2,2,2,2,2,4,4,4,4,4,4,4,4,4,4,2,2,2,2,4,4,4,2,4,4,2,2,4,4,4,2,2,2,2,4,4,4,4,4,4,2,2,2,2,2,2,2,2,2,2,2,2,6,6,6,6,2,2,2,2,4,4,2,2,2,2,2,2,2,6,6,4,4,4,4,2,2,2,2,2,2,4,4,4,4,2,4,4,4,4,4,4,2,2,2,4,4,2,2,4,4,4,4,4,4,2,4,4,2,4]",1.384496124031008,3.0,0.710077519379845,50.69276485788114,74.95114179500797,0.7490581969342687,0.9125613652197152,0.9125613652197152,0.951508088086243,74.95032714331684,23.066631672198916,0.0412504132206285,74.95032714331684,0.0,0.951508088086243,0.0,0.0,0.0,0.0047575404404312,100,0.01,1.0,188300,7056,6.689481457999136,0.0218955000000278,34.84677883299992,0.9999999076424444,9.235755560332849e-08,297.4954318010162,1.847151026579397e-07,297.49541803276344,1.7681165459429835,0.0004297849592606,1.8448971805806738e-07,1.844897236091825e-07,1e-12,analysis/fermionic_structure_ablation_hgbs5.csv,3.104503321083029e-10,5617.551538890217,297.4954318010163
success,,Li-Li_2.66_hgbs-5_as-006-012,hamiltonian_generator/hgbs5_diatomic_basis_transfer/night/Li-Li/2.66/hgbs-5/Li-Li_2.66_hgbs-5_as-006-012.tensors.npz,Li-Li,2.66,hgbs-5,6,12,18,1027,1883,1442,0.7657992565055762,0,signed_parent_blocks_randomized,0,2666694590,"reference signed-fermionic parent-owned Pauli blocks preserved internally and kept contiguous, but whole parent blocks randomly permuted",a884947dcaef6168,bfdf67f95e5e2c8b,"[1,1,1,1,1,1,1,1,1,1,1,1,4,1,1,1,1,1,1,1,1,1,1,1,1,1,1,1,1,1,1,1,1,1,1,1,1,1,1,1,1,1,1,1,1,1,1,1,1,1,1,1,1,1,1,1,1,1,1,1,1,1,1,1,1,1,1,1,1,1,1,1,1,1,1,1,1,1,1,1,1,1,1,1,1,1,1,1,1,1,1,1,1,1,1,1,1,1,1,1,1,1,1,1,1,1,1,1,1,1,1,1,1,1,1,1,1,1,1,1,1,1,1,1,1,1,1,1,1,1,1,1,1,1,1,1,1,1,1,1,1,1,1,1,1,1,1,1,1,1,1,1,4,1,1,1,1,1,1,1,1,4,4,2,1,1,1,1,1,1,1,1,1,1,2,2,1,1,2,2,2,4,4,4,4,6,6,4,2,2,4,4,4,6,6,4,4,4,4,4,4,4,4,6,6,4,4,6,6,4,4,4,4,4,4,4,4,4,6,6,2,4,4,4,4,4,4,4,4,4,4,2,2,6,6,6,6,4,4,4,4,4,4,4,4,4,2,2,4,4,6,6,2,4,4,4,4,4,4,4,4,2,2,2,2,4,4,4,4,4,4,2,2,2,2,6,6,6,6,2,2,2,2,4,4,4,2,2,2,4,4,4,4,4,4,4,4,4,4,4,4,4,4,4,4,4,4,4,4,2,2,2,2,4,4,4,4,4,4,2,2,4,4,2,2,4,4,4,4,4,4,2,2,2,2,6,6,4,4,4,4,4,2,2,2,2,2,4,4,4,4,4,4,4,4,4,4,2,2,4,4,4,4,4,4,2,2,4,2,2,2,2,4,4,4,6,6,4,4,4,2,2,2,2,6,6,4,4,4,4,4,4,4,4,4,4,2,4,4,4,4,6,6,4,4,4,6,6,6,6,4,4,4,4,2,4,4,4,4,4,4,4,4,4,4,4,4,6,6,4,4,6,6,2,2,2,2,4,4,6,6,6,6,4,4,4,4,4,4,4,4,4,4,4,4,4,4,4,4,4,4,2,2,2,2,4,4,4,4,4,4,2,2,2,2,6,6,4,4,2,2,2,2,4,4,4,4,2,2,2,2,2,2,4,4,4,4,6,6,6,6,2,2,6,6,4,4,4,4,2,2,2,2,4,4,6,6,2,4,4,4,2,2,2,2,2,2,4,4,4,4,4,4,4,4,2,2,2,2,2,4,4,4,4,4,4,4,4,4,4,2,2,2,2,4,4,4,2,4,4,2,2,4,4,4,2,2,2,2,4,4,4,4,4,4,2,2,2,2,2,2,2,2,2,2,2,2,6,6,6,6,2,2,2,2,4,4,2,2,2,2,2,2,2,6,6,4,4,4,4,2,2,2,2,2,2,4,4,4,4,2,4,4,4,4,4,4,2,2,2,4,4,2,2,4,4,4,4,4,4,2,4,4,2,4]",1.0,1.0,1.0,1.0,1.0,0.5006928206460552,0.4420109422037631,0.4420109422037631,0.1074535954986949,8.4641236750295,23.066631672198916,0.0046583999357046,8.4641236750295,0.0,0.1074535954986949,0.0,0.0,0.0,0.0005372679774934,100,0.01,1.0,188300,7056,6.689481457999136,0.0218955000000278,34.48122595899986,0.999999911157746,8.88422541089895e-08,286.1721986433443,1.776845003353955e-07,286.1721859479424,1.7681237988951406,0.0004215264027531,1.0373923942097465e-12,1.0375034165122088e-12,1e-12,analysis/fermionic_structure_ablation_hgbs5.csv,3.104503321083029e-10,71.64138958619489,286.17219864334436
success,,Li-Li_2.66_hgbs-5_as-006-012,hamiltonian_generator/hgbs5_diatomic_basis_transfer/night/Li-Li/2.66/hgbs-5/Li-Li_2.66_hgbs-5_as-006-012.tensors.npz,Li-Li,2.66,hgbs-5,6,12,18,1027,1883,1442,0.7657992565055762,0,signed_parent_blocks_randomized,1,3725097740,"reference signed-fermionic parent-owned Pauli blocks preserved internally and kept contiguous, but whole parent blocks randomly permuted",b463ed66ffccd56d,a637151d27400965,"[1,1,1,1,1,1,1,1,1,1,1,1,4,1,1,1,1,1,1,1,1,1,1,1,1,1,1,1,1,1,1,1,1,1,1,1,1,1,1,1,1,1,1,1,1,1,1,1,1,1,1,1,1,1,1,1,1,1,1,1,1,1,1,1,1,1,1,1,1,1,1,1,1,1,1,1,1,1,1,1,1,1,1,1,1,1,1,1,1,1,1,1,1,1,1,1,1,1,1,1,1,1,1,1,1,1,1,1,1,1,1,1,1,1,1,1,1,1,1,1,1,1,1,1,1,1,1,1,1,1,1,1,1,1,1,1,1,1,1,1,1,1,1,1,1,1,1,1,1,1,1,1,4,1,1,1,1,1,1,1,1,4,4,2,1,1,1,1,1,1,1,1,1,1,2,2,1,1,2,2,2,4,4,4,4,6,6,4,2,2,4,4,4,6,6,4,4,4,4,4,4,4,4,6,6,4,4,6,6,4,4,4,4,4,4,4,4,4,6,6,2,4,4,4,4,4,4,4,4,4,4,2,2,6,6,6,6,4,4,4,4,4,4,4,4,4,2,2,4,4,6,6,2,4,4,4,4,4,4,4,4,2,2,2,2,4,4,4,4,4,4,2,2,2,2,6,6,6,6,2,2,2,2,4,4,4,2,2,2,4,4,4,4,4,4,4,4,4,4,4,4,4,4,4,4,4,4,4,4,2,2,2,2,4,4,4,4,4,4,2,2,4,4,2,2,4,4,4,4,4,4,2,2,2,2,6,6,4,4,4,4,4,2,2,2,2,2,4,4,4,4,4,4,4,4,4,4,2,2,4,4,4,4,4,4,2,2,4,2,2,2,2,4,4,4,6,6,4,4,4,2,2,2,2,6,6,4,4,4,4,4,4,4,4,4,4,2,4,4,4,4,6,6,4,4,4,6,6,6,6,4,4,4,4,2,4,4,4,4,4,4,4,4,4,4,4,4,6,6,4,4,6,6,2,2,2,2,4,4,6,6,6,6,4,4,4,4,4,4,4,4,4,4,4,4,4,4,4,4,4,4,2,2,2,2,4,4,4,4,4,4,2,2,2,2,6,6,4,4,2,2,2,2,4,4,4,4,2,2,2,2,2,2,4,4,4,4,6,6,6,6,2,2,6,6,4,4,4,4,2,2,2,2,4,4,6,6,2,4,4,4,2,2,2,2,2,2,4,4,4,4,4,4,4,4,2,2,2,2,2,4,4,4,4,4,4,4,4,4,4,2,2,2,2,4,4,4,2,4,4,2,2,4,4,4,2,2,2,2,4,4,4,4,4,4,2,2,2,2,2,2,2,2,2,2,2,2,6,6,6,6,2,2,2,2,4,4,2,2,2,2,2,2,2,6,6,4,4,4,4,2,2,2,2,2,2,4,4,4,4,2,4,4,4,4,4,4,2,2,2,4,4,2,2,4,4,4,4,4,4,2,4,4,2,4]",1.0,1.0,1.0,1.0,1.0,0.4953631534886406,0.5628448155506203,0.5628448155506203,0.0689551324705584,5.431598324375641,23.066631672198916,0.0029893888908655,5.431598324375642,0.0,0.0689551324705584,0.0,0.0,0.0,0.0003447756623527,100,0.01,1.0,188300,7056,6.689481457999136,0.0218955000000278,34.32569945799878,0.9999999627165748,3.7283425347034445e-08,120.09465441327932,7.456684925077894e-08,120.09465208876912,1.7681235564740057,0.0002730693148159,1.0056400157054668e-12,1.0053069487980792e-12,1e-12,analysis/fermionic_structure_ablation_hgbs5.csv,3.104503321083029e-10,29.502260357360274,120.09465441327936
success,,Li-Li_2.66_hgbs-5_as-006-012,hamiltonian_generator/hgbs5_diatomic_basis_transfer/night/Li-Li/2.66/hgbs-5/Li-Li_2.66_hgbs-5_as-006-012.tensors.npz,Li-Li,2.66,hgbs-5,6,12,18,1027,1883,1442,0.7657992565055762,0,signed_parent_blocks_randomized,2,2833787807,"reference signed-fermionic parent-owned Pauli blocks preserved internally and kept contiguous, but whole parent blocks randomly permuted",7d3eb905f0c8b042,754e263fe91b148a,"[1,1,1,1,1,1,1,1,1,1,1,1,4,1,1,1,1,1,1,1,1,1,1,1,1,1,1,1,1,1,1,1,1,1,1,1,1,1,1,1,1,1,1,1,1,1,1,1,1,1,1,1,1,1,1,1,1,1,1,1,1,1,1,1,1,1,1,1,1,1,1,1,1,1,1,1,1,1,1,1,1,1,1,1,1,1,1,1,1,1,1,1,1,1,1,1,1,1,1,1,1,1,1,1,1,1,1,1,1,1,1,1,1,1,1,1,1,1,1,1,1,1,1,1,1,1,1,1,1,1,1,1,1,1,1,1,1,1,1,1,1,1,1,1,1,1,1,1,1,1,1,1,4,1,1,1,1,1,1,1,1,4,4,2,1,1,1,1,1,1,1,1,1,1,2,2,1,1,2,2,2,4,4,4,4,6,6,4,2,2,4,4,4,6,6,4,4,4,4,4,4,4,4,6,6,4,4,6,6,4,4,4,4,4,4,4,4,4,6,6,2,4,4,4,4,4,4,4,4,4,4,2,2,6,6,6,6,4,4,4,4,4,4,4,4,4,2,2,4,4,6,6,2,4,4,4,4,4,4,4,4,2,2,2,2,4,4,4,4,4,4,2,2,2,2,6,6,6,6,2,2,2,2,4,4,4,2,2,2,4,4,4,4,4,4,4,4,4,4,4,4,4,4,4,4,4,4,4,4,2,2,2,2,4,4,4,4,4,4,2,2,4,4,2,2,4,4,4,4,4,4,2,2,2,2,6,6,4,4,4,4,4,2,2,2,2,2,4,4,4,4,4,4,4,4,4,4,2,2,4,4,4,4,4,4,2,2,4,2,2,2,2,4,4,4,6,6,4,4,4,2,2,2,2,6,6,4,4,4,4,4,4,4,4,4,4,2,4,4,4,4,6,6,4,4,4,6,6,6,6,4,4,4,4,2,4,4,4,4,4,4,4,4,4,4,4,4,6,6,4,4,6,6,2,2,2,2,4,4,6,6,6,6,4,4,4,4,4,4,4,4,4,4,4,4,4,4,4,4,4,4,2,2,2,2,4,4,4,4,4,4,2,2,2,2,6,6,4,4,2,2,2,2,4,4,4,4,2,2,2,2,2,2,4,4,4,4,6,6,6,6,2,2,6,6,4,4,4,4,2,2,2,2,4,4,6,6,2,4,4,4,2,2,2,2,2,2,4,4,4,4,4,4,4,4,2,2,2,2,2,4,4,4,4,4,4,4,4,4,4,2,2,2,2,4,4,4,2,4,4,2,2,4,4,4,2,2,2,2,4,4,4,4,4,4,2,2,2,2,2,2,2,2,2,2,2,2,6,6,6,6,2,2,2,2,4,4,2,2,2,2,2,2,2,6,6,4,4,4,4,2,2,2,2,2,2,4,4,4,4,2,4,4,4,4,4,4,2,2,2,4,4,2,2,4,4,4,4,4,4,2,4,4,2,4]",1.0,1.0,1.0,1.0,1.0,0.4922021592910135,0.3263142662492224,0.3263142662492224,0.1588348145913211,12.511424195364874,23.066631672198916,0.0068859128133023,12.511424195364876,0.0,0.1588348145913211,0.0,0.0,0.0,0.0007941740729566,100,0.01,1.0,188300,7056,6.689481457999136,0.0218955000000278,33.63561441599995,0.9999998034272504,1.9657274974438368e-07,633.1858252797995,3.931454608530061e-07,633.1857630544494,1.7681234376989745,0.000627013157349,8.270051310432791e-13,8.268941087408166e-13,1e-12,analysis/fermionic_structure_ablation_hgbs5.csv,3.104503321083029e-10,156.5357353963616,633.1858252797997
success,,Li-Li_2.66_hgbs-5_as-006-012,hamiltonian_generator/hgbs5_diatomic_basis_transfer/night/Li-Li/2.66/hgbs-5/Li-Li_2.66_hgbs-5_as-006-012.tensors.npz,Li-Li,2.66,hgbs-5,6,12,18,1027,1883,1442,0.7657992565055762,0,signed_parent_blocks_randomized,3,2354310656,"reference signed-fermionic parent-owned Pauli blocks preserved internally and kept contiguous, but whole parent blocks randomly permuted",b3fc99aaf8f1f985,cac41913f3c165ca,"[1,1,1,1,1,1,1,1,1,1,1,1,4,1,1,1,1,1,1,1,1,1,1,1,1,1,1,1,1,1,1,1,1,1,1,1,1,1,1,1,1,1,1,1,1,1,1,1,1,1,1,1,1,1,1,1,1,1,1,1,1,1,1,1,1,1,1,1,1,1,1,1,1,1,1,1,1,1,1,1,1,1,1,1,1,1,1,1,1,1,1,1,1,1,1,1,1,1,1,1,1,1,1,1,1,1,1,1,1,1,1,1,1,1,1,1,1,1,1,1,1,1,1,1,1,1,1,1,1,1,1,1,1,1,1,1,1,1,1,1,1,1,1,1,1,1,1,1,1,1,1,1,4,1,1,1,1,1,1,1,1,4,4,2,1,1,1,1,1,1,1,1,1,1,2,2,1,1,2,2,2,4,4,4,4,6,6,4,2,2,4,4,4,6,6,4,4,4,4,4,4,4,4,6,6,4,4,6,6,4,4,4,4,4,4,4,4,4,6,6,2,4,4,4,4,4,4,4,4,4,4,2,2,6,6,6,6,4,4,4,4,4,4,4,4,4,2,2,4,4,6,6,2,4,4,4,4,4,4,4,4,2,2,2,2,4,4,4,4,4,4,2,2,2,2,6,6,6,6,2,2,2,2,4,4,4,2,2,2,4,4,4,4,4,4,4,4,4,4,4,4,4,4,4,4,4,4,4,4,2,2,2,2,4,4,4,4,4,4,2,2,4,4,2,2,4,4,4,4,4,4,2,2,2,2,6,6,4,4,4,4,4,2,2,2,2,2,4,4,4,4,4,4,4,4,4,4,2,2,4,4,4,4,4,4,2,2,4,2,2,2,2,4,4,4,6,6,4,4,4,2,2,2,2,6,6,4,4,4,4,4,4,4,4,4,4,2,4,4,4,4,6,6,4,4,4,6,6,6,6,4,4,4,4,2,4,4,4,4,4,4,4,4,4,4,4,4,6,6,4,4,6,6,2,2,2,2,4,4,6,6,6,6,4,4,4,4,4,4,4,4,4,4,4,4,4,4,4,4,4,4,2,2,2,2,4,4,4,4,4,4,2,2,2,2,6,6,4,4,2,2,2,2,4,4,4,4,2,2,2,2,2,2,4,4,4,4,6,6,6,6,2,2,6,6,4,4,4,4,2,2,2,2,4,4,6,6,2,4,4,4,2,2,2,2,2,2,4,4,4,4,4,4,4,4,2,2,2,2,2,4,4,4,4,4,4,4,4,4,4,2,2,2,2,4,4,4,2,4,4,2,2,4,4,4,2,2,2,2,4,4,4,4,4,4,2,2,2,2,2,2,2,2,2,2,2,2,6,6,6,6,2,2,2,2,4,4,2,2,2,2,2,2,2,6,6,4,4,4,4,2,2,2,2,2,2,4,4,4,4,2,4,4,4,4,4,4,2,2,2,4,4,2,2,4,4,4,4,4,4,2,4,4,2,4]",1.0,1.0,1.0,1.0,1.0,0.5227836956207962,0.4122748423599841,0.4122748423599841,0.0684932813200266,5.395218292237919,23.066631672198916,0.0029693664117669,5.395218292237919,0.0,0.0684932813200266,0.0,0.0,0.0,0.0003424664066001,100,0.01,1.0,188300,7056,6.689481457999136,0.0218955000000278,34.18933183399895,0.999999963968379,3.6031621020171656e-08,116.06243348324637,7.206324070807568e-08,116.06243133754464,1.768123503521313,0.0002684459760181,1.0014211682118912e-12,1.0014211682118912e-12,1e-12,analysis/fermionic_structure_ablation_hgbs5.csv,3.104503321083029e-10,29.108380420898648,116.06243348324638
success,,Li-Li_2.66_hgbs-5_as-006-012,hamiltonian_generator/hgbs5_diatomic_basis_transfer/night/Li-Li/2.66/hgbs-5/Li-Li_2.66_hgbs-5_as-006-012.tensors.npz,Li-Li,2.66,hgbs-5,6,12,18,1027,1883,1442,0.7657992565055762,0,signed_parent_blocks_randomized,4,345191532,"reference signed-fermionic parent-owned Pauli blocks preserved internally and kept contiguous, but whole parent blocks randomly permuted",8bc6906f5d47a6c7,90e318a605b5f4fc,"[1,1,1,1,1,1,1,1,1,1,1,1,4,1,1,1,1,1,1,1,1,1,1,1,1,1,1,1,1,1,1,1,1,1,1,1,1,1,1,1,1,1,1,1,1,1,1,1,1,1,1,1,1,1,1,1,1,1,1,1,1,1,1,1,1,1,1,1,1,1,1,1,1,1,1,1,1,1,1,1,1,1,1,1,1,1,1,1,1,1,1,1,1,1,1,1,1,1,1,1,1,1,1,1,1,1,1,1,1,1,1,1,1,1,1,1,1,1,1,1,1,1,1,1,1,1,1,1,1,1,1,1,1,1,1,1,1,1,1,1,1,1,1,1,1,1,1,1,1,1,1,1,4,1,1,1,1,1,1,1,1,4,4,2,1,1,1,1,1,1,1,1,1,1,2,2,1,1,2,2,2,4,4,4,4,6,6,4,2,2,4,4,4,6,6,4,4,4,4,4,4,4,4,6,6,4,4,6,6,4,4,4,4,4,4,4,4,4,6,6,2,4,4,4,4,4,4,4,4,4,4,2,2,6,6,6,6,4,4,4,4,4,4,4,4,4,2,2,4,4,6,6,2,4,4,4,4,4,4,4,4,2,2,2,2,4,4,4,4,4,4,2,2,2,2,6,6,6,6,2,2,2,2,4,4,4,2,2,2,4,4,4,4,4,4,4,4,4,4,4,4,4,4,4,4,4,4,4,4,2,2,2,2,4,4,4,4,4,4,2,2,4,4,2,2,4,4,4,4,4,4,2,2,2,2,6,6,4,4,4,4,4,2,2,2,2,2,4,4,4,4,4,4,4,4,4,4,2,2,4,4,4,4,4,4,2,2,4,2,2,2,2,4,4,4,6,6,4,4,4,2,2,2,2,6,6,4,4,4,4,4,4,4,4,4,4,2,4,4,4,4,6,6,4,4,4,6,6,6,6,4,4,4,4,2,4,4,4,4,4,4,4,4,4,4,4,4,6,6,4,4,6,6,2,2,2,2,4,4,6,6,6,6,4,4,4,4,4,4,4,4,4,4,4,4,4,4,4,4,4,4,2,2,2,2,4,4,4,4,4,4,2,2,2,2,6,6,4,4,2,2,2,2,4,4,4,4,2,2,2,2,2,2,4,4,4,4,6,6,6,6,2,2,6,6,4,4,4,4,2,2,2,2,4,4,6,6,2,4,4,4,2,2,2,2,2,2,4,4,4,4,4,4,4,4,2,2,2,2,2,4,4,4,4,4,4,4,4,4,4,2,2,2,2,4,4,4,2,4,4,2,2,4,4,4,2,2,2,2,4,4,4,4,4,4,2,2,2,2,2,2,2,2,2,2,2,2,6,6,6,6,2,2,2,2,4,4,2,2,2,2,2,2,2,6,6,4,4,4,4,2,2,2,2,2,2,4,4,4,4,2,4,4,4,4,4,4,2,2,2,4,4,2,2,4,4,4,4,4,4,2,4,4,2,4]",1.0,1.0,1.0,1.0,1.0,0.5018619554862734,0.4759446577271577,0.4759446577271577,0.0380283018802508,2.9954907397185155,23.066631672198916,0.0016486283051931,2.995490739718516,0.0,0.0380283018802508,0.0,0.0,0.0,0.0001901415094012,100,0.01,1.0,188300,7056,6.689481457999136,0.0218955000000278,34.594892125000115,0.999999990089419,9.910581022509746e-09,31.923241812002196,1.9821161933997192e-08,31.92324163319372,1.768123989654918,0.0001407876487658,9.366951658762446e-13,9.368061881787069e-13,1e-12,analysis/fermionic_structure_ablation_hgbs5.csv,3.104503321083029e-10,8.97296477173938,31.923241812002203
success,,Li-Li_2.66_hgbs-5_as-006-012,hamiltonian_generator/hgbs5_diatomic_basis_transfer/night/Li-Li/2.66/hgbs-5/Li-Li_2.66_hgbs-5_as-006-012.tensors.npz,Li-Li,2.66,hgbs-5,6,12,18,1027,1883,1442,0.7657992565055762,0,signed_parent_blocks_randomized,5,1957378352,"reference signed-fermionic parent-owned Pauli blocks preserved internally and kept contiguous, but whole parent blocks randomly permuted",f3b102570bf75f45,9ef471b9ae69f7f8,"[1,1,1,1,1,1,1,1,1,1,1,1,4,1,1,1,1,1,1,1,1,1,1,1,1,1,1,1,1,1,1,1,1,1,1,1,1,1,1,1,1,1,1,1,1,1,1,1,1,1,1,1,1,1,1,1,1,1,1,1,1,1,1,1,1,1,1,1,1,1,1,1,1,1,1,1,1,1,1,1,1,1,1,1,1,1,1,1,1,1,1,1,1,1,1,1,1,1,1,1,1,1,1,1,1,1,1,1,1,1,1,1,1,1,1,1,1,1,1,1,1,1,1,1,1,1,1,1,1,1,1,1,1,1,1,1,1,1,1,1,1,1,1,1,1,1,1,1,1,1,1,1,4,1,1,1,1,1,1,1,1,4,4,2,1,1,1,1,1,1,1,1,1,1,2,2,1,1,2,2,2,4,4,4,4,6,6,4,2,2,4,4,4,6,6,4,4,4,4,4,4,4,4,6,6,4,4,6,6,4,4,4,4,4,4,4,4,4,6,6,2,4,4,4,4,4,4,4,4,4,4,2,2,6,6,6,6,4,4,4,4,4,4,4,4,4,2,2,4,4,6,6,2,4,4,4,4,4,4,4,4,2,2,2,2,4,4,4,4,4,4,2,2,2,2,6,6,6,6,2,2,2,2,4,4,4,2,2,2,4,4,4,4,4,4,4,4,4,4,4,4,4,4,4,4,4,4,4,4,2,2,2,2,4,4,4,4,4,4,2,2,4,4,2,2,4,4,4,4,4,4,2,2,2,2,6,6,4,4,4,4,4,2,2,2,2,2,4,4,4,4,4,4,4,4,4,4,2,2,4,4,4,4,4,4,2,2,4,2,2,2,2,4,4,4,6,6,4,4,4,2,2,2,2,6,6,4,4,4,4,4,4,4,4,4,4,2,4,4,4,4,6,6,4,4,4,6,6,6,6,4,4,4,4,2,4,4,4,4,4,4,4,4,4,4,4,4,6,6,4,4,6,6,2,2,2,2,4,4,6,6,6,6,4,4,4,4,4,4,4,4,4,4,4,4,4,4,4,4,4,4,2,2,2,2,4,4,4,4,4,4,2,2,2,2,6,6,4,4,2,2,2,2,4,4,4,4,2,2,2,2,2,2,4,4,4,4,6,6,6,6,2,2,6,6,4,4,4,4,2,2,2,2,4,4,6,6,2,4,4,4,2,2,2,2,2,2,4,4,4,4,4,4,4,4,2,2,2,2,2,4,4,4,4,4,4,4,4,4,4,2,2,2,2,4,4,4,2,4,4,2,2,4,4,4,2,2,2,2,4,4,4,4,4,4,2,2,2,2,2,2,2,2,2,2,2,2,6,6,6,6,2,2,2,2,4,4,2,2,2,2,2,2,2,6,6,4,4,4,4,2,2,2,2,2,2,4,4,4,4,2,4,4,4,4,4,4,2,2,2,4,4,2,2,4,4,4,4,4,4,2,4,4,2,4]",1.0,1.0,1.0,1.0,1.0,0.4968137467163188,0.4379493124587852,0.4379493124587852,0.0494759233985068,3.897220308336116,23.066631672198916,0.0021449132279741,3.897220308336116,0.0,0.0494759233985068,0.0,0.0,0.0,0.0002473796169925,100,0.01,1.0,188300,7056,6.689481457999136,0.0218955000000278,34.536931750000804,0.9999999815735868,1.8426413062044844e-08,59.35381977822027,3.685282579102278e-08,59.35381924179484,1.768124060124028,0.0001919708991594,1.0155210006246309e-12,1.0155210006246309e-12,1e-12,analysis/fermionic_structure_ablation_hgbs5.csv,3.104503321083029e-10,15.188326131707452,59.35381977822028
success,,Li-Li_2.66_hgbs-5_as-006-012,hamiltonian_generator/hgbs5_diatomic_basis_transfer/night/Li-Li/2.66/hgbs-5/Li-Li_2.66_hgbs-5_as-006-012.tensors.npz,Li-Li,2.66,hgbs-5,6,12,18,1027,1883,1442,0.7657992565055762,0,signed_parent_blocks_randomized,6,4034452607,"reference signed-fermionic parent-owned Pauli blocks preserved internally and kept contiguous, but whole parent blocks randomly permuted",52eec275be126202,4f693c99b99e6c72,"[1,1,1,1,1,1,1,1,1,1,1,1,4,1,1,1,1,1,1,1,1,1,1,1,1,1,1,1,1,1,1,1,1,1,1,1,1,1,1,1,1,1,1,1,1,1,1,1,1,1,1,1,1,1,1,1,1,1,1,1,1,1,1,1,1,1,1,1,1,1,1,1,1,1,1,1,1,1,1,1,1,1,1,1,1,1,1,1,1,1,1,1,1,1,1,1,1,1,1,1,1,1,1,1,1,1,1,1,1,1,1,1,1,1,1,1,1,1,1,1,1,1,1,1,1,1,1,1,1,1,1,1,1,1,1,1,1,1,1,1,1,1,1,1,1,1,1,1,1,1,1,1,4,1,1,1,1,1,1,1,1,4,4,2,1,1,1,1,1,1,1,1,1,1,2,2,1,1,2,2,2,4,4,4,4,6,6,4,2,2,4,4,4,6,6,4,4,4,4,4,4,4,4,6,6,4,4,6,6,4,4,4,4,4,4,4,4,4,6,6,2,4,4,4,4,4,4,4,4,4,4,2,2,6,6,6,6,4,4,4,4,4,4,4,4,4,2,2,4,4,6,6,2,4,4,4,4,4,4,4,4,2,2,2,2,4,4,4,4,4,4,2,2,2,2,6,6,6,6,2,2,2,2,4,4,4,2,2,2,4,4,4,4,4,4,4,4,4,4,4,4,4,4,4,4,4,4,4,4,2,2,2,2,4,4,4,4,4,4,2,2,4,4,2,2,4,4,4,4,4,4,2,2,2,2,6,6,4,4,4,4,4,2,2,2,2,2,4,4,4,4,4,4,4,4,4,4,2,2,4,4,4,4,4,4,2,2,4,2,2,2,2,4,4,4,6,6,4,4,4,2,2,2,2,6,6,4,4,4,4,4,4,4,4,4,4,2,4,4,4,4,6,6,4,4,4,6,6,6,6,4,4,4,4,2,4,4,4,4,4,4,4,4,4,4,4,4,6,6,4,4,6,6,2,2,2,2,4,4,6,6,6,6,4,4,4,4,4,4,4,4,4,4,4,4,4,4,4,4,4,4,2,2,2,2,4,4,4,4,4,4,2,2,2,2,6,6,4,4,2,2,2,2,4,4,4,4,2,2,2,2,2,2,4,4,4,4,6,6,6,6,2,2,6,6,4,4,4,4,2,2,2,2,4,4,6,6,2,4,4,4,2,2,2,2,2,2,4,4,4,4,4,4,4,4,2,2,2,2,2,4,4,4,4,4,4,4,4,4,4,2,2,2,2,4,4,4,2,4,4,2,2,4,4,4,2,2,2,2,4,4,4,4,4,4,2,2,2,2,2,2,2,2,2,2,2,2,6,6,6,6,2,2,2,2,4,4,2,2,2,2,2,2,2,6,6,4,4,4,4,2,2,2,2,2,2,4,4,4,4,2,4,4,4,4,4,4,2,2,2,4,4,2,2,4,4,4,4,4,4,2,4,4,2,4]",1.0,1.0,1.0,1.0,1.0,0.5031501688750325,0.3873721933520113,0.3873721933520113,0.1499869053464612,11.81447405827206,23.066631672198916,0.0065023323508144,11.814474058272062,0.0,0.1499869053464612,0.0,0.0,0.0,0.0007499345267323,100,0.01,1.0,188300,7056,6.689481457999136,0.0218955000000278,33.884759415999724,0.999999825110026,1.748899740583454e-07,563.3428473748055,3.497799175855576e-07,563.3427982024741,1.7681239911061082,0.0005914219712833,1.1758372053805033e-12,1.1760592499854285e-12,1e-12,analysis/fermionic_structure_ablation_hgbs5.csv,3.104503321083029e-10,139.58179727358348,563.3428473748055
success,,Li-Li_2.66_hgbs-5_as-006-012,hamiltonian_generator/hgbs5_diatomic_basis_transfer/night/Li-Li/2.66/hgbs-5/Li-Li_2.66_hgbs-5_as-006-012.tensors.npz,Li-Li,2.66,hgbs-5,6,12,18,1027,1883,1442,0.7657992565055762,0,signed_parent_blocks_randomized,7,1198335072,"reference signed-fermionic parent-owned Pauli blocks preserved internally and kept contiguous, but whole parent blocks randomly permuted",7f46a2ece9d1d74e,fece38d6f9c6b7c0,"[1,1,1,1,1,1,1,1,1,1,1,1,4,1,1,1,1,1,1,1,1,1,1,1,1,1,1,1,1,1,1,1,1,1,1,1,1,1,1,1,1,1,1,1,1,1,1,1,1,1,1,1,1,1,1,1,1,1,1,1,1,1,1,1,1,1,1,1,1,1,1,1,1,1,1,1,1,1,1,1,1,1,1,1,1,1,1,1,1,1,1,1,1,1,1,1,1,1,1,1,1,1,1,1,1,1,1,1,1,1,1,1,1,1,1,1,1,1,1,1,1,1,1,1,1,1,1,1,1,1,1,1,1,1,1,1,1,1,1,1,1,1,1,1,1,1,1,1,1,1,1,1,4,1,1,1,1,1,1,1,1,4,4,2,1,1,1,1,1,1,1,1,1,1,2,2,1,1,2,2,2,4,4,4,4,6,6,4,2,2,4,4,4,6,6,4,4,4,4,4,4,4,4,6,6,4,4,6,6,4,4,4,4,4,4,4,4,4,6,6,2,4,4,4,4,4,4,4,4,4,4,2,2,6,6,6,6,4,4,4,4,4,4,4,4,4,2,2,4,4,6,6,2,4,4,4,4,4,4,4,4,2,2,2,2,4,4,4,4,4,4,2,2,2,2,6,6,6,6,2,2,2,2,4,4,4,2,2,2,4,4,4,4,4,4,4,4,4,4,4,4,4,4,4,4,4,4,4,4,2,2,2,2,4,4,4,4,4,4,2,2,4,4,2,2,4,4,4,4,4,4,2,2,2,2,6,6,4,4,4,4,4,2,2,2,2,2,4,4,4,4,4,4,4,4,4,4,2,2,4,4,4,4,4,4,2,2,4,2,2,2,2,4,4,4,6,6,4,4,4,2,2,2,2,6,6,4,4,4,4,4,4,4,4,4,4,2,4,4,4,4,6,6,4,4,4,6,6,6,6,4,4,4,4,2,4,4,4,4,4,4,4,4,4,4,4,4,6,6,4,4,6,6,2,2,2,2,4,4,6,6,6,6,4,4,4,4,4,4,4,4,4,4,4,4,4,4,4,4,4,4,2,2,2,2,4,4,4,4,4,4,2,2,2,2,6,6,4,4,2,2,2,2,4,4,4,4,2,2,2,2,2,2,4,4,4,4,6,6,6,6,2,2,6,6,4,4,4,4,2,2,2,2,4,4,6,6,2,4,4,4,2,2,2,2,2,2,4,4,4,4,4,4,4,4,2,2,2,2,2,4,4,4,4,4,4,4,4,4,4,2,2,2,2,4,4,4,2,4,4,2,2,4,4,4,2,2,2,2,4,4,4,4,4,4,2,2,2,2,2,2,2,2,2,2,2,2,6,6,6,6,2,2,2,2,4,4,2,2,2,2,2,2,2,6,6,4,4,4,4,2,2,2,2,2,2,4,4,4,4,2,4,4,4,4,4,4,2,2,2,4,4,2,2,4,4,4,4,4,4,2,4,4,2,4]",1.0,1.0,1.0,1.0,1.0,0.4980045322017263,0.4206933798413803,0.4206933798413803,0.1160211170252414,9.13898766122387,23.066631672198916,0.0050298248428302,9.13898766122387,0.0,0.1160211170252414,0.0,0.0,0.0,0.0005801055851262,100,0.01,1.0,188300,7056,6.689481457999136,0.0218955000000278,33.597036208000645,0.999999895254452,1.0474554790196323e-07,337.3987303882862,2.094910848127185e-07,337.39871268624694,1.7681238925440923,0.0004577019726895,8.929523787060134e-13,8.929523787060134e-13,1e-12,analysis/fermionic_structure_ablation_hgbs5.csv,3.104503321083029e-10,83.52109547200214,337.3987303882863
success,,Li-Li_2.66_hgbs-5_as-006-012,hamiltonian_generator/hgbs5_diatomic_basis_transfer/night/Li-Li/2.66/hgbs-5/Li-Li_2.66_hgbs-5_as-006-012.tensors.npz,Li-Li,2.66,hgbs-5,6,12,18,1027,1883,1442,0.7657992565055762,0,signed_parent_blocks_randomized,8,106630210,"reference signed-fermionic parent-owned Pauli blocks preserved internally and kept contiguous, but whole parent blocks randomly permuted",5cd1c7cf96a824ee,be1e6e5ecae21728,"[1,1,1,1,1,1,1,1,1,1,1,1,4,1,1,1,1,1,1,1,1,1,1,1,1,1,1,1,1,1,1,1,1,1,1,1,1,1,1,1,1,1,1,1,1,1,1,1,1,1,1,1,1,1,1,1,1,1,1,1,1,1,1,1,1,1,1,1,1,1,1,1,1,1,1,1,1,1,1,1,1,1,1,1,1,1,1,1,1,1,1,1,1,1,1,1,1,1,1,1,1,1,1,1,1,1,1,1,1,1,1,1,1,1,1,1,1,1,1,1,1,1,1,1,1,1,1,1,1,1,1,1,1,1,1,1,1,1,1,1,1,1,1,1,1,1,1,1,1,1,1,1,4,1,1,1,1,1,1,1,1,4,4,2,1,1,1,1,1,1,1,1,1,1,2,2,1,1,2,2,2,4,4,4,4,6,6,4,2,2,4,4,4,6,6,4,4,4,4,4,4,4,4,6,6,4,4,6,6,4,4,4,4,4,4,4,4,4,6,6,2,4,4,4,4,4,4,4,4,4,4,2,2,6,6,6,6,4,4,4,4,4,4,4,4,4,2,2,4,4,6,6,2,4,4,4,4,4,4,4,4,2,2,2,2,4,4,4,4,4,4,2,2,2,2,6,6,6,6,2,2,2,2,4,4,4,2,2,2,4,4,4,4,4,4,4,4,4,4,4,4,4,4,4,4,4,4,4,4,2,2,2,2,4,4,4,4,4,4,2,2,4,4,2,2,4,4,4,4,4,4,2,2,2,2,6,6,4,4,4,4,4,2,2,2,2,2,4,4,4,4,4,4,4,4,4,4,2,2,4,4,4,4,4,4,2,2,4,2,2,2,2,4,4,4,6,6,4,4,4,2,2,2,2,6,6,4,4,4,4,4,4,4,4,4,4,2,4,4,4,4,6,6,4,4,4,6,6,6,6,4,4,4,4,2,4,4,4,4,4,4,4,4,4,4,4,4,6,6,4,4,6,6,2,2,2,2,4,4,6,6,6,6,4,4,4,4,4,4,4,4,4,4,4,4,4,4,4,4,4,4,2,2,2,2,4,4,4,4,4,4,2,2,2,2,6,6,4,4,2,2,2,2,4,4,4,4,2,2,2,2,2,2,4,4,4,4,6,6,6,6,2,2,6,6,4,4,4,4,2,2,2,2,4,4,6,6,2,4,4,4,2,2,2,2,2,2,4,4,4,4,4,4,4,4,2,2,2,2,2,4,4,4,4,4,4,4,4,4,4,2,2,2,2,4,4,4,2,4,4,2,2,4,4,4,2,2,2,2,4,4,4,4,4,4,2,2,2,2,2,2,2,2,2,2,2,2,6,6,6,6,2,2,2,2,4,4,2,2,2,2,2,2,2,6,6,4,4,4,4,2,2,2,2,2,2,4,4,4,4,2,4,4,4,4,4,4,2,2,2,4,4,2,2,4,4,4,4,4,4,2,4,4,2,4]",1.0,1.0,1.0,1.0,1.0,0.4890592072977108,0.5949704806515738,0.5949704806515738,0.1236807607709162,9.742338081181158,23.066631672198916,0.0053618908269117,9.742338081181158,0.0,0.1236807607709162,0.0,0.0,0.0,0.0006184038038545,100,0.01,1.0,188300,7056,6.689481457999136,0.0218955000000278,34.48249450000003,0.9999998813271778,1.1867282223576581e-07,382.26025216286735,2.373456303716992e-07,382.2602294541907,1.7681237161611418,0.0004871813260702,9.924283617124274e-13,9.92317339409965e-13,1e-12,analysis/fermionic_structure_ablation_hgbs5.csv,3.104503321083029e-10,94.91315128803257,382.2602521628674
success,,Li-Li_2.66_hgbs-5_as-006-012,hamiltonian_generator/hgbs5_diatomic_basis_transfer/night/Li-Li/2.66/hgbs-5/Li-Li_2.66_hgbs-5_as-006-012.tensors.npz,Li-Li,2.66,hgbs-5,6,12,18,1027,1883,1442,0.7657992565055762,0,signed_parent_blocks_randomized,9,2057513403,"reference signed-fermionic parent-owned Pauli blocks preserved internally and kept contiguous, but whole parent blocks randomly permuted",770ddd9f1a567fcc,d9f0d464bbd119d6,"[1,1,1,1,1,1,1,1,1,1,1,1,4,1,1,1,1,1,1,1,1,1,1,1,1,1,1,1,1,1,1,1,1,1,1,1,1,1,1,1,1,1,1,1,1,1,1,1,1,1,1,1,1,1,1,1,1,1,1,1,1,1,1,1,1,1,1,1,1,1,1,1,1,1,1,1,1,1,1,1,1,1,1,1,1,1,1,1,1,1,1,1,1,1,1,1,1,1,1,1,1,1,1,1,1,1,1,1,1,1,1,1,1,1,1,1,1,1,1,1,1,1,1,1,1,1,1,1,1,1,1,1,1,1,1,1,1,1,1,1,1,1,1,1,1,1,1,1,1,1,1,1,4,1,1,1,1,1,1,1,1,4,4,2,1,1,1,1,1,1,1,1,1,1,2,2,1,1,2,2,2,4,4,4,4,6,6,4,2,2,4,4,4,6,6,4,4,4,4,4,4,4,4,6,6,4,4,6,6,4,4,4,4,4,4,4,4,4,6,6,2,4,4,4,4,4,4,4,4,4,4,2,2,6,6,6,6,4,4,4,4,4,4,4,4,4,2,2,4,4,6,6,2,4,4,4,4,4,4,4,4,2,2,2,2,4,4,4,4,4,4,2,2,2,2,6,6,6,6,2,2,2,2,4,4,4,2,2,2,4,4,4,4,4,4,4,4,4,4,4,4,4,4,4,4,4,4,4,4,2,2,2,2,4,4,4,4,4,4,2,2,4,4,2,2,4,4,4,4,4,4,2,2,2,2,6,6,4,4,4,4,4,2,2,2,2,2,4,4,4,4,4,4,4,4,4,4,2,2,4,4,4,4,4,4,2,2,4,2,2,2,2,4,4,4,6,6,4,4,4,2,2,2,2,6,6,4,4,4,4,4,4,4,4,4,4,2,4,4,4,4,6,6,4,4,4,6,6,6,6,4,4,4,4,2,4,4,4,4,4,4,4,4,4,4,4,4,6,6,4,4,6,6,2,2,2,2,4,4,6,6,6,6,4,4,4,4,4,4,4,4,4,4,4,4,4,4,4,4,4,4,2,2,2,2,4,4,4,4,4,4,2,2,2,2,6,6,4,4,2,2,2,2,4,4,4,4,2,2,2,2,2,2,4,4,4,4,6,6,6,6,2,2,6,6,4,4,4,4,2,2,2,2,4,4,6,6,2,4,4,4,2,2,2,2,2,2,4,4,4,4,4,4,4,4,2,2,2,2,2,4,4,4,4,4,4,4,4,4,4,2,2,2,2,4,4,4,2,4,4,2,2,4,4,4,2,2,2,2,4,4,4,4,4,4,2,2,2,2,2,2,2,2,2,2,2,2,6,6,6,6,2,2,2,2,4,4,2,2,2,2,2,2,2,6,6,4,4,4,4,2,2,2,2,2,2,4,4,4,4,2,4,4,4,4,4,4,2,2,2,4,4,2,2,4,4,4,4,4,4,2,4,4,2,4]",1.0,1.0,1.0,1.0,1.0,0.4972684102652925,0.6491722709571698,0.6491722709571698,0.131119843888893,10.328314932371256,23.066631672198916,0.0056843949195636,10.328314932371256,0.0,0.131119843888893,0.0,0.0,0.0,0.0006555992194444,100,0.01,1.0,188300,7056,6.689481457999136,0.0218955000000278,34.476530916999764,0.9999998668597044,1.331402954551919e-07,428.86182324567426,2.662805731468154e-07,428.8617946363179,1.7681237270609875,0.0005160238278513,1.0499379143880105e-12,1.0499379143880105e-12,1e-12,analysis/fermionic_structure_ablation_hgbs5.csv,3.104503321083029e-10,106.67408934224306,428.8618232456743
success,,Li-Li_2.66_hgbs-5_as-006-012,hamiltonian_generator/hgbs5_diatomic_basis_transfer/night/Li-Li/2.66/hgbs-5/Li-Li_2.66_hgbs-5_as-006-012.tensors.npz,Li-Li,2.66,hgbs-5,6,12,18,1027,1883,1442,0.7657992565055762,0,signed_parent_blocks_randomized,10,1533797221,"reference signed-fermionic parent-owned Pauli blocks preserved internally and kept contiguous, but whole parent blocks randomly permuted",a77627e7205f475f,c2bd8d430764dc73,"[1,1,1,1,1,1,1,1,1,1,1,1,4,1,1,1,1,1,1,1,1,1,1,1,1,1,1,1,1,1,1,1,1,1,1,1,1,1,1,1,1,1,1,1,1,1,1,1,1,1,1,1,1,1,1,1,1,1,1,1,1,1,1,1,1,1,1,1,1,1,1,1,1,1,1,1,1,1,1,1,1,1,1,1,1,1,1,1,1,1,1,1,1,1,1,1,1,1,1,1,1,1,1,1,1,1,1,1,1,1,1,1,1,1,1,1,1,1,1,1,1,1,1,1,1,1,1,1,1,1,1,1,1,1,1,1,1,1,1,1,1,1,1,1,1,1,1,1,1,1,1,1,4,1,1,1,1,1,1,1,1,4,4,2,1,1,1,1,1,1,1,1,1,1,2,2,1,1,2,2,2,4,4,4,4,6,6,4,2,2,4,4,4,6,6,4,4,4,4,4,4,4,4,6,6,4,4,6,6,4,4,4,4,4,4,4,4,4,6,6,2,4,4,4,4,4,4,4,4,4,4,2,2,6,6,6,6,4,4,4,4,4,4,4,4,4,2,2,4,4,6,6,2,4,4,4,4,4,4,4,4,2,2,2,2,4,4,4,4,4,4,2,2,2,2,6,6,6,6,2,2,2,2,4,4,4,2,2,2,4,4,4,4,4,4,4,4,4,4,4,4,4,4,4,4,4,4,4,4,2,2,2,2,4,4,4,4,4,4,2,2,4,4,2,2,4,4,4,4,4,4,2,2,2,2,6,6,4,4,4,4,4,2,2,2,2,2,4,4,4,4,4,4,4,4,4,4,2,2,4,4,4,4,4,4,2,2,4,2,2,2,2,4,4,4,6,6,4,4,4,2,2,2,2,6,6,4,4,4,4,4,4,4,4,4,4,2,4,4,4,4,6,6,4,4,4,6,6,6,6,4,4,4,4,2,4,4,4,4,4,4,4,4,4,4,4,4,6,6,4,4,6,6,2,2,2,2,4,4,6,6,6,6,4,4,4,4,4,4,4,4,4,4,4,4,4,4,4,4,4,4,2,2,2,2,4,4,4,4,4,4,2,2,2,2,6,6,4,4,2,2,2,2,4,4,4,4,2,2,2,2,2,2,4,4,4,4,6,6,6,6,2,2,6,6,4,4,4,4,2,2,2,2,4,4,6,6,2,4,4,4,2,2,2,2,2,2,4,4,4,4,4,4,4,4,2,2,2,2,2,4,4,4,4,4,4,4,4,4,4,2,2,2,2,4,4,4,2,4,4,2,2,4,4,4,2,2,2,2,4,4,4,4,4,4,2,2,2,2,2,2,2,2,2,2,2,2,6,6,6,6,2,2,2,2,4,4,2,2,2,2,2,2,2,6,6,4,4,4,4,2,2,2,2,2,2,4,4,4,4,2,4,4,4,4,4,4,2,2,2,4,4,2,2,4,4,4,4,4,4,2,4,4,2,4]",1.0,1.0,1.0,1.0,1.0,0.5128749170058601,0.4225363424623198,0.4225363424623198,0.0291505082408707,2.296186607768683,23.066631672198916,0.0012637522745032,2.296186607768683,0.0,0.0291505082408707,0.0,0.0,0.0,0.0001457525412043,100,0.01,1.0,188300,7056,6.689481457999136,0.0218955000000278,34.32644416699986,0.9999999943849294,5.615070630682339e-09,18.086856575574476,1.123014126136468e-08,18.086856575574476,1.7681239549948624,0.0001059723608369,9.869882688917642e-13,9.866552019843766e-13,1e-12,analysis/fermionic_structure_ablation_hgbs5.csv,3.104503321083029e-10,5.272472937696252,18.086856575574476
success,,Li-Li_2.66_hgbs-5_as-006-012,hamiltonian_generator/hgbs5_diatomic_basis_transfer/night/Li-Li/2.66/hgbs-5/Li-Li_2.66_hgbs-5_as-006-012.tensors.npz,Li-Li,2.66,hgbs-5,6,12,18,1027,1883,1442,0.7657992565055762,0,signed_parent_blocks_randomized,11,89448111,"reference signed-fermionic parent-owned Pauli blocks preserved internally and kept contiguous, but whole parent blocks randomly permuted",70b33712d334ff84,90613d6f0c67ecc4,"[1,1,1,1,1,1,1,1,1,1,1,1,4,1,1,1,1,1,1,1,1,1,1,1,1,1,1,1,1,1,1,1,1,1,1,1,1,1,1,1,1,1,1,1,1,1,1,1,1,1,1,1,1,1,1,1,1,1,1,1,1,1,1,1,1,1,1,1,1,1,1,1,1,1,1,1,1,1,1,1,1,1,1,1,1,1,1,1,1,1,1,1,1,1,1,1,1,1,1,1,1,1,1,1,1,1,1,1,1,1,1,1,1,1,1,1,1,1,1,1,1,1,1,1,1,1,1,1,1,1,1,1,1,1,1,1,1,1,1,1,1,1,1,1,1,1,1,1,1,1,1,1,4,1,1,1,1,1,1,1,1,4,4,2,1,1,1,1,1,1,1,1,1,1,2,2,1,1,2,2,2,4,4,4,4,6,6,4,2,2,4,4,4,6,6,4,4,4,4,4,4,4,4,6,6,4,4,6,6,4,4,4,4,4,4,4,4,4,6,6,2,4,4,4,4,4,4,4,4,4,4,2,2,6,6,6,6,4,4,4,4,4,4,4,4,4,2,2,4,4,6,6,2,4,4,4,4,4,4,4,4,2,2,2,2,4,4,4,4,4,4,2,2,2,2,6,6,6,6,2,2,2,2,4,4,4,2,2,2,4,4,4,4,4,4,4,4,4,4,4,4,4,4,4,4,4,4,4,4,2,2,2,2,4,4,4,4,4,4,2,2,4,4,2,2,4,4,4,4,4,4,2,2,2,2,6,6,4,4,4,4,4,2,2,2,2,2,4,4,4,4,4,4,4,4,4,4,2,2,4,4,4,4,4,4,2,2,4,2,2,2,2,4,4,4,6,6,4,4,4,2,2,2,2,6,6,4,4,4,4,4,4,4,4,4,4,2,4,4,4,4,6,6,4,4,4,6,6,6,6,4,4,4,4,2,4,4,4,4,4,4,4,4,4,4,4,4,6,6,4,4,6,6,2,2,2,2,4,4,6,6,6,6,4,4,4,4,4,4,4,4,4,4,4,4,4,4,4,4,4,4,2,2,2,2,4,4,4,4,4,4,2,2,2,2,6,6,4,4,2,2,2,2,4,4,4,4,2,2,2,2,2,2,4,4,4,4,6,6,6,6,2,2,6,6,4,4,4,4,2,2,2,2,4,4,6,6,2,4,4,4,2,2,2,2,2,2,4,4,4,4,4,4,4,4,2,2,2,2,2,4,4,4,4,4,4,4,4,4,4,2,2,2,2,4,4,4,2,4,4,2,2,4,4,4,2,2,2,2,4,4,4,4,4,4,2,2,2,2,2,2,2,2,2,2,2,2,6,6,6,6,2,2,2,2,4,4,2,2,2,2,2,2,2,6,6,4,4,4,4,2,2,2,2,2,2,4,4,4,4,2,4,4,4,4,4,4,2,2,2,4,4,2,2,4,4,4,4,4,4,2,4,4,2,4]",1.0,1.0,1.0,1.0,1.0,0.5166709967957045,0.3288813215956971,0.3288813215956971,0.0621717147663099,4.897268261973575,23.066631672198916,0.0026953096425102,4.897268261973575,0.0,0.0621717147663099,0.0,0.0,0.0,0.0003108585738315,100,0.01,1.0,188300,7056,6.689481457999136,0.0218955000000278,33.514825165999355,0.9999999713605204,2.8639479565661933e-08,92.2514057922503,5.727895835416774e-08,92.25140454059095,1.768123997682982,0.0002393302302913,9.587886040662852e-13,9.587886040662852e-13,1e-12,analysis/fermionic_structure_ablation_hgbs5.csv,3.104503321083029e-10,23.98323642973368,92.25140579225032
success,,Li-Li_2.66_hgbs-5_as-006-012,hamiltonian_generator/hgbs5_diatomic_basis_transfer/night/Li-Li/2.66/hgbs-5/Li-Li_2.66_hgbs-5_as-006-012.tensors.npz,Li-Li,2.66,hgbs-5,6,12,18,1027,1883,1442,0.7657992565055762,0,signed_parent_blocks_randomized,12,1944597048,"reference signed-fermionic parent-owned Pauli blocks preserved internally and kept contiguous, but whole parent blocks randomly permuted",4f28efa0a0da0b79,ba08b21a4f24a798,"[1,1,1,1,1,1,1,1,1,1,1,1,4,1,1,1,1,1,1,1,1,1,1,1,1,1,1,1,1,1,1,1,1,1,1,1,1,1,1,1,1,1,1,1,1,1,1,1,1,1,1,1,1,1,1,1,1,1,1,1,1,1,1,1,1,1,1,1,1,1,1,1,1,1,1,1,1,1,1,1,1,1,1,1,1,1,1,1,1,1,1,1,1,1,1,1,1,1,1,1,1,1,1,1,1,1,1,1,1,1,1,1,1,1,1,1,1,1,1,1,1,1,1,1,1,1,1,1,1,1,1,1,1,1,1,1,1,1,1,1,1,1,1,1,1,1,1,1,1,1,1,1,4,1,1,1,1,1,1,1,1,4,4,2,1,1,1,1,1,1,1,1,1,1,2,2,1,1,2,2,2,4,4,4,4,6,6,4,2,2,4,4,4,6,6,4,4,4,4,4,4,4,4,6,6,4,4,6,6,4,4,4,4,4,4,4,4,4,6,6,2,4,4,4,4,4,4,4,4,4,4,2,2,6,6,6,6,4,4,4,4,4,4,4,4,4,2,2,4,4,6,6,2,4,4,4,4,4,4,4,4,2,2,2,2,4,4,4,4,4,4,2,2,2,2,6,6,6,6,2,2,2,2,4,4,4,2,2,2,4,4,4,4,4,4,4,4,4,4,4,4,4,4,4,4,4,4,4,4,2,2,2,2,4,4,4,4,4,4,2,2,4,4,2,2,4,4,4,4,4,4,2,2,2,2,6,6,4,4,4,4,4,2,2,2,2,2,4,4,4,4,4,4,4,4,4,4,2,2,4,4,4,4,4,4,2,2,4,2,2,2,2,4,4,4,6,6,4,4,4,2,2,2,2,6,6,4,4,4,4,4,4,4,4,4,4,2,4,4,4,4,6,6,4,4,4,6,6,6,6,4,4,4,4,2,4,4,4,4,4,4,4,4,4,4,4,4,6,6,4,4,6,6,2,2,2,2,4,4,6,6,6,6,4,4,4,4,4,4,4,4,4,4,4,4,4,4,4,4,4,4,2,2,2,2,4,4,4,4,4,4,2,2,2,2,6,6,4,4,2,2,2,2,4,4,4,4,2,2,2,2,2,2,4,4,4,4,6,6,6,6,2,2,6,6,4,4,4,4,2,2,2,2,4,4,6,6,2,4,4,4,2,2,2,2,2,2,4,4,4,4,4,4,4,4,2,2,2,2,2,4,4,4,4,4,4,4,4,4,4,2,2,2,2,4,4,4,2,4,4,2,2,4,4,4,2,2,2,2,4,4,4,4,4,4,2,2,2,2,2,2,2,2,2,2,2,2,6,6,6,6,2,2,2,2,4,4,2,2,2,2,2,2,2,6,6,4,4,4,4,2,2,2,2,2,2,4,4,4,4,2,4,4,4,4,4,4,2,2,2,4,4,2,2,4,4,4,4,4,4,2,4,4,2,4]",1.0,1.0,1.0,1.0,1.0,0.4888679599318726,0.532992309264997,0.532992309264997,0.1740335828966703,13.70863173455938,23.066631672198916,0.0075448199533365,13.708631734559384,0.0,0.1740335828966703,0.0,0.0,0.0,0.0008701679144833,100,0.01,1.0,188300,7056,6.689481457999136,0.0218955000000278,33.81763179200061,0.9999997632827314,2.367172685646679e-07,762.4964256185343,4.7343448106307306e-07,762.4963353202531,1.7681236105067928,0.0006880657941863,1.0001999228848037e-12,9.999778782798785e-13,1e-12,analysis/fermionic_structure_ablation_hgbs5.csv,3.104503321083029e-10,187.92658403376853,762.4964256185344
success,,Li-Li_2.66_hgbs-5_as-006-012,hamiltonian_generator/hgbs5_diatomic_basis_transfer/night/Li-Li/2.66/hgbs-5/Li-Li_2.66_hgbs-5_as-006-012.tensors.npz,Li-Li,2.66,hgbs-5,6,12,18,1027,1883,1442,0.7657992565055762,0,signed_parent_blocks_randomized,13,3005047501,"reference signed-fermionic parent-owned Pauli blocks preserved internally and kept contiguous, but whole parent blocks randomly permuted",11d6e00b603d44c5,44ef2233c58fa20e,"[1,1,1,1,1,1,1,1,1,1,1,1,4,1,1,1,1,1,1,1,1,1,1,1,1,1,1,1,1,1,1,1,1,1,1,1,1,1,1,1,1,1,1,1,1,1,1,1,1,1,1,1,1,1,1,1,1,1,1,1,1,1,1,1,1,1,1,1,1,1,1,1,1,1,1,1,1,1,1,1,1,1,1,1,1,1,1,1,1,1,1,1,1,1,1,1,1,1,1,1,1,1,1,1,1,1,1,1,1,1,1,1,1,1,1,1,1,1,1,1,1,1,1,1,1,1,1,1,1,1,1,1,1,1,1,1,1,1,1,1,1,1,1,1,1,1,1,1,1,1,1,1,4,1,1,1,1,1,1,1,1,4,4,2,1,1,1,1,1,1,1,1,1,1,2,2,1,1,2,2,2,4,4,4,4,6,6,4,2,2,4,4,4,6,6,4,4,4,4,4,4,4,4,6,6,4,4,6,6,4,4,4,4,4,4,4,4,4,6,6,2,4,4,4,4,4,4,4,4,4,4,2,2,6,6,6,6,4,4,4,4,4,4,4,4,4,2,2,4,4,6,6,2,4,4,4,4,4,4,4,4,2,2,2,2,4,4,4,4,4,4,2,2,2,2,6,6,6,6,2,2,2,2,4,4,4,2,2,2,4,4,4,4,4,4,4,4,4,4,4,4,4,4,4,4,4,4,4,4,2,2,2,2,4,4,4,4,4,4,2,2,4,4,2,2,4,4,4,4,4,4,2,2,2,2,6,6,4,4,4,4,4,2,2,2,2,2,4,4,4,4,4,4,4,4,4,4,2,2,4,4,4,4,4,4,2,2,4,2,2,2,2,4,4,4,6,6,4,4,4,2,2,2,2,6,6,4,4,4,4,4,4,4,4,4,4,2,4,4,4,4,6,6,4,4,4,6,6,6,6,4,4,4,4,2,4,4,4,4,4,4,4,4,4,4,4,4,6,6,4,4,6,6,2,2,2,2,4,4,6,6,6,6,4,4,4,4,4,4,4,4,4,4,4,4,4,4,4,4,4,4,2,2,2,2,4,4,4,4,4,4,2,2,2,2,6,6,4,4,2,2,2,2,4,4,4,4,2,2,2,2,2,2,4,4,4,4,6,6,6,6,2,2,6,6,4,4,4,4,2,2,2,2,4,4,6,6,2,4,4,4,2,2,2,2,2,2,4,4,4,4,4,4,4,4,2,2,2,2,2,4,4,4,4,4,4,4,4,4,4,2,2,2,2,4,4,4,2,4,4,2,2,4,4,4,2,2,2,2,4,4,4,4,4,4,2,2,2,2,2,2,2,2,2,2,2,2,6,6,6,6,2,2,2,2,4,4,2,2,2,2,2,2,2,6,6,4,4,4,4,2,2,2,2,2,2,4,4,4,4,2,4,4,4,4,4,4,2,2,2,4,4,2,2,4,4,4,4,4,4,2,4,4,2,4]",1.0,1.0,1.0,1.0,1.0,0.5005845674201091,0.3371439540668313,0.3371439540668313,0.1697889385161332,13.374280940371008,23.066631672198916,0.0073608032992858,13.374280940371008,0.0,0.1697889385161332,0.0,0.0,0.0,0.0008489446925806,100,0.01,1.0,188300,7056,6.689481457999136,0.0218955000000278,34.45476495799994,0.9999997752258836,2.2477411654175938e-07,724.0260141301611,4.4954818256837115e-07,724.0259327723038,1.7681242812365938,0.0006704835815167,1.0786926907258019e-12,1.0788037130282646e-12,1e-12,analysis/fermionic_structure_ablation_hgbs5.csv,3.104503321083029e-10,178.87139067197123,724.0260141301612
success,,Li-Li_2.66_hgbs-5_as-006-012,hamiltonian_generator/hgbs5_diatomic_basis_transfer/night/Li-Li/2.66/hgbs-5/Li-Li_2.66_hgbs-5_as-006-012.tensors.npz,Li-Li,2.66,hgbs-5,6,12,18,1027,1883,1442,0.7657992565055762,0,signed_parent_blocks_randomized,14,3335835376,"reference signed-fermionic parent-owned Pauli blocks preserved internally and kept contiguous, but whole parent blocks randomly permuted",158e3f3cd0cd72d6,3efe840eba11699e,"[1,1,1,1,1,1,1,1,1,1,1,1,4,1,1,1,1,1,1,1,1,1,1,1,1,1,1,1,1,1,1,1,1,1,1,1,1,1,1,1,1,1,1,1,1,1,1,1,1,1,1,1,1,1,1,1,1,1,1,1,1,1,1,1,1,1,1,1,1,1,1,1,1,1,1,1,1,1,1,1,1,1,1,1,1,1,1,1,1,1,1,1,1,1,1,1,1,1,1,1,1,1,1,1,1,1,1,1,1,1,1,1,1,1,1,1,1,1,1,1,1,1,1,1,1,1,1,1,1,1,1,1,1,1,1,1,1,1,1,1,1,1,1,1,1,1,1,1,1,1,1,1,4,1,1,1,1,1,1,1,1,4,4,2,1,1,1,1,1,1,1,1,1,1,2,2,1,1,2,2,2,4,4,4,4,6,6,4,2,2,4,4,4,6,6,4,4,4,4,4,4,4,4,6,6,4,4,6,6,4,4,4,4,4,4,4,4,4,6,6,2,4,4,4,4,4,4,4,4,4,4,2,2,6,6,6,6,4,4,4,4,4,4,4,4,4,2,2,4,4,6,6,2,4,4,4,4,4,4,4,4,2,2,2,2,4,4,4,4,4,4,2,2,2,2,6,6,6,6,2,2,2,2,4,4,4,2,2,2,4,4,4,4,4,4,4,4,4,4,4,4,4,4,4,4,4,4,4,4,2,2,2,2,4,4,4,4,4,4,2,2,4,4,2,2,4,4,4,4,4,4,2,2,2,2,6,6,4,4,4,4,4,2,2,2,2,2,4,4,4,4,4,4,4,4,4,4,2,2,4,4,4,4,4,4,2,2,4,2,2,2,2,4,4,4,6,6,4,4,4,2,2,2,2,6,6,4,4,4,4,4,4,4,4,4,4,2,4,4,4,4,6,6,4,4,4,6,6,6,6,4,4,4,4,2,4,4,4,4,4,4,4,4,4,4,4,4,6,6,4,4,6,6,2,2,2,2,4,4,6,6,6,6,4,4,4,4,4,4,4,4,4,4,4,4,4,4,4,4,4,4,2,2,2,2,4,4,4,4,4,4,2,2,2,2,6,6,4,4,2,2,2,2,4,4,4,4,2,2,2,2,2,2,4,4,4,4,6,6,6,6,2,2,6,6,4,4,4,4,2,2,2,2,4,4,6,6,2,4,4,4,2,2,2,2,2,2,4,4,4,4,4,4,4,4,2,2,2,2,2,4,4,4,4,4,4,4,4,4,4,2,2,2,2,4,4,4,2,4,4,2,2,4,4,4,2,2,2,2,4,4,4,4,4,4,2,2,2,2,2,2,2,2,2,2,2,2,6,6,6,6,2,2,2,2,4,4,2,2,2,2,2,2,2,6,6,4,4,4,4,2,2,2,2,2,2,4,4,4,4,2,4,4,4,4,4,4,2,2,2,4,4,2,2,4,4,4,4,4,4,2,4,4,2,4]",1.0,1.0,1.0,1.0,1.0,0.5035795733379521,0.6584476976052418,0.6584476976052418,0.0898388365036105,7.076608460221785,23.066631672198916,0.003894753156001,7.076608460221786,0.0,0.0898388365036105,0.0,0.0,0.0,0.000449194182518,100,0.01,1.0,188300,7056,6.689481457999136,0.0218955000000278,34.50909912499992,0.9999999356352228,6.436477728577472e-08,207.32713297056668,1.2872955046372425e-07,207.32712635465305,1.7681232139366188,0.000358789011219,1.0510481374126357e-12,1.0509371151101732e-12,1e-12,analysis/fermionic_structure_ablation_hgbs5.csv,3.104503321083029e-10,50.07838729928255,207.32713297056674
success,,Li-Li_2.66_hgbs-5_as-006-012,hamiltonian_generator/hgbs5_diatomic_basis_transfer/night/Li-Li/2.66/hgbs-5/Li-Li_2.66_hgbs-5_as-006-012.tensors.npz,Li-Li,2.66,hgbs-5,6,12,18,1027,1883,1442,0.7657992565055762,0,signed_parent_blocks_randomized,15,2326719004,"reference signed-fermionic parent-owned Pauli blocks preserved internally and kept contiguous, but whole parent blocks randomly permuted",f64b9986e56ad289,d136ad94a35d7c89,"[1,1,1,1,1,1,1,1,1,1,1,1,4,1,1,1,1,1,1,1,1,1,1,1,1,1,1,1,1,1,1,1,1,1,1,1,1,1,1,1,1,1,1,1,1,1,1,1,1,1,1,1,1,1,1,1,1,1,1,1,1,1,1,1,1,1,1,1,1,1,1,1,1,1,1,1,1,1,1,1,1,1,1,1,1,1,1,1,1,1,1,1,1,1,1,1,1,1,1,1,1,1,1,1,1,1,1,1,1,1,1,1,1,1,1,1,1,1,1,1,1,1,1,1,1,1,1,1,1,1,1,1,1,1,1,1,1,1,1,1,1,1,1,1,1,1,1,1,1,1,1,1,4,1,1,1,1,1,1,1,1,4,4,2,1,1,1,1,1,1,1,1,1,1,2,2,1,1,2,2,2,4,4,4,4,6,6,4,2,2,4,4,4,6,6,4,4,4,4,4,4,4,4,6,6,4,4,6,6,4,4,4,4,4,4,4,4,4,6,6,2,4,4,4,4,4,4,4,4,4,4,2,2,6,6,6,6,4,4,4,4,4,4,4,4,4,2,2,4,4,6,6,2,4,4,4,4,4,4,4,4,2,2,2,2,4,4,4,4,4,4,2,2,2,2,6,6,6,6,2,2,2,2,4,4,4,2,2,2,4,4,4,4,4,4,4,4,4,4,4,4,4,4,4,4,4,4,4,4,2,2,2,2,4,4,4,4,4,4,2,2,4,4,2,2,4,4,4,4,4,4,2,2,2,2,6,6,4,4,4,4,4,2,2,2,2,2,4,4,4,4,4,4,4,4,4,4,2,2,4,4,4,4,4,4,2,2,4,2,2,2,2,4,4,4,6,6,4,4,4,2,2,2,2,6,6,4,4,4,4,4,4,4,4,4,4,2,4,4,4,4,6,6,4,4,4,6,6,6,6,4,4,4,4,2,4,4,4,4,4,4,4,4,4,4,4,4,6,6,4,4,6,6,2,2,2,2,4,4,6,6,6,6,4,4,4,4,4,4,4,4,4,4,4,4,4,4,4,4,4,4,2,2,2,2,4,4,4,4,4,4,2,2,2,2,6,6,4,4,2,2,2,2,4,4,4,4,2,2,2,2,2,2,4,4,4,4,6,6,6,6,2,2,6,6,4,4,4,4,2,2,2,2,4,4,6,6,2,4,4,4,2,2,2,2,2,2,4,4,4,4,4,4,4,4,2,2,2,2,2,4,4,4,4,4,4,4,4,4,4,2,2,2,2,4,4,4,2,4,4,2,2,4,4,4,2,2,2,2,4,4,4,4,4,4,2,2,2,2,2,2,2,2,2,2,2,2,6,6,6,6,2,2,2,2,4,4,2,2,2,2,2,2,2,6,6,4,4,4,4,2,2,2,2,2,2,4,4,4,4,2,4,4,4,4,4,4,2,2,2,4,4,2,2,4,4,4,4,4,4,2,4,4,2,4]",1.0,1.0,1.0,1.0,1.0,0.5143507693195923,0.4934721694823809,0.4934721694823809,0.1061554343837721,8.36186747619477,23.066631672198916,0.0046021211892725,8.36186747619477,0.0,0.1061554343837721,0.0,0.0,0.0,0.0005307771719188,100,0.01,1.0,188300,7056,6.689481457999136,0.0218955000000278,34.10424104199956,0.9999999121202454,8.78797545844634e-08,283.0718652728188,1.7575950139736565e-07,283.0718527562254,1.768123964681891,0.0004192368175255,1.0299538999447577e-12,1.0299538999447577e-12,1e-12,analysis/fermionic_structure_ablation_hgbs5.csv,3.104503321083029e-10,69.92082768944391,283.07186527281885
success,,Li-Li_2.66_hgbs-5_as-006-012,hamiltonian_generator/hgbs5_diatomic_basis_transfer/night/Li-Li/2.66/hgbs-5/Li-Li_2.66_hgbs-5_as-006-012.tensors.npz,Li-Li,2.66,hgbs-5,6,12,18,1027,1883,1442,0.7657992565055762,0,signed_parent_blocks_randomized,16,3470669468,"reference signed-fermionic parent-owned Pauli blocks preserved internally and kept contiguous, but whole parent blocks randomly permuted",1ed5b784f9a3d6aa,f91ec22e314863e9,"[1,1,1,1,1,1,1,1,1,1,1,1,4,1,1,1,1,1,1,1,1,1,1,1,1,1,1,1,1,1,1,1,1,1,1,1,1,1,1,1,1,1,1,1,1,1,1,1,1,1,1,1,1,1,1,1,1,1,1,1,1,1,1,1,1,1,1,1,1,1,1,1,1,1,1,1,1,1,1,1,1,1,1,1,1,1,1,1,1,1,1,1,1,1,1,1,1,1,1,1,1,1,1,1,1,1,1,1,1,1,1,1,1,1,1,1,1,1,1,1,1,1,1,1,1,1,1,1,1,1,1,1,1,1,1,1,1,1,1,1,1,1,1,1,1,1,1,1,1,1,1,1,4,1,1,1,1,1,1,1,1,4,4,2,1,1,1,1,1,1,1,1,1,1,2,2,1,1,2,2,2,4,4,4,4,6,6,4,2,2,4,4,4,6,6,4,4,4,4,4,4,4,4,6,6,4,4,6,6,4,4,4,4,4,4,4,4,4,6,6,2,4,4,4,4,4,4,4,4,4,4,2,2,6,6,6,6,4,4,4,4,4,4,4,4,4,2,2,4,4,6,6,2,4,4,4,4,4,4,4,4,2,2,2,2,4,4,4,4,4,4,2,2,2,2,6,6,6,6,2,2,2,2,4,4,4,2,2,2,4,4,4,4,4,4,4,4,4,4,4,4,4,4,4,4,4,4,4,4,2,2,2,2,4,4,4,4,4,4,2,2,4,4,2,2,4,4,4,4,4,4,2,2,2,2,6,6,4,4,4,4,4,2,2,2,2,2,4,4,4,4,4,4,4,4,4,4,2,2,4,4,4,4,4,4,2,2,4,2,2,2,2,4,4,4,6,6,4,4,4,2,2,2,2,6,6,4,4,4,4,4,4,4,4,4,4,2,4,4,4,4,6,6,4,4,4,6,6,6,6,4,4,4,4,2,4,4,4,4,4,4,4,4,4,4,4,4,6,6,4,4,6,6,2,2,2,2,4,4,6,6,6,6,4,4,4,4,4,4,4,4,4,4,4,4,4,4,4,4,4,4,2,2,2,2,4,4,4,4,4,4,2,2,2,2,6,6,4,4,2,2,2,2,4,4,4,4,2,2,2,2,2,2,4,4,4,4,6,6,6,6,2,2,6,6,4,4,4,4,2,2,2,2,4,4,6,6,2,4,4,4,2,2,2,2,2,2,4,4,4,4,4,4,4,4,2,2,2,2,2,4,4,4,4,4,4,4,4,4,4,2,2,2,2,4,4,4,2,4,4,2,2,4,4,4,2,2,2,2,4,4,4,4,4,4,2,2,2,2,2,2,2,2,2,2,2,2,6,6,6,6,2,2,2,2,4,4,2,2,2,2,2,2,2,6,6,4,4,4,4,2,2,2,2,2,2,4,4,4,4,2,4,4,4,4,4,4,2,2,2,4,4,2,2,4,4,4,4,4,4,2,4,4,2,4]",1.0,1.0,1.0,1.0,1.0,0.5089958430761237,0.6654865753896595,0.6654865753896595,0.1156451674037522,9.10937409569266,23.066631672198916,0.0050135264241087,9.10937409569266,0.0,0.1156451674037522,0.0,0.0,0.0,0.0005782258370187,100,0.01,1.0,188300,7056,6.689481457999136,0.0218955000000278,33.591604167000696,0.9999998964655724,1.0353442747579322e-07,333.497557476197,2.070688441824231e-07,333.4975401317747,1.76812402166012,0.0004550481897025,9.784395516021505e-13,9.78550573904613e-13,1e-12,analysis/fermionic_structure_ablation_hgbs5.csv,3.104503321083029e-10,82.98069641527647,333.4975574761971
success,,Li-Li_2.66_hgbs-5_as-006-012,hamiltonian_generator/hgbs5_diatomic_basis_transfer/night/Li-Li/2.66/hgbs-5/Li-Li_2.66_hgbs-5_as-006-012.tensors.npz,Li-Li,2.66,hgbs-5,6,12,18,1027,1883,1442,0.7657992565055762,0,signed_parent_blocks_randomized,17,1251500788,"reference signed-fermionic parent-owned Pauli blocks preserved internally and kept contiguous, but whole parent blocks randomly permuted",296fcc5992fae776,36fcaf3462187557,"[1,1,1,1,1,1,1,1,1,1,1,1,4,1,1,1,1,1,1,1,1,1,1,1,1,1,1,1,1,1,1,1,1,1,1,1,1,1,1,1,1,1,1,1,1,1,1,1,1,1,1,1,1,1,1,1,1,1,1,1,1,1,1,1,1,1,1,1,1,1,1,1,1,1,1,1,1,1,1,1,1,1,1,1,1,1,1,1,1,1,1,1,1,1,1,1,1,1,1,1,1,1,1,1,1,1,1,1,1,1,1,1,1,1,1,1,1,1,1,1,1,1,1,1,1,1,1,1,1,1,1,1,1,1,1,1,1,1,1,1,1,1,1,1,1,1,1,1,1,1,1,1,4,1,1,1,1,1,1,1,1,4,4,2,1,1,1,1,1,1,1,1,1,1,2,2,1,1,2,2,2,4,4,4,4,6,6,4,2,2,4,4,4,6,6,4,4,4,4,4,4,4,4,6,6,4,4,6,6,4,4,4,4,4,4,4,4,4,6,6,2,4,4,4,4,4,4,4,4,4,4,2,2,6,6,6,6,4,4,4,4,4,4,4,4,4,2,2,4,4,6,6,2,4,4,4,4,4,4,4,4,2,2,2,2,4,4,4,4,4,4,2,2,2,2,6,6,6,6,2,2,2,2,4,4,4,2,2,2,4,4,4,4,4,4,4,4,4,4,4,4,4,4,4,4,4,4,4,4,2,2,2,2,4,4,4,4,4,4,2,2,4,4,2,2,4,4,4,4,4,4,2,2,2,2,6,6,4,4,4,4,4,2,2,2,2,2,4,4,4,4,4,4,4,4,4,4,2,2,4,4,4,4,4,4,2,2,4,2,2,2,2,4,4,4,6,6,4,4,4,2,2,2,2,6,6,4,4,4,4,4,4,4,4,4,4,2,4,4,4,4,6,6,4,4,4,6,6,6,6,4,4,4,4,2,4,4,4,4,4,4,4,4,4,4,4,4,6,6,4,4,6,6,2,2,2,2,4,4,6,6,6,6,4,4,4,4,4,4,4,4,4,4,4,4,4,4,4,4,4,4,2,2,2,2,4,4,4,4,4,4,2,2,2,2,6,6,4,4,2,2,2,2,4,4,4,4,2,2,2,2,2,2,4,4,4,4,6,6,6,6,2,2,6,6,4,4,4,4,2,2,2,2,4,4,6,6,2,4,4,4,2,2,2,2,2,2,4,4,4,4,4,4,4,4,2,2,2,2,2,4,4,4,4,4,4,4,4,4,4,2,2,2,2,4,4,4,2,4,4,2,2,4,4,4,2,2,2,2,4,4,4,4,4,4,2,2,2,2,2,2,2,2,2,2,2,2,6,6,6,6,2,2,2,2,4,4,2,2,2,2,2,2,2,6,6,4,4,4,4,2,2,2,2,2,2,4,4,4,4,2,4,4,4,4,4,4,2,2,2,4,4,2,2,4,4,4,4,4,4,2,4,4,2,4]",1.0,1.0,1.0,1.0,1.0,0.487345197886897,0.3978379900385146,0.3978379900385146,0.0378825146045609,2.9840070706429684,23.066631672198916,0.001642308037988,2.984007070642969,0.0,0.0378825146045609,0.0,0.0,0.0,0.0001894125730228,100,0.01,1.0,188300,7056,6.689481457999136,0.0218955000000278,33.6494294160002,0.999999989294867,1.0705133002275602e-08,34.48259478279777,2.14102658935289e-08,34.48259460398929,1.7681243526435908,0.0001463224726573,1.0226264279822317e-12,1.0227374502846942e-12,1e-12,analysis/fermionic_structure_ablation_hgbs5.csv,3.104503321083029e-10,8.904298197647229,34.48259478279777
success,,Li-Li_2.66_hgbs-5_as-006-012,hamiltonian_generator/hgbs5_diatomic_basis_transfer/night/Li-Li/2.66/hgbs-5/Li-Li_2.66_hgbs-5_as-006-012.tensors.npz,Li-Li,2.66,hgbs-5,6,12,18,1027,1883,1442,0.7657992565055762,0,signed_parent_blocks_randomized,18,1485561632,"reference signed-fermionic parent-owned Pauli blocks preserved internally and kept contiguous, but whole parent blocks randomly permuted",8cd2dd23d0bdc675,9c7af226bd4417d8,"[1,1,1,1,1,1,1,1,1,1,1,1,4,1,1,1,1,1,1,1,1,1,1,1,1,1,1,1,1,1,1,1,1,1,1,1,1,1,1,1,1,1,1,1,1,1,1,1,1,1,1,1,1,1,1,1,1,1,1,1,1,1,1,1,1,1,1,1,1,1,1,1,1,1,1,1,1,1,1,1,1,1,1,1,1,1,1,1,1,1,1,1,1,1,1,1,1,1,1,1,1,1,1,1,1,1,1,1,1,1,1,1,1,1,1,1,1,1,1,1,1,1,1,1,1,1,1,1,1,1,1,1,1,1,1,1,1,1,1,1,1,1,1,1,1,1,1,1,1,1,1,1,4,1,1,1,1,1,1,1,1,4,4,2,1,1,1,1,1,1,1,1,1,1,2,2,1,1,2,2,2,4,4,4,4,6,6,4,2,2,4,4,4,6,6,4,4,4,4,4,4,4,4,6,6,4,4,6,6,4,4,4,4,4,4,4,4,4,6,6,2,4,4,4,4,4,4,4,4,4,4,2,2,6,6,6,6,4,4,4,4,4,4,4,4,4,2,2,4,4,6,6,2,4,4,4,4,4,4,4,4,2,2,2,2,4,4,4,4,4,4,2,2,2,2,6,6,6,6,2,2,2,2,4,4,4,2,2,2,4,4,4,4,4,4,4,4,4,4,4,4,4,4,4,4,4,4,4,4,2,2,2,2,4,4,4,4,4,4,2,2,4,4,2,2,4,4,4,4,4,4,2,2,2,2,6,6,4,4,4,4,4,2,2,2,2,2,4,4,4,4,4,4,4,4,4,4,2,2,4,4,4,4,4,4,2,2,4,2,2,2,2,4,4,4,6,6,4,4,4,2,2,2,2,6,6,4,4,4,4,4,4,4,4,4,4,2,4,4,4,4,6,6,4,4,4,6,6,6,6,4,4,4,4,2,4,4,4,4,4,4,4,4,4,4,4,4,6,6,4,4,6,6,2,2,2,2,4,4,6,6,6,6,4,4,4,4,4,4,4,4,4,4,4,4,4,4,4,4,4,4,2,2,2,2,4,4,4,4,4,4,2,2,2,2,6,6,4,4,2,2,2,2,4,4,4,4,2,2,2,2,2,2,4,4,4,4,6,6,6,6,2,2,6,6,4,4,4,4,2,2,2,2,4,4,6,6,2,4,4,4,2,2,2,2,2,2,4,4,4,4,4,4,4,4,2,2,2,2,2,4,4,4,4,4,4,4,4,4,4,2,2,2,2,4,4,4,2,4,4,2,2,4,4,4,2,2,2,2,4,4,4,4,4,4,2,2,2,2,2,2,2,2,2,2,2,2,6,6,6,6,2,2,2,2,4,4,2,2,2,2,2,2,2,6,6,4,4,4,4,2,2,2,2,2,2,4,4,4,4,2,4,4,4,4,4,4,2,2,2,4,4,2,2,4,4,4,4,4,4,2,4,4,2,4]",1.0,1.0,1.0,1.0,1.0,0.481885626858347,0.2659413056328806,0.2659413056328806,0.0729482917171652,5.746139625301934,23.066631672198916,0.0031625029936679,5.746139625301934,0.0,0.0729482917171652,0.0,0.0,0.0,0.0003647414585858,100,0.01,1.0,188300,7056,6.689481457999136,0.0218955000000278,34.05320016599944,0.9999999593140764,4.0685923630157106e-08,131.05453408232628,8.137184559497967e-08,131.05453140019912,1.7681239117130385,0.0002852575104362,1.103228619570018e-12,1.103006574965093e-12,1e-12,analysis/fermionic_structure_ablation_hgbs5.csv,3.104503321083029e-10,33.01812059346505,131.0545340823263
success,,Li-Li_2.66_hgbs-5_as-006-012,hamiltonian_generator/hgbs5_diatomic_basis_transfer/night/Li-Li/2.66/hgbs-5/Li-Li_2.66_hgbs-5_as-006-012.tensors.npz,Li-Li,2.66,hgbs-5,6,12,18,1027,1883,1442,0.7657992565055762,0,signed_parent_blocks_randomized,19,1989825590,"reference signed-fermionic parent-owned Pauli blocks preserved internally and kept contiguous, but whole parent blocks randomly permuted",338716dc9ac11498,0eaa2ea44ce3f0b4,"[1,1,1,1,1,1,1,1,1,1,1,1,4,1,1,1,1,1,1,1,1,1,1,1,1,1,1,1,1,1,1,1,1,1,1,1,1,1,1,1,1,1,1,1,1,1,1,1,1,1,1,1,1,1,1,1,1,1,1,1,1,1,1,1,1,1,1,1,1,1,1,1,1,1,1,1,1,1,1,1,1,1,1,1,1,1,1,1,1,1,1,1,1,1,1,1,1,1,1,1,1,1,1,1,1,1,1,1,1,1,1,1,1,1,1,1,1,1,1,1,1,1,1,1,1,1,1,1,1,1,1,1,1,1,1,1,1,1,1,1,1,1,1,1,1,1,1,1,1,1,1,1,4,1,1,1,1,1,1,1,1,4,4,2,1,1,1,1,1,1,1,1,1,1,2,2,1,1,2,2,2,4,4,4,4,6,6,4,2,2,4,4,4,6,6,4,4,4,4,4,4,4,4,6,6,4,4,6,6,4,4,4,4,4,4,4,4,4,6,6,2,4,4,4,4,4,4,4,4,4,4,2,2,6,6,6,6,4,4,4,4,4,4,4,4,4,2,2,4,4,6,6,2,4,4,4,4,4,4,4,4,2,2,2,2,4,4,4,4,4,4,2,2,2,2,6,6,6,6,2,2,2,2,4,4,4,2,2,2,4,4,4,4,4,4,4,4,4,4,4,4,4,4,4,4,4,4,4,4,2,2,2,2,4,4,4,4,4,4,2,2,4,4,2,2,4,4,4,4,4,4,2,2,2,2,6,6,4,4,4,4,4,2,2,2,2,2,4,4,4,4,4,4,4,4,4,4,2,2,4,4,4,4,4,4,2,2,4,2,2,2,2,4,4,4,6,6,4,4,4,2,2,2,2,6,6,4,4,4,4,4,4,4,4,4,4,2,4,4,4,4,6,6,4,4,4,6,6,6,6,4,4,4,4,2,4,4,4,4,4,4,4,4,4,4,4,4,6,6,4,4,6,6,2,2,2,2,4,4,6,6,6,6,4,4,4,4,4,4,4,4,4,4,4,4,4,4,4,4,4,4,2,2,2,2,4,4,4,4,4,4,2,2,2,2,6,6,4,4,2,2,2,2,4,4,4,4,2,2,2,2,2,2,4,4,4,4,6,6,6,6,2,2,6,6,4,4,4,4,2,2,2,2,4,4,6,6,2,4,4,4,2,2,2,2,2,2,4,4,4,4,4,4,4,4,2,2,2,2,2,4,4,4,4,4,4,4,4,4,4,2,2,2,2,4,4,4,2,4,4,2,2,4,4,4,2,2,2,2,4,4,4,4,4,4,2,2,2,2,2,2,2,2,2,2,2,2,6,6,6,6,2,2,2,2,4,4,2,2,2,2,2,2,2,6,6,4,4,4,4,2,2,2,2,2,2,4,4,4,4,2,4,4,4,4,4,4,2,2,2,4,4,2,2,4,4,4,4,4,4,2,4,4,2,4]",1.0,1.0,1.0,1.0,1.0,0.4830150688490517,0.4123734855239819,0.4123734855239819,0.097332612096683,7.666893439689536,23.066631672198916,0.0042196283133091,7.666893439689538,0.0,0.097332612096683,0.0,0.0,0.0,0.0004866630604834,100,0.01,1.0,188300,7056,6.689481457999136,0.0218955000000278,34.57437545799985,0.999999924713591,7.528640899590044e-08,242.50709762370687,1.5057281232966346e-07,242.5070885044745,1.7681230900126983,0.0003880371348103,1.0276224315930449e-12,1.0277334538955074e-12,1e-12,analysis/fermionic_structure_ablation_hgbs5.csv,3.104503321083029e-10,58.78125501555445,242.5070976237069
success,,Li-Li_2.66_hgbs-5_as-006-012,hamiltonian_generator/hgbs5_diatomic_basis_transfer/night/Li-Li/2.66/hgbs-5/Li-Li_2.66_hgbs-5_as-006-012.tensors.npz,Li-Li,2.66,hgbs-5,6,12,18,1027,1883,1442,0.7657992565055762,0,signed_parent_descendants_round_robin,-1,-1,"reference signed-fermionic parent priority and within-parent descendant order retained, but descendants interleaved round-robin across parent blocks to destroy contiguity",1111c714ef3071d3,369223000c062567,"[1,1,1,1,1,1,1,1,1,1,1,1,4,1,1,1,1,1,1,1,1,1,1,1,1,1,1,1,1,1,1,1,1,1,1,1,1,1,1,1,1,1,1,1,1,1,1,1,1,1,1,1,1,1,1,1,1,1,1,1,1,1,1,1,1,1,1,1,1,1,1,1,1,1,1,1,1,1,1,1,1,1,1,1,1,1,1,1,1,1,1,1,1,1,1,1,1,1,1,1,1,1,1,1,1,1,1,1,1,1,1,1,1,1,1,1,1,1,1,1,1,1,1,1,1,1,1,1,1,1,1,1,1,1,1,1,1,1,1,1,1,1,1,1,1,1,1,1,1,1,1,1,4,1,1,1,1,1,1,1,1,4,4,2,1,1,1,1,1,1,1,1,1,1,2,2,1,1,2,2,2,4,4,4,4,6,6,4,2,2,4,4,4,6,6,4,4,4,4,4,4,4,4,6,6,4,4,6,6,4,4,4,4,4,4,4,4,4,6,6,2,4,4,4,4,4,4,4,4,4,4,2,2,6,6,6,6,4,4,4,4,4,4,4,4,4,2,2,4,4,6,6,2,4,4,4,4,4,4,4,4,2,2,2,2,4,4,4,4,4,4,2,2,2,2,6,6,6,6,2,2,2,2,4,4,4,2,2,2,4,4,4,4,4,4,4,4,4,4,4,4,4,4,4,4,4,4,4,4,2,2,2,2,4,4,4,4,4,4,2,2,4,4,2,2,4,4,4,4,4,4,2,2,2,2,6,6,4,4,4,4,4,2,2,2,2,2,4,4,4,4,4,4,4,4,4,4,2,2,4,4,4,4,4,4,2,2,4,2,2,2,2,4,4,4,6,6,4,4,4,2,2,2,2,6,6,4,4,4,4,4,4,4,4,4,4,2,4,4,4,4,6,6,4,4,4,6,6,6,6,4,4,4,4,2,4,4,4,4,4,4,4,4,4,4,4,4,6,6,4,4,6,6,2,2,2,2,4,4,6,6,6,6,4,4,4,4,4,4,4,4,4,4,4,4,4,4,4,4,4,4,2,2,2,2,4,4,4,4,4,4,2,2,2,2,6,6,4,4,2,2,2,2,4,4,4,4,2,2,2,2,2,2,4,4,4,4,6,6,6,6,2,2,6,6,4,4,4,4,2,2,2,2,4,4,6,6,2,4,4,4,2,2,2,2,2,2,4,4,4,4,4,4,4,4,2,2,2,2,2,4,4,4,4,4,4,4,4,4,4,2,2,2,2,4,4,4,2,4,4,2,2,4,4,4,2,2,2,2,4,4,4,4,4,4,2,2,2,2,2,2,2,2,2,2,2,2,6,6,6,6,2,2,2,2,4,4,2,2,2,2,2,2,2,6,6,4,4,4,4,2,2,2,2,2,2,4,4,4,4,2,4,4,4,4,4,4,2,2,2,4,4,2,2,4,4,4,4,4,4,2,4,4,2,4]",2.9193798449612403,6.0,0.2651162790697674,203.643669250646,256.04726500265537,0.3331835830374411,0.1000872910633125,0.1000872910633125,0.4693078847154424,36.9673993640002,23.066631672198916,0.0203457484120265,36.96739936400021,0.0,0.4693078847154424,0.0,0.0,0.0,0.0023465394235772,100,0.01,1.0,188300,7056,6.689481457999136,0.0218955000000278,34.52488337499926,0.9999999748376412,2.5162358863184412e-08,81.05115782065367,5.0324717060235e-08,81.0511567478028,1.7681222452989729,0.0002243317135992,4.6315490331849674e-08,4.63289173691095e-08,1e-12,analysis/fermionic_structure_ablation_hgbs5.csv,3.104503321083029e-10,1366.5886157374825,81.05115782065369
success,,Li-Li_2.66_hgbs-5_as-006-012,hamiltonian_generator/hgbs5_diatomic_basis_transfer/night/Li-Li/2.66/hgbs-5/Li-Li_2.66_hgbs-5_as-006-012.tensors.npz,Li-Li,2.66,hgbs-5,6,12,18,1027,1883,1442,0.7657992565055762,0,signed_parent_within_randomized,0,2860188150,"reference signed-fermionic parent-block order kept fixed and contiguous, but Pauli descendants randomly permuted inside each parent-owned block",1111c714ef3071d3,fdda12c6aed37d29,"[1,1,1,1,1,1,1,1,1,1,1,1,4,1,1,1,1,1,1,1,1,1,1,1,1,1,1,1,1,1,1,1,1,1,1,1,1,1,1,1,1,1,1,1,1,1,1,1,1,1,1,1,1,1,1,1,1,1,1,1,1,1,1,1,1,1,1,1,1,1,1,1,1,1,1,1,1,1,1,1,1,1,1,1,1,1,1,1,1,1,1,1,1,1,1,1,1,1,1,1,1,1,1,1,1,1,1,1,1,1,1,1,1,1,1,1,1,1,1,1,1,1,1,1,1,1,1,1,1,1,1,1,1,1,1,1,1,1,1,1,1,1,1,1,1,1,1,1,1,1,1,1,4,1,1,1,1,1,1,1,1,4,4,2,1,1,1,1,1,1,1,1,1,1,2,2,1,1,2,2,2,4,4,4,4,6,6,4,2,2,4,4,4,6,6,4,4,4,4,4,4,4,4,6,6,4,4,6,6,4,4,4,4,4,4,4,4,4,6,6,2,4,4,4,4,4,4,4,4,4,4,2,2,6,6,6,6,4,4,4,4,4,4,4,4,4,2,2,4,4,6,6,2,4,4,4,4,4,4,4,4,2,2,2,2,4,4,4,4,4,4,2,2,2,2,6,6,6,6,2,2,2,2,4,4,4,2,2,2,4,4,4,4,4,4,4,4,4,4,4,4,4,4,4,4,4,4,4,4,2,2,2,2,4,4,4,4,4,4,2,2,4,4,2,2,4,4,4,4,4,4,2,2,2,2,6,6,4,4,4,4,4,2,2,2,2,2,4,4,4,4,4,4,4,4,4,4,2,2,4,4,4,4,4,4,2,2,4,2,2,2,2,4,4,4,6,6,4,4,4,2,2,2,2,6,6,4,4,4,4,4,4,4,4,4,4,2,4,4,4,4,6,6,4,4,4,6,6,6,6,4,4,4,4,2,4,4,4,4,4,4,4,4,4,4,4,4,6,6,4,4,6,6,2,2,2,2,4,4,6,6,6,6,4,4,4,4,4,4,4,4,4,4,4,4,4,4,4,4,4,4,2,2,2,2,4,4,4,4,4,4,2,2,2,2,6,6,4,4,2,2,2,2,4,4,4,4,2,2,2,2,2,2,4,4,4,4,6,6,6,6,2,2,6,6,4,4,4,4,2,2,2,2,4,4,6,6,2,4,4,4,2,2,2,2,2,2,4,4,4,4,4,4,4,4,2,2,2,2,2,4,4,4,4,4,4,4,4,4,4,2,2,2,2,4,4,4,2,4,4,2,2,4,4,4,2,2,2,2,4,4,4,4,4,4,2,2,2,2,2,2,2,2,2,2,2,2,6,6,6,6,2,2,2,2,4,4,2,2,2,2,2,2,2,6,6,4,4,4,4,2,2,2,2,2,2,4,4,4,4,2,4,4,4,4,4,4,2,2,2,4,4,2,2,4,4,4,4,4,4,2,4,4,2,4]",1.0,1.0,1.0,1.0,1.0,0.0,0.0,0.0,0.0126951825876197,1.0,23.066631672198916,0.0005503700222915,1.0,0.0,0.0126951825876197,0.0,0.0,0.0,6.347591293809896e-05,100,0.01,1.0,188300,7056,6.689481457999136,0.0218955000000278,34.50411604100009,0.9999999996895648,3.104353440974705e-10,0.9999517217110684,6.208706881949411e-10,0.9999517217110684,1.7681240833345735,2.4917276901678906e-05,1.0210721157477565e-12,1.021405182655144e-12,1e-12,analysis/fermionic_structure_ablation_hgbs5.csv,3.104503321083029e-10,1.0,0.9999517217110684
success,,Li-Li_2.66_hgbs-5_as-006-012,hamiltonian_generator/hgbs5_diatomic_basis_transfer/night/Li-Li/2.66/hgbs-5/Li-Li_2.66_hgbs-5_as-006-012.tensors.npz,Li-Li,2.66,hgbs-5,6,12,18,1027,1883,1442,0.7657992565055762,0,signed_parent_within_randomized,1,2957119322,"reference signed-fermionic parent-block order kept fixed and contiguous, but Pauli descendants randomly permuted inside each parent-owned block",1111c714ef3071d3,0b20854cd1d5b088,"[1,1,1,1,1,1,1,1,1,1,1,1,4,1,1,1,1,1,1,1,1,1,1,1,1,1,1,1,1,1,1,1,1,1,1,1,1,1,1,1,1,1,1,1,1,1,1,1,1,1,1,1,1,1,1,1,1,1,1,1,1,1,1,1,1,1,1,1,1,1,1,1,1,1,1,1,1,1,1,1,1,1,1,1,1,1,1,1,1,1,1,1,1,1,1,1,1,1,1,1,1,1,1,1,1,1,1,1,1,1,1,1,1,1,1,1,1,1,1,1,1,1,1,1,1,1,1,1,1,1,1,1,1,1,1,1,1,1,1,1,1,1,1,1,1,1,1,1,1,1,1,1,4,1,1,1,1,1,1,1,1,4,4,2,1,1,1,1,1,1,1,1,1,1,2,2,1,1,2,2,2,4,4,4,4,6,6,4,2,2,4,4,4,6,6,4,4,4,4,4,4,4,4,6,6,4,4,6,6,4,4,4,4,4,4,4,4,4,6,6,2,4,4,4,4,4,4,4,4,4,4,2,2,6,6,6,6,4,4,4,4,4,4,4,4,4,2,2,4,4,6,6,2,4,4,4,4,4,4,4,4,2,2,2,2,4,4,4,4,4,4,2,2,2,2,6,6,6,6,2,2,2,2,4,4,4,2,2,2,4,4,4,4,4,4,4,4,4,4,4,4,4,4,4,4,4,4,4,4,2,2,2,2,4,4,4,4,4,4,2,2,4,4,2,2,4,4,4,4,4,4,2,2,2,2,6,6,4,4,4,4,4,2,2,2,2,2,4,4,4,4,4,4,4,4,4,4,2,2,4,4,4,4,4,4,2,2,4,2,2,2,2,4,4,4,6,6,4,4,4,2,2,2,2,6,6,4,4,4,4,4,4,4,4,4,4,2,4,4,4,4,6,6,4,4,4,6,6,6,6,4,4,4,4,2,4,4,4,4,4,4,4,4,4,4,4,4,6,6,4,4,6,6,2,2,2,2,4,4,6,6,6,6,4,4,4,4,4,4,4,4,4,4,4,4,4,4,4,4,4,4,2,2,2,2,4,4,4,4,4,4,2,2,2,2,6,6,4,4,2,2,2,2,4,4,4,4,2,2,2,2,2,2,4,4,4,4,6,6,6,6,2,2,6,6,4,4,4,4,2,2,2,2,4,4,6,6,2,4,4,4,2,2,2,2,2,2,4,4,4,4,4,4,4,4,2,2,2,2,2,4,4,4,4,4,4,4,4,4,4,2,2,2,2,4,4,4,2,4,4,2,2,4,4,4,2,2,2,2,4,4,4,4,4,4,2,2,2,2,2,2,2,2,2,2,2,2,6,6,6,6,2,2,2,2,4,4,2,2,2,2,2,2,2,6,6,4,4,4,4,2,2,2,2,2,2,4,4,4,4,2,4,4,4,4,4,4,2,2,2,4,4,2,2,4,4,4,4,4,4,2,4,4,2,4]",1.0,1.0,1.0,1.0,1.0,0.0,0.0,0.0,0.0126951825876197,1.0,23.066631672198916,0.0005503700222915,1.0,0.0,0.0126951825876197,0.0,0.0,0.0,6.347591293809896e-05,100,0.01,1.0,188300,7056,6.689481457999136,0.0218955000000278,34.55544666700007,0.9999999996895288,3.1047120430116593e-10,1.0000672319875492,6.209424086023319e-10,1.0000672319875492,1.7681240833345628,2.4918716030372267e-05,1.0927925231385416e-12,1.0931255900459293e-12,1e-12,analysis/fermionic_structure_ablation_hgbs5.csv,3.104503321083029e-10,1.0,1.0000672319875494
success,,Li-Li_2.66_hgbs-5_as-006-012,hamiltonian_generator/hgbs5_diatomic_basis_transfer/night/Li-Li/2.66/hgbs-5/Li-Li_2.66_hgbs-5_as-006-012.tensors.npz,Li-Li,2.66,hgbs-5,6,12,18,1027,1883,1442,0.7657992565055762,0,signed_parent_within_randomized,2,3304095794,"reference signed-fermionic parent-block order kept fixed and contiguous, but Pauli descendants randomly permuted inside each parent-owned block",1111c714ef3071d3,2937088a7d7c5ed1,"[1,1,1,1,1,1,1,1,1,1,1,1,4,1,1,1,1,1,1,1,1,1,1,1,1,1,1,1,1,1,1,1,1,1,1,1,1,1,1,1,1,1,1,1,1,1,1,1,1,1,1,1,1,1,1,1,1,1,1,1,1,1,1,1,1,1,1,1,1,1,1,1,1,1,1,1,1,1,1,1,1,1,1,1,1,1,1,1,1,1,1,1,1,1,1,1,1,1,1,1,1,1,1,1,1,1,1,1,1,1,1,1,1,1,1,1,1,1,1,1,1,1,1,1,1,1,1,1,1,1,1,1,1,1,1,1,1,1,1,1,1,1,1,1,1,1,1,1,1,1,1,1,4,1,1,1,1,1,1,1,1,4,4,2,1,1,1,1,1,1,1,1,1,1,2,2,1,1,2,2,2,4,4,4,4,6,6,4,2,2,4,4,4,6,6,4,4,4,4,4,4,4,4,6,6,4,4,6,6,4,4,4,4,4,4,4,4,4,6,6,2,4,4,4,4,4,4,4,4,4,4,2,2,6,6,6,6,4,4,4,4,4,4,4,4,4,2,2,4,4,6,6,2,4,4,4,4,4,4,4,4,2,2,2,2,4,4,4,4,4,4,2,2,2,2,6,6,6,6,2,2,2,2,4,4,4,2,2,2,4,4,4,4,4,4,4,4,4,4,4,4,4,4,4,4,4,4,4,4,2,2,2,2,4,4,4,4,4,4,2,2,4,4,2,2,4,4,4,4,4,4,2,2,2,2,6,6,4,4,4,4,4,2,2,2,2,2,4,4,4,4,4,4,4,4,4,4,2,2,4,4,4,4,4,4,2,2,4,2,2,2,2,4,4,4,6,6,4,4,4,2,2,2,2,6,6,4,4,4,4,4,4,4,4,4,4,2,4,4,4,4,6,6,4,4,4,6,6,6,6,4,4,4,4,2,4,4,4,4,4,4,4,4,4,4,4,4,6,6,4,4,6,6,2,2,2,2,4,4,6,6,6,6,4,4,4,4,4,4,4,4,4,4,4,4,4,4,4,4,4,4,2,2,2,2,4,4,4,4,4,4,2,2,2,2,6,6,4,4,2,2,2,2,4,4,4,4,2,2,2,2,2,2,4,4,4,4,6,6,6,6,2,2,6,6,4,4,4,4,2,2,2,2,4,4,6,6,2,4,4,4,2,2,2,2,2,2,4,4,4,4,4,4,4,4,2,2,2,2,2,4,4,4,4,4,4,4,4,4,4,2,2,2,2,4,4,4,2,4,4,2,2,4,4,4,2,2,2,2,4,4,4,4,4,4,2,2,2,2,2,2,2,2,2,2,2,2,6,6,6,6,2,2,2,2,4,4,2,2,2,2,2,2,2,6,6,4,4,4,4,2,2,2,2,2,2,4,4,4,4,2,4,4,4,4,4,4,2,2,2,4,4,2,2,4,4,4,4,4,4,2,4,4,2,4]",1.0,1.0,1.0,1.0,1.0,0.0,0.0,0.0,0.0126951825876197,1.0,23.066631672198916,0.0005503700222915,1.0,0.0,0.0126951825876197,0.0,0.0,0.0,6.347591293809896e-05,100,0.01,1.0,188300,7056,6.689481457999136,0.0218955000000278,34.6208314580017,0.9999999996895454,3.1045455095579655e-10,1.000013589444292,6.20909101911593e-10,1.000013589444292,1.7681240833345668,2.4918047714690513e-05,1.0594858323997869e-12,1.0598188993071744e-12,1e-12,analysis/fermionic_structure_ablation_hgbs5.csv,3.104503321083029e-10,1.0,1.000013589444292
success,,Li-Li_2.66_hgbs-5_as-006-012,hamiltonian_generator/hgbs5_diatomic_basis_transfer/night/Li-Li/2.66/hgbs-5/Li-Li_2.66_hgbs-5_as-006-012.tensors.npz,Li-Li,2.66,hgbs-5,6,12,18,1027,1883,1442,0.7657992565055762,0,signed_parent_within_randomized,3,891702132,"reference signed-fermionic parent-block order kept fixed and contiguous, but Pauli descendants randomly permuted inside each parent-owned block",1111c714ef3071d3,0471064e4e00697d,"[1,1,1,1,1,1,1,1,1,1,1,1,4,1,1,1,1,1,1,1,1,1,1,1,1,1,1,1,1,1,1,1,1,1,1,1,1,1,1,1,1,1,1,1,1,1,1,1,1,1,1,1,1,1,1,1,1,1,1,1,1,1,1,1,1,1,1,1,1,1,1,1,1,1,1,1,1,1,1,1,1,1,1,1,1,1,1,1,1,1,1,1,1,1,1,1,1,1,1,1,1,1,1,1,1,1,1,1,1,1,1,1,1,1,1,1,1,1,1,1,1,1,1,1,1,1,1,1,1,1,1,1,1,1,1,1,1,1,1,1,1,1,1,1,1,1,1,1,1,1,1,1,4,1,1,1,1,1,1,1,1,4,4,2,1,1,1,1,1,1,1,1,1,1,2,2,1,1,2,2,2,4,4,4,4,6,6,4,2,2,4,4,4,6,6,4,4,4,4,4,4,4,4,6,6,4,4,6,6,4,4,4,4,4,4,4,4,4,6,6,2,4,4,4,4,4,4,4,4,4,4,2,2,6,6,6,6,4,4,4,4,4,4,4,4,4,2,2,4,4,6,6,2,4,4,4,4,4,4,4,4,2,2,2,2,4,4,4,4,4,4,2,2,2,2,6,6,6,6,2,2,2,2,4,4,4,2,2,2,4,4,4,4,4,4,4,4,4,4,4,4,4,4,4,4,4,4,4,4,2,2,2,2,4,4,4,4,4,4,2,2,4,4,2,2,4,4,4,4,4,4,2,2,2,2,6,6,4,4,4,4,4,2,2,2,2,2,4,4,4,4,4,4,4,4,4,4,2,2,4,4,4,4,4,4,2,2,4,2,2,2,2,4,4,4,6,6,4,4,4,2,2,2,2,6,6,4,4,4,4,4,4,4,4,4,4,2,4,4,4,4,6,6,4,4,4,6,6,6,6,4,4,4,4,2,4,4,4,4,4,4,4,4,4,4,4,4,6,6,4,4,6,6,2,2,2,2,4,4,6,6,6,6,4,4,4,4,4,4,4,4,4,4,4,4,4,4,4,4,4,4,2,2,2,2,4,4,4,4,4,4,2,2,2,2,6,6,4,4,2,2,2,2,4,4,4,4,2,2,2,2,2,2,4,4,4,4,6,6,6,6,2,2,6,6,4,4,4,4,2,2,2,2,4,4,6,6,2,4,4,4,2,2,2,2,2,2,4,4,4,4,4,4,4,4,2,2,2,2,2,4,4,4,4,4,4,4,4,4,4,2,2,2,2,4,4,4,2,4,4,2,2,4,4,4,2,2,2,2,4,4,4,4,4,4,2,2,2,2,2,2,2,2,2,2,2,2,6,6,6,6,2,2,2,2,4,4,2,2,2,2,2,2,2,6,6,4,4,4,4,2,2,2,2,2,2,4,4,4,4,2,4,4,4,4,4,4,2,2,2,4,4,2,2,4,4,4,4,4,4,2,4,4,2,4]",1.0,1.0,1.0,1.0,1.0,0.0,0.0,0.0,0.0126951825876197,1.0,23.066631672198916,0.0005503700222915,1.0,0.0,0.0126951825876197,0.0,0.0,0.0,6.347591293809896e-05,100,0.01,1.0,188300,7056,6.689481457999136,0.0218955000000278,34.48520729200027,0.999999999689544,3.1045588322342605e-10,1.0000178808477524,6.209117664468521e-10,1.0000178808477524,1.7681240833345715,2.4918101180604677e-05,1.0623724122638125e-12,1.0627054791711998e-12,1e-12,analysis/fermionic_structure_ablation_hgbs5.csv,3.104503321083029e-10,1.0,1.0000178808477524
success,,Li-Li_2.66_hgbs-5_as-006-012,hamiltonian_generator/hgbs5_diatomic_basis_transfer/night/Li-Li/2.66/hgbs-5/Li-Li_2.66_hgbs-5_as-006-012.tensors.npz,Li-Li,2.66,hgbs-5,6,12,18,1027,1883,1442,0.7657992565055762,0,signed_parent_within_randomized,4,1850171217,"reference signed-fermionic parent-block order kept fixed and contiguous, but Pauli descendants randomly permuted inside each parent-owned block",1111c714ef3071d3,4ab57072fe237f25,"[1,1,1,1,1,1,1,1,1,1,1,1,4,1,1,1,1,1,1,1,1,1,1,1,1,1,1,1,1,1,1,1,1,1,1,1,1,1,1,1,1,1,1,1,1,1,1,1,1,1,1,1,1,1,1,1,1,1,1,1,1,1,1,1,1,1,1,1,1,1,1,1,1,1,1,1,1,1,1,1,1,1,1,1,1,1,1,1,1,1,1,1,1,1,1,1,1,1,1,1,1,1,1,1,1,1,1,1,1,1,1,1,1,1,1,1,1,1,1,1,1,1,1,1,1,1,1,1,1,1,1,1,1,1,1,1,1,1,1,1,1,1,1,1,1,1,1,1,1,1,1,1,4,1,1,1,1,1,1,1,1,4,4,2,1,1,1,1,1,1,1,1,1,1,2,2,1,1,2,2,2,4,4,4,4,6,6,4,2,2,4,4,4,6,6,4,4,4,4,4,4,4,4,6,6,4,4,6,6,4,4,4,4,4,4,4,4,4,6,6,2,4,4,4,4,4,4,4,4,4,4,2,2,6,6,6,6,4,4,4,4,4,4,4,4,4,2,2,4,4,6,6,2,4,4,4,4,4,4,4,4,2,2,2,2,4,4,4,4,4,4,2,2,2,2,6,6,6,6,2,2,2,2,4,4,4,2,2,2,4,4,4,4,4,4,4,4,4,4,4,4,4,4,4,4,4,4,4,4,2,2,2,2,4,4,4,4,4,4,2,2,4,4,2,2,4,4,4,4,4,4,2,2,2,2,6,6,4,4,4,4,4,2,2,2,2,2,4,4,4,4,4,4,4,4,4,4,2,2,4,4,4,4,4,4,2,2,4,2,2,2,2,4,4,4,6,6,4,4,4,2,2,2,2,6,6,4,4,4,4,4,4,4,4,4,4,2,4,4,4,4,6,6,4,4,4,6,6,6,6,4,4,4,4,2,4,4,4,4,4,4,4,4,4,4,4,4,6,6,4,4,6,6,2,2,2,2,4,4,6,6,6,6,4,4,4,4,4,4,4,4,4,4,4,4,4,4,4,4,4,4,2,2,2,2,4,4,4,4,4,4,2,2,2,2,6,6,4,4,2,2,2,2,4,4,4,4,2,2,2,2,2,2,4,4,4,4,6,6,6,6,2,2,6,6,4,4,4,4,2,2,2,2,4,4,6,6,2,4,4,4,2,2,2,2,2,2,4,4,4,4,4,4,4,4,2,2,2,2,2,4,4,4,4,4,4,4,4,4,4,2,2,2,2,4,4,4,2,4,4,2,2,4,4,4,2,2,2,2,4,4,4,4,4,4,2,2,2,2,2,2,2,2,2,2,2,2,6,6,6,6,2,2,2,2,4,4,2,2,2,2,2,2,2,6,6,4,4,4,4,2,2,2,2,2,2,4,4,4,4,2,4,4,4,4,4,4,2,2,2,4,4,2,2,4,4,4,4,4,4,2,4,4,2,4]",1.0,1.0,1.0,1.0,1.0,0.0,0.0,0.0,0.0126951825876197,1.0,23.066631672198916,0.0005503700222915,1.0,0.0,0.0126951825876197,0.0,0.0,0.0,6.347591293809896e-05,100,0.01,1.0,188300,7056,6.689481457999136,0.0218955000000278,34.541758457999094,0.9999999996895672,3.1043290160681636e-10,0.9999438541380572,6.208658032136326e-10,0.9999438541380572,1.768124083334577,2.491717887750603e-05,1.0166312236492558e-12,1.0169642905566434e-12,1e-12,analysis/fermionic_structure_ablation_hgbs5.csv,3.104503321083029e-10,1.0,0.9999438541380575
success,,Li-Li_2.66_hgbs-5_as-006-012,hamiltonian_generator/hgbs5_diatomic_basis_transfer/night/Li-Li/2.66/hgbs-5/Li-Li_2.66_hgbs-5_as-006-012.tensors.npz,Li-Li,2.66,hgbs-5,6,12,18,1027,1883,1442,0.7657992565055762,0,signed_parent_within_randomized,5,3003029306,"reference signed-fermionic parent-block order kept fixed and contiguous, but Pauli descendants randomly permuted inside each parent-owned block",1111c714ef3071d3,d0c84e4f01d7728a,"[1,1,1,1,1,1,1,1,1,1,1,1,4,1,1,1,1,1,1,1,1,1,1,1,1,1,1,1,1,1,1,1,1,1,1,1,1,1,1,1,1,1,1,1,1,1,1,1,1,1,1,1,1,1,1,1,1,1,1,1,1,1,1,1,1,1,1,1,1,1,1,1,1,1,1,1,1,1,1,1,1,1,1,1,1,1,1,1,1,1,1,1,1,1,1,1,1,1,1,1,1,1,1,1,1,1,1,1,1,1,1,1,1,1,1,1,1,1,1,1,1,1,1,1,1,1,1,1,1,1,1,1,1,1,1,1,1,1,1,1,1,1,1,1,1,1,1,1,1,1,1,1,4,1,1,1,1,1,1,1,1,4,4,2,1,1,1,1,1,1,1,1,1,1,2,2,1,1,2,2,2,4,4,4,4,6,6,4,2,2,4,4,4,6,6,4,4,4,4,4,4,4,4,6,6,4,4,6,6,4,4,4,4,4,4,4,4,4,6,6,2,4,4,4,4,4,4,4,4,4,4,2,2,6,6,6,6,4,4,4,4,4,4,4,4,4,2,2,4,4,6,6,2,4,4,4,4,4,4,4,4,2,2,2,2,4,4,4,4,4,4,2,2,2,2,6,6,6,6,2,2,2,2,4,4,4,2,2,2,4,4,4,4,4,4,4,4,4,4,4,4,4,4,4,4,4,4,4,4,2,2,2,2,4,4,4,4,4,4,2,2,4,4,2,2,4,4,4,4,4,4,2,2,2,2,6,6,4,4,4,4,4,2,2,2,2,2,4,4,4,4,4,4,4,4,4,4,2,2,4,4,4,4,4,4,2,2,4,2,2,2,2,4,4,4,6,6,4,4,4,2,2,2,2,6,6,4,4,4,4,4,4,4,4,4,4,2,4,4,4,4,6,6,4,4,4,6,6,6,6,4,4,4,4,2,4,4,4,4,4,4,4,4,4,4,4,4,6,6,4,4,6,6,2,2,2,2,4,4,6,6,6,6,4,4,4,4,4,4,4,4,4,4,4,4,4,4,4,4,4,4,2,2,2,2,4,4,4,4,4,4,2,2,2,2,6,6,4,4,2,2,2,2,4,4,4,4,2,2,2,2,2,2,4,4,4,4,6,6,6,6,2,2,6,6,4,4,4,4,2,2,2,2,4,4,6,6,2,4,4,4,2,2,2,2,2,2,4,4,4,4,4,4,4,4,2,2,2,2,2,4,4,4,4,4,4,4,4,4,4,2,2,2,2,4,4,4,2,4,4,2,2,4,4,4,2,2,2,2,4,4,4,4,4,4,2,2,2,2,2,2,2,2,2,2,2,2,6,6,6,6,2,2,2,2,4,4,2,2,2,2,2,2,2,6,6,4,4,4,4,2,2,2,2,2,2,4,4,4,4,2,4,4,4,4,4,4,2,2,2,4,4,2,2,4,4,4,4,4,4,2,4,4,2,4]",1.0,1.0,1.0,1.0,1.0,0.0,0.0,0.0,0.0126951825876197,1.0,23.066631672198916,0.0005503700222915,1.0,0.0,0.0126951825876197,0.0,0.0,0.0,6.347591293809896e-05,100,0.01,1.0,188300,7056,6.689481457999136,0.0218955000000278,33.55270612499953,0.9999999996895566,3.104434487255503e-10,0.999977827748787,6.208868974511006e-10,0.999977827748787,1.768124083334573,2.491760216094439e-05,1.0377254611171338e-12,1.0380585280245214e-12,1e-12,analysis/fermionic_structure_ablation_hgbs5.csv,3.104503321083029e-10,1.0,0.9999778277487872
success,,Li-Li_2.66_hgbs-5_as-006-012,hamiltonian_generator/hgbs5_diatomic_basis_transfer/night/Li-Li/2.66/hgbs-5/Li-Li_2.66_hgbs-5_as-006-012.tensors.npz,Li-Li,2.66,hgbs-5,6,12,18,1027,1883,1442,0.7657992565055762,0,signed_parent_within_randomized,6,261912782,"reference signed-fermionic parent-block order kept fixed and contiguous, but Pauli descendants randomly permuted inside each parent-owned block",1111c714ef3071d3,a742bb7b2d91bdde,"[1,1,1,1,1,1,1,1,1,1,1,1,4,1,1,1,1,1,1,1,1,1,1,1,1,1,1,1,1,1,1,1,1,1,1,1,1,1,1,1,1,1,1,1,1,1,1,1,1,1,1,1,1,1,1,1,1,1,1,1,1,1,1,1,1,1,1,1,1,1,1,1,1,1,1,1,1,1,1,1,1,1,1,1,1,1,1,1,1,1,1,1,1,1,1,1,1,1,1,1,1,1,1,1,1,1,1,1,1,1,1,1,1,1,1,1,1,1,1,1,1,1,1,1,1,1,1,1,1,1,1,1,1,1,1,1,1,1,1,1,1,1,1,1,1,1,1,1,1,1,1,1,4,1,1,1,1,1,1,1,1,4,4,2,1,1,1,1,1,1,1,1,1,1,2,2,1,1,2,2,2,4,4,4,4,6,6,4,2,2,4,4,4,6,6,4,4,4,4,4,4,4,4,6,6,4,4,6,6,4,4,4,4,4,4,4,4,4,6,6,2,4,4,4,4,4,4,4,4,4,4,2,2,6,6,6,6,4,4,4,4,4,4,4,4,4,2,2,4,4,6,6,2,4,4,4,4,4,4,4,4,2,2,2,2,4,4,4,4,4,4,2,2,2,2,6,6,6,6,2,2,2,2,4,4,4,2,2,2,4,4,4,4,4,4,4,4,4,4,4,4,4,4,4,4,4,4,4,4,2,2,2,2,4,4,4,4,4,4,2,2,4,4,2,2,4,4,4,4,4,4,2,2,2,2,6,6,4,4,4,4,4,2,2,2,2,2,4,4,4,4,4,4,4,4,4,4,2,2,4,4,4,4,4,4,2,2,4,2,2,2,2,4,4,4,6,6,4,4,4,2,2,2,2,6,6,4,4,4,4,4,4,4,4,4,4,2,4,4,4,4,6,6,4,4,4,6,6,6,6,4,4,4,4,2,4,4,4,4,4,4,4,4,4,4,4,4,6,6,4,4,6,6,2,2,2,2,4,4,6,6,6,6,4,4,4,4,4,4,4,4,4,4,4,4,4,4,4,4,4,4,2,2,2,2,4,4,4,4,4,4,2,2,2,2,6,6,4,4,2,2,2,2,4,4,4,4,2,2,2,2,2,2,4,4,4,4,6,6,6,6,2,2,6,6,4,4,4,4,2,2,2,2,4,4,6,6,2,4,4,4,2,2,2,2,2,2,4,4,4,4,4,4,4,4,2,2,2,2,2,4,4,4,4,4,4,4,4,4,4,2,2,2,2,4,4,4,2,4,4,2,2,4,4,4,2,2,2,2,4,4,4,4,4,4,2,2,2,2,2,2,2,2,2,2,2,2,6,6,6,6,2,2,2,2,4,4,2,2,2,2,2,2,2,6,6,4,4,4,4,2,2,2,2,2,2,4,4,4,4,2,4,4,4,4,4,4,2,2,2,4,4,2,2,4,4,4,4,4,4,2,4,4,2,4]",1.0,1.0,1.0,1.0,1.0,0.0,0.0,0.0,0.0126951825876197,1.0,23.066631672198916,0.0005503700222915,1.0,0.0,0.0126951825876197,0.0,0.0,0.0,6.347591293809896e-05,100,0.01,1.0,188300,7056,6.689481457999136,0.0218955000000278,33.76052933400024,0.99999999968955,3.1045011006369805e-10,0.99999928476609,6.20900220127396e-10,0.99999928476609,1.7681240833345704,2.491786949414809e-05,1.0510481374126357e-12,1.0513812043200232e-12,1e-12,analysis/fermionic_structure_ablation_hgbs5.csv,3.104503321083029e-10,1.0,0.9999992847660901
success,,Li-Li_2.66_hgbs-5_as-006-012,hamiltonian_generator/hgbs5_diatomic_basis_transfer/night/Li-Li/2.66/hgbs-5/Li-Li_2.66_hgbs-5_as-006-012.tensors.npz,Li-Li,2.66,hgbs-5,6,12,18,1027,1883,1442,0.7657992565055762,0,signed_parent_within_randomized,7,3341273747,"reference signed-fermionic parent-block order kept fixed and contiguous, but Pauli descendants randomly permuted inside each parent-owned block",1111c714ef3071d3,88774b9d1fbeee15,"[1,1,1,1,1,1,1,1,1,1,1,1,4,1,1,1,1,1,1,1,1,1,1,1,1,1,1,1,1,1,1,1,1,1,1,1,1,1,1,1,1,1,1,1,1,1,1,1,1,1,1,1,1,1,1,1,1,1,1,1,1,1,1,1,1,1,1,1,1,1,1,1,1,1,1,1,1,1,1,1,1,1,1,1,1,1,1,1,1,1,1,1,1,1,1,1,1,1,1,1,1,1,1,1,1,1,1,1,1,1,1,1,1,1,1,1,1,1,1,1,1,1,1,1,1,1,1,1,1,1,1,1,1,1,1,1,1,1,1,1,1,1,1,1,1,1,1,1,1,1,1,1,4,1,1,1,1,1,1,1,1,4,4,2,1,1,1,1,1,1,1,1,1,1,2,2,1,1,2,2,2,4,4,4,4,6,6,4,2,2,4,4,4,6,6,4,4,4,4,4,4,4,4,6,6,4,4,6,6,4,4,4,4,4,4,4,4,4,6,6,2,4,4,4,4,4,4,4,4,4,4,2,2,6,6,6,6,4,4,4,4,4,4,4,4,4,2,2,4,4,6,6,2,4,4,4,4,4,4,4,4,2,2,2,2,4,4,4,4,4,4,2,2,2,2,6,6,6,6,2,2,2,2,4,4,4,2,2,2,4,4,4,4,4,4,4,4,4,4,4,4,4,4,4,4,4,4,4,4,2,2,2,2,4,4,4,4,4,4,2,2,4,4,2,2,4,4,4,4,4,4,2,2,2,2,6,6,4,4,4,4,4,2,2,2,2,2,4,4,4,4,4,4,4,4,4,4,2,2,4,4,4,4,4,4,2,2,4,2,2,2,2,4,4,4,6,6,4,4,4,2,2,2,2,6,6,4,4,4,4,4,4,4,4,4,4,2,4,4,4,4,6,6,4,4,4,6,6,6,6,4,4,4,4,2,4,4,4,4,4,4,4,4,4,4,4,4,6,6,4,4,6,6,2,2,2,2,4,4,6,6,6,6,4,4,4,4,4,4,4,4,4,4,4,4,4,4,4,4,4,4,2,2,2,2,4,4,4,4,4,4,2,2,2,2,6,6,4,4,2,2,2,2,4,4,4,4,2,2,2,2,2,2,4,4,4,4,6,6,6,6,2,2,6,6,4,4,4,4,2,2,2,2,4,4,6,6,2,4,4,4,2,2,2,2,2,2,4,4,4,4,4,4,4,4,2,2,2,2,2,4,4,4,4,4,4,4,4,4,4,2,2,2,2,4,4,4,2,4,4,2,2,4,4,4,2,2,2,2,4,4,4,4,4,4,2,2,2,2,2,2,2,2,2,2,2,2,6,6,6,6,2,2,2,2,4,4,2,2,2,2,2,2,2,6,6,4,4,4,4,2,2,2,2,2,2,4,4,4,4,2,4,4,4,4,4,4,2,2,2,4,4,2,2,4,4,4,4,4,4,2,4,4,2,4]",1.0,1.0,1.0,1.0,1.0,0.0,0.0,0.0,0.0126951825876197,1.0,23.066631672198916,0.0005503700222915,1.0,0.0,0.0126951825876197,0.0,0.0,0.0,6.347591293809896e-05,100,0.01,1.0,188300,7056,6.689481457999136,0.0218955000000278,34.51751120799963,0.9999999996895484,3.1045155335363006e-10,1.0000039337865054,6.2090310670726e-10,1.0000039337865054,1.7681240833345695,2.4917927415964197e-05,1.0539347172766613e-12,1.0542677841840489e-12,1e-12,analysis/fermionic_structure_ablation_hgbs5.csv,3.104503321083029e-10,1.0,1.0000039337865056
success,,Li-Li_2.66_hgbs-5_as-006-012,hamiltonian_generator/hgbs5_diatomic_basis_transfer/night/Li-Li/2.66/hgbs-5/Li-Li_2.66_hgbs-5_as-006-012.tensors.npz,Li-Li,2.66,hgbs-5,6,12,18,1027,1883,1442,0.7657992565055762,0,signed_parent_within_randomized,8,4237630123,"reference signed-fermionic parent-block order kept fixed and contiguous, but Pauli descendants randomly permuted inside each parent-owned block",1111c714ef3071d3,1773c4d83d9b6f37,"[1,1,1,1,1,1,1,1,1,1,1,1,4,1,1,1,1,1,1,1,1,1,1,1,1,1,1,1,1,1,1,1,1,1,1,1,1,1,1,1,1,1,1,1,1,1,1,1,1,1,1,1,1,1,1,1,1,1,1,1,1,1,1,1,1,1,1,1,1,1,1,1,1,1,1,1,1,1,1,1,1,1,1,1,1,1,1,1,1,1,1,1,1,1,1,1,1,1,1,1,1,1,1,1,1,1,1,1,1,1,1,1,1,1,1,1,1,1,1,1,1,1,1,1,1,1,1,1,1,1,1,1,1,1,1,1,1,1,1,1,1,1,1,1,1,1,1,1,1,1,1,1,4,1,1,1,1,1,1,1,1,4,4,2,1,1,1,1,1,1,1,1,1,1,2,2,1,1,2,2,2,4,4,4,4,6,6,4,2,2,4,4,4,6,6,4,4,4,4,4,4,4,4,6,6,4,4,6,6,4,4,4,4,4,4,4,4,4,6,6,2,4,4,4,4,4,4,4,4,4,4,2,2,6,6,6,6,4,4,4,4,4,4,4,4,4,2,2,4,4,6,6,2,4,4,4,4,4,4,4,4,2,2,2,2,4,4,4,4,4,4,2,2,2,2,6,6,6,6,2,2,2,2,4,4,4,2,2,2,4,4,4,4,4,4,4,4,4,4,4,4,4,4,4,4,4,4,4,4,2,2,2,2,4,4,4,4,4,4,2,2,4,4,2,2,4,4,4,4,4,4,2,2,2,2,6,6,4,4,4,4,4,2,2,2,2,2,4,4,4,4,4,4,4,4,4,4,2,2,4,4,4,4,4,4,2,2,4,2,2,2,2,4,4,4,6,6,4,4,4,2,2,2,2,6,6,4,4,4,4,4,4,4,4,4,4,2,4,4,4,4,6,6,4,4,4,6,6,6,6,4,4,4,4,2,4,4,4,4,4,4,4,4,4,4,4,4,6,6,4,4,6,6,2,2,2,2,4,4,6,6,6,6,4,4,4,4,4,4,4,4,4,4,4,4,4,4,4,4,4,4,2,2,2,2,4,4,4,4,4,4,2,2,2,2,6,6,4,4,2,2,2,2,4,4,4,4,2,2,2,2,2,2,4,4,4,4,6,6,6,6,2,2,6,6,4,4,4,4,2,2,2,2,4,4,6,6,2,4,4,4,2,2,2,2,2,2,4,4,4,4,4,4,4,4,2,2,2,2,2,4,4,4,4,4,4,4,4,4,4,2,2,2,2,4,4,4,2,4,4,2,2,4,4,4,2,2,2,2,4,4,4,4,4,4,2,2,2,2,2,2,2,2,2,2,2,2,6,6,6,6,2,2,2,2,4,4,2,2,2,2,2,2,2,6,6,4,4,4,4,2,2,2,2,2,2,4,4,4,4,2,4,4,4,4,4,4,2,2,2,4,4,2,2,4,4,4,4,4,4,2,4,4,2,4]",1.0,1.0,1.0,1.0,1.0,0.0,0.0,0.0,0.0126951825876197,1.0,23.066631672198916,0.0005503700222915,1.0,0.0,0.0126951825876197,0.0,0.0,0.0,6.347591293809896e-05,100,0.01,1.0,188300,7056,6.689481457999136,0.0218955000000278,33.917879291000645,0.9999999996895412,3.1045876980329007e-10,1.0000271788885835,6.209175396065801e-10,1.0000271788885835,1.7681240833345695,2.491821702302515e-05,1.0681455719918633e-12,1.0684786388992509e-12,1e-12,analysis/fermionic_structure_ablation_hgbs5.csv,3.104503321083029e-10,1.0,1.0000271788885837
success,,Li-Li_2.66_hgbs-5_as-006-012,hamiltonian_generator/hgbs5_diatomic_basis_transfer/night/Li-Li/2.66/hgbs-5/Li-Li_2.66_hgbs-5_as-006-012.tensors.npz,Li-Li,2.66,hgbs-5,6,12,18,1027,1883,1442,0.7657992565055762,0,signed_parent_within_randomized,9,2206919420,"reference signed-fermionic parent-block order kept fixed and contiguous, but Pauli descendants randomly permuted inside each parent-owned block",1111c714ef3071d3,529c9c592202b915,"[1,1,1,1,1,1,1,1,1,1,1,1,4,1,1,1,1,1,1,1,1,1,1,1,1,1,1,1,1,1,1,1,1,1,1,1,1,1,1,1,1,1,1,1,1,1,1,1,1,1,1,1,1,1,1,1,1,1,1,1,1,1,1,1,1,1,1,1,1,1,1,1,1,1,1,1,1,1,1,1,1,1,1,1,1,1,1,1,1,1,1,1,1,1,1,1,1,1,1,1,1,1,1,1,1,1,1,1,1,1,1,1,1,1,1,1,1,1,1,1,1,1,1,1,1,1,1,1,1,1,1,1,1,1,1,1,1,1,1,1,1,1,1,1,1,1,1,1,1,1,1,1,4,1,1,1,1,1,1,1,1,4,4,2,1,1,1,1,1,1,1,1,1,1,2,2,1,1,2,2,2,4,4,4,4,6,6,4,2,2,4,4,4,6,6,4,4,4,4,4,4,4,4,6,6,4,4,6,6,4,4,4,4,4,4,4,4,4,6,6,2,4,4,4,4,4,4,4,4,4,4,2,2,6,6,6,6,4,4,4,4,4,4,4,4,4,2,2,4,4,6,6,2,4,4,4,4,4,4,4,4,2,2,2,2,4,4,4,4,4,4,2,2,2,2,6,6,6,6,2,2,2,2,4,4,4,2,2,2,4,4,4,4,4,4,4,4,4,4,4,4,4,4,4,4,4,4,4,4,2,2,2,2,4,4,4,4,4,4,2,2,4,4,2,2,4,4,4,4,4,4,2,2,2,2,6,6,4,4,4,4,4,2,2,2,2,2,4,4,4,4,4,4,4,4,4,4,2,2,4,4,4,4,4,4,2,2,4,2,2,2,2,4,4,4,6,6,4,4,4,2,2,2,2,6,6,4,4,4,4,4,4,4,4,4,4,2,4,4,4,4,6,6,4,4,4,6,6,6,6,4,4,4,4,2,4,4,4,4,4,4,4,4,4,4,4,4,6,6,4,4,6,6,2,2,2,2,4,4,6,6,6,6,4,4,4,4,4,4,4,4,4,4,4,4,4,4,4,4,4,4,2,2,2,2,4,4,4,4,4,4,2,2,2,2,6,6,4,4,2,2,2,2,4,4,4,4,2,2,2,2,2,2,4,4,4,4,6,6,6,6,2,2,6,6,4,4,4,4,2,2,2,2,4,4,6,6,2,4,4,4,2,2,2,2,2,2,4,4,4,4,4,4,4,4,2,2,2,2,2,4,4,4,4,4,4,4,4,4,4,2,2,2,2,4,4,4,2,4,4,2,2,4,4,4,2,2,2,2,4,4,4,4,4,4,2,2,2,2,2,2,2,2,2,2,2,2,6,6,6,6,2,2,2,2,4,4,2,2,2,2,2,2,2,6,6,4,4,4,4,2,2,2,2,2,2,4,4,4,4,2,4,4,4,4,4,4,2,2,2,4,4,2,2,4,4,4,4,4,4,2,4,4,2,4]",1.0,1.0,1.0,1.0,1.0,0.0,0.0,0.0,0.0126951825876197,1.0,23.066631672198916,0.0005503700222915,1.0,0.0,0.0126951825876197,0.0,0.0,0.0,6.347591293809896e-05,100,0.01,1.0,188300,7056,6.689481457999136,0.0218955000000278,33.48935483300011,0.9999999996895488,3.1045122028672267e-10,1.0000028609356404,6.209024405734452e-10,1.0000028609356404,1.7681240833345693,2.49179140494032e-05,1.052824494252036e-12,1.0531575611594237e-12,1e-12,analysis/fermionic_structure_ablation_hgbs5.csv,3.104503321083029e-10,1.0,1.0000028609356406
success,,Li-Li_2.66_hgbs-5_as-006-012,hamiltonian_generator/hgbs5_diatomic_basis_transfer/night/Li-Li/2.66/hgbs-5/Li-Li_2.66_hgbs-5_as-006-012.tensors.npz,Li-Li,2.66,hgbs-5,6,12,18,1027,1883,1442,0.7657992565055762,0,signed_parent_within_randomized,10,187503856,"reference signed-fermionic parent-block order kept fixed and contiguous, but Pauli descendants randomly permuted inside each parent-owned block",1111c714ef3071d3,96b314de33a3ea61,"[1,1,1,1,1,1,1,1,1,1,1,1,4,1,1,1,1,1,1,1,1,1,1,1,1,1,1,1,1,1,1,1,1,1,1,1,1,1,1,1,1,1,1,1,1,1,1,1,1,1,1,1,1,1,1,1,1,1,1,1,1,1,1,1,1,1,1,1,1,1,1,1,1,1,1,1,1,1,1,1,1,1,1,1,1,1,1,1,1,1,1,1,1,1,1,1,1,1,1,1,1,1,1,1,1,1,1,1,1,1,1,1,1,1,1,1,1,1,1,1,1,1,1,1,1,1,1,1,1,1,1,1,1,1,1,1,1,1,1,1,1,1,1,1,1,1,1,1,1,1,1,1,4,1,1,1,1,1,1,1,1,4,4,2,1,1,1,1,1,1,1,1,1,1,2,2,1,1,2,2,2,4,4,4,4,6,6,4,2,2,4,4,4,6,6,4,4,4,4,4,4,4,4,6,6,4,4,6,6,4,4,4,4,4,4,4,4,4,6,6,2,4,4,4,4,4,4,4,4,4,4,2,2,6,6,6,6,4,4,4,4,4,4,4,4,4,2,2,4,4,6,6,2,4,4,4,4,4,4,4,4,2,2,2,2,4,4,4,4,4,4,2,2,2,2,6,6,6,6,2,2,2,2,4,4,4,2,2,2,4,4,4,4,4,4,4,4,4,4,4,4,4,4,4,4,4,4,4,4,2,2,2,2,4,4,4,4,4,4,2,2,4,4,2,2,4,4,4,4,4,4,2,2,2,2,6,6,4,4,4,4,4,2,2,2,2,2,4,4,4,4,4,4,4,4,4,4,2,2,4,4,4,4,4,4,2,2,4,2,2,2,2,4,4,4,6,6,4,4,4,2,2,2,2,6,6,4,4,4,4,4,4,4,4,4,4,2,4,4,4,4,6,6,4,4,4,6,6,6,6,4,4,4,4,2,4,4,4,4,4,4,4,4,4,4,4,4,6,6,4,4,6,6,2,2,2,2,4,4,6,6,6,6,4,4,4,4,4,4,4,4,4,4,4,4,4,4,4,4,4,4,2,2,2,2,4,4,4,4,4,4,2,2,2,2,6,6,4,4,2,2,2,2,4,4,4,4,2,2,2,2,2,2,4,4,4,4,6,6,6,6,2,2,6,6,4,4,4,4,2,2,2,2,4,4,6,6,2,4,4,4,2,2,2,2,2,2,4,4,4,4,4,4,4,4,2,2,2,2,2,4,4,4,4,4,4,4,4,4,4,2,2,2,2,4,4,4,2,4,4,2,2,4,4,4,2,2,2,2,4,4,4,4,4,4,2,2,2,2,2,2,2,2,2,2,2,2,6,6,6,6,2,2,2,2,4,4,2,2,2,2,2,2,2,6,6,4,4,4,4,2,2,2,2,2,2,4,4,4,4,2,4,4,4,4,4,4,2,2,2,4,4,2,2,4,4,4,4,4,4,2,4,4,2,4]",1.0,1.0,1.0,1.0,1.0,0.0,0.0,0.0,0.0126951825876197,1.0,23.066631672198916,0.0005503700222915,1.0,0.0,0.0126951825876197,0.0,0.0,0.0,6.347591293809896e-05,100,0.01,1.0,188300,7056,6.689481457999136,0.0218955000000278,34.10104399999909,0.9999999996895425,3.1045754855796304e-10,1.000023245102078,6.209150971159261e-10,1.000023245102078,1.7681240833345646,2.4918168012836056e-05,1.0659251259426128e-12,1.0662581928500005e-12,1e-12,analysis/fermionic_structure_ablation_hgbs5.csv,3.104503321083029e-10,1.0,1.0000232451020783
success,,Li-Li_2.66_hgbs-5_as-006-012,hamiltonian_generator/hgbs5_diatomic_basis_transfer/night/Li-Li/2.66/hgbs-5/Li-Li_2.66_hgbs-5_as-006-012.tensors.npz,Li-Li,2.66,hgbs-5,6,12,18,1027,1883,1442,0.7657992565055762,0,signed_parent_within_randomized,11,723539373,"reference signed-fermionic parent-block order kept fixed and contiguous, but Pauli descendants randomly permuted inside each parent-owned block",1111c714ef3071d3,dbc755ffae014694,"[1,1,1,1,1,1,1,1,1,1,1,1,4,1,1,1,1,1,1,1,1,1,1,1,1,1,1,1,1,1,1,1,1,1,1,1,1,1,1,1,1,1,1,1,1,1,1,1,1,1,1,1,1,1,1,1,1,1,1,1,1,1,1,1,1,1,1,1,1,1,1,1,1,1,1,1,1,1,1,1,1,1,1,1,1,1,1,1,1,1,1,1,1,1,1,1,1,1,1,1,1,1,1,1,1,1,1,1,1,1,1,1,1,1,1,1,1,1,1,1,1,1,1,1,1,1,1,1,1,1,1,1,1,1,1,1,1,1,1,1,1,1,1,1,1,1,1,1,1,1,1,1,4,1,1,1,1,1,1,1,1,4,4,2,1,1,1,1,1,1,1,1,1,1,2,2,1,1,2,2,2,4,4,4,4,6,6,4,2,2,4,4,4,6,6,4,4,4,4,4,4,4,4,6,6,4,4,6,6,4,4,4,4,4,4,4,4,4,6,6,2,4,4,4,4,4,4,4,4,4,4,2,2,6,6,6,6,4,4,4,4,4,4,4,4,4,2,2,4,4,6,6,2,4,4,4,4,4,4,4,4,2,2,2,2,4,4,4,4,4,4,2,2,2,2,6,6,6,6,2,2,2,2,4,4,4,2,2,2,4,4,4,4,4,4,4,4,4,4,4,4,4,4,4,4,4,4,4,4,2,2,2,2,4,4,4,4,4,4,2,2,4,4,2,2,4,4,4,4,4,4,2,2,2,2,6,6,4,4,4,4,4,2,2,2,2,2,4,4,4,4,4,4,4,4,4,4,2,2,4,4,4,4,4,4,2,2,4,2,2,2,2,4,4,4,6,6,4,4,4,2,2,2,2,6,6,4,4,4,4,4,4,4,4,4,4,2,4,4,4,4,6,6,4,4,4,6,6,6,6,4,4,4,4,2,4,4,4,4,4,4,4,4,4,4,4,4,6,6,4,4,6,6,2,2,2,2,4,4,6,6,6,6,4,4,4,4,4,4,4,4,4,4,4,4,4,4,4,4,4,4,2,2,2,2,4,4,4,4,4,4,2,2,2,2,6,6,4,4,2,2,2,2,4,4,4,4,2,2,2,2,2,2,4,4,4,4,6,6,6,6,2,2,6,6,4,4,4,4,2,2,2,2,4,4,6,6,2,4,4,4,2,2,2,2,2,2,4,4,4,4,4,4,4,4,2,2,2,2,2,4,4,4,4,4,4,4,4,4,4,2,2,2,2,4,4,4,2,4,4,2,2,4,4,4,2,2,2,2,4,4,4,4,4,4,2,2,2,2,2,2,2,2,2,2,2,2,6,6,6,6,2,2,2,2,4,4,2,2,2,2,2,2,2,6,6,4,4,4,4,2,2,2,2,2,2,4,4,4,4,2,4,4,4,4,4,4,2,2,2,4,4,2,2,4,4,4,4,4,4,2,4,4,2,4]",1.0,1.0,1.0,1.0,1.0,0.0,0.0,0.0,0.0126951825876197,1.0,23.066631672198916,0.0005503700222915,1.0,0.0,0.0126951825876197,0.0,0.0,0.0,6.347591293809896e-05,100,0.01,1.0,188300,7056,6.689481457999136,0.0218955000000278,34.442218874999526,0.9999999996895472,3.1045288562125956e-10,1.000008225189966,6.209057712425191e-10,1.000008225189966,1.7681240833345682,2.491798088213648e-05,1.0563772079308364e-12,1.056710274838224e-12,1e-12,analysis/fermionic_structure_ablation_hgbs5.csv,3.104503321083029e-10,1.0,1.000008225189966
success,,Li-Li_2.66_hgbs-5_as-006-012,hamiltonian_generator/hgbs5_diatomic_basis_transfer/night/Li-Li/2.66/hgbs-5/Li-Li_2.66_hgbs-5_as-006-012.tensors.npz,Li-Li,2.66,hgbs-5,6,12,18,1027,1883,1442,0.7657992565055762,0,signed_parent_within_randomized,12,2110023825,"reference signed-fermionic parent-block order kept fixed and contiguous, but Pauli descendants randomly permuted inside each parent-owned block",1111c714ef3071d3,ae66d73eeac0864b,"[1,1,1,1,1,1,1,1,1,1,1,1,4,1,1,1,1,1,1,1,1,1,1,1,1,1,1,1,1,1,1,1,1,1,1,1,1,1,1,1,1,1,1,1,1,1,1,1,1,1,1,1,1,1,1,1,1,1,1,1,1,1,1,1,1,1,1,1,1,1,1,1,1,1,1,1,1,1,1,1,1,1,1,1,1,1,1,1,1,1,1,1,1,1,1,1,1,1,1,1,1,1,1,1,1,1,1,1,1,1,1,1,1,1,1,1,1,1,1,1,1,1,1,1,1,1,1,1,1,1,1,1,1,1,1,1,1,1,1,1,1,1,1,1,1,1,1,1,1,1,1,1,4,1,1,1,1,1,1,1,1,4,4,2,1,1,1,1,1,1,1,1,1,1,2,2,1,1,2,2,2,4,4,4,4,6,6,4,2,2,4,4,4,6,6,4,4,4,4,4,4,4,4,6,6,4,4,6,6,4,4,4,4,4,4,4,4,4,6,6,2,4,4,4,4,4,4,4,4,4,4,2,2,6,6,6,6,4,4,4,4,4,4,4,4,4,2,2,4,4,6,6,2,4,4,4,4,4,4,4,4,2,2,2,2,4,4,4,4,4,4,2,2,2,2,6,6,6,6,2,2,2,2,4,4,4,2,2,2,4,4,4,4,4,4,4,4,4,4,4,4,4,4,4,4,4,4,4,4,2,2,2,2,4,4,4,4,4,4,2,2,4,4,2,2,4,4,4,4,4,4,2,2,2,2,6,6,4,4,4,4,4,2,2,2,2,2,4,4,4,4,4,4,4,4,4,4,2,2,4,4,4,4,4,4,2,2,4,2,2,2,2,4,4,4,6,6,4,4,4,2,2,2,2,6,6,4,4,4,4,4,4,4,4,4,4,2,4,4,4,4,6,6,4,4,4,6,6,6,6,4,4,4,4,2,4,4,4,4,4,4,4,4,4,4,4,4,6,6,4,4,6,6,2,2,2,2,4,4,6,6,6,6,4,4,4,4,4,4,4,4,4,4,4,4,4,4,4,4,4,4,2,2,2,2,4,4,4,4,4,4,2,2,2,2,6,6,4,4,2,2,2,2,4,4,4,4,2,2,2,2,2,2,4,4,4,4,6,6,6,6,2,2,6,6,4,4,4,4,2,2,2,2,4,4,6,6,2,4,4,4,2,2,2,2,2,2,4,4,4,4,4,4,4,4,2,2,2,2,2,4,4,4,4,4,4,4,4,4,4,2,2,2,2,4,4,4,2,4,4,2,2,4,4,4,2,2,2,2,4,4,4,4,4,4,2,2,2,2,2,2,2,2,2,2,2,2,6,6,6,6,2,2,2,2,4,4,2,2,2,2,2,2,2,6,6,4,4,4,4,2,2,2,2,2,2,4,4,4,4,2,4,4,4,4,4,4,2,2,2,4,4,2,2,4,4,4,4,4,4,2,4,4,2,4]",1.0,1.0,1.0,1.0,1.0,0.0,0.0,0.0,0.0126951825876197,1.0,23.066631672198916,0.0005503700222915,1.0,0.0,0.0126951825876197,0.0,0.0,0.0,6.347591293809896e-05,100,0.01,1.0,188300,7056,6.689481457999136,0.0218955000000278,34.444522249999864,0.9999999996895494,3.1045055415290785e-10,1.00000071523391,6.209011083058157e-10,1.00000071523391,1.7681240833345668,2.4917887316259695e-05,1.0519363158323358e-12,1.0522693827397234e-12,1e-12,analysis/fermionic_structure_ablation_hgbs5.csv,3.104503321083029e-10,1.0,1.00000071523391
success,,Li-Li_2.66_hgbs-5_as-006-012,hamiltonian_generator/hgbs5_diatomic_basis_transfer/night/Li-Li/2.66/hgbs-5/Li-Li_2.66_hgbs-5_as-006-012.tensors.npz,Li-Li,2.66,hgbs-5,6,12,18,1027,1883,1442,0.7657992565055762,0,signed_parent_within_randomized,13,2252953779,"reference signed-fermionic parent-block order kept fixed and contiguous, but Pauli descendants randomly permuted inside each parent-owned block",1111c714ef3071d3,6fc17c73d4eee19b,"[1,1,1,1,1,1,1,1,1,1,1,1,4,1,1,1,1,1,1,1,1,1,1,1,1,1,1,1,1,1,1,1,1,1,1,1,1,1,1,1,1,1,1,1,1,1,1,1,1,1,1,1,1,1,1,1,1,1,1,1,1,1,1,1,1,1,1,1,1,1,1,1,1,1,1,1,1,1,1,1,1,1,1,1,1,1,1,1,1,1,1,1,1,1,1,1,1,1,1,1,1,1,1,1,1,1,1,1,1,1,1,1,1,1,1,1,1,1,1,1,1,1,1,1,1,1,1,1,1,1,1,1,1,1,1,1,1,1,1,1,1,1,1,1,1,1,1,1,1,1,1,1,4,1,1,1,1,1,1,1,1,4,4,2,1,1,1,1,1,1,1,1,1,1,2,2,1,1,2,2,2,4,4,4,4,6,6,4,2,2,4,4,4,6,6,4,4,4,4,4,4,4,4,6,6,4,4,6,6,4,4,4,4,4,4,4,4,4,6,6,2,4,4,4,4,4,4,4,4,4,4,2,2,6,6,6,6,4,4,4,4,4,4,4,4,4,2,2,4,4,6,6,2,4,4,4,4,4,4,4,4,2,2,2,2,4,4,4,4,4,4,2,2,2,2,6,6,6,6,2,2,2,2,4,4,4,2,2,2,4,4,4,4,4,4,4,4,4,4,4,4,4,4,4,4,4,4,4,4,2,2,2,2,4,4,4,4,4,4,2,2,4,4,2,2,4,4,4,4,4,4,2,2,2,2,6,6,4,4,4,4,4,2,2,2,2,2,4,4,4,4,4,4,4,4,4,4,2,2,4,4,4,4,4,4,2,2,4,2,2,2,2,4,4,4,6,6,4,4,4,2,2,2,2,6,6,4,4,4,4,4,4,4,4,4,4,2,4,4,4,4,6,6,4,4,4,6,6,6,6,4,4,4,4,2,4,4,4,4,4,4,4,4,4,4,4,4,6,6,4,4,6,6,2,2,2,2,4,4,6,6,6,6,4,4,4,4,4,4,4,4,4,4,4,4,4,4,4,4,4,4,2,2,2,2,4,4,4,4,4,4,2,2,2,2,6,6,4,4,2,2,2,2,4,4,4,4,2,2,2,2,2,2,4,4,4,4,6,6,6,6,2,2,6,6,4,4,4,4,2,2,2,2,4,4,6,6,2,4,4,4,2,2,2,2,2,2,4,4,4,4,4,4,4,4,2,2,2,2,2,4,4,4,4,4,4,4,4,4,4,2,2,2,2,4,4,4,2,4,4,2,2,4,4,4,2,2,2,2,4,4,4,4,4,4,2,2,2,2,2,2,2,2,2,2,2,2,6,6,6,6,2,2,2,2,4,4,2,2,2,2,2,2,2,6,6,4,4,4,4,2,2,2,2,2,2,4,4,4,4,2,4,4,4,4,4,4,2,2,2,4,4,2,2,4,4,4,4,4,4,2,4,4,2,4]",1.0,1.0,1.0,1.0,1.0,0.0,0.0,0.0,0.0126951825876197,1.0,23.066631672198916,0.0005503700222915,1.0,0.0,0.0126951825876197,0.0,0.0,0.0,6.347591293809896e-05,100,0.01,1.0,188300,7056,6.689481457999136,0.0218955000000278,34.43291325000064,0.999999999689548,3.104521084651423e-10,1.0000057218712808,6.209042169302846e-10,1.0000057218712808,1.7681240833345653,2.4917949693549925e-05,1.0548228956963612e-12,1.0551559626037488e-12,1e-12,analysis/fermionic_structure_ablation_hgbs5.csv,3.104503321083029e-10,1.0,1.0000057218712808
success,,Li-Li_2.66_hgbs-5_as-006-012,hamiltonian_generator/hgbs5_diatomic_basis_transfer/night/Li-Li/2.66/hgbs-5/Li-Li_2.66_hgbs-5_as-006-012.tensors.npz,Li-Li,2.66,hgbs-5,6,12,18,1027,1883,1442,0.7657992565055762,0,signed_parent_within_randomized,14,769058662,"reference signed-fermionic parent-block order kept fixed and contiguous, but Pauli descendants randomly permuted inside each parent-owned block",1111c714ef3071d3,7f5a471156299c02,"[1,1,1,1,1,1,1,1,1,1,1,1,4,1,1,1,1,1,1,1,1,1,1,1,1,1,1,1,1,1,1,1,1,1,1,1,1,1,1,1,1,1,1,1,1,1,1,1,1,1,1,1,1,1,1,1,1,1,1,1,1,1,1,1,1,1,1,1,1,1,1,1,1,1,1,1,1,1,1,1,1,1,1,1,1,1,1,1,1,1,1,1,1,1,1,1,1,1,1,1,1,1,1,1,1,1,1,1,1,1,1,1,1,1,1,1,1,1,1,1,1,1,1,1,1,1,1,1,1,1,1,1,1,1,1,1,1,1,1,1,1,1,1,1,1,1,1,1,1,1,1,1,4,1,1,1,1,1,1,1,1,4,4,2,1,1,1,1,1,1,1,1,1,1,2,2,1,1,2,2,2,4,4,4,4,6,6,4,2,2,4,4,4,6,6,4,4,4,4,4,4,4,4,6,6,4,4,6,6,4,4,4,4,4,4,4,4,4,6,6,2,4,4,4,4,4,4,4,4,4,4,2,2,6,6,6,6,4,4,4,4,4,4,4,4,4,2,2,4,4,6,6,2,4,4,4,4,4,4,4,4,2,2,2,2,4,4,4,4,4,4,2,2,2,2,6,6,6,6,2,2,2,2,4,4,4,2,2,2,4,4,4,4,4,4,4,4,4,4,4,4,4,4,4,4,4,4,4,4,2,2,2,2,4,4,4,4,4,4,2,2,4,4,2,2,4,4,4,4,4,4,2,2,2,2,6,6,4,4,4,4,4,2,2,2,2,2,4,4,4,4,4,4,4,4,4,4,2,2,4,4,4,4,4,4,2,2,4,2,2,2,2,4,4,4,6,6,4,4,4,2,2,2,2,6,6,4,4,4,4,4,4,4,4,4,4,2,4,4,4,4,6,6,4,4,4,6,6,6,6,4,4,4,4,2,4,4,4,4,4,4,4,4,4,4,4,4,6,6,4,4,6,6,2,2,2,2,4,4,6,6,6,6,4,4,4,4,4,4,4,4,4,4,4,4,4,4,4,4,4,4,2,2,2,2,4,4,4,4,4,4,2,2,2,2,6,6,4,4,2,2,2,2,4,4,4,4,2,2,2,2,2,2,4,4,4,4,6,6,6,6,2,2,6,6,4,4,4,4,2,2,2,2,4,4,6,6,2,4,4,4,2,2,2,2,2,2,4,4,4,4,4,4,4,4,2,2,2,2,2,4,4,4,4,4,4,4,4,4,4,2,2,2,2,4,4,4,2,4,4,2,2,4,4,4,2,2,2,2,4,4,4,4,4,4,2,2,2,2,2,2,2,2,2,2,2,2,6,6,6,6,2,2,2,2,4,4,2,2,2,2,2,2,2,6,6,4,4,4,4,2,2,2,2,2,2,4,4,4,4,2,4,4,4,4,4,4,2,2,2,4,4,2,2,4,4,4,4,4,4,2,4,4,2,4]",1.0,1.0,1.0,1.0,1.0,0.0,0.0,0.0,0.0126951825876197,1.0,23.066631672198916,0.0005503700222915,1.0,0.0,0.0126951825876197,0.0,0.0,0.0,6.347591293809896e-05,100,0.01,1.0,188300,7056,6.689481457999136,0.0218955000000278,33.871535917000074,0.9999999996895232,3.1047686643859146e-10,1.0000854704522566,6.20953732877183e-10,1.0000854704522566,1.7681240833345646,2.491894325362099e-05,1.1043388425946432e-12,1.1046719095020308e-12,1e-12,analysis/fermionic_structure_ablation_hgbs5.csv,3.104503321083029e-10,1.0,1.0000854704522566
success,,Li-Li_2.66_hgbs-5_as-006-012,hamiltonian_generator/hgbs5_diatomic_basis_transfer/night/Li-Li/2.66/hgbs-5/Li-Li_2.66_hgbs-5_as-006-012.tensors.npz,Li-Li,2.66,hgbs-5,6,12,18,1027,1883,1442,0.7657992565055762,0,signed_parent_within_randomized,15,712944344,"reference signed-fermionic parent-block order kept fixed and contiguous, but Pauli descendants randomly permuted inside each parent-owned block",1111c714ef3071d3,a6c0de298277bf3e,"[1,1,1,1,1,1,1,1,1,1,1,1,4,1,1,1,1,1,1,1,1,1,1,1,1,1,1,1,1,1,1,1,1,1,1,1,1,1,1,1,1,1,1,1,1,1,1,1,1,1,1,1,1,1,1,1,1,1,1,1,1,1,1,1,1,1,1,1,1,1,1,1,1,1,1,1,1,1,1,1,1,1,1,1,1,1,1,1,1,1,1,1,1,1,1,1,1,1,1,1,1,1,1,1,1,1,1,1,1,1,1,1,1,1,1,1,1,1,1,1,1,1,1,1,1,1,1,1,1,1,1,1,1,1,1,1,1,1,1,1,1,1,1,1,1,1,1,1,1,1,1,1,4,1,1,1,1,1,1,1,1,4,4,2,1,1,1,1,1,1,1,1,1,1,2,2,1,1,2,2,2,4,4,4,4,6,6,4,2,2,4,4,4,6,6,4,4,4,4,4,4,4,4,6,6,4,4,6,6,4,4,4,4,4,4,4,4,4,6,6,2,4,4,4,4,4,4,4,4,4,4,2,2,6,6,6,6,4,4,4,4,4,4,4,4,4,2,2,4,4,6,6,2,4,4,4,4,4,4,4,4,2,2,2,2,4,4,4,4,4,4,2,2,2,2,6,6,6,6,2,2,2,2,4,4,4,2,2,2,4,4,4,4,4,4,4,4,4,4,4,4,4,4,4,4,4,4,4,4,2,2,2,2,4,4,4,4,4,4,2,2,4,4,2,2,4,4,4,4,4,4,2,2,2,2,6,6,4,4,4,4,4,2,2,2,2,2,4,4,4,4,4,4,4,4,4,4,2,2,4,4,4,4,4,4,2,2,4,2,2,2,2,4,4,4,6,6,4,4,4,2,2,2,2,6,6,4,4,4,4,4,4,4,4,4,4,2,4,4,4,4,6,6,4,4,4,6,6,6,6,4,4,4,4,2,4,4,4,4,4,4,4,4,4,4,4,4,6,6,4,4,6,6,2,2,2,2,4,4,6,6,6,6,4,4,4,4,4,4,4,4,4,4,4,4,4,4,4,4,4,4,2,2,2,2,4,4,4,4,4,4,2,2,2,2,6,6,4,4,2,2,2,2,4,4,4,4,2,2,2,2,2,2,4,4,4,4,6,6,6,6,2,2,6,6,4,4,4,4,2,2,2,2,4,4,6,6,2,4,4,4,2,2,2,2,2,2,4,4,4,4,4,4,4,4,2,2,2,2,2,4,4,4,4,4,4,4,4,4,4,2,2,2,2,4,4,4,2,4,4,2,2,4,4,4,2,2,2,2,4,4,4,4,4,4,2,2,2,2,2,2,2,2,2,2,2,2,6,6,6,6,2,2,2,2,4,4,2,2,2,2,2,2,2,6,6,4,4,4,4,2,2,2,2,2,2,4,4,4,4,2,4,4,4,4,4,4,2,2,2,4,4,2,2,4,4,4,4,4,4,2,4,4,2,4]",1.0,1.0,1.0,1.0,1.0,0.0,0.0,0.0,0.0126951825876197,1.0,23.066631672198916,0.0005503700222915,1.0,0.0,0.0126951825876197,0.0,0.0,0.0,6.347591293809896e-05,100,0.01,1.0,188300,7056,6.689481457999136,0.0218955000000278,33.48825924999983,0.9999999996895657,3.1043434489674837e-10,0.999948503158473,6.208686897934966e-10,0.999948503158473,1.7681240833345755,2.491723680092752e-05,1.0192957589083562e-12,1.0196288258157438e-12,1e-12,analysis/fermionic_structure_ablation_hgbs5.csv,3.104503321083029e-10,1.0,0.9999485031584732
success,,Li-Li_2.66_hgbs-5_as-006-012,hamiltonian_generator/hgbs5_diatomic_basis_transfer/night/Li-Li/2.66/hgbs-5/Li-Li_2.66_hgbs-5_as-006-012.tensors.npz,Li-Li,2.66,hgbs-5,6,12,18,1027,1883,1442,0.7657992565055762,0,signed_parent_within_randomized,16,2020535042,"reference signed-fermionic parent-block order kept fixed and contiguous, but Pauli descendants randomly permuted inside each parent-owned block",1111c714ef3071d3,06d65ea1034a9720,"[1,1,1,1,1,1,1,1,1,1,1,1,4,1,1,1,1,1,1,1,1,1,1,1,1,1,1,1,1,1,1,1,1,1,1,1,1,1,1,1,1,1,1,1,1,1,1,1,1,1,1,1,1,1,1,1,1,1,1,1,1,1,1,1,1,1,1,1,1,1,1,1,1,1,1,1,1,1,1,1,1,1,1,1,1,1,1,1,1,1,1,1,1,1,1,1,1,1,1,1,1,1,1,1,1,1,1,1,1,1,1,1,1,1,1,1,1,1,1,1,1,1,1,1,1,1,1,1,1,1,1,1,1,1,1,1,1,1,1,1,1,1,1,1,1,1,1,1,1,1,1,1,4,1,1,1,1,1,1,1,1,4,4,2,1,1,1,1,1,1,1,1,1,1,2,2,1,1,2,2,2,4,4,4,4,6,6,4,2,2,4,4,4,6,6,4,4,4,4,4,4,4,4,6,6,4,4,6,6,4,4,4,4,4,4,4,4,4,6,6,2,4,4,4,4,4,4,4,4,4,4,2,2,6,6,6,6,4,4,4,4,4,4,4,4,4,2,2,4,4,6,6,2,4,4,4,4,4,4,4,4,2,2,2,2,4,4,4,4,4,4,2,2,2,2,6,6,6,6,2,2,2,2,4,4,4,2,2,2,4,4,4,4,4,4,4,4,4,4,4,4,4,4,4,4,4,4,4,4,2,2,2,2,4,4,4,4,4,4,2,2,4,4,2,2,4,4,4,4,4,4,2,2,2,2,6,6,4,4,4,4,4,2,2,2,2,2,4,4,4,4,4,4,4,4,4,4,2,2,4,4,4,4,4,4,2,2,4,2,2,2,2,4,4,4,6,6,4,4,4,2,2,2,2,6,6,4,4,4,4,4,4,4,4,4,4,2,4,4,4,4,6,6,4,4,4,6,6,6,6,4,4,4,4,2,4,4,4,4,4,4,4,4,4,4,4,4,6,6,4,4,6,6,2,2,2,2,4,4,6,6,6,6,4,4,4,4,4,4,4,4,4,4,4,4,4,4,4,4,4,4,2,2,2,2,4,4,4,4,4,4,2,2,2,2,6,6,4,4,2,2,2,2,4,4,4,4,2,2,2,2,2,2,4,4,4,4,6,6,6,6,2,2,6,6,4,4,4,4,2,2,2,2,4,4,6,6,2,4,4,4,2,2,2,2,2,2,4,4,4,4,4,4,4,4,2,2,2,2,2,4,4,4,4,4,4,4,4,4,4,2,2,2,2,4,4,4,2,4,4,2,2,4,4,4,2,2,2,2,4,4,4,4,4,4,2,2,2,2,2,2,2,2,2,2,2,2,6,6,6,6,2,2,2,2,4,4,2,2,2,2,2,2,2,6,6,4,4,4,4,2,2,2,2,2,2,4,4,4,4,2,4,4,4,4,4,4,2,2,2,4,4,2,2,4,4,4,4,4,4,2,4,4,2,4]",1.0,1.0,1.0,1.0,1.0,0.0,0.0,0.0,0.0126951825876197,1.0,23.066631672198916,0.0005503700222915,1.0,0.0,0.0126951825876197,0.0,0.0,0.0,6.347591293809896e-05,100,0.01,1.0,188300,7056,6.689481457999136,0.0218955000000278,34.23609412500082,0.9999999996895688,3.1043123627227937e-10,0.9999384898837316,6.208624725445587e-10,0.9999384898837316,1.7681240833345766,2.491711204262161e-05,1.0135225991803054e-12,1.013855666087693e-12,1e-12,analysis/fermionic_structure_ablation_hgbs5.csv,3.104503321083029e-10,1.0,0.9999384898837316
success,,Li-Li_2.66_hgbs-5_as-006-012,hamiltonian_generator/hgbs5_diatomic_basis_transfer/night/Li-Li/2.66/hgbs-5/Li-Li_2.66_hgbs-5_as-006-012.tensors.npz,Li-Li,2.66,hgbs-5,6,12,18,1027,1883,1442,0.7657992565055762,0,signed_parent_within_randomized,17,535218520,"reference signed-fermionic parent-block order kept fixed and contiguous, but Pauli descendants randomly permuted inside each parent-owned block",1111c714ef3071d3,6b4da4e1c03f0c35,"[1,1,1,1,1,1,1,1,1,1,1,1,4,1,1,1,1,1,1,1,1,1,1,1,1,1,1,1,1,1,1,1,1,1,1,1,1,1,1,1,1,1,1,1,1,1,1,1,1,1,1,1,1,1,1,1,1,1,1,1,1,1,1,1,1,1,1,1,1,1,1,1,1,1,1,1,1,1,1,1,1,1,1,1,1,1,1,1,1,1,1,1,1,1,1,1,1,1,1,1,1,1,1,1,1,1,1,1,1,1,1,1,1,1,1,1,1,1,1,1,1,1,1,1,1,1,1,1,1,1,1,1,1,1,1,1,1,1,1,1,1,1,1,1,1,1,1,1,1,1,1,1,4,1,1,1,1,1,1,1,1,4,4,2,1,1,1,1,1,1,1,1,1,1,2,2,1,1,2,2,2,4,4,4,4,6,6,4,2,2,4,4,4,6,6,4,4,4,4,4,4,4,4,6,6,4,4,6,6,4,4,4,4,4,4,4,4,4,6,6,2,4,4,4,4,4,4,4,4,4,4,2,2,6,6,6,6,4,4,4,4,4,4,4,4,4,2,2,4,4,6,6,2,4,4,4,4,4,4,4,4,2,2,2,2,4,4,4,4,4,4,2,2,2,2,6,6,6,6,2,2,2,2,4,4,4,2,2,2,4,4,4,4,4,4,4,4,4,4,4,4,4,4,4,4,4,4,4,4,2,2,2,2,4,4,4,4,4,4,2,2,4,4,2,2,4,4,4,4,4,4,2,2,2,2,6,6,4,4,4,4,4,2,2,2,2,2,4,4,4,4,4,4,4,4,4,4,2,2,4,4,4,4,4,4,2,2,4,2,2,2,2,4,4,4,6,6,4,4,4,2,2,2,2,6,6,4,4,4,4,4,4,4,4,4,4,2,4,4,4,4,6,6,4,4,4,6,6,6,6,4,4,4,4,2,4,4,4,4,4,4,4,4,4,4,4,4,6,6,4,4,6,6,2,2,2,2,4,4,6,6,6,6,4,4,4,4,4,4,4,4,4,4,4,4,4,4,4,4,4,4,2,2,2,2,4,4,4,4,4,4,2,2,2,2,6,6,4,4,2,2,2,2,4,4,4,4,2,2,2,2,2,2,4,4,4,4,6,6,6,6,2,2,6,6,4,4,4,4,2,2,2,2,4,4,6,6,2,4,4,4,2,2,2,2,2,2,4,4,4,4,4,4,4,4,2,2,2,2,2,4,4,4,4,4,4,4,4,4,4,2,2,2,2,4,4,4,2,4,4,2,2,4,4,4,2,2,2,2,4,4,4,4,4,4,2,2,2,2,2,2,2,2,2,2,2,2,6,6,6,6,2,2,2,2,4,4,2,2,2,2,2,2,2,6,6,4,4,4,4,2,2,2,2,2,2,4,4,4,4,2,4,4,4,4,4,4,2,2,2,4,4,2,2,4,4,4,4,4,4,2,4,4,2,4]",1.0,1.0,1.0,1.0,1.0,0.0,0.0,0.0,0.0126951825876197,1.0,23.066631672198916,0.0005503700222915,1.0,0.0,0.0126951825876197,0.0,0.0,0.0,6.347591293809896e-05,100,0.01,1.0,188300,7056,6.689481457999136,0.0218955000000278,34.41567475000011,0.9999999996895624,3.104375645435198e-10,0.9999588740501694,6.208751290870396e-10,0.9999588740501694,1.7681240833345726,2.4917366014228703e-05,1.0257350524511821e-12,1.0260681193585697e-12,1e-12,analysis/fermionic_structure_ablation_hgbs5.csv,3.104503321083029e-10,1.0,0.9999588740501696
success,,Li-Li_2.66_hgbs-5_as-006-012,hamiltonian_generator/hgbs5_diatomic_basis_transfer/night/Li-Li/2.66/hgbs-5/Li-Li_2.66_hgbs-5_as-006-012.tensors.npz,Li-Li,2.66,hgbs-5,6,12,18,1027,1883,1442,0.7657992565055762,0,signed_parent_within_randomized,18,271186163,"reference signed-fermionic parent-block order kept fixed and contiguous, but Pauli descendants randomly permuted inside each parent-owned block",1111c714ef3071d3,666230620c8d3868,"[1,1,1,1,1,1,1,1,1,1,1,1,4,1,1,1,1,1,1,1,1,1,1,1,1,1,1,1,1,1,1,1,1,1,1,1,1,1,1,1,1,1,1,1,1,1,1,1,1,1,1,1,1,1,1,1,1,1,1,1,1,1,1,1,1,1,1,1,1,1,1,1,1,1,1,1,1,1,1,1,1,1,1,1,1,1,1,1,1,1,1,1,1,1,1,1,1,1,1,1,1,1,1,1,1,1,1,1,1,1,1,1,1,1,1,1,1,1,1,1,1,1,1,1,1,1,1,1,1,1,1,1,1,1,1,1,1,1,1,1,1,1,1,1,1,1,1,1,1,1,1,1,4,1,1,1,1,1,1,1,1,4,4,2,1,1,1,1,1,1,1,1,1,1,2,2,1,1,2,2,2,4,4,4,4,6,6,4,2,2,4,4,4,6,6,4,4,4,4,4,4,4,4,6,6,4,4,6,6,4,4,4,4,4,4,4,4,4,6,6,2,4,4,4,4,4,4,4,4,4,4,2,2,6,6,6,6,4,4,4,4,4,4,4,4,4,2,2,4,4,6,6,2,4,4,4,4,4,4,4,4,2,2,2,2,4,4,4,4,4,4,2,2,2,2,6,6,6,6,2,2,2,2,4,4,4,2,2,2,4,4,4,4,4,4,4,4,4,4,4,4,4,4,4,4,4,4,4,4,2,2,2,2,4,4,4,4,4,4,2,2,4,4,2,2,4,4,4,4,4,4,2,2,2,2,6,6,4,4,4,4,4,2,2,2,2,2,4,4,4,4,4,4,4,4,4,4,2,2,4,4,4,4,4,4,2,2,4,2,2,2,2,4,4,4,6,6,4,4,4,2,2,2,2,6,6,4,4,4,4,4,4,4,4,4,4,2,4,4,4,4,6,6,4,4,4,6,6,6,6,4,4,4,4,2,4,4,4,4,4,4,4,4,4,4,4,4,6,6,4,4,6,6,2,2,2,2,4,4,6,6,6,6,4,4,4,4,4,4,4,4,4,4,4,4,4,4,4,4,4,4,2,2,2,2,4,4,4,4,4,4,2,2,2,2,6,6,4,4,2,2,2,2,4,4,4,4,2,2,2,2,2,2,4,4,4,4,6,6,6,6,2,2,6,6,4,4,4,4,2,2,2,2,4,4,6,6,2,4,4,4,2,2,2,2,2,2,4,4,4,4,4,4,4,4,2,2,2,2,2,4,4,4,4,4,4,4,4,4,4,2,2,2,2,4,4,4,2,4,4,2,2,4,4,4,2,2,2,2,4,4,4,4,4,4,2,2,2,2,2,2,2,2,2,2,2,2,6,6,6,6,2,2,2,2,4,4,2,2,2,2,2,2,2,6,6,4,4,4,4,2,2,2,2,2,2,4,4,4,4,2,4,4,4,4,4,4,2,2,2,4,4,2,2,4,4,4,4,4,4,2,4,4,2,4]",1.0,1.0,1.0,1.0,1.0,0.0,0.0,0.0,0.0126951825876197,1.0,23.066631672198916,0.0005503700222915,1.0,0.0,0.0126951825876197,0.0,0.0,0.0,6.347591293809896e-05,100,0.01,1.0,188300,7056,6.689481457999136,0.0218955000000278,34.39533520800069,0.999999999689534,3.1046587523064767e-10,1.0000500663737069,6.209317504612955e-10,1.0000500663737069,1.7681240833345684,2.4918502171304263e-05,1.0823564267070653e-12,1.0826894936144529e-12,1e-12,analysis/fermionic_structure_ablation_hgbs5.csv,3.104503321083029e-10,1.0,1.0000500663737069
success,,Li-Li_2.66_hgbs-5_as-006-012,hamiltonian_generator/hgbs5_diatomic_basis_transfer/night/Li-Li/2.66/hgbs-5/Li-Li_2.66_hgbs-5_as-006-012.tensors.npz,Li-Li,2.66,hgbs-5,6,12,18,1027,1883,1442,0.7657992565055762,0,signed_parent_within_randomized,19,3512877837,"reference signed-fermionic parent-block order kept fixed and contiguous, but Pauli descendants randomly permuted inside each parent-owned block",1111c714ef3071d3,c8b8825d4b27a85b,"[1,1,1,1,1,1,1,1,1,1,1,1,4,1,1,1,1,1,1,1,1,1,1,1,1,1,1,1,1,1,1,1,1,1,1,1,1,1,1,1,1,1,1,1,1,1,1,1,1,1,1,1,1,1,1,1,1,1,1,1,1,1,1,1,1,1,1,1,1,1,1,1,1,1,1,1,1,1,1,1,1,1,1,1,1,1,1,1,1,1,1,1,1,1,1,1,1,1,1,1,1,1,1,1,1,1,1,1,1,1,1,1,1,1,1,1,1,1,1,1,1,1,1,1,1,1,1,1,1,1,1,1,1,1,1,1,1,1,1,1,1,1,1,1,1,1,1,1,1,1,1,1,4,1,1,1,1,1,1,1,1,4,4,2,1,1,1,1,1,1,1,1,1,1,2,2,1,1,2,2,2,4,4,4,4,6,6,4,2,2,4,4,4,6,6,4,4,4,4,4,4,4,4,6,6,4,4,6,6,4,4,4,4,4,4,4,4,4,6,6,2,4,4,4,4,4,4,4,4,4,4,2,2,6,6,6,6,4,4,4,4,4,4,4,4,4,2,2,4,4,6,6,2,4,4,4,4,4,4,4,4,2,2,2,2,4,4,4,4,4,4,2,2,2,2,6,6,6,6,2,2,2,2,4,4,4,2,2,2,4,4,4,4,4,4,4,4,4,4,4,4,4,4,4,4,4,4,4,4,2,2,2,2,4,4,4,4,4,4,2,2,4,4,2,2,4,4,4,4,4,4,2,2,2,2,6,6,4,4,4,4,4,2,2,2,2,2,4,4,4,4,4,4,4,4,4,4,2,2,4,4,4,4,4,4,2,2,4,2,2,2,2,4,4,4,6,6,4,4,4,2,2,2,2,6,6,4,4,4,4,4,4,4,4,4,4,2,4,4,4,4,6,6,4,4,4,6,6,6,6,4,4,4,4,2,4,4,4,4,4,4,4,4,4,4,4,4,6,6,4,4,6,6,2,2,2,2,4,4,6,6,6,6,4,4,4,4,4,4,4,4,4,4,4,4,4,4,4,4,4,4,2,2,2,2,4,4,4,4,4,4,2,2,2,2,6,6,4,4,2,2,2,2,4,4,4,4,2,2,2,2,2,2,4,4,4,4,6,6,6,6,2,2,6,6,4,4,4,4,2,2,2,2,4,4,6,6,2,4,4,4,2,2,2,2,2,2,4,4,4,4,4,4,4,4,2,2,2,2,2,4,4,4,4,4,4,4,4,4,4,2,2,2,2,4,4,4,2,4,4,2,2,4,4,4,2,2,2,2,4,4,4,4,4,4,2,2,2,2,2,2,2,2,2,2,2,2,6,6,6,6,2,2,2,2,4,4,2,2,2,2,2,2,2,6,6,4,4,4,4,2,2,2,2,2,2,4,4,4,4,2,4,4,4,4,4,4,2,2,2,4,4,2,2,4,4,4,4,4,4,2,4,4,2,4]",1.0,1.0,1.0,1.0,1.0,0.0,0.0,0.0,0.0126951825876197,1.0,23.066631672198916,0.0005503700222915,1.0,0.0,0.0126951825876197,0.0,0.0,0.0,6.347591293809896e-05,100,0.01,1.0,188300,7056,6.689481457999136,0.0218955000000278,34.43996599999991,0.9999999996895624,3.104375645435198e-10,0.9999588740501694,6.208751290870396e-10,0.9999588740501694,1.7681240833345728,2.4917366014228703e-05,1.0255130078462569e-12,1.0258460747536446e-12,1e-12,analysis/fermionic_structure_ablation_hgbs5.csv,3.104503321083029e-10,1.0,0.9999588740501696
success,,NH3_s-1.00_hgbs-5_as-008-010,hamiltonian_generator/polyatomic_library/NH3/s-1.00/hgbs-5/NH3_s-1.00_hgbs-5_as-008-010.tensors.npz,NH3,s-1.00,hgbs-5,8,10,18,3899,7539,5642,0.7483751160631383,0,fermionic_magnitude_reference,-1,-1,complete Hermitian fermionic terms ordered by decreasing absolute canonical coefficient magnitude; final combined JW Pauli order induced by first occurrence,011adb1a1fd45954,b889723139c90724,"[1,1,1,1,1,1,1,1,1,1,1,1,1,1,1,1,1,1,1,1,1,1,1,1,1,1,1,1,1,1,1,1,1,1,1,1,1,1,1,1,1,1,1,1,1,1,2,2,2,2,1,1,1,1,1,1,1,1,1,1,1,1,1,1,1,1,1,1,1,1,4,4,1,1,1,1,1,1,1,1,1,1,1,1,1,1,1,1,4,1,1,1,1,1,1,1,1,1,1,1,1,1,1,1,1,1,1,1,1,1,1,1,1,1,1,1,1,1,1,1,1,1,1,1,1,1,1,1,1,1,1,1,1,1,1,1,1,1,1,1,1,1,1,2,2,1,1,1,1,1,1,1,1,1,1,1,1,1,1,1,1,1,1,1,1,1,1,1,1,1,1,1,1,1,4,1,1,1,1,1,1,2,2,2,4,4,4,4,2,2,2,2,2,2,2,2,2,2,2,2,2,2,2,2,2,2,2,2,2,2,2,2,2,2,2,2,2,2,2,2,4,4,2,4,2,4,2,2,2,2,2,2,2,2,2,2,2,2,2,2,2,2,2,2,2,4,4,2,4,2,2,2,2,2,2,2,4,4,4,4,4,4,4,4,2,2,2,2,2,2,4,2,4,2,4,2,2,2,2,2,2,2,2,4,4,2,4,4,4,4,4,4,4,4,2,2,6,6,4,4,4,4,2,4,2,2,2,4,2,2,2,2,2,4,4,4,2,2,2,2,2,4,4,4,4,2,2,2,2,4,4,2,2,4,4,4,4,4,2,2,4,4,4,4,4,2,2,2,2,2,2,4,4,4,4,2,2,4,4,6,6,2,2,4,4,2,2,2,2,2,2,4,4,4,4,4,4,4,2,2,4,4,4,4,4,4,2,2,2,2,4,4,4,4,4,4,4,4,4,4,4,4,4,2,2,2,2,2,4,4,4,4,4,4,4,2,2,4,4,4,2,2,4,4,4,4,2,2,2,2,2,2,2,4,4,4,6,6,6,6,4,4,2,2,2,2,4,4,4,4,4,2,2,4,4,4,4,4,4,2,2,4,4,4,4,4,4,4,2,2,2,2,4,4,4,4,2,2,4,4,4,2,2,2,6,6,4,4,6,6,6,6,4,4,4,4,4,4,4,4,4,4,4,2,2,2,2,2,4,4,2,2,2,2,4,4,2,2,4,6,6,4,4,2,2,2,2,4,4,4,4,2,2,2,2,2,2,2,2,2,2,2,2,2,2,4,4,4,4,4,4,4,4,6,6,4,4,4,4,4,4,4,4,4,4,4,4,4,6,6,4,4,4,4,4,4,4,4,4,4,4,4,4,4,2,2,2,2,6,6,6,6,4,4,2,2,2,2,6,6,6,6,6,6,6,6,6,6,4,4,4,4,4,4,4,4,4,4,4,4,4,4,4,4,4,4,4,2,2,4,4,4,6,6,6,6,2,2,6,6,2,2,4,4,2,2,2,2,6,6,4,4,4,4,4,4,4,4,4,4,4,4,4,4,4,4,4,4,4,4,4,4,6,6,6,6,6,6,4,4,4,4,4,4,4,4,4,4,6,6,4,4,2,2,4,4,6,6,6,6,4,4,4,4,4,4,2,2,2,2,2,2,6,6,6,6,4,4,4,4,2,2,4,4,2,2,4,4,4,4,2,2,2,2,4,4,4,4,6,6,2,2,2,2,2,4,2,2,6,6,2,2,4,4,4,4,4,4,4,4,2,2,2,2,2,2,4,4,2,2,4,4,4,4,6,6,6,6,4,4,2,2,2,4,4,4,4,2,2,4,4,4,4,4,4,4,4,2,2,2,2,4,4,4,4,4,2,2,2,2,2,2,4,4,4,4,6,6,4,4,4,4,4,4,4,4,2,2,4,4,4,4,4,4,2,2,2,2,2,2,4,4,4,4,4,4,4,4,4,4,4,6,6,2,2,6,6,4,4,4,4,4,4,4,4,2,2,4,4,4,4,4,4,4,4,2,2,4,4,2,2,2,2,2,2,2,2,2,2,4,4,4,4,4,2,2,2,2,2,2,4,4,4,4,4,4,2,2,4,4,4,4,4,4,4,4,4,4,4,2,2,6,6,2,2,2,2,4,4,4,4,2,2,4,4,2,2,4,4,4,4,4,4,4,4,6,6,6,6,4,4,4,2,4,4,4,4,4,4,4,4,4,4,4,2,2,4,6,6,6,6,6,6,4,4,2,2,2,4,4,6,6,4,4,4,4,2,2,4,4,4,4,4,4,4,4,2,2,4,4,4,4,4,4,4,4,4,4,2,2,4,4,4,4,4,4,2,2,2,2,4,4,2,2,2,2,2,2,4,4,4,4,4,4,4,4,4,4,4,4,4,4,4,4,4,2,2,2,2,4,4,4,4,4,4,4,4,4,4,4,2,2,6,6,4,4,4,4,4,4,4,4,4,4,4,4,4,4,4,4,4,4,4,2,2,4,2,2,2,4,4,4,4,4,4,4,4,4,4,4,4,4,6,6,2,2,4,4,4,4,4,4,4,4,4,4,4,2,2,2,2,4,4,2,4,4,4,4,4,4,4,4,4,2,2,4,4,4,4,4,4,4,2,2,2,2,4,4,4,4,4,4,4,4,4,4,4,2,2,4,4,2,2,4,4,4,6,6,4,4,4,4,4,4,4,4,4,4,4,4,6,6,6,6,2,2,2,2,4,4,4,4,4,4,4,4,4,4,4,4,4,4,4,4,4,4,4,4,4,4,4,4,4,4,2,2,6,6,4,4,2,2,4,4,4,4,2,2,4,4,4,4,4,4,4,4,4,4,4,4,4,4,4,4,4,4,4,4,2,2,6,6,2,2,4,4,4,4,4,4,4,4,4,4,4,4,4,4,4,4,2,2,4,4,2,2,2,4,4,4,4,4,4,4,2,2,2,2,2,2,2,2,4,4,4,4,4,4,4,2,2,2,2,4,4,6,6,6,6,6,6,4,4,4,4,2,2,4,4,4,4,6,6,4,4,2,4,4,4,4,4,4,4,4,4,4,4,4,4,4,4,4,4,4,2,2,2,2,4,4,4,4,4,4,4,2,2,2,2,4,4,4,4,4,4,2,4,2,2,6,6,6,6,6,6,4,4,4,4,4,4,4,4,4,2,4,4,4,4,4,4,4,4,4,4,4,4,4,4,4,4,4,4,4,4,4,4,6,6,4,4,2,2,4,4,4,4,4,4,4,4,4,4,4,4,4,4,4,4,2,2,2,2,2,4,4,4,4,4,4,2,2,4,2,4,4,2,2,4,4,4,4,4,4,4,4,4,4,4,4,4,4,4,4,4,4,4,6,6,4,4,4,4,4,4,4,6,6,4,4,4,4,4,4,4,4,4,4,2,2,4,4,2,2,2,4,4,4,4,4,4,4,4,2,2,6,6,6,6,6,6,4,4,4,4,4,6,6,2,2,4,4,4,4,4,2,2,4,4,2,2,4,2,2,2,4,4,2,2,4,4,4,4,4,4,4,4,4,4,4,2,2,4,4,4,4,4,4,4,4,4,4,4,4,6,6,4,4,2,2,2,2,4,4,4,4,4,4,4,2,2,2,2,4,2,2,4,4,2,2,4,4,4,4,2,2,4,4,4,2,2,4,4,2,2,2,4,2,2,4,4,4,2,2,4,4,4,4,4,2,2,4,4,4,4,2,2,2,2,2,2,2,4,4,4,4,4,4,2,2,2,4,4,4,2,2,4,4,2,2,4,4,2,4,4,6,6,4,4,4,4,4,4,2,2,4,4,4,4,4,4,4,4,4,4,4,4,2,2,2,4,4,4,6,6,6,6,6,6,4,2,4,4,4,4,4,2,2,2,2,4,4,4,4,2,2,2,2,2,2,2,2,2,4,4,4,4,4,2,2,4,4,2,2,4,4,4,2,2,2,2,2,4,4,2,2,4,4,2,2,4,4,2,2,4,4,4,4,4,4,2,2,2,2,2,2,4,4,4,4,4,4,4,4,4,4,4,4,4,4,4,4,4,4,4,4,4,4,4,4,4,2,2,4,4,4,4,2,2,4,4,2,2,4,4,4,2,2,2,4,4,4,4,4,4,4,4,2,2,4,4,2,2,4,4,4,2,2,4,4,4,4,4,2,2,2,4,4,6,6,6,6,4,4,2,2,2,2,4,4,4,4,2,2,4,2,2,2,2,4,4,4,4,4,4,4,2,2,2,2,2,2,4,4,2,2,2,2,2,2,2,2,2,2,2,2,6,6,2,2,2,2,4,4,2,2,4,4,4,4,4,4,4,4,2,2,2,2,2,4,4,4,4,2,2,2,2,4,2,2,4,4,4,4,4,2,4,4,4,4,4,2,2,2,2,2,2,4,4,2,2,4,4,2,2,2,2,4,4,2,2,4,2,2,2,2,6,6,2,2,2,2,4,4,2,2,2,2,4,2,2,2,2,2,2,2,2,6,6,4,4,2,2,4,4,2,2,4,2,2,2,2,2,2,4,4,4,4,4,4,2,2,2,2,2,2,4,4,4,4,2,2,4,4,4,2,2,4,4,4,4,4,4,4,4,2,2,4,4,2,2,2,2,2,2,2,4,4,2,2,4,4,6,6,4,4,4,2,2,4,4,2,2,2,2,4,4,2,2,2,2,4,4,4,4,4,4,2,2,4,4,2,2,2,2,4,4,4,4,4,4,4,4,4,4,2,2,2,2,4,4,4,4,4,4,4,4,2,2,2,2,4,4,2,2,4,4,4,4,2,2,4,2,2,4,4,4,4,4,4,4,4,4,2,2,2,2,4,2,2,2,2,4,4,4,4,4,4,2,2,2,2,4,4,4,4,4,4,2,2,2,2,2,2,2,2,2,2,2,2,2,2,2,4,4,4,4,4,4,4,2,2,2,2,2,2,2,2,2,2,4,2,2,4,4,2,2,4,4,4,4,4,4,4,4,4,4,4,4,4,4,4,4,4,2,2,2,2,4,4,4,2,2,4,4,2,2,2,2,4,4,2,2,4,4,4,2,2,2,2,2,2,4,4,4,2,2,2,2,2,2,2,2,2,2,2,2,2,2,2,2,4,4,4,2,2,4,4,4,2,2,4,4,2,2,2,2,2,2,2,2,2,2,2,2,2,4,2,2,2,2,2,2,2,2,2,2,2,4,2,2,2,2,2,2,2,2,2,2,2,2,2,2,2,2,2,2,2,2,2,2,2,2,2,2,2,2,2,2,2,2,2,2,2,2,2,2,2,2,2,2,2,2,2,2,2,2,2,2,2,2,2,2,2,2,2,2,2,2,2,2,2,2,2,2,2,2,2,2,2,2,2,2,2,2,2,2,2,2,2,2,2,2,2,2,2,4,2,2]",1.0088644997889404,3.0,0.991557619248628,2.1289573659772056,2.4188884467436,0.3187066187619637,0.0464289876912888,0.0464289876912888,0.1720265521414798,7.7850348590094045,24.48641742107381,0.0070253867351549,7.785034859009404,0.0,0.1720265521414798,0.0,0.0,0.0,0.0008601327607073,100,0.01,1.0,753900,15876,103.26404916701722,0.2530182909977156,137.65117054097936,0.9999996401310712,3.598689288786261e-07,61.3058291119603,7.197377283052475e-07,61.305818085497826,1.7798630301553595,0.0008483736545633,6.300515664747763e-13,6.300515664747763e-13,1e-12,analysis/fermionic_structure_ablation_extension_hgbs5.csv,5.870060548751611e-09,60.60676775599158,61.30582911196029
success,,NH3_s-1.00_hgbs-5_as-008-010,hamiltonian_generator/polyatomic_library/NH3/s-1.00/hgbs-5/NH3_s-1.00_hgbs-5_as-008-010.tensors.npz,NH3,s-1.00,hgbs-5,8,10,18,3899,7539,5642,0.7483751160631383,0,fermionic_signed_reference,-1,-1,complete Hermitian fermionic terms ordered by increasing signed canonical coefficient; final combined JW Pauli order induced by first occurrence,35908033848146f5,3987508e6556f22a,"[1,1,1,1,1,1,1,1,1,1,1,1,1,1,1,1,1,1,1,1,1,1,1,1,1,1,1,1,1,1,1,1,1,1,1,1,1,1,1,1,1,1,1,1,1,1,2,2,2,2,1,1,1,1,1,1,1,1,1,1,1,1,1,1,1,1,1,1,1,1,4,4,1,1,1,1,1,1,1,1,1,1,1,1,1,1,1,1,4,1,1,1,1,1,1,1,1,1,1,1,1,1,1,1,1,1,1,1,1,1,1,1,1,1,1,1,1,1,1,1,1,1,1,1,1,1,1,1,1,1,1,1,1,1,1,1,1,1,1,1,1,1,1,2,2,1,1,1,1,1,1,1,1,1,1,1,1,1,1,1,1,1,1,1,1,1,1,1,1,1,1,1,1,1,4,1,1,1,1,1,1,2,2,2,4,4,4,4,2,2,2,2,2,2,2,2,2,2,2,2,2,2,2,2,2,2,2,2,2,2,2,2,2,2,2,2,2,2,2,2,4,4,2,4,2,4,2,2,2,2,2,2,2,2,2,2,2,2,2,2,2,2,2,2,2,4,4,2,4,2,2,2,2,2,2,2,4,4,4,4,4,4,4,4,2,2,2,2,2,2,4,2,4,2,4,2,2,2,2,2,2,2,2,4,4,2,4,4,4,4,4,4,4,4,2,2,6,6,4,4,4,4,2,4,2,2,2,4,2,2,2,2,2,4,4,4,2,2,2,2,2,4,4,4,4,2,2,2,2,4,4,2,2,4,4,4,4,4,2,2,4,4,4,4,4,2,2,2,2,2,2,4,4,4,4,2,2,4,4,6,6,2,2,4,4,2,2,2,2,2,2,4,4,4,4,4,4,4,2,2,4,4,4,4,4,4,2,2,2,2,4,4,4,4,4,4,4,4,4,4,4,4,4,2,2,2,2,2,4,4,4,4,4,4,4,2,2,4,4,4,2,2,4,4,4,4,2,2,2,2,2,2,2,4,4,4,6,6,6,6,4,4,2,2,2,2,4,4,4,4,4,2,2,4,4,4,4,4,4,2,2,4,4,4,4,4,4,4,2,2,2,2,4,4,4,4,2,2,4,4,4,2,2,2,6,6,4,4,6,6,6,6,4,4,4,4,4,4,4,4,4,4,4,2,2,2,2,2,4,4,2,2,2,2,4,4,2,2,4,6,6,4,4,2,2,2,2,4,4,4,4,2,2,2,2,2,2,2,2,2,2,2,2,2,2,4,4,4,4,4,4,4,4,6,6,4,4,4,4,4,4,4,4,4,4,4,4,4,6,6,4,4,4,4,4,4,4,4,4,4,4,4,4,4,2,2,2,2,6,6,6,6,4,4,2,2,2,2,6,6,6,6,6,6,6,6,6,6,4,4,4,4,4,4,4,4,4,4,4,4,4,4,4,4,4,4,4,2,2,4,4,4,6,6,6,6,2,2,6,6,2,2,4,4,2,2,2,2,6,6,4,4,4,4,4,4,4,4,4,4,4,4,4,4,4,4,4,4,4,4,4,4,6,6,6,6,6,6,4,4,4,4,4,4,4,4,4,4,6,6,4,4,2,2,4,4,6,6,6,6,4,4,4,4,4,4,2,2,2,2,2,2,6,6,6,6,4,4,4,4,2,2,4,4,2,2,4,4,4,4,2,2,2,2,4,4,4,4,6,6,2,2,2,2,2,4,2,2,6,6,2,2,4,4,4,4,4,4,4,4,2,2,2,2,2,2,4,4,2,2,4,4,4,4,6,6,6,6,4,4,2,2,2,4,4,4,4,2,2,4,4,4,4,4,4,4,4,2,2,2,2,4,4,4,4,4,2,2,2,2,2,2,4,4,4,4,6,6,4,4,4,4,4,4,4,4,2,2,4,4,4,4,4,4,2,2,2,2,2,2,4,4,4,4,4,4,4,4,4,4,4,6,6,2,2,6,6,4,4,4,4,4,4,4,4,2,2,4,4,4,4,4,4,4,4,2,2,4,4,2,2,2,2,2,2,2,2,2,2,4,4,4,4,4,2,2,2,2,2,2,4,4,4,4,4,4,2,2,4,4,4,4,4,4,4,4,4,4,4,2,2,6,6,2,2,2,2,4,4,4,4,2,2,4,4,2,2,4,4,4,4,4,4,4,4,6,6,6,6,4,4,4,2,4,4,4,4,4,4,4,4,4,4,4,2,2,4,6,6,6,6,6,6,4,4,2,2,2,4,4,6,6,4,4,4,4,2,2,4,4,4,4,4,4,4,4,2,2,4,4,4,4,4,4,4,4,4,4,2,2,4,4,4,4,4,4,2,2,2,2,4,4,2,2,2,2,2,2,4,4,4,4,4,4,4,4,4,4,4,4,4,4,4,4,4,2,2,2,2,4,4,4,4,4,4,4,4,4,4,4,2,2,6,6,4,4,4,4,4,4,4,4,4,4,4,4,4,4,4,4,4,4,4,2,2,4,2,2,2,4,4,4,4,4,4,4,4,4,4,4,4,4,6,6,2,2,4,4,4,4,4,4,4,4,4,4,4,2,2,2,2,4,4,2,4,4,4,4,4,4,4,4,4,2,2,4,4,4,4,4,4,4,2,2,2,2,4,4,4,4,4,4,4,4,4,4,4,2,2,4,4,2,2,4,4,4,6,6,4,4,4,4,4,4,4,4,4,4,4,4,6,6,6,6,2,2,2,2,4,4,4,4,4,4,4,4,4,4,4,4,4,4,4,4,4,4,4,4,4,4,4,4,4,4,2,2,6,6,4,4,2,2,4,4,4,4,2,2,4,4,4,4,4,4,4,4,4,4,4,4,4,4,4,4,4,4,4,4,2,2,6,6,2,2,4,4,4,4,4,4,4,4,4,4,4,4,4,4,4,4,2,2,4,4,2,2,2,4,4,4,4,4,4,4,2,2,2,2,2,2,2,2,4,4,4,4,4,4,4,2,2,2,2,4,4,6,6,6,6,6,6,4,4,4,4,2,2,4,4,4,4,6,6,4,4,2,4,4,4,4,4,4,4,4,4,4,4,4,4,4,4,4,4,4,2,2,2,2,4,4,4,4,4,4,4,2,2,2,2,4,4,4,4,4,4,2,4,2,2,6,6,6,6,6,6,4,4,4,4,4,4,4,4,4,2,4,4,4,4,4,4,4,4,4,4,4,4,4,4,4,4,4,4,4,4,4,4,6,6,4,4,2,2,4,4,4,4,4,4,4,4,4,4,4,4,4,4,4,4,2,2,2,2,2,4,4,4,4,4,4,2,2,4,2,4,4,2,2,4,4,4,4,4,4,4,4,4,4,4,4,4,4,4,4,4,4,4,6,6,4,4,4,4,4,4,4,6,6,4,4,4,4,4,4,4,4,4,4,2,2,4,4,2,2,2,4,4,4,4,4,4,4,4,2,2,6,6,6,6,6,6,4,4,4,4,4,6,6,2,2,4,4,4,4,4,2,2,4,4,2,2,4,2,2,2,4,4,2,2,4,4,4,4,4,4,4,4,4,4,4,2,2,4,4,4,4,4,4,4,4,4,4,4,4,6,6,4,4,2,2,2,2,4,4,4,4,4,4,4,2,2,2,2,4,2,2,4,4,2,2,4,4,4,4,2,2,4,4,4,2,2,4,4,2,2,2,4,2,2,4,4,4,2,2,4,4,4,4,4,2,2,4,4,4,4,2,2,2,2,2,2,2,4,4,4,4,4,4,2,2,2,4,4,4,2,2,4,4,2,2,4,4,2,4,4,6,6,4,4,4,4,4,4,2,2,4,4,4,4,4,4,4,4,4,4,4,4,2,2,2,4,4,4,6,6,6,6,6,6,4,2,4,4,4,4,4,2,2,2,2,4,4,4,4,2,2,2,2,2,2,2,2,2,4,4,4,4,4,2,2,4,4,2,2,4,4,4,2,2,2,2,2,4,4,2,2,4,4,2,2,4,4,2,2,4,4,4,4,4,4,2,2,2,2,2,2,4,4,4,4,4,4,4,4,4,4,4,4,4,4,4,4,4,4,4,4,4,4,4,4,4,2,2,4,4,4,4,2,2,4,4,2,2,4,4,4,2,2,2,4,4,4,4,4,4,4,4,2,2,4,4,2,2,4,4,4,2,2,4,4,4,4,4,2,2,2,4,4,6,6,6,6,4,4,2,2,2,2,4,4,4,4,2,2,4,2,2,2,2,4,4,4,4,4,4,4,2,2,2,2,2,2,4,4,2,2,2,2,2,2,2,2,2,2,2,2,6,6,2,2,2,2,4,4,2,2,4,4,4,4,4,4,4,4,2,2,2,2,2,4,4,4,4,2,2,2,2,4,2,2,4,4,4,4,4,2,4,4,4,4,4,2,2,2,2,2,2,4,4,2,2,4,4,2,2,2,2,4,4,2,2,4,2,2,2,2,6,6,2,2,2,2,4,4,2,2,2,2,4,2,2,2,2,2,2,2,2,6,6,4,4,2,2,4,4,2,2,4,2,2,2,2,2,2,4,4,4,4,4,4,2,2,2,2,2,2,4,4,4,4,2,2,4,4,4,2,2,4,4,4,4,4,4,4,4,2,2,4,4,2,2,2,2,2,2,2,4,4,2,2,4,4,6,6,4,4,4,2,2,4,4,2,2,2,2,4,4,2,2,2,2,4,4,4,4,4,4,2,2,4,4,2,2,2,2,4,4,4,4,4,4,4,4,4,4,2,2,2,2,4,4,4,4,4,4,4,4,2,2,2,2,4,4,2,2,4,4,4,4,2,2,4,2,2,4,4,4,4,4,4,4,4,4,2,2,2,2,4,2,2,2,2,4,4,4,4,4,4,2,2,2,2,4,4,4,4,4,4,2,2,2,2,2,2,2,2,2,2,2,2,2,2,2,4,4,4,4,4,4,4,2,2,2,2,2,2,2,2,2,2,4,2,2,4,4,2,2,4,4,4,4,4,4,4,4,4,4,4,4,4,4,4,4,4,2,2,2,2,4,4,4,2,2,4,4,2,2,2,2,4,4,2,2,4,4,4,2,2,2,2,2,2,4,4,4,2,2,2,2,2,2,2,2,2,2,2,2,2,2,2,2,4,4,4,2,2,4,4,4,2,2,4,4,2,2,2,2,2,2,2,2,2,2,2,2,2,4,2,2,2,2,2,2,2,2,2,2,2,4,2,2,2,2,2,2,2,2,2,2,2,2,2,2,2,2,2,2,2,2,2,2,2,2,2,2,2,2,2,2,2,2,2,2,2,2,2,2,2,2,2,2,2,2,2,2,2,2,2,2,2,2,2,2,2,2,2,2,2,2,2,2,2,2,2,2,2,2,2,2,2,2,2,2,2,2,2,2,2,2,2,2,2,2,2,2,2,4,2,2]",1.0,1.0,1.0,1.0,1.0,0.0,0.0,0.0,0.0220970818059213,1.0,24.48641742107381,0.0009024220009785,1.0,0.0,0.0220970818059213,0.0,0.0,0.0,0.0001104854090296,100,0.01,1.0,753900,15876,103.26404916701722,0.2530182909977156,135.58054470899515,0.9999999941299396,5.870060548751611e-09,1.0,1.1740121097503222e-08,1.0,1.7798625546277087,0.0001083518393821,5.621059173677169e-13,5.621059173677169e-13,1e-12,analysis/fermionic_structure_ablation_extension_hgbs5.csv,5.870060548751611e-09,1.0,1.0
success,,NH3_s-1.00_hgbs-5_as-008-010,hamiltonian_generator/polyatomic_library/NH3/s-1.00/hgbs-5/NH3_s-1.00_hgbs-5_as-008-010.tensors.npz,NH3,s-1.00,hgbs-5,8,10,18,3899,7539,5642,0.7483751160631383,0,jw_signed_baseline,-1,-1,final JW Pauli terms ordered directly by increasing signed coefficient with dense Pauli lexicographic tie-breaking,,aed5634d20137539,"[1,1,1,1,1,1,1,1,1,1,1,1,1,1,1,1,1,1,1,1,1,1,1,1,1,1,1,1,1,1,1,1,1,1,1,1,1,1,1,1,1,1,1,1,1,1,2,2,2,2,1,1,1,1,1,1,1,1,1,1,1,1,1,1,1,1,1,1,1,1,4,4,1,1,1,1,1,1,1,1,1,1,1,1,1,1,1,1,4,1,1,1,1,1,1,1,1,1,1,1,1,1,1,1,1,1,1,1,1,1,1,1,1,1,1,1,1,1,1,1,1,1,1,1,1,1,1,1,1,1,1,1,1,1,1,1,1,1,1,1,1,1,1,2,2,1,1,1,1,1,1,1,1,1,1,1,1,1,1,1,1,1,1,1,1,1,1,1,1,1,1,1,1,1,4,1,1,1,1,1,1,2,2,2,4,4,4,4,2,2,2,2,2,2,2,2,2,2,2,2,2,2,2,2,2,2,2,2,2,2,2,2,2,2,2,2,2,2,2,2,4,4,2,4,2,4,2,2,2,2,2,2,2,2,2,2,2,2,2,2,2,2,2,2,2,4,4,2,4,2,2,2,2,2,2,2,4,4,4,4,4,4,4,4,2,2,2,2,2,2,4,2,4,2,4,2,2,2,2,2,2,2,2,4,4,2,4,4,4,4,4,4,4,4,2,2,6,6,4,4,4,4,2,4,2,2,2,4,2,2,2,2,2,4,4,4,2,2,2,2,2,4,4,4,4,2,2,2,2,4,4,2,2,4,4,4,4,4,2,2,4,4,4,4,4,2,2,2,2,2,2,4,4,4,4,2,2,4,4,6,6,2,2,4,4,2,2,2,2,2,2,4,4,4,4,4,4,4,2,2,4,4,4,4,4,4,2,2,2,2,4,4,4,4,4,4,4,4,4,4,4,4,4,2,2,2,2,2,4,4,4,4,4,4,4,2,2,4,4,4,2,2,4,4,4,4,2,2,2,2,2,2,2,4,4,4,6,6,6,6,4,4,2,2,2,2,4,4,4,4,4,2,2,4,4,4,4,4,4,2,2,4,4,4,4,4,4,4,2,2,2,2,4,4,4,4,2,2,4,4,4,2,2,2,6,6,4,4,6,6,6,6,4,4,4,4,4,4,4,4,4,4,4,2,2,2,2,2,4,4,2,2,2,2,4,4,2,2,4,6,6,4,4,2,2,2,2,4,4,4,4,2,2,2,2,2,2,2,2,2,2,2,2,2,2,4,4,4,4,4,4,4,4,6,6,4,4,4,4,4,4,4,4,4,4,4,4,4,6,6,4,4,4,4,4,4,4,4,4,4,4,4,4,4,2,2,2,2,6,6,6,6,4,4,2,2,2,2,6,6,6,6,6,6,6,6,6,6,4,4,4,4,4,4,4,4,4,4,4,4,4,4,4,4,4,4,4,2,2,4,4,4,6,6,6,6,2,2,6,6,2,2,4,4,2,2,2,2,6,6,4,4,4,4,4,4,4,4,4,4,4,4,4,4,4,4,4,4,4,4,4,4,6,6,6,6,6,6,4,4,4,4,4,4,4,4,4,4,6,6,4,4,2,2,4,4,6,6,6,6,4,4,4,4,4,4,2,2,2,2,2,2,6,6,6,6,4,4,4,4,2,2,4,4,2,2,4,4,4,4,2,2,2,2,4,4,4,4,6,6,2,2,2,2,2,4,2,2,6,6,2,2,4,4,4,4,4,4,4,4,2,2,2,2,2,2,4,4,2,2,4,4,4,4,6,6,6,6,4,4,2,2,2,4,4,4,4,2,2,4,4,4,4,4,4,4,4,2,2,2,2,4,4,4,4,4,2,2,2,2,2,2,4,4,4,4,6,6,4,4,4,4,4,4,4,4,2,2,4,4,4,4,4,4,2,2,2,2,2,2,4,4,4,4,4,4,4,4,4,4,4,6,6,2,2,6,6,4,4,4,4,4,4,4,4,2,2,4,4,4,4,4,4,4,4,2,2,4,4,2,2,2,2,2,2,2,2,2,2,4,4,4,4,4,2,2,2,2,2,2,4,4,4,4,4,4,2,2,4,4,4,4,4,4,4,4,4,4,4,2,2,6,6,2,2,2,2,4,4,4,4,2,2,4,4,2,2,4,4,4,4,4,4,4,4,6,6,6,6,4,4,4,2,4,4,4,4,4,4,4,4,4,4,4,2,2,4,6,6,6,6,6,6,4,4,2,2,2,4,4,6,6,4,4,4,4,2,2,4,4,4,4,4,4,4,4,2,2,4,4,4,4,4,4,4,4,4,4,2,2,4,4,4,4,4,4,2,2,2,2,4,4,2,2,2,2,2,2,4,4,4,4,4,4,4,4,4,4,4,4,4,4,4,4,4,2,2,2,2,4,4,4,4,4,4,4,4,4,4,4,2,2,6,6,4,4,4,4,4,4,4,4,4,4,4,4,4,4,4,4,4,4,4,2,2,4,2,2,2,4,4,4,4,4,4,4,4,4,4,4,4,4,6,6,2,2,4,4,4,4,4,4,4,4,4,4,4,2,2,2,2,4,4,2,4,4,4,4,4,4,4,4,4,2,2,4,4,4,4,4,4,4,2,2,2,2,4,4,4,4,4,4,4,4,4,4,4,2,2,4,4,2,2,4,4,4,6,6,4,4,4,4,4,4,4,4,4,4,4,4,6,6,6,6,2,2,2,2,4,4,4,4,4,4,4,4,4,4,4,4,4,4,4,4,4,4,4,4,4,4,4,4,4,4,2,2,6,6,4,4,2,2,4,4,4,4,2,2,4,4,4,4,4,4,4,4,4,4,4,4,4,4,4,4,4,4,4,4,2,2,6,6,2,2,4,4,4,4,4,4,4,4,4,4,4,4,4,4,4,4,2,2,4,4,2,2,2,4,4,4,4,4,4,4,2,2,2,2,2,2,2,2,4,4,4,4,4,4,4,2,2,2,2,4,4,6,6,6,6,6,6,4,4,4,4,2,2,4,4,4,4,6,6,4,4,2,4,4,4,4,4,4,4,4,4,4,4,4,4,4,4,4,4,4,2,2,2,2,4,4,4,4,4,4,4,2,2,2,2,4,4,4,4,4,4,2,4,2,2,6,6,6,6,6,6,4,4,4,4,4,4,4,4,4,2,4,4,4,4,4,4,4,4,4,4,4,4,4,4,4,4,4,4,4,4,4,4,6,6,4,4,2,2,4,4,4,4,4,4,4,4,4,4,4,4,4,4,4,4,2,2,2,2,2,4,4,4,4,4,4,2,2,4,2,4,4,2,2,4,4,4,4,4,4,4,4,4,4,4,4,4,4,4,4,4,4,4,6,6,4,4,4,4,4,4,4,6,6,4,4,4,4,4,4,4,4,4,4,2,2,4,4,2,2,2,4,4,4,4,4,4,4,4,2,2,6,6,6,6,6,6,4,4,4,4,4,6,6,2,2,4,4,4,4,4,2,2,4,4,2,2,4,2,2,2,4,4,2,2,4,4,4,4,4,4,4,4,4,4,4,2,2,4,4,4,4,4,4,4,4,4,4,4,4,6,6,4,4,2,2,2,2,4,4,4,4,4,4,4,2,2,2,2,4,2,2,4,4,2,2,4,4,4,4,2,2,4,4,4,2,2,4,4,2,2,2,4,2,2,4,4,4,2,2,4,4,4,4,4,2,2,4,4,4,4,2,2,2,2,2,2,2,4,4,4,4,4,4,2,2,2,4,4,4,2,2,4,4,2,2,4,4,2,4,4,6,6,4,4,4,4,4,4,2,2,4,4,4,4,4,4,4,4,4,4,4,4,2,2,2,4,4,4,6,6,6,6,6,6,4,2,4,4,4,4,4,2,2,2,2,4,4,4,4,2,2,2,2,2,2,2,2,2,4,4,4,4,4,2,2,4,4,2,2,4,4,4,2,2,2,2,2,4,4,2,2,4,4,2,2,4,4,2,2,4,4,4,4,4,4,2,2,2,2,2,2,4,4,4,4,4,4,4,4,4,4,4,4,4,4,4,4,4,4,4,4,4,4,4,4,4,2,2,4,4,4,4,2,2,4,4,2,2,4,4,4,2,2,2,4,4,4,4,4,4,4,4,2,2,4,4,2,2,4,4,4,2,2,4,4,4,4,4,2,2,2,4,4,6,6,6,6,4,4,2,2,2,2,4,4,4,4,2,2,4,2,2,2,2,4,4,4,4,4,4,4,2,2,2,2,2,2,4,4,2,2,2,2,2,2,2,2,2,2,2,2,6,6,2,2,2,2,4,4,2,2,4,4,4,4,4,4,4,4,2,2,2,2,2,4,4,4,4,2,2,2,2,4,2,2,4,4,4,4,4,2,4,4,4,4,4,2,2,2,2,2,2,4,4,2,2,4,4,2,2,2,2,4,4,2,2,4,2,2,2,2,6,6,2,2,2,2,4,4,2,2,2,2,4,2,2,2,2,2,2,2,2,6,6,4,4,2,2,4,4,2,2,4,2,2,2,2,2,2,4,4,4,4,4,4,2,2,2,2,2,2,4,4,4,4,2,2,4,4,4,2,2,4,4,4,4,4,4,4,4,2,2,4,4,2,2,2,2,2,2,2,4,4,2,2,4,4,6,6,4,4,4,2,2,4,4,2,2,2,2,4,4,2,2,2,2,4,4,4,4,4,4,2,2,4,4,2,2,2,2,4,4,4,4,4,4,4,4,4,4,2,2,2,2,4,4,4,4,4,4,4,4,2,2,2,2,4,4,2,2,4,4,4,4,2,2,4,2,2,4,4,4,4,4,4,4,4,4,2,2,2,2,4,2,2,2,2,4,4,4,4,4,4,2,2,2,2,4,4,4,4,4,4,2,2,2,2,2,2,2,2,2,2,2,2,2,2,2,4,4,4,4,4,4,4,2,2,2,2,2,2,2,2,2,2,4,2,2,4,4,2,2,4,4,4,4,4,4,4,4,4,4,4,4,4,4,4,4,4,2,2,2,2,4,4,4,2,2,4,4,2,2,2,2,4,4,2,2,4,4,4,2,2,2,2,2,2,4,4,4,2,2,2,2,2,2,2,2,2,2,2,2,2,2,2,2,4,4,4,2,2,4,4,4,2,2,4,4,2,2,2,2,2,2,2,2,2,2,2,2,2,4,2,2,2,2,2,2,2,2,2,2,2,4,2,2,2,2,2,2,2,2,2,2,2,2,2,2,2,2,2,2,2,2,2,2,2,2,2,2,2,2,2,2,2,2,2,2,2,2,2,2,2,2,2,2,2,2,2,2,2,2,2,2,2,2,2,2,2,2,2,2,2,2,2,2,2,2,2,2,2,2,2,2,2,2,2,2,2,2,2,2,2,2,2,2,2,2,2,2,2,4,2,2]",1.380751371886872,3.0,0.7087378640776699,188.32478542282257,251.8782331874254,0.6709950898441878,0.8922224595109721,0.8922224595109721,0.2718159862490386,12.30099017763516,24.48641742107381,0.0111006841701189,12.30099017763516,0.0,0.2718159862490386,0.0,0.0,0.0,0.0013590799312451,100,0.01,1.0,753900,15876,103.26404916701722,0.2530182909977156,139.91646033298457,0.999999749582648,2.504173519657371e-07,42.66009692506384,5.008346412038733e-07,42.66009158205244,1.7798634387008587,0.0007076967598706,1.28081186767659e-08,1.2808950788922855e-08,1e-12,analysis/fermionic_structure_ablation_extension_hgbs5.csv,5.870060548751611e-09,151.3143593502767,42.66009692506383
success,,NH3_s-1.00_hgbs-5_as-008-010,hamiltonian_generator/polyatomic_library/NH3/s-1.00/hgbs-5/NH3_s-1.00_hgbs-5_as-008-010.tensors.npz,NH3,s-1.00,hgbs-5,8,10,18,3899,7539,5642,0.7483751160631383,0,signed_parent_blocks_randomized,0,2602323171,"reference signed-fermionic parent-owned Pauli blocks preserved internally and kept contiguous, but whole parent blocks randomly permuted",25589338f04a496f,e7ee6c6f4eb8a789,"[1,1,1,1,1,1,1,1,1,1,1,1,1,1,1,1,1,1,1,1,1,1,1,1,1,1,1,1,1,1,1,1,1,1,1,1,1,1,1,1,1,1,1,1,1,1,2,2,2,2,1,1,1,1,1,1,1,1,1,1,1,1,1,1,1,1,1,1,1,1,4,4,1,1,1,1,1,1,1,1,1,1,1,1,1,1,1,1,4,1,1,1,1,1,1,1,1,1,1,1,1,1,1,1,1,1,1,1,1,1,1,1,1,1,1,1,1,1,1,1,1,1,1,1,1,1,1,1,1,1,1,1,1,1,1,1,1,1,1,1,1,1,1,2,2,1,1,1,1,1,1,1,1,1,1,1,1,1,1,1,1,1,1,1,1,1,1,1,1,1,1,1,1,1,4,1,1,1,1,1,1,2,2,2,4,4,4,4,2,2,2,2,2,2,2,2,2,2,2,2,2,2,2,2,2,2,2,2,2,2,2,2,2,2,2,2,2,2,2,2,4,4,2,4,2,4,2,2,2,2,2,2,2,2,2,2,2,2,2,2,2,2,2,2,2,4,4,2,4,2,2,2,2,2,2,2,4,4,4,4,4,4,4,4,2,2,2,2,2,2,4,2,4,2,4,2,2,2,2,2,2,2,2,4,4,2,4,4,4,4,4,4,4,4,2,2,6,6,4,4,4,4,2,4,2,2,2,4,2,2,2,2,2,4,4,4,2,2,2,2,2,4,4,4,4,2,2,2,2,4,4,2,2,4,4,4,4,4,2,2,4,4,4,4,4,2,2,2,2,2,2,4,4,4,4,2,2,4,4,6,6,2,2,4,4,2,2,2,2,2,2,4,4,4,4,4,4,4,2,2,4,4,4,4,4,4,2,2,2,2,4,4,4,4,4,4,4,4,4,4,4,4,4,2,2,2,2,2,4,4,4,4,4,4,4,2,2,4,4,4,2,2,4,4,4,4,2,2,2,2,2,2,2,4,4,4,6,6,6,6,4,4,2,2,2,2,4,4,4,4,4,2,2,4,4,4,4,4,4,2,2,4,4,4,4,4,4,4,2,2,2,2,4,4,4,4,2,2,4,4,4,2,2,2,6,6,4,4,6,6,6,6,4,4,4,4,4,4,4,4,4,4,4,2,2,2,2,2,4,4,2,2,2,2,4,4,2,2,4,6,6,4,4,2,2,2,2,4,4,4,4,2,2,2,2,2,2,2,2,2,2,2,2,2,2,4,4,4,4,4,4,4,4,6,6,4,4,4,4,4,4,4,4,4,4,4,4,4,6,6,4,4,4,4,4,4,4,4,4,4,4,4,4,4,2,2,2,2,6,6,6,6,4,4,2,2,2,2,6,6,6,6,6,6,6,6,6,6,4,4,4,4,4,4,4,4,4,4,4,4,4,4,4,4,4,4,4,2,2,4,4,4,6,6,6,6,2,2,6,6,2,2,4,4,2,2,2,2,6,6,4,4,4,4,4,4,4,4,4,4,4,4,4,4,4,4,4,4,4,4,4,4,6,6,6,6,6,6,4,4,4,4,4,4,4,4,4,4,6,6,4,4,2,2,4,4,6,6,6,6,4,4,4,4,4,4,2,2,2,2,2,2,6,6,6,6,4,4,4,4,2,2,4,4,2,2,4,4,4,4,2,2,2,2,4,4,4,4,6,6,2,2,2,2,2,4,2,2,6,6,2,2,4,4,4,4,4,4,4,4,2,2,2,2,2,2,4,4,2,2,4,4,4,4,6,6,6,6,4,4,2,2,2,4,4,4,4,2,2,4,4,4,4,4,4,4,4,2,2,2,2,4,4,4,4,4,2,2,2,2,2,2,4,4,4,4,6,6,4,4,4,4,4,4,4,4,2,2,4,4,4,4,4,4,2,2,2,2,2,2,4,4,4,4,4,4,4,4,4,4,4,6,6,2,2,6,6,4,4,4,4,4,4,4,4,2,2,4,4,4,4,4,4,4,4,2,2,4,4,2,2,2,2,2,2,2,2,2,2,4,4,4,4,4,2,2,2,2,2,2,4,4,4,4,4,4,2,2,4,4,4,4,4,4,4,4,4,4,4,2,2,6,6,2,2,2,2,4,4,4,4,2,2,4,4,2,2,4,4,4,4,4,4,4,4,6,6,6,6,4,4,4,2,4,4,4,4,4,4,4,4,4,4,4,2,2,4,6,6,6,6,6,6,4,4,2,2,2,4,4,6,6,4,4,4,4,2,2,4,4,4,4,4,4,4,4,2,2,4,4,4,4,4,4,4,4,4,4,2,2,4,4,4,4,4,4,2,2,2,2,4,4,2,2,2,2,2,2,4,4,4,4,4,4,4,4,4,4,4,4,4,4,4,4,4,2,2,2,2,4,4,4,4,4,4,4,4,4,4,4,2,2,6,6,4,4,4,4,4,4,4,4,4,4,4,4,4,4,4,4,4,4,4,2,2,4,2,2,2,4,4,4,4,4,4,4,4,4,4,4,4,4,6,6,2,2,4,4,4,4,4,4,4,4,4,4,4,2,2,2,2,4,4,2,4,4,4,4,4,4,4,4,4,2,2,4,4,4,4,4,4,4,2,2,2,2,4,4,4,4,4,4,4,4,4,4,4,2,2,4,4,2,2,4,4,4,6,6,4,4,4,4,4,4,4,4,4,4,4,4,6,6,6,6,2,2,2,2,4,4,4,4,4,4,4,4,4,4,4,4,4,4,4,4,4,4,4,4,4,4,4,4,4,4,2,2,6,6,4,4,2,2,4,4,4,4,2,2,4,4,4,4,4,4,4,4,4,4,4,4,4,4,4,4,4,4,4,4,2,2,6,6,2,2,4,4,4,4,4,4,4,4,4,4,4,4,4,4,4,4,2,2,4,4,2,2,2,4,4,4,4,4,4,4,2,2,2,2,2,2,2,2,4,4,4,4,4,4,4,2,2,2,2,4,4,6,6,6,6,6,6,4,4,4,4,2,2,4,4,4,4,6,6,4,4,2,4,4,4,4,4,4,4,4,4,4,4,4,4,4,4,4,4,4,2,2,2,2,4,4,4,4,4,4,4,2,2,2,2,4,4,4,4,4,4,2,4,2,2,6,6,6,6,6,6,4,4,4,4,4,4,4,4,4,2,4,4,4,4,4,4,4,4,4,4,4,4,4,4,4,4,4,4,4,4,4,4,6,6,4,4,2,2,4,4,4,4,4,4,4,4,4,4,4,4,4,4,4,4,2,2,2,2,2,4,4,4,4,4,4,2,2,4,2,4,4,2,2,4,4,4,4,4,4,4,4,4,4,4,4,4,4,4,4,4,4,4,6,6,4,4,4,4,4,4,4,6,6,4,4,4,4,4,4,4,4,4,4,2,2,4,4,2,2,2,4,4,4,4,4,4,4,4,2,2,6,6,6,6,6,6,4,4,4,4,4,6,6,2,2,4,4,4,4,4,2,2,4,4,2,2,4,2,2,2,4,4,2,2,4,4,4,4,4,4,4,4,4,4,4,2,2,4,4,4,4,4,4,4,4,4,4,4,4,6,6,4,4,2,2,2,2,4,4,4,4,4,4,4,2,2,2,2,4,2,2,4,4,2,2,4,4,4,4,2,2,4,4,4,2,2,4,4,2,2,2,4,2,2,4,4,4,2,2,4,4,4,4,4,2,2,4,4,4,4,2,2,2,2,2,2,2,4,4,4,4,4,4,2,2,2,4,4,4,2,2,4,4,2,2,4,4,2,4,4,6,6,4,4,4,4,4,4,2,2,4,4,4,4,4,4,4,4,4,4,4,4,2,2,2,4,4,4,6,6,6,6,6,6,4,2,4,4,4,4,4,2,2,2,2,4,4,4,4,2,2,2,2,2,2,2,2,2,4,4,4,4,4,2,2,4,4,2,2,4,4,4,2,2,2,2,2,4,4,2,2,4,4,2,2,4,4,2,2,4,4,4,4,4,4,2,2,2,2,2,2,4,4,4,4,4,4,4,4,4,4,4,4,4,4,4,4,4,4,4,4,4,4,4,4,4,2,2,4,4,4,4,2,2,4,4,2,2,4,4,4,2,2,2,4,4,4,4,4,4,4,4,2,2,4,4,2,2,4,4,4,2,2,4,4,4,4,4,2,2,2,4,4,6,6,6,6,4,4,2,2,2,2,4,4,4,4,2,2,4,2,2,2,2,4,4,4,4,4,4,4,2,2,2,2,2,2,4,4,2,2,2,2,2,2,2,2,2,2,2,2,6,6,2,2,2,2,4,4,2,2,4,4,4,4,4,4,4,4,2,2,2,2,2,4,4,4,4,2,2,2,2,4,2,2,4,4,4,4,4,2,4,4,4,4,4,2,2,2,2,2,2,4,4,2,2,4,4,2,2,2,2,4,4,2,2,4,2,2,2,2,6,6,2,2,2,2,4,4,2,2,2,2,4,2,2,2,2,2,2,2,2,6,6,4,4,2,2,4,4,2,2,4,2,2,2,2,2,2,4,4,4,4,4,4,2,2,2,2,2,2,4,4,4,4,2,2,4,4,4,2,2,4,4,4,4,4,4,4,4,2,2,4,4,2,2,2,2,2,2,2,4,4,2,2,4,4,6,6,4,4,4,2,2,4,4,2,2,2,2,4,4,2,2,2,2,4,4,4,4,4,4,2,2,4,4,2,2,2,2,4,4,4,4,4,4,4,4,4,4,2,2,2,2,4,4,4,4,4,4,4,4,2,2,2,2,4,4,2,2,4,4,4,4,2,2,4,2,2,4,4,4,4,4,4,4,4,4,2,2,2,2,4,2,2,2,2,4,4,4,4,4,4,2,2,2,2,4,4,4,4,4,4,2,2,2,2,2,2,2,2,2,2,2,2,2,2,2,4,4,4,4,4,4,4,2,2,2,2,2,2,2,2,2,2,4,2,2,4,4,2,2,4,4,4,4,4,4,4,4,4,4,4,4,4,4,4,4,4,2,2,2,2,4,4,4,2,2,4,4,2,2,2,2,4,4,2,2,4,4,4,2,2,2,2,2,2,4,4,4,2,2,2,2,2,2,2,2,2,2,2,2,2,2,2,2,4,4,4,2,2,4,4,4,2,2,4,4,2,2,2,2,2,2,2,2,2,2,2,2,2,4,2,2,2,2,2,2,2,2,2,2,2,4,2,2,2,2,2,2,2,2,2,2,2,2,2,2,2,2,2,2,2,2,2,2,2,2,2,2,2,2,2,2,2,2,2,2,2,2,2,2,2,2,2,2,2,2,2,2,2,2,2,2,2,2,2,2,2,2,2,2,2,2,2,2,2,2,2,2,2,2,2,2,2,2,2,2,2,2,2,2,2,2,2,2,2,2,2,2,2,4,2,2]",1.0,1.0,1.0,1.0,1.0,0.4958719929012,0.5088663495810707,0.5088663495810707,0.2755284811116108,12.468998555174744,24.48641742107381,0.0112522986263593,12.46899855517474,0.0,0.2755284811116108,0.0,0.0,0.0,0.001377642405558,100,0.01,1.0,753900,15876,103.26404916701722,0.2530182909977156,140.1078514160181,0.9999990774920192,9.22507980893883e-07,157.15476411739456,1.8450151108018176e-06,157.15469163211597,1.7798629614767485,0.0013583136463231,6.323830348264893e-13,6.326050794314142e-13,1e-12,analysis/fermionic_structure_ablation_extension_hgbs5.csv,5.870060548751611e-09,155.47592496894987,157.15476411739454
success,,NH3_s-1.00_hgbs-5_as-008-010,hamiltonian_generator/polyatomic_library/NH3/s-1.00/hgbs-5/NH3_s-1.00_hgbs-5_as-008-010.tensors.npz,NH3,s-1.00,hgbs-5,8,10,18,3899,7539,5642,0.7483751160631383,0,signed_parent_blocks_randomized,1,1013045759,"reference signed-fermionic parent-owned Pauli blocks preserved internally and kept contiguous, but whole parent blocks randomly permuted",601e5be786e8cf61,d4d0d92906d51b59,"[1,1,1,1,1,1,1,1,1,1,1,1,1,1,1,1,1,1,1,1,1,1,1,1,1,1,1,1,1,1,1,1,1,1,1,1,1,1,1,1,1,1,1,1,1,1,2,2,2,2,1,1,1,1,1,1,1,1,1,1,1,1,1,1,1,1,1,1,1,1,4,4,1,1,1,1,1,1,1,1,1,1,1,1,1,1,1,1,4,1,1,1,1,1,1,1,1,1,1,1,1,1,1,1,1,1,1,1,1,1,1,1,1,1,1,1,1,1,1,1,1,1,1,1,1,1,1,1,1,1,1,1,1,1,1,1,1,1,1,1,1,1,1,2,2,1,1,1,1,1,1,1,1,1,1,1,1,1,1,1,1,1,1,1,1,1,1,1,1,1,1,1,1,1,4,1,1,1,1,1,1,2,2,2,4,4,4,4,2,2,2,2,2,2,2,2,2,2,2,2,2,2,2,2,2,2,2,2,2,2,2,2,2,2,2,2,2,2,2,2,4,4,2,4,2,4,2,2,2,2,2,2,2,2,2,2,2,2,2,2,2,2,2,2,2,4,4,2,4,2,2,2,2,2,2,2,4,4,4,4,4,4,4,4,2,2,2,2,2,2,4,2,4,2,4,2,2,2,2,2,2,2,2,4,4,2,4,4,4,4,4,4,4,4,2,2,6,6,4,4,4,4,2,4,2,2,2,4,2,2,2,2,2,4,4,4,2,2,2,2,2,4,4,4,4,2,2,2,2,4,4,2,2,4,4,4,4,4,2,2,4,4,4,4,4,2,2,2,2,2,2,4,4,4,4,2,2,4,4,6,6,2,2,4,4,2,2,2,2,2,2,4,4,4,4,4,4,4,2,2,4,4,4,4,4,4,2,2,2,2,4,4,4,4,4,4,4,4,4,4,4,4,4,2,2,2,2,2,4,4,4,4,4,4,4,2,2,4,4,4,2,2,4,4,4,4,2,2,2,2,2,2,2,4,4,4,6,6,6,6,4,4,2,2,2,2,4,4,4,4,4,2,2,4,4,4,4,4,4,2,2,4,4,4,4,4,4,4,2,2,2,2,4,4,4,4,2,2,4,4,4,2,2,2,6,6,4,4,6,6,6,6,4,4,4,4,4,4,4,4,4,4,4,2,2,2,2,2,4,4,2,2,2,2,4,4,2,2,4,6,6,4,4,2,2,2,2,4,4,4,4,2,2,2,2,2,2,2,2,2,2,2,2,2,2,4,4,4,4,4,4,4,4,6,6,4,4,4,4,4,4,4,4,4,4,4,4,4,6,6,4,4,4,4,4,4,4,4,4,4,4,4,4,4,2,2,2,2,6,6,6,6,4,4,2,2,2,2,6,6,6,6,6,6,6,6,6,6,4,4,4,4,4,4,4,4,4,4,4,4,4,4,4,4,4,4,4,2,2,4,4,4,6,6,6,6,2,2,6,6,2,2,4,4,2,2,2,2,6,6,4,4,4,4,4,4,4,4,4,4,4,4,4,4,4,4,4,4,4,4,4,4,6,6,6,6,6,6,4,4,4,4,4,4,4,4,4,4,6,6,4,4,2,2,4,4,6,6,6,6,4,4,4,4,4,4,2,2,2,2,2,2,6,6,6,6,4,4,4,4,2,2,4,4,2,2,4,4,4,4,2,2,2,2,4,4,4,4,6,6,2,2,2,2,2,4,2,2,6,6,2,2,4,4,4,4,4,4,4,4,2,2,2,2,2,2,4,4,2,2,4,4,4,4,6,6,6,6,4,4,2,2,2,4,4,4,4,2,2,4,4,4,4,4,4,4,4,2,2,2,2,4,4,4,4,4,2,2,2,2,2,2,4,4,4,4,6,6,4,4,4,4,4,4,4,4,2,2,4,4,4,4,4,4,2,2,2,2,2,2,4,4,4,4,4,4,4,4,4,4,4,6,6,2,2,6,6,4,4,4,4,4,4,4,4,2,2,4,4,4,4,4,4,4,4,2,2,4,4,2,2,2,2,2,2,2,2,2,2,4,4,4,4,4,2,2,2,2,2,2,4,4,4,4,4,4,2,2,4,4,4,4,4,4,4,4,4,4,4,2,2,6,6,2,2,2,2,4,4,4,4,2,2,4,4,2,2,4,4,4,4,4,4,4,4,6,6,6,6,4,4,4,2,4,4,4,4,4,4,4,4,4,4,4,2,2,4,6,6,6,6,6,6,4,4,2,2,2,4,4,6,6,4,4,4,4,2,2,4,4,4,4,4,4,4,4,2,2,4,4,4,4,4,4,4,4,4,4,2,2,4,4,4,4,4,4,2,2,2,2,4,4,2,2,2,2,2,2,4,4,4,4,4,4,4,4,4,4,4,4,4,4,4,4,4,2,2,2,2,4,4,4,4,4,4,4,4,4,4,4,2,2,6,6,4,4,4,4,4,4,4,4,4,4,4,4,4,4,4,4,4,4,4,2,2,4,2,2,2,4,4,4,4,4,4,4,4,4,4,4,4,4,6,6,2,2,4,4,4,4,4,4,4,4,4,4,4,2,2,2,2,4,4,2,4,4,4,4,4,4,4,4,4,2,2,4,4,4,4,4,4,4,2,2,2,2,4,4,4,4,4,4,4,4,4,4,4,2,2,4,4,2,2,4,4,4,6,6,4,4,4,4,4,4,4,4,4,4,4,4,6,6,6,6,2,2,2,2,4,4,4,4,4,4,4,4,4,4,4,4,4,4,4,4,4,4,4,4,4,4,4,4,4,4,2,2,6,6,4,4,2,2,4,4,4,4,2,2,4,4,4,4,4,4,4,4,4,4,4,4,4,4,4,4,4,4,4,4,2,2,6,6,2,2,4,4,4,4,4,4,4,4,4,4,4,4,4,4,4,4,2,2,4,4,2,2,2,4,4,4,4,4,4,4,2,2,2,2,2,2,2,2,4,4,4,4,4,4,4,2,2,2,2,4,4,6,6,6,6,6,6,4,4,4,4,2,2,4,4,4,4,6,6,4,4,2,4,4,4,4,4,4,4,4,4,4,4,4,4,4,4,4,4,4,2,2,2,2,4,4,4,4,4,4,4,2,2,2,2,4,4,4,4,4,4,2,4,2,2,6,6,6,6,6,6,4,4,4,4,4,4,4,4,4,2,4,4,4,4,4,4,4,4,4,4,4,4,4,4,4,4,4,4,4,4,4,4,6,6,4,4,2,2,4,4,4,4,4,4,4,4,4,4,4,4,4,4,4,4,2,2,2,2,2,4,4,4,4,4,4,2,2,4,2,4,4,2,2,4,4,4,4,4,4,4,4,4,4,4,4,4,4,4,4,4,4,4,6,6,4,4,4,4,4,4,4,6,6,4,4,4,4,4,4,4,4,4,4,2,2,4,4,2,2,2,4,4,4,4,4,4,4,4,2,2,6,6,6,6,6,6,4,4,4,4,4,6,6,2,2,4,4,4,4,4,2,2,4,4,2,2,4,2,2,2,4,4,2,2,4,4,4,4,4,4,4,4,4,4,4,2,2,4,4,4,4,4,4,4,4,4,4,4,4,6,6,4,4,2,2,2,2,4,4,4,4,4,4,4,2,2,2,2,4,2,2,4,4,2,2,4,4,4,4,2,2,4,4,4,2,2,4,4,2,2,2,4,2,2,4,4,4,2,2,4,4,4,4,4,2,2,4,4,4,4,2,2,2,2,2,2,2,4,4,4,4,4,4,2,2,2,4,4,4,2,2,4,4,2,2,4,4,2,4,4,6,6,4,4,4,4,4,4,2,2,4,4,4,4,4,4,4,4,4,4,4,4,2,2,2,4,4,4,6,6,6,6,6,6,4,2,4,4,4,4,4,2,2,2,2,4,4,4,4,2,2,2,2,2,2,2,2,2,4,4,4,4,4,2,2,4,4,2,2,4,4,4,2,2,2,2,2,4,4,2,2,4,4,2,2,4,4,2,2,4,4,4,4,4,4,2,2,2,2,2,2,4,4,4,4,4,4,4,4,4,4,4,4,4,4,4,4,4,4,4,4,4,4,4,4,4,2,2,4,4,4,4,2,2,4,4,2,2,4,4,4,2,2,2,4,4,4,4,4,4,4,4,2,2,4,4,2,2,4,4,4,2,2,4,4,4,4,4,2,2,2,4,4,6,6,6,6,4,4,2,2,2,2,4,4,4,4,2,2,4,2,2,2,2,4,4,4,4,4,4,4,2,2,2,2,2,2,4,4,2,2,2,2,2,2,2,2,2,2,2,2,6,6,2,2,2,2,4,4,2,2,4,4,4,4,4,4,4,4,2,2,2,2,2,4,4,4,4,2,2,2,2,4,2,2,4,4,4,4,4,2,4,4,4,4,4,2,2,2,2,2,2,4,4,2,2,4,4,2,2,2,2,4,4,2,2,4,2,2,2,2,6,6,2,2,2,2,4,4,2,2,2,2,4,2,2,2,2,2,2,2,2,6,6,4,4,2,2,4,4,2,2,4,2,2,2,2,2,2,4,4,4,4,4,4,2,2,2,2,2,2,4,4,4,4,2,2,4,4,4,2,2,4,4,4,4,4,4,4,4,2,2,4,4,2,2,2,2,2,2,2,4,4,2,2,4,4,6,6,4,4,4,2,2,4,4,2,2,2,2,4,4,2,2,2,2,4,4,4,4,4,4,2,2,4,4,2,2,2,2,4,4,4,4,4,4,4,4,4,4,2,2,2,2,4,4,4,4,4,4,4,4,2,2,2,2,4,4,2,2,4,4,4,4,2,2,4,2,2,4,4,4,4,4,4,4,4,4,2,2,2,2,4,2,2,2,2,4,4,4,4,4,4,2,2,2,2,4,4,4,4,4,4,2,2,2,2,2,2,2,2,2,2,2,2,2,2,2,4,4,4,4,4,4,4,2,2,2,2,2,2,2,2,2,2,4,2,2,4,4,2,2,4,4,4,4,4,4,4,4,4,4,4,4,4,4,4,4,4,2,2,2,2,4,4,4,2,2,4,4,2,2,2,2,4,4,2,2,4,4,4,2,2,2,2,2,2,4,4,4,2,2,2,2,2,2,2,2,2,2,2,2,2,2,2,2,4,4,4,2,2,4,4,4,2,2,4,4,2,2,2,2,2,2,2,2,2,2,2,2,2,4,2,2,2,2,2,2,2,2,2,2,2,4,2,2,2,2,2,2,2,2,2,2,2,2,2,2,2,2,2,2,2,2,2,2,2,2,2,2,2,2,2,2,2,2,2,2,2,2,2,2,2,2,2,2,2,2,2,2,2,2,2,2,2,2,2,2,2,2,2,2,2,2,2,2,2,2,2,2,2,2,2,2,2,2,2,2,2,2,2,2,2,2,2,2,2,2,2,2,2,4,2,2]",1.0,1.0,1.0,1.0,1.0,0.5103387710202467,0.4432718388006916,0.4432718388006916,0.1989133191566165,9.001791318132977,24.48641742107381,0.0081234145337008,9.001791318132977,0.0,0.1989133191566165,0.0,0.0,0.0,0.000994566595783,100,0.01,1.0,753900,15876,103.26404916701722,0.2530182909977156,140.14654712501215,0.9999995194939004,4.805060996870836e-07,81.85709426613549,9.61011968447778e-07,81.8570745962882,1.7798618286691188,0.0009803122968596,6.449285550047534e-13,6.448175327022909e-13,1e-12,analysis/fermionic_structure_ablation_extension_hgbs5.csv,5.870060548751611e-09,81.03224693521423,81.85709426613548
success,,NH3_s-1.00_hgbs-5_as-008-010,hamiltonian_generator/polyatomic_library/NH3/s-1.00/hgbs-5/NH3_s-1.00_hgbs-5_as-008-010.tensors.npz,NH3,s-1.00,hgbs-5,8,10,18,3899,7539,5642,0.7483751160631383,0,signed_parent_blocks_randomized,2,3478939002,"reference signed-fermionic parent-owned Pauli blocks preserved internally and kept contiguous, but whole parent blocks randomly permuted",ed43eac149576ae9,06e65c7f490ff307,"[1,1,1,1,1,1,1,1,1,1,1,1,1,1,1,1,1,1,1,1,1,1,1,1,1,1,1,1,1,1,1,1,1,1,1,1,1,1,1,1,1,1,1,1,1,1,2,2,2,2,1,1,1,1,1,1,1,1,1,1,1,1,1,1,1,1,1,1,1,1,4,4,1,1,1,1,1,1,1,1,1,1,1,1,1,1,1,1,4,1,1,1,1,1,1,1,1,1,1,1,1,1,1,1,1,1,1,1,1,1,1,1,1,1,1,1,1,1,1,1,1,1,1,1,1,1,1,1,1,1,1,1,1,1,1,1,1,1,1,1,1,1,1,2,2,1,1,1,1,1,1,1,1,1,1,1,1,1,1,1,1,1,1,1,1,1,1,1,1,1,1,1,1,1,4,1,1,1,1,1,1,2,2,2,4,4,4,4,2,2,2,2,2,2,2,2,2,2,2,2,2,2,2,2,2,2,2,2,2,2,2,2,2,2,2,2,2,2,2,2,4,4,2,4,2,4,2,2,2,2,2,2,2,2,2,2,2,2,2,2,2,2,2,2,2,4,4,2,4,2,2,2,2,2,2,2,4,4,4,4,4,4,4,4,2,2,2,2,2,2,4,2,4,2,4,2,2,2,2,2,2,2,2,4,4,2,4,4,4,4,4,4,4,4,2,2,6,6,4,4,4,4,2,4,2,2,2,4,2,2,2,2,2,4,4,4,2,2,2,2,2,4,4,4,4,2,2,2,2,4,4,2,2,4,4,4,4,4,2,2,4,4,4,4,4,2,2,2,2,2,2,4,4,4,4,2,2,4,4,6,6,2,2,4,4,2,2,2,2,2,2,4,4,4,4,4,4,4,2,2,4,4,4,4,4,4,2,2,2,2,4,4,4,4,4,4,4,4,4,4,4,4,4,2,2,2,2,2,4,4,4,4,4,4,4,2,2,4,4,4,2,2,4,4,4,4,2,2,2,2,2,2,2,4,4,4,6,6,6,6,4,4,2,2,2,2,4,4,4,4,4,2,2,4,4,4,4,4,4,2,2,4,4,4,4,4,4,4,2,2,2,2,4,4,4,4,2,2,4,4,4,2,2,2,6,6,4,4,6,6,6,6,4,4,4,4,4,4,4,4,4,4,4,2,2,2,2,2,4,4,2,2,2,2,4,4,2,2,4,6,6,4,4,2,2,2,2,4,4,4,4,2,2,2,2,2,2,2,2,2,2,2,2,2,2,4,4,4,4,4,4,4,4,6,6,4,4,4,4,4,4,4,4,4,4,4,4,4,6,6,4,4,4,4,4,4,4,4,4,4,4,4,4,4,2,2,2,2,6,6,6,6,4,4,2,2,2,2,6,6,6,6,6,6,6,6,6,6,4,4,4,4,4,4,4,4,4,4,4,4,4,4,4,4,4,4,4,2,2,4,4,4,6,6,6,6,2,2,6,6,2,2,4,4,2,2,2,2,6,6,4,4,4,4,4,4,4,4,4,4,4,4,4,4,4,4,4,4,4,4,4,4,6,6,6,6,6,6,4,4,4,4,4,4,4,4,4,4,6,6,4,4,2,2,4,4,6,6,6,6,4,4,4,4,4,4,2,2,2,2,2,2,6,6,6,6,4,4,4,4,2,2,4,4,2,2,4,4,4,4,2,2,2,2,4,4,4,4,6,6,2,2,2,2,2,4,2,2,6,6,2,2,4,4,4,4,4,4,4,4,2,2,2,2,2,2,4,4,2,2,4,4,4,4,6,6,6,6,4,4,2,2,2,4,4,4,4,2,2,4,4,4,4,4,4,4,4,2,2,2,2,4,4,4,4,4,2,2,2,2,2,2,4,4,4,4,6,6,4,4,4,4,4,4,4,4,2,2,4,4,4,4,4,4,2,2,2,2,2,2,4,4,4,4,4,4,4,4,4,4,4,6,6,2,2,6,6,4,4,4,4,4,4,4,4,2,2,4,4,4,4,4,4,4,4,2,2,4,4,2,2,2,2,2,2,2,2,2,2,4,4,4,4,4,2,2,2,2,2,2,4,4,4,4,4,4,2,2,4,4,4,4,4,4,4,4,4,4,4,2,2,6,6,2,2,2,2,4,4,4,4,2,2,4,4,2,2,4,4,4,4,4,4,4,4,6,6,6,6,4,4,4,2,4,4,4,4,4,4,4,4,4,4,4,2,2,4,6,6,6,6,6,6,4,4,2,2,2,4,4,6,6,4,4,4,4,2,2,4,4,4,4,4,4,4,4,2,2,4,4,4,4,4,4,4,4,4,4,2,2,4,4,4,4,4,4,2,2,2,2,4,4,2,2,2,2,2,2,4,4,4,4,4,4,4,4,4,4,4,4,4,4,4,4,4,2,2,2,2,4,4,4,4,4,4,4,4,4,4,4,2,2,6,6,4,4,4,4,4,4,4,4,4,4,4,4,4,4,4,4,4,4,4,2,2,4,2,2,2,4,4,4,4,4,4,4,4,4,4,4,4,4,6,6,2,2,4,4,4,4,4,4,4,4,4,4,4,2,2,2,2,4,4,2,4,4,4,4,4,4,4,4,4,2,2,4,4,4,4,4,4,4,2,2,2,2,4,4,4,4,4,4,4,4,4,4,4,2,2,4,4,2,2,4,4,4,6,6,4,4,4,4,4,4,4,4,4,4,4,4,6,6,6,6,2,2,2,2,4,4,4,4,4,4,4,4,4,4,4,4,4,4,4,4,4,4,4,4,4,4,4,4,4,4,2,2,6,6,4,4,2,2,4,4,4,4,2,2,4,4,4,4,4,4,4,4,4,4,4,4,4,4,4,4,4,4,4,4,2,2,6,6,2,2,4,4,4,4,4,4,4,4,4,4,4,4,4,4,4,4,2,2,4,4,2,2,2,4,4,4,4,4,4,4,2,2,2,2,2,2,2,2,4,4,4,4,4,4,4,2,2,2,2,4,4,6,6,6,6,6,6,4,4,4,4,2,2,4,4,4,4,6,6,4,4,2,4,4,4,4,4,4,4,4,4,4,4,4,4,4,4,4,4,4,2,2,2,2,4,4,4,4,4,4,4,2,2,2,2,4,4,4,4,4,4,2,4,2,2,6,6,6,6,6,6,4,4,4,4,4,4,4,4,4,2,4,4,4,4,4,4,4,4,4,4,4,4,4,4,4,4,4,4,4,4,4,4,6,6,4,4,2,2,4,4,4,4,4,4,4,4,4,4,4,4,4,4,4,4,2,2,2,2,2,4,4,4,4,4,4,2,2,4,2,4,4,2,2,4,4,4,4,4,4,4,4,4,4,4,4,4,4,4,4,4,4,4,6,6,4,4,4,4,4,4,4,6,6,4,4,4,4,4,4,4,4,4,4,2,2,4,4,2,2,2,4,4,4,4,4,4,4,4,2,2,6,6,6,6,6,6,4,4,4,4,4,6,6,2,2,4,4,4,4,4,2,2,4,4,2,2,4,2,2,2,4,4,2,2,4,4,4,4,4,4,4,4,4,4,4,2,2,4,4,4,4,4,4,4,4,4,4,4,4,6,6,4,4,2,2,2,2,4,4,4,4,4,4,4,2,2,2,2,4,2,2,4,4,2,2,4,4,4,4,2,2,4,4,4,2,2,4,4,2,2,2,4,2,2,4,4,4,2,2,4,4,4,4,4,2,2,4,4,4,4,2,2,2,2,2,2,2,4,4,4,4,4,4,2,2,2,4,4,4,2,2,4,4,2,2,4,4,2,4,4,6,6,4,4,4,4,4,4,2,2,4,4,4,4,4,4,4,4,4,4,4,4,2,2,2,4,4,4,6,6,6,6,6,6,4,2,4,4,4,4,4,2,2,2,2,4,4,4,4,2,2,2,2,2,2,2,2,2,4,4,4,4,4,2,2,4,4,2,2,4,4,4,2,2,2,2,2,4,4,2,2,4,4,2,2,4,4,2,2,4,4,4,4,4,4,2,2,2,2,2,2,4,4,4,4,4,4,4,4,4,4,4,4,4,4,4,4,4,4,4,4,4,4,4,4,4,2,2,4,4,4,4,2,2,4,4,2,2,4,4,4,2,2,2,4,4,4,4,4,4,4,4,2,2,4,4,2,2,4,4,4,2,2,4,4,4,4,4,2,2,2,4,4,6,6,6,6,4,4,2,2,2,2,4,4,4,4,2,2,4,2,2,2,2,4,4,4,4,4,4,4,2,2,2,2,2,2,4,4,2,2,2,2,2,2,2,2,2,2,2,2,6,6,2,2,2,2,4,4,2,2,4,4,4,4,4,4,4,4,2,2,2,2,2,4,4,4,4,2,2,2,2,4,2,2,4,4,4,4,4,2,4,4,4,4,4,2,2,2,2,2,2,4,4,2,2,4,4,2,2,2,2,4,4,2,2,4,2,2,2,2,6,6,2,2,2,2,4,4,2,2,2,2,4,2,2,2,2,2,2,2,2,6,6,4,4,2,2,4,4,2,2,4,2,2,2,2,2,2,4,4,4,4,4,4,2,2,2,2,2,2,4,4,4,4,2,2,4,4,4,2,2,4,4,4,4,4,4,4,4,2,2,4,4,2,2,2,2,2,2,2,4,4,2,2,4,4,6,6,4,4,4,2,2,4,4,2,2,2,2,4,4,2,2,2,2,4,4,4,4,4,4,2,2,4,4,2,2,2,2,4,4,4,4,4,4,4,4,4,4,2,2,2,2,4,4,4,4,4,4,4,4,2,2,2,2,4,4,2,2,4,4,4,4,2,2,4,2,2,4,4,4,4,4,4,4,4,4,2,2,2,2,4,2,2,2,2,4,4,4,4,4,4,2,2,2,2,4,4,4,4,4,4,2,2,2,2,2,2,2,2,2,2,2,2,2,2,2,4,4,4,4,4,4,4,2,2,2,2,2,2,2,2,2,2,4,2,2,4,4,2,2,4,4,4,4,4,4,4,4,4,4,4,4,4,4,4,4,4,2,2,2,2,4,4,4,2,2,4,4,2,2,2,2,4,4,2,2,4,4,4,2,2,2,2,2,2,4,4,4,2,2,2,2,2,2,2,2,2,2,2,2,2,2,2,2,4,4,4,2,2,4,4,4,2,2,4,4,2,2,2,2,2,2,2,2,2,2,2,2,2,4,2,2,2,2,2,2,2,2,2,2,2,4,2,2,2,2,2,2,2,2,2,2,2,2,2,2,2,2,2,2,2,2,2,2,2,2,2,2,2,2,2,2,2,2,2,2,2,2,2,2,2,2,2,2,2,2,2,2,2,2,2,2,2,2,2,2,2,2,2,2,2,2,2,2,2,2,2,2,2,2,2,2,2,2,2,2,2,2,2,2,2,2,2,2,2,2,2,2,2,4,2,2]",1.0,1.0,1.0,1.0,1.0,0.5129765789913026,0.5557477011716001,0.5557477011716001,0.2120242076370966,9.595122536962368,24.48641742107381,0.0086588496794399,9.595122536962366,0.0,0.2120242076370966,0.0,0.0,0.0,0.0010601210381854,100,0.01,1.0,753900,15876,103.26404916701722,0.2530182909977156,141.01370679200045,0.9999994536336976,5.463663024229959e-07,93.0767745724858,1.0927323063070205e-06,93.0767491435342,1.779862816812862,0.001045338512084,8.921752225887758e-13,8.923972671937008e-13,1e-12,analysis/fermionic_structure_ablation_extension_hgbs5.csv,5.870060548751611e-09,92.06637649932314,93.07677457248579
success,,NH3_s-1.00_hgbs-5_as-008-010,hamiltonian_generator/polyatomic_library/NH3/s-1.00/hgbs-5/NH3_s-1.00_hgbs-5_as-008-010.tensors.npz,NH3,s-1.00,hgbs-5,8,10,18,3899,7539,5642,0.7483751160631383,0,signed_parent_blocks_randomized,3,282595743,"reference signed-fermionic parent-owned Pauli blocks preserved internally and kept contiguous, but whole parent blocks randomly permuted",3dee5353921e6d41,28ede97490e1ad98,"[1,1,1,1,1,1,1,1,1,1,1,1,1,1,1,1,1,1,1,1,1,1,1,1,1,1,1,1,1,1,1,1,1,1,1,1,1,1,1,1,1,1,1,1,1,1,2,2,2,2,1,1,1,1,1,1,1,1,1,1,1,1,1,1,1,1,1,1,1,1,4,4,1,1,1,1,1,1,1,1,1,1,1,1,1,1,1,1,4,1,1,1,1,1,1,1,1,1,1,1,1,1,1,1,1,1,1,1,1,1,1,1,1,1,1,1,1,1,1,1,1,1,1,1,1,1,1,1,1,1,1,1,1,1,1,1,1,1,1,1,1,1,1,2,2,1,1,1,1,1,1,1,1,1,1,1,1,1,1,1,1,1,1,1,1,1,1,1,1,1,1,1,1,1,4,1,1,1,1,1,1,2,2,2,4,4,4,4,2,2,2,2,2,2,2,2,2,2,2,2,2,2,2,2,2,2,2,2,2,2,2,2,2,2,2,2,2,2,2,2,4,4,2,4,2,4,2,2,2,2,2,2,2,2,2,2,2,2,2,2,2,2,2,2,2,4,4,2,4,2,2,2,2,2,2,2,4,4,4,4,4,4,4,4,2,2,2,2,2,2,4,2,4,2,4,2,2,2,2,2,2,2,2,4,4,2,4,4,4,4,4,4,4,4,2,2,6,6,4,4,4,4,2,4,2,2,2,4,2,2,2,2,2,4,4,4,2,2,2,2,2,4,4,4,4,2,2,2,2,4,4,2,2,4,4,4,4,4,2,2,4,4,4,4,4,2,2,2,2,2,2,4,4,4,4,2,2,4,4,6,6,2,2,4,4,2,2,2,2,2,2,4,4,4,4,4,4,4,2,2,4,4,4,4,4,4,2,2,2,2,4,4,4,4,4,4,4,4,4,4,4,4,4,2,2,2,2,2,4,4,4,4,4,4,4,2,2,4,4,4,2,2,4,4,4,4,2,2,2,2,2,2,2,4,4,4,6,6,6,6,4,4,2,2,2,2,4,4,4,4,4,2,2,4,4,4,4,4,4,2,2,4,4,4,4,4,4,4,2,2,2,2,4,4,4,4,2,2,4,4,4,2,2,2,6,6,4,4,6,6,6,6,4,4,4,4,4,4,4,4,4,4,4,2,2,2,2,2,4,4,2,2,2,2,4,4,2,2,4,6,6,4,4,2,2,2,2,4,4,4,4,2,2,2,2,2,2,2,2,2,2,2,2,2,2,4,4,4,4,4,4,4,4,6,6,4,4,4,4,4,4,4,4,4,4,4,4,4,6,6,4,4,4,4,4,4,4,4,4,4,4,4,4,4,2,2,2,2,6,6,6,6,4,4,2,2,2,2,6,6,6,6,6,6,6,6,6,6,4,4,4,4,4,4,4,4,4,4,4,4,4,4,4,4,4,4,4,2,2,4,4,4,6,6,6,6,2,2,6,6,2,2,4,4,2,2,2,2,6,6,4,4,4,4,4,4,4,4,4,4,4,4,4,4,4,4,4,4,4,4,4,4,6,6,6,6,6,6,4,4,4,4,4,4,4,4,4,4,6,6,4,4,2,2,4,4,6,6,6,6,4,4,4,4,4,4,2,2,2,2,2,2,6,6,6,6,4,4,4,4,2,2,4,4,2,2,4,4,4,4,2,2,2,2,4,4,4,4,6,6,2,2,2,2,2,4,2,2,6,6,2,2,4,4,4,4,4,4,4,4,2,2,2,2,2,2,4,4,2,2,4,4,4,4,6,6,6,6,4,4,2,2,2,4,4,4,4,2,2,4,4,4,4,4,4,4,4,2,2,2,2,4,4,4,4,4,2,2,2,2,2,2,4,4,4,4,6,6,4,4,4,4,4,4,4,4,2,2,4,4,4,4,4,4,2,2,2,2,2,2,4,4,4,4,4,4,4,4,4,4,4,6,6,2,2,6,6,4,4,4,4,4,4,4,4,2,2,4,4,4,4,4,4,4,4,2,2,4,4,2,2,2,2,2,2,2,2,2,2,4,4,4,4,4,2,2,2,2,2,2,4,4,4,4,4,4,2,2,4,4,4,4,4,4,4,4,4,4,4,2,2,6,6,2,2,2,2,4,4,4,4,2,2,4,4,2,2,4,4,4,4,4,4,4,4,6,6,6,6,4,4,4,2,4,4,4,4,4,4,4,4,4,4,4,2,2,4,6,6,6,6,6,6,4,4,2,2,2,4,4,6,6,4,4,4,4,2,2,4,4,4,4,4,4,4,4,2,2,4,4,4,4,4,4,4,4,4,4,2,2,4,4,4,4,4,4,2,2,2,2,4,4,2,2,2,2,2,2,4,4,4,4,4,4,4,4,4,4,4,4,4,4,4,4,4,2,2,2,2,4,4,4,4,4,4,4,4,4,4,4,2,2,6,6,4,4,4,4,4,4,4,4,4,4,4,4,4,4,4,4,4,4,4,2,2,4,2,2,2,4,4,4,4,4,4,4,4,4,4,4,4,4,6,6,2,2,4,4,4,4,4,4,4,4,4,4,4,2,2,2,2,4,4,2,4,4,4,4,4,4,4,4,4,2,2,4,4,4,4,4,4,4,2,2,2,2,4,4,4,4,4,4,4,4,4,4,4,2,2,4,4,2,2,4,4,4,6,6,4,4,4,4,4,4,4,4,4,4,4,4,6,6,6,6,2,2,2,2,4,4,4,4,4,4,4,4,4,4,4,4,4,4,4,4,4,4,4,4,4,4,4,4,4,4,2,2,6,6,4,4,2,2,4,4,4,4,2,2,4,4,4,4,4,4,4,4,4,4,4,4,4,4,4,4,4,4,4,4,2,2,6,6,2,2,4,4,4,4,4,4,4,4,4,4,4,4,4,4,4,4,2,2,4,4,2,2,2,4,4,4,4,4,4,4,2,2,2,2,2,2,2,2,4,4,4,4,4,4,4,2,2,2,2,4,4,6,6,6,6,6,6,4,4,4,4,2,2,4,4,4,4,6,6,4,4,2,4,4,4,4,4,4,4,4,4,4,4,4,4,4,4,4,4,4,2,2,2,2,4,4,4,4,4,4,4,2,2,2,2,4,4,4,4,4,4,2,4,2,2,6,6,6,6,6,6,4,4,4,4,4,4,4,4,4,2,4,4,4,4,4,4,4,4,4,4,4,4,4,4,4,4,4,4,4,4,4,4,6,6,4,4,2,2,4,4,4,4,4,4,4,4,4,4,4,4,4,4,4,4,2,2,2,2,2,4,4,4,4,4,4,2,2,4,2,4,4,2,2,4,4,4,4,4,4,4,4,4,4,4,4,4,4,4,4,4,4,4,6,6,4,4,4,4,4,4,4,6,6,4,4,4,4,4,4,4,4,4,4,2,2,4,4,2,2,2,4,4,4,4,4,4,4,4,2,2,6,6,6,6,6,6,4,4,4,4,4,6,6,2,2,4,4,4,4,4,2,2,4,4,2,2,4,2,2,2,4,4,2,2,4,4,4,4,4,4,4,4,4,4,4,2,2,4,4,4,4,4,4,4,4,4,4,4,4,6,6,4,4,2,2,2,2,4,4,4,4,4,4,4,2,2,2,2,4,2,2,4,4,2,2,4,4,4,4,2,2,4,4,4,2,2,4,4,2,2,2,4,2,2,4,4,4,2,2,4,4,4,4,4,2,2,4,4,4,4,2,2,2,2,2,2,2,4,4,4,4,4,4,2,2,2,4,4,4,2,2,4,4,2,2,4,4,2,4,4,6,6,4,4,4,4,4,4,2,2,4,4,4,4,4,4,4,4,4,4,4,4,2,2,2,4,4,4,6,6,6,6,6,6,4,2,4,4,4,4,4,2,2,2,2,4,4,4,4,2,2,2,2,2,2,2,2,2,4,4,4,4,4,2,2,4,4,2,2,4,4,4,2,2,2,2,2,4,4,2,2,4,4,2,2,4,4,2,2,4,4,4,4,4,4,2,2,2,2,2,2,4,4,4,4,4,4,4,4,4,4,4,4,4,4,4,4,4,4,4,4,4,4,4,4,4,2,2,4,4,4,4,2,2,4,4,2,2,4,4,4,2,2,2,4,4,4,4,4,4,4,4,2,2,4,4,2,2,4,4,4,2,2,4,4,4,4,4,2,2,2,4,4,6,6,6,6,4,4,2,2,2,2,4,4,4,4,2,2,4,2,2,2,2,4,4,4,4,4,4,4,2,2,2,2,2,2,4,4,2,2,2,2,2,2,2,2,2,2,2,2,6,6,2,2,2,2,4,4,2,2,4,4,4,4,4,4,4,4,2,2,2,2,2,4,4,4,4,2,2,2,2,4,2,2,4,4,4,4,4,2,4,4,4,4,4,2,2,2,2,2,2,4,4,2,2,4,4,2,2,2,2,4,4,2,2,4,2,2,2,2,6,6,2,2,2,2,4,4,2,2,2,2,4,2,2,2,2,2,2,2,2,6,6,4,4,2,2,4,4,2,2,4,2,2,2,2,2,2,4,4,4,4,4,4,2,2,2,2,2,2,4,4,4,4,2,2,4,4,4,2,2,4,4,4,4,4,4,4,4,2,2,4,4,2,2,2,2,2,2,2,4,4,2,2,4,4,6,6,4,4,4,2,2,4,4,2,2,2,2,4,4,2,2,2,2,4,4,4,4,4,4,2,2,4,4,2,2,2,2,4,4,4,4,4,4,4,4,4,4,2,2,2,2,4,4,4,4,4,4,4,4,2,2,2,2,4,4,2,2,4,4,4,4,2,2,4,2,2,4,4,4,4,4,4,4,4,4,2,2,2,2,4,2,2,2,2,4,4,4,4,4,4,2,2,2,2,4,4,4,4,4,4,2,2,2,2,2,2,2,2,2,2,2,2,2,2,2,4,4,4,4,4,4,4,2,2,2,2,2,2,2,2,2,2,4,2,2,4,4,2,2,4,4,4,4,4,4,4,4,4,4,4,4,4,4,4,4,4,2,2,2,2,4,4,4,2,2,4,4,2,2,2,2,4,4,2,2,4,4,4,2,2,2,2,2,2,4,4,4,2,2,2,2,2,2,2,2,2,2,2,2,2,2,2,2,4,4,4,2,2,4,4,4,2,2,4,4,2,2,2,2,2,2,2,2,2,2,2,2,2,4,2,2,2,2,2,2,2,2,2,2,2,4,2,2,2,2,2,2,2,2,2,2,2,2,2,2,2,2,2,2,2,2,2,2,2,2,2,2,2,2,2,2,2,2,2,2,2,2,2,2,2,2,2,2,2,2,2,2,2,2,2,2,2,2,2,2,2,2,2,2,2,2,2,2,2,2,2,2,2,2,2,2,2,2,2,2,2,2,2,2,2,2,2,2,2,2,2,2,2,4,2,2]",1.0,1.0,1.0,1.0,1.0,0.5003869577845523,0.5959360606209932,0.5959360606209932,0.1115059468509036,5.046184280361567,24.48641742107381,0.0045537877155903,5.046184280361567,0.0,0.1115059468509036,0.0,0.0,0.0,0.0005575297342545,100,0.01,1.0,753900,15876,103.26404916701722,0.2530182909977156,141.39553466701182,0.9999998499492824,1.500507175178356e-07,25.56203914280697,3.001014124981438e-07,25.562037223105527,1.779862614600747,0.0005478151467745,5.573319583618286e-13,5.573319583618286e-13,1e-12,analysis/fermionic_structure_ablation_extension_hgbs5.csv,5.870060548751611e-09,25.46397579136819,25.562039142806967
success,,NH3_s-1.00_hgbs-5_as-008-010,hamiltonian_generator/polyatomic_library/NH3/s-1.00/hgbs-5/NH3_s-1.00_hgbs-5_as-008-010.tensors.npz,NH3,s-1.00,hgbs-5,8,10,18,3899,7539,5642,0.7483751160631383,0,signed_parent_blocks_randomized,4,1096892143,"reference signed-fermionic parent-owned Pauli blocks preserved internally and kept contiguous, but whole parent blocks randomly permuted",be3977e7f174bc3c,ed9a6d06bbc3fbe4,"[1,1,1,1,1,1,1,1,1,1,1,1,1,1,1,1,1,1,1,1,1,1,1,1,1,1,1,1,1,1,1,1,1,1,1,1,1,1,1,1,1,1,1,1,1,1,2,2,2,2,1,1,1,1,1,1,1,1,1,1,1,1,1,1,1,1,1,1,1,1,4,4,1,1,1,1,1,1,1,1,1,1,1,1,1,1,1,1,4,1,1,1,1,1,1,1,1,1,1,1,1,1,1,1,1,1,1,1,1,1,1,1,1,1,1,1,1,1,1,1,1,1,1,1,1,1,1,1,1,1,1,1,1,1,1,1,1,1,1,1,1,1,1,2,2,1,1,1,1,1,1,1,1,1,1,1,1,1,1,1,1,1,1,1,1,1,1,1,1,1,1,1,1,1,4,1,1,1,1,1,1,2,2,2,4,4,4,4,2,2,2,2,2,2,2,2,2,2,2,2,2,2,2,2,2,2,2,2,2,2,2,2,2,2,2,2,2,2,2,2,4,4,2,4,2,4,2,2,2,2,2,2,2,2,2,2,2,2,2,2,2,2,2,2,2,4,4,2,4,2,2,2,2,2,2,2,4,4,4,4,4,4,4,4,2,2,2,2,2,2,4,2,4,2,4,2,2,2,2,2,2,2,2,4,4,2,4,4,4,4,4,4,4,4,2,2,6,6,4,4,4,4,2,4,2,2,2,4,2,2,2,2,2,4,4,4,2,2,2,2,2,4,4,4,4,2,2,2,2,4,4,2,2,4,4,4,4,4,2,2,4,4,4,4,4,2,2,2,2,2,2,4,4,4,4,2,2,4,4,6,6,2,2,4,4,2,2,2,2,2,2,4,4,4,4,4,4,4,2,2,4,4,4,4,4,4,2,2,2,2,4,4,4,4,4,4,4,4,4,4,4,4,4,2,2,2,2,2,4,4,4,4,4,4,4,2,2,4,4,4,2,2,4,4,4,4,2,2,2,2,2,2,2,4,4,4,6,6,6,6,4,4,2,2,2,2,4,4,4,4,4,2,2,4,4,4,4,4,4,2,2,4,4,4,4,4,4,4,2,2,2,2,4,4,4,4,2,2,4,4,4,2,2,2,6,6,4,4,6,6,6,6,4,4,4,4,4,4,4,4,4,4,4,2,2,2,2,2,4,4,2,2,2,2,4,4,2,2,4,6,6,4,4,2,2,2,2,4,4,4,4,2,2,2,2,2,2,2,2,2,2,2,2,2,2,4,4,4,4,4,4,4,4,6,6,4,4,4,4,4,4,4,4,4,4,4,4,4,6,6,4,4,4,4,4,4,4,4,4,4,4,4,4,4,2,2,2,2,6,6,6,6,4,4,2,2,2,2,6,6,6,6,6,6,6,6,6,6,4,4,4,4,4,4,4,4,4,4,4,4,4,4,4,4,4,4,4,2,2,4,4,4,6,6,6,6,2,2,6,6,2,2,4,4,2,2,2,2,6,6,4,4,4,4,4,4,4,4,4,4,4,4,4,4,4,4,4,4,4,4,4,4,6,6,6,6,6,6,4,4,4,4,4,4,4,4,4,4,6,6,4,4,2,2,4,4,6,6,6,6,4,4,4,4,4,4,2,2,2,2,2,2,6,6,6,6,4,4,4,4,2,2,4,4,2,2,4,4,4,4,2,2,2,2,4,4,4,4,6,6,2,2,2,2,2,4,2,2,6,6,2,2,4,4,4,4,4,4,4,4,2,2,2,2,2,2,4,4,2,2,4,4,4,4,6,6,6,6,4,4,2,2,2,4,4,4,4,2,2,4,4,4,4,4,4,4,4,2,2,2,2,4,4,4,4,4,2,2,2,2,2,2,4,4,4,4,6,6,4,4,4,4,4,4,4,4,2,2,4,4,4,4,4,4,2,2,2,2,2,2,4,4,4,4,4,4,4,4,4,4,4,6,6,2,2,6,6,4,4,4,4,4,4,4,4,2,2,4,4,4,4,4,4,4,4,2,2,4,4,2,2,2,2,2,2,2,2,2,2,4,4,4,4,4,2,2,2,2,2,2,4,4,4,4,4,4,2,2,4,4,4,4,4,4,4,4,4,4,4,2,2,6,6,2,2,2,2,4,4,4,4,2,2,4,4,2,2,4,4,4,4,4,4,4,4,6,6,6,6,4,4,4,2,4,4,4,4,4,4,4,4,4,4,4,2,2,4,6,6,6,6,6,6,4,4,2,2,2,4,4,6,6,4,4,4,4,2,2,4,4,4,4,4,4,4,4,2,2,4,4,4,4,4,4,4,4,4,4,2,2,4,4,4,4,4,4,2,2,2,2,4,4,2,2,2,2,2,2,4,4,4,4,4,4,4,4,4,4,4,4,4,4,4,4,4,2,2,2,2,4,4,4,4,4,4,4,4,4,4,4,2,2,6,6,4,4,4,4,4,4,4,4,4,4,4,4,4,4,4,4,4,4,4,2,2,4,2,2,2,4,4,4,4,4,4,4,4,4,4,4,4,4,6,6,2,2,4,4,4,4,4,4,4,4,4,4,4,2,2,2,2,4,4,2,4,4,4,4,4,4,4,4,4,2,2,4,4,4,4,4,4,4,2,2,2,2,4,4,4,4,4,4,4,4,4,4,4,2,2,4,4,2,2,4,4,4,6,6,4,4,4,4,4,4,4,4,4,4,4,4,6,6,6,6,2,2,2,2,4,4,4,4,4,4,4,4,4,4,4,4,4,4,4,4,4,4,4,4,4,4,4,4,4,4,2,2,6,6,4,4,2,2,4,4,4,4,2,2,4,4,4,4,4,4,4,4,4,4,4,4,4,4,4,4,4,4,4,4,2,2,6,6,2,2,4,4,4,4,4,4,4,4,4,4,4,4,4,4,4,4,2,2,4,4,2,2,2,4,4,4,4,4,4,4,2,2,2,2,2,2,2,2,4,4,4,4,4,4,4,2,2,2,2,4,4,6,6,6,6,6,6,4,4,4,4,2,2,4,4,4,4,6,6,4,4,2,4,4,4,4,4,4,4,4,4,4,4,4,4,4,4,4,4,4,2,2,2,2,4,4,4,4,4,4,4,2,2,2,2,4,4,4,4,4,4,2,4,2,2,6,6,6,6,6,6,4,4,4,4,4,4,4,4,4,2,4,4,4,4,4,4,4,4,4,4,4,4,4,4,4,4,4,4,4,4,4,4,6,6,4,4,2,2,4,4,4,4,4,4,4,4,4,4,4,4,4,4,4,4,2,2,2,2,2,4,4,4,4,4,4,2,2,4,2,4,4,2,2,4,4,4,4,4,4,4,4,4,4,4,4,4,4,4,4,4,4,4,6,6,4,4,4,4,4,4,4,6,6,4,4,4,4,4,4,4,4,4,4,2,2,4,4,2,2,2,4,4,4,4,4,4,4,4,2,2,6,6,6,6,6,6,4,4,4,4,4,6,6,2,2,4,4,4,4,4,2,2,4,4,2,2,4,2,2,2,4,4,2,2,4,4,4,4,4,4,4,4,4,4,4,2,2,4,4,4,4,4,4,4,4,4,4,4,4,6,6,4,4,2,2,2,2,4,4,4,4,4,4,4,2,2,2,2,4,2,2,4,4,2,2,4,4,4,4,2,2,4,4,4,2,2,4,4,2,2,2,4,2,2,4,4,4,2,2,4,4,4,4,4,2,2,4,4,4,4,2,2,2,2,2,2,2,4,4,4,4,4,4,2,2,2,4,4,4,2,2,4,4,2,2,4,4,2,4,4,6,6,4,4,4,4,4,4,2,2,4,4,4,4,4,4,4,4,4,4,4,4,2,2,2,4,4,4,6,6,6,6,6,6,4,2,4,4,4,4,4,2,2,2,2,4,4,4,4,2,2,2,2,2,2,2,2,2,4,4,4,4,4,2,2,4,4,2,2,4,4,4,2,2,2,2,2,4,4,2,2,4,4,2,2,4,4,2,2,4,4,4,4,4,4,2,2,2,2,2,2,4,4,4,4,4,4,4,4,4,4,4,4,4,4,4,4,4,4,4,4,4,4,4,4,4,2,2,4,4,4,4,2,2,4,4,2,2,4,4,4,2,2,2,4,4,4,4,4,4,4,4,2,2,4,4,2,2,4,4,4,2,2,4,4,4,4,4,2,2,2,4,4,6,6,6,6,4,4,2,2,2,2,4,4,4,4,2,2,4,2,2,2,2,4,4,4,4,4,4,4,2,2,2,2,2,2,4,4,2,2,2,2,2,2,2,2,2,2,2,2,6,6,2,2,2,2,4,4,2,2,4,4,4,4,4,4,4,4,2,2,2,2,2,4,4,4,4,2,2,2,2,4,2,2,4,4,4,4,4,2,4,4,4,4,4,2,2,2,2,2,2,4,4,2,2,4,4,2,2,2,2,4,4,2,2,4,2,2,2,2,6,6,2,2,2,2,4,4,2,2,2,2,4,2,2,2,2,2,2,2,2,6,6,4,4,2,2,4,4,2,2,4,2,2,2,2,2,2,4,4,4,4,4,4,2,2,2,2,2,2,4,4,4,4,2,2,4,4,4,2,2,4,4,4,4,4,4,4,4,2,2,4,4,2,2,2,2,2,2,2,4,4,2,2,4,4,6,6,4,4,4,2,2,4,4,2,2,2,2,4,4,2,2,2,2,4,4,4,4,4,4,2,2,4,4,2,2,2,2,4,4,4,4,4,4,4,4,4,4,2,2,2,2,4,4,4,4,4,4,4,4,2,2,2,2,4,4,2,2,4,4,4,4,2,2,4,2,2,4,4,4,4,4,4,4,4,4,2,2,2,2,4,2,2,2,2,4,4,4,4,4,4,2,2,2,2,4,4,4,4,4,4,2,2,2,2,2,2,2,2,2,2,2,2,2,2,2,4,4,4,4,4,4,4,2,2,2,2,2,2,2,2,2,2,4,2,2,4,4,2,2,4,4,4,4,4,4,4,4,4,4,4,4,4,4,4,4,4,2,2,2,2,4,4,4,2,2,4,4,2,2,2,2,4,4,2,2,4,4,4,2,2,2,2,2,2,4,4,4,2,2,2,2,2,2,2,2,2,2,2,2,2,2,2,2,4,4,4,2,2,4,4,4,2,2,4,4,2,2,2,2,2,2,2,2,2,2,2,2,2,4,2,2,2,2,2,2,2,2,2,2,2,4,2,2,2,2,2,2,2,2,2,2,2,2,2,2,2,2,2,2,2,2,2,2,2,2,2,2,2,2,2,2,2,2,2,2,2,2,2,2,2,2,2,2,2,2,2,2,2,2,2,2,2,2,2,2,2,2,2,2,2,2,2,2,2,2,2,2,2,2,2,2,2,2,2,2,2,2,2,2,2,2,2,2,2,2,2,2,2,4,2,2]",1.0,1.0,1.0,1.0,1.0,0.4930649480740159,0.4817605667000564,0.4817605667000564,0.1814168392842881,8.20999084302952,24.48641742107381,0.0074088763645822,8.20999084302952,0.0,0.1814168392842881,0.0,0.0,0.0,0.0009070841964214,100,0.01,1.0,753900,15876,103.26404916701722,0.2530182909977156,140.36915362501168,0.9999996007506264,3.992493735616165e-07,68.01452391262389,7.984985876952067e-07,68.01451033286394,1.7798624427796628,0.0008935875710433,7.569500581894317e-13,7.570610804918942e-13,1e-12,analysis/fermionic_structure_ablation_extension_hgbs5.csv,5.870060548751611e-09,67.40394964262856,68.01452391262389
success,,NH3_s-1.00_hgbs-5_as-008-010,hamiltonian_generator/polyatomic_library/NH3/s-1.00/hgbs-5/NH3_s-1.00_hgbs-5_as-008-010.tensors.npz,NH3,s-1.00,hgbs-5,8,10,18,3899,7539,5642,0.7483751160631383,0,signed_parent_blocks_randomized,5,1149433071,"reference signed-fermionic parent-owned Pauli blocks preserved internally and kept contiguous, but whole parent blocks randomly permuted",e4d4402b2648e392,a703ce81605ce8d9,"[1,1,1,1,1,1,1,1,1,1,1,1,1,1,1,1,1,1,1,1,1,1,1,1,1,1,1,1,1,1,1,1,1,1,1,1,1,1,1,1,1,1,1,1,1,1,2,2,2,2,1,1,1,1,1,1,1,1,1,1,1,1,1,1,1,1,1,1,1,1,4,4,1,1,1,1,1,1,1,1,1,1,1,1,1,1,1,1,4,1,1,1,1,1,1,1,1,1,1,1,1,1,1,1,1,1,1,1,1,1,1,1,1,1,1,1,1,1,1,1,1,1,1,1,1,1,1,1,1,1,1,1,1,1,1,1,1,1,1,1,1,1,1,2,2,1,1,1,1,1,1,1,1,1,1,1,1,1,1,1,1,1,1,1,1,1,1,1,1,1,1,1,1,1,4,1,1,1,1,1,1,2,2,2,4,4,4,4,2,2,2,2,2,2,2,2,2,2,2,2,2,2,2,2,2,2,2,2,2,2,2,2,2,2,2,2,2,2,2,2,4,4,2,4,2,4,2,2,2,2,2,2,2,2,2,2,2,2,2,2,2,2,2,2,2,4,4,2,4,2,2,2,2,2,2,2,4,4,4,4,4,4,4,4,2,2,2,2,2,2,4,2,4,2,4,2,2,2,2,2,2,2,2,4,4,2,4,4,4,4,4,4,4,4,2,2,6,6,4,4,4,4,2,4,2,2,2,4,2,2,2,2,2,4,4,4,2,2,2,2,2,4,4,4,4,2,2,2,2,4,4,2,2,4,4,4,4,4,2,2,4,4,4,4,4,2,2,2,2,2,2,4,4,4,4,2,2,4,4,6,6,2,2,4,4,2,2,2,2,2,2,4,4,4,4,4,4,4,2,2,4,4,4,4,4,4,2,2,2,2,4,4,4,4,4,4,4,4,4,4,4,4,4,2,2,2,2,2,4,4,4,4,4,4,4,2,2,4,4,4,2,2,4,4,4,4,2,2,2,2,2,2,2,4,4,4,6,6,6,6,4,4,2,2,2,2,4,4,4,4,4,2,2,4,4,4,4,4,4,2,2,4,4,4,4,4,4,4,2,2,2,2,4,4,4,4,2,2,4,4,4,2,2,2,6,6,4,4,6,6,6,6,4,4,4,4,4,4,4,4,4,4,4,2,2,2,2,2,4,4,2,2,2,2,4,4,2,2,4,6,6,4,4,2,2,2,2,4,4,4,4,2,2,2,2,2,2,2,2,2,2,2,2,2,2,4,4,4,4,4,4,4,4,6,6,4,4,4,4,4,4,4,4,4,4,4,4,4,6,6,4,4,4,4,4,4,4,4,4,4,4,4,4,4,2,2,2,2,6,6,6,6,4,4,2,2,2,2,6,6,6,6,6,6,6,6,6,6,4,4,4,4,4,4,4,4,4,4,4,4,4,4,4,4,4,4,4,2,2,4,4,4,6,6,6,6,2,2,6,6,2,2,4,4,2,2,2,2,6,6,4,4,4,4,4,4,4,4,4,4,4,4,4,4,4,4,4,4,4,4,4,4,6,6,6,6,6,6,4,4,4,4,4,4,4,4,4,4,6,6,4,4,2,2,4,4,6,6,6,6,4,4,4,4,4,4,2,2,2,2,2,2,6,6,6,6,4,4,4,4,2,2,4,4,2,2,4,4,4,4,2,2,2,2,4,4,4,4,6,6,2,2,2,2,2,4,2,2,6,6,2,2,4,4,4,4,4,4,4,4,2,2,2,2,2,2,4,4,2,2,4,4,4,4,6,6,6,6,4,4,2,2,2,4,4,4,4,2,2,4,4,4,4,4,4,4,4,2,2,2,2,4,4,4,4,4,2,2,2,2,2,2,4,4,4,4,6,6,4,4,4,4,4,4,4,4,2,2,4,4,4,4,4,4,2,2,2,2,2,2,4,4,4,4,4,4,4,4,4,4,4,6,6,2,2,6,6,4,4,4,4,4,4,4,4,2,2,4,4,4,4,4,4,4,4,2,2,4,4,2,2,2,2,2,2,2,2,2,2,4,4,4,4,4,2,2,2,2,2,2,4,4,4,4,4,4,2,2,4,4,4,4,4,4,4,4,4,4,4,2,2,6,6,2,2,2,2,4,4,4,4,2,2,4,4,2,2,4,4,4,4,4,4,4,4,6,6,6,6,4,4,4,2,4,4,4,4,4,4,4,4,4,4,4,2,2,4,6,6,6,6,6,6,4,4,2,2,2,4,4,6,6,4,4,4,4,2,2,4,4,4,4,4,4,4,4,2,2,4,4,4,4,4,4,4,4,4,4,2,2,4,4,4,4,4,4,2,2,2,2,4,4,2,2,2,2,2,2,4,4,4,4,4,4,4,4,4,4,4,4,4,4,4,4,4,2,2,2,2,4,4,4,4,4,4,4,4,4,4,4,2,2,6,6,4,4,4,4,4,4,4,4,4,4,4,4,4,4,4,4,4,4,4,2,2,4,2,2,2,4,4,4,4,4,4,4,4,4,4,4,4,4,6,6,2,2,4,4,4,4,4,4,4,4,4,4,4,2,2,2,2,4,4,2,4,4,4,4,4,4,4,4,4,2,2,4,4,4,4,4,4,4,2,2,2,2,4,4,4,4,4,4,4,4,4,4,4,2,2,4,4,2,2,4,4,4,6,6,4,4,4,4,4,4,4,4,4,4,4,4,6,6,6,6,2,2,2,2,4,4,4,4,4,4,4,4,4,4,4,4,4,4,4,4,4,4,4,4,4,4,4,4,4,4,2,2,6,6,4,4,2,2,4,4,4,4,2,2,4,4,4,4,4,4,4,4,4,4,4,4,4,4,4,4,4,4,4,4,2,2,6,6,2,2,4,4,4,4,4,4,4,4,4,4,4,4,4,4,4,4,2,2,4,4,2,2,2,4,4,4,4,4,4,4,2,2,2,2,2,2,2,2,4,4,4,4,4,4,4,2,2,2,2,4,4,6,6,6,6,6,6,4,4,4,4,2,2,4,4,4,4,6,6,4,4,2,4,4,4,4,4,4,4,4,4,4,4,4,4,4,4,4,4,4,2,2,2,2,4,4,4,4,4,4,4,2,2,2,2,4,4,4,4,4,4,2,4,2,2,6,6,6,6,6,6,4,4,4,4,4,4,4,4,4,2,4,4,4,4,4,4,4,4,4,4,4,4,4,4,4,4,4,4,4,4,4,4,6,6,4,4,2,2,4,4,4,4,4,4,4,4,4,4,4,4,4,4,4,4,2,2,2,2,2,4,4,4,4,4,4,2,2,4,2,4,4,2,2,4,4,4,4,4,4,4,4,4,4,4,4,4,4,4,4,4,4,4,6,6,4,4,4,4,4,4,4,6,6,4,4,4,4,4,4,4,4,4,4,2,2,4,4,2,2,2,4,4,4,4,4,4,4,4,2,2,6,6,6,6,6,6,4,4,4,4,4,6,6,2,2,4,4,4,4,4,2,2,4,4,2,2,4,2,2,2,4,4,2,2,4,4,4,4,4,4,4,4,4,4,4,2,2,4,4,4,4,4,4,4,4,4,4,4,4,6,6,4,4,2,2,2,2,4,4,4,4,4,4,4,2,2,2,2,4,2,2,4,4,2,2,4,4,4,4,2,2,4,4,4,2,2,4,4,2,2,2,4,2,2,4,4,4,2,2,4,4,4,4,4,2,2,4,4,4,4,2,2,2,2,2,2,2,4,4,4,4,4,4,2,2,2,4,4,4,2,2,4,4,2,2,4,4,2,4,4,6,6,4,4,4,4,4,4,2,2,4,4,4,4,4,4,4,4,4,4,4,4,2,2,2,4,4,4,6,6,6,6,6,6,4,2,4,4,4,4,4,2,2,2,2,4,4,4,4,2,2,2,2,2,2,2,2,2,4,4,4,4,4,2,2,4,4,2,2,4,4,4,2,2,2,2,2,4,4,2,2,4,4,2,2,4,4,2,2,4,4,4,4,4,4,2,2,2,2,2,2,4,4,4,4,4,4,4,4,4,4,4,4,4,4,4,4,4,4,4,4,4,4,4,4,4,2,2,4,4,4,4,2,2,4,4,2,2,4,4,4,2,2,2,4,4,4,4,4,4,4,4,2,2,4,4,2,2,4,4,4,2,2,4,4,4,4,4,2,2,2,4,4,6,6,6,6,4,4,2,2,2,2,4,4,4,4,2,2,4,2,2,2,2,4,4,4,4,4,4,4,2,2,2,2,2,2,4,4,2,2,2,2,2,2,2,2,2,2,2,2,6,6,2,2,2,2,4,4,2,2,4,4,4,4,4,4,4,4,2,2,2,2,2,4,4,4,4,2,2,2,2,4,2,2,4,4,4,4,4,2,4,4,4,4,4,2,2,2,2,2,2,4,4,2,2,4,4,2,2,2,2,4,4,2,2,4,2,2,2,2,6,6,2,2,2,2,4,4,2,2,2,2,4,2,2,2,2,2,2,2,2,6,6,4,4,2,2,4,4,2,2,4,2,2,2,2,2,2,4,4,4,4,4,4,2,2,2,2,2,2,4,4,4,4,2,2,4,4,4,2,2,4,4,4,4,4,4,4,4,2,2,4,4,2,2,2,2,2,2,2,4,4,2,2,4,4,6,6,4,4,4,2,2,4,4,2,2,2,2,4,4,2,2,2,2,4,4,4,4,4,4,2,2,4,4,2,2,2,2,4,4,4,4,4,4,4,4,4,4,2,2,2,2,4,4,4,4,4,4,4,4,2,2,2,2,4,4,2,2,4,4,4,4,2,2,4,2,2,4,4,4,4,4,4,4,4,4,2,2,2,2,4,2,2,2,2,4,4,4,4,4,4,2,2,2,2,4,4,4,4,4,4,2,2,2,2,2,2,2,2,2,2,2,2,2,2,2,4,4,4,4,4,4,4,2,2,2,2,2,2,2,2,2,2,4,2,2,4,4,2,2,4,4,4,4,4,4,4,4,4,4,4,4,4,4,4,4,4,2,2,2,2,4,4,4,2,2,4,4,2,2,2,2,4,4,2,2,4,4,4,2,2,2,2,2,2,4,4,4,2,2,2,2,2,2,2,2,2,2,2,2,2,2,2,2,4,4,4,2,2,4,4,4,2,2,4,4,2,2,2,2,2,2,2,2,2,2,2,2,2,4,2,2,2,2,2,2,2,2,2,2,2,4,2,2,2,2,2,2,2,2,2,2,2,2,2,2,2,2,2,2,2,2,2,2,2,2,2,2,2,2,2,2,2,2,2,2,2,2,2,2,2,2,2,2,2,2,2,2,2,2,2,2,2,2,2,2,2,2,2,2,2,2,2,2,2,2,2,2,2,2,2,2,2,2,2,2,2,2,2,2,2,2,2,2,2,2,2,2,2,4,2,2]",1.0,1.0,1.0,1.0,1.0,0.4948558856690687,0.57105695827593,0.57105695827593,0.2216056787127228,10.028730520124142,24.48641742107381,0.009050147063245,10.028730520124142,0.0,0.2216056787127228,0.0,0.0,0.0,0.0011080283935636,100,0.01,1.0,753900,15876,103.26404916701722,0.2530182909977156,140.5170627500047,0.9999994035888282,5.964111717826626e-07,101.60221804006804,1.192821987849868e-06,101.6021877409379,1.7798627519818442,0.0010921640643993,8.292255770925294e-13,8.293365993949919e-13,1e-12,analysis/fermionic_structure_ablation_extension_hgbs5.csv,5.870060548751611e-09,100.57543584526945,101.60221804006804
success,,NH3_s-1.00_hgbs-5_as-008-010,hamiltonian_generator/polyatomic_library/NH3/s-1.00/hgbs-5/NH3_s-1.00_hgbs-5_as-008-010.tensors.npz,NH3,s-1.00,hgbs-5,8,10,18,3899,7539,5642,0.7483751160631383,0,signed_parent_blocks_randomized,6,1483607668,"reference signed-fermionic parent-owned Pauli blocks preserved internally and kept contiguous, but whole parent blocks randomly permuted",fc0d49522d6e40a9,4bf4a1a922b41a7e,"[1,1,1,1,1,1,1,1,1,1,1,1,1,1,1,1,1,1,1,1,1,1,1,1,1,1,1,1,1,1,1,1,1,1,1,1,1,1,1,1,1,1,1,1,1,1,2,2,2,2,1,1,1,1,1,1,1,1,1,1,1,1,1,1,1,1,1,1,1,1,4,4,1,1,1,1,1,1,1,1,1,1,1,1,1,1,1,1,4,1,1,1,1,1,1,1,1,1,1,1,1,1,1,1,1,1,1,1,1,1,1,1,1,1,1,1,1,1,1,1,1,1,1,1,1,1,1,1,1,1,1,1,1,1,1,1,1,1,1,1,1,1,1,2,2,1,1,1,1,1,1,1,1,1,1,1,1,1,1,1,1,1,1,1,1,1,1,1,1,1,1,1,1,1,4,1,1,1,1,1,1,2,2,2,4,4,4,4,2,2,2,2,2,2,2,2,2,2,2,2,2,2,2,2,2,2,2,2,2,2,2,2,2,2,2,2,2,2,2,2,4,4,2,4,2,4,2,2,2,2,2,2,2,2,2,2,2,2,2,2,2,2,2,2,2,4,4,2,4,2,2,2,2,2,2,2,4,4,4,4,4,4,4,4,2,2,2,2,2,2,4,2,4,2,4,2,2,2,2,2,2,2,2,4,4,2,4,4,4,4,4,4,4,4,2,2,6,6,4,4,4,4,2,4,2,2,2,4,2,2,2,2,2,4,4,4,2,2,2,2,2,4,4,4,4,2,2,2,2,4,4,2,2,4,4,4,4,4,2,2,4,4,4,4,4,2,2,2,2,2,2,4,4,4,4,2,2,4,4,6,6,2,2,4,4,2,2,2,2,2,2,4,4,4,4,4,4,4,2,2,4,4,4,4,4,4,2,2,2,2,4,4,4,4,4,4,4,4,4,4,4,4,4,2,2,2,2,2,4,4,4,4,4,4,4,2,2,4,4,4,2,2,4,4,4,4,2,2,2,2,2,2,2,4,4,4,6,6,6,6,4,4,2,2,2,2,4,4,4,4,4,2,2,4,4,4,4,4,4,2,2,4,4,4,4,4,4,4,2,2,2,2,4,4,4,4,2,2,4,4,4,2,2,2,6,6,4,4,6,6,6,6,4,4,4,4,4,4,4,4,4,4,4,2,2,2,2,2,4,4,2,2,2,2,4,4,2,2,4,6,6,4,4,2,2,2,2,4,4,4,4,2,2,2,2,2,2,2,2,2,2,2,2,2,2,4,4,4,4,4,4,4,4,6,6,4,4,4,4,4,4,4,4,4,4,4,4,4,6,6,4,4,4,4,4,4,4,4,4,4,4,4,4,4,2,2,2,2,6,6,6,6,4,4,2,2,2,2,6,6,6,6,6,6,6,6,6,6,4,4,4,4,4,4,4,4,4,4,4,4,4,4,4,4,4,4,4,2,2,4,4,4,6,6,6,6,2,2,6,6,2,2,4,4,2,2,2,2,6,6,4,4,4,4,4,4,4,4,4,4,4,4,4,4,4,4,4,4,4,4,4,4,6,6,6,6,6,6,4,4,4,4,4,4,4,4,4,4,6,6,4,4,2,2,4,4,6,6,6,6,4,4,4,4,4,4,2,2,2,2,2,2,6,6,6,6,4,4,4,4,2,2,4,4,2,2,4,4,4,4,2,2,2,2,4,4,4,4,6,6,2,2,2,2,2,4,2,2,6,6,2,2,4,4,4,4,4,4,4,4,2,2,2,2,2,2,4,4,2,2,4,4,4,4,6,6,6,6,4,4,2,2,2,4,4,4,4,2,2,4,4,4,4,4,4,4,4,2,2,2,2,4,4,4,4,4,2,2,2,2,2,2,4,4,4,4,6,6,4,4,4,4,4,4,4,4,2,2,4,4,4,4,4,4,2,2,2,2,2,2,4,4,4,4,4,4,4,4,4,4,4,6,6,2,2,6,6,4,4,4,4,4,4,4,4,2,2,4,4,4,4,4,4,4,4,2,2,4,4,2,2,2,2,2,2,2,2,2,2,4,4,4,4,4,2,2,2,2,2,2,4,4,4,4,4,4,2,2,4,4,4,4,4,4,4,4,4,4,4,2,2,6,6,2,2,2,2,4,4,4,4,2,2,4,4,2,2,4,4,4,4,4,4,4,4,6,6,6,6,4,4,4,2,4,4,4,4,4,4,4,4,4,4,4,2,2,4,6,6,6,6,6,6,4,4,2,2,2,4,4,6,6,4,4,4,4,2,2,4,4,4,4,4,4,4,4,2,2,4,4,4,4,4,4,4,4,4,4,2,2,4,4,4,4,4,4,2,2,2,2,4,4,2,2,2,2,2,2,4,4,4,4,4,4,4,4,4,4,4,4,4,4,4,4,4,2,2,2,2,4,4,4,4,4,4,4,4,4,4,4,2,2,6,6,4,4,4,4,4,4,4,4,4,4,4,4,4,4,4,4,4,4,4,2,2,4,2,2,2,4,4,4,4,4,4,4,4,4,4,4,4,4,6,6,2,2,4,4,4,4,4,4,4,4,4,4,4,2,2,2,2,4,4,2,4,4,4,4,4,4,4,4,4,2,2,4,4,4,4,4,4,4,2,2,2,2,4,4,4,4,4,4,4,4,4,4,4,2,2,4,4,2,2,4,4,4,6,6,4,4,4,4,4,4,4,4,4,4,4,4,6,6,6,6,2,2,2,2,4,4,4,4,4,4,4,4,4,4,4,4,4,4,4,4,4,4,4,4,4,4,4,4,4,4,2,2,6,6,4,4,2,2,4,4,4,4,2,2,4,4,4,4,4,4,4,4,4,4,4,4,4,4,4,4,4,4,4,4,2,2,6,6,2,2,4,4,4,4,4,4,4,4,4,4,4,4,4,4,4,4,2,2,4,4,2,2,2,4,4,4,4,4,4,4,2,2,2,2,2,2,2,2,4,4,4,4,4,4,4,2,2,2,2,4,4,6,6,6,6,6,6,4,4,4,4,2,2,4,4,4,4,6,6,4,4,2,4,4,4,4,4,4,4,4,4,4,4,4,4,4,4,4,4,4,2,2,2,2,4,4,4,4,4,4,4,2,2,2,2,4,4,4,4,4,4,2,4,2,2,6,6,6,6,6,6,4,4,4,4,4,4,4,4,4,2,4,4,4,4,4,4,4,4,4,4,4,4,4,4,4,4,4,4,4,4,4,4,6,6,4,4,2,2,4,4,4,4,4,4,4,4,4,4,4,4,4,4,4,4,2,2,2,2,2,4,4,4,4,4,4,2,2,4,2,4,4,2,2,4,4,4,4,4,4,4,4,4,4,4,4,4,4,4,4,4,4,4,6,6,4,4,4,4,4,4,4,6,6,4,4,4,4,4,4,4,4,4,4,2,2,4,4,2,2,2,4,4,4,4,4,4,4,4,2,2,6,6,6,6,6,6,4,4,4,4,4,6,6,2,2,4,4,4,4,4,2,2,4,4,2,2,4,2,2,2,4,4,2,2,4,4,4,4,4,4,4,4,4,4,4,2,2,4,4,4,4,4,4,4,4,4,4,4,4,6,6,4,4,2,2,2,2,4,4,4,4,4,4,4,2,2,2,2,4,2,2,4,4,2,2,4,4,4,4,2,2,4,4,4,2,2,4,4,2,2,2,4,2,2,4,4,4,2,2,4,4,4,4,4,2,2,4,4,4,4,2,2,2,2,2,2,2,4,4,4,4,4,4,2,2,2,4,4,4,2,2,4,4,2,2,4,4,2,4,4,6,6,4,4,4,4,4,4,2,2,4,4,4,4,4,4,4,4,4,4,4,4,2,2,2,4,4,4,6,6,6,6,6,6,4,2,4,4,4,4,4,2,2,2,2,4,4,4,4,2,2,2,2,2,2,2,2,2,4,4,4,4,4,2,2,4,4,2,2,4,4,4,2,2,2,2,2,4,4,2,2,4,4,2,2,4,4,2,2,4,4,4,4,4,4,2,2,2,2,2,2,4,4,4,4,4,4,4,4,4,4,4,4,4,4,4,4,4,4,4,4,4,4,4,4,4,2,2,4,4,4,4,2,2,4,4,2,2,4,4,4,2,2,2,4,4,4,4,4,4,4,4,2,2,4,4,2,2,4,4,4,2,2,4,4,4,4,4,2,2,2,4,4,6,6,6,6,4,4,2,2,2,2,4,4,4,4,2,2,4,2,2,2,2,4,4,4,4,4,4,4,2,2,2,2,2,2,4,4,2,2,2,2,2,2,2,2,2,2,2,2,6,6,2,2,2,2,4,4,2,2,4,4,4,4,4,4,4,4,2,2,2,2,2,4,4,4,4,2,2,2,2,4,2,2,4,4,4,4,4,2,4,4,4,4,4,2,2,2,2,2,2,4,4,2,2,4,4,2,2,2,2,4,4,2,2,4,2,2,2,2,6,6,2,2,2,2,4,4,2,2,2,2,4,2,2,2,2,2,2,2,2,6,6,4,4,2,2,4,4,2,2,4,2,2,2,2,2,2,4,4,4,4,4,4,2,2,2,2,2,2,4,4,4,4,2,2,4,4,4,2,2,4,4,4,4,4,4,4,4,2,2,4,4,2,2,2,2,2,2,2,4,4,2,2,4,4,6,6,4,4,4,2,2,4,4,2,2,2,2,4,4,2,2,2,2,4,4,4,4,4,4,2,2,4,4,2,2,2,2,4,4,4,4,4,4,4,4,4,4,2,2,2,2,4,4,4,4,4,4,4,4,2,2,2,2,4,4,2,2,4,4,4,4,2,2,4,2,2,4,4,4,4,4,4,4,4,4,2,2,2,2,4,2,2,2,2,4,4,4,4,4,4,2,2,2,2,4,4,4,4,4,4,2,2,2,2,2,2,2,2,2,2,2,2,2,2,2,4,4,4,4,4,4,4,2,2,2,2,2,2,2,2,2,2,4,2,2,4,4,2,2,4,4,4,4,4,4,4,4,4,4,4,4,4,4,4,4,4,2,2,2,2,4,4,4,2,2,4,4,2,2,2,2,4,4,2,2,4,4,4,2,2,2,2,2,2,4,4,4,2,2,2,2,2,2,2,2,2,2,2,2,2,2,2,2,4,4,4,2,2,4,4,4,2,2,4,4,2,2,2,2,2,2,2,2,2,2,2,2,2,4,2,2,2,2,2,2,2,2,2,2,2,4,2,2,2,2,2,2,2,2,2,2,2,2,2,2,2,2,2,2,2,2,2,2,2,2,2,2,2,2,2,2,2,2,2,2,2,2,2,2,2,2,2,2,2,2,2,2,2,2,2,2,2,2,2,2,2,2,2,2,2,2,2,2,2,2,2,2,2,2,2,2,2,2,2,2,2,2,2,2,2,2,2,2,2,2,2,2,2,4,2,2]",1.0,1.0,1.0,1.0,1.0,0.5027084757934122,0.4514990259581422,0.4514990259581422,0.2817835477833917,12.752070624451544,24.48641742107381,0.0115077490895372,12.752070624451544,0.0,0.2817835477833917,0.0,0.0,0.0,0.0014089177389169,100,0.01,1.0,753900,15876,103.26404916701722,0.2530182909977156,140.47910799999954,0.999999036115612,9.638843878612136e-07,164.2034830571217,1.9277678466878e-06,164.203403923813,1.7798628061374755,0.0013884411315293,4.969358258222202e-13,4.96713781217295e-13,1e-12,analysis/fermionic_structure_ablation_extension_hgbs5.csv,5.870060548751611e-09,162.615305211,164.20348305712167
success,,NH3_s-1.00_hgbs-5_as-008-010,hamiltonian_generator/polyatomic_library/NH3/s-1.00/hgbs-5/NH3_s-1.00_hgbs-5_as-008-010.tensors.npz,NH3,s-1.00,hgbs-5,8,10,18,3899,7539,5642,0.7483751160631383,0,signed_parent_blocks_randomized,7,3244002855,"reference signed-fermionic parent-owned Pauli blocks preserved internally and kept contiguous, but whole parent blocks randomly permuted",33c240f127b4a9a6,4a6b872ace443cb9,"[1,1,1,1,1,1,1,1,1,1,1,1,1,1,1,1,1,1,1,1,1,1,1,1,1,1,1,1,1,1,1,1,1,1,1,1,1,1,1,1,1,1,1,1,1,1,2,2,2,2,1,1,1,1,1,1,1,1,1,1,1,1,1,1,1,1,1,1,1,1,4,4,1,1,1,1,1,1,1,1,1,1,1,1,1,1,1,1,4,1,1,1,1,1,1,1,1,1,1,1,1,1,1,1,1,1,1,1,1,1,1,1,1,1,1,1,1,1,1,1,1,1,1,1,1,1,1,1,1,1,1,1,1,1,1,1,1,1,1,1,1,1,1,2,2,1,1,1,1,1,1,1,1,1,1,1,1,1,1,1,1,1,1,1,1,1,1,1,1,1,1,1,1,1,4,1,1,1,1,1,1,2,2,2,4,4,4,4,2,2,2,2,2,2,2,2,2,2,2,2,2,2,2,2,2,2,2,2,2,2,2,2,2,2,2,2,2,2,2,2,4,4,2,4,2,4,2,2,2,2,2,2,2,2,2,2,2,2,2,2,2,2,2,2,2,4,4,2,4,2,2,2,2,2,2,2,4,4,4,4,4,4,4,4,2,2,2,2,2,2,4,2,4,2,4,2,2,2,2,2,2,2,2,4,4,2,4,4,4,4,4,4,4,4,2,2,6,6,4,4,4,4,2,4,2,2,2,4,2,2,2,2,2,4,4,4,2,2,2,2,2,4,4,4,4,2,2,2,2,4,4,2,2,4,4,4,4,4,2,2,4,4,4,4,4,2,2,2,2,2,2,4,4,4,4,2,2,4,4,6,6,2,2,4,4,2,2,2,2,2,2,4,4,4,4,4,4,4,2,2,4,4,4,4,4,4,2,2,2,2,4,4,4,4,4,4,4,4,4,4,4,4,4,2,2,2,2,2,4,4,4,4,4,4,4,2,2,4,4,4,2,2,4,4,4,4,2,2,2,2,2,2,2,4,4,4,6,6,6,6,4,4,2,2,2,2,4,4,4,4,4,2,2,4,4,4,4,4,4,2,2,4,4,4,4,4,4,4,2,2,2,2,4,4,4,4,2,2,4,4,4,2,2,2,6,6,4,4,6,6,6,6,4,4,4,4,4,4,4,4,4,4,4,2,2,2,2,2,4,4,2,2,2,2,4,4,2,2,4,6,6,4,4,2,2,2,2,4,4,4,4,2,2,2,2,2,2,2,2,2,2,2,2,2,2,4,4,4,4,4,4,4,4,6,6,4,4,4,4,4,4,4,4,4,4,4,4,4,6,6,4,4,4,4,4,4,4,4,4,4,4,4,4,4,2,2,2,2,6,6,6,6,4,4,2,2,2,2,6,6,6,6,6,6,6,6,6,6,4,4,4,4,4,4,4,4,4,4,4,4,4,4,4,4,4,4,4,2,2,4,4,4,6,6,6,6,2,2,6,6,2,2,4,4,2,2,2,2,6,6,4,4,4,4,4,4,4,4,4,4,4,4,4,4,4,4,4,4,4,4,4,4,6,6,6,6,6,6,4,4,4,4,4,4,4,4,4,4,6,6,4,4,2,2,4,4,6,6,6,6,4,4,4,4,4,4,2,2,2,2,2,2,6,6,6,6,4,4,4,4,2,2,4,4,2,2,4,4,4,4,2,2,2,2,4,4,4,4,6,6,2,2,2,2,2,4,2,2,6,6,2,2,4,4,4,4,4,4,4,4,2,2,2,2,2,2,4,4,2,2,4,4,4,4,6,6,6,6,4,4,2,2,2,4,4,4,4,2,2,4,4,4,4,4,4,4,4,2,2,2,2,4,4,4,4,4,2,2,2,2,2,2,4,4,4,4,6,6,4,4,4,4,4,4,4,4,2,2,4,4,4,4,4,4,2,2,2,2,2,2,4,4,4,4,4,4,4,4,4,4,4,6,6,2,2,6,6,4,4,4,4,4,4,4,4,2,2,4,4,4,4,4,4,4,4,2,2,4,4,2,2,2,2,2,2,2,2,2,2,4,4,4,4,4,2,2,2,2,2,2,4,4,4,4,4,4,2,2,4,4,4,4,4,4,4,4,4,4,4,2,2,6,6,2,2,2,2,4,4,4,4,2,2,4,4,2,2,4,4,4,4,4,4,4,4,6,6,6,6,4,4,4,2,4,4,4,4,4,4,4,4,4,4,4,2,2,4,6,6,6,6,6,6,4,4,2,2,2,4,4,6,6,4,4,4,4,2,2,4,4,4,4,4,4,4,4,2,2,4,4,4,4,4,4,4,4,4,4,2,2,4,4,4,4,4,4,2,2,2,2,4,4,2,2,2,2,2,2,4,4,4,4,4,4,4,4,4,4,4,4,4,4,4,4,4,2,2,2,2,4,4,4,4,4,4,4,4,4,4,4,2,2,6,6,4,4,4,4,4,4,4,4,4,4,4,4,4,4,4,4,4,4,4,2,2,4,2,2,2,4,4,4,4,4,4,4,4,4,4,4,4,4,6,6,2,2,4,4,4,4,4,4,4,4,4,4,4,2,2,2,2,4,4,2,4,4,4,4,4,4,4,4,4,2,2,4,4,4,4,4,4,4,2,2,2,2,4,4,4,4,4,4,4,4,4,4,4,2,2,4,4,2,2,4,4,4,6,6,4,4,4,4,4,4,4,4,4,4,4,4,6,6,6,6,2,2,2,2,4,4,4,4,4,4,4,4,4,4,4,4,4,4,4,4,4,4,4,4,4,4,4,4,4,4,2,2,6,6,4,4,2,2,4,4,4,4,2,2,4,4,4,4,4,4,4,4,4,4,4,4,4,4,4,4,4,4,4,4,2,2,6,6,2,2,4,4,4,4,4,4,4,4,4,4,4,4,4,4,4,4,2,2,4,4,2,2,2,4,4,4,4,4,4,4,2,2,2,2,2,2,2,2,4,4,4,4,4,4,4,2,2,2,2,4,4,6,6,6,6,6,6,4,4,4,4,2,2,4,4,4,4,6,6,4,4,2,4,4,4,4,4,4,4,4,4,4,4,4,4,4,4,4,4,4,2,2,2,2,4,4,4,4,4,4,4,2,2,2,2,4,4,4,4,4,4,2,4,2,2,6,6,6,6,6,6,4,4,4,4,4,4,4,4,4,2,4,4,4,4,4,4,4,4,4,4,4,4,4,4,4,4,4,4,4,4,4,4,6,6,4,4,2,2,4,4,4,4,4,4,4,4,4,4,4,4,4,4,4,4,2,2,2,2,2,4,4,4,4,4,4,2,2,4,2,4,4,2,2,4,4,4,4,4,4,4,4,4,4,4,4,4,4,4,4,4,4,4,6,6,4,4,4,4,4,4,4,6,6,4,4,4,4,4,4,4,4,4,4,2,2,4,4,2,2,2,4,4,4,4,4,4,4,4,2,2,6,6,6,6,6,6,4,4,4,4,4,6,6,2,2,4,4,4,4,4,2,2,4,4,2,2,4,2,2,2,4,4,2,2,4,4,4,4,4,4,4,4,4,4,4,2,2,4,4,4,4,4,4,4,4,4,4,4,4,6,6,4,4,2,2,2,2,4,4,4,4,4,4,4,2,2,2,2,4,2,2,4,4,2,2,4,4,4,4,2,2,4,4,4,2,2,4,4,2,2,2,4,2,2,4,4,4,2,2,4,4,4,4,4,2,2,4,4,4,4,2,2,2,2,2,2,2,4,4,4,4,4,4,2,2,2,4,4,4,2,2,4,4,2,2,4,4,2,4,4,6,6,4,4,4,4,4,4,2,2,4,4,4,4,4,4,4,4,4,4,4,4,2,2,2,4,4,4,6,6,6,6,6,6,4,2,4,4,4,4,4,2,2,2,2,4,4,4,4,2,2,2,2,2,2,2,2,2,4,4,4,4,4,2,2,4,4,2,2,4,4,4,2,2,2,2,2,4,4,2,2,4,4,2,2,4,4,2,2,4,4,4,4,4,4,2,2,2,2,2,2,4,4,4,4,4,4,4,4,4,4,4,4,4,4,4,4,4,4,4,4,4,4,4,4,4,2,2,4,4,4,4,2,2,4,4,2,2,4,4,4,2,2,2,4,4,4,4,4,4,4,4,2,2,4,4,2,2,4,4,4,2,2,4,4,4,4,4,2,2,2,4,4,6,6,6,6,4,4,2,2,2,2,4,4,4,4,2,2,4,2,2,2,2,4,4,4,4,4,4,4,2,2,2,2,2,2,4,4,2,2,2,2,2,2,2,2,2,2,2,2,6,6,2,2,2,2,4,4,2,2,4,4,4,4,4,4,4,4,2,2,2,2,2,4,4,4,4,2,2,2,2,4,2,2,4,4,4,4,4,2,4,4,4,4,4,2,2,2,2,2,2,4,4,2,2,4,4,2,2,2,2,4,4,2,2,4,2,2,2,2,6,6,2,2,2,2,4,4,2,2,2,2,4,2,2,2,2,2,2,2,2,6,6,4,4,2,2,4,4,2,2,4,2,2,2,2,2,2,4,4,4,4,4,4,2,2,2,2,2,2,4,4,4,4,2,2,4,4,4,2,2,4,4,4,4,4,4,4,4,2,2,4,4,2,2,2,2,2,2,2,4,4,2,2,4,4,6,6,4,4,4,2,2,4,4,2,2,2,2,4,4,2,2,2,2,4,4,4,4,4,4,2,2,4,4,2,2,2,2,4,4,4,4,4,4,4,4,4,4,2,2,2,2,4,4,4,4,4,4,4,4,2,2,2,2,4,4,2,2,4,4,4,4,2,2,4,2,2,4,4,4,4,4,4,4,4,4,2,2,2,2,4,2,2,2,2,4,4,4,4,4,4,2,2,2,2,4,4,4,4,4,4,2,2,2,2,2,2,2,2,2,2,2,2,2,2,2,4,4,4,4,4,4,4,2,2,2,2,2,2,2,2,2,2,4,2,2,4,4,2,2,4,4,4,4,4,4,4,4,4,4,4,4,4,4,4,4,4,2,2,2,2,4,4,4,2,2,4,4,2,2,2,2,4,4,2,2,4,4,4,2,2,2,2,2,2,4,4,4,2,2,2,2,2,2,2,2,2,2,2,2,2,2,2,2,4,4,4,2,2,4,4,4,2,2,4,4,2,2,2,2,2,2,2,2,2,2,2,2,2,4,2,2,2,2,2,2,2,2,2,2,2,4,2,2,2,2,2,2,2,2,2,2,2,2,2,2,2,2,2,2,2,2,2,2,2,2,2,2,2,2,2,2,2,2,2,2,2,2,2,2,2,2,2,2,2,2,2,2,2,2,2,2,2,2,2,2,2,2,2,2,2,2,2,2,2,2,2,2,2,2,2,2,2,2,2,2,2,2,2,2,2,2,2,2,2,2,2,2,2,4,2,2]",1.0,1.0,1.0,1.0,1.0,0.5159576633421534,0.4971565345180339,0.4971565345180339,0.2632272849923344,11.912309838206692,24.48641742107381,0.0107499304804708,11.912309838206692,0.0,0.2632272849923344,0.0,0.0,0.0,0.0013161364249616,100,0.01,1.0,753900,15876,103.26404916701722,0.2530182909977156,140.4361616660026,0.9999991572330744,8.427669255794967e-07,143.57039737157882,1.6855331409493246e-06,143.57033687734176,1.7798624633911626,0.0012982811140731,7.102096688527126e-13,7.102096688527126e-13,1e-12,analysis/fermionic_structure_ablation_extension_hgbs5.csv,5.870060548751611e-09,141.90312568143594,143.57039737157882
success,,NH3_s-1.00_hgbs-5_as-008-010,hamiltonian_generator/polyatomic_library/NH3/s-1.00/hgbs-5/NH3_s-1.00_hgbs-5_as-008-010.tensors.npz,NH3,s-1.00,hgbs-5,8,10,18,3899,7539,5642,0.7483751160631383,0,signed_parent_blocks_randomized,8,2724204207,"reference signed-fermionic parent-owned Pauli blocks preserved internally and kept contiguous, but whole parent blocks randomly permuted",f940b1bc3fba13a6,7be68e0bae8b05ce,"[1,1,1,1,1,1,1,1,1,1,1,1,1,1,1,1,1,1,1,1,1,1,1,1,1,1,1,1,1,1,1,1,1,1,1,1,1,1,1,1,1,1,1,1,1,1,2,2,2,2,1,1,1,1,1,1,1,1,1,1,1,1,1,1,1,1,1,1,1,1,4,4,1,1,1,1,1,1,1,1,1,1,1,1,1,1,1,1,4,1,1,1,1,1,1,1,1,1,1,1,1,1,1,1,1,1,1,1,1,1,1,1,1,1,1,1,1,1,1,1,1,1,1,1,1,1,1,1,1,1,1,1,1,1,1,1,1,1,1,1,1,1,1,2,2,1,1,1,1,1,1,1,1,1,1,1,1,1,1,1,1,1,1,1,1,1,1,1,1,1,1,1,1,1,4,1,1,1,1,1,1,2,2,2,4,4,4,4,2,2,2,2,2,2,2,2,2,2,2,2,2,2,2,2,2,2,2,2,2,2,2,2,2,2,2,2,2,2,2,2,4,4,2,4,2,4,2,2,2,2,2,2,2,2,2,2,2,2,2,2,2,2,2,2,2,4,4,2,4,2,2,2,2,2,2,2,4,4,4,4,4,4,4,4,2,2,2,2,2,2,4,2,4,2,4,2,2,2,2,2,2,2,2,4,4,2,4,4,4,4,4,4,4,4,2,2,6,6,4,4,4,4,2,4,2,2,2,4,2,2,2,2,2,4,4,4,2,2,2,2,2,4,4,4,4,2,2,2,2,4,4,2,2,4,4,4,4,4,2,2,4,4,4,4,4,2,2,2,2,2,2,4,4,4,4,2,2,4,4,6,6,2,2,4,4,2,2,2,2,2,2,4,4,4,4,4,4,4,2,2,4,4,4,4,4,4,2,2,2,2,4,4,4,4,4,4,4,4,4,4,4,4,4,2,2,2,2,2,4,4,4,4,4,4,4,2,2,4,4,4,2,2,4,4,4,4,2,2,2,2,2,2,2,4,4,4,6,6,6,6,4,4,2,2,2,2,4,4,4,4,4,2,2,4,4,4,4,4,4,2,2,4,4,4,4,4,4,4,2,2,2,2,4,4,4,4,2,2,4,4,4,2,2,2,6,6,4,4,6,6,6,6,4,4,4,4,4,4,4,4,4,4,4,2,2,2,2,2,4,4,2,2,2,2,4,4,2,2,4,6,6,4,4,2,2,2,2,4,4,4,4,2,2,2,2,2,2,2,2,2,2,2,2,2,2,4,4,4,4,4,4,4,4,6,6,4,4,4,4,4,4,4,4,4,4,4,4,4,6,6,4,4,4,4,4,4,4,4,4,4,4,4,4,4,2,2,2,2,6,6,6,6,4,4,2,2,2,2,6,6,6,6,6,6,6,6,6,6,4,4,4,4,4,4,4,4,4,4,4,4,4,4,4,4,4,4,4,2,2,4,4,4,6,6,6,6,2,2,6,6,2,2,4,4,2,2,2,2,6,6,4,4,4,4,4,4,4,4,4,4,4,4,4,4,4,4,4,4,4,4,4,4,6,6,6,6,6,6,4,4,4,4,4,4,4,4,4,4,6,6,4,4,2,2,4,4,6,6,6,6,4,4,4,4,4,4,2,2,2,2,2,2,6,6,6,6,4,4,4,4,2,2,4,4,2,2,4,4,4,4,2,2,2,2,4,4,4,4,6,6,2,2,2,2,2,4,2,2,6,6,2,2,4,4,4,4,4,4,4,4,2,2,2,2,2,2,4,4,2,2,4,4,4,4,6,6,6,6,4,4,2,2,2,4,4,4,4,2,2,4,4,4,4,4,4,4,4,2,2,2,2,4,4,4,4,4,2,2,2,2,2,2,4,4,4,4,6,6,4,4,4,4,4,4,4,4,2,2,4,4,4,4,4,4,2,2,2,2,2,2,4,4,4,4,4,4,4,4,4,4,4,6,6,2,2,6,6,4,4,4,4,4,4,4,4,2,2,4,4,4,4,4,4,4,4,2,2,4,4,2,2,2,2,2,2,2,2,2,2,4,4,4,4,4,2,2,2,2,2,2,4,4,4,4,4,4,2,2,4,4,4,4,4,4,4,4,4,4,4,2,2,6,6,2,2,2,2,4,4,4,4,2,2,4,4,2,2,4,4,4,4,4,4,4,4,6,6,6,6,4,4,4,2,4,4,4,4,4,4,4,4,4,4,4,2,2,4,6,6,6,6,6,6,4,4,2,2,2,4,4,6,6,4,4,4,4,2,2,4,4,4,4,4,4,4,4,2,2,4,4,4,4,4,4,4,4,4,4,2,2,4,4,4,4,4,4,2,2,2,2,4,4,2,2,2,2,2,2,4,4,4,4,4,4,4,4,4,4,4,4,4,4,4,4,4,2,2,2,2,4,4,4,4,4,4,4,4,4,4,4,2,2,6,6,4,4,4,4,4,4,4,4,4,4,4,4,4,4,4,4,4,4,4,2,2,4,2,2,2,4,4,4,4,4,4,4,4,4,4,4,4,4,6,6,2,2,4,4,4,4,4,4,4,4,4,4,4,2,2,2,2,4,4,2,4,4,4,4,4,4,4,4,4,2,2,4,4,4,4,4,4,4,2,2,2,2,4,4,4,4,4,4,4,4,4,4,4,2,2,4,4,2,2,4,4,4,6,6,4,4,4,4,4,4,4,4,4,4,4,4,6,6,6,6,2,2,2,2,4,4,4,4,4,4,4,4,4,4,4,4,4,4,4,4,4,4,4,4,4,4,4,4,4,4,2,2,6,6,4,4,2,2,4,4,4,4,2,2,4,4,4,4,4,4,4,4,4,4,4,4,4,4,4,4,4,4,4,4,2,2,6,6,2,2,4,4,4,4,4,4,4,4,4,4,4,4,4,4,4,4,2,2,4,4,2,2,2,4,4,4,4,4,4,4,2,2,2,2,2,2,2,2,4,4,4,4,4,4,4,2,2,2,2,4,4,6,6,6,6,6,6,4,4,4,4,2,2,4,4,4,4,6,6,4,4,2,4,4,4,4,4,4,4,4,4,4,4,4,4,4,4,4,4,4,2,2,2,2,4,4,4,4,4,4,4,2,2,2,2,4,4,4,4,4,4,2,4,2,2,6,6,6,6,6,6,4,4,4,4,4,4,4,4,4,2,4,4,4,4,4,4,4,4,4,4,4,4,4,4,4,4,4,4,4,4,4,4,6,6,4,4,2,2,4,4,4,4,4,4,4,4,4,4,4,4,4,4,4,4,2,2,2,2,2,4,4,4,4,4,4,2,2,4,2,4,4,2,2,4,4,4,4,4,4,4,4,4,4,4,4,4,4,4,4,4,4,4,6,6,4,4,4,4,4,4,4,6,6,4,4,4,4,4,4,4,4,4,4,2,2,4,4,2,2,2,4,4,4,4,4,4,4,4,2,2,6,6,6,6,6,6,4,4,4,4,4,6,6,2,2,4,4,4,4,4,2,2,4,4,2,2,4,2,2,2,4,4,2,2,4,4,4,4,4,4,4,4,4,4,4,2,2,4,4,4,4,4,4,4,4,4,4,4,4,6,6,4,4,2,2,2,2,4,4,4,4,4,4,4,2,2,2,2,4,2,2,4,4,2,2,4,4,4,4,2,2,4,4,4,2,2,4,4,2,2,2,4,2,2,4,4,4,2,2,4,4,4,4,4,2,2,4,4,4,4,2,2,2,2,2,2,2,4,4,4,4,4,4,2,2,2,4,4,4,2,2,4,4,2,2,4,4,2,4,4,6,6,4,4,4,4,4,4,2,2,4,4,4,4,4,4,4,4,4,4,4,4,2,2,2,4,4,4,6,6,6,6,6,6,4,2,4,4,4,4,4,2,2,2,2,4,4,4,4,2,2,2,2,2,2,2,2,2,4,4,4,4,4,2,2,4,4,2,2,4,4,4,2,2,2,2,2,4,4,2,2,4,4,2,2,4,4,2,2,4,4,4,4,4,4,2,2,2,2,2,2,4,4,4,4,4,4,4,4,4,4,4,4,4,4,4,4,4,4,4,4,4,4,4,4,4,2,2,4,4,4,4,2,2,4,4,2,2,4,4,4,2,2,2,4,4,4,4,4,4,4,4,2,2,4,4,2,2,4,4,4,2,2,4,4,4,4,4,2,2,2,4,4,6,6,6,6,4,4,2,2,2,2,4,4,4,4,2,2,4,2,2,2,2,4,4,4,4,4,4,4,2,2,2,2,2,2,4,4,2,2,2,2,2,2,2,2,2,2,2,2,6,6,2,2,2,2,4,4,2,2,4,4,4,4,4,4,4,4,2,2,2,2,2,4,4,4,4,2,2,2,2,4,2,2,4,4,4,4,4,2,4,4,4,4,4,2,2,2,2,2,2,4,4,2,2,4,4,2,2,2,2,4,4,2,2,4,2,2,2,2,6,6,2,2,2,2,4,4,2,2,2,2,4,2,2,2,2,2,2,2,2,6,6,4,4,2,2,4,4,2,2,4,2,2,2,2,2,2,4,4,4,4,4,4,2,2,2,2,2,2,4,4,4,4,2,2,4,4,4,2,2,4,4,4,4,4,4,4,4,2,2,4,4,2,2,2,2,2,2,2,4,4,2,2,4,4,6,6,4,4,4,2,2,4,4,2,2,2,2,4,4,2,2,2,2,4,4,4,4,4,4,2,2,4,4,2,2,2,2,4,4,4,4,4,4,4,4,4,4,2,2,2,2,4,4,4,4,4,4,4,4,2,2,2,2,4,4,2,2,4,4,4,4,2,2,4,2,2,4,4,4,4,4,4,4,4,4,2,2,2,2,4,2,2,2,2,4,4,4,4,4,4,2,2,2,2,4,4,4,4,4,4,2,2,2,2,2,2,2,2,2,2,2,2,2,2,2,4,4,4,4,4,4,4,2,2,2,2,2,2,2,2,2,2,4,2,2,4,4,2,2,4,4,4,4,4,4,4,4,4,4,4,4,4,4,4,4,4,2,2,2,2,4,4,4,2,2,4,4,2,2,2,2,4,4,2,2,4,4,4,2,2,2,2,2,2,4,4,4,2,2,2,2,2,2,2,2,2,2,2,2,2,2,2,2,4,4,4,2,2,4,4,4,2,2,4,4,2,2,2,2,2,2,2,2,2,2,2,2,2,4,2,2,2,2,2,2,2,2,2,2,2,4,2,2,2,2,2,2,2,2,2,2,2,2,2,2,2,2,2,2,2,2,2,2,2,2,2,2,2,2,2,2,2,2,2,2,2,2,2,2,2,2,2,2,2,2,2,2,2,2,2,2,2,2,2,2,2,2,2,2,2,2,2,2,2,2,2,2,2,2,2,2,2,2,2,2,2,2,2,2,2,2,2,2,2,2,2,2,2,4,2,2]",1.0,1.0,1.0,1.0,1.0,0.498368007830635,0.5052413745644921,0.5052413745644921,0.1995490282924909,9.030560236194548,24.48641742107381,0.0081493762383039,9.030560236194548,0.0,0.1995490282924909,0.0,0.0,0.0,0.0009977451414624,100,0.01,1.0,753900,15876,103.26404916701722,0.2530182909977156,140.3886769170058,0.9999995161622668,4.838377331006782e-07,82.42465798816613,9.676752320553206e-07,82.42463804407578,1.7798623048445297,0.0009837049690844,8.870681966755002e-13,8.870681966755002e-13,1e-12,analysis/fermionic_structure_ablation_extension_hgbs5.csv,5.870060548751611e-09,81.55101817953813,82.42465798816612
success,,NH3_s-1.00_hgbs-5_as-008-010,hamiltonian_generator/polyatomic_library/NH3/s-1.00/hgbs-5/NH3_s-1.00_hgbs-5_as-008-010.tensors.npz,NH3,s-1.00,hgbs-5,8,10,18,3899,7539,5642,0.7483751160631383,0,signed_parent_blocks_randomized,9,1783334159,"reference signed-fermionic parent-owned Pauli blocks preserved internally and kept contiguous, but whole parent blocks randomly permuted",71badf621485030e,b8b7eef06cc0cb28,"[1,1,1,1,1,1,1,1,1,1,1,1,1,1,1,1,1,1,1,1,1,1,1,1,1,1,1,1,1,1,1,1,1,1,1,1,1,1,1,1,1,1,1,1,1,1,2,2,2,2,1,1,1,1,1,1,1,1,1,1,1,1,1,1,1,1,1,1,1,1,4,4,1,1,1,1,1,1,1,1,1,1,1,1,1,1,1,1,4,1,1,1,1,1,1,1,1,1,1,1,1,1,1,1,1,1,1,1,1,1,1,1,1,1,1,1,1,1,1,1,1,1,1,1,1,1,1,1,1,1,1,1,1,1,1,1,1,1,1,1,1,1,1,2,2,1,1,1,1,1,1,1,1,1,1,1,1,1,1,1,1,1,1,1,1,1,1,1,1,1,1,1,1,1,4,1,1,1,1,1,1,2,2,2,4,4,4,4,2,2,2,2,2,2,2,2,2,2,2,2,2,2,2,2,2,2,2,2,2,2,2,2,2,2,2,2,2,2,2,2,4,4,2,4,2,4,2,2,2,2,2,2,2,2,2,2,2,2,2,2,2,2,2,2,2,4,4,2,4,2,2,2,2,2,2,2,4,4,4,4,4,4,4,4,2,2,2,2,2,2,4,2,4,2,4,2,2,2,2,2,2,2,2,4,4,2,4,4,4,4,4,4,4,4,2,2,6,6,4,4,4,4,2,4,2,2,2,4,2,2,2,2,2,4,4,4,2,2,2,2,2,4,4,4,4,2,2,2,2,4,4,2,2,4,4,4,4,4,2,2,4,4,4,4,4,2,2,2,2,2,2,4,4,4,4,2,2,4,4,6,6,2,2,4,4,2,2,2,2,2,2,4,4,4,4,4,4,4,2,2,4,4,4,4,4,4,2,2,2,2,4,4,4,4,4,4,4,4,4,4,4,4,4,2,2,2,2,2,4,4,4,4,4,4,4,2,2,4,4,4,2,2,4,4,4,4,2,2,2,2,2,2,2,4,4,4,6,6,6,6,4,4,2,2,2,2,4,4,4,4,4,2,2,4,4,4,4,4,4,2,2,4,4,4,4,4,4,4,2,2,2,2,4,4,4,4,2,2,4,4,4,2,2,2,6,6,4,4,6,6,6,6,4,4,4,4,4,4,4,4,4,4,4,2,2,2,2,2,4,4,2,2,2,2,4,4,2,2,4,6,6,4,4,2,2,2,2,4,4,4,4,2,2,2,2,2,2,2,2,2,2,2,2,2,2,4,4,4,4,4,4,4,4,6,6,4,4,4,4,4,4,4,4,4,4,4,4,4,6,6,4,4,4,4,4,4,4,4,4,4,4,4,4,4,2,2,2,2,6,6,6,6,4,4,2,2,2,2,6,6,6,6,6,6,6,6,6,6,4,4,4,4,4,4,4,4,4,4,4,4,4,4,4,4,4,4,4,2,2,4,4,4,6,6,6,6,2,2,6,6,2,2,4,4,2,2,2,2,6,6,4,4,4,4,4,4,4,4,4,4,4,4,4,4,4,4,4,4,4,4,4,4,6,6,6,6,6,6,4,4,4,4,4,4,4,4,4,4,6,6,4,4,2,2,4,4,6,6,6,6,4,4,4,4,4,4,2,2,2,2,2,2,6,6,6,6,4,4,4,4,2,2,4,4,2,2,4,4,4,4,2,2,2,2,4,4,4,4,6,6,2,2,2,2,2,4,2,2,6,6,2,2,4,4,4,4,4,4,4,4,2,2,2,2,2,2,4,4,2,2,4,4,4,4,6,6,6,6,4,4,2,2,2,4,4,4,4,2,2,4,4,4,4,4,4,4,4,2,2,2,2,4,4,4,4,4,2,2,2,2,2,2,4,4,4,4,6,6,4,4,4,4,4,4,4,4,2,2,4,4,4,4,4,4,2,2,2,2,2,2,4,4,4,4,4,4,4,4,4,4,4,6,6,2,2,6,6,4,4,4,4,4,4,4,4,2,2,4,4,4,4,4,4,4,4,2,2,4,4,2,2,2,2,2,2,2,2,2,2,4,4,4,4,4,2,2,2,2,2,2,4,4,4,4,4,4,2,2,4,4,4,4,4,4,4,4,4,4,4,2,2,6,6,2,2,2,2,4,4,4,4,2,2,4,4,2,2,4,4,4,4,4,4,4,4,6,6,6,6,4,4,4,2,4,4,4,4,4,4,4,4,4,4,4,2,2,4,6,6,6,6,6,6,4,4,2,2,2,4,4,6,6,4,4,4,4,2,2,4,4,4,4,4,4,4,4,2,2,4,4,4,4,4,4,4,4,4,4,2,2,4,4,4,4,4,4,2,2,2,2,4,4,2,2,2,2,2,2,4,4,4,4,4,4,4,4,4,4,4,4,4,4,4,4,4,2,2,2,2,4,4,4,4,4,4,4,4,4,4,4,2,2,6,6,4,4,4,4,4,4,4,4,4,4,4,4,4,4,4,4,4,4,4,2,2,4,2,2,2,4,4,4,4,4,4,4,4,4,4,4,4,4,6,6,2,2,4,4,4,4,4,4,4,4,4,4,4,2,2,2,2,4,4,2,4,4,4,4,4,4,4,4,4,2,2,4,4,4,4,4,4,4,2,2,2,2,4,4,4,4,4,4,4,4,4,4,4,2,2,4,4,2,2,4,4,4,6,6,4,4,4,4,4,4,4,4,4,4,4,4,6,6,6,6,2,2,2,2,4,4,4,4,4,4,4,4,4,4,4,4,4,4,4,4,4,4,4,4,4,4,4,4,4,4,2,2,6,6,4,4,2,2,4,4,4,4,2,2,4,4,4,4,4,4,4,4,4,4,4,4,4,4,4,4,4,4,4,4,2,2,6,6,2,2,4,4,4,4,4,4,4,4,4,4,4,4,4,4,4,4,2,2,4,4,2,2,2,4,4,4,4,4,4,4,2,2,2,2,2,2,2,2,4,4,4,4,4,4,4,2,2,2,2,4,4,6,6,6,6,6,6,4,4,4,4,2,2,4,4,4,4,6,6,4,4,2,4,4,4,4,4,4,4,4,4,4,4,4,4,4,4,4,4,4,2,2,2,2,4,4,4,4,4,4,4,2,2,2,2,4,4,4,4,4,4,2,4,2,2,6,6,6,6,6,6,4,4,4,4,4,4,4,4,4,2,4,4,4,4,4,4,4,4,4,4,4,4,4,4,4,4,4,4,4,4,4,4,6,6,4,4,2,2,4,4,4,4,4,4,4,4,4,4,4,4,4,4,4,4,2,2,2,2,2,4,4,4,4,4,4,2,2,4,2,4,4,2,2,4,4,4,4,4,4,4,4,4,4,4,4,4,4,4,4,4,4,4,6,6,4,4,4,4,4,4,4,6,6,4,4,4,4,4,4,4,4,4,4,2,2,4,4,2,2,2,4,4,4,4,4,4,4,4,2,2,6,6,6,6,6,6,4,4,4,4,4,6,6,2,2,4,4,4,4,4,2,2,4,4,2,2,4,2,2,2,4,4,2,2,4,4,4,4,4,4,4,4,4,4,4,2,2,4,4,4,4,4,4,4,4,4,4,4,4,6,6,4,4,2,2,2,2,4,4,4,4,4,4,4,2,2,2,2,4,2,2,4,4,2,2,4,4,4,4,2,2,4,4,4,2,2,4,4,2,2,2,4,2,2,4,4,4,2,2,4,4,4,4,4,2,2,4,4,4,4,2,2,2,2,2,2,2,4,4,4,4,4,4,2,2,2,4,4,4,2,2,4,4,2,2,4,4,2,4,4,6,6,4,4,4,4,4,4,2,2,4,4,4,4,4,4,4,4,4,4,4,4,2,2,2,4,4,4,6,6,6,6,6,6,4,2,4,4,4,4,4,2,2,2,2,4,4,4,4,2,2,2,2,2,2,2,2,2,4,4,4,4,4,2,2,4,4,2,2,4,4,4,2,2,2,2,2,4,4,2,2,4,4,2,2,4,4,2,2,4,4,4,4,4,4,2,2,2,2,2,2,4,4,4,4,4,4,4,4,4,4,4,4,4,4,4,4,4,4,4,4,4,4,4,4,4,2,2,4,4,4,4,2,2,4,4,2,2,4,4,4,2,2,2,4,4,4,4,4,4,4,4,2,2,4,4,2,2,4,4,4,2,2,4,4,4,4,4,2,2,2,4,4,6,6,6,6,4,4,2,2,2,2,4,4,4,4,2,2,4,2,2,2,2,4,4,4,4,4,4,4,2,2,2,2,2,2,4,4,2,2,2,2,2,2,2,2,2,2,2,2,6,6,2,2,2,2,4,4,2,2,4,4,4,4,4,4,4,4,2,2,2,2,2,4,4,4,4,2,2,2,2,4,2,2,4,4,4,4,4,2,4,4,4,4,4,2,2,2,2,2,2,4,4,2,2,4,4,2,2,2,2,4,4,2,2,4,2,2,2,2,6,6,2,2,2,2,4,4,2,2,2,2,4,2,2,2,2,2,2,2,2,6,6,4,4,2,2,4,4,2,2,4,2,2,2,2,2,2,4,4,4,4,4,4,2,2,2,2,2,2,4,4,4,4,2,2,4,4,4,2,2,4,4,4,4,4,4,4,4,2,2,4,4,2,2,2,2,2,2,2,4,4,2,2,4,4,6,6,4,4,4,2,2,4,4,2,2,2,2,4,4,2,2,2,2,4,4,4,4,4,4,2,2,4,4,2,2,2,2,4,4,4,4,4,4,4,4,4,4,2,2,2,2,4,4,4,4,4,4,4,4,2,2,2,2,4,4,2,2,4,4,4,4,2,2,4,2,2,4,4,4,4,4,4,4,4,4,2,2,2,2,4,2,2,2,2,4,4,4,4,4,4,2,2,2,2,4,4,4,4,4,4,2,2,2,2,2,2,2,2,2,2,2,2,2,2,2,4,4,4,4,4,4,4,2,2,2,2,2,2,2,2,2,2,4,2,2,4,4,2,2,4,4,4,4,4,4,4,4,4,4,4,4,4,4,4,4,4,2,2,2,2,4,4,4,2,2,4,4,2,2,2,2,4,4,2,2,4,4,4,2,2,2,2,2,2,4,4,4,2,2,2,2,2,2,2,2,2,2,2,2,2,2,2,2,4,4,4,2,2,4,4,4,2,2,4,4,2,2,2,2,2,2,2,2,2,2,2,2,2,4,2,2,2,2,2,2,2,2,2,2,2,4,2,2,2,2,2,2,2,2,2,2,2,2,2,2,2,2,2,2,2,2,2,2,2,2,2,2,2,2,2,2,2,2,2,2,2,2,2,2,2,2,2,2,2,2,2,2,2,2,2,2,2,2,2,2,2,2,2,2,2,2,2,2,2,2,2,2,2,2,2,2,2,2,2,2,2,2,2,2,2,2,2,2,2,2,2,2,2,4,2,2]",1.0,1.0,1.0,1.0,1.0,0.4991476408610954,0.4743144140083157,0.4743144140083157,0.3290390175189341,14.890609556903678,24.48641742107381,0.0134376136721312,14.890609556903678,0.0,0.3290390175189341,0.0,0.0,0.0,0.0016451950875946,100,0.01,1.0,753900,15876,103.26404916701722,0.2530182909977156,140.706350249995,0.9999986840825956,1.3159174042653987e-06,224.17441751009807,2.631833076915946e-06,224.17427001461337,1.7798627730986385,0.0016222930710974,6.03073146976385e-13,6.03073146976385e-13,1e-12,analysis/fermionic_structure_ablation_extension_hgbs5.csv,5.870060548751611e-09,221.73025297615115,224.174417510098
success,,NH3_s-1.00_hgbs-5_as-008-010,hamiltonian_generator/polyatomic_library/NH3/s-1.00/hgbs-5/NH3_s-1.00_hgbs-5_as-008-010.tensors.npz,NH3,s-1.00,hgbs-5,8,10,18,3899,7539,5642,0.7483751160631383,0,signed_parent_descendants_round_robin,-1,-1,"reference signed-fermionic parent priority and within-parent descendant order retained, but descendants interleaved round-robin across parent blocks to destroy contiguity",7a54a81e4deee136,7ecb9300ab3e47c1,"[1,1,1,1,1,1,1,1,1,1,1,1,1,1,1,1,1,1,1,1,1,1,1,1,1,1,1,1,1,1,1,1,1,1,1,1,1,1,1,1,1,1,1,1,1,1,2,2,2,2,1,1,1,1,1,1,1,1,1,1,1,1,1,1,1,1,1,1,1,1,4,4,1,1,1,1,1,1,1,1,1,1,1,1,1,1,1,1,4,1,1,1,1,1,1,1,1,1,1,1,1,1,1,1,1,1,1,1,1,1,1,1,1,1,1,1,1,1,1,1,1,1,1,1,1,1,1,1,1,1,1,1,1,1,1,1,1,1,1,1,1,1,1,2,2,1,1,1,1,1,1,1,1,1,1,1,1,1,1,1,1,1,1,1,1,1,1,1,1,1,1,1,1,1,4,1,1,1,1,1,1,2,2,2,4,4,4,4,2,2,2,2,2,2,2,2,2,2,2,2,2,2,2,2,2,2,2,2,2,2,2,2,2,2,2,2,2,2,2,2,4,4,2,4,2,4,2,2,2,2,2,2,2,2,2,2,2,2,2,2,2,2,2,2,2,4,4,2,4,2,2,2,2,2,2,2,4,4,4,4,4,4,4,4,2,2,2,2,2,2,4,2,4,2,4,2,2,2,2,2,2,2,2,4,4,2,4,4,4,4,4,4,4,4,2,2,6,6,4,4,4,4,2,4,2,2,2,4,2,2,2,2,2,4,4,4,2,2,2,2,2,4,4,4,4,2,2,2,2,4,4,2,2,4,4,4,4,4,2,2,4,4,4,4,4,2,2,2,2,2,2,4,4,4,4,2,2,4,4,6,6,2,2,4,4,2,2,2,2,2,2,4,4,4,4,4,4,4,2,2,4,4,4,4,4,4,2,2,2,2,4,4,4,4,4,4,4,4,4,4,4,4,4,2,2,2,2,2,4,4,4,4,4,4,4,2,2,4,4,4,2,2,4,4,4,4,2,2,2,2,2,2,2,4,4,4,6,6,6,6,4,4,2,2,2,2,4,4,4,4,4,2,2,4,4,4,4,4,4,2,2,4,4,4,4,4,4,4,2,2,2,2,4,4,4,4,2,2,4,4,4,2,2,2,6,6,4,4,6,6,6,6,4,4,4,4,4,4,4,4,4,4,4,2,2,2,2,2,4,4,2,2,2,2,4,4,2,2,4,6,6,4,4,2,2,2,2,4,4,4,4,2,2,2,2,2,2,2,2,2,2,2,2,2,2,4,4,4,4,4,4,4,4,6,6,4,4,4,4,4,4,4,4,4,4,4,4,4,6,6,4,4,4,4,4,4,4,4,4,4,4,4,4,4,2,2,2,2,6,6,6,6,4,4,2,2,2,2,6,6,6,6,6,6,6,6,6,6,4,4,4,4,4,4,4,4,4,4,4,4,4,4,4,4,4,4,4,2,2,4,4,4,6,6,6,6,2,2,6,6,2,2,4,4,2,2,2,2,6,6,4,4,4,4,4,4,4,4,4,4,4,4,4,4,4,4,4,4,4,4,4,4,6,6,6,6,6,6,4,4,4,4,4,4,4,4,4,4,6,6,4,4,2,2,4,4,6,6,6,6,4,4,4,4,4,4,2,2,2,2,2,2,6,6,6,6,4,4,4,4,2,2,4,4,2,2,4,4,4,4,2,2,2,2,4,4,4,4,6,6,2,2,2,2,2,4,2,2,6,6,2,2,4,4,4,4,4,4,4,4,2,2,2,2,2,2,4,4,2,2,4,4,4,4,6,6,6,6,4,4,2,2,2,4,4,4,4,2,2,4,4,4,4,4,4,4,4,2,2,2,2,4,4,4,4,4,2,2,2,2,2,2,4,4,4,4,6,6,4,4,4,4,4,4,4,4,2,2,4,4,4,4,4,4,2,2,2,2,2,2,4,4,4,4,4,4,4,4,4,4,4,6,6,2,2,6,6,4,4,4,4,4,4,4,4,2,2,4,4,4,4,4,4,4,4,2,2,4,4,2,2,2,2,2,2,2,2,2,2,4,4,4,4,4,2,2,2,2,2,2,4,4,4,4,4,4,2,2,4,4,4,4,4,4,4,4,4,4,4,2,2,6,6,2,2,2,2,4,4,4,4,2,2,4,4,2,2,4,4,4,4,4,4,4,4,6,6,6,6,4,4,4,2,4,4,4,4,4,4,4,4,4,4,4,2,2,4,6,6,6,6,6,6,4,4,2,2,2,4,4,6,6,4,4,4,4,2,2,4,4,4,4,4,4,4,4,2,2,4,4,4,4,4,4,4,4,4,4,2,2,4,4,4,4,4,4,2,2,2,2,4,4,2,2,2,2,2,2,4,4,4,4,4,4,4,4,4,4,4,4,4,4,4,4,4,2,2,2,2,4,4,4,4,4,4,4,4,4,4,4,2,2,6,6,4,4,4,4,4,4,4,4,4,4,4,4,4,4,4,4,4,4,4,2,2,4,2,2,2,4,4,4,4,4,4,4,4,4,4,4,4,4,6,6,2,2,4,4,4,4,4,4,4,4,4,4,4,2,2,2,2,4,4,2,4,4,4,4,4,4,4,4,4,2,2,4,4,4,4,4,4,4,2,2,2,2,4,4,4,4,4,4,4,4,4,4,4,2,2,4,4,2,2,4,4,4,6,6,4,4,4,4,4,4,4,4,4,4,4,4,6,6,6,6,2,2,2,2,4,4,4,4,4,4,4,4,4,4,4,4,4,4,4,4,4,4,4,4,4,4,4,4,4,4,2,2,6,6,4,4,2,2,4,4,4,4,2,2,4,4,4,4,4,4,4,4,4,4,4,4,4,4,4,4,4,4,4,4,2,2,6,6,2,2,4,4,4,4,4,4,4,4,4,4,4,4,4,4,4,4,2,2,4,4,2,2,2,4,4,4,4,4,4,4,2,2,2,2,2,2,2,2,4,4,4,4,4,4,4,2,2,2,2,4,4,6,6,6,6,6,6,4,4,4,4,2,2,4,4,4,4,6,6,4,4,2,4,4,4,4,4,4,4,4,4,4,4,4,4,4,4,4,4,4,2,2,2,2,4,4,4,4,4,4,4,2,2,2,2,4,4,4,4,4,4,2,4,2,2,6,6,6,6,6,6,4,4,4,4,4,4,4,4,4,2,4,4,4,4,4,4,4,4,4,4,4,4,4,4,4,4,4,4,4,4,4,4,6,6,4,4,2,2,4,4,4,4,4,4,4,4,4,4,4,4,4,4,4,4,2,2,2,2,2,4,4,4,4,4,4,2,2,4,2,4,4,2,2,4,4,4,4,4,4,4,4,4,4,4,4,4,4,4,4,4,4,4,6,6,4,4,4,4,4,4,4,6,6,4,4,4,4,4,4,4,4,4,4,2,2,4,4,2,2,2,4,4,4,4,4,4,4,4,2,2,6,6,6,6,6,6,4,4,4,4,4,6,6,2,2,4,4,4,4,4,2,2,4,4,2,2,4,2,2,2,4,4,2,2,4,4,4,4,4,4,4,4,4,4,4,2,2,4,4,4,4,4,4,4,4,4,4,4,4,6,6,4,4,2,2,2,2,4,4,4,4,4,4,4,2,2,2,2,4,2,2,4,4,2,2,4,4,4,4,2,2,4,4,4,2,2,4,4,2,2,2,4,2,2,4,4,4,2,2,4,4,4,4,4,2,2,4,4,4,4,2,2,2,2,2,2,2,4,4,4,4,4,4,2,2,2,4,4,4,2,2,4,4,2,2,4,4,2,4,4,6,6,4,4,4,4,4,4,2,2,4,4,4,4,4,4,4,4,4,4,4,4,2,2,2,4,4,4,6,6,6,6,6,6,4,2,4,4,4,4,4,2,2,2,2,4,4,4,4,2,2,2,2,2,2,2,2,2,4,4,4,4,4,2,2,4,4,2,2,4,4,4,2,2,2,2,2,4,4,2,2,4,4,2,2,4,4,2,2,4,4,4,4,4,4,2,2,2,2,2,2,4,4,4,4,4,4,4,4,4,4,4,4,4,4,4,4,4,4,4,4,4,4,4,4,4,2,2,4,4,4,4,2,2,4,4,2,2,4,4,4,2,2,2,4,4,4,4,4,4,4,4,2,2,4,4,2,2,4,4,4,2,2,4,4,4,4,4,2,2,2,4,4,6,6,6,6,4,4,2,2,2,2,4,4,4,4,2,2,4,2,2,2,2,4,4,4,4,4,4,4,2,2,2,2,2,2,4,4,2,2,2,2,2,2,2,2,2,2,2,2,6,6,2,2,2,2,4,4,2,2,4,4,4,4,4,4,4,4,2,2,2,2,2,4,4,4,4,2,2,2,2,4,2,2,4,4,4,4,4,2,4,4,4,4,4,2,2,2,2,2,2,4,4,2,2,4,4,2,2,2,2,4,4,2,2,4,2,2,2,2,6,6,2,2,2,2,4,4,2,2,2,2,4,2,2,2,2,2,2,2,2,6,6,4,4,2,2,4,4,2,2,4,2,2,2,2,2,2,4,4,4,4,4,4,2,2,2,2,2,2,4,4,4,4,2,2,4,4,4,2,2,4,4,4,4,4,4,4,4,2,2,4,4,2,2,2,2,2,2,2,4,4,2,2,4,4,6,6,4,4,4,2,2,4,4,2,2,2,2,4,4,2,2,2,2,4,4,4,4,4,4,2,2,4,4,2,2,2,2,4,4,4,4,4,4,4,4,4,4,2,2,2,2,4,4,4,4,4,4,4,4,2,2,2,2,4,4,2,2,4,4,4,4,2,2,4,2,2,4,4,4,4,4,4,4,4,4,2,2,2,2,4,2,2,2,2,4,4,4,4,4,4,2,2,2,2,4,4,4,4,4,4,2,2,2,2,2,2,2,2,2,2,2,2,2,2,2,4,4,4,4,4,4,4,2,2,2,2,2,2,2,2,2,2,4,2,2,4,4,2,2,4,4,4,4,4,4,4,4,4,4,4,4,4,4,4,4,4,2,2,2,2,4,4,4,2,2,4,4,2,2,2,2,4,4,2,2,4,4,4,2,2,2,2,2,2,4,4,4,2,2,2,2,2,2,2,2,2,2,2,2,2,2,2,2,4,4,4,2,2,4,4,4,2,2,4,4,2,2,2,2,2,2,2,2,2,2,2,2,2,4,2,2,2,2,2,2,2,2,2,2,2,4,2,2,2,2,2,2,2,2,2,2,2,2,2,2,2,2,2,2,2,2,2,2,2,2,2,2,2,2,2,2,2,2,2,2,2,2,2,2,2,2,2,2,2,2,2,2,2,2,2,2,2,2,2,2,2,2,2,2,2,2,2,2,2,2,2,2,2,2,2,2,2,2,2,2,2,2,2,2,2,2,2,2,2,2,2,2,2,4,2,2]",3.1823554242296326,6.0,0.0721823554242296,1139.4776276910088,1223.3798912322588,0.3738621680156064,0.0648952465022578,0.0648952465022578,0.1157030739321715,5.236124613575301,24.48641742107381,0.0047251940511556,5.236124613575301,0.0,0.1157030739321715,0.0,0.0,0.0,0.0005785153696608,100,0.01,1.0,753900,15876,103.26404916701722,0.2530182909977156,140.0378917499911,0.9999999822152186,1.7784781425334018e-08,3.029744118928436,3.5569562517601134e-08,3.029744090558464,1.7798626540693383,0.0001885989471091,3.019326444420045e-08,3.024408468110806e-08,1e-12,analysis/fermionic_structure_ablation_extension_hgbs5.csv,5.870060548751611e-09,27.417000968889095,3.0297441189284355
success,,NH3_s-1.00_hgbs-5_as-008-010,hamiltonian_generator/polyatomic_library/NH3/s-1.00/hgbs-5/NH3_s-1.00_hgbs-5_as-008-010.tensors.npz,NH3,s-1.00,hgbs-5,8,10,18,3899,7539,5642,0.7483751160631383,0,signed_parent_within_randomized,0,3607029647,"reference signed-fermionic parent-block order kept fixed and contiguous, but Pauli descendants randomly permuted inside each parent-owned block",7a54a81e4deee136,7ee202f23e974622,"[1,1,1,1,1,1,1,1,1,1,1,1,1,1,1,1,1,1,1,1,1,1,1,1,1,1,1,1,1,1,1,1,1,1,1,1,1,1,1,1,1,1,1,1,1,1,2,2,2,2,1,1,1,1,1,1,1,1,1,1,1,1,1,1,1,1,1,1,1,1,4,4,1,1,1,1,1,1,1,1,1,1,1,1,1,1,1,1,4,1,1,1,1,1,1,1,1,1,1,1,1,1,1,1,1,1,1,1,1,1,1,1,1,1,1,1,1,1,1,1,1,1,1,1,1,1,1,1,1,1,1,1,1,1,1,1,1,1,1,1,1,1,1,2,2,1,1,1,1,1,1,1,1,1,1,1,1,1,1,1,1,1,1,1,1,1,1,1,1,1,1,1,1,1,4,1,1,1,1,1,1,2,2,2,4,4,4,4,2,2,2,2,2,2,2,2,2,2,2,2,2,2,2,2,2,2,2,2,2,2,2,2,2,2,2,2,2,2,2,2,4,4,2,4,2,4,2,2,2,2,2,2,2,2,2,2,2,2,2,2,2,2,2,2,2,4,4,2,4,2,2,2,2,2,2,2,4,4,4,4,4,4,4,4,2,2,2,2,2,2,4,2,4,2,4,2,2,2,2,2,2,2,2,4,4,2,4,4,4,4,4,4,4,4,2,2,6,6,4,4,4,4,2,4,2,2,2,4,2,2,2,2,2,4,4,4,2,2,2,2,2,4,4,4,4,2,2,2,2,4,4,2,2,4,4,4,4,4,2,2,4,4,4,4,4,2,2,2,2,2,2,4,4,4,4,2,2,4,4,6,6,2,2,4,4,2,2,2,2,2,2,4,4,4,4,4,4,4,2,2,4,4,4,4,4,4,2,2,2,2,4,4,4,4,4,4,4,4,4,4,4,4,4,2,2,2,2,2,4,4,4,4,4,4,4,2,2,4,4,4,2,2,4,4,4,4,2,2,2,2,2,2,2,4,4,4,6,6,6,6,4,4,2,2,2,2,4,4,4,4,4,2,2,4,4,4,4,4,4,2,2,4,4,4,4,4,4,4,2,2,2,2,4,4,4,4,2,2,4,4,4,2,2,2,6,6,4,4,6,6,6,6,4,4,4,4,4,4,4,4,4,4,4,2,2,2,2,2,4,4,2,2,2,2,4,4,2,2,4,6,6,4,4,2,2,2,2,4,4,4,4,2,2,2,2,2,2,2,2,2,2,2,2,2,2,4,4,4,4,4,4,4,4,6,6,4,4,4,4,4,4,4,4,4,4,4,4,4,6,6,4,4,4,4,4,4,4,4,4,4,4,4,4,4,2,2,2,2,6,6,6,6,4,4,2,2,2,2,6,6,6,6,6,6,6,6,6,6,4,4,4,4,4,4,4,4,4,4,4,4,4,4,4,4,4,4,4,2,2,4,4,4,6,6,6,6,2,2,6,6,2,2,4,4,2,2,2,2,6,6,4,4,4,4,4,4,4,4,4,4,4,4,4,4,4,4,4,4,4,4,4,4,6,6,6,6,6,6,4,4,4,4,4,4,4,4,4,4,6,6,4,4,2,2,4,4,6,6,6,6,4,4,4,4,4,4,2,2,2,2,2,2,6,6,6,6,4,4,4,4,2,2,4,4,2,2,4,4,4,4,2,2,2,2,4,4,4,4,6,6,2,2,2,2,2,4,2,2,6,6,2,2,4,4,4,4,4,4,4,4,2,2,2,2,2,2,4,4,2,2,4,4,4,4,6,6,6,6,4,4,2,2,2,4,4,4,4,2,2,4,4,4,4,4,4,4,4,2,2,2,2,4,4,4,4,4,2,2,2,2,2,2,4,4,4,4,6,6,4,4,4,4,4,4,4,4,2,2,4,4,4,4,4,4,2,2,2,2,2,2,4,4,4,4,4,4,4,4,4,4,4,6,6,2,2,6,6,4,4,4,4,4,4,4,4,2,2,4,4,4,4,4,4,4,4,2,2,4,4,2,2,2,2,2,2,2,2,2,2,4,4,4,4,4,2,2,2,2,2,2,4,4,4,4,4,4,2,2,4,4,4,4,4,4,4,4,4,4,4,2,2,6,6,2,2,2,2,4,4,4,4,2,2,4,4,2,2,4,4,4,4,4,4,4,4,6,6,6,6,4,4,4,2,4,4,4,4,4,4,4,4,4,4,4,2,2,4,6,6,6,6,6,6,4,4,2,2,2,4,4,6,6,4,4,4,4,2,2,4,4,4,4,4,4,4,4,2,2,4,4,4,4,4,4,4,4,4,4,2,2,4,4,4,4,4,4,2,2,2,2,4,4,2,2,2,2,2,2,4,4,4,4,4,4,4,4,4,4,4,4,4,4,4,4,4,2,2,2,2,4,4,4,4,4,4,4,4,4,4,4,2,2,6,6,4,4,4,4,4,4,4,4,4,4,4,4,4,4,4,4,4,4,4,2,2,4,2,2,2,4,4,4,4,4,4,4,4,4,4,4,4,4,6,6,2,2,4,4,4,4,4,4,4,4,4,4,4,2,2,2,2,4,4,2,4,4,4,4,4,4,4,4,4,2,2,4,4,4,4,4,4,4,2,2,2,2,4,4,4,4,4,4,4,4,4,4,4,2,2,4,4,2,2,4,4,4,6,6,4,4,4,4,4,4,4,4,4,4,4,4,6,6,6,6,2,2,2,2,4,4,4,4,4,4,4,4,4,4,4,4,4,4,4,4,4,4,4,4,4,4,4,4,4,4,2,2,6,6,4,4,2,2,4,4,4,4,2,2,4,4,4,4,4,4,4,4,4,4,4,4,4,4,4,4,4,4,4,4,2,2,6,6,2,2,4,4,4,4,4,4,4,4,4,4,4,4,4,4,4,4,2,2,4,4,2,2,2,4,4,4,4,4,4,4,2,2,2,2,2,2,2,2,4,4,4,4,4,4,4,2,2,2,2,4,4,6,6,6,6,6,6,4,4,4,4,2,2,4,4,4,4,6,6,4,4,2,4,4,4,4,4,4,4,4,4,4,4,4,4,4,4,4,4,4,2,2,2,2,4,4,4,4,4,4,4,2,2,2,2,4,4,4,4,4,4,2,4,2,2,6,6,6,6,6,6,4,4,4,4,4,4,4,4,4,2,4,4,4,4,4,4,4,4,4,4,4,4,4,4,4,4,4,4,4,4,4,4,6,6,4,4,2,2,4,4,4,4,4,4,4,4,4,4,4,4,4,4,4,4,2,2,2,2,2,4,4,4,4,4,4,2,2,4,2,4,4,2,2,4,4,4,4,4,4,4,4,4,4,4,4,4,4,4,4,4,4,4,6,6,4,4,4,4,4,4,4,6,6,4,4,4,4,4,4,4,4,4,4,2,2,4,4,2,2,2,4,4,4,4,4,4,4,4,2,2,6,6,6,6,6,6,4,4,4,4,4,6,6,2,2,4,4,4,4,4,2,2,4,4,2,2,4,2,2,2,4,4,2,2,4,4,4,4,4,4,4,4,4,4,4,2,2,4,4,4,4,4,4,4,4,4,4,4,4,6,6,4,4,2,2,2,2,4,4,4,4,4,4,4,2,2,2,2,4,2,2,4,4,2,2,4,4,4,4,2,2,4,4,4,2,2,4,4,2,2,2,4,2,2,4,4,4,2,2,4,4,4,4,4,2,2,4,4,4,4,2,2,2,2,2,2,2,4,4,4,4,4,4,2,2,2,4,4,4,2,2,4,4,2,2,4,4,2,4,4,6,6,4,4,4,4,4,4,2,2,4,4,4,4,4,4,4,4,4,4,4,4,2,2,2,4,4,4,6,6,6,6,6,6,4,2,4,4,4,4,4,2,2,2,2,4,4,4,4,2,2,2,2,2,2,2,2,2,4,4,4,4,4,2,2,4,4,2,2,4,4,4,2,2,2,2,2,4,4,2,2,4,4,2,2,4,4,2,2,4,4,4,4,4,4,2,2,2,2,2,2,4,4,4,4,4,4,4,4,4,4,4,4,4,4,4,4,4,4,4,4,4,4,4,4,4,2,2,4,4,4,4,2,2,4,4,2,2,4,4,4,2,2,2,4,4,4,4,4,4,4,4,2,2,4,4,2,2,4,4,4,2,2,4,4,4,4,4,2,2,2,4,4,6,6,6,6,4,4,2,2,2,2,4,4,4,4,2,2,4,2,2,2,2,4,4,4,4,4,4,4,2,2,2,2,2,2,4,4,2,2,2,2,2,2,2,2,2,2,2,2,6,6,2,2,2,2,4,4,2,2,4,4,4,4,4,4,4,4,2,2,2,2,2,4,4,4,4,2,2,2,2,4,2,2,4,4,4,4,4,2,4,4,4,4,4,2,2,2,2,2,2,4,4,2,2,4,4,2,2,2,2,4,4,2,2,4,2,2,2,2,6,6,2,2,2,2,4,4,2,2,2,2,4,2,2,2,2,2,2,2,2,6,6,4,4,2,2,4,4,2,2,4,2,2,2,2,2,2,4,4,4,4,4,4,2,2,2,2,2,2,4,4,4,4,2,2,4,4,4,2,2,4,4,4,4,4,4,4,4,2,2,4,4,2,2,2,2,2,2,2,4,4,2,2,4,4,6,6,4,4,4,2,2,4,4,2,2,2,2,4,4,2,2,2,2,4,4,4,4,4,4,2,2,4,4,2,2,2,2,4,4,4,4,4,4,4,4,4,4,2,2,2,2,4,4,4,4,4,4,4,4,2,2,2,2,4,4,2,2,4,4,4,4,2,2,4,2,2,4,4,4,4,4,4,4,4,4,2,2,2,2,4,2,2,2,2,4,4,4,4,4,4,2,2,2,2,4,4,4,4,4,4,2,2,2,2,2,2,2,2,2,2,2,2,2,2,2,4,4,4,4,4,4,4,2,2,2,2,2,2,2,2,2,2,4,2,2,4,4,2,2,4,4,4,4,4,4,4,4,4,4,4,4,4,4,4,4,4,2,2,2,2,4,4,4,2,2,4,4,2,2,2,2,4,4,2,2,4,4,4,2,2,2,2,2,2,4,4,4,2,2,2,2,2,2,2,2,2,2,2,2,2,2,2,2,4,4,4,2,2,4,4,4,2,2,4,4,2,2,2,2,2,2,2,2,2,2,2,2,2,4,2,2,2,2,2,2,2,2,2,2,2,4,2,2,2,2,2,2,2,2,2,2,2,2,2,2,2,2,2,2,2,2,2,2,2,2,2,2,2,2,2,2,2,2,2,2,2,2,2,2,2,2,2,2,2,2,2,2,2,2,2,2,2,2,2,2,2,2,2,2,2,2,2,2,2,2,2,2,2,2,2,2,2,2,2,2,2,2,2,2,2,2,2,2,2,2,2,2,2,4,2,2]",1.0,1.0,1.0,1.0,1.0,0.0,0.0,0.0,0.0220970818059213,1.0,24.48641742107381,0.0009024220009785,1.0,0.0,0.0220970818059213,0.0,0.0,0.0,0.0001104854090296,100,0.01,1.0,753900,15876,103.26404916701722,0.2530182909977156,141.27063295798143,0.9999999941296116,5.870388286588479e-09,1.0000558321049924,1.174077657317696e-08,1.0000558321049924,1.7798625546275846,0.0001083548640956,1.2178036357113342e-12,1.2178036357113342e-12,1e-12,analysis/fermionic_structure_ablation_extension_hgbs5.csv,5.870060548751611e-09,1.0,1.0000558321049922
success,,NH3_s-1.00_hgbs-5_as-008-010,hamiltonian_generator/polyatomic_library/NH3/s-1.00/hgbs-5/NH3_s-1.00_hgbs-5_as-008-010.tensors.npz,NH3,s-1.00,hgbs-5,8,10,18,3899,7539,5642,0.7483751160631383,0,signed_parent_within_randomized,1,2659057660,"reference signed-fermionic parent-block order kept fixed and contiguous, but Pauli descendants randomly permuted inside each parent-owned block",7a54a81e4deee136,7a81f27c5cae36dd,"[1,1,1,1,1,1,1,1,1,1,1,1,1,1,1,1,1,1,1,1,1,1,1,1,1,1,1,1,1,1,1,1,1,1,1,1,1,1,1,1,1,1,1,1,1,1,2,2,2,2,1,1,1,1,1,1,1,1,1,1,1,1,1,1,1,1,1,1,1,1,4,4,1,1,1,1,1,1,1,1,1,1,1,1,1,1,1,1,4,1,1,1,1,1,1,1,1,1,1,1,1,1,1,1,1,1,1,1,1,1,1,1,1,1,1,1,1,1,1,1,1,1,1,1,1,1,1,1,1,1,1,1,1,1,1,1,1,1,1,1,1,1,1,2,2,1,1,1,1,1,1,1,1,1,1,1,1,1,1,1,1,1,1,1,1,1,1,1,1,1,1,1,1,1,4,1,1,1,1,1,1,2,2,2,4,4,4,4,2,2,2,2,2,2,2,2,2,2,2,2,2,2,2,2,2,2,2,2,2,2,2,2,2,2,2,2,2,2,2,2,4,4,2,4,2,4,2,2,2,2,2,2,2,2,2,2,2,2,2,2,2,2,2,2,2,4,4,2,4,2,2,2,2,2,2,2,4,4,4,4,4,4,4,4,2,2,2,2,2,2,4,2,4,2,4,2,2,2,2,2,2,2,2,4,4,2,4,4,4,4,4,4,4,4,2,2,6,6,4,4,4,4,2,4,2,2,2,4,2,2,2,2,2,4,4,4,2,2,2,2,2,4,4,4,4,2,2,2,2,4,4,2,2,4,4,4,4,4,2,2,4,4,4,4,4,2,2,2,2,2,2,4,4,4,4,2,2,4,4,6,6,2,2,4,4,2,2,2,2,2,2,4,4,4,4,4,4,4,2,2,4,4,4,4,4,4,2,2,2,2,4,4,4,4,4,4,4,4,4,4,4,4,4,2,2,2,2,2,4,4,4,4,4,4,4,2,2,4,4,4,2,2,4,4,4,4,2,2,2,2,2,2,2,4,4,4,6,6,6,6,4,4,2,2,2,2,4,4,4,4,4,2,2,4,4,4,4,4,4,2,2,4,4,4,4,4,4,4,2,2,2,2,4,4,4,4,2,2,4,4,4,2,2,2,6,6,4,4,6,6,6,6,4,4,4,4,4,4,4,4,4,4,4,2,2,2,2,2,4,4,2,2,2,2,4,4,2,2,4,6,6,4,4,2,2,2,2,4,4,4,4,2,2,2,2,2,2,2,2,2,2,2,2,2,2,4,4,4,4,4,4,4,4,6,6,4,4,4,4,4,4,4,4,4,4,4,4,4,6,6,4,4,4,4,4,4,4,4,4,4,4,4,4,4,2,2,2,2,6,6,6,6,4,4,2,2,2,2,6,6,6,6,6,6,6,6,6,6,4,4,4,4,4,4,4,4,4,4,4,4,4,4,4,4,4,4,4,2,2,4,4,4,6,6,6,6,2,2,6,6,2,2,4,4,2,2,2,2,6,6,4,4,4,4,4,4,4,4,4,4,4,4,4,4,4,4,4,4,4,4,4,4,6,6,6,6,6,6,4,4,4,4,4,4,4,4,4,4,6,6,4,4,2,2,4,4,6,6,6,6,4,4,4,4,4,4,2,2,2,2,2,2,6,6,6,6,4,4,4,4,2,2,4,4,2,2,4,4,4,4,2,2,2,2,4,4,4,4,6,6,2,2,2,2,2,4,2,2,6,6,2,2,4,4,4,4,4,4,4,4,2,2,2,2,2,2,4,4,2,2,4,4,4,4,6,6,6,6,4,4,2,2,2,4,4,4,4,2,2,4,4,4,4,4,4,4,4,2,2,2,2,4,4,4,4,4,2,2,2,2,2,2,4,4,4,4,6,6,4,4,4,4,4,4,4,4,2,2,4,4,4,4,4,4,2,2,2,2,2,2,4,4,4,4,4,4,4,4,4,4,4,6,6,2,2,6,6,4,4,4,4,4,4,4,4,2,2,4,4,4,4,4,4,4,4,2,2,4,4,2,2,2,2,2,2,2,2,2,2,4,4,4,4,4,2,2,2,2,2,2,4,4,4,4,4,4,2,2,4,4,4,4,4,4,4,4,4,4,4,2,2,6,6,2,2,2,2,4,4,4,4,2,2,4,4,2,2,4,4,4,4,4,4,4,4,6,6,6,6,4,4,4,2,4,4,4,4,4,4,4,4,4,4,4,2,2,4,6,6,6,6,6,6,4,4,2,2,2,4,4,6,6,4,4,4,4,2,2,4,4,4,4,4,4,4,4,2,2,4,4,4,4,4,4,4,4,4,4,2,2,4,4,4,4,4,4,2,2,2,2,4,4,2,2,2,2,2,2,4,4,4,4,4,4,4,4,4,4,4,4,4,4,4,4,4,2,2,2,2,4,4,4,4,4,4,4,4,4,4,4,2,2,6,6,4,4,4,4,4,4,4,4,4,4,4,4,4,4,4,4,4,4,4,2,2,4,2,2,2,4,4,4,4,4,4,4,4,4,4,4,4,4,6,6,2,2,4,4,4,4,4,4,4,4,4,4,4,2,2,2,2,4,4,2,4,4,4,4,4,4,4,4,4,2,2,4,4,4,4,4,4,4,2,2,2,2,4,4,4,4,4,4,4,4,4,4,4,2,2,4,4,2,2,4,4,4,6,6,4,4,4,4,4,4,4,4,4,4,4,4,6,6,6,6,2,2,2,2,4,4,4,4,4,4,4,4,4,4,4,4,4,4,4,4,4,4,4,4,4,4,4,4,4,4,2,2,6,6,4,4,2,2,4,4,4,4,2,2,4,4,4,4,4,4,4,4,4,4,4,4,4,4,4,4,4,4,4,4,2,2,6,6,2,2,4,4,4,4,4,4,4,4,4,4,4,4,4,4,4,4,2,2,4,4,2,2,2,4,4,4,4,4,4,4,2,2,2,2,2,2,2,2,4,4,4,4,4,4,4,2,2,2,2,4,4,6,6,6,6,6,6,4,4,4,4,2,2,4,4,4,4,6,6,4,4,2,4,4,4,4,4,4,4,4,4,4,4,4,4,4,4,4,4,4,2,2,2,2,4,4,4,4,4,4,4,2,2,2,2,4,4,4,4,4,4,2,4,2,2,6,6,6,6,6,6,4,4,4,4,4,4,4,4,4,2,4,4,4,4,4,4,4,4,4,4,4,4,4,4,4,4,4,4,4,4,4,4,6,6,4,4,2,2,4,4,4,4,4,4,4,4,4,4,4,4,4,4,4,4,2,2,2,2,2,4,4,4,4,4,4,2,2,4,2,4,4,2,2,4,4,4,4,4,4,4,4,4,4,4,4,4,4,4,4,4,4,4,6,6,4,4,4,4,4,4,4,6,6,4,4,4,4,4,4,4,4,4,4,2,2,4,4,2,2,2,4,4,4,4,4,4,4,4,2,2,6,6,6,6,6,6,4,4,4,4,4,6,6,2,2,4,4,4,4,4,2,2,4,4,2,2,4,2,2,2,4,4,2,2,4,4,4,4,4,4,4,4,4,4,4,2,2,4,4,4,4,4,4,4,4,4,4,4,4,6,6,4,4,2,2,2,2,4,4,4,4,4,4,4,2,2,2,2,4,2,2,4,4,2,2,4,4,4,4,2,2,4,4,4,2,2,4,4,2,2,2,4,2,2,4,4,4,2,2,4,4,4,4,4,2,2,4,4,4,4,2,2,2,2,2,2,2,4,4,4,4,4,4,2,2,2,4,4,4,2,2,4,4,2,2,4,4,2,4,4,6,6,4,4,4,4,4,4,2,2,4,4,4,4,4,4,4,4,4,4,4,4,2,2,2,4,4,4,6,6,6,6,6,6,4,2,4,4,4,4,4,2,2,2,2,4,4,4,4,2,2,2,2,2,2,2,2,2,4,4,4,4,4,2,2,4,4,2,2,4,4,4,2,2,2,2,2,4,4,2,2,4,4,2,2,4,4,2,2,4,4,4,4,4,4,2,2,2,2,2,2,4,4,4,4,4,4,4,4,4,4,4,4,4,4,4,4,4,4,4,4,4,4,4,4,4,2,2,4,4,4,4,2,2,4,4,2,2,4,4,4,2,2,2,4,4,4,4,4,4,4,4,2,2,4,4,2,2,4,4,4,2,2,4,4,4,4,4,2,2,2,4,4,6,6,6,6,4,4,2,2,2,2,4,4,4,4,2,2,4,2,2,2,2,4,4,4,4,4,4,4,2,2,2,2,2,2,4,4,2,2,2,2,2,2,2,2,2,2,2,2,6,6,2,2,2,2,4,4,2,2,4,4,4,4,4,4,4,4,2,2,2,2,2,4,4,4,4,2,2,2,2,4,2,2,4,4,4,4,4,2,4,4,4,4,4,2,2,2,2,2,2,4,4,2,2,4,4,2,2,2,2,4,4,2,2,4,2,2,2,2,6,6,2,2,2,2,4,4,2,2,2,2,4,2,2,2,2,2,2,2,2,6,6,4,4,2,2,4,4,2,2,4,2,2,2,2,2,2,4,4,4,4,4,4,2,2,2,2,2,2,4,4,4,4,2,2,4,4,4,2,2,4,4,4,4,4,4,4,4,2,2,4,4,2,2,2,2,2,2,2,4,4,2,2,4,4,6,6,4,4,4,2,2,4,4,2,2,2,2,4,4,2,2,2,2,4,4,4,4,4,4,2,2,4,4,2,2,2,2,4,4,4,4,4,4,4,4,4,4,2,2,2,2,4,4,4,4,4,4,4,4,2,2,2,2,4,4,2,2,4,4,4,4,2,2,4,2,2,4,4,4,4,4,4,4,4,4,2,2,2,2,4,2,2,2,2,4,4,4,4,4,4,2,2,2,2,4,4,4,4,4,4,2,2,2,2,2,2,2,2,2,2,2,2,2,2,2,4,4,4,4,4,4,4,2,2,2,2,2,2,2,2,2,2,4,2,2,4,4,2,2,4,4,4,4,4,4,4,4,4,4,4,4,4,4,4,4,4,2,2,2,2,4,4,4,2,2,4,4,2,2,2,2,4,4,2,2,4,4,4,2,2,2,2,2,2,4,4,4,2,2,2,2,2,2,2,2,2,2,2,2,2,2,2,2,4,4,4,2,2,4,4,4,2,2,4,4,2,2,2,2,2,2,2,2,2,2,2,2,2,4,2,2,2,2,2,2,2,2,2,2,2,4,2,2,2,2,2,2,2,2,2,2,2,2,2,2,2,2,2,2,2,2,2,2,2,2,2,2,2,2,2,2,2,2,2,2,2,2,2,2,2,2,2,2,2,2,2,2,2,2,2,2,2,2,2,2,2,2,2,2,2,2,2,2,2,2,2,2,2,2,2,2,2,2,2,2,2,2,2,2,2,2,2,2,2,2,2,2,2,4,2,2]",1.0,1.0,1.0,1.0,1.0,0.0,0.0,0.0,0.0220970818059213,1.0,24.48641742107381,0.0009024220009785,1.0,0.0,0.0220970818059213,0.0,0.0,0.0,0.0001104854090296,100,0.01,1.0,753900,15876,103.26404916701722,0.2530182909977156,141.1041137080174,0.9999999941296532,5.870346653225056e-09,1.0000487396119802,1.1740693306450112e-08,1.0000487396119802,1.7798625546276046,0.0001083544798633,1.1343148642595224e-12,1.1343148642595224e-12,1e-12,analysis/fermionic_structure_ablation_extension_hgbs5.csv,5.870060548751611e-09,1.0,1.00004873961198
success,,NH3_s-1.00_hgbs-5_as-008-010,hamiltonian_generator/polyatomic_library/NH3/s-1.00/hgbs-5/NH3_s-1.00_hgbs-5_as-008-010.tensors.npz,NH3,s-1.00,hgbs-5,8,10,18,3899,7539,5642,0.7483751160631383,0,signed_parent_within_randomized,2,3049132552,"reference signed-fermionic parent-block order kept fixed and contiguous, but Pauli descendants randomly permuted inside each parent-owned block",7a54a81e4deee136,c701743529b4e8f9,"[1,1,1,1,1,1,1,1,1,1,1,1,1,1,1,1,1,1,1,1,1,1,1,1,1,1,1,1,1,1,1,1,1,1,1,1,1,1,1,1,1,1,1,1,1,1,2,2,2,2,1,1,1,1,1,1,1,1,1,1,1,1,1,1,1,1,1,1,1,1,4,4,1,1,1,1,1,1,1,1,1,1,1,1,1,1,1,1,4,1,1,1,1,1,1,1,1,1,1,1,1,1,1,1,1,1,1,1,1,1,1,1,1,1,1,1,1,1,1,1,1,1,1,1,1,1,1,1,1,1,1,1,1,1,1,1,1,1,1,1,1,1,1,2,2,1,1,1,1,1,1,1,1,1,1,1,1,1,1,1,1,1,1,1,1,1,1,1,1,1,1,1,1,1,4,1,1,1,1,1,1,2,2,2,4,4,4,4,2,2,2,2,2,2,2,2,2,2,2,2,2,2,2,2,2,2,2,2,2,2,2,2,2,2,2,2,2,2,2,2,4,4,2,4,2,4,2,2,2,2,2,2,2,2,2,2,2,2,2,2,2,2,2,2,2,4,4,2,4,2,2,2,2,2,2,2,4,4,4,4,4,4,4,4,2,2,2,2,2,2,4,2,4,2,4,2,2,2,2,2,2,2,2,4,4,2,4,4,4,4,4,4,4,4,2,2,6,6,4,4,4,4,2,4,2,2,2,4,2,2,2,2,2,4,4,4,2,2,2,2,2,4,4,4,4,2,2,2,2,4,4,2,2,4,4,4,4,4,2,2,4,4,4,4,4,2,2,2,2,2,2,4,4,4,4,2,2,4,4,6,6,2,2,4,4,2,2,2,2,2,2,4,4,4,4,4,4,4,2,2,4,4,4,4,4,4,2,2,2,2,4,4,4,4,4,4,4,4,4,4,4,4,4,2,2,2,2,2,4,4,4,4,4,4,4,2,2,4,4,4,2,2,4,4,4,4,2,2,2,2,2,2,2,4,4,4,6,6,6,6,4,4,2,2,2,2,4,4,4,4,4,2,2,4,4,4,4,4,4,2,2,4,4,4,4,4,4,4,2,2,2,2,4,4,4,4,2,2,4,4,4,2,2,2,6,6,4,4,6,6,6,6,4,4,4,4,4,4,4,4,4,4,4,2,2,2,2,2,4,4,2,2,2,2,4,4,2,2,4,6,6,4,4,2,2,2,2,4,4,4,4,2,2,2,2,2,2,2,2,2,2,2,2,2,2,4,4,4,4,4,4,4,4,6,6,4,4,4,4,4,4,4,4,4,4,4,4,4,6,6,4,4,4,4,4,4,4,4,4,4,4,4,4,4,2,2,2,2,6,6,6,6,4,4,2,2,2,2,6,6,6,6,6,6,6,6,6,6,4,4,4,4,4,4,4,4,4,4,4,4,4,4,4,4,4,4,4,2,2,4,4,4,6,6,6,6,2,2,6,6,2,2,4,4,2,2,2,2,6,6,4,4,4,4,4,4,4,4,4,4,4,4,4,4,4,4,4,4,4,4,4,4,6,6,6,6,6,6,4,4,4,4,4,4,4,4,4,4,6,6,4,4,2,2,4,4,6,6,6,6,4,4,4,4,4,4,2,2,2,2,2,2,6,6,6,6,4,4,4,4,2,2,4,4,2,2,4,4,4,4,2,2,2,2,4,4,4,4,6,6,2,2,2,2,2,4,2,2,6,6,2,2,4,4,4,4,4,4,4,4,2,2,2,2,2,2,4,4,2,2,4,4,4,4,6,6,6,6,4,4,2,2,2,4,4,4,4,2,2,4,4,4,4,4,4,4,4,2,2,2,2,4,4,4,4,4,2,2,2,2,2,2,4,4,4,4,6,6,4,4,4,4,4,4,4,4,2,2,4,4,4,4,4,4,2,2,2,2,2,2,4,4,4,4,4,4,4,4,4,4,4,6,6,2,2,6,6,4,4,4,4,4,4,4,4,2,2,4,4,4,4,4,4,4,4,2,2,4,4,2,2,2,2,2,2,2,2,2,2,4,4,4,4,4,2,2,2,2,2,2,4,4,4,4,4,4,2,2,4,4,4,4,4,4,4,4,4,4,4,2,2,6,6,2,2,2,2,4,4,4,4,2,2,4,4,2,2,4,4,4,4,4,4,4,4,6,6,6,6,4,4,4,2,4,4,4,4,4,4,4,4,4,4,4,2,2,4,6,6,6,6,6,6,4,4,2,2,2,4,4,6,6,4,4,4,4,2,2,4,4,4,4,4,4,4,4,2,2,4,4,4,4,4,4,4,4,4,4,2,2,4,4,4,4,4,4,2,2,2,2,4,4,2,2,2,2,2,2,4,4,4,4,4,4,4,4,4,4,4,4,4,4,4,4,4,2,2,2,2,4,4,4,4,4,4,4,4,4,4,4,2,2,6,6,4,4,4,4,4,4,4,4,4,4,4,4,4,4,4,4,4,4,4,2,2,4,2,2,2,4,4,4,4,4,4,4,4,4,4,4,4,4,6,6,2,2,4,4,4,4,4,4,4,4,4,4,4,2,2,2,2,4,4,2,4,4,4,4,4,4,4,4,4,2,2,4,4,4,4,4,4,4,2,2,2,2,4,4,4,4,4,4,4,4,4,4,4,2,2,4,4,2,2,4,4,4,6,6,4,4,4,4,4,4,4,4,4,4,4,4,6,6,6,6,2,2,2,2,4,4,4,4,4,4,4,4,4,4,4,4,4,4,4,4,4,4,4,4,4,4,4,4,4,4,2,2,6,6,4,4,2,2,4,4,4,4,2,2,4,4,4,4,4,4,4,4,4,4,4,4,4,4,4,4,4,4,4,4,2,2,6,6,2,2,4,4,4,4,4,4,4,4,4,4,4,4,4,4,4,4,2,2,4,4,2,2,2,4,4,4,4,4,4,4,2,2,2,2,2,2,2,2,4,4,4,4,4,4,4,2,2,2,2,4,4,6,6,6,6,6,6,4,4,4,4,2,2,4,4,4,4,6,6,4,4,2,4,4,4,4,4,4,4,4,4,4,4,4,4,4,4,4,4,4,2,2,2,2,4,4,4,4,4,4,4,2,2,2,2,4,4,4,4,4,4,2,4,2,2,6,6,6,6,6,6,4,4,4,4,4,4,4,4,4,2,4,4,4,4,4,4,4,4,4,4,4,4,4,4,4,4,4,4,4,4,4,4,6,6,4,4,2,2,4,4,4,4,4,4,4,4,4,4,4,4,4,4,4,4,2,2,2,2,2,4,4,4,4,4,4,2,2,4,2,4,4,2,2,4,4,4,4,4,4,4,4,4,4,4,4,4,4,4,4,4,4,4,6,6,4,4,4,4,4,4,4,6,6,4,4,4,4,4,4,4,4,4,4,2,2,4,4,2,2,2,4,4,4,4,4,4,4,4,2,2,6,6,6,6,6,6,4,4,4,4,4,6,6,2,2,4,4,4,4,4,2,2,4,4,2,2,4,2,2,2,4,4,2,2,4,4,4,4,4,4,4,4,4,4,4,2,2,4,4,4,4,4,4,4,4,4,4,4,4,6,6,4,4,2,2,2,2,4,4,4,4,4,4,4,2,2,2,2,4,2,2,4,4,2,2,4,4,4,4,2,2,4,4,4,2,2,4,4,2,2,2,4,2,2,4,4,4,2,2,4,4,4,4,4,2,2,4,4,4,4,2,2,2,2,2,2,2,4,4,4,4,4,4,2,2,2,4,4,4,2,2,4,4,2,2,4,4,2,4,4,6,6,4,4,4,4,4,4,2,2,4,4,4,4,4,4,4,4,4,4,4,4,2,2,2,4,4,4,6,6,6,6,6,6,4,2,4,4,4,4,4,2,2,2,2,4,4,4,4,2,2,2,2,2,2,2,2,2,4,4,4,4,4,2,2,4,4,2,2,4,4,4,2,2,2,2,2,4,4,2,2,4,4,2,2,4,4,2,2,4,4,4,4,4,4,2,2,2,2,2,2,4,4,4,4,4,4,4,4,4,4,4,4,4,4,4,4,4,4,4,4,4,4,4,4,4,2,2,4,4,4,4,2,2,4,4,2,2,4,4,4,2,2,2,4,4,4,4,4,4,4,4,2,2,4,4,2,2,4,4,4,2,2,4,4,4,4,4,2,2,2,4,4,6,6,6,6,4,4,2,2,2,2,4,4,4,4,2,2,4,2,2,2,2,4,4,4,4,4,4,4,2,2,2,2,2,2,4,4,2,2,2,2,2,2,2,2,2,2,2,2,6,6,2,2,2,2,4,4,2,2,4,4,4,4,4,4,4,4,2,2,2,2,2,4,4,4,4,2,2,2,2,4,2,2,4,4,4,4,4,2,4,4,4,4,4,2,2,2,2,2,2,4,4,2,2,4,4,2,2,2,2,4,4,2,2,4,2,2,2,2,6,6,2,2,2,2,4,4,2,2,2,2,4,2,2,2,2,2,2,2,2,6,6,4,4,2,2,4,4,2,2,4,2,2,2,2,2,2,4,4,4,4,4,4,2,2,2,2,2,2,4,4,4,4,2,2,4,4,4,2,2,4,4,4,4,4,4,4,4,2,2,4,4,2,2,2,2,2,2,2,4,4,2,2,4,4,6,6,4,4,4,2,2,4,4,2,2,2,2,4,4,2,2,2,2,4,4,4,4,4,4,2,2,4,4,2,2,2,2,4,4,4,4,4,4,4,4,4,4,2,2,2,2,4,4,4,4,4,4,4,4,2,2,2,2,4,4,2,2,4,4,4,4,2,2,4,2,2,4,4,4,4,4,4,4,4,4,2,2,2,2,4,2,2,2,2,4,4,4,4,4,4,2,2,2,2,4,4,4,4,4,4,2,2,2,2,2,2,2,2,2,2,2,2,2,2,2,4,4,4,4,4,4,4,2,2,2,2,2,2,2,2,2,2,4,2,2,4,4,2,2,4,4,4,4,4,4,4,4,4,4,4,4,4,4,4,4,4,2,2,2,2,4,4,4,2,2,4,4,2,2,2,2,4,4,2,2,4,4,4,2,2,2,2,2,2,4,4,4,2,2,2,2,2,2,2,2,2,2,2,2,2,2,2,2,4,4,4,2,2,4,4,4,2,2,4,4,2,2,2,2,2,2,2,2,2,2,2,2,2,4,2,2,2,2,2,2,2,2,2,2,2,4,2,2,2,2,2,2,2,2,2,2,2,2,2,2,2,2,2,2,2,2,2,2,2,2,2,2,2,2,2,2,2,2,2,2,2,2,2,2,2,2,2,2,2,2,2,2,2,2,2,2,2,2,2,2,2,2,2,2,2,2,2,2,2,2,2,2,2,2,2,2,2,2,2,2,2,2,2,2,2,2,2,2,2,2,2,2,2,4,2,2]",1.0,1.0,1.0,1.0,1.0,0.0,0.0,0.0,0.0220970818059213,1.0,24.48641742107381,0.0009024220009785,1.0,0.0,0.0220970818059213,0.0,0.0,0.0,0.0001104854090296,100,0.01,1.0,753900,15876,103.26404916701722,0.2530182909977156,141.1886023330153,0.9999999941295692,5.870430919152625e-09,1.0000630948178368,1.1740861838305252e-08,1.0000630948178368,1.7798625546275684,0.000108355257548,1.3028467193976212e-12,1.3028467193976212e-12,1e-12,analysis/fermionic_structure_ablation_extension_hgbs5.csv,5.870060548751611e-09,1.0,1.0000630948178368
success,,NH3_s-1.00_hgbs-5_as-008-010,hamiltonian_generator/polyatomic_library/NH3/s-1.00/hgbs-5/NH3_s-1.00_hgbs-5_as-008-010.tensors.npz,NH3,s-1.00,hgbs-5,8,10,18,3899,7539,5642,0.7483751160631383,0,signed_parent_within_randomized,3,1828031410,"reference signed-fermionic parent-block order kept fixed and contiguous, but Pauli descendants randomly permuted inside each parent-owned block",7a54a81e4deee136,3aedd507c001434e,"[1,1,1,1,1,1,1,1,1,1,1,1,1,1,1,1,1,1,1,1,1,1,1,1,1,1,1,1,1,1,1,1,1,1,1,1,1,1,1,1,1,1,1,1,1,1,2,2,2,2,1,1,1,1,1,1,1,1,1,1,1,1,1,1,1,1,1,1,1,1,4,4,1,1,1,1,1,1,1,1,1,1,1,1,1,1,1,1,4,1,1,1,1,1,1,1,1,1,1,1,1,1,1,1,1,1,1,1,1,1,1,1,1,1,1,1,1,1,1,1,1,1,1,1,1,1,1,1,1,1,1,1,1,1,1,1,1,1,1,1,1,1,1,2,2,1,1,1,1,1,1,1,1,1,1,1,1,1,1,1,1,1,1,1,1,1,1,1,1,1,1,1,1,1,4,1,1,1,1,1,1,2,2,2,4,4,4,4,2,2,2,2,2,2,2,2,2,2,2,2,2,2,2,2,2,2,2,2,2,2,2,2,2,2,2,2,2,2,2,2,4,4,2,4,2,4,2,2,2,2,2,2,2,2,2,2,2,2,2,2,2,2,2,2,2,4,4,2,4,2,2,2,2,2,2,2,4,4,4,4,4,4,4,4,2,2,2,2,2,2,4,2,4,2,4,2,2,2,2,2,2,2,2,4,4,2,4,4,4,4,4,4,4,4,2,2,6,6,4,4,4,4,2,4,2,2,2,4,2,2,2,2,2,4,4,4,2,2,2,2,2,4,4,4,4,2,2,2,2,4,4,2,2,4,4,4,4,4,2,2,4,4,4,4,4,2,2,2,2,2,2,4,4,4,4,2,2,4,4,6,6,2,2,4,4,2,2,2,2,2,2,4,4,4,4,4,4,4,2,2,4,4,4,4,4,4,2,2,2,2,4,4,4,4,4,4,4,4,4,4,4,4,4,2,2,2,2,2,4,4,4,4,4,4,4,2,2,4,4,4,2,2,4,4,4,4,2,2,2,2,2,2,2,4,4,4,6,6,6,6,4,4,2,2,2,2,4,4,4,4,4,2,2,4,4,4,4,4,4,2,2,4,4,4,4,4,4,4,2,2,2,2,4,4,4,4,2,2,4,4,4,2,2,2,6,6,4,4,6,6,6,6,4,4,4,4,4,4,4,4,4,4,4,2,2,2,2,2,4,4,2,2,2,2,4,4,2,2,4,6,6,4,4,2,2,2,2,4,4,4,4,2,2,2,2,2,2,2,2,2,2,2,2,2,2,4,4,4,4,4,4,4,4,6,6,4,4,4,4,4,4,4,4,4,4,4,4,4,6,6,4,4,4,4,4,4,4,4,4,4,4,4,4,4,2,2,2,2,6,6,6,6,4,4,2,2,2,2,6,6,6,6,6,6,6,6,6,6,4,4,4,4,4,4,4,4,4,4,4,4,4,4,4,4,4,4,4,2,2,4,4,4,6,6,6,6,2,2,6,6,2,2,4,4,2,2,2,2,6,6,4,4,4,4,4,4,4,4,4,4,4,4,4,4,4,4,4,4,4,4,4,4,6,6,6,6,6,6,4,4,4,4,4,4,4,4,4,4,6,6,4,4,2,2,4,4,6,6,6,6,4,4,4,4,4,4,2,2,2,2,2,2,6,6,6,6,4,4,4,4,2,2,4,4,2,2,4,4,4,4,2,2,2,2,4,4,4,4,6,6,2,2,2,2,2,4,2,2,6,6,2,2,4,4,4,4,4,4,4,4,2,2,2,2,2,2,4,4,2,2,4,4,4,4,6,6,6,6,4,4,2,2,2,4,4,4,4,2,2,4,4,4,4,4,4,4,4,2,2,2,2,4,4,4,4,4,2,2,2,2,2,2,4,4,4,4,6,6,4,4,4,4,4,4,4,4,2,2,4,4,4,4,4,4,2,2,2,2,2,2,4,4,4,4,4,4,4,4,4,4,4,6,6,2,2,6,6,4,4,4,4,4,4,4,4,2,2,4,4,4,4,4,4,4,4,2,2,4,4,2,2,2,2,2,2,2,2,2,2,4,4,4,4,4,2,2,2,2,2,2,4,4,4,4,4,4,2,2,4,4,4,4,4,4,4,4,4,4,4,2,2,6,6,2,2,2,2,4,4,4,4,2,2,4,4,2,2,4,4,4,4,4,4,4,4,6,6,6,6,4,4,4,2,4,4,4,4,4,4,4,4,4,4,4,2,2,4,6,6,6,6,6,6,4,4,2,2,2,4,4,6,6,4,4,4,4,2,2,4,4,4,4,4,4,4,4,2,2,4,4,4,4,4,4,4,4,4,4,2,2,4,4,4,4,4,4,2,2,2,2,4,4,2,2,2,2,2,2,4,4,4,4,4,4,4,4,4,4,4,4,4,4,4,4,4,2,2,2,2,4,4,4,4,4,4,4,4,4,4,4,2,2,6,6,4,4,4,4,4,4,4,4,4,4,4,4,4,4,4,4,4,4,4,2,2,4,2,2,2,4,4,4,4,4,4,4,4,4,4,4,4,4,6,6,2,2,4,4,4,4,4,4,4,4,4,4,4,2,2,2,2,4,4,2,4,4,4,4,4,4,4,4,4,2,2,4,4,4,4,4,4,4,2,2,2,2,4,4,4,4,4,4,4,4,4,4,4,2,2,4,4,2,2,4,4,4,6,6,4,4,4,4,4,4,4,4,4,4,4,4,6,6,6,6,2,2,2,2,4,4,4,4,4,4,4,4,4,4,4,4,4,4,4,4,4,4,4,4,4,4,4,4,4,4,2,2,6,6,4,4,2,2,4,4,4,4,2,2,4,4,4,4,4,4,4,4,4,4,4,4,4,4,4,4,4,4,4,4,2,2,6,6,2,2,4,4,4,4,4,4,4,4,4,4,4,4,4,4,4,4,2,2,4,4,2,2,2,4,4,4,4,4,4,4,2,2,2,2,2,2,2,2,4,4,4,4,4,4,4,2,2,2,2,4,4,6,6,6,6,6,6,4,4,4,4,2,2,4,4,4,4,6,6,4,4,2,4,4,4,4,4,4,4,4,4,4,4,4,4,4,4,4,4,4,2,2,2,2,4,4,4,4,4,4,4,2,2,2,2,4,4,4,4,4,4,2,4,2,2,6,6,6,6,6,6,4,4,4,4,4,4,4,4,4,2,4,4,4,4,4,4,4,4,4,4,4,4,4,4,4,4,4,4,4,4,4,4,6,6,4,4,2,2,4,4,4,4,4,4,4,4,4,4,4,4,4,4,4,4,2,2,2,2,2,4,4,4,4,4,4,2,2,4,2,4,4,2,2,4,4,4,4,4,4,4,4,4,4,4,4,4,4,4,4,4,4,4,6,6,4,4,4,4,4,4,4,6,6,4,4,4,4,4,4,4,4,4,4,2,2,4,4,2,2,2,4,4,4,4,4,4,4,4,2,2,6,6,6,6,6,6,4,4,4,4,4,6,6,2,2,4,4,4,4,4,2,2,4,4,2,2,4,2,2,2,4,4,2,2,4,4,4,4,4,4,4,4,4,4,4,2,2,4,4,4,4,4,4,4,4,4,4,4,4,6,6,4,4,2,2,2,2,4,4,4,4,4,4,4,2,2,2,2,4,2,2,4,4,2,2,4,4,4,4,2,2,4,4,4,2,2,4,4,2,2,2,4,2,2,4,4,4,2,2,4,4,4,4,4,2,2,4,4,4,4,2,2,2,2,2,2,2,4,4,4,4,4,4,2,2,2,4,4,4,2,2,4,4,2,2,4,4,2,4,4,6,6,4,4,4,4,4,4,2,2,4,4,4,4,4,4,4,4,4,4,4,4,2,2,2,4,4,4,6,6,6,6,6,6,4,2,4,4,4,4,4,2,2,2,2,4,4,4,4,2,2,2,2,2,2,2,2,2,4,4,4,4,4,2,2,4,4,2,2,4,4,4,2,2,2,2,2,4,4,2,2,4,4,2,2,4,4,2,2,4,4,4,4,4,4,2,2,2,2,2,2,4,4,4,4,4,4,4,4,4,4,4,4,4,4,4,4,4,4,4,4,4,4,4,4,4,2,2,4,4,4,4,2,2,4,4,2,2,4,4,4,2,2,2,4,4,4,4,4,4,4,4,2,2,4,4,2,2,4,4,4,2,2,4,4,4,4,4,2,2,2,4,4,6,6,6,6,4,4,2,2,2,2,4,4,4,4,2,2,4,2,2,2,2,4,4,4,4,4,4,4,2,2,2,2,2,2,4,4,2,2,2,2,2,2,2,2,2,2,2,2,6,6,2,2,2,2,4,4,2,2,4,4,4,4,4,4,4,4,2,2,2,2,2,4,4,4,4,2,2,2,2,4,2,2,4,4,4,4,4,2,4,4,4,4,4,2,2,2,2,2,2,4,4,2,2,4,4,2,2,2,2,4,4,2,2,4,2,2,2,2,6,6,2,2,2,2,4,4,2,2,2,2,4,2,2,2,2,2,2,2,2,6,6,4,4,2,2,4,4,2,2,4,2,2,2,2,2,2,4,4,4,4,4,4,2,2,2,2,2,2,4,4,4,4,2,2,4,4,4,2,2,4,4,4,4,4,4,4,4,2,2,4,4,2,2,2,2,2,2,2,4,4,2,2,4,4,6,6,4,4,4,2,2,4,4,2,2,2,2,4,4,2,2,2,2,4,4,4,4,4,4,2,2,4,4,2,2,2,2,4,4,4,4,4,4,4,4,4,4,2,2,2,2,4,4,4,4,4,4,4,4,2,2,2,2,4,4,2,2,4,4,4,4,2,2,4,2,2,4,4,4,4,4,4,4,4,4,2,2,2,2,4,2,2,2,2,4,4,4,4,4,4,2,2,2,2,4,4,4,4,4,4,2,2,2,2,2,2,2,2,2,2,2,2,2,2,2,4,4,4,4,4,4,4,2,2,2,2,2,2,2,2,2,2,4,2,2,4,4,2,2,4,4,4,4,4,4,4,4,4,4,4,4,4,4,4,4,4,2,2,2,2,4,4,4,2,2,4,4,2,2,2,2,4,4,2,2,4,4,4,2,2,2,2,2,2,4,4,4,2,2,2,2,2,2,2,2,2,2,2,2,2,2,2,2,4,4,4,2,2,4,4,4,2,2,4,4,2,2,2,2,2,2,2,2,2,2,2,2,2,4,2,2,2,2,2,2,2,2,2,2,2,4,2,2,2,2,2,2,2,2,2,2,2,2,2,2,2,2,2,2,2,2,2,2,2,2,2,2,2,2,2,2,2,2,2,2,2,2,2,2,2,2,2,2,2,2,2,2,2,2,2,2,2,2,2,2,2,2,2,2,2,2,2,2,2,2,2,2,2,2,2,2,2,2,2,2,2,2,2,2,2,2,2,2,2,2,2,2,2,4,2,2]",1.0,1.0,1.0,1.0,1.0,0.0,0.0,0.0,0.0220970818059213,1.0,24.48641742107381,0.0009024220009785,1.0,0.0,0.0220970818059213,0.0,0.0,0.0,0.0001104854090296,100,0.01,1.0,753900,15876,103.26404916701722,0.2530182909977156,141.06203550001374,0.9999999941296308,5.870369079730153e-09,1.0000525601015493,1.1740738159460308e-08,1.0000525601015493,1.7798625546275944,0.0001083546868366,1.1793899190593038e-12,1.1793899190593038e-12,1e-12,analysis/fermionic_structure_ablation_extension_hgbs5.csv,5.870060548751611e-09,1.0,1.0000525601015493
success,,NH3_s-1.00_hgbs-5_as-008-010,hamiltonian_generator/polyatomic_library/NH3/s-1.00/hgbs-5/NH3_s-1.00_hgbs-5_as-008-010.tensors.npz,NH3,s-1.00,hgbs-5,8,10,18,3899,7539,5642,0.7483751160631383,0,signed_parent_within_randomized,4,4273696122,"reference signed-fermionic parent-block order kept fixed and contiguous, but Pauli descendants randomly permuted inside each parent-owned block",7a54a81e4deee136,cf3f73a9f476de08,"[1,1,1,1,1,1,1,1,1,1,1,1,1,1,1,1,1,1,1,1,1,1,1,1,1,1,1,1,1,1,1,1,1,1,1,1,1,1,1,1,1,1,1,1,1,1,2,2,2,2,1,1,1,1,1,1,1,1,1,1,1,1,1,1,1,1,1,1,1,1,4,4,1,1,1,1,1,1,1,1,1,1,1,1,1,1,1,1,4,1,1,1,1,1,1,1,1,1,1,1,1,1,1,1,1,1,1,1,1,1,1,1,1,1,1,1,1,1,1,1,1,1,1,1,1,1,1,1,1,1,1,1,1,1,1,1,1,1,1,1,1,1,1,2,2,1,1,1,1,1,1,1,1,1,1,1,1,1,1,1,1,1,1,1,1,1,1,1,1,1,1,1,1,1,4,1,1,1,1,1,1,2,2,2,4,4,4,4,2,2,2,2,2,2,2,2,2,2,2,2,2,2,2,2,2,2,2,2,2,2,2,2,2,2,2,2,2,2,2,2,4,4,2,4,2,4,2,2,2,2,2,2,2,2,2,2,2,2,2,2,2,2,2,2,2,4,4,2,4,2,2,2,2,2,2,2,4,4,4,4,4,4,4,4,2,2,2,2,2,2,4,2,4,2,4,2,2,2,2,2,2,2,2,4,4,2,4,4,4,4,4,4,4,4,2,2,6,6,4,4,4,4,2,4,2,2,2,4,2,2,2,2,2,4,4,4,2,2,2,2,2,4,4,4,4,2,2,2,2,4,4,2,2,4,4,4,4,4,2,2,4,4,4,4,4,2,2,2,2,2,2,4,4,4,4,2,2,4,4,6,6,2,2,4,4,2,2,2,2,2,2,4,4,4,4,4,4,4,2,2,4,4,4,4,4,4,2,2,2,2,4,4,4,4,4,4,4,4,4,4,4,4,4,2,2,2,2,2,4,4,4,4,4,4,4,2,2,4,4,4,2,2,4,4,4,4,2,2,2,2,2,2,2,4,4,4,6,6,6,6,4,4,2,2,2,2,4,4,4,4,4,2,2,4,4,4,4,4,4,2,2,4,4,4,4,4,4,4,2,2,2,2,4,4,4,4,2,2,4,4,4,2,2,2,6,6,4,4,6,6,6,6,4,4,4,4,4,4,4,4,4,4,4,2,2,2,2,2,4,4,2,2,2,2,4,4,2,2,4,6,6,4,4,2,2,2,2,4,4,4,4,2,2,2,2,2,2,2,2,2,2,2,2,2,2,4,4,4,4,4,4,4,4,6,6,4,4,4,4,4,4,4,4,4,4,4,4,4,6,6,4,4,4,4,4,4,4,4,4,4,4,4,4,4,2,2,2,2,6,6,6,6,4,4,2,2,2,2,6,6,6,6,6,6,6,6,6,6,4,4,4,4,4,4,4,4,4,4,4,4,4,4,4,4,4,4,4,2,2,4,4,4,6,6,6,6,2,2,6,6,2,2,4,4,2,2,2,2,6,6,4,4,4,4,4,4,4,4,4,4,4,4,4,4,4,4,4,4,4,4,4,4,6,6,6,6,6,6,4,4,4,4,4,4,4,4,4,4,6,6,4,4,2,2,4,4,6,6,6,6,4,4,4,4,4,4,2,2,2,2,2,2,6,6,6,6,4,4,4,4,2,2,4,4,2,2,4,4,4,4,2,2,2,2,4,4,4,4,6,6,2,2,2,2,2,4,2,2,6,6,2,2,4,4,4,4,4,4,4,4,2,2,2,2,2,2,4,4,2,2,4,4,4,4,6,6,6,6,4,4,2,2,2,4,4,4,4,2,2,4,4,4,4,4,4,4,4,2,2,2,2,4,4,4,4,4,2,2,2,2,2,2,4,4,4,4,6,6,4,4,4,4,4,4,4,4,2,2,4,4,4,4,4,4,2,2,2,2,2,2,4,4,4,4,4,4,4,4,4,4,4,6,6,2,2,6,6,4,4,4,4,4,4,4,4,2,2,4,4,4,4,4,4,4,4,2,2,4,4,2,2,2,2,2,2,2,2,2,2,4,4,4,4,4,2,2,2,2,2,2,4,4,4,4,4,4,2,2,4,4,4,4,4,4,4,4,4,4,4,2,2,6,6,2,2,2,2,4,4,4,4,2,2,4,4,2,2,4,4,4,4,4,4,4,4,6,6,6,6,4,4,4,2,4,4,4,4,4,4,4,4,4,4,4,2,2,4,6,6,6,6,6,6,4,4,2,2,2,4,4,6,6,4,4,4,4,2,2,4,4,4,4,4,4,4,4,2,2,4,4,4,4,4,4,4,4,4,4,2,2,4,4,4,4,4,4,2,2,2,2,4,4,2,2,2,2,2,2,4,4,4,4,4,4,4,4,4,4,4,4,4,4,4,4,4,2,2,2,2,4,4,4,4,4,4,4,4,4,4,4,2,2,6,6,4,4,4,4,4,4,4,4,4,4,4,4,4,4,4,4,4,4,4,2,2,4,2,2,2,4,4,4,4,4,4,4,4,4,4,4,4,4,6,6,2,2,4,4,4,4,4,4,4,4,4,4,4,2,2,2,2,4,4,2,4,4,4,4,4,4,4,4,4,2,2,4,4,4,4,4,4,4,2,2,2,2,4,4,4,4,4,4,4,4,4,4,4,2,2,4,4,2,2,4,4,4,6,6,4,4,4,4,4,4,4,4,4,4,4,4,6,6,6,6,2,2,2,2,4,4,4,4,4,4,4,4,4,4,4,4,4,4,4,4,4,4,4,4,4,4,4,4,4,4,2,2,6,6,4,4,2,2,4,4,4,4,2,2,4,4,4,4,4,4,4,4,4,4,4,4,4,4,4,4,4,4,4,4,2,2,6,6,2,2,4,4,4,4,4,4,4,4,4,4,4,4,4,4,4,4,2,2,4,4,2,2,2,4,4,4,4,4,4,4,2,2,2,2,2,2,2,2,4,4,4,4,4,4,4,2,2,2,2,4,4,6,6,6,6,6,6,4,4,4,4,2,2,4,4,4,4,6,6,4,4,2,4,4,4,4,4,4,4,4,4,4,4,4,4,4,4,4,4,4,2,2,2,2,4,4,4,4,4,4,4,2,2,2,2,4,4,4,4,4,4,2,4,2,2,6,6,6,6,6,6,4,4,4,4,4,4,4,4,4,2,4,4,4,4,4,4,4,4,4,4,4,4,4,4,4,4,4,4,4,4,4,4,6,6,4,4,2,2,4,4,4,4,4,4,4,4,4,4,4,4,4,4,4,4,2,2,2,2,2,4,4,4,4,4,4,2,2,4,2,4,4,2,2,4,4,4,4,4,4,4,4,4,4,4,4,4,4,4,4,4,4,4,6,6,4,4,4,4,4,4,4,6,6,4,4,4,4,4,4,4,4,4,4,2,2,4,4,2,2,2,4,4,4,4,4,4,4,4,2,2,6,6,6,6,6,6,4,4,4,4,4,6,6,2,2,4,4,4,4,4,2,2,4,4,2,2,4,2,2,2,4,4,2,2,4,4,4,4,4,4,4,4,4,4,4,2,2,4,4,4,4,4,4,4,4,4,4,4,4,6,6,4,4,2,2,2,2,4,4,4,4,4,4,4,2,2,2,2,4,2,2,4,4,2,2,4,4,4,4,2,2,4,4,4,2,2,4,4,2,2,2,4,2,2,4,4,4,2,2,4,4,4,4,4,2,2,4,4,4,4,2,2,2,2,2,2,2,4,4,4,4,4,4,2,2,2,4,4,4,2,2,4,4,2,2,4,4,2,4,4,6,6,4,4,4,4,4,4,2,2,4,4,4,4,4,4,4,4,4,4,4,4,2,2,2,4,4,4,6,6,6,6,6,6,4,2,4,4,4,4,4,2,2,2,2,4,4,4,4,2,2,2,2,2,2,2,2,2,4,4,4,4,4,2,2,4,4,2,2,4,4,4,2,2,2,2,2,4,4,2,2,4,4,2,2,4,4,2,2,4,4,4,4,4,4,2,2,2,2,2,2,4,4,4,4,4,4,4,4,4,4,4,4,4,4,4,4,4,4,4,4,4,4,4,4,4,2,2,4,4,4,4,2,2,4,4,2,2,4,4,4,2,2,2,4,4,4,4,4,4,4,4,2,2,4,4,2,2,4,4,4,2,2,4,4,4,4,4,2,2,2,4,4,6,6,6,6,4,4,2,2,2,2,4,4,4,4,2,2,4,2,2,2,2,4,4,4,4,4,4,4,2,2,2,2,2,2,4,4,2,2,2,2,2,2,2,2,2,2,2,2,6,6,2,2,2,2,4,4,2,2,4,4,4,4,4,4,4,4,2,2,2,2,2,4,4,4,4,2,2,2,2,4,2,2,4,4,4,4,4,2,4,4,4,4,4,2,2,2,2,2,2,4,4,2,2,4,4,2,2,2,2,4,4,2,2,4,2,2,2,2,6,6,2,2,2,2,4,4,2,2,2,2,4,2,2,2,2,2,2,2,2,6,6,4,4,2,2,4,4,2,2,4,2,2,2,2,2,2,4,4,4,4,4,4,2,2,2,2,2,2,4,4,4,4,2,2,4,4,4,2,2,4,4,4,4,4,4,4,4,2,2,4,4,2,2,2,2,2,2,2,4,4,2,2,4,4,6,6,4,4,4,2,2,4,4,2,2,2,2,4,4,2,2,2,2,4,4,4,4,4,4,2,2,4,4,2,2,2,2,4,4,4,4,4,4,4,4,4,4,2,2,2,2,4,4,4,4,4,4,4,4,2,2,2,2,4,4,2,2,4,4,4,4,2,2,4,2,2,4,4,4,4,4,4,4,4,4,2,2,2,2,4,2,2,2,2,4,4,4,4,4,4,2,2,2,2,4,4,4,4,4,4,2,2,2,2,2,2,2,2,2,2,2,2,2,2,2,4,4,4,4,4,4,4,2,2,2,2,2,2,2,2,2,2,4,2,2,4,4,2,2,4,4,4,4,4,4,4,4,4,4,4,4,4,4,4,4,4,2,2,2,2,4,4,4,2,2,4,4,2,2,2,2,4,4,2,2,4,4,4,2,2,2,2,2,2,4,4,4,2,2,2,2,2,2,2,2,2,2,2,2,2,2,2,2,4,4,4,2,2,4,4,4,2,2,4,4,2,2,2,2,2,2,2,2,2,2,2,2,2,4,2,2,2,2,2,2,2,2,2,2,2,4,2,2,2,2,2,2,2,2,2,2,2,2,2,2,2,2,2,2,2,2,2,2,2,2,2,2,2,2,2,2,2,2,2,2,2,2,2,2,2,2,2,2,2,2,2,2,2,2,2,2,2,2,2,2,2,2,2,2,2,2,2,2,2,2,2,2,2,2,2,2,2,2,2,2,2,2,2,2,2,2,2,2,2,2,2,2,2,4,2,2]",1.0,1.0,1.0,1.0,1.0,0.0,0.0,0.0,0.0220970818059213,1.0,24.48641742107381,0.0009024220009785,1.0,0.0,0.0220970818059213,0.0,0.0,0.0,0.0001104854090296,100,0.01,1.0,753900,15876,103.26404916701722,0.2530182909977156,141.12492949998705,0.9999999941295686,5.870431363241835e-09,1.0000631704710956,1.1740862726483671e-08,1.0000631704710956,1.779862554627574,0.0001083552616465,1.3037348978173213e-12,1.3037348978173213e-12,1e-12,analysis/fermionic_structure_ablation_extension_hgbs5.csv,5.870060548751611e-09,1.0,1.0000631704710956
success,,NH3_s-1.00_hgbs-5_as-008-010,hamiltonian_generator/polyatomic_library/NH3/s-1.00/hgbs-5/NH3_s-1.00_hgbs-5_as-008-010.tensors.npz,NH3,s-1.00,hgbs-5,8,10,18,3899,7539,5642,0.7483751160631383,0,signed_parent_within_randomized,5,1938563643,"reference signed-fermionic parent-block order kept fixed and contiguous, but Pauli descendants randomly permuted inside each parent-owned block",7a54a81e4deee136,67096b3005688521,"[1,1,1,1,1,1,1,1,1,1,1,1,1,1,1,1,1,1,1,1,1,1,1,1,1,1,1,1,1,1,1,1,1,1,1,1,1,1,1,1,1,1,1,1,1,1,2,2,2,2,1,1,1,1,1,1,1,1,1,1,1,1,1,1,1,1,1,1,1,1,4,4,1,1,1,1,1,1,1,1,1,1,1,1,1,1,1,1,4,1,1,1,1,1,1,1,1,1,1,1,1,1,1,1,1,1,1,1,1,1,1,1,1,1,1,1,1,1,1,1,1,1,1,1,1,1,1,1,1,1,1,1,1,1,1,1,1,1,1,1,1,1,1,2,2,1,1,1,1,1,1,1,1,1,1,1,1,1,1,1,1,1,1,1,1,1,1,1,1,1,1,1,1,1,4,1,1,1,1,1,1,2,2,2,4,4,4,4,2,2,2,2,2,2,2,2,2,2,2,2,2,2,2,2,2,2,2,2,2,2,2,2,2,2,2,2,2,2,2,2,4,4,2,4,2,4,2,2,2,2,2,2,2,2,2,2,2,2,2,2,2,2,2,2,2,4,4,2,4,2,2,2,2,2,2,2,4,4,4,4,4,4,4,4,2,2,2,2,2,2,4,2,4,2,4,2,2,2,2,2,2,2,2,4,4,2,4,4,4,4,4,4,4,4,2,2,6,6,4,4,4,4,2,4,2,2,2,4,2,2,2,2,2,4,4,4,2,2,2,2,2,4,4,4,4,2,2,2,2,4,4,2,2,4,4,4,4,4,2,2,4,4,4,4,4,2,2,2,2,2,2,4,4,4,4,2,2,4,4,6,6,2,2,4,4,2,2,2,2,2,2,4,4,4,4,4,4,4,2,2,4,4,4,4,4,4,2,2,2,2,4,4,4,4,4,4,4,4,4,4,4,4,4,2,2,2,2,2,4,4,4,4,4,4,4,2,2,4,4,4,2,2,4,4,4,4,2,2,2,2,2,2,2,4,4,4,6,6,6,6,4,4,2,2,2,2,4,4,4,4,4,2,2,4,4,4,4,4,4,2,2,4,4,4,4,4,4,4,2,2,2,2,4,4,4,4,2,2,4,4,4,2,2,2,6,6,4,4,6,6,6,6,4,4,4,4,4,4,4,4,4,4,4,2,2,2,2,2,4,4,2,2,2,2,4,4,2,2,4,6,6,4,4,2,2,2,2,4,4,4,4,2,2,2,2,2,2,2,2,2,2,2,2,2,2,4,4,4,4,4,4,4,4,6,6,4,4,4,4,4,4,4,4,4,4,4,4,4,6,6,4,4,4,4,4,4,4,4,4,4,4,4,4,4,2,2,2,2,6,6,6,6,4,4,2,2,2,2,6,6,6,6,6,6,6,6,6,6,4,4,4,4,4,4,4,4,4,4,4,4,4,4,4,4,4,4,4,2,2,4,4,4,6,6,6,6,2,2,6,6,2,2,4,4,2,2,2,2,6,6,4,4,4,4,4,4,4,4,4,4,4,4,4,4,4,4,4,4,4,4,4,4,6,6,6,6,6,6,4,4,4,4,4,4,4,4,4,4,6,6,4,4,2,2,4,4,6,6,6,6,4,4,4,4,4,4,2,2,2,2,2,2,6,6,6,6,4,4,4,4,2,2,4,4,2,2,4,4,4,4,2,2,2,2,4,4,4,4,6,6,2,2,2,2,2,4,2,2,6,6,2,2,4,4,4,4,4,4,4,4,2,2,2,2,2,2,4,4,2,2,4,4,4,4,6,6,6,6,4,4,2,2,2,4,4,4,4,2,2,4,4,4,4,4,4,4,4,2,2,2,2,4,4,4,4,4,2,2,2,2,2,2,4,4,4,4,6,6,4,4,4,4,4,4,4,4,2,2,4,4,4,4,4,4,2,2,2,2,2,2,4,4,4,4,4,4,4,4,4,4,4,6,6,2,2,6,6,4,4,4,4,4,4,4,4,2,2,4,4,4,4,4,4,4,4,2,2,4,4,2,2,2,2,2,2,2,2,2,2,4,4,4,4,4,2,2,2,2,2,2,4,4,4,4,4,4,2,2,4,4,4,4,4,4,4,4,4,4,4,2,2,6,6,2,2,2,2,4,4,4,4,2,2,4,4,2,2,4,4,4,4,4,4,4,4,6,6,6,6,4,4,4,2,4,4,4,4,4,4,4,4,4,4,4,2,2,4,6,6,6,6,6,6,4,4,2,2,2,4,4,6,6,4,4,4,4,2,2,4,4,4,4,4,4,4,4,2,2,4,4,4,4,4,4,4,4,4,4,2,2,4,4,4,4,4,4,2,2,2,2,4,4,2,2,2,2,2,2,4,4,4,4,4,4,4,4,4,4,4,4,4,4,4,4,4,2,2,2,2,4,4,4,4,4,4,4,4,4,4,4,2,2,6,6,4,4,4,4,4,4,4,4,4,4,4,4,4,4,4,4,4,4,4,2,2,4,2,2,2,4,4,4,4,4,4,4,4,4,4,4,4,4,6,6,2,2,4,4,4,4,4,4,4,4,4,4,4,2,2,2,2,4,4,2,4,4,4,4,4,4,4,4,4,2,2,4,4,4,4,4,4,4,2,2,2,2,4,4,4,4,4,4,4,4,4,4,4,2,2,4,4,2,2,4,4,4,6,6,4,4,4,4,4,4,4,4,4,4,4,4,6,6,6,6,2,2,2,2,4,4,4,4,4,4,4,4,4,4,4,4,4,4,4,4,4,4,4,4,4,4,4,4,4,4,2,2,6,6,4,4,2,2,4,4,4,4,2,2,4,4,4,4,4,4,4,4,4,4,4,4,4,4,4,4,4,4,4,4,2,2,6,6,2,2,4,4,4,4,4,4,4,4,4,4,4,4,4,4,4,4,2,2,4,4,2,2,2,4,4,4,4,4,4,4,2,2,2,2,2,2,2,2,4,4,4,4,4,4,4,2,2,2,2,4,4,6,6,6,6,6,6,4,4,4,4,2,2,4,4,4,4,6,6,4,4,2,4,4,4,4,4,4,4,4,4,4,4,4,4,4,4,4,4,4,2,2,2,2,4,4,4,4,4,4,4,2,2,2,2,4,4,4,4,4,4,2,4,2,2,6,6,6,6,6,6,4,4,4,4,4,4,4,4,4,2,4,4,4,4,4,4,4,4,4,4,4,4,4,4,4,4,4,4,4,4,4,4,6,6,4,4,2,2,4,4,4,4,4,4,4,4,4,4,4,4,4,4,4,4,2,2,2,2,2,4,4,4,4,4,4,2,2,4,2,4,4,2,2,4,4,4,4,4,4,4,4,4,4,4,4,4,4,4,4,4,4,4,6,6,4,4,4,4,4,4,4,6,6,4,4,4,4,4,4,4,4,4,4,2,2,4,4,2,2,2,4,4,4,4,4,4,4,4,2,2,6,6,6,6,6,6,4,4,4,4,4,6,6,2,2,4,4,4,4,4,2,2,4,4,2,2,4,2,2,2,4,4,2,2,4,4,4,4,4,4,4,4,4,4,4,2,2,4,4,4,4,4,4,4,4,4,4,4,4,6,6,4,4,2,2,2,2,4,4,4,4,4,4,4,2,2,2,2,4,2,2,4,4,2,2,4,4,4,4,2,2,4,4,4,2,2,4,4,2,2,2,4,2,2,4,4,4,2,2,4,4,4,4,4,2,2,4,4,4,4,2,2,2,2,2,2,2,4,4,4,4,4,4,2,2,2,4,4,4,2,2,4,4,2,2,4,4,2,4,4,6,6,4,4,4,4,4,4,2,2,4,4,4,4,4,4,4,4,4,4,4,4,2,2,2,4,4,4,6,6,6,6,6,6,4,2,4,4,4,4,4,2,2,2,2,4,4,4,4,2,2,2,2,2,2,2,2,2,4,4,4,4,4,2,2,4,4,2,2,4,4,4,2,2,2,2,2,4,4,2,2,4,4,2,2,4,4,2,2,4,4,4,4,4,4,2,2,2,2,2,2,4,4,4,4,4,4,4,4,4,4,4,4,4,4,4,4,4,4,4,4,4,4,4,4,4,2,2,4,4,4,4,2,2,4,4,2,2,4,4,4,2,2,2,4,4,4,4,4,4,4,4,2,2,4,4,2,2,4,4,4,2,2,4,4,4,4,4,2,2,2,4,4,6,6,6,6,4,4,2,2,2,2,4,4,4,4,2,2,4,2,2,2,2,4,4,4,4,4,4,4,2,2,2,2,2,2,4,4,2,2,2,2,2,2,2,2,2,2,2,2,6,6,2,2,2,2,4,4,2,2,4,4,4,4,4,4,4,4,2,2,2,2,2,4,4,4,4,2,2,2,2,4,2,2,4,4,4,4,4,2,4,4,4,4,4,2,2,2,2,2,2,4,4,2,2,4,4,2,2,2,2,4,4,2,2,4,2,2,2,2,6,6,2,2,2,2,4,4,2,2,2,2,4,2,2,2,2,2,2,2,2,6,6,4,4,2,2,4,4,2,2,4,2,2,2,2,2,2,4,4,4,4,4,4,2,2,2,2,2,2,4,4,4,4,2,2,4,4,4,2,2,4,4,4,4,4,4,4,4,2,2,4,4,2,2,2,2,2,2,2,4,4,2,2,4,4,6,6,4,4,4,2,2,4,4,2,2,2,2,4,4,2,2,2,2,4,4,4,4,4,4,2,2,4,4,2,2,2,2,4,4,4,4,4,4,4,4,4,4,2,2,2,2,4,4,4,4,4,4,4,4,2,2,2,2,4,4,2,2,4,4,4,4,2,2,4,2,2,4,4,4,4,4,4,4,4,4,2,2,2,2,4,2,2,2,2,4,4,4,4,4,4,2,2,2,2,4,4,4,4,4,4,2,2,2,2,2,2,2,2,2,2,2,2,2,2,2,4,4,4,4,4,4,4,2,2,2,2,2,2,2,2,2,2,4,2,2,4,4,2,2,4,4,4,4,4,4,4,4,4,4,4,4,4,4,4,4,4,2,2,2,2,4,4,4,2,2,4,4,2,2,2,2,4,4,2,2,4,4,4,2,2,2,2,2,2,4,4,4,2,2,2,2,2,2,2,2,2,2,2,2,2,2,2,2,4,4,4,2,2,4,4,4,2,2,4,4,2,2,2,2,2,2,2,2,2,2,2,2,2,4,2,2,2,2,2,2,2,2,2,2,2,4,2,2,2,2,2,2,2,2,2,2,2,2,2,2,2,2,2,2,2,2,2,2,2,2,2,2,2,2,2,2,2,2,2,2,2,2,2,2,2,2,2,2,2,2,2,2,2,2,2,2,2,2,2,2,2,2,2,2,2,2,2,2,2,2,2,2,2,2,2,2,2,2,2,2,2,2,2,2,2,2,2,2,2,2,2,2,2,4,2,2]",1.0,1.0,1.0,1.0,1.0,0.0,0.0,0.0,0.0220970818059213,1.0,24.48641742107381,0.0009024220009785,1.0,0.0,0.0220970818059213,0.0,0.0,0.0,0.0001104854090296,100,0.01,1.0,753900,15876,103.26404916701722,0.2530182909977156,140.76667483299389,0.9999999941296812,5.87031889764944e-09,1.0000440112833051,1.174063779529888e-08,1.0000440112833051,1.7798625546276126,0.0001083542237077,1.0783596238184143e-12,1.0783596238184143e-12,1e-12,analysis/fermionic_structure_ablation_extension_hgbs5.csv,5.870060548751611e-09,1.0,1.0000440112833051
success,,NH3_s-1.00_hgbs-5_as-008-010,hamiltonian_generator/polyatomic_library/NH3/s-1.00/hgbs-5/NH3_s-1.00_hgbs-5_as-008-010.tensors.npz,NH3,s-1.00,hgbs-5,8,10,18,3899,7539,5642,0.7483751160631383,0,signed_parent_within_randomized,6,91120377,"reference signed-fermionic parent-block order kept fixed and contiguous, but Pauli descendants randomly permuted inside each parent-owned block",7a54a81e4deee136,5342a73d3c7aa2f0,"[1,1,1,1,1,1,1,1,1,1,1,1,1,1,1,1,1,1,1,1,1,1,1,1,1,1,1,1,1,1,1,1,1,1,1,1,1,1,1,1,1,1,1,1,1,1,2,2,2,2,1,1,1,1,1,1,1,1,1,1,1,1,1,1,1,1,1,1,1,1,4,4,1,1,1,1,1,1,1,1,1,1,1,1,1,1,1,1,4,1,1,1,1,1,1,1,1,1,1,1,1,1,1,1,1,1,1,1,1,1,1,1,1,1,1,1,1,1,1,1,1,1,1,1,1,1,1,1,1,1,1,1,1,1,1,1,1,1,1,1,1,1,1,2,2,1,1,1,1,1,1,1,1,1,1,1,1,1,1,1,1,1,1,1,1,1,1,1,1,1,1,1,1,1,4,1,1,1,1,1,1,2,2,2,4,4,4,4,2,2,2,2,2,2,2,2,2,2,2,2,2,2,2,2,2,2,2,2,2,2,2,2,2,2,2,2,2,2,2,2,4,4,2,4,2,4,2,2,2,2,2,2,2,2,2,2,2,2,2,2,2,2,2,2,2,4,4,2,4,2,2,2,2,2,2,2,4,4,4,4,4,4,4,4,2,2,2,2,2,2,4,2,4,2,4,2,2,2,2,2,2,2,2,4,4,2,4,4,4,4,4,4,4,4,2,2,6,6,4,4,4,4,2,4,2,2,2,4,2,2,2,2,2,4,4,4,2,2,2,2,2,4,4,4,4,2,2,2,2,4,4,2,2,4,4,4,4,4,2,2,4,4,4,4,4,2,2,2,2,2,2,4,4,4,4,2,2,4,4,6,6,2,2,4,4,2,2,2,2,2,2,4,4,4,4,4,4,4,2,2,4,4,4,4,4,4,2,2,2,2,4,4,4,4,4,4,4,4,4,4,4,4,4,2,2,2,2,2,4,4,4,4,4,4,4,2,2,4,4,4,2,2,4,4,4,4,2,2,2,2,2,2,2,4,4,4,6,6,6,6,4,4,2,2,2,2,4,4,4,4,4,2,2,4,4,4,4,4,4,2,2,4,4,4,4,4,4,4,2,2,2,2,4,4,4,4,2,2,4,4,4,2,2,2,6,6,4,4,6,6,6,6,4,4,4,4,4,4,4,4,4,4,4,2,2,2,2,2,4,4,2,2,2,2,4,4,2,2,4,6,6,4,4,2,2,2,2,4,4,4,4,2,2,2,2,2,2,2,2,2,2,2,2,2,2,4,4,4,4,4,4,4,4,6,6,4,4,4,4,4,4,4,4,4,4,4,4,4,6,6,4,4,4,4,4,4,4,4,4,4,4,4,4,4,2,2,2,2,6,6,6,6,4,4,2,2,2,2,6,6,6,6,6,6,6,6,6,6,4,4,4,4,4,4,4,4,4,4,4,4,4,4,4,4,4,4,4,2,2,4,4,4,6,6,6,6,2,2,6,6,2,2,4,4,2,2,2,2,6,6,4,4,4,4,4,4,4,4,4,4,4,4,4,4,4,4,4,4,4,4,4,4,6,6,6,6,6,6,4,4,4,4,4,4,4,4,4,4,6,6,4,4,2,2,4,4,6,6,6,6,4,4,4,4,4,4,2,2,2,2,2,2,6,6,6,6,4,4,4,4,2,2,4,4,2,2,4,4,4,4,2,2,2,2,4,4,4,4,6,6,2,2,2,2,2,4,2,2,6,6,2,2,4,4,4,4,4,4,4,4,2,2,2,2,2,2,4,4,2,2,4,4,4,4,6,6,6,6,4,4,2,2,2,4,4,4,4,2,2,4,4,4,4,4,4,4,4,2,2,2,2,4,4,4,4,4,2,2,2,2,2,2,4,4,4,4,6,6,4,4,4,4,4,4,4,4,2,2,4,4,4,4,4,4,2,2,2,2,2,2,4,4,4,4,4,4,4,4,4,4,4,6,6,2,2,6,6,4,4,4,4,4,4,4,4,2,2,4,4,4,4,4,4,4,4,2,2,4,4,2,2,2,2,2,2,2,2,2,2,4,4,4,4,4,2,2,2,2,2,2,4,4,4,4,4,4,2,2,4,4,4,4,4,4,4,4,4,4,4,2,2,6,6,2,2,2,2,4,4,4,4,2,2,4,4,2,2,4,4,4,4,4,4,4,4,6,6,6,6,4,4,4,2,4,4,4,4,4,4,4,4,4,4,4,2,2,4,6,6,6,6,6,6,4,4,2,2,2,4,4,6,6,4,4,4,4,2,2,4,4,4,4,4,4,4,4,2,2,4,4,4,4,4,4,4,4,4,4,2,2,4,4,4,4,4,4,2,2,2,2,4,4,2,2,2,2,2,2,4,4,4,4,4,4,4,4,4,4,4,4,4,4,4,4,4,2,2,2,2,4,4,4,4,4,4,4,4,4,4,4,2,2,6,6,4,4,4,4,4,4,4,4,4,4,4,4,4,4,4,4,4,4,4,2,2,4,2,2,2,4,4,4,4,4,4,4,4,4,4,4,4,4,6,6,2,2,4,4,4,4,4,4,4,4,4,4,4,2,2,2,2,4,4,2,4,4,4,4,4,4,4,4,4,2,2,4,4,4,4,4,4,4,2,2,2,2,4,4,4,4,4,4,4,4,4,4,4,2,2,4,4,2,2,4,4,4,6,6,4,4,4,4,4,4,4,4,4,4,4,4,6,6,6,6,2,2,2,2,4,4,4,4,4,4,4,4,4,4,4,4,4,4,4,4,4,4,4,4,4,4,4,4,4,4,2,2,6,6,4,4,2,2,4,4,4,4,2,2,4,4,4,4,4,4,4,4,4,4,4,4,4,4,4,4,4,4,4,4,2,2,6,6,2,2,4,4,4,4,4,4,4,4,4,4,4,4,4,4,4,4,2,2,4,4,2,2,2,4,4,4,4,4,4,4,2,2,2,2,2,2,2,2,4,4,4,4,4,4,4,2,2,2,2,4,4,6,6,6,6,6,6,4,4,4,4,2,2,4,4,4,4,6,6,4,4,2,4,4,4,4,4,4,4,4,4,4,4,4,4,4,4,4,4,4,2,2,2,2,4,4,4,4,4,4,4,2,2,2,2,4,4,4,4,4,4,2,4,2,2,6,6,6,6,6,6,4,4,4,4,4,4,4,4,4,2,4,4,4,4,4,4,4,4,4,4,4,4,4,4,4,4,4,4,4,4,4,4,6,6,4,4,2,2,4,4,4,4,4,4,4,4,4,4,4,4,4,4,4,4,2,2,2,2,2,4,4,4,4,4,4,2,2,4,2,4,4,2,2,4,4,4,4,4,4,4,4,4,4,4,4,4,4,4,4,4,4,4,6,6,4,4,4,4,4,4,4,6,6,4,4,4,4,4,4,4,4,4,4,2,2,4,4,2,2,2,4,4,4,4,4,4,4,4,2,2,6,6,6,6,6,6,4,4,4,4,4,6,6,2,2,4,4,4,4,4,2,2,4,4,2,2,4,2,2,2,4,4,2,2,4,4,4,4,4,4,4,4,4,4,4,2,2,4,4,4,4,4,4,4,4,4,4,4,4,6,6,4,4,2,2,2,2,4,4,4,4,4,4,4,2,2,2,2,4,2,2,4,4,2,2,4,4,4,4,2,2,4,4,4,2,2,4,4,2,2,2,4,2,2,4,4,4,2,2,4,4,4,4,4,2,2,4,4,4,4,2,2,2,2,2,2,2,4,4,4,4,4,4,2,2,2,4,4,4,2,2,4,4,2,2,4,4,2,4,4,6,6,4,4,4,4,4,4,2,2,4,4,4,4,4,4,4,4,4,4,4,4,2,2,2,4,4,4,6,6,6,6,6,6,4,2,4,4,4,4,4,2,2,2,2,4,4,4,4,2,2,2,2,2,2,2,2,2,4,4,4,4,4,2,2,4,4,2,2,4,4,4,2,2,2,2,2,4,4,2,2,4,4,2,2,4,4,2,2,4,4,4,4,4,4,2,2,2,2,2,2,4,4,4,4,4,4,4,4,4,4,4,4,4,4,4,4,4,4,4,4,4,4,4,4,4,2,2,4,4,4,4,2,2,4,4,2,2,4,4,4,2,2,2,4,4,4,4,4,4,4,4,2,2,4,4,2,2,4,4,4,2,2,4,4,4,4,4,2,2,2,4,4,6,6,6,6,4,4,2,2,2,2,4,4,4,4,2,2,4,2,2,2,2,4,4,4,4,4,4,4,2,2,2,2,2,2,4,4,2,2,2,2,2,2,2,2,2,2,2,2,6,6,2,2,2,2,4,4,2,2,4,4,4,4,4,4,4,4,2,2,2,2,2,4,4,4,4,2,2,2,2,4,2,2,4,4,4,4,4,2,4,4,4,4,4,2,2,2,2,2,2,4,4,2,2,4,4,2,2,2,2,4,4,2,2,4,2,2,2,2,6,6,2,2,2,2,4,4,2,2,2,2,4,2,2,2,2,2,2,2,2,6,6,4,4,2,2,4,4,2,2,4,2,2,2,2,2,2,4,4,4,4,4,4,2,2,2,2,2,2,4,4,4,4,2,2,4,4,4,2,2,4,4,4,4,4,4,4,4,2,2,4,4,2,2,2,2,2,2,2,4,4,2,2,4,4,6,6,4,4,4,2,2,4,4,2,2,2,2,4,4,2,2,2,2,4,4,4,4,4,4,2,2,4,4,2,2,2,2,4,4,4,4,4,4,4,4,4,4,2,2,2,2,4,4,4,4,4,4,4,4,2,2,2,2,4,4,2,2,4,4,4,4,2,2,4,2,2,4,4,4,4,4,4,4,4,4,2,2,2,2,4,2,2,2,2,4,4,4,4,4,4,2,2,2,2,4,4,4,4,4,4,2,2,2,2,2,2,2,2,2,2,2,2,2,2,2,4,4,4,4,4,4,4,2,2,2,2,2,2,2,2,2,2,4,2,2,4,4,2,2,4,4,4,4,4,4,4,4,4,4,4,4,4,4,4,4,4,2,2,2,2,4,4,4,2,2,4,4,2,2,2,2,4,4,2,2,4,4,4,2,2,2,2,2,2,4,4,4,2,2,2,2,2,2,2,2,2,2,2,2,2,2,2,2,4,4,4,2,2,4,4,4,2,2,4,4,2,2,2,2,2,2,2,2,2,2,2,2,2,4,2,2,2,2,2,2,2,2,2,2,2,4,2,2,2,2,2,2,2,2,2,2,2,2,2,2,2,2,2,2,2,2,2,2,2,2,2,2,2,2,2,2,2,2,2,2,2,2,2,2,2,2,2,2,2,2,2,2,2,2,2,2,2,2,2,2,2,2,2,2,2,2,2,2,2,2,2,2,2,2,2,2,2,2,2,2,2,2,2,2,2,2,2,2,2,2,2,2,2,4,2,2]",1.0,1.0,1.0,1.0,1.0,0.0,0.0,0.0,0.0220970818059213,1.0,24.48641742107381,0.0009024220009785,1.0,0.0,0.0220970818059213,0.0,0.0,0.0,0.0001104854090296,100,0.01,1.0,753900,15876,103.26404916701722,0.2530182909977156,141.12643954201485,0.9999999941296228,5.870377295380535e-09,1.0000539596868372,1.1740754590761073e-08,1.0000539596868372,1.779862554627582,0.0001083547626584,1.195599175218831e-12,1.195599175218831e-12,1e-12,analysis/fermionic_structure_ablation_extension_hgbs5.csv,5.870060548751611e-09,1.0,1.0000539596868367
success,,NH3_s-1.00_hgbs-5_as-008-010,hamiltonian_generator/polyatomic_library/NH3/s-1.00/hgbs-5/NH3_s-1.00_hgbs-5_as-008-010.tensors.npz,NH3,s-1.00,hgbs-5,8,10,18,3899,7539,5642,0.7483751160631383,0,signed_parent_within_randomized,7,2355326278,"reference signed-fermionic parent-block order kept fixed and contiguous, but Pauli descendants randomly permuted inside each parent-owned block",7a54a81e4deee136,3001726948653eab,"[1,1,1,1,1,1,1,1,1,1,1,1,1,1,1,1,1,1,1,1,1,1,1,1,1,1,1,1,1,1,1,1,1,1,1,1,1,1,1,1,1,1,1,1,1,1,2,2,2,2,1,1,1,1,1,1,1,1,1,1,1,1,1,1,1,1,1,1,1,1,4,4,1,1,1,1,1,1,1,1,1,1,1,1,1,1,1,1,4,1,1,1,1,1,1,1,1,1,1,1,1,1,1,1,1,1,1,1,1,1,1,1,1,1,1,1,1,1,1,1,1,1,1,1,1,1,1,1,1,1,1,1,1,1,1,1,1,1,1,1,1,1,1,2,2,1,1,1,1,1,1,1,1,1,1,1,1,1,1,1,1,1,1,1,1,1,1,1,1,1,1,1,1,1,4,1,1,1,1,1,1,2,2,2,4,4,4,4,2,2,2,2,2,2,2,2,2,2,2,2,2,2,2,2,2,2,2,2,2,2,2,2,2,2,2,2,2,2,2,2,4,4,2,4,2,4,2,2,2,2,2,2,2,2,2,2,2,2,2,2,2,2,2,2,2,4,4,2,4,2,2,2,2,2,2,2,4,4,4,4,4,4,4,4,2,2,2,2,2,2,4,2,4,2,4,2,2,2,2,2,2,2,2,4,4,2,4,4,4,4,4,4,4,4,2,2,6,6,4,4,4,4,2,4,2,2,2,4,2,2,2,2,2,4,4,4,2,2,2,2,2,4,4,4,4,2,2,2,2,4,4,2,2,4,4,4,4,4,2,2,4,4,4,4,4,2,2,2,2,2,2,4,4,4,4,2,2,4,4,6,6,2,2,4,4,2,2,2,2,2,2,4,4,4,4,4,4,4,2,2,4,4,4,4,4,4,2,2,2,2,4,4,4,4,4,4,4,4,4,4,4,4,4,2,2,2,2,2,4,4,4,4,4,4,4,2,2,4,4,4,2,2,4,4,4,4,2,2,2,2,2,2,2,4,4,4,6,6,6,6,4,4,2,2,2,2,4,4,4,4,4,2,2,4,4,4,4,4,4,2,2,4,4,4,4,4,4,4,2,2,2,2,4,4,4,4,2,2,4,4,4,2,2,2,6,6,4,4,6,6,6,6,4,4,4,4,4,4,4,4,4,4,4,2,2,2,2,2,4,4,2,2,2,2,4,4,2,2,4,6,6,4,4,2,2,2,2,4,4,4,4,2,2,2,2,2,2,2,2,2,2,2,2,2,2,4,4,4,4,4,4,4,4,6,6,4,4,4,4,4,4,4,4,4,4,4,4,4,6,6,4,4,4,4,4,4,4,4,4,4,4,4,4,4,2,2,2,2,6,6,6,6,4,4,2,2,2,2,6,6,6,6,6,6,6,6,6,6,4,4,4,4,4,4,4,4,4,4,4,4,4,4,4,4,4,4,4,2,2,4,4,4,6,6,6,6,2,2,6,6,2,2,4,4,2,2,2,2,6,6,4,4,4,4,4,4,4,4,4,4,4,4,4,4,4,4,4,4,4,4,4,4,6,6,6,6,6,6,4,4,4,4,4,4,4,4,4,4,6,6,4,4,2,2,4,4,6,6,6,6,4,4,4,4,4,4,2,2,2,2,2,2,6,6,6,6,4,4,4,4,2,2,4,4,2,2,4,4,4,4,2,2,2,2,4,4,4,4,6,6,2,2,2,2,2,4,2,2,6,6,2,2,4,4,4,4,4,4,4,4,2,2,2,2,2,2,4,4,2,2,4,4,4,4,6,6,6,6,4,4,2,2,2,4,4,4,4,2,2,4,4,4,4,4,4,4,4,2,2,2,2,4,4,4,4,4,2,2,2,2,2,2,4,4,4,4,6,6,4,4,4,4,4,4,4,4,2,2,4,4,4,4,4,4,2,2,2,2,2,2,4,4,4,4,4,4,4,4,4,4,4,6,6,2,2,6,6,4,4,4,4,4,4,4,4,2,2,4,4,4,4,4,4,4,4,2,2,4,4,2,2,2,2,2,2,2,2,2,2,4,4,4,4,4,2,2,2,2,2,2,4,4,4,4,4,4,2,2,4,4,4,4,4,4,4,4,4,4,4,2,2,6,6,2,2,2,2,4,4,4,4,2,2,4,4,2,2,4,4,4,4,4,4,4,4,6,6,6,6,4,4,4,2,4,4,4,4,4,4,4,4,4,4,4,2,2,4,6,6,6,6,6,6,4,4,2,2,2,4,4,6,6,4,4,4,4,2,2,4,4,4,4,4,4,4,4,2,2,4,4,4,4,4,4,4,4,4,4,2,2,4,4,4,4,4,4,2,2,2,2,4,4,2,2,2,2,2,2,4,4,4,4,4,4,4,4,4,4,4,4,4,4,4,4,4,2,2,2,2,4,4,4,4,4,4,4,4,4,4,4,2,2,6,6,4,4,4,4,4,4,4,4,4,4,4,4,4,4,4,4,4,4,4,2,2,4,2,2,2,4,4,4,4,4,4,4,4,4,4,4,4,4,6,6,2,2,4,4,4,4,4,4,4,4,4,4,4,2,2,2,2,4,4,2,4,4,4,4,4,4,4,4,4,2,2,4,4,4,4,4,4,4,2,2,2,2,4,4,4,4,4,4,4,4,4,4,4,2,2,4,4,2,2,4,4,4,6,6,4,4,4,4,4,4,4,4,4,4,4,4,6,6,6,6,2,2,2,2,4,4,4,4,4,4,4,4,4,4,4,4,4,4,4,4,4,4,4,4,4,4,4,4,4,4,2,2,6,6,4,4,2,2,4,4,4,4,2,2,4,4,4,4,4,4,4,4,4,4,4,4,4,4,4,4,4,4,4,4,2,2,6,6,2,2,4,4,4,4,4,4,4,4,4,4,4,4,4,4,4,4,2,2,4,4,2,2,2,4,4,4,4,4,4,4,2,2,2,2,2,2,2,2,4,4,4,4,4,4,4,2,2,2,2,4,4,6,6,6,6,6,6,4,4,4,4,2,2,4,4,4,4,6,6,4,4,2,4,4,4,4,4,4,4,4,4,4,4,4,4,4,4,4,4,4,2,2,2,2,4,4,4,4,4,4,4,2,2,2,2,4,4,4,4,4,4,2,4,2,2,6,6,6,6,6,6,4,4,4,4,4,4,4,4,4,2,4,4,4,4,4,4,4,4,4,4,4,4,4,4,4,4,4,4,4,4,4,4,6,6,4,4,2,2,4,4,4,4,4,4,4,4,4,4,4,4,4,4,4,4,2,2,2,2,2,4,4,4,4,4,4,2,2,4,2,4,4,2,2,4,4,4,4,4,4,4,4,4,4,4,4,4,4,4,4,4,4,4,6,6,4,4,4,4,4,4,4,6,6,4,4,4,4,4,4,4,4,4,4,2,2,4,4,2,2,2,4,4,4,4,4,4,4,4,2,2,6,6,6,6,6,6,4,4,4,4,4,6,6,2,2,4,4,4,4,4,2,2,4,4,2,2,4,2,2,2,4,4,2,2,4,4,4,4,4,4,4,4,4,4,4,2,2,4,4,4,4,4,4,4,4,4,4,4,4,6,6,4,4,2,2,2,2,4,4,4,4,4,4,4,2,2,2,2,4,2,2,4,4,2,2,4,4,4,4,2,2,4,4,4,2,2,4,4,2,2,2,4,2,2,4,4,4,2,2,4,4,4,4,4,2,2,4,4,4,4,2,2,2,2,2,2,2,4,4,4,4,4,4,2,2,2,4,4,4,2,2,4,4,2,2,4,4,2,4,4,6,6,4,4,4,4,4,4,2,2,4,4,4,4,4,4,4,4,4,4,4,4,2,2,2,4,4,4,6,6,6,6,6,6,4,2,4,4,4,4,4,2,2,2,2,4,4,4,4,2,2,2,2,2,2,2,2,2,4,4,4,4,4,2,2,4,4,2,2,4,4,4,2,2,2,2,2,4,4,2,2,4,4,2,2,4,4,2,2,4,4,4,4,4,4,2,2,2,2,2,2,4,4,4,4,4,4,4,4,4,4,4,4,4,4,4,4,4,4,4,4,4,4,4,4,4,2,2,4,4,4,4,2,2,4,4,2,2,4,4,4,2,2,2,4,4,4,4,4,4,4,4,2,2,4,4,2,2,4,4,4,2,2,4,4,4,4,4,2,2,2,4,4,6,6,6,6,4,4,2,2,2,2,4,4,4,4,2,2,4,2,2,2,2,4,4,4,4,4,4,4,2,2,2,2,2,2,4,4,2,2,2,2,2,2,2,2,2,2,2,2,6,6,2,2,2,2,4,4,2,2,4,4,4,4,4,4,4,4,2,2,2,2,2,4,4,4,4,2,2,2,2,4,2,2,4,4,4,4,4,2,4,4,4,4,4,2,2,2,2,2,2,4,4,2,2,4,4,2,2,2,2,4,4,2,2,4,2,2,2,2,6,6,2,2,2,2,4,4,2,2,2,2,4,2,2,2,2,2,2,2,2,6,6,4,4,2,2,4,4,2,2,4,2,2,2,2,2,2,4,4,4,4,4,4,2,2,2,2,2,2,4,4,4,4,2,2,4,4,4,2,2,4,4,4,4,4,4,4,4,2,2,4,4,2,2,2,2,2,2,2,4,4,2,2,4,4,6,6,4,4,4,2,2,4,4,2,2,2,2,4,4,2,2,2,2,4,4,4,4,4,4,2,2,4,4,2,2,2,2,4,4,4,4,4,4,4,4,4,4,2,2,2,2,4,4,4,4,4,4,4,4,2,2,2,2,4,4,2,2,4,4,4,4,2,2,4,2,2,4,4,4,4,4,4,4,4,4,2,2,2,2,4,2,2,2,2,4,4,4,4,4,4,2,2,2,2,4,4,4,4,4,4,2,2,2,2,2,2,2,2,2,2,2,2,2,2,2,4,4,4,4,4,4,4,2,2,2,2,2,2,2,2,2,2,4,2,2,4,4,2,2,4,4,4,4,4,4,4,4,4,4,4,4,4,4,4,4,4,2,2,2,2,4,4,4,2,2,4,4,2,2,2,2,4,4,2,2,4,4,4,2,2,2,2,2,2,4,4,4,2,2,2,2,2,2,2,2,2,2,2,2,2,2,2,2,4,4,4,2,2,4,4,4,2,2,4,4,2,2,2,2,2,2,2,2,2,2,2,2,2,4,2,2,2,2,2,2,2,2,2,2,2,4,2,2,2,2,2,2,2,2,2,2,2,2,2,2,2,2,2,2,2,2,2,2,2,2,2,2,2,2,2,2,2,2,2,2,2,2,2,2,2,2,2,2,2,2,2,2,2,2,2,2,2,2,2,2,2,2,2,2,2,2,2,2,2,2,2,2,2,2,2,2,2,2,2,2,2,2,2,2,2,2,2,2,2,2,2,2,2,4,2,2]",1.0,1.0,1.0,1.0,1.0,0.0,0.0,0.0,0.0220970818059213,1.0,24.48641742107381,0.0009024220009785,1.0,0.0,0.0220970818059213,0.0,0.0,0.0,0.0001104854090296,100,0.01,1.0,753900,15876,103.26404916701722,0.2530182909977156,141.05571525002597,0.9999999941296234,5.870376629246721e-09,1.0000538462069488,1.1740753258493442e-08,1.0000538462069488,1.779862554627586,0.0001083547565107,1.1942669075892809e-12,1.1942669075892809e-12,1e-12,analysis/fermionic_structure_ablation_extension_hgbs5.csv,5.870060548751611e-09,1.0,1.0000538462069488
success,,NH3_s-1.00_hgbs-5_as-008-010,hamiltonian_generator/polyatomic_library/NH3/s-1.00/hgbs-5/NH3_s-1.00_hgbs-5_as-008-010.tensors.npz,NH3,s-1.00,hgbs-5,8,10,18,3899,7539,5642,0.7483751160631383,0,signed_parent_within_randomized,8,2252697041,"reference signed-fermionic parent-block order kept fixed and contiguous, but Pauli descendants randomly permuted inside each parent-owned block",7a54a81e4deee136,e67d9c48caf463ab,"[1,1,1,1,1,1,1,1,1,1,1,1,1,1,1,1,1,1,1,1,1,1,1,1,1,1,1,1,1,1,1,1,1,1,1,1,1,1,1,1,1,1,1,1,1,1,2,2,2,2,1,1,1,1,1,1,1,1,1,1,1,1,1,1,1,1,1,1,1,1,4,4,1,1,1,1,1,1,1,1,1,1,1,1,1,1,1,1,4,1,1,1,1,1,1,1,1,1,1,1,1,1,1,1,1,1,1,1,1,1,1,1,1,1,1,1,1,1,1,1,1,1,1,1,1,1,1,1,1,1,1,1,1,1,1,1,1,1,1,1,1,1,1,2,2,1,1,1,1,1,1,1,1,1,1,1,1,1,1,1,1,1,1,1,1,1,1,1,1,1,1,1,1,1,4,1,1,1,1,1,1,2,2,2,4,4,4,4,2,2,2,2,2,2,2,2,2,2,2,2,2,2,2,2,2,2,2,2,2,2,2,2,2,2,2,2,2,2,2,2,4,4,2,4,2,4,2,2,2,2,2,2,2,2,2,2,2,2,2,2,2,2,2,2,2,4,4,2,4,2,2,2,2,2,2,2,4,4,4,4,4,4,4,4,2,2,2,2,2,2,4,2,4,2,4,2,2,2,2,2,2,2,2,4,4,2,4,4,4,4,4,4,4,4,2,2,6,6,4,4,4,4,2,4,2,2,2,4,2,2,2,2,2,4,4,4,2,2,2,2,2,4,4,4,4,2,2,2,2,4,4,2,2,4,4,4,4,4,2,2,4,4,4,4,4,2,2,2,2,2,2,4,4,4,4,2,2,4,4,6,6,2,2,4,4,2,2,2,2,2,2,4,4,4,4,4,4,4,2,2,4,4,4,4,4,4,2,2,2,2,4,4,4,4,4,4,4,4,4,4,4,4,4,2,2,2,2,2,4,4,4,4,4,4,4,2,2,4,4,4,2,2,4,4,4,4,2,2,2,2,2,2,2,4,4,4,6,6,6,6,4,4,2,2,2,2,4,4,4,4,4,2,2,4,4,4,4,4,4,2,2,4,4,4,4,4,4,4,2,2,2,2,4,4,4,4,2,2,4,4,4,2,2,2,6,6,4,4,6,6,6,6,4,4,4,4,4,4,4,4,4,4,4,2,2,2,2,2,4,4,2,2,2,2,4,4,2,2,4,6,6,4,4,2,2,2,2,4,4,4,4,2,2,2,2,2,2,2,2,2,2,2,2,2,2,4,4,4,4,4,4,4,4,6,6,4,4,4,4,4,4,4,4,4,4,4,4,4,6,6,4,4,4,4,4,4,4,4,4,4,4,4,4,4,2,2,2,2,6,6,6,6,4,4,2,2,2,2,6,6,6,6,6,6,6,6,6,6,4,4,4,4,4,4,4,4,4,4,4,4,4,4,4,4,4,4,4,2,2,4,4,4,6,6,6,6,2,2,6,6,2,2,4,4,2,2,2,2,6,6,4,4,4,4,4,4,4,4,4,4,4,4,4,4,4,4,4,4,4,4,4,4,6,6,6,6,6,6,4,4,4,4,4,4,4,4,4,4,6,6,4,4,2,2,4,4,6,6,6,6,4,4,4,4,4,4,2,2,2,2,2,2,6,6,6,6,4,4,4,4,2,2,4,4,2,2,4,4,4,4,2,2,2,2,4,4,4,4,6,6,2,2,2,2,2,4,2,2,6,6,2,2,4,4,4,4,4,4,4,4,2,2,2,2,2,2,4,4,2,2,4,4,4,4,6,6,6,6,4,4,2,2,2,4,4,4,4,2,2,4,4,4,4,4,4,4,4,2,2,2,2,4,4,4,4,4,2,2,2,2,2,2,4,4,4,4,6,6,4,4,4,4,4,4,4,4,2,2,4,4,4,4,4,4,2,2,2,2,2,2,4,4,4,4,4,4,4,4,4,4,4,6,6,2,2,6,6,4,4,4,4,4,4,4,4,2,2,4,4,4,4,4,4,4,4,2,2,4,4,2,2,2,2,2,2,2,2,2,2,4,4,4,4,4,2,2,2,2,2,2,4,4,4,4,4,4,2,2,4,4,4,4,4,4,4,4,4,4,4,2,2,6,6,2,2,2,2,4,4,4,4,2,2,4,4,2,2,4,4,4,4,4,4,4,4,6,6,6,6,4,4,4,2,4,4,4,4,4,4,4,4,4,4,4,2,2,4,6,6,6,6,6,6,4,4,2,2,2,4,4,6,6,4,4,4,4,2,2,4,4,4,4,4,4,4,4,2,2,4,4,4,4,4,4,4,4,4,4,2,2,4,4,4,4,4,4,2,2,2,2,4,4,2,2,2,2,2,2,4,4,4,4,4,4,4,4,4,4,4,4,4,4,4,4,4,2,2,2,2,4,4,4,4,4,4,4,4,4,4,4,2,2,6,6,4,4,4,4,4,4,4,4,4,4,4,4,4,4,4,4,4,4,4,2,2,4,2,2,2,4,4,4,4,4,4,4,4,4,4,4,4,4,6,6,2,2,4,4,4,4,4,4,4,4,4,4,4,2,2,2,2,4,4,2,4,4,4,4,4,4,4,4,4,2,2,4,4,4,4,4,4,4,2,2,2,2,4,4,4,4,4,4,4,4,4,4,4,2,2,4,4,2,2,4,4,4,6,6,4,4,4,4,4,4,4,4,4,4,4,4,6,6,6,6,2,2,2,2,4,4,4,4,4,4,4,4,4,4,4,4,4,4,4,4,4,4,4,4,4,4,4,4,4,4,2,2,6,6,4,4,2,2,4,4,4,4,2,2,4,4,4,4,4,4,4,4,4,4,4,4,4,4,4,4,4,4,4,4,2,2,6,6,2,2,4,4,4,4,4,4,4,4,4,4,4,4,4,4,4,4,2,2,4,4,2,2,2,4,4,4,4,4,4,4,2,2,2,2,2,2,2,2,4,4,4,4,4,4,4,2,2,2,2,4,4,6,6,6,6,6,6,4,4,4,4,2,2,4,4,4,4,6,6,4,4,2,4,4,4,4,4,4,4,4,4,4,4,4,4,4,4,4,4,4,2,2,2,2,4,4,4,4,4,4,4,2,2,2,2,4,4,4,4,4,4,2,4,2,2,6,6,6,6,6,6,4,4,4,4,4,4,4,4,4,2,4,4,4,4,4,4,4,4,4,4,4,4,4,4,4,4,4,4,4,4,4,4,6,6,4,4,2,2,4,4,4,4,4,4,4,4,4,4,4,4,4,4,4,4,2,2,2,2,2,4,4,4,4,4,4,2,2,4,2,4,4,2,2,4,4,4,4,4,4,4,4,4,4,4,4,4,4,4,4,4,4,4,6,6,4,4,4,4,4,4,4,6,6,4,4,4,4,4,4,4,4,4,4,2,2,4,4,2,2,2,4,4,4,4,4,4,4,4,2,2,6,6,6,6,6,6,4,4,4,4,4,6,6,2,2,4,4,4,4,4,2,2,4,4,2,2,4,2,2,2,4,4,2,2,4,4,4,4,4,4,4,4,4,4,4,2,2,4,4,4,4,4,4,4,4,4,4,4,4,6,6,4,4,2,2,2,2,4,4,4,4,4,4,4,2,2,2,2,4,2,2,4,4,2,2,4,4,4,4,2,2,4,4,4,2,2,4,4,2,2,2,4,2,2,4,4,4,2,2,4,4,4,4,4,2,2,4,4,4,4,2,2,2,2,2,2,2,4,4,4,4,4,4,2,2,2,4,4,4,2,2,4,4,2,2,4,4,2,4,4,6,6,4,4,4,4,4,4,2,2,4,4,4,4,4,4,4,4,4,4,4,4,2,2,2,4,4,4,6,6,6,6,6,6,4,2,4,4,4,4,4,2,2,2,2,4,4,4,4,2,2,2,2,2,2,2,2,2,4,4,4,4,4,2,2,4,4,2,2,4,4,4,2,2,2,2,2,4,4,2,2,4,4,2,2,4,4,2,2,4,4,4,4,4,4,2,2,2,2,2,2,4,4,4,4,4,4,4,4,4,4,4,4,4,4,4,4,4,4,4,4,4,4,4,4,4,2,2,4,4,4,4,2,2,4,4,2,2,4,4,4,2,2,2,4,4,4,4,4,4,4,4,2,2,4,4,2,2,4,4,4,2,2,4,4,4,4,4,2,2,2,4,4,6,6,6,6,4,4,2,2,2,2,4,4,4,4,2,2,4,2,2,2,2,4,4,4,4,4,4,4,2,2,2,2,2,2,4,4,2,2,2,2,2,2,2,2,2,2,2,2,6,6,2,2,2,2,4,4,2,2,4,4,4,4,4,4,4,4,2,2,2,2,2,4,4,4,4,2,2,2,2,4,2,2,4,4,4,4,4,2,4,4,4,4,4,2,2,2,2,2,2,4,4,2,2,4,4,2,2,2,2,4,4,2,2,4,2,2,2,2,6,6,2,2,2,2,4,4,2,2,2,2,4,2,2,2,2,2,2,2,2,6,6,4,4,2,2,4,4,2,2,4,2,2,2,2,2,2,4,4,4,4,4,4,2,2,2,2,2,2,4,4,4,4,2,2,4,4,4,2,2,4,4,4,4,4,4,4,4,2,2,4,4,2,2,2,2,2,2,2,4,4,2,2,4,4,6,6,4,4,4,2,2,4,4,2,2,2,2,4,4,2,2,2,2,4,4,4,4,4,4,2,2,4,4,2,2,2,2,4,4,4,4,4,4,4,4,4,4,2,2,2,2,4,4,4,4,4,4,4,4,2,2,2,2,4,4,2,2,4,4,4,4,2,2,4,2,2,4,4,4,4,4,4,4,4,4,2,2,2,2,4,2,2,2,2,4,4,4,4,4,4,2,2,2,2,4,4,4,4,4,4,2,2,2,2,2,2,2,2,2,2,2,2,2,2,2,4,4,4,4,4,4,4,2,2,2,2,2,2,2,2,2,2,4,2,2,4,4,2,2,4,4,4,4,4,4,4,4,4,4,4,4,4,4,4,4,4,2,2,2,2,4,4,4,2,2,4,4,2,2,2,2,4,4,2,2,4,4,4,2,2,2,2,2,2,4,4,4,2,2,2,2,2,2,2,2,2,2,2,2,2,2,2,2,4,4,4,2,2,4,4,4,2,2,4,4,2,2,2,2,2,2,2,2,2,2,2,2,2,4,2,2,2,2,2,2,2,2,2,2,2,4,2,2,2,2,2,2,2,2,2,2,2,2,2,2,2,2,2,2,2,2,2,2,2,2,2,2,2,2,2,2,2,2,2,2,2,2,2,2,2,2,2,2,2,2,2,2,2,2,2,2,2,2,2,2,2,2,2,2,2,2,2,2,2,2,2,2,2,2,2,2,2,2,2,2,2,2,2,2,2,2,2,2,2,2,2,2,2,4,2,2]",1.0,1.0,1.0,1.0,1.0,0.0,0.0,0.0,0.0220970818059213,1.0,24.48641742107381,0.0009024220009785,1.0,0.0,0.0220970818059213,0.0,0.0,0.0,0.0001104854090296,100,0.01,1.0,753900,15876,103.26404916701722,0.2530182909977156,141.0100979169947,0.999999994129643,5.870356978299185e-09,1.0000504985502472,1.1740713956598371e-08,1.0000504985502472,1.779862554627594,0.000108354575153,1.1547429679126253e-12,1.1547429679126253e-12,1e-12,analysis/fermionic_structure_ablation_extension_hgbs5.csv,5.870060548751611e-09,1.0,1.000050498550247
success,,NH3_s-1.00_hgbs-5_as-008-010,hamiltonian_generator/polyatomic_library/NH3/s-1.00/hgbs-5/NH3_s-1.00_hgbs-5_as-008-010.tensors.npz,NH3,s-1.00,hgbs-5,8,10,18,3899,7539,5642,0.7483751160631383,0,signed_parent_within_randomized,9,2150073157,"reference signed-fermionic parent-block order kept fixed and contiguous, but Pauli descendants randomly permuted inside each parent-owned block",7a54a81e4deee136,04c0dd105420fe2a,"[1,1,1,1,1,1,1,1,1,1,1,1,1,1,1,1,1,1,1,1,1,1,1,1,1,1,1,1,1,1,1,1,1,1,1,1,1,1,1,1,1,1,1,1,1,1,2,2,2,2,1,1,1,1,1,1,1,1,1,1,1,1,1,1,1,1,1,1,1,1,4,4,1,1,1,1,1,1,1,1,1,1,1,1,1,1,1,1,4,1,1,1,1,1,1,1,1,1,1,1,1,1,1,1,1,1,1,1,1,1,1,1,1,1,1,1,1,1,1,1,1,1,1,1,1,1,1,1,1,1,1,1,1,1,1,1,1,1,1,1,1,1,1,2,2,1,1,1,1,1,1,1,1,1,1,1,1,1,1,1,1,1,1,1,1,1,1,1,1,1,1,1,1,1,4,1,1,1,1,1,1,2,2,2,4,4,4,4,2,2,2,2,2,2,2,2,2,2,2,2,2,2,2,2,2,2,2,2,2,2,2,2,2,2,2,2,2,2,2,2,4,4,2,4,2,4,2,2,2,2,2,2,2,2,2,2,2,2,2,2,2,2,2,2,2,4,4,2,4,2,2,2,2,2,2,2,4,4,4,4,4,4,4,4,2,2,2,2,2,2,4,2,4,2,4,2,2,2,2,2,2,2,2,4,4,2,4,4,4,4,4,4,4,4,2,2,6,6,4,4,4,4,2,4,2,2,2,4,2,2,2,2,2,4,4,4,2,2,2,2,2,4,4,4,4,2,2,2,2,4,4,2,2,4,4,4,4,4,2,2,4,4,4,4,4,2,2,2,2,2,2,4,4,4,4,2,2,4,4,6,6,2,2,4,4,2,2,2,2,2,2,4,4,4,4,4,4,4,2,2,4,4,4,4,4,4,2,2,2,2,4,4,4,4,4,4,4,4,4,4,4,4,4,2,2,2,2,2,4,4,4,4,4,4,4,2,2,4,4,4,2,2,4,4,4,4,2,2,2,2,2,2,2,4,4,4,6,6,6,6,4,4,2,2,2,2,4,4,4,4,4,2,2,4,4,4,4,4,4,2,2,4,4,4,4,4,4,4,2,2,2,2,4,4,4,4,2,2,4,4,4,2,2,2,6,6,4,4,6,6,6,6,4,4,4,4,4,4,4,4,4,4,4,2,2,2,2,2,4,4,2,2,2,2,4,4,2,2,4,6,6,4,4,2,2,2,2,4,4,4,4,2,2,2,2,2,2,2,2,2,2,2,2,2,2,4,4,4,4,4,4,4,4,6,6,4,4,4,4,4,4,4,4,4,4,4,4,4,6,6,4,4,4,4,4,4,4,4,4,4,4,4,4,4,2,2,2,2,6,6,6,6,4,4,2,2,2,2,6,6,6,6,6,6,6,6,6,6,4,4,4,4,4,4,4,4,4,4,4,4,4,4,4,4,4,4,4,2,2,4,4,4,6,6,6,6,2,2,6,6,2,2,4,4,2,2,2,2,6,6,4,4,4,4,4,4,4,4,4,4,4,4,4,4,4,4,4,4,4,4,4,4,6,6,6,6,6,6,4,4,4,4,4,4,4,4,4,4,6,6,4,4,2,2,4,4,6,6,6,6,4,4,4,4,4,4,2,2,2,2,2,2,6,6,6,6,4,4,4,4,2,2,4,4,2,2,4,4,4,4,2,2,2,2,4,4,4,4,6,6,2,2,2,2,2,4,2,2,6,6,2,2,4,4,4,4,4,4,4,4,2,2,2,2,2,2,4,4,2,2,4,4,4,4,6,6,6,6,4,4,2,2,2,4,4,4,4,2,2,4,4,4,4,4,4,4,4,2,2,2,2,4,4,4,4,4,2,2,2,2,2,2,4,4,4,4,6,6,4,4,4,4,4,4,4,4,2,2,4,4,4,4,4,4,2,2,2,2,2,2,4,4,4,4,4,4,4,4,4,4,4,6,6,2,2,6,6,4,4,4,4,4,4,4,4,2,2,4,4,4,4,4,4,4,4,2,2,4,4,2,2,2,2,2,2,2,2,2,2,4,4,4,4,4,2,2,2,2,2,2,4,4,4,4,4,4,2,2,4,4,4,4,4,4,4,4,4,4,4,2,2,6,6,2,2,2,2,4,4,4,4,2,2,4,4,2,2,4,4,4,4,4,4,4,4,6,6,6,6,4,4,4,2,4,4,4,4,4,4,4,4,4,4,4,2,2,4,6,6,6,6,6,6,4,4,2,2,2,4,4,6,6,4,4,4,4,2,2,4,4,4,4,4,4,4,4,2,2,4,4,4,4,4,4,4,4,4,4,2,2,4,4,4,4,4,4,2,2,2,2,4,4,2,2,2,2,2,2,4,4,4,4,4,4,4,4,4,4,4,4,4,4,4,4,4,2,2,2,2,4,4,4,4,4,4,4,4,4,4,4,2,2,6,6,4,4,4,4,4,4,4,4,4,4,4,4,4,4,4,4,4,4,4,2,2,4,2,2,2,4,4,4,4,4,4,4,4,4,4,4,4,4,6,6,2,2,4,4,4,4,4,4,4,4,4,4,4,2,2,2,2,4,4,2,4,4,4,4,4,4,4,4,4,2,2,4,4,4,4,4,4,4,2,2,2,2,4,4,4,4,4,4,4,4,4,4,4,2,2,4,4,2,2,4,4,4,6,6,4,4,4,4,4,4,4,4,4,4,4,4,6,6,6,6,2,2,2,2,4,4,4,4,4,4,4,4,4,4,4,4,4,4,4,4,4,4,4,4,4,4,4,4,4,4,2,2,6,6,4,4,2,2,4,4,4,4,2,2,4,4,4,4,4,4,4,4,4,4,4,4,4,4,4,4,4,4,4,4,2,2,6,6,2,2,4,4,4,4,4,4,4,4,4,4,4,4,4,4,4,4,2,2,4,4,2,2,2,4,4,4,4,4,4,4,2,2,2,2,2,2,2,2,4,4,4,4,4,4,4,2,2,2,2,4,4,6,6,6,6,6,6,4,4,4,4,2,2,4,4,4,4,6,6,4,4,2,4,4,4,4,4,4,4,4,4,4,4,4,4,4,4,4,4,4,2,2,2,2,4,4,4,4,4,4,4,2,2,2,2,4,4,4,4,4,4,2,4,2,2,6,6,6,6,6,6,4,4,4,4,4,4,4,4,4,2,4,4,4,4,4,4,4,4,4,4,4,4,4,4,4,4,4,4,4,4,4,4,6,6,4,4,2,2,4,4,4,4,4,4,4,4,4,4,4,4,4,4,4,4,2,2,2,2,2,4,4,4,4,4,4,2,2,4,2,4,4,2,2,4,4,4,4,4,4,4,4,4,4,4,4,4,4,4,4,4,4,4,6,6,4,4,4,4,4,4,4,6,6,4,4,4,4,4,4,4,4,4,4,2,2,4,4,2,2,2,4,4,4,4,4,4,4,4,2,2,6,6,6,6,6,6,4,4,4,4,4,6,6,2,2,4,4,4,4,4,2,2,4,4,2,2,4,2,2,2,4,4,2,2,4,4,4,4,4,4,4,4,4,4,4,2,2,4,4,4,4,4,4,4,4,4,4,4,4,6,6,4,4,2,2,2,2,4,4,4,4,4,4,4,2,2,2,2,4,2,2,4,4,2,2,4,4,4,4,2,2,4,4,4,2,2,4,4,2,2,2,4,2,2,4,4,4,2,2,4,4,4,4,4,2,2,4,4,4,4,2,2,2,2,2,2,2,4,4,4,4,4,4,2,2,2,4,4,4,2,2,4,4,2,2,4,4,2,4,4,6,6,4,4,4,4,4,4,2,2,4,4,4,4,4,4,4,4,4,4,4,4,2,2,2,4,4,4,6,6,6,6,6,6,4,2,4,4,4,4,4,2,2,2,2,4,4,4,4,2,2,2,2,2,2,2,2,2,4,4,4,4,4,2,2,4,4,2,2,4,4,4,2,2,2,2,2,4,4,2,2,4,4,2,2,4,4,2,2,4,4,4,4,4,4,2,2,2,2,2,2,4,4,4,4,4,4,4,4,4,4,4,4,4,4,4,4,4,4,4,4,4,4,4,4,4,2,2,4,4,4,4,2,2,4,4,2,2,4,4,4,2,2,2,4,4,4,4,4,4,4,4,2,2,4,4,2,2,4,4,4,2,2,4,4,4,4,4,2,2,2,4,4,6,6,6,6,4,4,2,2,2,2,4,4,4,4,2,2,4,2,2,2,2,4,4,4,4,4,4,4,2,2,2,2,2,2,4,4,2,2,2,2,2,2,2,2,2,2,2,2,6,6,2,2,2,2,4,4,2,2,4,4,4,4,4,4,4,4,2,2,2,2,2,4,4,4,4,2,2,2,2,4,2,2,4,4,4,4,4,2,4,4,4,4,4,2,2,2,2,2,2,4,4,2,2,4,4,2,2,2,2,4,4,2,2,4,2,2,2,2,6,6,2,2,2,2,4,4,2,2,2,2,4,2,2,2,2,2,2,2,2,6,6,4,4,2,2,4,4,2,2,4,2,2,2,2,2,2,4,4,4,4,4,4,2,2,2,2,2,2,4,4,4,4,2,2,4,4,4,2,2,4,4,4,4,4,4,4,4,2,2,4,4,2,2,2,2,2,2,2,4,4,2,2,4,4,6,6,4,4,4,2,2,4,4,2,2,2,2,4,4,2,2,2,2,4,4,4,4,4,4,2,2,4,4,2,2,2,2,4,4,4,4,4,4,4,4,4,4,2,2,2,2,4,4,4,4,4,4,4,4,2,2,2,2,4,4,2,2,4,4,4,4,2,2,4,2,2,4,4,4,4,4,4,4,4,4,2,2,2,2,4,2,2,2,2,4,4,4,4,4,4,2,2,2,2,4,4,4,4,4,4,2,2,2,2,2,2,2,2,2,2,2,2,2,2,2,4,4,4,4,4,4,4,2,2,2,2,2,2,2,2,2,2,4,2,2,4,4,2,2,4,4,4,4,4,4,4,4,4,4,4,4,4,4,4,4,4,2,2,2,2,4,4,4,2,2,4,4,2,2,2,2,4,4,2,2,4,4,4,2,2,2,2,2,2,4,4,4,2,2,2,2,2,2,2,2,2,2,2,2,2,2,2,2,4,4,4,2,2,4,4,4,2,2,4,4,2,2,2,2,2,2,2,2,2,2,2,2,2,4,2,2,2,2,2,2,2,2,2,2,2,4,2,2,2,2,2,2,2,2,2,2,2,2,2,2,2,2,2,2,2,2,2,2,2,2,2,2,2,2,2,2,2,2,2,2,2,2,2,2,2,2,2,2,2,2,2,2,2,2,2,2,2,2,2,2,2,2,2,2,2,2,2,2,2,2,2,2,2,2,2,2,2,2,2,2,2,2,2,2,2,2,2,2,2,2,2,2,2,4,2,2]",1.0,1.0,1.0,1.0,1.0,0.0,0.0,0.0,0.0220970818059213,1.0,24.48641742107381,0.0009024220009785,1.0,0.0,0.0220970818059213,0.0,0.0,0.0,0.0001104854090296,100,0.01,1.0,753900,15876,103.26404916701722,0.2530182909977156,141.38494349998655,0.9999999941296176,5.870382513428751e-09,1.000054848612628,1.1740765026857504e-08,1.000054848612628,1.779862554627586,0.0001083548108154,1.2060352716503075e-12,1.2060352716503075e-12,1e-12,analysis/fermionic_structure_ablation_extension_hgbs5.csv,5.870060548751611e-09,1.0,1.000054848612628
success,,O-O_1.26_hgbs-5_as-008-010,hamiltonian_generator/o2_active_space_library/O-O/1.26/hgbs-5/O-O_1.26_hgbs-5_as-008-010.tensors.npz,O-O,1.26,hgbs-5,8,10,18,1293,2427,1770,0.7292954264524104,0,fermionic_magnitude_reference,-1,-1,complete Hermitian fermionic terms ordered by decreasing absolute canonical coefficient magnitude; final combined JW Pauli order induced by first occurrence,744c40895a9547f2,95f26f10dd2bfae3,"[1,1,1,1,1,1,1,1,1,1,1,1,1,1,1,1,1,1,1,1,1,1,1,1,1,1,1,1,1,1,1,1,1,1,1,1,1,1,1,1,1,1,1,1,1,1,1,1,1,1,1,1,1,1,1,1,1,1,1,1,1,1,1,4,4,6,6,4,4,1,1,1,1,1,1,1,1,1,1,1,1,1,1,1,1,1,1,1,1,1,1,1,1,1,1,1,1,1,1,1,1,1,1,1,1,1,1,1,1,4,4,4,4,4,4,1,1,1,1,1,1,1,1,1,1,1,1,1,1,1,1,1,1,1,1,1,1,1,1,1,1,1,1,1,1,1,1,1,1,1,1,1,1,1,1,1,1,1,1,1,1,1,1,1,1,1,1,1,1,4,4,4,4,4,4,1,1,1,1,1,1,1,1,1,1,1,1,1,1,4,4,4,4,4,4,4,2,2,4,2,2,2,2,4,4,4,4,4,4,2,2,2,2,2,2,2,2,2,2,4,4,4,2,2,2,2,2,2,2,2,4,4,4,4,2,2,4,4,2,2,4,4,4,2,2,6,6,4,4,6,6,2,2,4,4,2,2,6,6,4,4,4,4,4,4,6,6,6,6,4,4,4,4,4,4,6,6,4,4,4,4,4,4,4,4,4,4,6,6,4,4,6,6,4,4,4,4,4,4,4,4,4,4,4,4,4,2,4,4,4,6,6,2,2,2,2,4,4,6,6,4,4,4,4,4,4,4,4,6,6,6,6,4,4,4,4,4,4,4,6,6,6,6,2,2,2,2,4,4,4,4,4,2,2,2,2,4,4,4,4,6,6,4,4,4,4,2,2,6,6,4,4,4,4,4,4,4,4,2,2,2,2,2,2,2,2,4,4,4,4,2,4,6,6,4,4,4,4,6,6,4,4,4,4,4,4,4,4,4,2,2,2,2,2,2,4,4,4,4,4,4,2,2,6,6,6,6,4,4,4,4,4,4,4,4,4,4,4,4,4,4,4,4,4,4,4,4,2,2,4,4,4,4,4,4,6,6,4,4,4,4,2,2,2,2,4,4,2,2,2,2,4,4,4,4,4,4,2,2,6,6,4,4,2,2,4,4,4,4,4,6,6,2,2,4,4,2,2,2,2,2,2,4,4,4,4,4,4,4,4,4,4,4,4,4,4,2,2,4,4,2,2,4,4,4,2,2,2,2,4,4,4,4,2,2,4,4,2,2,4,4,4,2,2,2,2,4,4,4,4,2,4,6,6,4,4,4,4,4,4,4,4,4,4,4,4,4,6,6,4,4,4,4,4,2,2,4,4,6,6,4,4,4,4,2,4,4,4,4,4,4,4,4,2,2,2,2,2,2,2,4,4,4,4,6,6,2,2,4,4,4,4,4,2,2,4,4,4,4,2,2,2,6,6,2,2,2,2,2,2,4,4,4,2,2,4,4,4,4,4,2,2,4,4,4,4,4,4,2,2,2,2,4,4,4,4,6,6,4,4,2,2,4,4,2,2,2,2,4,4,4,4,4,4,4,4,4,4,2,2,4,4,4,4,2,2,2,2,4,4,2,2,2,2,2,2,2,2,2,2,2,2,4,2,2,2,2,4,4,4,2,2,4,4,2,2,2,2,4,4,4,4,2,2,4,4,4,2,4,4,2,2,4,4,4,4,4,4,6,6,4,4,2,2,4,4,4,4,4,2,2,4,4,2,2,4,4,2,2,2,2,2,2,2,2,2,2,2,2,2,2,4,4,2,2,2,2,2,2,2,2,2,2,2,2,4,4,2,2,4,2,2,2,2,2,2,2,2,2,2,2,2,2,2,2,2,2,2,2,2,2,4,4,2,2,2,2,2,2,2,2,4,4]",1.0267314702308628,3.0,0.9781287970838396,2.0176184690157957,2.3786567779151215,0.2801182811412067,0.0136160568074067,0.0136160568074067,0.1304733382329275,0.9962843439594642,39.322823940176534,0.0033180052997064,0.9962843439594642,0.0,0.1304733382329275,0.0,0.0,0.0,0.0006523666911646,100,0.01,1.0,242700,15876,27.202137832995504,0.0743827920232433,43.64857112499885,0.9999998038975558,1.961024441721193e-07,0.9957369260465438,3.9220484993052196e-07,0.9957369264727772,1.921598358431269,0.0006262626352771,0.0,0.0,1e-12,analysis/fermionic_structure_ablation_extension_hgbs5.csv,1.969420225789165e-07,0.99258249401874,0.9957369260465436
success,,O-O_1.26_hgbs-5_as-008-010,hamiltonian_generator/o2_active_space_library/O-O/1.26/hgbs-5/O-O_1.26_hgbs-5_as-008-010.tensors.npz,O-O,1.26,hgbs-5,8,10,18,1293,2427,1770,0.7292954264524104,0,fermionic_signed_reference,-1,-1,complete Hermitian fermionic terms ordered by increasing signed canonical coefficient; final combined JW Pauli order induced by first occurrence,7acf7fdf7d0a1a9e,7efc866c08a6baf1,"[1,1,1,1,1,1,1,1,1,1,1,1,1,1,1,1,1,1,1,1,1,1,1,1,1,1,1,1,1,1,1,1,1,1,1,1,1,1,1,1,1,1,1,1,1,1,1,1,1,1,1,1,1,1,1,1,1,1,1,1,1,1,1,4,4,6,6,4,4,1,1,1,1,1,1,1,1,1,1,1,1,1,1,1,1,1,1,1,1,1,1,1,1,1,1,1,1,1,1,1,1,1,1,1,1,1,1,1,1,4,4,4,4,4,4,1,1,1,1,1,1,1,1,1,1,1,1,1,1,1,1,1,1,1,1,1,1,1,1,1,1,1,1,1,1,1,1,1,1,1,1,1,1,1,1,1,1,1,1,1,1,1,1,1,1,1,1,1,1,4,4,4,4,4,4,1,1,1,1,1,1,1,1,1,1,1,1,1,1,4,4,4,4,4,4,4,2,2,4,2,2,2,2,4,4,4,4,4,4,2,2,2,2,2,2,2,2,2,2,4,4,4,2,2,2,2,2,2,2,2,4,4,4,4,2,2,4,4,2,2,4,4,4,2,2,6,6,4,4,6,6,2,2,4,4,2,2,6,6,4,4,4,4,4,4,6,6,6,6,4,4,4,4,4,4,6,6,4,4,4,4,4,4,4,4,4,4,6,6,4,4,6,6,4,4,4,4,4,4,4,4,4,4,4,4,4,2,4,4,4,6,6,2,2,2,2,4,4,6,6,4,4,4,4,4,4,4,4,6,6,6,6,4,4,4,4,4,4,4,6,6,6,6,2,2,2,2,4,4,4,4,4,2,2,2,2,4,4,4,4,6,6,4,4,4,4,2,2,6,6,4,4,4,4,4,4,4,4,2,2,2,2,2,2,2,2,4,4,4,4,2,4,6,6,4,4,4,4,6,6,4,4,4,4,4,4,4,4,4,2,2,2,2,2,2,4,4,4,4,4,4,2,2,6,6,6,6,4,4,4,4,4,4,4,4,4,4,4,4,4,4,4,4,4,4,4,4,2,2,4,4,4,4,4,4,6,6,4,4,4,4,2,2,2,2,4,4,2,2,2,2,4,4,4,4,4,4,2,2,6,6,4,4,2,2,4,4,4,4,4,6,6,2,2,4,4,2,2,2,2,2,2,4,4,4,4,4,4,4,4,4,4,4,4,4,4,2,2,4,4,2,2,4,4,4,2,2,2,2,4,4,4,4,2,2,4,4,2,2,4,4,4,2,2,2,2,4,4,4,4,2,4,6,6,4,4,4,4,4,4,4,4,4,4,4,4,4,6,6,4,4,4,4,4,2,2,4,4,6,6,4,4,4,4,2,4,4,4,4,4,4,4,4,2,2,2,2,2,2,2,4,4,4,4,6,6,2,2,4,4,4,4,4,2,2,4,4,4,4,2,2,2,6,6,2,2,2,2,2,2,4,4,4,2,2,4,4,4,4,4,2,2,4,4,4,4,4,4,2,2,2,2,4,4,4,4,6,6,4,4,2,2,4,4,2,2,2,2,4,4,4,4,4,4,4,4,4,4,2,2,4,4,4,4,2,2,2,2,4,4,2,2,2,2,2,2,2,2,2,2,2,2,4,2,2,2,2,4,4,4,2,2,4,4,2,2,2,2,4,4,4,4,2,2,4,4,4,2,4,4,2,2,4,4,4,4,4,4,6,6,4,4,2,2,4,4,4,4,4,2,2,4,4,2,2,4,4,2,2,2,2,2,2,2,2,2,2,2,2,2,2,4,4,2,2,2,2,2,2,2,2,2,2,2,2,4,4,2,2,4,2,2,2,2,2,2,2,2,2,2,2,2,2,2,2,2,2,2,2,2,2,4,4,2,2,2,2,2,2,2,2,4,4]",1.0,1.0,1.0,1.0,1.0,0.0,0.0,0.0,0.130959940326269,1.0,39.322823940176534,0.0033303798456973,1.0,0.0,0.130959940326269,0.0,0.0,0.0,0.0006547997016313,100,0.01,1.0,242700,15876,27.202137832995504,0.0743827920232433,44.08007341698976,0.9999998030579774,1.969420225789165e-07,1.0,3.9388400641104937e-07,1.0,1.9215995817457292,0.0006276018205501,0.0,0.0,1e-12,analysis/fermionic_structure_ablation_extension_hgbs5.csv,1.969420225789165e-07,1.0,1.0
success,,O-O_1.26_hgbs-5_as-008-010,hamiltonian_generator/o2_active_space_library/O-O/1.26/hgbs-5/O-O_1.26_hgbs-5_as-008-010.tensors.npz,O-O,1.26,hgbs-5,8,10,18,1293,2427,1770,0.7292954264524104,0,jw_signed_baseline,-1,-1,final JW Pauli terms ordered directly by increasing signed coefficient with dense Pauli lexicographic tie-breaking,,219e7becb6aa5de3,"[1,1,1,1,1,1,1,1,1,1,1,1,1,1,1,1,1,1,1,1,1,1,1,1,1,1,1,1,1,1,1,1,1,1,1,1,1,1,1,1,1,1,1,1,1,1,1,1,1,1,1,1,1,1,1,1,1,1,1,1,1,1,1,4,4,6,6,4,4,1,1,1,1,1,1,1,1,1,1,1,1,1,1,1,1,1,1,1,1,1,1,1,1,1,1,1,1,1,1,1,1,1,1,1,1,1,1,1,1,4,4,4,4,4,4,1,1,1,1,1,1,1,1,1,1,1,1,1,1,1,1,1,1,1,1,1,1,1,1,1,1,1,1,1,1,1,1,1,1,1,1,1,1,1,1,1,1,1,1,1,1,1,1,1,1,1,1,1,1,4,4,4,4,4,4,1,1,1,1,1,1,1,1,1,1,1,1,1,1,4,4,4,4,4,4,4,2,2,4,2,2,2,2,4,4,4,4,4,4,2,2,2,2,2,2,2,2,2,2,4,4,4,2,2,2,2,2,2,2,2,4,4,4,4,2,2,4,4,2,2,4,4,4,2,2,6,6,4,4,6,6,2,2,4,4,2,2,6,6,4,4,4,4,4,4,6,6,6,6,4,4,4,4,4,4,6,6,4,4,4,4,4,4,4,4,4,4,6,6,4,4,6,6,4,4,4,4,4,4,4,4,4,4,4,4,4,2,4,4,4,6,6,2,2,2,2,4,4,6,6,4,4,4,4,4,4,4,4,6,6,6,6,4,4,4,4,4,4,4,6,6,6,6,2,2,2,2,4,4,4,4,4,2,2,2,2,4,4,4,4,6,6,4,4,4,4,2,2,6,6,4,4,4,4,4,4,4,4,2,2,2,2,2,2,2,2,4,4,4,4,2,4,6,6,4,4,4,4,6,6,4,4,4,4,4,4,4,4,4,2,2,2,2,2,2,4,4,4,4,4,4,2,2,6,6,6,6,4,4,4,4,4,4,4,4,4,4,4,4,4,4,4,4,4,4,4,4,2,2,4,4,4,4,4,4,6,6,4,4,4,4,2,2,2,2,4,4,2,2,2,2,4,4,4,4,4,4,2,2,6,6,4,4,2,2,4,4,4,4,4,6,6,2,2,4,4,2,2,2,2,2,2,4,4,4,4,4,4,4,4,4,4,4,4,4,4,2,2,4,4,2,2,4,4,4,2,2,2,2,4,4,4,4,2,2,4,4,2,2,4,4,4,2,2,2,2,4,4,4,4,2,4,6,6,4,4,4,4,4,4,4,4,4,4,4,4,4,6,6,4,4,4,4,4,2,2,4,4,6,6,4,4,4,4,2,4,4,4,4,4,4,4,4,2,2,2,2,2,2,2,4,4,4,4,6,6,2,2,4,4,4,4,4,2,2,4,4,4,4,2,2,2,6,6,2,2,2,2,2,2,4,4,4,2,2,4,4,4,4,4,2,2,4,4,4,4,4,4,2,2,2,2,4,4,4,4,6,6,4,4,2,2,4,4,2,2,2,2,4,4,4,4,4,4,4,4,4,4,2,2,4,4,4,4,2,2,2,2,4,4,2,2,2,2,2,2,2,2,2,2,2,2,4,2,2,2,2,4,4,4,2,2,4,4,2,2,2,2,4,4,4,4,2,2,4,4,4,2,4,4,2,2,4,4,4,4,4,4,6,6,4,4,2,2,4,4,4,4,4,2,2,4,4,2,2,4,4,2,2,2,2,2,2,2,2,2,2,2,2,2,2,4,4,2,2,2,2,2,2,2,2,2,2,2,2,4,4,2,2,4,2,2,2,2,2,2,2,2,2,2,2,2,2,2,2,2,2,2,2,2,2,4,4,2,2,2,2,2,2,2,2,4,4]",1.4046172539489672,3.0,0.6938031591737546,62.46962332928311,92.61845900288422,0.6924239037934206,0.9628299545811256,0.9628299545811256,0.2833284775479546,2.16347439409395,39.322823940176534,0.0072051915187727,2.16347439409395,0.0,0.2833284775479546,0.0,0.0,0.0,0.0014166423877397,100,0.01,1.0,242700,15876,27.202137832995504,0.0743827920232433,43.817352040990954,0.9999998205423992,1.7945760077964226e-07,0.9112204618886348,3.589151693628168e-07,0.9112204697853616,1.9215246336903529,0.00059909531926,2.1417349449492917e-08,2.1429197638589418e-08,1e-12,analysis/fermionic_structure_ablation_extension_hgbs5.csv,1.969420225789165e-07,4.680621453900184,0.9112204618886349
success,,O-O_1.26_hgbs-5_as-008-010,hamiltonian_generator/o2_active_space_library/O-O/1.26/hgbs-5/O-O_1.26_hgbs-5_as-008-010.tensors.npz,O-O,1.26,hgbs-5,8,10,18,1293,2427,1770,0.7292954264524104,0,signed_parent_blocks_randomized,0,2520162284,"reference signed-fermionic parent-owned Pauli blocks preserved internally and kept contiguous, but whole parent blocks randomly permuted",0d886a0f463d5309,8aa8325366d90e3f,"[1,1,1,1,1,1,1,1,1,1,1,1,1,1,1,1,1,1,1,1,1,1,1,1,1,1,1,1,1,1,1,1,1,1,1,1,1,1,1,1,1,1,1,1,1,1,1,1,1,1,1,1,1,1,1,1,1,1,1,1,1,1,1,4,4,6,6,4,4,1,1,1,1,1,1,1,1,1,1,1,1,1,1,1,1,1,1,1,1,1,1,1,1,1,1,1,1,1,1,1,1,1,1,1,1,1,1,1,1,4,4,4,4,4,4,1,1,1,1,1,1,1,1,1,1,1,1,1,1,1,1,1,1,1,1,1,1,1,1,1,1,1,1,1,1,1,1,1,1,1,1,1,1,1,1,1,1,1,1,1,1,1,1,1,1,1,1,1,1,4,4,4,4,4,4,1,1,1,1,1,1,1,1,1,1,1,1,1,1,4,4,4,4,4,4,4,2,2,4,2,2,2,2,4,4,4,4,4,4,2,2,2,2,2,2,2,2,2,2,4,4,4,2,2,2,2,2,2,2,2,4,4,4,4,2,2,4,4,2,2,4,4,4,2,2,6,6,4,4,6,6,2,2,4,4,2,2,6,6,4,4,4,4,4,4,6,6,6,6,4,4,4,4,4,4,6,6,4,4,4,4,4,4,4,4,4,4,6,6,4,4,6,6,4,4,4,4,4,4,4,4,4,4,4,4,4,2,4,4,4,6,6,2,2,2,2,4,4,6,6,4,4,4,4,4,4,4,4,6,6,6,6,4,4,4,4,4,4,4,6,6,6,6,2,2,2,2,4,4,4,4,4,2,2,2,2,4,4,4,4,6,6,4,4,4,4,2,2,6,6,4,4,4,4,4,4,4,4,2,2,2,2,2,2,2,2,4,4,4,4,2,4,6,6,4,4,4,4,6,6,4,4,4,4,4,4,4,4,4,2,2,2,2,2,2,4,4,4,4,4,4,2,2,6,6,6,6,4,4,4,4,4,4,4,4,4,4,4,4,4,4,4,4,4,4,4,4,2,2,4,4,4,4,4,4,6,6,4,4,4,4,2,2,2,2,4,4,2,2,2,2,4,4,4,4,4,4,2,2,6,6,4,4,2,2,4,4,4,4,4,6,6,2,2,4,4,2,2,2,2,2,2,4,4,4,4,4,4,4,4,4,4,4,4,4,4,2,2,4,4,2,2,4,4,4,2,2,2,2,4,4,4,4,2,2,4,4,2,2,4,4,4,2,2,2,2,4,4,4,4,2,4,6,6,4,4,4,4,4,4,4,4,4,4,4,4,4,6,6,4,4,4,4,4,2,2,4,4,6,6,4,4,4,4,2,4,4,4,4,4,4,4,4,2,2,2,2,2,2,2,4,4,4,4,6,6,2,2,4,4,4,4,4,2,2,4,4,4,4,2,2,2,6,6,2,2,2,2,2,2,4,4,4,2,2,4,4,4,4,4,2,2,4,4,4,4,4,4,2,2,2,2,4,4,4,4,6,6,4,4,2,2,4,4,2,2,2,2,4,4,4,4,4,4,4,4,4,4,2,2,4,4,4,4,2,2,2,2,4,4,2,2,2,2,2,2,2,2,2,2,2,2,4,2,2,2,2,4,4,4,2,2,4,4,2,2,2,2,4,4,4,4,2,2,4,4,4,2,4,4,2,2,4,4,4,4,4,4,6,6,4,4,2,2,4,4,4,4,4,2,2,4,4,2,2,4,4,2,2,2,2,2,2,2,2,2,2,2,2,2,2,4,4,2,2,2,2,2,2,2,2,2,2,2,2,4,4,2,2,4,2,2,2,2,2,2,2,2,2,2,2,2,2,2,2,2,2,2,2,2,2,4,4,2,2,2,2,2,2,2,2,4,4]",1.0,1.0,1.0,1.0,1.0,0.4847162885853541,0.5601682197787503,0.5601682197787503,1.330479969534789,10.15944239299497,39.322823940176534,0.0338348021891536,10.159442392994968,0.0,1.330479969534789,0.0,0.0,0.0,0.0066523998476739,100,0.01,1.0,242700,15876,27.202137832995504,0.0743827920232433,43.94937420799397,0.9999798026295532,2.0197370446672913e-05,102.55490515529586,4.0394332959547974e-05,102.55387957385928,1.9211651116554835,0.0063556857138585,0.0,0.0,1e-12,analysis/fermionic_structure_ablation_extension_hgbs5.csv,1.969420225789165e-07,103.21426973658336,102.55490515529584
success,,O-O_1.26_hgbs-5_as-008-010,hamiltonian_generator/o2_active_space_library/O-O/1.26/hgbs-5/O-O_1.26_hgbs-5_as-008-010.tensors.npz,O-O,1.26,hgbs-5,8,10,18,1293,2427,1770,0.7292954264524104,0,signed_parent_blocks_randomized,1,959579305,"reference signed-fermionic parent-owned Pauli blocks preserved internally and kept contiguous, but whole parent blocks randomly permuted",ac317f32debeb73d,8d6658573e7a660f,"[1,1,1,1,1,1,1,1,1,1,1,1,1,1,1,1,1,1,1,1,1,1,1,1,1,1,1,1,1,1,1,1,1,1,1,1,1,1,1,1,1,1,1,1,1,1,1,1,1,1,1,1,1,1,1,1,1,1,1,1,1,1,1,4,4,6,6,4,4,1,1,1,1,1,1,1,1,1,1,1,1,1,1,1,1,1,1,1,1,1,1,1,1,1,1,1,1,1,1,1,1,1,1,1,1,1,1,1,1,4,4,4,4,4,4,1,1,1,1,1,1,1,1,1,1,1,1,1,1,1,1,1,1,1,1,1,1,1,1,1,1,1,1,1,1,1,1,1,1,1,1,1,1,1,1,1,1,1,1,1,1,1,1,1,1,1,1,1,1,4,4,4,4,4,4,1,1,1,1,1,1,1,1,1,1,1,1,1,1,4,4,4,4,4,4,4,2,2,4,2,2,2,2,4,4,4,4,4,4,2,2,2,2,2,2,2,2,2,2,4,4,4,2,2,2,2,2,2,2,2,4,4,4,4,2,2,4,4,2,2,4,4,4,2,2,6,6,4,4,6,6,2,2,4,4,2,2,6,6,4,4,4,4,4,4,6,6,6,6,4,4,4,4,4,4,6,6,4,4,4,4,4,4,4,4,4,4,6,6,4,4,6,6,4,4,4,4,4,4,4,4,4,4,4,4,4,2,4,4,4,6,6,2,2,2,2,4,4,6,6,4,4,4,4,4,4,4,4,6,6,6,6,4,4,4,4,4,4,4,6,6,6,6,2,2,2,2,4,4,4,4,4,2,2,2,2,4,4,4,4,6,6,4,4,4,4,2,2,6,6,4,4,4,4,4,4,4,4,2,2,2,2,2,2,2,2,4,4,4,4,2,4,6,6,4,4,4,4,6,6,4,4,4,4,4,4,4,4,4,2,2,2,2,2,2,4,4,4,4,4,4,2,2,6,6,6,6,4,4,4,4,4,4,4,4,4,4,4,4,4,4,4,4,4,4,4,4,2,2,4,4,4,4,4,4,6,6,4,4,4,4,2,2,2,2,4,4,2,2,2,2,4,4,4,4,4,4,2,2,6,6,4,4,2,2,4,4,4,4,4,6,6,2,2,4,4,2,2,2,2,2,2,4,4,4,4,4,4,4,4,4,4,4,4,4,4,2,2,4,4,2,2,4,4,4,2,2,2,2,4,4,4,4,2,2,4,4,2,2,4,4,4,2,2,2,2,4,4,4,4,2,4,6,6,4,4,4,4,4,4,4,4,4,4,4,4,4,6,6,4,4,4,4,4,2,2,4,4,6,6,4,4,4,4,2,4,4,4,4,4,4,4,4,2,2,2,2,2,2,2,4,4,4,4,6,6,2,2,4,4,4,4,4,2,2,4,4,4,4,2,2,2,6,6,2,2,2,2,2,2,4,4,4,2,2,4,4,4,4,4,2,2,4,4,4,4,4,4,2,2,2,2,4,4,4,4,6,6,4,4,2,2,4,4,2,2,2,2,4,4,4,4,4,4,4,4,4,4,2,2,4,4,4,4,2,2,2,2,4,4,2,2,2,2,2,2,2,2,2,2,2,2,4,2,2,2,2,4,4,4,2,2,4,4,2,2,2,2,4,4,4,4,2,2,4,4,4,2,4,4,2,2,4,4,4,4,4,4,6,6,4,4,2,2,4,4,4,4,4,2,2,4,4,2,2,4,4,2,2,2,2,2,2,2,2,2,2,2,2,2,2,4,4,2,2,2,2,2,2,2,2,2,2,2,2,4,4,2,2,4,2,2,2,2,2,2,2,2,2,2,2,2,2,2,2,2,2,2,2,2,2,4,4,2,2,2,2,2,2,2,2,4,4]",1.0,1.0,1.0,1.0,1.0,0.4987987071596194,0.6094524476535808,0.6094524476535808,0.6433289578557563,4.912410285565104,39.322823940176534,0.0163601922088423,4.912410285565104,0.0,0.6433289578557563,0.0,0.0,0.0,0.0032166447892787,100,0.01,1.0,242700,15876,27.202137832995504,0.0743827920232433,43.68103187502129,0.999995145122192,4.8548778081025645e-06,24.651304706476093,9.70973204639236e-06,24.65124729197428,1.9217070955555753,0.0031160480766838,0.0,0.0,1e-12,analysis/fermionic_structure_ablation_extension_hgbs5.csv,1.969420225789165e-07,24.13177481372583,24.65130470647609
success,,O-O_1.26_hgbs-5_as-008-010,hamiltonian_generator/o2_active_space_library/O-O/1.26/hgbs-5/O-O_1.26_hgbs-5_as-008-010.tensors.npz,O-O,1.26,hgbs-5,8,10,18,1293,2427,1770,0.7292954264524104,0,signed_parent_blocks_randomized,2,1464369495,"reference signed-fermionic parent-owned Pauli blocks preserved internally and kept contiguous, but whole parent blocks randomly permuted",e5f4bd4c04b03e71,d397ca4e7e05a691,"[1,1,1,1,1,1,1,1,1,1,1,1,1,1,1,1,1,1,1,1,1,1,1,1,1,1,1,1,1,1,1,1,1,1,1,1,1,1,1,1,1,1,1,1,1,1,1,1,1,1,1,1,1,1,1,1,1,1,1,1,1,1,1,4,4,6,6,4,4,1,1,1,1,1,1,1,1,1,1,1,1,1,1,1,1,1,1,1,1,1,1,1,1,1,1,1,1,1,1,1,1,1,1,1,1,1,1,1,1,4,4,4,4,4,4,1,1,1,1,1,1,1,1,1,1,1,1,1,1,1,1,1,1,1,1,1,1,1,1,1,1,1,1,1,1,1,1,1,1,1,1,1,1,1,1,1,1,1,1,1,1,1,1,1,1,1,1,1,1,4,4,4,4,4,4,1,1,1,1,1,1,1,1,1,1,1,1,1,1,4,4,4,4,4,4,4,2,2,4,2,2,2,2,4,4,4,4,4,4,2,2,2,2,2,2,2,2,2,2,4,4,4,2,2,2,2,2,2,2,2,4,4,4,4,2,2,4,4,2,2,4,4,4,2,2,6,6,4,4,6,6,2,2,4,4,2,2,6,6,4,4,4,4,4,4,6,6,6,6,4,4,4,4,4,4,6,6,4,4,4,4,4,4,4,4,4,4,6,6,4,4,6,6,4,4,4,4,4,4,4,4,4,4,4,4,4,2,4,4,4,6,6,2,2,2,2,4,4,6,6,4,4,4,4,4,4,4,4,6,6,6,6,4,4,4,4,4,4,4,6,6,6,6,2,2,2,2,4,4,4,4,4,2,2,2,2,4,4,4,4,6,6,4,4,4,4,2,2,6,6,4,4,4,4,4,4,4,4,2,2,2,2,2,2,2,2,4,4,4,4,2,4,6,6,4,4,4,4,6,6,4,4,4,4,4,4,4,4,4,2,2,2,2,2,2,4,4,4,4,4,4,2,2,6,6,6,6,4,4,4,4,4,4,4,4,4,4,4,4,4,4,4,4,4,4,4,4,2,2,4,4,4,4,4,4,6,6,4,4,4,4,2,2,2,2,4,4,2,2,2,2,4,4,4,4,4,4,2,2,6,6,4,4,2,2,4,4,4,4,4,6,6,2,2,4,4,2,2,2,2,2,2,4,4,4,4,4,4,4,4,4,4,4,4,4,4,2,2,4,4,2,2,4,4,4,2,2,2,2,4,4,4,4,2,2,4,4,2,2,4,4,4,2,2,2,2,4,4,4,4,2,4,6,6,4,4,4,4,4,4,4,4,4,4,4,4,4,6,6,4,4,4,4,4,2,2,4,4,6,6,4,4,4,4,2,4,4,4,4,4,4,4,4,2,2,2,2,2,2,2,4,4,4,4,6,6,2,2,4,4,4,4,4,2,2,4,4,4,4,2,2,2,6,6,2,2,2,2,2,2,4,4,4,2,2,4,4,4,4,4,2,2,4,4,4,4,4,4,2,2,2,2,4,4,4,4,6,6,4,4,2,2,4,4,2,2,2,2,4,4,4,4,4,4,4,4,4,4,2,2,4,4,4,4,2,2,2,2,4,4,2,2,2,2,2,2,2,2,2,2,2,2,4,2,2,2,2,4,4,4,2,2,4,4,2,2,2,2,4,4,4,4,2,2,4,4,4,2,4,4,2,2,4,4,4,4,4,4,6,6,4,4,2,2,4,4,4,4,4,2,2,4,4,2,2,4,4,2,2,2,2,2,2,2,2,2,2,2,2,2,2,4,4,2,2,2,2,2,2,2,2,2,2,2,2,4,4,2,2,4,2,2,2,2,2,2,2,2,2,2,2,2,2,2,2,2,2,2,2,2,2,4,4,2,2,2,2,2,2,2,2,4,4]",1.0,1.0,1.0,1.0,1.0,0.4824426431021292,0.4458175038589419,0.4458175038589419,1.438114342184793,10.981330157924058,39.322823940176534,0.0365720006368987,10.981330157924056,0.0,1.438114342184793,0.0,0.0,0.0,0.0071905717109239,100,0.01,1.0,242700,15876,27.202137832995504,0.0743827920232433,43.685722249996616,0.9999762666781588,2.373332184113508e-05,120.5091809779953,4.746608041172884e-05,120.50776279094256,1.9211681748802152,0.006889604029425,0.0,0.0,1e-12,analysis/fermionic_structure_ablation_extension_hgbs5.csv,1.969420225789165e-07,120.58961203733242,120.50918097799529
success,,O-O_1.26_hgbs-5_as-008-010,hamiltonian_generator/o2_active_space_library/O-O/1.26/hgbs-5/O-O_1.26_hgbs-5_as-008-010.tensors.npz,O-O,1.26,hgbs-5,8,10,18,1293,2427,1770,0.7292954264524104,0,signed_parent_blocks_randomized,3,295529502,"reference signed-fermionic parent-owned Pauli blocks preserved internally and kept contiguous, but whole parent blocks randomly permuted",d3a496e5b92b1755,b163676a3efdc1d2,"[1,1,1,1,1,1,1,1,1,1,1,1,1,1,1,1,1,1,1,1,1,1,1,1,1,1,1,1,1,1,1,1,1,1,1,1,1,1,1,1,1,1,1,1,1,1,1,1,1,1,1,1,1,1,1,1,1,1,1,1,1,1,1,4,4,6,6,4,4,1,1,1,1,1,1,1,1,1,1,1,1,1,1,1,1,1,1,1,1,1,1,1,1,1,1,1,1,1,1,1,1,1,1,1,1,1,1,1,1,4,4,4,4,4,4,1,1,1,1,1,1,1,1,1,1,1,1,1,1,1,1,1,1,1,1,1,1,1,1,1,1,1,1,1,1,1,1,1,1,1,1,1,1,1,1,1,1,1,1,1,1,1,1,1,1,1,1,1,1,4,4,4,4,4,4,1,1,1,1,1,1,1,1,1,1,1,1,1,1,4,4,4,4,4,4,4,2,2,4,2,2,2,2,4,4,4,4,4,4,2,2,2,2,2,2,2,2,2,2,4,4,4,2,2,2,2,2,2,2,2,4,4,4,4,2,2,4,4,2,2,4,4,4,2,2,6,6,4,4,6,6,2,2,4,4,2,2,6,6,4,4,4,4,4,4,6,6,6,6,4,4,4,4,4,4,6,6,4,4,4,4,4,4,4,4,4,4,6,6,4,4,6,6,4,4,4,4,4,4,4,4,4,4,4,4,4,2,4,4,4,6,6,2,2,2,2,4,4,6,6,4,4,4,4,4,4,4,4,6,6,6,6,4,4,4,4,4,4,4,6,6,6,6,2,2,2,2,4,4,4,4,4,2,2,2,2,4,4,4,4,6,6,4,4,4,4,2,2,6,6,4,4,4,4,4,4,4,4,2,2,2,2,2,2,2,2,4,4,4,4,2,4,6,6,4,4,4,4,6,6,4,4,4,4,4,4,4,4,4,2,2,2,2,2,2,4,4,4,4,4,4,2,2,6,6,6,6,4,4,4,4,4,4,4,4,4,4,4,4,4,4,4,4,4,4,4,4,2,2,4,4,4,4,4,4,6,6,4,4,4,4,2,2,2,2,4,4,2,2,2,2,4,4,4,4,4,4,2,2,6,6,4,4,2,2,4,4,4,4,4,6,6,2,2,4,4,2,2,2,2,2,2,4,4,4,4,4,4,4,4,4,4,4,4,4,4,2,2,4,4,2,2,4,4,4,2,2,2,2,4,4,4,4,2,2,4,4,2,2,4,4,4,2,2,2,2,4,4,4,4,2,4,6,6,4,4,4,4,4,4,4,4,4,4,4,4,4,6,6,4,4,4,4,4,2,2,4,4,6,6,4,4,4,4,2,4,4,4,4,4,4,4,4,2,2,2,2,2,2,2,4,4,4,4,6,6,2,2,4,4,4,4,4,2,2,4,4,4,4,2,2,2,6,6,2,2,2,2,2,2,4,4,4,2,2,4,4,4,4,4,2,2,4,4,4,4,4,4,2,2,2,2,4,4,4,4,6,6,4,4,2,2,4,4,2,2,2,2,4,4,4,4,4,4,4,4,4,4,2,2,4,4,4,4,2,2,2,2,4,4,2,2,2,2,2,2,2,2,2,2,2,2,4,2,2,2,2,4,4,4,2,2,4,4,2,2,2,2,4,4,4,4,2,2,4,4,4,2,4,4,2,2,4,4,4,4,4,4,6,6,4,4,2,2,4,4,4,4,4,2,2,4,4,2,2,4,4,2,2,2,2,2,2,2,2,2,2,2,2,2,2,4,4,2,2,2,2,2,2,2,2,2,2,2,2,4,4,2,2,4,2,2,2,2,2,2,2,2,2,2,2,2,2,2,2,2,2,2,2,2,2,4,4,2,2,2,2,2,2,2,2,4,4]",1.0,1.0,1.0,1.0,1.0,0.5079556101879948,0.4645187781018273,0.4645187781018273,0.2374383266541291,1.813060742564356,39.322823940176534,0.0060381809560613,1.813060742564356,0.0,0.2374383266541291,0.0,0.0,0.0,0.0011871916332706,100,0.01,1.0,242700,15876,27.202137832995504,0.0743827920232433,43.68517675000476,0.9999993202227584,6.797772416078374e-07,3.451661726158237,1.359554021140852e-06,3.451660892577722,1.9215857758199089,0.0011659993495777,0.0,0.0,1e-12,analysis/fermionic_structure_ablation_extension_hgbs5.csv,1.969420225789165e-07,3.2871892562280136,3.4516617261582367
success,,O-O_1.26_hgbs-5_as-008-010,hamiltonian_generator/o2_active_space_library/O-O/1.26/hgbs-5/O-O_1.26_hgbs-5_as-008-010.tensors.npz,O-O,1.26,hgbs-5,8,10,18,1293,2427,1770,0.7292954264524104,0,signed_parent_blocks_randomized,4,2342440443,"reference signed-fermionic parent-owned Pauli blocks preserved internally and kept contiguous, but whole parent blocks randomly permuted",69a8fc2f60fad7e7,8df53643bcb377d9,"[1,1,1,1,1,1,1,1,1,1,1,1,1,1,1,1,1,1,1,1,1,1,1,1,1,1,1,1,1,1,1,1,1,1,1,1,1,1,1,1,1,1,1,1,1,1,1,1,1,1,1,1,1,1,1,1,1,1,1,1,1,1,1,4,4,6,6,4,4,1,1,1,1,1,1,1,1,1,1,1,1,1,1,1,1,1,1,1,1,1,1,1,1,1,1,1,1,1,1,1,1,1,1,1,1,1,1,1,1,4,4,4,4,4,4,1,1,1,1,1,1,1,1,1,1,1,1,1,1,1,1,1,1,1,1,1,1,1,1,1,1,1,1,1,1,1,1,1,1,1,1,1,1,1,1,1,1,1,1,1,1,1,1,1,1,1,1,1,1,4,4,4,4,4,4,1,1,1,1,1,1,1,1,1,1,1,1,1,1,4,4,4,4,4,4,4,2,2,4,2,2,2,2,4,4,4,4,4,4,2,2,2,2,2,2,2,2,2,2,4,4,4,2,2,2,2,2,2,2,2,4,4,4,4,2,2,4,4,2,2,4,4,4,2,2,6,6,4,4,6,6,2,2,4,4,2,2,6,6,4,4,4,4,4,4,6,6,6,6,4,4,4,4,4,4,6,6,4,4,4,4,4,4,4,4,4,4,6,6,4,4,6,6,4,4,4,4,4,4,4,4,4,4,4,4,4,2,4,4,4,6,6,2,2,2,2,4,4,6,6,4,4,4,4,4,4,4,4,6,6,6,6,4,4,4,4,4,4,4,6,6,6,6,2,2,2,2,4,4,4,4,4,2,2,2,2,4,4,4,4,6,6,4,4,4,4,2,2,6,6,4,4,4,4,4,4,4,4,2,2,2,2,2,2,2,2,4,4,4,4,2,4,6,6,4,4,4,4,6,6,4,4,4,4,4,4,4,4,4,2,2,2,2,2,2,4,4,4,4,4,4,2,2,6,6,6,6,4,4,4,4,4,4,4,4,4,4,4,4,4,4,4,4,4,4,4,4,2,2,4,4,4,4,4,4,6,6,4,4,4,4,2,2,2,2,4,4,2,2,2,2,4,4,4,4,4,4,2,2,6,6,4,4,2,2,4,4,4,4,4,6,6,2,2,4,4,2,2,2,2,2,2,4,4,4,4,4,4,4,4,4,4,4,4,4,4,2,2,4,4,2,2,4,4,4,2,2,2,2,4,4,4,4,2,2,4,4,2,2,4,4,4,2,2,2,2,4,4,4,4,2,4,6,6,4,4,4,4,4,4,4,4,4,4,4,4,4,6,6,4,4,4,4,4,2,2,4,4,6,6,4,4,4,4,2,4,4,4,4,4,4,4,4,2,2,2,2,2,2,2,4,4,4,4,6,6,2,2,4,4,4,4,4,2,2,4,4,4,4,2,2,2,6,6,2,2,2,2,2,2,4,4,4,2,2,4,4,4,4,4,2,2,4,4,4,4,4,4,2,2,2,2,4,4,4,4,6,6,4,4,2,2,4,4,2,2,2,2,4,4,4,4,4,4,4,4,4,4,2,2,4,4,4,4,2,2,2,2,4,4,2,2,2,2,2,2,2,2,2,2,2,2,4,2,2,2,2,4,4,4,2,2,4,4,2,2,2,2,4,4,4,4,2,2,4,4,4,2,4,4,2,2,4,4,4,4,4,4,6,6,4,4,2,2,4,4,4,4,4,2,2,4,4,2,2,4,4,2,2,2,2,2,2,2,2,2,2,2,2,2,2,4,4,2,2,2,2,2,2,2,2,2,2,2,2,4,4,2,2,4,2,2,2,2,2,2,2,2,2,2,2,2,2,2,2,2,2,2,2,2,2,4,4,2,2,2,2,2,2,2,2,4,4]",1.0,1.0,1.0,1.0,1.0,0.4904089983065854,0.4913703401300274,0.4913703401300274,0.3530552016411423,2.695902279441735,39.322823940176534,0.0089783786174222,2.695902279441735,0.0,0.3530552016411423,0.0,0.0,0.0,0.0017652760082057,100,0.01,1.0,242700,15876,27.202137832995504,0.0743827920232433,44.86669641602202,0.999998492090351,1.5079096490344668e-06,7.656617055561282,3.015817024332179e-06,7.656612036145823,1.9215471739537744,0.0017366114413042,0.0,0.0,1e-12,analysis/fermionic_structure_ablation_extension_hgbs5.csv,1.969420225789165e-07,7.267889100299142,7.656617055561281
success,,O-O_1.26_hgbs-5_as-008-010,hamiltonian_generator/o2_active_space_library/O-O/1.26/hgbs-5/O-O_1.26_hgbs-5_as-008-010.tensors.npz,O-O,1.26,hgbs-5,8,10,18,1293,2427,1770,0.7292954264524104,0,signed_parent_blocks_randomized,5,1045766202,"reference signed-fermionic parent-owned Pauli blocks preserved internally and kept contiguous, but whole parent blocks randomly permuted",fdbcf652341374af,e38ac3ba367ca6ca,"[1,1,1,1,1,1,1,1,1,1,1,1,1,1,1,1,1,1,1,1,1,1,1,1,1,1,1,1,1,1,1,1,1,1,1,1,1,1,1,1,1,1,1,1,1,1,1,1,1,1,1,1,1,1,1,1,1,1,1,1,1,1,1,4,4,6,6,4,4,1,1,1,1,1,1,1,1,1,1,1,1,1,1,1,1,1,1,1,1,1,1,1,1,1,1,1,1,1,1,1,1,1,1,1,1,1,1,1,1,4,4,4,4,4,4,1,1,1,1,1,1,1,1,1,1,1,1,1,1,1,1,1,1,1,1,1,1,1,1,1,1,1,1,1,1,1,1,1,1,1,1,1,1,1,1,1,1,1,1,1,1,1,1,1,1,1,1,1,1,4,4,4,4,4,4,1,1,1,1,1,1,1,1,1,1,1,1,1,1,4,4,4,4,4,4,4,2,2,4,2,2,2,2,4,4,4,4,4,4,2,2,2,2,2,2,2,2,2,2,4,4,4,2,2,2,2,2,2,2,2,4,4,4,4,2,2,4,4,2,2,4,4,4,2,2,6,6,4,4,6,6,2,2,4,4,2,2,6,6,4,4,4,4,4,4,6,6,6,6,4,4,4,4,4,4,6,6,4,4,4,4,4,4,4,4,4,4,6,6,4,4,6,6,4,4,4,4,4,4,4,4,4,4,4,4,4,2,4,4,4,6,6,2,2,2,2,4,4,6,6,4,4,4,4,4,4,4,4,6,6,6,6,4,4,4,4,4,4,4,6,6,6,6,2,2,2,2,4,4,4,4,4,2,2,2,2,4,4,4,4,6,6,4,4,4,4,2,2,6,6,4,4,4,4,4,4,4,4,2,2,2,2,2,2,2,2,4,4,4,4,2,4,6,6,4,4,4,4,6,6,4,4,4,4,4,4,4,4,4,2,2,2,2,2,2,4,4,4,4,4,4,2,2,6,6,6,6,4,4,4,4,4,4,4,4,4,4,4,4,4,4,4,4,4,4,4,4,2,2,4,4,4,4,4,4,6,6,4,4,4,4,2,2,2,2,4,4,2,2,2,2,4,4,4,4,4,4,2,2,6,6,4,4,2,2,4,4,4,4,4,6,6,2,2,4,4,2,2,2,2,2,2,4,4,4,4,4,4,4,4,4,4,4,4,4,4,2,2,4,4,2,2,4,4,4,2,2,2,2,4,4,4,4,2,2,4,4,2,2,4,4,4,2,2,2,2,4,4,4,4,2,4,6,6,4,4,4,4,4,4,4,4,4,4,4,4,4,6,6,4,4,4,4,4,2,2,4,4,6,6,4,4,4,4,2,4,4,4,4,4,4,4,4,2,2,2,2,2,2,2,4,4,4,4,6,6,2,2,4,4,4,4,4,2,2,4,4,4,4,2,2,2,6,6,2,2,2,2,2,2,4,4,4,2,2,4,4,4,4,4,2,2,4,4,4,4,4,4,2,2,2,2,4,4,4,4,6,6,4,4,2,2,4,4,2,2,2,2,4,4,4,4,4,4,4,4,4,4,2,2,4,4,4,4,2,2,2,2,4,4,2,2,2,2,2,2,2,2,2,2,2,2,4,2,2,2,2,4,4,4,2,2,4,4,2,2,2,2,4,4,4,4,2,2,4,4,4,2,4,4,2,2,4,4,4,4,4,4,6,6,4,4,2,2,4,4,4,4,4,2,2,4,4,2,2,4,4,2,2,2,2,2,2,2,2,2,2,2,2,2,2,4,4,2,2,2,2,2,2,2,2,2,2,2,2,4,4,2,2,4,2,2,2,2,2,2,2,2,2,2,2,2,2,2,2,2,2,2,2,2,2,4,4,2,2,2,2,2,2,2,2,4,4]",1.0,1.0,1.0,1.0,1.0,0.4928266270103926,0.586801971720806,0.586801971720806,0.7751685222835756,5.919127027336358,39.322823940176534,0.0197129413559634,5.919127027336358,0.0,0.7751685222835756,0.0,0.0,0.0,0.0038758426114178,100,0.01,1.0,242700,15876,27.202137832995504,0.0743827920232433,45.17661245801719,0.9999928980143158,7.101985684210277e-06,36.061301652187744,1.4203920930211387e-05,36.06117714611764,1.9217002845204372,0.0037688156453215,0.0,0.0,1e-12,analysis/fermionic_structure_ablation_extension_hgbs5.csv,1.969420225789165e-07,35.036064765743745,36.061301652187744
success,,O-O_1.26_hgbs-5_as-008-010,hamiltonian_generator/o2_active_space_library/O-O/1.26/hgbs-5/O-O_1.26_hgbs-5_as-008-010.tensors.npz,O-O,1.26,hgbs-5,8,10,18,1293,2427,1770,0.7292954264524104,0,signed_parent_blocks_randomized,6,3842129163,"reference signed-fermionic parent-owned Pauli blocks preserved internally and kept contiguous, but whole parent blocks randomly permuted",dd38ae257c507f4d,5348a37eac33c72b,"[1,1,1,1,1,1,1,1,1,1,1,1,1,1,1,1,1,1,1,1,1,1,1,1,1,1,1,1,1,1,1,1,1,1,1,1,1,1,1,1,1,1,1,1,1,1,1,1,1,1,1,1,1,1,1,1,1,1,1,1,1,1,1,4,4,6,6,4,4,1,1,1,1,1,1,1,1,1,1,1,1,1,1,1,1,1,1,1,1,1,1,1,1,1,1,1,1,1,1,1,1,1,1,1,1,1,1,1,1,4,4,4,4,4,4,1,1,1,1,1,1,1,1,1,1,1,1,1,1,1,1,1,1,1,1,1,1,1,1,1,1,1,1,1,1,1,1,1,1,1,1,1,1,1,1,1,1,1,1,1,1,1,1,1,1,1,1,1,1,4,4,4,4,4,4,1,1,1,1,1,1,1,1,1,1,1,1,1,1,4,4,4,4,4,4,4,2,2,4,2,2,2,2,4,4,4,4,4,4,2,2,2,2,2,2,2,2,2,2,4,4,4,2,2,2,2,2,2,2,2,4,4,4,4,2,2,4,4,2,2,4,4,4,2,2,6,6,4,4,6,6,2,2,4,4,2,2,6,6,4,4,4,4,4,4,6,6,6,6,4,4,4,4,4,4,6,6,4,4,4,4,4,4,4,4,4,4,6,6,4,4,6,6,4,4,4,4,4,4,4,4,4,4,4,4,4,2,4,4,4,6,6,2,2,2,2,4,4,6,6,4,4,4,4,4,4,4,4,6,6,6,6,4,4,4,4,4,4,4,6,6,6,6,2,2,2,2,4,4,4,4,4,2,2,2,2,4,4,4,4,6,6,4,4,4,4,2,2,6,6,4,4,4,4,4,4,4,4,2,2,2,2,2,2,2,2,4,4,4,4,2,4,6,6,4,4,4,4,6,6,4,4,4,4,4,4,4,4,4,2,2,2,2,2,2,4,4,4,4,4,4,2,2,6,6,6,6,4,4,4,4,4,4,4,4,4,4,4,4,4,4,4,4,4,4,4,4,2,2,4,4,4,4,4,4,6,6,4,4,4,4,2,2,2,2,4,4,2,2,2,2,4,4,4,4,4,4,2,2,6,6,4,4,2,2,4,4,4,4,4,6,6,2,2,4,4,2,2,2,2,2,2,4,4,4,4,4,4,4,4,4,4,4,4,4,4,2,2,4,4,2,2,4,4,4,2,2,2,2,4,4,4,4,2,2,4,4,2,2,4,4,4,2,2,2,2,4,4,4,4,2,4,6,6,4,4,4,4,4,4,4,4,4,4,4,4,4,6,6,4,4,4,4,4,2,2,4,4,6,6,4,4,4,4,2,4,4,4,4,4,4,4,4,2,2,2,2,2,2,2,4,4,4,4,6,6,2,2,4,4,4,4,4,2,2,4,4,4,4,2,2,2,6,6,2,2,2,2,2,2,4,4,4,2,2,4,4,4,4,4,2,2,4,4,4,4,4,4,2,2,2,2,4,4,4,4,6,6,4,4,2,2,4,4,2,2,2,2,4,4,4,4,4,4,4,4,4,4,2,2,4,4,4,4,2,2,2,2,4,4,2,2,2,2,2,2,2,2,2,2,2,2,4,2,2,2,2,4,4,4,2,2,4,4,2,2,2,2,4,4,4,4,2,2,4,4,4,2,4,4,2,2,4,4,4,4,4,4,6,6,4,4,2,2,4,4,4,4,4,2,2,4,4,2,2,4,4,2,2,2,2,2,2,2,2,2,2,2,2,2,2,4,4,2,2,2,2,2,2,2,2,2,2,2,2,4,4,2,2,4,2,2,2,2,2,2,2,2,2,2,2,2,2,2,2,2,2,2,2,2,2,4,4,2,2,2,2,2,2,2,2,4,4]",1.0,1.0,1.0,1.0,1.0,0.4874240327336182,0.5420468841793952,0.5420468841793952,1.1934715048730993,9.113256327849005,39.322823940176534,0.0303506052029421,9.113256327849005,0.0,1.1934715048730993,0.0,0.0,0.0,0.0059673575243654,100,0.01,1.0,242700,15876,27.202137832995504,0.0743827920232433,45.478629709017696,0.9999835948674224,1.6405132577501647e-05,83.29929977705982,3.280999602661705e-05,83.29862470317518,1.9218823572819772,0.005728024542109,0.0,0.0,1e-12,analysis/fermionic_structure_ablation_extension_hgbs5.csv,1.969420225789165e-07,83.05144089707993,83.29929977705982
success,,O-O_1.26_hgbs-5_as-008-010,hamiltonian_generator/o2_active_space_library/O-O/1.26/hgbs-5/O-O_1.26_hgbs-5_as-008-010.tensors.npz,O-O,1.26,hgbs-5,8,10,18,1293,2427,1770,0.7292954264524104,0,signed_parent_blocks_randomized,7,1513367080,"reference signed-fermionic parent-owned Pauli blocks preserved internally and kept contiguous, but whole parent blocks randomly permuted",19f72dcb7b0f01cf,8904d3f2101ec8d4,"[1,1,1,1,1,1,1,1,1,1,1,1,1,1,1,1,1,1,1,1,1,1,1,1,1,1,1,1,1,1,1,1,1,1,1,1,1,1,1,1,1,1,1,1,1,1,1,1,1,1,1,1,1,1,1,1,1,1,1,1,1,1,1,4,4,6,6,4,4,1,1,1,1,1,1,1,1,1,1,1,1,1,1,1,1,1,1,1,1,1,1,1,1,1,1,1,1,1,1,1,1,1,1,1,1,1,1,1,1,4,4,4,4,4,4,1,1,1,1,1,1,1,1,1,1,1,1,1,1,1,1,1,1,1,1,1,1,1,1,1,1,1,1,1,1,1,1,1,1,1,1,1,1,1,1,1,1,1,1,1,1,1,1,1,1,1,1,1,1,4,4,4,4,4,4,1,1,1,1,1,1,1,1,1,1,1,1,1,1,4,4,4,4,4,4,4,2,2,4,2,2,2,2,4,4,4,4,4,4,2,2,2,2,2,2,2,2,2,2,4,4,4,2,2,2,2,2,2,2,2,4,4,4,4,2,2,4,4,2,2,4,4,4,2,2,6,6,4,4,6,6,2,2,4,4,2,2,6,6,4,4,4,4,4,4,6,6,6,6,4,4,4,4,4,4,6,6,4,4,4,4,4,4,4,4,4,4,6,6,4,4,6,6,4,4,4,4,4,4,4,4,4,4,4,4,4,2,4,4,4,6,6,2,2,2,2,4,4,6,6,4,4,4,4,4,4,4,4,6,6,6,6,4,4,4,4,4,4,4,6,6,6,6,2,2,2,2,4,4,4,4,4,2,2,2,2,4,4,4,4,6,6,4,4,4,4,2,2,6,6,4,4,4,4,4,4,4,4,2,2,2,2,2,2,2,2,4,4,4,4,2,4,6,6,4,4,4,4,6,6,4,4,4,4,4,4,4,4,4,2,2,2,2,2,2,4,4,4,4,4,4,2,2,6,6,6,6,4,4,4,4,4,4,4,4,4,4,4,4,4,4,4,4,4,4,4,4,2,2,4,4,4,4,4,4,6,6,4,4,4,4,2,2,2,2,4,4,2,2,2,2,4,4,4,4,4,4,2,2,6,6,4,4,2,2,4,4,4,4,4,6,6,2,2,4,4,2,2,2,2,2,2,4,4,4,4,4,4,4,4,4,4,4,4,4,4,2,2,4,4,2,2,4,4,4,2,2,2,2,4,4,4,4,2,2,4,4,2,2,4,4,4,2,2,2,2,4,4,4,4,2,4,6,6,4,4,4,4,4,4,4,4,4,4,4,4,4,6,6,4,4,4,4,4,2,2,4,4,6,6,4,4,4,4,2,4,4,4,4,4,4,4,4,2,2,2,2,2,2,2,4,4,4,4,6,6,2,2,4,4,4,4,4,2,2,4,4,4,4,2,2,2,6,6,2,2,2,2,2,2,4,4,4,2,2,4,4,4,4,4,2,2,4,4,4,4,4,4,2,2,2,2,4,4,4,4,6,6,4,4,2,2,4,4,2,2,2,2,4,4,4,4,4,4,4,4,4,4,2,2,4,4,4,4,2,2,2,2,4,4,2,2,2,2,2,2,2,2,2,2,2,2,4,2,2,2,2,4,4,4,2,2,4,4,2,2,2,2,4,4,4,4,2,2,4,4,4,2,4,4,2,2,4,4,4,4,4,4,6,6,4,4,2,2,4,4,4,4,4,2,2,4,4,2,2,4,4,2,2,2,2,2,2,2,2,2,2,2,2,2,2,4,4,2,2,2,2,2,2,2,2,2,2,2,2,4,4,2,2,4,2,2,2,2,2,2,2,2,2,2,2,2,2,2,2,2,2,2,2,2,2,4,4,2,2,2,2,2,2,2,2,4,4]",1.0,1.0,1.0,1.0,1.0,0.5058044578924294,0.4744783219041629,0.4744783219041629,0.6255981437225256,4.777019156880587,39.322823940176534,0.0159092883225852,4.777019156880586,0.0,0.6255981437225256,0.0,0.0,0.0,0.0031279907186126,100,0.01,1.0,242700,15876,27.202137832995504,0.0743827920232433,44.969089124992024,0.9999954229520625,4.577047937659451e-06,23.24058561867052,9.15407492596554e-06,23.24053471826559,1.9214395687264767,0.0030255736440085,0.0,0.0,1e-12,analysis/fermionic_structure_ablation_extension_hgbs5.csv,1.969420225789165e-07,22.819912025204115,23.24058561867052
success,,O-O_1.26_hgbs-5_as-008-010,hamiltonian_generator/o2_active_space_library/O-O/1.26/hgbs-5/O-O_1.26_hgbs-5_as-008-010.tensors.npz,O-O,1.26,hgbs-5,8,10,18,1293,2427,1770,0.7292954264524104,0,signed_parent_blocks_randomized,8,2271888708,"reference signed-fermionic parent-owned Pauli blocks preserved internally and kept contiguous, but whole parent blocks randomly permuted",05144c844aab06e0,b9fcb782290c675f,"[1,1,1,1,1,1,1,1,1,1,1,1,1,1,1,1,1,1,1,1,1,1,1,1,1,1,1,1,1,1,1,1,1,1,1,1,1,1,1,1,1,1,1,1,1,1,1,1,1,1,1,1,1,1,1,1,1,1,1,1,1,1,1,4,4,6,6,4,4,1,1,1,1,1,1,1,1,1,1,1,1,1,1,1,1,1,1,1,1,1,1,1,1,1,1,1,1,1,1,1,1,1,1,1,1,1,1,1,1,4,4,4,4,4,4,1,1,1,1,1,1,1,1,1,1,1,1,1,1,1,1,1,1,1,1,1,1,1,1,1,1,1,1,1,1,1,1,1,1,1,1,1,1,1,1,1,1,1,1,1,1,1,1,1,1,1,1,1,1,4,4,4,4,4,4,1,1,1,1,1,1,1,1,1,1,1,1,1,1,4,4,4,4,4,4,4,2,2,4,2,2,2,2,4,4,4,4,4,4,2,2,2,2,2,2,2,2,2,2,4,4,4,2,2,2,2,2,2,2,2,4,4,4,4,2,2,4,4,2,2,4,4,4,2,2,6,6,4,4,6,6,2,2,4,4,2,2,6,6,4,4,4,4,4,4,6,6,6,6,4,4,4,4,4,4,6,6,4,4,4,4,4,4,4,4,4,4,6,6,4,4,6,6,4,4,4,4,4,4,4,4,4,4,4,4,4,2,4,4,4,6,6,2,2,2,2,4,4,6,6,4,4,4,4,4,4,4,4,6,6,6,6,4,4,4,4,4,4,4,6,6,6,6,2,2,2,2,4,4,4,4,4,2,2,2,2,4,4,4,4,6,6,4,4,4,4,2,2,6,6,4,4,4,4,4,4,4,4,2,2,2,2,2,2,2,2,4,4,4,4,2,4,6,6,4,4,4,4,6,6,4,4,4,4,4,4,4,4,4,2,2,2,2,2,2,4,4,4,4,4,4,2,2,6,6,6,6,4,4,4,4,4,4,4,4,4,4,4,4,4,4,4,4,4,4,4,4,2,2,4,4,4,4,4,4,6,6,4,4,4,4,2,2,2,2,4,4,2,2,2,2,4,4,4,4,4,4,2,2,6,6,4,4,2,2,4,4,4,4,4,6,6,2,2,4,4,2,2,2,2,2,2,4,4,4,4,4,4,4,4,4,4,4,4,4,4,2,2,4,4,2,2,4,4,4,2,2,2,2,4,4,4,4,2,2,4,4,2,2,4,4,4,2,2,2,2,4,4,4,4,2,4,6,6,4,4,4,4,4,4,4,4,4,4,4,4,4,6,6,4,4,4,4,4,2,2,4,4,6,6,4,4,4,4,2,4,4,4,4,4,4,4,4,2,2,2,2,2,2,2,4,4,4,4,6,6,2,2,4,4,4,4,4,2,2,4,4,4,4,2,2,2,6,6,2,2,2,2,2,2,4,4,4,2,2,4,4,4,4,4,2,2,4,4,4,4,4,4,2,2,2,2,4,4,4,4,6,6,4,4,2,2,4,4,2,2,2,2,4,4,4,4,4,4,4,4,4,4,2,2,4,4,4,4,2,2,2,2,4,4,2,2,2,2,2,2,2,2,2,2,2,2,4,2,2,2,2,4,4,4,2,2,4,4,2,2,2,2,4,4,4,4,2,2,4,4,4,2,4,4,2,2,4,4,4,4,4,4,6,6,4,4,2,2,4,4,4,4,4,2,2,4,4,2,2,4,4,2,2,2,2,2,2,2,2,2,2,2,2,2,2,4,4,2,2,2,2,2,2,2,2,2,2,2,2,4,4,2,2,4,2,2,2,2,2,2,2,2,2,2,2,2,2,2,2,2,2,2,2,2,2,4,4,2,2,2,2,2,2,2,2,4,4]",1.0,1.0,1.0,1.0,1.0,0.4960737709850171,0.5122659040432004,0.5122659040432004,0.3703641131529269,2.8280717922611656,39.322823940176534,0.0094185532991317,2.828071792261165,0.0,0.3703641131529269,0.0,0.0,0.0,0.0018518205657646,100,0.01,1.0,242700,15876,27.202137832995504,0.0743827920232433,44.99700245799613,0.999998332231666,1.6677683339905158e-06,8.468321347325587,3.335533886539288e-06,8.468315118787515,1.921589337176462,0.0018263451667143,0.0,0.0,1e-12,analysis/fermionic_structure_ablation_extension_hgbs5.csv,1.969420225789165e-07,7.997990062183281,8.468321347325585
success,,O-O_1.26_hgbs-5_as-008-010,hamiltonian_generator/o2_active_space_library/O-O/1.26/hgbs-5/O-O_1.26_hgbs-5_as-008-010.tensors.npz,O-O,1.26,hgbs-5,8,10,18,1293,2427,1770,0.7292954264524104,0,signed_parent_blocks_randomized,9,2749741275,"reference signed-fermionic parent-owned Pauli blocks preserved internally and kept contiguous, but whole parent blocks randomly permuted",2fff1fff9bbecb22,2c03c6bd35f64af8,"[1,1,1,1,1,1,1,1,1,1,1,1,1,1,1,1,1,1,1,1,1,1,1,1,1,1,1,1,1,1,1,1,1,1,1,1,1,1,1,1,1,1,1,1,1,1,1,1,1,1,1,1,1,1,1,1,1,1,1,1,1,1,1,4,4,6,6,4,4,1,1,1,1,1,1,1,1,1,1,1,1,1,1,1,1,1,1,1,1,1,1,1,1,1,1,1,1,1,1,1,1,1,1,1,1,1,1,1,1,4,4,4,4,4,4,1,1,1,1,1,1,1,1,1,1,1,1,1,1,1,1,1,1,1,1,1,1,1,1,1,1,1,1,1,1,1,1,1,1,1,1,1,1,1,1,1,1,1,1,1,1,1,1,1,1,1,1,1,1,4,4,4,4,4,4,1,1,1,1,1,1,1,1,1,1,1,1,1,1,4,4,4,4,4,4,4,2,2,4,2,2,2,2,4,4,4,4,4,4,2,2,2,2,2,2,2,2,2,2,4,4,4,2,2,2,2,2,2,2,2,4,4,4,4,2,2,4,4,2,2,4,4,4,2,2,6,6,4,4,6,6,2,2,4,4,2,2,6,6,4,4,4,4,4,4,6,6,6,6,4,4,4,4,4,4,6,6,4,4,4,4,4,4,4,4,4,4,6,6,4,4,6,6,4,4,4,4,4,4,4,4,4,4,4,4,4,2,4,4,4,6,6,2,2,2,2,4,4,6,6,4,4,4,4,4,4,4,4,6,6,6,6,4,4,4,4,4,4,4,6,6,6,6,2,2,2,2,4,4,4,4,4,2,2,2,2,4,4,4,4,6,6,4,4,4,4,2,2,6,6,4,4,4,4,4,4,4,4,2,2,2,2,2,2,2,2,4,4,4,4,2,4,6,6,4,4,4,4,6,6,4,4,4,4,4,4,4,4,4,2,2,2,2,2,2,4,4,4,4,4,4,2,2,6,6,6,6,4,4,4,4,4,4,4,4,4,4,4,4,4,4,4,4,4,4,4,4,2,2,4,4,4,4,4,4,6,6,4,4,4,4,2,2,2,2,4,4,2,2,2,2,4,4,4,4,4,4,2,2,6,6,4,4,2,2,4,4,4,4,4,6,6,2,2,4,4,2,2,2,2,2,2,4,4,4,4,4,4,4,4,4,4,4,4,4,4,2,2,4,4,2,2,4,4,4,2,2,2,2,4,4,4,4,2,2,4,4,2,2,4,4,4,2,2,2,2,4,4,4,4,2,4,6,6,4,4,4,4,4,4,4,4,4,4,4,4,4,6,6,4,4,4,4,4,2,2,4,4,6,6,4,4,4,4,2,4,4,4,4,4,4,4,4,2,2,2,2,2,2,2,4,4,4,4,6,6,2,2,4,4,4,4,4,2,2,4,4,4,4,2,2,2,6,6,2,2,2,2,2,2,4,4,4,2,2,4,4,4,4,4,2,2,4,4,4,4,4,4,2,2,2,2,4,4,4,4,6,6,4,4,2,2,4,4,2,2,2,2,4,4,4,4,4,4,4,4,4,4,2,2,4,4,4,4,2,2,2,2,4,4,2,2,2,2,2,2,2,2,2,2,2,2,4,2,2,2,2,4,4,4,2,2,4,4,2,2,2,2,4,4,4,4,2,2,4,4,4,2,4,4,2,2,4,4,4,4,4,4,6,6,4,4,2,2,4,4,4,4,4,2,2,4,4,2,2,4,4,2,2,2,2,2,2,2,2,2,2,2,2,2,2,4,4,2,2,2,2,2,2,2,2,2,2,2,2,4,4,2,2,4,2,2,2,2,2,2,2,2,2,2,2,2,2,2,2,2,2,2,2,2,2,4,4,2,2,2,2,2,2,2,2,4,4]",1.0,1.0,1.0,1.0,1.0,0.5149914469668968,0.5356594555816421,0.5356594555816421,0.4555822302735565,3.478790759514206,39.322823940176534,0.0115856946328842,3.478790759514206,0.0,0.4555822302735565,0.0,0.0,0.0,0.0022779111513677,100,0.01,1.0,242700,15876,27.202137832995504,0.0743827920232433,45.01434512497508,0.9999976021380604,2.3978619395625955e-06,12.17547127912607,4.795718129391169e-06,12.1754578793089,1.9214426249722996,0.0021899141259705,0.0,0.0,1e-12,analysis/fermionic_structure_ablation_extension_hgbs5.csv,1.969420225789165e-07,12.101985148481425,12.17547127912607
success,,O-O_1.26_hgbs-5_as-008-010,hamiltonian_generator/o2_active_space_library/O-O/1.26/hgbs-5/O-O_1.26_hgbs-5_as-008-010.tensors.npz,O-O,1.26,hgbs-5,8,10,18,1293,2427,1770,0.7292954264524104,0,signed_parent_descendants_round_robin,-1,-1,"reference signed-fermionic parent priority and within-parent descendant order retained, but descendants interleaved round-robin across parent blocks to destroy contiguity",682b1d52ae8adec2,eabbf55ce41d5ab9,"[1,1,1,1,1,1,1,1,1,1,1,1,1,1,1,1,1,1,1,1,1,1,1,1,1,1,1,1,1,1,1,1,1,1,1,1,1,1,1,1,1,1,1,1,1,1,1,1,1,1,1,1,1,1,1,1,1,1,1,1,1,1,1,4,4,6,6,4,4,1,1,1,1,1,1,1,1,1,1,1,1,1,1,1,1,1,1,1,1,1,1,1,1,1,1,1,1,1,1,1,1,1,1,1,1,1,1,1,1,4,4,4,4,4,4,1,1,1,1,1,1,1,1,1,1,1,1,1,1,1,1,1,1,1,1,1,1,1,1,1,1,1,1,1,1,1,1,1,1,1,1,1,1,1,1,1,1,1,1,1,1,1,1,1,1,1,1,1,1,4,4,4,4,4,4,1,1,1,1,1,1,1,1,1,1,1,1,1,1,4,4,4,4,4,4,4,2,2,4,2,2,2,2,4,4,4,4,4,4,2,2,2,2,2,2,2,2,2,2,4,4,4,2,2,2,2,2,2,2,2,4,4,4,4,2,2,4,4,2,2,4,4,4,2,2,6,6,4,4,6,6,2,2,4,4,2,2,6,6,4,4,4,4,4,4,6,6,6,6,4,4,4,4,4,4,6,6,4,4,4,4,4,4,4,4,4,4,6,6,4,4,6,6,4,4,4,4,4,4,4,4,4,4,4,4,4,2,4,4,4,6,6,2,2,2,2,4,4,6,6,4,4,4,4,4,4,4,4,6,6,6,6,4,4,4,4,4,4,4,6,6,6,6,2,2,2,2,4,4,4,4,4,2,2,2,2,4,4,4,4,6,6,4,4,4,4,2,2,6,6,4,4,4,4,4,4,4,4,2,2,2,2,2,2,2,2,4,4,4,4,2,4,6,6,4,4,4,4,6,6,4,4,4,4,4,4,4,4,4,2,2,2,2,2,2,4,4,4,4,4,4,2,2,6,6,6,6,4,4,4,4,4,4,4,4,4,4,4,4,4,4,4,4,4,4,4,4,2,2,4,4,4,4,4,4,6,6,4,4,4,4,2,2,2,2,4,4,2,2,2,2,4,4,4,4,4,4,2,2,6,6,4,4,2,2,4,4,4,4,4,6,6,2,2,4,4,2,2,2,2,2,2,4,4,4,4,4,4,4,4,4,4,4,4,4,4,2,2,4,4,2,2,4,4,4,2,2,2,2,4,4,4,4,2,2,4,4,2,2,4,4,4,2,2,2,2,4,4,4,4,2,4,6,6,4,4,4,4,4,4,4,4,4,4,4,4,4,6,6,4,4,4,4,4,2,2,4,4,6,6,4,4,4,4,2,4,4,4,4,4,4,4,4,2,2,2,2,2,2,2,4,4,4,4,6,6,2,2,4,4,4,4,4,2,2,4,4,4,4,2,2,2,6,6,2,2,2,2,2,2,4,4,4,2,2,4,4,4,4,4,2,2,4,4,4,4,4,4,2,2,2,2,4,4,4,4,6,6,4,4,2,2,4,4,2,2,2,2,4,4,4,4,4,4,4,4,4,4,2,2,4,4,4,4,2,2,2,2,4,4,2,2,2,2,2,2,2,2,2,2,2,2,4,2,2,2,2,4,4,4,2,2,4,4,2,2,2,2,4,4,4,4,2,2,4,4,4,2,4,4,2,2,4,4,4,4,4,4,6,6,4,4,2,2,4,4,4,4,4,2,2,4,4,2,2,4,4,2,2,2,2,2,2,2,2,2,2,2,2,2,2,4,4,2,2,2,2,2,2,2,2,2,2,2,2,4,4,2,2,4,2,2,2,2,2,2,2,2,2,2,2,2,2,2,2,2,2,2,2,2,2,4,4,2,2,2,2,2,2,2,2,4,4]",2.948967193195626,6.0,0.2077764277035237,295.0493114621304,352.991347342398,0.3629795500846707,0.0682090295012181,0.0682090295012181,0.2129907578157821,1.6263809931887905,39.322823940176534,0.0054164664811411,1.62638099318879,0.0,0.2129907578157821,0.0,0.0,0.0,0.0010649537890789,100,0.01,1.0,242700,15876,27.202137832995504,0.0743827920232433,43.6600377910072,0.9999997023178488,2.97682151151335e-07,1.5115217527130405,5.953642137068726e-07,1.5115216764743746,1.9215971789025963,0.0007715985370013,2.4008985255452586e-07,2.401517976702295e-07,1e-12,analysis/fermionic_structure_ablation_extension_hgbs5.csv,1.969420225789165e-07,2.6451151350057565,1.5115217527130402
success,,O-O_1.26_hgbs-5_as-008-010,hamiltonian_generator/o2_active_space_library/O-O/1.26/hgbs-5/O-O_1.26_hgbs-5_as-008-010.tensors.npz,O-O,1.26,hgbs-5,8,10,18,1293,2427,1770,0.7292954264524104,0,signed_parent_within_randomized,0,1709101605,"reference signed-fermionic parent-block order kept fixed and contiguous, but Pauli descendants randomly permuted inside each parent-owned block",682b1d52ae8adec2,7c8e43339ce8dcc2,"[1,1,1,1,1,1,1,1,1,1,1,1,1,1,1,1,1,1,1,1,1,1,1,1,1,1,1,1,1,1,1,1,1,1,1,1,1,1,1,1,1,1,1,1,1,1,1,1,1,1,1,1,1,1,1,1,1,1,1,1,1,1,1,4,4,6,6,4,4,1,1,1,1,1,1,1,1,1,1,1,1,1,1,1,1,1,1,1,1,1,1,1,1,1,1,1,1,1,1,1,1,1,1,1,1,1,1,1,1,4,4,4,4,4,4,1,1,1,1,1,1,1,1,1,1,1,1,1,1,1,1,1,1,1,1,1,1,1,1,1,1,1,1,1,1,1,1,1,1,1,1,1,1,1,1,1,1,1,1,1,1,1,1,1,1,1,1,1,1,4,4,4,4,4,4,1,1,1,1,1,1,1,1,1,1,1,1,1,1,4,4,4,4,4,4,4,2,2,4,2,2,2,2,4,4,4,4,4,4,2,2,2,2,2,2,2,2,2,2,4,4,4,2,2,2,2,2,2,2,2,4,4,4,4,2,2,4,4,2,2,4,4,4,2,2,6,6,4,4,6,6,2,2,4,4,2,2,6,6,4,4,4,4,4,4,6,6,6,6,4,4,4,4,4,4,6,6,4,4,4,4,4,4,4,4,4,4,6,6,4,4,6,6,4,4,4,4,4,4,4,4,4,4,4,4,4,2,4,4,4,6,6,2,2,2,2,4,4,6,6,4,4,4,4,4,4,4,4,6,6,6,6,4,4,4,4,4,4,4,6,6,6,6,2,2,2,2,4,4,4,4,4,2,2,2,2,4,4,4,4,6,6,4,4,4,4,2,2,6,6,4,4,4,4,4,4,4,4,2,2,2,2,2,2,2,2,4,4,4,4,2,4,6,6,4,4,4,4,6,6,4,4,4,4,4,4,4,4,4,2,2,2,2,2,2,4,4,4,4,4,4,2,2,6,6,6,6,4,4,4,4,4,4,4,4,4,4,4,4,4,4,4,4,4,4,4,4,2,2,4,4,4,4,4,4,6,6,4,4,4,4,2,2,2,2,4,4,2,2,2,2,4,4,4,4,4,4,2,2,6,6,4,4,2,2,4,4,4,4,4,6,6,2,2,4,4,2,2,2,2,2,2,4,4,4,4,4,4,4,4,4,4,4,4,4,4,2,2,4,4,2,2,4,4,4,2,2,2,2,4,4,4,4,2,2,4,4,2,2,4,4,4,2,2,2,2,4,4,4,4,2,4,6,6,4,4,4,4,4,4,4,4,4,4,4,4,4,6,6,4,4,4,4,4,2,2,4,4,6,6,4,4,4,4,2,4,4,4,4,4,4,4,4,2,2,2,2,2,2,2,4,4,4,4,6,6,2,2,4,4,4,4,4,2,2,4,4,4,4,2,2,2,6,6,2,2,2,2,2,2,4,4,4,2,2,4,4,4,4,4,2,2,4,4,4,4,4,4,2,2,2,2,4,4,4,4,6,6,4,4,2,2,4,4,2,2,2,2,4,4,4,4,4,4,4,4,4,4,2,2,4,4,4,4,2,2,2,2,4,4,2,2,2,2,2,2,2,2,2,2,2,2,4,2,2,2,2,4,4,4,2,2,4,4,2,2,2,2,4,4,4,4,2,2,4,4,4,2,4,4,2,2,4,4,4,4,4,4,6,6,4,4,2,2,4,4,4,4,4,2,2,4,4,2,2,4,4,2,2,2,2,2,2,2,2,2,2,2,2,2,2,4,4,2,2,2,2,2,2,2,2,2,2,2,2,4,4,2,2,4,2,2,2,2,2,2,2,2,2,2,2,2,2,2,2,2,2,2,2,2,2,4,4,2,2,2,2,2,2,2,2,4,4]",1.0,1.0,1.0,1.0,1.0,0.0,0.0,0.0,0.130959940326269,1.0,39.322823940176534,0.0033303798456973,1.0,0.0,0.130959940326269,0.0,0.0,0.0,0.0006547997016313,100,0.01,1.0,242700,15876,27.202137832995504,0.0743827920232433,44.94512520800345,0.9999998030579572,1.969420426739532e-07,1.0000001020352918,3.938840466011229e-07,1.0000001020353018,1.921599581745718,0.0006276018525688,0.0,0.0,1e-12,analysis/fermionic_structure_ablation_extension_hgbs5.csv,1.969420225789165e-07,1.0,1.0000001020352918
success,,O-O_1.26_hgbs-5_as-008-010,hamiltonian_generator/o2_active_space_library/O-O/1.26/hgbs-5/O-O_1.26_hgbs-5_as-008-010.tensors.npz,O-O,1.26,hgbs-5,8,10,18,1293,2427,1770,0.7292954264524104,0,signed_parent_within_randomized,1,2980328924,"reference signed-fermionic parent-block order kept fixed and contiguous, but Pauli descendants randomly permuted inside each parent-owned block",682b1d52ae8adec2,d027a2183ff33831,"[1,1,1,1,1,1,1,1,1,1,1,1,1,1,1,1,1,1,1,1,1,1,1,1,1,1,1,1,1,1,1,1,1,1,1,1,1,1,1,1,1,1,1,1,1,1,1,1,1,1,1,1,1,1,1,1,1,1,1,1,1,1,1,4,4,6,6,4,4,1,1,1,1,1,1,1,1,1,1,1,1,1,1,1,1,1,1,1,1,1,1,1,1,1,1,1,1,1,1,1,1,1,1,1,1,1,1,1,1,4,4,4,4,4,4,1,1,1,1,1,1,1,1,1,1,1,1,1,1,1,1,1,1,1,1,1,1,1,1,1,1,1,1,1,1,1,1,1,1,1,1,1,1,1,1,1,1,1,1,1,1,1,1,1,1,1,1,1,1,4,4,4,4,4,4,1,1,1,1,1,1,1,1,1,1,1,1,1,1,4,4,4,4,4,4,4,2,2,4,2,2,2,2,4,4,4,4,4,4,2,2,2,2,2,2,2,2,2,2,4,4,4,2,2,2,2,2,2,2,2,4,4,4,4,2,2,4,4,2,2,4,4,4,2,2,6,6,4,4,6,6,2,2,4,4,2,2,6,6,4,4,4,4,4,4,6,6,6,6,4,4,4,4,4,4,6,6,4,4,4,4,4,4,4,4,4,4,6,6,4,4,6,6,4,4,4,4,4,4,4,4,4,4,4,4,4,2,4,4,4,6,6,2,2,2,2,4,4,6,6,4,4,4,4,4,4,4,4,6,6,6,6,4,4,4,4,4,4,4,6,6,6,6,2,2,2,2,4,4,4,4,4,2,2,2,2,4,4,4,4,6,6,4,4,4,4,2,2,6,6,4,4,4,4,4,4,4,4,2,2,2,2,2,2,2,2,4,4,4,4,2,4,6,6,4,4,4,4,6,6,4,4,4,4,4,4,4,4,4,2,2,2,2,2,2,4,4,4,4,4,4,2,2,6,6,6,6,4,4,4,4,4,4,4,4,4,4,4,4,4,4,4,4,4,4,4,4,2,2,4,4,4,4,4,4,6,6,4,4,4,4,2,2,2,2,4,4,2,2,2,2,4,4,4,4,4,4,2,2,6,6,4,4,2,2,4,4,4,4,4,6,6,2,2,4,4,2,2,2,2,2,2,4,4,4,4,4,4,4,4,4,4,4,4,4,4,2,2,4,4,2,2,4,4,4,2,2,2,2,4,4,4,4,2,2,4,4,2,2,4,4,4,2,2,2,2,4,4,4,4,2,4,6,6,4,4,4,4,4,4,4,4,4,4,4,4,4,6,6,4,4,4,4,4,2,2,4,4,6,6,4,4,4,4,2,4,4,4,4,4,4,4,4,2,2,2,2,2,2,2,4,4,4,4,6,6,2,2,4,4,4,4,4,2,2,4,4,4,4,2,2,2,6,6,2,2,2,2,2,2,4,4,4,2,2,4,4,4,4,4,2,2,4,4,4,4,4,4,2,2,2,2,4,4,4,4,6,6,4,4,2,2,4,4,2,2,2,2,4,4,4,4,4,4,4,4,4,4,2,2,4,4,4,4,2,2,2,2,4,4,2,2,2,2,2,2,2,2,2,2,2,2,4,2,2,2,2,4,4,4,2,2,4,4,2,2,2,2,4,4,4,4,2,2,4,4,4,2,4,4,2,2,4,4,4,4,4,4,6,6,4,4,2,2,4,4,4,4,4,2,2,4,4,2,2,4,4,2,2,2,2,2,2,2,2,2,2,2,2,2,2,4,4,2,2,2,2,2,2,2,2,2,2,2,2,4,4,2,2,4,2,2,2,2,2,2,2,2,2,2,2,2,2,2,2,2,2,2,2,2,2,4,4,2,2,2,2,2,2,2,2,4,4]",1.0,1.0,1.0,1.0,1.0,0.0,0.0,0.0,0.130959940326269,1.0,39.322823940176534,0.0033303798456973,1.0,0.0,0.130959940326269,0.0,0.0,0.0,0.0006547997016313,100,0.01,1.0,242700,15876,27.202137832995504,0.0743827920232433,45.21412866699393,0.9999998030579852,1.969420148073553e-07,0.9999999605388374,3.93883990867927e-07,0.9999999605388336,1.921599581745736,0.0006276018081671,0.0,0.0,1e-12,analysis/fermionic_structure_ablation_extension_hgbs5.csv,1.969420225789165e-07,1.0,0.9999999605388373
success,,O-O_1.26_hgbs-5_as-008-010,hamiltonian_generator/o2_active_space_library/O-O/1.26/hgbs-5/O-O_1.26_hgbs-5_as-008-010.tensors.npz,O-O,1.26,hgbs-5,8,10,18,1293,2427,1770,0.7292954264524104,0,signed_parent_within_randomized,2,374592079,"reference signed-fermionic parent-block order kept fixed and contiguous, but Pauli descendants randomly permuted inside each parent-owned block",682b1d52ae8adec2,3f7edb589c3373ed,"[1,1,1,1,1,1,1,1,1,1,1,1,1,1,1,1,1,1,1,1,1,1,1,1,1,1,1,1,1,1,1,1,1,1,1,1,1,1,1,1,1,1,1,1,1,1,1,1,1,1,1,1,1,1,1,1,1,1,1,1,1,1,1,4,4,6,6,4,4,1,1,1,1,1,1,1,1,1,1,1,1,1,1,1,1,1,1,1,1,1,1,1,1,1,1,1,1,1,1,1,1,1,1,1,1,1,1,1,1,4,4,4,4,4,4,1,1,1,1,1,1,1,1,1,1,1,1,1,1,1,1,1,1,1,1,1,1,1,1,1,1,1,1,1,1,1,1,1,1,1,1,1,1,1,1,1,1,1,1,1,1,1,1,1,1,1,1,1,1,4,4,4,4,4,4,1,1,1,1,1,1,1,1,1,1,1,1,1,1,4,4,4,4,4,4,4,2,2,4,2,2,2,2,4,4,4,4,4,4,2,2,2,2,2,2,2,2,2,2,4,4,4,2,2,2,2,2,2,2,2,4,4,4,4,2,2,4,4,2,2,4,4,4,2,2,6,6,4,4,6,6,2,2,4,4,2,2,6,6,4,4,4,4,4,4,6,6,6,6,4,4,4,4,4,4,6,6,4,4,4,4,4,4,4,4,4,4,6,6,4,4,6,6,4,4,4,4,4,4,4,4,4,4,4,4,4,2,4,4,4,6,6,2,2,2,2,4,4,6,6,4,4,4,4,4,4,4,4,6,6,6,6,4,4,4,4,4,4,4,6,6,6,6,2,2,2,2,4,4,4,4,4,2,2,2,2,4,4,4,4,6,6,4,4,4,4,2,2,6,6,4,4,4,4,4,4,4,4,2,2,2,2,2,2,2,2,4,4,4,4,2,4,6,6,4,4,4,4,6,6,4,4,4,4,4,4,4,4,4,2,2,2,2,2,2,4,4,4,4,4,4,2,2,6,6,6,6,4,4,4,4,4,4,4,4,4,4,4,4,4,4,4,4,4,4,4,4,2,2,4,4,4,4,4,4,6,6,4,4,4,4,2,2,2,2,4,4,2,2,2,2,4,4,4,4,4,4,2,2,6,6,4,4,2,2,4,4,4,4,4,6,6,2,2,4,4,2,2,2,2,2,2,4,4,4,4,4,4,4,4,4,4,4,4,4,4,2,2,4,4,2,2,4,4,4,2,2,2,2,4,4,4,4,2,2,4,4,2,2,4,4,4,2,2,2,2,4,4,4,4,2,4,6,6,4,4,4,4,4,4,4,4,4,4,4,4,4,6,6,4,4,4,4,4,2,2,4,4,6,6,4,4,4,4,2,4,4,4,4,4,4,4,4,2,2,2,2,2,2,2,4,4,4,4,6,6,2,2,4,4,4,4,4,2,2,4,4,4,4,2,2,2,6,6,2,2,2,2,2,2,4,4,4,2,2,4,4,4,4,4,2,2,4,4,4,4,4,4,2,2,2,2,4,4,4,4,6,6,4,4,2,2,4,4,2,2,2,2,4,4,4,4,4,4,4,4,4,4,2,2,4,4,4,4,2,2,2,2,4,4,2,2,2,2,2,2,2,2,2,2,2,2,4,2,2,2,2,4,4,4,2,2,4,4,2,2,2,2,4,4,4,4,2,2,4,4,4,2,4,4,2,2,4,4,4,4,4,4,6,6,4,4,2,2,4,4,4,4,4,2,2,4,4,2,2,4,4,2,2,2,2,2,2,2,2,2,2,2,2,2,2,4,4,2,2,2,2,2,2,2,2,2,2,2,2,4,4,2,2,4,2,2,2,2,2,2,2,2,2,2,2,2,2,2,2,2,2,2,2,2,2,4,4,2,2,2,2,2,2,2,2,4,4]",1.0,1.0,1.0,1.0,1.0,0.0,0.0,0.0,0.130959940326269,1.0,39.322823940176534,0.0033303798456973,1.0,0.0,0.130959940326269,0.0,0.0,0.0,0.0006547997016313,100,0.01,1.0,242700,15876,27.202137832995504,0.0743827920232433,45.06750924998778,0.9999998030579728,1.9694202724185317e-07,1.0000000236766975,3.938840157369228e-07,1.0000000236767,1.9215995817457296,0.0006276018279798,0.0,0.0,1e-12,analysis/fermionic_structure_ablation_extension_hgbs5.csv,1.969420225789165e-07,1.0,1.0000000236766975
success,,O-O_1.26_hgbs-5_as-008-010,hamiltonian_generator/o2_active_space_library/O-O/1.26/hgbs-5/O-O_1.26_hgbs-5_as-008-010.tensors.npz,O-O,1.26,hgbs-5,8,10,18,1293,2427,1770,0.7292954264524104,0,signed_parent_within_randomized,3,1922907381,"reference signed-fermionic parent-block order kept fixed and contiguous, but Pauli descendants randomly permuted inside each parent-owned block",682b1d52ae8adec2,207dc22429fcaf49,"[1,1,1,1,1,1,1,1,1,1,1,1,1,1,1,1,1,1,1,1,1,1,1,1,1,1,1,1,1,1,1,1,1,1,1,1,1,1,1,1,1,1,1,1,1,1,1,1,1,1,1,1,1,1,1,1,1,1,1,1,1,1,1,4,4,6,6,4,4,1,1,1,1,1,1,1,1,1,1,1,1,1,1,1,1,1,1,1,1,1,1,1,1,1,1,1,1,1,1,1,1,1,1,1,1,1,1,1,1,4,4,4,4,4,4,1,1,1,1,1,1,1,1,1,1,1,1,1,1,1,1,1,1,1,1,1,1,1,1,1,1,1,1,1,1,1,1,1,1,1,1,1,1,1,1,1,1,1,1,1,1,1,1,1,1,1,1,1,1,4,4,4,4,4,4,1,1,1,1,1,1,1,1,1,1,1,1,1,1,4,4,4,4,4,4,4,2,2,4,2,2,2,2,4,4,4,4,4,4,2,2,2,2,2,2,2,2,2,2,4,4,4,2,2,2,2,2,2,2,2,4,4,4,4,2,2,4,4,2,2,4,4,4,2,2,6,6,4,4,6,6,2,2,4,4,2,2,6,6,4,4,4,4,4,4,6,6,6,6,4,4,4,4,4,4,6,6,4,4,4,4,4,4,4,4,4,4,6,6,4,4,6,6,4,4,4,4,4,4,4,4,4,4,4,4,4,2,4,4,4,6,6,2,2,2,2,4,4,6,6,4,4,4,4,4,4,4,4,6,6,6,6,4,4,4,4,4,4,4,6,6,6,6,2,2,2,2,4,4,4,4,4,2,2,2,2,4,4,4,4,6,6,4,4,4,4,2,2,6,6,4,4,4,4,4,4,4,4,2,2,2,2,2,2,2,2,4,4,4,4,2,4,6,6,4,4,4,4,6,6,4,4,4,4,4,4,4,4,4,2,2,2,2,2,2,4,4,4,4,4,4,2,2,6,6,6,6,4,4,4,4,4,4,4,4,4,4,4,4,4,4,4,4,4,4,4,4,2,2,4,4,4,4,4,4,6,6,4,4,4,4,2,2,2,2,4,4,2,2,2,2,4,4,4,4,4,4,2,2,6,6,4,4,2,2,4,4,4,4,4,6,6,2,2,4,4,2,2,2,2,2,2,4,4,4,4,4,4,4,4,4,4,4,4,4,4,2,2,4,4,2,2,4,4,4,2,2,2,2,4,4,4,4,2,2,4,4,2,2,4,4,4,2,2,2,2,4,4,4,4,2,4,6,6,4,4,4,4,4,4,4,4,4,4,4,4,4,6,6,4,4,4,4,4,2,2,4,4,6,6,4,4,4,4,2,4,4,4,4,4,4,4,4,2,2,2,2,2,2,2,4,4,4,4,6,6,2,2,4,4,4,4,4,2,2,4,4,4,4,2,2,2,6,6,2,2,2,2,2,2,4,4,4,2,2,4,4,4,4,4,2,2,4,4,4,4,4,4,2,2,2,2,4,4,4,4,6,6,4,4,2,2,4,4,2,2,2,2,4,4,4,4,4,4,4,4,4,4,2,2,4,4,4,4,2,2,2,2,4,4,2,2,2,2,2,2,2,2,2,2,2,2,4,2,2,2,2,4,4,4,2,2,4,4,2,2,2,2,4,4,4,4,2,2,4,4,4,2,4,4,2,2,4,4,4,4,4,4,6,6,4,4,2,2,4,4,4,4,4,2,2,4,4,2,2,4,4,2,2,2,2,2,2,2,2,2,2,2,2,2,2,4,4,2,2,2,2,2,2,2,2,2,2,2,2,4,4,2,2,4,2,2,2,2,2,2,2,2,2,2,2,2,2,2,2,2,2,2,2,2,2,4,4,2,2,2,2,2,2,2,2,4,4]",1.0,1.0,1.0,1.0,1.0,0.0,0.0,0.0,0.130959940326269,1.0,39.322823940176534,0.0033303798456973,1.0,0.0,0.130959940326269,0.0,0.0,0.0,0.0006547997016313,100,0.01,1.0,242700,15876,27.202137832995504,0.0743827920232433,44.87226174998795,0.99999980305798,1.969420199143812e-07,0.9999999864704584,3.938840010819789e-07,0.9999999864704572,1.9215995817457316,0.0006276018163045,0.0,0.0,1e-12,analysis/fermionic_structure_ablation_extension_hgbs5.csv,1.969420225789165e-07,1.0,0.9999999864704584
success,,O-O_1.26_hgbs-5_as-008-010,hamiltonian_generator/o2_active_space_library/O-O/1.26/hgbs-5/O-O_1.26_hgbs-5_as-008-010.tensors.npz,O-O,1.26,hgbs-5,8,10,18,1293,2427,1770,0.7292954264524104,0,signed_parent_within_randomized,4,664255987,"reference signed-fermionic parent-block order kept fixed and contiguous, but Pauli descendants randomly permuted inside each parent-owned block",682b1d52ae8adec2,222da206bd48a2a9,"[1,1,1,1,1,1,1,1,1,1,1,1,1,1,1,1,1,1,1,1,1,1,1,1,1,1,1,1,1,1,1,1,1,1,1,1,1,1,1,1,1,1,1,1,1,1,1,1,1,1,1,1,1,1,1,1,1,1,1,1,1,1,1,4,4,6,6,4,4,1,1,1,1,1,1,1,1,1,1,1,1,1,1,1,1,1,1,1,1,1,1,1,1,1,1,1,1,1,1,1,1,1,1,1,1,1,1,1,1,4,4,4,4,4,4,1,1,1,1,1,1,1,1,1,1,1,1,1,1,1,1,1,1,1,1,1,1,1,1,1,1,1,1,1,1,1,1,1,1,1,1,1,1,1,1,1,1,1,1,1,1,1,1,1,1,1,1,1,1,4,4,4,4,4,4,1,1,1,1,1,1,1,1,1,1,1,1,1,1,4,4,4,4,4,4,4,2,2,4,2,2,2,2,4,4,4,4,4,4,2,2,2,2,2,2,2,2,2,2,4,4,4,2,2,2,2,2,2,2,2,4,4,4,4,2,2,4,4,2,2,4,4,4,2,2,6,6,4,4,6,6,2,2,4,4,2,2,6,6,4,4,4,4,4,4,6,6,6,6,4,4,4,4,4,4,6,6,4,4,4,4,4,4,4,4,4,4,6,6,4,4,6,6,4,4,4,4,4,4,4,4,4,4,4,4,4,2,4,4,4,6,6,2,2,2,2,4,4,6,6,4,4,4,4,4,4,4,4,6,6,6,6,4,4,4,4,4,4,4,6,6,6,6,2,2,2,2,4,4,4,4,4,2,2,2,2,4,4,4,4,6,6,4,4,4,4,2,2,6,6,4,4,4,4,4,4,4,4,2,2,2,2,2,2,2,2,4,4,4,4,2,4,6,6,4,4,4,4,6,6,4,4,4,4,4,4,4,4,4,2,2,2,2,2,2,4,4,4,4,4,4,2,2,6,6,6,6,4,4,4,4,4,4,4,4,4,4,4,4,4,4,4,4,4,4,4,4,2,2,4,4,4,4,4,4,6,6,4,4,4,4,2,2,2,2,4,4,2,2,2,2,4,4,4,4,4,4,2,2,6,6,4,4,2,2,4,4,4,4,4,6,6,2,2,4,4,2,2,2,2,2,2,4,4,4,4,4,4,4,4,4,4,4,4,4,4,2,2,4,4,2,2,4,4,4,2,2,2,2,4,4,4,4,2,2,4,4,2,2,4,4,4,2,2,2,2,4,4,4,4,2,4,6,6,4,4,4,4,4,4,4,4,4,4,4,4,4,6,6,4,4,4,4,4,2,2,4,4,6,6,4,4,4,4,2,4,4,4,4,4,4,4,4,2,2,2,2,2,2,2,4,4,4,4,6,6,2,2,4,4,4,4,4,2,2,4,4,4,4,2,2,2,6,6,2,2,2,2,2,2,4,4,4,2,2,4,4,4,4,4,2,2,4,4,4,4,4,4,2,2,2,2,4,4,4,4,6,6,4,4,2,2,4,4,2,2,2,2,4,4,4,4,4,4,4,4,4,4,2,2,4,4,4,4,2,2,2,2,4,4,2,2,2,2,2,2,2,2,2,2,2,2,4,2,2,2,2,4,4,4,2,2,4,4,2,2,2,2,4,4,4,4,2,2,4,4,4,2,4,4,2,2,4,4,4,4,4,4,6,6,4,4,2,2,4,4,4,4,4,2,2,4,4,2,2,4,4,2,2,2,2,2,2,2,2,2,2,2,2,2,2,4,4,2,2,2,2,2,2,2,2,2,2,2,2,4,4,2,2,4,2,2,2,2,2,2,2,2,2,2,2,2,2,2,2,2,2,2,2,2,2,4,4,2,2,2,2,2,2,2,2,4,4]",1.0,1.0,1.0,1.0,1.0,0.0,0.0,0.0,0.130959940326269,1.0,39.322823940176534,0.0033303798456973,1.0,0.0,0.130959940326269,0.0,0.0,0.0,0.0006547997016313,100,0.01,1.0,242700,15876,27.202137832995504,0.0743827920232433,44.889988124981755,0.9999998030579726,1.969420273528755e-07,1.0000000242404286,3.938840159589674e-07,1.0000000242404308,1.9215995817457296,0.0006276018281567,0.0,0.0,1e-12,analysis/fermionic_structure_ablation_extension_hgbs5.csv,1.969420225789165e-07,1.0,1.0000000242404286
success,,O-O_1.26_hgbs-5_as-008-010,hamiltonian_generator/o2_active_space_library/O-O/1.26/hgbs-5/O-O_1.26_hgbs-5_as-008-010.tensors.npz,O-O,1.26,hgbs-5,8,10,18,1293,2427,1770,0.7292954264524104,0,signed_parent_within_randomized,5,370460223,"reference signed-fermionic parent-block order kept fixed and contiguous, but Pauli descendants randomly permuted inside each parent-owned block",682b1d52ae8adec2,7b90985567c019ad,"[1,1,1,1,1,1,1,1,1,1,1,1,1,1,1,1,1,1,1,1,1,1,1,1,1,1,1,1,1,1,1,1,1,1,1,1,1,1,1,1,1,1,1,1,1,1,1,1,1,1,1,1,1,1,1,1,1,1,1,1,1,1,1,4,4,6,6,4,4,1,1,1,1,1,1,1,1,1,1,1,1,1,1,1,1,1,1,1,1,1,1,1,1,1,1,1,1,1,1,1,1,1,1,1,1,1,1,1,1,4,4,4,4,4,4,1,1,1,1,1,1,1,1,1,1,1,1,1,1,1,1,1,1,1,1,1,1,1,1,1,1,1,1,1,1,1,1,1,1,1,1,1,1,1,1,1,1,1,1,1,1,1,1,1,1,1,1,1,1,4,4,4,4,4,4,1,1,1,1,1,1,1,1,1,1,1,1,1,1,4,4,4,4,4,4,4,2,2,4,2,2,2,2,4,4,4,4,4,4,2,2,2,2,2,2,2,2,2,2,4,4,4,2,2,2,2,2,2,2,2,4,4,4,4,2,2,4,4,2,2,4,4,4,2,2,6,6,4,4,6,6,2,2,4,4,2,2,6,6,4,4,4,4,4,4,6,6,6,6,4,4,4,4,4,4,6,6,4,4,4,4,4,4,4,4,4,4,6,6,4,4,6,6,4,4,4,4,4,4,4,4,4,4,4,4,4,2,4,4,4,6,6,2,2,2,2,4,4,6,6,4,4,4,4,4,4,4,4,6,6,6,6,4,4,4,4,4,4,4,6,6,6,6,2,2,2,2,4,4,4,4,4,2,2,2,2,4,4,4,4,6,6,4,4,4,4,2,2,6,6,4,4,4,4,4,4,4,4,2,2,2,2,2,2,2,2,4,4,4,4,2,4,6,6,4,4,4,4,6,6,4,4,4,4,4,4,4,4,4,2,2,2,2,2,2,4,4,4,4,4,4,2,2,6,6,6,6,4,4,4,4,4,4,4,4,4,4,4,4,4,4,4,4,4,4,4,4,2,2,4,4,4,4,4,4,6,6,4,4,4,4,2,2,2,2,4,4,2,2,2,2,4,4,4,4,4,4,2,2,6,6,4,4,2,2,4,4,4,4,4,6,6,2,2,4,4,2,2,2,2,2,2,4,4,4,4,4,4,4,4,4,4,4,4,4,4,2,2,4,4,2,2,4,4,4,2,2,2,2,4,4,4,4,2,2,4,4,2,2,4,4,4,2,2,2,2,4,4,4,4,2,4,6,6,4,4,4,4,4,4,4,4,4,4,4,4,4,6,6,4,4,4,4,4,2,2,4,4,6,6,4,4,4,4,2,4,4,4,4,4,4,4,4,2,2,2,2,2,2,2,4,4,4,4,6,6,2,2,4,4,4,4,4,2,2,4,4,4,4,2,2,2,6,6,2,2,2,2,2,2,4,4,4,2,2,4,4,4,4,4,2,2,4,4,4,4,4,4,2,2,2,2,4,4,4,4,6,6,4,4,2,2,4,4,2,2,2,2,4,4,4,4,4,4,4,4,4,4,2,2,4,4,4,4,2,2,2,2,4,4,2,2,2,2,2,2,2,2,2,2,2,2,4,2,2,2,2,4,4,4,2,2,4,4,2,2,2,2,4,4,4,4,2,2,4,4,4,2,4,4,2,2,4,4,4,4,4,4,6,6,4,4,2,2,4,4,4,4,4,2,2,4,4,2,2,4,4,2,2,2,2,2,2,2,2,2,2,2,2,2,2,4,4,2,2,2,2,2,2,2,2,2,2,2,2,4,4,2,2,4,2,2,2,2,2,2,2,2,2,2,2,2,2,2,2,2,2,2,2,2,2,4,4,2,2,2,2,2,2,2,2,4,4]",1.0,1.0,1.0,1.0,1.0,0.0,0.0,0.0,0.130959940326269,1.0,39.322823940176534,0.0033303798456973,1.0,0.0,0.130959940326269,0.0,0.0,0.0,0.0006547997016313,100,0.01,1.0,242700,15876,27.202137832995504,0.0743827920232433,45.19020158299827,0.9999998030579718,1.969420282410539e-07,1.0000000287502755,3.938840177353242e-07,1.0000000287502784,1.9215995817457283,0.0006276018295719,0.0,0.0,1e-12,analysis/fermionic_structure_ablation_extension_hgbs5.csv,1.969420225789165e-07,1.0,1.0000000287502755
success,,O-O_1.26_hgbs-5_as-008-010,hamiltonian_generator/o2_active_space_library/O-O/1.26/hgbs-5/O-O_1.26_hgbs-5_as-008-010.tensors.npz,O-O,1.26,hgbs-5,8,10,18,1293,2427,1770,0.7292954264524104,0,signed_parent_within_randomized,6,3707768438,"reference signed-fermionic parent-block order kept fixed and contiguous, but Pauli descendants randomly permuted inside each parent-owned block",682b1d52ae8adec2,febf0ca9c07cdbd4,"[1,1,1,1,1,1,1,1,1,1,1,1,1,1,1,1,1,1,1,1,1,1,1,1,1,1,1,1,1,1,1,1,1,1,1,1,1,1,1,1,1,1,1,1,1,1,1,1,1,1,1,1,1,1,1,1,1,1,1,1,1,1,1,4,4,6,6,4,4,1,1,1,1,1,1,1,1,1,1,1,1,1,1,1,1,1,1,1,1,1,1,1,1,1,1,1,1,1,1,1,1,1,1,1,1,1,1,1,1,4,4,4,4,4,4,1,1,1,1,1,1,1,1,1,1,1,1,1,1,1,1,1,1,1,1,1,1,1,1,1,1,1,1,1,1,1,1,1,1,1,1,1,1,1,1,1,1,1,1,1,1,1,1,1,1,1,1,1,1,4,4,4,4,4,4,1,1,1,1,1,1,1,1,1,1,1,1,1,1,4,4,4,4,4,4,4,2,2,4,2,2,2,2,4,4,4,4,4,4,2,2,2,2,2,2,2,2,2,2,4,4,4,2,2,2,2,2,2,2,2,4,4,4,4,2,2,4,4,2,2,4,4,4,2,2,6,6,4,4,6,6,2,2,4,4,2,2,6,6,4,4,4,4,4,4,6,6,6,6,4,4,4,4,4,4,6,6,4,4,4,4,4,4,4,4,4,4,6,6,4,4,6,6,4,4,4,4,4,4,4,4,4,4,4,4,4,2,4,4,4,6,6,2,2,2,2,4,4,6,6,4,4,4,4,4,4,4,4,6,6,6,6,4,4,4,4,4,4,4,6,6,6,6,2,2,2,2,4,4,4,4,4,2,2,2,2,4,4,4,4,6,6,4,4,4,4,2,2,6,6,4,4,4,4,4,4,4,4,2,2,2,2,2,2,2,2,4,4,4,4,2,4,6,6,4,4,4,4,6,6,4,4,4,4,4,4,4,4,4,2,2,2,2,2,2,4,4,4,4,4,4,2,2,6,6,6,6,4,4,4,4,4,4,4,4,4,4,4,4,4,4,4,4,4,4,4,4,2,2,4,4,4,4,4,4,6,6,4,4,4,4,2,2,2,2,4,4,2,2,2,2,4,4,4,4,4,4,2,2,6,6,4,4,2,2,4,4,4,4,4,6,6,2,2,4,4,2,2,2,2,2,2,4,4,4,4,4,4,4,4,4,4,4,4,4,4,2,2,4,4,2,2,4,4,4,2,2,2,2,4,4,4,4,2,2,4,4,2,2,4,4,4,2,2,2,2,4,4,4,4,2,4,6,6,4,4,4,4,4,4,4,4,4,4,4,4,4,6,6,4,4,4,4,4,2,2,4,4,6,6,4,4,4,4,2,4,4,4,4,4,4,4,4,2,2,2,2,2,2,2,4,4,4,4,6,6,2,2,4,4,4,4,4,2,2,4,4,4,4,2,2,2,6,6,2,2,2,2,2,2,4,4,4,2,2,4,4,4,4,4,2,2,4,4,4,4,4,4,2,2,2,2,4,4,4,4,6,6,4,4,2,2,4,4,2,2,2,2,4,4,4,4,4,4,4,4,4,4,2,2,4,4,4,4,2,2,2,2,4,4,2,2,2,2,2,2,2,2,2,2,2,2,4,2,2,2,2,4,4,4,2,2,4,4,2,2,2,2,4,4,4,4,2,2,4,4,4,2,4,4,2,2,4,4,4,4,4,4,6,6,4,4,2,2,4,4,4,4,4,2,2,4,4,2,2,4,4,2,2,2,2,2,2,2,2,2,2,2,2,2,2,4,4,2,2,2,2,2,2,2,2,2,2,2,2,4,4,2,2,4,2,2,2,2,2,2,2,2,2,2,2,2,2,2,2,2,2,2,2,2,2,4,4,2,2,2,2,2,2,2,2,4,4]",1.0,1.0,1.0,1.0,1.0,0.0,0.0,0.0,0.130959940326269,1.0,39.322823940176534,0.0033303798456973,1.0,0.0,0.130959940326269,0.0,0.0,0.0,0.0006547997016313,100,0.01,1.0,242700,15876,27.202137832995504,0.0743827920232433,45.12120212498121,0.9999998030579964,1.9694200359410274e-07,0.9999999036020172,3.9388396844142193e-07,0.9999999036020076,1.9215995817457416,0.0006276017903003,0.0,0.0,1e-12,analysis/fermionic_structure_ablation_extension_hgbs5.csv,1.969420225789165e-07,1.0,0.999999903602017
success,,O-O_1.26_hgbs-5_as-008-010,hamiltonian_generator/o2_active_space_library/O-O/1.26/hgbs-5/O-O_1.26_hgbs-5_as-008-010.tensors.npz,O-O,1.26,hgbs-5,8,10,18,1293,2427,1770,0.7292954264524104,0,signed_parent_within_randomized,7,1636650285,"reference signed-fermionic parent-block order kept fixed and contiguous, but Pauli descendants randomly permuted inside each parent-owned block",682b1d52ae8adec2,4bf4f910fd4dcdbf,"[1,1,1,1,1,1,1,1,1,1,1,1,1,1,1,1,1,1,1,1,1,1,1,1,1,1,1,1,1,1,1,1,1,1,1,1,1,1,1,1,1,1,1,1,1,1,1,1,1,1,1,1,1,1,1,1,1,1,1,1,1,1,1,4,4,6,6,4,4,1,1,1,1,1,1,1,1,1,1,1,1,1,1,1,1,1,1,1,1,1,1,1,1,1,1,1,1,1,1,1,1,1,1,1,1,1,1,1,1,4,4,4,4,4,4,1,1,1,1,1,1,1,1,1,1,1,1,1,1,1,1,1,1,1,1,1,1,1,1,1,1,1,1,1,1,1,1,1,1,1,1,1,1,1,1,1,1,1,1,1,1,1,1,1,1,1,1,1,1,4,4,4,4,4,4,1,1,1,1,1,1,1,1,1,1,1,1,1,1,4,4,4,4,4,4,4,2,2,4,2,2,2,2,4,4,4,4,4,4,2,2,2,2,2,2,2,2,2,2,4,4,4,2,2,2,2,2,2,2,2,4,4,4,4,2,2,4,4,2,2,4,4,4,2,2,6,6,4,4,6,6,2,2,4,4,2,2,6,6,4,4,4,4,4,4,6,6,6,6,4,4,4,4,4,4,6,6,4,4,4,4,4,4,4,4,4,4,6,6,4,4,6,6,4,4,4,4,4,4,4,4,4,4,4,4,4,2,4,4,4,6,6,2,2,2,2,4,4,6,6,4,4,4,4,4,4,4,4,6,6,6,6,4,4,4,4,4,4,4,6,6,6,6,2,2,2,2,4,4,4,4,4,2,2,2,2,4,4,4,4,6,6,4,4,4,4,2,2,6,6,4,4,4,4,4,4,4,4,2,2,2,2,2,2,2,2,4,4,4,4,2,4,6,6,4,4,4,4,6,6,4,4,4,4,4,4,4,4,4,2,2,2,2,2,2,4,4,4,4,4,4,2,2,6,6,6,6,4,4,4,4,4,4,4,4,4,4,4,4,4,4,4,4,4,4,4,4,2,2,4,4,4,4,4,4,6,6,4,4,4,4,2,2,2,2,4,4,2,2,2,2,4,4,4,4,4,4,2,2,6,6,4,4,2,2,4,4,4,4,4,6,6,2,2,4,4,2,2,2,2,2,2,4,4,4,4,4,4,4,4,4,4,4,4,4,4,2,2,4,4,2,2,4,4,4,2,2,2,2,4,4,4,4,2,2,4,4,2,2,4,4,4,2,2,2,2,4,4,4,4,2,4,6,6,4,4,4,4,4,4,4,4,4,4,4,4,4,6,6,4,4,4,4,4,2,2,4,4,6,6,4,4,4,4,2,4,4,4,4,4,4,4,4,2,2,2,2,2,2,2,4,4,4,4,6,6,2,2,4,4,4,4,4,2,2,4,4,4,4,2,2,2,6,6,2,2,2,2,2,2,4,4,4,2,2,4,4,4,4,4,2,2,4,4,4,4,4,4,2,2,2,2,4,4,4,4,6,6,4,4,2,2,4,4,2,2,2,2,4,4,4,4,4,4,4,4,4,4,2,2,4,4,4,4,2,2,2,2,4,4,2,2,2,2,2,2,2,2,2,2,2,2,4,2,2,2,2,4,4,4,2,2,4,4,2,2,2,2,4,4,4,4,2,2,4,4,4,2,4,4,2,2,4,4,4,4,4,4,6,6,4,4,2,2,4,4,4,4,4,2,2,4,4,2,2,4,4,2,2,2,2,2,2,2,2,2,2,2,2,2,2,4,4,2,2,2,2,2,2,2,2,2,2,2,2,4,4,2,2,4,2,2,2,2,2,2,2,2,2,2,2,2,2,2,2,2,2,2,2,2,2,4,4,2,2,2,2,2,2,2,2,4,4]",1.0,1.0,1.0,1.0,1.0,0.0,0.0,0.0,0.130959940326269,1.0,39.322823940176534,0.0033303798456973,1.0,0.0,0.130959940326269,0.0,0.0,0.0,0.0006547997016313,100,0.01,1.0,242700,15876,27.202137832995504,0.0743827920232433,44.91851954199956,0.9999998030579672,1.969420329039906e-07,1.0000000524269732,3.9388402706119763e-07,1.0000000524269783,1.921599581745726,0.0006276018370017,0.0,0.0,1e-12,analysis/fermionic_structure_ablation_extension_hgbs5.csv,1.969420225789165e-07,1.0,1.000000052426973
success,,O-O_1.26_hgbs-5_as-008-010,hamiltonian_generator/o2_active_space_library/O-O/1.26/hgbs-5/O-O_1.26_hgbs-5_as-008-010.tensors.npz,O-O,1.26,hgbs-5,8,10,18,1293,2427,1770,0.7292954264524104,0,signed_parent_within_randomized,8,35669080,"reference signed-fermionic parent-block order kept fixed and contiguous, but Pauli descendants randomly permuted inside each parent-owned block",682b1d52ae8adec2,f8efb9c5609e9bd7,"[1,1,1,1,1,1,1,1,1,1,1,1,1,1,1,1,1,1,1,1,1,1,1,1,1,1,1,1,1,1,1,1,1,1,1,1,1,1,1,1,1,1,1,1,1,1,1,1,1,1,1,1,1,1,1,1,1,1,1,1,1,1,1,4,4,6,6,4,4,1,1,1,1,1,1,1,1,1,1,1,1,1,1,1,1,1,1,1,1,1,1,1,1,1,1,1,1,1,1,1,1,1,1,1,1,1,1,1,1,4,4,4,4,4,4,1,1,1,1,1,1,1,1,1,1,1,1,1,1,1,1,1,1,1,1,1,1,1,1,1,1,1,1,1,1,1,1,1,1,1,1,1,1,1,1,1,1,1,1,1,1,1,1,1,1,1,1,1,1,4,4,4,4,4,4,1,1,1,1,1,1,1,1,1,1,1,1,1,1,4,4,4,4,4,4,4,2,2,4,2,2,2,2,4,4,4,4,4,4,2,2,2,2,2,2,2,2,2,2,4,4,4,2,2,2,2,2,2,2,2,4,4,4,4,2,2,4,4,2,2,4,4,4,2,2,6,6,4,4,6,6,2,2,4,4,2,2,6,6,4,4,4,4,4,4,6,6,6,6,4,4,4,4,4,4,6,6,4,4,4,4,4,4,4,4,4,4,6,6,4,4,6,6,4,4,4,4,4,4,4,4,4,4,4,4,4,2,4,4,4,6,6,2,2,2,2,4,4,6,6,4,4,4,4,4,4,4,4,6,6,6,6,4,4,4,4,4,4,4,6,6,6,6,2,2,2,2,4,4,4,4,4,2,2,2,2,4,4,4,4,6,6,4,4,4,4,2,2,6,6,4,4,4,4,4,4,4,4,2,2,2,2,2,2,2,2,4,4,4,4,2,4,6,6,4,4,4,4,6,6,4,4,4,4,4,4,4,4,4,2,2,2,2,2,2,4,4,4,4,4,4,2,2,6,6,6,6,4,4,4,4,4,4,4,4,4,4,4,4,4,4,4,4,4,4,4,4,2,2,4,4,4,4,4,4,6,6,4,4,4,4,2,2,2,2,4,4,2,2,2,2,4,4,4,4,4,4,2,2,6,6,4,4,2,2,4,4,4,4,4,6,6,2,2,4,4,2,2,2,2,2,2,4,4,4,4,4,4,4,4,4,4,4,4,4,4,2,2,4,4,2,2,4,4,4,2,2,2,2,4,4,4,4,2,2,4,4,2,2,4,4,4,2,2,2,2,4,4,4,4,2,4,6,6,4,4,4,4,4,4,4,4,4,4,4,4,4,6,6,4,4,4,4,4,2,2,4,4,6,6,4,4,4,4,2,4,4,4,4,4,4,4,4,2,2,2,2,2,2,2,4,4,4,4,6,6,2,2,4,4,4,4,4,2,2,4,4,4,4,2,2,2,6,6,2,2,2,2,2,2,4,4,4,2,2,4,4,4,4,4,2,2,4,4,4,4,4,4,2,2,2,2,4,4,4,4,6,6,4,4,2,2,4,4,2,2,2,2,4,4,4,4,4,4,4,4,4,4,2,2,4,4,4,4,2,2,2,2,4,4,2,2,2,2,2,2,2,2,2,2,2,2,4,2,2,2,2,4,4,4,2,2,4,4,2,2,2,2,4,4,4,4,2,2,4,4,4,2,4,4,2,2,4,4,4,4,4,4,6,6,4,4,2,2,4,4,4,4,4,2,2,4,4,2,2,4,4,2,2,2,2,2,2,2,2,2,2,2,2,2,2,4,4,2,2,2,2,2,2,2,2,2,2,2,2,4,4,2,2,4,2,2,2,2,2,2,2,2,2,2,2,2,2,2,2,2,2,2,2,2,2,4,4,2,2,2,2,2,2,2,2,4,4]",1.0,1.0,1.0,1.0,1.0,0.0,0.0,0.0,0.130959940326269,1.0,39.322823940176534,0.0033303798456973,1.0,0.0,0.130959940326269,0.0,0.0,0.0,0.0006547997016313,100,0.01,1.0,242700,15876,27.202137832995504,0.0743827920232433,45.17843358402024,0.9999998030579694,1.9694203057252227e-07,1.0000000405886245,3.938840223982609e-07,1.0000000405886285,1.9215995817457288,0.0006276018332868,0.0,0.0,1e-12,analysis/fermionic_structure_ablation_extension_hgbs5.csv,1.969420225789165e-07,1.0,1.0000000405886245
success,,O-O_1.26_hgbs-5_as-008-010,hamiltonian_generator/o2_active_space_library/O-O/1.26/hgbs-5/O-O_1.26_hgbs-5_as-008-010.tensors.npz,O-O,1.26,hgbs-5,8,10,18,1293,2427,1770,0.7292954264524104,0,signed_parent_within_randomized,9,4099730360,"reference signed-fermionic parent-block order kept fixed and contiguous, but Pauli descendants randomly permuted inside each parent-owned block",682b1d52ae8adec2,140626bd12617207,"[1,1,1,1,1,1,1,1,1,1,1,1,1,1,1,1,1,1,1,1,1,1,1,1,1,1,1,1,1,1,1,1,1,1,1,1,1,1,1,1,1,1,1,1,1,1,1,1,1,1,1,1,1,1,1,1,1,1,1,1,1,1,1,4,4,6,6,4,4,1,1,1,1,1,1,1,1,1,1,1,1,1,1,1,1,1,1,1,1,1,1,1,1,1,1,1,1,1,1,1,1,1,1,1,1,1,1,1,1,4,4,4,4,4,4,1,1,1,1,1,1,1,1,1,1,1,1,1,1,1,1,1,1,1,1,1,1,1,1,1,1,1,1,1,1,1,1,1,1,1,1,1,1,1,1,1,1,1,1,1,1,1,1,1,1,1,1,1,1,4,4,4,4,4,4,1,1,1,1,1,1,1,1,1,1,1,1,1,1,4,4,4,4,4,4,4,2,2,4,2,2,2,2,4,4,4,4,4,4,2,2,2,2,2,2,2,2,2,2,4,4,4,2,2,2,2,2,2,2,2,4,4,4,4,2,2,4,4,2,2,4,4,4,2,2,6,6,4,4,6,6,2,2,4,4,2,2,6,6,4,4,4,4,4,4,6,6,6,6,4,4,4,4,4,4,6,6,4,4,4,4,4,4,4,4,4,4,6,6,4,4,6,6,4,4,4,4,4,4,4,4,4,4,4,4,4,2,4,4,4,6,6,2,2,2,2,4,4,6,6,4,4,4,4,4,4,4,4,6,6,6,6,4,4,4,4,4,4,4,6,6,6,6,2,2,2,2,4,4,4,4,4,2,2,2,2,4,4,4,4,6,6,4,4,4,4,2,2,6,6,4,4,4,4,4,4,4,4,2,2,2,2,2,2,2,2,4,4,4,4,2,4,6,6,4,4,4,4,6,6,4,4,4,4,4,4,4,4,4,2,2,2,2,2,2,4,4,4,4,4,4,2,2,6,6,6,6,4,4,4,4,4,4,4,4,4,4,4,4,4,4,4,4,4,4,4,4,2,2,4,4,4,4,4,4,6,6,4,4,4,4,2,2,2,2,4,4,2,2,2,2,4,4,4,4,4,4,2,2,6,6,4,4,2,2,4,4,4,4,4,6,6,2,2,4,4,2,2,2,2,2,2,4,4,4,4,4,4,4,4,4,4,4,4,4,4,2,2,4,4,2,2,4,4,4,2,2,2,2,4,4,4,4,2,2,4,4,2,2,4,4,4,2,2,2,2,4,4,4,4,2,4,6,6,4,4,4,4,4,4,4,4,4,4,4,4,4,6,6,4,4,4,4,4,2,2,4,4,6,6,4,4,4,4,2,4,4,4,4,4,4,4,4,2,2,2,2,2,2,2,4,4,4,4,6,6,2,2,4,4,4,4,4,2,2,4,4,4,4,2,2,2,6,6,2,2,2,2,2,2,4,4,4,2,2,4,4,4,4,4,2,2,4,4,4,4,4,4,2,2,2,2,4,4,4,4,6,6,4,4,2,2,4,4,2,2,2,2,4,4,4,4,4,4,4,4,4,4,2,2,4,4,4,4,2,2,2,2,4,4,2,2,2,2,2,2,2,2,2,2,2,2,4,2,2,2,2,4,4,4,2,2,4,4,2,2,2,2,4,4,4,4,2,2,4,4,4,2,4,4,2,2,4,4,4,4,4,4,6,6,4,4,2,2,4,4,4,4,4,2,2,4,4,2,2,4,4,2,2,2,2,2,2,2,2,2,2,2,2,2,2,4,4,2,2,2,2,2,2,2,2,2,2,2,2,4,4,2,2,4,2,2,2,2,2,2,2,2,2,2,2,2,2,2,2,2,2,2,2,2,2,4,4,2,2,2,2,2,2,2,2,4,4]",1.0,1.0,1.0,1.0,1.0,0.0,0.0,0.0,0.130959940326269,1.0,39.322823940176534,0.0033303798456973,1.0,0.0,0.130959940326269,0.0,0.0,0.0,0.0006547997016313,100,0.01,1.0,242700,15876,27.202137832995504,0.0743827920232433,45.124195541022345,0.9999998030579728,1.9694202724185317e-07,1.0000000236766975,3.938840157369228e-07,1.0000000236767,1.921599581745732,0.0006276018279798,0.0,0.0,1e-12,analysis/fermionic_structure_ablation_extension_hgbs5.csv,1.969420225789165e-07,1.0,1.0000000236766975
