status,error_message,case_id,tensor_path,molecule,bond_length,basis,active_occupied,active_vacant,n_qubits,number_of_fermionic_terms,number_of_pauli_terms,number_of_shared_pauli_terms,shared_pauli_fraction,number_of_unowned_pauli_terms,schedule,sample_index,random_seed,ordering_definition,parent_order_hash,pauli_order_hash,reference_parent_bucket_sizes,mean_parent_runs,max_parent_runs,fraction_parents_contiguous,mean_parent_span_ratio,weighted_parent_span_ratio,orientation_flip_fraction_vs_signed_reference,weighted_orientation_flip_fraction_vs_signed_reference,cross_owner_weighted_flip_fraction_vs_signed_reference,bch2_hf_state_norm,bch_norm_ratio_to_signed_reference,bch_pair_abs_sum,bch_cancellation_ratio,bch_cancellation_ratio_to_signed_reference,bch_same_owner_norm,bch_cross_owner_norm,same_owner_pair_fraction,same_owner_abs_weight_fraction,unowned_pair_abs_weight_fraction,leading_state_error_norm_estimate,trotter_steps,trotter_dt,evolution_time,nominal_exponential_count,exact_sector_dimension,exact_build_time_seconds,exact_evolution_time_seconds,trotter_runtime_seconds,state_overlap_abs,one_minus_overlap,one_minus_overlap_ratio_to_signed_reference,state_infidelity,state_infidelity_ratio_to_signed_reference,state_vector_2norm_error,phase_aligned_state_2norm_error,particle_number_leakage,spin_sector_leakage,coefficient_tolerance,source_csv,reference_error,predicted_error_ratio,observed_error_ratio
success,,BeH2_s-1.00_hgbs-5_as-006-012,hamiltonian_generator/polyatomic_library/BeH2/s-1.00/hgbs-5/BeH2_s-1.00_hgbs-5_as-006-012.tensors.npz,BeH2,s-1.00,hgbs-5,6,12,18,1131,2075,1378,0.6640963855421687,0,fermionic_magnitude_reference,-1,-1,complete Hermitian fermionic terms ordered by decreasing absolute canonical coefficient magnitude; final combined JW Pauli order induced by first occurrence,2a8119e2a4a83757,bcd5dc8665bd13cf,"[1,1,1,1,1,1,1,1,1,1,1,1,1,1,1,1,1,1,1,1,1,1,1,1,1,1,1,2,2,2,2,1,1,1,1,1,1,1,1,1,1,1,1,1,1,1,1,1,1,1,1,1,1,1,1,1,1,1,1,1,1,1,1,1,1,1,1,1,1,1,1,1,1,1,1,1,1,1,1,1,4,4,1,1,1,1,1,1,1,1,1,1,1,1,1,1,1,1,1,1,1,1,1,1,1,1,1,1,1,1,1,1,1,1,1,1,1,1,1,1,1,1,1,1,1,1,1,1,1,1,1,1,1,1,1,1,1,1,1,1,1,1,1,1,1,1,1,1,1,1,1,1,1,1,1,1,1,1,1,1,1,1,1,1,1,1,1,1,1,1,1,1,1,2,2,2,2,1,1,1,1,2,2,2,2,2,2,2,2,2,2,2,2,2,2,2,2,2,2,2,2,4,2,2,2,2,2,2,2,2,4,2,2,2,2,2,2,2,2,4,4,4,4,4,4,4,2,2,4,2,2,2,2,2,4,4,2,2,4,4,4,4,2,2,4,4,4,4,6,6,4,4,4,4,4,4,4,4,4,4,4,2,2,2,2,4,4,4,4,2,2,2,2,4,4,4,2,2,2,2,2,2,6,6,6,6,4,4,4,4,4,2,2,4,4,4,2,2,4,4,4,4,4,4,2,4,4,2,2,2,4,2,2,2,2,2,2,4,4,4,4,4,4,4,2,2,4,4,4,4,2,4,2,2,6,6,6,6,2,2,2,2,4,4,4,4,4,4,4,4,4,4,4,4,4,4,2,2,2,2,2,2,2,2,4,4,2,2,2,2,2,4,2,2,4,4,4,4,4,4,2,2,2,2,4,4,4,4,4,4,4,6,6,2,4,4,4,4,4,4,4,2,2,2,2,4,4,4,4,4,2,2,2,2,2,2,2,2,2,2,4,4,4,4,6,6,6,6,4,4,4,4,4,4,4,4,4,4,2,2,6,6,4,4,4,4,4,4,4,4,4,6,6,4,4,4,4,4,4,4,4,4,2,2,2,2,4,4,4,4,6,6,4,4,4,4,4,4,4,4,4,6,6,4,4,4,4,4,2,4,4,4,4,6,6,4,4,6,6,6,6,4,4,4,4,4,4,4,4,4,4,4,6,6,4,4,4,4,4,4,4,4,4,4,4,4,4,4,2,2,2,2,2,6,6,2,2,4,4,2,2,2,2,4,4,4,4,4,4,4,4,4,4,2,2,2,2,2,2,6,6,4,4,2,4,4,4,4,4,4,4,4,4,4,4,4,4,2,2,6,6,6,6,4,4,4,4,4,4,4,2,2,2,2,2,2,2,4,4,4,4,2,2,4,4,4,4,4,4,4,4,4,4,4,4,4,2,2,2,2,2,2,2,2,2,2,4,4,4,4,4,2,2,2,2,2,2,2,2,4,4,4,2,2,2,2,2,2,4,4,4,4,2,4,4,2,2,4,4,4,4,4,4,4,4,4,4,4,4,4,4,2,2,2,2,2,2,2,2,2,2,2,4,4,4,4,4,2,2,2,2,2,2,2,2,2,2,2,2,2,2,2,2,2,2,2,2,2,2,2,2,2,2,2,2,2,2,2,2,2,2,2,2,2,2,4,4,2,2,2,2,4,2,2,4,4,2,2,2,2,2,2,2,2,2,2,2,2,2,2,2,2,2,2,2,2,2,2,2,4,2]",1.0105124835742445,2.0,0.9894875164257556,2.147503285151117,2.6833734939759037,0.2593202151004364,0.0379861069158826,0.0379861069158826,0.0795971432116758,0.9876690161600514,24.707314839060015,0.0032216023363995,0.9876690161600514,0.0,0.0795971432116758,0.0,0.0,0.0,0.0003979857160583,100,0.01,1.0,207500,7056,7.68255450000288,0.021700375014916,36.970590540993726,0.9999999649448956,3.5055104263825854e-08,0.988654184520581,7.011020730640638e-08,0.9886541843251913,0.1881782064021615,0.000264783323734,5.833111771380572e-13,5.833111771380572e-13,1e-12,analysis/fermionic_structure_ablation_extension_hgbs5.csv,3.545739735155706e-08,0.9754900854825639,0.988654184520581
success,,BeH2_s-1.00_hgbs-5_as-006-012,hamiltonian_generator/polyatomic_library/BeH2/s-1.00/hgbs-5/BeH2_s-1.00_hgbs-5_as-006-012.tensors.npz,BeH2,s-1.00,hgbs-5,6,12,18,1131,2075,1378,0.6640963855421687,0,fermionic_signed_reference,-1,-1,complete Hermitian fermionic terms ordered by increasing signed canonical coefficient; final combined JW Pauli order induced by first occurrence,e844d0f7c302e5ac,67ba4d5f068fbb3b,"[1,1,1,1,1,1,1,1,1,1,1,1,1,1,1,1,1,1,1,1,1,1,1,1,1,1,1,2,2,2,2,1,1,1,1,1,1,1,1,1,1,1,1,1,1,1,1,1,1,1,1,1,1,1,1,1,1,1,1,1,1,1,1,1,1,1,1,1,1,1,1,1,1,1,1,1,1,1,1,1,4,4,1,1,1,1,1,1,1,1,1,1,1,1,1,1,1,1,1,1,1,1,1,1,1,1,1,1,1,1,1,1,1,1,1,1,1,1,1,1,1,1,1,1,1,1,1,1,1,1,1,1,1,1,1,1,1,1,1,1,1,1,1,1,1,1,1,1,1,1,1,1,1,1,1,1,1,1,1,1,1,1,1,1,1,1,1,1,1,1,1,1,1,2,2,2,2,1,1,1,1,2,2,2,2,2,2,2,2,2,2,2,2,2,2,2,2,2,2,2,2,4,2,2,2,2,2,2,2,2,4,2,2,2,2,2,2,2,2,4,4,4,4,4,4,4,2,2,4,2,2,2,2,2,4,4,2,2,4,4,4,4,2,2,4,4,4,4,6,6,4,4,4,4,4,4,4,4,4,4,4,2,2,2,2,4,4,4,4,2,2,2,2,4,4,4,2,2,2,2,2,2,6,6,6,6,4,4,4,4,4,2,2,4,4,4,2,2,4,4,4,4,4,4,2,4,4,2,2,2,4,2,2,2,2,2,2,4,4,4,4,4,4,4,2,2,4,4,4,4,2,4,2,2,6,6,6,6,2,2,2,2,4,4,4,4,4,4,4,4,4,4,4,4,4,4,2,2,2,2,2,2,2,2,4,4,2,2,2,2,2,4,2,2,4,4,4,4,4,4,2,2,2,2,4,4,4,4,4,4,4,6,6,2,4,4,4,4,4,4,4,2,2,2,2,4,4,4,4,4,2,2,2,2,2,2,2,2,2,2,4,4,4,4,6,6,6,6,4,4,4,4,4,4,4,4,4,4,2,2,6,6,4,4,4,4,4,4,4,4,4,6,6,4,4,4,4,4,4,4,4,4,2,2,2,2,4,4,4,4,6,6,4,4,4,4,4,4,4,4,4,6,6,4,4,4,4,4,2,4,4,4,4,6,6,4,4,6,6,6,6,4,4,4,4,4,4,4,4,4,4,4,6,6,4,4,4,4,4,4,4,4,4,4,4,4,4,4,2,2,2,2,2,6,6,2,2,4,4,2,2,2,2,4,4,4,4,4,4,4,4,4,4,2,2,2,2,2,2,6,6,4,4,2,4,4,4,4,4,4,4,4,4,4,4,4,4,2,2,6,6,6,6,4,4,4,4,4,4,4,2,2,2,2,2,2,2,4,4,4,4,2,2,4,4,4,4,4,4,4,4,4,4,4,4,4,2,2,2,2,2,2,2,2,2,2,4,4,4,4,4,2,2,2,2,2,2,2,2,4,4,4,2,2,2,2,2,2,4,4,4,4,2,4,4,2,2,4,4,4,4,4,4,4,4,4,4,4,4,4,4,2,2,2,2,2,2,2,2,2,2,2,4,4,4,4,4,2,2,2,2,2,2,2,2,2,2,2,2,2,2,2,2,2,2,2,2,2,2,2,2,2,2,2,2,2,2,2,2,2,2,2,2,2,2,4,4,2,2,2,2,4,2,2,4,4,2,2,2,2,2,2,2,2,2,2,2,2,2,2,2,2,2,2,2,2,2,2,2,4,2]",1.0,1.0,1.0,1.0,1.0,0.0,0.0,0.0,0.080590908400813,1.0,24.707314839060015,0.0032618238333777,1.0,0.0,0.080590908400813,0.0,0.0,0.0,0.000402954542004,100,0.01,1.0,207500,7056,7.68255450000288,0.021700375014916,36.991212374996394,0.9999999645426026,3.545739735155706e-08,1.0,7.09147934818688e-08,1.0,0.1881787259521352,0.0002662983190016,5.099254352103344e-13,5.100364575127969e-13,1e-12,analysis/fermionic_structure_ablation_extension_hgbs5.csv,3.545739735155706e-08,1.0,1.0
success,,BeH2_s-1.00_hgbs-5_as-006-012,hamiltonian_generator/polyatomic_library/BeH2/s-1.00/hgbs-5/BeH2_s-1.00_hgbs-5_as-006-012.tensors.npz,BeH2,s-1.00,hgbs-5,6,12,18,1131,2075,1378,0.6640963855421687,0,jw_signed_baseline,-1,-1,final JW Pauli terms ordered directly by increasing signed coefficient with dense Pauli lexicographic tie-breaking,,f601fc0cdc31dc55,"[1,1,1,1,1,1,1,1,1,1,1,1,1,1,1,1,1,1,1,1,1,1,1,1,1,1,1,2,2,2,2,1,1,1,1,1,1,1,1,1,1,1,1,1,1,1,1,1,1,1,1,1,1,1,1,1,1,1,1,1,1,1,1,1,1,1,1,1,1,1,1,1,1,1,1,1,1,1,1,1,4,4,1,1,1,1,1,1,1,1,1,1,1,1,1,1,1,1,1,1,1,1,1,1,1,1,1,1,1,1,1,1,1,1,1,1,1,1,1,1,1,1,1,1,1,1,1,1,1,1,1,1,1,1,1,1,1,1,1,1,1,1,1,1,1,1,1,1,1,1,1,1,1,1,1,1,1,1,1,1,1,1,1,1,1,1,1,1,1,1,1,1,1,2,2,2,2,1,1,1,1,2,2,2,2,2,2,2,2,2,2,2,2,2,2,2,2,2,2,2,2,4,2,2,2,2,2,2,2,2,4,2,2,2,2,2,2,2,2,4,4,4,4,4,4,4,2,2,4,2,2,2,2,2,4,4,2,2,4,4,4,4,2,2,4,4,4,4,6,6,4,4,4,4,4,4,4,4,4,4,4,2,2,2,2,4,4,4,4,2,2,2,2,4,4,4,2,2,2,2,2,2,6,6,6,6,4,4,4,4,4,2,2,4,4,4,2,2,4,4,4,4,4,4,2,4,4,2,2,2,4,2,2,2,2,2,2,4,4,4,4,4,4,4,2,2,4,4,4,4,2,4,2,2,6,6,6,6,2,2,2,2,4,4,4,4,4,4,4,4,4,4,4,4,4,4,2,2,2,2,2,2,2,2,4,4,2,2,2,2,2,4,2,2,4,4,4,4,4,4,2,2,2,2,4,4,4,4,4,4,4,6,6,2,4,4,4,4,4,4,4,2,2,2,2,4,4,4,4,4,2,2,2,2,2,2,2,2,2,2,4,4,4,4,6,6,6,6,4,4,4,4,4,4,4,4,4,4,2,2,6,6,4,4,4,4,4,4,4,4,4,6,6,4,4,4,4,4,4,4,4,4,2,2,2,2,4,4,4,4,6,6,4,4,4,4,4,4,4,4,4,6,6,4,4,4,4,4,2,4,4,4,4,6,6,4,4,6,6,6,6,4,4,4,4,4,4,4,4,4,4,4,6,6,4,4,4,4,4,4,4,4,4,4,4,4,4,4,2,2,2,2,2,6,6,2,2,4,4,2,2,2,2,4,4,4,4,4,4,4,4,4,4,2,2,2,2,2,2,6,6,4,4,2,4,4,4,4,4,4,4,4,4,4,4,4,4,2,2,6,6,6,6,4,4,4,4,4,4,4,2,2,2,2,2,2,2,4,4,4,4,2,2,4,4,4,4,4,4,4,4,4,4,4,4,4,2,2,2,2,2,2,2,2,2,2,4,4,4,4,4,2,2,2,2,2,2,2,2,4,4,4,2,2,2,2,2,2,4,4,4,4,2,4,4,2,2,4,4,4,4,4,4,4,4,4,4,4,4,4,4,2,2,2,2,2,2,2,2,2,2,2,4,4,4,4,4,2,2,2,2,2,2,2,2,2,2,2,2,2,2,2,2,2,2,2,2,2,2,2,2,2,2,2,2,2,2,2,2,2,2,2,2,2,2,4,4,2,2,2,2,4,2,2,4,4,2,2,2,2,2,2,2,2,2,2,2,2,2,2,2,2,2,2,2,2,2,2,2,4,2]",1.3455978975032852,3.0,0.7319316688567674,51.245072273324574,78.72240963855421,0.6199600906701391,0.8000194162881742,0.8000194162881742,0.2594395352793175,3.2192159193567336,24.707314839060015,0.0105005152105467,3.2192159193567336,0.0,0.2594395352793175,0.0,0.0,0.0,0.0012971976763965,100,0.01,1.0,207500,7056,7.68255450000288,0.021700375014916,36.99179525001091,0.9999998221666144,1.7783338546184527e-07,5.0154100059472055,3.556667392823343e-07,5.015409646130743,0.1881630679152156,0.0005963780436297,3.454382123679878e-07,3.45439592597252e-07,1e-12,analysis/fermionic_structure_ablation_extension_hgbs5.csv,3.545739735155706e-08,10.36335113543982,5.015410005947206
success,,BeH2_s-1.00_hgbs-5_as-006-012,hamiltonian_generator/polyatomic_library/BeH2/s-1.00/hgbs-5/BeH2_s-1.00_hgbs-5_as-006-012.tensors.npz,BeH2,s-1.00,hgbs-5,6,12,18,1131,2075,1378,0.6640963855421687,0,signed_parent_blocks_randomized,0,3374948455,"reference signed-fermionic parent-owned Pauli blocks preserved internally and kept contiguous, but whole parent blocks randomly permuted",1da4754d7097d7e2,db6e2616928e2330,"[1,1,1,1,1,1,1,1,1,1,1,1,1,1,1,1,1,1,1,1,1,1,1,1,1,1,1,2,2,2,2,1,1,1,1,1,1,1,1,1,1,1,1,1,1,1,1,1,1,1,1,1,1,1,1,1,1,1,1,1,1,1,1,1,1,1,1,1,1,1,1,1,1,1,1,1,1,1,1,1,4,4,1,1,1,1,1,1,1,1,1,1,1,1,1,1,1,1,1,1,1,1,1,1,1,1,1,1,1,1,1,1,1,1,1,1,1,1,1,1,1,1,1,1,1,1,1,1,1,1,1,1,1,1,1,1,1,1,1,1,1,1,1,1,1,1,1,1,1,1,1,1,1,1,1,1,1,1,1,1,1,1,1,1,1,1,1,1,1,1,1,1,1,2,2,2,2,1,1,1,1,2,2,2,2,2,2,2,2,2,2,2,2,2,2,2,2,2,2,2,2,4,2,2,2,2,2,2,2,2,4,2,2,2,2,2,2,2,2,4,4,4,4,4,4,4,2,2,4,2,2,2,2,2,4,4,2,2,4,4,4,4,2,2,4,4,4,4,6,6,4,4,4,4,4,4,4,4,4,4,4,2,2,2,2,4,4,4,4,2,2,2,2,4,4,4,2,2,2,2,2,2,6,6,6,6,4,4,4,4,4,2,2,4,4,4,2,2,4,4,4,4,4,4,2,4,4,2,2,2,4,2,2,2,2,2,2,4,4,4,4,4,4,4,2,2,4,4,4,4,2,4,2,2,6,6,6,6,2,2,2,2,4,4,4,4,4,4,4,4,4,4,4,4,4,4,2,2,2,2,2,2,2,2,4,4,2,2,2,2,2,4,2,2,4,4,4,4,4,4,2,2,2,2,4,4,4,4,4,4,4,6,6,2,4,4,4,4,4,4,4,2,2,2,2,4,4,4,4,4,2,2,2,2,2,2,2,2,2,2,4,4,4,4,6,6,6,6,4,4,4,4,4,4,4,4,4,4,2,2,6,6,4,4,4,4,4,4,4,4,4,6,6,4,4,4,4,4,4,4,4,4,2,2,2,2,4,4,4,4,6,6,4,4,4,4,4,4,4,4,4,6,6,4,4,4,4,4,2,4,4,4,4,6,6,4,4,6,6,6,6,4,4,4,4,4,4,4,4,4,4,4,6,6,4,4,4,4,4,4,4,4,4,4,4,4,4,4,2,2,2,2,2,6,6,2,2,4,4,2,2,2,2,4,4,4,4,4,4,4,4,4,4,2,2,2,2,2,2,6,6,4,4,2,4,4,4,4,4,4,4,4,4,4,4,4,4,2,2,6,6,6,6,4,4,4,4,4,4,4,2,2,2,2,2,2,2,4,4,4,4,2,2,4,4,4,4,4,4,4,4,4,4,4,4,4,2,2,2,2,2,2,2,2,2,2,4,4,4,4,4,2,2,2,2,2,2,2,2,4,4,4,2,2,2,2,2,2,4,4,4,4,2,4,4,2,2,4,4,4,4,4,4,4,4,4,4,4,4,4,4,2,2,2,2,2,2,2,2,2,2,2,4,4,4,4,4,2,2,2,2,2,2,2,2,2,2,2,2,2,2,2,2,2,2,2,2,2,2,2,2,2,2,2,2,2,2,2,2,2,2,2,2,2,2,4,4,2,2,2,2,4,2,2,4,4,2,2,2,2,2,2,2,2,2,2,2,2,2,2,2,2,2,2,2,2,2,2,2,4,2]",1.0,1.0,1.0,1.0,1.0,0.5127324025175433,0.4553937303022592,0.4553937303022592,0.1786939077323219,2.2172961104198103,24.707314839060015,0.007232429298623,2.2172961104198103,0.0,0.1786939077323219,0.0,0.0,0.0,0.0008934695386616,100,0.01,1.0,207500,7056,7.68255450000288,0.021700375014916,38.5702975000022,0.9999999338032716,6.619672832108847e-08,1.8669370361494264,1.3239345231230717e-07,1.8669370072431637,0.1881607783589217,0.0003638591164752,7.16315895488151e-13,7.162048731856885e-13,1e-12,analysis/fermionic_structure_ablation_extension_hgbs5.csv,3.545739735155706e-08,4.9164020412828195,1.8669370361494266
success,,BeH2_s-1.00_hgbs-5_as-006-012,hamiltonian_generator/polyatomic_library/BeH2/s-1.00/hgbs-5/BeH2_s-1.00_hgbs-5_as-006-012.tensors.npz,BeH2,s-1.00,hgbs-5,6,12,18,1131,2075,1378,0.6640963855421687,0,signed_parent_blocks_randomized,1,874078589,"reference signed-fermionic parent-owned Pauli blocks preserved internally and kept contiguous, but whole parent blocks randomly permuted",8165fa1e0a3855ab,40d92c56e0857e70,"[1,1,1,1,1,1,1,1,1,1,1,1,1,1,1,1,1,1,1,1,1,1,1,1,1,1,1,2,2,2,2,1,1,1,1,1,1,1,1,1,1,1,1,1,1,1,1,1,1,1,1,1,1,1,1,1,1,1,1,1,1,1,1,1,1,1,1,1,1,1,1,1,1,1,1,1,1,1,1,1,4,4,1,1,1,1,1,1,1,1,1,1,1,1,1,1,1,1,1,1,1,1,1,1,1,1,1,1,1,1,1,1,1,1,1,1,1,1,1,1,1,1,1,1,1,1,1,1,1,1,1,1,1,1,1,1,1,1,1,1,1,1,1,1,1,1,1,1,1,1,1,1,1,1,1,1,1,1,1,1,1,1,1,1,1,1,1,1,1,1,1,1,1,2,2,2,2,1,1,1,1,2,2,2,2,2,2,2,2,2,2,2,2,2,2,2,2,2,2,2,2,4,2,2,2,2,2,2,2,2,4,2,2,2,2,2,2,2,2,4,4,4,4,4,4,4,2,2,4,2,2,2,2,2,4,4,2,2,4,4,4,4,2,2,4,4,4,4,6,6,4,4,4,4,4,4,4,4,4,4,4,2,2,2,2,4,4,4,4,2,2,2,2,4,4,4,2,2,2,2,2,2,6,6,6,6,4,4,4,4,4,2,2,4,4,4,2,2,4,4,4,4,4,4,2,4,4,2,2,2,4,2,2,2,2,2,2,4,4,4,4,4,4,4,2,2,4,4,4,4,2,4,2,2,6,6,6,6,2,2,2,2,4,4,4,4,4,4,4,4,4,4,4,4,4,4,2,2,2,2,2,2,2,2,4,4,2,2,2,2,2,4,2,2,4,4,4,4,4,4,2,2,2,2,4,4,4,4,4,4,4,6,6,2,4,4,4,4,4,4,4,2,2,2,2,4,4,4,4,4,2,2,2,2,2,2,2,2,2,2,4,4,4,4,6,6,6,6,4,4,4,4,4,4,4,4,4,4,2,2,6,6,4,4,4,4,4,4,4,4,4,6,6,4,4,4,4,4,4,4,4,4,2,2,2,2,4,4,4,4,6,6,4,4,4,4,4,4,4,4,4,6,6,4,4,4,4,4,2,4,4,4,4,6,6,4,4,6,6,6,6,4,4,4,4,4,4,4,4,4,4,4,6,6,4,4,4,4,4,4,4,4,4,4,4,4,4,4,2,2,2,2,2,6,6,2,2,4,4,2,2,2,2,4,4,4,4,4,4,4,4,4,4,2,2,2,2,2,2,6,6,4,4,2,4,4,4,4,4,4,4,4,4,4,4,4,4,2,2,6,6,6,6,4,4,4,4,4,4,4,2,2,2,2,2,2,2,4,4,4,4,2,2,4,4,4,4,4,4,4,4,4,4,4,4,4,2,2,2,2,2,2,2,2,2,2,4,4,4,4,4,2,2,2,2,2,2,2,2,4,4,4,2,2,2,2,2,2,4,4,4,4,2,4,4,2,2,4,4,4,4,4,4,4,4,4,4,4,4,4,4,2,2,2,2,2,2,2,2,2,2,2,4,4,4,4,4,2,2,2,2,2,2,2,2,2,2,2,2,2,2,2,2,2,2,2,2,2,2,2,2,2,2,2,2,2,2,2,2,2,2,2,2,2,2,4,4,2,2,2,2,4,2,2,4,4,2,2,2,2,2,2,2,2,2,2,2,2,2,2,2,2,2,2,2,2,2,2,2,4,2]",1.0,1.0,1.0,1.0,1.0,0.5025742120620222,0.5278687516469763,0.5278687516469763,0.0693742153855789,0.8608193748177069,24.707314839060015,0.0028078411530137,0.8608193748177068,0.0,0.0693742153855789,0.0,0.0,0.0,0.0003468710769278,100,0.01,1.0,207500,7056,7.68255450000288,0.021700375014916,38.5292712909868,0.9999999835625718,1.6437428196347525e-08,0.4635824799370306,3.2874856170650446e-08,0.4635824847893797,0.1881707120738168,0.0001813142476274,6.600275881396557e-13,6.600275881396557e-13,1e-12,analysis/fermionic_structure_ablation_extension_hgbs5.csv,3.545739735155706e-08,0.7410099960615477,0.46358247993703067
success,,BeH2_s-1.00_hgbs-5_as-006-012,hamiltonian_generator/polyatomic_library/BeH2/s-1.00/hgbs-5/BeH2_s-1.00_hgbs-5_as-006-012.tensors.npz,BeH2,s-1.00,hgbs-5,6,12,18,1131,2075,1378,0.6640963855421687,0,signed_parent_blocks_randomized,2,2435798895,"reference signed-fermionic parent-owned Pauli blocks preserved internally and kept contiguous, but whole parent blocks randomly permuted",112029f2897b660d,a2465276fadd772f,"[1,1,1,1,1,1,1,1,1,1,1,1,1,1,1,1,1,1,1,1,1,1,1,1,1,1,1,2,2,2,2,1,1,1,1,1,1,1,1,1,1,1,1,1,1,1,1,1,1,1,1,1,1,1,1,1,1,1,1,1,1,1,1,1,1,1,1,1,1,1,1,1,1,1,1,1,1,1,1,1,4,4,1,1,1,1,1,1,1,1,1,1,1,1,1,1,1,1,1,1,1,1,1,1,1,1,1,1,1,1,1,1,1,1,1,1,1,1,1,1,1,1,1,1,1,1,1,1,1,1,1,1,1,1,1,1,1,1,1,1,1,1,1,1,1,1,1,1,1,1,1,1,1,1,1,1,1,1,1,1,1,1,1,1,1,1,1,1,1,1,1,1,1,2,2,2,2,1,1,1,1,2,2,2,2,2,2,2,2,2,2,2,2,2,2,2,2,2,2,2,2,4,2,2,2,2,2,2,2,2,4,2,2,2,2,2,2,2,2,4,4,4,4,4,4,4,2,2,4,2,2,2,2,2,4,4,2,2,4,4,4,4,2,2,4,4,4,4,6,6,4,4,4,4,4,4,4,4,4,4,4,2,2,2,2,4,4,4,4,2,2,2,2,4,4,4,2,2,2,2,2,2,6,6,6,6,4,4,4,4,4,2,2,4,4,4,2,2,4,4,4,4,4,4,2,4,4,2,2,2,4,2,2,2,2,2,2,4,4,4,4,4,4,4,2,2,4,4,4,4,2,4,2,2,6,6,6,6,2,2,2,2,4,4,4,4,4,4,4,4,4,4,4,4,4,4,2,2,2,2,2,2,2,2,4,4,2,2,2,2,2,4,2,2,4,4,4,4,4,4,2,2,2,2,4,4,4,4,4,4,4,6,6,2,4,4,4,4,4,4,4,2,2,2,2,4,4,4,4,4,2,2,2,2,2,2,2,2,2,2,4,4,4,4,6,6,6,6,4,4,4,4,4,4,4,4,4,4,2,2,6,6,4,4,4,4,4,4,4,4,4,6,6,4,4,4,4,4,4,4,4,4,2,2,2,2,4,4,4,4,6,6,4,4,4,4,4,4,4,4,4,6,6,4,4,4,4,4,2,4,4,4,4,6,6,4,4,6,6,6,6,4,4,4,4,4,4,4,4,4,4,4,6,6,4,4,4,4,4,4,4,4,4,4,4,4,4,4,2,2,2,2,2,6,6,2,2,4,4,2,2,2,2,4,4,4,4,4,4,4,4,4,4,2,2,2,2,2,2,6,6,4,4,2,4,4,4,4,4,4,4,4,4,4,4,4,4,2,2,6,6,6,6,4,4,4,4,4,4,4,2,2,2,2,2,2,2,4,4,4,4,2,2,4,4,4,4,4,4,4,4,4,4,4,4,4,2,2,2,2,2,2,2,2,2,2,4,4,4,4,4,2,2,2,2,2,2,2,2,4,4,4,2,2,2,2,2,2,4,4,4,4,2,4,4,2,2,4,4,4,4,4,4,4,4,4,4,4,4,4,4,2,2,2,2,2,2,2,2,2,2,2,4,4,4,4,4,2,2,2,2,2,2,2,2,2,2,2,2,2,2,2,2,2,2,2,2,2,2,2,2,2,2,2,2,2,2,2,2,2,2,2,2,2,2,4,4,2,2,2,2,4,2,2,4,4,2,2,2,2,2,2,2,2,2,2,2,2,2,2,2,2,2,2,2,2,2,2,2,4,2]",1.0,1.0,1.0,1.0,1.0,0.5064475873544093,0.4247435053412334,0.4247435053412334,0.0994288356044537,1.2337475476756223,24.707314839060015,0.0040242671553796,1.2337475476756223,0.0,0.0994288356044537,0.0,0.0,0.0,0.0004971441780222,100,0.01,1.0,207500,7056,7.68255450000288,0.021700375014916,38.43784412500099,0.999999928772839,7.122716094709602e-08,2.0088096213290787,1.4245431678716616e-07,2.0088095839070346,0.1881691059993606,0.0003774312147851,6.206146707654625e-13,6.206146707654625e-13,1e-12,analysis/fermionic_structure_ablation_extension_hgbs5.csv,3.545739735155706e-08,1.522133011395612,2.0088096213290787
success,,BeH2_s-1.00_hgbs-5_as-006-012,hamiltonian_generator/polyatomic_library/BeH2/s-1.00/hgbs-5/BeH2_s-1.00_hgbs-5_as-006-012.tensors.npz,BeH2,s-1.00,hgbs-5,6,12,18,1131,2075,1378,0.6640963855421687,0,signed_parent_blocks_randomized,3,1812465897,"reference signed-fermionic parent-owned Pauli blocks preserved internally and kept contiguous, but whole parent blocks randomly permuted",916f652c3cda1f1c,8bd3a67a344ea74b,"[1,1,1,1,1,1,1,1,1,1,1,1,1,1,1,1,1,1,1,1,1,1,1,1,1,1,1,2,2,2,2,1,1,1,1,1,1,1,1,1,1,1,1,1,1,1,1,1,1,1,1,1,1,1,1,1,1,1,1,1,1,1,1,1,1,1,1,1,1,1,1,1,1,1,1,1,1,1,1,1,4,4,1,1,1,1,1,1,1,1,1,1,1,1,1,1,1,1,1,1,1,1,1,1,1,1,1,1,1,1,1,1,1,1,1,1,1,1,1,1,1,1,1,1,1,1,1,1,1,1,1,1,1,1,1,1,1,1,1,1,1,1,1,1,1,1,1,1,1,1,1,1,1,1,1,1,1,1,1,1,1,1,1,1,1,1,1,1,1,1,1,1,1,2,2,2,2,1,1,1,1,2,2,2,2,2,2,2,2,2,2,2,2,2,2,2,2,2,2,2,2,4,2,2,2,2,2,2,2,2,4,2,2,2,2,2,2,2,2,4,4,4,4,4,4,4,2,2,4,2,2,2,2,2,4,4,2,2,4,4,4,4,2,2,4,4,4,4,6,6,4,4,4,4,4,4,4,4,4,4,4,2,2,2,2,4,4,4,4,2,2,2,2,4,4,4,2,2,2,2,2,2,6,6,6,6,4,4,4,4,4,2,2,4,4,4,2,2,4,4,4,4,4,4,2,4,4,2,2,2,4,2,2,2,2,2,2,4,4,4,4,4,4,4,2,2,4,4,4,4,2,4,2,2,6,6,6,6,2,2,2,2,4,4,4,4,4,4,4,4,4,4,4,4,4,4,2,2,2,2,2,2,2,2,4,4,2,2,2,2,2,4,2,2,4,4,4,4,4,4,2,2,2,2,4,4,4,4,4,4,4,6,6,2,4,4,4,4,4,4,4,2,2,2,2,4,4,4,4,4,2,2,2,2,2,2,2,2,2,2,4,4,4,4,6,6,6,6,4,4,4,4,4,4,4,4,4,4,2,2,6,6,4,4,4,4,4,4,4,4,4,6,6,4,4,4,4,4,4,4,4,4,2,2,2,2,4,4,4,4,6,6,4,4,4,4,4,4,4,4,4,6,6,4,4,4,4,4,2,4,4,4,4,6,6,4,4,6,6,6,6,4,4,4,4,4,4,4,4,4,4,4,6,6,4,4,4,4,4,4,4,4,4,4,4,4,4,4,2,2,2,2,2,6,6,2,2,4,4,2,2,2,2,4,4,4,4,4,4,4,4,4,4,2,2,2,2,2,2,6,6,4,4,2,4,4,4,4,4,4,4,4,4,4,4,4,4,2,2,6,6,6,6,4,4,4,4,4,4,4,2,2,2,2,2,2,2,4,4,4,4,2,2,4,4,4,4,4,4,4,4,4,4,4,4,4,2,2,2,2,2,2,2,2,2,2,4,4,4,4,4,2,2,2,2,2,2,2,2,4,4,4,2,2,2,2,2,2,4,4,4,4,2,4,4,2,2,4,4,4,4,4,4,4,4,4,4,4,4,4,4,2,2,2,2,2,2,2,2,2,2,2,4,4,4,4,4,2,2,2,2,2,2,2,2,2,2,2,2,2,2,2,2,2,2,2,2,2,2,2,2,2,2,2,2,2,2,2,2,2,2,2,2,2,2,4,4,2,2,2,2,4,2,2,4,4,2,2,2,2,2,2,2,2,2,2,2,2,2,2,2,2,2,2,2,2,2,2,2,4,2]",1.0,1.0,1.0,1.0,1.0,0.4854047601823048,0.456444806203169,0.456444806203169,0.128158839304512,1.5902394184108637,24.707314839060015,0.0051870808357492,1.5902394184108637,0.0,0.128158839304512,0.0,0.0,0.0,0.0006407941965225,100,0.01,1.0,207500,7056,7.68255450000288,0.021700375014916,38.36048404098256,0.9999998750689963,1.2493100354227238e-07,3.5234115551006795,2.498619914304001e-07,3.5234113950326007,0.1881869614455292,0.0004998619880372,6.138423103152492e-13,6.140643549201741e-13,1e-12,analysis/fermionic_structure_ablation_extension_hgbs5.csv,3.545739735155706e-08,2.528861407867722,3.5234115551006795
success,,BeH2_s-1.00_hgbs-5_as-006-012,hamiltonian_generator/polyatomic_library/BeH2/s-1.00/hgbs-5/BeH2_s-1.00_hgbs-5_as-006-012.tensors.npz,BeH2,s-1.00,hgbs-5,6,12,18,1131,2075,1378,0.6640963855421687,0,signed_parent_blocks_randomized,4,3139422712,"reference signed-fermionic parent-owned Pauli blocks preserved internally and kept contiguous, but whole parent blocks randomly permuted",47ede144fc630d80,dc76cb688159bc2d,"[1,1,1,1,1,1,1,1,1,1,1,1,1,1,1,1,1,1,1,1,1,1,1,1,1,1,1,2,2,2,2,1,1,1,1,1,1,1,1,1,1,1,1,1,1,1,1,1,1,1,1,1,1,1,1,1,1,1,1,1,1,1,1,1,1,1,1,1,1,1,1,1,1,1,1,1,1,1,1,1,4,4,1,1,1,1,1,1,1,1,1,1,1,1,1,1,1,1,1,1,1,1,1,1,1,1,1,1,1,1,1,1,1,1,1,1,1,1,1,1,1,1,1,1,1,1,1,1,1,1,1,1,1,1,1,1,1,1,1,1,1,1,1,1,1,1,1,1,1,1,1,1,1,1,1,1,1,1,1,1,1,1,1,1,1,1,1,1,1,1,1,1,1,2,2,2,2,1,1,1,1,2,2,2,2,2,2,2,2,2,2,2,2,2,2,2,2,2,2,2,2,4,2,2,2,2,2,2,2,2,4,2,2,2,2,2,2,2,2,4,4,4,4,4,4,4,2,2,4,2,2,2,2,2,4,4,2,2,4,4,4,4,2,2,4,4,4,4,6,6,4,4,4,4,4,4,4,4,4,4,4,2,2,2,2,4,4,4,4,2,2,2,2,4,4,4,2,2,2,2,2,2,6,6,6,6,4,4,4,4,4,2,2,4,4,4,2,2,4,4,4,4,4,4,2,4,4,2,2,2,4,2,2,2,2,2,2,4,4,4,4,4,4,4,2,2,4,4,4,4,2,4,2,2,6,6,6,6,2,2,2,2,4,4,4,4,4,4,4,4,4,4,4,4,4,4,2,2,2,2,2,2,2,2,4,4,2,2,2,2,2,4,2,2,4,4,4,4,4,4,2,2,2,2,4,4,4,4,4,4,4,6,6,2,4,4,4,4,4,4,4,2,2,2,2,4,4,4,4,4,2,2,2,2,2,2,2,2,2,2,4,4,4,4,6,6,6,6,4,4,4,4,4,4,4,4,4,4,2,2,6,6,4,4,4,4,4,4,4,4,4,6,6,4,4,4,4,4,4,4,4,4,2,2,2,2,4,4,4,4,6,6,4,4,4,4,4,4,4,4,4,6,6,4,4,4,4,4,2,4,4,4,4,6,6,4,4,6,6,6,6,4,4,4,4,4,4,4,4,4,4,4,6,6,4,4,4,4,4,4,4,4,4,4,4,4,4,4,2,2,2,2,2,6,6,2,2,4,4,2,2,2,2,4,4,4,4,4,4,4,4,4,4,2,2,2,2,2,2,6,6,4,4,2,4,4,4,4,4,4,4,4,4,4,4,4,4,2,2,6,6,6,6,4,4,4,4,4,4,4,2,2,2,2,2,2,2,4,4,4,4,2,2,4,4,4,4,4,4,4,4,4,4,4,4,4,2,2,2,2,2,2,2,2,2,2,4,4,4,4,4,2,2,2,2,2,2,2,2,4,4,4,2,2,2,2,2,2,4,4,4,4,2,4,4,2,2,4,4,4,4,4,4,4,4,4,4,4,4,4,4,2,2,2,2,2,2,2,2,2,2,2,4,4,4,4,4,2,2,2,2,2,2,2,2,2,2,2,2,2,2,2,2,2,2,2,2,2,2,2,2,2,2,2,2,2,2,2,2,2,2,2,2,2,2,4,4,2,2,2,2,4,2,2,4,4,2,2,2,2,2,2,2,2,2,2,2,2,2,2,2,2,2,2,2,2,2,2,2,4,2]",1.0,1.0,1.0,1.0,1.0,0.5134528201789288,0.5309719926349511,0.5309719926349511,0.0631750454184541,0.7838979194062147,24.707314839060015,0.0025569369164543,0.7838979194062146,0.0,0.0631750454184541,0.0,0.0,0.0,0.0003158752270922,100,0.01,1.0,207500,7056,7.68255450000288,0.021700375014916,38.30811079198611,0.9999999715991564,2.8400843676834597e-08,0.8009850073101153,5.6801686576513084e-08,0.8009850101451103,0.1881678614163815,0.0002383310457193,6.733502644351574e-13,6.733502644351574e-13,1e-12,analysis/fermionic_structure_ablation_extension_hgbs5.csv,3.545739735155706e-08,0.6144959480493922,0.8009850073101153
success,,BeH2_s-1.00_hgbs-5_as-006-012,hamiltonian_generator/polyatomic_library/BeH2/s-1.00/hgbs-5/BeH2_s-1.00_hgbs-5_as-006-012.tensors.npz,BeH2,s-1.00,hgbs-5,6,12,18,1131,2075,1378,0.6640963855421687,0,signed_parent_blocks_randomized,5,2417096738,"reference signed-fermionic parent-owned Pauli blocks preserved internally and kept contiguous, but whole parent blocks randomly permuted",0aa9c4e4a966b6b7,970b039d52399199,"[1,1,1,1,1,1,1,1,1,1,1,1,1,1,1,1,1,1,1,1,1,1,1,1,1,1,1,2,2,2,2,1,1,1,1,1,1,1,1,1,1,1,1,1,1,1,1,1,1,1,1,1,1,1,1,1,1,1,1,1,1,1,1,1,1,1,1,1,1,1,1,1,1,1,1,1,1,1,1,1,4,4,1,1,1,1,1,1,1,1,1,1,1,1,1,1,1,1,1,1,1,1,1,1,1,1,1,1,1,1,1,1,1,1,1,1,1,1,1,1,1,1,1,1,1,1,1,1,1,1,1,1,1,1,1,1,1,1,1,1,1,1,1,1,1,1,1,1,1,1,1,1,1,1,1,1,1,1,1,1,1,1,1,1,1,1,1,1,1,1,1,1,1,2,2,2,2,1,1,1,1,2,2,2,2,2,2,2,2,2,2,2,2,2,2,2,2,2,2,2,2,4,2,2,2,2,2,2,2,2,4,2,2,2,2,2,2,2,2,4,4,4,4,4,4,4,2,2,4,2,2,2,2,2,4,4,2,2,4,4,4,4,2,2,4,4,4,4,6,6,4,4,4,4,4,4,4,4,4,4,4,2,2,2,2,4,4,4,4,2,2,2,2,4,4,4,2,2,2,2,2,2,6,6,6,6,4,4,4,4,4,2,2,4,4,4,2,2,4,4,4,4,4,4,2,4,4,2,2,2,4,2,2,2,2,2,2,4,4,4,4,4,4,4,2,2,4,4,4,4,2,4,2,2,6,6,6,6,2,2,2,2,4,4,4,4,4,4,4,4,4,4,4,4,4,4,2,2,2,2,2,2,2,2,4,4,2,2,2,2,2,4,2,2,4,4,4,4,4,4,2,2,2,2,4,4,4,4,4,4,4,6,6,2,4,4,4,4,4,4,4,2,2,2,2,4,4,4,4,4,2,2,2,2,2,2,2,2,2,2,4,4,4,4,6,6,6,6,4,4,4,4,4,4,4,4,4,4,2,2,6,6,4,4,4,4,4,4,4,4,4,6,6,4,4,4,4,4,4,4,4,4,2,2,2,2,4,4,4,4,6,6,4,4,4,4,4,4,4,4,4,6,6,4,4,4,4,4,2,4,4,4,4,6,6,4,4,6,6,6,6,4,4,4,4,4,4,4,4,4,4,4,6,6,4,4,4,4,4,4,4,4,4,4,4,4,4,4,2,2,2,2,2,6,6,2,2,4,4,2,2,2,2,4,4,4,4,4,4,4,4,4,4,2,2,2,2,2,2,6,6,4,4,2,4,4,4,4,4,4,4,4,4,4,4,4,4,2,2,6,6,6,6,4,4,4,4,4,4,4,2,2,2,2,2,2,2,4,4,4,4,2,2,4,4,4,4,4,4,4,4,4,4,4,4,4,2,2,2,2,2,2,2,2,2,2,4,4,4,4,4,2,2,2,2,2,2,2,2,4,4,4,2,2,2,2,2,2,4,4,4,4,2,4,4,2,2,4,4,4,4,4,4,4,4,4,4,4,4,4,4,2,2,2,2,2,2,2,2,2,2,2,4,4,4,4,4,2,2,2,2,2,2,2,2,2,2,2,2,2,2,2,2,2,2,2,2,2,2,2,2,2,2,2,2,2,2,2,2,2,2,2,2,2,2,4,4,2,2,2,2,4,2,2,4,4,2,2,2,2,2,2,2,2,2,2,2,2,2,2,2,2,2,2,2,2,2,2,2,4,2]",1.0,1.0,1.0,1.0,1.0,0.5189177457860088,0.4287173274156291,0.4287173274156291,0.2321862115871691,2.881047207364979,24.707314839060015,0.0093974684460694,2.881047207364979,0.0,0.2321862115871691,0.0,0.0,0.0,0.0011609310579358,100,0.01,1.0,207500,7056,7.68255450000288,0.021700375014916,38.271972165995976,0.9999998606411408,1.3935885911919854e-07,3.9303183405557767,2.787176988094942e-07,3.930318134265674,0.1881535007422551,0.0005279372294491,5.42788036739239e-13,5.428990590417015e-13,1e-12,analysis/fermionic_structure_ablation_extension_hgbs5.csv,3.545739735155706e-08,8.300433011065545,3.9303183405557767
success,,BeH2_s-1.00_hgbs-5_as-006-012,hamiltonian_generator/polyatomic_library/BeH2/s-1.00/hgbs-5/BeH2_s-1.00_hgbs-5_as-006-012.tensors.npz,BeH2,s-1.00,hgbs-5,6,12,18,1131,2075,1378,0.6640963855421687,0,signed_parent_blocks_randomized,6,3572561065,"reference signed-fermionic parent-owned Pauli blocks preserved internally and kept contiguous, but whole parent blocks randomly permuted",fa73c21ed41d4508,854257b6da2b2732,"[1,1,1,1,1,1,1,1,1,1,1,1,1,1,1,1,1,1,1,1,1,1,1,1,1,1,1,2,2,2,2,1,1,1,1,1,1,1,1,1,1,1,1,1,1,1,1,1,1,1,1,1,1,1,1,1,1,1,1,1,1,1,1,1,1,1,1,1,1,1,1,1,1,1,1,1,1,1,1,1,4,4,1,1,1,1,1,1,1,1,1,1,1,1,1,1,1,1,1,1,1,1,1,1,1,1,1,1,1,1,1,1,1,1,1,1,1,1,1,1,1,1,1,1,1,1,1,1,1,1,1,1,1,1,1,1,1,1,1,1,1,1,1,1,1,1,1,1,1,1,1,1,1,1,1,1,1,1,1,1,1,1,1,1,1,1,1,1,1,1,1,1,1,2,2,2,2,1,1,1,1,2,2,2,2,2,2,2,2,2,2,2,2,2,2,2,2,2,2,2,2,4,2,2,2,2,2,2,2,2,4,2,2,2,2,2,2,2,2,4,4,4,4,4,4,4,2,2,4,2,2,2,2,2,4,4,2,2,4,4,4,4,2,2,4,4,4,4,6,6,4,4,4,4,4,4,4,4,4,4,4,2,2,2,2,4,4,4,4,2,2,2,2,4,4,4,2,2,2,2,2,2,6,6,6,6,4,4,4,4,4,2,2,4,4,4,2,2,4,4,4,4,4,4,2,4,4,2,2,2,4,2,2,2,2,2,2,4,4,4,4,4,4,4,2,2,4,4,4,4,2,4,2,2,6,6,6,6,2,2,2,2,4,4,4,4,4,4,4,4,4,4,4,4,4,4,2,2,2,2,2,2,2,2,4,4,2,2,2,2,2,4,2,2,4,4,4,4,4,4,2,2,2,2,4,4,4,4,4,4,4,6,6,2,4,4,4,4,4,4,4,2,2,2,2,4,4,4,4,4,2,2,2,2,2,2,2,2,2,2,4,4,4,4,6,6,6,6,4,4,4,4,4,4,4,4,4,4,2,2,6,6,4,4,4,4,4,4,4,4,4,6,6,4,4,4,4,4,4,4,4,4,2,2,2,2,4,4,4,4,6,6,4,4,4,4,4,4,4,4,4,6,6,4,4,4,4,4,2,4,4,4,4,6,6,4,4,6,6,6,6,4,4,4,4,4,4,4,4,4,4,4,6,6,4,4,4,4,4,4,4,4,4,4,4,4,4,4,2,2,2,2,2,6,6,2,2,4,4,2,2,2,2,4,4,4,4,4,4,4,4,4,4,2,2,2,2,2,2,6,6,4,4,2,4,4,4,4,4,4,4,4,4,4,4,4,4,2,2,6,6,6,6,4,4,4,4,4,4,4,2,2,2,2,2,2,2,4,4,4,4,2,2,4,4,4,4,4,4,4,4,4,4,4,4,4,2,2,2,2,2,2,2,2,2,2,4,4,4,4,4,2,2,2,2,2,2,2,2,4,4,4,2,2,2,2,2,2,4,4,4,4,2,4,4,2,2,4,4,4,4,4,4,4,4,4,4,4,4,4,4,2,2,2,2,2,2,2,2,2,2,2,4,4,4,4,4,2,2,2,2,2,2,2,2,2,2,2,2,2,2,2,2,2,2,2,2,2,2,2,2,2,2,2,2,2,2,2,2,2,2,2,2,2,2,4,4,2,2,2,2,4,2,2,4,4,2,2,2,2,2,2,2,2,2,2,2,2,2,2,2,2,2,2,2,2,2,2,2,4,2]",1.0,1.0,1.0,1.0,1.0,0.5159577033446671,0.5390650061444427,0.5390650061444427,0.2317274435705387,2.8753546543744015,24.707314839060015,0.0093789003410519,2.875354654374402,0.0,0.2317274435705387,0.0,0.0,0.0,0.0011586372178526,100,0.01,1.0,207500,7056,7.68255450000288,0.021700375014916,38.22689274998265,0.999999897385202,1.026147978810954e-07,2.8940307395852676,2.052295852150721e-07,2.8940306406947984,0.1881683676071529,0.0004530227320589,6.195044477408373e-13,6.196154700433e-13,1e-12,analysis/fermionic_structure_ablation_extension_hgbs5.csv,3.545739735155706e-08,8.267664388432534,2.8940307395852676
success,,BeH2_s-1.00_hgbs-5_as-006-012,hamiltonian_generator/polyatomic_library/BeH2/s-1.00/hgbs-5/BeH2_s-1.00_hgbs-5_as-006-012.tensors.npz,BeH2,s-1.00,hgbs-5,6,12,18,1131,2075,1378,0.6640963855421687,0,signed_parent_blocks_randomized,7,1908953090,"reference signed-fermionic parent-owned Pauli blocks preserved internally and kept contiguous, but whole parent blocks randomly permuted",1f9d478195308b6f,5bfbcfa87e5f70f8,"[1,1,1,1,1,1,1,1,1,1,1,1,1,1,1,1,1,1,1,1,1,1,1,1,1,1,1,2,2,2,2,1,1,1,1,1,1,1,1,1,1,1,1,1,1,1,1,1,1,1,1,1,1,1,1,1,1,1,1,1,1,1,1,1,1,1,1,1,1,1,1,1,1,1,1,1,1,1,1,1,4,4,1,1,1,1,1,1,1,1,1,1,1,1,1,1,1,1,1,1,1,1,1,1,1,1,1,1,1,1,1,1,1,1,1,1,1,1,1,1,1,1,1,1,1,1,1,1,1,1,1,1,1,1,1,1,1,1,1,1,1,1,1,1,1,1,1,1,1,1,1,1,1,1,1,1,1,1,1,1,1,1,1,1,1,1,1,1,1,1,1,1,1,2,2,2,2,1,1,1,1,2,2,2,2,2,2,2,2,2,2,2,2,2,2,2,2,2,2,2,2,4,2,2,2,2,2,2,2,2,4,2,2,2,2,2,2,2,2,4,4,4,4,4,4,4,2,2,4,2,2,2,2,2,4,4,2,2,4,4,4,4,2,2,4,4,4,4,6,6,4,4,4,4,4,4,4,4,4,4,4,2,2,2,2,4,4,4,4,2,2,2,2,4,4,4,2,2,2,2,2,2,6,6,6,6,4,4,4,4,4,2,2,4,4,4,2,2,4,4,4,4,4,4,2,4,4,2,2,2,4,2,2,2,2,2,2,4,4,4,4,4,4,4,2,2,4,4,4,4,2,4,2,2,6,6,6,6,2,2,2,2,4,4,4,4,4,4,4,4,4,4,4,4,4,4,2,2,2,2,2,2,2,2,4,4,2,2,2,2,2,4,2,2,4,4,4,4,4,4,2,2,2,2,4,4,4,4,4,4,4,6,6,2,4,4,4,4,4,4,4,2,2,2,2,4,4,4,4,4,2,2,2,2,2,2,2,2,2,2,4,4,4,4,6,6,6,6,4,4,4,4,4,4,4,4,4,4,2,2,6,6,4,4,4,4,4,4,4,4,4,6,6,4,4,4,4,4,4,4,4,4,2,2,2,2,4,4,4,4,6,6,4,4,4,4,4,4,4,4,4,6,6,4,4,4,4,4,2,4,4,4,4,6,6,4,4,6,6,6,6,4,4,4,4,4,4,4,4,4,4,4,6,6,4,4,4,4,4,4,4,4,4,4,4,4,4,4,2,2,2,2,2,6,6,2,2,4,4,2,2,2,2,4,4,4,4,4,4,4,4,4,4,2,2,2,2,2,2,6,6,4,4,2,4,4,4,4,4,4,4,4,4,4,4,4,4,2,2,6,6,6,6,4,4,4,4,4,4,4,2,2,2,2,2,2,2,4,4,4,4,2,2,4,4,4,4,4,4,4,4,4,4,4,4,4,2,2,2,2,2,2,2,2,2,2,4,4,4,4,4,2,2,2,2,2,2,2,2,4,4,4,2,2,2,2,2,2,4,4,4,4,2,4,4,2,2,4,4,4,4,4,4,4,4,4,4,4,4,4,4,2,2,2,2,2,2,2,2,2,2,2,4,4,4,4,4,2,2,2,2,2,2,2,2,2,2,2,2,2,2,2,2,2,2,2,2,2,2,2,2,2,2,2,2,2,2,2,2,2,2,2,2,2,2,4,4,2,2,2,2,4,2,2,4,4,2,2,2,2,2,2,2,2,2,2,2,2,2,2,2,2,2,2,2,2,2,2,2,4,2]",1.0,1.0,1.0,1.0,1.0,0.5178265692444959,0.561817143914807,0.561817143914807,0.0638942819496231,0.7928224562484089,24.707314839060015,0.0025860471834281,0.7928224562484089,0.0,0.0638942819496231,0.0,0.0,0.0,0.0003194714097481,100,0.01,1.0,207500,7056,7.68255450000288,0.021700375014916,38.20818245798,0.9999999831733978,1.6826602222685952e-08,0.4745583003696415,3.365320411230499e-08,0.4745583038454353,0.1881689338741763,0.0001834480974155,6.611378111642807e-13,6.611378111642807e-13,1e-12,analysis/fermionic_structure_ablation_extension_hgbs5.csv,3.545739735155706e-08,0.6285674471317602,0.47455830036964164
success,,BeH2_s-1.00_hgbs-5_as-006-012,hamiltonian_generator/polyatomic_library/BeH2/s-1.00/hgbs-5/BeH2_s-1.00_hgbs-5_as-006-012.tensors.npz,BeH2,s-1.00,hgbs-5,6,12,18,1131,2075,1378,0.6640963855421687,0,signed_parent_blocks_randomized,8,1342977210,"reference signed-fermionic parent-owned Pauli blocks preserved internally and kept contiguous, but whole parent blocks randomly permuted",ad1fbc1d00fac86f,ed1d09db132cdcc7,"[1,1,1,1,1,1,1,1,1,1,1,1,1,1,1,1,1,1,1,1,1,1,1,1,1,1,1,2,2,2,2,1,1,1,1,1,1,1,1,1,1,1,1,1,1,1,1,1,1,1,1,1,1,1,1,1,1,1,1,1,1,1,1,1,1,1,1,1,1,1,1,1,1,1,1,1,1,1,1,1,4,4,1,1,1,1,1,1,1,1,1,1,1,1,1,1,1,1,1,1,1,1,1,1,1,1,1,1,1,1,1,1,1,1,1,1,1,1,1,1,1,1,1,1,1,1,1,1,1,1,1,1,1,1,1,1,1,1,1,1,1,1,1,1,1,1,1,1,1,1,1,1,1,1,1,1,1,1,1,1,1,1,1,1,1,1,1,1,1,1,1,1,1,2,2,2,2,1,1,1,1,2,2,2,2,2,2,2,2,2,2,2,2,2,2,2,2,2,2,2,2,4,2,2,2,2,2,2,2,2,4,2,2,2,2,2,2,2,2,4,4,4,4,4,4,4,2,2,4,2,2,2,2,2,4,4,2,2,4,4,4,4,2,2,4,4,4,4,6,6,4,4,4,4,4,4,4,4,4,4,4,2,2,2,2,4,4,4,4,2,2,2,2,4,4,4,2,2,2,2,2,2,6,6,6,6,4,4,4,4,4,2,2,4,4,4,2,2,4,4,4,4,4,4,2,4,4,2,2,2,4,2,2,2,2,2,2,4,4,4,4,4,4,4,2,2,4,4,4,4,2,4,2,2,6,6,6,6,2,2,2,2,4,4,4,4,4,4,4,4,4,4,4,4,4,4,2,2,2,2,2,2,2,2,4,4,2,2,2,2,2,4,2,2,4,4,4,4,4,4,2,2,2,2,4,4,4,4,4,4,4,6,6,2,4,4,4,4,4,4,4,2,2,2,2,4,4,4,4,4,2,2,2,2,2,2,2,2,2,2,4,4,4,4,6,6,6,6,4,4,4,4,4,4,4,4,4,4,2,2,6,6,4,4,4,4,4,4,4,4,4,6,6,4,4,4,4,4,4,4,4,4,2,2,2,2,4,4,4,4,6,6,4,4,4,4,4,4,4,4,4,6,6,4,4,4,4,4,2,4,4,4,4,6,6,4,4,6,6,6,6,4,4,4,4,4,4,4,4,4,4,4,6,6,4,4,4,4,4,4,4,4,4,4,4,4,4,4,2,2,2,2,2,6,6,2,2,4,4,2,2,2,2,4,4,4,4,4,4,4,4,4,4,2,2,2,2,2,2,6,6,4,4,2,4,4,4,4,4,4,4,4,4,4,4,4,4,2,2,6,6,6,6,4,4,4,4,4,4,4,2,2,2,2,2,2,2,4,4,4,4,2,2,4,4,4,4,4,4,4,4,4,4,4,4,4,2,2,2,2,2,2,2,2,2,2,4,4,4,4,4,2,2,2,2,2,2,2,2,4,4,4,2,2,2,2,2,2,4,4,4,4,2,4,4,2,2,4,4,4,4,4,4,4,4,4,4,4,4,4,4,2,2,2,2,2,2,2,2,2,2,2,4,4,4,4,4,2,2,2,2,2,2,2,2,2,2,2,2,2,2,2,2,2,2,2,2,2,2,2,2,2,2,2,2,2,2,2,2,2,2,2,2,2,2,4,4,2,2,2,2,4,2,2,4,4,2,2,2,2,2,2,2,2,2,2,2,2,2,2,2,2,2,2,2,2,2,2,2,4,2]",1.0,1.0,1.0,1.0,1.0,0.5184384721116979,0.464091315119752,0.464091315119752,0.0725702423284438,0.9004767878719145,24.707314839060015,0.002937196648084,0.9004767878719145,0.0,0.0725702423284438,0.0,0.0,0.0,0.0003628512116422,100,0.01,1.0,207500,7056,7.68255450000288,0.021700375014916,38.383268874982605,0.9999999783252486,2.1674751438105492e-08,0.6112899721094073,4.3349502432121774e-08,0.6112899763743257,0.1881708811359239,0.0002082054343099,6.424860643505781e-13,6.427081089555031e-13,1e-12,analysis/fermionic_structure_ablation_extension_hgbs5.csv,3.545739735155706e-08,0.810858445496121,0.6112899721094074
success,,BeH2_s-1.00_hgbs-5_as-006-012,hamiltonian_generator/polyatomic_library/BeH2/s-1.00/hgbs-5/BeH2_s-1.00_hgbs-5_as-006-012.tensors.npz,BeH2,s-1.00,hgbs-5,6,12,18,1131,2075,1378,0.6640963855421687,0,signed_parent_blocks_randomized,9,2508962614,"reference signed-fermionic parent-owned Pauli blocks preserved internally and kept contiguous, but whole parent blocks randomly permuted",8c6cbbfd511c4a65,415b0d83546ce89c,"[1,1,1,1,1,1,1,1,1,1,1,1,1,1,1,1,1,1,1,1,1,1,1,1,1,1,1,2,2,2,2,1,1,1,1,1,1,1,1,1,1,1,1,1,1,1,1,1,1,1,1,1,1,1,1,1,1,1,1,1,1,1,1,1,1,1,1,1,1,1,1,1,1,1,1,1,1,1,1,1,4,4,1,1,1,1,1,1,1,1,1,1,1,1,1,1,1,1,1,1,1,1,1,1,1,1,1,1,1,1,1,1,1,1,1,1,1,1,1,1,1,1,1,1,1,1,1,1,1,1,1,1,1,1,1,1,1,1,1,1,1,1,1,1,1,1,1,1,1,1,1,1,1,1,1,1,1,1,1,1,1,1,1,1,1,1,1,1,1,1,1,1,1,2,2,2,2,1,1,1,1,2,2,2,2,2,2,2,2,2,2,2,2,2,2,2,2,2,2,2,2,4,2,2,2,2,2,2,2,2,4,2,2,2,2,2,2,2,2,4,4,4,4,4,4,4,2,2,4,2,2,2,2,2,4,4,2,2,4,4,4,4,2,2,4,4,4,4,6,6,4,4,4,4,4,4,4,4,4,4,4,2,2,2,2,4,4,4,4,2,2,2,2,4,4,4,2,2,2,2,2,2,6,6,6,6,4,4,4,4,4,2,2,4,4,4,2,2,4,4,4,4,4,4,2,4,4,2,2,2,4,2,2,2,2,2,2,4,4,4,4,4,4,4,2,2,4,4,4,4,2,4,2,2,6,6,6,6,2,2,2,2,4,4,4,4,4,4,4,4,4,4,4,4,4,4,2,2,2,2,2,2,2,2,4,4,2,2,2,2,2,4,2,2,4,4,4,4,4,4,2,2,2,2,4,4,4,4,4,4,4,6,6,2,4,4,4,4,4,4,4,2,2,2,2,4,4,4,4,4,2,2,2,2,2,2,2,2,2,2,4,4,4,4,6,6,6,6,4,4,4,4,4,4,4,4,4,4,2,2,6,6,4,4,4,4,4,4,4,4,4,6,6,4,4,4,4,4,4,4,4,4,2,2,2,2,4,4,4,4,6,6,4,4,4,4,4,4,4,4,4,6,6,4,4,4,4,4,2,4,4,4,4,6,6,4,4,6,6,6,6,4,4,4,4,4,4,4,4,4,4,4,6,6,4,4,4,4,4,4,4,4,4,4,4,4,4,4,2,2,2,2,2,6,6,2,2,4,4,2,2,2,2,4,4,4,4,4,4,4,4,4,4,2,2,2,2,2,2,6,6,4,4,2,4,4,4,4,4,4,4,4,4,4,4,4,4,2,2,6,6,6,6,4,4,4,4,4,4,4,2,2,2,2,2,2,2,4,4,4,4,2,2,4,4,4,4,4,4,4,4,4,4,4,4,4,2,2,2,2,2,2,2,2,2,2,4,4,4,4,4,2,2,2,2,2,2,2,2,4,4,4,2,2,2,2,2,2,4,4,4,4,2,4,4,2,2,4,4,4,4,4,4,4,4,4,4,4,4,4,4,2,2,2,2,2,2,2,2,2,2,2,4,4,4,4,4,2,2,2,2,2,2,2,2,2,2,2,2,2,2,2,2,2,2,2,2,2,2,2,2,2,2,2,2,2,2,2,2,2,2,2,2,2,2,4,4,2,2,2,2,4,2,2,4,4,2,2,2,2,2,2,2,2,2,2,2,2,2,2,2,2,2,2,2,2,2,2,2,4,2]",1.0,1.0,1.0,1.0,1.0,0.5068846608309822,0.4772668874417097,0.4772668874417097,0.2515201153677409,3.1209490047788515,24.707314839060015,0.0101799858465441,3.1209490047788515,0.0,0.2515201153677409,0.0,0.0,0.0,0.0012576005768387,100,0.01,1.0,207500,7056,7.68255450000288,0.021700375014916,38.22412912501022,0.9999998725494494,1.2745055055773946e-07,3.5944699858841345,2.5490108490622276e-07,3.594469819211908,0.1881775139735205,0.000504877312934,5.62772051182492e-13,5.62772051182492e-13,1e-12,analysis/fermionic_structure_ablation_extension_hgbs5.csv,3.545739735155706e-08,9.740322690430103,3.5944699858841345
success,,BeH2_s-1.00_hgbs-5_as-006-012,hamiltonian_generator/polyatomic_library/BeH2/s-1.00/hgbs-5/BeH2_s-1.00_hgbs-5_as-006-012.tensors.npz,BeH2,s-1.00,hgbs-5,6,12,18,1131,2075,1378,0.6640963855421687,0,signed_parent_descendants_round_robin,-1,-1,"reference signed-fermionic parent priority and within-parent descendant order retained, but descendants interleaved round-robin across parent blocks to destroy contiguity",2f2542e4fdf4e620,524dbc7e17f11da1,"[1,1,1,1,1,1,1,1,1,1,1,1,1,1,1,1,1,1,1,1,1,1,1,1,1,1,1,2,2,2,2,1,1,1,1,1,1,1,1,1,1,1,1,1,1,1,1,1,1,1,1,1,1,1,1,1,1,1,1,1,1,1,1,1,1,1,1,1,1,1,1,1,1,1,1,1,1,1,1,1,4,4,1,1,1,1,1,1,1,1,1,1,1,1,1,1,1,1,1,1,1,1,1,1,1,1,1,1,1,1,1,1,1,1,1,1,1,1,1,1,1,1,1,1,1,1,1,1,1,1,1,1,1,1,1,1,1,1,1,1,1,1,1,1,1,1,1,1,1,1,1,1,1,1,1,1,1,1,1,1,1,1,1,1,1,1,1,1,1,1,1,1,1,2,2,2,2,1,1,1,1,2,2,2,2,2,2,2,2,2,2,2,2,2,2,2,2,2,2,2,2,4,2,2,2,2,2,2,2,2,4,2,2,2,2,2,2,2,2,4,4,4,4,4,4,4,2,2,4,2,2,2,2,2,4,4,2,2,4,4,4,4,2,2,4,4,4,4,6,6,4,4,4,4,4,4,4,4,4,4,4,2,2,2,2,4,4,4,4,2,2,2,2,4,4,4,2,2,2,2,2,2,6,6,6,6,4,4,4,4,4,2,2,4,4,4,2,2,4,4,4,4,4,4,2,4,4,2,2,2,4,2,2,2,2,2,2,4,4,4,4,4,4,4,2,2,4,4,4,4,2,4,2,2,6,6,6,6,2,2,2,2,4,4,4,4,4,4,4,4,4,4,4,4,4,4,2,2,2,2,2,2,2,2,4,4,2,2,2,2,2,4,2,2,4,4,4,4,4,4,2,2,2,2,4,4,4,4,4,4,4,6,6,2,4,4,4,4,4,4,4,2,2,2,2,4,4,4,4,4,2,2,2,2,2,2,2,2,2,2,4,4,4,4,6,6,6,6,4,4,4,4,4,4,4,4,4,4,2,2,6,6,4,4,4,4,4,4,4,4,4,6,6,4,4,4,4,4,4,4,4,4,2,2,2,2,4,4,4,4,6,6,4,4,4,4,4,4,4,4,4,6,6,4,4,4,4,4,2,4,4,4,4,6,6,4,4,6,6,6,6,4,4,4,4,4,4,4,4,4,4,4,6,6,4,4,4,4,4,4,4,4,4,4,4,4,4,4,2,2,2,2,2,6,6,2,2,4,4,2,2,2,2,4,4,4,4,4,4,4,4,4,4,2,2,2,2,2,2,6,6,4,4,2,4,4,4,4,4,4,4,4,4,4,4,4,4,2,2,6,6,6,6,4,4,4,4,4,4,4,2,2,2,2,2,2,2,4,4,4,4,2,2,4,4,4,4,4,4,4,4,4,4,4,4,4,2,2,2,2,2,2,2,2,2,2,4,4,4,4,4,2,2,2,2,2,2,2,2,4,4,4,2,2,2,2,2,2,4,4,4,4,2,4,4,2,2,4,4,4,4,4,4,4,4,4,4,4,4,4,4,2,2,2,2,2,2,2,2,2,2,2,4,4,4,4,4,2,2,2,2,2,2,2,2,2,2,2,2,2,2,2,2,2,2,2,2,2,2,2,2,2,2,2,2,2,2,2,2,2,2,2,2,2,2,4,4,2,2,2,2,4,2,2,4,4,2,2,2,2,2,2,2,2,2,2,2,2,2,2,2,2,2,2,2,2,2,2,2,4,2]",2.726675427069645,6.0,0.2247043363994743,246.75492772667545,295.4934939759036,0.324946044032892,0.0767278642983007,0.0767278642983007,0.1688005778323173,2.0945362346928755,24.707314839060015,0.0068320082101944,2.0945362346928755,0.0,0.1688005778323173,0.0,0.0,0.0,0.0008440028891615,100,0.01,1.0,207500,7056,7.68255450000288,0.021700375014916,36.97107045800658,0.9999999209424122,7.905758780957228e-08,2.2296500508969417,1.5811516940189565e-07,2.2296500016223253,0.1881762330189625,0.0003976369897521,1.0963628749305344e-07,1.1066995353470332e-07,1e-12,analysis/fermionic_structure_ablation_extension_hgbs5.csv,3.545739735155706e-08,4.387082038441409,2.2296500508969417
success,,BeH2_s-1.00_hgbs-5_as-006-012,hamiltonian_generator/polyatomic_library/BeH2/s-1.00/hgbs-5/BeH2_s-1.00_hgbs-5_as-006-012.tensors.npz,BeH2,s-1.00,hgbs-5,6,12,18,1131,2075,1378,0.6640963855421687,0,signed_parent_within_randomized,0,2194816495,"reference signed-fermionic parent-block order kept fixed and contiguous, but Pauli descendants randomly permuted inside each parent-owned block",2f2542e4fdf4e620,f43a790c45fbffd6,"[1,1,1,1,1,1,1,1,1,1,1,1,1,1,1,1,1,1,1,1,1,1,1,1,1,1,1,2,2,2,2,1,1,1,1,1,1,1,1,1,1,1,1,1,1,1,1,1,1,1,1,1,1,1,1,1,1,1,1,1,1,1,1,1,1,1,1,1,1,1,1,1,1,1,1,1,1,1,1,1,4,4,1,1,1,1,1,1,1,1,1,1,1,1,1,1,1,1,1,1,1,1,1,1,1,1,1,1,1,1,1,1,1,1,1,1,1,1,1,1,1,1,1,1,1,1,1,1,1,1,1,1,1,1,1,1,1,1,1,1,1,1,1,1,1,1,1,1,1,1,1,1,1,1,1,1,1,1,1,1,1,1,1,1,1,1,1,1,1,1,1,1,1,2,2,2,2,1,1,1,1,2,2,2,2,2,2,2,2,2,2,2,2,2,2,2,2,2,2,2,2,4,2,2,2,2,2,2,2,2,4,2,2,2,2,2,2,2,2,4,4,4,4,4,4,4,2,2,4,2,2,2,2,2,4,4,2,2,4,4,4,4,2,2,4,4,4,4,6,6,4,4,4,4,4,4,4,4,4,4,4,2,2,2,2,4,4,4,4,2,2,2,2,4,4,4,2,2,2,2,2,2,6,6,6,6,4,4,4,4,4,2,2,4,4,4,2,2,4,4,4,4,4,4,2,4,4,2,2,2,4,2,2,2,2,2,2,4,4,4,4,4,4,4,2,2,4,4,4,4,2,4,2,2,6,6,6,6,2,2,2,2,4,4,4,4,4,4,4,4,4,4,4,4,4,4,2,2,2,2,2,2,2,2,4,4,2,2,2,2,2,4,2,2,4,4,4,4,4,4,2,2,2,2,4,4,4,4,4,4,4,6,6,2,4,4,4,4,4,4,4,2,2,2,2,4,4,4,4,4,2,2,2,2,2,2,2,2,2,2,4,4,4,4,6,6,6,6,4,4,4,4,4,4,4,4,4,4,2,2,6,6,4,4,4,4,4,4,4,4,4,6,6,4,4,4,4,4,4,4,4,4,2,2,2,2,4,4,4,4,6,6,4,4,4,4,4,4,4,4,4,6,6,4,4,4,4,4,2,4,4,4,4,6,6,4,4,6,6,6,6,4,4,4,4,4,4,4,4,4,4,4,6,6,4,4,4,4,4,4,4,4,4,4,4,4,4,4,2,2,2,2,2,6,6,2,2,4,4,2,2,2,2,4,4,4,4,4,4,4,4,4,4,2,2,2,2,2,2,6,6,4,4,2,4,4,4,4,4,4,4,4,4,4,4,4,4,2,2,6,6,6,6,4,4,4,4,4,4,4,2,2,2,2,2,2,2,4,4,4,4,2,2,4,4,4,4,4,4,4,4,4,4,4,4,4,2,2,2,2,2,2,2,2,2,2,4,4,4,4,4,2,2,2,2,2,2,2,2,4,4,4,2,2,2,2,2,2,4,4,4,4,2,4,4,2,2,4,4,4,4,4,4,4,4,4,4,4,4,4,4,2,2,2,2,2,2,2,2,2,2,2,4,4,4,4,4,2,2,2,2,2,2,2,2,2,2,2,2,2,2,2,2,2,2,2,2,2,2,2,2,2,2,2,2,2,2,2,2,2,2,2,2,2,2,4,4,2,2,2,2,4,2,2,4,4,2,2,2,2,2,2,2,2,2,2,2,2,2,2,2,2,2,2,2,2,2,2,2,4,2]",1.0,1.0,1.0,1.0,1.0,0.0,0.0,0.0,0.080590908400813,1.0,24.707314839060015,0.0032618238333777,1.0,0.0,0.080590908400813,0.0,0.0,0.0,0.000402954542004,100,0.01,1.0,207500,7056,7.68255450000288,0.021700375014916,38.23473699999158,0.9999999645426176,3.545738247456853e-08,0.9999995804263808,7.091476372789175e-08,0.9999995804263736,0.1881787259520561,0.0002662982631357,4.802824804528427e-13,4.803935027553052e-13,1e-12,analysis/fermionic_structure_ablation_extension_hgbs5.csv,3.545739735155706e-08,1.0,0.9999995804263809
success,,BeH2_s-1.00_hgbs-5_as-006-012,hamiltonian_generator/polyatomic_library/BeH2/s-1.00/hgbs-5/BeH2_s-1.00_hgbs-5_as-006-012.tensors.npz,BeH2,s-1.00,hgbs-5,6,12,18,1131,2075,1378,0.6640963855421687,0,signed_parent_within_randomized,1,1441199395,"reference signed-fermionic parent-block order kept fixed and contiguous, but Pauli descendants randomly permuted inside each parent-owned block",2f2542e4fdf4e620,abda3f92b45ee40a,"[1,1,1,1,1,1,1,1,1,1,1,1,1,1,1,1,1,1,1,1,1,1,1,1,1,1,1,2,2,2,2,1,1,1,1,1,1,1,1,1,1,1,1,1,1,1,1,1,1,1,1,1,1,1,1,1,1,1,1,1,1,1,1,1,1,1,1,1,1,1,1,1,1,1,1,1,1,1,1,1,4,4,1,1,1,1,1,1,1,1,1,1,1,1,1,1,1,1,1,1,1,1,1,1,1,1,1,1,1,1,1,1,1,1,1,1,1,1,1,1,1,1,1,1,1,1,1,1,1,1,1,1,1,1,1,1,1,1,1,1,1,1,1,1,1,1,1,1,1,1,1,1,1,1,1,1,1,1,1,1,1,1,1,1,1,1,1,1,1,1,1,1,1,2,2,2,2,1,1,1,1,2,2,2,2,2,2,2,2,2,2,2,2,2,2,2,2,2,2,2,2,4,2,2,2,2,2,2,2,2,4,2,2,2,2,2,2,2,2,4,4,4,4,4,4,4,2,2,4,2,2,2,2,2,4,4,2,2,4,4,4,4,2,2,4,4,4,4,6,6,4,4,4,4,4,4,4,4,4,4,4,2,2,2,2,4,4,4,4,2,2,2,2,4,4,4,2,2,2,2,2,2,6,6,6,6,4,4,4,4,4,2,2,4,4,4,2,2,4,4,4,4,4,4,2,4,4,2,2,2,4,2,2,2,2,2,2,4,4,4,4,4,4,4,2,2,4,4,4,4,2,4,2,2,6,6,6,6,2,2,2,2,4,4,4,4,4,4,4,4,4,4,4,4,4,4,2,2,2,2,2,2,2,2,4,4,2,2,2,2,2,4,2,2,4,4,4,4,4,4,2,2,2,2,4,4,4,4,4,4,4,6,6,2,4,4,4,4,4,4,4,2,2,2,2,4,4,4,4,4,2,2,2,2,2,2,2,2,2,2,4,4,4,4,6,6,6,6,4,4,4,4,4,4,4,4,4,4,2,2,6,6,4,4,4,4,4,4,4,4,4,6,6,4,4,4,4,4,4,4,4,4,2,2,2,2,4,4,4,4,6,6,4,4,4,4,4,4,4,4,4,6,6,4,4,4,4,4,2,4,4,4,4,6,6,4,4,6,6,6,6,4,4,4,4,4,4,4,4,4,4,4,6,6,4,4,4,4,4,4,4,4,4,4,4,4,4,4,2,2,2,2,2,6,6,2,2,4,4,2,2,2,2,4,4,4,4,4,4,4,4,4,4,2,2,2,2,2,2,6,6,4,4,2,4,4,4,4,4,4,4,4,4,4,4,4,4,2,2,6,6,6,6,4,4,4,4,4,4,4,2,2,2,2,2,2,2,4,4,4,4,2,2,4,4,4,4,4,4,4,4,4,4,4,4,4,2,2,2,2,2,2,2,2,2,2,4,4,4,4,4,2,2,2,2,2,2,2,2,4,4,4,2,2,2,2,2,2,4,4,4,4,2,4,4,2,2,4,4,4,4,4,4,4,4,4,4,4,4,4,4,2,2,2,2,2,2,2,2,2,2,2,4,4,4,4,4,2,2,2,2,2,2,2,2,2,2,2,2,2,2,2,2,2,2,2,2,2,2,2,2,2,2,2,2,2,2,2,2,2,2,2,2,2,2,4,4,2,2,2,2,4,2,2,4,4,2,2,2,2,2,2,2,2,2,2,2,2,2,2,2,2,2,2,2,2,2,2,2,4,2]",1.0,1.0,1.0,1.0,1.0,0.0,0.0,0.0,0.080590908400813,1.0,24.707314839060015,0.0032618238333777,1.0,0.0,0.080590908400813,0.0,0.0,0.0,0.000402954542004,100,0.01,1.0,207500,7056,7.68255450000288,0.021700375014916,38.17684254099731,0.999999964542608,3.5457392133508854e-08,0.9999998528361188,7.091478304577238e-08,0.999999852836116,0.1881787259521051,0.0002662982994069,4.99933427988708e-13,5.000444502911705e-13,1e-12,analysis/fermionic_structure_ablation_extension_hgbs5.csv,3.545739735155706e-08,1.0,0.9999998528361189
success,,BeH2_s-1.00_hgbs-5_as-006-012,hamiltonian_generator/polyatomic_library/BeH2/s-1.00/hgbs-5/BeH2_s-1.00_hgbs-5_as-006-012.tensors.npz,BeH2,s-1.00,hgbs-5,6,12,18,1131,2075,1378,0.6640963855421687,0,signed_parent_within_randomized,2,2717793234,"reference signed-fermionic parent-block order kept fixed and contiguous, but Pauli descendants randomly permuted inside each parent-owned block",2f2542e4fdf4e620,d1c488b31e8f9bc8,"[1,1,1,1,1,1,1,1,1,1,1,1,1,1,1,1,1,1,1,1,1,1,1,1,1,1,1,2,2,2,2,1,1,1,1,1,1,1,1,1,1,1,1,1,1,1,1,1,1,1,1,1,1,1,1,1,1,1,1,1,1,1,1,1,1,1,1,1,1,1,1,1,1,1,1,1,1,1,1,1,4,4,1,1,1,1,1,1,1,1,1,1,1,1,1,1,1,1,1,1,1,1,1,1,1,1,1,1,1,1,1,1,1,1,1,1,1,1,1,1,1,1,1,1,1,1,1,1,1,1,1,1,1,1,1,1,1,1,1,1,1,1,1,1,1,1,1,1,1,1,1,1,1,1,1,1,1,1,1,1,1,1,1,1,1,1,1,1,1,1,1,1,1,2,2,2,2,1,1,1,1,2,2,2,2,2,2,2,2,2,2,2,2,2,2,2,2,2,2,2,2,4,2,2,2,2,2,2,2,2,4,2,2,2,2,2,2,2,2,4,4,4,4,4,4,4,2,2,4,2,2,2,2,2,4,4,2,2,4,4,4,4,2,2,4,4,4,4,6,6,4,4,4,4,4,4,4,4,4,4,4,2,2,2,2,4,4,4,4,2,2,2,2,4,4,4,2,2,2,2,2,2,6,6,6,6,4,4,4,4,4,2,2,4,4,4,2,2,4,4,4,4,4,4,2,4,4,2,2,2,4,2,2,2,2,2,2,4,4,4,4,4,4,4,2,2,4,4,4,4,2,4,2,2,6,6,6,6,2,2,2,2,4,4,4,4,4,4,4,4,4,4,4,4,4,4,2,2,2,2,2,2,2,2,4,4,2,2,2,2,2,4,2,2,4,4,4,4,4,4,2,2,2,2,4,4,4,4,4,4,4,6,6,2,4,4,4,4,4,4,4,2,2,2,2,4,4,4,4,4,2,2,2,2,2,2,2,2,2,2,4,4,4,4,6,6,6,6,4,4,4,4,4,4,4,4,4,4,2,2,6,6,4,4,4,4,4,4,4,4,4,6,6,4,4,4,4,4,4,4,4,4,2,2,2,2,4,4,4,4,6,6,4,4,4,4,4,4,4,4,4,6,6,4,4,4,4,4,2,4,4,4,4,6,6,4,4,6,6,6,6,4,4,4,4,4,4,4,4,4,4,4,6,6,4,4,4,4,4,4,4,4,4,4,4,4,4,4,2,2,2,2,2,6,6,2,2,4,4,2,2,2,2,4,4,4,4,4,4,4,4,4,4,2,2,2,2,2,2,6,6,4,4,2,4,4,4,4,4,4,4,4,4,4,4,4,4,2,2,6,6,6,6,4,4,4,4,4,4,4,2,2,2,2,2,2,2,4,4,4,4,2,2,4,4,4,4,4,4,4,4,4,4,4,4,4,2,2,2,2,2,2,2,2,2,2,4,4,4,4,4,2,2,2,2,2,2,2,2,4,4,4,2,2,2,2,2,2,4,4,4,4,2,4,4,2,2,4,4,4,4,4,4,4,4,4,4,4,4,4,4,2,2,2,2,2,2,2,2,2,2,2,4,4,4,4,4,2,2,2,2,2,2,2,2,2,2,2,2,2,2,2,2,2,2,2,2,2,2,2,2,2,2,2,2,2,2,2,2,2,2,2,2,2,2,4,4,2,2,2,2,4,2,2,4,4,2,2,2,2,2,2,2,2,2,2,2,2,2,2,2,2,2,2,2,2,2,2,2,4,2]",1.0,1.0,1.0,1.0,1.0,0.0,0.0,0.0,0.080590908400813,1.0,24.707314839060015,0.0032618238333777,1.0,0.0,0.080590908400813,0.0,0.0,0.0,0.000402954542004,100,0.01,1.0,207500,7056,7.68255450000288,0.021700375014916,38.173001125018345,0.9999999645426164,3.5457383473769255e-08,0.9999996086066986,7.091476572629318e-08,0.999999608606692,0.1881787259520674,0.0002662982668879,4.82280881897168e-13,4.823919041996305e-13,1e-12,analysis/fermionic_structure_ablation_extension_hgbs5.csv,3.545739735155706e-08,1.0,0.9999996086066986
success,,BeH2_s-1.00_hgbs-5_as-006-012,hamiltonian_generator/polyatomic_library/BeH2/s-1.00/hgbs-5/BeH2_s-1.00_hgbs-5_as-006-012.tensors.npz,BeH2,s-1.00,hgbs-5,6,12,18,1131,2075,1378,0.6640963855421687,0,signed_parent_within_randomized,3,3208850853,"reference signed-fermionic parent-block order kept fixed and contiguous, but Pauli descendants randomly permuted inside each parent-owned block",2f2542e4fdf4e620,f07c7783485167d2,"[1,1,1,1,1,1,1,1,1,1,1,1,1,1,1,1,1,1,1,1,1,1,1,1,1,1,1,2,2,2,2,1,1,1,1,1,1,1,1,1,1,1,1,1,1,1,1,1,1,1,1,1,1,1,1,1,1,1,1,1,1,1,1,1,1,1,1,1,1,1,1,1,1,1,1,1,1,1,1,1,4,4,1,1,1,1,1,1,1,1,1,1,1,1,1,1,1,1,1,1,1,1,1,1,1,1,1,1,1,1,1,1,1,1,1,1,1,1,1,1,1,1,1,1,1,1,1,1,1,1,1,1,1,1,1,1,1,1,1,1,1,1,1,1,1,1,1,1,1,1,1,1,1,1,1,1,1,1,1,1,1,1,1,1,1,1,1,1,1,1,1,1,1,2,2,2,2,1,1,1,1,2,2,2,2,2,2,2,2,2,2,2,2,2,2,2,2,2,2,2,2,4,2,2,2,2,2,2,2,2,4,2,2,2,2,2,2,2,2,4,4,4,4,4,4,4,2,2,4,2,2,2,2,2,4,4,2,2,4,4,4,4,2,2,4,4,4,4,6,6,4,4,4,4,4,4,4,4,4,4,4,2,2,2,2,4,4,4,4,2,2,2,2,4,4,4,2,2,2,2,2,2,6,6,6,6,4,4,4,4,4,2,2,4,4,4,2,2,4,4,4,4,4,4,2,4,4,2,2,2,4,2,2,2,2,2,2,4,4,4,4,4,4,4,2,2,4,4,4,4,2,4,2,2,6,6,6,6,2,2,2,2,4,4,4,4,4,4,4,4,4,4,4,4,4,4,2,2,2,2,2,2,2,2,4,4,2,2,2,2,2,4,2,2,4,4,4,4,4,4,2,2,2,2,4,4,4,4,4,4,4,6,6,2,4,4,4,4,4,4,4,2,2,2,2,4,4,4,4,4,2,2,2,2,2,2,2,2,2,2,4,4,4,4,6,6,6,6,4,4,4,4,4,4,4,4,4,4,2,2,6,6,4,4,4,4,4,4,4,4,4,6,6,4,4,4,4,4,4,4,4,4,2,2,2,2,4,4,4,4,6,6,4,4,4,4,4,4,4,4,4,6,6,4,4,4,4,4,2,4,4,4,4,6,6,4,4,6,6,6,6,4,4,4,4,4,4,4,4,4,4,4,6,6,4,4,4,4,4,4,4,4,4,4,4,4,4,4,2,2,2,2,2,6,6,2,2,4,4,2,2,2,2,4,4,4,4,4,4,4,4,4,4,2,2,2,2,2,2,6,6,4,4,2,4,4,4,4,4,4,4,4,4,4,4,4,4,2,2,6,6,6,6,4,4,4,4,4,4,4,2,2,2,2,2,2,2,4,4,4,4,2,2,4,4,4,4,4,4,4,4,4,4,4,4,4,2,2,2,2,2,2,2,2,2,2,4,4,4,4,4,2,2,2,2,2,2,2,2,4,4,4,2,2,2,2,2,2,4,4,4,4,2,4,4,2,2,4,4,4,4,4,4,4,4,4,4,4,4,4,4,2,2,2,2,2,2,2,2,2,2,2,4,4,4,4,4,2,2,2,2,2,2,2,2,2,2,2,2,2,2,2,2,2,2,2,2,2,2,2,2,2,2,2,2,2,2,2,2,2,2,2,2,2,2,4,4,2,2,2,2,4,2,2,4,4,2,2,2,2,2,2,2,2,2,2,2,2,2,2,2,2,2,2,2,2,2,2,2,4,2]",1.0,1.0,1.0,1.0,1.0,0.0,0.0,0.0,0.080590908400813,1.0,24.707314839060015,0.0032618238333777,1.0,0.0,0.080590908400813,0.0,0.0,0.0,0.000402954542004,100,0.01,1.0,207500,7056,7.68255450000288,0.021700375014916,38.15590070799226,0.9999999645426164,3.545738369581386e-08,0.9999996148689916,7.091476617038239e-08,0.9999996148689848,0.1881787259520621,0.0002662982677217,4.830580380144056e-13,4.830580380144056e-13,1e-12,analysis/fermionic_structure_ablation_extension_hgbs5.csv,3.545739735155706e-08,1.0,0.9999996148689915
success,,BeH2_s-1.00_hgbs-5_as-006-012,hamiltonian_generator/polyatomic_library/BeH2/s-1.00/hgbs-5/BeH2_s-1.00_hgbs-5_as-006-012.tensors.npz,BeH2,s-1.00,hgbs-5,6,12,18,1131,2075,1378,0.6640963855421687,0,signed_parent_within_randomized,4,1980349938,"reference signed-fermionic parent-block order kept fixed and contiguous, but Pauli descendants randomly permuted inside each parent-owned block",2f2542e4fdf4e620,f574032b335bcbba,"[1,1,1,1,1,1,1,1,1,1,1,1,1,1,1,1,1,1,1,1,1,1,1,1,1,1,1,2,2,2,2,1,1,1,1,1,1,1,1,1,1,1,1,1,1,1,1,1,1,1,1,1,1,1,1,1,1,1,1,1,1,1,1,1,1,1,1,1,1,1,1,1,1,1,1,1,1,1,1,1,4,4,1,1,1,1,1,1,1,1,1,1,1,1,1,1,1,1,1,1,1,1,1,1,1,1,1,1,1,1,1,1,1,1,1,1,1,1,1,1,1,1,1,1,1,1,1,1,1,1,1,1,1,1,1,1,1,1,1,1,1,1,1,1,1,1,1,1,1,1,1,1,1,1,1,1,1,1,1,1,1,1,1,1,1,1,1,1,1,1,1,1,1,2,2,2,2,1,1,1,1,2,2,2,2,2,2,2,2,2,2,2,2,2,2,2,2,2,2,2,2,4,2,2,2,2,2,2,2,2,4,2,2,2,2,2,2,2,2,4,4,4,4,4,4,4,2,2,4,2,2,2,2,2,4,4,2,2,4,4,4,4,2,2,4,4,4,4,6,6,4,4,4,4,4,4,4,4,4,4,4,2,2,2,2,4,4,4,4,2,2,2,2,4,4,4,2,2,2,2,2,2,6,6,6,6,4,4,4,4,4,2,2,4,4,4,2,2,4,4,4,4,4,4,2,4,4,2,2,2,4,2,2,2,2,2,2,4,4,4,4,4,4,4,2,2,4,4,4,4,2,4,2,2,6,6,6,6,2,2,2,2,4,4,4,4,4,4,4,4,4,4,4,4,4,4,2,2,2,2,2,2,2,2,4,4,2,2,2,2,2,4,2,2,4,4,4,4,4,4,2,2,2,2,4,4,4,4,4,4,4,6,6,2,4,4,4,4,4,4,4,2,2,2,2,4,4,4,4,4,2,2,2,2,2,2,2,2,2,2,4,4,4,4,6,6,6,6,4,4,4,4,4,4,4,4,4,4,2,2,6,6,4,4,4,4,4,4,4,4,4,6,6,4,4,4,4,4,4,4,4,4,2,2,2,2,4,4,4,4,6,6,4,4,4,4,4,4,4,4,4,6,6,4,4,4,4,4,2,4,4,4,4,6,6,4,4,6,6,6,6,4,4,4,4,4,4,4,4,4,4,4,6,6,4,4,4,4,4,4,4,4,4,4,4,4,4,4,2,2,2,2,2,6,6,2,2,4,4,2,2,2,2,4,4,4,4,4,4,4,4,4,4,2,2,2,2,2,2,6,6,4,4,2,4,4,4,4,4,4,4,4,4,4,4,4,4,2,2,6,6,6,6,4,4,4,4,4,4,4,2,2,2,2,2,2,2,4,4,4,4,2,2,4,4,4,4,4,4,4,4,4,4,4,4,4,2,2,2,2,2,2,2,2,2,2,4,4,4,4,4,2,2,2,2,2,2,2,2,4,4,4,2,2,2,2,2,2,4,4,4,4,2,4,4,2,2,4,4,4,4,4,4,4,4,4,4,4,4,4,4,2,2,2,2,2,2,2,2,2,2,2,4,4,4,4,4,2,2,2,2,2,2,2,2,2,2,2,2,2,2,2,2,2,2,2,2,2,2,2,2,2,2,2,2,2,2,2,2,2,2,2,2,2,2,4,4,2,2,2,2,4,2,2,4,4,2,2,2,2,2,2,2,2,2,2,2,2,2,2,2,2,2,2,2,2,2,2,2,4,2]",1.0,1.0,1.0,1.0,1.0,0.0,0.0,0.0,0.080590908400813,1.0,24.707314839060015,0.0032618238333777,1.0,0.0,0.080590908400813,0.0,0.0,0.0,0.000402954542004,100,0.01,1.0,207500,7056,7.68255450000288,0.021700375014916,38.18978600000264,0.999999964542604,3.545739601928943e-08,0.9999999624262432,7.091479081733354e-08,0.9999999624262425,0.1881787259521287,0.0002662983139987,5.074829445561592e-13,5.075939668586217e-13,1e-12,analysis/fermionic_structure_ablation_extension_hgbs5.csv,3.545739735155706e-08,1.0,0.9999999624262431
success,,BeH2_s-1.00_hgbs-5_as-006-012,hamiltonian_generator/polyatomic_library/BeH2/s-1.00/hgbs-5/BeH2_s-1.00_hgbs-5_as-006-012.tensors.npz,BeH2,s-1.00,hgbs-5,6,12,18,1131,2075,1378,0.6640963855421687,0,signed_parent_within_randomized,5,3741493485,"reference signed-fermionic parent-block order kept fixed and contiguous, but Pauli descendants randomly permuted inside each parent-owned block",2f2542e4fdf4e620,4d6d1fb823f09423,"[1,1,1,1,1,1,1,1,1,1,1,1,1,1,1,1,1,1,1,1,1,1,1,1,1,1,1,2,2,2,2,1,1,1,1,1,1,1,1,1,1,1,1,1,1,1,1,1,1,1,1,1,1,1,1,1,1,1,1,1,1,1,1,1,1,1,1,1,1,1,1,1,1,1,1,1,1,1,1,1,4,4,1,1,1,1,1,1,1,1,1,1,1,1,1,1,1,1,1,1,1,1,1,1,1,1,1,1,1,1,1,1,1,1,1,1,1,1,1,1,1,1,1,1,1,1,1,1,1,1,1,1,1,1,1,1,1,1,1,1,1,1,1,1,1,1,1,1,1,1,1,1,1,1,1,1,1,1,1,1,1,1,1,1,1,1,1,1,1,1,1,1,1,2,2,2,2,1,1,1,1,2,2,2,2,2,2,2,2,2,2,2,2,2,2,2,2,2,2,2,2,4,2,2,2,2,2,2,2,2,4,2,2,2,2,2,2,2,2,4,4,4,4,4,4,4,2,2,4,2,2,2,2,2,4,4,2,2,4,4,4,4,2,2,4,4,4,4,6,6,4,4,4,4,4,4,4,4,4,4,4,2,2,2,2,4,4,4,4,2,2,2,2,4,4,4,2,2,2,2,2,2,6,6,6,6,4,4,4,4,4,2,2,4,4,4,2,2,4,4,4,4,4,4,2,4,4,2,2,2,4,2,2,2,2,2,2,4,4,4,4,4,4,4,2,2,4,4,4,4,2,4,2,2,6,6,6,6,2,2,2,2,4,4,4,4,4,4,4,4,4,4,4,4,4,4,2,2,2,2,2,2,2,2,4,4,2,2,2,2,2,4,2,2,4,4,4,4,4,4,2,2,2,2,4,4,4,4,4,4,4,6,6,2,4,4,4,4,4,4,4,2,2,2,2,4,4,4,4,4,2,2,2,2,2,2,2,2,2,2,4,4,4,4,6,6,6,6,4,4,4,4,4,4,4,4,4,4,2,2,6,6,4,4,4,4,4,4,4,4,4,6,6,4,4,4,4,4,4,4,4,4,2,2,2,2,4,4,4,4,6,6,4,4,4,4,4,4,4,4,4,6,6,4,4,4,4,4,2,4,4,4,4,6,6,4,4,6,6,6,6,4,4,4,4,4,4,4,4,4,4,4,6,6,4,4,4,4,4,4,4,4,4,4,4,4,4,4,2,2,2,2,2,6,6,2,2,4,4,2,2,2,2,4,4,4,4,4,4,4,4,4,4,2,2,2,2,2,2,6,6,4,4,2,4,4,4,4,4,4,4,4,4,4,4,4,4,2,2,6,6,6,6,4,4,4,4,4,4,4,2,2,2,2,2,2,2,4,4,4,4,2,2,4,4,4,4,4,4,4,4,4,4,4,4,4,2,2,2,2,2,2,2,2,2,2,4,4,4,4,4,2,2,2,2,2,2,2,2,4,4,4,2,2,2,2,2,2,4,4,4,4,2,4,4,2,2,4,4,4,4,4,4,4,4,4,4,4,4,4,4,2,2,2,2,2,2,2,2,2,2,2,4,4,4,4,4,2,2,2,2,2,2,2,2,2,2,2,2,2,2,2,2,2,2,2,2,2,2,2,2,2,2,2,2,2,2,2,2,2,2,2,2,2,2,4,4,2,2,2,2,4,2,2,4,4,2,2,2,2,2,2,2,2,2,2,2,2,2,2,2,2,2,2,2,2,2,2,2,4,2]",1.0,1.0,1.0,1.0,1.0,0.0,0.0,0.0,0.080590908400813,1.0,24.707314839060015,0.0032618238333777,1.0,0.0,0.080590908400813,0.0,0.0,0.0,0.000402954542004,100,0.01,1.0,207500,7056,7.68255450000288,0.021700375014916,38.168930542015005,0.9999999645426156,3.5457384361947675e-08,0.99999963365587,7.091476750265002e-08,0.9999996336558636,0.1881787259520662,0.0002662982702232,4.846123502488808e-13,4.846123502488808e-13,1e-12,analysis/fermionic_structure_ablation_extension_hgbs5.csv,3.545739735155706e-08,1.0,0.9999996336558699
success,,BeH2_s-1.00_hgbs-5_as-006-012,hamiltonian_generator/polyatomic_library/BeH2/s-1.00/hgbs-5/BeH2_s-1.00_hgbs-5_as-006-012.tensors.npz,BeH2,s-1.00,hgbs-5,6,12,18,1131,2075,1378,0.6640963855421687,0,signed_parent_within_randomized,6,2614886431,"reference signed-fermionic parent-block order kept fixed and contiguous, but Pauli descendants randomly permuted inside each parent-owned block",2f2542e4fdf4e620,861301f21865466f,"[1,1,1,1,1,1,1,1,1,1,1,1,1,1,1,1,1,1,1,1,1,1,1,1,1,1,1,2,2,2,2,1,1,1,1,1,1,1,1,1,1,1,1,1,1,1,1,1,1,1,1,1,1,1,1,1,1,1,1,1,1,1,1,1,1,1,1,1,1,1,1,1,1,1,1,1,1,1,1,1,4,4,1,1,1,1,1,1,1,1,1,1,1,1,1,1,1,1,1,1,1,1,1,1,1,1,1,1,1,1,1,1,1,1,1,1,1,1,1,1,1,1,1,1,1,1,1,1,1,1,1,1,1,1,1,1,1,1,1,1,1,1,1,1,1,1,1,1,1,1,1,1,1,1,1,1,1,1,1,1,1,1,1,1,1,1,1,1,1,1,1,1,1,2,2,2,2,1,1,1,1,2,2,2,2,2,2,2,2,2,2,2,2,2,2,2,2,2,2,2,2,4,2,2,2,2,2,2,2,2,4,2,2,2,2,2,2,2,2,4,4,4,4,4,4,4,2,2,4,2,2,2,2,2,4,4,2,2,4,4,4,4,2,2,4,4,4,4,6,6,4,4,4,4,4,4,4,4,4,4,4,2,2,2,2,4,4,4,4,2,2,2,2,4,4,4,2,2,2,2,2,2,6,6,6,6,4,4,4,4,4,2,2,4,4,4,2,2,4,4,4,4,4,4,2,4,4,2,2,2,4,2,2,2,2,2,2,4,4,4,4,4,4,4,2,2,4,4,4,4,2,4,2,2,6,6,6,6,2,2,2,2,4,4,4,4,4,4,4,4,4,4,4,4,4,4,2,2,2,2,2,2,2,2,4,4,2,2,2,2,2,4,2,2,4,4,4,4,4,4,2,2,2,2,4,4,4,4,4,4,4,6,6,2,4,4,4,4,4,4,4,2,2,2,2,4,4,4,4,4,2,2,2,2,2,2,2,2,2,2,4,4,4,4,6,6,6,6,4,4,4,4,4,4,4,4,4,4,2,2,6,6,4,4,4,4,4,4,4,4,4,6,6,4,4,4,4,4,4,4,4,4,2,2,2,2,4,4,4,4,6,6,4,4,4,4,4,4,4,4,4,6,6,4,4,4,4,4,2,4,4,4,4,6,6,4,4,6,6,6,6,4,4,4,4,4,4,4,4,4,4,4,6,6,4,4,4,4,4,4,4,4,4,4,4,4,4,4,2,2,2,2,2,6,6,2,2,4,4,2,2,2,2,4,4,4,4,4,4,4,4,4,4,2,2,2,2,2,2,6,6,4,4,2,4,4,4,4,4,4,4,4,4,4,4,4,4,2,2,6,6,6,6,4,4,4,4,4,4,4,2,2,2,2,2,2,2,4,4,4,4,2,2,4,4,4,4,4,4,4,4,4,4,4,4,4,2,2,2,2,2,2,2,2,2,2,4,4,4,4,4,2,2,2,2,2,2,2,2,4,4,4,2,2,2,2,2,2,4,4,4,4,2,4,4,2,2,4,4,4,4,4,4,4,4,4,4,4,4,4,4,2,2,2,2,2,2,2,2,2,2,2,4,4,4,4,4,2,2,2,2,2,2,2,2,2,2,2,2,2,2,2,2,2,2,2,2,2,2,2,2,2,2,2,2,2,2,2,2,2,2,2,2,2,2,4,4,2,2,2,2,4,2,2,4,4,2,2,2,2,2,2,2,2,2,2,2,2,2,2,2,2,2,2,2,2,2,2,2,4,2]",1.0,1.0,1.0,1.0,1.0,0.0,0.0,0.0,0.080590908400813,1.0,24.707314839060015,0.0032618238333777,1.0,0.0,0.080590908400813,0.0,0.0,0.0,0.000402954542004,100,0.01,1.0,207500,7056,7.68255450000288,0.021700375014916,38.16573504198459,0.9999999645426084,3.5457391689419644e-08,0.999999840311533,7.091478215759396e-08,0.9999998403115304,0.1881787259521081,0.0002662982977392,4.991562718714704e-13,4.992672941739329e-13,1e-12,analysis/fermionic_structure_ablation_extension_hgbs5.csv,3.545739735155706e-08,1.0,0.9999998403115332
success,,BeH2_s-1.00_hgbs-5_as-006-012,hamiltonian_generator/polyatomic_library/BeH2/s-1.00/hgbs-5/BeH2_s-1.00_hgbs-5_as-006-012.tensors.npz,BeH2,s-1.00,hgbs-5,6,12,18,1131,2075,1378,0.6640963855421687,0,signed_parent_within_randomized,7,1155584423,"reference signed-fermionic parent-block order kept fixed and contiguous, but Pauli descendants randomly permuted inside each parent-owned block",2f2542e4fdf4e620,d0a559cf85929c9a,"[1,1,1,1,1,1,1,1,1,1,1,1,1,1,1,1,1,1,1,1,1,1,1,1,1,1,1,2,2,2,2,1,1,1,1,1,1,1,1,1,1,1,1,1,1,1,1,1,1,1,1,1,1,1,1,1,1,1,1,1,1,1,1,1,1,1,1,1,1,1,1,1,1,1,1,1,1,1,1,1,4,4,1,1,1,1,1,1,1,1,1,1,1,1,1,1,1,1,1,1,1,1,1,1,1,1,1,1,1,1,1,1,1,1,1,1,1,1,1,1,1,1,1,1,1,1,1,1,1,1,1,1,1,1,1,1,1,1,1,1,1,1,1,1,1,1,1,1,1,1,1,1,1,1,1,1,1,1,1,1,1,1,1,1,1,1,1,1,1,1,1,1,1,2,2,2,2,1,1,1,1,2,2,2,2,2,2,2,2,2,2,2,2,2,2,2,2,2,2,2,2,4,2,2,2,2,2,2,2,2,4,2,2,2,2,2,2,2,2,4,4,4,4,4,4,4,2,2,4,2,2,2,2,2,4,4,2,2,4,4,4,4,2,2,4,4,4,4,6,6,4,4,4,4,4,4,4,4,4,4,4,2,2,2,2,4,4,4,4,2,2,2,2,4,4,4,2,2,2,2,2,2,6,6,6,6,4,4,4,4,4,2,2,4,4,4,2,2,4,4,4,4,4,4,2,4,4,2,2,2,4,2,2,2,2,2,2,4,4,4,4,4,4,4,2,2,4,4,4,4,2,4,2,2,6,6,6,6,2,2,2,2,4,4,4,4,4,4,4,4,4,4,4,4,4,4,2,2,2,2,2,2,2,2,4,4,2,2,2,2,2,4,2,2,4,4,4,4,4,4,2,2,2,2,4,4,4,4,4,4,4,6,6,2,4,4,4,4,4,4,4,2,2,2,2,4,4,4,4,4,2,2,2,2,2,2,2,2,2,2,4,4,4,4,6,6,6,6,4,4,4,4,4,4,4,4,4,4,2,2,6,6,4,4,4,4,4,4,4,4,4,6,6,4,4,4,4,4,4,4,4,4,2,2,2,2,4,4,4,4,6,6,4,4,4,4,4,4,4,4,4,6,6,4,4,4,4,4,2,4,4,4,4,6,6,4,4,6,6,6,6,4,4,4,4,4,4,4,4,4,4,4,6,6,4,4,4,4,4,4,4,4,4,4,4,4,4,4,2,2,2,2,2,6,6,2,2,4,4,2,2,2,2,4,4,4,4,4,4,4,4,4,4,2,2,2,2,2,2,6,6,4,4,2,4,4,4,4,4,4,4,4,4,4,4,4,4,2,2,6,6,6,6,4,4,4,4,4,4,4,2,2,2,2,2,2,2,4,4,4,4,2,2,4,4,4,4,4,4,4,4,4,4,4,4,4,2,2,2,2,2,2,2,2,2,2,4,4,4,4,4,2,2,2,2,2,2,2,2,4,4,4,2,2,2,2,2,2,4,4,4,4,2,4,4,2,2,4,4,4,4,4,4,4,4,4,4,4,4,4,4,2,2,2,2,2,2,2,2,2,2,2,4,4,4,4,4,2,2,2,2,2,2,2,2,2,2,2,2,2,2,2,2,2,2,2,2,2,2,2,2,2,2,2,2,2,2,2,2,2,2,2,2,2,2,4,4,2,2,2,2,4,2,2,4,4,2,2,2,2,2,2,2,2,2,2,2,2,2,2,2,2,2,2,2,2,2,2,2,4,2]",1.0,1.0,1.0,1.0,1.0,0.0,0.0,0.0,0.080590908400813,1.0,24.707314839060015,0.0032618238333777,1.0,0.0,0.080590908400813,0.0,0.0,0.0,0.000402954542004,100,0.01,1.0,207500,7056,7.68255450000288,0.021700375014916,38.17530716699548,0.9999999645426184,3.545738147536781e-08,0.9999995522460632,7.09147617294903e-08,0.9999995522460556,0.1881787259520526,0.0002662982593836,4.7839510131098e-13,4.7839510131098e-13,1e-12,analysis/fermionic_structure_ablation_extension_hgbs5.csv,3.545739735155706e-08,1.0,0.9999995522460632
success,,BeH2_s-1.00_hgbs-5_as-006-012,hamiltonian_generator/polyatomic_library/BeH2/s-1.00/hgbs-5/BeH2_s-1.00_hgbs-5_as-006-012.tensors.npz,BeH2,s-1.00,hgbs-5,6,12,18,1131,2075,1378,0.6640963855421687,0,signed_parent_within_randomized,8,2549326704,"reference signed-fermionic parent-block order kept fixed and contiguous, but Pauli descendants randomly permuted inside each parent-owned block",2f2542e4fdf4e620,450d1b5f1021b934,"[1,1,1,1,1,1,1,1,1,1,1,1,1,1,1,1,1,1,1,1,1,1,1,1,1,1,1,2,2,2,2,1,1,1,1,1,1,1,1,1,1,1,1,1,1,1,1,1,1,1,1,1,1,1,1,1,1,1,1,1,1,1,1,1,1,1,1,1,1,1,1,1,1,1,1,1,1,1,1,1,4,4,1,1,1,1,1,1,1,1,1,1,1,1,1,1,1,1,1,1,1,1,1,1,1,1,1,1,1,1,1,1,1,1,1,1,1,1,1,1,1,1,1,1,1,1,1,1,1,1,1,1,1,1,1,1,1,1,1,1,1,1,1,1,1,1,1,1,1,1,1,1,1,1,1,1,1,1,1,1,1,1,1,1,1,1,1,1,1,1,1,1,1,2,2,2,2,1,1,1,1,2,2,2,2,2,2,2,2,2,2,2,2,2,2,2,2,2,2,2,2,4,2,2,2,2,2,2,2,2,4,2,2,2,2,2,2,2,2,4,4,4,4,4,4,4,2,2,4,2,2,2,2,2,4,4,2,2,4,4,4,4,2,2,4,4,4,4,6,6,4,4,4,4,4,4,4,4,4,4,4,2,2,2,2,4,4,4,4,2,2,2,2,4,4,4,2,2,2,2,2,2,6,6,6,6,4,4,4,4,4,2,2,4,4,4,2,2,4,4,4,4,4,4,2,4,4,2,2,2,4,2,2,2,2,2,2,4,4,4,4,4,4,4,2,2,4,4,4,4,2,4,2,2,6,6,6,6,2,2,2,2,4,4,4,4,4,4,4,4,4,4,4,4,4,4,2,2,2,2,2,2,2,2,4,4,2,2,2,2,2,4,2,2,4,4,4,4,4,4,2,2,2,2,4,4,4,4,4,4,4,6,6,2,4,4,4,4,4,4,4,2,2,2,2,4,4,4,4,4,2,2,2,2,2,2,2,2,2,2,4,4,4,4,6,6,6,6,4,4,4,4,4,4,4,4,4,4,2,2,6,6,4,4,4,4,4,4,4,4,4,6,6,4,4,4,4,4,4,4,4,4,2,2,2,2,4,4,4,4,6,6,4,4,4,4,4,4,4,4,4,6,6,4,4,4,4,4,2,4,4,4,4,6,6,4,4,6,6,6,6,4,4,4,4,4,4,4,4,4,4,4,6,6,4,4,4,4,4,4,4,4,4,4,4,4,4,4,2,2,2,2,2,6,6,2,2,4,4,2,2,2,2,4,4,4,4,4,4,4,4,4,4,2,2,2,2,2,2,6,6,4,4,2,4,4,4,4,4,4,4,4,4,4,4,4,4,2,2,6,6,6,6,4,4,4,4,4,4,4,2,2,2,2,2,2,2,4,4,4,4,2,2,4,4,4,4,4,4,4,4,4,4,4,4,4,2,2,2,2,2,2,2,2,2,2,4,4,4,4,4,2,2,2,2,2,2,2,2,4,4,4,2,2,2,2,2,2,4,4,4,4,2,4,4,2,2,4,4,4,4,4,4,4,4,4,4,4,4,4,4,2,2,2,2,2,2,2,2,2,2,2,4,4,4,4,4,2,2,2,2,2,2,2,2,2,2,2,2,2,2,2,2,2,2,2,2,2,2,2,2,2,2,2,2,2,2,2,2,2,2,2,2,2,2,4,4,2,2,2,2,4,2,2,4,4,2,2,2,2,2,2,2,2,2,2,2,2,2,2,2,2,2,2,2,2,2,2,2,4,2]",1.0,1.0,1.0,1.0,1.0,0.0,0.0,0.0,0.080590908400813,1.0,24.707314839060015,0.0032618238333777,1.0,0.0,0.080590908400813,0.0,0.0,0.0,0.000402954542004,100,0.01,1.0,207500,7056,7.68255450000288,0.021700375014916,38.095671916002175,0.999999964542616,3.5457383917858465e-08,0.9999996211312844,7.09147666144716e-08,0.9999996211312776,0.1881787259520591,0.0002662982685556,4.833911049217933e-13,4.835021272242557e-13,1e-12,analysis/fermionic_structure_ablation_extension_hgbs5.csv,3.545739735155706e-08,1.0,0.9999996211312843
success,,BeH2_s-1.00_hgbs-5_as-006-012,hamiltonian_generator/polyatomic_library/BeH2/s-1.00/hgbs-5/BeH2_s-1.00_hgbs-5_as-006-012.tensors.npz,BeH2,s-1.00,hgbs-5,6,12,18,1131,2075,1378,0.6640963855421687,0,signed_parent_within_randomized,9,1285241487,"reference signed-fermionic parent-block order kept fixed and contiguous, but Pauli descendants randomly permuted inside each parent-owned block",2f2542e4fdf4e620,590fb5f2df4a22a3,"[1,1,1,1,1,1,1,1,1,1,1,1,1,1,1,1,1,1,1,1,1,1,1,1,1,1,1,2,2,2,2,1,1,1,1,1,1,1,1,1,1,1,1,1,1,1,1,1,1,1,1,1,1,1,1,1,1,1,1,1,1,1,1,1,1,1,1,1,1,1,1,1,1,1,1,1,1,1,1,1,4,4,1,1,1,1,1,1,1,1,1,1,1,1,1,1,1,1,1,1,1,1,1,1,1,1,1,1,1,1,1,1,1,1,1,1,1,1,1,1,1,1,1,1,1,1,1,1,1,1,1,1,1,1,1,1,1,1,1,1,1,1,1,1,1,1,1,1,1,1,1,1,1,1,1,1,1,1,1,1,1,1,1,1,1,1,1,1,1,1,1,1,1,2,2,2,2,1,1,1,1,2,2,2,2,2,2,2,2,2,2,2,2,2,2,2,2,2,2,2,2,4,2,2,2,2,2,2,2,2,4,2,2,2,2,2,2,2,2,4,4,4,4,4,4,4,2,2,4,2,2,2,2,2,4,4,2,2,4,4,4,4,2,2,4,4,4,4,6,6,4,4,4,4,4,4,4,4,4,4,4,2,2,2,2,4,4,4,4,2,2,2,2,4,4,4,2,2,2,2,2,2,6,6,6,6,4,4,4,4,4,2,2,4,4,4,2,2,4,4,4,4,4,4,2,4,4,2,2,2,4,2,2,2,2,2,2,4,4,4,4,4,4,4,2,2,4,4,4,4,2,4,2,2,6,6,6,6,2,2,2,2,4,4,4,4,4,4,4,4,4,4,4,4,4,4,2,2,2,2,2,2,2,2,4,4,2,2,2,2,2,4,2,2,4,4,4,4,4,4,2,2,2,2,4,4,4,4,4,4,4,6,6,2,4,4,4,4,4,4,4,2,2,2,2,4,4,4,4,4,2,2,2,2,2,2,2,2,2,2,4,4,4,4,6,6,6,6,4,4,4,4,4,4,4,4,4,4,2,2,6,6,4,4,4,4,4,4,4,4,4,6,6,4,4,4,4,4,4,4,4,4,2,2,2,2,4,4,4,4,6,6,4,4,4,4,4,4,4,4,4,6,6,4,4,4,4,4,2,4,4,4,4,6,6,4,4,6,6,6,6,4,4,4,4,4,4,4,4,4,4,4,6,6,4,4,4,4,4,4,4,4,4,4,4,4,4,4,2,2,2,2,2,6,6,2,2,4,4,2,2,2,2,4,4,4,4,4,4,4,4,4,4,2,2,2,2,2,2,6,6,4,4,2,4,4,4,4,4,4,4,4,4,4,4,4,4,2,2,6,6,6,6,4,4,4,4,4,4,4,2,2,2,2,2,2,2,4,4,4,4,2,2,4,4,4,4,4,4,4,4,4,4,4,4,4,2,2,2,2,2,2,2,2,2,2,4,4,4,4,4,2,2,2,2,2,2,2,2,4,4,4,2,2,2,2,2,2,4,4,4,4,2,4,4,2,2,4,4,4,4,4,4,4,4,4,4,4,4,4,4,2,2,2,2,2,2,2,2,2,2,2,4,4,4,4,4,2,2,2,2,2,2,2,2,2,2,2,2,2,2,2,2,2,2,2,2,2,2,2,2,2,2,2,2,2,2,2,2,2,2,2,2,2,2,4,4,2,2,2,2,4,2,2,4,4,2,2,2,2,2,2,2,2,2,2,2,2,2,2,2,2,2,2,2,2,2,2,2,4,2]",1.0,1.0,1.0,1.0,1.0,0.0,0.0,0.0,0.080590908400813,1.0,24.707314839060015,0.0032618238333777,1.0,0.0,0.080590908400813,0.0,0.0,0.0,0.000402954542004,100,0.01,1.0,207500,7056,7.68255450000288,0.021700375014916,38.16800708399387,0.9999999645426128,3.5457387137505236e-08,0.9999997119345302,7.091477305376516e-08,0.9999997119345252,0.1881787259520797,0.0002662982806459,4.89608353859694e-13,4.897193761621565e-13,1e-12,analysis/fermionic_structure_ablation_extension_hgbs5.csv,3.545739735155706e-08,1.0,0.9999997119345302
success,,H2O_s-1.00_hgbs-5_as-008-010,hamiltonian_generator/polyatomic_library/H2O/s-1.00/hgbs-5/H2O_s-1.00_hgbs-5_as-008-010.tensors.npz,H2O,s-1.00,hgbs-5,8,10,18,1367,2563,1770,0.6905969566913773,0,fermionic_magnitude_reference,-1,-1,complete Hermitian fermionic terms ordered by decreasing absolute canonical coefficient magnitude; final combined JW Pauli order induced by first occurrence,7a9ae0b7122167b6,2911610837b9aadc,"[1,1,1,1,1,1,1,1,1,1,1,1,1,1,1,1,1,1,1,1,1,1,1,1,1,1,1,1,1,1,1,1,1,1,1,1,1,1,1,1,1,1,1,1,1,1,2,2,2,2,1,1,1,1,1,1,1,1,1,1,1,1,1,1,1,1,1,1,1,1,1,1,1,1,1,1,1,1,1,1,4,1,1,1,4,1,1,1,4,1,1,1,1,1,1,1,1,1,1,1,1,1,1,1,1,1,1,1,1,1,1,1,1,1,1,1,1,1,1,1,1,1,1,1,1,1,1,1,1,1,1,1,1,1,1,1,1,1,1,1,1,1,1,1,1,1,1,1,1,1,1,1,1,1,1,1,1,1,1,1,1,1,1,1,1,1,4,1,1,1,1,1,1,1,1,1,1,1,1,4,4,2,2,2,2,4,4,4,2,4,2,2,2,2,2,2,2,2,2,2,2,2,2,2,2,2,2,2,2,4,4,2,2,2,2,2,2,2,2,2,2,2,2,2,2,2,2,2,2,2,2,2,2,2,2,2,2,4,2,4,2,4,2,2,2,2,4,4,2,2,4,2,4,2,2,4,4,4,2,4,4,4,4,2,2,6,6,2,2,4,4,2,2,4,4,2,2,2,2,2,2,2,2,2,2,2,2,2,2,2,2,4,4,4,2,2,2,4,4,4,4,2,4,4,4,4,4,4,4,4,4,4,4,2,2,4,4,4,4,4,4,4,4,4,6,6,6,6,6,6,4,4,4,4,4,4,4,4,4,4,4,4,4,6,6,2,2,4,4,4,4,4,6,6,6,6,4,4,2,2,4,4,4,4,2,2,6,6,4,2,2,4,4,4,4,4,4,4,2,2,6,6,4,4,4,4,4,6,6,4,4,4,2,2,4,4,4,4,4,4,4,6,6,4,2,4,4,4,4,4,6,6,4,4,4,4,4,4,4,2,2,4,4,4,4,4,4,2,4,4,4,6,6,4,4,4,4,4,4,6,6,6,6,4,4,4,4,4,6,6,4,6,6,4,4,2,2,4,4,4,4,2,2,6,6,4,4,4,4,4,4,4,6,6,4,4,4,4,4,4,4,4,4,4,4,4,4,4,4,4,4,4,2,2,4,4,2,4,2,4,4,4,4,4,4,4,4,4,4,4,4,4,4,4,6,6,6,6,6,6,4,4,4,6,6,4,4,4,4,6,6,2,2,2,2,4,4,4,4,4,4,2,2,2,2,4,2,2,2,2,6,6,4,4,4,4,4,4,2,2,2,2,4,4,4,2,2,4,4,4,4,4,4,4,4,4,4,4,4,2,2,2,2,4,4,4,2,2,2,2,2,4,4,4,2,2,4,4,4,4,2,4,4,4,4,4,2,2,2,4,4,4,4,4,4,4,4,4,4,4,4,4,4,4,4,2,2,4,2,2,4,2,4,4,4,4,4,4,2,2,2,4,4,2,2,4,2,2,2,2,2,4,4,4,2,2,2,2,4,4,2,4,4,4,4,4,4,6,6,2,2,2,4,2,2,2,2,4,4,4,4,4,4,4,4,2,2,2,2,2,2,2,2,4,2,2,4,2,2,4,2,2,2,2,4,2,2,4,4,2,2,4,4,4,2,2,4,2,2,2,2,6,6,4,4,4,4,2,2,4,2,4,4,4,4,4,2,2,4,4,2,2,4,2,2,4,4,4,2,2,6,6,4,4,4,4,2,2,2,2,2,2,2,2,4,4,4,4,4,4,4,2,2,4,4,4,4,2,2,2,2,2,4,4,4,4,4,4,4,4,4,4,4,2,4,4,4,4,4,4,4,4,4,4,2,2,2,2,4,4,4,4,2,2,4,4,4,4,4,4,4,4,2,2,2,2,2,2,2,2,2,2,4,2,2,4,2,2,2,2,2,2,2,2,2,2,2,2,2,2,2,2,2,2,2,2,2,2,2,2,2,2,2,2,2,2,2,2,2,2,2,2,2,2,2,2,2,2,2,2,2,2,2,2,2,2,2,2,2,2,2,2,2,2,2]",1.017877094972067,2.0,0.982122905027933,2.542458100558659,3.1545064377682404,0.2510444249450609,0.0569223884713275,0.0569223884713275,0.3862021832486144,10.07570926963906,41.18633489559596,0.0093769495204563,10.075709269639058,0.0,0.3862021832486144,0.0,0.0,0.0,0.001931010916243,100,0.01,1.0,256300,15876,27.782404166995548,0.08765158301685,45.88763724997989,0.9999982822524532,1.7177475467589076e-06,133.21588981549556,3.4354921428780827e-06,133.21577597401588,1.124265602701501,0.0018535088598433,6.63136212608606e-13,6.632472349110685e-13,1e-12,analysis/fermionic_structure_ablation_extension_hgbs5.csv,1.2894464385126982e-08,101.51991728629046,133.21588981549556
success,,H2O_s-1.00_hgbs-5_as-008-010,hamiltonian_generator/polyatomic_library/H2O/s-1.00/hgbs-5/H2O_s-1.00_hgbs-5_as-008-010.tensors.npz,H2O,s-1.00,hgbs-5,8,10,18,1367,2563,1770,0.6905969566913773,0,fermionic_signed_reference,-1,-1,complete Hermitian fermionic terms ordered by increasing signed canonical coefficient; final combined JW Pauli order induced by first occurrence,fb24c603e4ec6703,605153d7d565324a,"[1,1,1,1,1,1,1,1,1,1,1,1,1,1,1,1,1,1,1,1,1,1,1,1,1,1,1,1,1,1,1,1,1,1,1,1,1,1,1,1,1,1,1,1,1,1,2,2,2,2,1,1,1,1,1,1,1,1,1,1,1,1,1,1,1,1,1,1,1,1,1,1,1,1,1,1,1,1,1,1,4,1,1,1,4,1,1,1,4,1,1,1,1,1,1,1,1,1,1,1,1,1,1,1,1,1,1,1,1,1,1,1,1,1,1,1,1,1,1,1,1,1,1,1,1,1,1,1,1,1,1,1,1,1,1,1,1,1,1,1,1,1,1,1,1,1,1,1,1,1,1,1,1,1,1,1,1,1,1,1,1,1,1,1,1,1,4,1,1,1,1,1,1,1,1,1,1,1,1,4,4,2,2,2,2,4,4,4,2,4,2,2,2,2,2,2,2,2,2,2,2,2,2,2,2,2,2,2,2,4,4,2,2,2,2,2,2,2,2,2,2,2,2,2,2,2,2,2,2,2,2,2,2,2,2,2,2,4,2,4,2,4,2,2,2,2,4,4,2,2,4,2,4,2,2,4,4,4,2,4,4,4,4,2,2,6,6,2,2,4,4,2,2,4,4,2,2,2,2,2,2,2,2,2,2,2,2,2,2,2,2,4,4,4,2,2,2,4,4,4,4,2,4,4,4,4,4,4,4,4,4,4,4,2,2,4,4,4,4,4,4,4,4,4,6,6,6,6,6,6,4,4,4,4,4,4,4,4,4,4,4,4,4,6,6,2,2,4,4,4,4,4,6,6,6,6,4,4,2,2,4,4,4,4,2,2,6,6,4,2,2,4,4,4,4,4,4,4,2,2,6,6,4,4,4,4,4,6,6,4,4,4,2,2,4,4,4,4,4,4,4,6,6,4,2,4,4,4,4,4,6,6,4,4,4,4,4,4,4,2,2,4,4,4,4,4,4,2,4,4,4,6,6,4,4,4,4,4,4,6,6,6,6,4,4,4,4,4,6,6,4,6,6,4,4,2,2,4,4,4,4,2,2,6,6,4,4,4,4,4,4,4,6,6,4,4,4,4,4,4,4,4,4,4,4,4,4,4,4,4,4,4,2,2,4,4,2,4,2,4,4,4,4,4,4,4,4,4,4,4,4,4,4,4,6,6,6,6,6,6,4,4,4,6,6,4,4,4,4,6,6,2,2,2,2,4,4,4,4,4,4,2,2,2,2,4,2,2,2,2,6,6,4,4,4,4,4,4,2,2,2,2,4,4,4,2,2,4,4,4,4,4,4,4,4,4,4,4,4,2,2,2,2,4,4,4,2,2,2,2,2,4,4,4,2,2,4,4,4,4,2,4,4,4,4,4,2,2,2,4,4,4,4,4,4,4,4,4,4,4,4,4,4,4,4,2,2,4,2,2,4,2,4,4,4,4,4,4,2,2,2,4,4,2,2,4,2,2,2,2,2,4,4,4,2,2,2,2,4,4,2,4,4,4,4,4,4,6,6,2,2,2,4,2,2,2,2,4,4,4,4,4,4,4,4,2,2,2,2,2,2,2,2,4,2,2,4,2,2,4,2,2,2,2,4,2,2,4,4,2,2,4,4,4,2,2,4,2,2,2,2,6,6,4,4,4,4,2,2,4,2,4,4,4,4,4,2,2,4,4,2,2,4,2,2,4,4,4,2,2,6,6,4,4,4,4,2,2,2,2,2,2,2,2,4,4,4,4,4,4,4,2,2,4,4,4,4,2,2,2,2,2,4,4,4,4,4,4,4,4,4,4,4,2,4,4,4,4,4,4,4,4,4,4,2,2,2,2,4,4,4,4,2,2,4,4,4,4,4,4,4,4,2,2,2,2,2,2,2,2,2,2,4,2,2,4,2,2,2,2,2,2,2,2,2,2,2,2,2,2,2,2,2,2,2,2,2,2,2,2,2,2,2,2,2,2,2,2,2,2,2,2,2,2,2,2,2,2,2,2,2,2,2,2,2,2,2,2,2,2,2,2,2,2,2]",1.0,1.0,1.0,1.0,1.0,0.0,0.0,0.0,0.0383300245087807,1.0,41.18633489559596,0.0009306490758632,1.0,0.0,0.0383300245087807,0.0,0.0,0.0,0.0001916501225439,100,0.01,1.0,256300,15876,27.782404166995548,0.08765158301685,46.04345379199367,0.9999999871055356,1.2894464385126982e-08,1.0,2.5788928659231658e-08,1.0,1.124269254684803,0.0001605893171112,6.644684802381562e-13,6.643574579356938e-13,1e-12,analysis/fermionic_structure_ablation_extension_hgbs5.csv,1.2894464385126982e-08,1.0,1.0
success,,H2O_s-1.00_hgbs-5_as-008-010,hamiltonian_generator/polyatomic_library/H2O/s-1.00/hgbs-5/H2O_s-1.00_hgbs-5_as-008-010.tensors.npz,H2O,s-1.00,hgbs-5,8,10,18,1367,2563,1770,0.6905969566913773,0,jw_signed_baseline,-1,-1,final JW Pauli terms ordered directly by increasing signed coefficient with dense Pauli lexicographic tie-breaking,,0ea577507f7934a3,"[1,1,1,1,1,1,1,1,1,1,1,1,1,1,1,1,1,1,1,1,1,1,1,1,1,1,1,1,1,1,1,1,1,1,1,1,1,1,1,1,1,1,1,1,1,1,2,2,2,2,1,1,1,1,1,1,1,1,1,1,1,1,1,1,1,1,1,1,1,1,1,1,1,1,1,1,1,1,1,1,4,1,1,1,4,1,1,1,4,1,1,1,1,1,1,1,1,1,1,1,1,1,1,1,1,1,1,1,1,1,1,1,1,1,1,1,1,1,1,1,1,1,1,1,1,1,1,1,1,1,1,1,1,1,1,1,1,1,1,1,1,1,1,1,1,1,1,1,1,1,1,1,1,1,1,1,1,1,1,1,1,1,1,1,1,1,4,1,1,1,1,1,1,1,1,1,1,1,1,4,4,2,2,2,2,4,4,4,2,4,2,2,2,2,2,2,2,2,2,2,2,2,2,2,2,2,2,2,2,4,4,2,2,2,2,2,2,2,2,2,2,2,2,2,2,2,2,2,2,2,2,2,2,2,2,2,2,4,2,4,2,4,2,2,2,2,4,4,2,2,4,2,4,2,2,4,4,4,2,4,4,4,4,2,2,6,6,2,2,4,4,2,2,4,4,2,2,2,2,2,2,2,2,2,2,2,2,2,2,2,2,4,4,4,2,2,2,4,4,4,4,2,4,4,4,4,4,4,4,4,4,4,4,2,2,4,4,4,4,4,4,4,4,4,6,6,6,6,6,6,4,4,4,4,4,4,4,4,4,4,4,4,4,6,6,2,2,4,4,4,4,4,6,6,6,6,4,4,2,2,4,4,4,4,2,2,6,6,4,2,2,4,4,4,4,4,4,4,2,2,6,6,4,4,4,4,4,6,6,4,4,4,2,2,4,4,4,4,4,4,4,6,6,4,2,4,4,4,4,4,6,6,4,4,4,4,4,4,4,2,2,4,4,4,4,4,4,2,4,4,4,6,6,4,4,4,4,4,4,6,6,6,6,4,4,4,4,4,6,6,4,6,6,4,4,2,2,4,4,4,4,2,2,6,6,4,4,4,4,4,4,4,6,6,4,4,4,4,4,4,4,4,4,4,4,4,4,4,4,4,4,4,2,2,4,4,2,4,2,4,4,4,4,4,4,4,4,4,4,4,4,4,4,4,6,6,6,6,6,6,4,4,4,6,6,4,4,4,4,6,6,2,2,2,2,4,4,4,4,4,4,2,2,2,2,4,2,2,2,2,6,6,4,4,4,4,4,4,2,2,2,2,4,4,4,2,2,4,4,4,4,4,4,4,4,4,4,4,4,2,2,2,2,4,4,4,2,2,2,2,2,4,4,4,2,2,4,4,4,4,2,4,4,4,4,4,2,2,2,4,4,4,4,4,4,4,4,4,4,4,4,4,4,4,4,2,2,4,2,2,4,2,4,4,4,4,4,4,2,2,2,4,4,2,2,4,2,2,2,2,2,4,4,4,2,2,2,2,4,4,2,4,4,4,4,4,4,6,6,2,2,2,4,2,2,2,2,4,4,4,4,4,4,4,4,2,2,2,2,2,2,2,2,4,2,2,4,2,2,4,2,2,2,2,4,2,2,4,4,2,2,4,4,4,2,2,4,2,2,2,2,6,6,4,4,4,4,2,2,4,2,4,4,4,4,4,2,2,4,4,2,2,4,2,2,4,4,4,2,2,6,6,4,4,4,4,2,2,2,2,2,2,2,2,4,4,4,4,4,4,4,2,2,4,4,4,4,2,2,2,2,2,4,4,4,4,4,4,4,4,4,4,4,2,4,4,4,4,4,4,4,4,4,4,2,2,2,2,4,4,4,4,2,2,4,4,4,4,4,4,4,4,2,2,2,2,2,2,2,2,2,2,4,2,2,4,2,2,2,2,2,2,2,2,2,2,2,2,2,2,2,2,2,2,2,2,2,2,2,2,2,2,2,2,2,2,2,2,2,2,2,2,2,2,2,2,2,2,2,2,2,2,2,2,2,2,2,2,2,2,2,2,2,2,2]",1.364245810055866,3.0,0.7184357541899441,59.31657355679702,88.002731174405,0.6853407776112564,0.8798589396168158,0.8798589396168158,0.4556230064120196,11.886843597181745,41.18633489559596,0.0110624800086481,11.88684359718174,0.0,0.4556230064120196,0.0,0.0,0.0,0.00227811503206,100,0.01,1.0,256300,15876,27.782404166995548,0.08765158301685,45.90570466700592,0.9999985689503188,1.4310496810887583e-06,110.98170799086402,2.862097314260126e-06,110.9816290579245,1.124263804166175,0.001691774028107,7.57258090677837e-08,7.57437886855783e-08,1e-12,analysis/fermionic_structure_ablation_extension_hgbs5.csv,1.2894464385126982e-08,141.29705070386063,110.981707990864
success,,H2O_s-1.00_hgbs-5_as-008-010,hamiltonian_generator/polyatomic_library/H2O/s-1.00/hgbs-5/H2O_s-1.00_hgbs-5_as-008-010.tensors.npz,H2O,s-1.00,hgbs-5,8,10,18,1367,2563,1770,0.6905969566913773,0,signed_parent_blocks_randomized,0,1511391226,"reference signed-fermionic parent-owned Pauli blocks preserved internally and kept contiguous, but whole parent blocks randomly permuted",820afa02a5e2d6ef,990113d7ca698a84,"[1,1,1,1,1,1,1,1,1,1,1,1,1,1,1,1,1,1,1,1,1,1,1,1,1,1,1,1,1,1,1,1,1,1,1,1,1,1,1,1,1,1,1,1,1,1,2,2,2,2,1,1,1,1,1,1,1,1,1,1,1,1,1,1,1,1,1,1,1,1,1,1,1,1,1,1,1,1,1,1,4,1,1,1,4,1,1,1,4,1,1,1,1,1,1,1,1,1,1,1,1,1,1,1,1,1,1,1,1,1,1,1,1,1,1,1,1,1,1,1,1,1,1,1,1,1,1,1,1,1,1,1,1,1,1,1,1,1,1,1,1,1,1,1,1,1,1,1,1,1,1,1,1,1,1,1,1,1,1,1,1,1,1,1,1,1,4,1,1,1,1,1,1,1,1,1,1,1,1,4,4,2,2,2,2,4,4,4,2,4,2,2,2,2,2,2,2,2,2,2,2,2,2,2,2,2,2,2,2,4,4,2,2,2,2,2,2,2,2,2,2,2,2,2,2,2,2,2,2,2,2,2,2,2,2,2,2,4,2,4,2,4,2,2,2,2,4,4,2,2,4,2,4,2,2,4,4,4,2,4,4,4,4,2,2,6,6,2,2,4,4,2,2,4,4,2,2,2,2,2,2,2,2,2,2,2,2,2,2,2,2,4,4,4,2,2,2,4,4,4,4,2,4,4,4,4,4,4,4,4,4,4,4,2,2,4,4,4,4,4,4,4,4,4,6,6,6,6,6,6,4,4,4,4,4,4,4,4,4,4,4,4,4,6,6,2,2,4,4,4,4,4,6,6,6,6,4,4,2,2,4,4,4,4,2,2,6,6,4,2,2,4,4,4,4,4,4,4,2,2,6,6,4,4,4,4,4,6,6,4,4,4,2,2,4,4,4,4,4,4,4,6,6,4,2,4,4,4,4,4,6,6,4,4,4,4,4,4,4,2,2,4,4,4,4,4,4,2,4,4,4,6,6,4,4,4,4,4,4,6,6,6,6,4,4,4,4,4,6,6,4,6,6,4,4,2,2,4,4,4,4,2,2,6,6,4,4,4,4,4,4,4,6,6,4,4,4,4,4,4,4,4,4,4,4,4,4,4,4,4,4,4,2,2,4,4,2,4,2,4,4,4,4,4,4,4,4,4,4,4,4,4,4,4,6,6,6,6,6,6,4,4,4,6,6,4,4,4,4,6,6,2,2,2,2,4,4,4,4,4,4,2,2,2,2,4,2,2,2,2,6,6,4,4,4,4,4,4,2,2,2,2,4,4,4,2,2,4,4,4,4,4,4,4,4,4,4,4,4,2,2,2,2,4,4,4,2,2,2,2,2,4,4,4,2,2,4,4,4,4,2,4,4,4,4,4,2,2,2,4,4,4,4,4,4,4,4,4,4,4,4,4,4,4,4,2,2,4,2,2,4,2,4,4,4,4,4,4,2,2,2,4,4,2,2,4,2,2,2,2,2,4,4,4,2,2,2,2,4,4,2,4,4,4,4,4,4,6,6,2,2,2,4,2,2,2,2,4,4,4,4,4,4,4,4,2,2,2,2,2,2,2,2,4,2,2,4,2,2,4,2,2,2,2,4,2,2,4,4,2,2,4,4,4,2,2,4,2,2,2,2,6,6,4,4,4,4,2,2,4,2,4,4,4,4,4,2,2,4,4,2,2,4,2,2,4,4,4,2,2,6,6,4,4,4,4,2,2,2,2,2,2,2,2,4,4,4,4,4,4,4,2,2,4,4,4,4,2,2,2,2,2,4,4,4,4,4,4,4,4,4,4,4,2,4,4,4,4,4,4,4,4,4,4,2,2,2,2,4,4,4,4,2,2,4,4,4,4,4,4,4,4,2,2,2,2,2,2,2,2,2,2,4,2,2,4,2,2,2,2,2,2,2,2,2,2,2,2,2,2,2,2,2,2,2,2,2,2,2,2,2,2,2,2,2,2,2,2,2,2,2,2,2,2,2,2,2,2,2,2,2,2,2,2,2,2,2,2,2,2,2,2,2,2,2]",1.0,1.0,1.0,1.0,1.0,0.4962649189697078,0.5107920009183852,0.5107920009183852,0.4737180201203468,12.358928182052852,41.18633489559596,0.0115018250912877,12.358928182052852,0.0,0.4737180201203468,0.0,0.0,0.0,0.0023685901006017,100,0.01,1.0,256300,15876,27.782404166995548,0.08765158301685,45.971233040996594,0.9999974248931934,2.5751068065682503e-06,199.7063801687247,5.150206981996419e-06,199.70612389719415,1.1242697091788878,0.0022694082076912,7.192024753521764e-13,7.190914530497139e-13,1e-12,analysis/fermionic_structure_ablation_extension_hgbs5.csv,1.2894464385126982e-08,152.7431058091402,199.70638016872473
success,,H2O_s-1.00_hgbs-5_as-008-010,hamiltonian_generator/polyatomic_library/H2O/s-1.00/hgbs-5/H2O_s-1.00_hgbs-5_as-008-010.tensors.npz,H2O,s-1.00,hgbs-5,8,10,18,1367,2563,1770,0.6905969566913773,0,signed_parent_blocks_randomized,1,2916223757,"reference signed-fermionic parent-owned Pauli blocks preserved internally and kept contiguous, but whole parent blocks randomly permuted",8137586a2d46c02f,cdd7829c32a55649,"[1,1,1,1,1,1,1,1,1,1,1,1,1,1,1,1,1,1,1,1,1,1,1,1,1,1,1,1,1,1,1,1,1,1,1,1,1,1,1,1,1,1,1,1,1,1,2,2,2,2,1,1,1,1,1,1,1,1,1,1,1,1,1,1,1,1,1,1,1,1,1,1,1,1,1,1,1,1,1,1,4,1,1,1,4,1,1,1,4,1,1,1,1,1,1,1,1,1,1,1,1,1,1,1,1,1,1,1,1,1,1,1,1,1,1,1,1,1,1,1,1,1,1,1,1,1,1,1,1,1,1,1,1,1,1,1,1,1,1,1,1,1,1,1,1,1,1,1,1,1,1,1,1,1,1,1,1,1,1,1,1,1,1,1,1,1,4,1,1,1,1,1,1,1,1,1,1,1,1,4,4,2,2,2,2,4,4,4,2,4,2,2,2,2,2,2,2,2,2,2,2,2,2,2,2,2,2,2,2,4,4,2,2,2,2,2,2,2,2,2,2,2,2,2,2,2,2,2,2,2,2,2,2,2,2,2,2,4,2,4,2,4,2,2,2,2,4,4,2,2,4,2,4,2,2,4,4,4,2,4,4,4,4,2,2,6,6,2,2,4,4,2,2,4,4,2,2,2,2,2,2,2,2,2,2,2,2,2,2,2,2,4,4,4,2,2,2,4,4,4,4,2,4,4,4,4,4,4,4,4,4,4,4,2,2,4,4,4,4,4,4,4,4,4,6,6,6,6,6,6,4,4,4,4,4,4,4,4,4,4,4,4,4,6,6,2,2,4,4,4,4,4,6,6,6,6,4,4,2,2,4,4,4,4,2,2,6,6,4,2,2,4,4,4,4,4,4,4,2,2,6,6,4,4,4,4,4,6,6,4,4,4,2,2,4,4,4,4,4,4,4,6,6,4,2,4,4,4,4,4,6,6,4,4,4,4,4,4,4,2,2,4,4,4,4,4,4,2,4,4,4,6,6,4,4,4,4,4,4,6,6,6,6,4,4,4,4,4,6,6,4,6,6,4,4,2,2,4,4,4,4,2,2,6,6,4,4,4,4,4,4,4,6,6,4,4,4,4,4,4,4,4,4,4,4,4,4,4,4,4,4,4,2,2,4,4,2,4,2,4,4,4,4,4,4,4,4,4,4,4,4,4,4,4,6,6,6,6,6,6,4,4,4,6,6,4,4,4,4,6,6,2,2,2,2,4,4,4,4,4,4,2,2,2,2,4,2,2,2,2,6,6,4,4,4,4,4,4,2,2,2,2,4,4,4,2,2,4,4,4,4,4,4,4,4,4,4,4,4,2,2,2,2,4,4,4,2,2,2,2,2,4,4,4,2,2,4,4,4,4,2,4,4,4,4,4,2,2,2,4,4,4,4,4,4,4,4,4,4,4,4,4,4,4,4,2,2,4,2,2,4,2,4,4,4,4,4,4,2,2,2,4,4,2,2,4,2,2,2,2,2,4,4,4,2,2,2,2,4,4,2,4,4,4,4,4,4,6,6,2,2,2,4,2,2,2,2,4,4,4,4,4,4,4,4,2,2,2,2,2,2,2,2,4,2,2,4,2,2,4,2,2,2,2,4,2,2,4,4,2,2,4,4,4,2,2,4,2,2,2,2,6,6,4,4,4,4,2,2,4,2,4,4,4,4,4,2,2,4,4,2,2,4,2,2,4,4,4,2,2,6,6,4,4,4,4,2,2,2,2,2,2,2,2,4,4,4,4,4,4,4,2,2,4,4,4,4,2,2,2,2,2,4,4,4,4,4,4,4,4,4,4,4,2,4,4,4,4,4,4,4,4,4,4,2,2,2,2,4,4,4,4,2,2,4,4,4,4,4,4,4,4,2,2,2,2,2,2,2,2,2,2,4,2,2,4,2,2,2,2,2,2,2,2,2,2,2,2,2,2,2,2,2,2,2,2,2,2,2,2,2,2,2,2,2,2,2,2,2,2,2,2,2,2,2,2,2,2,2,2,2,2,2,2,2,2,2,2,2,2,2,2,2,2,2]",1.0,1.0,1.0,1.0,1.0,0.4789348418608624,0.5105476569297236,0.5105476569297236,0.4480162407846744,11.688389102961354,41.18633489559596,0.010877788517001,11.688389102961354,0.0,0.4480162407846744,0.0,0.0,0.0,0.0022400812039233,100,0.01,1.0,256300,15876,27.782404166995548,0.08765158301685,45.85207666698261,0.9999977426785016,2.2573214983889756e-06,175.0612845146686,4.514637901298357e-06,175.06108768431733,1.124269111082273,0.0021247689278549,7.499556531342932e-13,7.498446308318307e-13,1e-12,analysis/fermionic_structure_ablation_extension_hgbs5.csv,1.2894464385126982e-08,136.61843982222572,175.06128451466859
success,,H2O_s-1.00_hgbs-5_as-008-010,hamiltonian_generator/polyatomic_library/H2O/s-1.00/hgbs-5/H2O_s-1.00_hgbs-5_as-008-010.tensors.npz,H2O,s-1.00,hgbs-5,8,10,18,1367,2563,1770,0.6905969566913773,0,signed_parent_blocks_randomized,2,161580654,"reference signed-fermionic parent-owned Pauli blocks preserved internally and kept contiguous, but whole parent blocks randomly permuted",8e5098b96e9f9c96,170ea22dfbacd768,"[1,1,1,1,1,1,1,1,1,1,1,1,1,1,1,1,1,1,1,1,1,1,1,1,1,1,1,1,1,1,1,1,1,1,1,1,1,1,1,1,1,1,1,1,1,1,2,2,2,2,1,1,1,1,1,1,1,1,1,1,1,1,1,1,1,1,1,1,1,1,1,1,1,1,1,1,1,1,1,1,4,1,1,1,4,1,1,1,4,1,1,1,1,1,1,1,1,1,1,1,1,1,1,1,1,1,1,1,1,1,1,1,1,1,1,1,1,1,1,1,1,1,1,1,1,1,1,1,1,1,1,1,1,1,1,1,1,1,1,1,1,1,1,1,1,1,1,1,1,1,1,1,1,1,1,1,1,1,1,1,1,1,1,1,1,1,4,1,1,1,1,1,1,1,1,1,1,1,1,4,4,2,2,2,2,4,4,4,2,4,2,2,2,2,2,2,2,2,2,2,2,2,2,2,2,2,2,2,2,4,4,2,2,2,2,2,2,2,2,2,2,2,2,2,2,2,2,2,2,2,2,2,2,2,2,2,2,4,2,4,2,4,2,2,2,2,4,4,2,2,4,2,4,2,2,4,4,4,2,4,4,4,4,2,2,6,6,2,2,4,4,2,2,4,4,2,2,2,2,2,2,2,2,2,2,2,2,2,2,2,2,4,4,4,2,2,2,4,4,4,4,2,4,4,4,4,4,4,4,4,4,4,4,2,2,4,4,4,4,4,4,4,4,4,6,6,6,6,6,6,4,4,4,4,4,4,4,4,4,4,4,4,4,6,6,2,2,4,4,4,4,4,6,6,6,6,4,4,2,2,4,4,4,4,2,2,6,6,4,2,2,4,4,4,4,4,4,4,2,2,6,6,4,4,4,4,4,6,6,4,4,4,2,2,4,4,4,4,4,4,4,6,6,4,2,4,4,4,4,4,6,6,4,4,4,4,4,4,4,2,2,4,4,4,4,4,4,2,4,4,4,6,6,4,4,4,4,4,4,6,6,6,6,4,4,4,4,4,6,6,4,6,6,4,4,2,2,4,4,4,4,2,2,6,6,4,4,4,4,4,4,4,6,6,4,4,4,4,4,4,4,4,4,4,4,4,4,4,4,4,4,4,2,2,4,4,2,4,2,4,4,4,4,4,4,4,4,4,4,4,4,4,4,4,6,6,6,6,6,6,4,4,4,6,6,4,4,4,4,6,6,2,2,2,2,4,4,4,4,4,4,2,2,2,2,4,2,2,2,2,6,6,4,4,4,4,4,4,2,2,2,2,4,4,4,2,2,4,4,4,4,4,4,4,4,4,4,4,4,2,2,2,2,4,4,4,2,2,2,2,2,4,4,4,2,2,4,4,4,4,2,4,4,4,4,4,2,2,2,4,4,4,4,4,4,4,4,4,4,4,4,4,4,4,4,2,2,4,2,2,4,2,4,4,4,4,4,4,2,2,2,4,4,2,2,4,2,2,2,2,2,4,4,4,2,2,2,2,4,4,2,4,4,4,4,4,4,6,6,2,2,2,4,2,2,2,2,4,4,4,4,4,4,4,4,2,2,2,2,2,2,2,2,4,2,2,4,2,2,4,2,2,2,2,4,2,2,4,4,2,2,4,4,4,2,2,4,2,2,2,2,6,6,4,4,4,4,2,2,4,2,4,4,4,4,4,2,2,4,4,2,2,4,2,2,4,4,4,2,2,6,6,4,4,4,4,2,2,2,2,2,2,2,2,4,4,4,4,4,4,4,2,2,4,4,4,4,2,2,2,2,2,4,4,4,4,4,4,4,4,4,4,4,2,4,4,4,4,4,4,4,4,4,4,2,2,2,2,4,4,4,4,2,2,4,4,4,4,4,4,4,4,2,2,2,2,2,2,2,2,2,2,4,2,2,4,2,2,2,2,2,2,2,2,2,2,2,2,2,2,2,2,2,2,2,2,2,2,2,2,2,2,2,2,2,2,2,2,2,2,2,2,2,2,2,2,2,2,2,2,2,2,2,2,2,2,2,2,2,2,2,2,2,2,2]",1.0,1.0,1.0,1.0,1.0,0.5159187445157983,0.522753983623774,0.522753983623774,0.4708764263359468,12.28479324942976,41.18633489559596,0.0114328314847529,12.28479324942976,0.0,0.4708764263359468,0.0,0.0,0.0,0.0023543821316797,100,0.01,1.0,256300,15876,27.782404166995548,0.08765158301685,46.01369145800709,0.999997514862348,2.4851376518864043e-06,192.7290329913096,4.970269127824167e-06,192.72879434039464,1.1242679824545163,0.0022294114254154,7.528422329983188e-13,7.528422329983188e-13,1e-12,analysis/fermionic_structure_ablation_extension_hgbs5.csv,1.2894464385126982e-08,150.91614518123498,192.72903299130957
success,,H2O_s-1.00_hgbs-5_as-008-010,hamiltonian_generator/polyatomic_library/H2O/s-1.00/hgbs-5/H2O_s-1.00_hgbs-5_as-008-010.tensors.npz,H2O,s-1.00,hgbs-5,8,10,18,1367,2563,1770,0.6905969566913773,0,signed_parent_blocks_randomized,3,2162085708,"reference signed-fermionic parent-owned Pauli blocks preserved internally and kept contiguous, but whole parent blocks randomly permuted",25fd33bfdb66be95,f12012bb510b73f8,"[1,1,1,1,1,1,1,1,1,1,1,1,1,1,1,1,1,1,1,1,1,1,1,1,1,1,1,1,1,1,1,1,1,1,1,1,1,1,1,1,1,1,1,1,1,1,2,2,2,2,1,1,1,1,1,1,1,1,1,1,1,1,1,1,1,1,1,1,1,1,1,1,1,1,1,1,1,1,1,1,4,1,1,1,4,1,1,1,4,1,1,1,1,1,1,1,1,1,1,1,1,1,1,1,1,1,1,1,1,1,1,1,1,1,1,1,1,1,1,1,1,1,1,1,1,1,1,1,1,1,1,1,1,1,1,1,1,1,1,1,1,1,1,1,1,1,1,1,1,1,1,1,1,1,1,1,1,1,1,1,1,1,1,1,1,1,4,1,1,1,1,1,1,1,1,1,1,1,1,4,4,2,2,2,2,4,4,4,2,4,2,2,2,2,2,2,2,2,2,2,2,2,2,2,2,2,2,2,2,4,4,2,2,2,2,2,2,2,2,2,2,2,2,2,2,2,2,2,2,2,2,2,2,2,2,2,2,4,2,4,2,4,2,2,2,2,4,4,2,2,4,2,4,2,2,4,4,4,2,4,4,4,4,2,2,6,6,2,2,4,4,2,2,4,4,2,2,2,2,2,2,2,2,2,2,2,2,2,2,2,2,4,4,4,2,2,2,4,4,4,4,2,4,4,4,4,4,4,4,4,4,4,4,2,2,4,4,4,4,4,4,4,4,4,6,6,6,6,6,6,4,4,4,4,4,4,4,4,4,4,4,4,4,6,6,2,2,4,4,4,4,4,6,6,6,6,4,4,2,2,4,4,4,4,2,2,6,6,4,2,2,4,4,4,4,4,4,4,2,2,6,6,4,4,4,4,4,6,6,4,4,4,2,2,4,4,4,4,4,4,4,6,6,4,2,4,4,4,4,4,6,6,4,4,4,4,4,4,4,2,2,4,4,4,4,4,4,2,4,4,4,6,6,4,4,4,4,4,4,6,6,6,6,4,4,4,4,4,6,6,4,6,6,4,4,2,2,4,4,4,4,2,2,6,6,4,4,4,4,4,4,4,6,6,4,4,4,4,4,4,4,4,4,4,4,4,4,4,4,4,4,4,2,2,4,4,2,4,2,4,4,4,4,4,4,4,4,4,4,4,4,4,4,4,6,6,6,6,6,6,4,4,4,6,6,4,4,4,4,6,6,2,2,2,2,4,4,4,4,4,4,2,2,2,2,4,2,2,2,2,6,6,4,4,4,4,4,4,2,2,2,2,4,4,4,2,2,4,4,4,4,4,4,4,4,4,4,4,4,2,2,2,2,4,4,4,2,2,2,2,2,4,4,4,2,2,4,4,4,4,2,4,4,4,4,4,2,2,2,4,4,4,4,4,4,4,4,4,4,4,4,4,4,4,4,2,2,4,2,2,4,2,4,4,4,4,4,4,2,2,2,4,4,2,2,4,2,2,2,2,2,4,4,4,2,2,2,2,4,4,2,4,4,4,4,4,4,6,6,2,2,2,4,2,2,2,2,4,4,4,4,4,4,4,4,2,2,2,2,2,2,2,2,4,2,2,4,2,2,4,2,2,2,2,4,2,2,4,4,2,2,4,4,4,2,2,4,2,2,2,2,6,6,4,4,4,4,2,2,4,2,4,4,4,4,4,2,2,4,4,2,2,4,2,2,4,4,4,2,2,6,6,4,4,4,4,2,2,2,2,2,2,2,2,4,4,4,4,4,4,4,2,2,4,4,4,4,2,2,2,2,2,4,4,4,4,4,4,4,4,4,4,4,2,4,4,4,4,4,4,4,4,4,4,2,2,2,2,4,4,4,4,2,2,4,4,4,4,4,4,4,4,2,2,2,2,2,2,2,2,2,2,4,2,2,4,2,2,2,2,2,2,2,2,2,2,2,2,2,2,2,2,2,2,2,2,2,2,2,2,2,2,2,2,2,2,2,2,2,2,2,2,2,2,2,2,2,2,2,2,2,2,2,2,2,2,2,2,2,2,2,2,2,2,2]",1.0,1.0,1.0,1.0,1.0,0.5035021237934757,0.5486307924376279,0.5486307924376279,0.3906563787847723,10.191915705539916,41.18633489559596,0.0094850969326368,10.191915705539916,0.0,0.3906563787847723,0.0,0.0,0.0,0.0019532818939238,100,0.01,1.0,256300,15876,27.782404166995548,0.08765158301685,45.872011458006455,0.9999981991361596,1.800863840384359e-06,139.6617793959361,3.601724437696241e-06,139.6616542427377,1.1242671783228984,0.0018978218253483,8.00470800754738e-13,8.003597784522753e-13,1e-12,analysis/fermionic_structure_ablation_extension_hgbs5.csv,1.2894464385126982e-08,103.8751457488312,139.66177939593607
success,,H2O_s-1.00_hgbs-5_as-008-010,hamiltonian_generator/polyatomic_library/H2O/s-1.00/hgbs-5/H2O_s-1.00_hgbs-5_as-008-010.tensors.npz,H2O,s-1.00,hgbs-5,8,10,18,1367,2563,1770,0.6905969566913773,0,signed_parent_blocks_randomized,4,86465983,"reference signed-fermionic parent-owned Pauli blocks preserved internally and kept contiguous, but whole parent blocks randomly permuted",5a18ef900332e7b8,b09137a5ea46baed,"[1,1,1,1,1,1,1,1,1,1,1,1,1,1,1,1,1,1,1,1,1,1,1,1,1,1,1,1,1,1,1,1,1,1,1,1,1,1,1,1,1,1,1,1,1,1,2,2,2,2,1,1,1,1,1,1,1,1,1,1,1,1,1,1,1,1,1,1,1,1,1,1,1,1,1,1,1,1,1,1,4,1,1,1,4,1,1,1,4,1,1,1,1,1,1,1,1,1,1,1,1,1,1,1,1,1,1,1,1,1,1,1,1,1,1,1,1,1,1,1,1,1,1,1,1,1,1,1,1,1,1,1,1,1,1,1,1,1,1,1,1,1,1,1,1,1,1,1,1,1,1,1,1,1,1,1,1,1,1,1,1,1,1,1,1,1,4,1,1,1,1,1,1,1,1,1,1,1,1,4,4,2,2,2,2,4,4,4,2,4,2,2,2,2,2,2,2,2,2,2,2,2,2,2,2,2,2,2,2,4,4,2,2,2,2,2,2,2,2,2,2,2,2,2,2,2,2,2,2,2,2,2,2,2,2,2,2,4,2,4,2,4,2,2,2,2,4,4,2,2,4,2,4,2,2,4,4,4,2,4,4,4,4,2,2,6,6,2,2,4,4,2,2,4,4,2,2,2,2,2,2,2,2,2,2,2,2,2,2,2,2,4,4,4,2,2,2,4,4,4,4,2,4,4,4,4,4,4,4,4,4,4,4,2,2,4,4,4,4,4,4,4,4,4,6,6,6,6,6,6,4,4,4,4,4,4,4,4,4,4,4,4,4,6,6,2,2,4,4,4,4,4,6,6,6,6,4,4,2,2,4,4,4,4,2,2,6,6,4,2,2,4,4,4,4,4,4,4,2,2,6,6,4,4,4,4,4,6,6,4,4,4,2,2,4,4,4,4,4,4,4,6,6,4,2,4,4,4,4,4,6,6,4,4,4,4,4,4,4,2,2,4,4,4,4,4,4,2,4,4,4,6,6,4,4,4,4,4,4,6,6,6,6,4,4,4,4,4,6,6,4,6,6,4,4,2,2,4,4,4,4,2,2,6,6,4,4,4,4,4,4,4,6,6,4,4,4,4,4,4,4,4,4,4,4,4,4,4,4,4,4,4,2,2,4,4,2,4,2,4,4,4,4,4,4,4,4,4,4,4,4,4,4,4,6,6,6,6,6,6,4,4,4,6,6,4,4,4,4,6,6,2,2,2,2,4,4,4,4,4,4,2,2,2,2,4,2,2,2,2,6,6,4,4,4,4,4,4,2,2,2,2,4,4,4,2,2,4,4,4,4,4,4,4,4,4,4,4,4,2,2,2,2,4,4,4,2,2,2,2,2,4,4,4,2,2,4,4,4,4,2,4,4,4,4,4,2,2,2,4,4,4,4,4,4,4,4,4,4,4,4,4,4,4,4,2,2,4,2,2,4,2,4,4,4,4,4,4,2,2,2,4,4,2,2,4,2,2,2,2,2,4,4,4,2,2,2,2,4,4,2,4,4,4,4,4,4,6,6,2,2,2,4,2,2,2,2,4,4,4,4,4,4,4,4,2,2,2,2,2,2,2,2,4,2,2,4,2,2,4,2,2,2,2,4,2,2,4,4,2,2,4,4,4,2,2,4,2,2,2,2,6,6,4,4,4,4,2,2,4,2,4,4,4,4,4,2,2,4,4,2,2,4,2,2,4,4,4,2,2,6,6,4,4,4,4,2,2,2,2,2,2,2,2,4,4,4,4,4,4,4,2,2,4,4,4,4,2,2,2,2,2,4,4,4,4,4,4,4,4,4,4,4,2,4,4,4,4,4,4,4,4,4,4,2,2,2,2,4,4,4,4,2,2,4,4,4,4,4,4,4,4,2,2,2,2,2,2,2,2,2,2,4,2,2,4,2,2,2,2,2,2,2,2,2,2,2,2,2,2,2,2,2,2,2,2,2,2,2,2,2,2,2,2,2,2,2,2,2,2,2,2,2,2,2,2,2,2,2,2,2,2,2,2,2,2,2,2,2,2,2,2,2,2,2]",1.0,1.0,1.0,1.0,1.0,0.4836677563888522,0.5480680485947476,0.5480680485947476,0.4612258806378638,12.03301815088078,41.18633489559596,0.0111985172219629,12.03301815088078,0.0,0.4612258806378638,0.0,0.0,0.0,0.0023061294031893,100,0.01,1.0,256300,15876,27.782404166995548,0.08765158301685,45.978648874996,0.9999975083026806,2.4916973193622738e-06,193.2377526465002,4.983388430135349e-06,193.2375127320943,1.1242688666315366,0.0022323518178648,7.347455976969286e-13,7.347455976969286e-13,1e-12,analysis/fermionic_structure_ablation_extension_hgbs5.csv,1.2894464385126982e-08,144.79352581942632,193.23775264650018
success,,H2O_s-1.00_hgbs-5_as-008-010,hamiltonian_generator/polyatomic_library/H2O/s-1.00/hgbs-5/H2O_s-1.00_hgbs-5_as-008-010.tensors.npz,H2O,s-1.00,hgbs-5,8,10,18,1367,2563,1770,0.6905969566913773,0,signed_parent_blocks_randomized,5,1480771190,"reference signed-fermionic parent-owned Pauli blocks preserved internally and kept contiguous, but whole parent blocks randomly permuted",dbc344d6be46512f,b73f28f61a5d80e2,"[1,1,1,1,1,1,1,1,1,1,1,1,1,1,1,1,1,1,1,1,1,1,1,1,1,1,1,1,1,1,1,1,1,1,1,1,1,1,1,1,1,1,1,1,1,1,2,2,2,2,1,1,1,1,1,1,1,1,1,1,1,1,1,1,1,1,1,1,1,1,1,1,1,1,1,1,1,1,1,1,4,1,1,1,4,1,1,1,4,1,1,1,1,1,1,1,1,1,1,1,1,1,1,1,1,1,1,1,1,1,1,1,1,1,1,1,1,1,1,1,1,1,1,1,1,1,1,1,1,1,1,1,1,1,1,1,1,1,1,1,1,1,1,1,1,1,1,1,1,1,1,1,1,1,1,1,1,1,1,1,1,1,1,1,1,1,4,1,1,1,1,1,1,1,1,1,1,1,1,4,4,2,2,2,2,4,4,4,2,4,2,2,2,2,2,2,2,2,2,2,2,2,2,2,2,2,2,2,2,4,4,2,2,2,2,2,2,2,2,2,2,2,2,2,2,2,2,2,2,2,2,2,2,2,2,2,2,4,2,4,2,4,2,2,2,2,4,4,2,2,4,2,4,2,2,4,4,4,2,4,4,4,4,2,2,6,6,2,2,4,4,2,2,4,4,2,2,2,2,2,2,2,2,2,2,2,2,2,2,2,2,4,4,4,2,2,2,4,4,4,4,2,4,4,4,4,4,4,4,4,4,4,4,2,2,4,4,4,4,4,4,4,4,4,6,6,6,6,6,6,4,4,4,4,4,4,4,4,4,4,4,4,4,6,6,2,2,4,4,4,4,4,6,6,6,6,4,4,2,2,4,4,4,4,2,2,6,6,4,2,2,4,4,4,4,4,4,4,2,2,6,6,4,4,4,4,4,6,6,4,4,4,2,2,4,4,4,4,4,4,4,6,6,4,2,4,4,4,4,4,6,6,4,4,4,4,4,4,4,2,2,4,4,4,4,4,4,2,4,4,4,6,6,4,4,4,4,4,4,6,6,6,6,4,4,4,4,4,6,6,4,6,6,4,4,2,2,4,4,4,4,2,2,6,6,4,4,4,4,4,4,4,6,6,4,4,4,4,4,4,4,4,4,4,4,4,4,4,4,4,4,4,2,2,4,4,2,4,2,4,4,4,4,4,4,4,4,4,4,4,4,4,4,4,6,6,6,6,6,6,4,4,4,6,6,4,4,4,4,6,6,2,2,2,2,4,4,4,4,4,4,2,2,2,2,4,2,2,2,2,6,6,4,4,4,4,4,4,2,2,2,2,4,4,4,2,2,4,4,4,4,4,4,4,4,4,4,4,4,2,2,2,2,4,4,4,2,2,2,2,2,4,4,4,2,2,4,4,4,4,2,4,4,4,4,4,2,2,2,4,4,4,4,4,4,4,4,4,4,4,4,4,4,4,4,2,2,4,2,2,4,2,4,4,4,4,4,4,2,2,2,4,4,2,2,4,2,2,2,2,2,4,4,4,2,2,2,2,4,4,2,4,4,4,4,4,4,6,6,2,2,2,4,2,2,2,2,4,4,4,4,4,4,4,4,2,2,2,2,2,2,2,2,4,2,2,4,2,2,4,2,2,2,2,4,2,2,4,4,2,2,4,4,4,2,2,4,2,2,2,2,6,6,4,4,4,4,2,2,4,2,4,4,4,4,4,2,2,4,4,2,2,4,2,2,4,4,4,2,2,6,6,4,4,4,4,2,2,2,2,2,2,2,2,4,4,4,4,4,4,4,2,2,4,4,4,4,2,2,2,2,2,4,4,4,4,4,4,4,4,4,4,4,2,4,4,4,4,4,4,4,4,4,4,2,2,2,2,4,4,4,4,2,2,4,4,4,4,4,4,4,4,2,2,2,2,2,2,2,2,2,2,4,2,2,4,2,2,2,2,2,2,2,2,2,2,2,2,2,2,2,2,2,2,2,2,2,2,2,2,2,2,2,2,2,2,2,2,2,2,2,2,2,2,2,2,2,2,2,2,2,2,2,2,2,2,2,2,2,2,2,2,2,2,2]",1.0,1.0,1.0,1.0,1.0,0.5096890797412622,0.613767348859055,0.613767348859055,0.6148994845037056,16.04224083819312,41.18633489559596,0.0149296966108401,16.04224083819312,0.0,0.6148994845037056,0.0,0.0,0.0,0.0030744974225185,100,0.01,1.0,256300,15876,27.782404166995548,0.08765158301685,45.93776375000016,0.999995722693934,4.277306066113873e-06,331.716458967268,8.554593836862523e-06,331.7157509682061,1.1242693282010616,0.0029248268550852,7.58948459633757e-13,7.58726415028832e-13,1e-12,analysis/fermionic_structure_ablation_extension_hgbs5.csv,1.2894464385126982e-08,257.3534911105911,331.716458967268
success,,H2O_s-1.00_hgbs-5_as-008-010,hamiltonian_generator/polyatomic_library/H2O/s-1.00/hgbs-5/H2O_s-1.00_hgbs-5_as-008-010.tensors.npz,H2O,s-1.00,hgbs-5,8,10,18,1367,2563,1770,0.6905969566913773,0,signed_parent_blocks_randomized,6,2487597041,"reference signed-fermionic parent-owned Pauli blocks preserved internally and kept contiguous, but whole parent blocks randomly permuted",e95462bd753f3631,db8f48e757cef5fc,"[1,1,1,1,1,1,1,1,1,1,1,1,1,1,1,1,1,1,1,1,1,1,1,1,1,1,1,1,1,1,1,1,1,1,1,1,1,1,1,1,1,1,1,1,1,1,2,2,2,2,1,1,1,1,1,1,1,1,1,1,1,1,1,1,1,1,1,1,1,1,1,1,1,1,1,1,1,1,1,1,4,1,1,1,4,1,1,1,4,1,1,1,1,1,1,1,1,1,1,1,1,1,1,1,1,1,1,1,1,1,1,1,1,1,1,1,1,1,1,1,1,1,1,1,1,1,1,1,1,1,1,1,1,1,1,1,1,1,1,1,1,1,1,1,1,1,1,1,1,1,1,1,1,1,1,1,1,1,1,1,1,1,1,1,1,1,4,1,1,1,1,1,1,1,1,1,1,1,1,4,4,2,2,2,2,4,4,4,2,4,2,2,2,2,2,2,2,2,2,2,2,2,2,2,2,2,2,2,2,4,4,2,2,2,2,2,2,2,2,2,2,2,2,2,2,2,2,2,2,2,2,2,2,2,2,2,2,4,2,4,2,4,2,2,2,2,4,4,2,2,4,2,4,2,2,4,4,4,2,4,4,4,4,2,2,6,6,2,2,4,4,2,2,4,4,2,2,2,2,2,2,2,2,2,2,2,2,2,2,2,2,4,4,4,2,2,2,4,4,4,4,2,4,4,4,4,4,4,4,4,4,4,4,2,2,4,4,4,4,4,4,4,4,4,6,6,6,6,6,6,4,4,4,4,4,4,4,4,4,4,4,4,4,6,6,2,2,4,4,4,4,4,6,6,6,6,4,4,2,2,4,4,4,4,2,2,6,6,4,2,2,4,4,4,4,4,4,4,2,2,6,6,4,4,4,4,4,6,6,4,4,4,2,2,4,4,4,4,4,4,4,6,6,4,2,4,4,4,4,4,6,6,4,4,4,4,4,4,4,2,2,4,4,4,4,4,4,2,4,4,4,6,6,4,4,4,4,4,4,6,6,6,6,4,4,4,4,4,6,6,4,6,6,4,4,2,2,4,4,4,4,2,2,6,6,4,4,4,4,4,4,4,6,6,4,4,4,4,4,4,4,4,4,4,4,4,4,4,4,4,4,4,2,2,4,4,2,4,2,4,4,4,4,4,4,4,4,4,4,4,4,4,4,4,6,6,6,6,6,6,4,4,4,6,6,4,4,4,4,6,6,2,2,2,2,4,4,4,4,4,4,2,2,2,2,4,2,2,2,2,6,6,4,4,4,4,4,4,2,2,2,2,4,4,4,2,2,4,4,4,4,4,4,4,4,4,4,4,4,2,2,2,2,4,4,4,2,2,2,2,2,4,4,4,2,2,4,4,4,4,2,4,4,4,4,4,2,2,2,4,4,4,4,4,4,4,4,4,4,4,4,4,4,4,4,2,2,4,2,2,4,2,4,4,4,4,4,4,2,2,2,4,4,2,2,4,2,2,2,2,2,4,4,4,2,2,2,2,4,4,2,4,4,4,4,4,4,6,6,2,2,2,4,2,2,2,2,4,4,4,4,4,4,4,4,2,2,2,2,2,2,2,2,4,2,2,4,2,2,4,2,2,2,2,4,2,2,4,4,2,2,4,4,4,2,2,4,2,2,2,2,6,6,4,4,4,4,2,2,4,2,4,4,4,4,4,2,2,4,4,2,2,4,2,2,4,4,4,2,2,6,6,4,4,4,4,2,2,2,2,2,2,2,2,4,4,4,4,4,4,4,2,2,4,4,4,4,2,2,2,2,2,4,4,4,4,4,4,4,4,4,4,4,2,4,4,4,4,4,4,4,4,4,4,2,2,2,2,4,4,4,4,2,2,4,4,4,4,4,4,4,4,2,2,2,2,2,2,2,2,2,2,4,2,2,4,2,2,2,2,2,2,2,2,2,2,2,2,2,2,2,2,2,2,2,2,2,2,2,2,2,2,2,2,2,2,2,2,2,2,2,2,2,2,2,2,2,2,2,2,2,2,2,2,2,2,2,2,2,2,2,2,2,2,2]",1.0,1.0,1.0,1.0,1.0,0.4984624822370107,0.5746288414953066,0.5746288414953066,0.4999144572020485,13.04237249020091,41.18633489559596,0.0121378719050697,13.042372490200908,0.0,0.4999144572020485,0.0,0.0,0.0,0.0024995722860102,100,0.01,1.0,256300,15876,27.782404166995548,0.08765158301685,45.923361582972575,0.9999970370659091,2.9629340908554624e-06,229.78341731456763,5.92585940273338e-06,229.78307788726624,1.1242676542753232,0.0024343106173434,8.133493878403898e-13,8.132383655379273e-13,1e-12,analysis/fermionic_structure_ablation_extension_hgbs5.csv,1.2894464385126982e-08,170.10348017314948,229.7834173145676
success,,H2O_s-1.00_hgbs-5_as-008-010,hamiltonian_generator/polyatomic_library/H2O/s-1.00/hgbs-5/H2O_s-1.00_hgbs-5_as-008-010.tensors.npz,H2O,s-1.00,hgbs-5,8,10,18,1367,2563,1770,0.6905969566913773,0,signed_parent_blocks_randomized,7,388047296,"reference signed-fermionic parent-owned Pauli blocks preserved internally and kept contiguous, but whole parent blocks randomly permuted",b51a6d1b09956590,417982872074a99a,"[1,1,1,1,1,1,1,1,1,1,1,1,1,1,1,1,1,1,1,1,1,1,1,1,1,1,1,1,1,1,1,1,1,1,1,1,1,1,1,1,1,1,1,1,1,1,2,2,2,2,1,1,1,1,1,1,1,1,1,1,1,1,1,1,1,1,1,1,1,1,1,1,1,1,1,1,1,1,1,1,4,1,1,1,4,1,1,1,4,1,1,1,1,1,1,1,1,1,1,1,1,1,1,1,1,1,1,1,1,1,1,1,1,1,1,1,1,1,1,1,1,1,1,1,1,1,1,1,1,1,1,1,1,1,1,1,1,1,1,1,1,1,1,1,1,1,1,1,1,1,1,1,1,1,1,1,1,1,1,1,1,1,1,1,1,1,4,1,1,1,1,1,1,1,1,1,1,1,1,4,4,2,2,2,2,4,4,4,2,4,2,2,2,2,2,2,2,2,2,2,2,2,2,2,2,2,2,2,2,4,4,2,2,2,2,2,2,2,2,2,2,2,2,2,2,2,2,2,2,2,2,2,2,2,2,2,2,4,2,4,2,4,2,2,2,2,4,4,2,2,4,2,4,2,2,4,4,4,2,4,4,4,4,2,2,6,6,2,2,4,4,2,2,4,4,2,2,2,2,2,2,2,2,2,2,2,2,2,2,2,2,4,4,4,2,2,2,4,4,4,4,2,4,4,4,4,4,4,4,4,4,4,4,2,2,4,4,4,4,4,4,4,4,4,6,6,6,6,6,6,4,4,4,4,4,4,4,4,4,4,4,4,4,6,6,2,2,4,4,4,4,4,6,6,6,6,4,4,2,2,4,4,4,4,2,2,6,6,4,2,2,4,4,4,4,4,4,4,2,2,6,6,4,4,4,4,4,6,6,4,4,4,2,2,4,4,4,4,4,4,4,6,6,4,2,4,4,4,4,4,6,6,4,4,4,4,4,4,4,2,2,4,4,4,4,4,4,2,4,4,4,6,6,4,4,4,4,4,4,6,6,6,6,4,4,4,4,4,6,6,4,6,6,4,4,2,2,4,4,4,4,2,2,6,6,4,4,4,4,4,4,4,6,6,4,4,4,4,4,4,4,4,4,4,4,4,4,4,4,4,4,4,2,2,4,4,2,4,2,4,4,4,4,4,4,4,4,4,4,4,4,4,4,4,6,6,6,6,6,6,4,4,4,6,6,4,4,4,4,6,6,2,2,2,2,4,4,4,4,4,4,2,2,2,2,4,2,2,2,2,6,6,4,4,4,4,4,4,2,2,2,2,4,4,4,2,2,4,4,4,4,4,4,4,4,4,4,4,4,2,2,2,2,4,4,4,2,2,2,2,2,4,4,4,2,2,4,4,4,4,2,4,4,4,4,4,2,2,2,4,4,4,4,4,4,4,4,4,4,4,4,4,4,4,4,2,2,4,2,2,4,2,4,4,4,4,4,4,2,2,2,4,4,2,2,4,2,2,2,2,2,4,4,4,2,2,2,2,4,4,2,4,4,4,4,4,4,6,6,2,2,2,4,2,2,2,2,4,4,4,4,4,4,4,4,2,2,2,2,2,2,2,2,4,2,2,4,2,2,4,2,2,2,2,4,2,2,4,4,2,2,4,4,4,2,2,4,2,2,2,2,6,6,4,4,4,4,2,2,4,2,4,4,4,4,4,2,2,4,4,2,2,4,2,2,4,4,4,2,2,6,6,4,4,4,4,2,2,2,2,2,2,2,2,4,4,4,4,4,4,4,2,2,4,4,4,4,2,2,2,2,2,4,4,4,4,4,4,4,4,4,4,4,2,4,4,4,4,4,4,4,4,4,4,2,2,2,2,4,4,4,4,2,2,4,4,4,4,4,4,4,4,2,2,2,2,2,2,2,2,2,2,4,2,2,4,2,2,2,2,2,2,2,2,2,2,2,2,2,2,2,2,2,2,2,2,2,2,2,2,2,2,2,2,2,2,2,2,2,2,2,2,2,2,2,2,2,2,2,2,2,2,2,2,2,2,2,2,2,2,2,2,2,2,2]",1.0,1.0,1.0,1.0,1.0,0.5113314282608189,0.4856811283834958,0.4856811283834958,0.3786881905449147,9.879675147563862,41.18633489559596,0.0091945105459094,9.879675147563862,0.0,0.3786881905449147,0.0,0.0,0.0,0.0018934409527245,100,0.01,1.0,256300,15876,27.782404166995548,0.08765158301685,45.87976837498718,0.9999983998504712,1.600149528657724e-06,124.09585081357888,3.200296496808086e-06,124.09575206073852,1.1242704484279666,0.0017889379691077,6.740163982499325e-13,6.739053759474699e-13,1e-12,analysis/fermionic_structure_ablation_extension_hgbs5.csv,1.2894464385126982e-08,97.60798102139103,124.09585081357888
success,,H2O_s-1.00_hgbs-5_as-008-010,hamiltonian_generator/polyatomic_library/H2O/s-1.00/hgbs-5/H2O_s-1.00_hgbs-5_as-008-010.tensors.npz,H2O,s-1.00,hgbs-5,8,10,18,1367,2563,1770,0.6905969566913773,0,signed_parent_blocks_randomized,8,4122931823,"reference signed-fermionic parent-owned Pauli blocks preserved internally and kept contiguous, but whole parent blocks randomly permuted",518c0550758506b6,9c4a22eab0d494f8,"[1,1,1,1,1,1,1,1,1,1,1,1,1,1,1,1,1,1,1,1,1,1,1,1,1,1,1,1,1,1,1,1,1,1,1,1,1,1,1,1,1,1,1,1,1,1,2,2,2,2,1,1,1,1,1,1,1,1,1,1,1,1,1,1,1,1,1,1,1,1,1,1,1,1,1,1,1,1,1,1,4,1,1,1,4,1,1,1,4,1,1,1,1,1,1,1,1,1,1,1,1,1,1,1,1,1,1,1,1,1,1,1,1,1,1,1,1,1,1,1,1,1,1,1,1,1,1,1,1,1,1,1,1,1,1,1,1,1,1,1,1,1,1,1,1,1,1,1,1,1,1,1,1,1,1,1,1,1,1,1,1,1,1,1,1,1,4,1,1,1,1,1,1,1,1,1,1,1,1,4,4,2,2,2,2,4,4,4,2,4,2,2,2,2,2,2,2,2,2,2,2,2,2,2,2,2,2,2,2,4,4,2,2,2,2,2,2,2,2,2,2,2,2,2,2,2,2,2,2,2,2,2,2,2,2,2,2,4,2,4,2,4,2,2,2,2,4,4,2,2,4,2,4,2,2,4,4,4,2,4,4,4,4,2,2,6,6,2,2,4,4,2,2,4,4,2,2,2,2,2,2,2,2,2,2,2,2,2,2,2,2,4,4,4,2,2,2,4,4,4,4,2,4,4,4,4,4,4,4,4,4,4,4,2,2,4,4,4,4,4,4,4,4,4,6,6,6,6,6,6,4,4,4,4,4,4,4,4,4,4,4,4,4,6,6,2,2,4,4,4,4,4,6,6,6,6,4,4,2,2,4,4,4,4,2,2,6,6,4,2,2,4,4,4,4,4,4,4,2,2,6,6,4,4,4,4,4,6,6,4,4,4,2,2,4,4,4,4,4,4,4,6,6,4,2,4,4,4,4,4,6,6,4,4,4,4,4,4,4,2,2,4,4,4,4,4,4,2,4,4,4,6,6,4,4,4,4,4,4,6,6,6,6,4,4,4,4,4,6,6,4,6,6,4,4,2,2,4,4,4,4,2,2,6,6,4,4,4,4,4,4,4,6,6,4,4,4,4,4,4,4,4,4,4,4,4,4,4,4,4,4,4,2,2,4,4,2,4,2,4,4,4,4,4,4,4,4,4,4,4,4,4,4,4,6,6,6,6,6,6,4,4,4,6,6,4,4,4,4,6,6,2,2,2,2,4,4,4,4,4,4,2,2,2,2,4,2,2,2,2,6,6,4,4,4,4,4,4,2,2,2,2,4,4,4,2,2,4,4,4,4,4,4,4,4,4,4,4,4,2,2,2,2,4,4,4,2,2,2,2,2,4,4,4,2,2,4,4,4,4,2,4,4,4,4,4,2,2,2,4,4,4,4,4,4,4,4,4,4,4,4,4,4,4,4,2,2,4,2,2,4,2,4,4,4,4,4,4,2,2,2,4,4,2,2,4,2,2,2,2,2,4,4,4,2,2,2,2,4,4,2,4,4,4,4,4,4,6,6,2,2,2,4,2,2,2,2,4,4,4,4,4,4,4,4,2,2,2,2,2,2,2,2,4,2,2,4,2,2,4,2,2,2,2,4,2,2,4,4,2,2,4,4,4,2,2,4,2,2,2,2,6,6,4,4,4,4,2,2,4,2,4,4,4,4,4,2,2,4,4,2,2,4,2,2,4,4,4,2,2,6,6,4,4,4,4,2,2,2,2,2,2,2,2,4,4,4,4,4,4,4,2,2,4,4,4,4,2,2,2,2,2,4,4,4,4,4,4,4,4,4,4,4,2,4,4,4,4,4,4,4,4,4,4,2,2,2,2,4,4,4,4,2,2,4,4,4,4,4,4,4,4,2,2,2,2,2,2,2,2,2,2,4,2,2,4,2,2,2,2,2,2,2,2,2,2,2,2,2,2,2,2,2,2,2,2,2,2,2,2,2,2,2,2,2,2,2,2,2,2,2,2,2,2,2,2,2,2,2,2,2,2,2,2,2,2,2,2,2,2,2,2,2,2,2]",1.0,1.0,1.0,1.0,1.0,0.4871213474246577,0.5829165026985672,0.5829165026985672,0.4972628193369474,12.973193357156168,41.18633489559596,0.0120734904088326,12.973193357156168,0.0,0.4972628193369474,0.0,0.0,0.0,0.0024863140966847,100,0.01,1.0,256300,15876,27.782404166995548,0.08765158301685,45.97098420900875,0.9999971362685388,2.863731461300034e-06,222.08998960850076,5.72745472160463e-06,222.0896725601036,1.1242667513230111,0.0023932118423992,8.067990719951014e-13,8.070211166000263e-13,1e-12,analysis/fermionic_structure_ablation_extension_hgbs5.csv,1.2894464385126982e-08,168.3037458821609,222.08998960850073
success,,H2O_s-1.00_hgbs-5_as-008-010,hamiltonian_generator/polyatomic_library/H2O/s-1.00/hgbs-5/H2O_s-1.00_hgbs-5_as-008-010.tensors.npz,H2O,s-1.00,hgbs-5,8,10,18,1367,2563,1770,0.6905969566913773,0,signed_parent_blocks_randomized,9,2846695538,"reference signed-fermionic parent-owned Pauli blocks preserved internally and kept contiguous, but whole parent blocks randomly permuted",a5173a4318924693,9ba30ea10c550da3,"[1,1,1,1,1,1,1,1,1,1,1,1,1,1,1,1,1,1,1,1,1,1,1,1,1,1,1,1,1,1,1,1,1,1,1,1,1,1,1,1,1,1,1,1,1,1,2,2,2,2,1,1,1,1,1,1,1,1,1,1,1,1,1,1,1,1,1,1,1,1,1,1,1,1,1,1,1,1,1,1,4,1,1,1,4,1,1,1,4,1,1,1,1,1,1,1,1,1,1,1,1,1,1,1,1,1,1,1,1,1,1,1,1,1,1,1,1,1,1,1,1,1,1,1,1,1,1,1,1,1,1,1,1,1,1,1,1,1,1,1,1,1,1,1,1,1,1,1,1,1,1,1,1,1,1,1,1,1,1,1,1,1,1,1,1,1,4,1,1,1,1,1,1,1,1,1,1,1,1,4,4,2,2,2,2,4,4,4,2,4,2,2,2,2,2,2,2,2,2,2,2,2,2,2,2,2,2,2,2,4,4,2,2,2,2,2,2,2,2,2,2,2,2,2,2,2,2,2,2,2,2,2,2,2,2,2,2,4,2,4,2,4,2,2,2,2,4,4,2,2,4,2,4,2,2,4,4,4,2,4,4,4,4,2,2,6,6,2,2,4,4,2,2,4,4,2,2,2,2,2,2,2,2,2,2,2,2,2,2,2,2,4,4,4,2,2,2,4,4,4,4,2,4,4,4,4,4,4,4,4,4,4,4,2,2,4,4,4,4,4,4,4,4,4,6,6,6,6,6,6,4,4,4,4,4,4,4,4,4,4,4,4,4,6,6,2,2,4,4,4,4,4,6,6,6,6,4,4,2,2,4,4,4,4,2,2,6,6,4,2,2,4,4,4,4,4,4,4,2,2,6,6,4,4,4,4,4,6,6,4,4,4,2,2,4,4,4,4,4,4,4,6,6,4,2,4,4,4,4,4,6,6,4,4,4,4,4,4,4,2,2,4,4,4,4,4,4,2,4,4,4,6,6,4,4,4,4,4,4,6,6,6,6,4,4,4,4,4,6,6,4,6,6,4,4,2,2,4,4,4,4,2,2,6,6,4,4,4,4,4,4,4,6,6,4,4,4,4,4,4,4,4,4,4,4,4,4,4,4,4,4,4,2,2,4,4,2,4,2,4,4,4,4,4,4,4,4,4,4,4,4,4,4,4,6,6,6,6,6,6,4,4,4,6,6,4,4,4,4,6,6,2,2,2,2,4,4,4,4,4,4,2,2,2,2,4,2,2,2,2,6,6,4,4,4,4,4,4,2,2,2,2,4,4,4,2,2,4,4,4,4,4,4,4,4,4,4,4,4,2,2,2,2,4,4,4,2,2,2,2,2,4,4,4,2,2,4,4,4,4,2,4,4,4,4,4,2,2,2,4,4,4,4,4,4,4,4,4,4,4,4,4,4,4,4,2,2,4,2,2,4,2,4,4,4,4,4,4,2,2,2,4,4,2,2,4,2,2,2,2,2,4,4,4,2,2,2,2,4,4,2,4,4,4,4,4,4,6,6,2,2,2,4,2,2,2,2,4,4,4,4,4,4,4,4,2,2,2,2,2,2,2,2,4,2,2,4,2,2,4,2,2,2,2,4,2,2,4,4,2,2,4,4,4,2,2,4,2,2,2,2,6,6,4,4,4,4,2,2,4,2,4,4,4,4,4,2,2,4,4,2,2,4,2,2,4,4,4,2,2,6,6,4,4,4,4,2,2,2,2,2,2,2,2,4,4,4,4,4,4,4,2,2,4,4,4,4,2,2,2,2,2,4,4,4,4,4,4,4,4,4,4,4,2,4,4,4,4,4,4,4,4,4,4,2,2,2,2,4,4,4,4,2,2,4,4,4,4,4,4,4,4,2,2,2,2,2,2,2,2,2,2,4,2,2,4,2,2,2,2,2,2,2,2,2,2,2,2,2,2,2,2,2,2,2,2,2,2,2,2,2,2,2,2,2,2,2,2,2,2,2,2,2,2,2,2,2,2,2,2,2,2,2,2,2,2,2,2,2,2,2,2,2,2,2]",1.0,1.0,1.0,1.0,1.0,0.5037777898570419,0.5273499325320316,0.5273499325320316,0.4777321152850384,12.463652747615605,41.18633489559596,0.0115992869114489,12.463652747615605,0.0,0.4777321152850384,0.0,0.0,0.0,0.0023886605764251,100,0.01,1.0,256300,15876,27.782404166995548,0.08765158301685,45.970256582979346,0.9999974530592316,2.5469407682887635e-06,197.52202900544768,5.093875049655416e-06,197.52177831675695,1.1242696480974257,0.0022569629010193,7.338574192772286e-13,7.338574192772286e-13,1e-12,analysis/fermionic_structure_ablation_extension_hgbs5.csv,1.2894464385126982e-08,155.342639813146,197.52202900544765
success,,H2O_s-1.00_hgbs-5_as-008-010,hamiltonian_generator/polyatomic_library/H2O/s-1.00/hgbs-5/H2O_s-1.00_hgbs-5_as-008-010.tensors.npz,H2O,s-1.00,hgbs-5,8,10,18,1367,2563,1770,0.6905969566913773,0,signed_parent_descendants_round_robin,-1,-1,"reference signed-fermionic parent priority and within-parent descendant order retained, but descendants interleaved round-robin across parent blocks to destroy contiguity",476cea002f892ca4,e9796ad146c54450,"[1,1,1,1,1,1,1,1,1,1,1,1,1,1,1,1,1,1,1,1,1,1,1,1,1,1,1,1,1,1,1,1,1,1,1,1,1,1,1,1,1,1,1,1,1,1,2,2,2,2,1,1,1,1,1,1,1,1,1,1,1,1,1,1,1,1,1,1,1,1,1,1,1,1,1,1,1,1,1,1,4,1,1,1,4,1,1,1,4,1,1,1,1,1,1,1,1,1,1,1,1,1,1,1,1,1,1,1,1,1,1,1,1,1,1,1,1,1,1,1,1,1,1,1,1,1,1,1,1,1,1,1,1,1,1,1,1,1,1,1,1,1,1,1,1,1,1,1,1,1,1,1,1,1,1,1,1,1,1,1,1,1,1,1,1,1,4,1,1,1,1,1,1,1,1,1,1,1,1,4,4,2,2,2,2,4,4,4,2,4,2,2,2,2,2,2,2,2,2,2,2,2,2,2,2,2,2,2,2,4,4,2,2,2,2,2,2,2,2,2,2,2,2,2,2,2,2,2,2,2,2,2,2,2,2,2,2,4,2,4,2,4,2,2,2,2,4,4,2,2,4,2,4,2,2,4,4,4,2,4,4,4,4,2,2,6,6,2,2,4,4,2,2,4,4,2,2,2,2,2,2,2,2,2,2,2,2,2,2,2,2,4,4,4,2,2,2,4,4,4,4,2,4,4,4,4,4,4,4,4,4,4,4,2,2,4,4,4,4,4,4,4,4,4,6,6,6,6,6,6,4,4,4,4,4,4,4,4,4,4,4,4,4,6,6,2,2,4,4,4,4,4,6,6,6,6,4,4,2,2,4,4,4,4,2,2,6,6,4,2,2,4,4,4,4,4,4,4,2,2,6,6,4,4,4,4,4,6,6,4,4,4,2,2,4,4,4,4,4,4,4,6,6,4,2,4,4,4,4,4,6,6,4,4,4,4,4,4,4,2,2,4,4,4,4,4,4,2,4,4,4,6,6,4,4,4,4,4,4,6,6,6,6,4,4,4,4,4,6,6,4,6,6,4,4,2,2,4,4,4,4,2,2,6,6,4,4,4,4,4,4,4,6,6,4,4,4,4,4,4,4,4,4,4,4,4,4,4,4,4,4,4,2,2,4,4,2,4,2,4,4,4,4,4,4,4,4,4,4,4,4,4,4,4,6,6,6,6,6,6,4,4,4,6,6,4,4,4,4,6,6,2,2,2,2,4,4,4,4,4,4,2,2,2,2,4,2,2,2,2,6,6,4,4,4,4,4,4,2,2,2,2,4,4,4,2,2,4,4,4,4,4,4,4,4,4,4,4,4,2,2,2,2,4,4,4,2,2,2,2,2,4,4,4,2,2,4,4,4,4,2,4,4,4,4,4,2,2,2,4,4,4,4,4,4,4,4,4,4,4,4,4,4,4,4,2,2,4,2,2,4,2,4,4,4,4,4,4,2,2,2,4,4,2,2,4,2,2,2,2,2,4,4,4,2,2,2,2,4,4,2,4,4,4,4,4,4,6,6,2,2,2,4,2,2,2,2,4,4,4,4,4,4,4,4,2,2,2,2,2,2,2,2,4,2,2,4,2,2,4,2,2,2,2,4,2,2,4,4,2,2,4,4,4,2,2,4,2,2,2,2,6,6,4,4,4,4,2,2,4,2,4,4,4,4,4,2,2,4,4,2,2,4,2,2,4,4,4,2,2,6,6,4,4,4,4,2,2,2,2,2,2,2,2,4,4,4,4,4,4,4,2,2,4,4,4,4,2,2,2,2,2,4,4,4,4,4,4,4,4,4,4,4,2,4,4,4,4,4,4,4,4,4,4,2,2,2,2,4,4,4,4,2,2,4,4,4,4,4,4,4,4,2,2,2,2,2,2,2,2,2,2,4,2,2,4,2,2,2,2,2,2,2,2,2,2,2,2,2,2,2,2,2,2,2,2,2,2,2,2,2,2,2,2,2,2,2,2,2,2,2,2,2,2,2,2,2,2,2,2,2,2,2,2,2,2,2,2,2,2,2,2,2,2,2]",2.863687150837989,6.0,0.1910614525139664,320.92709497206704,375.91884510339446,0.3446980874210857,0.0680560068280111,0.0680560068280111,0.1684897111231127,4.395763198234186,41.18633489559596,0.0040909129581503,4.395763198234186,0.0,0.1684897111231127,0.0,0.0,0.0,0.0008424485556155,100,0.01,1.0,256300,15876,27.782404166995548,0.08765158301685,45.87473008298548,0.9999998874641418,1.1253585818771229e-07,8.727455040126824,2.250717037188821e-07,8.72745458692458,1.1242692512160335,0.0004744172386996,1.8804510049097445e-07,1.8826697245621918e-07,1e-12,analysis/fermionic_structure_ablation_extension_hgbs5.csv,1.2894464385126982e-08,19.32273409495004,8.727455040126824
success,,H2O_s-1.00_hgbs-5_as-008-010,hamiltonian_generator/polyatomic_library/H2O/s-1.00/hgbs-5/H2O_s-1.00_hgbs-5_as-008-010.tensors.npz,H2O,s-1.00,hgbs-5,8,10,18,1367,2563,1770,0.6905969566913773,0,signed_parent_within_randomized,0,2780506926,"reference signed-fermionic parent-block order kept fixed and contiguous, but Pauli descendants randomly permuted inside each parent-owned block",476cea002f892ca4,ea30acfb0922adf9,"[1,1,1,1,1,1,1,1,1,1,1,1,1,1,1,1,1,1,1,1,1,1,1,1,1,1,1,1,1,1,1,1,1,1,1,1,1,1,1,1,1,1,1,1,1,1,2,2,2,2,1,1,1,1,1,1,1,1,1,1,1,1,1,1,1,1,1,1,1,1,1,1,1,1,1,1,1,1,1,1,4,1,1,1,4,1,1,1,4,1,1,1,1,1,1,1,1,1,1,1,1,1,1,1,1,1,1,1,1,1,1,1,1,1,1,1,1,1,1,1,1,1,1,1,1,1,1,1,1,1,1,1,1,1,1,1,1,1,1,1,1,1,1,1,1,1,1,1,1,1,1,1,1,1,1,1,1,1,1,1,1,1,1,1,1,1,4,1,1,1,1,1,1,1,1,1,1,1,1,4,4,2,2,2,2,4,4,4,2,4,2,2,2,2,2,2,2,2,2,2,2,2,2,2,2,2,2,2,2,4,4,2,2,2,2,2,2,2,2,2,2,2,2,2,2,2,2,2,2,2,2,2,2,2,2,2,2,4,2,4,2,4,2,2,2,2,4,4,2,2,4,2,4,2,2,4,4,4,2,4,4,4,4,2,2,6,6,2,2,4,4,2,2,4,4,2,2,2,2,2,2,2,2,2,2,2,2,2,2,2,2,4,4,4,2,2,2,4,4,4,4,2,4,4,4,4,4,4,4,4,4,4,4,2,2,4,4,4,4,4,4,4,4,4,6,6,6,6,6,6,4,4,4,4,4,4,4,4,4,4,4,4,4,6,6,2,2,4,4,4,4,4,6,6,6,6,4,4,2,2,4,4,4,4,2,2,6,6,4,2,2,4,4,4,4,4,4,4,2,2,6,6,4,4,4,4,4,6,6,4,4,4,2,2,4,4,4,4,4,4,4,6,6,4,2,4,4,4,4,4,6,6,4,4,4,4,4,4,4,2,2,4,4,4,4,4,4,2,4,4,4,6,6,4,4,4,4,4,4,6,6,6,6,4,4,4,4,4,6,6,4,6,6,4,4,2,2,4,4,4,4,2,2,6,6,4,4,4,4,4,4,4,6,6,4,4,4,4,4,4,4,4,4,4,4,4,4,4,4,4,4,4,2,2,4,4,2,4,2,4,4,4,4,4,4,4,4,4,4,4,4,4,4,4,6,6,6,6,6,6,4,4,4,6,6,4,4,4,4,6,6,2,2,2,2,4,4,4,4,4,4,2,2,2,2,4,2,2,2,2,6,6,4,4,4,4,4,4,2,2,2,2,4,4,4,2,2,4,4,4,4,4,4,4,4,4,4,4,4,2,2,2,2,4,4,4,2,2,2,2,2,4,4,4,2,2,4,4,4,4,2,4,4,4,4,4,2,2,2,4,4,4,4,4,4,4,4,4,4,4,4,4,4,4,4,2,2,4,2,2,4,2,4,4,4,4,4,4,2,2,2,4,4,2,2,4,2,2,2,2,2,4,4,4,2,2,2,2,4,4,2,4,4,4,4,4,4,6,6,2,2,2,4,2,2,2,2,4,4,4,4,4,4,4,4,2,2,2,2,2,2,2,2,4,2,2,4,2,2,4,2,2,2,2,4,2,2,4,4,2,2,4,4,4,2,2,4,2,2,2,2,6,6,4,4,4,4,2,2,4,2,4,4,4,4,4,2,2,4,4,2,2,4,2,2,4,4,4,2,2,6,6,4,4,4,4,2,2,2,2,2,2,2,2,4,4,4,4,4,4,4,2,2,4,4,4,4,2,2,2,2,2,4,4,4,4,4,4,4,4,4,4,4,2,4,4,4,4,4,4,4,4,4,4,2,2,2,2,4,4,4,4,2,2,4,4,4,4,4,4,4,4,2,2,2,2,2,2,2,2,2,2,4,2,2,4,2,2,2,2,2,2,2,2,2,2,2,2,2,2,2,2,2,2,2,2,2,2,2,2,2,2,2,2,2,2,2,2,2,2,2,2,2,2,2,2,2,2,2,2,2,2,2,2,2,2,2,2,2,2,2,2,2,2,2]",1.0,1.0,1.0,1.0,1.0,0.0,0.0,0.0,0.0383300245087807,1.0,41.18633489559596,0.0009306490758632,1.0,0.0,0.0383300245087807,0.0,0.0,0.0,0.0001916501225439,100,0.01,1.0,256300,15876,27.782404166995548,0.08765158301685,45.86097375000827,0.9999999871055564,1.2894443512934116e-08,0.9999983813059434,2.5788886914845932e-08,0.9999983813059364,1.1242692546847914,0.0001605891871386,6.227240945122503e-13,6.226130722097878e-13,1e-12,analysis/fermionic_structure_ablation_extension_hgbs5.csv,1.2894464385126982e-08,1.0,0.9999983813059432
success,,H2O_s-1.00_hgbs-5_as-008-010,hamiltonian_generator/polyatomic_library/H2O/s-1.00/hgbs-5/H2O_s-1.00_hgbs-5_as-008-010.tensors.npz,H2O,s-1.00,hgbs-5,8,10,18,1367,2563,1770,0.6905969566913773,0,signed_parent_within_randomized,1,2831033835,"reference signed-fermionic parent-block order kept fixed and contiguous, but Pauli descendants randomly permuted inside each parent-owned block",476cea002f892ca4,474ce1ba82d5a51a,"[1,1,1,1,1,1,1,1,1,1,1,1,1,1,1,1,1,1,1,1,1,1,1,1,1,1,1,1,1,1,1,1,1,1,1,1,1,1,1,1,1,1,1,1,1,1,2,2,2,2,1,1,1,1,1,1,1,1,1,1,1,1,1,1,1,1,1,1,1,1,1,1,1,1,1,1,1,1,1,1,4,1,1,1,4,1,1,1,4,1,1,1,1,1,1,1,1,1,1,1,1,1,1,1,1,1,1,1,1,1,1,1,1,1,1,1,1,1,1,1,1,1,1,1,1,1,1,1,1,1,1,1,1,1,1,1,1,1,1,1,1,1,1,1,1,1,1,1,1,1,1,1,1,1,1,1,1,1,1,1,1,1,1,1,1,1,4,1,1,1,1,1,1,1,1,1,1,1,1,4,4,2,2,2,2,4,4,4,2,4,2,2,2,2,2,2,2,2,2,2,2,2,2,2,2,2,2,2,2,4,4,2,2,2,2,2,2,2,2,2,2,2,2,2,2,2,2,2,2,2,2,2,2,2,2,2,2,4,2,4,2,4,2,2,2,2,4,4,2,2,4,2,4,2,2,4,4,4,2,4,4,4,4,2,2,6,6,2,2,4,4,2,2,4,4,2,2,2,2,2,2,2,2,2,2,2,2,2,2,2,2,4,4,4,2,2,2,4,4,4,4,2,4,4,4,4,4,4,4,4,4,4,4,2,2,4,4,4,4,4,4,4,4,4,6,6,6,6,6,6,4,4,4,4,4,4,4,4,4,4,4,4,4,6,6,2,2,4,4,4,4,4,6,6,6,6,4,4,2,2,4,4,4,4,2,2,6,6,4,2,2,4,4,4,4,4,4,4,2,2,6,6,4,4,4,4,4,6,6,4,4,4,2,2,4,4,4,4,4,4,4,6,6,4,2,4,4,4,4,4,6,6,4,4,4,4,4,4,4,2,2,4,4,4,4,4,4,2,4,4,4,6,6,4,4,4,4,4,4,6,6,6,6,4,4,4,4,4,6,6,4,6,6,4,4,2,2,4,4,4,4,2,2,6,6,4,4,4,4,4,4,4,6,6,4,4,4,4,4,4,4,4,4,4,4,4,4,4,4,4,4,4,2,2,4,4,2,4,2,4,4,4,4,4,4,4,4,4,4,4,4,4,4,4,6,6,6,6,6,6,4,4,4,6,6,4,4,4,4,6,6,2,2,2,2,4,4,4,4,4,4,2,2,2,2,4,2,2,2,2,6,6,4,4,4,4,4,4,2,2,2,2,4,4,4,2,2,4,4,4,4,4,4,4,4,4,4,4,4,2,2,2,2,4,4,4,2,2,2,2,2,4,4,4,2,2,4,4,4,4,2,4,4,4,4,4,2,2,2,4,4,4,4,4,4,4,4,4,4,4,4,4,4,4,4,2,2,4,2,2,4,2,4,4,4,4,4,4,2,2,2,4,4,2,2,4,2,2,2,2,2,4,4,4,2,2,2,2,4,4,2,4,4,4,4,4,4,6,6,2,2,2,4,2,2,2,2,4,4,4,4,4,4,4,4,2,2,2,2,2,2,2,2,4,2,2,4,2,2,4,2,2,2,2,4,2,2,4,4,2,2,4,4,4,2,2,4,2,2,2,2,6,6,4,4,4,4,2,2,4,2,4,4,4,4,4,2,2,4,4,2,2,4,2,2,4,4,4,2,2,6,6,4,4,4,4,2,2,2,2,2,2,2,2,4,4,4,4,4,4,4,2,2,4,4,4,4,2,2,2,2,2,4,4,4,4,4,4,4,4,4,4,4,2,4,4,4,4,4,4,4,4,4,4,2,2,2,2,4,4,4,4,2,2,4,4,4,4,4,4,4,4,2,2,2,2,2,2,2,2,2,2,4,2,2,4,2,2,2,2,2,2,2,2,2,2,2,2,2,2,2,2,2,2,2,2,2,2,2,2,2,2,2,2,2,2,2,2,2,2,2,2,2,2,2,2,2,2,2,2,2,2,2,2,2,2,2,2,2,2,2,2,2,2,2]",1.0,1.0,1.0,1.0,1.0,0.0,0.0,0.0,0.0383300245087807,1.0,41.18633489559596,0.0009306490758632,1.0,0.0,0.0383300245087807,0.0,0.0,0.0,0.0001916501225439,100,0.01,1.0,256300,15876,27.782404166995548,0.08765158301685,45.86482591700042,0.9999999871055518,1.289444817587082e-08,0.9999987429290838,2.5788896240719342e-08,0.9999987429290784,1.1242692546847812,0.0001605892161751,6.320499679191016e-13,6.319389456166391e-13,1e-12,analysis/fermionic_structure_ablation_extension_hgbs5.csv,1.2894464385126982e-08,1.0,0.9999987429290836
success,,H2O_s-1.00_hgbs-5_as-008-010,hamiltonian_generator/polyatomic_library/H2O/s-1.00/hgbs-5/H2O_s-1.00_hgbs-5_as-008-010.tensors.npz,H2O,s-1.00,hgbs-5,8,10,18,1367,2563,1770,0.6905969566913773,0,signed_parent_within_randomized,2,684607418,"reference signed-fermionic parent-block order kept fixed and contiguous, but Pauli descendants randomly permuted inside each parent-owned block",476cea002f892ca4,6dfe6dc1308d5488,"[1,1,1,1,1,1,1,1,1,1,1,1,1,1,1,1,1,1,1,1,1,1,1,1,1,1,1,1,1,1,1,1,1,1,1,1,1,1,1,1,1,1,1,1,1,1,2,2,2,2,1,1,1,1,1,1,1,1,1,1,1,1,1,1,1,1,1,1,1,1,1,1,1,1,1,1,1,1,1,1,4,1,1,1,4,1,1,1,4,1,1,1,1,1,1,1,1,1,1,1,1,1,1,1,1,1,1,1,1,1,1,1,1,1,1,1,1,1,1,1,1,1,1,1,1,1,1,1,1,1,1,1,1,1,1,1,1,1,1,1,1,1,1,1,1,1,1,1,1,1,1,1,1,1,1,1,1,1,1,1,1,1,1,1,1,1,4,1,1,1,1,1,1,1,1,1,1,1,1,4,4,2,2,2,2,4,4,4,2,4,2,2,2,2,2,2,2,2,2,2,2,2,2,2,2,2,2,2,2,4,4,2,2,2,2,2,2,2,2,2,2,2,2,2,2,2,2,2,2,2,2,2,2,2,2,2,2,4,2,4,2,4,2,2,2,2,4,4,2,2,4,2,4,2,2,4,4,4,2,4,4,4,4,2,2,6,6,2,2,4,4,2,2,4,4,2,2,2,2,2,2,2,2,2,2,2,2,2,2,2,2,4,4,4,2,2,2,4,4,4,4,2,4,4,4,4,4,4,4,4,4,4,4,2,2,4,4,4,4,4,4,4,4,4,6,6,6,6,6,6,4,4,4,4,4,4,4,4,4,4,4,4,4,6,6,2,2,4,4,4,4,4,6,6,6,6,4,4,2,2,4,4,4,4,2,2,6,6,4,2,2,4,4,4,4,4,4,4,2,2,6,6,4,4,4,4,4,6,6,4,4,4,2,2,4,4,4,4,4,4,4,6,6,4,2,4,4,4,4,4,6,6,4,4,4,4,4,4,4,2,2,4,4,4,4,4,4,2,4,4,4,6,6,4,4,4,4,4,4,6,6,6,6,4,4,4,4,4,6,6,4,6,6,4,4,2,2,4,4,4,4,2,2,6,6,4,4,4,4,4,4,4,6,6,4,4,4,4,4,4,4,4,4,4,4,4,4,4,4,4,4,4,2,2,4,4,2,4,2,4,4,4,4,4,4,4,4,4,4,4,4,4,4,4,6,6,6,6,6,6,4,4,4,6,6,4,4,4,4,6,6,2,2,2,2,4,4,4,4,4,4,2,2,2,2,4,2,2,2,2,6,6,4,4,4,4,4,4,2,2,2,2,4,4,4,2,2,4,4,4,4,4,4,4,4,4,4,4,4,2,2,2,2,4,4,4,2,2,2,2,2,4,4,4,2,2,4,4,4,4,2,4,4,4,4,4,2,2,2,4,4,4,4,4,4,4,4,4,4,4,4,4,4,4,4,2,2,4,2,2,4,2,4,4,4,4,4,4,2,2,2,4,4,2,2,4,2,2,2,2,2,4,4,4,2,2,2,2,4,4,2,4,4,4,4,4,4,6,6,2,2,2,4,2,2,2,2,4,4,4,4,4,4,4,4,2,2,2,2,2,2,2,2,4,2,2,4,2,2,4,2,2,2,2,4,2,2,4,4,2,2,4,4,4,2,2,4,2,2,2,2,6,6,4,4,4,4,2,2,4,2,4,4,4,4,4,2,2,4,4,2,2,4,2,2,4,4,4,2,2,6,6,4,4,4,4,2,2,2,2,2,2,2,2,4,4,4,4,4,4,4,2,2,4,4,4,4,2,2,2,2,2,4,4,4,4,4,4,4,4,4,4,4,2,4,4,4,4,4,4,4,4,4,4,2,2,2,2,4,4,4,4,2,2,4,4,4,4,4,4,4,4,2,2,2,2,2,2,2,2,2,2,4,2,2,4,2,2,2,2,2,2,2,2,2,2,2,2,2,2,2,2,2,2,2,2,2,2,2,2,2,2,2,2,2,2,2,2,2,2,2,2,2,2,2,2,2,2,2,2,2,2,2,2,2,2,2,2,2,2,2,2,2,2,2]",1.0,1.0,1.0,1.0,1.0,0.0,0.0,0.0,0.0383300245087807,1.0,41.18633489559596,0.0009306490758632,1.0,0.0,0.0383300245087807,0.0,0.0,0.0,0.0001916501225439,100,0.01,1.0,256300,15876,27.782404166995548,0.08765158301685,45.91829025000334,0.9999999871055434,1.2894456613565808e-08,0.9999993972947662,2.5788913116109313e-08,0.9999993972947636,1.1242692546847988,0.0001605892687172,6.49147402498329e-13,6.490363801958665e-13,1e-12,analysis/fermionic_structure_ablation_extension_hgbs5.csv,1.2894464385126982e-08,1.0,0.9999993972947661
success,,H2O_s-1.00_hgbs-5_as-008-010,hamiltonian_generator/polyatomic_library/H2O/s-1.00/hgbs-5/H2O_s-1.00_hgbs-5_as-008-010.tensors.npz,H2O,s-1.00,hgbs-5,8,10,18,1367,2563,1770,0.6905969566913773,0,signed_parent_within_randomized,3,694546215,"reference signed-fermionic parent-block order kept fixed and contiguous, but Pauli descendants randomly permuted inside each parent-owned block",476cea002f892ca4,c357fbb70148a508,"[1,1,1,1,1,1,1,1,1,1,1,1,1,1,1,1,1,1,1,1,1,1,1,1,1,1,1,1,1,1,1,1,1,1,1,1,1,1,1,1,1,1,1,1,1,1,2,2,2,2,1,1,1,1,1,1,1,1,1,1,1,1,1,1,1,1,1,1,1,1,1,1,1,1,1,1,1,1,1,1,4,1,1,1,4,1,1,1,4,1,1,1,1,1,1,1,1,1,1,1,1,1,1,1,1,1,1,1,1,1,1,1,1,1,1,1,1,1,1,1,1,1,1,1,1,1,1,1,1,1,1,1,1,1,1,1,1,1,1,1,1,1,1,1,1,1,1,1,1,1,1,1,1,1,1,1,1,1,1,1,1,1,1,1,1,1,4,1,1,1,1,1,1,1,1,1,1,1,1,4,4,2,2,2,2,4,4,4,2,4,2,2,2,2,2,2,2,2,2,2,2,2,2,2,2,2,2,2,2,4,4,2,2,2,2,2,2,2,2,2,2,2,2,2,2,2,2,2,2,2,2,2,2,2,2,2,2,4,2,4,2,4,2,2,2,2,4,4,2,2,4,2,4,2,2,4,4,4,2,4,4,4,4,2,2,6,6,2,2,4,4,2,2,4,4,2,2,2,2,2,2,2,2,2,2,2,2,2,2,2,2,4,4,4,2,2,2,4,4,4,4,2,4,4,4,4,4,4,4,4,4,4,4,2,2,4,4,4,4,4,4,4,4,4,6,6,6,6,6,6,4,4,4,4,4,4,4,4,4,4,4,4,4,6,6,2,2,4,4,4,4,4,6,6,6,6,4,4,2,2,4,4,4,4,2,2,6,6,4,2,2,4,4,4,4,4,4,4,2,2,6,6,4,4,4,4,4,6,6,4,4,4,2,2,4,4,4,4,4,4,4,6,6,4,2,4,4,4,4,4,6,6,4,4,4,4,4,4,4,2,2,4,4,4,4,4,4,2,4,4,4,6,6,4,4,4,4,4,4,6,6,6,6,4,4,4,4,4,6,6,4,6,6,4,4,2,2,4,4,4,4,2,2,6,6,4,4,4,4,4,4,4,6,6,4,4,4,4,4,4,4,4,4,4,4,4,4,4,4,4,4,4,2,2,4,4,2,4,2,4,4,4,4,4,4,4,4,4,4,4,4,4,4,4,6,6,6,6,6,6,4,4,4,6,6,4,4,4,4,6,6,2,2,2,2,4,4,4,4,4,4,2,2,2,2,4,2,2,2,2,6,6,4,4,4,4,4,4,2,2,2,2,4,4,4,2,2,4,4,4,4,4,4,4,4,4,4,4,4,2,2,2,2,4,4,4,2,2,2,2,2,4,4,4,2,2,4,4,4,4,2,4,4,4,4,4,2,2,2,4,4,4,4,4,4,4,4,4,4,4,4,4,4,4,4,2,2,4,2,2,4,2,4,4,4,4,4,4,2,2,2,4,4,2,2,4,2,2,2,2,2,4,4,4,2,2,2,2,4,4,2,4,4,4,4,4,4,6,6,2,2,2,4,2,2,2,2,4,4,4,4,4,4,4,4,2,2,2,2,2,2,2,2,4,2,2,4,2,2,4,2,2,2,2,4,2,2,4,4,2,2,4,4,4,2,2,4,2,2,2,2,6,6,4,4,4,4,2,2,4,2,4,4,4,4,4,2,2,4,4,2,2,4,2,2,4,4,4,2,2,6,6,4,4,4,4,2,2,2,2,2,2,2,2,4,4,4,4,4,4,4,2,2,4,4,4,4,2,2,2,2,2,4,4,4,4,4,4,4,4,4,4,4,2,4,4,4,4,4,4,4,4,4,4,2,2,2,2,4,4,4,4,2,2,4,4,4,4,4,4,4,4,2,2,2,2,2,2,2,2,2,2,4,2,2,4,2,2,2,2,2,2,2,2,2,2,2,2,2,2,2,2,2,2,2,2,2,2,2,2,2,2,2,2,2,2,2,2,2,2,2,2,2,2,2,2,2,2,2,2,2,2,2,2,2,2,2,2,2,2,2,2,2,2,2]",1.0,1.0,1.0,1.0,1.0,0.0,0.0,0.0,0.0383300245087807,1.0,41.18633489559596,0.0009306490758632,1.0,0.0,0.0383300245087807,0.0,0.0,0.0,0.0001916501225439,100,0.01,1.0,256300,15876,27.782404166995548,0.08765158301685,45.8688274580054,0.9999999871055472,1.2894452838807524e-08,0.999999104552224,2.5788905566592746e-08,0.9999991045522202,1.1242692546847934,0.0001605892452115,6.413758413259529e-13,6.412648190234904e-13,1e-12,analysis/fermionic_structure_ablation_extension_hgbs5.csv,1.2894464385126982e-08,1.0,0.9999991045522238
success,,H2O_s-1.00_hgbs-5_as-008-010,hamiltonian_generator/polyatomic_library/H2O/s-1.00/hgbs-5/H2O_s-1.00_hgbs-5_as-008-010.tensors.npz,H2O,s-1.00,hgbs-5,8,10,18,1367,2563,1770,0.6905969566913773,0,signed_parent_within_randomized,4,4239918177,"reference signed-fermionic parent-block order kept fixed and contiguous, but Pauli descendants randomly permuted inside each parent-owned block",476cea002f892ca4,bfba619faf2858c1,"[1,1,1,1,1,1,1,1,1,1,1,1,1,1,1,1,1,1,1,1,1,1,1,1,1,1,1,1,1,1,1,1,1,1,1,1,1,1,1,1,1,1,1,1,1,1,2,2,2,2,1,1,1,1,1,1,1,1,1,1,1,1,1,1,1,1,1,1,1,1,1,1,1,1,1,1,1,1,1,1,4,1,1,1,4,1,1,1,4,1,1,1,1,1,1,1,1,1,1,1,1,1,1,1,1,1,1,1,1,1,1,1,1,1,1,1,1,1,1,1,1,1,1,1,1,1,1,1,1,1,1,1,1,1,1,1,1,1,1,1,1,1,1,1,1,1,1,1,1,1,1,1,1,1,1,1,1,1,1,1,1,1,1,1,1,1,4,1,1,1,1,1,1,1,1,1,1,1,1,4,4,2,2,2,2,4,4,4,2,4,2,2,2,2,2,2,2,2,2,2,2,2,2,2,2,2,2,2,2,4,4,2,2,2,2,2,2,2,2,2,2,2,2,2,2,2,2,2,2,2,2,2,2,2,2,2,2,4,2,4,2,4,2,2,2,2,4,4,2,2,4,2,4,2,2,4,4,4,2,4,4,4,4,2,2,6,6,2,2,4,4,2,2,4,4,2,2,2,2,2,2,2,2,2,2,2,2,2,2,2,2,4,4,4,2,2,2,4,4,4,4,2,4,4,4,4,4,4,4,4,4,4,4,2,2,4,4,4,4,4,4,4,4,4,6,6,6,6,6,6,4,4,4,4,4,4,4,4,4,4,4,4,4,6,6,2,2,4,4,4,4,4,6,6,6,6,4,4,2,2,4,4,4,4,2,2,6,6,4,2,2,4,4,4,4,4,4,4,2,2,6,6,4,4,4,4,4,6,6,4,4,4,2,2,4,4,4,4,4,4,4,6,6,4,2,4,4,4,4,4,6,6,4,4,4,4,4,4,4,2,2,4,4,4,4,4,4,2,4,4,4,6,6,4,4,4,4,4,4,6,6,6,6,4,4,4,4,4,6,6,4,6,6,4,4,2,2,4,4,4,4,2,2,6,6,4,4,4,4,4,4,4,6,6,4,4,4,4,4,4,4,4,4,4,4,4,4,4,4,4,4,4,2,2,4,4,2,4,2,4,4,4,4,4,4,4,4,4,4,4,4,4,4,4,6,6,6,6,6,6,4,4,4,6,6,4,4,4,4,6,6,2,2,2,2,4,4,4,4,4,4,2,2,2,2,4,2,2,2,2,6,6,4,4,4,4,4,4,2,2,2,2,4,4,4,2,2,4,4,4,4,4,4,4,4,4,4,4,4,2,2,2,2,4,4,4,2,2,2,2,2,4,4,4,2,2,4,4,4,4,2,4,4,4,4,4,2,2,2,4,4,4,4,4,4,4,4,4,4,4,4,4,4,4,4,2,2,4,2,2,4,2,4,4,4,4,4,4,2,2,2,4,4,2,2,4,2,2,2,2,2,4,4,4,2,2,2,2,4,4,2,4,4,4,4,4,4,6,6,2,2,2,4,2,2,2,2,4,4,4,4,4,4,4,4,2,2,2,2,2,2,2,2,4,2,2,4,2,2,4,2,2,2,2,4,2,2,4,4,2,2,4,4,4,2,2,4,2,2,2,2,6,6,4,4,4,4,2,2,4,2,4,4,4,4,4,2,2,4,4,2,2,4,2,2,4,4,4,2,2,6,6,4,4,4,4,2,2,2,2,2,2,2,2,4,4,4,4,4,4,4,2,2,4,4,4,4,2,2,2,2,2,4,4,4,4,4,4,4,4,4,4,4,2,4,4,4,4,4,4,4,4,4,4,2,2,2,2,4,4,4,4,2,2,4,4,4,4,4,4,4,4,2,2,2,2,2,2,2,2,2,2,4,2,2,4,2,2,2,2,2,2,2,2,2,2,2,2,2,2,2,2,2,2,2,2,2,2,2,2,2,2,2,2,2,2,2,2,2,2,2,2,2,2,2,2,2,2,2,2,2,2,2,2,2,2,2,2,2,2,2,2,2,2,2]",1.0,1.0,1.0,1.0,1.0,0.0,0.0,0.0,0.0383300245087807,1.0,41.18633489559596,0.0009306490758632,1.0,0.0,0.0383300245087807,0.0,0.0,0.0,0.0001916501225439,100,0.01,1.0,256300,15876,27.782404166995548,0.08765158301685,45.91688058301224,0.9999999871055472,1.2894452727785222e-08,0.9999990959421492,2.578890534454814e-08,0.9999990959421452,1.1242692546847906,0.0001605892445202,6.411537967210279e-13,6.410427744185654e-13,1e-12,analysis/fermionic_structure_ablation_extension_hgbs5.csv,1.2894464385126982e-08,1.0,0.9999990959421491
success,,H2O_s-1.00_hgbs-5_as-008-010,hamiltonian_generator/polyatomic_library/H2O/s-1.00/hgbs-5/H2O_s-1.00_hgbs-5_as-008-010.tensors.npz,H2O,s-1.00,hgbs-5,8,10,18,1367,2563,1770,0.6905969566913773,0,signed_parent_within_randomized,5,2603607841,"reference signed-fermionic parent-block order kept fixed and contiguous, but Pauli descendants randomly permuted inside each parent-owned block",476cea002f892ca4,edd92cc621825ad1,"[1,1,1,1,1,1,1,1,1,1,1,1,1,1,1,1,1,1,1,1,1,1,1,1,1,1,1,1,1,1,1,1,1,1,1,1,1,1,1,1,1,1,1,1,1,1,2,2,2,2,1,1,1,1,1,1,1,1,1,1,1,1,1,1,1,1,1,1,1,1,1,1,1,1,1,1,1,1,1,1,4,1,1,1,4,1,1,1,4,1,1,1,1,1,1,1,1,1,1,1,1,1,1,1,1,1,1,1,1,1,1,1,1,1,1,1,1,1,1,1,1,1,1,1,1,1,1,1,1,1,1,1,1,1,1,1,1,1,1,1,1,1,1,1,1,1,1,1,1,1,1,1,1,1,1,1,1,1,1,1,1,1,1,1,1,1,4,1,1,1,1,1,1,1,1,1,1,1,1,4,4,2,2,2,2,4,4,4,2,4,2,2,2,2,2,2,2,2,2,2,2,2,2,2,2,2,2,2,2,4,4,2,2,2,2,2,2,2,2,2,2,2,2,2,2,2,2,2,2,2,2,2,2,2,2,2,2,4,2,4,2,4,2,2,2,2,4,4,2,2,4,2,4,2,2,4,4,4,2,4,4,4,4,2,2,6,6,2,2,4,4,2,2,4,4,2,2,2,2,2,2,2,2,2,2,2,2,2,2,2,2,4,4,4,2,2,2,4,4,4,4,2,4,4,4,4,4,4,4,4,4,4,4,2,2,4,4,4,4,4,4,4,4,4,6,6,6,6,6,6,4,4,4,4,4,4,4,4,4,4,4,4,4,6,6,2,2,4,4,4,4,4,6,6,6,6,4,4,2,2,4,4,4,4,2,2,6,6,4,2,2,4,4,4,4,4,4,4,2,2,6,6,4,4,4,4,4,6,6,4,4,4,2,2,4,4,4,4,4,4,4,6,6,4,2,4,4,4,4,4,6,6,4,4,4,4,4,4,4,2,2,4,4,4,4,4,4,2,4,4,4,6,6,4,4,4,4,4,4,6,6,6,6,4,4,4,4,4,6,6,4,6,6,4,4,2,2,4,4,4,4,2,2,6,6,4,4,4,4,4,4,4,6,6,4,4,4,4,4,4,4,4,4,4,4,4,4,4,4,4,4,4,2,2,4,4,2,4,2,4,4,4,4,4,4,4,4,4,4,4,4,4,4,4,6,6,6,6,6,6,4,4,4,6,6,4,4,4,4,6,6,2,2,2,2,4,4,4,4,4,4,2,2,2,2,4,2,2,2,2,6,6,4,4,4,4,4,4,2,2,2,2,4,4,4,2,2,4,4,4,4,4,4,4,4,4,4,4,4,2,2,2,2,4,4,4,2,2,2,2,2,4,4,4,2,2,4,4,4,4,2,4,4,4,4,4,2,2,2,4,4,4,4,4,4,4,4,4,4,4,4,4,4,4,4,2,2,4,2,2,4,2,4,4,4,4,4,4,2,2,2,4,4,2,2,4,2,2,2,2,2,4,4,4,2,2,2,2,4,4,2,4,4,4,4,4,4,6,6,2,2,2,4,2,2,2,2,4,4,4,4,4,4,4,4,2,2,2,2,2,2,2,2,4,2,2,4,2,2,4,2,2,2,2,4,2,2,4,4,2,2,4,4,4,2,2,4,2,2,2,2,6,6,4,4,4,4,2,2,4,2,4,4,4,4,4,2,2,4,4,2,2,4,2,2,4,4,4,2,2,6,6,4,4,4,4,2,2,2,2,2,2,2,2,4,4,4,4,4,4,4,2,2,4,4,4,4,2,2,2,2,2,4,4,4,4,4,4,4,4,4,4,4,2,4,4,4,4,4,4,4,4,4,4,2,2,2,2,4,4,4,4,2,2,4,4,4,4,4,4,4,4,2,2,2,2,2,2,2,2,2,2,4,2,2,4,2,2,2,2,2,2,2,2,2,2,2,2,2,2,2,2,2,2,2,2,2,2,2,2,2,2,2,2,2,2,2,2,2,2,2,2,2,2,2,2,2,2,2,2,2,2,2,2,2,2,2,2,2,2,2,2,2,2,2]",1.0,1.0,1.0,1.0,1.0,0.0,0.0,0.0,0.0383300245087807,1.0,41.18633489559596,0.0009306490758632,1.0,0.0,0.0383300245087807,0.0,0.0,0.0,0.0001916501225439,100,0.01,1.0,256300,15876,27.782404166995548,0.08765158301685,45.81547379199765,0.9999999871055476,1.2894452283696012e-08,0.99999906150185,2.5788904345347422e-08,0.9999990571968088,1.1242692546847912,0.0001605892417548,6.407097075111778e-13,6.405986852087153e-13,1e-12,analysis/fermionic_structure_ablation_extension_hgbs5.csv,1.2894464385126982e-08,1.0,0.99999906150185
success,,H2O_s-1.00_hgbs-5_as-008-010,hamiltonian_generator/polyatomic_library/H2O/s-1.00/hgbs-5/H2O_s-1.00_hgbs-5_as-008-010.tensors.npz,H2O,s-1.00,hgbs-5,8,10,18,1367,2563,1770,0.6905969566913773,0,signed_parent_within_randomized,6,2315086758,"reference signed-fermionic parent-block order kept fixed and contiguous, but Pauli descendants randomly permuted inside each parent-owned block",476cea002f892ca4,4689b56734bf1528,"[1,1,1,1,1,1,1,1,1,1,1,1,1,1,1,1,1,1,1,1,1,1,1,1,1,1,1,1,1,1,1,1,1,1,1,1,1,1,1,1,1,1,1,1,1,1,2,2,2,2,1,1,1,1,1,1,1,1,1,1,1,1,1,1,1,1,1,1,1,1,1,1,1,1,1,1,1,1,1,1,4,1,1,1,4,1,1,1,4,1,1,1,1,1,1,1,1,1,1,1,1,1,1,1,1,1,1,1,1,1,1,1,1,1,1,1,1,1,1,1,1,1,1,1,1,1,1,1,1,1,1,1,1,1,1,1,1,1,1,1,1,1,1,1,1,1,1,1,1,1,1,1,1,1,1,1,1,1,1,1,1,1,1,1,1,1,4,1,1,1,1,1,1,1,1,1,1,1,1,4,4,2,2,2,2,4,4,4,2,4,2,2,2,2,2,2,2,2,2,2,2,2,2,2,2,2,2,2,2,4,4,2,2,2,2,2,2,2,2,2,2,2,2,2,2,2,2,2,2,2,2,2,2,2,2,2,2,4,2,4,2,4,2,2,2,2,4,4,2,2,4,2,4,2,2,4,4,4,2,4,4,4,4,2,2,6,6,2,2,4,4,2,2,4,4,2,2,2,2,2,2,2,2,2,2,2,2,2,2,2,2,4,4,4,2,2,2,4,4,4,4,2,4,4,4,4,4,4,4,4,4,4,4,2,2,4,4,4,4,4,4,4,4,4,6,6,6,6,6,6,4,4,4,4,4,4,4,4,4,4,4,4,4,6,6,2,2,4,4,4,4,4,6,6,6,6,4,4,2,2,4,4,4,4,2,2,6,6,4,2,2,4,4,4,4,4,4,4,2,2,6,6,4,4,4,4,4,6,6,4,4,4,2,2,4,4,4,4,4,4,4,6,6,4,2,4,4,4,4,4,6,6,4,4,4,4,4,4,4,2,2,4,4,4,4,4,4,2,4,4,4,6,6,4,4,4,4,4,4,6,6,6,6,4,4,4,4,4,6,6,4,6,6,4,4,2,2,4,4,4,4,2,2,6,6,4,4,4,4,4,4,4,6,6,4,4,4,4,4,4,4,4,4,4,4,4,4,4,4,4,4,4,2,2,4,4,2,4,2,4,4,4,4,4,4,4,4,4,4,4,4,4,4,4,6,6,6,6,6,6,4,4,4,6,6,4,4,4,4,6,6,2,2,2,2,4,4,4,4,4,4,2,2,2,2,4,2,2,2,2,6,6,4,4,4,4,4,4,2,2,2,2,4,4,4,2,2,4,4,4,4,4,4,4,4,4,4,4,4,2,2,2,2,4,4,4,2,2,2,2,2,4,4,4,2,2,4,4,4,4,2,4,4,4,4,4,2,2,2,4,4,4,4,4,4,4,4,4,4,4,4,4,4,4,4,2,2,4,2,2,4,2,4,4,4,4,4,4,2,2,2,4,4,2,2,4,2,2,2,2,2,4,4,4,2,2,2,2,4,4,2,4,4,4,4,4,4,6,6,2,2,2,4,2,2,2,2,4,4,4,4,4,4,4,4,2,2,2,2,2,2,2,2,4,2,2,4,2,2,4,2,2,2,2,4,2,2,4,4,2,2,4,4,4,2,2,4,2,2,2,2,6,6,4,4,4,4,2,2,4,2,4,4,4,4,4,2,2,4,4,2,2,4,2,2,4,4,4,2,2,6,6,4,4,4,4,2,2,2,2,2,2,2,2,4,4,4,4,4,4,4,2,2,4,4,4,4,2,2,2,2,2,4,4,4,4,4,4,4,4,4,4,4,2,4,4,4,4,4,4,4,4,4,4,2,2,2,2,4,4,4,4,2,2,4,4,4,4,4,4,4,4,2,2,2,2,2,2,2,2,2,2,4,2,2,4,2,2,2,2,2,2,2,2,2,2,2,2,2,2,2,2,2,2,2,2,2,2,2,2,2,2,2,2,2,2,2,2,2,2,2,2,2,2,2,2,2,2,2,2,2,2,2,2,2,2,2,2,2,2,2,2,2,2,2]",1.0,1.0,1.0,1.0,1.0,0.0,0.0,0.0,0.0383300245087807,1.0,41.18633489559596,0.0009306490758632,1.0,0.0,0.0383300245087807,0.0,0.0,0.0,0.0001916501225439,100,0.01,1.0,256300,15876,27.782404166995548,0.08765158301685,46.06740066700149,0.9999999871055616,1.2894438405908204e-08,0.999997985242504,2.5788876700794106e-08,0.9999979852424954,1.12426925468479,0.0001605891553368,6.127320872906239e-13,6.126210649881614e-13,1e-12,analysis/fermionic_structure_ablation_extension_hgbs5.csv,1.2894464385126982e-08,1.0,0.9999979852425039
success,,H2O_s-1.00_hgbs-5_as-008-010,hamiltonian_generator/polyatomic_library/H2O/s-1.00/hgbs-5/H2O_s-1.00_hgbs-5_as-008-010.tensors.npz,H2O,s-1.00,hgbs-5,8,10,18,1367,2563,1770,0.6905969566913773,0,signed_parent_within_randomized,7,321801362,"reference signed-fermionic parent-block order kept fixed and contiguous, but Pauli descendants randomly permuted inside each parent-owned block",476cea002f892ca4,3cfad3fb6d4f5527,"[1,1,1,1,1,1,1,1,1,1,1,1,1,1,1,1,1,1,1,1,1,1,1,1,1,1,1,1,1,1,1,1,1,1,1,1,1,1,1,1,1,1,1,1,1,1,2,2,2,2,1,1,1,1,1,1,1,1,1,1,1,1,1,1,1,1,1,1,1,1,1,1,1,1,1,1,1,1,1,1,4,1,1,1,4,1,1,1,4,1,1,1,1,1,1,1,1,1,1,1,1,1,1,1,1,1,1,1,1,1,1,1,1,1,1,1,1,1,1,1,1,1,1,1,1,1,1,1,1,1,1,1,1,1,1,1,1,1,1,1,1,1,1,1,1,1,1,1,1,1,1,1,1,1,1,1,1,1,1,1,1,1,1,1,1,1,4,1,1,1,1,1,1,1,1,1,1,1,1,4,4,2,2,2,2,4,4,4,2,4,2,2,2,2,2,2,2,2,2,2,2,2,2,2,2,2,2,2,2,4,4,2,2,2,2,2,2,2,2,2,2,2,2,2,2,2,2,2,2,2,2,2,2,2,2,2,2,4,2,4,2,4,2,2,2,2,4,4,2,2,4,2,4,2,2,4,4,4,2,4,4,4,4,2,2,6,6,2,2,4,4,2,2,4,4,2,2,2,2,2,2,2,2,2,2,2,2,2,2,2,2,4,4,4,2,2,2,4,4,4,4,2,4,4,4,4,4,4,4,4,4,4,4,2,2,4,4,4,4,4,4,4,4,4,6,6,6,6,6,6,4,4,4,4,4,4,4,4,4,4,4,4,4,6,6,2,2,4,4,4,4,4,6,6,6,6,4,4,2,2,4,4,4,4,2,2,6,6,4,2,2,4,4,4,4,4,4,4,2,2,6,6,4,4,4,4,4,6,6,4,4,4,2,2,4,4,4,4,4,4,4,6,6,4,2,4,4,4,4,4,6,6,4,4,4,4,4,4,4,2,2,4,4,4,4,4,4,2,4,4,4,6,6,4,4,4,4,4,4,6,6,6,6,4,4,4,4,4,6,6,4,6,6,4,4,2,2,4,4,4,4,2,2,6,6,4,4,4,4,4,4,4,6,6,4,4,4,4,4,4,4,4,4,4,4,4,4,4,4,4,4,4,2,2,4,4,2,4,2,4,4,4,4,4,4,4,4,4,4,4,4,4,4,4,6,6,6,6,6,6,4,4,4,6,6,4,4,4,4,6,6,2,2,2,2,4,4,4,4,4,4,2,2,2,2,4,2,2,2,2,6,6,4,4,4,4,4,4,2,2,2,2,4,4,4,2,2,4,4,4,4,4,4,4,4,4,4,4,4,2,2,2,2,4,4,4,2,2,2,2,2,4,4,4,2,2,4,4,4,4,2,4,4,4,4,4,2,2,2,4,4,4,4,4,4,4,4,4,4,4,4,4,4,4,4,2,2,4,2,2,4,2,4,4,4,4,4,4,2,2,2,4,4,2,2,4,2,2,2,2,2,4,4,4,2,2,2,2,4,4,2,4,4,4,4,4,4,6,6,2,2,2,4,2,2,2,2,4,4,4,4,4,4,4,4,2,2,2,2,2,2,2,2,4,2,2,4,2,2,4,2,2,2,2,4,2,2,4,4,2,2,4,4,4,2,2,4,2,2,2,2,6,6,4,4,4,4,2,2,4,2,4,4,4,4,4,2,2,4,4,2,2,4,2,2,4,4,4,2,2,6,6,4,4,4,4,2,2,2,2,2,2,2,2,4,4,4,4,4,4,4,2,2,4,4,4,4,2,2,2,2,2,4,4,4,4,4,4,4,4,4,4,4,2,4,4,4,4,4,4,4,4,4,4,2,2,2,2,4,4,4,4,2,2,4,4,4,4,4,4,4,4,2,2,2,2,2,2,2,2,2,2,4,2,2,4,2,2,2,2,2,2,2,2,2,2,2,2,2,2,2,2,2,2,2,2,2,2,2,2,2,2,2,2,2,2,2,2,2,2,2,2,2,2,2,2,2,2,2,2,2,2,2,2,2,2,2,2,2,2,2,2,2,2,2]",1.0,1.0,1.0,1.0,1.0,0.0,0.0,0.0,0.0383300245087807,1.0,41.18633489559596,0.0009306490758632,1.0,0.0,0.0383300245087807,0.0,0.0,0.0,0.0001916501225439,100,0.01,1.0,256300,15876,27.782404166995548,0.08765158301685,45.85513358400203,0.9999999871055516,1.2894448397915426e-08,0.9999987601492332,2.5788896684808552e-08,0.999998760149228,1.1242692546847906,0.0001605892175578,6.327161017338767e-13,6.326050794314142e-13,1e-12,analysis/fermionic_structure_ablation_extension_hgbs5.csv,1.2894464385126982e-08,1.0,0.9999987601492332
success,,H2O_s-1.00_hgbs-5_as-008-010,hamiltonian_generator/polyatomic_library/H2O/s-1.00/hgbs-5/H2O_s-1.00_hgbs-5_as-008-010.tensors.npz,H2O,s-1.00,hgbs-5,8,10,18,1367,2563,1770,0.6905969566913773,0,signed_parent_within_randomized,8,3340839672,"reference signed-fermionic parent-block order kept fixed and contiguous, but Pauli descendants randomly permuted inside each parent-owned block",476cea002f892ca4,cacf2b126f860678,"[1,1,1,1,1,1,1,1,1,1,1,1,1,1,1,1,1,1,1,1,1,1,1,1,1,1,1,1,1,1,1,1,1,1,1,1,1,1,1,1,1,1,1,1,1,1,2,2,2,2,1,1,1,1,1,1,1,1,1,1,1,1,1,1,1,1,1,1,1,1,1,1,1,1,1,1,1,1,1,1,4,1,1,1,4,1,1,1,4,1,1,1,1,1,1,1,1,1,1,1,1,1,1,1,1,1,1,1,1,1,1,1,1,1,1,1,1,1,1,1,1,1,1,1,1,1,1,1,1,1,1,1,1,1,1,1,1,1,1,1,1,1,1,1,1,1,1,1,1,1,1,1,1,1,1,1,1,1,1,1,1,1,1,1,1,1,4,1,1,1,1,1,1,1,1,1,1,1,1,4,4,2,2,2,2,4,4,4,2,4,2,2,2,2,2,2,2,2,2,2,2,2,2,2,2,2,2,2,2,4,4,2,2,2,2,2,2,2,2,2,2,2,2,2,2,2,2,2,2,2,2,2,2,2,2,2,2,4,2,4,2,4,2,2,2,2,4,4,2,2,4,2,4,2,2,4,4,4,2,4,4,4,4,2,2,6,6,2,2,4,4,2,2,4,4,2,2,2,2,2,2,2,2,2,2,2,2,2,2,2,2,4,4,4,2,2,2,4,4,4,4,2,4,4,4,4,4,4,4,4,4,4,4,2,2,4,4,4,4,4,4,4,4,4,6,6,6,6,6,6,4,4,4,4,4,4,4,4,4,4,4,4,4,6,6,2,2,4,4,4,4,4,6,6,6,6,4,4,2,2,4,4,4,4,2,2,6,6,4,2,2,4,4,4,4,4,4,4,2,2,6,6,4,4,4,4,4,6,6,4,4,4,2,2,4,4,4,4,4,4,4,6,6,4,2,4,4,4,4,4,6,6,4,4,4,4,4,4,4,2,2,4,4,4,4,4,4,2,4,4,4,6,6,4,4,4,4,4,4,6,6,6,6,4,4,4,4,4,6,6,4,6,6,4,4,2,2,4,4,4,4,2,2,6,6,4,4,4,4,4,4,4,6,6,4,4,4,4,4,4,4,4,4,4,4,4,4,4,4,4,4,4,2,2,4,4,2,4,2,4,4,4,4,4,4,4,4,4,4,4,4,4,4,4,6,6,6,6,6,6,4,4,4,6,6,4,4,4,4,6,6,2,2,2,2,4,4,4,4,4,4,2,2,2,2,4,2,2,2,2,6,6,4,4,4,4,4,4,2,2,2,2,4,4,4,2,2,4,4,4,4,4,4,4,4,4,4,4,4,2,2,2,2,4,4,4,2,2,2,2,2,4,4,4,2,2,4,4,4,4,2,4,4,4,4,4,2,2,2,4,4,4,4,4,4,4,4,4,4,4,4,4,4,4,4,2,2,4,2,2,4,2,4,4,4,4,4,4,2,2,2,4,4,2,2,4,2,2,2,2,2,4,4,4,2,2,2,2,4,4,2,4,4,4,4,4,4,6,6,2,2,2,4,2,2,2,2,4,4,4,4,4,4,4,4,2,2,2,2,2,2,2,2,4,2,2,4,2,2,4,2,2,2,2,4,2,2,4,4,2,2,4,4,4,2,2,4,2,2,2,2,6,6,4,4,4,4,2,2,4,2,4,4,4,4,4,2,2,4,4,2,2,4,2,2,4,4,4,2,2,6,6,4,4,4,4,2,2,2,2,2,2,2,2,4,4,4,4,4,4,4,2,2,4,4,4,4,2,2,2,2,2,4,4,4,4,4,4,4,4,4,4,4,2,4,4,4,4,4,4,4,4,4,4,2,2,2,2,4,4,4,4,2,2,4,4,4,4,4,4,4,4,2,2,2,2,2,2,2,2,2,2,4,2,2,4,2,2,2,2,2,2,2,2,2,2,2,2,2,2,2,2,2,2,2,2,2,2,2,2,2,2,2,2,2,2,2,2,2,2,2,2,2,2,2,2,2,2,2,2,2,2,2,2,2,2,2,2,2,2,2,2,2,2,2]",1.0,1.0,1.0,1.0,1.0,0.0,0.0,0.0,0.0383300245087807,1.0,41.18633489559596,0.0009306490758632,1.0,0.0,0.0383300245087807,0.0,0.0,0.0,0.0001916501225439,100,0.01,1.0,256300,15876,27.782404166995548,0.08765158301685,45.8990079590003,0.9999999871055564,1.2894443734978722e-08,0.999998398526093,2.5788887358935145e-08,0.999998398526086,1.1242692546847912,0.0001605891885213,6.233902283270254e-13,6.232792060245629e-13,1e-12,analysis/fermionic_structure_ablation_extension_hgbs5.csv,1.2894464385126982e-08,1.0,0.9999983985260928
success,,H2O_s-1.00_hgbs-5_as-008-010,hamiltonian_generator/polyatomic_library/H2O/s-1.00/hgbs-5/H2O_s-1.00_hgbs-5_as-008-010.tensors.npz,H2O,s-1.00,hgbs-5,8,10,18,1367,2563,1770,0.6905969566913773,0,signed_parent_within_randomized,9,428642481,"reference signed-fermionic parent-block order kept fixed and contiguous, but Pauli descendants randomly permuted inside each parent-owned block",476cea002f892ca4,6d0401d8395890af,"[1,1,1,1,1,1,1,1,1,1,1,1,1,1,1,1,1,1,1,1,1,1,1,1,1,1,1,1,1,1,1,1,1,1,1,1,1,1,1,1,1,1,1,1,1,1,2,2,2,2,1,1,1,1,1,1,1,1,1,1,1,1,1,1,1,1,1,1,1,1,1,1,1,1,1,1,1,1,1,1,4,1,1,1,4,1,1,1,4,1,1,1,1,1,1,1,1,1,1,1,1,1,1,1,1,1,1,1,1,1,1,1,1,1,1,1,1,1,1,1,1,1,1,1,1,1,1,1,1,1,1,1,1,1,1,1,1,1,1,1,1,1,1,1,1,1,1,1,1,1,1,1,1,1,1,1,1,1,1,1,1,1,1,1,1,1,4,1,1,1,1,1,1,1,1,1,1,1,1,4,4,2,2,2,2,4,4,4,2,4,2,2,2,2,2,2,2,2,2,2,2,2,2,2,2,2,2,2,2,4,4,2,2,2,2,2,2,2,2,2,2,2,2,2,2,2,2,2,2,2,2,2,2,2,2,2,2,4,2,4,2,4,2,2,2,2,4,4,2,2,4,2,4,2,2,4,4,4,2,4,4,4,4,2,2,6,6,2,2,4,4,2,2,4,4,2,2,2,2,2,2,2,2,2,2,2,2,2,2,2,2,4,4,4,2,2,2,4,4,4,4,2,4,4,4,4,4,4,4,4,4,4,4,2,2,4,4,4,4,4,4,4,4,4,6,6,6,6,6,6,4,4,4,4,4,4,4,4,4,4,4,4,4,6,6,2,2,4,4,4,4,4,6,6,6,6,4,4,2,2,4,4,4,4,2,2,6,6,4,2,2,4,4,4,4,4,4,4,2,2,6,6,4,4,4,4,4,6,6,4,4,4,2,2,4,4,4,4,4,4,4,6,6,4,2,4,4,4,4,4,6,6,4,4,4,4,4,4,4,2,2,4,4,4,4,4,4,2,4,4,4,6,6,4,4,4,4,4,4,6,6,6,6,4,4,4,4,4,6,6,4,6,6,4,4,2,2,4,4,4,4,2,2,6,6,4,4,4,4,4,4,4,6,6,4,4,4,4,4,4,4,4,4,4,4,4,4,4,4,4,4,4,2,2,4,4,2,4,2,4,4,4,4,4,4,4,4,4,4,4,4,4,4,4,6,6,6,6,6,6,4,4,4,6,6,4,4,4,4,6,6,2,2,2,2,4,4,4,4,4,4,2,2,2,2,4,2,2,2,2,6,6,4,4,4,4,4,4,2,2,2,2,4,4,4,2,2,4,4,4,4,4,4,4,4,4,4,4,4,2,2,2,2,4,4,4,2,2,2,2,2,4,4,4,2,2,4,4,4,4,2,4,4,4,4,4,2,2,2,4,4,4,4,4,4,4,4,4,4,4,4,4,4,4,4,2,2,4,2,2,4,2,4,4,4,4,4,4,2,2,2,4,4,2,2,4,2,2,2,2,2,4,4,4,2,2,2,2,4,4,2,4,4,4,4,4,4,6,6,2,2,2,4,2,2,2,2,4,4,4,4,4,4,4,4,2,2,2,2,2,2,2,2,4,2,2,4,2,2,4,2,2,2,2,4,2,2,4,4,2,2,4,4,4,2,2,4,2,2,2,2,6,6,4,4,4,4,2,2,4,2,4,4,4,4,4,2,2,4,4,2,2,4,2,2,4,4,4,2,2,6,6,4,4,4,4,2,2,2,2,2,2,2,2,4,4,4,4,4,4,4,2,2,4,4,4,4,2,2,2,2,2,4,4,4,4,4,4,4,4,4,4,4,2,4,4,4,4,4,4,4,4,4,4,2,2,2,2,4,4,4,4,2,2,4,4,4,4,4,4,4,4,2,2,2,2,2,2,2,2,2,2,4,2,2,4,2,2,2,2,2,2,2,2,2,2,2,2,2,2,2,2,2,2,2,2,2,2,2,2,2,2,2,2,2,2,2,2,2,2,2,2,2,2,2,2,2,2,2,2,2,2,2,2,2,2,2,2,2,2,2,2,2,2,2]",1.0,1.0,1.0,1.0,1.0,0.0,0.0,0.0,0.0383300245087807,1.0,41.18633489559596,0.0009306490758632,1.0,0.0,0.0383300245087807,0.0,0.0,0.0,0.0001916501225439,100,0.01,1.0,256300,15876,27.782404166995548,0.08765158301685,46.41230904098484,0.9999999871055544,1.2894445511335562e-08,0.9999985362872892,2.578889091164882e-08,0.999998536287283,1.124269254684791,0.0001605891995828,6.269429420058259e-13,6.268319197033634e-13,1e-12,analysis/fermionic_structure_ablation_extension_hgbs5.csv,1.2894464385126982e-08,1.0,0.9999985362872892
success,,NH3_s-1.00_hgbs-5_as-008-010,hamiltonian_generator/polyatomic_library/NH3/s-1.00/hgbs-5/NH3_s-1.00_hgbs-5_as-008-010.tensors.npz,NH3,s-1.00,hgbs-5,8,10,18,3899,7539,5642,0.7483751160631383,0,fermionic_magnitude_reference,-1,-1,complete Hermitian fermionic terms ordered by decreasing absolute canonical coefficient magnitude; final combined JW Pauli order induced by first occurrence,011adb1a1fd45954,b889723139c90724,"[1,1,1,1,1,1,1,1,1,1,1,1,1,1,1,1,1,1,1,1,1,1,1,1,1,1,1,1,1,1,1,1,1,1,1,1,1,1,1,1,1,1,1,1,1,1,2,2,2,2,1,1,1,1,1,1,1,1,1,1,1,1,1,1,1,1,1,1,1,1,4,4,1,1,1,1,1,1,1,1,1,1,1,1,1,1,1,1,4,1,1,1,1,1,1,1,1,1,1,1,1,1,1,1,1,1,1,1,1,1,1,1,1,1,1,1,1,1,1,1,1,1,1,1,1,1,1,1,1,1,1,1,1,1,1,1,1,1,1,1,1,1,1,2,2,1,1,1,1,1,1,1,1,1,1,1,1,1,1,1,1,1,1,1,1,1,1,1,1,1,1,1,1,1,4,1,1,1,1,1,1,2,2,2,4,4,4,4,2,2,2,2,2,2,2,2,2,2,2,2,2,2,2,2,2,2,2,2,2,2,2,2,2,2,2,2,2,2,2,2,4,4,2,4,2,4,2,2,2,2,2,2,2,2,2,2,2,2,2,2,2,2,2,2,2,4,4,2,4,2,2,2,2,2,2,2,4,4,4,4,4,4,4,4,2,2,2,2,2,2,4,2,4,2,4,2,2,2,2,2,2,2,2,4,4,2,4,4,4,4,4,4,4,4,2,2,6,6,4,4,4,4,2,4,2,2,2,4,2,2,2,2,2,4,4,4,2,2,2,2,2,4,4,4,4,2,2,2,2,4,4,2,2,4,4,4,4,4,2,2,4,4,4,4,4,2,2,2,2,2,2,4,4,4,4,2,2,4,4,6,6,2,2,4,4,2,2,2,2,2,2,4,4,4,4,4,4,4,2,2,4,4,4,4,4,4,2,2,2,2,4,4,4,4,4,4,4,4,4,4,4,4,4,2,2,2,2,2,4,4,4,4,4,4,4,2,2,4,4,4,2,2,4,4,4,4,2,2,2,2,2,2,2,4,4,4,6,6,6,6,4,4,2,2,2,2,4,4,4,4,4,2,2,4,4,4,4,4,4,2,2,4,4,4,4,4,4,4,2,2,2,2,4,4,4,4,2,2,4,4,4,2,2,2,6,6,4,4,6,6,6,6,4,4,4,4,4,4,4,4,4,4,4,2,2,2,2,2,4,4,2,2,2,2,4,4,2,2,4,6,6,4,4,2,2,2,2,4,4,4,4,2,2,2,2,2,2,2,2,2,2,2,2,2,2,4,4,4,4,4,4,4,4,6,6,4,4,4,4,4,4,4,4,4,4,4,4,4,6,6,4,4,4,4,4,4,4,4,4,4,4,4,4,4,2,2,2,2,6,6,6,6,4,4,2,2,2,2,6,6,6,6,6,6,6,6,6,6,4,4,4,4,4,4,4,4,4,4,4,4,4,4,4,4,4,4,4,2,2,4,4,4,6,6,6,6,2,2,6,6,2,2,4,4,2,2,2,2,6,6,4,4,4,4,4,4,4,4,4,4,4,4,4,4,4,4,4,4,4,4,4,4,6,6,6,6,6,6,4,4,4,4,4,4,4,4,4,4,6,6,4,4,2,2,4,4,6,6,6,6,4,4,4,4,4,4,2,2,2,2,2,2,6,6,6,6,4,4,4,4,2,2,4,4,2,2,4,4,4,4,2,2,2,2,4,4,4,4,6,6,2,2,2,2,2,4,2,2,6,6,2,2,4,4,4,4,4,4,4,4,2,2,2,2,2,2,4,4,2,2,4,4,4,4,6,6,6,6,4,4,2,2,2,4,4,4,4,2,2,4,4,4,4,4,4,4,4,2,2,2,2,4,4,4,4,4,2,2,2,2,2,2,4,4,4,4,6,6,4,4,4,4,4,4,4,4,2,2,4,4,4,4,4,4,2,2,2,2,2,2,4,4,4,4,4,4,4,4,4,4,4,6,6,2,2,6,6,4,4,4,4,4,4,4,4,2,2,4,4,4,4,4,4,4,4,2,2,4,4,2,2,2,2,2,2,2,2,2,2,4,4,4,4,4,2,2,2,2,2,2,4,4,4,4,4,4,2,2,4,4,4,4,4,4,4,4,4,4,4,2,2,6,6,2,2,2,2,4,4,4,4,2,2,4,4,2,2,4,4,4,4,4,4,4,4,6,6,6,6,4,4,4,2,4,4,4,4,4,4,4,4,4,4,4,2,2,4,6,6,6,6,6,6,4,4,2,2,2,4,4,6,6,4,4,4,4,2,2,4,4,4,4,4,4,4,4,2,2,4,4,4,4,4,4,4,4,4,4,2,2,4,4,4,4,4,4,2,2,2,2,4,4,2,2,2,2,2,2,4,4,4,4,4,4,4,4,4,4,4,4,4,4,4,4,4,2,2,2,2,4,4,4,4,4,4,4,4,4,4,4,2,2,6,6,4,4,4,4,4,4,4,4,4,4,4,4,4,4,4,4,4,4,4,2,2,4,2,2,2,4,4,4,4,4,4,4,4,4,4,4,4,4,6,6,2,2,4,4,4,4,4,4,4,4,4,4,4,2,2,2,2,4,4,2,4,4,4,4,4,4,4,4,4,2,2,4,4,4,4,4,4,4,2,2,2,2,4,4,4,4,4,4,4,4,4,4,4,2,2,4,4,2,2,4,4,4,6,6,4,4,4,4,4,4,4,4,4,4,4,4,6,6,6,6,2,2,2,2,4,4,4,4,4,4,4,4,4,4,4,4,4,4,4,4,4,4,4,4,4,4,4,4,4,4,2,2,6,6,4,4,2,2,4,4,4,4,2,2,4,4,4,4,4,4,4,4,4,4,4,4,4,4,4,4,4,4,4,4,2,2,6,6,2,2,4,4,4,4,4,4,4,4,4,4,4,4,4,4,4,4,2,2,4,4,2,2,2,4,4,4,4,4,4,4,2,2,2,2,2,2,2,2,4,4,4,4,4,4,4,2,2,2,2,4,4,6,6,6,6,6,6,4,4,4,4,2,2,4,4,4,4,6,6,4,4,2,4,4,4,4,4,4,4,4,4,4,4,4,4,4,4,4,4,4,2,2,2,2,4,4,4,4,4,4,4,2,2,2,2,4,4,4,4,4,4,2,4,2,2,6,6,6,6,6,6,4,4,4,4,4,4,4,4,4,2,4,4,4,4,4,4,4,4,4,4,4,4,4,4,4,4,4,4,4,4,4,4,6,6,4,4,2,2,4,4,4,4,4,4,4,4,4,4,4,4,4,4,4,4,2,2,2,2,2,4,4,4,4,4,4,2,2,4,2,4,4,2,2,4,4,4,4,4,4,4,4,4,4,4,4,4,4,4,4,4,4,4,6,6,4,4,4,4,4,4,4,6,6,4,4,4,4,4,4,4,4,4,4,2,2,4,4,2,2,2,4,4,4,4,4,4,4,4,2,2,6,6,6,6,6,6,4,4,4,4,4,6,6,2,2,4,4,4,4,4,2,2,4,4,2,2,4,2,2,2,4,4,2,2,4,4,4,4,4,4,4,4,4,4,4,2,2,4,4,4,4,4,4,4,4,4,4,4,4,6,6,4,4,2,2,2,2,4,4,4,4,4,4,4,2,2,2,2,4,2,2,4,4,2,2,4,4,4,4,2,2,4,4,4,2,2,4,4,2,2,2,4,2,2,4,4,4,2,2,4,4,4,4,4,2,2,4,4,4,4,2,2,2,2,2,2,2,4,4,4,4,4,4,2,2,2,4,4,4,2,2,4,4,2,2,4,4,2,4,4,6,6,4,4,4,4,4,4,2,2,4,4,4,4,4,4,4,4,4,4,4,4,2,2,2,4,4,4,6,6,6,6,6,6,4,2,4,4,4,4,4,2,2,2,2,4,4,4,4,2,2,2,2,2,2,2,2,2,4,4,4,4,4,2,2,4,4,2,2,4,4,4,2,2,2,2,2,4,4,2,2,4,4,2,2,4,4,2,2,4,4,4,4,4,4,2,2,2,2,2,2,4,4,4,4,4,4,4,4,4,4,4,4,4,4,4,4,4,4,4,4,4,4,4,4,4,2,2,4,4,4,4,2,2,4,4,2,2,4,4,4,2,2,2,4,4,4,4,4,4,4,4,2,2,4,4,2,2,4,4,4,2,2,4,4,4,4,4,2,2,2,4,4,6,6,6,6,4,4,2,2,2,2,4,4,4,4,2,2,4,2,2,2,2,4,4,4,4,4,4,4,2,2,2,2,2,2,4,4,2,2,2,2,2,2,2,2,2,2,2,2,6,6,2,2,2,2,4,4,2,2,4,4,4,4,4,4,4,4,2,2,2,2,2,4,4,4,4,2,2,2,2,4,2,2,4,4,4,4,4,2,4,4,4,4,4,2,2,2,2,2,2,4,4,2,2,4,4,2,2,2,2,4,4,2,2,4,2,2,2,2,6,6,2,2,2,2,4,4,2,2,2,2,4,2,2,2,2,2,2,2,2,6,6,4,4,2,2,4,4,2,2,4,2,2,2,2,2,2,4,4,4,4,4,4,2,2,2,2,2,2,4,4,4,4,2,2,4,4,4,2,2,4,4,4,4,4,4,4,4,2,2,4,4,2,2,2,2,2,2,2,4,4,2,2,4,4,6,6,4,4,4,2,2,4,4,2,2,2,2,4,4,2,2,2,2,4,4,4,4,4,4,2,2,4,4,2,2,2,2,4,4,4,4,4,4,4,4,4,4,2,2,2,2,4,4,4,4,4,4,4,4,2,2,2,2,4,4,2,2,4,4,4,4,2,2,4,2,2,4,4,4,4,4,4,4,4,4,2,2,2,2,4,2,2,2,2,4,4,4,4,4,4,2,2,2,2,4,4,4,4,4,4,2,2,2,2,2,2,2,2,2,2,2,2,2,2,2,4,4,4,4,4,4,4,2,2,2,2,2,2,2,2,2,2,4,2,2,4,4,2,2,4,4,4,4,4,4,4,4,4,4,4,4,4,4,4,4,4,2,2,2,2,4,4,4,2,2,4,4,2,2,2,2,4,4,2,2,4,4,4,2,2,2,2,2,2,4,4,4,2,2,2,2,2,2,2,2,2,2,2,2,2,2,2,2,4,4,4,2,2,4,4,4,2,2,4,4,2,2,2,2,2,2,2,2,2,2,2,2,2,4,2,2,2,2,2,2,2,2,2,2,2,4,2,2,2,2,2,2,2,2,2,2,2,2,2,2,2,2,2,2,2,2,2,2,2,2,2,2,2,2,2,2,2,2,2,2,2,2,2,2,2,2,2,2,2,2,2,2,2,2,2,2,2,2,2,2,2,2,2,2,2,2,2,2,2,2,2,2,2,2,2,2,2,2,2,2,2,2,2,2,2,2,2,2,2,2,2,2,2,4,2,2]",1.0088644997889404,3.0,0.991557619248628,2.1289573659772056,2.4188884467436,0.3187066187619637,0.0464289876912888,0.0464289876912888,0.1720265521414798,7.7850348590094045,24.48641742107381,0.0070253867351549,7.785034859009404,0.0,0.1720265521414798,0.0,0.0,0.0,0.0008601327607073,100,0.01,1.0,753900,15876,103.26404916701722,0.2530182909977156,137.65117054097936,0.9999996401310712,3.598689288786261e-07,61.3058291119603,7.197377283052475e-07,61.305818085497826,1.7798630301553595,0.0008483736545633,6.300515664747763e-13,6.300515664747763e-13,1e-12,analysis/fermionic_structure_ablation_extension_hgbs5.csv,5.870060548751611e-09,60.60676775599158,61.30582911196029
success,,NH3_s-1.00_hgbs-5_as-008-010,hamiltonian_generator/polyatomic_library/NH3/s-1.00/hgbs-5/NH3_s-1.00_hgbs-5_as-008-010.tensors.npz,NH3,s-1.00,hgbs-5,8,10,18,3899,7539,5642,0.7483751160631383,0,fermionic_signed_reference,-1,-1,complete Hermitian fermionic terms ordered by increasing signed canonical coefficient; final combined JW Pauli order induced by first occurrence,35908033848146f5,3987508e6556f22a,"[1,1,1,1,1,1,1,1,1,1,1,1,1,1,1,1,1,1,1,1,1,1,1,1,1,1,1,1,1,1,1,1,1,1,1,1,1,1,1,1,1,1,1,1,1,1,2,2,2,2,1,1,1,1,1,1,1,1,1,1,1,1,1,1,1,1,1,1,1,1,4,4,1,1,1,1,1,1,1,1,1,1,1,1,1,1,1,1,4,1,1,1,1,1,1,1,1,1,1,1,1,1,1,1,1,1,1,1,1,1,1,1,1,1,1,1,1,1,1,1,1,1,1,1,1,1,1,1,1,1,1,1,1,1,1,1,1,1,1,1,1,1,1,2,2,1,1,1,1,1,1,1,1,1,1,1,1,1,1,1,1,1,1,1,1,1,1,1,1,1,1,1,1,1,4,1,1,1,1,1,1,2,2,2,4,4,4,4,2,2,2,2,2,2,2,2,2,2,2,2,2,2,2,2,2,2,2,2,2,2,2,2,2,2,2,2,2,2,2,2,4,4,2,4,2,4,2,2,2,2,2,2,2,2,2,2,2,2,2,2,2,2,2,2,2,4,4,2,4,2,2,2,2,2,2,2,4,4,4,4,4,4,4,4,2,2,2,2,2,2,4,2,4,2,4,2,2,2,2,2,2,2,2,4,4,2,4,4,4,4,4,4,4,4,2,2,6,6,4,4,4,4,2,4,2,2,2,4,2,2,2,2,2,4,4,4,2,2,2,2,2,4,4,4,4,2,2,2,2,4,4,2,2,4,4,4,4,4,2,2,4,4,4,4,4,2,2,2,2,2,2,4,4,4,4,2,2,4,4,6,6,2,2,4,4,2,2,2,2,2,2,4,4,4,4,4,4,4,2,2,4,4,4,4,4,4,2,2,2,2,4,4,4,4,4,4,4,4,4,4,4,4,4,2,2,2,2,2,4,4,4,4,4,4,4,2,2,4,4,4,2,2,4,4,4,4,2,2,2,2,2,2,2,4,4,4,6,6,6,6,4,4,2,2,2,2,4,4,4,4,4,2,2,4,4,4,4,4,4,2,2,4,4,4,4,4,4,4,2,2,2,2,4,4,4,4,2,2,4,4,4,2,2,2,6,6,4,4,6,6,6,6,4,4,4,4,4,4,4,4,4,4,4,2,2,2,2,2,4,4,2,2,2,2,4,4,2,2,4,6,6,4,4,2,2,2,2,4,4,4,4,2,2,2,2,2,2,2,2,2,2,2,2,2,2,4,4,4,4,4,4,4,4,6,6,4,4,4,4,4,4,4,4,4,4,4,4,4,6,6,4,4,4,4,4,4,4,4,4,4,4,4,4,4,2,2,2,2,6,6,6,6,4,4,2,2,2,2,6,6,6,6,6,6,6,6,6,6,4,4,4,4,4,4,4,4,4,4,4,4,4,4,4,4,4,4,4,2,2,4,4,4,6,6,6,6,2,2,6,6,2,2,4,4,2,2,2,2,6,6,4,4,4,4,4,4,4,4,4,4,4,4,4,4,4,4,4,4,4,4,4,4,6,6,6,6,6,6,4,4,4,4,4,4,4,4,4,4,6,6,4,4,2,2,4,4,6,6,6,6,4,4,4,4,4,4,2,2,2,2,2,2,6,6,6,6,4,4,4,4,2,2,4,4,2,2,4,4,4,4,2,2,2,2,4,4,4,4,6,6,2,2,2,2,2,4,2,2,6,6,2,2,4,4,4,4,4,4,4,4,2,2,2,2,2,2,4,4,2,2,4,4,4,4,6,6,6,6,4,4,2,2,2,4,4,4,4,2,2,4,4,4,4,4,4,4,4,2,2,2,2,4,4,4,4,4,2,2,2,2,2,2,4,4,4,4,6,6,4,4,4,4,4,4,4,4,2,2,4,4,4,4,4,4,2,2,2,2,2,2,4,4,4,4,4,4,4,4,4,4,4,6,6,2,2,6,6,4,4,4,4,4,4,4,4,2,2,4,4,4,4,4,4,4,4,2,2,4,4,2,2,2,2,2,2,2,2,2,2,4,4,4,4,4,2,2,2,2,2,2,4,4,4,4,4,4,2,2,4,4,4,4,4,4,4,4,4,4,4,2,2,6,6,2,2,2,2,4,4,4,4,2,2,4,4,2,2,4,4,4,4,4,4,4,4,6,6,6,6,4,4,4,2,4,4,4,4,4,4,4,4,4,4,4,2,2,4,6,6,6,6,6,6,4,4,2,2,2,4,4,6,6,4,4,4,4,2,2,4,4,4,4,4,4,4,4,2,2,4,4,4,4,4,4,4,4,4,4,2,2,4,4,4,4,4,4,2,2,2,2,4,4,2,2,2,2,2,2,4,4,4,4,4,4,4,4,4,4,4,4,4,4,4,4,4,2,2,2,2,4,4,4,4,4,4,4,4,4,4,4,2,2,6,6,4,4,4,4,4,4,4,4,4,4,4,4,4,4,4,4,4,4,4,2,2,4,2,2,2,4,4,4,4,4,4,4,4,4,4,4,4,4,6,6,2,2,4,4,4,4,4,4,4,4,4,4,4,2,2,2,2,4,4,2,4,4,4,4,4,4,4,4,4,2,2,4,4,4,4,4,4,4,2,2,2,2,4,4,4,4,4,4,4,4,4,4,4,2,2,4,4,2,2,4,4,4,6,6,4,4,4,4,4,4,4,4,4,4,4,4,6,6,6,6,2,2,2,2,4,4,4,4,4,4,4,4,4,4,4,4,4,4,4,4,4,4,4,4,4,4,4,4,4,4,2,2,6,6,4,4,2,2,4,4,4,4,2,2,4,4,4,4,4,4,4,4,4,4,4,4,4,4,4,4,4,4,4,4,2,2,6,6,2,2,4,4,4,4,4,4,4,4,4,4,4,4,4,4,4,4,2,2,4,4,2,2,2,4,4,4,4,4,4,4,2,2,2,2,2,2,2,2,4,4,4,4,4,4,4,2,2,2,2,4,4,6,6,6,6,6,6,4,4,4,4,2,2,4,4,4,4,6,6,4,4,2,4,4,4,4,4,4,4,4,4,4,4,4,4,4,4,4,4,4,2,2,2,2,4,4,4,4,4,4,4,2,2,2,2,4,4,4,4,4,4,2,4,2,2,6,6,6,6,6,6,4,4,4,4,4,4,4,4,4,2,4,4,4,4,4,4,4,4,4,4,4,4,4,4,4,4,4,4,4,4,4,4,6,6,4,4,2,2,4,4,4,4,4,4,4,4,4,4,4,4,4,4,4,4,2,2,2,2,2,4,4,4,4,4,4,2,2,4,2,4,4,2,2,4,4,4,4,4,4,4,4,4,4,4,4,4,4,4,4,4,4,4,6,6,4,4,4,4,4,4,4,6,6,4,4,4,4,4,4,4,4,4,4,2,2,4,4,2,2,2,4,4,4,4,4,4,4,4,2,2,6,6,6,6,6,6,4,4,4,4,4,6,6,2,2,4,4,4,4,4,2,2,4,4,2,2,4,2,2,2,4,4,2,2,4,4,4,4,4,4,4,4,4,4,4,2,2,4,4,4,4,4,4,4,4,4,4,4,4,6,6,4,4,2,2,2,2,4,4,4,4,4,4,4,2,2,2,2,4,2,2,4,4,2,2,4,4,4,4,2,2,4,4,4,2,2,4,4,2,2,2,4,2,2,4,4,4,2,2,4,4,4,4,4,2,2,4,4,4,4,2,2,2,2,2,2,2,4,4,4,4,4,4,2,2,2,4,4,4,2,2,4,4,2,2,4,4,2,4,4,6,6,4,4,4,4,4,4,2,2,4,4,4,4,4,4,4,4,4,4,4,4,2,2,2,4,4,4,6,6,6,6,6,6,4,2,4,4,4,4,4,2,2,2,2,4,4,4,4,2,2,2,2,2,2,2,2,2,4,4,4,4,4,2,2,4,4,2,2,4,4,4,2,2,2,2,2,4,4,2,2,4,4,2,2,4,4,2,2,4,4,4,4,4,4,2,2,2,2,2,2,4,4,4,4,4,4,4,4,4,4,4,4,4,4,4,4,4,4,4,4,4,4,4,4,4,2,2,4,4,4,4,2,2,4,4,2,2,4,4,4,2,2,2,4,4,4,4,4,4,4,4,2,2,4,4,2,2,4,4,4,2,2,4,4,4,4,4,2,2,2,4,4,6,6,6,6,4,4,2,2,2,2,4,4,4,4,2,2,4,2,2,2,2,4,4,4,4,4,4,4,2,2,2,2,2,2,4,4,2,2,2,2,2,2,2,2,2,2,2,2,6,6,2,2,2,2,4,4,2,2,4,4,4,4,4,4,4,4,2,2,2,2,2,4,4,4,4,2,2,2,2,4,2,2,4,4,4,4,4,2,4,4,4,4,4,2,2,2,2,2,2,4,4,2,2,4,4,2,2,2,2,4,4,2,2,4,2,2,2,2,6,6,2,2,2,2,4,4,2,2,2,2,4,2,2,2,2,2,2,2,2,6,6,4,4,2,2,4,4,2,2,4,2,2,2,2,2,2,4,4,4,4,4,4,2,2,2,2,2,2,4,4,4,4,2,2,4,4,4,2,2,4,4,4,4,4,4,4,4,2,2,4,4,2,2,2,2,2,2,2,4,4,2,2,4,4,6,6,4,4,4,2,2,4,4,2,2,2,2,4,4,2,2,2,2,4,4,4,4,4,4,2,2,4,4,2,2,2,2,4,4,4,4,4,4,4,4,4,4,2,2,2,2,4,4,4,4,4,4,4,4,2,2,2,2,4,4,2,2,4,4,4,4,2,2,4,2,2,4,4,4,4,4,4,4,4,4,2,2,2,2,4,2,2,2,2,4,4,4,4,4,4,2,2,2,2,4,4,4,4,4,4,2,2,2,2,2,2,2,2,2,2,2,2,2,2,2,4,4,4,4,4,4,4,2,2,2,2,2,2,2,2,2,2,4,2,2,4,4,2,2,4,4,4,4,4,4,4,4,4,4,4,4,4,4,4,4,4,2,2,2,2,4,4,4,2,2,4,4,2,2,2,2,4,4,2,2,4,4,4,2,2,2,2,2,2,4,4,4,2,2,2,2,2,2,2,2,2,2,2,2,2,2,2,2,4,4,4,2,2,4,4,4,2,2,4,4,2,2,2,2,2,2,2,2,2,2,2,2,2,4,2,2,2,2,2,2,2,2,2,2,2,4,2,2,2,2,2,2,2,2,2,2,2,2,2,2,2,2,2,2,2,2,2,2,2,2,2,2,2,2,2,2,2,2,2,2,2,2,2,2,2,2,2,2,2,2,2,2,2,2,2,2,2,2,2,2,2,2,2,2,2,2,2,2,2,2,2,2,2,2,2,2,2,2,2,2,2,2,2,2,2,2,2,2,2,2,2,2,2,4,2,2]",1.0,1.0,1.0,1.0,1.0,0.0,0.0,0.0,0.0220970818059213,1.0,24.48641742107381,0.0009024220009785,1.0,0.0,0.0220970818059213,0.0,0.0,0.0,0.0001104854090296,100,0.01,1.0,753900,15876,103.26404916701722,0.2530182909977156,135.58054470899515,0.9999999941299396,5.870060548751611e-09,1.0,1.1740121097503222e-08,1.0,1.7798625546277087,0.0001083518393821,5.621059173677169e-13,5.621059173677169e-13,1e-12,analysis/fermionic_structure_ablation_extension_hgbs5.csv,5.870060548751611e-09,1.0,1.0
success,,NH3_s-1.00_hgbs-5_as-008-010,hamiltonian_generator/polyatomic_library/NH3/s-1.00/hgbs-5/NH3_s-1.00_hgbs-5_as-008-010.tensors.npz,NH3,s-1.00,hgbs-5,8,10,18,3899,7539,5642,0.7483751160631383,0,jw_signed_baseline,-1,-1,final JW Pauli terms ordered directly by increasing signed coefficient with dense Pauli lexicographic tie-breaking,,aed5634d20137539,"[1,1,1,1,1,1,1,1,1,1,1,1,1,1,1,1,1,1,1,1,1,1,1,1,1,1,1,1,1,1,1,1,1,1,1,1,1,1,1,1,1,1,1,1,1,1,2,2,2,2,1,1,1,1,1,1,1,1,1,1,1,1,1,1,1,1,1,1,1,1,4,4,1,1,1,1,1,1,1,1,1,1,1,1,1,1,1,1,4,1,1,1,1,1,1,1,1,1,1,1,1,1,1,1,1,1,1,1,1,1,1,1,1,1,1,1,1,1,1,1,1,1,1,1,1,1,1,1,1,1,1,1,1,1,1,1,1,1,1,1,1,1,1,2,2,1,1,1,1,1,1,1,1,1,1,1,1,1,1,1,1,1,1,1,1,1,1,1,1,1,1,1,1,1,4,1,1,1,1,1,1,2,2,2,4,4,4,4,2,2,2,2,2,2,2,2,2,2,2,2,2,2,2,2,2,2,2,2,2,2,2,2,2,2,2,2,2,2,2,2,4,4,2,4,2,4,2,2,2,2,2,2,2,2,2,2,2,2,2,2,2,2,2,2,2,4,4,2,4,2,2,2,2,2,2,2,4,4,4,4,4,4,4,4,2,2,2,2,2,2,4,2,4,2,4,2,2,2,2,2,2,2,2,4,4,2,4,4,4,4,4,4,4,4,2,2,6,6,4,4,4,4,2,4,2,2,2,4,2,2,2,2,2,4,4,4,2,2,2,2,2,4,4,4,4,2,2,2,2,4,4,2,2,4,4,4,4,4,2,2,4,4,4,4,4,2,2,2,2,2,2,4,4,4,4,2,2,4,4,6,6,2,2,4,4,2,2,2,2,2,2,4,4,4,4,4,4,4,2,2,4,4,4,4,4,4,2,2,2,2,4,4,4,4,4,4,4,4,4,4,4,4,4,2,2,2,2,2,4,4,4,4,4,4,4,2,2,4,4,4,2,2,4,4,4,4,2,2,2,2,2,2,2,4,4,4,6,6,6,6,4,4,2,2,2,2,4,4,4,4,4,2,2,4,4,4,4,4,4,2,2,4,4,4,4,4,4,4,2,2,2,2,4,4,4,4,2,2,4,4,4,2,2,2,6,6,4,4,6,6,6,6,4,4,4,4,4,4,4,4,4,4,4,2,2,2,2,2,4,4,2,2,2,2,4,4,2,2,4,6,6,4,4,2,2,2,2,4,4,4,4,2,2,2,2,2,2,2,2,2,2,2,2,2,2,4,4,4,4,4,4,4,4,6,6,4,4,4,4,4,4,4,4,4,4,4,4,4,6,6,4,4,4,4,4,4,4,4,4,4,4,4,4,4,2,2,2,2,6,6,6,6,4,4,2,2,2,2,6,6,6,6,6,6,6,6,6,6,4,4,4,4,4,4,4,4,4,4,4,4,4,4,4,4,4,4,4,2,2,4,4,4,6,6,6,6,2,2,6,6,2,2,4,4,2,2,2,2,6,6,4,4,4,4,4,4,4,4,4,4,4,4,4,4,4,4,4,4,4,4,4,4,6,6,6,6,6,6,4,4,4,4,4,4,4,4,4,4,6,6,4,4,2,2,4,4,6,6,6,6,4,4,4,4,4,4,2,2,2,2,2,2,6,6,6,6,4,4,4,4,2,2,4,4,2,2,4,4,4,4,2,2,2,2,4,4,4,4,6,6,2,2,2,2,2,4,2,2,6,6,2,2,4,4,4,4,4,4,4,4,2,2,2,2,2,2,4,4,2,2,4,4,4,4,6,6,6,6,4,4,2,2,2,4,4,4,4,2,2,4,4,4,4,4,4,4,4,2,2,2,2,4,4,4,4,4,2,2,2,2,2,2,4,4,4,4,6,6,4,4,4,4,4,4,4,4,2,2,4,4,4,4,4,4,2,2,2,2,2,2,4,4,4,4,4,4,4,4,4,4,4,6,6,2,2,6,6,4,4,4,4,4,4,4,4,2,2,4,4,4,4,4,4,4,4,2,2,4,4,2,2,2,2,2,2,2,2,2,2,4,4,4,4,4,2,2,2,2,2,2,4,4,4,4,4,4,2,2,4,4,4,4,4,4,4,4,4,4,4,2,2,6,6,2,2,2,2,4,4,4,4,2,2,4,4,2,2,4,4,4,4,4,4,4,4,6,6,6,6,4,4,4,2,4,4,4,4,4,4,4,4,4,4,4,2,2,4,6,6,6,6,6,6,4,4,2,2,2,4,4,6,6,4,4,4,4,2,2,4,4,4,4,4,4,4,4,2,2,4,4,4,4,4,4,4,4,4,4,2,2,4,4,4,4,4,4,2,2,2,2,4,4,2,2,2,2,2,2,4,4,4,4,4,4,4,4,4,4,4,4,4,4,4,4,4,2,2,2,2,4,4,4,4,4,4,4,4,4,4,4,2,2,6,6,4,4,4,4,4,4,4,4,4,4,4,4,4,4,4,4,4,4,4,2,2,4,2,2,2,4,4,4,4,4,4,4,4,4,4,4,4,4,6,6,2,2,4,4,4,4,4,4,4,4,4,4,4,2,2,2,2,4,4,2,4,4,4,4,4,4,4,4,4,2,2,4,4,4,4,4,4,4,2,2,2,2,4,4,4,4,4,4,4,4,4,4,4,2,2,4,4,2,2,4,4,4,6,6,4,4,4,4,4,4,4,4,4,4,4,4,6,6,6,6,2,2,2,2,4,4,4,4,4,4,4,4,4,4,4,4,4,4,4,4,4,4,4,4,4,4,4,4,4,4,2,2,6,6,4,4,2,2,4,4,4,4,2,2,4,4,4,4,4,4,4,4,4,4,4,4,4,4,4,4,4,4,4,4,2,2,6,6,2,2,4,4,4,4,4,4,4,4,4,4,4,4,4,4,4,4,2,2,4,4,2,2,2,4,4,4,4,4,4,4,2,2,2,2,2,2,2,2,4,4,4,4,4,4,4,2,2,2,2,4,4,6,6,6,6,6,6,4,4,4,4,2,2,4,4,4,4,6,6,4,4,2,4,4,4,4,4,4,4,4,4,4,4,4,4,4,4,4,4,4,2,2,2,2,4,4,4,4,4,4,4,2,2,2,2,4,4,4,4,4,4,2,4,2,2,6,6,6,6,6,6,4,4,4,4,4,4,4,4,4,2,4,4,4,4,4,4,4,4,4,4,4,4,4,4,4,4,4,4,4,4,4,4,6,6,4,4,2,2,4,4,4,4,4,4,4,4,4,4,4,4,4,4,4,4,2,2,2,2,2,4,4,4,4,4,4,2,2,4,2,4,4,2,2,4,4,4,4,4,4,4,4,4,4,4,4,4,4,4,4,4,4,4,6,6,4,4,4,4,4,4,4,6,6,4,4,4,4,4,4,4,4,4,4,2,2,4,4,2,2,2,4,4,4,4,4,4,4,4,2,2,6,6,6,6,6,6,4,4,4,4,4,6,6,2,2,4,4,4,4,4,2,2,4,4,2,2,4,2,2,2,4,4,2,2,4,4,4,4,4,4,4,4,4,4,4,2,2,4,4,4,4,4,4,4,4,4,4,4,4,6,6,4,4,2,2,2,2,4,4,4,4,4,4,4,2,2,2,2,4,2,2,4,4,2,2,4,4,4,4,2,2,4,4,4,2,2,4,4,2,2,2,4,2,2,4,4,4,2,2,4,4,4,4,4,2,2,4,4,4,4,2,2,2,2,2,2,2,4,4,4,4,4,4,2,2,2,4,4,4,2,2,4,4,2,2,4,4,2,4,4,6,6,4,4,4,4,4,4,2,2,4,4,4,4,4,4,4,4,4,4,4,4,2,2,2,4,4,4,6,6,6,6,6,6,4,2,4,4,4,4,4,2,2,2,2,4,4,4,4,2,2,2,2,2,2,2,2,2,4,4,4,4,4,2,2,4,4,2,2,4,4,4,2,2,2,2,2,4,4,2,2,4,4,2,2,4,4,2,2,4,4,4,4,4,4,2,2,2,2,2,2,4,4,4,4,4,4,4,4,4,4,4,4,4,4,4,4,4,4,4,4,4,4,4,4,4,2,2,4,4,4,4,2,2,4,4,2,2,4,4,4,2,2,2,4,4,4,4,4,4,4,4,2,2,4,4,2,2,4,4,4,2,2,4,4,4,4,4,2,2,2,4,4,6,6,6,6,4,4,2,2,2,2,4,4,4,4,2,2,4,2,2,2,2,4,4,4,4,4,4,4,2,2,2,2,2,2,4,4,2,2,2,2,2,2,2,2,2,2,2,2,6,6,2,2,2,2,4,4,2,2,4,4,4,4,4,4,4,4,2,2,2,2,2,4,4,4,4,2,2,2,2,4,2,2,4,4,4,4,4,2,4,4,4,4,4,2,2,2,2,2,2,4,4,2,2,4,4,2,2,2,2,4,4,2,2,4,2,2,2,2,6,6,2,2,2,2,4,4,2,2,2,2,4,2,2,2,2,2,2,2,2,6,6,4,4,2,2,4,4,2,2,4,2,2,2,2,2,2,4,4,4,4,4,4,2,2,2,2,2,2,4,4,4,4,2,2,4,4,4,2,2,4,4,4,4,4,4,4,4,2,2,4,4,2,2,2,2,2,2,2,4,4,2,2,4,4,6,6,4,4,4,2,2,4,4,2,2,2,2,4,4,2,2,2,2,4,4,4,4,4,4,2,2,4,4,2,2,2,2,4,4,4,4,4,4,4,4,4,4,2,2,2,2,4,4,4,4,4,4,4,4,2,2,2,2,4,4,2,2,4,4,4,4,2,2,4,2,2,4,4,4,4,4,4,4,4,4,2,2,2,2,4,2,2,2,2,4,4,4,4,4,4,2,2,2,2,4,4,4,4,4,4,2,2,2,2,2,2,2,2,2,2,2,2,2,2,2,4,4,4,4,4,4,4,2,2,2,2,2,2,2,2,2,2,4,2,2,4,4,2,2,4,4,4,4,4,4,4,4,4,4,4,4,4,4,4,4,4,2,2,2,2,4,4,4,2,2,4,4,2,2,2,2,4,4,2,2,4,4,4,2,2,2,2,2,2,4,4,4,2,2,2,2,2,2,2,2,2,2,2,2,2,2,2,2,4,4,4,2,2,4,4,4,2,2,4,4,2,2,2,2,2,2,2,2,2,2,2,2,2,4,2,2,2,2,2,2,2,2,2,2,2,4,2,2,2,2,2,2,2,2,2,2,2,2,2,2,2,2,2,2,2,2,2,2,2,2,2,2,2,2,2,2,2,2,2,2,2,2,2,2,2,2,2,2,2,2,2,2,2,2,2,2,2,2,2,2,2,2,2,2,2,2,2,2,2,2,2,2,2,2,2,2,2,2,2,2,2,2,2,2,2,2,2,2,2,2,2,2,2,4,2,2]",1.380751371886872,3.0,0.7087378640776699,188.32478542282257,251.8782331874254,0.6709950898441878,0.8922224595109721,0.8922224595109721,0.2718159862490386,12.30099017763516,24.48641742107381,0.0111006841701189,12.30099017763516,0.0,0.2718159862490386,0.0,0.0,0.0,0.0013590799312451,100,0.01,1.0,753900,15876,103.26404916701722,0.2530182909977156,139.91646033298457,0.999999749582648,2.504173519657371e-07,42.66009692506384,5.008346412038733e-07,42.66009158205244,1.7798634387008587,0.0007076967598706,1.28081186767659e-08,1.2808950788922855e-08,1e-12,analysis/fermionic_structure_ablation_extension_hgbs5.csv,5.870060548751611e-09,151.3143593502767,42.66009692506383
success,,NH3_s-1.00_hgbs-5_as-008-010,hamiltonian_generator/polyatomic_library/NH3/s-1.00/hgbs-5/NH3_s-1.00_hgbs-5_as-008-010.tensors.npz,NH3,s-1.00,hgbs-5,8,10,18,3899,7539,5642,0.7483751160631383,0,signed_parent_blocks_randomized,0,2602323171,"reference signed-fermionic parent-owned Pauli blocks preserved internally and kept contiguous, but whole parent blocks randomly permuted",25589338f04a496f,e7ee6c6f4eb8a789,"[1,1,1,1,1,1,1,1,1,1,1,1,1,1,1,1,1,1,1,1,1,1,1,1,1,1,1,1,1,1,1,1,1,1,1,1,1,1,1,1,1,1,1,1,1,1,2,2,2,2,1,1,1,1,1,1,1,1,1,1,1,1,1,1,1,1,1,1,1,1,4,4,1,1,1,1,1,1,1,1,1,1,1,1,1,1,1,1,4,1,1,1,1,1,1,1,1,1,1,1,1,1,1,1,1,1,1,1,1,1,1,1,1,1,1,1,1,1,1,1,1,1,1,1,1,1,1,1,1,1,1,1,1,1,1,1,1,1,1,1,1,1,1,2,2,1,1,1,1,1,1,1,1,1,1,1,1,1,1,1,1,1,1,1,1,1,1,1,1,1,1,1,1,1,4,1,1,1,1,1,1,2,2,2,4,4,4,4,2,2,2,2,2,2,2,2,2,2,2,2,2,2,2,2,2,2,2,2,2,2,2,2,2,2,2,2,2,2,2,2,4,4,2,4,2,4,2,2,2,2,2,2,2,2,2,2,2,2,2,2,2,2,2,2,2,4,4,2,4,2,2,2,2,2,2,2,4,4,4,4,4,4,4,4,2,2,2,2,2,2,4,2,4,2,4,2,2,2,2,2,2,2,2,4,4,2,4,4,4,4,4,4,4,4,2,2,6,6,4,4,4,4,2,4,2,2,2,4,2,2,2,2,2,4,4,4,2,2,2,2,2,4,4,4,4,2,2,2,2,4,4,2,2,4,4,4,4,4,2,2,4,4,4,4,4,2,2,2,2,2,2,4,4,4,4,2,2,4,4,6,6,2,2,4,4,2,2,2,2,2,2,4,4,4,4,4,4,4,2,2,4,4,4,4,4,4,2,2,2,2,4,4,4,4,4,4,4,4,4,4,4,4,4,2,2,2,2,2,4,4,4,4,4,4,4,2,2,4,4,4,2,2,4,4,4,4,2,2,2,2,2,2,2,4,4,4,6,6,6,6,4,4,2,2,2,2,4,4,4,4,4,2,2,4,4,4,4,4,4,2,2,4,4,4,4,4,4,4,2,2,2,2,4,4,4,4,2,2,4,4,4,2,2,2,6,6,4,4,6,6,6,6,4,4,4,4,4,4,4,4,4,4,4,2,2,2,2,2,4,4,2,2,2,2,4,4,2,2,4,6,6,4,4,2,2,2,2,4,4,4,4,2,2,2,2,2,2,2,2,2,2,2,2,2,2,4,4,4,4,4,4,4,4,6,6,4,4,4,4,4,4,4,4,4,4,4,4,4,6,6,4,4,4,4,4,4,4,4,4,4,4,4,4,4,2,2,2,2,6,6,6,6,4,4,2,2,2,2,6,6,6,6,6,6,6,6,6,6,4,4,4,4,4,4,4,4,4,4,4,4,4,4,4,4,4,4,4,2,2,4,4,4,6,6,6,6,2,2,6,6,2,2,4,4,2,2,2,2,6,6,4,4,4,4,4,4,4,4,4,4,4,4,4,4,4,4,4,4,4,4,4,4,6,6,6,6,6,6,4,4,4,4,4,4,4,4,4,4,6,6,4,4,2,2,4,4,6,6,6,6,4,4,4,4,4,4,2,2,2,2,2,2,6,6,6,6,4,4,4,4,2,2,4,4,2,2,4,4,4,4,2,2,2,2,4,4,4,4,6,6,2,2,2,2,2,4,2,2,6,6,2,2,4,4,4,4,4,4,4,4,2,2,2,2,2,2,4,4,2,2,4,4,4,4,6,6,6,6,4,4,2,2,2,4,4,4,4,2,2,4,4,4,4,4,4,4,4,2,2,2,2,4,4,4,4,4,2,2,2,2,2,2,4,4,4,4,6,6,4,4,4,4,4,4,4,4,2,2,4,4,4,4,4,4,2,2,2,2,2,2,4,4,4,4,4,4,4,4,4,4,4,6,6,2,2,6,6,4,4,4,4,4,4,4,4,2,2,4,4,4,4,4,4,4,4,2,2,4,4,2,2,2,2,2,2,2,2,2,2,4,4,4,4,4,2,2,2,2,2,2,4,4,4,4,4,4,2,2,4,4,4,4,4,4,4,4,4,4,4,2,2,6,6,2,2,2,2,4,4,4,4,2,2,4,4,2,2,4,4,4,4,4,4,4,4,6,6,6,6,4,4,4,2,4,4,4,4,4,4,4,4,4,4,4,2,2,4,6,6,6,6,6,6,4,4,2,2,2,4,4,6,6,4,4,4,4,2,2,4,4,4,4,4,4,4,4,2,2,4,4,4,4,4,4,4,4,4,4,2,2,4,4,4,4,4,4,2,2,2,2,4,4,2,2,2,2,2,2,4,4,4,4,4,4,4,4,4,4,4,4,4,4,4,4,4,2,2,2,2,4,4,4,4,4,4,4,4,4,4,4,2,2,6,6,4,4,4,4,4,4,4,4,4,4,4,4,4,4,4,4,4,4,4,2,2,4,2,2,2,4,4,4,4,4,4,4,4,4,4,4,4,4,6,6,2,2,4,4,4,4,4,4,4,4,4,4,4,2,2,2,2,4,4,2,4,4,4,4,4,4,4,4,4,2,2,4,4,4,4,4,4,4,2,2,2,2,4,4,4,4,4,4,4,4,4,4,4,2,2,4,4,2,2,4,4,4,6,6,4,4,4,4,4,4,4,4,4,4,4,4,6,6,6,6,2,2,2,2,4,4,4,4,4,4,4,4,4,4,4,4,4,4,4,4,4,4,4,4,4,4,4,4,4,4,2,2,6,6,4,4,2,2,4,4,4,4,2,2,4,4,4,4,4,4,4,4,4,4,4,4,4,4,4,4,4,4,4,4,2,2,6,6,2,2,4,4,4,4,4,4,4,4,4,4,4,4,4,4,4,4,2,2,4,4,2,2,2,4,4,4,4,4,4,4,2,2,2,2,2,2,2,2,4,4,4,4,4,4,4,2,2,2,2,4,4,6,6,6,6,6,6,4,4,4,4,2,2,4,4,4,4,6,6,4,4,2,4,4,4,4,4,4,4,4,4,4,4,4,4,4,4,4,4,4,2,2,2,2,4,4,4,4,4,4,4,2,2,2,2,4,4,4,4,4,4,2,4,2,2,6,6,6,6,6,6,4,4,4,4,4,4,4,4,4,2,4,4,4,4,4,4,4,4,4,4,4,4,4,4,4,4,4,4,4,4,4,4,6,6,4,4,2,2,4,4,4,4,4,4,4,4,4,4,4,4,4,4,4,4,2,2,2,2,2,4,4,4,4,4,4,2,2,4,2,4,4,2,2,4,4,4,4,4,4,4,4,4,4,4,4,4,4,4,4,4,4,4,6,6,4,4,4,4,4,4,4,6,6,4,4,4,4,4,4,4,4,4,4,2,2,4,4,2,2,2,4,4,4,4,4,4,4,4,2,2,6,6,6,6,6,6,4,4,4,4,4,6,6,2,2,4,4,4,4,4,2,2,4,4,2,2,4,2,2,2,4,4,2,2,4,4,4,4,4,4,4,4,4,4,4,2,2,4,4,4,4,4,4,4,4,4,4,4,4,6,6,4,4,2,2,2,2,4,4,4,4,4,4,4,2,2,2,2,4,2,2,4,4,2,2,4,4,4,4,2,2,4,4,4,2,2,4,4,2,2,2,4,2,2,4,4,4,2,2,4,4,4,4,4,2,2,4,4,4,4,2,2,2,2,2,2,2,4,4,4,4,4,4,2,2,2,4,4,4,2,2,4,4,2,2,4,4,2,4,4,6,6,4,4,4,4,4,4,2,2,4,4,4,4,4,4,4,4,4,4,4,4,2,2,2,4,4,4,6,6,6,6,6,6,4,2,4,4,4,4,4,2,2,2,2,4,4,4,4,2,2,2,2,2,2,2,2,2,4,4,4,4,4,2,2,4,4,2,2,4,4,4,2,2,2,2,2,4,4,2,2,4,4,2,2,4,4,2,2,4,4,4,4,4,4,2,2,2,2,2,2,4,4,4,4,4,4,4,4,4,4,4,4,4,4,4,4,4,4,4,4,4,4,4,4,4,2,2,4,4,4,4,2,2,4,4,2,2,4,4,4,2,2,2,4,4,4,4,4,4,4,4,2,2,4,4,2,2,4,4,4,2,2,4,4,4,4,4,2,2,2,4,4,6,6,6,6,4,4,2,2,2,2,4,4,4,4,2,2,4,2,2,2,2,4,4,4,4,4,4,4,2,2,2,2,2,2,4,4,2,2,2,2,2,2,2,2,2,2,2,2,6,6,2,2,2,2,4,4,2,2,4,4,4,4,4,4,4,4,2,2,2,2,2,4,4,4,4,2,2,2,2,4,2,2,4,4,4,4,4,2,4,4,4,4,4,2,2,2,2,2,2,4,4,2,2,4,4,2,2,2,2,4,4,2,2,4,2,2,2,2,6,6,2,2,2,2,4,4,2,2,2,2,4,2,2,2,2,2,2,2,2,6,6,4,4,2,2,4,4,2,2,4,2,2,2,2,2,2,4,4,4,4,4,4,2,2,2,2,2,2,4,4,4,4,2,2,4,4,4,2,2,4,4,4,4,4,4,4,4,2,2,4,4,2,2,2,2,2,2,2,4,4,2,2,4,4,6,6,4,4,4,2,2,4,4,2,2,2,2,4,4,2,2,2,2,4,4,4,4,4,4,2,2,4,4,2,2,2,2,4,4,4,4,4,4,4,4,4,4,2,2,2,2,4,4,4,4,4,4,4,4,2,2,2,2,4,4,2,2,4,4,4,4,2,2,4,2,2,4,4,4,4,4,4,4,4,4,2,2,2,2,4,2,2,2,2,4,4,4,4,4,4,2,2,2,2,4,4,4,4,4,4,2,2,2,2,2,2,2,2,2,2,2,2,2,2,2,4,4,4,4,4,4,4,2,2,2,2,2,2,2,2,2,2,4,2,2,4,4,2,2,4,4,4,4,4,4,4,4,4,4,4,4,4,4,4,4,4,2,2,2,2,4,4,4,2,2,4,4,2,2,2,2,4,4,2,2,4,4,4,2,2,2,2,2,2,4,4,4,2,2,2,2,2,2,2,2,2,2,2,2,2,2,2,2,4,4,4,2,2,4,4,4,2,2,4,4,2,2,2,2,2,2,2,2,2,2,2,2,2,4,2,2,2,2,2,2,2,2,2,2,2,4,2,2,2,2,2,2,2,2,2,2,2,2,2,2,2,2,2,2,2,2,2,2,2,2,2,2,2,2,2,2,2,2,2,2,2,2,2,2,2,2,2,2,2,2,2,2,2,2,2,2,2,2,2,2,2,2,2,2,2,2,2,2,2,2,2,2,2,2,2,2,2,2,2,2,2,2,2,2,2,2,2,2,2,2,2,2,2,4,2,2]",1.0,1.0,1.0,1.0,1.0,0.4958719929012,0.5088663495810707,0.5088663495810707,0.2755284811116108,12.468998555174744,24.48641742107381,0.0112522986263593,12.46899855517474,0.0,0.2755284811116108,0.0,0.0,0.0,0.001377642405558,100,0.01,1.0,753900,15876,103.26404916701722,0.2530182909977156,140.1078514160181,0.9999990774920192,9.22507980893883e-07,157.15476411739456,1.8450151108018176e-06,157.15469163211597,1.7798629614767485,0.0013583136463231,6.323830348264893e-13,6.326050794314142e-13,1e-12,analysis/fermionic_structure_ablation_extension_hgbs5.csv,5.870060548751611e-09,155.47592496894987,157.15476411739454
success,,NH3_s-1.00_hgbs-5_as-008-010,hamiltonian_generator/polyatomic_library/NH3/s-1.00/hgbs-5/NH3_s-1.00_hgbs-5_as-008-010.tensors.npz,NH3,s-1.00,hgbs-5,8,10,18,3899,7539,5642,0.7483751160631383,0,signed_parent_blocks_randomized,1,1013045759,"reference signed-fermionic parent-owned Pauli blocks preserved internally and kept contiguous, but whole parent blocks randomly permuted",601e5be786e8cf61,d4d0d92906d51b59,"[1,1,1,1,1,1,1,1,1,1,1,1,1,1,1,1,1,1,1,1,1,1,1,1,1,1,1,1,1,1,1,1,1,1,1,1,1,1,1,1,1,1,1,1,1,1,2,2,2,2,1,1,1,1,1,1,1,1,1,1,1,1,1,1,1,1,1,1,1,1,4,4,1,1,1,1,1,1,1,1,1,1,1,1,1,1,1,1,4,1,1,1,1,1,1,1,1,1,1,1,1,1,1,1,1,1,1,1,1,1,1,1,1,1,1,1,1,1,1,1,1,1,1,1,1,1,1,1,1,1,1,1,1,1,1,1,1,1,1,1,1,1,1,2,2,1,1,1,1,1,1,1,1,1,1,1,1,1,1,1,1,1,1,1,1,1,1,1,1,1,1,1,1,1,4,1,1,1,1,1,1,2,2,2,4,4,4,4,2,2,2,2,2,2,2,2,2,2,2,2,2,2,2,2,2,2,2,2,2,2,2,2,2,2,2,2,2,2,2,2,4,4,2,4,2,4,2,2,2,2,2,2,2,2,2,2,2,2,2,2,2,2,2,2,2,4,4,2,4,2,2,2,2,2,2,2,4,4,4,4,4,4,4,4,2,2,2,2,2,2,4,2,4,2,4,2,2,2,2,2,2,2,2,4,4,2,4,4,4,4,4,4,4,4,2,2,6,6,4,4,4,4,2,4,2,2,2,4,2,2,2,2,2,4,4,4,2,2,2,2,2,4,4,4,4,2,2,2,2,4,4,2,2,4,4,4,4,4,2,2,4,4,4,4,4,2,2,2,2,2,2,4,4,4,4,2,2,4,4,6,6,2,2,4,4,2,2,2,2,2,2,4,4,4,4,4,4,4,2,2,4,4,4,4,4,4,2,2,2,2,4,4,4,4,4,4,4,4,4,4,4,4,4,2,2,2,2,2,4,4,4,4,4,4,4,2,2,4,4,4,2,2,4,4,4,4,2,2,2,2,2,2,2,4,4,4,6,6,6,6,4,4,2,2,2,2,4,4,4,4,4,2,2,4,4,4,4,4,4,2,2,4,4,4,4,4,4,4,2,2,2,2,4,4,4,4,2,2,4,4,4,2,2,2,6,6,4,4,6,6,6,6,4,4,4,4,4,4,4,4,4,4,4,2,2,2,2,2,4,4,2,2,2,2,4,4,2,2,4,6,6,4,4,2,2,2,2,4,4,4,4,2,2,2,2,2,2,2,2,2,2,2,2,2,2,4,4,4,4,4,4,4,4,6,6,4,4,4,4,4,4,4,4,4,4,4,4,4,6,6,4,4,4,4,4,4,4,4,4,4,4,4,4,4,2,2,2,2,6,6,6,6,4,4,2,2,2,2,6,6,6,6,6,6,6,6,6,6,4,4,4,4,4,4,4,4,4,4,4,4,4,4,4,4,4,4,4,2,2,4,4,4,6,6,6,6,2,2,6,6,2,2,4,4,2,2,2,2,6,6,4,4,4,4,4,4,4,4,4,4,4,4,4,4,4,4,4,4,4,4,4,4,6,6,6,6,6,6,4,4,4,4,4,4,4,4,4,4,6,6,4,4,2,2,4,4,6,6,6,6,4,4,4,4,4,4,2,2,2,2,2,2,6,6,6,6,4,4,4,4,2,2,4,4,2,2,4,4,4,4,2,2,2,2,4,4,4,4,6,6,2,2,2,2,2,4,2,2,6,6,2,2,4,4,4,4,4,4,4,4,2,2,2,2,2,2,4,4,2,2,4,4,4,4,6,6,6,6,4,4,2,2,2,4,4,4,4,2,2,4,4,4,4,4,4,4,4,2,2,2,2,4,4,4,4,4,2,2,2,2,2,2,4,4,4,4,6,6,4,4,4,4,4,4,4,4,2,2,4,4,4,4,4,4,2,2,2,2,2,2,4,4,4,4,4,4,4,4,4,4,4,6,6,2,2,6,6,4,4,4,4,4,4,4,4,2,2,4,4,4,4,4,4,4,4,2,2,4,4,2,2,2,2,2,2,2,2,2,2,4,4,4,4,4,2,2,2,2,2,2,4,4,4,4,4,4,2,2,4,4,4,4,4,4,4,4,4,4,4,2,2,6,6,2,2,2,2,4,4,4,4,2,2,4,4,2,2,4,4,4,4,4,4,4,4,6,6,6,6,4,4,4,2,4,4,4,4,4,4,4,4,4,4,4,2,2,4,6,6,6,6,6,6,4,4,2,2,2,4,4,6,6,4,4,4,4,2,2,4,4,4,4,4,4,4,4,2,2,4,4,4,4,4,4,4,4,4,4,2,2,4,4,4,4,4,4,2,2,2,2,4,4,2,2,2,2,2,2,4,4,4,4,4,4,4,4,4,4,4,4,4,4,4,4,4,2,2,2,2,4,4,4,4,4,4,4,4,4,4,4,2,2,6,6,4,4,4,4,4,4,4,4,4,4,4,4,4,4,4,4,4,4,4,2,2,4,2,2,2,4,4,4,4,4,4,4,4,4,4,4,4,4,6,6,2,2,4,4,4,4,4,4,4,4,4,4,4,2,2,2,2,4,4,2,4,4,4,4,4,4,4,4,4,2,2,4,4,4,4,4,4,4,2,2,2,2,4,4,4,4,4,4,4,4,4,4,4,2,2,4,4,2,2,4,4,4,6,6,4,4,4,4,4,4,4,4,4,4,4,4,6,6,6,6,2,2,2,2,4,4,4,4,4,4,4,4,4,4,4,4,4,4,4,4,4,4,4,4,4,4,4,4,4,4,2,2,6,6,4,4,2,2,4,4,4,4,2,2,4,4,4,4,4,4,4,4,4,4,4,4,4,4,4,4,4,4,4,4,2,2,6,6,2,2,4,4,4,4,4,4,4,4,4,4,4,4,4,4,4,4,2,2,4,4,2,2,2,4,4,4,4,4,4,4,2,2,2,2,2,2,2,2,4,4,4,4,4,4,4,2,2,2,2,4,4,6,6,6,6,6,6,4,4,4,4,2,2,4,4,4,4,6,6,4,4,2,4,4,4,4,4,4,4,4,4,4,4,4,4,4,4,4,4,4,2,2,2,2,4,4,4,4,4,4,4,2,2,2,2,4,4,4,4,4,4,2,4,2,2,6,6,6,6,6,6,4,4,4,4,4,4,4,4,4,2,4,4,4,4,4,4,4,4,4,4,4,4,4,4,4,4,4,4,4,4,4,4,6,6,4,4,2,2,4,4,4,4,4,4,4,4,4,4,4,4,4,4,4,4,2,2,2,2,2,4,4,4,4,4,4,2,2,4,2,4,4,2,2,4,4,4,4,4,4,4,4,4,4,4,4,4,4,4,4,4,4,4,6,6,4,4,4,4,4,4,4,6,6,4,4,4,4,4,4,4,4,4,4,2,2,4,4,2,2,2,4,4,4,4,4,4,4,4,2,2,6,6,6,6,6,6,4,4,4,4,4,6,6,2,2,4,4,4,4,4,2,2,4,4,2,2,4,2,2,2,4,4,2,2,4,4,4,4,4,4,4,4,4,4,4,2,2,4,4,4,4,4,4,4,4,4,4,4,4,6,6,4,4,2,2,2,2,4,4,4,4,4,4,4,2,2,2,2,4,2,2,4,4,2,2,4,4,4,4,2,2,4,4,4,2,2,4,4,2,2,2,4,2,2,4,4,4,2,2,4,4,4,4,4,2,2,4,4,4,4,2,2,2,2,2,2,2,4,4,4,4,4,4,2,2,2,4,4,4,2,2,4,4,2,2,4,4,2,4,4,6,6,4,4,4,4,4,4,2,2,4,4,4,4,4,4,4,4,4,4,4,4,2,2,2,4,4,4,6,6,6,6,6,6,4,2,4,4,4,4,4,2,2,2,2,4,4,4,4,2,2,2,2,2,2,2,2,2,4,4,4,4,4,2,2,4,4,2,2,4,4,4,2,2,2,2,2,4,4,2,2,4,4,2,2,4,4,2,2,4,4,4,4,4,4,2,2,2,2,2,2,4,4,4,4,4,4,4,4,4,4,4,4,4,4,4,4,4,4,4,4,4,4,4,4,4,2,2,4,4,4,4,2,2,4,4,2,2,4,4,4,2,2,2,4,4,4,4,4,4,4,4,2,2,4,4,2,2,4,4,4,2,2,4,4,4,4,4,2,2,2,4,4,6,6,6,6,4,4,2,2,2,2,4,4,4,4,2,2,4,2,2,2,2,4,4,4,4,4,4,4,2,2,2,2,2,2,4,4,2,2,2,2,2,2,2,2,2,2,2,2,6,6,2,2,2,2,4,4,2,2,4,4,4,4,4,4,4,4,2,2,2,2,2,4,4,4,4,2,2,2,2,4,2,2,4,4,4,4,4,2,4,4,4,4,4,2,2,2,2,2,2,4,4,2,2,4,4,2,2,2,2,4,4,2,2,4,2,2,2,2,6,6,2,2,2,2,4,4,2,2,2,2,4,2,2,2,2,2,2,2,2,6,6,4,4,2,2,4,4,2,2,4,2,2,2,2,2,2,4,4,4,4,4,4,2,2,2,2,2,2,4,4,4,4,2,2,4,4,4,2,2,4,4,4,4,4,4,4,4,2,2,4,4,2,2,2,2,2,2,2,4,4,2,2,4,4,6,6,4,4,4,2,2,4,4,2,2,2,2,4,4,2,2,2,2,4,4,4,4,4,4,2,2,4,4,2,2,2,2,4,4,4,4,4,4,4,4,4,4,2,2,2,2,4,4,4,4,4,4,4,4,2,2,2,2,4,4,2,2,4,4,4,4,2,2,4,2,2,4,4,4,4,4,4,4,4,4,2,2,2,2,4,2,2,2,2,4,4,4,4,4,4,2,2,2,2,4,4,4,4,4,4,2,2,2,2,2,2,2,2,2,2,2,2,2,2,2,4,4,4,4,4,4,4,2,2,2,2,2,2,2,2,2,2,4,2,2,4,4,2,2,4,4,4,4,4,4,4,4,4,4,4,4,4,4,4,4,4,2,2,2,2,4,4,4,2,2,4,4,2,2,2,2,4,4,2,2,4,4,4,2,2,2,2,2,2,4,4,4,2,2,2,2,2,2,2,2,2,2,2,2,2,2,2,2,4,4,4,2,2,4,4,4,2,2,4,4,2,2,2,2,2,2,2,2,2,2,2,2,2,4,2,2,2,2,2,2,2,2,2,2,2,4,2,2,2,2,2,2,2,2,2,2,2,2,2,2,2,2,2,2,2,2,2,2,2,2,2,2,2,2,2,2,2,2,2,2,2,2,2,2,2,2,2,2,2,2,2,2,2,2,2,2,2,2,2,2,2,2,2,2,2,2,2,2,2,2,2,2,2,2,2,2,2,2,2,2,2,2,2,2,2,2,2,2,2,2,2,2,2,4,2,2]",1.0,1.0,1.0,1.0,1.0,0.5103387710202467,0.4432718388006916,0.4432718388006916,0.1989133191566165,9.001791318132977,24.48641742107381,0.0081234145337008,9.001791318132977,0.0,0.1989133191566165,0.0,0.0,0.0,0.000994566595783,100,0.01,1.0,753900,15876,103.26404916701722,0.2530182909977156,140.14654712501215,0.9999995194939004,4.805060996870836e-07,81.85709426613549,9.61011968447778e-07,81.8570745962882,1.7798618286691188,0.0009803122968596,6.449285550047534e-13,6.448175327022909e-13,1e-12,analysis/fermionic_structure_ablation_extension_hgbs5.csv,5.870060548751611e-09,81.03224693521423,81.85709426613548
success,,NH3_s-1.00_hgbs-5_as-008-010,hamiltonian_generator/polyatomic_library/NH3/s-1.00/hgbs-5/NH3_s-1.00_hgbs-5_as-008-010.tensors.npz,NH3,s-1.00,hgbs-5,8,10,18,3899,7539,5642,0.7483751160631383,0,signed_parent_blocks_randomized,2,3478939002,"reference signed-fermionic parent-owned Pauli blocks preserved internally and kept contiguous, but whole parent blocks randomly permuted",ed43eac149576ae9,06e65c7f490ff307,"[1,1,1,1,1,1,1,1,1,1,1,1,1,1,1,1,1,1,1,1,1,1,1,1,1,1,1,1,1,1,1,1,1,1,1,1,1,1,1,1,1,1,1,1,1,1,2,2,2,2,1,1,1,1,1,1,1,1,1,1,1,1,1,1,1,1,1,1,1,1,4,4,1,1,1,1,1,1,1,1,1,1,1,1,1,1,1,1,4,1,1,1,1,1,1,1,1,1,1,1,1,1,1,1,1,1,1,1,1,1,1,1,1,1,1,1,1,1,1,1,1,1,1,1,1,1,1,1,1,1,1,1,1,1,1,1,1,1,1,1,1,1,1,2,2,1,1,1,1,1,1,1,1,1,1,1,1,1,1,1,1,1,1,1,1,1,1,1,1,1,1,1,1,1,4,1,1,1,1,1,1,2,2,2,4,4,4,4,2,2,2,2,2,2,2,2,2,2,2,2,2,2,2,2,2,2,2,2,2,2,2,2,2,2,2,2,2,2,2,2,4,4,2,4,2,4,2,2,2,2,2,2,2,2,2,2,2,2,2,2,2,2,2,2,2,4,4,2,4,2,2,2,2,2,2,2,4,4,4,4,4,4,4,4,2,2,2,2,2,2,4,2,4,2,4,2,2,2,2,2,2,2,2,4,4,2,4,4,4,4,4,4,4,4,2,2,6,6,4,4,4,4,2,4,2,2,2,4,2,2,2,2,2,4,4,4,2,2,2,2,2,4,4,4,4,2,2,2,2,4,4,2,2,4,4,4,4,4,2,2,4,4,4,4,4,2,2,2,2,2,2,4,4,4,4,2,2,4,4,6,6,2,2,4,4,2,2,2,2,2,2,4,4,4,4,4,4,4,2,2,4,4,4,4,4,4,2,2,2,2,4,4,4,4,4,4,4,4,4,4,4,4,4,2,2,2,2,2,4,4,4,4,4,4,4,2,2,4,4,4,2,2,4,4,4,4,2,2,2,2,2,2,2,4,4,4,6,6,6,6,4,4,2,2,2,2,4,4,4,4,4,2,2,4,4,4,4,4,4,2,2,4,4,4,4,4,4,4,2,2,2,2,4,4,4,4,2,2,4,4,4,2,2,2,6,6,4,4,6,6,6,6,4,4,4,4,4,4,4,4,4,4,4,2,2,2,2,2,4,4,2,2,2,2,4,4,2,2,4,6,6,4,4,2,2,2,2,4,4,4,4,2,2,2,2,2,2,2,2,2,2,2,2,2,2,4,4,4,4,4,4,4,4,6,6,4,4,4,4,4,4,4,4,4,4,4,4,4,6,6,4,4,4,4,4,4,4,4,4,4,4,4,4,4,2,2,2,2,6,6,6,6,4,4,2,2,2,2,6,6,6,6,6,6,6,6,6,6,4,4,4,4,4,4,4,4,4,4,4,4,4,4,4,4,4,4,4,2,2,4,4,4,6,6,6,6,2,2,6,6,2,2,4,4,2,2,2,2,6,6,4,4,4,4,4,4,4,4,4,4,4,4,4,4,4,4,4,4,4,4,4,4,6,6,6,6,6,6,4,4,4,4,4,4,4,4,4,4,6,6,4,4,2,2,4,4,6,6,6,6,4,4,4,4,4,4,2,2,2,2,2,2,6,6,6,6,4,4,4,4,2,2,4,4,2,2,4,4,4,4,2,2,2,2,4,4,4,4,6,6,2,2,2,2,2,4,2,2,6,6,2,2,4,4,4,4,4,4,4,4,2,2,2,2,2,2,4,4,2,2,4,4,4,4,6,6,6,6,4,4,2,2,2,4,4,4,4,2,2,4,4,4,4,4,4,4,4,2,2,2,2,4,4,4,4,4,2,2,2,2,2,2,4,4,4,4,6,6,4,4,4,4,4,4,4,4,2,2,4,4,4,4,4,4,2,2,2,2,2,2,4,4,4,4,4,4,4,4,4,4,4,6,6,2,2,6,6,4,4,4,4,4,4,4,4,2,2,4,4,4,4,4,4,4,4,2,2,4,4,2,2,2,2,2,2,2,2,2,2,4,4,4,4,4,2,2,2,2,2,2,4,4,4,4,4,4,2,2,4,4,4,4,4,4,4,4,4,4,4,2,2,6,6,2,2,2,2,4,4,4,4,2,2,4,4,2,2,4,4,4,4,4,4,4,4,6,6,6,6,4,4,4,2,4,4,4,4,4,4,4,4,4,4,4,2,2,4,6,6,6,6,6,6,4,4,2,2,2,4,4,6,6,4,4,4,4,2,2,4,4,4,4,4,4,4,4,2,2,4,4,4,4,4,4,4,4,4,4,2,2,4,4,4,4,4,4,2,2,2,2,4,4,2,2,2,2,2,2,4,4,4,4,4,4,4,4,4,4,4,4,4,4,4,4,4,2,2,2,2,4,4,4,4,4,4,4,4,4,4,4,2,2,6,6,4,4,4,4,4,4,4,4,4,4,4,4,4,4,4,4,4,4,4,2,2,4,2,2,2,4,4,4,4,4,4,4,4,4,4,4,4,4,6,6,2,2,4,4,4,4,4,4,4,4,4,4,4,2,2,2,2,4,4,2,4,4,4,4,4,4,4,4,4,2,2,4,4,4,4,4,4,4,2,2,2,2,4,4,4,4,4,4,4,4,4,4,4,2,2,4,4,2,2,4,4,4,6,6,4,4,4,4,4,4,4,4,4,4,4,4,6,6,6,6,2,2,2,2,4,4,4,4,4,4,4,4,4,4,4,4,4,4,4,4,4,4,4,4,4,4,4,4,4,4,2,2,6,6,4,4,2,2,4,4,4,4,2,2,4,4,4,4,4,4,4,4,4,4,4,4,4,4,4,4,4,4,4,4,2,2,6,6,2,2,4,4,4,4,4,4,4,4,4,4,4,4,4,4,4,4,2,2,4,4,2,2,2,4,4,4,4,4,4,4,2,2,2,2,2,2,2,2,4,4,4,4,4,4,4,2,2,2,2,4,4,6,6,6,6,6,6,4,4,4,4,2,2,4,4,4,4,6,6,4,4,2,4,4,4,4,4,4,4,4,4,4,4,4,4,4,4,4,4,4,2,2,2,2,4,4,4,4,4,4,4,2,2,2,2,4,4,4,4,4,4,2,4,2,2,6,6,6,6,6,6,4,4,4,4,4,4,4,4,4,2,4,4,4,4,4,4,4,4,4,4,4,4,4,4,4,4,4,4,4,4,4,4,6,6,4,4,2,2,4,4,4,4,4,4,4,4,4,4,4,4,4,4,4,4,2,2,2,2,2,4,4,4,4,4,4,2,2,4,2,4,4,2,2,4,4,4,4,4,4,4,4,4,4,4,4,4,4,4,4,4,4,4,6,6,4,4,4,4,4,4,4,6,6,4,4,4,4,4,4,4,4,4,4,2,2,4,4,2,2,2,4,4,4,4,4,4,4,4,2,2,6,6,6,6,6,6,4,4,4,4,4,6,6,2,2,4,4,4,4,4,2,2,4,4,2,2,4,2,2,2,4,4,2,2,4,4,4,4,4,4,4,4,4,4,4,2,2,4,4,4,4,4,4,4,4,4,4,4,4,6,6,4,4,2,2,2,2,4,4,4,4,4,4,4,2,2,2,2,4,2,2,4,4,2,2,4,4,4,4,2,2,4,4,4,2,2,4,4,2,2,2,4,2,2,4,4,4,2,2,4,4,4,4,4,2,2,4,4,4,4,2,2,2,2,2,2,2,4,4,4,4,4,4,2,2,2,4,4,4,2,2,4,4,2,2,4,4,2,4,4,6,6,4,4,4,4,4,4,2,2,4,4,4,4,4,4,4,4,4,4,4,4,2,2,2,4,4,4,6,6,6,6,6,6,4,2,4,4,4,4,4,2,2,2,2,4,4,4,4,2,2,2,2,2,2,2,2,2,4,4,4,4,4,2,2,4,4,2,2,4,4,4,2,2,2,2,2,4,4,2,2,4,4,2,2,4,4,2,2,4,4,4,4,4,4,2,2,2,2,2,2,4,4,4,4,4,4,4,4,4,4,4,4,4,4,4,4,4,4,4,4,4,4,4,4,4,2,2,4,4,4,4,2,2,4,4,2,2,4,4,4,2,2,2,4,4,4,4,4,4,4,4,2,2,4,4,2,2,4,4,4,2,2,4,4,4,4,4,2,2,2,4,4,6,6,6,6,4,4,2,2,2,2,4,4,4,4,2,2,4,2,2,2,2,4,4,4,4,4,4,4,2,2,2,2,2,2,4,4,2,2,2,2,2,2,2,2,2,2,2,2,6,6,2,2,2,2,4,4,2,2,4,4,4,4,4,4,4,4,2,2,2,2,2,4,4,4,4,2,2,2,2,4,2,2,4,4,4,4,4,2,4,4,4,4,4,2,2,2,2,2,2,4,4,2,2,4,4,2,2,2,2,4,4,2,2,4,2,2,2,2,6,6,2,2,2,2,4,4,2,2,2,2,4,2,2,2,2,2,2,2,2,6,6,4,4,2,2,4,4,2,2,4,2,2,2,2,2,2,4,4,4,4,4,4,2,2,2,2,2,2,4,4,4,4,2,2,4,4,4,2,2,4,4,4,4,4,4,4,4,2,2,4,4,2,2,2,2,2,2,2,4,4,2,2,4,4,6,6,4,4,4,2,2,4,4,2,2,2,2,4,4,2,2,2,2,4,4,4,4,4,4,2,2,4,4,2,2,2,2,4,4,4,4,4,4,4,4,4,4,2,2,2,2,4,4,4,4,4,4,4,4,2,2,2,2,4,4,2,2,4,4,4,4,2,2,4,2,2,4,4,4,4,4,4,4,4,4,2,2,2,2,4,2,2,2,2,4,4,4,4,4,4,2,2,2,2,4,4,4,4,4,4,2,2,2,2,2,2,2,2,2,2,2,2,2,2,2,4,4,4,4,4,4,4,2,2,2,2,2,2,2,2,2,2,4,2,2,4,4,2,2,4,4,4,4,4,4,4,4,4,4,4,4,4,4,4,4,4,2,2,2,2,4,4,4,2,2,4,4,2,2,2,2,4,4,2,2,4,4,4,2,2,2,2,2,2,4,4,4,2,2,2,2,2,2,2,2,2,2,2,2,2,2,2,2,4,4,4,2,2,4,4,4,2,2,4,4,2,2,2,2,2,2,2,2,2,2,2,2,2,4,2,2,2,2,2,2,2,2,2,2,2,4,2,2,2,2,2,2,2,2,2,2,2,2,2,2,2,2,2,2,2,2,2,2,2,2,2,2,2,2,2,2,2,2,2,2,2,2,2,2,2,2,2,2,2,2,2,2,2,2,2,2,2,2,2,2,2,2,2,2,2,2,2,2,2,2,2,2,2,2,2,2,2,2,2,2,2,2,2,2,2,2,2,2,2,2,2,2,2,4,2,2]",1.0,1.0,1.0,1.0,1.0,0.5129765789913026,0.5557477011716001,0.5557477011716001,0.2120242076370966,9.595122536962368,24.48641742107381,0.0086588496794399,9.595122536962366,0.0,0.2120242076370966,0.0,0.0,0.0,0.0010601210381854,100,0.01,1.0,753900,15876,103.26404916701722,0.2530182909977156,141.01370679200045,0.9999994536336976,5.463663024229959e-07,93.0767745724858,1.0927323063070205e-06,93.0767491435342,1.779862816812862,0.001045338512084,8.921752225887758e-13,8.923972671937008e-13,1e-12,analysis/fermionic_structure_ablation_extension_hgbs5.csv,5.870060548751611e-09,92.06637649932314,93.07677457248579
success,,NH3_s-1.00_hgbs-5_as-008-010,hamiltonian_generator/polyatomic_library/NH3/s-1.00/hgbs-5/NH3_s-1.00_hgbs-5_as-008-010.tensors.npz,NH3,s-1.00,hgbs-5,8,10,18,3899,7539,5642,0.7483751160631383,0,signed_parent_blocks_randomized,3,282595743,"reference signed-fermionic parent-owned Pauli blocks preserved internally and kept contiguous, but whole parent blocks randomly permuted",3dee5353921e6d41,28ede97490e1ad98,"[1,1,1,1,1,1,1,1,1,1,1,1,1,1,1,1,1,1,1,1,1,1,1,1,1,1,1,1,1,1,1,1,1,1,1,1,1,1,1,1,1,1,1,1,1,1,2,2,2,2,1,1,1,1,1,1,1,1,1,1,1,1,1,1,1,1,1,1,1,1,4,4,1,1,1,1,1,1,1,1,1,1,1,1,1,1,1,1,4,1,1,1,1,1,1,1,1,1,1,1,1,1,1,1,1,1,1,1,1,1,1,1,1,1,1,1,1,1,1,1,1,1,1,1,1,1,1,1,1,1,1,1,1,1,1,1,1,1,1,1,1,1,1,2,2,1,1,1,1,1,1,1,1,1,1,1,1,1,1,1,1,1,1,1,1,1,1,1,1,1,1,1,1,1,4,1,1,1,1,1,1,2,2,2,4,4,4,4,2,2,2,2,2,2,2,2,2,2,2,2,2,2,2,2,2,2,2,2,2,2,2,2,2,2,2,2,2,2,2,2,4,4,2,4,2,4,2,2,2,2,2,2,2,2,2,2,2,2,2,2,2,2,2,2,2,4,4,2,4,2,2,2,2,2,2,2,4,4,4,4,4,4,4,4,2,2,2,2,2,2,4,2,4,2,4,2,2,2,2,2,2,2,2,4,4,2,4,4,4,4,4,4,4,4,2,2,6,6,4,4,4,4,2,4,2,2,2,4,2,2,2,2,2,4,4,4,2,2,2,2,2,4,4,4,4,2,2,2,2,4,4,2,2,4,4,4,4,4,2,2,4,4,4,4,4,2,2,2,2,2,2,4,4,4,4,2,2,4,4,6,6,2,2,4,4,2,2,2,2,2,2,4,4,4,4,4,4,4,2,2,4,4,4,4,4,4,2,2,2,2,4,4,4,4,4,4,4,4,4,4,4,4,4,2,2,2,2,2,4,4,4,4,4,4,4,2,2,4,4,4,2,2,4,4,4,4,2,2,2,2,2,2,2,4,4,4,6,6,6,6,4,4,2,2,2,2,4,4,4,4,4,2,2,4,4,4,4,4,4,2,2,4,4,4,4,4,4,4,2,2,2,2,4,4,4,4,2,2,4,4,4,2,2,2,6,6,4,4,6,6,6,6,4,4,4,4,4,4,4,4,4,4,4,2,2,2,2,2,4,4,2,2,2,2,4,4,2,2,4,6,6,4,4,2,2,2,2,4,4,4,4,2,2,2,2,2,2,2,2,2,2,2,2,2,2,4,4,4,4,4,4,4,4,6,6,4,4,4,4,4,4,4,4,4,4,4,4,4,6,6,4,4,4,4,4,4,4,4,4,4,4,4,4,4,2,2,2,2,6,6,6,6,4,4,2,2,2,2,6,6,6,6,6,6,6,6,6,6,4,4,4,4,4,4,4,4,4,4,4,4,4,4,4,4,4,4,4,2,2,4,4,4,6,6,6,6,2,2,6,6,2,2,4,4,2,2,2,2,6,6,4,4,4,4,4,4,4,4,4,4,4,4,4,4,4,4,4,4,4,4,4,4,6,6,6,6,6,6,4,4,4,4,4,4,4,4,4,4,6,6,4,4,2,2,4,4,6,6,6,6,4,4,4,4,4,4,2,2,2,2,2,2,6,6,6,6,4,4,4,4,2,2,4,4,2,2,4,4,4,4,2,2,2,2,4,4,4,4,6,6,2,2,2,2,2,4,2,2,6,6,2,2,4,4,4,4,4,4,4,4,2,2,2,2,2,2,4,4,2,2,4,4,4,4,6,6,6,6,4,4,2,2,2,4,4,4,4,2,2,4,4,4,4,4,4,4,4,2,2,2,2,4,4,4,4,4,2,2,2,2,2,2,4,4,4,4,6,6,4,4,4,4,4,4,4,4,2,2,4,4,4,4,4,4,2,2,2,2,2,2,4,4,4,4,4,4,4,4,4,4,4,6,6,2,2,6,6,4,4,4,4,4,4,4,4,2,2,4,4,4,4,4,4,4,4,2,2,4,4,2,2,2,2,2,2,2,2,2,2,4,4,4,4,4,2,2,2,2,2,2,4,4,4,4,4,4,2,2,4,4,4,4,4,4,4,4,4,4,4,2,2,6,6,2,2,2,2,4,4,4,4,2,2,4,4,2,2,4,4,4,4,4,4,4,4,6,6,6,6,4,4,4,2,4,4,4,4,4,4,4,4,4,4,4,2,2,4,6,6,6,6,6,6,4,4,2,2,2,4,4,6,6,4,4,4,4,2,2,4,4,4,4,4,4,4,4,2,2,4,4,4,4,4,4,4,4,4,4,2,2,4,4,4,4,4,4,2,2,2,2,4,4,2,2,2,2,2,2,4,4,4,4,4,4,4,4,4,4,4,4,4,4,4,4,4,2,2,2,2,4,4,4,4,4,4,4,4,4,4,4,2,2,6,6,4,4,4,4,4,4,4,4,4,4,4,4,4,4,4,4,4,4,4,2,2,4,2,2,2,4,4,4,4,4,4,4,4,4,4,4,4,4,6,6,2,2,4,4,4,4,4,4,4,4,4,4,4,2,2,2,2,4,4,2,4,4,4,4,4,4,4,4,4,2,2,4,4,4,4,4,4,4,2,2,2,2,4,4,4,4,4,4,4,4,4,4,4,2,2,4,4,2,2,4,4,4,6,6,4,4,4,4,4,4,4,4,4,4,4,4,6,6,6,6,2,2,2,2,4,4,4,4,4,4,4,4,4,4,4,4,4,4,4,4,4,4,4,4,4,4,4,4,4,4,2,2,6,6,4,4,2,2,4,4,4,4,2,2,4,4,4,4,4,4,4,4,4,4,4,4,4,4,4,4,4,4,4,4,2,2,6,6,2,2,4,4,4,4,4,4,4,4,4,4,4,4,4,4,4,4,2,2,4,4,2,2,2,4,4,4,4,4,4,4,2,2,2,2,2,2,2,2,4,4,4,4,4,4,4,2,2,2,2,4,4,6,6,6,6,6,6,4,4,4,4,2,2,4,4,4,4,6,6,4,4,2,4,4,4,4,4,4,4,4,4,4,4,4,4,4,4,4,4,4,2,2,2,2,4,4,4,4,4,4,4,2,2,2,2,4,4,4,4,4,4,2,4,2,2,6,6,6,6,6,6,4,4,4,4,4,4,4,4,4,2,4,4,4,4,4,4,4,4,4,4,4,4,4,4,4,4,4,4,4,4,4,4,6,6,4,4,2,2,4,4,4,4,4,4,4,4,4,4,4,4,4,4,4,4,2,2,2,2,2,4,4,4,4,4,4,2,2,4,2,4,4,2,2,4,4,4,4,4,4,4,4,4,4,4,4,4,4,4,4,4,4,4,6,6,4,4,4,4,4,4,4,6,6,4,4,4,4,4,4,4,4,4,4,2,2,4,4,2,2,2,4,4,4,4,4,4,4,4,2,2,6,6,6,6,6,6,4,4,4,4,4,6,6,2,2,4,4,4,4,4,2,2,4,4,2,2,4,2,2,2,4,4,2,2,4,4,4,4,4,4,4,4,4,4,4,2,2,4,4,4,4,4,4,4,4,4,4,4,4,6,6,4,4,2,2,2,2,4,4,4,4,4,4,4,2,2,2,2,4,2,2,4,4,2,2,4,4,4,4,2,2,4,4,4,2,2,4,4,2,2,2,4,2,2,4,4,4,2,2,4,4,4,4,4,2,2,4,4,4,4,2,2,2,2,2,2,2,4,4,4,4,4,4,2,2,2,4,4,4,2,2,4,4,2,2,4,4,2,4,4,6,6,4,4,4,4,4,4,2,2,4,4,4,4,4,4,4,4,4,4,4,4,2,2,2,4,4,4,6,6,6,6,6,6,4,2,4,4,4,4,4,2,2,2,2,4,4,4,4,2,2,2,2,2,2,2,2,2,4,4,4,4,4,2,2,4,4,2,2,4,4,4,2,2,2,2,2,4,4,2,2,4,4,2,2,4,4,2,2,4,4,4,4,4,4,2,2,2,2,2,2,4,4,4,4,4,4,4,4,4,4,4,4,4,4,4,4,4,4,4,4,4,4,4,4,4,2,2,4,4,4,4,2,2,4,4,2,2,4,4,4,2,2,2,4,4,4,4,4,4,4,4,2,2,4,4,2,2,4,4,4,2,2,4,4,4,4,4,2,2,2,4,4,6,6,6,6,4,4,2,2,2,2,4,4,4,4,2,2,4,2,2,2,2,4,4,4,4,4,4,4,2,2,2,2,2,2,4,4,2,2,2,2,2,2,2,2,2,2,2,2,6,6,2,2,2,2,4,4,2,2,4,4,4,4,4,4,4,4,2,2,2,2,2,4,4,4,4,2,2,2,2,4,2,2,4,4,4,4,4,2,4,4,4,4,4,2,2,2,2,2,2,4,4,2,2,4,4,2,2,2,2,4,4,2,2,4,2,2,2,2,6,6,2,2,2,2,4,4,2,2,2,2,4,2,2,2,2,2,2,2,2,6,6,4,4,2,2,4,4,2,2,4,2,2,2,2,2,2,4,4,4,4,4,4,2,2,2,2,2,2,4,4,4,4,2,2,4,4,4,2,2,4,4,4,4,4,4,4,4,2,2,4,4,2,2,2,2,2,2,2,4,4,2,2,4,4,6,6,4,4,4,2,2,4,4,2,2,2,2,4,4,2,2,2,2,4,4,4,4,4,4,2,2,4,4,2,2,2,2,4,4,4,4,4,4,4,4,4,4,2,2,2,2,4,4,4,4,4,4,4,4,2,2,2,2,4,4,2,2,4,4,4,4,2,2,4,2,2,4,4,4,4,4,4,4,4,4,2,2,2,2,4,2,2,2,2,4,4,4,4,4,4,2,2,2,2,4,4,4,4,4,4,2,2,2,2,2,2,2,2,2,2,2,2,2,2,2,4,4,4,4,4,4,4,2,2,2,2,2,2,2,2,2,2,4,2,2,4,4,2,2,4,4,4,4,4,4,4,4,4,4,4,4,4,4,4,4,4,2,2,2,2,4,4,4,2,2,4,4,2,2,2,2,4,4,2,2,4,4,4,2,2,2,2,2,2,4,4,4,2,2,2,2,2,2,2,2,2,2,2,2,2,2,2,2,4,4,4,2,2,4,4,4,2,2,4,4,2,2,2,2,2,2,2,2,2,2,2,2,2,4,2,2,2,2,2,2,2,2,2,2,2,4,2,2,2,2,2,2,2,2,2,2,2,2,2,2,2,2,2,2,2,2,2,2,2,2,2,2,2,2,2,2,2,2,2,2,2,2,2,2,2,2,2,2,2,2,2,2,2,2,2,2,2,2,2,2,2,2,2,2,2,2,2,2,2,2,2,2,2,2,2,2,2,2,2,2,2,2,2,2,2,2,2,2,2,2,2,2,2,4,2,2]",1.0,1.0,1.0,1.0,1.0,0.5003869577845523,0.5959360606209932,0.5959360606209932,0.1115059468509036,5.046184280361567,24.48641742107381,0.0045537877155903,5.046184280361567,0.0,0.1115059468509036,0.0,0.0,0.0,0.0005575297342545,100,0.01,1.0,753900,15876,103.26404916701722,0.2530182909977156,141.39553466701182,0.9999998499492824,1.500507175178356e-07,25.56203914280697,3.001014124981438e-07,25.562037223105527,1.779862614600747,0.0005478151467745,5.573319583618286e-13,5.573319583618286e-13,1e-12,analysis/fermionic_structure_ablation_extension_hgbs5.csv,5.870060548751611e-09,25.46397579136819,25.562039142806967
success,,NH3_s-1.00_hgbs-5_as-008-010,hamiltonian_generator/polyatomic_library/NH3/s-1.00/hgbs-5/NH3_s-1.00_hgbs-5_as-008-010.tensors.npz,NH3,s-1.00,hgbs-5,8,10,18,3899,7539,5642,0.7483751160631383,0,signed_parent_blocks_randomized,4,1096892143,"reference signed-fermionic parent-owned Pauli blocks preserved internally and kept contiguous, but whole parent blocks randomly permuted",be3977e7f174bc3c,ed9a6d06bbc3fbe4,"[1,1,1,1,1,1,1,1,1,1,1,1,1,1,1,1,1,1,1,1,1,1,1,1,1,1,1,1,1,1,1,1,1,1,1,1,1,1,1,1,1,1,1,1,1,1,2,2,2,2,1,1,1,1,1,1,1,1,1,1,1,1,1,1,1,1,1,1,1,1,4,4,1,1,1,1,1,1,1,1,1,1,1,1,1,1,1,1,4,1,1,1,1,1,1,1,1,1,1,1,1,1,1,1,1,1,1,1,1,1,1,1,1,1,1,1,1,1,1,1,1,1,1,1,1,1,1,1,1,1,1,1,1,1,1,1,1,1,1,1,1,1,1,2,2,1,1,1,1,1,1,1,1,1,1,1,1,1,1,1,1,1,1,1,1,1,1,1,1,1,1,1,1,1,4,1,1,1,1,1,1,2,2,2,4,4,4,4,2,2,2,2,2,2,2,2,2,2,2,2,2,2,2,2,2,2,2,2,2,2,2,2,2,2,2,2,2,2,2,2,4,4,2,4,2,4,2,2,2,2,2,2,2,2,2,2,2,2,2,2,2,2,2,2,2,4,4,2,4,2,2,2,2,2,2,2,4,4,4,4,4,4,4,4,2,2,2,2,2,2,4,2,4,2,4,2,2,2,2,2,2,2,2,4,4,2,4,4,4,4,4,4,4,4,2,2,6,6,4,4,4,4,2,4,2,2,2,4,2,2,2,2,2,4,4,4,2,2,2,2,2,4,4,4,4,2,2,2,2,4,4,2,2,4,4,4,4,4,2,2,4,4,4,4,4,2,2,2,2,2,2,4,4,4,4,2,2,4,4,6,6,2,2,4,4,2,2,2,2,2,2,4,4,4,4,4,4,4,2,2,4,4,4,4,4,4,2,2,2,2,4,4,4,4,4,4,4,4,4,4,4,4,4,2,2,2,2,2,4,4,4,4,4,4,4,2,2,4,4,4,2,2,4,4,4,4,2,2,2,2,2,2,2,4,4,4,6,6,6,6,4,4,2,2,2,2,4,4,4,4,4,2,2,4,4,4,4,4,4,2,2,4,4,4,4,4,4,4,2,2,2,2,4,4,4,4,2,2,4,4,4,2,2,2,6,6,4,4,6,6,6,6,4,4,4,4,4,4,4,4,4,4,4,2,2,2,2,2,4,4,2,2,2,2,4,4,2,2,4,6,6,4,4,2,2,2,2,4,4,4,4,2,2,2,2,2,2,2,2,2,2,2,2,2,2,4,4,4,4,4,4,4,4,6,6,4,4,4,4,4,4,4,4,4,4,4,4,4,6,6,4,4,4,4,4,4,4,4,4,4,4,4,4,4,2,2,2,2,6,6,6,6,4,4,2,2,2,2,6,6,6,6,6,6,6,6,6,6,4,4,4,4,4,4,4,4,4,4,4,4,4,4,4,4,4,4,4,2,2,4,4,4,6,6,6,6,2,2,6,6,2,2,4,4,2,2,2,2,6,6,4,4,4,4,4,4,4,4,4,4,4,4,4,4,4,4,4,4,4,4,4,4,6,6,6,6,6,6,4,4,4,4,4,4,4,4,4,4,6,6,4,4,2,2,4,4,6,6,6,6,4,4,4,4,4,4,2,2,2,2,2,2,6,6,6,6,4,4,4,4,2,2,4,4,2,2,4,4,4,4,2,2,2,2,4,4,4,4,6,6,2,2,2,2,2,4,2,2,6,6,2,2,4,4,4,4,4,4,4,4,2,2,2,2,2,2,4,4,2,2,4,4,4,4,6,6,6,6,4,4,2,2,2,4,4,4,4,2,2,4,4,4,4,4,4,4,4,2,2,2,2,4,4,4,4,4,2,2,2,2,2,2,4,4,4,4,6,6,4,4,4,4,4,4,4,4,2,2,4,4,4,4,4,4,2,2,2,2,2,2,4,4,4,4,4,4,4,4,4,4,4,6,6,2,2,6,6,4,4,4,4,4,4,4,4,2,2,4,4,4,4,4,4,4,4,2,2,4,4,2,2,2,2,2,2,2,2,2,2,4,4,4,4,4,2,2,2,2,2,2,4,4,4,4,4,4,2,2,4,4,4,4,4,4,4,4,4,4,4,2,2,6,6,2,2,2,2,4,4,4,4,2,2,4,4,2,2,4,4,4,4,4,4,4,4,6,6,6,6,4,4,4,2,4,4,4,4,4,4,4,4,4,4,4,2,2,4,6,6,6,6,6,6,4,4,2,2,2,4,4,6,6,4,4,4,4,2,2,4,4,4,4,4,4,4,4,2,2,4,4,4,4,4,4,4,4,4,4,2,2,4,4,4,4,4,4,2,2,2,2,4,4,2,2,2,2,2,2,4,4,4,4,4,4,4,4,4,4,4,4,4,4,4,4,4,2,2,2,2,4,4,4,4,4,4,4,4,4,4,4,2,2,6,6,4,4,4,4,4,4,4,4,4,4,4,4,4,4,4,4,4,4,4,2,2,4,2,2,2,4,4,4,4,4,4,4,4,4,4,4,4,4,6,6,2,2,4,4,4,4,4,4,4,4,4,4,4,2,2,2,2,4,4,2,4,4,4,4,4,4,4,4,4,2,2,4,4,4,4,4,4,4,2,2,2,2,4,4,4,4,4,4,4,4,4,4,4,2,2,4,4,2,2,4,4,4,6,6,4,4,4,4,4,4,4,4,4,4,4,4,6,6,6,6,2,2,2,2,4,4,4,4,4,4,4,4,4,4,4,4,4,4,4,4,4,4,4,4,4,4,4,4,4,4,2,2,6,6,4,4,2,2,4,4,4,4,2,2,4,4,4,4,4,4,4,4,4,4,4,4,4,4,4,4,4,4,4,4,2,2,6,6,2,2,4,4,4,4,4,4,4,4,4,4,4,4,4,4,4,4,2,2,4,4,2,2,2,4,4,4,4,4,4,4,2,2,2,2,2,2,2,2,4,4,4,4,4,4,4,2,2,2,2,4,4,6,6,6,6,6,6,4,4,4,4,2,2,4,4,4,4,6,6,4,4,2,4,4,4,4,4,4,4,4,4,4,4,4,4,4,4,4,4,4,2,2,2,2,4,4,4,4,4,4,4,2,2,2,2,4,4,4,4,4,4,2,4,2,2,6,6,6,6,6,6,4,4,4,4,4,4,4,4,4,2,4,4,4,4,4,4,4,4,4,4,4,4,4,4,4,4,4,4,4,4,4,4,6,6,4,4,2,2,4,4,4,4,4,4,4,4,4,4,4,4,4,4,4,4,2,2,2,2,2,4,4,4,4,4,4,2,2,4,2,4,4,2,2,4,4,4,4,4,4,4,4,4,4,4,4,4,4,4,4,4,4,4,6,6,4,4,4,4,4,4,4,6,6,4,4,4,4,4,4,4,4,4,4,2,2,4,4,2,2,2,4,4,4,4,4,4,4,4,2,2,6,6,6,6,6,6,4,4,4,4,4,6,6,2,2,4,4,4,4,4,2,2,4,4,2,2,4,2,2,2,4,4,2,2,4,4,4,4,4,4,4,4,4,4,4,2,2,4,4,4,4,4,4,4,4,4,4,4,4,6,6,4,4,2,2,2,2,4,4,4,4,4,4,4,2,2,2,2,4,2,2,4,4,2,2,4,4,4,4,2,2,4,4,4,2,2,4,4,2,2,2,4,2,2,4,4,4,2,2,4,4,4,4,4,2,2,4,4,4,4,2,2,2,2,2,2,2,4,4,4,4,4,4,2,2,2,4,4,4,2,2,4,4,2,2,4,4,2,4,4,6,6,4,4,4,4,4,4,2,2,4,4,4,4,4,4,4,4,4,4,4,4,2,2,2,4,4,4,6,6,6,6,6,6,4,2,4,4,4,4,4,2,2,2,2,4,4,4,4,2,2,2,2,2,2,2,2,2,4,4,4,4,4,2,2,4,4,2,2,4,4,4,2,2,2,2,2,4,4,2,2,4,4,2,2,4,4,2,2,4,4,4,4,4,4,2,2,2,2,2,2,4,4,4,4,4,4,4,4,4,4,4,4,4,4,4,4,4,4,4,4,4,4,4,4,4,2,2,4,4,4,4,2,2,4,4,2,2,4,4,4,2,2,2,4,4,4,4,4,4,4,4,2,2,4,4,2,2,4,4,4,2,2,4,4,4,4,4,2,2,2,4,4,6,6,6,6,4,4,2,2,2,2,4,4,4,4,2,2,4,2,2,2,2,4,4,4,4,4,4,4,2,2,2,2,2,2,4,4,2,2,2,2,2,2,2,2,2,2,2,2,6,6,2,2,2,2,4,4,2,2,4,4,4,4,4,4,4,4,2,2,2,2,2,4,4,4,4,2,2,2,2,4,2,2,4,4,4,4,4,2,4,4,4,4,4,2,2,2,2,2,2,4,4,2,2,4,4,2,2,2,2,4,4,2,2,4,2,2,2,2,6,6,2,2,2,2,4,4,2,2,2,2,4,2,2,2,2,2,2,2,2,6,6,4,4,2,2,4,4,2,2,4,2,2,2,2,2,2,4,4,4,4,4,4,2,2,2,2,2,2,4,4,4,4,2,2,4,4,4,2,2,4,4,4,4,4,4,4,4,2,2,4,4,2,2,2,2,2,2,2,4,4,2,2,4,4,6,6,4,4,4,2,2,4,4,2,2,2,2,4,4,2,2,2,2,4,4,4,4,4,4,2,2,4,4,2,2,2,2,4,4,4,4,4,4,4,4,4,4,2,2,2,2,4,4,4,4,4,4,4,4,2,2,2,2,4,4,2,2,4,4,4,4,2,2,4,2,2,4,4,4,4,4,4,4,4,4,2,2,2,2,4,2,2,2,2,4,4,4,4,4,4,2,2,2,2,4,4,4,4,4,4,2,2,2,2,2,2,2,2,2,2,2,2,2,2,2,4,4,4,4,4,4,4,2,2,2,2,2,2,2,2,2,2,4,2,2,4,4,2,2,4,4,4,4,4,4,4,4,4,4,4,4,4,4,4,4,4,2,2,2,2,4,4,4,2,2,4,4,2,2,2,2,4,4,2,2,4,4,4,2,2,2,2,2,2,4,4,4,2,2,2,2,2,2,2,2,2,2,2,2,2,2,2,2,4,4,4,2,2,4,4,4,2,2,4,4,2,2,2,2,2,2,2,2,2,2,2,2,2,4,2,2,2,2,2,2,2,2,2,2,2,4,2,2,2,2,2,2,2,2,2,2,2,2,2,2,2,2,2,2,2,2,2,2,2,2,2,2,2,2,2,2,2,2,2,2,2,2,2,2,2,2,2,2,2,2,2,2,2,2,2,2,2,2,2,2,2,2,2,2,2,2,2,2,2,2,2,2,2,2,2,2,2,2,2,2,2,2,2,2,2,2,2,2,2,2,2,2,2,4,2,2]",1.0,1.0,1.0,1.0,1.0,0.4930649480740159,0.4817605667000564,0.4817605667000564,0.1814168392842881,8.20999084302952,24.48641742107381,0.0074088763645822,8.20999084302952,0.0,0.1814168392842881,0.0,0.0,0.0,0.0009070841964214,100,0.01,1.0,753900,15876,103.26404916701722,0.2530182909977156,140.36915362501168,0.9999996007506264,3.992493735616165e-07,68.01452391262389,7.984985876952067e-07,68.01451033286394,1.7798624427796628,0.0008935875710433,7.569500581894317e-13,7.570610804918942e-13,1e-12,analysis/fermionic_structure_ablation_extension_hgbs5.csv,5.870060548751611e-09,67.40394964262856,68.01452391262389
success,,NH3_s-1.00_hgbs-5_as-008-010,hamiltonian_generator/polyatomic_library/NH3/s-1.00/hgbs-5/NH3_s-1.00_hgbs-5_as-008-010.tensors.npz,NH3,s-1.00,hgbs-5,8,10,18,3899,7539,5642,0.7483751160631383,0,signed_parent_blocks_randomized,5,1149433071,"reference signed-fermionic parent-owned Pauli blocks preserved internally and kept contiguous, but whole parent blocks randomly permuted",e4d4402b2648e392,a703ce81605ce8d9,"[1,1,1,1,1,1,1,1,1,1,1,1,1,1,1,1,1,1,1,1,1,1,1,1,1,1,1,1,1,1,1,1,1,1,1,1,1,1,1,1,1,1,1,1,1,1,2,2,2,2,1,1,1,1,1,1,1,1,1,1,1,1,1,1,1,1,1,1,1,1,4,4,1,1,1,1,1,1,1,1,1,1,1,1,1,1,1,1,4,1,1,1,1,1,1,1,1,1,1,1,1,1,1,1,1,1,1,1,1,1,1,1,1,1,1,1,1,1,1,1,1,1,1,1,1,1,1,1,1,1,1,1,1,1,1,1,1,1,1,1,1,1,1,2,2,1,1,1,1,1,1,1,1,1,1,1,1,1,1,1,1,1,1,1,1,1,1,1,1,1,1,1,1,1,4,1,1,1,1,1,1,2,2,2,4,4,4,4,2,2,2,2,2,2,2,2,2,2,2,2,2,2,2,2,2,2,2,2,2,2,2,2,2,2,2,2,2,2,2,2,4,4,2,4,2,4,2,2,2,2,2,2,2,2,2,2,2,2,2,2,2,2,2,2,2,4,4,2,4,2,2,2,2,2,2,2,4,4,4,4,4,4,4,4,2,2,2,2,2,2,4,2,4,2,4,2,2,2,2,2,2,2,2,4,4,2,4,4,4,4,4,4,4,4,2,2,6,6,4,4,4,4,2,4,2,2,2,4,2,2,2,2,2,4,4,4,2,2,2,2,2,4,4,4,4,2,2,2,2,4,4,2,2,4,4,4,4,4,2,2,4,4,4,4,4,2,2,2,2,2,2,4,4,4,4,2,2,4,4,6,6,2,2,4,4,2,2,2,2,2,2,4,4,4,4,4,4,4,2,2,4,4,4,4,4,4,2,2,2,2,4,4,4,4,4,4,4,4,4,4,4,4,4,2,2,2,2,2,4,4,4,4,4,4,4,2,2,4,4,4,2,2,4,4,4,4,2,2,2,2,2,2,2,4,4,4,6,6,6,6,4,4,2,2,2,2,4,4,4,4,4,2,2,4,4,4,4,4,4,2,2,4,4,4,4,4,4,4,2,2,2,2,4,4,4,4,2,2,4,4,4,2,2,2,6,6,4,4,6,6,6,6,4,4,4,4,4,4,4,4,4,4,4,2,2,2,2,2,4,4,2,2,2,2,4,4,2,2,4,6,6,4,4,2,2,2,2,4,4,4,4,2,2,2,2,2,2,2,2,2,2,2,2,2,2,4,4,4,4,4,4,4,4,6,6,4,4,4,4,4,4,4,4,4,4,4,4,4,6,6,4,4,4,4,4,4,4,4,4,4,4,4,4,4,2,2,2,2,6,6,6,6,4,4,2,2,2,2,6,6,6,6,6,6,6,6,6,6,4,4,4,4,4,4,4,4,4,4,4,4,4,4,4,4,4,4,4,2,2,4,4,4,6,6,6,6,2,2,6,6,2,2,4,4,2,2,2,2,6,6,4,4,4,4,4,4,4,4,4,4,4,4,4,4,4,4,4,4,4,4,4,4,6,6,6,6,6,6,4,4,4,4,4,4,4,4,4,4,6,6,4,4,2,2,4,4,6,6,6,6,4,4,4,4,4,4,2,2,2,2,2,2,6,6,6,6,4,4,4,4,2,2,4,4,2,2,4,4,4,4,2,2,2,2,4,4,4,4,6,6,2,2,2,2,2,4,2,2,6,6,2,2,4,4,4,4,4,4,4,4,2,2,2,2,2,2,4,4,2,2,4,4,4,4,6,6,6,6,4,4,2,2,2,4,4,4,4,2,2,4,4,4,4,4,4,4,4,2,2,2,2,4,4,4,4,4,2,2,2,2,2,2,4,4,4,4,6,6,4,4,4,4,4,4,4,4,2,2,4,4,4,4,4,4,2,2,2,2,2,2,4,4,4,4,4,4,4,4,4,4,4,6,6,2,2,6,6,4,4,4,4,4,4,4,4,2,2,4,4,4,4,4,4,4,4,2,2,4,4,2,2,2,2,2,2,2,2,2,2,4,4,4,4,4,2,2,2,2,2,2,4,4,4,4,4,4,2,2,4,4,4,4,4,4,4,4,4,4,4,2,2,6,6,2,2,2,2,4,4,4,4,2,2,4,4,2,2,4,4,4,4,4,4,4,4,6,6,6,6,4,4,4,2,4,4,4,4,4,4,4,4,4,4,4,2,2,4,6,6,6,6,6,6,4,4,2,2,2,4,4,6,6,4,4,4,4,2,2,4,4,4,4,4,4,4,4,2,2,4,4,4,4,4,4,4,4,4,4,2,2,4,4,4,4,4,4,2,2,2,2,4,4,2,2,2,2,2,2,4,4,4,4,4,4,4,4,4,4,4,4,4,4,4,4,4,2,2,2,2,4,4,4,4,4,4,4,4,4,4,4,2,2,6,6,4,4,4,4,4,4,4,4,4,4,4,4,4,4,4,4,4,4,4,2,2,4,2,2,2,4,4,4,4,4,4,4,4,4,4,4,4,4,6,6,2,2,4,4,4,4,4,4,4,4,4,4,4,2,2,2,2,4,4,2,4,4,4,4,4,4,4,4,4,2,2,4,4,4,4,4,4,4,2,2,2,2,4,4,4,4,4,4,4,4,4,4,4,2,2,4,4,2,2,4,4,4,6,6,4,4,4,4,4,4,4,4,4,4,4,4,6,6,6,6,2,2,2,2,4,4,4,4,4,4,4,4,4,4,4,4,4,4,4,4,4,4,4,4,4,4,4,4,4,4,2,2,6,6,4,4,2,2,4,4,4,4,2,2,4,4,4,4,4,4,4,4,4,4,4,4,4,4,4,4,4,4,4,4,2,2,6,6,2,2,4,4,4,4,4,4,4,4,4,4,4,4,4,4,4,4,2,2,4,4,2,2,2,4,4,4,4,4,4,4,2,2,2,2,2,2,2,2,4,4,4,4,4,4,4,2,2,2,2,4,4,6,6,6,6,6,6,4,4,4,4,2,2,4,4,4,4,6,6,4,4,2,4,4,4,4,4,4,4,4,4,4,4,4,4,4,4,4,4,4,2,2,2,2,4,4,4,4,4,4,4,2,2,2,2,4,4,4,4,4,4,2,4,2,2,6,6,6,6,6,6,4,4,4,4,4,4,4,4,4,2,4,4,4,4,4,4,4,4,4,4,4,4,4,4,4,4,4,4,4,4,4,4,6,6,4,4,2,2,4,4,4,4,4,4,4,4,4,4,4,4,4,4,4,4,2,2,2,2,2,4,4,4,4,4,4,2,2,4,2,4,4,2,2,4,4,4,4,4,4,4,4,4,4,4,4,4,4,4,4,4,4,4,6,6,4,4,4,4,4,4,4,6,6,4,4,4,4,4,4,4,4,4,4,2,2,4,4,2,2,2,4,4,4,4,4,4,4,4,2,2,6,6,6,6,6,6,4,4,4,4,4,6,6,2,2,4,4,4,4,4,2,2,4,4,2,2,4,2,2,2,4,4,2,2,4,4,4,4,4,4,4,4,4,4,4,2,2,4,4,4,4,4,4,4,4,4,4,4,4,6,6,4,4,2,2,2,2,4,4,4,4,4,4,4,2,2,2,2,4,2,2,4,4,2,2,4,4,4,4,2,2,4,4,4,2,2,4,4,2,2,2,4,2,2,4,4,4,2,2,4,4,4,4,4,2,2,4,4,4,4,2,2,2,2,2,2,2,4,4,4,4,4,4,2,2,2,4,4,4,2,2,4,4,2,2,4,4,2,4,4,6,6,4,4,4,4,4,4,2,2,4,4,4,4,4,4,4,4,4,4,4,4,2,2,2,4,4,4,6,6,6,6,6,6,4,2,4,4,4,4,4,2,2,2,2,4,4,4,4,2,2,2,2,2,2,2,2,2,4,4,4,4,4,2,2,4,4,2,2,4,4,4,2,2,2,2,2,4,4,2,2,4,4,2,2,4,4,2,2,4,4,4,4,4,4,2,2,2,2,2,2,4,4,4,4,4,4,4,4,4,4,4,4,4,4,4,4,4,4,4,4,4,4,4,4,4,2,2,4,4,4,4,2,2,4,4,2,2,4,4,4,2,2,2,4,4,4,4,4,4,4,4,2,2,4,4,2,2,4,4,4,2,2,4,4,4,4,4,2,2,2,4,4,6,6,6,6,4,4,2,2,2,2,4,4,4,4,2,2,4,2,2,2,2,4,4,4,4,4,4,4,2,2,2,2,2,2,4,4,2,2,2,2,2,2,2,2,2,2,2,2,6,6,2,2,2,2,4,4,2,2,4,4,4,4,4,4,4,4,2,2,2,2,2,4,4,4,4,2,2,2,2,4,2,2,4,4,4,4,4,2,4,4,4,4,4,2,2,2,2,2,2,4,4,2,2,4,4,2,2,2,2,4,4,2,2,4,2,2,2,2,6,6,2,2,2,2,4,4,2,2,2,2,4,2,2,2,2,2,2,2,2,6,6,4,4,2,2,4,4,2,2,4,2,2,2,2,2,2,4,4,4,4,4,4,2,2,2,2,2,2,4,4,4,4,2,2,4,4,4,2,2,4,4,4,4,4,4,4,4,2,2,4,4,2,2,2,2,2,2,2,4,4,2,2,4,4,6,6,4,4,4,2,2,4,4,2,2,2,2,4,4,2,2,2,2,4,4,4,4,4,4,2,2,4,4,2,2,2,2,4,4,4,4,4,4,4,4,4,4,2,2,2,2,4,4,4,4,4,4,4,4,2,2,2,2,4,4,2,2,4,4,4,4,2,2,4,2,2,4,4,4,4,4,4,4,4,4,2,2,2,2,4,2,2,2,2,4,4,4,4,4,4,2,2,2,2,4,4,4,4,4,4,2,2,2,2,2,2,2,2,2,2,2,2,2,2,2,4,4,4,4,4,4,4,2,2,2,2,2,2,2,2,2,2,4,2,2,4,4,2,2,4,4,4,4,4,4,4,4,4,4,4,4,4,4,4,4,4,2,2,2,2,4,4,4,2,2,4,4,2,2,2,2,4,4,2,2,4,4,4,2,2,2,2,2,2,4,4,4,2,2,2,2,2,2,2,2,2,2,2,2,2,2,2,2,4,4,4,2,2,4,4,4,2,2,4,4,2,2,2,2,2,2,2,2,2,2,2,2,2,4,2,2,2,2,2,2,2,2,2,2,2,4,2,2,2,2,2,2,2,2,2,2,2,2,2,2,2,2,2,2,2,2,2,2,2,2,2,2,2,2,2,2,2,2,2,2,2,2,2,2,2,2,2,2,2,2,2,2,2,2,2,2,2,2,2,2,2,2,2,2,2,2,2,2,2,2,2,2,2,2,2,2,2,2,2,2,2,2,2,2,2,2,2,2,2,2,2,2,2,4,2,2]",1.0,1.0,1.0,1.0,1.0,0.4948558856690687,0.57105695827593,0.57105695827593,0.2216056787127228,10.028730520124142,24.48641742107381,0.009050147063245,10.028730520124142,0.0,0.2216056787127228,0.0,0.0,0.0,0.0011080283935636,100,0.01,1.0,753900,15876,103.26404916701722,0.2530182909977156,140.5170627500047,0.9999994035888282,5.964111717826626e-07,101.60221804006804,1.192821987849868e-06,101.6021877409379,1.7798627519818442,0.0010921640643993,8.292255770925294e-13,8.293365993949919e-13,1e-12,analysis/fermionic_structure_ablation_extension_hgbs5.csv,5.870060548751611e-09,100.57543584526945,101.60221804006804
success,,NH3_s-1.00_hgbs-5_as-008-010,hamiltonian_generator/polyatomic_library/NH3/s-1.00/hgbs-5/NH3_s-1.00_hgbs-5_as-008-010.tensors.npz,NH3,s-1.00,hgbs-5,8,10,18,3899,7539,5642,0.7483751160631383,0,signed_parent_blocks_randomized,6,1483607668,"reference signed-fermionic parent-owned Pauli blocks preserved internally and kept contiguous, but whole parent blocks randomly permuted",fc0d49522d6e40a9,4bf4a1a922b41a7e,"[1,1,1,1,1,1,1,1,1,1,1,1,1,1,1,1,1,1,1,1,1,1,1,1,1,1,1,1,1,1,1,1,1,1,1,1,1,1,1,1,1,1,1,1,1,1,2,2,2,2,1,1,1,1,1,1,1,1,1,1,1,1,1,1,1,1,1,1,1,1,4,4,1,1,1,1,1,1,1,1,1,1,1,1,1,1,1,1,4,1,1,1,1,1,1,1,1,1,1,1,1,1,1,1,1,1,1,1,1,1,1,1,1,1,1,1,1,1,1,1,1,1,1,1,1,1,1,1,1,1,1,1,1,1,1,1,1,1,1,1,1,1,1,2,2,1,1,1,1,1,1,1,1,1,1,1,1,1,1,1,1,1,1,1,1,1,1,1,1,1,1,1,1,1,4,1,1,1,1,1,1,2,2,2,4,4,4,4,2,2,2,2,2,2,2,2,2,2,2,2,2,2,2,2,2,2,2,2,2,2,2,2,2,2,2,2,2,2,2,2,4,4,2,4,2,4,2,2,2,2,2,2,2,2,2,2,2,2,2,2,2,2,2,2,2,4,4,2,4,2,2,2,2,2,2,2,4,4,4,4,4,4,4,4,2,2,2,2,2,2,4,2,4,2,4,2,2,2,2,2,2,2,2,4,4,2,4,4,4,4,4,4,4,4,2,2,6,6,4,4,4,4,2,4,2,2,2,4,2,2,2,2,2,4,4,4,2,2,2,2,2,4,4,4,4,2,2,2,2,4,4,2,2,4,4,4,4,4,2,2,4,4,4,4,4,2,2,2,2,2,2,4,4,4,4,2,2,4,4,6,6,2,2,4,4,2,2,2,2,2,2,4,4,4,4,4,4,4,2,2,4,4,4,4,4,4,2,2,2,2,4,4,4,4,4,4,4,4,4,4,4,4,4,2,2,2,2,2,4,4,4,4,4,4,4,2,2,4,4,4,2,2,4,4,4,4,2,2,2,2,2,2,2,4,4,4,6,6,6,6,4,4,2,2,2,2,4,4,4,4,4,2,2,4,4,4,4,4,4,2,2,4,4,4,4,4,4,4,2,2,2,2,4,4,4,4,2,2,4,4,4,2,2,2,6,6,4,4,6,6,6,6,4,4,4,4,4,4,4,4,4,4,4,2,2,2,2,2,4,4,2,2,2,2,4,4,2,2,4,6,6,4,4,2,2,2,2,4,4,4,4,2,2,2,2,2,2,2,2,2,2,2,2,2,2,4,4,4,4,4,4,4,4,6,6,4,4,4,4,4,4,4,4,4,4,4,4,4,6,6,4,4,4,4,4,4,4,4,4,4,4,4,4,4,2,2,2,2,6,6,6,6,4,4,2,2,2,2,6,6,6,6,6,6,6,6,6,6,4,4,4,4,4,4,4,4,4,4,4,4,4,4,4,4,4,4,4,2,2,4,4,4,6,6,6,6,2,2,6,6,2,2,4,4,2,2,2,2,6,6,4,4,4,4,4,4,4,4,4,4,4,4,4,4,4,4,4,4,4,4,4,4,6,6,6,6,6,6,4,4,4,4,4,4,4,4,4,4,6,6,4,4,2,2,4,4,6,6,6,6,4,4,4,4,4,4,2,2,2,2,2,2,6,6,6,6,4,4,4,4,2,2,4,4,2,2,4,4,4,4,2,2,2,2,4,4,4,4,6,6,2,2,2,2,2,4,2,2,6,6,2,2,4,4,4,4,4,4,4,4,2,2,2,2,2,2,4,4,2,2,4,4,4,4,6,6,6,6,4,4,2,2,2,4,4,4,4,2,2,4,4,4,4,4,4,4,4,2,2,2,2,4,4,4,4,4,2,2,2,2,2,2,4,4,4,4,6,6,4,4,4,4,4,4,4,4,2,2,4,4,4,4,4,4,2,2,2,2,2,2,4,4,4,4,4,4,4,4,4,4,4,6,6,2,2,6,6,4,4,4,4,4,4,4,4,2,2,4,4,4,4,4,4,4,4,2,2,4,4,2,2,2,2,2,2,2,2,2,2,4,4,4,4,4,2,2,2,2,2,2,4,4,4,4,4,4,2,2,4,4,4,4,4,4,4,4,4,4,4,2,2,6,6,2,2,2,2,4,4,4,4,2,2,4,4,2,2,4,4,4,4,4,4,4,4,6,6,6,6,4,4,4,2,4,4,4,4,4,4,4,4,4,4,4,2,2,4,6,6,6,6,6,6,4,4,2,2,2,4,4,6,6,4,4,4,4,2,2,4,4,4,4,4,4,4,4,2,2,4,4,4,4,4,4,4,4,4,4,2,2,4,4,4,4,4,4,2,2,2,2,4,4,2,2,2,2,2,2,4,4,4,4,4,4,4,4,4,4,4,4,4,4,4,4,4,2,2,2,2,4,4,4,4,4,4,4,4,4,4,4,2,2,6,6,4,4,4,4,4,4,4,4,4,4,4,4,4,4,4,4,4,4,4,2,2,4,2,2,2,4,4,4,4,4,4,4,4,4,4,4,4,4,6,6,2,2,4,4,4,4,4,4,4,4,4,4,4,2,2,2,2,4,4,2,4,4,4,4,4,4,4,4,4,2,2,4,4,4,4,4,4,4,2,2,2,2,4,4,4,4,4,4,4,4,4,4,4,2,2,4,4,2,2,4,4,4,6,6,4,4,4,4,4,4,4,4,4,4,4,4,6,6,6,6,2,2,2,2,4,4,4,4,4,4,4,4,4,4,4,4,4,4,4,4,4,4,4,4,4,4,4,4,4,4,2,2,6,6,4,4,2,2,4,4,4,4,2,2,4,4,4,4,4,4,4,4,4,4,4,4,4,4,4,4,4,4,4,4,2,2,6,6,2,2,4,4,4,4,4,4,4,4,4,4,4,4,4,4,4,4,2,2,4,4,2,2,2,4,4,4,4,4,4,4,2,2,2,2,2,2,2,2,4,4,4,4,4,4,4,2,2,2,2,4,4,6,6,6,6,6,6,4,4,4,4,2,2,4,4,4,4,6,6,4,4,2,4,4,4,4,4,4,4,4,4,4,4,4,4,4,4,4,4,4,2,2,2,2,4,4,4,4,4,4,4,2,2,2,2,4,4,4,4,4,4,2,4,2,2,6,6,6,6,6,6,4,4,4,4,4,4,4,4,4,2,4,4,4,4,4,4,4,4,4,4,4,4,4,4,4,4,4,4,4,4,4,4,6,6,4,4,2,2,4,4,4,4,4,4,4,4,4,4,4,4,4,4,4,4,2,2,2,2,2,4,4,4,4,4,4,2,2,4,2,4,4,2,2,4,4,4,4,4,4,4,4,4,4,4,4,4,4,4,4,4,4,4,6,6,4,4,4,4,4,4,4,6,6,4,4,4,4,4,4,4,4,4,4,2,2,4,4,2,2,2,4,4,4,4,4,4,4,4,2,2,6,6,6,6,6,6,4,4,4,4,4,6,6,2,2,4,4,4,4,4,2,2,4,4,2,2,4,2,2,2,4,4,2,2,4,4,4,4,4,4,4,4,4,4,4,2,2,4,4,4,4,4,4,4,4,4,4,4,4,6,6,4,4,2,2,2,2,4,4,4,4,4,4,4,2,2,2,2,4,2,2,4,4,2,2,4,4,4,4,2,2,4,4,4,2,2,4,4,2,2,2,4,2,2,4,4,4,2,2,4,4,4,4,4,2,2,4,4,4,4,2,2,2,2,2,2,2,4,4,4,4,4,4,2,2,2,4,4,4,2,2,4,4,2,2,4,4,2,4,4,6,6,4,4,4,4,4,4,2,2,4,4,4,4,4,4,4,4,4,4,4,4,2,2,2,4,4,4,6,6,6,6,6,6,4,2,4,4,4,4,4,2,2,2,2,4,4,4,4,2,2,2,2,2,2,2,2,2,4,4,4,4,4,2,2,4,4,2,2,4,4,4,2,2,2,2,2,4,4,2,2,4,4,2,2,4,4,2,2,4,4,4,4,4,4,2,2,2,2,2,2,4,4,4,4,4,4,4,4,4,4,4,4,4,4,4,4,4,4,4,4,4,4,4,4,4,2,2,4,4,4,4,2,2,4,4,2,2,4,4,4,2,2,2,4,4,4,4,4,4,4,4,2,2,4,4,2,2,4,4,4,2,2,4,4,4,4,4,2,2,2,4,4,6,6,6,6,4,4,2,2,2,2,4,4,4,4,2,2,4,2,2,2,2,4,4,4,4,4,4,4,2,2,2,2,2,2,4,4,2,2,2,2,2,2,2,2,2,2,2,2,6,6,2,2,2,2,4,4,2,2,4,4,4,4,4,4,4,4,2,2,2,2,2,4,4,4,4,2,2,2,2,4,2,2,4,4,4,4,4,2,4,4,4,4,4,2,2,2,2,2,2,4,4,2,2,4,4,2,2,2,2,4,4,2,2,4,2,2,2,2,6,6,2,2,2,2,4,4,2,2,2,2,4,2,2,2,2,2,2,2,2,6,6,4,4,2,2,4,4,2,2,4,2,2,2,2,2,2,4,4,4,4,4,4,2,2,2,2,2,2,4,4,4,4,2,2,4,4,4,2,2,4,4,4,4,4,4,4,4,2,2,4,4,2,2,2,2,2,2,2,4,4,2,2,4,4,6,6,4,4,4,2,2,4,4,2,2,2,2,4,4,2,2,2,2,4,4,4,4,4,4,2,2,4,4,2,2,2,2,4,4,4,4,4,4,4,4,4,4,2,2,2,2,4,4,4,4,4,4,4,4,2,2,2,2,4,4,2,2,4,4,4,4,2,2,4,2,2,4,4,4,4,4,4,4,4,4,2,2,2,2,4,2,2,2,2,4,4,4,4,4,4,2,2,2,2,4,4,4,4,4,4,2,2,2,2,2,2,2,2,2,2,2,2,2,2,2,4,4,4,4,4,4,4,2,2,2,2,2,2,2,2,2,2,4,2,2,4,4,2,2,4,4,4,4,4,4,4,4,4,4,4,4,4,4,4,4,4,2,2,2,2,4,4,4,2,2,4,4,2,2,2,2,4,4,2,2,4,4,4,2,2,2,2,2,2,4,4,4,2,2,2,2,2,2,2,2,2,2,2,2,2,2,2,2,4,4,4,2,2,4,4,4,2,2,4,4,2,2,2,2,2,2,2,2,2,2,2,2,2,4,2,2,2,2,2,2,2,2,2,2,2,4,2,2,2,2,2,2,2,2,2,2,2,2,2,2,2,2,2,2,2,2,2,2,2,2,2,2,2,2,2,2,2,2,2,2,2,2,2,2,2,2,2,2,2,2,2,2,2,2,2,2,2,2,2,2,2,2,2,2,2,2,2,2,2,2,2,2,2,2,2,2,2,2,2,2,2,2,2,2,2,2,2,2,2,2,2,2,2,4,2,2]",1.0,1.0,1.0,1.0,1.0,0.5027084757934122,0.4514990259581422,0.4514990259581422,0.2817835477833917,12.752070624451544,24.48641742107381,0.0115077490895372,12.752070624451544,0.0,0.2817835477833917,0.0,0.0,0.0,0.0014089177389169,100,0.01,1.0,753900,15876,103.26404916701722,0.2530182909977156,140.47910799999954,0.999999036115612,9.638843878612136e-07,164.2034830571217,1.9277678466878e-06,164.203403923813,1.7798628061374755,0.0013884411315293,4.969358258222202e-13,4.96713781217295e-13,1e-12,analysis/fermionic_structure_ablation_extension_hgbs5.csv,5.870060548751611e-09,162.615305211,164.20348305712167
success,,NH3_s-1.00_hgbs-5_as-008-010,hamiltonian_generator/polyatomic_library/NH3/s-1.00/hgbs-5/NH3_s-1.00_hgbs-5_as-008-010.tensors.npz,NH3,s-1.00,hgbs-5,8,10,18,3899,7539,5642,0.7483751160631383,0,signed_parent_blocks_randomized,7,3244002855,"reference signed-fermionic parent-owned Pauli blocks preserved internally and kept contiguous, but whole parent blocks randomly permuted",33c240f127b4a9a6,4a6b872ace443cb9,"[1,1,1,1,1,1,1,1,1,1,1,1,1,1,1,1,1,1,1,1,1,1,1,1,1,1,1,1,1,1,1,1,1,1,1,1,1,1,1,1,1,1,1,1,1,1,2,2,2,2,1,1,1,1,1,1,1,1,1,1,1,1,1,1,1,1,1,1,1,1,4,4,1,1,1,1,1,1,1,1,1,1,1,1,1,1,1,1,4,1,1,1,1,1,1,1,1,1,1,1,1,1,1,1,1,1,1,1,1,1,1,1,1,1,1,1,1,1,1,1,1,1,1,1,1,1,1,1,1,1,1,1,1,1,1,1,1,1,1,1,1,1,1,2,2,1,1,1,1,1,1,1,1,1,1,1,1,1,1,1,1,1,1,1,1,1,1,1,1,1,1,1,1,1,4,1,1,1,1,1,1,2,2,2,4,4,4,4,2,2,2,2,2,2,2,2,2,2,2,2,2,2,2,2,2,2,2,2,2,2,2,2,2,2,2,2,2,2,2,2,4,4,2,4,2,4,2,2,2,2,2,2,2,2,2,2,2,2,2,2,2,2,2,2,2,4,4,2,4,2,2,2,2,2,2,2,4,4,4,4,4,4,4,4,2,2,2,2,2,2,4,2,4,2,4,2,2,2,2,2,2,2,2,4,4,2,4,4,4,4,4,4,4,4,2,2,6,6,4,4,4,4,2,4,2,2,2,4,2,2,2,2,2,4,4,4,2,2,2,2,2,4,4,4,4,2,2,2,2,4,4,2,2,4,4,4,4,4,2,2,4,4,4,4,4,2,2,2,2,2,2,4,4,4,4,2,2,4,4,6,6,2,2,4,4,2,2,2,2,2,2,4,4,4,4,4,4,4,2,2,4,4,4,4,4,4,2,2,2,2,4,4,4,4,4,4,4,4,4,4,4,4,4,2,2,2,2,2,4,4,4,4,4,4,4,2,2,4,4,4,2,2,4,4,4,4,2,2,2,2,2,2,2,4,4,4,6,6,6,6,4,4,2,2,2,2,4,4,4,4,4,2,2,4,4,4,4,4,4,2,2,4,4,4,4,4,4,4,2,2,2,2,4,4,4,4,2,2,4,4,4,2,2,2,6,6,4,4,6,6,6,6,4,4,4,4,4,4,4,4,4,4,4,2,2,2,2,2,4,4,2,2,2,2,4,4,2,2,4,6,6,4,4,2,2,2,2,4,4,4,4,2,2,2,2,2,2,2,2,2,2,2,2,2,2,4,4,4,4,4,4,4,4,6,6,4,4,4,4,4,4,4,4,4,4,4,4,4,6,6,4,4,4,4,4,4,4,4,4,4,4,4,4,4,2,2,2,2,6,6,6,6,4,4,2,2,2,2,6,6,6,6,6,6,6,6,6,6,4,4,4,4,4,4,4,4,4,4,4,4,4,4,4,4,4,4,4,2,2,4,4,4,6,6,6,6,2,2,6,6,2,2,4,4,2,2,2,2,6,6,4,4,4,4,4,4,4,4,4,4,4,4,4,4,4,4,4,4,4,4,4,4,6,6,6,6,6,6,4,4,4,4,4,4,4,4,4,4,6,6,4,4,2,2,4,4,6,6,6,6,4,4,4,4,4,4,2,2,2,2,2,2,6,6,6,6,4,4,4,4,2,2,4,4,2,2,4,4,4,4,2,2,2,2,4,4,4,4,6,6,2,2,2,2,2,4,2,2,6,6,2,2,4,4,4,4,4,4,4,4,2,2,2,2,2,2,4,4,2,2,4,4,4,4,6,6,6,6,4,4,2,2,2,4,4,4,4,2,2,4,4,4,4,4,4,4,4,2,2,2,2,4,4,4,4,4,2,2,2,2,2,2,4,4,4,4,6,6,4,4,4,4,4,4,4,4,2,2,4,4,4,4,4,4,2,2,2,2,2,2,4,4,4,4,4,4,4,4,4,4,4,6,6,2,2,6,6,4,4,4,4,4,4,4,4,2,2,4,4,4,4,4,4,4,4,2,2,4,4,2,2,2,2,2,2,2,2,2,2,4,4,4,4,4,2,2,2,2,2,2,4,4,4,4,4,4,2,2,4,4,4,4,4,4,4,4,4,4,4,2,2,6,6,2,2,2,2,4,4,4,4,2,2,4,4,2,2,4,4,4,4,4,4,4,4,6,6,6,6,4,4,4,2,4,4,4,4,4,4,4,4,4,4,4,2,2,4,6,6,6,6,6,6,4,4,2,2,2,4,4,6,6,4,4,4,4,2,2,4,4,4,4,4,4,4,4,2,2,4,4,4,4,4,4,4,4,4,4,2,2,4,4,4,4,4,4,2,2,2,2,4,4,2,2,2,2,2,2,4,4,4,4,4,4,4,4,4,4,4,4,4,4,4,4,4,2,2,2,2,4,4,4,4,4,4,4,4,4,4,4,2,2,6,6,4,4,4,4,4,4,4,4,4,4,4,4,4,4,4,4,4,4,4,2,2,4,2,2,2,4,4,4,4,4,4,4,4,4,4,4,4,4,6,6,2,2,4,4,4,4,4,4,4,4,4,4,4,2,2,2,2,4,4,2,4,4,4,4,4,4,4,4,4,2,2,4,4,4,4,4,4,4,2,2,2,2,4,4,4,4,4,4,4,4,4,4,4,2,2,4,4,2,2,4,4,4,6,6,4,4,4,4,4,4,4,4,4,4,4,4,6,6,6,6,2,2,2,2,4,4,4,4,4,4,4,4,4,4,4,4,4,4,4,4,4,4,4,4,4,4,4,4,4,4,2,2,6,6,4,4,2,2,4,4,4,4,2,2,4,4,4,4,4,4,4,4,4,4,4,4,4,4,4,4,4,4,4,4,2,2,6,6,2,2,4,4,4,4,4,4,4,4,4,4,4,4,4,4,4,4,2,2,4,4,2,2,2,4,4,4,4,4,4,4,2,2,2,2,2,2,2,2,4,4,4,4,4,4,4,2,2,2,2,4,4,6,6,6,6,6,6,4,4,4,4,2,2,4,4,4,4,6,6,4,4,2,4,4,4,4,4,4,4,4,4,4,4,4,4,4,4,4,4,4,2,2,2,2,4,4,4,4,4,4,4,2,2,2,2,4,4,4,4,4,4,2,4,2,2,6,6,6,6,6,6,4,4,4,4,4,4,4,4,4,2,4,4,4,4,4,4,4,4,4,4,4,4,4,4,4,4,4,4,4,4,4,4,6,6,4,4,2,2,4,4,4,4,4,4,4,4,4,4,4,4,4,4,4,4,2,2,2,2,2,4,4,4,4,4,4,2,2,4,2,4,4,2,2,4,4,4,4,4,4,4,4,4,4,4,4,4,4,4,4,4,4,4,6,6,4,4,4,4,4,4,4,6,6,4,4,4,4,4,4,4,4,4,4,2,2,4,4,2,2,2,4,4,4,4,4,4,4,4,2,2,6,6,6,6,6,6,4,4,4,4,4,6,6,2,2,4,4,4,4,4,2,2,4,4,2,2,4,2,2,2,4,4,2,2,4,4,4,4,4,4,4,4,4,4,4,2,2,4,4,4,4,4,4,4,4,4,4,4,4,6,6,4,4,2,2,2,2,4,4,4,4,4,4,4,2,2,2,2,4,2,2,4,4,2,2,4,4,4,4,2,2,4,4,4,2,2,4,4,2,2,2,4,2,2,4,4,4,2,2,4,4,4,4,4,2,2,4,4,4,4,2,2,2,2,2,2,2,4,4,4,4,4,4,2,2,2,4,4,4,2,2,4,4,2,2,4,4,2,4,4,6,6,4,4,4,4,4,4,2,2,4,4,4,4,4,4,4,4,4,4,4,4,2,2,2,4,4,4,6,6,6,6,6,6,4,2,4,4,4,4,4,2,2,2,2,4,4,4,4,2,2,2,2,2,2,2,2,2,4,4,4,4,4,2,2,4,4,2,2,4,4,4,2,2,2,2,2,4,4,2,2,4,4,2,2,4,4,2,2,4,4,4,4,4,4,2,2,2,2,2,2,4,4,4,4,4,4,4,4,4,4,4,4,4,4,4,4,4,4,4,4,4,4,4,4,4,2,2,4,4,4,4,2,2,4,4,2,2,4,4,4,2,2,2,4,4,4,4,4,4,4,4,2,2,4,4,2,2,4,4,4,2,2,4,4,4,4,4,2,2,2,4,4,6,6,6,6,4,4,2,2,2,2,4,4,4,4,2,2,4,2,2,2,2,4,4,4,4,4,4,4,2,2,2,2,2,2,4,4,2,2,2,2,2,2,2,2,2,2,2,2,6,6,2,2,2,2,4,4,2,2,4,4,4,4,4,4,4,4,2,2,2,2,2,4,4,4,4,2,2,2,2,4,2,2,4,4,4,4,4,2,4,4,4,4,4,2,2,2,2,2,2,4,4,2,2,4,4,2,2,2,2,4,4,2,2,4,2,2,2,2,6,6,2,2,2,2,4,4,2,2,2,2,4,2,2,2,2,2,2,2,2,6,6,4,4,2,2,4,4,2,2,4,2,2,2,2,2,2,4,4,4,4,4,4,2,2,2,2,2,2,4,4,4,4,2,2,4,4,4,2,2,4,4,4,4,4,4,4,4,2,2,4,4,2,2,2,2,2,2,2,4,4,2,2,4,4,6,6,4,4,4,2,2,4,4,2,2,2,2,4,4,2,2,2,2,4,4,4,4,4,4,2,2,4,4,2,2,2,2,4,4,4,4,4,4,4,4,4,4,2,2,2,2,4,4,4,4,4,4,4,4,2,2,2,2,4,4,2,2,4,4,4,4,2,2,4,2,2,4,4,4,4,4,4,4,4,4,2,2,2,2,4,2,2,2,2,4,4,4,4,4,4,2,2,2,2,4,4,4,4,4,4,2,2,2,2,2,2,2,2,2,2,2,2,2,2,2,4,4,4,4,4,4,4,2,2,2,2,2,2,2,2,2,2,4,2,2,4,4,2,2,4,4,4,4,4,4,4,4,4,4,4,4,4,4,4,4,4,2,2,2,2,4,4,4,2,2,4,4,2,2,2,2,4,4,2,2,4,4,4,2,2,2,2,2,2,4,4,4,2,2,2,2,2,2,2,2,2,2,2,2,2,2,2,2,4,4,4,2,2,4,4,4,2,2,4,4,2,2,2,2,2,2,2,2,2,2,2,2,2,4,2,2,2,2,2,2,2,2,2,2,2,4,2,2,2,2,2,2,2,2,2,2,2,2,2,2,2,2,2,2,2,2,2,2,2,2,2,2,2,2,2,2,2,2,2,2,2,2,2,2,2,2,2,2,2,2,2,2,2,2,2,2,2,2,2,2,2,2,2,2,2,2,2,2,2,2,2,2,2,2,2,2,2,2,2,2,2,2,2,2,2,2,2,2,2,2,2,2,2,4,2,2]",1.0,1.0,1.0,1.0,1.0,0.5159576633421534,0.4971565345180339,0.4971565345180339,0.2632272849923344,11.912309838206692,24.48641742107381,0.0107499304804708,11.912309838206692,0.0,0.2632272849923344,0.0,0.0,0.0,0.0013161364249616,100,0.01,1.0,753900,15876,103.26404916701722,0.2530182909977156,140.4361616660026,0.9999991572330744,8.427669255794967e-07,143.57039737157882,1.6855331409493246e-06,143.57033687734176,1.7798624633911626,0.0012982811140731,7.102096688527126e-13,7.102096688527126e-13,1e-12,analysis/fermionic_structure_ablation_extension_hgbs5.csv,5.870060548751611e-09,141.90312568143594,143.57039737157882
success,,NH3_s-1.00_hgbs-5_as-008-010,hamiltonian_generator/polyatomic_library/NH3/s-1.00/hgbs-5/NH3_s-1.00_hgbs-5_as-008-010.tensors.npz,NH3,s-1.00,hgbs-5,8,10,18,3899,7539,5642,0.7483751160631383,0,signed_parent_blocks_randomized,8,2724204207,"reference signed-fermionic parent-owned Pauli blocks preserved internally and kept contiguous, but whole parent blocks randomly permuted",f940b1bc3fba13a6,7be68e0bae8b05ce,"[1,1,1,1,1,1,1,1,1,1,1,1,1,1,1,1,1,1,1,1,1,1,1,1,1,1,1,1,1,1,1,1,1,1,1,1,1,1,1,1,1,1,1,1,1,1,2,2,2,2,1,1,1,1,1,1,1,1,1,1,1,1,1,1,1,1,1,1,1,1,4,4,1,1,1,1,1,1,1,1,1,1,1,1,1,1,1,1,4,1,1,1,1,1,1,1,1,1,1,1,1,1,1,1,1,1,1,1,1,1,1,1,1,1,1,1,1,1,1,1,1,1,1,1,1,1,1,1,1,1,1,1,1,1,1,1,1,1,1,1,1,1,1,2,2,1,1,1,1,1,1,1,1,1,1,1,1,1,1,1,1,1,1,1,1,1,1,1,1,1,1,1,1,1,4,1,1,1,1,1,1,2,2,2,4,4,4,4,2,2,2,2,2,2,2,2,2,2,2,2,2,2,2,2,2,2,2,2,2,2,2,2,2,2,2,2,2,2,2,2,4,4,2,4,2,4,2,2,2,2,2,2,2,2,2,2,2,2,2,2,2,2,2,2,2,4,4,2,4,2,2,2,2,2,2,2,4,4,4,4,4,4,4,4,2,2,2,2,2,2,4,2,4,2,4,2,2,2,2,2,2,2,2,4,4,2,4,4,4,4,4,4,4,4,2,2,6,6,4,4,4,4,2,4,2,2,2,4,2,2,2,2,2,4,4,4,2,2,2,2,2,4,4,4,4,2,2,2,2,4,4,2,2,4,4,4,4,4,2,2,4,4,4,4,4,2,2,2,2,2,2,4,4,4,4,2,2,4,4,6,6,2,2,4,4,2,2,2,2,2,2,4,4,4,4,4,4,4,2,2,4,4,4,4,4,4,2,2,2,2,4,4,4,4,4,4,4,4,4,4,4,4,4,2,2,2,2,2,4,4,4,4,4,4,4,2,2,4,4,4,2,2,4,4,4,4,2,2,2,2,2,2,2,4,4,4,6,6,6,6,4,4,2,2,2,2,4,4,4,4,4,2,2,4,4,4,4,4,4,2,2,4,4,4,4,4,4,4,2,2,2,2,4,4,4,4,2,2,4,4,4,2,2,2,6,6,4,4,6,6,6,6,4,4,4,4,4,4,4,4,4,4,4,2,2,2,2,2,4,4,2,2,2,2,4,4,2,2,4,6,6,4,4,2,2,2,2,4,4,4,4,2,2,2,2,2,2,2,2,2,2,2,2,2,2,4,4,4,4,4,4,4,4,6,6,4,4,4,4,4,4,4,4,4,4,4,4,4,6,6,4,4,4,4,4,4,4,4,4,4,4,4,4,4,2,2,2,2,6,6,6,6,4,4,2,2,2,2,6,6,6,6,6,6,6,6,6,6,4,4,4,4,4,4,4,4,4,4,4,4,4,4,4,4,4,4,4,2,2,4,4,4,6,6,6,6,2,2,6,6,2,2,4,4,2,2,2,2,6,6,4,4,4,4,4,4,4,4,4,4,4,4,4,4,4,4,4,4,4,4,4,4,6,6,6,6,6,6,4,4,4,4,4,4,4,4,4,4,6,6,4,4,2,2,4,4,6,6,6,6,4,4,4,4,4,4,2,2,2,2,2,2,6,6,6,6,4,4,4,4,2,2,4,4,2,2,4,4,4,4,2,2,2,2,4,4,4,4,6,6,2,2,2,2,2,4,2,2,6,6,2,2,4,4,4,4,4,4,4,4,2,2,2,2,2,2,4,4,2,2,4,4,4,4,6,6,6,6,4,4,2,2,2,4,4,4,4,2,2,4,4,4,4,4,4,4,4,2,2,2,2,4,4,4,4,4,2,2,2,2,2,2,4,4,4,4,6,6,4,4,4,4,4,4,4,4,2,2,4,4,4,4,4,4,2,2,2,2,2,2,4,4,4,4,4,4,4,4,4,4,4,6,6,2,2,6,6,4,4,4,4,4,4,4,4,2,2,4,4,4,4,4,4,4,4,2,2,4,4,2,2,2,2,2,2,2,2,2,2,4,4,4,4,4,2,2,2,2,2,2,4,4,4,4,4,4,2,2,4,4,4,4,4,4,4,4,4,4,4,2,2,6,6,2,2,2,2,4,4,4,4,2,2,4,4,2,2,4,4,4,4,4,4,4,4,6,6,6,6,4,4,4,2,4,4,4,4,4,4,4,4,4,4,4,2,2,4,6,6,6,6,6,6,4,4,2,2,2,4,4,6,6,4,4,4,4,2,2,4,4,4,4,4,4,4,4,2,2,4,4,4,4,4,4,4,4,4,4,2,2,4,4,4,4,4,4,2,2,2,2,4,4,2,2,2,2,2,2,4,4,4,4,4,4,4,4,4,4,4,4,4,4,4,4,4,2,2,2,2,4,4,4,4,4,4,4,4,4,4,4,2,2,6,6,4,4,4,4,4,4,4,4,4,4,4,4,4,4,4,4,4,4,4,2,2,4,2,2,2,4,4,4,4,4,4,4,4,4,4,4,4,4,6,6,2,2,4,4,4,4,4,4,4,4,4,4,4,2,2,2,2,4,4,2,4,4,4,4,4,4,4,4,4,2,2,4,4,4,4,4,4,4,2,2,2,2,4,4,4,4,4,4,4,4,4,4,4,2,2,4,4,2,2,4,4,4,6,6,4,4,4,4,4,4,4,4,4,4,4,4,6,6,6,6,2,2,2,2,4,4,4,4,4,4,4,4,4,4,4,4,4,4,4,4,4,4,4,4,4,4,4,4,4,4,2,2,6,6,4,4,2,2,4,4,4,4,2,2,4,4,4,4,4,4,4,4,4,4,4,4,4,4,4,4,4,4,4,4,2,2,6,6,2,2,4,4,4,4,4,4,4,4,4,4,4,4,4,4,4,4,2,2,4,4,2,2,2,4,4,4,4,4,4,4,2,2,2,2,2,2,2,2,4,4,4,4,4,4,4,2,2,2,2,4,4,6,6,6,6,6,6,4,4,4,4,2,2,4,4,4,4,6,6,4,4,2,4,4,4,4,4,4,4,4,4,4,4,4,4,4,4,4,4,4,2,2,2,2,4,4,4,4,4,4,4,2,2,2,2,4,4,4,4,4,4,2,4,2,2,6,6,6,6,6,6,4,4,4,4,4,4,4,4,4,2,4,4,4,4,4,4,4,4,4,4,4,4,4,4,4,4,4,4,4,4,4,4,6,6,4,4,2,2,4,4,4,4,4,4,4,4,4,4,4,4,4,4,4,4,2,2,2,2,2,4,4,4,4,4,4,2,2,4,2,4,4,2,2,4,4,4,4,4,4,4,4,4,4,4,4,4,4,4,4,4,4,4,6,6,4,4,4,4,4,4,4,6,6,4,4,4,4,4,4,4,4,4,4,2,2,4,4,2,2,2,4,4,4,4,4,4,4,4,2,2,6,6,6,6,6,6,4,4,4,4,4,6,6,2,2,4,4,4,4,4,2,2,4,4,2,2,4,2,2,2,4,4,2,2,4,4,4,4,4,4,4,4,4,4,4,2,2,4,4,4,4,4,4,4,4,4,4,4,4,6,6,4,4,2,2,2,2,4,4,4,4,4,4,4,2,2,2,2,4,2,2,4,4,2,2,4,4,4,4,2,2,4,4,4,2,2,4,4,2,2,2,4,2,2,4,4,4,2,2,4,4,4,4,4,2,2,4,4,4,4,2,2,2,2,2,2,2,4,4,4,4,4,4,2,2,2,4,4,4,2,2,4,4,2,2,4,4,2,4,4,6,6,4,4,4,4,4,4,2,2,4,4,4,4,4,4,4,4,4,4,4,4,2,2,2,4,4,4,6,6,6,6,6,6,4,2,4,4,4,4,4,2,2,2,2,4,4,4,4,2,2,2,2,2,2,2,2,2,4,4,4,4,4,2,2,4,4,2,2,4,4,4,2,2,2,2,2,4,4,2,2,4,4,2,2,4,4,2,2,4,4,4,4,4,4,2,2,2,2,2,2,4,4,4,4,4,4,4,4,4,4,4,4,4,4,4,4,4,4,4,4,4,4,4,4,4,2,2,4,4,4,4,2,2,4,4,2,2,4,4,4,2,2,2,4,4,4,4,4,4,4,4,2,2,4,4,2,2,4,4,4,2,2,4,4,4,4,4,2,2,2,4,4,6,6,6,6,4,4,2,2,2,2,4,4,4,4,2,2,4,2,2,2,2,4,4,4,4,4,4,4,2,2,2,2,2,2,4,4,2,2,2,2,2,2,2,2,2,2,2,2,6,6,2,2,2,2,4,4,2,2,4,4,4,4,4,4,4,4,2,2,2,2,2,4,4,4,4,2,2,2,2,4,2,2,4,4,4,4,4,2,4,4,4,4,4,2,2,2,2,2,2,4,4,2,2,4,4,2,2,2,2,4,4,2,2,4,2,2,2,2,6,6,2,2,2,2,4,4,2,2,2,2,4,2,2,2,2,2,2,2,2,6,6,4,4,2,2,4,4,2,2,4,2,2,2,2,2,2,4,4,4,4,4,4,2,2,2,2,2,2,4,4,4,4,2,2,4,4,4,2,2,4,4,4,4,4,4,4,4,2,2,4,4,2,2,2,2,2,2,2,4,4,2,2,4,4,6,6,4,4,4,2,2,4,4,2,2,2,2,4,4,2,2,2,2,4,4,4,4,4,4,2,2,4,4,2,2,2,2,4,4,4,4,4,4,4,4,4,4,2,2,2,2,4,4,4,4,4,4,4,4,2,2,2,2,4,4,2,2,4,4,4,4,2,2,4,2,2,4,4,4,4,4,4,4,4,4,2,2,2,2,4,2,2,2,2,4,4,4,4,4,4,2,2,2,2,4,4,4,4,4,4,2,2,2,2,2,2,2,2,2,2,2,2,2,2,2,4,4,4,4,4,4,4,2,2,2,2,2,2,2,2,2,2,4,2,2,4,4,2,2,4,4,4,4,4,4,4,4,4,4,4,4,4,4,4,4,4,2,2,2,2,4,4,4,2,2,4,4,2,2,2,2,4,4,2,2,4,4,4,2,2,2,2,2,2,4,4,4,2,2,2,2,2,2,2,2,2,2,2,2,2,2,2,2,4,4,4,2,2,4,4,4,2,2,4,4,2,2,2,2,2,2,2,2,2,2,2,2,2,4,2,2,2,2,2,2,2,2,2,2,2,4,2,2,2,2,2,2,2,2,2,2,2,2,2,2,2,2,2,2,2,2,2,2,2,2,2,2,2,2,2,2,2,2,2,2,2,2,2,2,2,2,2,2,2,2,2,2,2,2,2,2,2,2,2,2,2,2,2,2,2,2,2,2,2,2,2,2,2,2,2,2,2,2,2,2,2,2,2,2,2,2,2,2,2,2,2,2,2,4,2,2]",1.0,1.0,1.0,1.0,1.0,0.498368007830635,0.5052413745644921,0.5052413745644921,0.1995490282924909,9.030560236194548,24.48641742107381,0.0081493762383039,9.030560236194548,0.0,0.1995490282924909,0.0,0.0,0.0,0.0009977451414624,100,0.01,1.0,753900,15876,103.26404916701722,0.2530182909977156,140.3886769170058,0.9999995161622668,4.838377331006782e-07,82.42465798816613,9.676752320553206e-07,82.42463804407578,1.7798623048445297,0.0009837049690844,8.870681966755002e-13,8.870681966755002e-13,1e-12,analysis/fermionic_structure_ablation_extension_hgbs5.csv,5.870060548751611e-09,81.55101817953813,82.42465798816612
success,,NH3_s-1.00_hgbs-5_as-008-010,hamiltonian_generator/polyatomic_library/NH3/s-1.00/hgbs-5/NH3_s-1.00_hgbs-5_as-008-010.tensors.npz,NH3,s-1.00,hgbs-5,8,10,18,3899,7539,5642,0.7483751160631383,0,signed_parent_blocks_randomized,9,1783334159,"reference signed-fermionic parent-owned Pauli blocks preserved internally and kept contiguous, but whole parent blocks randomly permuted",71badf621485030e,b8b7eef06cc0cb28,"[1,1,1,1,1,1,1,1,1,1,1,1,1,1,1,1,1,1,1,1,1,1,1,1,1,1,1,1,1,1,1,1,1,1,1,1,1,1,1,1,1,1,1,1,1,1,2,2,2,2,1,1,1,1,1,1,1,1,1,1,1,1,1,1,1,1,1,1,1,1,4,4,1,1,1,1,1,1,1,1,1,1,1,1,1,1,1,1,4,1,1,1,1,1,1,1,1,1,1,1,1,1,1,1,1,1,1,1,1,1,1,1,1,1,1,1,1,1,1,1,1,1,1,1,1,1,1,1,1,1,1,1,1,1,1,1,1,1,1,1,1,1,1,2,2,1,1,1,1,1,1,1,1,1,1,1,1,1,1,1,1,1,1,1,1,1,1,1,1,1,1,1,1,1,4,1,1,1,1,1,1,2,2,2,4,4,4,4,2,2,2,2,2,2,2,2,2,2,2,2,2,2,2,2,2,2,2,2,2,2,2,2,2,2,2,2,2,2,2,2,4,4,2,4,2,4,2,2,2,2,2,2,2,2,2,2,2,2,2,2,2,2,2,2,2,4,4,2,4,2,2,2,2,2,2,2,4,4,4,4,4,4,4,4,2,2,2,2,2,2,4,2,4,2,4,2,2,2,2,2,2,2,2,4,4,2,4,4,4,4,4,4,4,4,2,2,6,6,4,4,4,4,2,4,2,2,2,4,2,2,2,2,2,4,4,4,2,2,2,2,2,4,4,4,4,2,2,2,2,4,4,2,2,4,4,4,4,4,2,2,4,4,4,4,4,2,2,2,2,2,2,4,4,4,4,2,2,4,4,6,6,2,2,4,4,2,2,2,2,2,2,4,4,4,4,4,4,4,2,2,4,4,4,4,4,4,2,2,2,2,4,4,4,4,4,4,4,4,4,4,4,4,4,2,2,2,2,2,4,4,4,4,4,4,4,2,2,4,4,4,2,2,4,4,4,4,2,2,2,2,2,2,2,4,4,4,6,6,6,6,4,4,2,2,2,2,4,4,4,4,4,2,2,4,4,4,4,4,4,2,2,4,4,4,4,4,4,4,2,2,2,2,4,4,4,4,2,2,4,4,4,2,2,2,6,6,4,4,6,6,6,6,4,4,4,4,4,4,4,4,4,4,4,2,2,2,2,2,4,4,2,2,2,2,4,4,2,2,4,6,6,4,4,2,2,2,2,4,4,4,4,2,2,2,2,2,2,2,2,2,2,2,2,2,2,4,4,4,4,4,4,4,4,6,6,4,4,4,4,4,4,4,4,4,4,4,4,4,6,6,4,4,4,4,4,4,4,4,4,4,4,4,4,4,2,2,2,2,6,6,6,6,4,4,2,2,2,2,6,6,6,6,6,6,6,6,6,6,4,4,4,4,4,4,4,4,4,4,4,4,4,4,4,4,4,4,4,2,2,4,4,4,6,6,6,6,2,2,6,6,2,2,4,4,2,2,2,2,6,6,4,4,4,4,4,4,4,4,4,4,4,4,4,4,4,4,4,4,4,4,4,4,6,6,6,6,6,6,4,4,4,4,4,4,4,4,4,4,6,6,4,4,2,2,4,4,6,6,6,6,4,4,4,4,4,4,2,2,2,2,2,2,6,6,6,6,4,4,4,4,2,2,4,4,2,2,4,4,4,4,2,2,2,2,4,4,4,4,6,6,2,2,2,2,2,4,2,2,6,6,2,2,4,4,4,4,4,4,4,4,2,2,2,2,2,2,4,4,2,2,4,4,4,4,6,6,6,6,4,4,2,2,2,4,4,4,4,2,2,4,4,4,4,4,4,4,4,2,2,2,2,4,4,4,4,4,2,2,2,2,2,2,4,4,4,4,6,6,4,4,4,4,4,4,4,4,2,2,4,4,4,4,4,4,2,2,2,2,2,2,4,4,4,4,4,4,4,4,4,4,4,6,6,2,2,6,6,4,4,4,4,4,4,4,4,2,2,4,4,4,4,4,4,4,4,2,2,4,4,2,2,2,2,2,2,2,2,2,2,4,4,4,4,4,2,2,2,2,2,2,4,4,4,4,4,4,2,2,4,4,4,4,4,4,4,4,4,4,4,2,2,6,6,2,2,2,2,4,4,4,4,2,2,4,4,2,2,4,4,4,4,4,4,4,4,6,6,6,6,4,4,4,2,4,4,4,4,4,4,4,4,4,4,4,2,2,4,6,6,6,6,6,6,4,4,2,2,2,4,4,6,6,4,4,4,4,2,2,4,4,4,4,4,4,4,4,2,2,4,4,4,4,4,4,4,4,4,4,2,2,4,4,4,4,4,4,2,2,2,2,4,4,2,2,2,2,2,2,4,4,4,4,4,4,4,4,4,4,4,4,4,4,4,4,4,2,2,2,2,4,4,4,4,4,4,4,4,4,4,4,2,2,6,6,4,4,4,4,4,4,4,4,4,4,4,4,4,4,4,4,4,4,4,2,2,4,2,2,2,4,4,4,4,4,4,4,4,4,4,4,4,4,6,6,2,2,4,4,4,4,4,4,4,4,4,4,4,2,2,2,2,4,4,2,4,4,4,4,4,4,4,4,4,2,2,4,4,4,4,4,4,4,2,2,2,2,4,4,4,4,4,4,4,4,4,4,4,2,2,4,4,2,2,4,4,4,6,6,4,4,4,4,4,4,4,4,4,4,4,4,6,6,6,6,2,2,2,2,4,4,4,4,4,4,4,4,4,4,4,4,4,4,4,4,4,4,4,4,4,4,4,4,4,4,2,2,6,6,4,4,2,2,4,4,4,4,2,2,4,4,4,4,4,4,4,4,4,4,4,4,4,4,4,4,4,4,4,4,2,2,6,6,2,2,4,4,4,4,4,4,4,4,4,4,4,4,4,4,4,4,2,2,4,4,2,2,2,4,4,4,4,4,4,4,2,2,2,2,2,2,2,2,4,4,4,4,4,4,4,2,2,2,2,4,4,6,6,6,6,6,6,4,4,4,4,2,2,4,4,4,4,6,6,4,4,2,4,4,4,4,4,4,4,4,4,4,4,4,4,4,4,4,4,4,2,2,2,2,4,4,4,4,4,4,4,2,2,2,2,4,4,4,4,4,4,2,4,2,2,6,6,6,6,6,6,4,4,4,4,4,4,4,4,4,2,4,4,4,4,4,4,4,4,4,4,4,4,4,4,4,4,4,4,4,4,4,4,6,6,4,4,2,2,4,4,4,4,4,4,4,4,4,4,4,4,4,4,4,4,2,2,2,2,2,4,4,4,4,4,4,2,2,4,2,4,4,2,2,4,4,4,4,4,4,4,4,4,4,4,4,4,4,4,4,4,4,4,6,6,4,4,4,4,4,4,4,6,6,4,4,4,4,4,4,4,4,4,4,2,2,4,4,2,2,2,4,4,4,4,4,4,4,4,2,2,6,6,6,6,6,6,4,4,4,4,4,6,6,2,2,4,4,4,4,4,2,2,4,4,2,2,4,2,2,2,4,4,2,2,4,4,4,4,4,4,4,4,4,4,4,2,2,4,4,4,4,4,4,4,4,4,4,4,4,6,6,4,4,2,2,2,2,4,4,4,4,4,4,4,2,2,2,2,4,2,2,4,4,2,2,4,4,4,4,2,2,4,4,4,2,2,4,4,2,2,2,4,2,2,4,4,4,2,2,4,4,4,4,4,2,2,4,4,4,4,2,2,2,2,2,2,2,4,4,4,4,4,4,2,2,2,4,4,4,2,2,4,4,2,2,4,4,2,4,4,6,6,4,4,4,4,4,4,2,2,4,4,4,4,4,4,4,4,4,4,4,4,2,2,2,4,4,4,6,6,6,6,6,6,4,2,4,4,4,4,4,2,2,2,2,4,4,4,4,2,2,2,2,2,2,2,2,2,4,4,4,4,4,2,2,4,4,2,2,4,4,4,2,2,2,2,2,4,4,2,2,4,4,2,2,4,4,2,2,4,4,4,4,4,4,2,2,2,2,2,2,4,4,4,4,4,4,4,4,4,4,4,4,4,4,4,4,4,4,4,4,4,4,4,4,4,2,2,4,4,4,4,2,2,4,4,2,2,4,4,4,2,2,2,4,4,4,4,4,4,4,4,2,2,4,4,2,2,4,4,4,2,2,4,4,4,4,4,2,2,2,4,4,6,6,6,6,4,4,2,2,2,2,4,4,4,4,2,2,4,2,2,2,2,4,4,4,4,4,4,4,2,2,2,2,2,2,4,4,2,2,2,2,2,2,2,2,2,2,2,2,6,6,2,2,2,2,4,4,2,2,4,4,4,4,4,4,4,4,2,2,2,2,2,4,4,4,4,2,2,2,2,4,2,2,4,4,4,4,4,2,4,4,4,4,4,2,2,2,2,2,2,4,4,2,2,4,4,2,2,2,2,4,4,2,2,4,2,2,2,2,6,6,2,2,2,2,4,4,2,2,2,2,4,2,2,2,2,2,2,2,2,6,6,4,4,2,2,4,4,2,2,4,2,2,2,2,2,2,4,4,4,4,4,4,2,2,2,2,2,2,4,4,4,4,2,2,4,4,4,2,2,4,4,4,4,4,4,4,4,2,2,4,4,2,2,2,2,2,2,2,4,4,2,2,4,4,6,6,4,4,4,2,2,4,4,2,2,2,2,4,4,2,2,2,2,4,4,4,4,4,4,2,2,4,4,2,2,2,2,4,4,4,4,4,4,4,4,4,4,2,2,2,2,4,4,4,4,4,4,4,4,2,2,2,2,4,4,2,2,4,4,4,4,2,2,4,2,2,4,4,4,4,4,4,4,4,4,2,2,2,2,4,2,2,2,2,4,4,4,4,4,4,2,2,2,2,4,4,4,4,4,4,2,2,2,2,2,2,2,2,2,2,2,2,2,2,2,4,4,4,4,4,4,4,2,2,2,2,2,2,2,2,2,2,4,2,2,4,4,2,2,4,4,4,4,4,4,4,4,4,4,4,4,4,4,4,4,4,2,2,2,2,4,4,4,2,2,4,4,2,2,2,2,4,4,2,2,4,4,4,2,2,2,2,2,2,4,4,4,2,2,2,2,2,2,2,2,2,2,2,2,2,2,2,2,4,4,4,2,2,4,4,4,2,2,4,4,2,2,2,2,2,2,2,2,2,2,2,2,2,4,2,2,2,2,2,2,2,2,2,2,2,4,2,2,2,2,2,2,2,2,2,2,2,2,2,2,2,2,2,2,2,2,2,2,2,2,2,2,2,2,2,2,2,2,2,2,2,2,2,2,2,2,2,2,2,2,2,2,2,2,2,2,2,2,2,2,2,2,2,2,2,2,2,2,2,2,2,2,2,2,2,2,2,2,2,2,2,2,2,2,2,2,2,2,2,2,2,2,2,4,2,2]",1.0,1.0,1.0,1.0,1.0,0.4991476408610954,0.4743144140083157,0.4743144140083157,0.3290390175189341,14.890609556903678,24.48641742107381,0.0134376136721312,14.890609556903678,0.0,0.3290390175189341,0.0,0.0,0.0,0.0016451950875946,100,0.01,1.0,753900,15876,103.26404916701722,0.2530182909977156,140.706350249995,0.9999986840825956,1.3159174042653987e-06,224.17441751009807,2.631833076915946e-06,224.17427001461337,1.7798627730986385,0.0016222930710974,6.03073146976385e-13,6.03073146976385e-13,1e-12,analysis/fermionic_structure_ablation_extension_hgbs5.csv,5.870060548751611e-09,221.73025297615115,224.174417510098
success,,NH3_s-1.00_hgbs-5_as-008-010,hamiltonian_generator/polyatomic_library/NH3/s-1.00/hgbs-5/NH3_s-1.00_hgbs-5_as-008-010.tensors.npz,NH3,s-1.00,hgbs-5,8,10,18,3899,7539,5642,0.7483751160631383,0,signed_parent_descendants_round_robin,-1,-1,"reference signed-fermionic parent priority and within-parent descendant order retained, but descendants interleaved round-robin across parent blocks to destroy contiguity",7a54a81e4deee136,7ecb9300ab3e47c1,"[1,1,1,1,1,1,1,1,1,1,1,1,1,1,1,1,1,1,1,1,1,1,1,1,1,1,1,1,1,1,1,1,1,1,1,1,1,1,1,1,1,1,1,1,1,1,2,2,2,2,1,1,1,1,1,1,1,1,1,1,1,1,1,1,1,1,1,1,1,1,4,4,1,1,1,1,1,1,1,1,1,1,1,1,1,1,1,1,4,1,1,1,1,1,1,1,1,1,1,1,1,1,1,1,1,1,1,1,1,1,1,1,1,1,1,1,1,1,1,1,1,1,1,1,1,1,1,1,1,1,1,1,1,1,1,1,1,1,1,1,1,1,1,2,2,1,1,1,1,1,1,1,1,1,1,1,1,1,1,1,1,1,1,1,1,1,1,1,1,1,1,1,1,1,4,1,1,1,1,1,1,2,2,2,4,4,4,4,2,2,2,2,2,2,2,2,2,2,2,2,2,2,2,2,2,2,2,2,2,2,2,2,2,2,2,2,2,2,2,2,4,4,2,4,2,4,2,2,2,2,2,2,2,2,2,2,2,2,2,2,2,2,2,2,2,4,4,2,4,2,2,2,2,2,2,2,4,4,4,4,4,4,4,4,2,2,2,2,2,2,4,2,4,2,4,2,2,2,2,2,2,2,2,4,4,2,4,4,4,4,4,4,4,4,2,2,6,6,4,4,4,4,2,4,2,2,2,4,2,2,2,2,2,4,4,4,2,2,2,2,2,4,4,4,4,2,2,2,2,4,4,2,2,4,4,4,4,4,2,2,4,4,4,4,4,2,2,2,2,2,2,4,4,4,4,2,2,4,4,6,6,2,2,4,4,2,2,2,2,2,2,4,4,4,4,4,4,4,2,2,4,4,4,4,4,4,2,2,2,2,4,4,4,4,4,4,4,4,4,4,4,4,4,2,2,2,2,2,4,4,4,4,4,4,4,2,2,4,4,4,2,2,4,4,4,4,2,2,2,2,2,2,2,4,4,4,6,6,6,6,4,4,2,2,2,2,4,4,4,4,4,2,2,4,4,4,4,4,4,2,2,4,4,4,4,4,4,4,2,2,2,2,4,4,4,4,2,2,4,4,4,2,2,2,6,6,4,4,6,6,6,6,4,4,4,4,4,4,4,4,4,4,4,2,2,2,2,2,4,4,2,2,2,2,4,4,2,2,4,6,6,4,4,2,2,2,2,4,4,4,4,2,2,2,2,2,2,2,2,2,2,2,2,2,2,4,4,4,4,4,4,4,4,6,6,4,4,4,4,4,4,4,4,4,4,4,4,4,6,6,4,4,4,4,4,4,4,4,4,4,4,4,4,4,2,2,2,2,6,6,6,6,4,4,2,2,2,2,6,6,6,6,6,6,6,6,6,6,4,4,4,4,4,4,4,4,4,4,4,4,4,4,4,4,4,4,4,2,2,4,4,4,6,6,6,6,2,2,6,6,2,2,4,4,2,2,2,2,6,6,4,4,4,4,4,4,4,4,4,4,4,4,4,4,4,4,4,4,4,4,4,4,6,6,6,6,6,6,4,4,4,4,4,4,4,4,4,4,6,6,4,4,2,2,4,4,6,6,6,6,4,4,4,4,4,4,2,2,2,2,2,2,6,6,6,6,4,4,4,4,2,2,4,4,2,2,4,4,4,4,2,2,2,2,4,4,4,4,6,6,2,2,2,2,2,4,2,2,6,6,2,2,4,4,4,4,4,4,4,4,2,2,2,2,2,2,4,4,2,2,4,4,4,4,6,6,6,6,4,4,2,2,2,4,4,4,4,2,2,4,4,4,4,4,4,4,4,2,2,2,2,4,4,4,4,4,2,2,2,2,2,2,4,4,4,4,6,6,4,4,4,4,4,4,4,4,2,2,4,4,4,4,4,4,2,2,2,2,2,2,4,4,4,4,4,4,4,4,4,4,4,6,6,2,2,6,6,4,4,4,4,4,4,4,4,2,2,4,4,4,4,4,4,4,4,2,2,4,4,2,2,2,2,2,2,2,2,2,2,4,4,4,4,4,2,2,2,2,2,2,4,4,4,4,4,4,2,2,4,4,4,4,4,4,4,4,4,4,4,2,2,6,6,2,2,2,2,4,4,4,4,2,2,4,4,2,2,4,4,4,4,4,4,4,4,6,6,6,6,4,4,4,2,4,4,4,4,4,4,4,4,4,4,4,2,2,4,6,6,6,6,6,6,4,4,2,2,2,4,4,6,6,4,4,4,4,2,2,4,4,4,4,4,4,4,4,2,2,4,4,4,4,4,4,4,4,4,4,2,2,4,4,4,4,4,4,2,2,2,2,4,4,2,2,2,2,2,2,4,4,4,4,4,4,4,4,4,4,4,4,4,4,4,4,4,2,2,2,2,4,4,4,4,4,4,4,4,4,4,4,2,2,6,6,4,4,4,4,4,4,4,4,4,4,4,4,4,4,4,4,4,4,4,2,2,4,2,2,2,4,4,4,4,4,4,4,4,4,4,4,4,4,6,6,2,2,4,4,4,4,4,4,4,4,4,4,4,2,2,2,2,4,4,2,4,4,4,4,4,4,4,4,4,2,2,4,4,4,4,4,4,4,2,2,2,2,4,4,4,4,4,4,4,4,4,4,4,2,2,4,4,2,2,4,4,4,6,6,4,4,4,4,4,4,4,4,4,4,4,4,6,6,6,6,2,2,2,2,4,4,4,4,4,4,4,4,4,4,4,4,4,4,4,4,4,4,4,4,4,4,4,4,4,4,2,2,6,6,4,4,2,2,4,4,4,4,2,2,4,4,4,4,4,4,4,4,4,4,4,4,4,4,4,4,4,4,4,4,2,2,6,6,2,2,4,4,4,4,4,4,4,4,4,4,4,4,4,4,4,4,2,2,4,4,2,2,2,4,4,4,4,4,4,4,2,2,2,2,2,2,2,2,4,4,4,4,4,4,4,2,2,2,2,4,4,6,6,6,6,6,6,4,4,4,4,2,2,4,4,4,4,6,6,4,4,2,4,4,4,4,4,4,4,4,4,4,4,4,4,4,4,4,4,4,2,2,2,2,4,4,4,4,4,4,4,2,2,2,2,4,4,4,4,4,4,2,4,2,2,6,6,6,6,6,6,4,4,4,4,4,4,4,4,4,2,4,4,4,4,4,4,4,4,4,4,4,4,4,4,4,4,4,4,4,4,4,4,6,6,4,4,2,2,4,4,4,4,4,4,4,4,4,4,4,4,4,4,4,4,2,2,2,2,2,4,4,4,4,4,4,2,2,4,2,4,4,2,2,4,4,4,4,4,4,4,4,4,4,4,4,4,4,4,4,4,4,4,6,6,4,4,4,4,4,4,4,6,6,4,4,4,4,4,4,4,4,4,4,2,2,4,4,2,2,2,4,4,4,4,4,4,4,4,2,2,6,6,6,6,6,6,4,4,4,4,4,6,6,2,2,4,4,4,4,4,2,2,4,4,2,2,4,2,2,2,4,4,2,2,4,4,4,4,4,4,4,4,4,4,4,2,2,4,4,4,4,4,4,4,4,4,4,4,4,6,6,4,4,2,2,2,2,4,4,4,4,4,4,4,2,2,2,2,4,2,2,4,4,2,2,4,4,4,4,2,2,4,4,4,2,2,4,4,2,2,2,4,2,2,4,4,4,2,2,4,4,4,4,4,2,2,4,4,4,4,2,2,2,2,2,2,2,4,4,4,4,4,4,2,2,2,4,4,4,2,2,4,4,2,2,4,4,2,4,4,6,6,4,4,4,4,4,4,2,2,4,4,4,4,4,4,4,4,4,4,4,4,2,2,2,4,4,4,6,6,6,6,6,6,4,2,4,4,4,4,4,2,2,2,2,4,4,4,4,2,2,2,2,2,2,2,2,2,4,4,4,4,4,2,2,4,4,2,2,4,4,4,2,2,2,2,2,4,4,2,2,4,4,2,2,4,4,2,2,4,4,4,4,4,4,2,2,2,2,2,2,4,4,4,4,4,4,4,4,4,4,4,4,4,4,4,4,4,4,4,4,4,4,4,4,4,2,2,4,4,4,4,2,2,4,4,2,2,4,4,4,2,2,2,4,4,4,4,4,4,4,4,2,2,4,4,2,2,4,4,4,2,2,4,4,4,4,4,2,2,2,4,4,6,6,6,6,4,4,2,2,2,2,4,4,4,4,2,2,4,2,2,2,2,4,4,4,4,4,4,4,2,2,2,2,2,2,4,4,2,2,2,2,2,2,2,2,2,2,2,2,6,6,2,2,2,2,4,4,2,2,4,4,4,4,4,4,4,4,2,2,2,2,2,4,4,4,4,2,2,2,2,4,2,2,4,4,4,4,4,2,4,4,4,4,4,2,2,2,2,2,2,4,4,2,2,4,4,2,2,2,2,4,4,2,2,4,2,2,2,2,6,6,2,2,2,2,4,4,2,2,2,2,4,2,2,2,2,2,2,2,2,6,6,4,4,2,2,4,4,2,2,4,2,2,2,2,2,2,4,4,4,4,4,4,2,2,2,2,2,2,4,4,4,4,2,2,4,4,4,2,2,4,4,4,4,4,4,4,4,2,2,4,4,2,2,2,2,2,2,2,4,4,2,2,4,4,6,6,4,4,4,2,2,4,4,2,2,2,2,4,4,2,2,2,2,4,4,4,4,4,4,2,2,4,4,2,2,2,2,4,4,4,4,4,4,4,4,4,4,2,2,2,2,4,4,4,4,4,4,4,4,2,2,2,2,4,4,2,2,4,4,4,4,2,2,4,2,2,4,4,4,4,4,4,4,4,4,2,2,2,2,4,2,2,2,2,4,4,4,4,4,4,2,2,2,2,4,4,4,4,4,4,2,2,2,2,2,2,2,2,2,2,2,2,2,2,2,4,4,4,4,4,4,4,2,2,2,2,2,2,2,2,2,2,4,2,2,4,4,2,2,4,4,4,4,4,4,4,4,4,4,4,4,4,4,4,4,4,2,2,2,2,4,4,4,2,2,4,4,2,2,2,2,4,4,2,2,4,4,4,2,2,2,2,2,2,4,4,4,2,2,2,2,2,2,2,2,2,2,2,2,2,2,2,2,4,4,4,2,2,4,4,4,2,2,4,4,2,2,2,2,2,2,2,2,2,2,2,2,2,4,2,2,2,2,2,2,2,2,2,2,2,4,2,2,2,2,2,2,2,2,2,2,2,2,2,2,2,2,2,2,2,2,2,2,2,2,2,2,2,2,2,2,2,2,2,2,2,2,2,2,2,2,2,2,2,2,2,2,2,2,2,2,2,2,2,2,2,2,2,2,2,2,2,2,2,2,2,2,2,2,2,2,2,2,2,2,2,2,2,2,2,2,2,2,2,2,2,2,2,4,2,2]",3.1823554242296326,6.0,0.0721823554242296,1139.4776276910088,1223.3798912322588,0.3738621680156064,0.0648952465022578,0.0648952465022578,0.1157030739321715,5.236124613575301,24.48641742107381,0.0047251940511556,5.236124613575301,0.0,0.1157030739321715,0.0,0.0,0.0,0.0005785153696608,100,0.01,1.0,753900,15876,103.26404916701722,0.2530182909977156,140.0378917499911,0.9999999822152186,1.7784781425334018e-08,3.029744118928436,3.5569562517601134e-08,3.029744090558464,1.7798626540693383,0.0001885989471091,3.019326444420045e-08,3.024408468110806e-08,1e-12,analysis/fermionic_structure_ablation_extension_hgbs5.csv,5.870060548751611e-09,27.417000968889095,3.0297441189284355
success,,NH3_s-1.00_hgbs-5_as-008-010,hamiltonian_generator/polyatomic_library/NH3/s-1.00/hgbs-5/NH3_s-1.00_hgbs-5_as-008-010.tensors.npz,NH3,s-1.00,hgbs-5,8,10,18,3899,7539,5642,0.7483751160631383,0,signed_parent_within_randomized,0,3607029647,"reference signed-fermionic parent-block order kept fixed and contiguous, but Pauli descendants randomly permuted inside each parent-owned block",7a54a81e4deee136,7ee202f23e974622,"[1,1,1,1,1,1,1,1,1,1,1,1,1,1,1,1,1,1,1,1,1,1,1,1,1,1,1,1,1,1,1,1,1,1,1,1,1,1,1,1,1,1,1,1,1,1,2,2,2,2,1,1,1,1,1,1,1,1,1,1,1,1,1,1,1,1,1,1,1,1,4,4,1,1,1,1,1,1,1,1,1,1,1,1,1,1,1,1,4,1,1,1,1,1,1,1,1,1,1,1,1,1,1,1,1,1,1,1,1,1,1,1,1,1,1,1,1,1,1,1,1,1,1,1,1,1,1,1,1,1,1,1,1,1,1,1,1,1,1,1,1,1,1,2,2,1,1,1,1,1,1,1,1,1,1,1,1,1,1,1,1,1,1,1,1,1,1,1,1,1,1,1,1,1,4,1,1,1,1,1,1,2,2,2,4,4,4,4,2,2,2,2,2,2,2,2,2,2,2,2,2,2,2,2,2,2,2,2,2,2,2,2,2,2,2,2,2,2,2,2,4,4,2,4,2,4,2,2,2,2,2,2,2,2,2,2,2,2,2,2,2,2,2,2,2,4,4,2,4,2,2,2,2,2,2,2,4,4,4,4,4,4,4,4,2,2,2,2,2,2,4,2,4,2,4,2,2,2,2,2,2,2,2,4,4,2,4,4,4,4,4,4,4,4,2,2,6,6,4,4,4,4,2,4,2,2,2,4,2,2,2,2,2,4,4,4,2,2,2,2,2,4,4,4,4,2,2,2,2,4,4,2,2,4,4,4,4,4,2,2,4,4,4,4,4,2,2,2,2,2,2,4,4,4,4,2,2,4,4,6,6,2,2,4,4,2,2,2,2,2,2,4,4,4,4,4,4,4,2,2,4,4,4,4,4,4,2,2,2,2,4,4,4,4,4,4,4,4,4,4,4,4,4,2,2,2,2,2,4,4,4,4,4,4,4,2,2,4,4,4,2,2,4,4,4,4,2,2,2,2,2,2,2,4,4,4,6,6,6,6,4,4,2,2,2,2,4,4,4,4,4,2,2,4,4,4,4,4,4,2,2,4,4,4,4,4,4,4,2,2,2,2,4,4,4,4,2,2,4,4,4,2,2,2,6,6,4,4,6,6,6,6,4,4,4,4,4,4,4,4,4,4,4,2,2,2,2,2,4,4,2,2,2,2,4,4,2,2,4,6,6,4,4,2,2,2,2,4,4,4,4,2,2,2,2,2,2,2,2,2,2,2,2,2,2,4,4,4,4,4,4,4,4,6,6,4,4,4,4,4,4,4,4,4,4,4,4,4,6,6,4,4,4,4,4,4,4,4,4,4,4,4,4,4,2,2,2,2,6,6,6,6,4,4,2,2,2,2,6,6,6,6,6,6,6,6,6,6,4,4,4,4,4,4,4,4,4,4,4,4,4,4,4,4,4,4,4,2,2,4,4,4,6,6,6,6,2,2,6,6,2,2,4,4,2,2,2,2,6,6,4,4,4,4,4,4,4,4,4,4,4,4,4,4,4,4,4,4,4,4,4,4,6,6,6,6,6,6,4,4,4,4,4,4,4,4,4,4,6,6,4,4,2,2,4,4,6,6,6,6,4,4,4,4,4,4,2,2,2,2,2,2,6,6,6,6,4,4,4,4,2,2,4,4,2,2,4,4,4,4,2,2,2,2,4,4,4,4,6,6,2,2,2,2,2,4,2,2,6,6,2,2,4,4,4,4,4,4,4,4,2,2,2,2,2,2,4,4,2,2,4,4,4,4,6,6,6,6,4,4,2,2,2,4,4,4,4,2,2,4,4,4,4,4,4,4,4,2,2,2,2,4,4,4,4,4,2,2,2,2,2,2,4,4,4,4,6,6,4,4,4,4,4,4,4,4,2,2,4,4,4,4,4,4,2,2,2,2,2,2,4,4,4,4,4,4,4,4,4,4,4,6,6,2,2,6,6,4,4,4,4,4,4,4,4,2,2,4,4,4,4,4,4,4,4,2,2,4,4,2,2,2,2,2,2,2,2,2,2,4,4,4,4,4,2,2,2,2,2,2,4,4,4,4,4,4,2,2,4,4,4,4,4,4,4,4,4,4,4,2,2,6,6,2,2,2,2,4,4,4,4,2,2,4,4,2,2,4,4,4,4,4,4,4,4,6,6,6,6,4,4,4,2,4,4,4,4,4,4,4,4,4,4,4,2,2,4,6,6,6,6,6,6,4,4,2,2,2,4,4,6,6,4,4,4,4,2,2,4,4,4,4,4,4,4,4,2,2,4,4,4,4,4,4,4,4,4,4,2,2,4,4,4,4,4,4,2,2,2,2,4,4,2,2,2,2,2,2,4,4,4,4,4,4,4,4,4,4,4,4,4,4,4,4,4,2,2,2,2,4,4,4,4,4,4,4,4,4,4,4,2,2,6,6,4,4,4,4,4,4,4,4,4,4,4,4,4,4,4,4,4,4,4,2,2,4,2,2,2,4,4,4,4,4,4,4,4,4,4,4,4,4,6,6,2,2,4,4,4,4,4,4,4,4,4,4,4,2,2,2,2,4,4,2,4,4,4,4,4,4,4,4,4,2,2,4,4,4,4,4,4,4,2,2,2,2,4,4,4,4,4,4,4,4,4,4,4,2,2,4,4,2,2,4,4,4,6,6,4,4,4,4,4,4,4,4,4,4,4,4,6,6,6,6,2,2,2,2,4,4,4,4,4,4,4,4,4,4,4,4,4,4,4,4,4,4,4,4,4,4,4,4,4,4,2,2,6,6,4,4,2,2,4,4,4,4,2,2,4,4,4,4,4,4,4,4,4,4,4,4,4,4,4,4,4,4,4,4,2,2,6,6,2,2,4,4,4,4,4,4,4,4,4,4,4,4,4,4,4,4,2,2,4,4,2,2,2,4,4,4,4,4,4,4,2,2,2,2,2,2,2,2,4,4,4,4,4,4,4,2,2,2,2,4,4,6,6,6,6,6,6,4,4,4,4,2,2,4,4,4,4,6,6,4,4,2,4,4,4,4,4,4,4,4,4,4,4,4,4,4,4,4,4,4,2,2,2,2,4,4,4,4,4,4,4,2,2,2,2,4,4,4,4,4,4,2,4,2,2,6,6,6,6,6,6,4,4,4,4,4,4,4,4,4,2,4,4,4,4,4,4,4,4,4,4,4,4,4,4,4,4,4,4,4,4,4,4,6,6,4,4,2,2,4,4,4,4,4,4,4,4,4,4,4,4,4,4,4,4,2,2,2,2,2,4,4,4,4,4,4,2,2,4,2,4,4,2,2,4,4,4,4,4,4,4,4,4,4,4,4,4,4,4,4,4,4,4,6,6,4,4,4,4,4,4,4,6,6,4,4,4,4,4,4,4,4,4,4,2,2,4,4,2,2,2,4,4,4,4,4,4,4,4,2,2,6,6,6,6,6,6,4,4,4,4,4,6,6,2,2,4,4,4,4,4,2,2,4,4,2,2,4,2,2,2,4,4,2,2,4,4,4,4,4,4,4,4,4,4,4,2,2,4,4,4,4,4,4,4,4,4,4,4,4,6,6,4,4,2,2,2,2,4,4,4,4,4,4,4,2,2,2,2,4,2,2,4,4,2,2,4,4,4,4,2,2,4,4,4,2,2,4,4,2,2,2,4,2,2,4,4,4,2,2,4,4,4,4,4,2,2,4,4,4,4,2,2,2,2,2,2,2,4,4,4,4,4,4,2,2,2,4,4,4,2,2,4,4,2,2,4,4,2,4,4,6,6,4,4,4,4,4,4,2,2,4,4,4,4,4,4,4,4,4,4,4,4,2,2,2,4,4,4,6,6,6,6,6,6,4,2,4,4,4,4,4,2,2,2,2,4,4,4,4,2,2,2,2,2,2,2,2,2,4,4,4,4,4,2,2,4,4,2,2,4,4,4,2,2,2,2,2,4,4,2,2,4,4,2,2,4,4,2,2,4,4,4,4,4,4,2,2,2,2,2,2,4,4,4,4,4,4,4,4,4,4,4,4,4,4,4,4,4,4,4,4,4,4,4,4,4,2,2,4,4,4,4,2,2,4,4,2,2,4,4,4,2,2,2,4,4,4,4,4,4,4,4,2,2,4,4,2,2,4,4,4,2,2,4,4,4,4,4,2,2,2,4,4,6,6,6,6,4,4,2,2,2,2,4,4,4,4,2,2,4,2,2,2,2,4,4,4,4,4,4,4,2,2,2,2,2,2,4,4,2,2,2,2,2,2,2,2,2,2,2,2,6,6,2,2,2,2,4,4,2,2,4,4,4,4,4,4,4,4,2,2,2,2,2,4,4,4,4,2,2,2,2,4,2,2,4,4,4,4,4,2,4,4,4,4,4,2,2,2,2,2,2,4,4,2,2,4,4,2,2,2,2,4,4,2,2,4,2,2,2,2,6,6,2,2,2,2,4,4,2,2,2,2,4,2,2,2,2,2,2,2,2,6,6,4,4,2,2,4,4,2,2,4,2,2,2,2,2,2,4,4,4,4,4,4,2,2,2,2,2,2,4,4,4,4,2,2,4,4,4,2,2,4,4,4,4,4,4,4,4,2,2,4,4,2,2,2,2,2,2,2,4,4,2,2,4,4,6,6,4,4,4,2,2,4,4,2,2,2,2,4,4,2,2,2,2,4,4,4,4,4,4,2,2,4,4,2,2,2,2,4,4,4,4,4,4,4,4,4,4,2,2,2,2,4,4,4,4,4,4,4,4,2,2,2,2,4,4,2,2,4,4,4,4,2,2,4,2,2,4,4,4,4,4,4,4,4,4,2,2,2,2,4,2,2,2,2,4,4,4,4,4,4,2,2,2,2,4,4,4,4,4,4,2,2,2,2,2,2,2,2,2,2,2,2,2,2,2,4,4,4,4,4,4,4,2,2,2,2,2,2,2,2,2,2,4,2,2,4,4,2,2,4,4,4,4,4,4,4,4,4,4,4,4,4,4,4,4,4,2,2,2,2,4,4,4,2,2,4,4,2,2,2,2,4,4,2,2,4,4,4,2,2,2,2,2,2,4,4,4,2,2,2,2,2,2,2,2,2,2,2,2,2,2,2,2,4,4,4,2,2,4,4,4,2,2,4,4,2,2,2,2,2,2,2,2,2,2,2,2,2,4,2,2,2,2,2,2,2,2,2,2,2,4,2,2,2,2,2,2,2,2,2,2,2,2,2,2,2,2,2,2,2,2,2,2,2,2,2,2,2,2,2,2,2,2,2,2,2,2,2,2,2,2,2,2,2,2,2,2,2,2,2,2,2,2,2,2,2,2,2,2,2,2,2,2,2,2,2,2,2,2,2,2,2,2,2,2,2,2,2,2,2,2,2,2,2,2,2,2,2,4,2,2]",1.0,1.0,1.0,1.0,1.0,0.0,0.0,0.0,0.0220970818059213,1.0,24.48641742107381,0.0009024220009785,1.0,0.0,0.0220970818059213,0.0,0.0,0.0,0.0001104854090296,100,0.01,1.0,753900,15876,103.26404916701722,0.2530182909977156,141.27063295798143,0.9999999941296116,5.870388286588479e-09,1.0000558321049924,1.174077657317696e-08,1.0000558321049924,1.7798625546275846,0.0001083548640956,1.2178036357113342e-12,1.2178036357113342e-12,1e-12,analysis/fermionic_structure_ablation_extension_hgbs5.csv,5.870060548751611e-09,1.0,1.0000558321049922
success,,NH3_s-1.00_hgbs-5_as-008-010,hamiltonian_generator/polyatomic_library/NH3/s-1.00/hgbs-5/NH3_s-1.00_hgbs-5_as-008-010.tensors.npz,NH3,s-1.00,hgbs-5,8,10,18,3899,7539,5642,0.7483751160631383,0,signed_parent_within_randomized,1,2659057660,"reference signed-fermionic parent-block order kept fixed and contiguous, but Pauli descendants randomly permuted inside each parent-owned block",7a54a81e4deee136,7a81f27c5cae36dd,"[1,1,1,1,1,1,1,1,1,1,1,1,1,1,1,1,1,1,1,1,1,1,1,1,1,1,1,1,1,1,1,1,1,1,1,1,1,1,1,1,1,1,1,1,1,1,2,2,2,2,1,1,1,1,1,1,1,1,1,1,1,1,1,1,1,1,1,1,1,1,4,4,1,1,1,1,1,1,1,1,1,1,1,1,1,1,1,1,4,1,1,1,1,1,1,1,1,1,1,1,1,1,1,1,1,1,1,1,1,1,1,1,1,1,1,1,1,1,1,1,1,1,1,1,1,1,1,1,1,1,1,1,1,1,1,1,1,1,1,1,1,1,1,2,2,1,1,1,1,1,1,1,1,1,1,1,1,1,1,1,1,1,1,1,1,1,1,1,1,1,1,1,1,1,4,1,1,1,1,1,1,2,2,2,4,4,4,4,2,2,2,2,2,2,2,2,2,2,2,2,2,2,2,2,2,2,2,2,2,2,2,2,2,2,2,2,2,2,2,2,4,4,2,4,2,4,2,2,2,2,2,2,2,2,2,2,2,2,2,2,2,2,2,2,2,4,4,2,4,2,2,2,2,2,2,2,4,4,4,4,4,4,4,4,2,2,2,2,2,2,4,2,4,2,4,2,2,2,2,2,2,2,2,4,4,2,4,4,4,4,4,4,4,4,2,2,6,6,4,4,4,4,2,4,2,2,2,4,2,2,2,2,2,4,4,4,2,2,2,2,2,4,4,4,4,2,2,2,2,4,4,2,2,4,4,4,4,4,2,2,4,4,4,4,4,2,2,2,2,2,2,4,4,4,4,2,2,4,4,6,6,2,2,4,4,2,2,2,2,2,2,4,4,4,4,4,4,4,2,2,4,4,4,4,4,4,2,2,2,2,4,4,4,4,4,4,4,4,4,4,4,4,4,2,2,2,2,2,4,4,4,4,4,4,4,2,2,4,4,4,2,2,4,4,4,4,2,2,2,2,2,2,2,4,4,4,6,6,6,6,4,4,2,2,2,2,4,4,4,4,4,2,2,4,4,4,4,4,4,2,2,4,4,4,4,4,4,4,2,2,2,2,4,4,4,4,2,2,4,4,4,2,2,2,6,6,4,4,6,6,6,6,4,4,4,4,4,4,4,4,4,4,4,2,2,2,2,2,4,4,2,2,2,2,4,4,2,2,4,6,6,4,4,2,2,2,2,4,4,4,4,2,2,2,2,2,2,2,2,2,2,2,2,2,2,4,4,4,4,4,4,4,4,6,6,4,4,4,4,4,4,4,4,4,4,4,4,4,6,6,4,4,4,4,4,4,4,4,4,4,4,4,4,4,2,2,2,2,6,6,6,6,4,4,2,2,2,2,6,6,6,6,6,6,6,6,6,6,4,4,4,4,4,4,4,4,4,4,4,4,4,4,4,4,4,4,4,2,2,4,4,4,6,6,6,6,2,2,6,6,2,2,4,4,2,2,2,2,6,6,4,4,4,4,4,4,4,4,4,4,4,4,4,4,4,4,4,4,4,4,4,4,6,6,6,6,6,6,4,4,4,4,4,4,4,4,4,4,6,6,4,4,2,2,4,4,6,6,6,6,4,4,4,4,4,4,2,2,2,2,2,2,6,6,6,6,4,4,4,4,2,2,4,4,2,2,4,4,4,4,2,2,2,2,4,4,4,4,6,6,2,2,2,2,2,4,2,2,6,6,2,2,4,4,4,4,4,4,4,4,2,2,2,2,2,2,4,4,2,2,4,4,4,4,6,6,6,6,4,4,2,2,2,4,4,4,4,2,2,4,4,4,4,4,4,4,4,2,2,2,2,4,4,4,4,4,2,2,2,2,2,2,4,4,4,4,6,6,4,4,4,4,4,4,4,4,2,2,4,4,4,4,4,4,2,2,2,2,2,2,4,4,4,4,4,4,4,4,4,4,4,6,6,2,2,6,6,4,4,4,4,4,4,4,4,2,2,4,4,4,4,4,4,4,4,2,2,4,4,2,2,2,2,2,2,2,2,2,2,4,4,4,4,4,2,2,2,2,2,2,4,4,4,4,4,4,2,2,4,4,4,4,4,4,4,4,4,4,4,2,2,6,6,2,2,2,2,4,4,4,4,2,2,4,4,2,2,4,4,4,4,4,4,4,4,6,6,6,6,4,4,4,2,4,4,4,4,4,4,4,4,4,4,4,2,2,4,6,6,6,6,6,6,4,4,2,2,2,4,4,6,6,4,4,4,4,2,2,4,4,4,4,4,4,4,4,2,2,4,4,4,4,4,4,4,4,4,4,2,2,4,4,4,4,4,4,2,2,2,2,4,4,2,2,2,2,2,2,4,4,4,4,4,4,4,4,4,4,4,4,4,4,4,4,4,2,2,2,2,4,4,4,4,4,4,4,4,4,4,4,2,2,6,6,4,4,4,4,4,4,4,4,4,4,4,4,4,4,4,4,4,4,4,2,2,4,2,2,2,4,4,4,4,4,4,4,4,4,4,4,4,4,6,6,2,2,4,4,4,4,4,4,4,4,4,4,4,2,2,2,2,4,4,2,4,4,4,4,4,4,4,4,4,2,2,4,4,4,4,4,4,4,2,2,2,2,4,4,4,4,4,4,4,4,4,4,4,2,2,4,4,2,2,4,4,4,6,6,4,4,4,4,4,4,4,4,4,4,4,4,6,6,6,6,2,2,2,2,4,4,4,4,4,4,4,4,4,4,4,4,4,4,4,4,4,4,4,4,4,4,4,4,4,4,2,2,6,6,4,4,2,2,4,4,4,4,2,2,4,4,4,4,4,4,4,4,4,4,4,4,4,4,4,4,4,4,4,4,2,2,6,6,2,2,4,4,4,4,4,4,4,4,4,4,4,4,4,4,4,4,2,2,4,4,2,2,2,4,4,4,4,4,4,4,2,2,2,2,2,2,2,2,4,4,4,4,4,4,4,2,2,2,2,4,4,6,6,6,6,6,6,4,4,4,4,2,2,4,4,4,4,6,6,4,4,2,4,4,4,4,4,4,4,4,4,4,4,4,4,4,4,4,4,4,2,2,2,2,4,4,4,4,4,4,4,2,2,2,2,4,4,4,4,4,4,2,4,2,2,6,6,6,6,6,6,4,4,4,4,4,4,4,4,4,2,4,4,4,4,4,4,4,4,4,4,4,4,4,4,4,4,4,4,4,4,4,4,6,6,4,4,2,2,4,4,4,4,4,4,4,4,4,4,4,4,4,4,4,4,2,2,2,2,2,4,4,4,4,4,4,2,2,4,2,4,4,2,2,4,4,4,4,4,4,4,4,4,4,4,4,4,4,4,4,4,4,4,6,6,4,4,4,4,4,4,4,6,6,4,4,4,4,4,4,4,4,4,4,2,2,4,4,2,2,2,4,4,4,4,4,4,4,4,2,2,6,6,6,6,6,6,4,4,4,4,4,6,6,2,2,4,4,4,4,4,2,2,4,4,2,2,4,2,2,2,4,4,2,2,4,4,4,4,4,4,4,4,4,4,4,2,2,4,4,4,4,4,4,4,4,4,4,4,4,6,6,4,4,2,2,2,2,4,4,4,4,4,4,4,2,2,2,2,4,2,2,4,4,2,2,4,4,4,4,2,2,4,4,4,2,2,4,4,2,2,2,4,2,2,4,4,4,2,2,4,4,4,4,4,2,2,4,4,4,4,2,2,2,2,2,2,2,4,4,4,4,4,4,2,2,2,4,4,4,2,2,4,4,2,2,4,4,2,4,4,6,6,4,4,4,4,4,4,2,2,4,4,4,4,4,4,4,4,4,4,4,4,2,2,2,4,4,4,6,6,6,6,6,6,4,2,4,4,4,4,4,2,2,2,2,4,4,4,4,2,2,2,2,2,2,2,2,2,4,4,4,4,4,2,2,4,4,2,2,4,4,4,2,2,2,2,2,4,4,2,2,4,4,2,2,4,4,2,2,4,4,4,4,4,4,2,2,2,2,2,2,4,4,4,4,4,4,4,4,4,4,4,4,4,4,4,4,4,4,4,4,4,4,4,4,4,2,2,4,4,4,4,2,2,4,4,2,2,4,4,4,2,2,2,4,4,4,4,4,4,4,4,2,2,4,4,2,2,4,4,4,2,2,4,4,4,4,4,2,2,2,4,4,6,6,6,6,4,4,2,2,2,2,4,4,4,4,2,2,4,2,2,2,2,4,4,4,4,4,4,4,2,2,2,2,2,2,4,4,2,2,2,2,2,2,2,2,2,2,2,2,6,6,2,2,2,2,4,4,2,2,4,4,4,4,4,4,4,4,2,2,2,2,2,4,4,4,4,2,2,2,2,4,2,2,4,4,4,4,4,2,4,4,4,4,4,2,2,2,2,2,2,4,4,2,2,4,4,2,2,2,2,4,4,2,2,4,2,2,2,2,6,6,2,2,2,2,4,4,2,2,2,2,4,2,2,2,2,2,2,2,2,6,6,4,4,2,2,4,4,2,2,4,2,2,2,2,2,2,4,4,4,4,4,4,2,2,2,2,2,2,4,4,4,4,2,2,4,4,4,2,2,4,4,4,4,4,4,4,4,2,2,4,4,2,2,2,2,2,2,2,4,4,2,2,4,4,6,6,4,4,4,2,2,4,4,2,2,2,2,4,4,2,2,2,2,4,4,4,4,4,4,2,2,4,4,2,2,2,2,4,4,4,4,4,4,4,4,4,4,2,2,2,2,4,4,4,4,4,4,4,4,2,2,2,2,4,4,2,2,4,4,4,4,2,2,4,2,2,4,4,4,4,4,4,4,4,4,2,2,2,2,4,2,2,2,2,4,4,4,4,4,4,2,2,2,2,4,4,4,4,4,4,2,2,2,2,2,2,2,2,2,2,2,2,2,2,2,4,4,4,4,4,4,4,2,2,2,2,2,2,2,2,2,2,4,2,2,4,4,2,2,4,4,4,4,4,4,4,4,4,4,4,4,4,4,4,4,4,2,2,2,2,4,4,4,2,2,4,4,2,2,2,2,4,4,2,2,4,4,4,2,2,2,2,2,2,4,4,4,2,2,2,2,2,2,2,2,2,2,2,2,2,2,2,2,4,4,4,2,2,4,4,4,2,2,4,4,2,2,2,2,2,2,2,2,2,2,2,2,2,4,2,2,2,2,2,2,2,2,2,2,2,4,2,2,2,2,2,2,2,2,2,2,2,2,2,2,2,2,2,2,2,2,2,2,2,2,2,2,2,2,2,2,2,2,2,2,2,2,2,2,2,2,2,2,2,2,2,2,2,2,2,2,2,2,2,2,2,2,2,2,2,2,2,2,2,2,2,2,2,2,2,2,2,2,2,2,2,2,2,2,2,2,2,2,2,2,2,2,2,4,2,2]",1.0,1.0,1.0,1.0,1.0,0.0,0.0,0.0,0.0220970818059213,1.0,24.48641742107381,0.0009024220009785,1.0,0.0,0.0220970818059213,0.0,0.0,0.0,0.0001104854090296,100,0.01,1.0,753900,15876,103.26404916701722,0.2530182909977156,141.1041137080174,0.9999999941296532,5.870346653225056e-09,1.0000487396119802,1.1740693306450112e-08,1.0000487396119802,1.7798625546276046,0.0001083544798633,1.1343148642595224e-12,1.1343148642595224e-12,1e-12,analysis/fermionic_structure_ablation_extension_hgbs5.csv,5.870060548751611e-09,1.0,1.00004873961198
success,,NH3_s-1.00_hgbs-5_as-008-010,hamiltonian_generator/polyatomic_library/NH3/s-1.00/hgbs-5/NH3_s-1.00_hgbs-5_as-008-010.tensors.npz,NH3,s-1.00,hgbs-5,8,10,18,3899,7539,5642,0.7483751160631383,0,signed_parent_within_randomized,2,3049132552,"reference signed-fermionic parent-block order kept fixed and contiguous, but Pauli descendants randomly permuted inside each parent-owned block",7a54a81e4deee136,c701743529b4e8f9,"[1,1,1,1,1,1,1,1,1,1,1,1,1,1,1,1,1,1,1,1,1,1,1,1,1,1,1,1,1,1,1,1,1,1,1,1,1,1,1,1,1,1,1,1,1,1,2,2,2,2,1,1,1,1,1,1,1,1,1,1,1,1,1,1,1,1,1,1,1,1,4,4,1,1,1,1,1,1,1,1,1,1,1,1,1,1,1,1,4,1,1,1,1,1,1,1,1,1,1,1,1,1,1,1,1,1,1,1,1,1,1,1,1,1,1,1,1,1,1,1,1,1,1,1,1,1,1,1,1,1,1,1,1,1,1,1,1,1,1,1,1,1,1,2,2,1,1,1,1,1,1,1,1,1,1,1,1,1,1,1,1,1,1,1,1,1,1,1,1,1,1,1,1,1,4,1,1,1,1,1,1,2,2,2,4,4,4,4,2,2,2,2,2,2,2,2,2,2,2,2,2,2,2,2,2,2,2,2,2,2,2,2,2,2,2,2,2,2,2,2,4,4,2,4,2,4,2,2,2,2,2,2,2,2,2,2,2,2,2,2,2,2,2,2,2,4,4,2,4,2,2,2,2,2,2,2,4,4,4,4,4,4,4,4,2,2,2,2,2,2,4,2,4,2,4,2,2,2,2,2,2,2,2,4,4,2,4,4,4,4,4,4,4,4,2,2,6,6,4,4,4,4,2,4,2,2,2,4,2,2,2,2,2,4,4,4,2,2,2,2,2,4,4,4,4,2,2,2,2,4,4,2,2,4,4,4,4,4,2,2,4,4,4,4,4,2,2,2,2,2,2,4,4,4,4,2,2,4,4,6,6,2,2,4,4,2,2,2,2,2,2,4,4,4,4,4,4,4,2,2,4,4,4,4,4,4,2,2,2,2,4,4,4,4,4,4,4,4,4,4,4,4,4,2,2,2,2,2,4,4,4,4,4,4,4,2,2,4,4,4,2,2,4,4,4,4,2,2,2,2,2,2,2,4,4,4,6,6,6,6,4,4,2,2,2,2,4,4,4,4,4,2,2,4,4,4,4,4,4,2,2,4,4,4,4,4,4,4,2,2,2,2,4,4,4,4,2,2,4,4,4,2,2,2,6,6,4,4,6,6,6,6,4,4,4,4,4,4,4,4,4,4,4,2,2,2,2,2,4,4,2,2,2,2,4,4,2,2,4,6,6,4,4,2,2,2,2,4,4,4,4,2,2,2,2,2,2,2,2,2,2,2,2,2,2,4,4,4,4,4,4,4,4,6,6,4,4,4,4,4,4,4,4,4,4,4,4,4,6,6,4,4,4,4,4,4,4,4,4,4,4,4,4,4,2,2,2,2,6,6,6,6,4,4,2,2,2,2,6,6,6,6,6,6,6,6,6,6,4,4,4,4,4,4,4,4,4,4,4,4,4,4,4,4,4,4,4,2,2,4,4,4,6,6,6,6,2,2,6,6,2,2,4,4,2,2,2,2,6,6,4,4,4,4,4,4,4,4,4,4,4,4,4,4,4,4,4,4,4,4,4,4,6,6,6,6,6,6,4,4,4,4,4,4,4,4,4,4,6,6,4,4,2,2,4,4,6,6,6,6,4,4,4,4,4,4,2,2,2,2,2,2,6,6,6,6,4,4,4,4,2,2,4,4,2,2,4,4,4,4,2,2,2,2,4,4,4,4,6,6,2,2,2,2,2,4,2,2,6,6,2,2,4,4,4,4,4,4,4,4,2,2,2,2,2,2,4,4,2,2,4,4,4,4,6,6,6,6,4,4,2,2,2,4,4,4,4,2,2,4,4,4,4,4,4,4,4,2,2,2,2,4,4,4,4,4,2,2,2,2,2,2,4,4,4,4,6,6,4,4,4,4,4,4,4,4,2,2,4,4,4,4,4,4,2,2,2,2,2,2,4,4,4,4,4,4,4,4,4,4,4,6,6,2,2,6,6,4,4,4,4,4,4,4,4,2,2,4,4,4,4,4,4,4,4,2,2,4,4,2,2,2,2,2,2,2,2,2,2,4,4,4,4,4,2,2,2,2,2,2,4,4,4,4,4,4,2,2,4,4,4,4,4,4,4,4,4,4,4,2,2,6,6,2,2,2,2,4,4,4,4,2,2,4,4,2,2,4,4,4,4,4,4,4,4,6,6,6,6,4,4,4,2,4,4,4,4,4,4,4,4,4,4,4,2,2,4,6,6,6,6,6,6,4,4,2,2,2,4,4,6,6,4,4,4,4,2,2,4,4,4,4,4,4,4,4,2,2,4,4,4,4,4,4,4,4,4,4,2,2,4,4,4,4,4,4,2,2,2,2,4,4,2,2,2,2,2,2,4,4,4,4,4,4,4,4,4,4,4,4,4,4,4,4,4,2,2,2,2,4,4,4,4,4,4,4,4,4,4,4,2,2,6,6,4,4,4,4,4,4,4,4,4,4,4,4,4,4,4,4,4,4,4,2,2,4,2,2,2,4,4,4,4,4,4,4,4,4,4,4,4,4,6,6,2,2,4,4,4,4,4,4,4,4,4,4,4,2,2,2,2,4,4,2,4,4,4,4,4,4,4,4,4,2,2,4,4,4,4,4,4,4,2,2,2,2,4,4,4,4,4,4,4,4,4,4,4,2,2,4,4,2,2,4,4,4,6,6,4,4,4,4,4,4,4,4,4,4,4,4,6,6,6,6,2,2,2,2,4,4,4,4,4,4,4,4,4,4,4,4,4,4,4,4,4,4,4,4,4,4,4,4,4,4,2,2,6,6,4,4,2,2,4,4,4,4,2,2,4,4,4,4,4,4,4,4,4,4,4,4,4,4,4,4,4,4,4,4,2,2,6,6,2,2,4,4,4,4,4,4,4,4,4,4,4,4,4,4,4,4,2,2,4,4,2,2,2,4,4,4,4,4,4,4,2,2,2,2,2,2,2,2,4,4,4,4,4,4,4,2,2,2,2,4,4,6,6,6,6,6,6,4,4,4,4,2,2,4,4,4,4,6,6,4,4,2,4,4,4,4,4,4,4,4,4,4,4,4,4,4,4,4,4,4,2,2,2,2,4,4,4,4,4,4,4,2,2,2,2,4,4,4,4,4,4,2,4,2,2,6,6,6,6,6,6,4,4,4,4,4,4,4,4,4,2,4,4,4,4,4,4,4,4,4,4,4,4,4,4,4,4,4,4,4,4,4,4,6,6,4,4,2,2,4,4,4,4,4,4,4,4,4,4,4,4,4,4,4,4,2,2,2,2,2,4,4,4,4,4,4,2,2,4,2,4,4,2,2,4,4,4,4,4,4,4,4,4,4,4,4,4,4,4,4,4,4,4,6,6,4,4,4,4,4,4,4,6,6,4,4,4,4,4,4,4,4,4,4,2,2,4,4,2,2,2,4,4,4,4,4,4,4,4,2,2,6,6,6,6,6,6,4,4,4,4,4,6,6,2,2,4,4,4,4,4,2,2,4,4,2,2,4,2,2,2,4,4,2,2,4,4,4,4,4,4,4,4,4,4,4,2,2,4,4,4,4,4,4,4,4,4,4,4,4,6,6,4,4,2,2,2,2,4,4,4,4,4,4,4,2,2,2,2,4,2,2,4,4,2,2,4,4,4,4,2,2,4,4,4,2,2,4,4,2,2,2,4,2,2,4,4,4,2,2,4,4,4,4,4,2,2,4,4,4,4,2,2,2,2,2,2,2,4,4,4,4,4,4,2,2,2,4,4,4,2,2,4,4,2,2,4,4,2,4,4,6,6,4,4,4,4,4,4,2,2,4,4,4,4,4,4,4,4,4,4,4,4,2,2,2,4,4,4,6,6,6,6,6,6,4,2,4,4,4,4,4,2,2,2,2,4,4,4,4,2,2,2,2,2,2,2,2,2,4,4,4,4,4,2,2,4,4,2,2,4,4,4,2,2,2,2,2,4,4,2,2,4,4,2,2,4,4,2,2,4,4,4,4,4,4,2,2,2,2,2,2,4,4,4,4,4,4,4,4,4,4,4,4,4,4,4,4,4,4,4,4,4,4,4,4,4,2,2,4,4,4,4,2,2,4,4,2,2,4,4,4,2,2,2,4,4,4,4,4,4,4,4,2,2,4,4,2,2,4,4,4,2,2,4,4,4,4,4,2,2,2,4,4,6,6,6,6,4,4,2,2,2,2,4,4,4,4,2,2,4,2,2,2,2,4,4,4,4,4,4,4,2,2,2,2,2,2,4,4,2,2,2,2,2,2,2,2,2,2,2,2,6,6,2,2,2,2,4,4,2,2,4,4,4,4,4,4,4,4,2,2,2,2,2,4,4,4,4,2,2,2,2,4,2,2,4,4,4,4,4,2,4,4,4,4,4,2,2,2,2,2,2,4,4,2,2,4,4,2,2,2,2,4,4,2,2,4,2,2,2,2,6,6,2,2,2,2,4,4,2,2,2,2,4,2,2,2,2,2,2,2,2,6,6,4,4,2,2,4,4,2,2,4,2,2,2,2,2,2,4,4,4,4,4,4,2,2,2,2,2,2,4,4,4,4,2,2,4,4,4,2,2,4,4,4,4,4,4,4,4,2,2,4,4,2,2,2,2,2,2,2,4,4,2,2,4,4,6,6,4,4,4,2,2,4,4,2,2,2,2,4,4,2,2,2,2,4,4,4,4,4,4,2,2,4,4,2,2,2,2,4,4,4,4,4,4,4,4,4,4,2,2,2,2,4,4,4,4,4,4,4,4,2,2,2,2,4,4,2,2,4,4,4,4,2,2,4,2,2,4,4,4,4,4,4,4,4,4,2,2,2,2,4,2,2,2,2,4,4,4,4,4,4,2,2,2,2,4,4,4,4,4,4,2,2,2,2,2,2,2,2,2,2,2,2,2,2,2,4,4,4,4,4,4,4,2,2,2,2,2,2,2,2,2,2,4,2,2,4,4,2,2,4,4,4,4,4,4,4,4,4,4,4,4,4,4,4,4,4,2,2,2,2,4,4,4,2,2,4,4,2,2,2,2,4,4,2,2,4,4,4,2,2,2,2,2,2,4,4,4,2,2,2,2,2,2,2,2,2,2,2,2,2,2,2,2,4,4,4,2,2,4,4,4,2,2,4,4,2,2,2,2,2,2,2,2,2,2,2,2,2,4,2,2,2,2,2,2,2,2,2,2,2,4,2,2,2,2,2,2,2,2,2,2,2,2,2,2,2,2,2,2,2,2,2,2,2,2,2,2,2,2,2,2,2,2,2,2,2,2,2,2,2,2,2,2,2,2,2,2,2,2,2,2,2,2,2,2,2,2,2,2,2,2,2,2,2,2,2,2,2,2,2,2,2,2,2,2,2,2,2,2,2,2,2,2,2,2,2,2,2,4,2,2]",1.0,1.0,1.0,1.0,1.0,0.0,0.0,0.0,0.0220970818059213,1.0,24.48641742107381,0.0009024220009785,1.0,0.0,0.0220970818059213,0.0,0.0,0.0,0.0001104854090296,100,0.01,1.0,753900,15876,103.26404916701722,0.2530182909977156,141.1886023330153,0.9999999941295692,5.870430919152625e-09,1.0000630948178368,1.1740861838305252e-08,1.0000630948178368,1.7798625546275684,0.000108355257548,1.3028467193976212e-12,1.3028467193976212e-12,1e-12,analysis/fermionic_structure_ablation_extension_hgbs5.csv,5.870060548751611e-09,1.0,1.0000630948178368
success,,NH3_s-1.00_hgbs-5_as-008-010,hamiltonian_generator/polyatomic_library/NH3/s-1.00/hgbs-5/NH3_s-1.00_hgbs-5_as-008-010.tensors.npz,NH3,s-1.00,hgbs-5,8,10,18,3899,7539,5642,0.7483751160631383,0,signed_parent_within_randomized,3,1828031410,"reference signed-fermionic parent-block order kept fixed and contiguous, but Pauli descendants randomly permuted inside each parent-owned block",7a54a81e4deee136,3aedd507c001434e,"[1,1,1,1,1,1,1,1,1,1,1,1,1,1,1,1,1,1,1,1,1,1,1,1,1,1,1,1,1,1,1,1,1,1,1,1,1,1,1,1,1,1,1,1,1,1,2,2,2,2,1,1,1,1,1,1,1,1,1,1,1,1,1,1,1,1,1,1,1,1,4,4,1,1,1,1,1,1,1,1,1,1,1,1,1,1,1,1,4,1,1,1,1,1,1,1,1,1,1,1,1,1,1,1,1,1,1,1,1,1,1,1,1,1,1,1,1,1,1,1,1,1,1,1,1,1,1,1,1,1,1,1,1,1,1,1,1,1,1,1,1,1,1,2,2,1,1,1,1,1,1,1,1,1,1,1,1,1,1,1,1,1,1,1,1,1,1,1,1,1,1,1,1,1,4,1,1,1,1,1,1,2,2,2,4,4,4,4,2,2,2,2,2,2,2,2,2,2,2,2,2,2,2,2,2,2,2,2,2,2,2,2,2,2,2,2,2,2,2,2,4,4,2,4,2,4,2,2,2,2,2,2,2,2,2,2,2,2,2,2,2,2,2,2,2,4,4,2,4,2,2,2,2,2,2,2,4,4,4,4,4,4,4,4,2,2,2,2,2,2,4,2,4,2,4,2,2,2,2,2,2,2,2,4,4,2,4,4,4,4,4,4,4,4,2,2,6,6,4,4,4,4,2,4,2,2,2,4,2,2,2,2,2,4,4,4,2,2,2,2,2,4,4,4,4,2,2,2,2,4,4,2,2,4,4,4,4,4,2,2,4,4,4,4,4,2,2,2,2,2,2,4,4,4,4,2,2,4,4,6,6,2,2,4,4,2,2,2,2,2,2,4,4,4,4,4,4,4,2,2,4,4,4,4,4,4,2,2,2,2,4,4,4,4,4,4,4,4,4,4,4,4,4,2,2,2,2,2,4,4,4,4,4,4,4,2,2,4,4,4,2,2,4,4,4,4,2,2,2,2,2,2,2,4,4,4,6,6,6,6,4,4,2,2,2,2,4,4,4,4,4,2,2,4,4,4,4,4,4,2,2,4,4,4,4,4,4,4,2,2,2,2,4,4,4,4,2,2,4,4,4,2,2,2,6,6,4,4,6,6,6,6,4,4,4,4,4,4,4,4,4,4,4,2,2,2,2,2,4,4,2,2,2,2,4,4,2,2,4,6,6,4,4,2,2,2,2,4,4,4,4,2,2,2,2,2,2,2,2,2,2,2,2,2,2,4,4,4,4,4,4,4,4,6,6,4,4,4,4,4,4,4,4,4,4,4,4,4,6,6,4,4,4,4,4,4,4,4,4,4,4,4,4,4,2,2,2,2,6,6,6,6,4,4,2,2,2,2,6,6,6,6,6,6,6,6,6,6,4,4,4,4,4,4,4,4,4,4,4,4,4,4,4,4,4,4,4,2,2,4,4,4,6,6,6,6,2,2,6,6,2,2,4,4,2,2,2,2,6,6,4,4,4,4,4,4,4,4,4,4,4,4,4,4,4,4,4,4,4,4,4,4,6,6,6,6,6,6,4,4,4,4,4,4,4,4,4,4,6,6,4,4,2,2,4,4,6,6,6,6,4,4,4,4,4,4,2,2,2,2,2,2,6,6,6,6,4,4,4,4,2,2,4,4,2,2,4,4,4,4,2,2,2,2,4,4,4,4,6,6,2,2,2,2,2,4,2,2,6,6,2,2,4,4,4,4,4,4,4,4,2,2,2,2,2,2,4,4,2,2,4,4,4,4,6,6,6,6,4,4,2,2,2,4,4,4,4,2,2,4,4,4,4,4,4,4,4,2,2,2,2,4,4,4,4,4,2,2,2,2,2,2,4,4,4,4,6,6,4,4,4,4,4,4,4,4,2,2,4,4,4,4,4,4,2,2,2,2,2,2,4,4,4,4,4,4,4,4,4,4,4,6,6,2,2,6,6,4,4,4,4,4,4,4,4,2,2,4,4,4,4,4,4,4,4,2,2,4,4,2,2,2,2,2,2,2,2,2,2,4,4,4,4,4,2,2,2,2,2,2,4,4,4,4,4,4,2,2,4,4,4,4,4,4,4,4,4,4,4,2,2,6,6,2,2,2,2,4,4,4,4,2,2,4,4,2,2,4,4,4,4,4,4,4,4,6,6,6,6,4,4,4,2,4,4,4,4,4,4,4,4,4,4,4,2,2,4,6,6,6,6,6,6,4,4,2,2,2,4,4,6,6,4,4,4,4,2,2,4,4,4,4,4,4,4,4,2,2,4,4,4,4,4,4,4,4,4,4,2,2,4,4,4,4,4,4,2,2,2,2,4,4,2,2,2,2,2,2,4,4,4,4,4,4,4,4,4,4,4,4,4,4,4,4,4,2,2,2,2,4,4,4,4,4,4,4,4,4,4,4,2,2,6,6,4,4,4,4,4,4,4,4,4,4,4,4,4,4,4,4,4,4,4,2,2,4,2,2,2,4,4,4,4,4,4,4,4,4,4,4,4,4,6,6,2,2,4,4,4,4,4,4,4,4,4,4,4,2,2,2,2,4,4,2,4,4,4,4,4,4,4,4,4,2,2,4,4,4,4,4,4,4,2,2,2,2,4,4,4,4,4,4,4,4,4,4,4,2,2,4,4,2,2,4,4,4,6,6,4,4,4,4,4,4,4,4,4,4,4,4,6,6,6,6,2,2,2,2,4,4,4,4,4,4,4,4,4,4,4,4,4,4,4,4,4,4,4,4,4,4,4,4,4,4,2,2,6,6,4,4,2,2,4,4,4,4,2,2,4,4,4,4,4,4,4,4,4,4,4,4,4,4,4,4,4,4,4,4,2,2,6,6,2,2,4,4,4,4,4,4,4,4,4,4,4,4,4,4,4,4,2,2,4,4,2,2,2,4,4,4,4,4,4,4,2,2,2,2,2,2,2,2,4,4,4,4,4,4,4,2,2,2,2,4,4,6,6,6,6,6,6,4,4,4,4,2,2,4,4,4,4,6,6,4,4,2,4,4,4,4,4,4,4,4,4,4,4,4,4,4,4,4,4,4,2,2,2,2,4,4,4,4,4,4,4,2,2,2,2,4,4,4,4,4,4,2,4,2,2,6,6,6,6,6,6,4,4,4,4,4,4,4,4,4,2,4,4,4,4,4,4,4,4,4,4,4,4,4,4,4,4,4,4,4,4,4,4,6,6,4,4,2,2,4,4,4,4,4,4,4,4,4,4,4,4,4,4,4,4,2,2,2,2,2,4,4,4,4,4,4,2,2,4,2,4,4,2,2,4,4,4,4,4,4,4,4,4,4,4,4,4,4,4,4,4,4,4,6,6,4,4,4,4,4,4,4,6,6,4,4,4,4,4,4,4,4,4,4,2,2,4,4,2,2,2,4,4,4,4,4,4,4,4,2,2,6,6,6,6,6,6,4,4,4,4,4,6,6,2,2,4,4,4,4,4,2,2,4,4,2,2,4,2,2,2,4,4,2,2,4,4,4,4,4,4,4,4,4,4,4,2,2,4,4,4,4,4,4,4,4,4,4,4,4,6,6,4,4,2,2,2,2,4,4,4,4,4,4,4,2,2,2,2,4,2,2,4,4,2,2,4,4,4,4,2,2,4,4,4,2,2,4,4,2,2,2,4,2,2,4,4,4,2,2,4,4,4,4,4,2,2,4,4,4,4,2,2,2,2,2,2,2,4,4,4,4,4,4,2,2,2,4,4,4,2,2,4,4,2,2,4,4,2,4,4,6,6,4,4,4,4,4,4,2,2,4,4,4,4,4,4,4,4,4,4,4,4,2,2,2,4,4,4,6,6,6,6,6,6,4,2,4,4,4,4,4,2,2,2,2,4,4,4,4,2,2,2,2,2,2,2,2,2,4,4,4,4,4,2,2,4,4,2,2,4,4,4,2,2,2,2,2,4,4,2,2,4,4,2,2,4,4,2,2,4,4,4,4,4,4,2,2,2,2,2,2,4,4,4,4,4,4,4,4,4,4,4,4,4,4,4,4,4,4,4,4,4,4,4,4,4,2,2,4,4,4,4,2,2,4,4,2,2,4,4,4,2,2,2,4,4,4,4,4,4,4,4,2,2,4,4,2,2,4,4,4,2,2,4,4,4,4,4,2,2,2,4,4,6,6,6,6,4,4,2,2,2,2,4,4,4,4,2,2,4,2,2,2,2,4,4,4,4,4,4,4,2,2,2,2,2,2,4,4,2,2,2,2,2,2,2,2,2,2,2,2,6,6,2,2,2,2,4,4,2,2,4,4,4,4,4,4,4,4,2,2,2,2,2,4,4,4,4,2,2,2,2,4,2,2,4,4,4,4,4,2,4,4,4,4,4,2,2,2,2,2,2,4,4,2,2,4,4,2,2,2,2,4,4,2,2,4,2,2,2,2,6,6,2,2,2,2,4,4,2,2,2,2,4,2,2,2,2,2,2,2,2,6,6,4,4,2,2,4,4,2,2,4,2,2,2,2,2,2,4,4,4,4,4,4,2,2,2,2,2,2,4,4,4,4,2,2,4,4,4,2,2,4,4,4,4,4,4,4,4,2,2,4,4,2,2,2,2,2,2,2,4,4,2,2,4,4,6,6,4,4,4,2,2,4,4,2,2,2,2,4,4,2,2,2,2,4,4,4,4,4,4,2,2,4,4,2,2,2,2,4,4,4,4,4,4,4,4,4,4,2,2,2,2,4,4,4,4,4,4,4,4,2,2,2,2,4,4,2,2,4,4,4,4,2,2,4,2,2,4,4,4,4,4,4,4,4,4,2,2,2,2,4,2,2,2,2,4,4,4,4,4,4,2,2,2,2,4,4,4,4,4,4,2,2,2,2,2,2,2,2,2,2,2,2,2,2,2,4,4,4,4,4,4,4,2,2,2,2,2,2,2,2,2,2,4,2,2,4,4,2,2,4,4,4,4,4,4,4,4,4,4,4,4,4,4,4,4,4,2,2,2,2,4,4,4,2,2,4,4,2,2,2,2,4,4,2,2,4,4,4,2,2,2,2,2,2,4,4,4,2,2,2,2,2,2,2,2,2,2,2,2,2,2,2,2,4,4,4,2,2,4,4,4,2,2,4,4,2,2,2,2,2,2,2,2,2,2,2,2,2,4,2,2,2,2,2,2,2,2,2,2,2,4,2,2,2,2,2,2,2,2,2,2,2,2,2,2,2,2,2,2,2,2,2,2,2,2,2,2,2,2,2,2,2,2,2,2,2,2,2,2,2,2,2,2,2,2,2,2,2,2,2,2,2,2,2,2,2,2,2,2,2,2,2,2,2,2,2,2,2,2,2,2,2,2,2,2,2,2,2,2,2,2,2,2,2,2,2,2,2,4,2,2]",1.0,1.0,1.0,1.0,1.0,0.0,0.0,0.0,0.0220970818059213,1.0,24.48641742107381,0.0009024220009785,1.0,0.0,0.0220970818059213,0.0,0.0,0.0,0.0001104854090296,100,0.01,1.0,753900,15876,103.26404916701722,0.2530182909977156,141.06203550001374,0.9999999941296308,5.870369079730153e-09,1.0000525601015493,1.1740738159460308e-08,1.0000525601015493,1.7798625546275944,0.0001083546868366,1.1793899190593038e-12,1.1793899190593038e-12,1e-12,analysis/fermionic_structure_ablation_extension_hgbs5.csv,5.870060548751611e-09,1.0,1.0000525601015493
success,,NH3_s-1.00_hgbs-5_as-008-010,hamiltonian_generator/polyatomic_library/NH3/s-1.00/hgbs-5/NH3_s-1.00_hgbs-5_as-008-010.tensors.npz,NH3,s-1.00,hgbs-5,8,10,18,3899,7539,5642,0.7483751160631383,0,signed_parent_within_randomized,4,4273696122,"reference signed-fermionic parent-block order kept fixed and contiguous, but Pauli descendants randomly permuted inside each parent-owned block",7a54a81e4deee136,cf3f73a9f476de08,"[1,1,1,1,1,1,1,1,1,1,1,1,1,1,1,1,1,1,1,1,1,1,1,1,1,1,1,1,1,1,1,1,1,1,1,1,1,1,1,1,1,1,1,1,1,1,2,2,2,2,1,1,1,1,1,1,1,1,1,1,1,1,1,1,1,1,1,1,1,1,4,4,1,1,1,1,1,1,1,1,1,1,1,1,1,1,1,1,4,1,1,1,1,1,1,1,1,1,1,1,1,1,1,1,1,1,1,1,1,1,1,1,1,1,1,1,1,1,1,1,1,1,1,1,1,1,1,1,1,1,1,1,1,1,1,1,1,1,1,1,1,1,1,2,2,1,1,1,1,1,1,1,1,1,1,1,1,1,1,1,1,1,1,1,1,1,1,1,1,1,1,1,1,1,4,1,1,1,1,1,1,2,2,2,4,4,4,4,2,2,2,2,2,2,2,2,2,2,2,2,2,2,2,2,2,2,2,2,2,2,2,2,2,2,2,2,2,2,2,2,4,4,2,4,2,4,2,2,2,2,2,2,2,2,2,2,2,2,2,2,2,2,2,2,2,4,4,2,4,2,2,2,2,2,2,2,4,4,4,4,4,4,4,4,2,2,2,2,2,2,4,2,4,2,4,2,2,2,2,2,2,2,2,4,4,2,4,4,4,4,4,4,4,4,2,2,6,6,4,4,4,4,2,4,2,2,2,4,2,2,2,2,2,4,4,4,2,2,2,2,2,4,4,4,4,2,2,2,2,4,4,2,2,4,4,4,4,4,2,2,4,4,4,4,4,2,2,2,2,2,2,4,4,4,4,2,2,4,4,6,6,2,2,4,4,2,2,2,2,2,2,4,4,4,4,4,4,4,2,2,4,4,4,4,4,4,2,2,2,2,4,4,4,4,4,4,4,4,4,4,4,4,4,2,2,2,2,2,4,4,4,4,4,4,4,2,2,4,4,4,2,2,4,4,4,4,2,2,2,2,2,2,2,4,4,4,6,6,6,6,4,4,2,2,2,2,4,4,4,4,4,2,2,4,4,4,4,4,4,2,2,4,4,4,4,4,4,4,2,2,2,2,4,4,4,4,2,2,4,4,4,2,2,2,6,6,4,4,6,6,6,6,4,4,4,4,4,4,4,4,4,4,4,2,2,2,2,2,4,4,2,2,2,2,4,4,2,2,4,6,6,4,4,2,2,2,2,4,4,4,4,2,2,2,2,2,2,2,2,2,2,2,2,2,2,4,4,4,4,4,4,4,4,6,6,4,4,4,4,4,4,4,4,4,4,4,4,4,6,6,4,4,4,4,4,4,4,4,4,4,4,4,4,4,2,2,2,2,6,6,6,6,4,4,2,2,2,2,6,6,6,6,6,6,6,6,6,6,4,4,4,4,4,4,4,4,4,4,4,4,4,4,4,4,4,4,4,2,2,4,4,4,6,6,6,6,2,2,6,6,2,2,4,4,2,2,2,2,6,6,4,4,4,4,4,4,4,4,4,4,4,4,4,4,4,4,4,4,4,4,4,4,6,6,6,6,6,6,4,4,4,4,4,4,4,4,4,4,6,6,4,4,2,2,4,4,6,6,6,6,4,4,4,4,4,4,2,2,2,2,2,2,6,6,6,6,4,4,4,4,2,2,4,4,2,2,4,4,4,4,2,2,2,2,4,4,4,4,6,6,2,2,2,2,2,4,2,2,6,6,2,2,4,4,4,4,4,4,4,4,2,2,2,2,2,2,4,4,2,2,4,4,4,4,6,6,6,6,4,4,2,2,2,4,4,4,4,2,2,4,4,4,4,4,4,4,4,2,2,2,2,4,4,4,4,4,2,2,2,2,2,2,4,4,4,4,6,6,4,4,4,4,4,4,4,4,2,2,4,4,4,4,4,4,2,2,2,2,2,2,4,4,4,4,4,4,4,4,4,4,4,6,6,2,2,6,6,4,4,4,4,4,4,4,4,2,2,4,4,4,4,4,4,4,4,2,2,4,4,2,2,2,2,2,2,2,2,2,2,4,4,4,4,4,2,2,2,2,2,2,4,4,4,4,4,4,2,2,4,4,4,4,4,4,4,4,4,4,4,2,2,6,6,2,2,2,2,4,4,4,4,2,2,4,4,2,2,4,4,4,4,4,4,4,4,6,6,6,6,4,4,4,2,4,4,4,4,4,4,4,4,4,4,4,2,2,4,6,6,6,6,6,6,4,4,2,2,2,4,4,6,6,4,4,4,4,2,2,4,4,4,4,4,4,4,4,2,2,4,4,4,4,4,4,4,4,4,4,2,2,4,4,4,4,4,4,2,2,2,2,4,4,2,2,2,2,2,2,4,4,4,4,4,4,4,4,4,4,4,4,4,4,4,4,4,2,2,2,2,4,4,4,4,4,4,4,4,4,4,4,2,2,6,6,4,4,4,4,4,4,4,4,4,4,4,4,4,4,4,4,4,4,4,2,2,4,2,2,2,4,4,4,4,4,4,4,4,4,4,4,4,4,6,6,2,2,4,4,4,4,4,4,4,4,4,4,4,2,2,2,2,4,4,2,4,4,4,4,4,4,4,4,4,2,2,4,4,4,4,4,4,4,2,2,2,2,4,4,4,4,4,4,4,4,4,4,4,2,2,4,4,2,2,4,4,4,6,6,4,4,4,4,4,4,4,4,4,4,4,4,6,6,6,6,2,2,2,2,4,4,4,4,4,4,4,4,4,4,4,4,4,4,4,4,4,4,4,4,4,4,4,4,4,4,2,2,6,6,4,4,2,2,4,4,4,4,2,2,4,4,4,4,4,4,4,4,4,4,4,4,4,4,4,4,4,4,4,4,2,2,6,6,2,2,4,4,4,4,4,4,4,4,4,4,4,4,4,4,4,4,2,2,4,4,2,2,2,4,4,4,4,4,4,4,2,2,2,2,2,2,2,2,4,4,4,4,4,4,4,2,2,2,2,4,4,6,6,6,6,6,6,4,4,4,4,2,2,4,4,4,4,6,6,4,4,2,4,4,4,4,4,4,4,4,4,4,4,4,4,4,4,4,4,4,2,2,2,2,4,4,4,4,4,4,4,2,2,2,2,4,4,4,4,4,4,2,4,2,2,6,6,6,6,6,6,4,4,4,4,4,4,4,4,4,2,4,4,4,4,4,4,4,4,4,4,4,4,4,4,4,4,4,4,4,4,4,4,6,6,4,4,2,2,4,4,4,4,4,4,4,4,4,4,4,4,4,4,4,4,2,2,2,2,2,4,4,4,4,4,4,2,2,4,2,4,4,2,2,4,4,4,4,4,4,4,4,4,4,4,4,4,4,4,4,4,4,4,6,6,4,4,4,4,4,4,4,6,6,4,4,4,4,4,4,4,4,4,4,2,2,4,4,2,2,2,4,4,4,4,4,4,4,4,2,2,6,6,6,6,6,6,4,4,4,4,4,6,6,2,2,4,4,4,4,4,2,2,4,4,2,2,4,2,2,2,4,4,2,2,4,4,4,4,4,4,4,4,4,4,4,2,2,4,4,4,4,4,4,4,4,4,4,4,4,6,6,4,4,2,2,2,2,4,4,4,4,4,4,4,2,2,2,2,4,2,2,4,4,2,2,4,4,4,4,2,2,4,4,4,2,2,4,4,2,2,2,4,2,2,4,4,4,2,2,4,4,4,4,4,2,2,4,4,4,4,2,2,2,2,2,2,2,4,4,4,4,4,4,2,2,2,4,4,4,2,2,4,4,2,2,4,4,2,4,4,6,6,4,4,4,4,4,4,2,2,4,4,4,4,4,4,4,4,4,4,4,4,2,2,2,4,4,4,6,6,6,6,6,6,4,2,4,4,4,4,4,2,2,2,2,4,4,4,4,2,2,2,2,2,2,2,2,2,4,4,4,4,4,2,2,4,4,2,2,4,4,4,2,2,2,2,2,4,4,2,2,4,4,2,2,4,4,2,2,4,4,4,4,4,4,2,2,2,2,2,2,4,4,4,4,4,4,4,4,4,4,4,4,4,4,4,4,4,4,4,4,4,4,4,4,4,2,2,4,4,4,4,2,2,4,4,2,2,4,4,4,2,2,2,4,4,4,4,4,4,4,4,2,2,4,4,2,2,4,4,4,2,2,4,4,4,4,4,2,2,2,4,4,6,6,6,6,4,4,2,2,2,2,4,4,4,4,2,2,4,2,2,2,2,4,4,4,4,4,4,4,2,2,2,2,2,2,4,4,2,2,2,2,2,2,2,2,2,2,2,2,6,6,2,2,2,2,4,4,2,2,4,4,4,4,4,4,4,4,2,2,2,2,2,4,4,4,4,2,2,2,2,4,2,2,4,4,4,4,4,2,4,4,4,4,4,2,2,2,2,2,2,4,4,2,2,4,4,2,2,2,2,4,4,2,2,4,2,2,2,2,6,6,2,2,2,2,4,4,2,2,2,2,4,2,2,2,2,2,2,2,2,6,6,4,4,2,2,4,4,2,2,4,2,2,2,2,2,2,4,4,4,4,4,4,2,2,2,2,2,2,4,4,4,4,2,2,4,4,4,2,2,4,4,4,4,4,4,4,4,2,2,4,4,2,2,2,2,2,2,2,4,4,2,2,4,4,6,6,4,4,4,2,2,4,4,2,2,2,2,4,4,2,2,2,2,4,4,4,4,4,4,2,2,4,4,2,2,2,2,4,4,4,4,4,4,4,4,4,4,2,2,2,2,4,4,4,4,4,4,4,4,2,2,2,2,4,4,2,2,4,4,4,4,2,2,4,2,2,4,4,4,4,4,4,4,4,4,2,2,2,2,4,2,2,2,2,4,4,4,4,4,4,2,2,2,2,4,4,4,4,4,4,2,2,2,2,2,2,2,2,2,2,2,2,2,2,2,4,4,4,4,4,4,4,2,2,2,2,2,2,2,2,2,2,4,2,2,4,4,2,2,4,4,4,4,4,4,4,4,4,4,4,4,4,4,4,4,4,2,2,2,2,4,4,4,2,2,4,4,2,2,2,2,4,4,2,2,4,4,4,2,2,2,2,2,2,4,4,4,2,2,2,2,2,2,2,2,2,2,2,2,2,2,2,2,4,4,4,2,2,4,4,4,2,2,4,4,2,2,2,2,2,2,2,2,2,2,2,2,2,4,2,2,2,2,2,2,2,2,2,2,2,4,2,2,2,2,2,2,2,2,2,2,2,2,2,2,2,2,2,2,2,2,2,2,2,2,2,2,2,2,2,2,2,2,2,2,2,2,2,2,2,2,2,2,2,2,2,2,2,2,2,2,2,2,2,2,2,2,2,2,2,2,2,2,2,2,2,2,2,2,2,2,2,2,2,2,2,2,2,2,2,2,2,2,2,2,2,2,2,4,2,2]",1.0,1.0,1.0,1.0,1.0,0.0,0.0,0.0,0.0220970818059213,1.0,24.48641742107381,0.0009024220009785,1.0,0.0,0.0220970818059213,0.0,0.0,0.0,0.0001104854090296,100,0.01,1.0,753900,15876,103.26404916701722,0.2530182909977156,141.12492949998705,0.9999999941295686,5.870431363241835e-09,1.0000631704710956,1.1740862726483671e-08,1.0000631704710956,1.779862554627574,0.0001083552616465,1.3037348978173213e-12,1.3037348978173213e-12,1e-12,analysis/fermionic_structure_ablation_extension_hgbs5.csv,5.870060548751611e-09,1.0,1.0000631704710956
success,,NH3_s-1.00_hgbs-5_as-008-010,hamiltonian_generator/polyatomic_library/NH3/s-1.00/hgbs-5/NH3_s-1.00_hgbs-5_as-008-010.tensors.npz,NH3,s-1.00,hgbs-5,8,10,18,3899,7539,5642,0.7483751160631383,0,signed_parent_within_randomized,5,1938563643,"reference signed-fermionic parent-block order kept fixed and contiguous, but Pauli descendants randomly permuted inside each parent-owned block",7a54a81e4deee136,67096b3005688521,"[1,1,1,1,1,1,1,1,1,1,1,1,1,1,1,1,1,1,1,1,1,1,1,1,1,1,1,1,1,1,1,1,1,1,1,1,1,1,1,1,1,1,1,1,1,1,2,2,2,2,1,1,1,1,1,1,1,1,1,1,1,1,1,1,1,1,1,1,1,1,4,4,1,1,1,1,1,1,1,1,1,1,1,1,1,1,1,1,4,1,1,1,1,1,1,1,1,1,1,1,1,1,1,1,1,1,1,1,1,1,1,1,1,1,1,1,1,1,1,1,1,1,1,1,1,1,1,1,1,1,1,1,1,1,1,1,1,1,1,1,1,1,1,2,2,1,1,1,1,1,1,1,1,1,1,1,1,1,1,1,1,1,1,1,1,1,1,1,1,1,1,1,1,1,4,1,1,1,1,1,1,2,2,2,4,4,4,4,2,2,2,2,2,2,2,2,2,2,2,2,2,2,2,2,2,2,2,2,2,2,2,2,2,2,2,2,2,2,2,2,4,4,2,4,2,4,2,2,2,2,2,2,2,2,2,2,2,2,2,2,2,2,2,2,2,4,4,2,4,2,2,2,2,2,2,2,4,4,4,4,4,4,4,4,2,2,2,2,2,2,4,2,4,2,4,2,2,2,2,2,2,2,2,4,4,2,4,4,4,4,4,4,4,4,2,2,6,6,4,4,4,4,2,4,2,2,2,4,2,2,2,2,2,4,4,4,2,2,2,2,2,4,4,4,4,2,2,2,2,4,4,2,2,4,4,4,4,4,2,2,4,4,4,4,4,2,2,2,2,2,2,4,4,4,4,2,2,4,4,6,6,2,2,4,4,2,2,2,2,2,2,4,4,4,4,4,4,4,2,2,4,4,4,4,4,4,2,2,2,2,4,4,4,4,4,4,4,4,4,4,4,4,4,2,2,2,2,2,4,4,4,4,4,4,4,2,2,4,4,4,2,2,4,4,4,4,2,2,2,2,2,2,2,4,4,4,6,6,6,6,4,4,2,2,2,2,4,4,4,4,4,2,2,4,4,4,4,4,4,2,2,4,4,4,4,4,4,4,2,2,2,2,4,4,4,4,2,2,4,4,4,2,2,2,6,6,4,4,6,6,6,6,4,4,4,4,4,4,4,4,4,4,4,2,2,2,2,2,4,4,2,2,2,2,4,4,2,2,4,6,6,4,4,2,2,2,2,4,4,4,4,2,2,2,2,2,2,2,2,2,2,2,2,2,2,4,4,4,4,4,4,4,4,6,6,4,4,4,4,4,4,4,4,4,4,4,4,4,6,6,4,4,4,4,4,4,4,4,4,4,4,4,4,4,2,2,2,2,6,6,6,6,4,4,2,2,2,2,6,6,6,6,6,6,6,6,6,6,4,4,4,4,4,4,4,4,4,4,4,4,4,4,4,4,4,4,4,2,2,4,4,4,6,6,6,6,2,2,6,6,2,2,4,4,2,2,2,2,6,6,4,4,4,4,4,4,4,4,4,4,4,4,4,4,4,4,4,4,4,4,4,4,6,6,6,6,6,6,4,4,4,4,4,4,4,4,4,4,6,6,4,4,2,2,4,4,6,6,6,6,4,4,4,4,4,4,2,2,2,2,2,2,6,6,6,6,4,4,4,4,2,2,4,4,2,2,4,4,4,4,2,2,2,2,4,4,4,4,6,6,2,2,2,2,2,4,2,2,6,6,2,2,4,4,4,4,4,4,4,4,2,2,2,2,2,2,4,4,2,2,4,4,4,4,6,6,6,6,4,4,2,2,2,4,4,4,4,2,2,4,4,4,4,4,4,4,4,2,2,2,2,4,4,4,4,4,2,2,2,2,2,2,4,4,4,4,6,6,4,4,4,4,4,4,4,4,2,2,4,4,4,4,4,4,2,2,2,2,2,2,4,4,4,4,4,4,4,4,4,4,4,6,6,2,2,6,6,4,4,4,4,4,4,4,4,2,2,4,4,4,4,4,4,4,4,2,2,4,4,2,2,2,2,2,2,2,2,2,2,4,4,4,4,4,2,2,2,2,2,2,4,4,4,4,4,4,2,2,4,4,4,4,4,4,4,4,4,4,4,2,2,6,6,2,2,2,2,4,4,4,4,2,2,4,4,2,2,4,4,4,4,4,4,4,4,6,6,6,6,4,4,4,2,4,4,4,4,4,4,4,4,4,4,4,2,2,4,6,6,6,6,6,6,4,4,2,2,2,4,4,6,6,4,4,4,4,2,2,4,4,4,4,4,4,4,4,2,2,4,4,4,4,4,4,4,4,4,4,2,2,4,4,4,4,4,4,2,2,2,2,4,4,2,2,2,2,2,2,4,4,4,4,4,4,4,4,4,4,4,4,4,4,4,4,4,2,2,2,2,4,4,4,4,4,4,4,4,4,4,4,2,2,6,6,4,4,4,4,4,4,4,4,4,4,4,4,4,4,4,4,4,4,4,2,2,4,2,2,2,4,4,4,4,4,4,4,4,4,4,4,4,4,6,6,2,2,4,4,4,4,4,4,4,4,4,4,4,2,2,2,2,4,4,2,4,4,4,4,4,4,4,4,4,2,2,4,4,4,4,4,4,4,2,2,2,2,4,4,4,4,4,4,4,4,4,4,4,2,2,4,4,2,2,4,4,4,6,6,4,4,4,4,4,4,4,4,4,4,4,4,6,6,6,6,2,2,2,2,4,4,4,4,4,4,4,4,4,4,4,4,4,4,4,4,4,4,4,4,4,4,4,4,4,4,2,2,6,6,4,4,2,2,4,4,4,4,2,2,4,4,4,4,4,4,4,4,4,4,4,4,4,4,4,4,4,4,4,4,2,2,6,6,2,2,4,4,4,4,4,4,4,4,4,4,4,4,4,4,4,4,2,2,4,4,2,2,2,4,4,4,4,4,4,4,2,2,2,2,2,2,2,2,4,4,4,4,4,4,4,2,2,2,2,4,4,6,6,6,6,6,6,4,4,4,4,2,2,4,4,4,4,6,6,4,4,2,4,4,4,4,4,4,4,4,4,4,4,4,4,4,4,4,4,4,2,2,2,2,4,4,4,4,4,4,4,2,2,2,2,4,4,4,4,4,4,2,4,2,2,6,6,6,6,6,6,4,4,4,4,4,4,4,4,4,2,4,4,4,4,4,4,4,4,4,4,4,4,4,4,4,4,4,4,4,4,4,4,6,6,4,4,2,2,4,4,4,4,4,4,4,4,4,4,4,4,4,4,4,4,2,2,2,2,2,4,4,4,4,4,4,2,2,4,2,4,4,2,2,4,4,4,4,4,4,4,4,4,4,4,4,4,4,4,4,4,4,4,6,6,4,4,4,4,4,4,4,6,6,4,4,4,4,4,4,4,4,4,4,2,2,4,4,2,2,2,4,4,4,4,4,4,4,4,2,2,6,6,6,6,6,6,4,4,4,4,4,6,6,2,2,4,4,4,4,4,2,2,4,4,2,2,4,2,2,2,4,4,2,2,4,4,4,4,4,4,4,4,4,4,4,2,2,4,4,4,4,4,4,4,4,4,4,4,4,6,6,4,4,2,2,2,2,4,4,4,4,4,4,4,2,2,2,2,4,2,2,4,4,2,2,4,4,4,4,2,2,4,4,4,2,2,4,4,2,2,2,4,2,2,4,4,4,2,2,4,4,4,4,4,2,2,4,4,4,4,2,2,2,2,2,2,2,4,4,4,4,4,4,2,2,2,4,4,4,2,2,4,4,2,2,4,4,2,4,4,6,6,4,4,4,4,4,4,2,2,4,4,4,4,4,4,4,4,4,4,4,4,2,2,2,4,4,4,6,6,6,6,6,6,4,2,4,4,4,4,4,2,2,2,2,4,4,4,4,2,2,2,2,2,2,2,2,2,4,4,4,4,4,2,2,4,4,2,2,4,4,4,2,2,2,2,2,4,4,2,2,4,4,2,2,4,4,2,2,4,4,4,4,4,4,2,2,2,2,2,2,4,4,4,4,4,4,4,4,4,4,4,4,4,4,4,4,4,4,4,4,4,4,4,4,4,2,2,4,4,4,4,2,2,4,4,2,2,4,4,4,2,2,2,4,4,4,4,4,4,4,4,2,2,4,4,2,2,4,4,4,2,2,4,4,4,4,4,2,2,2,4,4,6,6,6,6,4,4,2,2,2,2,4,4,4,4,2,2,4,2,2,2,2,4,4,4,4,4,4,4,2,2,2,2,2,2,4,4,2,2,2,2,2,2,2,2,2,2,2,2,6,6,2,2,2,2,4,4,2,2,4,4,4,4,4,4,4,4,2,2,2,2,2,4,4,4,4,2,2,2,2,4,2,2,4,4,4,4,4,2,4,4,4,4,4,2,2,2,2,2,2,4,4,2,2,4,4,2,2,2,2,4,4,2,2,4,2,2,2,2,6,6,2,2,2,2,4,4,2,2,2,2,4,2,2,2,2,2,2,2,2,6,6,4,4,2,2,4,4,2,2,4,2,2,2,2,2,2,4,4,4,4,4,4,2,2,2,2,2,2,4,4,4,4,2,2,4,4,4,2,2,4,4,4,4,4,4,4,4,2,2,4,4,2,2,2,2,2,2,2,4,4,2,2,4,4,6,6,4,4,4,2,2,4,4,2,2,2,2,4,4,2,2,2,2,4,4,4,4,4,4,2,2,4,4,2,2,2,2,4,4,4,4,4,4,4,4,4,4,2,2,2,2,4,4,4,4,4,4,4,4,2,2,2,2,4,4,2,2,4,4,4,4,2,2,4,2,2,4,4,4,4,4,4,4,4,4,2,2,2,2,4,2,2,2,2,4,4,4,4,4,4,2,2,2,2,4,4,4,4,4,4,2,2,2,2,2,2,2,2,2,2,2,2,2,2,2,4,4,4,4,4,4,4,2,2,2,2,2,2,2,2,2,2,4,2,2,4,4,2,2,4,4,4,4,4,4,4,4,4,4,4,4,4,4,4,4,4,2,2,2,2,4,4,4,2,2,4,4,2,2,2,2,4,4,2,2,4,4,4,2,2,2,2,2,2,4,4,4,2,2,2,2,2,2,2,2,2,2,2,2,2,2,2,2,4,4,4,2,2,4,4,4,2,2,4,4,2,2,2,2,2,2,2,2,2,2,2,2,2,4,2,2,2,2,2,2,2,2,2,2,2,4,2,2,2,2,2,2,2,2,2,2,2,2,2,2,2,2,2,2,2,2,2,2,2,2,2,2,2,2,2,2,2,2,2,2,2,2,2,2,2,2,2,2,2,2,2,2,2,2,2,2,2,2,2,2,2,2,2,2,2,2,2,2,2,2,2,2,2,2,2,2,2,2,2,2,2,2,2,2,2,2,2,2,2,2,2,2,2,4,2,2]",1.0,1.0,1.0,1.0,1.0,0.0,0.0,0.0,0.0220970818059213,1.0,24.48641742107381,0.0009024220009785,1.0,0.0,0.0220970818059213,0.0,0.0,0.0,0.0001104854090296,100,0.01,1.0,753900,15876,103.26404916701722,0.2530182909977156,140.76667483299389,0.9999999941296812,5.87031889764944e-09,1.0000440112833051,1.174063779529888e-08,1.0000440112833051,1.7798625546276126,0.0001083542237077,1.0783596238184143e-12,1.0783596238184143e-12,1e-12,analysis/fermionic_structure_ablation_extension_hgbs5.csv,5.870060548751611e-09,1.0,1.0000440112833051
success,,NH3_s-1.00_hgbs-5_as-008-010,hamiltonian_generator/polyatomic_library/NH3/s-1.00/hgbs-5/NH3_s-1.00_hgbs-5_as-008-010.tensors.npz,NH3,s-1.00,hgbs-5,8,10,18,3899,7539,5642,0.7483751160631383,0,signed_parent_within_randomized,6,91120377,"reference signed-fermionic parent-block order kept fixed and contiguous, but Pauli descendants randomly permuted inside each parent-owned block",7a54a81e4deee136,5342a73d3c7aa2f0,"[1,1,1,1,1,1,1,1,1,1,1,1,1,1,1,1,1,1,1,1,1,1,1,1,1,1,1,1,1,1,1,1,1,1,1,1,1,1,1,1,1,1,1,1,1,1,2,2,2,2,1,1,1,1,1,1,1,1,1,1,1,1,1,1,1,1,1,1,1,1,4,4,1,1,1,1,1,1,1,1,1,1,1,1,1,1,1,1,4,1,1,1,1,1,1,1,1,1,1,1,1,1,1,1,1,1,1,1,1,1,1,1,1,1,1,1,1,1,1,1,1,1,1,1,1,1,1,1,1,1,1,1,1,1,1,1,1,1,1,1,1,1,1,2,2,1,1,1,1,1,1,1,1,1,1,1,1,1,1,1,1,1,1,1,1,1,1,1,1,1,1,1,1,1,4,1,1,1,1,1,1,2,2,2,4,4,4,4,2,2,2,2,2,2,2,2,2,2,2,2,2,2,2,2,2,2,2,2,2,2,2,2,2,2,2,2,2,2,2,2,4,4,2,4,2,4,2,2,2,2,2,2,2,2,2,2,2,2,2,2,2,2,2,2,2,4,4,2,4,2,2,2,2,2,2,2,4,4,4,4,4,4,4,4,2,2,2,2,2,2,4,2,4,2,4,2,2,2,2,2,2,2,2,4,4,2,4,4,4,4,4,4,4,4,2,2,6,6,4,4,4,4,2,4,2,2,2,4,2,2,2,2,2,4,4,4,2,2,2,2,2,4,4,4,4,2,2,2,2,4,4,2,2,4,4,4,4,4,2,2,4,4,4,4,4,2,2,2,2,2,2,4,4,4,4,2,2,4,4,6,6,2,2,4,4,2,2,2,2,2,2,4,4,4,4,4,4,4,2,2,4,4,4,4,4,4,2,2,2,2,4,4,4,4,4,4,4,4,4,4,4,4,4,2,2,2,2,2,4,4,4,4,4,4,4,2,2,4,4,4,2,2,4,4,4,4,2,2,2,2,2,2,2,4,4,4,6,6,6,6,4,4,2,2,2,2,4,4,4,4,4,2,2,4,4,4,4,4,4,2,2,4,4,4,4,4,4,4,2,2,2,2,4,4,4,4,2,2,4,4,4,2,2,2,6,6,4,4,6,6,6,6,4,4,4,4,4,4,4,4,4,4,4,2,2,2,2,2,4,4,2,2,2,2,4,4,2,2,4,6,6,4,4,2,2,2,2,4,4,4,4,2,2,2,2,2,2,2,2,2,2,2,2,2,2,4,4,4,4,4,4,4,4,6,6,4,4,4,4,4,4,4,4,4,4,4,4,4,6,6,4,4,4,4,4,4,4,4,4,4,4,4,4,4,2,2,2,2,6,6,6,6,4,4,2,2,2,2,6,6,6,6,6,6,6,6,6,6,4,4,4,4,4,4,4,4,4,4,4,4,4,4,4,4,4,4,4,2,2,4,4,4,6,6,6,6,2,2,6,6,2,2,4,4,2,2,2,2,6,6,4,4,4,4,4,4,4,4,4,4,4,4,4,4,4,4,4,4,4,4,4,4,6,6,6,6,6,6,4,4,4,4,4,4,4,4,4,4,6,6,4,4,2,2,4,4,6,6,6,6,4,4,4,4,4,4,2,2,2,2,2,2,6,6,6,6,4,4,4,4,2,2,4,4,2,2,4,4,4,4,2,2,2,2,4,4,4,4,6,6,2,2,2,2,2,4,2,2,6,6,2,2,4,4,4,4,4,4,4,4,2,2,2,2,2,2,4,4,2,2,4,4,4,4,6,6,6,6,4,4,2,2,2,4,4,4,4,2,2,4,4,4,4,4,4,4,4,2,2,2,2,4,4,4,4,4,2,2,2,2,2,2,4,4,4,4,6,6,4,4,4,4,4,4,4,4,2,2,4,4,4,4,4,4,2,2,2,2,2,2,4,4,4,4,4,4,4,4,4,4,4,6,6,2,2,6,6,4,4,4,4,4,4,4,4,2,2,4,4,4,4,4,4,4,4,2,2,4,4,2,2,2,2,2,2,2,2,2,2,4,4,4,4,4,2,2,2,2,2,2,4,4,4,4,4,4,2,2,4,4,4,4,4,4,4,4,4,4,4,2,2,6,6,2,2,2,2,4,4,4,4,2,2,4,4,2,2,4,4,4,4,4,4,4,4,6,6,6,6,4,4,4,2,4,4,4,4,4,4,4,4,4,4,4,2,2,4,6,6,6,6,6,6,4,4,2,2,2,4,4,6,6,4,4,4,4,2,2,4,4,4,4,4,4,4,4,2,2,4,4,4,4,4,4,4,4,4,4,2,2,4,4,4,4,4,4,2,2,2,2,4,4,2,2,2,2,2,2,4,4,4,4,4,4,4,4,4,4,4,4,4,4,4,4,4,2,2,2,2,4,4,4,4,4,4,4,4,4,4,4,2,2,6,6,4,4,4,4,4,4,4,4,4,4,4,4,4,4,4,4,4,4,4,2,2,4,2,2,2,4,4,4,4,4,4,4,4,4,4,4,4,4,6,6,2,2,4,4,4,4,4,4,4,4,4,4,4,2,2,2,2,4,4,2,4,4,4,4,4,4,4,4,4,2,2,4,4,4,4,4,4,4,2,2,2,2,4,4,4,4,4,4,4,4,4,4,4,2,2,4,4,2,2,4,4,4,6,6,4,4,4,4,4,4,4,4,4,4,4,4,6,6,6,6,2,2,2,2,4,4,4,4,4,4,4,4,4,4,4,4,4,4,4,4,4,4,4,4,4,4,4,4,4,4,2,2,6,6,4,4,2,2,4,4,4,4,2,2,4,4,4,4,4,4,4,4,4,4,4,4,4,4,4,4,4,4,4,4,2,2,6,6,2,2,4,4,4,4,4,4,4,4,4,4,4,4,4,4,4,4,2,2,4,4,2,2,2,4,4,4,4,4,4,4,2,2,2,2,2,2,2,2,4,4,4,4,4,4,4,2,2,2,2,4,4,6,6,6,6,6,6,4,4,4,4,2,2,4,4,4,4,6,6,4,4,2,4,4,4,4,4,4,4,4,4,4,4,4,4,4,4,4,4,4,2,2,2,2,4,4,4,4,4,4,4,2,2,2,2,4,4,4,4,4,4,2,4,2,2,6,6,6,6,6,6,4,4,4,4,4,4,4,4,4,2,4,4,4,4,4,4,4,4,4,4,4,4,4,4,4,4,4,4,4,4,4,4,6,6,4,4,2,2,4,4,4,4,4,4,4,4,4,4,4,4,4,4,4,4,2,2,2,2,2,4,4,4,4,4,4,2,2,4,2,4,4,2,2,4,4,4,4,4,4,4,4,4,4,4,4,4,4,4,4,4,4,4,6,6,4,4,4,4,4,4,4,6,6,4,4,4,4,4,4,4,4,4,4,2,2,4,4,2,2,2,4,4,4,4,4,4,4,4,2,2,6,6,6,6,6,6,4,4,4,4,4,6,6,2,2,4,4,4,4,4,2,2,4,4,2,2,4,2,2,2,4,4,2,2,4,4,4,4,4,4,4,4,4,4,4,2,2,4,4,4,4,4,4,4,4,4,4,4,4,6,6,4,4,2,2,2,2,4,4,4,4,4,4,4,2,2,2,2,4,2,2,4,4,2,2,4,4,4,4,2,2,4,4,4,2,2,4,4,2,2,2,4,2,2,4,4,4,2,2,4,4,4,4,4,2,2,4,4,4,4,2,2,2,2,2,2,2,4,4,4,4,4,4,2,2,2,4,4,4,2,2,4,4,2,2,4,4,2,4,4,6,6,4,4,4,4,4,4,2,2,4,4,4,4,4,4,4,4,4,4,4,4,2,2,2,4,4,4,6,6,6,6,6,6,4,2,4,4,4,4,4,2,2,2,2,4,4,4,4,2,2,2,2,2,2,2,2,2,4,4,4,4,4,2,2,4,4,2,2,4,4,4,2,2,2,2,2,4,4,2,2,4,4,2,2,4,4,2,2,4,4,4,4,4,4,2,2,2,2,2,2,4,4,4,4,4,4,4,4,4,4,4,4,4,4,4,4,4,4,4,4,4,4,4,4,4,2,2,4,4,4,4,2,2,4,4,2,2,4,4,4,2,2,2,4,4,4,4,4,4,4,4,2,2,4,4,2,2,4,4,4,2,2,4,4,4,4,4,2,2,2,4,4,6,6,6,6,4,4,2,2,2,2,4,4,4,4,2,2,4,2,2,2,2,4,4,4,4,4,4,4,2,2,2,2,2,2,4,4,2,2,2,2,2,2,2,2,2,2,2,2,6,6,2,2,2,2,4,4,2,2,4,4,4,4,4,4,4,4,2,2,2,2,2,4,4,4,4,2,2,2,2,4,2,2,4,4,4,4,4,2,4,4,4,4,4,2,2,2,2,2,2,4,4,2,2,4,4,2,2,2,2,4,4,2,2,4,2,2,2,2,6,6,2,2,2,2,4,4,2,2,2,2,4,2,2,2,2,2,2,2,2,6,6,4,4,2,2,4,4,2,2,4,2,2,2,2,2,2,4,4,4,4,4,4,2,2,2,2,2,2,4,4,4,4,2,2,4,4,4,2,2,4,4,4,4,4,4,4,4,2,2,4,4,2,2,2,2,2,2,2,4,4,2,2,4,4,6,6,4,4,4,2,2,4,4,2,2,2,2,4,4,2,2,2,2,4,4,4,4,4,4,2,2,4,4,2,2,2,2,4,4,4,4,4,4,4,4,4,4,2,2,2,2,4,4,4,4,4,4,4,4,2,2,2,2,4,4,2,2,4,4,4,4,2,2,4,2,2,4,4,4,4,4,4,4,4,4,2,2,2,2,4,2,2,2,2,4,4,4,4,4,4,2,2,2,2,4,4,4,4,4,4,2,2,2,2,2,2,2,2,2,2,2,2,2,2,2,4,4,4,4,4,4,4,2,2,2,2,2,2,2,2,2,2,4,2,2,4,4,2,2,4,4,4,4,4,4,4,4,4,4,4,4,4,4,4,4,4,2,2,2,2,4,4,4,2,2,4,4,2,2,2,2,4,4,2,2,4,4,4,2,2,2,2,2,2,4,4,4,2,2,2,2,2,2,2,2,2,2,2,2,2,2,2,2,4,4,4,2,2,4,4,4,2,2,4,4,2,2,2,2,2,2,2,2,2,2,2,2,2,4,2,2,2,2,2,2,2,2,2,2,2,4,2,2,2,2,2,2,2,2,2,2,2,2,2,2,2,2,2,2,2,2,2,2,2,2,2,2,2,2,2,2,2,2,2,2,2,2,2,2,2,2,2,2,2,2,2,2,2,2,2,2,2,2,2,2,2,2,2,2,2,2,2,2,2,2,2,2,2,2,2,2,2,2,2,2,2,2,2,2,2,2,2,2,2,2,2,2,2,4,2,2]",1.0,1.0,1.0,1.0,1.0,0.0,0.0,0.0,0.0220970818059213,1.0,24.48641742107381,0.0009024220009785,1.0,0.0,0.0220970818059213,0.0,0.0,0.0,0.0001104854090296,100,0.01,1.0,753900,15876,103.26404916701722,0.2530182909977156,141.12643954201485,0.9999999941296228,5.870377295380535e-09,1.0000539596868372,1.1740754590761073e-08,1.0000539596868372,1.779862554627582,0.0001083547626584,1.195599175218831e-12,1.195599175218831e-12,1e-12,analysis/fermionic_structure_ablation_extension_hgbs5.csv,5.870060548751611e-09,1.0,1.0000539596868367
success,,NH3_s-1.00_hgbs-5_as-008-010,hamiltonian_generator/polyatomic_library/NH3/s-1.00/hgbs-5/NH3_s-1.00_hgbs-5_as-008-010.tensors.npz,NH3,s-1.00,hgbs-5,8,10,18,3899,7539,5642,0.7483751160631383,0,signed_parent_within_randomized,7,2355326278,"reference signed-fermionic parent-block order kept fixed and contiguous, but Pauli descendants randomly permuted inside each parent-owned block",7a54a81e4deee136,3001726948653eab,"[1,1,1,1,1,1,1,1,1,1,1,1,1,1,1,1,1,1,1,1,1,1,1,1,1,1,1,1,1,1,1,1,1,1,1,1,1,1,1,1,1,1,1,1,1,1,2,2,2,2,1,1,1,1,1,1,1,1,1,1,1,1,1,1,1,1,1,1,1,1,4,4,1,1,1,1,1,1,1,1,1,1,1,1,1,1,1,1,4,1,1,1,1,1,1,1,1,1,1,1,1,1,1,1,1,1,1,1,1,1,1,1,1,1,1,1,1,1,1,1,1,1,1,1,1,1,1,1,1,1,1,1,1,1,1,1,1,1,1,1,1,1,1,2,2,1,1,1,1,1,1,1,1,1,1,1,1,1,1,1,1,1,1,1,1,1,1,1,1,1,1,1,1,1,4,1,1,1,1,1,1,2,2,2,4,4,4,4,2,2,2,2,2,2,2,2,2,2,2,2,2,2,2,2,2,2,2,2,2,2,2,2,2,2,2,2,2,2,2,2,4,4,2,4,2,4,2,2,2,2,2,2,2,2,2,2,2,2,2,2,2,2,2,2,2,4,4,2,4,2,2,2,2,2,2,2,4,4,4,4,4,4,4,4,2,2,2,2,2,2,4,2,4,2,4,2,2,2,2,2,2,2,2,4,4,2,4,4,4,4,4,4,4,4,2,2,6,6,4,4,4,4,2,4,2,2,2,4,2,2,2,2,2,4,4,4,2,2,2,2,2,4,4,4,4,2,2,2,2,4,4,2,2,4,4,4,4,4,2,2,4,4,4,4,4,2,2,2,2,2,2,4,4,4,4,2,2,4,4,6,6,2,2,4,4,2,2,2,2,2,2,4,4,4,4,4,4,4,2,2,4,4,4,4,4,4,2,2,2,2,4,4,4,4,4,4,4,4,4,4,4,4,4,2,2,2,2,2,4,4,4,4,4,4,4,2,2,4,4,4,2,2,4,4,4,4,2,2,2,2,2,2,2,4,4,4,6,6,6,6,4,4,2,2,2,2,4,4,4,4,4,2,2,4,4,4,4,4,4,2,2,4,4,4,4,4,4,4,2,2,2,2,4,4,4,4,2,2,4,4,4,2,2,2,6,6,4,4,6,6,6,6,4,4,4,4,4,4,4,4,4,4,4,2,2,2,2,2,4,4,2,2,2,2,4,4,2,2,4,6,6,4,4,2,2,2,2,4,4,4,4,2,2,2,2,2,2,2,2,2,2,2,2,2,2,4,4,4,4,4,4,4,4,6,6,4,4,4,4,4,4,4,4,4,4,4,4,4,6,6,4,4,4,4,4,4,4,4,4,4,4,4,4,4,2,2,2,2,6,6,6,6,4,4,2,2,2,2,6,6,6,6,6,6,6,6,6,6,4,4,4,4,4,4,4,4,4,4,4,4,4,4,4,4,4,4,4,2,2,4,4,4,6,6,6,6,2,2,6,6,2,2,4,4,2,2,2,2,6,6,4,4,4,4,4,4,4,4,4,4,4,4,4,4,4,4,4,4,4,4,4,4,6,6,6,6,6,6,4,4,4,4,4,4,4,4,4,4,6,6,4,4,2,2,4,4,6,6,6,6,4,4,4,4,4,4,2,2,2,2,2,2,6,6,6,6,4,4,4,4,2,2,4,4,2,2,4,4,4,4,2,2,2,2,4,4,4,4,6,6,2,2,2,2,2,4,2,2,6,6,2,2,4,4,4,4,4,4,4,4,2,2,2,2,2,2,4,4,2,2,4,4,4,4,6,6,6,6,4,4,2,2,2,4,4,4,4,2,2,4,4,4,4,4,4,4,4,2,2,2,2,4,4,4,4,4,2,2,2,2,2,2,4,4,4,4,6,6,4,4,4,4,4,4,4,4,2,2,4,4,4,4,4,4,2,2,2,2,2,2,4,4,4,4,4,4,4,4,4,4,4,6,6,2,2,6,6,4,4,4,4,4,4,4,4,2,2,4,4,4,4,4,4,4,4,2,2,4,4,2,2,2,2,2,2,2,2,2,2,4,4,4,4,4,2,2,2,2,2,2,4,4,4,4,4,4,2,2,4,4,4,4,4,4,4,4,4,4,4,2,2,6,6,2,2,2,2,4,4,4,4,2,2,4,4,2,2,4,4,4,4,4,4,4,4,6,6,6,6,4,4,4,2,4,4,4,4,4,4,4,4,4,4,4,2,2,4,6,6,6,6,6,6,4,4,2,2,2,4,4,6,6,4,4,4,4,2,2,4,4,4,4,4,4,4,4,2,2,4,4,4,4,4,4,4,4,4,4,2,2,4,4,4,4,4,4,2,2,2,2,4,4,2,2,2,2,2,2,4,4,4,4,4,4,4,4,4,4,4,4,4,4,4,4,4,2,2,2,2,4,4,4,4,4,4,4,4,4,4,4,2,2,6,6,4,4,4,4,4,4,4,4,4,4,4,4,4,4,4,4,4,4,4,2,2,4,2,2,2,4,4,4,4,4,4,4,4,4,4,4,4,4,6,6,2,2,4,4,4,4,4,4,4,4,4,4,4,2,2,2,2,4,4,2,4,4,4,4,4,4,4,4,4,2,2,4,4,4,4,4,4,4,2,2,2,2,4,4,4,4,4,4,4,4,4,4,4,2,2,4,4,2,2,4,4,4,6,6,4,4,4,4,4,4,4,4,4,4,4,4,6,6,6,6,2,2,2,2,4,4,4,4,4,4,4,4,4,4,4,4,4,4,4,4,4,4,4,4,4,4,4,4,4,4,2,2,6,6,4,4,2,2,4,4,4,4,2,2,4,4,4,4,4,4,4,4,4,4,4,4,4,4,4,4,4,4,4,4,2,2,6,6,2,2,4,4,4,4,4,4,4,4,4,4,4,4,4,4,4,4,2,2,4,4,2,2,2,4,4,4,4,4,4,4,2,2,2,2,2,2,2,2,4,4,4,4,4,4,4,2,2,2,2,4,4,6,6,6,6,6,6,4,4,4,4,2,2,4,4,4,4,6,6,4,4,2,4,4,4,4,4,4,4,4,4,4,4,4,4,4,4,4,4,4,2,2,2,2,4,4,4,4,4,4,4,2,2,2,2,4,4,4,4,4,4,2,4,2,2,6,6,6,6,6,6,4,4,4,4,4,4,4,4,4,2,4,4,4,4,4,4,4,4,4,4,4,4,4,4,4,4,4,4,4,4,4,4,6,6,4,4,2,2,4,4,4,4,4,4,4,4,4,4,4,4,4,4,4,4,2,2,2,2,2,4,4,4,4,4,4,2,2,4,2,4,4,2,2,4,4,4,4,4,4,4,4,4,4,4,4,4,4,4,4,4,4,4,6,6,4,4,4,4,4,4,4,6,6,4,4,4,4,4,4,4,4,4,4,2,2,4,4,2,2,2,4,4,4,4,4,4,4,4,2,2,6,6,6,6,6,6,4,4,4,4,4,6,6,2,2,4,4,4,4,4,2,2,4,4,2,2,4,2,2,2,4,4,2,2,4,4,4,4,4,4,4,4,4,4,4,2,2,4,4,4,4,4,4,4,4,4,4,4,4,6,6,4,4,2,2,2,2,4,4,4,4,4,4,4,2,2,2,2,4,2,2,4,4,2,2,4,4,4,4,2,2,4,4,4,2,2,4,4,2,2,2,4,2,2,4,4,4,2,2,4,4,4,4,4,2,2,4,4,4,4,2,2,2,2,2,2,2,4,4,4,4,4,4,2,2,2,4,4,4,2,2,4,4,2,2,4,4,2,4,4,6,6,4,4,4,4,4,4,2,2,4,4,4,4,4,4,4,4,4,4,4,4,2,2,2,4,4,4,6,6,6,6,6,6,4,2,4,4,4,4,4,2,2,2,2,4,4,4,4,2,2,2,2,2,2,2,2,2,4,4,4,4,4,2,2,4,4,2,2,4,4,4,2,2,2,2,2,4,4,2,2,4,4,2,2,4,4,2,2,4,4,4,4,4,4,2,2,2,2,2,2,4,4,4,4,4,4,4,4,4,4,4,4,4,4,4,4,4,4,4,4,4,4,4,4,4,2,2,4,4,4,4,2,2,4,4,2,2,4,4,4,2,2,2,4,4,4,4,4,4,4,4,2,2,4,4,2,2,4,4,4,2,2,4,4,4,4,4,2,2,2,4,4,6,6,6,6,4,4,2,2,2,2,4,4,4,4,2,2,4,2,2,2,2,4,4,4,4,4,4,4,2,2,2,2,2,2,4,4,2,2,2,2,2,2,2,2,2,2,2,2,6,6,2,2,2,2,4,4,2,2,4,4,4,4,4,4,4,4,2,2,2,2,2,4,4,4,4,2,2,2,2,4,2,2,4,4,4,4,4,2,4,4,4,4,4,2,2,2,2,2,2,4,4,2,2,4,4,2,2,2,2,4,4,2,2,4,2,2,2,2,6,6,2,2,2,2,4,4,2,2,2,2,4,2,2,2,2,2,2,2,2,6,6,4,4,2,2,4,4,2,2,4,2,2,2,2,2,2,4,4,4,4,4,4,2,2,2,2,2,2,4,4,4,4,2,2,4,4,4,2,2,4,4,4,4,4,4,4,4,2,2,4,4,2,2,2,2,2,2,2,4,4,2,2,4,4,6,6,4,4,4,2,2,4,4,2,2,2,2,4,4,2,2,2,2,4,4,4,4,4,4,2,2,4,4,2,2,2,2,4,4,4,4,4,4,4,4,4,4,2,2,2,2,4,4,4,4,4,4,4,4,2,2,2,2,4,4,2,2,4,4,4,4,2,2,4,2,2,4,4,4,4,4,4,4,4,4,2,2,2,2,4,2,2,2,2,4,4,4,4,4,4,2,2,2,2,4,4,4,4,4,4,2,2,2,2,2,2,2,2,2,2,2,2,2,2,2,4,4,4,4,4,4,4,2,2,2,2,2,2,2,2,2,2,4,2,2,4,4,2,2,4,4,4,4,4,4,4,4,4,4,4,4,4,4,4,4,4,2,2,2,2,4,4,4,2,2,4,4,2,2,2,2,4,4,2,2,4,4,4,2,2,2,2,2,2,4,4,4,2,2,2,2,2,2,2,2,2,2,2,2,2,2,2,2,4,4,4,2,2,4,4,4,2,2,4,4,2,2,2,2,2,2,2,2,2,2,2,2,2,4,2,2,2,2,2,2,2,2,2,2,2,4,2,2,2,2,2,2,2,2,2,2,2,2,2,2,2,2,2,2,2,2,2,2,2,2,2,2,2,2,2,2,2,2,2,2,2,2,2,2,2,2,2,2,2,2,2,2,2,2,2,2,2,2,2,2,2,2,2,2,2,2,2,2,2,2,2,2,2,2,2,2,2,2,2,2,2,2,2,2,2,2,2,2,2,2,2,2,2,4,2,2]",1.0,1.0,1.0,1.0,1.0,0.0,0.0,0.0,0.0220970818059213,1.0,24.48641742107381,0.0009024220009785,1.0,0.0,0.0220970818059213,0.0,0.0,0.0,0.0001104854090296,100,0.01,1.0,753900,15876,103.26404916701722,0.2530182909977156,141.05571525002597,0.9999999941296234,5.870376629246721e-09,1.0000538462069488,1.1740753258493442e-08,1.0000538462069488,1.779862554627586,0.0001083547565107,1.1942669075892809e-12,1.1942669075892809e-12,1e-12,analysis/fermionic_structure_ablation_extension_hgbs5.csv,5.870060548751611e-09,1.0,1.0000538462069488
success,,NH3_s-1.00_hgbs-5_as-008-010,hamiltonian_generator/polyatomic_library/NH3/s-1.00/hgbs-5/NH3_s-1.00_hgbs-5_as-008-010.tensors.npz,NH3,s-1.00,hgbs-5,8,10,18,3899,7539,5642,0.7483751160631383,0,signed_parent_within_randomized,8,2252697041,"reference signed-fermionic parent-block order kept fixed and contiguous, but Pauli descendants randomly permuted inside each parent-owned block",7a54a81e4deee136,e67d9c48caf463ab,"[1,1,1,1,1,1,1,1,1,1,1,1,1,1,1,1,1,1,1,1,1,1,1,1,1,1,1,1,1,1,1,1,1,1,1,1,1,1,1,1,1,1,1,1,1,1,2,2,2,2,1,1,1,1,1,1,1,1,1,1,1,1,1,1,1,1,1,1,1,1,4,4,1,1,1,1,1,1,1,1,1,1,1,1,1,1,1,1,4,1,1,1,1,1,1,1,1,1,1,1,1,1,1,1,1,1,1,1,1,1,1,1,1,1,1,1,1,1,1,1,1,1,1,1,1,1,1,1,1,1,1,1,1,1,1,1,1,1,1,1,1,1,1,2,2,1,1,1,1,1,1,1,1,1,1,1,1,1,1,1,1,1,1,1,1,1,1,1,1,1,1,1,1,1,4,1,1,1,1,1,1,2,2,2,4,4,4,4,2,2,2,2,2,2,2,2,2,2,2,2,2,2,2,2,2,2,2,2,2,2,2,2,2,2,2,2,2,2,2,2,4,4,2,4,2,4,2,2,2,2,2,2,2,2,2,2,2,2,2,2,2,2,2,2,2,4,4,2,4,2,2,2,2,2,2,2,4,4,4,4,4,4,4,4,2,2,2,2,2,2,4,2,4,2,4,2,2,2,2,2,2,2,2,4,4,2,4,4,4,4,4,4,4,4,2,2,6,6,4,4,4,4,2,4,2,2,2,4,2,2,2,2,2,4,4,4,2,2,2,2,2,4,4,4,4,2,2,2,2,4,4,2,2,4,4,4,4,4,2,2,4,4,4,4,4,2,2,2,2,2,2,4,4,4,4,2,2,4,4,6,6,2,2,4,4,2,2,2,2,2,2,4,4,4,4,4,4,4,2,2,4,4,4,4,4,4,2,2,2,2,4,4,4,4,4,4,4,4,4,4,4,4,4,2,2,2,2,2,4,4,4,4,4,4,4,2,2,4,4,4,2,2,4,4,4,4,2,2,2,2,2,2,2,4,4,4,6,6,6,6,4,4,2,2,2,2,4,4,4,4,4,2,2,4,4,4,4,4,4,2,2,4,4,4,4,4,4,4,2,2,2,2,4,4,4,4,2,2,4,4,4,2,2,2,6,6,4,4,6,6,6,6,4,4,4,4,4,4,4,4,4,4,4,2,2,2,2,2,4,4,2,2,2,2,4,4,2,2,4,6,6,4,4,2,2,2,2,4,4,4,4,2,2,2,2,2,2,2,2,2,2,2,2,2,2,4,4,4,4,4,4,4,4,6,6,4,4,4,4,4,4,4,4,4,4,4,4,4,6,6,4,4,4,4,4,4,4,4,4,4,4,4,4,4,2,2,2,2,6,6,6,6,4,4,2,2,2,2,6,6,6,6,6,6,6,6,6,6,4,4,4,4,4,4,4,4,4,4,4,4,4,4,4,4,4,4,4,2,2,4,4,4,6,6,6,6,2,2,6,6,2,2,4,4,2,2,2,2,6,6,4,4,4,4,4,4,4,4,4,4,4,4,4,4,4,4,4,4,4,4,4,4,6,6,6,6,6,6,4,4,4,4,4,4,4,4,4,4,6,6,4,4,2,2,4,4,6,6,6,6,4,4,4,4,4,4,2,2,2,2,2,2,6,6,6,6,4,4,4,4,2,2,4,4,2,2,4,4,4,4,2,2,2,2,4,4,4,4,6,6,2,2,2,2,2,4,2,2,6,6,2,2,4,4,4,4,4,4,4,4,2,2,2,2,2,2,4,4,2,2,4,4,4,4,6,6,6,6,4,4,2,2,2,4,4,4,4,2,2,4,4,4,4,4,4,4,4,2,2,2,2,4,4,4,4,4,2,2,2,2,2,2,4,4,4,4,6,6,4,4,4,4,4,4,4,4,2,2,4,4,4,4,4,4,2,2,2,2,2,2,4,4,4,4,4,4,4,4,4,4,4,6,6,2,2,6,6,4,4,4,4,4,4,4,4,2,2,4,4,4,4,4,4,4,4,2,2,4,4,2,2,2,2,2,2,2,2,2,2,4,4,4,4,4,2,2,2,2,2,2,4,4,4,4,4,4,2,2,4,4,4,4,4,4,4,4,4,4,4,2,2,6,6,2,2,2,2,4,4,4,4,2,2,4,4,2,2,4,4,4,4,4,4,4,4,6,6,6,6,4,4,4,2,4,4,4,4,4,4,4,4,4,4,4,2,2,4,6,6,6,6,6,6,4,4,2,2,2,4,4,6,6,4,4,4,4,2,2,4,4,4,4,4,4,4,4,2,2,4,4,4,4,4,4,4,4,4,4,2,2,4,4,4,4,4,4,2,2,2,2,4,4,2,2,2,2,2,2,4,4,4,4,4,4,4,4,4,4,4,4,4,4,4,4,4,2,2,2,2,4,4,4,4,4,4,4,4,4,4,4,2,2,6,6,4,4,4,4,4,4,4,4,4,4,4,4,4,4,4,4,4,4,4,2,2,4,2,2,2,4,4,4,4,4,4,4,4,4,4,4,4,4,6,6,2,2,4,4,4,4,4,4,4,4,4,4,4,2,2,2,2,4,4,2,4,4,4,4,4,4,4,4,4,2,2,4,4,4,4,4,4,4,2,2,2,2,4,4,4,4,4,4,4,4,4,4,4,2,2,4,4,2,2,4,4,4,6,6,4,4,4,4,4,4,4,4,4,4,4,4,6,6,6,6,2,2,2,2,4,4,4,4,4,4,4,4,4,4,4,4,4,4,4,4,4,4,4,4,4,4,4,4,4,4,2,2,6,6,4,4,2,2,4,4,4,4,2,2,4,4,4,4,4,4,4,4,4,4,4,4,4,4,4,4,4,4,4,4,2,2,6,6,2,2,4,4,4,4,4,4,4,4,4,4,4,4,4,4,4,4,2,2,4,4,2,2,2,4,4,4,4,4,4,4,2,2,2,2,2,2,2,2,4,4,4,4,4,4,4,2,2,2,2,4,4,6,6,6,6,6,6,4,4,4,4,2,2,4,4,4,4,6,6,4,4,2,4,4,4,4,4,4,4,4,4,4,4,4,4,4,4,4,4,4,2,2,2,2,4,4,4,4,4,4,4,2,2,2,2,4,4,4,4,4,4,2,4,2,2,6,6,6,6,6,6,4,4,4,4,4,4,4,4,4,2,4,4,4,4,4,4,4,4,4,4,4,4,4,4,4,4,4,4,4,4,4,4,6,6,4,4,2,2,4,4,4,4,4,4,4,4,4,4,4,4,4,4,4,4,2,2,2,2,2,4,4,4,4,4,4,2,2,4,2,4,4,2,2,4,4,4,4,4,4,4,4,4,4,4,4,4,4,4,4,4,4,4,6,6,4,4,4,4,4,4,4,6,6,4,4,4,4,4,4,4,4,4,4,2,2,4,4,2,2,2,4,4,4,4,4,4,4,4,2,2,6,6,6,6,6,6,4,4,4,4,4,6,6,2,2,4,4,4,4,4,2,2,4,4,2,2,4,2,2,2,4,4,2,2,4,4,4,4,4,4,4,4,4,4,4,2,2,4,4,4,4,4,4,4,4,4,4,4,4,6,6,4,4,2,2,2,2,4,4,4,4,4,4,4,2,2,2,2,4,2,2,4,4,2,2,4,4,4,4,2,2,4,4,4,2,2,4,4,2,2,2,4,2,2,4,4,4,2,2,4,4,4,4,4,2,2,4,4,4,4,2,2,2,2,2,2,2,4,4,4,4,4,4,2,2,2,4,4,4,2,2,4,4,2,2,4,4,2,4,4,6,6,4,4,4,4,4,4,2,2,4,4,4,4,4,4,4,4,4,4,4,4,2,2,2,4,4,4,6,6,6,6,6,6,4,2,4,4,4,4,4,2,2,2,2,4,4,4,4,2,2,2,2,2,2,2,2,2,4,4,4,4,4,2,2,4,4,2,2,4,4,4,2,2,2,2,2,4,4,2,2,4,4,2,2,4,4,2,2,4,4,4,4,4,4,2,2,2,2,2,2,4,4,4,4,4,4,4,4,4,4,4,4,4,4,4,4,4,4,4,4,4,4,4,4,4,2,2,4,4,4,4,2,2,4,4,2,2,4,4,4,2,2,2,4,4,4,4,4,4,4,4,2,2,4,4,2,2,4,4,4,2,2,4,4,4,4,4,2,2,2,4,4,6,6,6,6,4,4,2,2,2,2,4,4,4,4,2,2,4,2,2,2,2,4,4,4,4,4,4,4,2,2,2,2,2,2,4,4,2,2,2,2,2,2,2,2,2,2,2,2,6,6,2,2,2,2,4,4,2,2,4,4,4,4,4,4,4,4,2,2,2,2,2,4,4,4,4,2,2,2,2,4,2,2,4,4,4,4,4,2,4,4,4,4,4,2,2,2,2,2,2,4,4,2,2,4,4,2,2,2,2,4,4,2,2,4,2,2,2,2,6,6,2,2,2,2,4,4,2,2,2,2,4,2,2,2,2,2,2,2,2,6,6,4,4,2,2,4,4,2,2,4,2,2,2,2,2,2,4,4,4,4,4,4,2,2,2,2,2,2,4,4,4,4,2,2,4,4,4,2,2,4,4,4,4,4,4,4,4,2,2,4,4,2,2,2,2,2,2,2,4,4,2,2,4,4,6,6,4,4,4,2,2,4,4,2,2,2,2,4,4,2,2,2,2,4,4,4,4,4,4,2,2,4,4,2,2,2,2,4,4,4,4,4,4,4,4,4,4,2,2,2,2,4,4,4,4,4,4,4,4,2,2,2,2,4,4,2,2,4,4,4,4,2,2,4,2,2,4,4,4,4,4,4,4,4,4,2,2,2,2,4,2,2,2,2,4,4,4,4,4,4,2,2,2,2,4,4,4,4,4,4,2,2,2,2,2,2,2,2,2,2,2,2,2,2,2,4,4,4,4,4,4,4,2,2,2,2,2,2,2,2,2,2,4,2,2,4,4,2,2,4,4,4,4,4,4,4,4,4,4,4,4,4,4,4,4,4,2,2,2,2,4,4,4,2,2,4,4,2,2,2,2,4,4,2,2,4,4,4,2,2,2,2,2,2,4,4,4,2,2,2,2,2,2,2,2,2,2,2,2,2,2,2,2,4,4,4,2,2,4,4,4,2,2,4,4,2,2,2,2,2,2,2,2,2,2,2,2,2,4,2,2,2,2,2,2,2,2,2,2,2,4,2,2,2,2,2,2,2,2,2,2,2,2,2,2,2,2,2,2,2,2,2,2,2,2,2,2,2,2,2,2,2,2,2,2,2,2,2,2,2,2,2,2,2,2,2,2,2,2,2,2,2,2,2,2,2,2,2,2,2,2,2,2,2,2,2,2,2,2,2,2,2,2,2,2,2,2,2,2,2,2,2,2,2,2,2,2,2,4,2,2]",1.0,1.0,1.0,1.0,1.0,0.0,0.0,0.0,0.0220970818059213,1.0,24.48641742107381,0.0009024220009785,1.0,0.0,0.0220970818059213,0.0,0.0,0.0,0.0001104854090296,100,0.01,1.0,753900,15876,103.26404916701722,0.2530182909977156,141.0100979169947,0.999999994129643,5.870356978299185e-09,1.0000504985502472,1.1740713956598371e-08,1.0000504985502472,1.779862554627594,0.000108354575153,1.1547429679126253e-12,1.1547429679126253e-12,1e-12,analysis/fermionic_structure_ablation_extension_hgbs5.csv,5.870060548751611e-09,1.0,1.000050498550247
success,,NH3_s-1.00_hgbs-5_as-008-010,hamiltonian_generator/polyatomic_library/NH3/s-1.00/hgbs-5/NH3_s-1.00_hgbs-5_as-008-010.tensors.npz,NH3,s-1.00,hgbs-5,8,10,18,3899,7539,5642,0.7483751160631383,0,signed_parent_within_randomized,9,2150073157,"reference signed-fermionic parent-block order kept fixed and contiguous, but Pauli descendants randomly permuted inside each parent-owned block",7a54a81e4deee136,04c0dd105420fe2a,"[1,1,1,1,1,1,1,1,1,1,1,1,1,1,1,1,1,1,1,1,1,1,1,1,1,1,1,1,1,1,1,1,1,1,1,1,1,1,1,1,1,1,1,1,1,1,2,2,2,2,1,1,1,1,1,1,1,1,1,1,1,1,1,1,1,1,1,1,1,1,4,4,1,1,1,1,1,1,1,1,1,1,1,1,1,1,1,1,4,1,1,1,1,1,1,1,1,1,1,1,1,1,1,1,1,1,1,1,1,1,1,1,1,1,1,1,1,1,1,1,1,1,1,1,1,1,1,1,1,1,1,1,1,1,1,1,1,1,1,1,1,1,1,2,2,1,1,1,1,1,1,1,1,1,1,1,1,1,1,1,1,1,1,1,1,1,1,1,1,1,1,1,1,1,4,1,1,1,1,1,1,2,2,2,4,4,4,4,2,2,2,2,2,2,2,2,2,2,2,2,2,2,2,2,2,2,2,2,2,2,2,2,2,2,2,2,2,2,2,2,4,4,2,4,2,4,2,2,2,2,2,2,2,2,2,2,2,2,2,2,2,2,2,2,2,4,4,2,4,2,2,2,2,2,2,2,4,4,4,4,4,4,4,4,2,2,2,2,2,2,4,2,4,2,4,2,2,2,2,2,2,2,2,4,4,2,4,4,4,4,4,4,4,4,2,2,6,6,4,4,4,4,2,4,2,2,2,4,2,2,2,2,2,4,4,4,2,2,2,2,2,4,4,4,4,2,2,2,2,4,4,2,2,4,4,4,4,4,2,2,4,4,4,4,4,2,2,2,2,2,2,4,4,4,4,2,2,4,4,6,6,2,2,4,4,2,2,2,2,2,2,4,4,4,4,4,4,4,2,2,4,4,4,4,4,4,2,2,2,2,4,4,4,4,4,4,4,4,4,4,4,4,4,2,2,2,2,2,4,4,4,4,4,4,4,2,2,4,4,4,2,2,4,4,4,4,2,2,2,2,2,2,2,4,4,4,6,6,6,6,4,4,2,2,2,2,4,4,4,4,4,2,2,4,4,4,4,4,4,2,2,4,4,4,4,4,4,4,2,2,2,2,4,4,4,4,2,2,4,4,4,2,2,2,6,6,4,4,6,6,6,6,4,4,4,4,4,4,4,4,4,4,4,2,2,2,2,2,4,4,2,2,2,2,4,4,2,2,4,6,6,4,4,2,2,2,2,4,4,4,4,2,2,2,2,2,2,2,2,2,2,2,2,2,2,4,4,4,4,4,4,4,4,6,6,4,4,4,4,4,4,4,4,4,4,4,4,4,6,6,4,4,4,4,4,4,4,4,4,4,4,4,4,4,2,2,2,2,6,6,6,6,4,4,2,2,2,2,6,6,6,6,6,6,6,6,6,6,4,4,4,4,4,4,4,4,4,4,4,4,4,4,4,4,4,4,4,2,2,4,4,4,6,6,6,6,2,2,6,6,2,2,4,4,2,2,2,2,6,6,4,4,4,4,4,4,4,4,4,4,4,4,4,4,4,4,4,4,4,4,4,4,6,6,6,6,6,6,4,4,4,4,4,4,4,4,4,4,6,6,4,4,2,2,4,4,6,6,6,6,4,4,4,4,4,4,2,2,2,2,2,2,6,6,6,6,4,4,4,4,2,2,4,4,2,2,4,4,4,4,2,2,2,2,4,4,4,4,6,6,2,2,2,2,2,4,2,2,6,6,2,2,4,4,4,4,4,4,4,4,2,2,2,2,2,2,4,4,2,2,4,4,4,4,6,6,6,6,4,4,2,2,2,4,4,4,4,2,2,4,4,4,4,4,4,4,4,2,2,2,2,4,4,4,4,4,2,2,2,2,2,2,4,4,4,4,6,6,4,4,4,4,4,4,4,4,2,2,4,4,4,4,4,4,2,2,2,2,2,2,4,4,4,4,4,4,4,4,4,4,4,6,6,2,2,6,6,4,4,4,4,4,4,4,4,2,2,4,4,4,4,4,4,4,4,2,2,4,4,2,2,2,2,2,2,2,2,2,2,4,4,4,4,4,2,2,2,2,2,2,4,4,4,4,4,4,2,2,4,4,4,4,4,4,4,4,4,4,4,2,2,6,6,2,2,2,2,4,4,4,4,2,2,4,4,2,2,4,4,4,4,4,4,4,4,6,6,6,6,4,4,4,2,4,4,4,4,4,4,4,4,4,4,4,2,2,4,6,6,6,6,6,6,4,4,2,2,2,4,4,6,6,4,4,4,4,2,2,4,4,4,4,4,4,4,4,2,2,4,4,4,4,4,4,4,4,4,4,2,2,4,4,4,4,4,4,2,2,2,2,4,4,2,2,2,2,2,2,4,4,4,4,4,4,4,4,4,4,4,4,4,4,4,4,4,2,2,2,2,4,4,4,4,4,4,4,4,4,4,4,2,2,6,6,4,4,4,4,4,4,4,4,4,4,4,4,4,4,4,4,4,4,4,2,2,4,2,2,2,4,4,4,4,4,4,4,4,4,4,4,4,4,6,6,2,2,4,4,4,4,4,4,4,4,4,4,4,2,2,2,2,4,4,2,4,4,4,4,4,4,4,4,4,2,2,4,4,4,4,4,4,4,2,2,2,2,4,4,4,4,4,4,4,4,4,4,4,2,2,4,4,2,2,4,4,4,6,6,4,4,4,4,4,4,4,4,4,4,4,4,6,6,6,6,2,2,2,2,4,4,4,4,4,4,4,4,4,4,4,4,4,4,4,4,4,4,4,4,4,4,4,4,4,4,2,2,6,6,4,4,2,2,4,4,4,4,2,2,4,4,4,4,4,4,4,4,4,4,4,4,4,4,4,4,4,4,4,4,2,2,6,6,2,2,4,4,4,4,4,4,4,4,4,4,4,4,4,4,4,4,2,2,4,4,2,2,2,4,4,4,4,4,4,4,2,2,2,2,2,2,2,2,4,4,4,4,4,4,4,2,2,2,2,4,4,6,6,6,6,6,6,4,4,4,4,2,2,4,4,4,4,6,6,4,4,2,4,4,4,4,4,4,4,4,4,4,4,4,4,4,4,4,4,4,2,2,2,2,4,4,4,4,4,4,4,2,2,2,2,4,4,4,4,4,4,2,4,2,2,6,6,6,6,6,6,4,4,4,4,4,4,4,4,4,2,4,4,4,4,4,4,4,4,4,4,4,4,4,4,4,4,4,4,4,4,4,4,6,6,4,4,2,2,4,4,4,4,4,4,4,4,4,4,4,4,4,4,4,4,2,2,2,2,2,4,4,4,4,4,4,2,2,4,2,4,4,2,2,4,4,4,4,4,4,4,4,4,4,4,4,4,4,4,4,4,4,4,6,6,4,4,4,4,4,4,4,6,6,4,4,4,4,4,4,4,4,4,4,2,2,4,4,2,2,2,4,4,4,4,4,4,4,4,2,2,6,6,6,6,6,6,4,4,4,4,4,6,6,2,2,4,4,4,4,4,2,2,4,4,2,2,4,2,2,2,4,4,2,2,4,4,4,4,4,4,4,4,4,4,4,2,2,4,4,4,4,4,4,4,4,4,4,4,4,6,6,4,4,2,2,2,2,4,4,4,4,4,4,4,2,2,2,2,4,2,2,4,4,2,2,4,4,4,4,2,2,4,4,4,2,2,4,4,2,2,2,4,2,2,4,4,4,2,2,4,4,4,4,4,2,2,4,4,4,4,2,2,2,2,2,2,2,4,4,4,4,4,4,2,2,2,4,4,4,2,2,4,4,2,2,4,4,2,4,4,6,6,4,4,4,4,4,4,2,2,4,4,4,4,4,4,4,4,4,4,4,4,2,2,2,4,4,4,6,6,6,6,6,6,4,2,4,4,4,4,4,2,2,2,2,4,4,4,4,2,2,2,2,2,2,2,2,2,4,4,4,4,4,2,2,4,4,2,2,4,4,4,2,2,2,2,2,4,4,2,2,4,4,2,2,4,4,2,2,4,4,4,4,4,4,2,2,2,2,2,2,4,4,4,4,4,4,4,4,4,4,4,4,4,4,4,4,4,4,4,4,4,4,4,4,4,2,2,4,4,4,4,2,2,4,4,2,2,4,4,4,2,2,2,4,4,4,4,4,4,4,4,2,2,4,4,2,2,4,4,4,2,2,4,4,4,4,4,2,2,2,4,4,6,6,6,6,4,4,2,2,2,2,4,4,4,4,2,2,4,2,2,2,2,4,4,4,4,4,4,4,2,2,2,2,2,2,4,4,2,2,2,2,2,2,2,2,2,2,2,2,6,6,2,2,2,2,4,4,2,2,4,4,4,4,4,4,4,4,2,2,2,2,2,4,4,4,4,2,2,2,2,4,2,2,4,4,4,4,4,2,4,4,4,4,4,2,2,2,2,2,2,4,4,2,2,4,4,2,2,2,2,4,4,2,2,4,2,2,2,2,6,6,2,2,2,2,4,4,2,2,2,2,4,2,2,2,2,2,2,2,2,6,6,4,4,2,2,4,4,2,2,4,2,2,2,2,2,2,4,4,4,4,4,4,2,2,2,2,2,2,4,4,4,4,2,2,4,4,4,2,2,4,4,4,4,4,4,4,4,2,2,4,4,2,2,2,2,2,2,2,4,4,2,2,4,4,6,6,4,4,4,2,2,4,4,2,2,2,2,4,4,2,2,2,2,4,4,4,4,4,4,2,2,4,4,2,2,2,2,4,4,4,4,4,4,4,4,4,4,2,2,2,2,4,4,4,4,4,4,4,4,2,2,2,2,4,4,2,2,4,4,4,4,2,2,4,2,2,4,4,4,4,4,4,4,4,4,2,2,2,2,4,2,2,2,2,4,4,4,4,4,4,2,2,2,2,4,4,4,4,4,4,2,2,2,2,2,2,2,2,2,2,2,2,2,2,2,4,4,4,4,4,4,4,2,2,2,2,2,2,2,2,2,2,4,2,2,4,4,2,2,4,4,4,4,4,4,4,4,4,4,4,4,4,4,4,4,4,2,2,2,2,4,4,4,2,2,4,4,2,2,2,2,4,4,2,2,4,4,4,2,2,2,2,2,2,4,4,4,2,2,2,2,2,2,2,2,2,2,2,2,2,2,2,2,4,4,4,2,2,4,4,4,2,2,4,4,2,2,2,2,2,2,2,2,2,2,2,2,2,4,2,2,2,2,2,2,2,2,2,2,2,4,2,2,2,2,2,2,2,2,2,2,2,2,2,2,2,2,2,2,2,2,2,2,2,2,2,2,2,2,2,2,2,2,2,2,2,2,2,2,2,2,2,2,2,2,2,2,2,2,2,2,2,2,2,2,2,2,2,2,2,2,2,2,2,2,2,2,2,2,2,2,2,2,2,2,2,2,2,2,2,2,2,2,2,2,2,2,2,4,2,2]",1.0,1.0,1.0,1.0,1.0,0.0,0.0,0.0,0.0220970818059213,1.0,24.48641742107381,0.0009024220009785,1.0,0.0,0.0220970818059213,0.0,0.0,0.0,0.0001104854090296,100,0.01,1.0,753900,15876,103.26404916701722,0.2530182909977156,141.38494349998655,0.9999999941296176,5.870382513428751e-09,1.000054848612628,1.1740765026857504e-08,1.000054848612628,1.779862554627586,0.0001083548108154,1.2060352716503075e-12,1.2060352716503075e-12,1e-12,analysis/fermionic_structure_ablation_extension_hgbs5.csv,5.870060548751611e-09,1.0,1.000054848612628
success,,O-O_1.26_hgbs-5_as-008-010,hamiltonian_generator/o2_active_space_library/O-O/1.26/hgbs-5/O-O_1.26_hgbs-5_as-008-010.tensors.npz,O-O,1.26,hgbs-5,8,10,18,1293,2427,1770,0.7292954264524104,0,fermionic_magnitude_reference,-1,-1,complete Hermitian fermionic terms ordered by decreasing absolute canonical coefficient magnitude; final combined JW Pauli order induced by first occurrence,744c40895a9547f2,95f26f10dd2bfae3,"[1,1,1,1,1,1,1,1,1,1,1,1,1,1,1,1,1,1,1,1,1,1,1,1,1,1,1,1,1,1,1,1,1,1,1,1,1,1,1,1,1,1,1,1,1,1,1,1,1,1,1,1,1,1,1,1,1,1,1,1,1,1,1,4,4,6,6,4,4,1,1,1,1,1,1,1,1,1,1,1,1,1,1,1,1,1,1,1,1,1,1,1,1,1,1,1,1,1,1,1,1,1,1,1,1,1,1,1,1,4,4,4,4,4,4,1,1,1,1,1,1,1,1,1,1,1,1,1,1,1,1,1,1,1,1,1,1,1,1,1,1,1,1,1,1,1,1,1,1,1,1,1,1,1,1,1,1,1,1,1,1,1,1,1,1,1,1,1,1,4,4,4,4,4,4,1,1,1,1,1,1,1,1,1,1,1,1,1,1,4,4,4,4,4,4,4,2,2,4,2,2,2,2,4,4,4,4,4,4,2,2,2,2,2,2,2,2,2,2,4,4,4,2,2,2,2,2,2,2,2,4,4,4,4,2,2,4,4,2,2,4,4,4,2,2,6,6,4,4,6,6,2,2,4,4,2,2,6,6,4,4,4,4,4,4,6,6,6,6,4,4,4,4,4,4,6,6,4,4,4,4,4,4,4,4,4,4,6,6,4,4,6,6,4,4,4,4,4,4,4,4,4,4,4,4,4,2,4,4,4,6,6,2,2,2,2,4,4,6,6,4,4,4,4,4,4,4,4,6,6,6,6,4,4,4,4,4,4,4,6,6,6,6,2,2,2,2,4,4,4,4,4,2,2,2,2,4,4,4,4,6,6,4,4,4,4,2,2,6,6,4,4,4,4,4,4,4,4,2,2,2,2,2,2,2,2,4,4,4,4,2,4,6,6,4,4,4,4,6,6,4,4,4,4,4,4,4,4,4,2,2,2,2,2,2,4,4,4,4,4,4,2,2,6,6,6,6,4,4,4,4,4,4,4,4,4,4,4,4,4,4,4,4,4,4,4,4,2,2,4,4,4,4,4,4,6,6,4,4,4,4,2,2,2,2,4,4,2,2,2,2,4,4,4,4,4,4,2,2,6,6,4,4,2,2,4,4,4,4,4,6,6,2,2,4,4,2,2,2,2,2,2,4,4,4,4,4,4,4,4,4,4,4,4,4,4,2,2,4,4,2,2,4,4,4,2,2,2,2,4,4,4,4,2,2,4,4,2,2,4,4,4,2,2,2,2,4,4,4,4,2,4,6,6,4,4,4,4,4,4,4,4,4,4,4,4,4,6,6,4,4,4,4,4,2,2,4,4,6,6,4,4,4,4,2,4,4,4,4,4,4,4,4,2,2,2,2,2,2,2,4,4,4,4,6,6,2,2,4,4,4,4,4,2,2,4,4,4,4,2,2,2,6,6,2,2,2,2,2,2,4,4,4,2,2,4,4,4,4,4,2,2,4,4,4,4,4,4,2,2,2,2,4,4,4,4,6,6,4,4,2,2,4,4,2,2,2,2,4,4,4,4,4,4,4,4,4,4,2,2,4,4,4,4,2,2,2,2,4,4,2,2,2,2,2,2,2,2,2,2,2,2,4,2,2,2,2,4,4,4,2,2,4,4,2,2,2,2,4,4,4,4,2,2,4,4,4,2,4,4,2,2,4,4,4,4,4,4,6,6,4,4,2,2,4,4,4,4,4,2,2,4,4,2,2,4,4,2,2,2,2,2,2,2,2,2,2,2,2,2,2,4,4,2,2,2,2,2,2,2,2,2,2,2,2,4,4,2,2,4,2,2,2,2,2,2,2,2,2,2,2,2,2,2,2,2,2,2,2,2,2,4,4,2,2,2,2,2,2,2,2,4,4]",1.0267314702308628,3.0,0.9781287970838396,2.0176184690157957,2.3786567779151215,0.2801182811412067,0.0136160568074067,0.0136160568074067,0.1304733382329275,0.9962843439594642,39.322823940176534,0.0033180052997064,0.9962843439594642,0.0,0.1304733382329275,0.0,0.0,0.0,0.0006523666911646,100,0.01,1.0,242700,15876,27.202137832995504,0.0743827920232433,43.64857112499885,0.9999998038975558,1.961024441721193e-07,0.9957369260465438,3.9220484993052196e-07,0.9957369264727772,1.921598358431269,0.0006262626352771,0.0,0.0,1e-12,analysis/fermionic_structure_ablation_extension_hgbs5.csv,1.969420225789165e-07,0.99258249401874,0.9957369260465436
success,,O-O_1.26_hgbs-5_as-008-010,hamiltonian_generator/o2_active_space_library/O-O/1.26/hgbs-5/O-O_1.26_hgbs-5_as-008-010.tensors.npz,O-O,1.26,hgbs-5,8,10,18,1293,2427,1770,0.7292954264524104,0,fermionic_signed_reference,-1,-1,complete Hermitian fermionic terms ordered by increasing signed canonical coefficient; final combined JW Pauli order induced by first occurrence,7acf7fdf7d0a1a9e,7efc866c08a6baf1,"[1,1,1,1,1,1,1,1,1,1,1,1,1,1,1,1,1,1,1,1,1,1,1,1,1,1,1,1,1,1,1,1,1,1,1,1,1,1,1,1,1,1,1,1,1,1,1,1,1,1,1,1,1,1,1,1,1,1,1,1,1,1,1,4,4,6,6,4,4,1,1,1,1,1,1,1,1,1,1,1,1,1,1,1,1,1,1,1,1,1,1,1,1,1,1,1,1,1,1,1,1,1,1,1,1,1,1,1,1,4,4,4,4,4,4,1,1,1,1,1,1,1,1,1,1,1,1,1,1,1,1,1,1,1,1,1,1,1,1,1,1,1,1,1,1,1,1,1,1,1,1,1,1,1,1,1,1,1,1,1,1,1,1,1,1,1,1,1,1,4,4,4,4,4,4,1,1,1,1,1,1,1,1,1,1,1,1,1,1,4,4,4,4,4,4,4,2,2,4,2,2,2,2,4,4,4,4,4,4,2,2,2,2,2,2,2,2,2,2,4,4,4,2,2,2,2,2,2,2,2,4,4,4,4,2,2,4,4,2,2,4,4,4,2,2,6,6,4,4,6,6,2,2,4,4,2,2,6,6,4,4,4,4,4,4,6,6,6,6,4,4,4,4,4,4,6,6,4,4,4,4,4,4,4,4,4,4,6,6,4,4,6,6,4,4,4,4,4,4,4,4,4,4,4,4,4,2,4,4,4,6,6,2,2,2,2,4,4,6,6,4,4,4,4,4,4,4,4,6,6,6,6,4,4,4,4,4,4,4,6,6,6,6,2,2,2,2,4,4,4,4,4,2,2,2,2,4,4,4,4,6,6,4,4,4,4,2,2,6,6,4,4,4,4,4,4,4,4,2,2,2,2,2,2,2,2,4,4,4,4,2,4,6,6,4,4,4,4,6,6,4,4,4,4,4,4,4,4,4,2,2,2,2,2,2,4,4,4,4,4,4,2,2,6,6,6,6,4,4,4,4,4,4,4,4,4,4,4,4,4,4,4,4,4,4,4,4,2,2,4,4,4,4,4,4,6,6,4,4,4,4,2,2,2,2,4,4,2,2,2,2,4,4,4,4,4,4,2,2,6,6,4,4,2,2,4,4,4,4,4,6,6,2,2,4,4,2,2,2,2,2,2,4,4,4,4,4,4,4,4,4,4,4,4,4,4,2,2,4,4,2,2,4,4,4,2,2,2,2,4,4,4,4,2,2,4,4,2,2,4,4,4,2,2,2,2,4,4,4,4,2,4,6,6,4,4,4,4,4,4,4,4,4,4,4,4,4,6,6,4,4,4,4,4,2,2,4,4,6,6,4,4,4,4,2,4,4,4,4,4,4,4,4,2,2,2,2,2,2,2,4,4,4,4,6,6,2,2,4,4,4,4,4,2,2,4,4,4,4,2,2,2,6,6,2,2,2,2,2,2,4,4,4,2,2,4,4,4,4,4,2,2,4,4,4,4,4,4,2,2,2,2,4,4,4,4,6,6,4,4,2,2,4,4,2,2,2,2,4,4,4,4,4,4,4,4,4,4,2,2,4,4,4,4,2,2,2,2,4,4,2,2,2,2,2,2,2,2,2,2,2,2,4,2,2,2,2,4,4,4,2,2,4,4,2,2,2,2,4,4,4,4,2,2,4,4,4,2,4,4,2,2,4,4,4,4,4,4,6,6,4,4,2,2,4,4,4,4,4,2,2,4,4,2,2,4,4,2,2,2,2,2,2,2,2,2,2,2,2,2,2,4,4,2,2,2,2,2,2,2,2,2,2,2,2,4,4,2,2,4,2,2,2,2,2,2,2,2,2,2,2,2,2,2,2,2,2,2,2,2,2,4,4,2,2,2,2,2,2,2,2,4,4]",1.0,1.0,1.0,1.0,1.0,0.0,0.0,0.0,0.130959940326269,1.0,39.322823940176534,0.0033303798456973,1.0,0.0,0.130959940326269,0.0,0.0,0.0,0.0006547997016313,100,0.01,1.0,242700,15876,27.202137832995504,0.0743827920232433,44.08007341698976,0.9999998030579774,1.969420225789165e-07,1.0,3.9388400641104937e-07,1.0,1.9215995817457292,0.0006276018205501,0.0,0.0,1e-12,analysis/fermionic_structure_ablation_extension_hgbs5.csv,1.969420225789165e-07,1.0,1.0
success,,O-O_1.26_hgbs-5_as-008-010,hamiltonian_generator/o2_active_space_library/O-O/1.26/hgbs-5/O-O_1.26_hgbs-5_as-008-010.tensors.npz,O-O,1.26,hgbs-5,8,10,18,1293,2427,1770,0.7292954264524104,0,jw_signed_baseline,-1,-1,final JW Pauli terms ordered directly by increasing signed coefficient with dense Pauli lexicographic tie-breaking,,219e7becb6aa5de3,"[1,1,1,1,1,1,1,1,1,1,1,1,1,1,1,1,1,1,1,1,1,1,1,1,1,1,1,1,1,1,1,1,1,1,1,1,1,1,1,1,1,1,1,1,1,1,1,1,1,1,1,1,1,1,1,1,1,1,1,1,1,1,1,4,4,6,6,4,4,1,1,1,1,1,1,1,1,1,1,1,1,1,1,1,1,1,1,1,1,1,1,1,1,1,1,1,1,1,1,1,1,1,1,1,1,1,1,1,1,4,4,4,4,4,4,1,1,1,1,1,1,1,1,1,1,1,1,1,1,1,1,1,1,1,1,1,1,1,1,1,1,1,1,1,1,1,1,1,1,1,1,1,1,1,1,1,1,1,1,1,1,1,1,1,1,1,1,1,1,4,4,4,4,4,4,1,1,1,1,1,1,1,1,1,1,1,1,1,1,4,4,4,4,4,4,4,2,2,4,2,2,2,2,4,4,4,4,4,4,2,2,2,2,2,2,2,2,2,2,4,4,4,2,2,2,2,2,2,2,2,4,4,4,4,2,2,4,4,2,2,4,4,4,2,2,6,6,4,4,6,6,2,2,4,4,2,2,6,6,4,4,4,4,4,4,6,6,6,6,4,4,4,4,4,4,6,6,4,4,4,4,4,4,4,4,4,4,6,6,4,4,6,6,4,4,4,4,4,4,4,4,4,4,4,4,4,2,4,4,4,6,6,2,2,2,2,4,4,6,6,4,4,4,4,4,4,4,4,6,6,6,6,4,4,4,4,4,4,4,6,6,6,6,2,2,2,2,4,4,4,4,4,2,2,2,2,4,4,4,4,6,6,4,4,4,4,2,2,6,6,4,4,4,4,4,4,4,4,2,2,2,2,2,2,2,2,4,4,4,4,2,4,6,6,4,4,4,4,6,6,4,4,4,4,4,4,4,4,4,2,2,2,2,2,2,4,4,4,4,4,4,2,2,6,6,6,6,4,4,4,4,4,4,4,4,4,4,4,4,4,4,4,4,4,4,4,4,2,2,4,4,4,4,4,4,6,6,4,4,4,4,2,2,2,2,4,4,2,2,2,2,4,4,4,4,4,4,2,2,6,6,4,4,2,2,4,4,4,4,4,6,6,2,2,4,4,2,2,2,2,2,2,4,4,4,4,4,4,4,4,4,4,4,4,4,4,2,2,4,4,2,2,4,4,4,2,2,2,2,4,4,4,4,2,2,4,4,2,2,4,4,4,2,2,2,2,4,4,4,4,2,4,6,6,4,4,4,4,4,4,4,4,4,4,4,4,4,6,6,4,4,4,4,4,2,2,4,4,6,6,4,4,4,4,2,4,4,4,4,4,4,4,4,2,2,2,2,2,2,2,4,4,4,4,6,6,2,2,4,4,4,4,4,2,2,4,4,4,4,2,2,2,6,6,2,2,2,2,2,2,4,4,4,2,2,4,4,4,4,4,2,2,4,4,4,4,4,4,2,2,2,2,4,4,4,4,6,6,4,4,2,2,4,4,2,2,2,2,4,4,4,4,4,4,4,4,4,4,2,2,4,4,4,4,2,2,2,2,4,4,2,2,2,2,2,2,2,2,2,2,2,2,4,2,2,2,2,4,4,4,2,2,4,4,2,2,2,2,4,4,4,4,2,2,4,4,4,2,4,4,2,2,4,4,4,4,4,4,6,6,4,4,2,2,4,4,4,4,4,2,2,4,4,2,2,4,4,2,2,2,2,2,2,2,2,2,2,2,2,2,2,4,4,2,2,2,2,2,2,2,2,2,2,2,2,4,4,2,2,4,2,2,2,2,2,2,2,2,2,2,2,2,2,2,2,2,2,2,2,2,2,4,4,2,2,2,2,2,2,2,2,4,4]",1.4046172539489672,3.0,0.6938031591737546,62.46962332928311,92.61845900288422,0.6924239037934206,0.9628299545811256,0.9628299545811256,0.2833284775479546,2.16347439409395,39.322823940176534,0.0072051915187727,2.16347439409395,0.0,0.2833284775479546,0.0,0.0,0.0,0.0014166423877397,100,0.01,1.0,242700,15876,27.202137832995504,0.0743827920232433,43.817352040990954,0.9999998205423992,1.7945760077964226e-07,0.9112204618886348,3.589151693628168e-07,0.9112204697853616,1.9215246336903529,0.00059909531926,2.1417349449492917e-08,2.1429197638589418e-08,1e-12,analysis/fermionic_structure_ablation_extension_hgbs5.csv,1.969420225789165e-07,4.680621453900184,0.9112204618886349
success,,O-O_1.26_hgbs-5_as-008-010,hamiltonian_generator/o2_active_space_library/O-O/1.26/hgbs-5/O-O_1.26_hgbs-5_as-008-010.tensors.npz,O-O,1.26,hgbs-5,8,10,18,1293,2427,1770,0.7292954264524104,0,signed_parent_blocks_randomized,0,2520162284,"reference signed-fermionic parent-owned Pauli blocks preserved internally and kept contiguous, but whole parent blocks randomly permuted",0d886a0f463d5309,8aa8325366d90e3f,"[1,1,1,1,1,1,1,1,1,1,1,1,1,1,1,1,1,1,1,1,1,1,1,1,1,1,1,1,1,1,1,1,1,1,1,1,1,1,1,1,1,1,1,1,1,1,1,1,1,1,1,1,1,1,1,1,1,1,1,1,1,1,1,4,4,6,6,4,4,1,1,1,1,1,1,1,1,1,1,1,1,1,1,1,1,1,1,1,1,1,1,1,1,1,1,1,1,1,1,1,1,1,1,1,1,1,1,1,1,4,4,4,4,4,4,1,1,1,1,1,1,1,1,1,1,1,1,1,1,1,1,1,1,1,1,1,1,1,1,1,1,1,1,1,1,1,1,1,1,1,1,1,1,1,1,1,1,1,1,1,1,1,1,1,1,1,1,1,1,4,4,4,4,4,4,1,1,1,1,1,1,1,1,1,1,1,1,1,1,4,4,4,4,4,4,4,2,2,4,2,2,2,2,4,4,4,4,4,4,2,2,2,2,2,2,2,2,2,2,4,4,4,2,2,2,2,2,2,2,2,4,4,4,4,2,2,4,4,2,2,4,4,4,2,2,6,6,4,4,6,6,2,2,4,4,2,2,6,6,4,4,4,4,4,4,6,6,6,6,4,4,4,4,4,4,6,6,4,4,4,4,4,4,4,4,4,4,6,6,4,4,6,6,4,4,4,4,4,4,4,4,4,4,4,4,4,2,4,4,4,6,6,2,2,2,2,4,4,6,6,4,4,4,4,4,4,4,4,6,6,6,6,4,4,4,4,4,4,4,6,6,6,6,2,2,2,2,4,4,4,4,4,2,2,2,2,4,4,4,4,6,6,4,4,4,4,2,2,6,6,4,4,4,4,4,4,4,4,2,2,2,2,2,2,2,2,4,4,4,4,2,4,6,6,4,4,4,4,6,6,4,4,4,4,4,4,4,4,4,2,2,2,2,2,2,4,4,4,4,4,4,2,2,6,6,6,6,4,4,4,4,4,4,4,4,4,4,4,4,4,4,4,4,4,4,4,4,2,2,4,4,4,4,4,4,6,6,4,4,4,4,2,2,2,2,4,4,2,2,2,2,4,4,4,4,4,4,2,2,6,6,4,4,2,2,4,4,4,4,4,6,6,2,2,4,4,2,2,2,2,2,2,4,4,4,4,4,4,4,4,4,4,4,4,4,4,2,2,4,4,2,2,4,4,4,2,2,2,2,4,4,4,4,2,2,4,4,2,2,4,4,4,2,2,2,2,4,4,4,4,2,4,6,6,4,4,4,4,4,4,4,4,4,4,4,4,4,6,6,4,4,4,4,4,2,2,4,4,6,6,4,4,4,4,2,4,4,4,4,4,4,4,4,2,2,2,2,2,2,2,4,4,4,4,6,6,2,2,4,4,4,4,4,2,2,4,4,4,4,2,2,2,6,6,2,2,2,2,2,2,4,4,4,2,2,4,4,4,4,4,2,2,4,4,4,4,4,4,2,2,2,2,4,4,4,4,6,6,4,4,2,2,4,4,2,2,2,2,4,4,4,4,4,4,4,4,4,4,2,2,4,4,4,4,2,2,2,2,4,4,2,2,2,2,2,2,2,2,2,2,2,2,4,2,2,2,2,4,4,4,2,2,4,4,2,2,2,2,4,4,4,4,2,2,4,4,4,2,4,4,2,2,4,4,4,4,4,4,6,6,4,4,2,2,4,4,4,4,4,2,2,4,4,2,2,4,4,2,2,2,2,2,2,2,2,2,2,2,2,2,2,4,4,2,2,2,2,2,2,2,2,2,2,2,2,4,4,2,2,4,2,2,2,2,2,2,2,2,2,2,2,2,2,2,2,2,2,2,2,2,2,4,4,2,2,2,2,2,2,2,2,4,4]",1.0,1.0,1.0,1.0,1.0,0.4847162885853541,0.5601682197787503,0.5601682197787503,1.330479969534789,10.15944239299497,39.322823940176534,0.0338348021891536,10.159442392994968,0.0,1.330479969534789,0.0,0.0,0.0,0.0066523998476739,100,0.01,1.0,242700,15876,27.202137832995504,0.0743827920232433,43.94937420799397,0.9999798026295532,2.0197370446672913e-05,102.55490515529586,4.0394332959547974e-05,102.55387957385928,1.9211651116554835,0.0063556857138585,0.0,0.0,1e-12,analysis/fermionic_structure_ablation_extension_hgbs5.csv,1.969420225789165e-07,103.21426973658336,102.55490515529584
success,,O-O_1.26_hgbs-5_as-008-010,hamiltonian_generator/o2_active_space_library/O-O/1.26/hgbs-5/O-O_1.26_hgbs-5_as-008-010.tensors.npz,O-O,1.26,hgbs-5,8,10,18,1293,2427,1770,0.7292954264524104,0,signed_parent_blocks_randomized,1,959579305,"reference signed-fermionic parent-owned Pauli blocks preserved internally and kept contiguous, but whole parent blocks randomly permuted",ac317f32debeb73d,8d6658573e7a660f,"[1,1,1,1,1,1,1,1,1,1,1,1,1,1,1,1,1,1,1,1,1,1,1,1,1,1,1,1,1,1,1,1,1,1,1,1,1,1,1,1,1,1,1,1,1,1,1,1,1,1,1,1,1,1,1,1,1,1,1,1,1,1,1,4,4,6,6,4,4,1,1,1,1,1,1,1,1,1,1,1,1,1,1,1,1,1,1,1,1,1,1,1,1,1,1,1,1,1,1,1,1,1,1,1,1,1,1,1,1,4,4,4,4,4,4,1,1,1,1,1,1,1,1,1,1,1,1,1,1,1,1,1,1,1,1,1,1,1,1,1,1,1,1,1,1,1,1,1,1,1,1,1,1,1,1,1,1,1,1,1,1,1,1,1,1,1,1,1,1,4,4,4,4,4,4,1,1,1,1,1,1,1,1,1,1,1,1,1,1,4,4,4,4,4,4,4,2,2,4,2,2,2,2,4,4,4,4,4,4,2,2,2,2,2,2,2,2,2,2,4,4,4,2,2,2,2,2,2,2,2,4,4,4,4,2,2,4,4,2,2,4,4,4,2,2,6,6,4,4,6,6,2,2,4,4,2,2,6,6,4,4,4,4,4,4,6,6,6,6,4,4,4,4,4,4,6,6,4,4,4,4,4,4,4,4,4,4,6,6,4,4,6,6,4,4,4,4,4,4,4,4,4,4,4,4,4,2,4,4,4,6,6,2,2,2,2,4,4,6,6,4,4,4,4,4,4,4,4,6,6,6,6,4,4,4,4,4,4,4,6,6,6,6,2,2,2,2,4,4,4,4,4,2,2,2,2,4,4,4,4,6,6,4,4,4,4,2,2,6,6,4,4,4,4,4,4,4,4,2,2,2,2,2,2,2,2,4,4,4,4,2,4,6,6,4,4,4,4,6,6,4,4,4,4,4,4,4,4,4,2,2,2,2,2,2,4,4,4,4,4,4,2,2,6,6,6,6,4,4,4,4,4,4,4,4,4,4,4,4,4,4,4,4,4,4,4,4,2,2,4,4,4,4,4,4,6,6,4,4,4,4,2,2,2,2,4,4,2,2,2,2,4,4,4,4,4,4,2,2,6,6,4,4,2,2,4,4,4,4,4,6,6,2,2,4,4,2,2,2,2,2,2,4,4,4,4,4,4,4,4,4,4,4,4,4,4,2,2,4,4,2,2,4,4,4,2,2,2,2,4,4,4,4,2,2,4,4,2,2,4,4,4,2,2,2,2,4,4,4,4,2,4,6,6,4,4,4,4,4,4,4,4,4,4,4,4,4,6,6,4,4,4,4,4,2,2,4,4,6,6,4,4,4,4,2,4,4,4,4,4,4,4,4,2,2,2,2,2,2,2,4,4,4,4,6,6,2,2,4,4,4,4,4,2,2,4,4,4,4,2,2,2,6,6,2,2,2,2,2,2,4,4,4,2,2,4,4,4,4,4,2,2,4,4,4,4,4,4,2,2,2,2,4,4,4,4,6,6,4,4,2,2,4,4,2,2,2,2,4,4,4,4,4,4,4,4,4,4,2,2,4,4,4,4,2,2,2,2,4,4,2,2,2,2,2,2,2,2,2,2,2,2,4,2,2,2,2,4,4,4,2,2,4,4,2,2,2,2,4,4,4,4,2,2,4,4,4,2,4,4,2,2,4,4,4,4,4,4,6,6,4,4,2,2,4,4,4,4,4,2,2,4,4,2,2,4,4,2,2,2,2,2,2,2,2,2,2,2,2,2,2,4,4,2,2,2,2,2,2,2,2,2,2,2,2,4,4,2,2,4,2,2,2,2,2,2,2,2,2,2,2,2,2,2,2,2,2,2,2,2,2,4,4,2,2,2,2,2,2,2,2,4,4]",1.0,1.0,1.0,1.0,1.0,0.4987987071596194,0.6094524476535808,0.6094524476535808,0.6433289578557563,4.912410285565104,39.322823940176534,0.0163601922088423,4.912410285565104,0.0,0.6433289578557563,0.0,0.0,0.0,0.0032166447892787,100,0.01,1.0,242700,15876,27.202137832995504,0.0743827920232433,43.68103187502129,0.999995145122192,4.8548778081025645e-06,24.651304706476093,9.70973204639236e-06,24.65124729197428,1.9217070955555753,0.0031160480766838,0.0,0.0,1e-12,analysis/fermionic_structure_ablation_extension_hgbs5.csv,1.969420225789165e-07,24.13177481372583,24.65130470647609
success,,O-O_1.26_hgbs-5_as-008-010,hamiltonian_generator/o2_active_space_library/O-O/1.26/hgbs-5/O-O_1.26_hgbs-5_as-008-010.tensors.npz,O-O,1.26,hgbs-5,8,10,18,1293,2427,1770,0.7292954264524104,0,signed_parent_blocks_randomized,2,1464369495,"reference signed-fermionic parent-owned Pauli blocks preserved internally and kept contiguous, but whole parent blocks randomly permuted",e5f4bd4c04b03e71,d397ca4e7e05a691,"[1,1,1,1,1,1,1,1,1,1,1,1,1,1,1,1,1,1,1,1,1,1,1,1,1,1,1,1,1,1,1,1,1,1,1,1,1,1,1,1,1,1,1,1,1,1,1,1,1,1,1,1,1,1,1,1,1,1,1,1,1,1,1,4,4,6,6,4,4,1,1,1,1,1,1,1,1,1,1,1,1,1,1,1,1,1,1,1,1,1,1,1,1,1,1,1,1,1,1,1,1,1,1,1,1,1,1,1,1,4,4,4,4,4,4,1,1,1,1,1,1,1,1,1,1,1,1,1,1,1,1,1,1,1,1,1,1,1,1,1,1,1,1,1,1,1,1,1,1,1,1,1,1,1,1,1,1,1,1,1,1,1,1,1,1,1,1,1,1,4,4,4,4,4,4,1,1,1,1,1,1,1,1,1,1,1,1,1,1,4,4,4,4,4,4,4,2,2,4,2,2,2,2,4,4,4,4,4,4,2,2,2,2,2,2,2,2,2,2,4,4,4,2,2,2,2,2,2,2,2,4,4,4,4,2,2,4,4,2,2,4,4,4,2,2,6,6,4,4,6,6,2,2,4,4,2,2,6,6,4,4,4,4,4,4,6,6,6,6,4,4,4,4,4,4,6,6,4,4,4,4,4,4,4,4,4,4,6,6,4,4,6,6,4,4,4,4,4,4,4,4,4,4,4,4,4,2,4,4,4,6,6,2,2,2,2,4,4,6,6,4,4,4,4,4,4,4,4,6,6,6,6,4,4,4,4,4,4,4,6,6,6,6,2,2,2,2,4,4,4,4,4,2,2,2,2,4,4,4,4,6,6,4,4,4,4,2,2,6,6,4,4,4,4,4,4,4,4,2,2,2,2,2,2,2,2,4,4,4,4,2,4,6,6,4,4,4,4,6,6,4,4,4,4,4,4,4,4,4,2,2,2,2,2,2,4,4,4,4,4,4,2,2,6,6,6,6,4,4,4,4,4,4,4,4,4,4,4,4,4,4,4,4,4,4,4,4,2,2,4,4,4,4,4,4,6,6,4,4,4,4,2,2,2,2,4,4,2,2,2,2,4,4,4,4,4,4,2,2,6,6,4,4,2,2,4,4,4,4,4,6,6,2,2,4,4,2,2,2,2,2,2,4,4,4,4,4,4,4,4,4,4,4,4,4,4,2,2,4,4,2,2,4,4,4,2,2,2,2,4,4,4,4,2,2,4,4,2,2,4,4,4,2,2,2,2,4,4,4,4,2,4,6,6,4,4,4,4,4,4,4,4,4,4,4,4,4,6,6,4,4,4,4,4,2,2,4,4,6,6,4,4,4,4,2,4,4,4,4,4,4,4,4,2,2,2,2,2,2,2,4,4,4,4,6,6,2,2,4,4,4,4,4,2,2,4,4,4,4,2,2,2,6,6,2,2,2,2,2,2,4,4,4,2,2,4,4,4,4,4,2,2,4,4,4,4,4,4,2,2,2,2,4,4,4,4,6,6,4,4,2,2,4,4,2,2,2,2,4,4,4,4,4,4,4,4,4,4,2,2,4,4,4,4,2,2,2,2,4,4,2,2,2,2,2,2,2,2,2,2,2,2,4,2,2,2,2,4,4,4,2,2,4,4,2,2,2,2,4,4,4,4,2,2,4,4,4,2,4,4,2,2,4,4,4,4,4,4,6,6,4,4,2,2,4,4,4,4,4,2,2,4,4,2,2,4,4,2,2,2,2,2,2,2,2,2,2,2,2,2,2,4,4,2,2,2,2,2,2,2,2,2,2,2,2,4,4,2,2,4,2,2,2,2,2,2,2,2,2,2,2,2,2,2,2,2,2,2,2,2,2,4,4,2,2,2,2,2,2,2,2,4,4]",1.0,1.0,1.0,1.0,1.0,0.4824426431021292,0.4458175038589419,0.4458175038589419,1.438114342184793,10.981330157924058,39.322823940176534,0.0365720006368987,10.981330157924056,0.0,1.438114342184793,0.0,0.0,0.0,0.0071905717109239,100,0.01,1.0,242700,15876,27.202137832995504,0.0743827920232433,43.685722249996616,0.9999762666781588,2.373332184113508e-05,120.5091809779953,4.746608041172884e-05,120.50776279094256,1.9211681748802152,0.006889604029425,0.0,0.0,1e-12,analysis/fermionic_structure_ablation_extension_hgbs5.csv,1.969420225789165e-07,120.58961203733242,120.50918097799529
success,,O-O_1.26_hgbs-5_as-008-010,hamiltonian_generator/o2_active_space_library/O-O/1.26/hgbs-5/O-O_1.26_hgbs-5_as-008-010.tensors.npz,O-O,1.26,hgbs-5,8,10,18,1293,2427,1770,0.7292954264524104,0,signed_parent_blocks_randomized,3,295529502,"reference signed-fermionic parent-owned Pauli blocks preserved internally and kept contiguous, but whole parent blocks randomly permuted",d3a496e5b92b1755,b163676a3efdc1d2,"[1,1,1,1,1,1,1,1,1,1,1,1,1,1,1,1,1,1,1,1,1,1,1,1,1,1,1,1,1,1,1,1,1,1,1,1,1,1,1,1,1,1,1,1,1,1,1,1,1,1,1,1,1,1,1,1,1,1,1,1,1,1,1,4,4,6,6,4,4,1,1,1,1,1,1,1,1,1,1,1,1,1,1,1,1,1,1,1,1,1,1,1,1,1,1,1,1,1,1,1,1,1,1,1,1,1,1,1,1,4,4,4,4,4,4,1,1,1,1,1,1,1,1,1,1,1,1,1,1,1,1,1,1,1,1,1,1,1,1,1,1,1,1,1,1,1,1,1,1,1,1,1,1,1,1,1,1,1,1,1,1,1,1,1,1,1,1,1,1,4,4,4,4,4,4,1,1,1,1,1,1,1,1,1,1,1,1,1,1,4,4,4,4,4,4,4,2,2,4,2,2,2,2,4,4,4,4,4,4,2,2,2,2,2,2,2,2,2,2,4,4,4,2,2,2,2,2,2,2,2,4,4,4,4,2,2,4,4,2,2,4,4,4,2,2,6,6,4,4,6,6,2,2,4,4,2,2,6,6,4,4,4,4,4,4,6,6,6,6,4,4,4,4,4,4,6,6,4,4,4,4,4,4,4,4,4,4,6,6,4,4,6,6,4,4,4,4,4,4,4,4,4,4,4,4,4,2,4,4,4,6,6,2,2,2,2,4,4,6,6,4,4,4,4,4,4,4,4,6,6,6,6,4,4,4,4,4,4,4,6,6,6,6,2,2,2,2,4,4,4,4,4,2,2,2,2,4,4,4,4,6,6,4,4,4,4,2,2,6,6,4,4,4,4,4,4,4,4,2,2,2,2,2,2,2,2,4,4,4,4,2,4,6,6,4,4,4,4,6,6,4,4,4,4,4,4,4,4,4,2,2,2,2,2,2,4,4,4,4,4,4,2,2,6,6,6,6,4,4,4,4,4,4,4,4,4,4,4,4,4,4,4,4,4,4,4,4,2,2,4,4,4,4,4,4,6,6,4,4,4,4,2,2,2,2,4,4,2,2,2,2,4,4,4,4,4,4,2,2,6,6,4,4,2,2,4,4,4,4,4,6,6,2,2,4,4,2,2,2,2,2,2,4,4,4,4,4,4,4,4,4,4,4,4,4,4,2,2,4,4,2,2,4,4,4,2,2,2,2,4,4,4,4,2,2,4,4,2,2,4,4,4,2,2,2,2,4,4,4,4,2,4,6,6,4,4,4,4,4,4,4,4,4,4,4,4,4,6,6,4,4,4,4,4,2,2,4,4,6,6,4,4,4,4,2,4,4,4,4,4,4,4,4,2,2,2,2,2,2,2,4,4,4,4,6,6,2,2,4,4,4,4,4,2,2,4,4,4,4,2,2,2,6,6,2,2,2,2,2,2,4,4,4,2,2,4,4,4,4,4,2,2,4,4,4,4,4,4,2,2,2,2,4,4,4,4,6,6,4,4,2,2,4,4,2,2,2,2,4,4,4,4,4,4,4,4,4,4,2,2,4,4,4,4,2,2,2,2,4,4,2,2,2,2,2,2,2,2,2,2,2,2,4,2,2,2,2,4,4,4,2,2,4,4,2,2,2,2,4,4,4,4,2,2,4,4,4,2,4,4,2,2,4,4,4,4,4,4,6,6,4,4,2,2,4,4,4,4,4,2,2,4,4,2,2,4,4,2,2,2,2,2,2,2,2,2,2,2,2,2,2,4,4,2,2,2,2,2,2,2,2,2,2,2,2,4,4,2,2,4,2,2,2,2,2,2,2,2,2,2,2,2,2,2,2,2,2,2,2,2,2,4,4,2,2,2,2,2,2,2,2,4,4]",1.0,1.0,1.0,1.0,1.0,0.5079556101879948,0.4645187781018273,0.4645187781018273,0.2374383266541291,1.813060742564356,39.322823940176534,0.0060381809560613,1.813060742564356,0.0,0.2374383266541291,0.0,0.0,0.0,0.0011871916332706,100,0.01,1.0,242700,15876,27.202137832995504,0.0743827920232433,43.68517675000476,0.9999993202227584,6.797772416078374e-07,3.451661726158237,1.359554021140852e-06,3.451660892577722,1.9215857758199089,0.0011659993495777,0.0,0.0,1e-12,analysis/fermionic_structure_ablation_extension_hgbs5.csv,1.969420225789165e-07,3.2871892562280136,3.4516617261582367
success,,O-O_1.26_hgbs-5_as-008-010,hamiltonian_generator/o2_active_space_library/O-O/1.26/hgbs-5/O-O_1.26_hgbs-5_as-008-010.tensors.npz,O-O,1.26,hgbs-5,8,10,18,1293,2427,1770,0.7292954264524104,0,signed_parent_blocks_randomized,4,2342440443,"reference signed-fermionic parent-owned Pauli blocks preserved internally and kept contiguous, but whole parent blocks randomly permuted",69a8fc2f60fad7e7,8df53643bcb377d9,"[1,1,1,1,1,1,1,1,1,1,1,1,1,1,1,1,1,1,1,1,1,1,1,1,1,1,1,1,1,1,1,1,1,1,1,1,1,1,1,1,1,1,1,1,1,1,1,1,1,1,1,1,1,1,1,1,1,1,1,1,1,1,1,4,4,6,6,4,4,1,1,1,1,1,1,1,1,1,1,1,1,1,1,1,1,1,1,1,1,1,1,1,1,1,1,1,1,1,1,1,1,1,1,1,1,1,1,1,1,4,4,4,4,4,4,1,1,1,1,1,1,1,1,1,1,1,1,1,1,1,1,1,1,1,1,1,1,1,1,1,1,1,1,1,1,1,1,1,1,1,1,1,1,1,1,1,1,1,1,1,1,1,1,1,1,1,1,1,1,4,4,4,4,4,4,1,1,1,1,1,1,1,1,1,1,1,1,1,1,4,4,4,4,4,4,4,2,2,4,2,2,2,2,4,4,4,4,4,4,2,2,2,2,2,2,2,2,2,2,4,4,4,2,2,2,2,2,2,2,2,4,4,4,4,2,2,4,4,2,2,4,4,4,2,2,6,6,4,4,6,6,2,2,4,4,2,2,6,6,4,4,4,4,4,4,6,6,6,6,4,4,4,4,4,4,6,6,4,4,4,4,4,4,4,4,4,4,6,6,4,4,6,6,4,4,4,4,4,4,4,4,4,4,4,4,4,2,4,4,4,6,6,2,2,2,2,4,4,6,6,4,4,4,4,4,4,4,4,6,6,6,6,4,4,4,4,4,4,4,6,6,6,6,2,2,2,2,4,4,4,4,4,2,2,2,2,4,4,4,4,6,6,4,4,4,4,2,2,6,6,4,4,4,4,4,4,4,4,2,2,2,2,2,2,2,2,4,4,4,4,2,4,6,6,4,4,4,4,6,6,4,4,4,4,4,4,4,4,4,2,2,2,2,2,2,4,4,4,4,4,4,2,2,6,6,6,6,4,4,4,4,4,4,4,4,4,4,4,4,4,4,4,4,4,4,4,4,2,2,4,4,4,4,4,4,6,6,4,4,4,4,2,2,2,2,4,4,2,2,2,2,4,4,4,4,4,4,2,2,6,6,4,4,2,2,4,4,4,4,4,6,6,2,2,4,4,2,2,2,2,2,2,4,4,4,4,4,4,4,4,4,4,4,4,4,4,2,2,4,4,2,2,4,4,4,2,2,2,2,4,4,4,4,2,2,4,4,2,2,4,4,4,2,2,2,2,4,4,4,4,2,4,6,6,4,4,4,4,4,4,4,4,4,4,4,4,4,6,6,4,4,4,4,4,2,2,4,4,6,6,4,4,4,4,2,4,4,4,4,4,4,4,4,2,2,2,2,2,2,2,4,4,4,4,6,6,2,2,4,4,4,4,4,2,2,4,4,4,4,2,2,2,6,6,2,2,2,2,2,2,4,4,4,2,2,4,4,4,4,4,2,2,4,4,4,4,4,4,2,2,2,2,4,4,4,4,6,6,4,4,2,2,4,4,2,2,2,2,4,4,4,4,4,4,4,4,4,4,2,2,4,4,4,4,2,2,2,2,4,4,2,2,2,2,2,2,2,2,2,2,2,2,4,2,2,2,2,4,4,4,2,2,4,4,2,2,2,2,4,4,4,4,2,2,4,4,4,2,4,4,2,2,4,4,4,4,4,4,6,6,4,4,2,2,4,4,4,4,4,2,2,4,4,2,2,4,4,2,2,2,2,2,2,2,2,2,2,2,2,2,2,4,4,2,2,2,2,2,2,2,2,2,2,2,2,4,4,2,2,4,2,2,2,2,2,2,2,2,2,2,2,2,2,2,2,2,2,2,2,2,2,4,4,2,2,2,2,2,2,2,2,4,4]",1.0,1.0,1.0,1.0,1.0,0.4904089983065854,0.4913703401300274,0.4913703401300274,0.3530552016411423,2.695902279441735,39.322823940176534,0.0089783786174222,2.695902279441735,0.0,0.3530552016411423,0.0,0.0,0.0,0.0017652760082057,100,0.01,1.0,242700,15876,27.202137832995504,0.0743827920232433,44.86669641602202,0.999998492090351,1.5079096490344668e-06,7.656617055561282,3.015817024332179e-06,7.656612036145823,1.9215471739537744,0.0017366114413042,0.0,0.0,1e-12,analysis/fermionic_structure_ablation_extension_hgbs5.csv,1.969420225789165e-07,7.267889100299142,7.656617055561281
success,,O-O_1.26_hgbs-5_as-008-010,hamiltonian_generator/o2_active_space_library/O-O/1.26/hgbs-5/O-O_1.26_hgbs-5_as-008-010.tensors.npz,O-O,1.26,hgbs-5,8,10,18,1293,2427,1770,0.7292954264524104,0,signed_parent_blocks_randomized,5,1045766202,"reference signed-fermionic parent-owned Pauli blocks preserved internally and kept contiguous, but whole parent blocks randomly permuted",fdbcf652341374af,e38ac3ba367ca6ca,"[1,1,1,1,1,1,1,1,1,1,1,1,1,1,1,1,1,1,1,1,1,1,1,1,1,1,1,1,1,1,1,1,1,1,1,1,1,1,1,1,1,1,1,1,1,1,1,1,1,1,1,1,1,1,1,1,1,1,1,1,1,1,1,4,4,6,6,4,4,1,1,1,1,1,1,1,1,1,1,1,1,1,1,1,1,1,1,1,1,1,1,1,1,1,1,1,1,1,1,1,1,1,1,1,1,1,1,1,1,4,4,4,4,4,4,1,1,1,1,1,1,1,1,1,1,1,1,1,1,1,1,1,1,1,1,1,1,1,1,1,1,1,1,1,1,1,1,1,1,1,1,1,1,1,1,1,1,1,1,1,1,1,1,1,1,1,1,1,1,4,4,4,4,4,4,1,1,1,1,1,1,1,1,1,1,1,1,1,1,4,4,4,4,4,4,4,2,2,4,2,2,2,2,4,4,4,4,4,4,2,2,2,2,2,2,2,2,2,2,4,4,4,2,2,2,2,2,2,2,2,4,4,4,4,2,2,4,4,2,2,4,4,4,2,2,6,6,4,4,6,6,2,2,4,4,2,2,6,6,4,4,4,4,4,4,6,6,6,6,4,4,4,4,4,4,6,6,4,4,4,4,4,4,4,4,4,4,6,6,4,4,6,6,4,4,4,4,4,4,4,4,4,4,4,4,4,2,4,4,4,6,6,2,2,2,2,4,4,6,6,4,4,4,4,4,4,4,4,6,6,6,6,4,4,4,4,4,4,4,6,6,6,6,2,2,2,2,4,4,4,4,4,2,2,2,2,4,4,4,4,6,6,4,4,4,4,2,2,6,6,4,4,4,4,4,4,4,4,2,2,2,2,2,2,2,2,4,4,4,4,2,4,6,6,4,4,4,4,6,6,4,4,4,4,4,4,4,4,4,2,2,2,2,2,2,4,4,4,4,4,4,2,2,6,6,6,6,4,4,4,4,4,4,4,4,4,4,4,4,4,4,4,4,4,4,4,4,2,2,4,4,4,4,4,4,6,6,4,4,4,4,2,2,2,2,4,4,2,2,2,2,4,4,4,4,4,4,2,2,6,6,4,4,2,2,4,4,4,4,4,6,6,2,2,4,4,2,2,2,2,2,2,4,4,4,4,4,4,4,4,4,4,4,4,4,4,2,2,4,4,2,2,4,4,4,2,2,2,2,4,4,4,4,2,2,4,4,2,2,4,4,4,2,2,2,2,4,4,4,4,2,4,6,6,4,4,4,4,4,4,4,4,4,4,4,4,4,6,6,4,4,4,4,4,2,2,4,4,6,6,4,4,4,4,2,4,4,4,4,4,4,4,4,2,2,2,2,2,2,2,4,4,4,4,6,6,2,2,4,4,4,4,4,2,2,4,4,4,4,2,2,2,6,6,2,2,2,2,2,2,4,4,4,2,2,4,4,4,4,4,2,2,4,4,4,4,4,4,2,2,2,2,4,4,4,4,6,6,4,4,2,2,4,4,2,2,2,2,4,4,4,4,4,4,4,4,4,4,2,2,4,4,4,4,2,2,2,2,4,4,2,2,2,2,2,2,2,2,2,2,2,2,4,2,2,2,2,4,4,4,2,2,4,4,2,2,2,2,4,4,4,4,2,2,4,4,4,2,4,4,2,2,4,4,4,4,4,4,6,6,4,4,2,2,4,4,4,4,4,2,2,4,4,2,2,4,4,2,2,2,2,2,2,2,2,2,2,2,2,2,2,4,4,2,2,2,2,2,2,2,2,2,2,2,2,4,4,2,2,4,2,2,2,2,2,2,2,2,2,2,2,2,2,2,2,2,2,2,2,2,2,4,4,2,2,2,2,2,2,2,2,4,4]",1.0,1.0,1.0,1.0,1.0,0.4928266270103926,0.586801971720806,0.586801971720806,0.7751685222835756,5.919127027336358,39.322823940176534,0.0197129413559634,5.919127027336358,0.0,0.7751685222835756,0.0,0.0,0.0,0.0038758426114178,100,0.01,1.0,242700,15876,27.202137832995504,0.0743827920232433,45.17661245801719,0.9999928980143158,7.101985684210277e-06,36.061301652187744,1.4203920930211387e-05,36.06117714611764,1.9217002845204372,0.0037688156453215,0.0,0.0,1e-12,analysis/fermionic_structure_ablation_extension_hgbs5.csv,1.969420225789165e-07,35.036064765743745,36.061301652187744
success,,O-O_1.26_hgbs-5_as-008-010,hamiltonian_generator/o2_active_space_library/O-O/1.26/hgbs-5/O-O_1.26_hgbs-5_as-008-010.tensors.npz,O-O,1.26,hgbs-5,8,10,18,1293,2427,1770,0.7292954264524104,0,signed_parent_blocks_randomized,6,3842129163,"reference signed-fermionic parent-owned Pauli blocks preserved internally and kept contiguous, but whole parent blocks randomly permuted",dd38ae257c507f4d,5348a37eac33c72b,"[1,1,1,1,1,1,1,1,1,1,1,1,1,1,1,1,1,1,1,1,1,1,1,1,1,1,1,1,1,1,1,1,1,1,1,1,1,1,1,1,1,1,1,1,1,1,1,1,1,1,1,1,1,1,1,1,1,1,1,1,1,1,1,4,4,6,6,4,4,1,1,1,1,1,1,1,1,1,1,1,1,1,1,1,1,1,1,1,1,1,1,1,1,1,1,1,1,1,1,1,1,1,1,1,1,1,1,1,1,4,4,4,4,4,4,1,1,1,1,1,1,1,1,1,1,1,1,1,1,1,1,1,1,1,1,1,1,1,1,1,1,1,1,1,1,1,1,1,1,1,1,1,1,1,1,1,1,1,1,1,1,1,1,1,1,1,1,1,1,4,4,4,4,4,4,1,1,1,1,1,1,1,1,1,1,1,1,1,1,4,4,4,4,4,4,4,2,2,4,2,2,2,2,4,4,4,4,4,4,2,2,2,2,2,2,2,2,2,2,4,4,4,2,2,2,2,2,2,2,2,4,4,4,4,2,2,4,4,2,2,4,4,4,2,2,6,6,4,4,6,6,2,2,4,4,2,2,6,6,4,4,4,4,4,4,6,6,6,6,4,4,4,4,4,4,6,6,4,4,4,4,4,4,4,4,4,4,6,6,4,4,6,6,4,4,4,4,4,4,4,4,4,4,4,4,4,2,4,4,4,6,6,2,2,2,2,4,4,6,6,4,4,4,4,4,4,4,4,6,6,6,6,4,4,4,4,4,4,4,6,6,6,6,2,2,2,2,4,4,4,4,4,2,2,2,2,4,4,4,4,6,6,4,4,4,4,2,2,6,6,4,4,4,4,4,4,4,4,2,2,2,2,2,2,2,2,4,4,4,4,2,4,6,6,4,4,4,4,6,6,4,4,4,4,4,4,4,4,4,2,2,2,2,2,2,4,4,4,4,4,4,2,2,6,6,6,6,4,4,4,4,4,4,4,4,4,4,4,4,4,4,4,4,4,4,4,4,2,2,4,4,4,4,4,4,6,6,4,4,4,4,2,2,2,2,4,4,2,2,2,2,4,4,4,4,4,4,2,2,6,6,4,4,2,2,4,4,4,4,4,6,6,2,2,4,4,2,2,2,2,2,2,4,4,4,4,4,4,4,4,4,4,4,4,4,4,2,2,4,4,2,2,4,4,4,2,2,2,2,4,4,4,4,2,2,4,4,2,2,4,4,4,2,2,2,2,4,4,4,4,2,4,6,6,4,4,4,4,4,4,4,4,4,4,4,4,4,6,6,4,4,4,4,4,2,2,4,4,6,6,4,4,4,4,2,4,4,4,4,4,4,4,4,2,2,2,2,2,2,2,4,4,4,4,6,6,2,2,4,4,4,4,4,2,2,4,4,4,4,2,2,2,6,6,2,2,2,2,2,2,4,4,4,2,2,4,4,4,4,4,2,2,4,4,4,4,4,4,2,2,2,2,4,4,4,4,6,6,4,4,2,2,4,4,2,2,2,2,4,4,4,4,4,4,4,4,4,4,2,2,4,4,4,4,2,2,2,2,4,4,2,2,2,2,2,2,2,2,2,2,2,2,4,2,2,2,2,4,4,4,2,2,4,4,2,2,2,2,4,4,4,4,2,2,4,4,4,2,4,4,2,2,4,4,4,4,4,4,6,6,4,4,2,2,4,4,4,4,4,2,2,4,4,2,2,4,4,2,2,2,2,2,2,2,2,2,2,2,2,2,2,4,4,2,2,2,2,2,2,2,2,2,2,2,2,4,4,2,2,4,2,2,2,2,2,2,2,2,2,2,2,2,2,2,2,2,2,2,2,2,2,4,4,2,2,2,2,2,2,2,2,4,4]",1.0,1.0,1.0,1.0,1.0,0.4874240327336182,0.5420468841793952,0.5420468841793952,1.1934715048730993,9.113256327849005,39.322823940176534,0.0303506052029421,9.113256327849005,0.0,1.1934715048730993,0.0,0.0,0.0,0.0059673575243654,100,0.01,1.0,242700,15876,27.202137832995504,0.0743827920232433,45.478629709017696,0.9999835948674224,1.6405132577501647e-05,83.29929977705982,3.280999602661705e-05,83.29862470317518,1.9218823572819772,0.005728024542109,0.0,0.0,1e-12,analysis/fermionic_structure_ablation_extension_hgbs5.csv,1.969420225789165e-07,83.05144089707993,83.29929977705982
success,,O-O_1.26_hgbs-5_as-008-010,hamiltonian_generator/o2_active_space_library/O-O/1.26/hgbs-5/O-O_1.26_hgbs-5_as-008-010.tensors.npz,O-O,1.26,hgbs-5,8,10,18,1293,2427,1770,0.7292954264524104,0,signed_parent_blocks_randomized,7,1513367080,"reference signed-fermionic parent-owned Pauli blocks preserved internally and kept contiguous, but whole parent blocks randomly permuted",19f72dcb7b0f01cf,8904d3f2101ec8d4,"[1,1,1,1,1,1,1,1,1,1,1,1,1,1,1,1,1,1,1,1,1,1,1,1,1,1,1,1,1,1,1,1,1,1,1,1,1,1,1,1,1,1,1,1,1,1,1,1,1,1,1,1,1,1,1,1,1,1,1,1,1,1,1,4,4,6,6,4,4,1,1,1,1,1,1,1,1,1,1,1,1,1,1,1,1,1,1,1,1,1,1,1,1,1,1,1,1,1,1,1,1,1,1,1,1,1,1,1,1,4,4,4,4,4,4,1,1,1,1,1,1,1,1,1,1,1,1,1,1,1,1,1,1,1,1,1,1,1,1,1,1,1,1,1,1,1,1,1,1,1,1,1,1,1,1,1,1,1,1,1,1,1,1,1,1,1,1,1,1,4,4,4,4,4,4,1,1,1,1,1,1,1,1,1,1,1,1,1,1,4,4,4,4,4,4,4,2,2,4,2,2,2,2,4,4,4,4,4,4,2,2,2,2,2,2,2,2,2,2,4,4,4,2,2,2,2,2,2,2,2,4,4,4,4,2,2,4,4,2,2,4,4,4,2,2,6,6,4,4,6,6,2,2,4,4,2,2,6,6,4,4,4,4,4,4,6,6,6,6,4,4,4,4,4,4,6,6,4,4,4,4,4,4,4,4,4,4,6,6,4,4,6,6,4,4,4,4,4,4,4,4,4,4,4,4,4,2,4,4,4,6,6,2,2,2,2,4,4,6,6,4,4,4,4,4,4,4,4,6,6,6,6,4,4,4,4,4,4,4,6,6,6,6,2,2,2,2,4,4,4,4,4,2,2,2,2,4,4,4,4,6,6,4,4,4,4,2,2,6,6,4,4,4,4,4,4,4,4,2,2,2,2,2,2,2,2,4,4,4,4,2,4,6,6,4,4,4,4,6,6,4,4,4,4,4,4,4,4,4,2,2,2,2,2,2,4,4,4,4,4,4,2,2,6,6,6,6,4,4,4,4,4,4,4,4,4,4,4,4,4,4,4,4,4,4,4,4,2,2,4,4,4,4,4,4,6,6,4,4,4,4,2,2,2,2,4,4,2,2,2,2,4,4,4,4,4,4,2,2,6,6,4,4,2,2,4,4,4,4,4,6,6,2,2,4,4,2,2,2,2,2,2,4,4,4,4,4,4,4,4,4,4,4,4,4,4,2,2,4,4,2,2,4,4,4,2,2,2,2,4,4,4,4,2,2,4,4,2,2,4,4,4,2,2,2,2,4,4,4,4,2,4,6,6,4,4,4,4,4,4,4,4,4,4,4,4,4,6,6,4,4,4,4,4,2,2,4,4,6,6,4,4,4,4,2,4,4,4,4,4,4,4,4,2,2,2,2,2,2,2,4,4,4,4,6,6,2,2,4,4,4,4,4,2,2,4,4,4,4,2,2,2,6,6,2,2,2,2,2,2,4,4,4,2,2,4,4,4,4,4,2,2,4,4,4,4,4,4,2,2,2,2,4,4,4,4,6,6,4,4,2,2,4,4,2,2,2,2,4,4,4,4,4,4,4,4,4,4,2,2,4,4,4,4,2,2,2,2,4,4,2,2,2,2,2,2,2,2,2,2,2,2,4,2,2,2,2,4,4,4,2,2,4,4,2,2,2,2,4,4,4,4,2,2,4,4,4,2,4,4,2,2,4,4,4,4,4,4,6,6,4,4,2,2,4,4,4,4,4,2,2,4,4,2,2,4,4,2,2,2,2,2,2,2,2,2,2,2,2,2,2,4,4,2,2,2,2,2,2,2,2,2,2,2,2,4,4,2,2,4,2,2,2,2,2,2,2,2,2,2,2,2,2,2,2,2,2,2,2,2,2,4,4,2,2,2,2,2,2,2,2,4,4]",1.0,1.0,1.0,1.0,1.0,0.5058044578924294,0.4744783219041629,0.4744783219041629,0.6255981437225256,4.777019156880587,39.322823940176534,0.0159092883225852,4.777019156880586,0.0,0.6255981437225256,0.0,0.0,0.0,0.0031279907186126,100,0.01,1.0,242700,15876,27.202137832995504,0.0743827920232433,44.969089124992024,0.9999954229520625,4.577047937659451e-06,23.24058561867052,9.15407492596554e-06,23.24053471826559,1.9214395687264767,0.0030255736440085,0.0,0.0,1e-12,analysis/fermionic_structure_ablation_extension_hgbs5.csv,1.969420225789165e-07,22.819912025204115,23.24058561867052
success,,O-O_1.26_hgbs-5_as-008-010,hamiltonian_generator/o2_active_space_library/O-O/1.26/hgbs-5/O-O_1.26_hgbs-5_as-008-010.tensors.npz,O-O,1.26,hgbs-5,8,10,18,1293,2427,1770,0.7292954264524104,0,signed_parent_blocks_randomized,8,2271888708,"reference signed-fermionic parent-owned Pauli blocks preserved internally and kept contiguous, but whole parent blocks randomly permuted",05144c844aab06e0,b9fcb782290c675f,"[1,1,1,1,1,1,1,1,1,1,1,1,1,1,1,1,1,1,1,1,1,1,1,1,1,1,1,1,1,1,1,1,1,1,1,1,1,1,1,1,1,1,1,1,1,1,1,1,1,1,1,1,1,1,1,1,1,1,1,1,1,1,1,4,4,6,6,4,4,1,1,1,1,1,1,1,1,1,1,1,1,1,1,1,1,1,1,1,1,1,1,1,1,1,1,1,1,1,1,1,1,1,1,1,1,1,1,1,1,4,4,4,4,4,4,1,1,1,1,1,1,1,1,1,1,1,1,1,1,1,1,1,1,1,1,1,1,1,1,1,1,1,1,1,1,1,1,1,1,1,1,1,1,1,1,1,1,1,1,1,1,1,1,1,1,1,1,1,1,4,4,4,4,4,4,1,1,1,1,1,1,1,1,1,1,1,1,1,1,4,4,4,4,4,4,4,2,2,4,2,2,2,2,4,4,4,4,4,4,2,2,2,2,2,2,2,2,2,2,4,4,4,2,2,2,2,2,2,2,2,4,4,4,4,2,2,4,4,2,2,4,4,4,2,2,6,6,4,4,6,6,2,2,4,4,2,2,6,6,4,4,4,4,4,4,6,6,6,6,4,4,4,4,4,4,6,6,4,4,4,4,4,4,4,4,4,4,6,6,4,4,6,6,4,4,4,4,4,4,4,4,4,4,4,4,4,2,4,4,4,6,6,2,2,2,2,4,4,6,6,4,4,4,4,4,4,4,4,6,6,6,6,4,4,4,4,4,4,4,6,6,6,6,2,2,2,2,4,4,4,4,4,2,2,2,2,4,4,4,4,6,6,4,4,4,4,2,2,6,6,4,4,4,4,4,4,4,4,2,2,2,2,2,2,2,2,4,4,4,4,2,4,6,6,4,4,4,4,6,6,4,4,4,4,4,4,4,4,4,2,2,2,2,2,2,4,4,4,4,4,4,2,2,6,6,6,6,4,4,4,4,4,4,4,4,4,4,4,4,4,4,4,4,4,4,4,4,2,2,4,4,4,4,4,4,6,6,4,4,4,4,2,2,2,2,4,4,2,2,2,2,4,4,4,4,4,4,2,2,6,6,4,4,2,2,4,4,4,4,4,6,6,2,2,4,4,2,2,2,2,2,2,4,4,4,4,4,4,4,4,4,4,4,4,4,4,2,2,4,4,2,2,4,4,4,2,2,2,2,4,4,4,4,2,2,4,4,2,2,4,4,4,2,2,2,2,4,4,4,4,2,4,6,6,4,4,4,4,4,4,4,4,4,4,4,4,4,6,6,4,4,4,4,4,2,2,4,4,6,6,4,4,4,4,2,4,4,4,4,4,4,4,4,2,2,2,2,2,2,2,4,4,4,4,6,6,2,2,4,4,4,4,4,2,2,4,4,4,4,2,2,2,6,6,2,2,2,2,2,2,4,4,4,2,2,4,4,4,4,4,2,2,4,4,4,4,4,4,2,2,2,2,4,4,4,4,6,6,4,4,2,2,4,4,2,2,2,2,4,4,4,4,4,4,4,4,4,4,2,2,4,4,4,4,2,2,2,2,4,4,2,2,2,2,2,2,2,2,2,2,2,2,4,2,2,2,2,4,4,4,2,2,4,4,2,2,2,2,4,4,4,4,2,2,4,4,4,2,4,4,2,2,4,4,4,4,4,4,6,6,4,4,2,2,4,4,4,4,4,2,2,4,4,2,2,4,4,2,2,2,2,2,2,2,2,2,2,2,2,2,2,4,4,2,2,2,2,2,2,2,2,2,2,2,2,4,4,2,2,4,2,2,2,2,2,2,2,2,2,2,2,2,2,2,2,2,2,2,2,2,2,4,4,2,2,2,2,2,2,2,2,4,4]",1.0,1.0,1.0,1.0,1.0,0.4960737709850171,0.5122659040432004,0.5122659040432004,0.3703641131529269,2.8280717922611656,39.322823940176534,0.0094185532991317,2.828071792261165,0.0,0.3703641131529269,0.0,0.0,0.0,0.0018518205657646,100,0.01,1.0,242700,15876,27.202137832995504,0.0743827920232433,44.99700245799613,0.999998332231666,1.6677683339905158e-06,8.468321347325587,3.335533886539288e-06,8.468315118787515,1.921589337176462,0.0018263451667143,0.0,0.0,1e-12,analysis/fermionic_structure_ablation_extension_hgbs5.csv,1.969420225789165e-07,7.997990062183281,8.468321347325585
success,,O-O_1.26_hgbs-5_as-008-010,hamiltonian_generator/o2_active_space_library/O-O/1.26/hgbs-5/O-O_1.26_hgbs-5_as-008-010.tensors.npz,O-O,1.26,hgbs-5,8,10,18,1293,2427,1770,0.7292954264524104,0,signed_parent_blocks_randomized,9,2749741275,"reference signed-fermionic parent-owned Pauli blocks preserved internally and kept contiguous, but whole parent blocks randomly permuted",2fff1fff9bbecb22,2c03c6bd35f64af8,"[1,1,1,1,1,1,1,1,1,1,1,1,1,1,1,1,1,1,1,1,1,1,1,1,1,1,1,1,1,1,1,1,1,1,1,1,1,1,1,1,1,1,1,1,1,1,1,1,1,1,1,1,1,1,1,1,1,1,1,1,1,1,1,4,4,6,6,4,4,1,1,1,1,1,1,1,1,1,1,1,1,1,1,1,1,1,1,1,1,1,1,1,1,1,1,1,1,1,1,1,1,1,1,1,1,1,1,1,1,4,4,4,4,4,4,1,1,1,1,1,1,1,1,1,1,1,1,1,1,1,1,1,1,1,1,1,1,1,1,1,1,1,1,1,1,1,1,1,1,1,1,1,1,1,1,1,1,1,1,1,1,1,1,1,1,1,1,1,1,4,4,4,4,4,4,1,1,1,1,1,1,1,1,1,1,1,1,1,1,4,4,4,4,4,4,4,2,2,4,2,2,2,2,4,4,4,4,4,4,2,2,2,2,2,2,2,2,2,2,4,4,4,2,2,2,2,2,2,2,2,4,4,4,4,2,2,4,4,2,2,4,4,4,2,2,6,6,4,4,6,6,2,2,4,4,2,2,6,6,4,4,4,4,4,4,6,6,6,6,4,4,4,4,4,4,6,6,4,4,4,4,4,4,4,4,4,4,6,6,4,4,6,6,4,4,4,4,4,4,4,4,4,4,4,4,4,2,4,4,4,6,6,2,2,2,2,4,4,6,6,4,4,4,4,4,4,4,4,6,6,6,6,4,4,4,4,4,4,4,6,6,6,6,2,2,2,2,4,4,4,4,4,2,2,2,2,4,4,4,4,6,6,4,4,4,4,2,2,6,6,4,4,4,4,4,4,4,4,2,2,2,2,2,2,2,2,4,4,4,4,2,4,6,6,4,4,4,4,6,6,4,4,4,4,4,4,4,4,4,2,2,2,2,2,2,4,4,4,4,4,4,2,2,6,6,6,6,4,4,4,4,4,4,4,4,4,4,4,4,4,4,4,4,4,4,4,4,2,2,4,4,4,4,4,4,6,6,4,4,4,4,2,2,2,2,4,4,2,2,2,2,4,4,4,4,4,4,2,2,6,6,4,4,2,2,4,4,4,4,4,6,6,2,2,4,4,2,2,2,2,2,2,4,4,4,4,4,4,4,4,4,4,4,4,4,4,2,2,4,4,2,2,4,4,4,2,2,2,2,4,4,4,4,2,2,4,4,2,2,4,4,4,2,2,2,2,4,4,4,4,2,4,6,6,4,4,4,4,4,4,4,4,4,4,4,4,4,6,6,4,4,4,4,4,2,2,4,4,6,6,4,4,4,4,2,4,4,4,4,4,4,4,4,2,2,2,2,2,2,2,4,4,4,4,6,6,2,2,4,4,4,4,4,2,2,4,4,4,4,2,2,2,6,6,2,2,2,2,2,2,4,4,4,2,2,4,4,4,4,4,2,2,4,4,4,4,4,4,2,2,2,2,4,4,4,4,6,6,4,4,2,2,4,4,2,2,2,2,4,4,4,4,4,4,4,4,4,4,2,2,4,4,4,4,2,2,2,2,4,4,2,2,2,2,2,2,2,2,2,2,2,2,4,2,2,2,2,4,4,4,2,2,4,4,2,2,2,2,4,4,4,4,2,2,4,4,4,2,4,4,2,2,4,4,4,4,4,4,6,6,4,4,2,2,4,4,4,4,4,2,2,4,4,2,2,4,4,2,2,2,2,2,2,2,2,2,2,2,2,2,2,4,4,2,2,2,2,2,2,2,2,2,2,2,2,4,4,2,2,4,2,2,2,2,2,2,2,2,2,2,2,2,2,2,2,2,2,2,2,2,2,4,4,2,2,2,2,2,2,2,2,4,4]",1.0,1.0,1.0,1.0,1.0,0.5149914469668968,0.5356594555816421,0.5356594555816421,0.4555822302735565,3.478790759514206,39.322823940176534,0.0115856946328842,3.478790759514206,0.0,0.4555822302735565,0.0,0.0,0.0,0.0022779111513677,100,0.01,1.0,242700,15876,27.202137832995504,0.0743827920232433,45.01434512497508,0.9999976021380604,2.3978619395625955e-06,12.17547127912607,4.795718129391169e-06,12.1754578793089,1.9214426249722996,0.0021899141259705,0.0,0.0,1e-12,analysis/fermionic_structure_ablation_extension_hgbs5.csv,1.969420225789165e-07,12.101985148481425,12.17547127912607
success,,O-O_1.26_hgbs-5_as-008-010,hamiltonian_generator/o2_active_space_library/O-O/1.26/hgbs-5/O-O_1.26_hgbs-5_as-008-010.tensors.npz,O-O,1.26,hgbs-5,8,10,18,1293,2427,1770,0.7292954264524104,0,signed_parent_descendants_round_robin,-1,-1,"reference signed-fermionic parent priority and within-parent descendant order retained, but descendants interleaved round-robin across parent blocks to destroy contiguity",682b1d52ae8adec2,eabbf55ce41d5ab9,"[1,1,1,1,1,1,1,1,1,1,1,1,1,1,1,1,1,1,1,1,1,1,1,1,1,1,1,1,1,1,1,1,1,1,1,1,1,1,1,1,1,1,1,1,1,1,1,1,1,1,1,1,1,1,1,1,1,1,1,1,1,1,1,4,4,6,6,4,4,1,1,1,1,1,1,1,1,1,1,1,1,1,1,1,1,1,1,1,1,1,1,1,1,1,1,1,1,1,1,1,1,1,1,1,1,1,1,1,1,4,4,4,4,4,4,1,1,1,1,1,1,1,1,1,1,1,1,1,1,1,1,1,1,1,1,1,1,1,1,1,1,1,1,1,1,1,1,1,1,1,1,1,1,1,1,1,1,1,1,1,1,1,1,1,1,1,1,1,1,4,4,4,4,4,4,1,1,1,1,1,1,1,1,1,1,1,1,1,1,4,4,4,4,4,4,4,2,2,4,2,2,2,2,4,4,4,4,4,4,2,2,2,2,2,2,2,2,2,2,4,4,4,2,2,2,2,2,2,2,2,4,4,4,4,2,2,4,4,2,2,4,4,4,2,2,6,6,4,4,6,6,2,2,4,4,2,2,6,6,4,4,4,4,4,4,6,6,6,6,4,4,4,4,4,4,6,6,4,4,4,4,4,4,4,4,4,4,6,6,4,4,6,6,4,4,4,4,4,4,4,4,4,4,4,4,4,2,4,4,4,6,6,2,2,2,2,4,4,6,6,4,4,4,4,4,4,4,4,6,6,6,6,4,4,4,4,4,4,4,6,6,6,6,2,2,2,2,4,4,4,4,4,2,2,2,2,4,4,4,4,6,6,4,4,4,4,2,2,6,6,4,4,4,4,4,4,4,4,2,2,2,2,2,2,2,2,4,4,4,4,2,4,6,6,4,4,4,4,6,6,4,4,4,4,4,4,4,4,4,2,2,2,2,2,2,4,4,4,4,4,4,2,2,6,6,6,6,4,4,4,4,4,4,4,4,4,4,4,4,4,4,4,4,4,4,4,4,2,2,4,4,4,4,4,4,6,6,4,4,4,4,2,2,2,2,4,4,2,2,2,2,4,4,4,4,4,4,2,2,6,6,4,4,2,2,4,4,4,4,4,6,6,2,2,4,4,2,2,2,2,2,2,4,4,4,4,4,4,4,4,4,4,4,4,4,4,2,2,4,4,2,2,4,4,4,2,2,2,2,4,4,4,4,2,2,4,4,2,2,4,4,4,2,2,2,2,4,4,4,4,2,4,6,6,4,4,4,4,4,4,4,4,4,4,4,4,4,6,6,4,4,4,4,4,2,2,4,4,6,6,4,4,4,4,2,4,4,4,4,4,4,4,4,2,2,2,2,2,2,2,4,4,4,4,6,6,2,2,4,4,4,4,4,2,2,4,4,4,4,2,2,2,6,6,2,2,2,2,2,2,4,4,4,2,2,4,4,4,4,4,2,2,4,4,4,4,4,4,2,2,2,2,4,4,4,4,6,6,4,4,2,2,4,4,2,2,2,2,4,4,4,4,4,4,4,4,4,4,2,2,4,4,4,4,2,2,2,2,4,4,2,2,2,2,2,2,2,2,2,2,2,2,4,2,2,2,2,4,4,4,2,2,4,4,2,2,2,2,4,4,4,4,2,2,4,4,4,2,4,4,2,2,4,4,4,4,4,4,6,6,4,4,2,2,4,4,4,4,4,2,2,4,4,2,2,4,4,2,2,2,2,2,2,2,2,2,2,2,2,2,2,4,4,2,2,2,2,2,2,2,2,2,2,2,2,4,4,2,2,4,2,2,2,2,2,2,2,2,2,2,2,2,2,2,2,2,2,2,2,2,2,4,4,2,2,2,2,2,2,2,2,4,4]",2.948967193195626,6.0,0.2077764277035237,295.0493114621304,352.991347342398,0.3629795500846707,0.0682090295012181,0.0682090295012181,0.2129907578157821,1.6263809931887905,39.322823940176534,0.0054164664811411,1.62638099318879,0.0,0.2129907578157821,0.0,0.0,0.0,0.0010649537890789,100,0.01,1.0,242700,15876,27.202137832995504,0.0743827920232433,43.6600377910072,0.9999997023178488,2.97682151151335e-07,1.5115217527130405,5.953642137068726e-07,1.5115216764743746,1.9215971789025963,0.0007715985370013,2.4008985255452586e-07,2.401517976702295e-07,1e-12,analysis/fermionic_structure_ablation_extension_hgbs5.csv,1.969420225789165e-07,2.6451151350057565,1.5115217527130402
success,,O-O_1.26_hgbs-5_as-008-010,hamiltonian_generator/o2_active_space_library/O-O/1.26/hgbs-5/O-O_1.26_hgbs-5_as-008-010.tensors.npz,O-O,1.26,hgbs-5,8,10,18,1293,2427,1770,0.7292954264524104,0,signed_parent_within_randomized,0,1709101605,"reference signed-fermionic parent-block order kept fixed and contiguous, but Pauli descendants randomly permuted inside each parent-owned block",682b1d52ae8adec2,7c8e43339ce8dcc2,"[1,1,1,1,1,1,1,1,1,1,1,1,1,1,1,1,1,1,1,1,1,1,1,1,1,1,1,1,1,1,1,1,1,1,1,1,1,1,1,1,1,1,1,1,1,1,1,1,1,1,1,1,1,1,1,1,1,1,1,1,1,1,1,4,4,6,6,4,4,1,1,1,1,1,1,1,1,1,1,1,1,1,1,1,1,1,1,1,1,1,1,1,1,1,1,1,1,1,1,1,1,1,1,1,1,1,1,1,1,4,4,4,4,4,4,1,1,1,1,1,1,1,1,1,1,1,1,1,1,1,1,1,1,1,1,1,1,1,1,1,1,1,1,1,1,1,1,1,1,1,1,1,1,1,1,1,1,1,1,1,1,1,1,1,1,1,1,1,1,4,4,4,4,4,4,1,1,1,1,1,1,1,1,1,1,1,1,1,1,4,4,4,4,4,4,4,2,2,4,2,2,2,2,4,4,4,4,4,4,2,2,2,2,2,2,2,2,2,2,4,4,4,2,2,2,2,2,2,2,2,4,4,4,4,2,2,4,4,2,2,4,4,4,2,2,6,6,4,4,6,6,2,2,4,4,2,2,6,6,4,4,4,4,4,4,6,6,6,6,4,4,4,4,4,4,6,6,4,4,4,4,4,4,4,4,4,4,6,6,4,4,6,6,4,4,4,4,4,4,4,4,4,4,4,4,4,2,4,4,4,6,6,2,2,2,2,4,4,6,6,4,4,4,4,4,4,4,4,6,6,6,6,4,4,4,4,4,4,4,6,6,6,6,2,2,2,2,4,4,4,4,4,2,2,2,2,4,4,4,4,6,6,4,4,4,4,2,2,6,6,4,4,4,4,4,4,4,4,2,2,2,2,2,2,2,2,4,4,4,4,2,4,6,6,4,4,4,4,6,6,4,4,4,4,4,4,4,4,4,2,2,2,2,2,2,4,4,4,4,4,4,2,2,6,6,6,6,4,4,4,4,4,4,4,4,4,4,4,4,4,4,4,4,4,4,4,4,2,2,4,4,4,4,4,4,6,6,4,4,4,4,2,2,2,2,4,4,2,2,2,2,4,4,4,4,4,4,2,2,6,6,4,4,2,2,4,4,4,4,4,6,6,2,2,4,4,2,2,2,2,2,2,4,4,4,4,4,4,4,4,4,4,4,4,4,4,2,2,4,4,2,2,4,4,4,2,2,2,2,4,4,4,4,2,2,4,4,2,2,4,4,4,2,2,2,2,4,4,4,4,2,4,6,6,4,4,4,4,4,4,4,4,4,4,4,4,4,6,6,4,4,4,4,4,2,2,4,4,6,6,4,4,4,4,2,4,4,4,4,4,4,4,4,2,2,2,2,2,2,2,4,4,4,4,6,6,2,2,4,4,4,4,4,2,2,4,4,4,4,2,2,2,6,6,2,2,2,2,2,2,4,4,4,2,2,4,4,4,4,4,2,2,4,4,4,4,4,4,2,2,2,2,4,4,4,4,6,6,4,4,2,2,4,4,2,2,2,2,4,4,4,4,4,4,4,4,4,4,2,2,4,4,4,4,2,2,2,2,4,4,2,2,2,2,2,2,2,2,2,2,2,2,4,2,2,2,2,4,4,4,2,2,4,4,2,2,2,2,4,4,4,4,2,2,4,4,4,2,4,4,2,2,4,4,4,4,4,4,6,6,4,4,2,2,4,4,4,4,4,2,2,4,4,2,2,4,4,2,2,2,2,2,2,2,2,2,2,2,2,2,2,4,4,2,2,2,2,2,2,2,2,2,2,2,2,4,4,2,2,4,2,2,2,2,2,2,2,2,2,2,2,2,2,2,2,2,2,2,2,2,2,4,4,2,2,2,2,2,2,2,2,4,4]",1.0,1.0,1.0,1.0,1.0,0.0,0.0,0.0,0.130959940326269,1.0,39.322823940176534,0.0033303798456973,1.0,0.0,0.130959940326269,0.0,0.0,0.0,0.0006547997016313,100,0.01,1.0,242700,15876,27.202137832995504,0.0743827920232433,44.94512520800345,0.9999998030579572,1.969420426739532e-07,1.0000001020352918,3.938840466011229e-07,1.0000001020353018,1.921599581745718,0.0006276018525688,0.0,0.0,1e-12,analysis/fermionic_structure_ablation_extension_hgbs5.csv,1.969420225789165e-07,1.0,1.0000001020352918
success,,O-O_1.26_hgbs-5_as-008-010,hamiltonian_generator/o2_active_space_library/O-O/1.26/hgbs-5/O-O_1.26_hgbs-5_as-008-010.tensors.npz,O-O,1.26,hgbs-5,8,10,18,1293,2427,1770,0.7292954264524104,0,signed_parent_within_randomized,1,2980328924,"reference signed-fermionic parent-block order kept fixed and contiguous, but Pauli descendants randomly permuted inside each parent-owned block",682b1d52ae8adec2,d027a2183ff33831,"[1,1,1,1,1,1,1,1,1,1,1,1,1,1,1,1,1,1,1,1,1,1,1,1,1,1,1,1,1,1,1,1,1,1,1,1,1,1,1,1,1,1,1,1,1,1,1,1,1,1,1,1,1,1,1,1,1,1,1,1,1,1,1,4,4,6,6,4,4,1,1,1,1,1,1,1,1,1,1,1,1,1,1,1,1,1,1,1,1,1,1,1,1,1,1,1,1,1,1,1,1,1,1,1,1,1,1,1,1,4,4,4,4,4,4,1,1,1,1,1,1,1,1,1,1,1,1,1,1,1,1,1,1,1,1,1,1,1,1,1,1,1,1,1,1,1,1,1,1,1,1,1,1,1,1,1,1,1,1,1,1,1,1,1,1,1,1,1,1,4,4,4,4,4,4,1,1,1,1,1,1,1,1,1,1,1,1,1,1,4,4,4,4,4,4,4,2,2,4,2,2,2,2,4,4,4,4,4,4,2,2,2,2,2,2,2,2,2,2,4,4,4,2,2,2,2,2,2,2,2,4,4,4,4,2,2,4,4,2,2,4,4,4,2,2,6,6,4,4,6,6,2,2,4,4,2,2,6,6,4,4,4,4,4,4,6,6,6,6,4,4,4,4,4,4,6,6,4,4,4,4,4,4,4,4,4,4,6,6,4,4,6,6,4,4,4,4,4,4,4,4,4,4,4,4,4,2,4,4,4,6,6,2,2,2,2,4,4,6,6,4,4,4,4,4,4,4,4,6,6,6,6,4,4,4,4,4,4,4,6,6,6,6,2,2,2,2,4,4,4,4,4,2,2,2,2,4,4,4,4,6,6,4,4,4,4,2,2,6,6,4,4,4,4,4,4,4,4,2,2,2,2,2,2,2,2,4,4,4,4,2,4,6,6,4,4,4,4,6,6,4,4,4,4,4,4,4,4,4,2,2,2,2,2,2,4,4,4,4,4,4,2,2,6,6,6,6,4,4,4,4,4,4,4,4,4,4,4,4,4,4,4,4,4,4,4,4,2,2,4,4,4,4,4,4,6,6,4,4,4,4,2,2,2,2,4,4,2,2,2,2,4,4,4,4,4,4,2,2,6,6,4,4,2,2,4,4,4,4,4,6,6,2,2,4,4,2,2,2,2,2,2,4,4,4,4,4,4,4,4,4,4,4,4,4,4,2,2,4,4,2,2,4,4,4,2,2,2,2,4,4,4,4,2,2,4,4,2,2,4,4,4,2,2,2,2,4,4,4,4,2,4,6,6,4,4,4,4,4,4,4,4,4,4,4,4,4,6,6,4,4,4,4,4,2,2,4,4,6,6,4,4,4,4,2,4,4,4,4,4,4,4,4,2,2,2,2,2,2,2,4,4,4,4,6,6,2,2,4,4,4,4,4,2,2,4,4,4,4,2,2,2,6,6,2,2,2,2,2,2,4,4,4,2,2,4,4,4,4,4,2,2,4,4,4,4,4,4,2,2,2,2,4,4,4,4,6,6,4,4,2,2,4,4,2,2,2,2,4,4,4,4,4,4,4,4,4,4,2,2,4,4,4,4,2,2,2,2,4,4,2,2,2,2,2,2,2,2,2,2,2,2,4,2,2,2,2,4,4,4,2,2,4,4,2,2,2,2,4,4,4,4,2,2,4,4,4,2,4,4,2,2,4,4,4,4,4,4,6,6,4,4,2,2,4,4,4,4,4,2,2,4,4,2,2,4,4,2,2,2,2,2,2,2,2,2,2,2,2,2,2,4,4,2,2,2,2,2,2,2,2,2,2,2,2,4,4,2,2,4,2,2,2,2,2,2,2,2,2,2,2,2,2,2,2,2,2,2,2,2,2,4,4,2,2,2,2,2,2,2,2,4,4]",1.0,1.0,1.0,1.0,1.0,0.0,0.0,0.0,0.130959940326269,1.0,39.322823940176534,0.0033303798456973,1.0,0.0,0.130959940326269,0.0,0.0,0.0,0.0006547997016313,100,0.01,1.0,242700,15876,27.202137832995504,0.0743827920232433,45.21412866699393,0.9999998030579852,1.969420148073553e-07,0.9999999605388374,3.93883990867927e-07,0.9999999605388336,1.921599581745736,0.0006276018081671,0.0,0.0,1e-12,analysis/fermionic_structure_ablation_extension_hgbs5.csv,1.969420225789165e-07,1.0,0.9999999605388373
success,,O-O_1.26_hgbs-5_as-008-010,hamiltonian_generator/o2_active_space_library/O-O/1.26/hgbs-5/O-O_1.26_hgbs-5_as-008-010.tensors.npz,O-O,1.26,hgbs-5,8,10,18,1293,2427,1770,0.7292954264524104,0,signed_parent_within_randomized,2,374592079,"reference signed-fermionic parent-block order kept fixed and contiguous, but Pauli descendants randomly permuted inside each parent-owned block",682b1d52ae8adec2,3f7edb589c3373ed,"[1,1,1,1,1,1,1,1,1,1,1,1,1,1,1,1,1,1,1,1,1,1,1,1,1,1,1,1,1,1,1,1,1,1,1,1,1,1,1,1,1,1,1,1,1,1,1,1,1,1,1,1,1,1,1,1,1,1,1,1,1,1,1,4,4,6,6,4,4,1,1,1,1,1,1,1,1,1,1,1,1,1,1,1,1,1,1,1,1,1,1,1,1,1,1,1,1,1,1,1,1,1,1,1,1,1,1,1,1,4,4,4,4,4,4,1,1,1,1,1,1,1,1,1,1,1,1,1,1,1,1,1,1,1,1,1,1,1,1,1,1,1,1,1,1,1,1,1,1,1,1,1,1,1,1,1,1,1,1,1,1,1,1,1,1,1,1,1,1,4,4,4,4,4,4,1,1,1,1,1,1,1,1,1,1,1,1,1,1,4,4,4,4,4,4,4,2,2,4,2,2,2,2,4,4,4,4,4,4,2,2,2,2,2,2,2,2,2,2,4,4,4,2,2,2,2,2,2,2,2,4,4,4,4,2,2,4,4,2,2,4,4,4,2,2,6,6,4,4,6,6,2,2,4,4,2,2,6,6,4,4,4,4,4,4,6,6,6,6,4,4,4,4,4,4,6,6,4,4,4,4,4,4,4,4,4,4,6,6,4,4,6,6,4,4,4,4,4,4,4,4,4,4,4,4,4,2,4,4,4,6,6,2,2,2,2,4,4,6,6,4,4,4,4,4,4,4,4,6,6,6,6,4,4,4,4,4,4,4,6,6,6,6,2,2,2,2,4,4,4,4,4,2,2,2,2,4,4,4,4,6,6,4,4,4,4,2,2,6,6,4,4,4,4,4,4,4,4,2,2,2,2,2,2,2,2,4,4,4,4,2,4,6,6,4,4,4,4,6,6,4,4,4,4,4,4,4,4,4,2,2,2,2,2,2,4,4,4,4,4,4,2,2,6,6,6,6,4,4,4,4,4,4,4,4,4,4,4,4,4,4,4,4,4,4,4,4,2,2,4,4,4,4,4,4,6,6,4,4,4,4,2,2,2,2,4,4,2,2,2,2,4,4,4,4,4,4,2,2,6,6,4,4,2,2,4,4,4,4,4,6,6,2,2,4,4,2,2,2,2,2,2,4,4,4,4,4,4,4,4,4,4,4,4,4,4,2,2,4,4,2,2,4,4,4,2,2,2,2,4,4,4,4,2,2,4,4,2,2,4,4,4,2,2,2,2,4,4,4,4,2,4,6,6,4,4,4,4,4,4,4,4,4,4,4,4,4,6,6,4,4,4,4,4,2,2,4,4,6,6,4,4,4,4,2,4,4,4,4,4,4,4,4,2,2,2,2,2,2,2,4,4,4,4,6,6,2,2,4,4,4,4,4,2,2,4,4,4,4,2,2,2,6,6,2,2,2,2,2,2,4,4,4,2,2,4,4,4,4,4,2,2,4,4,4,4,4,4,2,2,2,2,4,4,4,4,6,6,4,4,2,2,4,4,2,2,2,2,4,4,4,4,4,4,4,4,4,4,2,2,4,4,4,4,2,2,2,2,4,4,2,2,2,2,2,2,2,2,2,2,2,2,4,2,2,2,2,4,4,4,2,2,4,4,2,2,2,2,4,4,4,4,2,2,4,4,4,2,4,4,2,2,4,4,4,4,4,4,6,6,4,4,2,2,4,4,4,4,4,2,2,4,4,2,2,4,4,2,2,2,2,2,2,2,2,2,2,2,2,2,2,4,4,2,2,2,2,2,2,2,2,2,2,2,2,4,4,2,2,4,2,2,2,2,2,2,2,2,2,2,2,2,2,2,2,2,2,2,2,2,2,4,4,2,2,2,2,2,2,2,2,4,4]",1.0,1.0,1.0,1.0,1.0,0.0,0.0,0.0,0.130959940326269,1.0,39.322823940176534,0.0033303798456973,1.0,0.0,0.130959940326269,0.0,0.0,0.0,0.0006547997016313,100,0.01,1.0,242700,15876,27.202137832995504,0.0743827920232433,45.06750924998778,0.9999998030579728,1.9694202724185317e-07,1.0000000236766975,3.938840157369228e-07,1.0000000236767,1.9215995817457296,0.0006276018279798,0.0,0.0,1e-12,analysis/fermionic_structure_ablation_extension_hgbs5.csv,1.969420225789165e-07,1.0,1.0000000236766975
success,,O-O_1.26_hgbs-5_as-008-010,hamiltonian_generator/o2_active_space_library/O-O/1.26/hgbs-5/O-O_1.26_hgbs-5_as-008-010.tensors.npz,O-O,1.26,hgbs-5,8,10,18,1293,2427,1770,0.7292954264524104,0,signed_parent_within_randomized,3,1922907381,"reference signed-fermionic parent-block order kept fixed and contiguous, but Pauli descendants randomly permuted inside each parent-owned block",682b1d52ae8adec2,207dc22429fcaf49,"[1,1,1,1,1,1,1,1,1,1,1,1,1,1,1,1,1,1,1,1,1,1,1,1,1,1,1,1,1,1,1,1,1,1,1,1,1,1,1,1,1,1,1,1,1,1,1,1,1,1,1,1,1,1,1,1,1,1,1,1,1,1,1,4,4,6,6,4,4,1,1,1,1,1,1,1,1,1,1,1,1,1,1,1,1,1,1,1,1,1,1,1,1,1,1,1,1,1,1,1,1,1,1,1,1,1,1,1,1,4,4,4,4,4,4,1,1,1,1,1,1,1,1,1,1,1,1,1,1,1,1,1,1,1,1,1,1,1,1,1,1,1,1,1,1,1,1,1,1,1,1,1,1,1,1,1,1,1,1,1,1,1,1,1,1,1,1,1,1,4,4,4,4,4,4,1,1,1,1,1,1,1,1,1,1,1,1,1,1,4,4,4,4,4,4,4,2,2,4,2,2,2,2,4,4,4,4,4,4,2,2,2,2,2,2,2,2,2,2,4,4,4,2,2,2,2,2,2,2,2,4,4,4,4,2,2,4,4,2,2,4,4,4,2,2,6,6,4,4,6,6,2,2,4,4,2,2,6,6,4,4,4,4,4,4,6,6,6,6,4,4,4,4,4,4,6,6,4,4,4,4,4,4,4,4,4,4,6,6,4,4,6,6,4,4,4,4,4,4,4,4,4,4,4,4,4,2,4,4,4,6,6,2,2,2,2,4,4,6,6,4,4,4,4,4,4,4,4,6,6,6,6,4,4,4,4,4,4,4,6,6,6,6,2,2,2,2,4,4,4,4,4,2,2,2,2,4,4,4,4,6,6,4,4,4,4,2,2,6,6,4,4,4,4,4,4,4,4,2,2,2,2,2,2,2,2,4,4,4,4,2,4,6,6,4,4,4,4,6,6,4,4,4,4,4,4,4,4,4,2,2,2,2,2,2,4,4,4,4,4,4,2,2,6,6,6,6,4,4,4,4,4,4,4,4,4,4,4,4,4,4,4,4,4,4,4,4,2,2,4,4,4,4,4,4,6,6,4,4,4,4,2,2,2,2,4,4,2,2,2,2,4,4,4,4,4,4,2,2,6,6,4,4,2,2,4,4,4,4,4,6,6,2,2,4,4,2,2,2,2,2,2,4,4,4,4,4,4,4,4,4,4,4,4,4,4,2,2,4,4,2,2,4,4,4,2,2,2,2,4,4,4,4,2,2,4,4,2,2,4,4,4,2,2,2,2,4,4,4,4,2,4,6,6,4,4,4,4,4,4,4,4,4,4,4,4,4,6,6,4,4,4,4,4,2,2,4,4,6,6,4,4,4,4,2,4,4,4,4,4,4,4,4,2,2,2,2,2,2,2,4,4,4,4,6,6,2,2,4,4,4,4,4,2,2,4,4,4,4,2,2,2,6,6,2,2,2,2,2,2,4,4,4,2,2,4,4,4,4,4,2,2,4,4,4,4,4,4,2,2,2,2,4,4,4,4,6,6,4,4,2,2,4,4,2,2,2,2,4,4,4,4,4,4,4,4,4,4,2,2,4,4,4,4,2,2,2,2,4,4,2,2,2,2,2,2,2,2,2,2,2,2,4,2,2,2,2,4,4,4,2,2,4,4,2,2,2,2,4,4,4,4,2,2,4,4,4,2,4,4,2,2,4,4,4,4,4,4,6,6,4,4,2,2,4,4,4,4,4,2,2,4,4,2,2,4,4,2,2,2,2,2,2,2,2,2,2,2,2,2,2,4,4,2,2,2,2,2,2,2,2,2,2,2,2,4,4,2,2,4,2,2,2,2,2,2,2,2,2,2,2,2,2,2,2,2,2,2,2,2,2,4,4,2,2,2,2,2,2,2,2,4,4]",1.0,1.0,1.0,1.0,1.0,0.0,0.0,0.0,0.130959940326269,1.0,39.322823940176534,0.0033303798456973,1.0,0.0,0.130959940326269,0.0,0.0,0.0,0.0006547997016313,100,0.01,1.0,242700,15876,27.202137832995504,0.0743827920232433,44.87226174998795,0.99999980305798,1.969420199143812e-07,0.9999999864704584,3.938840010819789e-07,0.9999999864704572,1.9215995817457316,0.0006276018163045,0.0,0.0,1e-12,analysis/fermionic_structure_ablation_extension_hgbs5.csv,1.969420225789165e-07,1.0,0.9999999864704584
success,,O-O_1.26_hgbs-5_as-008-010,hamiltonian_generator/o2_active_space_library/O-O/1.26/hgbs-5/O-O_1.26_hgbs-5_as-008-010.tensors.npz,O-O,1.26,hgbs-5,8,10,18,1293,2427,1770,0.7292954264524104,0,signed_parent_within_randomized,4,664255987,"reference signed-fermionic parent-block order kept fixed and contiguous, but Pauli descendants randomly permuted inside each parent-owned block",682b1d52ae8adec2,222da206bd48a2a9,"[1,1,1,1,1,1,1,1,1,1,1,1,1,1,1,1,1,1,1,1,1,1,1,1,1,1,1,1,1,1,1,1,1,1,1,1,1,1,1,1,1,1,1,1,1,1,1,1,1,1,1,1,1,1,1,1,1,1,1,1,1,1,1,4,4,6,6,4,4,1,1,1,1,1,1,1,1,1,1,1,1,1,1,1,1,1,1,1,1,1,1,1,1,1,1,1,1,1,1,1,1,1,1,1,1,1,1,1,1,4,4,4,4,4,4,1,1,1,1,1,1,1,1,1,1,1,1,1,1,1,1,1,1,1,1,1,1,1,1,1,1,1,1,1,1,1,1,1,1,1,1,1,1,1,1,1,1,1,1,1,1,1,1,1,1,1,1,1,1,4,4,4,4,4,4,1,1,1,1,1,1,1,1,1,1,1,1,1,1,4,4,4,4,4,4,4,2,2,4,2,2,2,2,4,4,4,4,4,4,2,2,2,2,2,2,2,2,2,2,4,4,4,2,2,2,2,2,2,2,2,4,4,4,4,2,2,4,4,2,2,4,4,4,2,2,6,6,4,4,6,6,2,2,4,4,2,2,6,6,4,4,4,4,4,4,6,6,6,6,4,4,4,4,4,4,6,6,4,4,4,4,4,4,4,4,4,4,6,6,4,4,6,6,4,4,4,4,4,4,4,4,4,4,4,4,4,2,4,4,4,6,6,2,2,2,2,4,4,6,6,4,4,4,4,4,4,4,4,6,6,6,6,4,4,4,4,4,4,4,6,6,6,6,2,2,2,2,4,4,4,4,4,2,2,2,2,4,4,4,4,6,6,4,4,4,4,2,2,6,6,4,4,4,4,4,4,4,4,2,2,2,2,2,2,2,2,4,4,4,4,2,4,6,6,4,4,4,4,6,6,4,4,4,4,4,4,4,4,4,2,2,2,2,2,2,4,4,4,4,4,4,2,2,6,6,6,6,4,4,4,4,4,4,4,4,4,4,4,4,4,4,4,4,4,4,4,4,2,2,4,4,4,4,4,4,6,6,4,4,4,4,2,2,2,2,4,4,2,2,2,2,4,4,4,4,4,4,2,2,6,6,4,4,2,2,4,4,4,4,4,6,6,2,2,4,4,2,2,2,2,2,2,4,4,4,4,4,4,4,4,4,4,4,4,4,4,2,2,4,4,2,2,4,4,4,2,2,2,2,4,4,4,4,2,2,4,4,2,2,4,4,4,2,2,2,2,4,4,4,4,2,4,6,6,4,4,4,4,4,4,4,4,4,4,4,4,4,6,6,4,4,4,4,4,2,2,4,4,6,6,4,4,4,4,2,4,4,4,4,4,4,4,4,2,2,2,2,2,2,2,4,4,4,4,6,6,2,2,4,4,4,4,4,2,2,4,4,4,4,2,2,2,6,6,2,2,2,2,2,2,4,4,4,2,2,4,4,4,4,4,2,2,4,4,4,4,4,4,2,2,2,2,4,4,4,4,6,6,4,4,2,2,4,4,2,2,2,2,4,4,4,4,4,4,4,4,4,4,2,2,4,4,4,4,2,2,2,2,4,4,2,2,2,2,2,2,2,2,2,2,2,2,4,2,2,2,2,4,4,4,2,2,4,4,2,2,2,2,4,4,4,4,2,2,4,4,4,2,4,4,2,2,4,4,4,4,4,4,6,6,4,4,2,2,4,4,4,4,4,2,2,4,4,2,2,4,4,2,2,2,2,2,2,2,2,2,2,2,2,2,2,4,4,2,2,2,2,2,2,2,2,2,2,2,2,4,4,2,2,4,2,2,2,2,2,2,2,2,2,2,2,2,2,2,2,2,2,2,2,2,2,4,4,2,2,2,2,2,2,2,2,4,4]",1.0,1.0,1.0,1.0,1.0,0.0,0.0,0.0,0.130959940326269,1.0,39.322823940176534,0.0033303798456973,1.0,0.0,0.130959940326269,0.0,0.0,0.0,0.0006547997016313,100,0.01,1.0,242700,15876,27.202137832995504,0.0743827920232433,44.889988124981755,0.9999998030579726,1.969420273528755e-07,1.0000000242404286,3.938840159589674e-07,1.0000000242404308,1.9215995817457296,0.0006276018281567,0.0,0.0,1e-12,analysis/fermionic_structure_ablation_extension_hgbs5.csv,1.969420225789165e-07,1.0,1.0000000242404286
success,,O-O_1.26_hgbs-5_as-008-010,hamiltonian_generator/o2_active_space_library/O-O/1.26/hgbs-5/O-O_1.26_hgbs-5_as-008-010.tensors.npz,O-O,1.26,hgbs-5,8,10,18,1293,2427,1770,0.7292954264524104,0,signed_parent_within_randomized,5,370460223,"reference signed-fermionic parent-block order kept fixed and contiguous, but Pauli descendants randomly permuted inside each parent-owned block",682b1d52ae8adec2,7b90985567c019ad,"[1,1,1,1,1,1,1,1,1,1,1,1,1,1,1,1,1,1,1,1,1,1,1,1,1,1,1,1,1,1,1,1,1,1,1,1,1,1,1,1,1,1,1,1,1,1,1,1,1,1,1,1,1,1,1,1,1,1,1,1,1,1,1,4,4,6,6,4,4,1,1,1,1,1,1,1,1,1,1,1,1,1,1,1,1,1,1,1,1,1,1,1,1,1,1,1,1,1,1,1,1,1,1,1,1,1,1,1,1,4,4,4,4,4,4,1,1,1,1,1,1,1,1,1,1,1,1,1,1,1,1,1,1,1,1,1,1,1,1,1,1,1,1,1,1,1,1,1,1,1,1,1,1,1,1,1,1,1,1,1,1,1,1,1,1,1,1,1,1,4,4,4,4,4,4,1,1,1,1,1,1,1,1,1,1,1,1,1,1,4,4,4,4,4,4,4,2,2,4,2,2,2,2,4,4,4,4,4,4,2,2,2,2,2,2,2,2,2,2,4,4,4,2,2,2,2,2,2,2,2,4,4,4,4,2,2,4,4,2,2,4,4,4,2,2,6,6,4,4,6,6,2,2,4,4,2,2,6,6,4,4,4,4,4,4,6,6,6,6,4,4,4,4,4,4,6,6,4,4,4,4,4,4,4,4,4,4,6,6,4,4,6,6,4,4,4,4,4,4,4,4,4,4,4,4,4,2,4,4,4,6,6,2,2,2,2,4,4,6,6,4,4,4,4,4,4,4,4,6,6,6,6,4,4,4,4,4,4,4,6,6,6,6,2,2,2,2,4,4,4,4,4,2,2,2,2,4,4,4,4,6,6,4,4,4,4,2,2,6,6,4,4,4,4,4,4,4,4,2,2,2,2,2,2,2,2,4,4,4,4,2,4,6,6,4,4,4,4,6,6,4,4,4,4,4,4,4,4,4,2,2,2,2,2,2,4,4,4,4,4,4,2,2,6,6,6,6,4,4,4,4,4,4,4,4,4,4,4,4,4,4,4,4,4,4,4,4,2,2,4,4,4,4,4,4,6,6,4,4,4,4,2,2,2,2,4,4,2,2,2,2,4,4,4,4,4,4,2,2,6,6,4,4,2,2,4,4,4,4,4,6,6,2,2,4,4,2,2,2,2,2,2,4,4,4,4,4,4,4,4,4,4,4,4,4,4,2,2,4,4,2,2,4,4,4,2,2,2,2,4,4,4,4,2,2,4,4,2,2,4,4,4,2,2,2,2,4,4,4,4,2,4,6,6,4,4,4,4,4,4,4,4,4,4,4,4,4,6,6,4,4,4,4,4,2,2,4,4,6,6,4,4,4,4,2,4,4,4,4,4,4,4,4,2,2,2,2,2,2,2,4,4,4,4,6,6,2,2,4,4,4,4,4,2,2,4,4,4,4,2,2,2,6,6,2,2,2,2,2,2,4,4,4,2,2,4,4,4,4,4,2,2,4,4,4,4,4,4,2,2,2,2,4,4,4,4,6,6,4,4,2,2,4,4,2,2,2,2,4,4,4,4,4,4,4,4,4,4,2,2,4,4,4,4,2,2,2,2,4,4,2,2,2,2,2,2,2,2,2,2,2,2,4,2,2,2,2,4,4,4,2,2,4,4,2,2,2,2,4,4,4,4,2,2,4,4,4,2,4,4,2,2,4,4,4,4,4,4,6,6,4,4,2,2,4,4,4,4,4,2,2,4,4,2,2,4,4,2,2,2,2,2,2,2,2,2,2,2,2,2,2,4,4,2,2,2,2,2,2,2,2,2,2,2,2,4,4,2,2,4,2,2,2,2,2,2,2,2,2,2,2,2,2,2,2,2,2,2,2,2,2,4,4,2,2,2,2,2,2,2,2,4,4]",1.0,1.0,1.0,1.0,1.0,0.0,0.0,0.0,0.130959940326269,1.0,39.322823940176534,0.0033303798456973,1.0,0.0,0.130959940326269,0.0,0.0,0.0,0.0006547997016313,100,0.01,1.0,242700,15876,27.202137832995504,0.0743827920232433,45.19020158299827,0.9999998030579718,1.969420282410539e-07,1.0000000287502755,3.938840177353242e-07,1.0000000287502784,1.9215995817457283,0.0006276018295719,0.0,0.0,1e-12,analysis/fermionic_structure_ablation_extension_hgbs5.csv,1.969420225789165e-07,1.0,1.0000000287502755
success,,O-O_1.26_hgbs-5_as-008-010,hamiltonian_generator/o2_active_space_library/O-O/1.26/hgbs-5/O-O_1.26_hgbs-5_as-008-010.tensors.npz,O-O,1.26,hgbs-5,8,10,18,1293,2427,1770,0.7292954264524104,0,signed_parent_within_randomized,6,3707768438,"reference signed-fermionic parent-block order kept fixed and contiguous, but Pauli descendants randomly permuted inside each parent-owned block",682b1d52ae8adec2,febf0ca9c07cdbd4,"[1,1,1,1,1,1,1,1,1,1,1,1,1,1,1,1,1,1,1,1,1,1,1,1,1,1,1,1,1,1,1,1,1,1,1,1,1,1,1,1,1,1,1,1,1,1,1,1,1,1,1,1,1,1,1,1,1,1,1,1,1,1,1,4,4,6,6,4,4,1,1,1,1,1,1,1,1,1,1,1,1,1,1,1,1,1,1,1,1,1,1,1,1,1,1,1,1,1,1,1,1,1,1,1,1,1,1,1,1,4,4,4,4,4,4,1,1,1,1,1,1,1,1,1,1,1,1,1,1,1,1,1,1,1,1,1,1,1,1,1,1,1,1,1,1,1,1,1,1,1,1,1,1,1,1,1,1,1,1,1,1,1,1,1,1,1,1,1,1,4,4,4,4,4,4,1,1,1,1,1,1,1,1,1,1,1,1,1,1,4,4,4,4,4,4,4,2,2,4,2,2,2,2,4,4,4,4,4,4,2,2,2,2,2,2,2,2,2,2,4,4,4,2,2,2,2,2,2,2,2,4,4,4,4,2,2,4,4,2,2,4,4,4,2,2,6,6,4,4,6,6,2,2,4,4,2,2,6,6,4,4,4,4,4,4,6,6,6,6,4,4,4,4,4,4,6,6,4,4,4,4,4,4,4,4,4,4,6,6,4,4,6,6,4,4,4,4,4,4,4,4,4,4,4,4,4,2,4,4,4,6,6,2,2,2,2,4,4,6,6,4,4,4,4,4,4,4,4,6,6,6,6,4,4,4,4,4,4,4,6,6,6,6,2,2,2,2,4,4,4,4,4,2,2,2,2,4,4,4,4,6,6,4,4,4,4,2,2,6,6,4,4,4,4,4,4,4,4,2,2,2,2,2,2,2,2,4,4,4,4,2,4,6,6,4,4,4,4,6,6,4,4,4,4,4,4,4,4,4,2,2,2,2,2,2,4,4,4,4,4,4,2,2,6,6,6,6,4,4,4,4,4,4,4,4,4,4,4,4,4,4,4,4,4,4,4,4,2,2,4,4,4,4,4,4,6,6,4,4,4,4,2,2,2,2,4,4,2,2,2,2,4,4,4,4,4,4,2,2,6,6,4,4,2,2,4,4,4,4,4,6,6,2,2,4,4,2,2,2,2,2,2,4,4,4,4,4,4,4,4,4,4,4,4,4,4,2,2,4,4,2,2,4,4,4,2,2,2,2,4,4,4,4,2,2,4,4,2,2,4,4,4,2,2,2,2,4,4,4,4,2,4,6,6,4,4,4,4,4,4,4,4,4,4,4,4,4,6,6,4,4,4,4,4,2,2,4,4,6,6,4,4,4,4,2,4,4,4,4,4,4,4,4,2,2,2,2,2,2,2,4,4,4,4,6,6,2,2,4,4,4,4,4,2,2,4,4,4,4,2,2,2,6,6,2,2,2,2,2,2,4,4,4,2,2,4,4,4,4,4,2,2,4,4,4,4,4,4,2,2,2,2,4,4,4,4,6,6,4,4,2,2,4,4,2,2,2,2,4,4,4,4,4,4,4,4,4,4,2,2,4,4,4,4,2,2,2,2,4,4,2,2,2,2,2,2,2,2,2,2,2,2,4,2,2,2,2,4,4,4,2,2,4,4,2,2,2,2,4,4,4,4,2,2,4,4,4,2,4,4,2,2,4,4,4,4,4,4,6,6,4,4,2,2,4,4,4,4,4,2,2,4,4,2,2,4,4,2,2,2,2,2,2,2,2,2,2,2,2,2,2,4,4,2,2,2,2,2,2,2,2,2,2,2,2,4,4,2,2,4,2,2,2,2,2,2,2,2,2,2,2,2,2,2,2,2,2,2,2,2,2,4,4,2,2,2,2,2,2,2,2,4,4]",1.0,1.0,1.0,1.0,1.0,0.0,0.0,0.0,0.130959940326269,1.0,39.322823940176534,0.0033303798456973,1.0,0.0,0.130959940326269,0.0,0.0,0.0,0.0006547997016313,100,0.01,1.0,242700,15876,27.202137832995504,0.0743827920232433,45.12120212498121,0.9999998030579964,1.9694200359410274e-07,0.9999999036020172,3.9388396844142193e-07,0.9999999036020076,1.9215995817457416,0.0006276017903003,0.0,0.0,1e-12,analysis/fermionic_structure_ablation_extension_hgbs5.csv,1.969420225789165e-07,1.0,0.999999903602017
success,,O-O_1.26_hgbs-5_as-008-010,hamiltonian_generator/o2_active_space_library/O-O/1.26/hgbs-5/O-O_1.26_hgbs-5_as-008-010.tensors.npz,O-O,1.26,hgbs-5,8,10,18,1293,2427,1770,0.7292954264524104,0,signed_parent_within_randomized,7,1636650285,"reference signed-fermionic parent-block order kept fixed and contiguous, but Pauli descendants randomly permuted inside each parent-owned block",682b1d52ae8adec2,4bf4f910fd4dcdbf,"[1,1,1,1,1,1,1,1,1,1,1,1,1,1,1,1,1,1,1,1,1,1,1,1,1,1,1,1,1,1,1,1,1,1,1,1,1,1,1,1,1,1,1,1,1,1,1,1,1,1,1,1,1,1,1,1,1,1,1,1,1,1,1,4,4,6,6,4,4,1,1,1,1,1,1,1,1,1,1,1,1,1,1,1,1,1,1,1,1,1,1,1,1,1,1,1,1,1,1,1,1,1,1,1,1,1,1,1,1,4,4,4,4,4,4,1,1,1,1,1,1,1,1,1,1,1,1,1,1,1,1,1,1,1,1,1,1,1,1,1,1,1,1,1,1,1,1,1,1,1,1,1,1,1,1,1,1,1,1,1,1,1,1,1,1,1,1,1,1,4,4,4,4,4,4,1,1,1,1,1,1,1,1,1,1,1,1,1,1,4,4,4,4,4,4,4,2,2,4,2,2,2,2,4,4,4,4,4,4,2,2,2,2,2,2,2,2,2,2,4,4,4,2,2,2,2,2,2,2,2,4,4,4,4,2,2,4,4,2,2,4,4,4,2,2,6,6,4,4,6,6,2,2,4,4,2,2,6,6,4,4,4,4,4,4,6,6,6,6,4,4,4,4,4,4,6,6,4,4,4,4,4,4,4,4,4,4,6,6,4,4,6,6,4,4,4,4,4,4,4,4,4,4,4,4,4,2,4,4,4,6,6,2,2,2,2,4,4,6,6,4,4,4,4,4,4,4,4,6,6,6,6,4,4,4,4,4,4,4,6,6,6,6,2,2,2,2,4,4,4,4,4,2,2,2,2,4,4,4,4,6,6,4,4,4,4,2,2,6,6,4,4,4,4,4,4,4,4,2,2,2,2,2,2,2,2,4,4,4,4,2,4,6,6,4,4,4,4,6,6,4,4,4,4,4,4,4,4,4,2,2,2,2,2,2,4,4,4,4,4,4,2,2,6,6,6,6,4,4,4,4,4,4,4,4,4,4,4,4,4,4,4,4,4,4,4,4,2,2,4,4,4,4,4,4,6,6,4,4,4,4,2,2,2,2,4,4,2,2,2,2,4,4,4,4,4,4,2,2,6,6,4,4,2,2,4,4,4,4,4,6,6,2,2,4,4,2,2,2,2,2,2,4,4,4,4,4,4,4,4,4,4,4,4,4,4,2,2,4,4,2,2,4,4,4,2,2,2,2,4,4,4,4,2,2,4,4,2,2,4,4,4,2,2,2,2,4,4,4,4,2,4,6,6,4,4,4,4,4,4,4,4,4,4,4,4,4,6,6,4,4,4,4,4,2,2,4,4,6,6,4,4,4,4,2,4,4,4,4,4,4,4,4,2,2,2,2,2,2,2,4,4,4,4,6,6,2,2,4,4,4,4,4,2,2,4,4,4,4,2,2,2,6,6,2,2,2,2,2,2,4,4,4,2,2,4,4,4,4,4,2,2,4,4,4,4,4,4,2,2,2,2,4,4,4,4,6,6,4,4,2,2,4,4,2,2,2,2,4,4,4,4,4,4,4,4,4,4,2,2,4,4,4,4,2,2,2,2,4,4,2,2,2,2,2,2,2,2,2,2,2,2,4,2,2,2,2,4,4,4,2,2,4,4,2,2,2,2,4,4,4,4,2,2,4,4,4,2,4,4,2,2,4,4,4,4,4,4,6,6,4,4,2,2,4,4,4,4,4,2,2,4,4,2,2,4,4,2,2,2,2,2,2,2,2,2,2,2,2,2,2,4,4,2,2,2,2,2,2,2,2,2,2,2,2,4,4,2,2,4,2,2,2,2,2,2,2,2,2,2,2,2,2,2,2,2,2,2,2,2,2,4,4,2,2,2,2,2,2,2,2,4,4]",1.0,1.0,1.0,1.0,1.0,0.0,0.0,0.0,0.130959940326269,1.0,39.322823940176534,0.0033303798456973,1.0,0.0,0.130959940326269,0.0,0.0,0.0,0.0006547997016313,100,0.01,1.0,242700,15876,27.202137832995504,0.0743827920232433,44.91851954199956,0.9999998030579672,1.969420329039906e-07,1.0000000524269732,3.9388402706119763e-07,1.0000000524269783,1.921599581745726,0.0006276018370017,0.0,0.0,1e-12,analysis/fermionic_structure_ablation_extension_hgbs5.csv,1.969420225789165e-07,1.0,1.000000052426973
success,,O-O_1.26_hgbs-5_as-008-010,hamiltonian_generator/o2_active_space_library/O-O/1.26/hgbs-5/O-O_1.26_hgbs-5_as-008-010.tensors.npz,O-O,1.26,hgbs-5,8,10,18,1293,2427,1770,0.7292954264524104,0,signed_parent_within_randomized,8,35669080,"reference signed-fermionic parent-block order kept fixed and contiguous, but Pauli descendants randomly permuted inside each parent-owned block",682b1d52ae8adec2,f8efb9c5609e9bd7,"[1,1,1,1,1,1,1,1,1,1,1,1,1,1,1,1,1,1,1,1,1,1,1,1,1,1,1,1,1,1,1,1,1,1,1,1,1,1,1,1,1,1,1,1,1,1,1,1,1,1,1,1,1,1,1,1,1,1,1,1,1,1,1,4,4,6,6,4,4,1,1,1,1,1,1,1,1,1,1,1,1,1,1,1,1,1,1,1,1,1,1,1,1,1,1,1,1,1,1,1,1,1,1,1,1,1,1,1,1,4,4,4,4,4,4,1,1,1,1,1,1,1,1,1,1,1,1,1,1,1,1,1,1,1,1,1,1,1,1,1,1,1,1,1,1,1,1,1,1,1,1,1,1,1,1,1,1,1,1,1,1,1,1,1,1,1,1,1,1,4,4,4,4,4,4,1,1,1,1,1,1,1,1,1,1,1,1,1,1,4,4,4,4,4,4,4,2,2,4,2,2,2,2,4,4,4,4,4,4,2,2,2,2,2,2,2,2,2,2,4,4,4,2,2,2,2,2,2,2,2,4,4,4,4,2,2,4,4,2,2,4,4,4,2,2,6,6,4,4,6,6,2,2,4,4,2,2,6,6,4,4,4,4,4,4,6,6,6,6,4,4,4,4,4,4,6,6,4,4,4,4,4,4,4,4,4,4,6,6,4,4,6,6,4,4,4,4,4,4,4,4,4,4,4,4,4,2,4,4,4,6,6,2,2,2,2,4,4,6,6,4,4,4,4,4,4,4,4,6,6,6,6,4,4,4,4,4,4,4,6,6,6,6,2,2,2,2,4,4,4,4,4,2,2,2,2,4,4,4,4,6,6,4,4,4,4,2,2,6,6,4,4,4,4,4,4,4,4,2,2,2,2,2,2,2,2,4,4,4,4,2,4,6,6,4,4,4,4,6,6,4,4,4,4,4,4,4,4,4,2,2,2,2,2,2,4,4,4,4,4,4,2,2,6,6,6,6,4,4,4,4,4,4,4,4,4,4,4,4,4,4,4,4,4,4,4,4,2,2,4,4,4,4,4,4,6,6,4,4,4,4,2,2,2,2,4,4,2,2,2,2,4,4,4,4,4,4,2,2,6,6,4,4,2,2,4,4,4,4,4,6,6,2,2,4,4,2,2,2,2,2,2,4,4,4,4,4,4,4,4,4,4,4,4,4,4,2,2,4,4,2,2,4,4,4,2,2,2,2,4,4,4,4,2,2,4,4,2,2,4,4,4,2,2,2,2,4,4,4,4,2,4,6,6,4,4,4,4,4,4,4,4,4,4,4,4,4,6,6,4,4,4,4,4,2,2,4,4,6,6,4,4,4,4,2,4,4,4,4,4,4,4,4,2,2,2,2,2,2,2,4,4,4,4,6,6,2,2,4,4,4,4,4,2,2,4,4,4,4,2,2,2,6,6,2,2,2,2,2,2,4,4,4,2,2,4,4,4,4,4,2,2,4,4,4,4,4,4,2,2,2,2,4,4,4,4,6,6,4,4,2,2,4,4,2,2,2,2,4,4,4,4,4,4,4,4,4,4,2,2,4,4,4,4,2,2,2,2,4,4,2,2,2,2,2,2,2,2,2,2,2,2,4,2,2,2,2,4,4,4,2,2,4,4,2,2,2,2,4,4,4,4,2,2,4,4,4,2,4,4,2,2,4,4,4,4,4,4,6,6,4,4,2,2,4,4,4,4,4,2,2,4,4,2,2,4,4,2,2,2,2,2,2,2,2,2,2,2,2,2,2,4,4,2,2,2,2,2,2,2,2,2,2,2,2,4,4,2,2,4,2,2,2,2,2,2,2,2,2,2,2,2,2,2,2,2,2,2,2,2,2,4,4,2,2,2,2,2,2,2,2,4,4]",1.0,1.0,1.0,1.0,1.0,0.0,0.0,0.0,0.130959940326269,1.0,39.322823940176534,0.0033303798456973,1.0,0.0,0.130959940326269,0.0,0.0,0.0,0.0006547997016313,100,0.01,1.0,242700,15876,27.202137832995504,0.0743827920232433,45.17843358402024,0.9999998030579694,1.9694203057252227e-07,1.0000000405886245,3.938840223982609e-07,1.0000000405886285,1.9215995817457288,0.0006276018332868,0.0,0.0,1e-12,analysis/fermionic_structure_ablation_extension_hgbs5.csv,1.969420225789165e-07,1.0,1.0000000405886245
success,,O-O_1.26_hgbs-5_as-008-010,hamiltonian_generator/o2_active_space_library/O-O/1.26/hgbs-5/O-O_1.26_hgbs-5_as-008-010.tensors.npz,O-O,1.26,hgbs-5,8,10,18,1293,2427,1770,0.7292954264524104,0,signed_parent_within_randomized,9,4099730360,"reference signed-fermionic parent-block order kept fixed and contiguous, but Pauli descendants randomly permuted inside each parent-owned block",682b1d52ae8adec2,140626bd12617207,"[1,1,1,1,1,1,1,1,1,1,1,1,1,1,1,1,1,1,1,1,1,1,1,1,1,1,1,1,1,1,1,1,1,1,1,1,1,1,1,1,1,1,1,1,1,1,1,1,1,1,1,1,1,1,1,1,1,1,1,1,1,1,1,4,4,6,6,4,4,1,1,1,1,1,1,1,1,1,1,1,1,1,1,1,1,1,1,1,1,1,1,1,1,1,1,1,1,1,1,1,1,1,1,1,1,1,1,1,1,4,4,4,4,4,4,1,1,1,1,1,1,1,1,1,1,1,1,1,1,1,1,1,1,1,1,1,1,1,1,1,1,1,1,1,1,1,1,1,1,1,1,1,1,1,1,1,1,1,1,1,1,1,1,1,1,1,1,1,1,4,4,4,4,4,4,1,1,1,1,1,1,1,1,1,1,1,1,1,1,4,4,4,4,4,4,4,2,2,4,2,2,2,2,4,4,4,4,4,4,2,2,2,2,2,2,2,2,2,2,4,4,4,2,2,2,2,2,2,2,2,4,4,4,4,2,2,4,4,2,2,4,4,4,2,2,6,6,4,4,6,6,2,2,4,4,2,2,6,6,4,4,4,4,4,4,6,6,6,6,4,4,4,4,4,4,6,6,4,4,4,4,4,4,4,4,4,4,6,6,4,4,6,6,4,4,4,4,4,4,4,4,4,4,4,4,4,2,4,4,4,6,6,2,2,2,2,4,4,6,6,4,4,4,4,4,4,4,4,6,6,6,6,4,4,4,4,4,4,4,6,6,6,6,2,2,2,2,4,4,4,4,4,2,2,2,2,4,4,4,4,6,6,4,4,4,4,2,2,6,6,4,4,4,4,4,4,4,4,2,2,2,2,2,2,2,2,4,4,4,4,2,4,6,6,4,4,4,4,6,6,4,4,4,4,4,4,4,4,4,2,2,2,2,2,2,4,4,4,4,4,4,2,2,6,6,6,6,4,4,4,4,4,4,4,4,4,4,4,4,4,4,4,4,4,4,4,4,2,2,4,4,4,4,4,4,6,6,4,4,4,4,2,2,2,2,4,4,2,2,2,2,4,4,4,4,4,4,2,2,6,6,4,4,2,2,4,4,4,4,4,6,6,2,2,4,4,2,2,2,2,2,2,4,4,4,4,4,4,4,4,4,4,4,4,4,4,2,2,4,4,2,2,4,4,4,2,2,2,2,4,4,4,4,2,2,4,4,2,2,4,4,4,2,2,2,2,4,4,4,4,2,4,6,6,4,4,4,4,4,4,4,4,4,4,4,4,4,6,6,4,4,4,4,4,2,2,4,4,6,6,4,4,4,4,2,4,4,4,4,4,4,4,4,2,2,2,2,2,2,2,4,4,4,4,6,6,2,2,4,4,4,4,4,2,2,4,4,4,4,2,2,2,6,6,2,2,2,2,2,2,4,4,4,2,2,4,4,4,4,4,2,2,4,4,4,4,4,4,2,2,2,2,4,4,4,4,6,6,4,4,2,2,4,4,2,2,2,2,4,4,4,4,4,4,4,4,4,4,2,2,4,4,4,4,2,2,2,2,4,4,2,2,2,2,2,2,2,2,2,2,2,2,4,2,2,2,2,4,4,4,2,2,4,4,2,2,2,2,4,4,4,4,2,2,4,4,4,2,4,4,2,2,4,4,4,4,4,4,6,6,4,4,2,2,4,4,4,4,4,2,2,4,4,2,2,4,4,2,2,2,2,2,2,2,2,2,2,2,2,2,2,4,4,2,2,2,2,2,2,2,2,2,2,2,2,4,4,2,2,4,2,2,2,2,2,2,2,2,2,2,2,2,2,2,2,2,2,2,2,2,2,4,4,2,2,2,2,2,2,2,2,4,4]",1.0,1.0,1.0,1.0,1.0,0.0,0.0,0.0,0.130959940326269,1.0,39.322823940176534,0.0033303798456973,1.0,0.0,0.130959940326269,0.0,0.0,0.0,0.0006547997016313,100,0.01,1.0,242700,15876,27.202137832995504,0.0743827920232433,45.124195541022345,0.9999998030579728,1.9694202724185317e-07,1.0000000236766975,3.938840157369228e-07,1.0000000236767,1.921599581745732,0.0006276018279798,0.0,0.0,1e-12,analysis/fermionic_structure_ablation_extension_hgbs5.csv,1.969420225789165e-07,1.0,1.0000000236766975
