status,error_message,case_id,tensor_path,molecule,bond_length,basis,active_occupied,active_vacant,n_qubits,number_of_fermionic_terms,number_of_pauli_terms,number_of_shared_pauli_terms,shared_pauli_fraction,number_of_unowned_pauli_terms,schedule,sample_index,random_seed,ordering_definition,parent_order_hash,pauli_order_hash,reference_parent_bucket_sizes,mean_parent_runs,max_parent_runs,fraction_parents_contiguous,mean_parent_span_ratio,weighted_parent_span_ratio,orientation_flip_fraction_vs_signed_reference,weighted_orientation_flip_fraction_vs_signed_reference,cross_owner_weighted_flip_fraction_vs_signed_reference,bch2_hf_state_norm,bch_norm_ratio_to_signed_reference,bch_pair_abs_sum,bch_cancellation_ratio,bch_cancellation_ratio_to_signed_reference,bch_same_owner_norm,bch_cross_owner_norm,same_owner_pair_fraction,same_owner_abs_weight_fraction,unowned_pair_abs_weight_fraction,leading_state_error_norm_estimate,trotter_steps,trotter_dt,evolution_time,nominal_exponential_count,exact_sector_dimension,exact_build_time_seconds,exact_evolution_time_seconds,trotter_runtime_seconds,state_overlap_abs,one_minus_overlap,one_minus_overlap_ratio_to_signed_reference,state_infidelity,state_infidelity_ratio_to_signed_reference,state_vector_2norm_error,phase_aligned_state_2norm_error,particle_number_leakage,spin_sector_leakage,coefficient_tolerance,source_csv
success,,BeH2_s-1.00_hgbs-5_as-006-012,hamiltonian_generator/polyatomic_library/BeH2/s-1.00/hgbs-5/BeH2_s-1.00_hgbs-5_as-006-012.tensors.npz,BeH2,s-1.00,hgbs-5,6,12,18,1131,2075,1378,0.6640963855421687,0,fermionic_signed_reference,-1,-1,complete Hermitian fermionic terms ordered by increasing signed canonical coefficient; final combined JW Pauli order induced by first occurrence,e844d0f7c302e5ac,67ba4d5f068fbb3b,"[1,1,1,1,1,1,1,1,1,1,1,1,1,1,1,1,1,1,1,1,1,1,1,1,1,1,1,2,2,2,2,1,1,1,1,1,1,1,1,1,1,1,1,1,1,1,1,1,1,1,1,1,1,1,1,1,1,1,1,1,1,1,1,1,1,1,1,1,1,1,1,1,1,1,1,1,1,1,1,1,4,4,1,1,1,1,1,1,1,1,1,1,1,1,1,1,1,1,1,1,1,1,1,1,1,1,1,1,1,1,1,1,1,1,1,1,1,1,1,1,1,1,1,1,1,1,1,1,1,1,1,1,1,1,1,1,1,1,1,1,1,1,1,1,1,1,1,1,1,1,1,1,1,1,1,1,1,1,1,1,1,1,1,1,1,1,1,1,1,1,1,1,1,2,2,2,2,1,1,1,1,2,2,2,2,2,2,2,2,2,2,2,2,2,2,2,2,2,2,2,2,4,2,2,2,2,2,2,2,2,4,2,2,2,2,2,2,2,2,4,4,4,4,4,4,4,2,2,4,2,2,2,2,2,4,4,2,2,4,4,4,4,2,2,4,4,4,4,6,6,4,4,4,4,4,4,4,4,4,4,4,2,2,2,2,4,4,4,4,2,2,2,2,4,4,4,2,2,2,2,2,2,6,6,6,6,4,4,4,4,4,2,2,4,4,4,2,2,4,4,4,4,4,4,2,4,4,2,2,2,4,2,2,2,2,2,2,4,4,4,4,4,4,4,2,2,4,4,4,4,2,4,2,2,6,6,6,6,2,2,2,2,4,4,4,4,4,4,4,4,4,4,4,4,4,4,2,2,2,2,2,2,2,2,4,4,2,2,2,2,2,4,2,2,4,4,4,4,4,4,2,2,2,2,4,4,4,4,4,4,4,6,6,2,4,4,4,4,4,4,4,2,2,2,2,4,4,4,4,4,2,2,2,2,2,2,2,2,2,2,4,4,4,4,6,6,6,6,4,4,4,4,4,4,4,4,4,4,2,2,6,6,4,4,4,4,4,4,4,4,4,6,6,4,4,4,4,4,4,4,4,4,2,2,2,2,4,4,4,4,6,6,4,4,4,4,4,4,4,4,4,6,6,4,4,4,4,4,2,4,4,4,4,6,6,4,4,6,6,6,6,4,4,4,4,4,4,4,4,4,4,4,6,6,4,4,4,4,4,4,4,4,4,4,4,4,4,4,2,2,2,2,2,6,6,2,2,4,4,2,2,2,2,4,4,4,4,4,4,4,4,4,4,2,2,2,2,2,2,6,6,4,4,2,4,4,4,4,4,4,4,4,4,4,4,4,4,2,2,6,6,6,6,4,4,4,4,4,4,4,2,2,2,2,2,2,2,4,4,4,4,2,2,4,4,4,4,4,4,4,4,4,4,4,4,4,2,2,2,2,2,2,2,2,2,2,4,4,4,4,4,2,2,2,2,2,2,2,2,4,4,4,2,2,2,2,2,2,4,4,4,4,2,4,4,2,2,4,4,4,4,4,4,4,4,4,4,4,4,4,4,2,2,2,2,2,2,2,2,2,2,2,4,4,4,4,4,2,2,2,2,2,2,2,2,2,2,2,2,2,2,2,2,2,2,2,2,2,2,2,2,2,2,2,2,2,2,2,2,2,2,2,2,2,2,4,4,2,2,2,2,4,2,2,4,4,2,2,2,2,2,2,2,2,2,2,2,2,2,2,2,2,2,2,2,2,2,2,2,4,2]",1.0,1.0,1.0,1.0,1.0,0.0,0.0,0.0,0.080590908400813,1.0,24.707314839060015,0.0032618238333777,1.0,0.0,0.080590908400813,0.0,0.0,0.0,0.0016118181680162,25,0.04,1.0,51875,7056,7.652685166016454,0.0228370410040952,9.244717291003326,0.9999994325788292,5.674211707162868e-07,1.0,1.1348420194678963e-06,1.0,0.1882191386072641,0.0010652897922314,0.0,0.0,1e-12,analysis/final_validation_step_scaling_extension_hgbs5.csv
success,,BeH2_s-1.00_hgbs-5_as-006-012,hamiltonian_generator/polyatomic_library/BeH2/s-1.00/hgbs-5/BeH2_s-1.00_hgbs-5_as-006-012.tensors.npz,BeH2,s-1.00,hgbs-5,6,12,18,1131,2075,1378,0.6640963855421687,0,fermionic_signed_reference,-1,-1,complete Hermitian fermionic terms ordered by increasing signed canonical coefficient; final combined JW Pauli order induced by first occurrence,e844d0f7c302e5ac,67ba4d5f068fbb3b,"[1,1,1,1,1,1,1,1,1,1,1,1,1,1,1,1,1,1,1,1,1,1,1,1,1,1,1,2,2,2,2,1,1,1,1,1,1,1,1,1,1,1,1,1,1,1,1,1,1,1,1,1,1,1,1,1,1,1,1,1,1,1,1,1,1,1,1,1,1,1,1,1,1,1,1,1,1,1,1,1,4,4,1,1,1,1,1,1,1,1,1,1,1,1,1,1,1,1,1,1,1,1,1,1,1,1,1,1,1,1,1,1,1,1,1,1,1,1,1,1,1,1,1,1,1,1,1,1,1,1,1,1,1,1,1,1,1,1,1,1,1,1,1,1,1,1,1,1,1,1,1,1,1,1,1,1,1,1,1,1,1,1,1,1,1,1,1,1,1,1,1,1,1,2,2,2,2,1,1,1,1,2,2,2,2,2,2,2,2,2,2,2,2,2,2,2,2,2,2,2,2,4,2,2,2,2,2,2,2,2,4,2,2,2,2,2,2,2,2,4,4,4,4,4,4,4,2,2,4,2,2,2,2,2,4,4,2,2,4,4,4,4,2,2,4,4,4,4,6,6,4,4,4,4,4,4,4,4,4,4,4,2,2,2,2,4,4,4,4,2,2,2,2,4,4,4,2,2,2,2,2,2,6,6,6,6,4,4,4,4,4,2,2,4,4,4,2,2,4,4,4,4,4,4,2,4,4,2,2,2,4,2,2,2,2,2,2,4,4,4,4,4,4,4,2,2,4,4,4,4,2,4,2,2,6,6,6,6,2,2,2,2,4,4,4,4,4,4,4,4,4,4,4,4,4,4,2,2,2,2,2,2,2,2,4,4,2,2,2,2,2,4,2,2,4,4,4,4,4,4,2,2,2,2,4,4,4,4,4,4,4,6,6,2,4,4,4,4,4,4,4,2,2,2,2,4,4,4,4,4,2,2,2,2,2,2,2,2,2,2,4,4,4,4,6,6,6,6,4,4,4,4,4,4,4,4,4,4,2,2,6,6,4,4,4,4,4,4,4,4,4,6,6,4,4,4,4,4,4,4,4,4,2,2,2,2,4,4,4,4,6,6,4,4,4,4,4,4,4,4,4,6,6,4,4,4,4,4,2,4,4,4,4,6,6,4,4,6,6,6,6,4,4,4,4,4,4,4,4,4,4,4,6,6,4,4,4,4,4,4,4,4,4,4,4,4,4,4,2,2,2,2,2,6,6,2,2,4,4,2,2,2,2,4,4,4,4,4,4,4,4,4,4,2,2,2,2,2,2,6,6,4,4,2,4,4,4,4,4,4,4,4,4,4,4,4,4,2,2,6,6,6,6,4,4,4,4,4,4,4,2,2,2,2,2,2,2,4,4,4,4,2,2,4,4,4,4,4,4,4,4,4,4,4,4,4,2,2,2,2,2,2,2,2,2,2,4,4,4,4,4,2,2,2,2,2,2,2,2,4,4,4,2,2,2,2,2,2,4,4,4,4,2,4,4,2,2,4,4,4,4,4,4,4,4,4,4,4,4,4,4,2,2,2,2,2,2,2,2,2,2,2,4,4,4,4,4,2,2,2,2,2,2,2,2,2,2,2,2,2,2,2,2,2,2,2,2,2,2,2,2,2,2,2,2,2,2,2,2,2,2,2,2,2,2,4,4,2,2,2,2,4,2,2,4,4,2,2,2,2,2,2,2,2,2,2,2,2,2,2,2,2,2,2,2,2,2,2,2,4,2]",1.0,1.0,1.0,1.0,1.0,0.0,0.0,0.0,0.080590908400813,1.0,24.707314839060015,0.0032618238333777,1.0,0.0,0.080590908400813,0.0,0.0,0.0,0.0008059090840081,50,0.02,1.0,103750,7056,7.652685166016454,0.0228370410040952,18.501970083016204,0.9999998581641752,1.4183582475180145e-07,1.0,2.8367162940856616e-07,1.0,0.1881919127090067,0.0005326083453191,0.0,0.0,1e-12,analysis/final_validation_step_scaling_extension_hgbs5.csv
success,,BeH2_s-1.00_hgbs-5_as-006-012,hamiltonian_generator/polyatomic_library/BeH2/s-1.00/hgbs-5/BeH2_s-1.00_hgbs-5_as-006-012.tensors.npz,BeH2,s-1.00,hgbs-5,6,12,18,1131,2075,1378,0.6640963855421687,0,fermionic_signed_reference,-1,-1,complete Hermitian fermionic terms ordered by increasing signed canonical coefficient; final combined JW Pauli order induced by first occurrence,e844d0f7c302e5ac,67ba4d5f068fbb3b,"[1,1,1,1,1,1,1,1,1,1,1,1,1,1,1,1,1,1,1,1,1,1,1,1,1,1,1,2,2,2,2,1,1,1,1,1,1,1,1,1,1,1,1,1,1,1,1,1,1,1,1,1,1,1,1,1,1,1,1,1,1,1,1,1,1,1,1,1,1,1,1,1,1,1,1,1,1,1,1,1,4,4,1,1,1,1,1,1,1,1,1,1,1,1,1,1,1,1,1,1,1,1,1,1,1,1,1,1,1,1,1,1,1,1,1,1,1,1,1,1,1,1,1,1,1,1,1,1,1,1,1,1,1,1,1,1,1,1,1,1,1,1,1,1,1,1,1,1,1,1,1,1,1,1,1,1,1,1,1,1,1,1,1,1,1,1,1,1,1,1,1,1,1,2,2,2,2,1,1,1,1,2,2,2,2,2,2,2,2,2,2,2,2,2,2,2,2,2,2,2,2,4,2,2,2,2,2,2,2,2,4,2,2,2,2,2,2,2,2,4,4,4,4,4,4,4,2,2,4,2,2,2,2,2,4,4,2,2,4,4,4,4,2,2,4,4,4,4,6,6,4,4,4,4,4,4,4,4,4,4,4,2,2,2,2,4,4,4,4,2,2,2,2,4,4,4,2,2,2,2,2,2,6,6,6,6,4,4,4,4,4,2,2,4,4,4,2,2,4,4,4,4,4,4,2,4,4,2,2,2,4,2,2,2,2,2,2,4,4,4,4,4,4,4,2,2,4,4,4,4,2,4,2,2,6,6,6,6,2,2,2,2,4,4,4,4,4,4,4,4,4,4,4,4,4,4,2,2,2,2,2,2,2,2,4,4,2,2,2,2,2,4,2,2,4,4,4,4,4,4,2,2,2,2,4,4,4,4,4,4,4,6,6,2,4,4,4,4,4,4,4,2,2,2,2,4,4,4,4,4,2,2,2,2,2,2,2,2,2,2,4,4,4,4,6,6,6,6,4,4,4,4,4,4,4,4,4,4,2,2,6,6,4,4,4,4,4,4,4,4,4,6,6,4,4,4,4,4,4,4,4,4,2,2,2,2,4,4,4,4,6,6,4,4,4,4,4,4,4,4,4,6,6,4,4,4,4,4,2,4,4,4,4,6,6,4,4,6,6,6,6,4,4,4,4,4,4,4,4,4,4,4,6,6,4,4,4,4,4,4,4,4,4,4,4,4,4,4,2,2,2,2,2,6,6,2,2,4,4,2,2,2,2,4,4,4,4,4,4,4,4,4,4,2,2,2,2,2,2,6,6,4,4,2,4,4,4,4,4,4,4,4,4,4,4,4,4,2,2,6,6,6,6,4,4,4,4,4,4,4,2,2,2,2,2,2,2,4,4,4,4,2,2,4,4,4,4,4,4,4,4,4,4,4,4,4,2,2,2,2,2,2,2,2,2,2,4,4,4,4,4,2,2,2,2,2,2,2,2,4,4,4,2,2,2,2,2,2,4,4,4,4,2,4,4,2,2,4,4,4,4,4,4,4,4,4,4,4,4,4,4,2,2,2,2,2,2,2,2,2,2,2,4,4,4,4,4,2,2,2,2,2,2,2,2,2,2,2,2,2,2,2,2,2,2,2,2,2,2,2,2,2,2,2,2,2,2,2,2,2,2,2,2,2,2,4,4,2,2,2,2,4,2,2,4,4,2,2,2,2,2,2,2,2,2,2,2,2,2,2,2,2,2,2,2,2,2,2,2,4,2]",1.0,1.0,1.0,1.0,1.0,0.0,0.0,0.0,0.080590908400813,1.0,24.707314839060015,0.0032618238333777,1.0,0.0,0.080590908400813,0.0,0.0,0.0,0.000402954542004,100,0.01,1.0,207500,7056,7.652685166016454,0.0228370410040952,36.97412637498928,0.9999999645426026,3.545739735155706e-08,1.0,7.09147934818688e-08,1.0,0.1881787259521352,0.0002662983190016,5.099254352103344e-13,5.100364575127969e-13,1e-12,analysis/final_validation_step_scaling_extension_hgbs5.csv
success,,BeH2_s-1.00_hgbs-5_as-006-012,hamiltonian_generator/polyatomic_library/BeH2/s-1.00/hgbs-5/BeH2_s-1.00_hgbs-5_as-006-012.tensors.npz,BeH2,s-1.00,hgbs-5,6,12,18,1131,2075,1378,0.6640963855421687,0,fermionic_signed_reference,-1,-1,complete Hermitian fermionic terms ordered by increasing signed canonical coefficient; final combined JW Pauli order induced by first occurrence,e844d0f7c302e5ac,67ba4d5f068fbb3b,"[1,1,1,1,1,1,1,1,1,1,1,1,1,1,1,1,1,1,1,1,1,1,1,1,1,1,1,2,2,2,2,1,1,1,1,1,1,1,1,1,1,1,1,1,1,1,1,1,1,1,1,1,1,1,1,1,1,1,1,1,1,1,1,1,1,1,1,1,1,1,1,1,1,1,1,1,1,1,1,1,4,4,1,1,1,1,1,1,1,1,1,1,1,1,1,1,1,1,1,1,1,1,1,1,1,1,1,1,1,1,1,1,1,1,1,1,1,1,1,1,1,1,1,1,1,1,1,1,1,1,1,1,1,1,1,1,1,1,1,1,1,1,1,1,1,1,1,1,1,1,1,1,1,1,1,1,1,1,1,1,1,1,1,1,1,1,1,1,1,1,1,1,1,2,2,2,2,1,1,1,1,2,2,2,2,2,2,2,2,2,2,2,2,2,2,2,2,2,2,2,2,4,2,2,2,2,2,2,2,2,4,2,2,2,2,2,2,2,2,4,4,4,4,4,4,4,2,2,4,2,2,2,2,2,4,4,2,2,4,4,4,4,2,2,4,4,4,4,6,6,4,4,4,4,4,4,4,4,4,4,4,2,2,2,2,4,4,4,4,2,2,2,2,4,4,4,2,2,2,2,2,2,6,6,6,6,4,4,4,4,4,2,2,4,4,4,2,2,4,4,4,4,4,4,2,4,4,2,2,2,4,2,2,2,2,2,2,4,4,4,4,4,4,4,2,2,4,4,4,4,2,4,2,2,6,6,6,6,2,2,2,2,4,4,4,4,4,4,4,4,4,4,4,4,4,4,2,2,2,2,2,2,2,2,4,4,2,2,2,2,2,4,2,2,4,4,4,4,4,4,2,2,2,2,4,4,4,4,4,4,4,6,6,2,4,4,4,4,4,4,4,2,2,2,2,4,4,4,4,4,2,2,2,2,2,2,2,2,2,2,4,4,4,4,6,6,6,6,4,4,4,4,4,4,4,4,4,4,2,2,6,6,4,4,4,4,4,4,4,4,4,6,6,4,4,4,4,4,4,4,4,4,2,2,2,2,4,4,4,4,6,6,4,4,4,4,4,4,4,4,4,6,6,4,4,4,4,4,2,4,4,4,4,6,6,4,4,6,6,6,6,4,4,4,4,4,4,4,4,4,4,4,6,6,4,4,4,4,4,4,4,4,4,4,4,4,4,4,2,2,2,2,2,6,6,2,2,4,4,2,2,2,2,4,4,4,4,4,4,4,4,4,4,2,2,2,2,2,2,6,6,4,4,2,4,4,4,4,4,4,4,4,4,4,4,4,4,2,2,6,6,6,6,4,4,4,4,4,4,4,2,2,2,2,2,2,2,4,4,4,4,2,2,4,4,4,4,4,4,4,4,4,4,4,4,4,2,2,2,2,2,2,2,2,2,2,4,4,4,4,4,2,2,2,2,2,2,2,2,4,4,4,2,2,2,2,2,2,4,4,4,4,2,4,4,2,2,4,4,4,4,4,4,4,4,4,4,4,4,4,4,2,2,2,2,2,2,2,2,2,2,2,4,4,4,4,4,2,2,2,2,2,2,2,2,2,2,2,2,2,2,2,2,2,2,2,2,2,2,2,2,2,2,2,2,2,2,2,2,2,2,2,2,2,2,4,4,2,2,2,2,4,2,2,4,4,2,2,2,2,2,2,2,2,2,2,2,2,2,2,2,2,2,2,2,2,2,2,2,4,2]",1.0,1.0,1.0,1.0,1.0,0.0,0.0,0.0,0.080590908400813,1.0,24.707314839060015,0.0032618238333777,1.0,0.0,0.080590908400813,0.0,0.0,0.0,0.000201477271002,200,0.005,1.0,415000,7056,7.652685166016454,0.0228370410040952,74.11861450001015,0.9999999911352516,8.864748379799892e-09,1.0,1.772949664857748e-08,1.0,0.1881722391406034,0.0001331521564211,2.2474244687487044e-12,2.2472024241437794e-12,1e-12,analysis/final_validation_step_scaling_extension_hgbs5.csv
success,,BeH2_s-1.00_hgbs-5_as-006-012,hamiltonian_generator/polyatomic_library/BeH2/s-1.00/hgbs-5/BeH2_s-1.00_hgbs-5_as-006-012.tensors.npz,BeH2,s-1.00,hgbs-5,6,12,18,1131,2075,1378,0.6640963855421687,0,fermionic_signed_reference,-1,-1,complete Hermitian fermionic terms ordered by increasing signed canonical coefficient; final combined JW Pauli order induced by first occurrence,e844d0f7c302e5ac,67ba4d5f068fbb3b,"[1,1,1,1,1,1,1,1,1,1,1,1,1,1,1,1,1,1,1,1,1,1,1,1,1,1,1,2,2,2,2,1,1,1,1,1,1,1,1,1,1,1,1,1,1,1,1,1,1,1,1,1,1,1,1,1,1,1,1,1,1,1,1,1,1,1,1,1,1,1,1,1,1,1,1,1,1,1,1,1,4,4,1,1,1,1,1,1,1,1,1,1,1,1,1,1,1,1,1,1,1,1,1,1,1,1,1,1,1,1,1,1,1,1,1,1,1,1,1,1,1,1,1,1,1,1,1,1,1,1,1,1,1,1,1,1,1,1,1,1,1,1,1,1,1,1,1,1,1,1,1,1,1,1,1,1,1,1,1,1,1,1,1,1,1,1,1,1,1,1,1,1,1,2,2,2,2,1,1,1,1,2,2,2,2,2,2,2,2,2,2,2,2,2,2,2,2,2,2,2,2,4,2,2,2,2,2,2,2,2,4,2,2,2,2,2,2,2,2,4,4,4,4,4,4,4,2,2,4,2,2,2,2,2,4,4,2,2,4,4,4,4,2,2,4,4,4,4,6,6,4,4,4,4,4,4,4,4,4,4,4,2,2,2,2,4,4,4,4,2,2,2,2,4,4,4,2,2,2,2,2,2,6,6,6,6,4,4,4,4,4,2,2,4,4,4,2,2,4,4,4,4,4,4,2,4,4,2,2,2,4,2,2,2,2,2,2,4,4,4,4,4,4,4,2,2,4,4,4,4,2,4,2,2,6,6,6,6,2,2,2,2,4,4,4,4,4,4,4,4,4,4,4,4,4,4,2,2,2,2,2,2,2,2,4,4,2,2,2,2,2,4,2,2,4,4,4,4,4,4,2,2,2,2,4,4,4,4,4,4,4,6,6,2,4,4,4,4,4,4,4,2,2,2,2,4,4,4,4,4,2,2,2,2,2,2,2,2,2,2,4,4,4,4,6,6,6,6,4,4,4,4,4,4,4,4,4,4,2,2,6,6,4,4,4,4,4,4,4,4,4,6,6,4,4,4,4,4,4,4,4,4,2,2,2,2,4,4,4,4,6,6,4,4,4,4,4,4,4,4,4,6,6,4,4,4,4,4,2,4,4,4,4,6,6,4,4,6,6,6,6,4,4,4,4,4,4,4,4,4,4,4,6,6,4,4,4,4,4,4,4,4,4,4,4,4,4,4,2,2,2,2,2,6,6,2,2,4,4,2,2,2,2,4,4,4,4,4,4,4,4,4,4,2,2,2,2,2,2,6,6,4,4,2,4,4,4,4,4,4,4,4,4,4,4,4,4,2,2,6,6,6,6,4,4,4,4,4,4,4,2,2,2,2,2,2,2,4,4,4,4,2,2,4,4,4,4,4,4,4,4,4,4,4,4,4,2,2,2,2,2,2,2,2,2,2,4,4,4,4,4,2,2,2,2,2,2,2,2,4,4,4,2,2,2,2,2,2,4,4,4,4,2,4,4,2,2,4,4,4,4,4,4,4,4,4,4,4,4,4,4,2,2,2,2,2,2,2,2,2,2,2,4,4,4,4,4,2,2,2,2,2,2,2,2,2,2,2,2,2,2,2,2,2,2,2,2,2,2,2,2,2,2,2,2,2,2,2,2,2,2,2,2,2,2,4,4,2,2,2,2,4,2,2,4,4,2,2,2,2,2,2,2,2,2,2,2,2,2,2,2,2,2,2,2,2,2,2,2,4,2]",1.0,1.0,1.0,1.0,1.0,0.0,0.0,0.0,0.080590908400813,1.0,24.707314839060015,0.0032618238333777,1.0,0.0,0.080590908400813,0.0,0.0,0.0,0.000100738635501,400,0.0025,1.0,830000,7056,7.652685166016454,0.0228370410040952,147.77715329200146,0.9999999977836784,2.2163215707138302e-09,1.0,4.432643141427661e-09,1.0,0.188169022376206,6.657809806105655e-05,1.977751296067254e-12,1.977973340672179e-12,1e-12,analysis/final_validation_step_scaling_extension_hgbs5.csv
success,,BeH2_s-1.00_hgbs-5_as-006-012,hamiltonian_generator/polyatomic_library/BeH2/s-1.00/hgbs-5/BeH2_s-1.00_hgbs-5_as-006-012.tensors.npz,BeH2,s-1.00,hgbs-5,6,12,18,1131,2075,1378,0.6640963855421687,0,jw_signed_baseline,-1,-1,final JW Pauli terms ordered directly by increasing signed coefficient with dense Pauli lexicographic tie-breaking,,f601fc0cdc31dc55,"[1,1,1,1,1,1,1,1,1,1,1,1,1,1,1,1,1,1,1,1,1,1,1,1,1,1,1,2,2,2,2,1,1,1,1,1,1,1,1,1,1,1,1,1,1,1,1,1,1,1,1,1,1,1,1,1,1,1,1,1,1,1,1,1,1,1,1,1,1,1,1,1,1,1,1,1,1,1,1,1,4,4,1,1,1,1,1,1,1,1,1,1,1,1,1,1,1,1,1,1,1,1,1,1,1,1,1,1,1,1,1,1,1,1,1,1,1,1,1,1,1,1,1,1,1,1,1,1,1,1,1,1,1,1,1,1,1,1,1,1,1,1,1,1,1,1,1,1,1,1,1,1,1,1,1,1,1,1,1,1,1,1,1,1,1,1,1,1,1,1,1,1,1,2,2,2,2,1,1,1,1,2,2,2,2,2,2,2,2,2,2,2,2,2,2,2,2,2,2,2,2,4,2,2,2,2,2,2,2,2,4,2,2,2,2,2,2,2,2,4,4,4,4,4,4,4,2,2,4,2,2,2,2,2,4,4,2,2,4,4,4,4,2,2,4,4,4,4,6,6,4,4,4,4,4,4,4,4,4,4,4,2,2,2,2,4,4,4,4,2,2,2,2,4,4,4,2,2,2,2,2,2,6,6,6,6,4,4,4,4,4,2,2,4,4,4,2,2,4,4,4,4,4,4,2,4,4,2,2,2,4,2,2,2,2,2,2,4,4,4,4,4,4,4,2,2,4,4,4,4,2,4,2,2,6,6,6,6,2,2,2,2,4,4,4,4,4,4,4,4,4,4,4,4,4,4,2,2,2,2,2,2,2,2,4,4,2,2,2,2,2,4,2,2,4,4,4,4,4,4,2,2,2,2,4,4,4,4,4,4,4,6,6,2,4,4,4,4,4,4,4,2,2,2,2,4,4,4,4,4,2,2,2,2,2,2,2,2,2,2,4,4,4,4,6,6,6,6,4,4,4,4,4,4,4,4,4,4,2,2,6,6,4,4,4,4,4,4,4,4,4,6,6,4,4,4,4,4,4,4,4,4,2,2,2,2,4,4,4,4,6,6,4,4,4,4,4,4,4,4,4,6,6,4,4,4,4,4,2,4,4,4,4,6,6,4,4,6,6,6,6,4,4,4,4,4,4,4,4,4,4,4,6,6,4,4,4,4,4,4,4,4,4,4,4,4,4,4,2,2,2,2,2,6,6,2,2,4,4,2,2,2,2,4,4,4,4,4,4,4,4,4,4,2,2,2,2,2,2,6,6,4,4,2,4,4,4,4,4,4,4,4,4,4,4,4,4,2,2,6,6,6,6,4,4,4,4,4,4,4,2,2,2,2,2,2,2,4,4,4,4,2,2,4,4,4,4,4,4,4,4,4,4,4,4,4,2,2,2,2,2,2,2,2,2,2,4,4,4,4,4,2,2,2,2,2,2,2,2,4,4,4,2,2,2,2,2,2,4,4,4,4,2,4,4,2,2,4,4,4,4,4,4,4,4,4,4,4,4,4,4,2,2,2,2,2,2,2,2,2,2,2,4,4,4,4,4,2,2,2,2,2,2,2,2,2,2,2,2,2,2,2,2,2,2,2,2,2,2,2,2,2,2,2,2,2,2,2,2,2,2,2,2,2,2,4,4,2,2,2,2,4,2,2,4,4,2,2,2,2,2,2,2,2,2,2,2,2,2,2,2,2,2,2,2,2,2,2,2,4,2]",1.3455978975032852,3.0,0.7319316688567674,51.245072273324574,78.72240963855421,0.6199600906701391,0.8000194162881742,0.8000194162881742,0.2594395352793175,3.2192159193567336,24.707314839060015,0.0105005152105467,3.2192159193567336,0.0,0.2594395352793175,0.0,0.0,0.0,0.0051887907055863,25,0.04,1.0,51875,7056,7.652685166016454,0.0228370410040952,9.259304916020485,0.9999971500843284,2.849915671676584e-06,5.022575502565368,5.6998232212945865e-06,5.022569770519348,0.18815917428934,0.0023874319557535,5.536042356091286e-06,5.536064422884124e-06,1e-12,analysis/final_validation_step_scaling_extension_hgbs5.csv
success,,BeH2_s-1.00_hgbs-5_as-006-012,hamiltonian_generator/polyatomic_library/BeH2/s-1.00/hgbs-5/BeH2_s-1.00_hgbs-5_as-006-012.tensors.npz,BeH2,s-1.00,hgbs-5,6,12,18,1131,2075,1378,0.6640963855421687,0,jw_signed_baseline,-1,-1,final JW Pauli terms ordered directly by increasing signed coefficient with dense Pauli lexicographic tie-breaking,,f601fc0cdc31dc55,"[1,1,1,1,1,1,1,1,1,1,1,1,1,1,1,1,1,1,1,1,1,1,1,1,1,1,1,2,2,2,2,1,1,1,1,1,1,1,1,1,1,1,1,1,1,1,1,1,1,1,1,1,1,1,1,1,1,1,1,1,1,1,1,1,1,1,1,1,1,1,1,1,1,1,1,1,1,1,1,1,4,4,1,1,1,1,1,1,1,1,1,1,1,1,1,1,1,1,1,1,1,1,1,1,1,1,1,1,1,1,1,1,1,1,1,1,1,1,1,1,1,1,1,1,1,1,1,1,1,1,1,1,1,1,1,1,1,1,1,1,1,1,1,1,1,1,1,1,1,1,1,1,1,1,1,1,1,1,1,1,1,1,1,1,1,1,1,1,1,1,1,1,1,2,2,2,2,1,1,1,1,2,2,2,2,2,2,2,2,2,2,2,2,2,2,2,2,2,2,2,2,4,2,2,2,2,2,2,2,2,4,2,2,2,2,2,2,2,2,4,4,4,4,4,4,4,2,2,4,2,2,2,2,2,4,4,2,2,4,4,4,4,2,2,4,4,4,4,6,6,4,4,4,4,4,4,4,4,4,4,4,2,2,2,2,4,4,4,4,2,2,2,2,4,4,4,2,2,2,2,2,2,6,6,6,6,4,4,4,4,4,2,2,4,4,4,2,2,4,4,4,4,4,4,2,4,4,2,2,2,4,2,2,2,2,2,2,4,4,4,4,4,4,4,2,2,4,4,4,4,2,4,2,2,6,6,6,6,2,2,2,2,4,4,4,4,4,4,4,4,4,4,4,4,4,4,2,2,2,2,2,2,2,2,4,4,2,2,2,2,2,4,2,2,4,4,4,4,4,4,2,2,2,2,4,4,4,4,4,4,4,6,6,2,4,4,4,4,4,4,4,2,2,2,2,4,4,4,4,4,2,2,2,2,2,2,2,2,2,2,4,4,4,4,6,6,6,6,4,4,4,4,4,4,4,4,4,4,2,2,6,6,4,4,4,4,4,4,4,4,4,6,6,4,4,4,4,4,4,4,4,4,2,2,2,2,4,4,4,4,6,6,4,4,4,4,4,4,4,4,4,6,6,4,4,4,4,4,2,4,4,4,4,6,6,4,4,6,6,6,6,4,4,4,4,4,4,4,4,4,4,4,6,6,4,4,4,4,4,4,4,4,4,4,4,4,4,4,2,2,2,2,2,6,6,2,2,4,4,2,2,2,2,4,4,4,4,4,4,4,4,4,4,2,2,2,2,2,2,6,6,4,4,2,4,4,4,4,4,4,4,4,4,4,4,4,4,2,2,6,6,6,6,4,4,4,4,4,4,4,2,2,2,2,2,2,2,4,4,4,4,2,2,4,4,4,4,4,4,4,4,4,4,4,4,4,2,2,2,2,2,2,2,2,2,2,4,4,4,4,4,2,2,2,2,2,2,2,2,4,4,4,2,2,2,2,2,2,4,4,4,4,2,4,4,2,2,4,4,4,4,4,4,4,4,4,4,4,4,4,4,2,2,2,2,2,2,2,2,2,2,2,4,4,4,4,4,2,2,2,2,2,2,2,2,2,2,2,2,2,2,2,2,2,2,2,2,2,2,2,2,2,2,2,2,2,2,2,2,2,2,2,2,2,2,4,4,2,2,2,2,4,2,2,4,4,2,2,2,2,2,2,2,2,2,2,2,2,2,2,2,2,2,2,2,2,2,2,2,4,2]",1.3455978975032852,3.0,0.7319316688567674,51.245072273324574,78.72240963855421,0.6199600906701391,0.8000194162881742,0.8000194162881742,0.2594395352793175,3.2192159193567336,24.707314839060015,0.0105005152105467,3.2192159193567336,0.0,0.2594395352793175,0.0,0.0,0.0,0.0025943953527931,50,0.02,1.0,103750,7056,7.652685166016454,0.0228370410040952,18.482777124998393,0.9999992884382352,7.115617647324157e-07,5.016798583697581,1.42312302309211e-06,5.016797154016471,0.1881610387322178,0.0011929474126988,1.382200921939969e-06,1.3822064413027135e-06,1e-12,analysis/final_validation_step_scaling_extension_hgbs5.csv
success,,BeH2_s-1.00_hgbs-5_as-006-012,hamiltonian_generator/polyatomic_library/BeH2/s-1.00/hgbs-5/BeH2_s-1.00_hgbs-5_as-006-012.tensors.npz,BeH2,s-1.00,hgbs-5,6,12,18,1131,2075,1378,0.6640963855421687,0,jw_signed_baseline,-1,-1,final JW Pauli terms ordered directly by increasing signed coefficient with dense Pauli lexicographic tie-breaking,,f601fc0cdc31dc55,"[1,1,1,1,1,1,1,1,1,1,1,1,1,1,1,1,1,1,1,1,1,1,1,1,1,1,1,2,2,2,2,1,1,1,1,1,1,1,1,1,1,1,1,1,1,1,1,1,1,1,1,1,1,1,1,1,1,1,1,1,1,1,1,1,1,1,1,1,1,1,1,1,1,1,1,1,1,1,1,1,4,4,1,1,1,1,1,1,1,1,1,1,1,1,1,1,1,1,1,1,1,1,1,1,1,1,1,1,1,1,1,1,1,1,1,1,1,1,1,1,1,1,1,1,1,1,1,1,1,1,1,1,1,1,1,1,1,1,1,1,1,1,1,1,1,1,1,1,1,1,1,1,1,1,1,1,1,1,1,1,1,1,1,1,1,1,1,1,1,1,1,1,1,2,2,2,2,1,1,1,1,2,2,2,2,2,2,2,2,2,2,2,2,2,2,2,2,2,2,2,2,4,2,2,2,2,2,2,2,2,4,2,2,2,2,2,2,2,2,4,4,4,4,4,4,4,2,2,4,2,2,2,2,2,4,4,2,2,4,4,4,4,2,2,4,4,4,4,6,6,4,4,4,4,4,4,4,4,4,4,4,2,2,2,2,4,4,4,4,2,2,2,2,4,4,4,2,2,2,2,2,2,6,6,6,6,4,4,4,4,4,2,2,4,4,4,2,2,4,4,4,4,4,4,2,4,4,2,2,2,4,2,2,2,2,2,2,4,4,4,4,4,4,4,2,2,4,4,4,4,2,4,2,2,6,6,6,6,2,2,2,2,4,4,4,4,4,4,4,4,4,4,4,4,4,4,2,2,2,2,2,2,2,2,4,4,2,2,2,2,2,4,2,2,4,4,4,4,4,4,2,2,2,2,4,4,4,4,4,4,4,6,6,2,4,4,4,4,4,4,4,2,2,2,2,4,4,4,4,4,2,2,2,2,2,2,2,2,2,2,4,4,4,4,6,6,6,6,4,4,4,4,4,4,4,4,4,4,2,2,6,6,4,4,4,4,4,4,4,4,4,6,6,4,4,4,4,4,4,4,4,4,2,2,2,2,4,4,4,4,6,6,4,4,4,4,4,4,4,4,4,6,6,4,4,4,4,4,2,4,4,4,4,6,6,4,4,6,6,6,6,4,4,4,4,4,4,4,4,4,4,4,6,6,4,4,4,4,4,4,4,4,4,4,4,4,4,4,2,2,2,2,2,6,6,2,2,4,4,2,2,2,2,4,4,4,4,4,4,4,4,4,4,2,2,2,2,2,2,6,6,4,4,2,4,4,4,4,4,4,4,4,4,4,4,4,4,2,2,6,6,6,6,4,4,4,4,4,4,4,2,2,2,2,2,2,2,4,4,4,4,2,2,4,4,4,4,4,4,4,4,4,4,4,4,4,2,2,2,2,2,2,2,2,2,2,4,4,4,4,4,2,2,2,2,2,2,2,2,4,4,4,2,2,2,2,2,2,4,4,4,4,2,4,4,2,2,4,4,4,4,4,4,4,4,4,4,4,4,4,4,2,2,2,2,2,2,2,2,2,2,2,4,4,4,4,4,2,2,2,2,2,2,2,2,2,2,2,2,2,2,2,2,2,2,2,2,2,2,2,2,2,2,2,2,2,2,2,2,2,2,2,2,2,2,4,4,2,2,2,2,4,2,2,4,4,2,2,2,2,2,2,2,2,2,2,2,2,2,2,2,2,2,2,2,2,2,2,2,4,2]",1.3455978975032852,3.0,0.7319316688567674,51.245072273324574,78.72240963855421,0.6199600906701391,0.8000194162881742,0.8000194162881742,0.2594395352793175,3.2192159193567336,24.707314839060015,0.0105005152105467,3.2192159193567336,0.0,0.2594395352793175,0.0,0.0,0.0,0.0012971976763965,100,0.01,1.0,207500,7056,7.652685166016454,0.0228370410040952,36.98227454198059,0.9999998221666144,1.7783338546184527e-07,5.0154100059472055,3.556667392823343e-07,5.015409646130743,0.1881630679152156,0.0005963780436297,3.454382123679878e-07,3.45439592597252e-07,1e-12,analysis/final_validation_step_scaling_extension_hgbs5.csv
success,,BeH2_s-1.00_hgbs-5_as-006-012,hamiltonian_generator/polyatomic_library/BeH2/s-1.00/hgbs-5/BeH2_s-1.00_hgbs-5_as-006-012.tensors.npz,BeH2,s-1.00,hgbs-5,6,12,18,1131,2075,1378,0.6640963855421687,0,jw_signed_baseline,-1,-1,final JW Pauli terms ordered directly by increasing signed coefficient with dense Pauli lexicographic tie-breaking,,f601fc0cdc31dc55,"[1,1,1,1,1,1,1,1,1,1,1,1,1,1,1,1,1,1,1,1,1,1,1,1,1,1,1,2,2,2,2,1,1,1,1,1,1,1,1,1,1,1,1,1,1,1,1,1,1,1,1,1,1,1,1,1,1,1,1,1,1,1,1,1,1,1,1,1,1,1,1,1,1,1,1,1,1,1,1,1,4,4,1,1,1,1,1,1,1,1,1,1,1,1,1,1,1,1,1,1,1,1,1,1,1,1,1,1,1,1,1,1,1,1,1,1,1,1,1,1,1,1,1,1,1,1,1,1,1,1,1,1,1,1,1,1,1,1,1,1,1,1,1,1,1,1,1,1,1,1,1,1,1,1,1,1,1,1,1,1,1,1,1,1,1,1,1,1,1,1,1,1,1,2,2,2,2,1,1,1,1,2,2,2,2,2,2,2,2,2,2,2,2,2,2,2,2,2,2,2,2,4,2,2,2,2,2,2,2,2,4,2,2,2,2,2,2,2,2,4,4,4,4,4,4,4,2,2,4,2,2,2,2,2,4,4,2,2,4,4,4,4,2,2,4,4,4,4,6,6,4,4,4,4,4,4,4,4,4,4,4,2,2,2,2,4,4,4,4,2,2,2,2,4,4,4,2,2,2,2,2,2,6,6,6,6,4,4,4,4,4,2,2,4,4,4,2,2,4,4,4,4,4,4,2,4,4,2,2,2,4,2,2,2,2,2,2,4,4,4,4,4,4,4,2,2,4,4,4,4,2,4,2,2,6,6,6,6,2,2,2,2,4,4,4,4,4,4,4,4,4,4,4,4,4,4,2,2,2,2,2,2,2,2,4,4,2,2,2,2,2,4,2,2,4,4,4,4,4,4,2,2,2,2,4,4,4,4,4,4,4,6,6,2,4,4,4,4,4,4,4,2,2,2,2,4,4,4,4,4,2,2,2,2,2,2,2,2,2,2,4,4,4,4,6,6,6,6,4,4,4,4,4,4,4,4,4,4,2,2,6,6,4,4,4,4,4,4,4,4,4,6,6,4,4,4,4,4,4,4,4,4,2,2,2,2,4,4,4,4,6,6,4,4,4,4,4,4,4,4,4,6,6,4,4,4,4,4,2,4,4,4,4,6,6,4,4,6,6,6,6,4,4,4,4,4,4,4,4,4,4,4,6,6,4,4,4,4,4,4,4,4,4,4,4,4,4,4,2,2,2,2,2,6,6,2,2,4,4,2,2,2,2,4,4,4,4,4,4,4,4,4,4,2,2,2,2,2,2,6,6,4,4,2,4,4,4,4,4,4,4,4,4,4,4,4,4,2,2,6,6,6,6,4,4,4,4,4,4,4,2,2,2,2,2,2,2,4,4,4,4,2,2,4,4,4,4,4,4,4,4,4,4,4,4,4,2,2,2,2,2,2,2,2,2,2,4,4,4,4,4,2,2,2,2,2,2,2,2,4,4,4,2,2,2,2,2,2,4,4,4,4,2,4,4,2,2,4,4,4,4,4,4,4,4,4,4,4,4,4,4,2,2,2,2,2,2,2,2,2,2,2,4,4,4,4,4,2,2,2,2,2,2,2,2,2,2,2,2,2,2,2,2,2,2,2,2,2,2,2,2,2,2,2,2,2,2,2,2,2,2,2,2,2,2,4,4,2,2,2,2,4,2,2,4,4,2,2,2,2,2,2,2,2,2,2,2,2,2,2,2,2,2,2,2,2,2,2,2,4,2]",1.3455978975032852,3.0,0.7319316688567674,51.245072273324574,78.72240963855421,0.6199600906701391,0.8000194162881742,0.8000194162881742,0.2594395352793175,3.2192159193567336,24.707314839060015,0.0105005152105467,3.2192159193567336,0.0,0.2594395352793175,0.0,0.0,0.0,0.0006485988381982,200,0.005,1.0,415000,7056,7.652685166016454,0.0228370410040952,73.92611266599852,0.9999999555448346,4.445516543771788e-08,5.014825411065011,8.891032887703433e-08,5.014825329751705,0.188164354981104,0.0002981783541363,8.635432102721553e-08,8.635466619555389e-08,1e-12,analysis/final_validation_step_scaling_extension_hgbs5.csv
success,,BeH2_s-1.00_hgbs-5_as-006-012,hamiltonian_generator/polyatomic_library/BeH2/s-1.00/hgbs-5/BeH2_s-1.00_hgbs-5_as-006-012.tensors.npz,BeH2,s-1.00,hgbs-5,6,12,18,1131,2075,1378,0.6640963855421687,0,jw_signed_baseline,-1,-1,final JW Pauli terms ordered directly by increasing signed coefficient with dense Pauli lexicographic tie-breaking,,f601fc0cdc31dc55,"[1,1,1,1,1,1,1,1,1,1,1,1,1,1,1,1,1,1,1,1,1,1,1,1,1,1,1,2,2,2,2,1,1,1,1,1,1,1,1,1,1,1,1,1,1,1,1,1,1,1,1,1,1,1,1,1,1,1,1,1,1,1,1,1,1,1,1,1,1,1,1,1,1,1,1,1,1,1,1,1,4,4,1,1,1,1,1,1,1,1,1,1,1,1,1,1,1,1,1,1,1,1,1,1,1,1,1,1,1,1,1,1,1,1,1,1,1,1,1,1,1,1,1,1,1,1,1,1,1,1,1,1,1,1,1,1,1,1,1,1,1,1,1,1,1,1,1,1,1,1,1,1,1,1,1,1,1,1,1,1,1,1,1,1,1,1,1,1,1,1,1,1,1,2,2,2,2,1,1,1,1,2,2,2,2,2,2,2,2,2,2,2,2,2,2,2,2,2,2,2,2,4,2,2,2,2,2,2,2,2,4,2,2,2,2,2,2,2,2,4,4,4,4,4,4,4,2,2,4,2,2,2,2,2,4,4,2,2,4,4,4,4,2,2,4,4,4,4,6,6,4,4,4,4,4,4,4,4,4,4,4,2,2,2,2,4,4,4,4,2,2,2,2,4,4,4,2,2,2,2,2,2,6,6,6,6,4,4,4,4,4,2,2,4,4,4,2,2,4,4,4,4,4,4,2,4,4,2,2,2,4,2,2,2,2,2,2,4,4,4,4,4,4,4,2,2,4,4,4,4,2,4,2,2,6,6,6,6,2,2,2,2,4,4,4,4,4,4,4,4,4,4,4,4,4,4,2,2,2,2,2,2,2,2,4,4,2,2,2,2,2,4,2,2,4,4,4,4,4,4,2,2,2,2,4,4,4,4,4,4,4,6,6,2,4,4,4,4,4,4,4,2,2,2,2,4,4,4,4,4,2,2,2,2,2,2,2,2,2,2,4,4,4,4,6,6,6,6,4,4,4,4,4,4,4,4,4,4,2,2,6,6,4,4,4,4,4,4,4,4,4,6,6,4,4,4,4,4,4,4,4,4,2,2,2,2,4,4,4,4,6,6,4,4,4,4,4,4,4,4,4,6,6,4,4,4,4,4,2,4,4,4,4,6,6,4,4,6,6,6,6,4,4,4,4,4,4,4,4,4,4,4,6,6,4,4,4,4,4,4,4,4,4,4,4,4,4,4,2,2,2,2,2,6,6,2,2,4,4,2,2,2,2,4,4,4,4,4,4,4,4,4,4,2,2,2,2,2,2,6,6,4,4,2,4,4,4,4,4,4,4,4,4,4,4,4,4,2,2,6,6,6,6,4,4,4,4,4,4,4,2,2,2,2,2,2,2,4,4,4,4,2,2,4,4,4,4,4,4,4,4,4,4,4,4,4,2,2,2,2,2,2,2,2,2,2,4,4,4,4,4,2,2,2,2,2,2,2,2,4,4,4,2,2,2,2,2,2,4,4,4,4,2,4,4,2,2,4,4,4,4,4,4,4,4,4,4,4,4,4,4,2,2,2,2,2,2,2,2,2,2,2,4,4,4,4,4,2,2,2,2,2,2,2,2,2,2,2,2,2,2,2,2,2,2,2,2,2,2,2,2,2,2,2,2,2,2,2,2,2,2,2,2,2,2,4,4,2,2,2,2,4,2,2,4,4,2,2,2,2,2,2,2,2,2,2,2,2,2,2,2,2,2,2,2,2,2,2,2,4,2]",1.3455978975032852,3.0,0.7319316688567674,51.245072273324574,78.72240963855421,0.6199600906701391,0.8000194162881742,0.8000194162881742,0.2594395352793175,3.2192159193567336,24.707314839060015,0.0105005152105467,3.2192159193567336,0.0,0.2594395352793175,0.0,0.0,0.0,0.0003242994190991,400,0.0025,1.0,830000,7056,7.652685166016454,0.0228370410040952,147.78402641700814,0.9999999888860366,1.1113963416242711e-08,5.014598767210093,2.222792672146312e-08,5.014598742163569,0.1881650665210396,0.0001490903311166,2.1590049303910064e-08,2.1590135568239077e-08,1e-12,analysis/final_validation_step_scaling_extension_hgbs5.csv
success,,H2O_s-1.00_hgbs-5_as-008-010,hamiltonian_generator/polyatomic_library/H2O/s-1.00/hgbs-5/H2O_s-1.00_hgbs-5_as-008-010.tensors.npz,H2O,s-1.00,hgbs-5,8,10,18,1367,2563,1770,0.6905969566913773,0,fermionic_signed_reference,-1,-1,complete Hermitian fermionic terms ordered by increasing signed canonical coefficient; final combined JW Pauli order induced by first occurrence,fb24c603e4ec6703,605153d7d565324a,"[1,1,1,1,1,1,1,1,1,1,1,1,1,1,1,1,1,1,1,1,1,1,1,1,1,1,1,1,1,1,1,1,1,1,1,1,1,1,1,1,1,1,1,1,1,1,2,2,2,2,1,1,1,1,1,1,1,1,1,1,1,1,1,1,1,1,1,1,1,1,1,1,1,1,1,1,1,1,1,1,4,1,1,1,4,1,1,1,4,1,1,1,1,1,1,1,1,1,1,1,1,1,1,1,1,1,1,1,1,1,1,1,1,1,1,1,1,1,1,1,1,1,1,1,1,1,1,1,1,1,1,1,1,1,1,1,1,1,1,1,1,1,1,1,1,1,1,1,1,1,1,1,1,1,1,1,1,1,1,1,1,1,1,1,1,1,4,1,1,1,1,1,1,1,1,1,1,1,1,4,4,2,2,2,2,4,4,4,2,4,2,2,2,2,2,2,2,2,2,2,2,2,2,2,2,2,2,2,2,4,4,2,2,2,2,2,2,2,2,2,2,2,2,2,2,2,2,2,2,2,2,2,2,2,2,2,2,4,2,4,2,4,2,2,2,2,4,4,2,2,4,2,4,2,2,4,4,4,2,4,4,4,4,2,2,6,6,2,2,4,4,2,2,4,4,2,2,2,2,2,2,2,2,2,2,2,2,2,2,2,2,4,4,4,2,2,2,4,4,4,4,2,4,4,4,4,4,4,4,4,4,4,4,2,2,4,4,4,4,4,4,4,4,4,6,6,6,6,6,6,4,4,4,4,4,4,4,4,4,4,4,4,4,6,6,2,2,4,4,4,4,4,6,6,6,6,4,4,2,2,4,4,4,4,2,2,6,6,4,2,2,4,4,4,4,4,4,4,2,2,6,6,4,4,4,4,4,6,6,4,4,4,2,2,4,4,4,4,4,4,4,6,6,4,2,4,4,4,4,4,6,6,4,4,4,4,4,4,4,2,2,4,4,4,4,4,4,2,4,4,4,6,6,4,4,4,4,4,4,6,6,6,6,4,4,4,4,4,6,6,4,6,6,4,4,2,2,4,4,4,4,2,2,6,6,4,4,4,4,4,4,4,6,6,4,4,4,4,4,4,4,4,4,4,4,4,4,4,4,4,4,4,2,2,4,4,2,4,2,4,4,4,4,4,4,4,4,4,4,4,4,4,4,4,6,6,6,6,6,6,4,4,4,6,6,4,4,4,4,6,6,2,2,2,2,4,4,4,4,4,4,2,2,2,2,4,2,2,2,2,6,6,4,4,4,4,4,4,2,2,2,2,4,4,4,2,2,4,4,4,4,4,4,4,4,4,4,4,4,2,2,2,2,4,4,4,2,2,2,2,2,4,4,4,2,2,4,4,4,4,2,4,4,4,4,4,2,2,2,4,4,4,4,4,4,4,4,4,4,4,4,4,4,4,4,2,2,4,2,2,4,2,4,4,4,4,4,4,2,2,2,4,4,2,2,4,2,2,2,2,2,4,4,4,2,2,2,2,4,4,2,4,4,4,4,4,4,6,6,2,2,2,4,2,2,2,2,4,4,4,4,4,4,4,4,2,2,2,2,2,2,2,2,4,2,2,4,2,2,4,2,2,2,2,4,2,2,4,4,2,2,4,4,4,2,2,4,2,2,2,2,6,6,4,4,4,4,2,2,4,2,4,4,4,4,4,2,2,4,4,2,2,4,2,2,4,4,4,2,2,6,6,4,4,4,4,2,2,2,2,2,2,2,2,4,4,4,4,4,4,4,2,2,4,4,4,4,2,2,2,2,2,4,4,4,4,4,4,4,4,4,4,4,2,4,4,4,4,4,4,4,4,4,4,2,2,2,2,4,4,4,4,2,2,4,4,4,4,4,4,4,4,2,2,2,2,2,2,2,2,2,2,4,2,2,4,2,2,2,2,2,2,2,2,2,2,2,2,2,2,2,2,2,2,2,2,2,2,2,2,2,2,2,2,2,2,2,2,2,2,2,2,2,2,2,2,2,2,2,2,2,2,2,2,2,2,2,2,2,2,2,2,2,2,2]",1.0,1.0,1.0,1.0,1.0,0.0,0.0,0.0,0.0383300245087807,1.0,41.18633489559596,0.0009306490758632,1.0,0.0,0.0383300245087807,0.0,0.0,0.0,0.0007666004901756,25,0.04,1.0,64075,15876,27.51748820900684,0.0864373339863959,11.48668158298824,0.9999997936476372,2.06352362752682e-07,1.0,4.127046828727998e-07,1.0,1.1242728987977728,0.0006424209877528,5.617728504603293e-14,5.6288307348495437e-14,1e-12,analysis/final_validation_step_scaling_extension_hgbs5.csv
success,,H2O_s-1.00_hgbs-5_as-008-010,hamiltonian_generator/polyatomic_library/H2O/s-1.00/hgbs-5/H2O_s-1.00_hgbs-5_as-008-010.tensors.npz,H2O,s-1.00,hgbs-5,8,10,18,1367,2563,1770,0.6905969566913773,0,fermionic_signed_reference,-1,-1,complete Hermitian fermionic terms ordered by increasing signed canonical coefficient; final combined JW Pauli order induced by first occurrence,fb24c603e4ec6703,605153d7d565324a,"[1,1,1,1,1,1,1,1,1,1,1,1,1,1,1,1,1,1,1,1,1,1,1,1,1,1,1,1,1,1,1,1,1,1,1,1,1,1,1,1,1,1,1,1,1,1,2,2,2,2,1,1,1,1,1,1,1,1,1,1,1,1,1,1,1,1,1,1,1,1,1,1,1,1,1,1,1,1,1,1,4,1,1,1,4,1,1,1,4,1,1,1,1,1,1,1,1,1,1,1,1,1,1,1,1,1,1,1,1,1,1,1,1,1,1,1,1,1,1,1,1,1,1,1,1,1,1,1,1,1,1,1,1,1,1,1,1,1,1,1,1,1,1,1,1,1,1,1,1,1,1,1,1,1,1,1,1,1,1,1,1,1,1,1,1,1,4,1,1,1,1,1,1,1,1,1,1,1,1,4,4,2,2,2,2,4,4,4,2,4,2,2,2,2,2,2,2,2,2,2,2,2,2,2,2,2,2,2,2,4,4,2,2,2,2,2,2,2,2,2,2,2,2,2,2,2,2,2,2,2,2,2,2,2,2,2,2,4,2,4,2,4,2,2,2,2,4,4,2,2,4,2,4,2,2,4,4,4,2,4,4,4,4,2,2,6,6,2,2,4,4,2,2,4,4,2,2,2,2,2,2,2,2,2,2,2,2,2,2,2,2,4,4,4,2,2,2,4,4,4,4,2,4,4,4,4,4,4,4,4,4,4,4,2,2,4,4,4,4,4,4,4,4,4,6,6,6,6,6,6,4,4,4,4,4,4,4,4,4,4,4,4,4,6,6,2,2,4,4,4,4,4,6,6,6,6,4,4,2,2,4,4,4,4,2,2,6,6,4,2,2,4,4,4,4,4,4,4,2,2,6,6,4,4,4,4,4,6,6,4,4,4,2,2,4,4,4,4,4,4,4,6,6,4,2,4,4,4,4,4,6,6,4,4,4,4,4,4,4,2,2,4,4,4,4,4,4,2,4,4,4,6,6,4,4,4,4,4,4,6,6,6,6,4,4,4,4,4,6,6,4,6,6,4,4,2,2,4,4,4,4,2,2,6,6,4,4,4,4,4,4,4,6,6,4,4,4,4,4,4,4,4,4,4,4,4,4,4,4,4,4,4,2,2,4,4,2,4,2,4,4,4,4,4,4,4,4,4,4,4,4,4,4,4,6,6,6,6,6,6,4,4,4,6,6,4,4,4,4,6,6,2,2,2,2,4,4,4,4,4,4,2,2,2,2,4,2,2,2,2,6,6,4,4,4,4,4,4,2,2,2,2,4,4,4,2,2,4,4,4,4,4,4,4,4,4,4,4,4,2,2,2,2,4,4,4,2,2,2,2,2,4,4,4,2,2,4,4,4,4,2,4,4,4,4,4,2,2,2,4,4,4,4,4,4,4,4,4,4,4,4,4,4,4,4,2,2,4,2,2,4,2,4,4,4,4,4,4,2,2,2,4,4,2,2,4,2,2,2,2,2,4,4,4,2,2,2,2,4,4,2,4,4,4,4,4,4,6,6,2,2,2,4,2,2,2,2,4,4,4,4,4,4,4,4,2,2,2,2,2,2,2,2,4,2,2,4,2,2,4,2,2,2,2,4,2,2,4,4,2,2,4,4,4,2,2,4,2,2,2,2,6,6,4,4,4,4,2,2,4,2,4,4,4,4,4,2,2,4,4,2,2,4,2,2,4,4,4,2,2,6,6,4,4,4,4,2,2,2,2,2,2,2,2,4,4,4,4,4,4,4,2,2,4,4,4,4,2,2,2,2,2,4,4,4,4,4,4,4,4,4,4,4,2,4,4,4,4,4,4,4,4,4,4,2,2,2,2,4,4,4,4,2,2,4,4,4,4,4,4,4,4,2,2,2,2,2,2,2,2,2,2,4,2,2,4,2,2,2,2,2,2,2,2,2,2,2,2,2,2,2,2,2,2,2,2,2,2,2,2,2,2,2,2,2,2,2,2,2,2,2,2,2,2,2,2,2,2,2,2,2,2,2,2,2,2,2,2,2,2,2,2,2,2,2]",1.0,1.0,1.0,1.0,1.0,0.0,0.0,0.0,0.0383300245087807,1.0,41.18633489559596,0.0009306490758632,1.0,0.0,0.0383300245087807,0.0,0.0,0.0,0.0003833002450878,50,0.02,1.0,128150,15876,27.51748820900684,0.0864373339863959,22.911527749995003,0.9999999484219088,5.157809124245461e-08,1.0,1.0315617982037396e-07,1.0,1.1242704055386326,0.0003211793618601,2.934319454084289e-13,2.935429677108914e-13,1e-12,analysis/final_validation_step_scaling_extension_hgbs5.csv
success,,H2O_s-1.00_hgbs-5_as-008-010,hamiltonian_generator/polyatomic_library/H2O/s-1.00/hgbs-5/H2O_s-1.00_hgbs-5_as-008-010.tensors.npz,H2O,s-1.00,hgbs-5,8,10,18,1367,2563,1770,0.6905969566913773,0,fermionic_signed_reference,-1,-1,complete Hermitian fermionic terms ordered by increasing signed canonical coefficient; final combined JW Pauli order induced by first occurrence,fb24c603e4ec6703,605153d7d565324a,"[1,1,1,1,1,1,1,1,1,1,1,1,1,1,1,1,1,1,1,1,1,1,1,1,1,1,1,1,1,1,1,1,1,1,1,1,1,1,1,1,1,1,1,1,1,1,2,2,2,2,1,1,1,1,1,1,1,1,1,1,1,1,1,1,1,1,1,1,1,1,1,1,1,1,1,1,1,1,1,1,4,1,1,1,4,1,1,1,4,1,1,1,1,1,1,1,1,1,1,1,1,1,1,1,1,1,1,1,1,1,1,1,1,1,1,1,1,1,1,1,1,1,1,1,1,1,1,1,1,1,1,1,1,1,1,1,1,1,1,1,1,1,1,1,1,1,1,1,1,1,1,1,1,1,1,1,1,1,1,1,1,1,1,1,1,1,4,1,1,1,1,1,1,1,1,1,1,1,1,4,4,2,2,2,2,4,4,4,2,4,2,2,2,2,2,2,2,2,2,2,2,2,2,2,2,2,2,2,2,4,4,2,2,2,2,2,2,2,2,2,2,2,2,2,2,2,2,2,2,2,2,2,2,2,2,2,2,4,2,4,2,4,2,2,2,2,4,4,2,2,4,2,4,2,2,4,4,4,2,4,4,4,4,2,2,6,6,2,2,4,4,2,2,4,4,2,2,2,2,2,2,2,2,2,2,2,2,2,2,2,2,4,4,4,2,2,2,4,4,4,4,2,4,4,4,4,4,4,4,4,4,4,4,2,2,4,4,4,4,4,4,4,4,4,6,6,6,6,6,6,4,4,4,4,4,4,4,4,4,4,4,4,4,6,6,2,2,4,4,4,4,4,6,6,6,6,4,4,2,2,4,4,4,4,2,2,6,6,4,2,2,4,4,4,4,4,4,4,2,2,6,6,4,4,4,4,4,6,6,4,4,4,2,2,4,4,4,4,4,4,4,6,6,4,2,4,4,4,4,4,6,6,4,4,4,4,4,4,4,2,2,4,4,4,4,4,4,2,4,4,4,6,6,4,4,4,4,4,4,6,6,6,6,4,4,4,4,4,6,6,4,6,6,4,4,2,2,4,4,4,4,2,2,6,6,4,4,4,4,4,4,4,6,6,4,4,4,4,4,4,4,4,4,4,4,4,4,4,4,4,4,4,2,2,4,4,2,4,2,4,4,4,4,4,4,4,4,4,4,4,4,4,4,4,6,6,6,6,6,6,4,4,4,6,6,4,4,4,4,6,6,2,2,2,2,4,4,4,4,4,4,2,2,2,2,4,2,2,2,2,6,6,4,4,4,4,4,4,2,2,2,2,4,4,4,2,2,4,4,4,4,4,4,4,4,4,4,4,4,2,2,2,2,4,4,4,2,2,2,2,2,4,4,4,2,2,4,4,4,4,2,4,4,4,4,4,2,2,2,4,4,4,4,4,4,4,4,4,4,4,4,4,4,4,4,2,2,4,2,2,4,2,4,4,4,4,4,4,2,2,2,4,4,2,2,4,2,2,2,2,2,4,4,4,2,2,2,2,4,4,2,4,4,4,4,4,4,6,6,2,2,2,4,2,2,2,2,4,4,4,4,4,4,4,4,2,2,2,2,2,2,2,2,4,2,2,4,2,2,4,2,2,2,2,4,2,2,4,4,2,2,4,4,4,2,2,4,2,2,2,2,6,6,4,4,4,4,2,2,4,2,4,4,4,4,4,2,2,4,4,2,2,4,2,2,4,4,4,2,2,6,6,4,4,4,4,2,2,2,2,2,2,2,2,4,4,4,4,4,4,4,2,2,4,4,4,4,2,2,2,2,2,4,4,4,4,4,4,4,4,4,4,4,2,4,4,4,4,4,4,4,4,4,4,2,2,2,2,4,4,4,4,2,2,4,4,4,4,4,4,4,4,2,2,2,2,2,2,2,2,2,2,4,2,2,4,2,2,2,2,2,2,2,2,2,2,2,2,2,2,2,2,2,2,2,2,2,2,2,2,2,2,2,2,2,2,2,2,2,2,2,2,2,2,2,2,2,2,2,2,2,2,2,2,2,2,2,2,2,2,2,2,2,2,2]",1.0,1.0,1.0,1.0,1.0,0.0,0.0,0.0,0.0383300245087807,1.0,41.18633489559596,0.0009306490758632,1.0,0.0,0.0383300245087807,0.0,0.0,0.0,0.0001916501225439,100,0.01,1.0,256300,15876,27.51748820900684,0.0864373339863959,45.87006245797966,0.9999999871055356,1.2894464385126982e-08,1.0,2.5788928659231658e-08,1.0,1.124269254684803,0.0001605893171112,6.644684802381562e-13,6.643574579356938e-13,1e-12,analysis/final_validation_step_scaling_extension_hgbs5.csv
success,,H2O_s-1.00_hgbs-5_as-008-010,hamiltonian_generator/polyatomic_library/H2O/s-1.00/hgbs-5/H2O_s-1.00_hgbs-5_as-008-010.tensors.npz,H2O,s-1.00,hgbs-5,8,10,18,1367,2563,1770,0.6905969566913773,0,fermionic_signed_reference,-1,-1,complete Hermitian fermionic terms ordered by increasing signed canonical coefficient; final combined JW Pauli order induced by first occurrence,fb24c603e4ec6703,605153d7d565324a,"[1,1,1,1,1,1,1,1,1,1,1,1,1,1,1,1,1,1,1,1,1,1,1,1,1,1,1,1,1,1,1,1,1,1,1,1,1,1,1,1,1,1,1,1,1,1,2,2,2,2,1,1,1,1,1,1,1,1,1,1,1,1,1,1,1,1,1,1,1,1,1,1,1,1,1,1,1,1,1,1,4,1,1,1,4,1,1,1,4,1,1,1,1,1,1,1,1,1,1,1,1,1,1,1,1,1,1,1,1,1,1,1,1,1,1,1,1,1,1,1,1,1,1,1,1,1,1,1,1,1,1,1,1,1,1,1,1,1,1,1,1,1,1,1,1,1,1,1,1,1,1,1,1,1,1,1,1,1,1,1,1,1,1,1,1,1,4,1,1,1,1,1,1,1,1,1,1,1,1,4,4,2,2,2,2,4,4,4,2,4,2,2,2,2,2,2,2,2,2,2,2,2,2,2,2,2,2,2,2,4,4,2,2,2,2,2,2,2,2,2,2,2,2,2,2,2,2,2,2,2,2,2,2,2,2,2,2,4,2,4,2,4,2,2,2,2,4,4,2,2,4,2,4,2,2,4,4,4,2,4,4,4,4,2,2,6,6,2,2,4,4,2,2,4,4,2,2,2,2,2,2,2,2,2,2,2,2,2,2,2,2,4,4,4,2,2,2,4,4,4,4,2,4,4,4,4,4,4,4,4,4,4,4,2,2,4,4,4,4,4,4,4,4,4,6,6,6,6,6,6,4,4,4,4,4,4,4,4,4,4,4,4,4,6,6,2,2,4,4,4,4,4,6,6,6,6,4,4,2,2,4,4,4,4,2,2,6,6,4,2,2,4,4,4,4,4,4,4,2,2,6,6,4,4,4,4,4,6,6,4,4,4,2,2,4,4,4,4,4,4,4,6,6,4,2,4,4,4,4,4,6,6,4,4,4,4,4,4,4,2,2,4,4,4,4,4,4,2,4,4,4,6,6,4,4,4,4,4,4,6,6,6,6,4,4,4,4,4,6,6,4,6,6,4,4,2,2,4,4,4,4,2,2,6,6,4,4,4,4,4,4,4,6,6,4,4,4,4,4,4,4,4,4,4,4,4,4,4,4,4,4,4,2,2,4,4,2,4,2,4,4,4,4,4,4,4,4,4,4,4,4,4,4,4,6,6,6,6,6,6,4,4,4,6,6,4,4,4,4,6,6,2,2,2,2,4,4,4,4,4,4,2,2,2,2,4,2,2,2,2,6,6,4,4,4,4,4,4,2,2,2,2,4,4,4,2,2,4,4,4,4,4,4,4,4,4,4,4,4,2,2,2,2,4,4,4,2,2,2,2,2,4,4,4,2,2,4,4,4,4,2,4,4,4,4,4,2,2,2,4,4,4,4,4,4,4,4,4,4,4,4,4,4,4,4,2,2,4,2,2,4,2,4,4,4,4,4,4,2,2,2,4,4,2,2,4,2,2,2,2,2,4,4,4,2,2,2,2,4,4,2,4,4,4,4,4,4,6,6,2,2,2,4,2,2,2,2,4,4,4,4,4,4,4,4,2,2,2,2,2,2,2,2,4,2,2,4,2,2,4,2,2,2,2,4,2,2,4,4,2,2,4,4,4,2,2,4,2,2,2,2,6,6,4,4,4,4,2,2,4,2,4,4,4,4,4,2,2,4,4,2,2,4,2,2,4,4,4,2,2,6,6,4,4,4,4,2,2,2,2,2,2,2,2,4,4,4,4,4,4,4,2,2,4,4,4,4,2,2,2,2,2,4,4,4,4,4,4,4,4,4,4,4,2,4,4,4,4,4,4,4,4,4,4,2,2,2,2,4,4,4,4,2,2,4,4,4,4,4,4,4,4,2,2,2,2,2,2,2,2,2,2,4,2,2,4,2,2,2,2,2,2,2,2,2,2,2,2,2,2,2,2,2,2,2,2,2,2,2,2,2,2,2,2,2,2,2,2,2,2,2,2,2,2,2,2,2,2,2,2,2,2,2,2,2,2,2,2,2,2,2,2,2,2,2]",1.0,1.0,1.0,1.0,1.0,0.0,0.0,0.0,0.0383300245087807,1.0,41.18633489559596,0.0009306490758632,1.0,0.0,0.0383300245087807,0.0,0.0,0.0,9.582506127195184e-05,200,0.005,1.0,512600,15876,27.51748820900684,0.0864373339863959,91.87395245899096,0.9999999967752072,3.224792877176696e-09,1.0,6.449585754353393e-09,1.0,1.1242687031630036,8.03093129988882e-05,2.490341266536689e-12,2.4905633111416137e-12,1e-12,analysis/final_validation_step_scaling_extension_hgbs5.csv
success,,H2O_s-1.00_hgbs-5_as-008-010,hamiltonian_generator/polyatomic_library/H2O/s-1.00/hgbs-5/H2O_s-1.00_hgbs-5_as-008-010.tensors.npz,H2O,s-1.00,hgbs-5,8,10,18,1367,2563,1770,0.6905969566913773,0,fermionic_signed_reference,-1,-1,complete Hermitian fermionic terms ordered by increasing signed canonical coefficient; final combined JW Pauli order induced by first occurrence,fb24c603e4ec6703,605153d7d565324a,"[1,1,1,1,1,1,1,1,1,1,1,1,1,1,1,1,1,1,1,1,1,1,1,1,1,1,1,1,1,1,1,1,1,1,1,1,1,1,1,1,1,1,1,1,1,1,2,2,2,2,1,1,1,1,1,1,1,1,1,1,1,1,1,1,1,1,1,1,1,1,1,1,1,1,1,1,1,1,1,1,4,1,1,1,4,1,1,1,4,1,1,1,1,1,1,1,1,1,1,1,1,1,1,1,1,1,1,1,1,1,1,1,1,1,1,1,1,1,1,1,1,1,1,1,1,1,1,1,1,1,1,1,1,1,1,1,1,1,1,1,1,1,1,1,1,1,1,1,1,1,1,1,1,1,1,1,1,1,1,1,1,1,1,1,1,1,4,1,1,1,1,1,1,1,1,1,1,1,1,4,4,2,2,2,2,4,4,4,2,4,2,2,2,2,2,2,2,2,2,2,2,2,2,2,2,2,2,2,2,4,4,2,2,2,2,2,2,2,2,2,2,2,2,2,2,2,2,2,2,2,2,2,2,2,2,2,2,4,2,4,2,4,2,2,2,2,4,4,2,2,4,2,4,2,2,4,4,4,2,4,4,4,4,2,2,6,6,2,2,4,4,2,2,4,4,2,2,2,2,2,2,2,2,2,2,2,2,2,2,2,2,4,4,4,2,2,2,4,4,4,4,2,4,4,4,4,4,4,4,4,4,4,4,2,2,4,4,4,4,4,4,4,4,4,6,6,6,6,6,6,4,4,4,4,4,4,4,4,4,4,4,4,4,6,6,2,2,4,4,4,4,4,6,6,6,6,4,4,2,2,4,4,4,4,2,2,6,6,4,2,2,4,4,4,4,4,4,4,2,2,6,6,4,4,4,4,4,6,6,4,4,4,2,2,4,4,4,4,4,4,4,6,6,4,2,4,4,4,4,4,6,6,4,4,4,4,4,4,4,2,2,4,4,4,4,4,4,2,4,4,4,6,6,4,4,4,4,4,4,6,6,6,6,4,4,4,4,4,6,6,4,6,6,4,4,2,2,4,4,4,4,2,2,6,6,4,4,4,4,4,4,4,6,6,4,4,4,4,4,4,4,4,4,4,4,4,4,4,4,4,4,4,2,2,4,4,2,4,2,4,4,4,4,4,4,4,4,4,4,4,4,4,4,4,6,6,6,6,6,6,4,4,4,6,6,4,4,4,4,6,6,2,2,2,2,4,4,4,4,4,4,2,2,2,2,4,2,2,2,2,6,6,4,4,4,4,4,4,2,2,2,2,4,4,4,2,2,4,4,4,4,4,4,4,4,4,4,4,4,2,2,2,2,4,4,4,2,2,2,2,2,4,4,4,2,2,4,4,4,4,2,4,4,4,4,4,2,2,2,4,4,4,4,4,4,4,4,4,4,4,4,4,4,4,4,2,2,4,2,2,4,2,4,4,4,4,4,4,2,2,2,4,4,2,2,4,2,2,2,2,2,4,4,4,2,2,2,2,4,4,2,4,4,4,4,4,4,6,6,2,2,2,4,2,2,2,2,4,4,4,4,4,4,4,4,2,2,2,2,2,2,2,2,4,2,2,4,2,2,4,2,2,2,2,4,2,2,4,4,2,2,4,4,4,2,2,4,2,2,2,2,6,6,4,4,4,4,2,2,4,2,4,4,4,4,4,2,2,4,4,2,2,4,2,2,4,4,4,2,2,6,6,4,4,4,4,2,2,2,2,2,2,2,2,4,4,4,4,4,4,4,2,2,4,4,4,4,2,2,2,2,2,4,4,4,4,4,4,4,4,4,4,4,2,4,4,4,4,4,4,4,4,4,4,2,2,2,2,4,4,4,4,2,2,4,4,4,4,4,4,4,4,2,2,2,2,2,2,2,2,2,2,4,2,2,4,2,2,2,2,2,2,2,2,2,2,2,2,2,2,2,2,2,2,2,2,2,2,2,2,2,2,2,2,2,2,2,2,2,2,2,2,2,2,2,2,2,2,2,2,2,2,2,2,2,2,2,2,2,2,2,2,2,2,2]",1.0,1.0,1.0,1.0,1.0,0.0,0.0,0.0,0.0383300245087807,1.0,41.18633489559596,0.0009306490758632,1.0,0.0,0.0383300245087807,0.0,0.0,0.0,4.791253063597592e-05,400,0.0025,1.0,1025200,15876,27.51748820900684,0.0864373339863959,183.4616592499951,0.9999999991959838,8.040161869615757e-10,1.0,1.6080323739231515e-09,1.0,1.1242684333719422,4.010027897562748e-05,0.0,0.0,1e-12,analysis/final_validation_step_scaling_extension_hgbs5.csv
success,,H2O_s-1.00_hgbs-5_as-008-010,hamiltonian_generator/polyatomic_library/H2O/s-1.00/hgbs-5/H2O_s-1.00_hgbs-5_as-008-010.tensors.npz,H2O,s-1.00,hgbs-5,8,10,18,1367,2563,1770,0.6905969566913773,0,jw_signed_baseline,-1,-1,final JW Pauli terms ordered directly by increasing signed coefficient with dense Pauli lexicographic tie-breaking,,0ea577507f7934a3,"[1,1,1,1,1,1,1,1,1,1,1,1,1,1,1,1,1,1,1,1,1,1,1,1,1,1,1,1,1,1,1,1,1,1,1,1,1,1,1,1,1,1,1,1,1,1,2,2,2,2,1,1,1,1,1,1,1,1,1,1,1,1,1,1,1,1,1,1,1,1,1,1,1,1,1,1,1,1,1,1,4,1,1,1,4,1,1,1,4,1,1,1,1,1,1,1,1,1,1,1,1,1,1,1,1,1,1,1,1,1,1,1,1,1,1,1,1,1,1,1,1,1,1,1,1,1,1,1,1,1,1,1,1,1,1,1,1,1,1,1,1,1,1,1,1,1,1,1,1,1,1,1,1,1,1,1,1,1,1,1,1,1,1,1,1,1,4,1,1,1,1,1,1,1,1,1,1,1,1,4,4,2,2,2,2,4,4,4,2,4,2,2,2,2,2,2,2,2,2,2,2,2,2,2,2,2,2,2,2,4,4,2,2,2,2,2,2,2,2,2,2,2,2,2,2,2,2,2,2,2,2,2,2,2,2,2,2,4,2,4,2,4,2,2,2,2,4,4,2,2,4,2,4,2,2,4,4,4,2,4,4,4,4,2,2,6,6,2,2,4,4,2,2,4,4,2,2,2,2,2,2,2,2,2,2,2,2,2,2,2,2,4,4,4,2,2,2,4,4,4,4,2,4,4,4,4,4,4,4,4,4,4,4,2,2,4,4,4,4,4,4,4,4,4,6,6,6,6,6,6,4,4,4,4,4,4,4,4,4,4,4,4,4,6,6,2,2,4,4,4,4,4,6,6,6,6,4,4,2,2,4,4,4,4,2,2,6,6,4,2,2,4,4,4,4,4,4,4,2,2,6,6,4,4,4,4,4,6,6,4,4,4,2,2,4,4,4,4,4,4,4,6,6,4,2,4,4,4,4,4,6,6,4,4,4,4,4,4,4,2,2,4,4,4,4,4,4,2,4,4,4,6,6,4,4,4,4,4,4,6,6,6,6,4,4,4,4,4,6,6,4,6,6,4,4,2,2,4,4,4,4,2,2,6,6,4,4,4,4,4,4,4,6,6,4,4,4,4,4,4,4,4,4,4,4,4,4,4,4,4,4,4,2,2,4,4,2,4,2,4,4,4,4,4,4,4,4,4,4,4,4,4,4,4,6,6,6,6,6,6,4,4,4,6,6,4,4,4,4,6,6,2,2,2,2,4,4,4,4,4,4,2,2,2,2,4,2,2,2,2,6,6,4,4,4,4,4,4,2,2,2,2,4,4,4,2,2,4,4,4,4,4,4,4,4,4,4,4,4,2,2,2,2,4,4,4,2,2,2,2,2,4,4,4,2,2,4,4,4,4,2,4,4,4,4,4,2,2,2,4,4,4,4,4,4,4,4,4,4,4,4,4,4,4,4,2,2,4,2,2,4,2,4,4,4,4,4,4,2,2,2,4,4,2,2,4,2,2,2,2,2,4,4,4,2,2,2,2,4,4,2,4,4,4,4,4,4,6,6,2,2,2,4,2,2,2,2,4,4,4,4,4,4,4,4,2,2,2,2,2,2,2,2,4,2,2,4,2,2,4,2,2,2,2,4,2,2,4,4,2,2,4,4,4,2,2,4,2,2,2,2,6,6,4,4,4,4,2,2,4,2,4,4,4,4,4,2,2,4,4,2,2,4,2,2,4,4,4,2,2,6,6,4,4,4,4,2,2,2,2,2,2,2,2,4,4,4,4,4,4,4,2,2,4,4,4,4,2,2,2,2,2,4,4,4,4,4,4,4,4,4,4,4,2,4,4,4,4,4,4,4,4,4,4,2,2,2,2,4,4,4,4,2,2,4,4,4,4,4,4,4,4,2,2,2,2,2,2,2,2,2,2,4,2,2,4,2,2,2,2,2,2,2,2,2,2,2,2,2,2,2,2,2,2,2,2,2,2,2,2,2,2,2,2,2,2,2,2,2,2,2,2,2,2,2,2,2,2,2,2,2,2,2,2,2,2,2,2,2,2,2,2,2,2,2]",1.364245810055866,3.0,0.7184357541899441,59.31657355679702,88.002731174405,0.6853407776112564,0.8798589396168158,0.8798589396168158,0.4556230064120196,11.886843597181745,41.18633489559596,0.0110624800086481,11.88684359718174,0.0,0.4556230064120196,0.0,0.0,0.0,0.0091124601282403,25,0.04,1.0,64075,15876,27.51748820900684,0.0864373339863959,11.474335375009105,0.9999771008592808,2.2899140719290223e-05,110.97106141079357,4.579775706792244e-05,110.9698023030134,1.1242046503344396,0.0067674427547324,1.2223148795342809e-06,1.2225883813110627e-06,1e-12,analysis/final_validation_step_scaling_extension_hgbs5.csv
success,,H2O_s-1.00_hgbs-5_as-008-010,hamiltonian_generator/polyatomic_library/H2O/s-1.00/hgbs-5/H2O_s-1.00_hgbs-5_as-008-010.tensors.npz,H2O,s-1.00,hgbs-5,8,10,18,1367,2563,1770,0.6905969566913773,0,jw_signed_baseline,-1,-1,final JW Pauli terms ordered directly by increasing signed coefficient with dense Pauli lexicographic tie-breaking,,0ea577507f7934a3,"[1,1,1,1,1,1,1,1,1,1,1,1,1,1,1,1,1,1,1,1,1,1,1,1,1,1,1,1,1,1,1,1,1,1,1,1,1,1,1,1,1,1,1,1,1,1,2,2,2,2,1,1,1,1,1,1,1,1,1,1,1,1,1,1,1,1,1,1,1,1,1,1,1,1,1,1,1,1,1,1,4,1,1,1,4,1,1,1,4,1,1,1,1,1,1,1,1,1,1,1,1,1,1,1,1,1,1,1,1,1,1,1,1,1,1,1,1,1,1,1,1,1,1,1,1,1,1,1,1,1,1,1,1,1,1,1,1,1,1,1,1,1,1,1,1,1,1,1,1,1,1,1,1,1,1,1,1,1,1,1,1,1,1,1,1,1,4,1,1,1,1,1,1,1,1,1,1,1,1,4,4,2,2,2,2,4,4,4,2,4,2,2,2,2,2,2,2,2,2,2,2,2,2,2,2,2,2,2,2,4,4,2,2,2,2,2,2,2,2,2,2,2,2,2,2,2,2,2,2,2,2,2,2,2,2,2,2,4,2,4,2,4,2,2,2,2,4,4,2,2,4,2,4,2,2,4,4,4,2,4,4,4,4,2,2,6,6,2,2,4,4,2,2,4,4,2,2,2,2,2,2,2,2,2,2,2,2,2,2,2,2,4,4,4,2,2,2,4,4,4,4,2,4,4,4,4,4,4,4,4,4,4,4,2,2,4,4,4,4,4,4,4,4,4,6,6,6,6,6,6,4,4,4,4,4,4,4,4,4,4,4,4,4,6,6,2,2,4,4,4,4,4,6,6,6,6,4,4,2,2,4,4,4,4,2,2,6,6,4,2,2,4,4,4,4,4,4,4,2,2,6,6,4,4,4,4,4,6,6,4,4,4,2,2,4,4,4,4,4,4,4,6,6,4,2,4,4,4,4,4,6,6,4,4,4,4,4,4,4,2,2,4,4,4,4,4,4,2,4,4,4,6,6,4,4,4,4,4,4,6,6,6,6,4,4,4,4,4,6,6,4,6,6,4,4,2,2,4,4,4,4,2,2,6,6,4,4,4,4,4,4,4,6,6,4,4,4,4,4,4,4,4,4,4,4,4,4,4,4,4,4,4,2,2,4,4,2,4,2,4,4,4,4,4,4,4,4,4,4,4,4,4,4,4,6,6,6,6,6,6,4,4,4,6,6,4,4,4,4,6,6,2,2,2,2,4,4,4,4,4,4,2,2,2,2,4,2,2,2,2,6,6,4,4,4,4,4,4,2,2,2,2,4,4,4,2,2,4,4,4,4,4,4,4,4,4,4,4,4,2,2,2,2,4,4,4,2,2,2,2,2,4,4,4,2,2,4,4,4,4,2,4,4,4,4,4,2,2,2,4,4,4,4,4,4,4,4,4,4,4,4,4,4,4,4,2,2,4,2,2,4,2,4,4,4,4,4,4,2,2,2,4,4,2,2,4,2,2,2,2,2,4,4,4,2,2,2,2,4,4,2,4,4,4,4,4,4,6,6,2,2,2,4,2,2,2,2,4,4,4,4,4,4,4,4,2,2,2,2,2,2,2,2,4,2,2,4,2,2,4,2,2,2,2,4,2,2,4,4,2,2,4,4,4,2,2,4,2,2,2,2,6,6,4,4,4,4,2,2,4,2,4,4,4,4,4,2,2,4,4,2,2,4,2,2,4,4,4,2,2,6,6,4,4,4,4,2,2,2,2,2,2,2,2,4,4,4,4,4,4,4,2,2,4,4,4,4,2,2,2,2,2,4,4,4,4,4,4,4,4,4,4,4,2,4,4,4,4,4,4,4,4,4,4,2,2,2,2,4,4,4,4,2,2,4,4,4,4,4,4,4,4,2,2,2,2,2,2,2,2,2,2,4,2,2,4,2,2,2,2,2,2,2,2,2,2,2,2,2,2,2,2,2,2,2,2,2,2,2,2,2,2,2,2,2,2,2,2,2,2,2,2,2,2,2,2,2,2,2,2,2,2,2,2,2,2,2,2,2,2,2,2,2,2,2]",1.364245810055866,3.0,0.7184357541899441,59.31657355679702,88.002731174405,0.6853407776112564,0.8798589396168158,0.8798589396168158,0.4556230064120196,11.886843597181745,41.18633489559596,0.0110624800086481,11.88684359718174,0.0,0.4556230064120196,0.0,0.0,0.0,0.0045562300641201,50,0.02,1.0,128150,15876,27.51748820900684,0.0864373339863959,22.95228108300944,0.9999942757427054,5.724257294614787e-06,110.9823406939704,1.1448481822107226e-05,110.98202591490389,1.1242517662224087,0.003383565366478,3.034696552939309e-07,3.0354009927791026e-07,1e-12,analysis/final_validation_step_scaling_extension_hgbs5.csv
success,,H2O_s-1.00_hgbs-5_as-008-010,hamiltonian_generator/polyatomic_library/H2O/s-1.00/hgbs-5/H2O_s-1.00_hgbs-5_as-008-010.tensors.npz,H2O,s-1.00,hgbs-5,8,10,18,1367,2563,1770,0.6905969566913773,0,jw_signed_baseline,-1,-1,final JW Pauli terms ordered directly by increasing signed coefficient with dense Pauli lexicographic tie-breaking,,0ea577507f7934a3,"[1,1,1,1,1,1,1,1,1,1,1,1,1,1,1,1,1,1,1,1,1,1,1,1,1,1,1,1,1,1,1,1,1,1,1,1,1,1,1,1,1,1,1,1,1,1,2,2,2,2,1,1,1,1,1,1,1,1,1,1,1,1,1,1,1,1,1,1,1,1,1,1,1,1,1,1,1,1,1,1,4,1,1,1,4,1,1,1,4,1,1,1,1,1,1,1,1,1,1,1,1,1,1,1,1,1,1,1,1,1,1,1,1,1,1,1,1,1,1,1,1,1,1,1,1,1,1,1,1,1,1,1,1,1,1,1,1,1,1,1,1,1,1,1,1,1,1,1,1,1,1,1,1,1,1,1,1,1,1,1,1,1,1,1,1,1,4,1,1,1,1,1,1,1,1,1,1,1,1,4,4,2,2,2,2,4,4,4,2,4,2,2,2,2,2,2,2,2,2,2,2,2,2,2,2,2,2,2,2,4,4,2,2,2,2,2,2,2,2,2,2,2,2,2,2,2,2,2,2,2,2,2,2,2,2,2,2,4,2,4,2,4,2,2,2,2,4,4,2,2,4,2,4,2,2,4,4,4,2,4,4,4,4,2,2,6,6,2,2,4,4,2,2,4,4,2,2,2,2,2,2,2,2,2,2,2,2,2,2,2,2,4,4,4,2,2,2,4,4,4,4,2,4,4,4,4,4,4,4,4,4,4,4,2,2,4,4,4,4,4,4,4,4,4,6,6,6,6,6,6,4,4,4,4,4,4,4,4,4,4,4,4,4,6,6,2,2,4,4,4,4,4,6,6,6,6,4,4,2,2,4,4,4,4,2,2,6,6,4,2,2,4,4,4,4,4,4,4,2,2,6,6,4,4,4,4,4,6,6,4,4,4,2,2,4,4,4,4,4,4,4,6,6,4,2,4,4,4,4,4,6,6,4,4,4,4,4,4,4,2,2,4,4,4,4,4,4,2,4,4,4,6,6,4,4,4,4,4,4,6,6,6,6,4,4,4,4,4,6,6,4,6,6,4,4,2,2,4,4,4,4,2,2,6,6,4,4,4,4,4,4,4,6,6,4,4,4,4,4,4,4,4,4,4,4,4,4,4,4,4,4,4,2,2,4,4,2,4,2,4,4,4,4,4,4,4,4,4,4,4,4,4,4,4,6,6,6,6,6,6,4,4,4,6,6,4,4,4,4,6,6,2,2,2,2,4,4,4,4,4,4,2,2,2,2,4,2,2,2,2,6,6,4,4,4,4,4,4,2,2,2,2,4,4,4,2,2,4,4,4,4,4,4,4,4,4,4,4,4,2,2,2,2,4,4,4,2,2,2,2,2,4,4,4,2,2,4,4,4,4,2,4,4,4,4,4,2,2,2,4,4,4,4,4,4,4,4,4,4,4,4,4,4,4,4,2,2,4,2,2,4,2,4,4,4,4,4,4,2,2,2,4,4,2,2,4,2,2,2,2,2,4,4,4,2,2,2,2,4,4,2,4,4,4,4,4,4,6,6,2,2,2,4,2,2,2,2,4,4,4,4,4,4,4,4,2,2,2,2,2,2,2,2,4,2,2,4,2,2,4,2,2,2,2,4,2,2,4,4,2,2,4,4,4,2,2,4,2,2,2,2,6,6,4,4,4,4,2,2,4,2,4,4,4,4,4,2,2,4,4,2,2,4,2,2,4,4,4,2,2,6,6,4,4,4,4,2,2,2,2,2,2,2,2,4,4,4,4,4,4,4,2,2,4,4,4,4,2,2,2,2,2,4,4,4,4,4,4,4,4,4,4,4,2,4,4,4,4,4,4,4,4,4,4,2,2,2,2,4,4,4,4,2,2,4,4,4,4,4,4,4,4,2,2,2,2,2,2,2,2,2,2,4,2,2,4,2,2,2,2,2,2,2,2,2,2,2,2,2,2,2,2,2,2,2,2,2,2,2,2,2,2,2,2,2,2,2,2,2,2,2,2,2,2,2,2,2,2,2,2,2,2,2,2,2,2,2,2,2,2,2,2,2,2,2]",1.364245810055866,3.0,0.7184357541899441,59.31657355679702,88.002731174405,0.6853407776112564,0.8798589396168158,0.8798589396168158,0.4556230064120196,11.886843597181745,41.18633489559596,0.0110624800086481,11.88684359718174,0.0,0.4556230064120196,0.0,0.0,0.0,0.00227811503206,100,0.01,1.0,256300,15876,27.51748820900684,0.0864373339863959,45.87642508398858,0.9999985689503188,1.4310496810887583e-06,110.98170799086402,2.862097314260126e-06,110.9816290579245,1.124263804166175,0.001691774028107,7.57258090677837e-08,7.57437886855783e-08,1e-12,analysis/final_validation_step_scaling_extension_hgbs5.csv
success,,H2O_s-1.00_hgbs-5_as-008-010,hamiltonian_generator/polyatomic_library/H2O/s-1.00/hgbs-5/H2O_s-1.00_hgbs-5_as-008-010.tensors.npz,H2O,s-1.00,hgbs-5,8,10,18,1367,2563,1770,0.6905969566913773,0,jw_signed_baseline,-1,-1,final JW Pauli terms ordered directly by increasing signed coefficient with dense Pauli lexicographic tie-breaking,,0ea577507f7934a3,"[1,1,1,1,1,1,1,1,1,1,1,1,1,1,1,1,1,1,1,1,1,1,1,1,1,1,1,1,1,1,1,1,1,1,1,1,1,1,1,1,1,1,1,1,1,1,2,2,2,2,1,1,1,1,1,1,1,1,1,1,1,1,1,1,1,1,1,1,1,1,1,1,1,1,1,1,1,1,1,1,4,1,1,1,4,1,1,1,4,1,1,1,1,1,1,1,1,1,1,1,1,1,1,1,1,1,1,1,1,1,1,1,1,1,1,1,1,1,1,1,1,1,1,1,1,1,1,1,1,1,1,1,1,1,1,1,1,1,1,1,1,1,1,1,1,1,1,1,1,1,1,1,1,1,1,1,1,1,1,1,1,1,1,1,1,1,4,1,1,1,1,1,1,1,1,1,1,1,1,4,4,2,2,2,2,4,4,4,2,4,2,2,2,2,2,2,2,2,2,2,2,2,2,2,2,2,2,2,2,4,4,2,2,2,2,2,2,2,2,2,2,2,2,2,2,2,2,2,2,2,2,2,2,2,2,2,2,4,2,4,2,4,2,2,2,2,4,4,2,2,4,2,4,2,2,4,4,4,2,4,4,4,4,2,2,6,6,2,2,4,4,2,2,4,4,2,2,2,2,2,2,2,2,2,2,2,2,2,2,2,2,4,4,4,2,2,2,4,4,4,4,2,4,4,4,4,4,4,4,4,4,4,4,2,2,4,4,4,4,4,4,4,4,4,6,6,6,6,6,6,4,4,4,4,4,4,4,4,4,4,4,4,4,6,6,2,2,4,4,4,4,4,6,6,6,6,4,4,2,2,4,4,4,4,2,2,6,6,4,2,2,4,4,4,4,4,4,4,2,2,6,6,4,4,4,4,4,6,6,4,4,4,2,2,4,4,4,4,4,4,4,6,6,4,2,4,4,4,4,4,6,6,4,4,4,4,4,4,4,2,2,4,4,4,4,4,4,2,4,4,4,6,6,4,4,4,4,4,4,6,6,6,6,4,4,4,4,4,6,6,4,6,6,4,4,2,2,4,4,4,4,2,2,6,6,4,4,4,4,4,4,4,6,6,4,4,4,4,4,4,4,4,4,4,4,4,4,4,4,4,4,4,2,2,4,4,2,4,2,4,4,4,4,4,4,4,4,4,4,4,4,4,4,4,6,6,6,6,6,6,4,4,4,6,6,4,4,4,4,6,6,2,2,2,2,4,4,4,4,4,4,2,2,2,2,4,2,2,2,2,6,6,4,4,4,4,4,4,2,2,2,2,4,4,4,2,2,4,4,4,4,4,4,4,4,4,4,4,4,2,2,2,2,4,4,4,2,2,2,2,2,4,4,4,2,2,4,4,4,4,2,4,4,4,4,4,2,2,2,4,4,4,4,4,4,4,4,4,4,4,4,4,4,4,4,2,2,4,2,2,4,2,4,4,4,4,4,4,2,2,2,4,4,2,2,4,2,2,2,2,2,4,4,4,2,2,2,2,4,4,2,4,4,4,4,4,4,6,6,2,2,2,4,2,2,2,2,4,4,4,4,4,4,4,4,2,2,2,2,2,2,2,2,4,2,2,4,2,2,4,2,2,2,2,4,2,2,4,4,2,2,4,4,4,2,2,4,2,2,2,2,6,6,4,4,4,4,2,2,4,2,4,4,4,4,4,2,2,4,4,2,2,4,2,2,4,4,4,2,2,6,6,4,4,4,4,2,2,2,2,2,2,2,2,4,4,4,4,4,4,4,2,2,4,4,4,4,2,2,2,2,2,4,4,4,4,4,4,4,4,4,4,4,2,4,4,4,4,4,4,4,4,4,4,2,2,2,2,4,4,4,4,2,2,4,4,4,4,4,4,4,4,2,2,2,2,2,2,2,2,2,2,4,2,2,4,2,2,2,2,2,2,2,2,2,2,2,2,2,2,2,2,2,2,2,2,2,2,2,2,2,2,2,2,2,2,2,2,2,2,2,2,2,2,2,2,2,2,2,2,2,2,2,2,2,2,2,2,2,2,2,2,2,2,2]",1.364245810055866,3.0,0.7184357541899441,59.31657355679702,88.002731174405,0.6853407776112564,0.8798589396168158,0.8798589396168158,0.4556230064120196,11.886843597181745,41.18633489559596,0.0110624800086481,11.88684359718174,0.0,0.4556230064120196,0.0,0.0,0.0,0.00113905751603,200,0.005,1.0,512600,15876,27.51748820900684,0.0864373339863959,91.7382142500137,0.9999996422351984,3.577648014507773e-07,110.94194730546542,7.155294748928398e-07,110.94192745787836,1.124266945046765,0.0008458898290566,1.8923367872680785e-08,1.8927915790278863e-08,1e-12,analysis/final_validation_step_scaling_extension_hgbs5.csv
success,,H2O_s-1.00_hgbs-5_as-008-010,hamiltonian_generator/polyatomic_library/H2O/s-1.00/hgbs-5/H2O_s-1.00_hgbs-5_as-008-010.tensors.npz,H2O,s-1.00,hgbs-5,8,10,18,1367,2563,1770,0.6905969566913773,0,jw_signed_baseline,-1,-1,final JW Pauli terms ordered directly by increasing signed coefficient with dense Pauli lexicographic tie-breaking,,0ea577507f7934a3,"[1,1,1,1,1,1,1,1,1,1,1,1,1,1,1,1,1,1,1,1,1,1,1,1,1,1,1,1,1,1,1,1,1,1,1,1,1,1,1,1,1,1,1,1,1,1,2,2,2,2,1,1,1,1,1,1,1,1,1,1,1,1,1,1,1,1,1,1,1,1,1,1,1,1,1,1,1,1,1,1,4,1,1,1,4,1,1,1,4,1,1,1,1,1,1,1,1,1,1,1,1,1,1,1,1,1,1,1,1,1,1,1,1,1,1,1,1,1,1,1,1,1,1,1,1,1,1,1,1,1,1,1,1,1,1,1,1,1,1,1,1,1,1,1,1,1,1,1,1,1,1,1,1,1,1,1,1,1,1,1,1,1,1,1,1,1,4,1,1,1,1,1,1,1,1,1,1,1,1,4,4,2,2,2,2,4,4,4,2,4,2,2,2,2,2,2,2,2,2,2,2,2,2,2,2,2,2,2,2,4,4,2,2,2,2,2,2,2,2,2,2,2,2,2,2,2,2,2,2,2,2,2,2,2,2,2,2,4,2,4,2,4,2,2,2,2,4,4,2,2,4,2,4,2,2,4,4,4,2,4,4,4,4,2,2,6,6,2,2,4,4,2,2,4,4,2,2,2,2,2,2,2,2,2,2,2,2,2,2,2,2,4,4,4,2,2,2,4,4,4,4,2,4,4,4,4,4,4,4,4,4,4,4,2,2,4,4,4,4,4,4,4,4,4,6,6,6,6,6,6,4,4,4,4,4,4,4,4,4,4,4,4,4,6,6,2,2,4,4,4,4,4,6,6,6,6,4,4,2,2,4,4,4,4,2,2,6,6,4,2,2,4,4,4,4,4,4,4,2,2,6,6,4,4,4,4,4,6,6,4,4,4,2,2,4,4,4,4,4,4,4,6,6,4,2,4,4,4,4,4,6,6,4,4,4,4,4,4,4,2,2,4,4,4,4,4,4,2,4,4,4,6,6,4,4,4,4,4,4,6,6,6,6,4,4,4,4,4,6,6,4,6,6,4,4,2,2,4,4,4,4,2,2,6,6,4,4,4,4,4,4,4,6,6,4,4,4,4,4,4,4,4,4,4,4,4,4,4,4,4,4,4,2,2,4,4,2,4,2,4,4,4,4,4,4,4,4,4,4,4,4,4,4,4,6,6,6,6,6,6,4,4,4,6,6,4,4,4,4,6,6,2,2,2,2,4,4,4,4,4,4,2,2,2,2,4,2,2,2,2,6,6,4,4,4,4,4,4,2,2,2,2,4,4,4,2,2,4,4,4,4,4,4,4,4,4,4,4,4,2,2,2,2,4,4,4,2,2,2,2,2,4,4,4,2,2,4,4,4,4,2,4,4,4,4,4,2,2,2,4,4,4,4,4,4,4,4,4,4,4,4,4,4,4,4,2,2,4,2,2,4,2,4,4,4,4,4,4,2,2,2,4,4,2,2,4,2,2,2,2,2,4,4,4,2,2,2,2,4,4,2,4,4,4,4,4,4,6,6,2,2,2,4,2,2,2,2,4,4,4,4,4,4,4,4,2,2,2,2,2,2,2,2,4,2,2,4,2,2,4,2,2,2,2,4,2,2,4,4,2,2,4,4,4,2,2,4,2,2,2,2,6,6,4,4,4,4,2,2,4,2,4,4,4,4,4,2,2,4,4,2,2,4,2,2,4,4,4,2,2,6,6,4,4,4,4,2,2,2,2,2,2,2,2,4,4,4,4,4,4,4,2,2,4,4,4,4,2,2,2,2,2,4,4,4,4,4,4,4,4,4,4,4,2,4,4,4,4,4,4,4,4,4,4,2,2,2,2,4,4,4,4,2,2,4,4,4,4,4,4,4,4,2,2,2,2,2,2,2,2,2,2,4,2,2,4,2,2,2,2,2,2,2,2,2,2,2,2,2,2,2,2,2,2,2,2,2,2,2,2,2,2,2,2,2,2,2,2,2,2,2,2,2,2,2,2,2,2,2,2,2,2,2,2,2,2,2,2,2,2,2,2,2,2,2]",1.364245810055866,3.0,0.7184357541899441,59.31657355679702,88.002731174405,0.6853407776112564,0.8798589396168158,0.8798589396168158,0.4556230064120196,11.886843597181745,41.18633489559596,0.0110624800086481,11.88684359718174,0.0,0.4556230064120196,0.0,0.0,0.0,0.000569528758015,400,0.0025,1.0,1025200,15876,27.51748820900684,0.0864373339863959,183.77202162498725,0.9999999105607617,8.943923845983194e-08,111.24059429428658,1.788784689260581e-07,111.2405893232388,1.124267796089268,0.0004229402758305,4.725383195847144e-09,4.7265271696517175e-09,1e-12,analysis/final_validation_step_scaling_extension_hgbs5.csv
success,,NH3_s-1.00_hgbs-5_as-008-010,hamiltonian_generator/polyatomic_library/NH3/s-1.00/hgbs-5/NH3_s-1.00_hgbs-5_as-008-010.tensors.npz,NH3,s-1.00,hgbs-5,8,10,18,3899,7539,5642,0.7483751160631383,0,fermionic_signed_reference,-1,-1,complete Hermitian fermionic terms ordered by increasing signed canonical coefficient; final combined JW Pauli order induced by first occurrence,35908033848146f5,3987508e6556f22a,"[1,1,1,1,1,1,1,1,1,1,1,1,1,1,1,1,1,1,1,1,1,1,1,1,1,1,1,1,1,1,1,1,1,1,1,1,1,1,1,1,1,1,1,1,1,1,2,2,2,2,1,1,1,1,1,1,1,1,1,1,1,1,1,1,1,1,1,1,1,1,4,4,1,1,1,1,1,1,1,1,1,1,1,1,1,1,1,1,4,1,1,1,1,1,1,1,1,1,1,1,1,1,1,1,1,1,1,1,1,1,1,1,1,1,1,1,1,1,1,1,1,1,1,1,1,1,1,1,1,1,1,1,1,1,1,1,1,1,1,1,1,1,1,2,2,1,1,1,1,1,1,1,1,1,1,1,1,1,1,1,1,1,1,1,1,1,1,1,1,1,1,1,1,1,4,1,1,1,1,1,1,2,2,2,4,4,4,4,2,2,2,2,2,2,2,2,2,2,2,2,2,2,2,2,2,2,2,2,2,2,2,2,2,2,2,2,2,2,2,2,4,4,2,4,2,4,2,2,2,2,2,2,2,2,2,2,2,2,2,2,2,2,2,2,2,4,4,2,4,2,2,2,2,2,2,2,4,4,4,4,4,4,4,4,2,2,2,2,2,2,4,2,4,2,4,2,2,2,2,2,2,2,2,4,4,2,4,4,4,4,4,4,4,4,2,2,6,6,4,4,4,4,2,4,2,2,2,4,2,2,2,2,2,4,4,4,2,2,2,2,2,4,4,4,4,2,2,2,2,4,4,2,2,4,4,4,4,4,2,2,4,4,4,4,4,2,2,2,2,2,2,4,4,4,4,2,2,4,4,6,6,2,2,4,4,2,2,2,2,2,2,4,4,4,4,4,4,4,2,2,4,4,4,4,4,4,2,2,2,2,4,4,4,4,4,4,4,4,4,4,4,4,4,2,2,2,2,2,4,4,4,4,4,4,4,2,2,4,4,4,2,2,4,4,4,4,2,2,2,2,2,2,2,4,4,4,6,6,6,6,4,4,2,2,2,2,4,4,4,4,4,2,2,4,4,4,4,4,4,2,2,4,4,4,4,4,4,4,2,2,2,2,4,4,4,4,2,2,4,4,4,2,2,2,6,6,4,4,6,6,6,6,4,4,4,4,4,4,4,4,4,4,4,2,2,2,2,2,4,4,2,2,2,2,4,4,2,2,4,6,6,4,4,2,2,2,2,4,4,4,4,2,2,2,2,2,2,2,2,2,2,2,2,2,2,4,4,4,4,4,4,4,4,6,6,4,4,4,4,4,4,4,4,4,4,4,4,4,6,6,4,4,4,4,4,4,4,4,4,4,4,4,4,4,2,2,2,2,6,6,6,6,4,4,2,2,2,2,6,6,6,6,6,6,6,6,6,6,4,4,4,4,4,4,4,4,4,4,4,4,4,4,4,4,4,4,4,2,2,4,4,4,6,6,6,6,2,2,6,6,2,2,4,4,2,2,2,2,6,6,4,4,4,4,4,4,4,4,4,4,4,4,4,4,4,4,4,4,4,4,4,4,6,6,6,6,6,6,4,4,4,4,4,4,4,4,4,4,6,6,4,4,2,2,4,4,6,6,6,6,4,4,4,4,4,4,2,2,2,2,2,2,6,6,6,6,4,4,4,4,2,2,4,4,2,2,4,4,4,4,2,2,2,2,4,4,4,4,6,6,2,2,2,2,2,4,2,2,6,6,2,2,4,4,4,4,4,4,4,4,2,2,2,2,2,2,4,4,2,2,4,4,4,4,6,6,6,6,4,4,2,2,2,4,4,4,4,2,2,4,4,4,4,4,4,4,4,2,2,2,2,4,4,4,4,4,2,2,2,2,2,2,4,4,4,4,6,6,4,4,4,4,4,4,4,4,2,2,4,4,4,4,4,4,2,2,2,2,2,2,4,4,4,4,4,4,4,4,4,4,4,6,6,2,2,6,6,4,4,4,4,4,4,4,4,2,2,4,4,4,4,4,4,4,4,2,2,4,4,2,2,2,2,2,2,2,2,2,2,4,4,4,4,4,2,2,2,2,2,2,4,4,4,4,4,4,2,2,4,4,4,4,4,4,4,4,4,4,4,2,2,6,6,2,2,2,2,4,4,4,4,2,2,4,4,2,2,4,4,4,4,4,4,4,4,6,6,6,6,4,4,4,2,4,4,4,4,4,4,4,4,4,4,4,2,2,4,6,6,6,6,6,6,4,4,2,2,2,4,4,6,6,4,4,4,4,2,2,4,4,4,4,4,4,4,4,2,2,4,4,4,4,4,4,4,4,4,4,2,2,4,4,4,4,4,4,2,2,2,2,4,4,2,2,2,2,2,2,4,4,4,4,4,4,4,4,4,4,4,4,4,4,4,4,4,2,2,2,2,4,4,4,4,4,4,4,4,4,4,4,2,2,6,6,4,4,4,4,4,4,4,4,4,4,4,4,4,4,4,4,4,4,4,2,2,4,2,2,2,4,4,4,4,4,4,4,4,4,4,4,4,4,6,6,2,2,4,4,4,4,4,4,4,4,4,4,4,2,2,2,2,4,4,2,4,4,4,4,4,4,4,4,4,2,2,4,4,4,4,4,4,4,2,2,2,2,4,4,4,4,4,4,4,4,4,4,4,2,2,4,4,2,2,4,4,4,6,6,4,4,4,4,4,4,4,4,4,4,4,4,6,6,6,6,2,2,2,2,4,4,4,4,4,4,4,4,4,4,4,4,4,4,4,4,4,4,4,4,4,4,4,4,4,4,2,2,6,6,4,4,2,2,4,4,4,4,2,2,4,4,4,4,4,4,4,4,4,4,4,4,4,4,4,4,4,4,4,4,2,2,6,6,2,2,4,4,4,4,4,4,4,4,4,4,4,4,4,4,4,4,2,2,4,4,2,2,2,4,4,4,4,4,4,4,2,2,2,2,2,2,2,2,4,4,4,4,4,4,4,2,2,2,2,4,4,6,6,6,6,6,6,4,4,4,4,2,2,4,4,4,4,6,6,4,4,2,4,4,4,4,4,4,4,4,4,4,4,4,4,4,4,4,4,4,2,2,2,2,4,4,4,4,4,4,4,2,2,2,2,4,4,4,4,4,4,2,4,2,2,6,6,6,6,6,6,4,4,4,4,4,4,4,4,4,2,4,4,4,4,4,4,4,4,4,4,4,4,4,4,4,4,4,4,4,4,4,4,6,6,4,4,2,2,4,4,4,4,4,4,4,4,4,4,4,4,4,4,4,4,2,2,2,2,2,4,4,4,4,4,4,2,2,4,2,4,4,2,2,4,4,4,4,4,4,4,4,4,4,4,4,4,4,4,4,4,4,4,6,6,4,4,4,4,4,4,4,6,6,4,4,4,4,4,4,4,4,4,4,2,2,4,4,2,2,2,4,4,4,4,4,4,4,4,2,2,6,6,6,6,6,6,4,4,4,4,4,6,6,2,2,4,4,4,4,4,2,2,4,4,2,2,4,2,2,2,4,4,2,2,4,4,4,4,4,4,4,4,4,4,4,2,2,4,4,4,4,4,4,4,4,4,4,4,4,6,6,4,4,2,2,2,2,4,4,4,4,4,4,4,2,2,2,2,4,2,2,4,4,2,2,4,4,4,4,2,2,4,4,4,2,2,4,4,2,2,2,4,2,2,4,4,4,2,2,4,4,4,4,4,2,2,4,4,4,4,2,2,2,2,2,2,2,4,4,4,4,4,4,2,2,2,4,4,4,2,2,4,4,2,2,4,4,2,4,4,6,6,4,4,4,4,4,4,2,2,4,4,4,4,4,4,4,4,4,4,4,4,2,2,2,4,4,4,6,6,6,6,6,6,4,2,4,4,4,4,4,2,2,2,2,4,4,4,4,2,2,2,2,2,2,2,2,2,4,4,4,4,4,2,2,4,4,2,2,4,4,4,2,2,2,2,2,4,4,2,2,4,4,2,2,4,4,2,2,4,4,4,4,4,4,2,2,2,2,2,2,4,4,4,4,4,4,4,4,4,4,4,4,4,4,4,4,4,4,4,4,4,4,4,4,4,2,2,4,4,4,4,2,2,4,4,2,2,4,4,4,2,2,2,4,4,4,4,4,4,4,4,2,2,4,4,2,2,4,4,4,2,2,4,4,4,4,4,2,2,2,4,4,6,6,6,6,4,4,2,2,2,2,4,4,4,4,2,2,4,2,2,2,2,4,4,4,4,4,4,4,2,2,2,2,2,2,4,4,2,2,2,2,2,2,2,2,2,2,2,2,6,6,2,2,2,2,4,4,2,2,4,4,4,4,4,4,4,4,2,2,2,2,2,4,4,4,4,2,2,2,2,4,2,2,4,4,4,4,4,2,4,4,4,4,4,2,2,2,2,2,2,4,4,2,2,4,4,2,2,2,2,4,4,2,2,4,2,2,2,2,6,6,2,2,2,2,4,4,2,2,2,2,4,2,2,2,2,2,2,2,2,6,6,4,4,2,2,4,4,2,2,4,2,2,2,2,2,2,4,4,4,4,4,4,2,2,2,2,2,2,4,4,4,4,2,2,4,4,4,2,2,4,4,4,4,4,4,4,4,2,2,4,4,2,2,2,2,2,2,2,4,4,2,2,4,4,6,6,4,4,4,2,2,4,4,2,2,2,2,4,4,2,2,2,2,4,4,4,4,4,4,2,2,4,4,2,2,2,2,4,4,4,4,4,4,4,4,4,4,2,2,2,2,4,4,4,4,4,4,4,4,2,2,2,2,4,4,2,2,4,4,4,4,2,2,4,2,2,4,4,4,4,4,4,4,4,4,2,2,2,2,4,2,2,2,2,4,4,4,4,4,4,2,2,2,2,4,4,4,4,4,4,2,2,2,2,2,2,2,2,2,2,2,2,2,2,2,4,4,4,4,4,4,4,2,2,2,2,2,2,2,2,2,2,4,2,2,4,4,2,2,4,4,4,4,4,4,4,4,4,4,4,4,4,4,4,4,4,2,2,2,2,4,4,4,2,2,4,4,2,2,2,2,4,4,2,2,4,4,4,2,2,2,2,2,2,4,4,4,2,2,2,2,2,2,2,2,2,2,2,2,2,2,2,2,4,4,4,2,2,4,4,4,2,2,4,4,2,2,2,2,2,2,2,2,2,2,2,2,2,4,2,2,2,2,2,2,2,2,2,2,2,4,2,2,2,2,2,2,2,2,2,2,2,2,2,2,2,2,2,2,2,2,2,2,2,2,2,2,2,2,2,2,2,2,2,2,2,2,2,2,2,2,2,2,2,2,2,2,2,2,2,2,2,2,2,2,2,2,2,2,2,2,2,2,2,2,2,2,2,2,2,2,2,2,2,2,2,2,2,2,2,2,2,2,2,2,2,2,2,4,2,2]",1.0,1.0,1.0,1.0,1.0,0.0,0.0,0.0,0.0220970818059213,1.0,24.48641742107381,0.0009024220009785,1.0,0.0,0.0220970818059213,0.0,0.0,0.0,0.0004419416361184,25,0.04,1.0,188475,15876,104.8513939580007,0.253561040997738,33.90994587499881,0.9999999060630188,9.393698108262073e-08,1.0,1.8787395339447954e-07,1.0,1.7798620360798785,0.0004334443011105,0.0,0.0,1e-12,analysis/final_validation_step_scaling_extension_hgbs5.csv
success,,NH3_s-1.00_hgbs-5_as-008-010,hamiltonian_generator/polyatomic_library/NH3/s-1.00/hgbs-5/NH3_s-1.00_hgbs-5_as-008-010.tensors.npz,NH3,s-1.00,hgbs-5,8,10,18,3899,7539,5642,0.7483751160631383,0,fermionic_signed_reference,-1,-1,complete Hermitian fermionic terms ordered by increasing signed canonical coefficient; final combined JW Pauli order induced by first occurrence,35908033848146f5,3987508e6556f22a,"[1,1,1,1,1,1,1,1,1,1,1,1,1,1,1,1,1,1,1,1,1,1,1,1,1,1,1,1,1,1,1,1,1,1,1,1,1,1,1,1,1,1,1,1,1,1,2,2,2,2,1,1,1,1,1,1,1,1,1,1,1,1,1,1,1,1,1,1,1,1,4,4,1,1,1,1,1,1,1,1,1,1,1,1,1,1,1,1,4,1,1,1,1,1,1,1,1,1,1,1,1,1,1,1,1,1,1,1,1,1,1,1,1,1,1,1,1,1,1,1,1,1,1,1,1,1,1,1,1,1,1,1,1,1,1,1,1,1,1,1,1,1,1,2,2,1,1,1,1,1,1,1,1,1,1,1,1,1,1,1,1,1,1,1,1,1,1,1,1,1,1,1,1,1,4,1,1,1,1,1,1,2,2,2,4,4,4,4,2,2,2,2,2,2,2,2,2,2,2,2,2,2,2,2,2,2,2,2,2,2,2,2,2,2,2,2,2,2,2,2,4,4,2,4,2,4,2,2,2,2,2,2,2,2,2,2,2,2,2,2,2,2,2,2,2,4,4,2,4,2,2,2,2,2,2,2,4,4,4,4,4,4,4,4,2,2,2,2,2,2,4,2,4,2,4,2,2,2,2,2,2,2,2,4,4,2,4,4,4,4,4,4,4,4,2,2,6,6,4,4,4,4,2,4,2,2,2,4,2,2,2,2,2,4,4,4,2,2,2,2,2,4,4,4,4,2,2,2,2,4,4,2,2,4,4,4,4,4,2,2,4,4,4,4,4,2,2,2,2,2,2,4,4,4,4,2,2,4,4,6,6,2,2,4,4,2,2,2,2,2,2,4,4,4,4,4,4,4,2,2,4,4,4,4,4,4,2,2,2,2,4,4,4,4,4,4,4,4,4,4,4,4,4,2,2,2,2,2,4,4,4,4,4,4,4,2,2,4,4,4,2,2,4,4,4,4,2,2,2,2,2,2,2,4,4,4,6,6,6,6,4,4,2,2,2,2,4,4,4,4,4,2,2,4,4,4,4,4,4,2,2,4,4,4,4,4,4,4,2,2,2,2,4,4,4,4,2,2,4,4,4,2,2,2,6,6,4,4,6,6,6,6,4,4,4,4,4,4,4,4,4,4,4,2,2,2,2,2,4,4,2,2,2,2,4,4,2,2,4,6,6,4,4,2,2,2,2,4,4,4,4,2,2,2,2,2,2,2,2,2,2,2,2,2,2,4,4,4,4,4,4,4,4,6,6,4,4,4,4,4,4,4,4,4,4,4,4,4,6,6,4,4,4,4,4,4,4,4,4,4,4,4,4,4,2,2,2,2,6,6,6,6,4,4,2,2,2,2,6,6,6,6,6,6,6,6,6,6,4,4,4,4,4,4,4,4,4,4,4,4,4,4,4,4,4,4,4,2,2,4,4,4,6,6,6,6,2,2,6,6,2,2,4,4,2,2,2,2,6,6,4,4,4,4,4,4,4,4,4,4,4,4,4,4,4,4,4,4,4,4,4,4,6,6,6,6,6,6,4,4,4,4,4,4,4,4,4,4,6,6,4,4,2,2,4,4,6,6,6,6,4,4,4,4,4,4,2,2,2,2,2,2,6,6,6,6,4,4,4,4,2,2,4,4,2,2,4,4,4,4,2,2,2,2,4,4,4,4,6,6,2,2,2,2,2,4,2,2,6,6,2,2,4,4,4,4,4,4,4,4,2,2,2,2,2,2,4,4,2,2,4,4,4,4,6,6,6,6,4,4,2,2,2,4,4,4,4,2,2,4,4,4,4,4,4,4,4,2,2,2,2,4,4,4,4,4,2,2,2,2,2,2,4,4,4,4,6,6,4,4,4,4,4,4,4,4,2,2,4,4,4,4,4,4,2,2,2,2,2,2,4,4,4,4,4,4,4,4,4,4,4,6,6,2,2,6,6,4,4,4,4,4,4,4,4,2,2,4,4,4,4,4,4,4,4,2,2,4,4,2,2,2,2,2,2,2,2,2,2,4,4,4,4,4,2,2,2,2,2,2,4,4,4,4,4,4,2,2,4,4,4,4,4,4,4,4,4,4,4,2,2,6,6,2,2,2,2,4,4,4,4,2,2,4,4,2,2,4,4,4,4,4,4,4,4,6,6,6,6,4,4,4,2,4,4,4,4,4,4,4,4,4,4,4,2,2,4,6,6,6,6,6,6,4,4,2,2,2,4,4,6,6,4,4,4,4,2,2,4,4,4,4,4,4,4,4,2,2,4,4,4,4,4,4,4,4,4,4,2,2,4,4,4,4,4,4,2,2,2,2,4,4,2,2,2,2,2,2,4,4,4,4,4,4,4,4,4,4,4,4,4,4,4,4,4,2,2,2,2,4,4,4,4,4,4,4,4,4,4,4,2,2,6,6,4,4,4,4,4,4,4,4,4,4,4,4,4,4,4,4,4,4,4,2,2,4,2,2,2,4,4,4,4,4,4,4,4,4,4,4,4,4,6,6,2,2,4,4,4,4,4,4,4,4,4,4,4,2,2,2,2,4,4,2,4,4,4,4,4,4,4,4,4,2,2,4,4,4,4,4,4,4,2,2,2,2,4,4,4,4,4,4,4,4,4,4,4,2,2,4,4,2,2,4,4,4,6,6,4,4,4,4,4,4,4,4,4,4,4,4,6,6,6,6,2,2,2,2,4,4,4,4,4,4,4,4,4,4,4,4,4,4,4,4,4,4,4,4,4,4,4,4,4,4,2,2,6,6,4,4,2,2,4,4,4,4,2,2,4,4,4,4,4,4,4,4,4,4,4,4,4,4,4,4,4,4,4,4,2,2,6,6,2,2,4,4,4,4,4,4,4,4,4,4,4,4,4,4,4,4,2,2,4,4,2,2,2,4,4,4,4,4,4,4,2,2,2,2,2,2,2,2,4,4,4,4,4,4,4,2,2,2,2,4,4,6,6,6,6,6,6,4,4,4,4,2,2,4,4,4,4,6,6,4,4,2,4,4,4,4,4,4,4,4,4,4,4,4,4,4,4,4,4,4,2,2,2,2,4,4,4,4,4,4,4,2,2,2,2,4,4,4,4,4,4,2,4,2,2,6,6,6,6,6,6,4,4,4,4,4,4,4,4,4,2,4,4,4,4,4,4,4,4,4,4,4,4,4,4,4,4,4,4,4,4,4,4,6,6,4,4,2,2,4,4,4,4,4,4,4,4,4,4,4,4,4,4,4,4,2,2,2,2,2,4,4,4,4,4,4,2,2,4,2,4,4,2,2,4,4,4,4,4,4,4,4,4,4,4,4,4,4,4,4,4,4,4,6,6,4,4,4,4,4,4,4,6,6,4,4,4,4,4,4,4,4,4,4,2,2,4,4,2,2,2,4,4,4,4,4,4,4,4,2,2,6,6,6,6,6,6,4,4,4,4,4,6,6,2,2,4,4,4,4,4,2,2,4,4,2,2,4,2,2,2,4,4,2,2,4,4,4,4,4,4,4,4,4,4,4,2,2,4,4,4,4,4,4,4,4,4,4,4,4,6,6,4,4,2,2,2,2,4,4,4,4,4,4,4,2,2,2,2,4,2,2,4,4,2,2,4,4,4,4,2,2,4,4,4,2,2,4,4,2,2,2,4,2,2,4,4,4,2,2,4,4,4,4,4,2,2,4,4,4,4,2,2,2,2,2,2,2,4,4,4,4,4,4,2,2,2,4,4,4,2,2,4,4,2,2,4,4,2,4,4,6,6,4,4,4,4,4,4,2,2,4,4,4,4,4,4,4,4,4,4,4,4,2,2,2,4,4,4,6,6,6,6,6,6,4,2,4,4,4,4,4,2,2,2,2,4,4,4,4,2,2,2,2,2,2,2,2,2,4,4,4,4,4,2,2,4,4,2,2,4,4,4,2,2,2,2,2,4,4,2,2,4,4,2,2,4,4,2,2,4,4,4,4,4,4,2,2,2,2,2,2,4,4,4,4,4,4,4,4,4,4,4,4,4,4,4,4,4,4,4,4,4,4,4,4,4,2,2,4,4,4,4,2,2,4,4,2,2,4,4,4,2,2,2,4,4,4,4,4,4,4,4,2,2,4,4,2,2,4,4,4,2,2,4,4,4,4,4,2,2,2,4,4,6,6,6,6,4,4,2,2,2,2,4,4,4,4,2,2,4,2,2,2,2,4,4,4,4,4,4,4,2,2,2,2,2,2,4,4,2,2,2,2,2,2,2,2,2,2,2,2,6,6,2,2,2,2,4,4,2,2,4,4,4,4,4,4,4,4,2,2,2,2,2,4,4,4,4,2,2,2,2,4,2,2,4,4,4,4,4,2,4,4,4,4,4,2,2,2,2,2,2,4,4,2,2,4,4,2,2,2,2,4,4,2,2,4,2,2,2,2,6,6,2,2,2,2,4,4,2,2,2,2,4,2,2,2,2,2,2,2,2,6,6,4,4,2,2,4,4,2,2,4,2,2,2,2,2,2,4,4,4,4,4,4,2,2,2,2,2,2,4,4,4,4,2,2,4,4,4,2,2,4,4,4,4,4,4,4,4,2,2,4,4,2,2,2,2,2,2,2,4,4,2,2,4,4,6,6,4,4,4,2,2,4,4,2,2,2,2,4,4,2,2,2,2,4,4,4,4,4,4,2,2,4,4,2,2,2,2,4,4,4,4,4,4,4,4,4,4,2,2,2,2,4,4,4,4,4,4,4,4,2,2,2,2,4,4,2,2,4,4,4,4,2,2,4,2,2,4,4,4,4,4,4,4,4,4,2,2,2,2,4,2,2,2,2,4,4,4,4,4,4,2,2,2,2,4,4,4,4,4,4,2,2,2,2,2,2,2,2,2,2,2,2,2,2,2,4,4,4,4,4,4,4,2,2,2,2,2,2,2,2,2,2,4,2,2,4,4,2,2,4,4,4,4,4,4,4,4,4,4,4,4,4,4,4,4,4,2,2,2,2,4,4,4,2,2,4,4,2,2,2,2,4,4,2,2,4,4,4,2,2,2,2,2,2,4,4,4,2,2,2,2,2,2,2,2,2,2,2,2,2,2,2,2,4,4,4,2,2,4,4,4,2,2,4,4,2,2,2,2,2,2,2,2,2,2,2,2,2,4,2,2,2,2,2,2,2,2,2,2,2,4,2,2,2,2,2,2,2,2,2,2,2,2,2,2,2,2,2,2,2,2,2,2,2,2,2,2,2,2,2,2,2,2,2,2,2,2,2,2,2,2,2,2,2,2,2,2,2,2,2,2,2,2,2,2,2,2,2,2,2,2,2,2,2,2,2,2,2,2,2,2,2,2,2,2,2,2,2,2,2,2,2,2,2,2,2,2,2,4,2,2]",1.0,1.0,1.0,1.0,1.0,0.0,0.0,0.0,0.0220970818059213,1.0,24.48641742107381,0.0009024220009785,1.0,0.0,0.0220970818059213,0.0,0.0,0.0,0.0002209708180592,50,0.02,1.0,376950,15876,104.8513939580007,0.253561040997738,67.94485212498694,0.9999999765188656,2.3481134370229032e-08,1.0,4.6962268185346545e-08,1.0,1.779862438491877,0.0002167077957537,1.1686207557204398e-12,1.1687317780229025e-12,1e-12,analysis/final_validation_step_scaling_extension_hgbs5.csv
success,,NH3_s-1.00_hgbs-5_as-008-010,hamiltonian_generator/polyatomic_library/NH3/s-1.00/hgbs-5/NH3_s-1.00_hgbs-5_as-008-010.tensors.npz,NH3,s-1.00,hgbs-5,8,10,18,3899,7539,5642,0.7483751160631383,0,fermionic_signed_reference,-1,-1,complete Hermitian fermionic terms ordered by increasing signed canonical coefficient; final combined JW Pauli order induced by first occurrence,35908033848146f5,3987508e6556f22a,"[1,1,1,1,1,1,1,1,1,1,1,1,1,1,1,1,1,1,1,1,1,1,1,1,1,1,1,1,1,1,1,1,1,1,1,1,1,1,1,1,1,1,1,1,1,1,2,2,2,2,1,1,1,1,1,1,1,1,1,1,1,1,1,1,1,1,1,1,1,1,4,4,1,1,1,1,1,1,1,1,1,1,1,1,1,1,1,1,4,1,1,1,1,1,1,1,1,1,1,1,1,1,1,1,1,1,1,1,1,1,1,1,1,1,1,1,1,1,1,1,1,1,1,1,1,1,1,1,1,1,1,1,1,1,1,1,1,1,1,1,1,1,1,2,2,1,1,1,1,1,1,1,1,1,1,1,1,1,1,1,1,1,1,1,1,1,1,1,1,1,1,1,1,1,4,1,1,1,1,1,1,2,2,2,4,4,4,4,2,2,2,2,2,2,2,2,2,2,2,2,2,2,2,2,2,2,2,2,2,2,2,2,2,2,2,2,2,2,2,2,4,4,2,4,2,4,2,2,2,2,2,2,2,2,2,2,2,2,2,2,2,2,2,2,2,4,4,2,4,2,2,2,2,2,2,2,4,4,4,4,4,4,4,4,2,2,2,2,2,2,4,2,4,2,4,2,2,2,2,2,2,2,2,4,4,2,4,4,4,4,4,4,4,4,2,2,6,6,4,4,4,4,2,4,2,2,2,4,2,2,2,2,2,4,4,4,2,2,2,2,2,4,4,4,4,2,2,2,2,4,4,2,2,4,4,4,4,4,2,2,4,4,4,4,4,2,2,2,2,2,2,4,4,4,4,2,2,4,4,6,6,2,2,4,4,2,2,2,2,2,2,4,4,4,4,4,4,4,2,2,4,4,4,4,4,4,2,2,2,2,4,4,4,4,4,4,4,4,4,4,4,4,4,2,2,2,2,2,4,4,4,4,4,4,4,2,2,4,4,4,2,2,4,4,4,4,2,2,2,2,2,2,2,4,4,4,6,6,6,6,4,4,2,2,2,2,4,4,4,4,4,2,2,4,4,4,4,4,4,2,2,4,4,4,4,4,4,4,2,2,2,2,4,4,4,4,2,2,4,4,4,2,2,2,6,6,4,4,6,6,6,6,4,4,4,4,4,4,4,4,4,4,4,2,2,2,2,2,4,4,2,2,2,2,4,4,2,2,4,6,6,4,4,2,2,2,2,4,4,4,4,2,2,2,2,2,2,2,2,2,2,2,2,2,2,4,4,4,4,4,4,4,4,6,6,4,4,4,4,4,4,4,4,4,4,4,4,4,6,6,4,4,4,4,4,4,4,4,4,4,4,4,4,4,2,2,2,2,6,6,6,6,4,4,2,2,2,2,6,6,6,6,6,6,6,6,6,6,4,4,4,4,4,4,4,4,4,4,4,4,4,4,4,4,4,4,4,2,2,4,4,4,6,6,6,6,2,2,6,6,2,2,4,4,2,2,2,2,6,6,4,4,4,4,4,4,4,4,4,4,4,4,4,4,4,4,4,4,4,4,4,4,6,6,6,6,6,6,4,4,4,4,4,4,4,4,4,4,6,6,4,4,2,2,4,4,6,6,6,6,4,4,4,4,4,4,2,2,2,2,2,2,6,6,6,6,4,4,4,4,2,2,4,4,2,2,4,4,4,4,2,2,2,2,4,4,4,4,6,6,2,2,2,2,2,4,2,2,6,6,2,2,4,4,4,4,4,4,4,4,2,2,2,2,2,2,4,4,2,2,4,4,4,4,6,6,6,6,4,4,2,2,2,4,4,4,4,2,2,4,4,4,4,4,4,4,4,2,2,2,2,4,4,4,4,4,2,2,2,2,2,2,4,4,4,4,6,6,4,4,4,4,4,4,4,4,2,2,4,4,4,4,4,4,2,2,2,2,2,2,4,4,4,4,4,4,4,4,4,4,4,6,6,2,2,6,6,4,4,4,4,4,4,4,4,2,2,4,4,4,4,4,4,4,4,2,2,4,4,2,2,2,2,2,2,2,2,2,2,4,4,4,4,4,2,2,2,2,2,2,4,4,4,4,4,4,2,2,4,4,4,4,4,4,4,4,4,4,4,2,2,6,6,2,2,2,2,4,4,4,4,2,2,4,4,2,2,4,4,4,4,4,4,4,4,6,6,6,6,4,4,4,2,4,4,4,4,4,4,4,4,4,4,4,2,2,4,6,6,6,6,6,6,4,4,2,2,2,4,4,6,6,4,4,4,4,2,2,4,4,4,4,4,4,4,4,2,2,4,4,4,4,4,4,4,4,4,4,2,2,4,4,4,4,4,4,2,2,2,2,4,4,2,2,2,2,2,2,4,4,4,4,4,4,4,4,4,4,4,4,4,4,4,4,4,2,2,2,2,4,4,4,4,4,4,4,4,4,4,4,2,2,6,6,4,4,4,4,4,4,4,4,4,4,4,4,4,4,4,4,4,4,4,2,2,4,2,2,2,4,4,4,4,4,4,4,4,4,4,4,4,4,6,6,2,2,4,4,4,4,4,4,4,4,4,4,4,2,2,2,2,4,4,2,4,4,4,4,4,4,4,4,4,2,2,4,4,4,4,4,4,4,2,2,2,2,4,4,4,4,4,4,4,4,4,4,4,2,2,4,4,2,2,4,4,4,6,6,4,4,4,4,4,4,4,4,4,4,4,4,6,6,6,6,2,2,2,2,4,4,4,4,4,4,4,4,4,4,4,4,4,4,4,4,4,4,4,4,4,4,4,4,4,4,2,2,6,6,4,4,2,2,4,4,4,4,2,2,4,4,4,4,4,4,4,4,4,4,4,4,4,4,4,4,4,4,4,4,2,2,6,6,2,2,4,4,4,4,4,4,4,4,4,4,4,4,4,4,4,4,2,2,4,4,2,2,2,4,4,4,4,4,4,4,2,2,2,2,2,2,2,2,4,4,4,4,4,4,4,2,2,2,2,4,4,6,6,6,6,6,6,4,4,4,4,2,2,4,4,4,4,6,6,4,4,2,4,4,4,4,4,4,4,4,4,4,4,4,4,4,4,4,4,4,2,2,2,2,4,4,4,4,4,4,4,2,2,2,2,4,4,4,4,4,4,2,4,2,2,6,6,6,6,6,6,4,4,4,4,4,4,4,4,4,2,4,4,4,4,4,4,4,4,4,4,4,4,4,4,4,4,4,4,4,4,4,4,6,6,4,4,2,2,4,4,4,4,4,4,4,4,4,4,4,4,4,4,4,4,2,2,2,2,2,4,4,4,4,4,4,2,2,4,2,4,4,2,2,4,4,4,4,4,4,4,4,4,4,4,4,4,4,4,4,4,4,4,6,6,4,4,4,4,4,4,4,6,6,4,4,4,4,4,4,4,4,4,4,2,2,4,4,2,2,2,4,4,4,4,4,4,4,4,2,2,6,6,6,6,6,6,4,4,4,4,4,6,6,2,2,4,4,4,4,4,2,2,4,4,2,2,4,2,2,2,4,4,2,2,4,4,4,4,4,4,4,4,4,4,4,2,2,4,4,4,4,4,4,4,4,4,4,4,4,6,6,4,4,2,2,2,2,4,4,4,4,4,4,4,2,2,2,2,4,2,2,4,4,2,2,4,4,4,4,2,2,4,4,4,2,2,4,4,2,2,2,4,2,2,4,4,4,2,2,4,4,4,4,4,2,2,4,4,4,4,2,2,2,2,2,2,2,4,4,4,4,4,4,2,2,2,4,4,4,2,2,4,4,2,2,4,4,2,4,4,6,6,4,4,4,4,4,4,2,2,4,4,4,4,4,4,4,4,4,4,4,4,2,2,2,4,4,4,6,6,6,6,6,6,4,2,4,4,4,4,4,2,2,2,2,4,4,4,4,2,2,2,2,2,2,2,2,2,4,4,4,4,4,2,2,4,4,2,2,4,4,4,2,2,2,2,2,4,4,2,2,4,4,2,2,4,4,2,2,4,4,4,4,4,4,2,2,2,2,2,2,4,4,4,4,4,4,4,4,4,4,4,4,4,4,4,4,4,4,4,4,4,4,4,4,4,2,2,4,4,4,4,2,2,4,4,2,2,4,4,4,2,2,2,4,4,4,4,4,4,4,4,2,2,4,4,2,2,4,4,4,2,2,4,4,4,4,4,2,2,2,4,4,6,6,6,6,4,4,2,2,2,2,4,4,4,4,2,2,4,2,2,2,2,4,4,4,4,4,4,4,2,2,2,2,2,2,4,4,2,2,2,2,2,2,2,2,2,2,2,2,6,6,2,2,2,2,4,4,2,2,4,4,4,4,4,4,4,4,2,2,2,2,2,4,4,4,4,2,2,2,2,4,2,2,4,4,4,4,4,2,4,4,4,4,4,2,2,2,2,2,2,4,4,2,2,4,4,2,2,2,2,4,4,2,2,4,2,2,2,2,6,6,2,2,2,2,4,4,2,2,2,2,4,2,2,2,2,2,2,2,2,6,6,4,4,2,2,4,4,2,2,4,2,2,2,2,2,2,4,4,4,4,4,4,2,2,2,2,2,2,4,4,4,4,2,2,4,4,4,2,2,4,4,4,4,4,4,4,4,2,2,4,4,2,2,2,2,2,2,2,4,4,2,2,4,4,6,6,4,4,4,2,2,4,4,2,2,2,2,4,4,2,2,2,2,4,4,4,4,4,4,2,2,4,4,2,2,2,2,4,4,4,4,4,4,4,4,4,4,2,2,2,2,4,4,4,4,4,4,4,4,2,2,2,2,4,4,2,2,4,4,4,4,2,2,4,2,2,4,4,4,4,4,4,4,4,4,2,2,2,2,4,2,2,2,2,4,4,4,4,4,4,2,2,2,2,4,4,4,4,4,4,2,2,2,2,2,2,2,2,2,2,2,2,2,2,2,4,4,4,4,4,4,4,2,2,2,2,2,2,2,2,2,2,4,2,2,4,4,2,2,4,4,4,4,4,4,4,4,4,4,4,4,4,4,4,4,4,2,2,2,2,4,4,4,2,2,4,4,2,2,2,2,4,4,2,2,4,4,4,2,2,2,2,2,2,4,4,4,2,2,2,2,2,2,2,2,2,2,2,2,2,2,2,2,4,4,4,2,2,4,4,4,2,2,4,4,2,2,2,2,2,2,2,2,2,2,2,2,2,4,2,2,2,2,2,2,2,2,2,2,2,4,2,2,2,2,2,2,2,2,2,2,2,2,2,2,2,2,2,2,2,2,2,2,2,2,2,2,2,2,2,2,2,2,2,2,2,2,2,2,2,2,2,2,2,2,2,2,2,2,2,2,2,2,2,2,2,2,2,2,2,2,2,2,2,2,2,2,2,2,2,2,2,2,2,2,2,2,2,2,2,2,2,2,2,2,2,2,2,4,2,2]",1.0,1.0,1.0,1.0,1.0,0.0,0.0,0.0,0.0220970818059213,1.0,24.48641742107381,0.0009024220009785,1.0,0.0,0.0220970818059213,0.0,0.0,0.0,0.0001104854090296,100,0.01,1.0,753900,15876,104.8513939580007,0.253561040997738,135.53863241602085,0.9999999941299396,5.870060548751611e-09,1.0,1.1740121097503222e-08,1.0,1.7798625546277087,0.0001083518393821,5.621059173677169e-13,5.621059173677169e-13,1e-12,analysis/final_validation_step_scaling_extension_hgbs5.csv
success,,NH3_s-1.00_hgbs-5_as-008-010,hamiltonian_generator/polyatomic_library/NH3/s-1.00/hgbs-5/NH3_s-1.00_hgbs-5_as-008-010.tensors.npz,NH3,s-1.00,hgbs-5,8,10,18,3899,7539,5642,0.7483751160631383,0,fermionic_signed_reference,-1,-1,complete Hermitian fermionic terms ordered by increasing signed canonical coefficient; final combined JW Pauli order induced by first occurrence,35908033848146f5,3987508e6556f22a,"[1,1,1,1,1,1,1,1,1,1,1,1,1,1,1,1,1,1,1,1,1,1,1,1,1,1,1,1,1,1,1,1,1,1,1,1,1,1,1,1,1,1,1,1,1,1,2,2,2,2,1,1,1,1,1,1,1,1,1,1,1,1,1,1,1,1,1,1,1,1,4,4,1,1,1,1,1,1,1,1,1,1,1,1,1,1,1,1,4,1,1,1,1,1,1,1,1,1,1,1,1,1,1,1,1,1,1,1,1,1,1,1,1,1,1,1,1,1,1,1,1,1,1,1,1,1,1,1,1,1,1,1,1,1,1,1,1,1,1,1,1,1,1,2,2,1,1,1,1,1,1,1,1,1,1,1,1,1,1,1,1,1,1,1,1,1,1,1,1,1,1,1,1,1,4,1,1,1,1,1,1,2,2,2,4,4,4,4,2,2,2,2,2,2,2,2,2,2,2,2,2,2,2,2,2,2,2,2,2,2,2,2,2,2,2,2,2,2,2,2,4,4,2,4,2,4,2,2,2,2,2,2,2,2,2,2,2,2,2,2,2,2,2,2,2,4,4,2,4,2,2,2,2,2,2,2,4,4,4,4,4,4,4,4,2,2,2,2,2,2,4,2,4,2,4,2,2,2,2,2,2,2,2,4,4,2,4,4,4,4,4,4,4,4,2,2,6,6,4,4,4,4,2,4,2,2,2,4,2,2,2,2,2,4,4,4,2,2,2,2,2,4,4,4,4,2,2,2,2,4,4,2,2,4,4,4,4,4,2,2,4,4,4,4,4,2,2,2,2,2,2,4,4,4,4,2,2,4,4,6,6,2,2,4,4,2,2,2,2,2,2,4,4,4,4,4,4,4,2,2,4,4,4,4,4,4,2,2,2,2,4,4,4,4,4,4,4,4,4,4,4,4,4,2,2,2,2,2,4,4,4,4,4,4,4,2,2,4,4,4,2,2,4,4,4,4,2,2,2,2,2,2,2,4,4,4,6,6,6,6,4,4,2,2,2,2,4,4,4,4,4,2,2,4,4,4,4,4,4,2,2,4,4,4,4,4,4,4,2,2,2,2,4,4,4,4,2,2,4,4,4,2,2,2,6,6,4,4,6,6,6,6,4,4,4,4,4,4,4,4,4,4,4,2,2,2,2,2,4,4,2,2,2,2,4,4,2,2,4,6,6,4,4,2,2,2,2,4,4,4,4,2,2,2,2,2,2,2,2,2,2,2,2,2,2,4,4,4,4,4,4,4,4,6,6,4,4,4,4,4,4,4,4,4,4,4,4,4,6,6,4,4,4,4,4,4,4,4,4,4,4,4,4,4,2,2,2,2,6,6,6,6,4,4,2,2,2,2,6,6,6,6,6,6,6,6,6,6,4,4,4,4,4,4,4,4,4,4,4,4,4,4,4,4,4,4,4,2,2,4,4,4,6,6,6,6,2,2,6,6,2,2,4,4,2,2,2,2,6,6,4,4,4,4,4,4,4,4,4,4,4,4,4,4,4,4,4,4,4,4,4,4,6,6,6,6,6,6,4,4,4,4,4,4,4,4,4,4,6,6,4,4,2,2,4,4,6,6,6,6,4,4,4,4,4,4,2,2,2,2,2,2,6,6,6,6,4,4,4,4,2,2,4,4,2,2,4,4,4,4,2,2,2,2,4,4,4,4,6,6,2,2,2,2,2,4,2,2,6,6,2,2,4,4,4,4,4,4,4,4,2,2,2,2,2,2,4,4,2,2,4,4,4,4,6,6,6,6,4,4,2,2,2,4,4,4,4,2,2,4,4,4,4,4,4,4,4,2,2,2,2,4,4,4,4,4,2,2,2,2,2,2,4,4,4,4,6,6,4,4,4,4,4,4,4,4,2,2,4,4,4,4,4,4,2,2,2,2,2,2,4,4,4,4,4,4,4,4,4,4,4,6,6,2,2,6,6,4,4,4,4,4,4,4,4,2,2,4,4,4,4,4,4,4,4,2,2,4,4,2,2,2,2,2,2,2,2,2,2,4,4,4,4,4,2,2,2,2,2,2,4,4,4,4,4,4,2,2,4,4,4,4,4,4,4,4,4,4,4,2,2,6,6,2,2,2,2,4,4,4,4,2,2,4,4,2,2,4,4,4,4,4,4,4,4,6,6,6,6,4,4,4,2,4,4,4,4,4,4,4,4,4,4,4,2,2,4,6,6,6,6,6,6,4,4,2,2,2,4,4,6,6,4,4,4,4,2,2,4,4,4,4,4,4,4,4,2,2,4,4,4,4,4,4,4,4,4,4,2,2,4,4,4,4,4,4,2,2,2,2,4,4,2,2,2,2,2,2,4,4,4,4,4,4,4,4,4,4,4,4,4,4,4,4,4,2,2,2,2,4,4,4,4,4,4,4,4,4,4,4,2,2,6,6,4,4,4,4,4,4,4,4,4,4,4,4,4,4,4,4,4,4,4,2,2,4,2,2,2,4,4,4,4,4,4,4,4,4,4,4,4,4,6,6,2,2,4,4,4,4,4,4,4,4,4,4,4,2,2,2,2,4,4,2,4,4,4,4,4,4,4,4,4,2,2,4,4,4,4,4,4,4,2,2,2,2,4,4,4,4,4,4,4,4,4,4,4,2,2,4,4,2,2,4,4,4,6,6,4,4,4,4,4,4,4,4,4,4,4,4,6,6,6,6,2,2,2,2,4,4,4,4,4,4,4,4,4,4,4,4,4,4,4,4,4,4,4,4,4,4,4,4,4,4,2,2,6,6,4,4,2,2,4,4,4,4,2,2,4,4,4,4,4,4,4,4,4,4,4,4,4,4,4,4,4,4,4,4,2,2,6,6,2,2,4,4,4,4,4,4,4,4,4,4,4,4,4,4,4,4,2,2,4,4,2,2,2,4,4,4,4,4,4,4,2,2,2,2,2,2,2,2,4,4,4,4,4,4,4,2,2,2,2,4,4,6,6,6,6,6,6,4,4,4,4,2,2,4,4,4,4,6,6,4,4,2,4,4,4,4,4,4,4,4,4,4,4,4,4,4,4,4,4,4,2,2,2,2,4,4,4,4,4,4,4,2,2,2,2,4,4,4,4,4,4,2,4,2,2,6,6,6,6,6,6,4,4,4,4,4,4,4,4,4,2,4,4,4,4,4,4,4,4,4,4,4,4,4,4,4,4,4,4,4,4,4,4,6,6,4,4,2,2,4,4,4,4,4,4,4,4,4,4,4,4,4,4,4,4,2,2,2,2,2,4,4,4,4,4,4,2,2,4,2,4,4,2,2,4,4,4,4,4,4,4,4,4,4,4,4,4,4,4,4,4,4,4,6,6,4,4,4,4,4,4,4,6,6,4,4,4,4,4,4,4,4,4,4,2,2,4,4,2,2,2,4,4,4,4,4,4,4,4,2,2,6,6,6,6,6,6,4,4,4,4,4,6,6,2,2,4,4,4,4,4,2,2,4,4,2,2,4,2,2,2,4,4,2,2,4,4,4,4,4,4,4,4,4,4,4,2,2,4,4,4,4,4,4,4,4,4,4,4,4,6,6,4,4,2,2,2,2,4,4,4,4,4,4,4,2,2,2,2,4,2,2,4,4,2,2,4,4,4,4,2,2,4,4,4,2,2,4,4,2,2,2,4,2,2,4,4,4,2,2,4,4,4,4,4,2,2,4,4,4,4,2,2,2,2,2,2,2,4,4,4,4,4,4,2,2,2,4,4,4,2,2,4,4,2,2,4,4,2,4,4,6,6,4,4,4,4,4,4,2,2,4,4,4,4,4,4,4,4,4,4,4,4,2,2,2,4,4,4,6,6,6,6,6,6,4,2,4,4,4,4,4,2,2,2,2,4,4,4,4,2,2,2,2,2,2,2,2,2,4,4,4,4,4,2,2,4,4,2,2,4,4,4,2,2,2,2,2,4,4,2,2,4,4,2,2,4,4,2,2,4,4,4,4,4,4,2,2,2,2,2,2,4,4,4,4,4,4,4,4,4,4,4,4,4,4,4,4,4,4,4,4,4,4,4,4,4,2,2,4,4,4,4,2,2,4,4,2,2,4,4,4,2,2,2,4,4,4,4,4,4,4,4,2,2,4,4,2,2,4,4,4,2,2,4,4,4,4,4,2,2,2,4,4,6,6,6,6,4,4,2,2,2,2,4,4,4,4,2,2,4,2,2,2,2,4,4,4,4,4,4,4,2,2,2,2,2,2,4,4,2,2,2,2,2,2,2,2,2,2,2,2,6,6,2,2,2,2,4,4,2,2,4,4,4,4,4,4,4,4,2,2,2,2,2,4,4,4,4,2,2,2,2,4,2,2,4,4,4,4,4,2,4,4,4,4,4,2,2,2,2,2,2,4,4,2,2,4,4,2,2,2,2,4,4,2,2,4,2,2,2,2,6,6,2,2,2,2,4,4,2,2,2,2,4,2,2,2,2,2,2,2,2,6,6,4,4,2,2,4,4,2,2,4,2,2,2,2,2,2,4,4,4,4,4,4,2,2,2,2,2,2,4,4,4,4,2,2,4,4,4,2,2,4,4,4,4,4,4,4,4,2,2,4,4,2,2,2,2,2,2,2,4,4,2,2,4,4,6,6,4,4,4,2,2,4,4,2,2,2,2,4,4,2,2,2,2,4,4,4,4,4,4,2,2,4,4,2,2,2,2,4,4,4,4,4,4,4,4,4,4,2,2,2,2,4,4,4,4,4,4,4,4,2,2,2,2,4,4,2,2,4,4,4,4,2,2,4,2,2,4,4,4,4,4,4,4,4,4,2,2,2,2,4,2,2,2,2,4,4,4,4,4,4,2,2,2,2,4,4,4,4,4,4,2,2,2,2,2,2,2,2,2,2,2,2,2,2,2,4,4,4,4,4,4,4,2,2,2,2,2,2,2,2,2,2,4,2,2,4,4,2,2,4,4,4,4,4,4,4,4,4,4,4,4,4,4,4,4,4,2,2,2,2,4,4,4,2,2,4,4,2,2,2,2,4,4,2,2,4,4,4,2,2,2,2,2,2,4,4,4,2,2,2,2,2,2,2,2,2,2,2,2,2,2,2,2,4,4,4,2,2,4,4,4,2,2,4,4,2,2,2,2,2,2,2,2,2,2,2,2,2,4,2,2,2,2,2,2,2,2,2,2,2,4,2,2,2,2,2,2,2,2,2,2,2,2,2,2,2,2,2,2,2,2,2,2,2,2,2,2,2,2,2,2,2,2,2,2,2,2,2,2,2,2,2,2,2,2,2,2,2,2,2,2,2,2,2,2,2,2,2,2,2,2,2,2,2,2,2,2,2,2,2,2,2,2,2,2,2,2,2,2,2,2,2,2,2,2,2,2,2,4,2,2]",1.0,1.0,1.0,1.0,1.0,0.0,0.0,0.0,0.0220970818059213,1.0,24.48641742107381,0.0009024220009785,1.0,0.0,0.0220970818059213,0.0,0.0,0.0,5.524270451480326e-05,200,0.005,1.0,1507800,15876,104.8513939580007,0.253561040997738,269.5962122089986,0.9999999985320362,1.4679637505565781e-09,1.0,2.9359275011131562e-09,1.0,1.779862591431414,5.418419973676049e-05,1.1036727087798681e-12,1.1035616864774056e-12,1e-12,analysis/final_validation_step_scaling_extension_hgbs5.csv
success,,NH3_s-1.00_hgbs-5_as-008-010,hamiltonian_generator/polyatomic_library/NH3/s-1.00/hgbs-5/NH3_s-1.00_hgbs-5_as-008-010.tensors.npz,NH3,s-1.00,hgbs-5,8,10,18,3899,7539,5642,0.7483751160631383,0,fermionic_signed_reference,-1,-1,complete Hermitian fermionic terms ordered by increasing signed canonical coefficient; final combined JW Pauli order induced by first occurrence,35908033848146f5,3987508e6556f22a,"[1,1,1,1,1,1,1,1,1,1,1,1,1,1,1,1,1,1,1,1,1,1,1,1,1,1,1,1,1,1,1,1,1,1,1,1,1,1,1,1,1,1,1,1,1,1,2,2,2,2,1,1,1,1,1,1,1,1,1,1,1,1,1,1,1,1,1,1,1,1,4,4,1,1,1,1,1,1,1,1,1,1,1,1,1,1,1,1,4,1,1,1,1,1,1,1,1,1,1,1,1,1,1,1,1,1,1,1,1,1,1,1,1,1,1,1,1,1,1,1,1,1,1,1,1,1,1,1,1,1,1,1,1,1,1,1,1,1,1,1,1,1,1,2,2,1,1,1,1,1,1,1,1,1,1,1,1,1,1,1,1,1,1,1,1,1,1,1,1,1,1,1,1,1,4,1,1,1,1,1,1,2,2,2,4,4,4,4,2,2,2,2,2,2,2,2,2,2,2,2,2,2,2,2,2,2,2,2,2,2,2,2,2,2,2,2,2,2,2,2,4,4,2,4,2,4,2,2,2,2,2,2,2,2,2,2,2,2,2,2,2,2,2,2,2,4,4,2,4,2,2,2,2,2,2,2,4,4,4,4,4,4,4,4,2,2,2,2,2,2,4,2,4,2,4,2,2,2,2,2,2,2,2,4,4,2,4,4,4,4,4,4,4,4,2,2,6,6,4,4,4,4,2,4,2,2,2,4,2,2,2,2,2,4,4,4,2,2,2,2,2,4,4,4,4,2,2,2,2,4,4,2,2,4,4,4,4,4,2,2,4,4,4,4,4,2,2,2,2,2,2,4,4,4,4,2,2,4,4,6,6,2,2,4,4,2,2,2,2,2,2,4,4,4,4,4,4,4,2,2,4,4,4,4,4,4,2,2,2,2,4,4,4,4,4,4,4,4,4,4,4,4,4,2,2,2,2,2,4,4,4,4,4,4,4,2,2,4,4,4,2,2,4,4,4,4,2,2,2,2,2,2,2,4,4,4,6,6,6,6,4,4,2,2,2,2,4,4,4,4,4,2,2,4,4,4,4,4,4,2,2,4,4,4,4,4,4,4,2,2,2,2,4,4,4,4,2,2,4,4,4,2,2,2,6,6,4,4,6,6,6,6,4,4,4,4,4,4,4,4,4,4,4,2,2,2,2,2,4,4,2,2,2,2,4,4,2,2,4,6,6,4,4,2,2,2,2,4,4,4,4,2,2,2,2,2,2,2,2,2,2,2,2,2,2,4,4,4,4,4,4,4,4,6,6,4,4,4,4,4,4,4,4,4,4,4,4,4,6,6,4,4,4,4,4,4,4,4,4,4,4,4,4,4,2,2,2,2,6,6,6,6,4,4,2,2,2,2,6,6,6,6,6,6,6,6,6,6,4,4,4,4,4,4,4,4,4,4,4,4,4,4,4,4,4,4,4,2,2,4,4,4,6,6,6,6,2,2,6,6,2,2,4,4,2,2,2,2,6,6,4,4,4,4,4,4,4,4,4,4,4,4,4,4,4,4,4,4,4,4,4,4,6,6,6,6,6,6,4,4,4,4,4,4,4,4,4,4,6,6,4,4,2,2,4,4,6,6,6,6,4,4,4,4,4,4,2,2,2,2,2,2,6,6,6,6,4,4,4,4,2,2,4,4,2,2,4,4,4,4,2,2,2,2,4,4,4,4,6,6,2,2,2,2,2,4,2,2,6,6,2,2,4,4,4,4,4,4,4,4,2,2,2,2,2,2,4,4,2,2,4,4,4,4,6,6,6,6,4,4,2,2,2,4,4,4,4,2,2,4,4,4,4,4,4,4,4,2,2,2,2,4,4,4,4,4,2,2,2,2,2,2,4,4,4,4,6,6,4,4,4,4,4,4,4,4,2,2,4,4,4,4,4,4,2,2,2,2,2,2,4,4,4,4,4,4,4,4,4,4,4,6,6,2,2,6,6,4,4,4,4,4,4,4,4,2,2,4,4,4,4,4,4,4,4,2,2,4,4,2,2,2,2,2,2,2,2,2,2,4,4,4,4,4,2,2,2,2,2,2,4,4,4,4,4,4,2,2,4,4,4,4,4,4,4,4,4,4,4,2,2,6,6,2,2,2,2,4,4,4,4,2,2,4,4,2,2,4,4,4,4,4,4,4,4,6,6,6,6,4,4,4,2,4,4,4,4,4,4,4,4,4,4,4,2,2,4,6,6,6,6,6,6,4,4,2,2,2,4,4,6,6,4,4,4,4,2,2,4,4,4,4,4,4,4,4,2,2,4,4,4,4,4,4,4,4,4,4,2,2,4,4,4,4,4,4,2,2,2,2,4,4,2,2,2,2,2,2,4,4,4,4,4,4,4,4,4,4,4,4,4,4,4,4,4,2,2,2,2,4,4,4,4,4,4,4,4,4,4,4,2,2,6,6,4,4,4,4,4,4,4,4,4,4,4,4,4,4,4,4,4,4,4,2,2,4,2,2,2,4,4,4,4,4,4,4,4,4,4,4,4,4,6,6,2,2,4,4,4,4,4,4,4,4,4,4,4,2,2,2,2,4,4,2,4,4,4,4,4,4,4,4,4,2,2,4,4,4,4,4,4,4,2,2,2,2,4,4,4,4,4,4,4,4,4,4,4,2,2,4,4,2,2,4,4,4,6,6,4,4,4,4,4,4,4,4,4,4,4,4,6,6,6,6,2,2,2,2,4,4,4,4,4,4,4,4,4,4,4,4,4,4,4,4,4,4,4,4,4,4,4,4,4,4,2,2,6,6,4,4,2,2,4,4,4,4,2,2,4,4,4,4,4,4,4,4,4,4,4,4,4,4,4,4,4,4,4,4,2,2,6,6,2,2,4,4,4,4,4,4,4,4,4,4,4,4,4,4,4,4,2,2,4,4,2,2,2,4,4,4,4,4,4,4,2,2,2,2,2,2,2,2,4,4,4,4,4,4,4,2,2,2,2,4,4,6,6,6,6,6,6,4,4,4,4,2,2,4,4,4,4,6,6,4,4,2,4,4,4,4,4,4,4,4,4,4,4,4,4,4,4,4,4,4,2,2,2,2,4,4,4,4,4,4,4,2,2,2,2,4,4,4,4,4,4,2,4,2,2,6,6,6,6,6,6,4,4,4,4,4,4,4,4,4,2,4,4,4,4,4,4,4,4,4,4,4,4,4,4,4,4,4,4,4,4,4,4,6,6,4,4,2,2,4,4,4,4,4,4,4,4,4,4,4,4,4,4,4,4,2,2,2,2,2,4,4,4,4,4,4,2,2,4,2,4,4,2,2,4,4,4,4,4,4,4,4,4,4,4,4,4,4,4,4,4,4,4,6,6,4,4,4,4,4,4,4,6,6,4,4,4,4,4,4,4,4,4,4,2,2,4,4,2,2,2,4,4,4,4,4,4,4,4,2,2,6,6,6,6,6,6,4,4,4,4,4,6,6,2,2,4,4,4,4,4,2,2,4,4,2,2,4,2,2,2,4,4,2,2,4,4,4,4,4,4,4,4,4,4,4,2,2,4,4,4,4,4,4,4,4,4,4,4,4,6,6,4,4,2,2,2,2,4,4,4,4,4,4,4,2,2,2,2,4,2,2,4,4,2,2,4,4,4,4,2,2,4,4,4,2,2,4,4,2,2,2,4,2,2,4,4,4,2,2,4,4,4,4,4,2,2,4,4,4,4,2,2,2,2,2,2,2,4,4,4,4,4,4,2,2,2,4,4,4,2,2,4,4,2,2,4,4,2,4,4,6,6,4,4,4,4,4,4,2,2,4,4,4,4,4,4,4,4,4,4,4,4,2,2,2,4,4,4,6,6,6,6,6,6,4,2,4,4,4,4,4,2,2,2,2,4,4,4,4,2,2,2,2,2,2,2,2,2,4,4,4,4,4,2,2,4,4,2,2,4,4,4,2,2,2,2,2,4,4,2,2,4,4,2,2,4,4,2,2,4,4,4,4,4,4,2,2,2,2,2,2,4,4,4,4,4,4,4,4,4,4,4,4,4,4,4,4,4,4,4,4,4,4,4,4,4,2,2,4,4,4,4,2,2,4,4,2,2,4,4,4,2,2,2,4,4,4,4,4,4,4,4,2,2,4,4,2,2,4,4,4,2,2,4,4,4,4,4,2,2,2,4,4,6,6,6,6,4,4,2,2,2,2,4,4,4,4,2,2,4,2,2,2,2,4,4,4,4,4,4,4,2,2,2,2,2,2,4,4,2,2,2,2,2,2,2,2,2,2,2,2,6,6,2,2,2,2,4,4,2,2,4,4,4,4,4,4,4,4,2,2,2,2,2,4,4,4,4,2,2,2,2,4,2,2,4,4,4,4,4,2,4,4,4,4,4,2,2,2,2,2,2,4,4,2,2,4,4,2,2,2,2,4,4,2,2,4,2,2,2,2,6,6,2,2,2,2,4,4,2,2,2,2,4,2,2,2,2,2,2,2,2,6,6,4,4,2,2,4,4,2,2,4,2,2,2,2,2,2,4,4,4,4,4,4,2,2,2,2,2,2,4,4,4,4,2,2,4,4,4,2,2,4,4,4,4,4,4,4,4,2,2,4,4,2,2,2,2,2,2,2,4,4,2,2,4,4,6,6,4,4,4,2,2,4,4,2,2,2,2,4,4,2,2,2,2,4,4,4,4,4,4,2,2,4,4,2,2,2,2,4,4,4,4,4,4,4,4,4,4,2,2,2,2,4,4,4,4,4,4,4,4,2,2,2,2,4,4,2,2,4,4,4,4,2,2,4,2,2,4,4,4,4,4,4,4,4,4,2,2,2,2,4,2,2,2,2,4,4,4,4,4,4,2,2,2,2,4,4,4,4,4,4,2,2,2,2,2,2,2,2,2,2,2,2,2,2,2,4,4,4,4,4,4,4,2,2,2,2,2,2,2,2,2,2,4,2,2,4,4,2,2,4,4,4,4,4,4,4,4,4,4,4,4,4,4,4,4,4,2,2,2,2,4,4,4,2,2,4,4,2,2,2,2,4,4,2,2,4,4,4,2,2,2,2,2,2,4,4,4,2,2,2,2,2,2,2,2,2,2,2,2,2,2,2,2,4,4,4,2,2,4,4,4,2,2,4,4,2,2,2,2,2,2,2,2,2,2,2,2,2,4,2,2,2,2,2,2,2,2,2,2,2,4,2,2,2,2,2,2,2,2,2,2,2,2,2,2,2,2,2,2,2,2,2,2,2,2,2,2,2,2,2,2,2,2,2,2,2,2,2,2,2,2,2,2,2,2,2,2,2,2,2,2,2,2,2,2,2,2,2,2,2,2,2,2,2,2,2,2,2,2,2,2,2,2,2,2,2,2,2,2,2,2,2,2,2,2,2,2,2,4,2,2]",1.0,1.0,1.0,1.0,1.0,0.0,0.0,0.0,0.0220970818059213,1.0,24.48641742107381,0.0009024220009785,1.0,0.0,0.0220970818059213,0.0,0.0,0.0,2.762135225740163e-05,400,0.0025,1.0,3015600,15876,104.8513939580007,0.253561040997738,543.4506647500093,0.9999999996276494,3.7235059480167365e-10,1.0,7.447011896033472e-10,1.0,1.7798626045161992,2.7289213795991767e-05,1.0990652832276736e-11,1.0990652832276736e-11,1e-12,analysis/final_validation_step_scaling_extension_hgbs5.csv
success,,NH3_s-1.00_hgbs-5_as-008-010,hamiltonian_generator/polyatomic_library/NH3/s-1.00/hgbs-5/NH3_s-1.00_hgbs-5_as-008-010.tensors.npz,NH3,s-1.00,hgbs-5,8,10,18,3899,7539,5642,0.7483751160631383,0,jw_signed_baseline,-1,-1,final JW Pauli terms ordered directly by increasing signed coefficient with dense Pauli lexicographic tie-breaking,,aed5634d20137539,"[1,1,1,1,1,1,1,1,1,1,1,1,1,1,1,1,1,1,1,1,1,1,1,1,1,1,1,1,1,1,1,1,1,1,1,1,1,1,1,1,1,1,1,1,1,1,2,2,2,2,1,1,1,1,1,1,1,1,1,1,1,1,1,1,1,1,1,1,1,1,4,4,1,1,1,1,1,1,1,1,1,1,1,1,1,1,1,1,4,1,1,1,1,1,1,1,1,1,1,1,1,1,1,1,1,1,1,1,1,1,1,1,1,1,1,1,1,1,1,1,1,1,1,1,1,1,1,1,1,1,1,1,1,1,1,1,1,1,1,1,1,1,1,2,2,1,1,1,1,1,1,1,1,1,1,1,1,1,1,1,1,1,1,1,1,1,1,1,1,1,1,1,1,1,4,1,1,1,1,1,1,2,2,2,4,4,4,4,2,2,2,2,2,2,2,2,2,2,2,2,2,2,2,2,2,2,2,2,2,2,2,2,2,2,2,2,2,2,2,2,4,4,2,4,2,4,2,2,2,2,2,2,2,2,2,2,2,2,2,2,2,2,2,2,2,4,4,2,4,2,2,2,2,2,2,2,4,4,4,4,4,4,4,4,2,2,2,2,2,2,4,2,4,2,4,2,2,2,2,2,2,2,2,4,4,2,4,4,4,4,4,4,4,4,2,2,6,6,4,4,4,4,2,4,2,2,2,4,2,2,2,2,2,4,4,4,2,2,2,2,2,4,4,4,4,2,2,2,2,4,4,2,2,4,4,4,4,4,2,2,4,4,4,4,4,2,2,2,2,2,2,4,4,4,4,2,2,4,4,6,6,2,2,4,4,2,2,2,2,2,2,4,4,4,4,4,4,4,2,2,4,4,4,4,4,4,2,2,2,2,4,4,4,4,4,4,4,4,4,4,4,4,4,2,2,2,2,2,4,4,4,4,4,4,4,2,2,4,4,4,2,2,4,4,4,4,2,2,2,2,2,2,2,4,4,4,6,6,6,6,4,4,2,2,2,2,4,4,4,4,4,2,2,4,4,4,4,4,4,2,2,4,4,4,4,4,4,4,2,2,2,2,4,4,4,4,2,2,4,4,4,2,2,2,6,6,4,4,6,6,6,6,4,4,4,4,4,4,4,4,4,4,4,2,2,2,2,2,4,4,2,2,2,2,4,4,2,2,4,6,6,4,4,2,2,2,2,4,4,4,4,2,2,2,2,2,2,2,2,2,2,2,2,2,2,4,4,4,4,4,4,4,4,6,6,4,4,4,4,4,4,4,4,4,4,4,4,4,6,6,4,4,4,4,4,4,4,4,4,4,4,4,4,4,2,2,2,2,6,6,6,6,4,4,2,2,2,2,6,6,6,6,6,6,6,6,6,6,4,4,4,4,4,4,4,4,4,4,4,4,4,4,4,4,4,4,4,2,2,4,4,4,6,6,6,6,2,2,6,6,2,2,4,4,2,2,2,2,6,6,4,4,4,4,4,4,4,4,4,4,4,4,4,4,4,4,4,4,4,4,4,4,6,6,6,6,6,6,4,4,4,4,4,4,4,4,4,4,6,6,4,4,2,2,4,4,6,6,6,6,4,4,4,4,4,4,2,2,2,2,2,2,6,6,6,6,4,4,4,4,2,2,4,4,2,2,4,4,4,4,2,2,2,2,4,4,4,4,6,6,2,2,2,2,2,4,2,2,6,6,2,2,4,4,4,4,4,4,4,4,2,2,2,2,2,2,4,4,2,2,4,4,4,4,6,6,6,6,4,4,2,2,2,4,4,4,4,2,2,4,4,4,4,4,4,4,4,2,2,2,2,4,4,4,4,4,2,2,2,2,2,2,4,4,4,4,6,6,4,4,4,4,4,4,4,4,2,2,4,4,4,4,4,4,2,2,2,2,2,2,4,4,4,4,4,4,4,4,4,4,4,6,6,2,2,6,6,4,4,4,4,4,4,4,4,2,2,4,4,4,4,4,4,4,4,2,2,4,4,2,2,2,2,2,2,2,2,2,2,4,4,4,4,4,2,2,2,2,2,2,4,4,4,4,4,4,2,2,4,4,4,4,4,4,4,4,4,4,4,2,2,6,6,2,2,2,2,4,4,4,4,2,2,4,4,2,2,4,4,4,4,4,4,4,4,6,6,6,6,4,4,4,2,4,4,4,4,4,4,4,4,4,4,4,2,2,4,6,6,6,6,6,6,4,4,2,2,2,4,4,6,6,4,4,4,4,2,2,4,4,4,4,4,4,4,4,2,2,4,4,4,4,4,4,4,4,4,4,2,2,4,4,4,4,4,4,2,2,2,2,4,4,2,2,2,2,2,2,4,4,4,4,4,4,4,4,4,4,4,4,4,4,4,4,4,2,2,2,2,4,4,4,4,4,4,4,4,4,4,4,2,2,6,6,4,4,4,4,4,4,4,4,4,4,4,4,4,4,4,4,4,4,4,2,2,4,2,2,2,4,4,4,4,4,4,4,4,4,4,4,4,4,6,6,2,2,4,4,4,4,4,4,4,4,4,4,4,2,2,2,2,4,4,2,4,4,4,4,4,4,4,4,4,2,2,4,4,4,4,4,4,4,2,2,2,2,4,4,4,4,4,4,4,4,4,4,4,2,2,4,4,2,2,4,4,4,6,6,4,4,4,4,4,4,4,4,4,4,4,4,6,6,6,6,2,2,2,2,4,4,4,4,4,4,4,4,4,4,4,4,4,4,4,4,4,4,4,4,4,4,4,4,4,4,2,2,6,6,4,4,2,2,4,4,4,4,2,2,4,4,4,4,4,4,4,4,4,4,4,4,4,4,4,4,4,4,4,4,2,2,6,6,2,2,4,4,4,4,4,4,4,4,4,4,4,4,4,4,4,4,2,2,4,4,2,2,2,4,4,4,4,4,4,4,2,2,2,2,2,2,2,2,4,4,4,4,4,4,4,2,2,2,2,4,4,6,6,6,6,6,6,4,4,4,4,2,2,4,4,4,4,6,6,4,4,2,4,4,4,4,4,4,4,4,4,4,4,4,4,4,4,4,4,4,2,2,2,2,4,4,4,4,4,4,4,2,2,2,2,4,4,4,4,4,4,2,4,2,2,6,6,6,6,6,6,4,4,4,4,4,4,4,4,4,2,4,4,4,4,4,4,4,4,4,4,4,4,4,4,4,4,4,4,4,4,4,4,6,6,4,4,2,2,4,4,4,4,4,4,4,4,4,4,4,4,4,4,4,4,2,2,2,2,2,4,4,4,4,4,4,2,2,4,2,4,4,2,2,4,4,4,4,4,4,4,4,4,4,4,4,4,4,4,4,4,4,4,6,6,4,4,4,4,4,4,4,6,6,4,4,4,4,4,4,4,4,4,4,2,2,4,4,2,2,2,4,4,4,4,4,4,4,4,2,2,6,6,6,6,6,6,4,4,4,4,4,6,6,2,2,4,4,4,4,4,2,2,4,4,2,2,4,2,2,2,4,4,2,2,4,4,4,4,4,4,4,4,4,4,4,2,2,4,4,4,4,4,4,4,4,4,4,4,4,6,6,4,4,2,2,2,2,4,4,4,4,4,4,4,2,2,2,2,4,2,2,4,4,2,2,4,4,4,4,2,2,4,4,4,2,2,4,4,2,2,2,4,2,2,4,4,4,2,2,4,4,4,4,4,2,2,4,4,4,4,2,2,2,2,2,2,2,4,4,4,4,4,4,2,2,2,4,4,4,2,2,4,4,2,2,4,4,2,4,4,6,6,4,4,4,4,4,4,2,2,4,4,4,4,4,4,4,4,4,4,4,4,2,2,2,4,4,4,6,6,6,6,6,6,4,2,4,4,4,4,4,2,2,2,2,4,4,4,4,2,2,2,2,2,2,2,2,2,4,4,4,4,4,2,2,4,4,2,2,4,4,4,2,2,2,2,2,4,4,2,2,4,4,2,2,4,4,2,2,4,4,4,4,4,4,2,2,2,2,2,2,4,4,4,4,4,4,4,4,4,4,4,4,4,4,4,4,4,4,4,4,4,4,4,4,4,2,2,4,4,4,4,2,2,4,4,2,2,4,4,4,2,2,2,4,4,4,4,4,4,4,4,2,2,4,4,2,2,4,4,4,2,2,4,4,4,4,4,2,2,2,4,4,6,6,6,6,4,4,2,2,2,2,4,4,4,4,2,2,4,2,2,2,2,4,4,4,4,4,4,4,2,2,2,2,2,2,4,4,2,2,2,2,2,2,2,2,2,2,2,2,6,6,2,2,2,2,4,4,2,2,4,4,4,4,4,4,4,4,2,2,2,2,2,4,4,4,4,2,2,2,2,4,2,2,4,4,4,4,4,2,4,4,4,4,4,2,2,2,2,2,2,4,4,2,2,4,4,2,2,2,2,4,4,2,2,4,2,2,2,2,6,6,2,2,2,2,4,4,2,2,2,2,4,2,2,2,2,2,2,2,2,6,6,4,4,2,2,4,4,2,2,4,2,2,2,2,2,2,4,4,4,4,4,4,2,2,2,2,2,2,4,4,4,4,2,2,4,4,4,2,2,4,4,4,4,4,4,4,4,2,2,4,4,2,2,2,2,2,2,2,4,4,2,2,4,4,6,6,4,4,4,2,2,4,4,2,2,2,2,4,4,2,2,2,2,4,4,4,4,4,4,2,2,4,4,2,2,2,2,4,4,4,4,4,4,4,4,4,4,2,2,2,2,4,4,4,4,4,4,4,4,2,2,2,2,4,4,2,2,4,4,4,4,2,2,4,2,2,4,4,4,4,4,4,4,4,4,2,2,2,2,4,2,2,2,2,4,4,4,4,4,4,2,2,2,2,4,4,4,4,4,4,2,2,2,2,2,2,2,2,2,2,2,2,2,2,2,4,4,4,4,4,4,4,2,2,2,2,2,2,2,2,2,2,4,2,2,4,4,2,2,4,4,4,4,4,4,4,4,4,4,4,4,4,4,4,4,4,2,2,2,2,4,4,4,2,2,4,4,2,2,2,2,4,4,2,2,4,4,4,2,2,2,2,2,2,4,4,4,2,2,2,2,2,2,2,2,2,2,2,2,2,2,2,2,4,4,4,2,2,4,4,4,2,2,4,4,2,2,2,2,2,2,2,2,2,2,2,2,2,4,2,2,2,2,2,2,2,2,2,2,2,4,2,2,2,2,2,2,2,2,2,2,2,2,2,2,2,2,2,2,2,2,2,2,2,2,2,2,2,2,2,2,2,2,2,2,2,2,2,2,2,2,2,2,2,2,2,2,2,2,2,2,2,2,2,2,2,2,2,2,2,2,2,2,2,2,2,2,2,2,2,2,2,2,2,2,2,2,2,2,2,2,2,2,2,2,2,2,2,4,2,2]",1.380751371886872,3.0,0.7087378640776699,188.32478542282257,251.8782331874254,0.6709950898441878,0.8922224595109721,0.8922224595109721,0.2718159862490386,12.30099017763516,24.48641742107381,0.0111006841701189,12.30099017763516,0.0,0.2718159862490386,0.0,0.0,0.0,0.0054363197249807,25,0.04,1.0,188475,15876,104.8513939580007,0.253561040997738,33.8989398330159,0.9999959929035788,4.007096421121403e-06,42.65728337167902,8.014176785420268e-06,42.657199897171886,1.77987552559742,0.0028309349766892,2.0642440556883915e-07,2.064374562404936e-07,1e-12,analysis/final_validation_step_scaling_extension_hgbs5.csv
success,,NH3_s-1.00_hgbs-5_as-008-010,hamiltonian_generator/polyatomic_library/NH3/s-1.00/hgbs-5/NH3_s-1.00_hgbs-5_as-008-010.tensors.npz,NH3,s-1.00,hgbs-5,8,10,18,3899,7539,5642,0.7483751160631383,0,jw_signed_baseline,-1,-1,final JW Pauli terms ordered directly by increasing signed coefficient with dense Pauli lexicographic tie-breaking,,aed5634d20137539,"[1,1,1,1,1,1,1,1,1,1,1,1,1,1,1,1,1,1,1,1,1,1,1,1,1,1,1,1,1,1,1,1,1,1,1,1,1,1,1,1,1,1,1,1,1,1,2,2,2,2,1,1,1,1,1,1,1,1,1,1,1,1,1,1,1,1,1,1,1,1,4,4,1,1,1,1,1,1,1,1,1,1,1,1,1,1,1,1,4,1,1,1,1,1,1,1,1,1,1,1,1,1,1,1,1,1,1,1,1,1,1,1,1,1,1,1,1,1,1,1,1,1,1,1,1,1,1,1,1,1,1,1,1,1,1,1,1,1,1,1,1,1,1,2,2,1,1,1,1,1,1,1,1,1,1,1,1,1,1,1,1,1,1,1,1,1,1,1,1,1,1,1,1,1,4,1,1,1,1,1,1,2,2,2,4,4,4,4,2,2,2,2,2,2,2,2,2,2,2,2,2,2,2,2,2,2,2,2,2,2,2,2,2,2,2,2,2,2,2,2,4,4,2,4,2,4,2,2,2,2,2,2,2,2,2,2,2,2,2,2,2,2,2,2,2,4,4,2,4,2,2,2,2,2,2,2,4,4,4,4,4,4,4,4,2,2,2,2,2,2,4,2,4,2,4,2,2,2,2,2,2,2,2,4,4,2,4,4,4,4,4,4,4,4,2,2,6,6,4,4,4,4,2,4,2,2,2,4,2,2,2,2,2,4,4,4,2,2,2,2,2,4,4,4,4,2,2,2,2,4,4,2,2,4,4,4,4,4,2,2,4,4,4,4,4,2,2,2,2,2,2,4,4,4,4,2,2,4,4,6,6,2,2,4,4,2,2,2,2,2,2,4,4,4,4,4,4,4,2,2,4,4,4,4,4,4,2,2,2,2,4,4,4,4,4,4,4,4,4,4,4,4,4,2,2,2,2,2,4,4,4,4,4,4,4,2,2,4,4,4,2,2,4,4,4,4,2,2,2,2,2,2,2,4,4,4,6,6,6,6,4,4,2,2,2,2,4,4,4,4,4,2,2,4,4,4,4,4,4,2,2,4,4,4,4,4,4,4,2,2,2,2,4,4,4,4,2,2,4,4,4,2,2,2,6,6,4,4,6,6,6,6,4,4,4,4,4,4,4,4,4,4,4,2,2,2,2,2,4,4,2,2,2,2,4,4,2,2,4,6,6,4,4,2,2,2,2,4,4,4,4,2,2,2,2,2,2,2,2,2,2,2,2,2,2,4,4,4,4,4,4,4,4,6,6,4,4,4,4,4,4,4,4,4,4,4,4,4,6,6,4,4,4,4,4,4,4,4,4,4,4,4,4,4,2,2,2,2,6,6,6,6,4,4,2,2,2,2,6,6,6,6,6,6,6,6,6,6,4,4,4,4,4,4,4,4,4,4,4,4,4,4,4,4,4,4,4,2,2,4,4,4,6,6,6,6,2,2,6,6,2,2,4,4,2,2,2,2,6,6,4,4,4,4,4,4,4,4,4,4,4,4,4,4,4,4,4,4,4,4,4,4,6,6,6,6,6,6,4,4,4,4,4,4,4,4,4,4,6,6,4,4,2,2,4,4,6,6,6,6,4,4,4,4,4,4,2,2,2,2,2,2,6,6,6,6,4,4,4,4,2,2,4,4,2,2,4,4,4,4,2,2,2,2,4,4,4,4,6,6,2,2,2,2,2,4,2,2,6,6,2,2,4,4,4,4,4,4,4,4,2,2,2,2,2,2,4,4,2,2,4,4,4,4,6,6,6,6,4,4,2,2,2,4,4,4,4,2,2,4,4,4,4,4,4,4,4,2,2,2,2,4,4,4,4,4,2,2,2,2,2,2,4,4,4,4,6,6,4,4,4,4,4,4,4,4,2,2,4,4,4,4,4,4,2,2,2,2,2,2,4,4,4,4,4,4,4,4,4,4,4,6,6,2,2,6,6,4,4,4,4,4,4,4,4,2,2,4,4,4,4,4,4,4,4,2,2,4,4,2,2,2,2,2,2,2,2,2,2,4,4,4,4,4,2,2,2,2,2,2,4,4,4,4,4,4,2,2,4,4,4,4,4,4,4,4,4,4,4,2,2,6,6,2,2,2,2,4,4,4,4,2,2,4,4,2,2,4,4,4,4,4,4,4,4,6,6,6,6,4,4,4,2,4,4,4,4,4,4,4,4,4,4,4,2,2,4,6,6,6,6,6,6,4,4,2,2,2,4,4,6,6,4,4,4,4,2,2,4,4,4,4,4,4,4,4,2,2,4,4,4,4,4,4,4,4,4,4,2,2,4,4,4,4,4,4,2,2,2,2,4,4,2,2,2,2,2,2,4,4,4,4,4,4,4,4,4,4,4,4,4,4,4,4,4,2,2,2,2,4,4,4,4,4,4,4,4,4,4,4,2,2,6,6,4,4,4,4,4,4,4,4,4,4,4,4,4,4,4,4,4,4,4,2,2,4,2,2,2,4,4,4,4,4,4,4,4,4,4,4,4,4,6,6,2,2,4,4,4,4,4,4,4,4,4,4,4,2,2,2,2,4,4,2,4,4,4,4,4,4,4,4,4,2,2,4,4,4,4,4,4,4,2,2,2,2,4,4,4,4,4,4,4,4,4,4,4,2,2,4,4,2,2,4,4,4,6,6,4,4,4,4,4,4,4,4,4,4,4,4,6,6,6,6,2,2,2,2,4,4,4,4,4,4,4,4,4,4,4,4,4,4,4,4,4,4,4,4,4,4,4,4,4,4,2,2,6,6,4,4,2,2,4,4,4,4,2,2,4,4,4,4,4,4,4,4,4,4,4,4,4,4,4,4,4,4,4,4,2,2,6,6,2,2,4,4,4,4,4,4,4,4,4,4,4,4,4,4,4,4,2,2,4,4,2,2,2,4,4,4,4,4,4,4,2,2,2,2,2,2,2,2,4,4,4,4,4,4,4,2,2,2,2,4,4,6,6,6,6,6,6,4,4,4,4,2,2,4,4,4,4,6,6,4,4,2,4,4,4,4,4,4,4,4,4,4,4,4,4,4,4,4,4,4,2,2,2,2,4,4,4,4,4,4,4,2,2,2,2,4,4,4,4,4,4,2,4,2,2,6,6,6,6,6,6,4,4,4,4,4,4,4,4,4,2,4,4,4,4,4,4,4,4,4,4,4,4,4,4,4,4,4,4,4,4,4,4,6,6,4,4,2,2,4,4,4,4,4,4,4,4,4,4,4,4,4,4,4,4,2,2,2,2,2,4,4,4,4,4,4,2,2,4,2,4,4,2,2,4,4,4,4,4,4,4,4,4,4,4,4,4,4,4,4,4,4,4,6,6,4,4,4,4,4,4,4,6,6,4,4,4,4,4,4,4,4,4,4,2,2,4,4,2,2,2,4,4,4,4,4,4,4,4,2,2,6,6,6,6,6,6,4,4,4,4,4,6,6,2,2,4,4,4,4,4,2,2,4,4,2,2,4,2,2,2,4,4,2,2,4,4,4,4,4,4,4,4,4,4,4,2,2,4,4,4,4,4,4,4,4,4,4,4,4,6,6,4,4,2,2,2,2,4,4,4,4,4,4,4,2,2,2,2,4,2,2,4,4,2,2,4,4,4,4,2,2,4,4,4,2,2,4,4,2,2,2,4,2,2,4,4,4,2,2,4,4,4,4,4,2,2,4,4,4,4,2,2,2,2,2,2,2,4,4,4,4,4,4,2,2,2,4,4,4,2,2,4,4,2,2,4,4,2,4,4,6,6,4,4,4,4,4,4,2,2,4,4,4,4,4,4,4,4,4,4,4,4,2,2,2,4,4,4,6,6,6,6,6,6,4,2,4,4,4,4,4,2,2,2,2,4,4,4,4,2,2,2,2,2,2,2,2,2,4,4,4,4,4,2,2,4,4,2,2,4,4,4,2,2,2,2,2,4,4,2,2,4,4,2,2,4,4,2,2,4,4,4,4,4,4,2,2,2,2,2,2,4,4,4,4,4,4,4,4,4,4,4,4,4,4,4,4,4,4,4,4,4,4,4,4,4,2,2,4,4,4,4,2,2,4,4,2,2,4,4,4,2,2,2,4,4,4,4,4,4,4,4,2,2,4,4,2,2,4,4,4,2,2,4,4,4,4,4,2,2,2,4,4,6,6,6,6,4,4,2,2,2,2,4,4,4,4,2,2,4,2,2,2,2,4,4,4,4,4,4,4,2,2,2,2,2,2,4,4,2,2,2,2,2,2,2,2,2,2,2,2,6,6,2,2,2,2,4,4,2,2,4,4,4,4,4,4,4,4,2,2,2,2,2,4,4,4,4,2,2,2,2,4,2,2,4,4,4,4,4,2,4,4,4,4,4,2,2,2,2,2,2,4,4,2,2,4,4,2,2,2,2,4,4,2,2,4,2,2,2,2,6,6,2,2,2,2,4,4,2,2,2,2,4,2,2,2,2,2,2,2,2,6,6,4,4,2,2,4,4,2,2,4,2,2,2,2,2,2,4,4,4,4,4,4,2,2,2,2,2,2,4,4,4,4,2,2,4,4,4,2,2,4,4,4,4,4,4,4,4,2,2,4,4,2,2,2,2,2,2,2,4,4,2,2,4,4,6,6,4,4,4,2,2,4,4,2,2,2,2,4,4,2,2,2,2,4,4,4,4,4,4,2,2,4,4,2,2,2,2,4,4,4,4,4,4,4,4,4,4,2,2,2,2,4,4,4,4,4,4,4,4,2,2,2,2,4,4,2,2,4,4,4,4,2,2,4,2,2,4,4,4,4,4,4,4,4,4,2,2,2,2,4,2,2,2,2,4,4,4,4,4,4,2,2,2,2,4,4,4,4,4,4,2,2,2,2,2,2,2,2,2,2,2,2,2,2,2,4,4,4,4,4,4,4,2,2,2,2,2,2,2,2,2,2,4,2,2,4,4,2,2,4,4,4,4,4,4,4,4,4,4,4,4,4,4,4,4,4,2,2,2,2,4,4,4,2,2,4,4,2,2,2,2,4,4,2,2,4,4,4,2,2,2,2,2,2,4,4,4,2,2,2,2,2,2,2,2,2,2,2,2,2,2,2,2,4,4,4,2,2,4,4,4,2,2,4,4,2,2,2,2,2,2,2,2,2,2,2,2,2,4,2,2,2,2,2,2,2,2,2,2,2,4,2,2,2,2,2,2,2,2,2,2,2,2,2,2,2,2,2,2,2,2,2,2,2,2,2,2,2,2,2,2,2,2,2,2,2,2,2,2,2,2,2,2,2,2,2,2,2,2,2,2,2,2,2,2,2,2,2,2,2,2,2,2,2,2,2,2,2,2,2,2,2,2,2,2,2,2,2,2,2,2,2,2,2,2,2,2,2,4,2,2]",1.380751371886872,3.0,0.7087378640776699,188.32478542282257,251.8782331874254,0.6709950898441878,0.8922224595109721,0.8922224595109721,0.2718159862490386,12.30099017763516,24.48641742107381,0.0111006841701189,12.30099017763516,0.0,0.2718159862490386,0.0,0.0,0.0,0.0027181598624903,50,0.02,1.0,376950,15876,104.8513939580007,0.253561040997738,67.83671491700807,0.9999989983139436,1.0016860563233363e-06,42.65918505169588,2.0033711092271034e-06,42.65916418943767,1.7798658647918204,0.0014154052821176,5.131013836034982e-08,5.1313441495892675e-08,1e-12,analysis/final_validation_step_scaling_extension_hgbs5.csv
success,,NH3_s-1.00_hgbs-5_as-008-010,hamiltonian_generator/polyatomic_library/NH3/s-1.00/hgbs-5/NH3_s-1.00_hgbs-5_as-008-010.tensors.npz,NH3,s-1.00,hgbs-5,8,10,18,3899,7539,5642,0.7483751160631383,0,jw_signed_baseline,-1,-1,final JW Pauli terms ordered directly by increasing signed coefficient with dense Pauli lexicographic tie-breaking,,aed5634d20137539,"[1,1,1,1,1,1,1,1,1,1,1,1,1,1,1,1,1,1,1,1,1,1,1,1,1,1,1,1,1,1,1,1,1,1,1,1,1,1,1,1,1,1,1,1,1,1,2,2,2,2,1,1,1,1,1,1,1,1,1,1,1,1,1,1,1,1,1,1,1,1,4,4,1,1,1,1,1,1,1,1,1,1,1,1,1,1,1,1,4,1,1,1,1,1,1,1,1,1,1,1,1,1,1,1,1,1,1,1,1,1,1,1,1,1,1,1,1,1,1,1,1,1,1,1,1,1,1,1,1,1,1,1,1,1,1,1,1,1,1,1,1,1,1,2,2,1,1,1,1,1,1,1,1,1,1,1,1,1,1,1,1,1,1,1,1,1,1,1,1,1,1,1,1,1,4,1,1,1,1,1,1,2,2,2,4,4,4,4,2,2,2,2,2,2,2,2,2,2,2,2,2,2,2,2,2,2,2,2,2,2,2,2,2,2,2,2,2,2,2,2,4,4,2,4,2,4,2,2,2,2,2,2,2,2,2,2,2,2,2,2,2,2,2,2,2,4,4,2,4,2,2,2,2,2,2,2,4,4,4,4,4,4,4,4,2,2,2,2,2,2,4,2,4,2,4,2,2,2,2,2,2,2,2,4,4,2,4,4,4,4,4,4,4,4,2,2,6,6,4,4,4,4,2,4,2,2,2,4,2,2,2,2,2,4,4,4,2,2,2,2,2,4,4,4,4,2,2,2,2,4,4,2,2,4,4,4,4,4,2,2,4,4,4,4,4,2,2,2,2,2,2,4,4,4,4,2,2,4,4,6,6,2,2,4,4,2,2,2,2,2,2,4,4,4,4,4,4,4,2,2,4,4,4,4,4,4,2,2,2,2,4,4,4,4,4,4,4,4,4,4,4,4,4,2,2,2,2,2,4,4,4,4,4,4,4,2,2,4,4,4,2,2,4,4,4,4,2,2,2,2,2,2,2,4,4,4,6,6,6,6,4,4,2,2,2,2,4,4,4,4,4,2,2,4,4,4,4,4,4,2,2,4,4,4,4,4,4,4,2,2,2,2,4,4,4,4,2,2,4,4,4,2,2,2,6,6,4,4,6,6,6,6,4,4,4,4,4,4,4,4,4,4,4,2,2,2,2,2,4,4,2,2,2,2,4,4,2,2,4,6,6,4,4,2,2,2,2,4,4,4,4,2,2,2,2,2,2,2,2,2,2,2,2,2,2,4,4,4,4,4,4,4,4,6,6,4,4,4,4,4,4,4,4,4,4,4,4,4,6,6,4,4,4,4,4,4,4,4,4,4,4,4,4,4,2,2,2,2,6,6,6,6,4,4,2,2,2,2,6,6,6,6,6,6,6,6,6,6,4,4,4,4,4,4,4,4,4,4,4,4,4,4,4,4,4,4,4,2,2,4,4,4,6,6,6,6,2,2,6,6,2,2,4,4,2,2,2,2,6,6,4,4,4,4,4,4,4,4,4,4,4,4,4,4,4,4,4,4,4,4,4,4,6,6,6,6,6,6,4,4,4,4,4,4,4,4,4,4,6,6,4,4,2,2,4,4,6,6,6,6,4,4,4,4,4,4,2,2,2,2,2,2,6,6,6,6,4,4,4,4,2,2,4,4,2,2,4,4,4,4,2,2,2,2,4,4,4,4,6,6,2,2,2,2,2,4,2,2,6,6,2,2,4,4,4,4,4,4,4,4,2,2,2,2,2,2,4,4,2,2,4,4,4,4,6,6,6,6,4,4,2,2,2,4,4,4,4,2,2,4,4,4,4,4,4,4,4,2,2,2,2,4,4,4,4,4,2,2,2,2,2,2,4,4,4,4,6,6,4,4,4,4,4,4,4,4,2,2,4,4,4,4,4,4,2,2,2,2,2,2,4,4,4,4,4,4,4,4,4,4,4,6,6,2,2,6,6,4,4,4,4,4,4,4,4,2,2,4,4,4,4,4,4,4,4,2,2,4,4,2,2,2,2,2,2,2,2,2,2,4,4,4,4,4,2,2,2,2,2,2,4,4,4,4,4,4,2,2,4,4,4,4,4,4,4,4,4,4,4,2,2,6,6,2,2,2,2,4,4,4,4,2,2,4,4,2,2,4,4,4,4,4,4,4,4,6,6,6,6,4,4,4,2,4,4,4,4,4,4,4,4,4,4,4,2,2,4,6,6,6,6,6,6,4,4,2,2,2,4,4,6,6,4,4,4,4,2,2,4,4,4,4,4,4,4,4,2,2,4,4,4,4,4,4,4,4,4,4,2,2,4,4,4,4,4,4,2,2,2,2,4,4,2,2,2,2,2,2,4,4,4,4,4,4,4,4,4,4,4,4,4,4,4,4,4,2,2,2,2,4,4,4,4,4,4,4,4,4,4,4,2,2,6,6,4,4,4,4,4,4,4,4,4,4,4,4,4,4,4,4,4,4,4,2,2,4,2,2,2,4,4,4,4,4,4,4,4,4,4,4,4,4,6,6,2,2,4,4,4,4,4,4,4,4,4,4,4,2,2,2,2,4,4,2,4,4,4,4,4,4,4,4,4,2,2,4,4,4,4,4,4,4,2,2,2,2,4,4,4,4,4,4,4,4,4,4,4,2,2,4,4,2,2,4,4,4,6,6,4,4,4,4,4,4,4,4,4,4,4,4,6,6,6,6,2,2,2,2,4,4,4,4,4,4,4,4,4,4,4,4,4,4,4,4,4,4,4,4,4,4,4,4,4,4,2,2,6,6,4,4,2,2,4,4,4,4,2,2,4,4,4,4,4,4,4,4,4,4,4,4,4,4,4,4,4,4,4,4,2,2,6,6,2,2,4,4,4,4,4,4,4,4,4,4,4,4,4,4,4,4,2,2,4,4,2,2,2,4,4,4,4,4,4,4,2,2,2,2,2,2,2,2,4,4,4,4,4,4,4,2,2,2,2,4,4,6,6,6,6,6,6,4,4,4,4,2,2,4,4,4,4,6,6,4,4,2,4,4,4,4,4,4,4,4,4,4,4,4,4,4,4,4,4,4,2,2,2,2,4,4,4,4,4,4,4,2,2,2,2,4,4,4,4,4,4,2,4,2,2,6,6,6,6,6,6,4,4,4,4,4,4,4,4,4,2,4,4,4,4,4,4,4,4,4,4,4,4,4,4,4,4,4,4,4,4,4,4,6,6,4,4,2,2,4,4,4,4,4,4,4,4,4,4,4,4,4,4,4,4,2,2,2,2,2,4,4,4,4,4,4,2,2,4,2,4,4,2,2,4,4,4,4,4,4,4,4,4,4,4,4,4,4,4,4,4,4,4,6,6,4,4,4,4,4,4,4,6,6,4,4,4,4,4,4,4,4,4,4,2,2,4,4,2,2,2,4,4,4,4,4,4,4,4,2,2,6,6,6,6,6,6,4,4,4,4,4,6,6,2,2,4,4,4,4,4,2,2,4,4,2,2,4,2,2,2,4,4,2,2,4,4,4,4,4,4,4,4,4,4,4,2,2,4,4,4,4,4,4,4,4,4,4,4,4,6,6,4,4,2,2,2,2,4,4,4,4,4,4,4,2,2,2,2,4,2,2,4,4,2,2,4,4,4,4,2,2,4,4,4,2,2,4,4,2,2,2,4,2,2,4,4,4,2,2,4,4,4,4,4,2,2,4,4,4,4,2,2,2,2,2,2,2,4,4,4,4,4,4,2,2,2,4,4,4,2,2,4,4,2,2,4,4,2,4,4,6,6,4,4,4,4,4,4,2,2,4,4,4,4,4,4,4,4,4,4,4,4,2,2,2,4,4,4,6,6,6,6,6,6,4,2,4,4,4,4,4,2,2,2,2,4,4,4,4,2,2,2,2,2,2,2,2,2,4,4,4,4,4,2,2,4,4,2,2,4,4,4,2,2,2,2,2,4,4,2,2,4,4,2,2,4,4,2,2,4,4,4,4,4,4,2,2,2,2,2,2,4,4,4,4,4,4,4,4,4,4,4,4,4,4,4,4,4,4,4,4,4,4,4,4,4,2,2,4,4,4,4,2,2,4,4,2,2,4,4,4,2,2,2,4,4,4,4,4,4,4,4,2,2,4,4,2,2,4,4,4,2,2,4,4,4,4,4,2,2,2,4,4,6,6,6,6,4,4,2,2,2,2,4,4,4,4,2,2,4,2,2,2,2,4,4,4,4,4,4,4,2,2,2,2,2,2,4,4,2,2,2,2,2,2,2,2,2,2,2,2,6,6,2,2,2,2,4,4,2,2,4,4,4,4,4,4,4,4,2,2,2,2,2,4,4,4,4,2,2,2,2,4,2,2,4,4,4,4,4,2,4,4,4,4,4,2,2,2,2,2,2,4,4,2,2,4,4,2,2,2,2,4,4,2,2,4,2,2,2,2,6,6,2,2,2,2,4,4,2,2,2,2,4,2,2,2,2,2,2,2,2,6,6,4,4,2,2,4,4,2,2,4,2,2,2,2,2,2,4,4,4,4,4,4,2,2,2,2,2,2,4,4,4,4,2,2,4,4,4,2,2,4,4,4,4,4,4,4,4,2,2,4,4,2,2,2,2,2,2,2,4,4,2,2,4,4,6,6,4,4,4,2,2,4,4,2,2,2,2,4,4,2,2,2,2,4,4,4,4,4,4,2,2,4,4,2,2,2,2,4,4,4,4,4,4,4,4,4,4,2,2,2,2,4,4,4,4,4,4,4,4,2,2,2,2,4,4,2,2,4,4,4,4,2,2,4,2,2,4,4,4,4,4,4,4,4,4,2,2,2,2,4,2,2,2,2,4,4,4,4,4,4,2,2,2,2,4,4,4,4,4,4,2,2,2,2,2,2,2,2,2,2,2,2,2,2,2,4,4,4,4,4,4,4,2,2,2,2,2,2,2,2,2,2,4,2,2,4,4,2,2,4,4,4,4,4,4,4,4,4,4,4,4,4,4,4,4,4,2,2,2,2,4,4,4,2,2,4,4,2,2,2,2,4,4,2,2,4,4,4,2,2,2,2,2,2,4,4,4,2,2,2,2,2,2,2,2,2,2,2,2,2,2,2,2,4,4,4,2,2,4,4,4,2,2,4,4,2,2,2,2,2,2,2,2,2,2,2,2,2,4,2,2,2,2,2,2,2,2,2,2,2,4,2,2,2,2,2,2,2,2,2,2,2,2,2,2,2,2,2,2,2,2,2,2,2,2,2,2,2,2,2,2,2,2,2,2,2,2,2,2,2,2,2,2,2,2,2,2,2,2,2,2,2,2,2,2,2,2,2,2,2,2,2,2,2,2,2,2,2,2,2,2,2,2,2,2,2,2,2,2,2,2,2,2,2,2,2,2,2,4,2,2]",1.380751371886872,3.0,0.7087378640776699,188.32478542282257,251.8782331874254,0.6709950898441878,0.8922224595109721,0.8922224595109721,0.2718159862490386,12.30099017763516,24.48641742107381,0.0111006841701189,12.30099017763516,0.0,0.2718159862490386,0.0,0.0,0.0,0.0013590799312451,100,0.01,1.0,753900,15876,104.8513939580007,0.253561040997738,135.75298804198974,0.999999749582648,2.504173519657371e-07,42.66009692506384,5.008346412038733e-07,42.66009158205244,1.7798634387008587,0.0007076967598706,1.28081186767659e-08,1.2808950788922855e-08,1e-12,analysis/final_validation_step_scaling_extension_hgbs5.csv
success,,NH3_s-1.00_hgbs-5_as-008-010,hamiltonian_generator/polyatomic_library/NH3/s-1.00/hgbs-5/NH3_s-1.00_hgbs-5_as-008-010.tensors.npz,NH3,s-1.00,hgbs-5,8,10,18,3899,7539,5642,0.7483751160631383,0,jw_signed_baseline,-1,-1,final JW Pauli terms ordered directly by increasing signed coefficient with dense Pauli lexicographic tie-breaking,,aed5634d20137539,"[1,1,1,1,1,1,1,1,1,1,1,1,1,1,1,1,1,1,1,1,1,1,1,1,1,1,1,1,1,1,1,1,1,1,1,1,1,1,1,1,1,1,1,1,1,1,2,2,2,2,1,1,1,1,1,1,1,1,1,1,1,1,1,1,1,1,1,1,1,1,4,4,1,1,1,1,1,1,1,1,1,1,1,1,1,1,1,1,4,1,1,1,1,1,1,1,1,1,1,1,1,1,1,1,1,1,1,1,1,1,1,1,1,1,1,1,1,1,1,1,1,1,1,1,1,1,1,1,1,1,1,1,1,1,1,1,1,1,1,1,1,1,1,2,2,1,1,1,1,1,1,1,1,1,1,1,1,1,1,1,1,1,1,1,1,1,1,1,1,1,1,1,1,1,4,1,1,1,1,1,1,2,2,2,4,4,4,4,2,2,2,2,2,2,2,2,2,2,2,2,2,2,2,2,2,2,2,2,2,2,2,2,2,2,2,2,2,2,2,2,4,4,2,4,2,4,2,2,2,2,2,2,2,2,2,2,2,2,2,2,2,2,2,2,2,4,4,2,4,2,2,2,2,2,2,2,4,4,4,4,4,4,4,4,2,2,2,2,2,2,4,2,4,2,4,2,2,2,2,2,2,2,2,4,4,2,4,4,4,4,4,4,4,4,2,2,6,6,4,4,4,4,2,4,2,2,2,4,2,2,2,2,2,4,4,4,2,2,2,2,2,4,4,4,4,2,2,2,2,4,4,2,2,4,4,4,4,4,2,2,4,4,4,4,4,2,2,2,2,2,2,4,4,4,4,2,2,4,4,6,6,2,2,4,4,2,2,2,2,2,2,4,4,4,4,4,4,4,2,2,4,4,4,4,4,4,2,2,2,2,4,4,4,4,4,4,4,4,4,4,4,4,4,2,2,2,2,2,4,4,4,4,4,4,4,2,2,4,4,4,2,2,4,4,4,4,2,2,2,2,2,2,2,4,4,4,6,6,6,6,4,4,2,2,2,2,4,4,4,4,4,2,2,4,4,4,4,4,4,2,2,4,4,4,4,4,4,4,2,2,2,2,4,4,4,4,2,2,4,4,4,2,2,2,6,6,4,4,6,6,6,6,4,4,4,4,4,4,4,4,4,4,4,2,2,2,2,2,4,4,2,2,2,2,4,4,2,2,4,6,6,4,4,2,2,2,2,4,4,4,4,2,2,2,2,2,2,2,2,2,2,2,2,2,2,4,4,4,4,4,4,4,4,6,6,4,4,4,4,4,4,4,4,4,4,4,4,4,6,6,4,4,4,4,4,4,4,4,4,4,4,4,4,4,2,2,2,2,6,6,6,6,4,4,2,2,2,2,6,6,6,6,6,6,6,6,6,6,4,4,4,4,4,4,4,4,4,4,4,4,4,4,4,4,4,4,4,2,2,4,4,4,6,6,6,6,2,2,6,6,2,2,4,4,2,2,2,2,6,6,4,4,4,4,4,4,4,4,4,4,4,4,4,4,4,4,4,4,4,4,4,4,6,6,6,6,6,6,4,4,4,4,4,4,4,4,4,4,6,6,4,4,2,2,4,4,6,6,6,6,4,4,4,4,4,4,2,2,2,2,2,2,6,6,6,6,4,4,4,4,2,2,4,4,2,2,4,4,4,4,2,2,2,2,4,4,4,4,6,6,2,2,2,2,2,4,2,2,6,6,2,2,4,4,4,4,4,4,4,4,2,2,2,2,2,2,4,4,2,2,4,4,4,4,6,6,6,6,4,4,2,2,2,4,4,4,4,2,2,4,4,4,4,4,4,4,4,2,2,2,2,4,4,4,4,4,2,2,2,2,2,2,4,4,4,4,6,6,4,4,4,4,4,4,4,4,2,2,4,4,4,4,4,4,2,2,2,2,2,2,4,4,4,4,4,4,4,4,4,4,4,6,6,2,2,6,6,4,4,4,4,4,4,4,4,2,2,4,4,4,4,4,4,4,4,2,2,4,4,2,2,2,2,2,2,2,2,2,2,4,4,4,4,4,2,2,2,2,2,2,4,4,4,4,4,4,2,2,4,4,4,4,4,4,4,4,4,4,4,2,2,6,6,2,2,2,2,4,4,4,4,2,2,4,4,2,2,4,4,4,4,4,4,4,4,6,6,6,6,4,4,4,2,4,4,4,4,4,4,4,4,4,4,4,2,2,4,6,6,6,6,6,6,4,4,2,2,2,4,4,6,6,4,4,4,4,2,2,4,4,4,4,4,4,4,4,2,2,4,4,4,4,4,4,4,4,4,4,2,2,4,4,4,4,4,4,2,2,2,2,4,4,2,2,2,2,2,2,4,4,4,4,4,4,4,4,4,4,4,4,4,4,4,4,4,2,2,2,2,4,4,4,4,4,4,4,4,4,4,4,2,2,6,6,4,4,4,4,4,4,4,4,4,4,4,4,4,4,4,4,4,4,4,2,2,4,2,2,2,4,4,4,4,4,4,4,4,4,4,4,4,4,6,6,2,2,4,4,4,4,4,4,4,4,4,4,4,2,2,2,2,4,4,2,4,4,4,4,4,4,4,4,4,2,2,4,4,4,4,4,4,4,2,2,2,2,4,4,4,4,4,4,4,4,4,4,4,2,2,4,4,2,2,4,4,4,6,6,4,4,4,4,4,4,4,4,4,4,4,4,6,6,6,6,2,2,2,2,4,4,4,4,4,4,4,4,4,4,4,4,4,4,4,4,4,4,4,4,4,4,4,4,4,4,2,2,6,6,4,4,2,2,4,4,4,4,2,2,4,4,4,4,4,4,4,4,4,4,4,4,4,4,4,4,4,4,4,4,2,2,6,6,2,2,4,4,4,4,4,4,4,4,4,4,4,4,4,4,4,4,2,2,4,4,2,2,2,4,4,4,4,4,4,4,2,2,2,2,2,2,2,2,4,4,4,4,4,4,4,2,2,2,2,4,4,6,6,6,6,6,6,4,4,4,4,2,2,4,4,4,4,6,6,4,4,2,4,4,4,4,4,4,4,4,4,4,4,4,4,4,4,4,4,4,2,2,2,2,4,4,4,4,4,4,4,2,2,2,2,4,4,4,4,4,4,2,4,2,2,6,6,6,6,6,6,4,4,4,4,4,4,4,4,4,2,4,4,4,4,4,4,4,4,4,4,4,4,4,4,4,4,4,4,4,4,4,4,6,6,4,4,2,2,4,4,4,4,4,4,4,4,4,4,4,4,4,4,4,4,2,2,2,2,2,4,4,4,4,4,4,2,2,4,2,4,4,2,2,4,4,4,4,4,4,4,4,4,4,4,4,4,4,4,4,4,4,4,6,6,4,4,4,4,4,4,4,6,6,4,4,4,4,4,4,4,4,4,4,2,2,4,4,2,2,2,4,4,4,4,4,4,4,4,2,2,6,6,6,6,6,6,4,4,4,4,4,6,6,2,2,4,4,4,4,4,2,2,4,4,2,2,4,2,2,2,4,4,2,2,4,4,4,4,4,4,4,4,4,4,4,2,2,4,4,4,4,4,4,4,4,4,4,4,4,6,6,4,4,2,2,2,2,4,4,4,4,4,4,4,2,2,2,2,4,2,2,4,4,2,2,4,4,4,4,2,2,4,4,4,2,2,4,4,2,2,2,4,2,2,4,4,4,2,2,4,4,4,4,4,2,2,4,4,4,4,2,2,2,2,2,2,2,4,4,4,4,4,4,2,2,2,4,4,4,2,2,4,4,2,2,4,4,2,4,4,6,6,4,4,4,4,4,4,2,2,4,4,4,4,4,4,4,4,4,4,4,4,2,2,2,4,4,4,6,6,6,6,6,6,4,2,4,4,4,4,4,2,2,2,2,4,4,4,4,2,2,2,2,2,2,2,2,2,4,4,4,4,4,2,2,4,4,2,2,4,4,4,2,2,2,2,2,4,4,2,2,4,4,2,2,4,4,2,2,4,4,4,4,4,4,2,2,2,2,2,2,4,4,4,4,4,4,4,4,4,4,4,4,4,4,4,4,4,4,4,4,4,4,4,4,4,2,2,4,4,4,4,2,2,4,4,2,2,4,4,4,2,2,2,4,4,4,4,4,4,4,4,2,2,4,4,2,2,4,4,4,2,2,4,4,4,4,4,2,2,2,4,4,6,6,6,6,4,4,2,2,2,2,4,4,4,4,2,2,4,2,2,2,2,4,4,4,4,4,4,4,2,2,2,2,2,2,4,4,2,2,2,2,2,2,2,2,2,2,2,2,6,6,2,2,2,2,4,4,2,2,4,4,4,4,4,4,4,4,2,2,2,2,2,4,4,4,4,2,2,2,2,4,2,2,4,4,4,4,4,2,4,4,4,4,4,2,2,2,2,2,2,4,4,2,2,4,4,2,2,2,2,4,4,2,2,4,2,2,2,2,6,6,2,2,2,2,4,4,2,2,2,2,4,2,2,2,2,2,2,2,2,6,6,4,4,2,2,4,4,2,2,4,2,2,2,2,2,2,4,4,4,4,4,4,2,2,2,2,2,2,4,4,4,4,2,2,4,4,4,2,2,4,4,4,4,4,4,4,4,2,2,4,4,2,2,2,2,2,2,2,4,4,2,2,4,4,6,6,4,4,4,2,2,4,4,2,2,2,2,4,4,2,2,2,2,4,4,4,4,4,4,2,2,4,4,2,2,2,2,4,4,4,4,4,4,4,4,4,4,2,2,2,2,4,4,4,4,4,4,4,4,2,2,2,2,4,4,2,2,4,4,4,4,2,2,4,2,2,4,4,4,4,4,4,4,4,4,2,2,2,2,4,2,2,2,2,4,4,4,4,4,4,2,2,2,2,4,4,4,4,4,4,2,2,2,2,2,2,2,2,2,2,2,2,2,2,2,4,4,4,4,4,4,4,2,2,2,2,2,2,2,2,2,2,4,2,2,4,4,2,2,4,4,4,4,4,4,4,4,4,4,4,4,4,4,4,4,4,2,2,2,2,4,4,4,2,2,4,4,2,2,2,2,4,4,2,2,4,4,4,2,2,2,2,2,2,4,4,4,2,2,2,2,2,2,2,2,2,2,2,2,2,2,2,2,4,4,4,2,2,4,4,4,2,2,4,4,2,2,2,2,2,2,2,2,2,2,2,2,2,4,2,2,2,2,2,2,2,2,2,2,2,4,2,2,2,2,2,2,2,2,2,2,2,2,2,2,2,2,2,2,2,2,2,2,2,2,2,2,2,2,2,2,2,2,2,2,2,2,2,2,2,2,2,2,2,2,2,2,2,2,2,2,2,2,2,2,2,2,2,2,2,2,2,2,2,2,2,2,2,2,2,2,2,2,2,2,2,2,2,2,2,2,2,2,2,2,2,2,2,4,2,2]",1.380751371886872,3.0,0.7087378640776699,188.32478542282257,251.8782331874254,0.6709950898441878,0.8922224595109721,0.8922224595109721,0.2718159862490386,12.30099017763516,24.48641742107381,0.0111006841701189,12.30099017763516,0.0,0.2718159862490386,0.0,0.0,0.0,0.0006795399656225,200,0.005,1.0,1507800,15876,104.8513939580007,0.253561040997738,271.25756858399836,0.9999999373950268,6.260497309451551e-08,42.64749253568343,1.2520994230325044e-07,42.647491212156005,1.7798628262330605,0.000353850174776,3.202144105429738e-09,3.202352605313763e-09,1e-12,analysis/final_validation_step_scaling_extension_hgbs5.csv
success,,NH3_s-1.00_hgbs-5_as-008-010,hamiltonian_generator/polyatomic_library/NH3/s-1.00/hgbs-5/NH3_s-1.00_hgbs-5_as-008-010.tensors.npz,NH3,s-1.00,hgbs-5,8,10,18,3899,7539,5642,0.7483751160631383,0,jw_signed_baseline,-1,-1,final JW Pauli terms ordered directly by increasing signed coefficient with dense Pauli lexicographic tie-breaking,,aed5634d20137539,"[1,1,1,1,1,1,1,1,1,1,1,1,1,1,1,1,1,1,1,1,1,1,1,1,1,1,1,1,1,1,1,1,1,1,1,1,1,1,1,1,1,1,1,1,1,1,2,2,2,2,1,1,1,1,1,1,1,1,1,1,1,1,1,1,1,1,1,1,1,1,4,4,1,1,1,1,1,1,1,1,1,1,1,1,1,1,1,1,4,1,1,1,1,1,1,1,1,1,1,1,1,1,1,1,1,1,1,1,1,1,1,1,1,1,1,1,1,1,1,1,1,1,1,1,1,1,1,1,1,1,1,1,1,1,1,1,1,1,1,1,1,1,1,2,2,1,1,1,1,1,1,1,1,1,1,1,1,1,1,1,1,1,1,1,1,1,1,1,1,1,1,1,1,1,4,1,1,1,1,1,1,2,2,2,4,4,4,4,2,2,2,2,2,2,2,2,2,2,2,2,2,2,2,2,2,2,2,2,2,2,2,2,2,2,2,2,2,2,2,2,4,4,2,4,2,4,2,2,2,2,2,2,2,2,2,2,2,2,2,2,2,2,2,2,2,4,4,2,4,2,2,2,2,2,2,2,4,4,4,4,4,4,4,4,2,2,2,2,2,2,4,2,4,2,4,2,2,2,2,2,2,2,2,4,4,2,4,4,4,4,4,4,4,4,2,2,6,6,4,4,4,4,2,4,2,2,2,4,2,2,2,2,2,4,4,4,2,2,2,2,2,4,4,4,4,2,2,2,2,4,4,2,2,4,4,4,4,4,2,2,4,4,4,4,4,2,2,2,2,2,2,4,4,4,4,2,2,4,4,6,6,2,2,4,4,2,2,2,2,2,2,4,4,4,4,4,4,4,2,2,4,4,4,4,4,4,2,2,2,2,4,4,4,4,4,4,4,4,4,4,4,4,4,2,2,2,2,2,4,4,4,4,4,4,4,2,2,4,4,4,2,2,4,4,4,4,2,2,2,2,2,2,2,4,4,4,6,6,6,6,4,4,2,2,2,2,4,4,4,4,4,2,2,4,4,4,4,4,4,2,2,4,4,4,4,4,4,4,2,2,2,2,4,4,4,4,2,2,4,4,4,2,2,2,6,6,4,4,6,6,6,6,4,4,4,4,4,4,4,4,4,4,4,2,2,2,2,2,4,4,2,2,2,2,4,4,2,2,4,6,6,4,4,2,2,2,2,4,4,4,4,2,2,2,2,2,2,2,2,2,2,2,2,2,2,4,4,4,4,4,4,4,4,6,6,4,4,4,4,4,4,4,4,4,4,4,4,4,6,6,4,4,4,4,4,4,4,4,4,4,4,4,4,4,2,2,2,2,6,6,6,6,4,4,2,2,2,2,6,6,6,6,6,6,6,6,6,6,4,4,4,4,4,4,4,4,4,4,4,4,4,4,4,4,4,4,4,2,2,4,4,4,6,6,6,6,2,2,6,6,2,2,4,4,2,2,2,2,6,6,4,4,4,4,4,4,4,4,4,4,4,4,4,4,4,4,4,4,4,4,4,4,6,6,6,6,6,6,4,4,4,4,4,4,4,4,4,4,6,6,4,4,2,2,4,4,6,6,6,6,4,4,4,4,4,4,2,2,2,2,2,2,6,6,6,6,4,4,4,4,2,2,4,4,2,2,4,4,4,4,2,2,2,2,4,4,4,4,6,6,2,2,2,2,2,4,2,2,6,6,2,2,4,4,4,4,4,4,4,4,2,2,2,2,2,2,4,4,2,2,4,4,4,4,6,6,6,6,4,4,2,2,2,4,4,4,4,2,2,4,4,4,4,4,4,4,4,2,2,2,2,4,4,4,4,4,2,2,2,2,2,2,4,4,4,4,6,6,4,4,4,4,4,4,4,4,2,2,4,4,4,4,4,4,2,2,2,2,2,2,4,4,4,4,4,4,4,4,4,4,4,6,6,2,2,6,6,4,4,4,4,4,4,4,4,2,2,4,4,4,4,4,4,4,4,2,2,4,4,2,2,2,2,2,2,2,2,2,2,4,4,4,4,4,2,2,2,2,2,2,4,4,4,4,4,4,2,2,4,4,4,4,4,4,4,4,4,4,4,2,2,6,6,2,2,2,2,4,4,4,4,2,2,4,4,2,2,4,4,4,4,4,4,4,4,6,6,6,6,4,4,4,2,4,4,4,4,4,4,4,4,4,4,4,2,2,4,6,6,6,6,6,6,4,4,2,2,2,4,4,6,6,4,4,4,4,2,2,4,4,4,4,4,4,4,4,2,2,4,4,4,4,4,4,4,4,4,4,2,2,4,4,4,4,4,4,2,2,2,2,4,4,2,2,2,2,2,2,4,4,4,4,4,4,4,4,4,4,4,4,4,4,4,4,4,2,2,2,2,4,4,4,4,4,4,4,4,4,4,4,2,2,6,6,4,4,4,4,4,4,4,4,4,4,4,4,4,4,4,4,4,4,4,2,2,4,2,2,2,4,4,4,4,4,4,4,4,4,4,4,4,4,6,6,2,2,4,4,4,4,4,4,4,4,4,4,4,2,2,2,2,4,4,2,4,4,4,4,4,4,4,4,4,2,2,4,4,4,4,4,4,4,2,2,2,2,4,4,4,4,4,4,4,4,4,4,4,2,2,4,4,2,2,4,4,4,6,6,4,4,4,4,4,4,4,4,4,4,4,4,6,6,6,6,2,2,2,2,4,4,4,4,4,4,4,4,4,4,4,4,4,4,4,4,4,4,4,4,4,4,4,4,4,4,2,2,6,6,4,4,2,2,4,4,4,4,2,2,4,4,4,4,4,4,4,4,4,4,4,4,4,4,4,4,4,4,4,4,2,2,6,6,2,2,4,4,4,4,4,4,4,4,4,4,4,4,4,4,4,4,2,2,4,4,2,2,2,4,4,4,4,4,4,4,2,2,2,2,2,2,2,2,4,4,4,4,4,4,4,2,2,2,2,4,4,6,6,6,6,6,6,4,4,4,4,2,2,4,4,4,4,6,6,4,4,2,4,4,4,4,4,4,4,4,4,4,4,4,4,4,4,4,4,4,2,2,2,2,4,4,4,4,4,4,4,2,2,2,2,4,4,4,4,4,4,2,4,2,2,6,6,6,6,6,6,4,4,4,4,4,4,4,4,4,2,4,4,4,4,4,4,4,4,4,4,4,4,4,4,4,4,4,4,4,4,4,4,6,6,4,4,2,2,4,4,4,4,4,4,4,4,4,4,4,4,4,4,4,4,2,2,2,2,2,4,4,4,4,4,4,2,2,4,2,4,4,2,2,4,4,4,4,4,4,4,4,4,4,4,4,4,4,4,4,4,4,4,6,6,4,4,4,4,4,4,4,6,6,4,4,4,4,4,4,4,4,4,4,2,2,4,4,2,2,2,4,4,4,4,4,4,4,4,2,2,6,6,6,6,6,6,4,4,4,4,4,6,6,2,2,4,4,4,4,4,2,2,4,4,2,2,4,2,2,2,4,4,2,2,4,4,4,4,4,4,4,4,4,4,4,2,2,4,4,4,4,4,4,4,4,4,4,4,4,6,6,4,4,2,2,2,2,4,4,4,4,4,4,4,2,2,2,2,4,2,2,4,4,2,2,4,4,4,4,2,2,4,4,4,2,2,4,4,2,2,2,4,2,2,4,4,4,2,2,4,4,4,4,4,2,2,4,4,4,4,2,2,2,2,2,2,2,4,4,4,4,4,4,2,2,2,4,4,4,2,2,4,4,2,2,4,4,2,4,4,6,6,4,4,4,4,4,4,2,2,4,4,4,4,4,4,4,4,4,4,4,4,2,2,2,4,4,4,6,6,6,6,6,6,4,2,4,4,4,4,4,2,2,2,2,4,4,4,4,2,2,2,2,2,2,2,2,2,4,4,4,4,4,2,2,4,4,2,2,4,4,4,2,2,2,2,2,4,4,2,2,4,4,2,2,4,4,2,2,4,4,4,4,4,4,2,2,2,2,2,2,4,4,4,4,4,4,4,4,4,4,4,4,4,4,4,4,4,4,4,4,4,4,4,4,4,2,2,4,4,4,4,2,2,4,4,2,2,4,4,4,2,2,2,4,4,4,4,4,4,4,4,2,2,4,4,2,2,4,4,4,2,2,4,4,4,4,4,2,2,2,4,4,6,6,6,6,4,4,2,2,2,2,4,4,4,4,2,2,4,2,2,2,2,4,4,4,4,4,4,4,2,2,2,2,2,2,4,4,2,2,2,2,2,2,2,2,2,2,2,2,6,6,2,2,2,2,4,4,2,2,4,4,4,4,4,4,4,4,2,2,2,2,2,4,4,4,4,2,2,2,2,4,2,2,4,4,4,4,4,2,4,4,4,4,4,2,2,2,2,2,2,4,4,2,2,4,4,2,2,2,2,4,4,2,2,4,2,2,2,2,6,6,2,2,2,2,4,4,2,2,2,2,4,2,2,2,2,2,2,2,2,6,6,4,4,2,2,4,4,2,2,4,2,2,2,2,2,2,4,4,4,4,4,4,2,2,2,2,2,2,4,4,4,4,2,2,4,4,4,2,2,4,4,4,4,4,4,4,4,2,2,4,4,2,2,2,2,2,2,2,4,4,2,2,4,4,6,6,4,4,4,2,2,4,4,2,2,2,2,4,4,2,2,2,2,4,4,4,4,4,4,2,2,4,4,2,2,2,2,4,4,4,4,4,4,4,4,4,4,2,2,2,2,4,4,4,4,4,4,4,4,2,2,2,2,4,4,2,2,4,4,4,4,2,2,4,2,2,4,4,4,4,4,4,4,4,4,2,2,2,2,4,2,2,2,2,4,4,4,4,4,4,2,2,2,2,4,4,4,4,4,4,2,2,2,2,2,2,2,2,2,2,2,2,2,2,2,4,4,4,4,4,4,4,2,2,2,2,2,2,2,2,2,2,4,2,2,4,4,2,2,4,4,4,4,4,4,4,4,4,4,4,4,4,4,4,4,4,2,2,2,2,4,4,4,2,2,4,4,2,2,2,2,4,4,2,2,4,4,4,2,2,2,2,2,2,4,4,4,2,2,2,2,2,2,2,2,2,2,2,2,2,2,2,2,4,4,4,2,2,4,4,4,2,2,4,4,2,2,2,2,2,2,2,2,2,2,2,2,2,4,2,2,2,2,2,2,2,2,2,2,2,4,2,2,2,2,2,2,2,2,2,2,2,2,2,2,2,2,2,2,2,2,2,2,2,2,2,2,2,2,2,2,2,2,2,2,2,2,2,2,2,2,2,2,2,2,2,2,2,2,2,2,2,2,2,2,2,2,2,2,2,2,2,2,2,2,2,2,2,2,2,2,2,2,2,2,2,2,2,2,2,2,2,2,2,2,2,2,2,4,2,2]",1.380751371886872,3.0,0.7087378640776699,188.32478542282257,251.8782331874254,0.6709950898441878,0.8922224595109721,0.8922224595109721,0.2718159862490386,12.30099017763516,24.48641742107381,0.0111006841701189,12.30099017763516,0.0,0.2718159862490386,0.0,0.0,0.0,0.0003397699828112,400,0.0025,1.0,3015600,15876,104.8513939580007,0.253561040997738,543.3932787919766,0.9999999843433494,1.565665064262589e-08,42.04814188886994,3.1313301063207184e-08,42.0481415907039,1.7798626701106028,0.0001769556477913,8.112108762503566e-10,8.112635008217238e-10,1e-12,analysis/final_validation_step_scaling_extension_hgbs5.csv
success,,O-O_1.26_hgbs-5_as-008-010,hamiltonian_generator/o2_active_space_library/O-O/1.26/hgbs-5/O-O_1.26_hgbs-5_as-008-010.tensors.npz,O-O,1.26,hgbs-5,8,10,18,1293,2427,1770,0.7292954264524104,0,fermionic_signed_reference,-1,-1,complete Hermitian fermionic terms ordered by increasing signed canonical coefficient; final combined JW Pauli order induced by first occurrence,7acf7fdf7d0a1a9e,7efc866c08a6baf1,"[1,1,1,1,1,1,1,1,1,1,1,1,1,1,1,1,1,1,1,1,1,1,1,1,1,1,1,1,1,1,1,1,1,1,1,1,1,1,1,1,1,1,1,1,1,1,1,1,1,1,1,1,1,1,1,1,1,1,1,1,1,1,1,4,4,6,6,4,4,1,1,1,1,1,1,1,1,1,1,1,1,1,1,1,1,1,1,1,1,1,1,1,1,1,1,1,1,1,1,1,1,1,1,1,1,1,1,1,1,4,4,4,4,4,4,1,1,1,1,1,1,1,1,1,1,1,1,1,1,1,1,1,1,1,1,1,1,1,1,1,1,1,1,1,1,1,1,1,1,1,1,1,1,1,1,1,1,1,1,1,1,1,1,1,1,1,1,1,1,4,4,4,4,4,4,1,1,1,1,1,1,1,1,1,1,1,1,1,1,4,4,4,4,4,4,4,2,2,4,2,2,2,2,4,4,4,4,4,4,2,2,2,2,2,2,2,2,2,2,4,4,4,2,2,2,2,2,2,2,2,4,4,4,4,2,2,4,4,2,2,4,4,4,2,2,6,6,4,4,6,6,2,2,4,4,2,2,6,6,4,4,4,4,4,4,6,6,6,6,4,4,4,4,4,4,6,6,4,4,4,4,4,4,4,4,4,4,6,6,4,4,6,6,4,4,4,4,4,4,4,4,4,4,4,4,4,2,4,4,4,6,6,2,2,2,2,4,4,6,6,4,4,4,4,4,4,4,4,6,6,6,6,4,4,4,4,4,4,4,6,6,6,6,2,2,2,2,4,4,4,4,4,2,2,2,2,4,4,4,4,6,6,4,4,4,4,2,2,6,6,4,4,4,4,4,4,4,4,2,2,2,2,2,2,2,2,4,4,4,4,2,4,6,6,4,4,4,4,6,6,4,4,4,4,4,4,4,4,4,2,2,2,2,2,2,4,4,4,4,4,4,2,2,6,6,6,6,4,4,4,4,4,4,4,4,4,4,4,4,4,4,4,4,4,4,4,4,2,2,4,4,4,4,4,4,6,6,4,4,4,4,2,2,2,2,4,4,2,2,2,2,4,4,4,4,4,4,2,2,6,6,4,4,2,2,4,4,4,4,4,6,6,2,2,4,4,2,2,2,2,2,2,4,4,4,4,4,4,4,4,4,4,4,4,4,4,2,2,4,4,2,2,4,4,4,2,2,2,2,4,4,4,4,2,2,4,4,2,2,4,4,4,2,2,2,2,4,4,4,4,2,4,6,6,4,4,4,4,4,4,4,4,4,4,4,4,4,6,6,4,4,4,4,4,2,2,4,4,6,6,4,4,4,4,2,4,4,4,4,4,4,4,4,2,2,2,2,2,2,2,4,4,4,4,6,6,2,2,4,4,4,4,4,2,2,4,4,4,4,2,2,2,6,6,2,2,2,2,2,2,4,4,4,2,2,4,4,4,4,4,2,2,4,4,4,4,4,4,2,2,2,2,4,4,4,4,6,6,4,4,2,2,4,4,2,2,2,2,4,4,4,4,4,4,4,4,4,4,2,2,4,4,4,4,2,2,2,2,4,4,2,2,2,2,2,2,2,2,2,2,2,2,4,2,2,2,2,4,4,4,2,2,4,4,2,2,2,2,4,4,4,4,2,2,4,4,4,2,4,4,2,2,4,4,4,4,4,4,6,6,4,4,2,2,4,4,4,4,4,2,2,4,4,2,2,4,4,2,2,2,2,2,2,2,2,2,2,2,2,2,2,4,4,2,2,2,2,2,2,2,2,2,2,2,2,4,4,2,2,4,2,2,2,2,2,2,2,2,2,2,2,2,2,2,2,2,2,2,2,2,2,4,4,2,2,2,2,2,2,2,2,4,4]",1.0,1.0,1.0,1.0,1.0,0.0,0.0,0.0,0.130959940326269,1.0,39.322823940176534,0.0033303798456973,1.0,0.0,0.130959940326269,0.0,0.0,0.0,0.0026191988065253,25,0.04,1.0,60675,15876,26.80440674998681,0.075002833007602,11.026070124993566,0.9999968459285856,3.1540714144906445e-06,1.0,6.308132880827877e-06,1.0,1.9217094896866072,0.0025116016461575,0.0,0.0,1e-12,analysis/final_validation_step_scaling_extension_hgbs5.csv
success,,O-O_1.26_hgbs-5_as-008-010,hamiltonian_generator/o2_active_space_library/O-O/1.26/hgbs-5/O-O_1.26_hgbs-5_as-008-010.tensors.npz,O-O,1.26,hgbs-5,8,10,18,1293,2427,1770,0.7292954264524104,0,fermionic_signed_reference,-1,-1,complete Hermitian fermionic terms ordered by increasing signed canonical coefficient; final combined JW Pauli order induced by first occurrence,7acf7fdf7d0a1a9e,7efc866c08a6baf1,"[1,1,1,1,1,1,1,1,1,1,1,1,1,1,1,1,1,1,1,1,1,1,1,1,1,1,1,1,1,1,1,1,1,1,1,1,1,1,1,1,1,1,1,1,1,1,1,1,1,1,1,1,1,1,1,1,1,1,1,1,1,1,1,4,4,6,6,4,4,1,1,1,1,1,1,1,1,1,1,1,1,1,1,1,1,1,1,1,1,1,1,1,1,1,1,1,1,1,1,1,1,1,1,1,1,1,1,1,1,4,4,4,4,4,4,1,1,1,1,1,1,1,1,1,1,1,1,1,1,1,1,1,1,1,1,1,1,1,1,1,1,1,1,1,1,1,1,1,1,1,1,1,1,1,1,1,1,1,1,1,1,1,1,1,1,1,1,1,1,4,4,4,4,4,4,1,1,1,1,1,1,1,1,1,1,1,1,1,1,4,4,4,4,4,4,4,2,2,4,2,2,2,2,4,4,4,4,4,4,2,2,2,2,2,2,2,2,2,2,4,4,4,2,2,2,2,2,2,2,2,4,4,4,4,2,2,4,4,2,2,4,4,4,2,2,6,6,4,4,6,6,2,2,4,4,2,2,6,6,4,4,4,4,4,4,6,6,6,6,4,4,4,4,4,4,6,6,4,4,4,4,4,4,4,4,4,4,6,6,4,4,6,6,4,4,4,4,4,4,4,4,4,4,4,4,4,2,4,4,4,6,6,2,2,2,2,4,4,6,6,4,4,4,4,4,4,4,4,6,6,6,6,4,4,4,4,4,4,4,6,6,6,6,2,2,2,2,4,4,4,4,4,2,2,2,2,4,4,4,4,6,6,4,4,4,4,2,2,6,6,4,4,4,4,4,4,4,4,2,2,2,2,2,2,2,2,4,4,4,4,2,4,6,6,4,4,4,4,6,6,4,4,4,4,4,4,4,4,4,2,2,2,2,2,2,4,4,4,4,4,4,2,2,6,6,6,6,4,4,4,4,4,4,4,4,4,4,4,4,4,4,4,4,4,4,4,4,2,2,4,4,4,4,4,4,6,6,4,4,4,4,2,2,2,2,4,4,2,2,2,2,4,4,4,4,4,4,2,2,6,6,4,4,2,2,4,4,4,4,4,6,6,2,2,4,4,2,2,2,2,2,2,4,4,4,4,4,4,4,4,4,4,4,4,4,4,2,2,4,4,2,2,4,4,4,2,2,2,2,4,4,4,4,2,2,4,4,2,2,4,4,4,2,2,2,2,4,4,4,4,2,4,6,6,4,4,4,4,4,4,4,4,4,4,4,4,4,6,6,4,4,4,4,4,2,2,4,4,6,6,4,4,4,4,2,4,4,4,4,4,4,4,4,2,2,2,2,2,2,2,4,4,4,4,6,6,2,2,4,4,4,4,4,2,2,4,4,4,4,2,2,2,6,6,2,2,2,2,2,2,4,4,4,2,2,4,4,4,4,4,2,2,4,4,4,4,4,4,2,2,2,2,4,4,4,4,6,6,4,4,2,2,4,4,2,2,2,2,4,4,4,4,4,4,4,4,4,4,2,2,4,4,4,4,2,2,2,2,4,4,2,2,2,2,2,2,2,2,2,2,2,2,4,2,2,2,2,4,4,4,2,2,4,4,2,2,2,2,4,4,4,4,2,2,4,4,4,2,4,4,2,2,4,4,4,4,4,4,6,6,4,4,2,2,4,4,4,4,4,2,2,4,4,2,2,4,4,2,2,2,2,2,2,2,2,2,2,2,2,2,2,4,4,2,2,2,2,2,2,2,2,2,2,2,2,4,4,2,2,4,2,2,2,2,2,2,2,2,2,2,2,2,2,2,2,2,2,2,2,2,2,4,4,2,2,2,2,2,2,2,2,4,4]",1.0,1.0,1.0,1.0,1.0,0.0,0.0,0.0,0.130959940326269,1.0,39.322823940176534,0.0033303798456973,1.0,0.0,0.130959940326269,0.0,0.0,0.0,0.0013095994032626,50,0.02,1.0,121350,15876,26.80440674998681,0.075002833007602,22.01267220798763,0.9999992119807326,7.880192673948017e-07,1.0,1.5760379138418656e-06,1.0,1.9216366423951896,0.0012554037337803,0.0,0.0,1e-12,analysis/final_validation_step_scaling_extension_hgbs5.csv
success,,O-O_1.26_hgbs-5_as-008-010,hamiltonian_generator/o2_active_space_library/O-O/1.26/hgbs-5/O-O_1.26_hgbs-5_as-008-010.tensors.npz,O-O,1.26,hgbs-5,8,10,18,1293,2427,1770,0.7292954264524104,0,fermionic_signed_reference,-1,-1,complete Hermitian fermionic terms ordered by increasing signed canonical coefficient; final combined JW Pauli order induced by first occurrence,7acf7fdf7d0a1a9e,7efc866c08a6baf1,"[1,1,1,1,1,1,1,1,1,1,1,1,1,1,1,1,1,1,1,1,1,1,1,1,1,1,1,1,1,1,1,1,1,1,1,1,1,1,1,1,1,1,1,1,1,1,1,1,1,1,1,1,1,1,1,1,1,1,1,1,1,1,1,4,4,6,6,4,4,1,1,1,1,1,1,1,1,1,1,1,1,1,1,1,1,1,1,1,1,1,1,1,1,1,1,1,1,1,1,1,1,1,1,1,1,1,1,1,1,4,4,4,4,4,4,1,1,1,1,1,1,1,1,1,1,1,1,1,1,1,1,1,1,1,1,1,1,1,1,1,1,1,1,1,1,1,1,1,1,1,1,1,1,1,1,1,1,1,1,1,1,1,1,1,1,1,1,1,1,4,4,4,4,4,4,1,1,1,1,1,1,1,1,1,1,1,1,1,1,4,4,4,4,4,4,4,2,2,4,2,2,2,2,4,4,4,4,4,4,2,2,2,2,2,2,2,2,2,2,4,4,4,2,2,2,2,2,2,2,2,4,4,4,4,2,2,4,4,2,2,4,4,4,2,2,6,6,4,4,6,6,2,2,4,4,2,2,6,6,4,4,4,4,4,4,6,6,6,6,4,4,4,4,4,4,6,6,4,4,4,4,4,4,4,4,4,4,6,6,4,4,6,6,4,4,4,4,4,4,4,4,4,4,4,4,4,2,4,4,4,6,6,2,2,2,2,4,4,6,6,4,4,4,4,4,4,4,4,6,6,6,6,4,4,4,4,4,4,4,6,6,6,6,2,2,2,2,4,4,4,4,4,2,2,2,2,4,4,4,4,6,6,4,4,4,4,2,2,6,6,4,4,4,4,4,4,4,4,2,2,2,2,2,2,2,2,4,4,4,4,2,4,6,6,4,4,4,4,6,6,4,4,4,4,4,4,4,4,4,2,2,2,2,2,2,4,4,4,4,4,4,2,2,6,6,6,6,4,4,4,4,4,4,4,4,4,4,4,4,4,4,4,4,4,4,4,4,2,2,4,4,4,4,4,4,6,6,4,4,4,4,2,2,2,2,4,4,2,2,2,2,4,4,4,4,4,4,2,2,6,6,4,4,2,2,4,4,4,4,4,6,6,2,2,4,4,2,2,2,2,2,2,4,4,4,4,4,4,4,4,4,4,4,4,4,4,2,2,4,4,2,2,4,4,4,2,2,2,2,4,4,4,4,2,2,4,4,2,2,4,4,4,2,2,2,2,4,4,4,4,2,4,6,6,4,4,4,4,4,4,4,4,4,4,4,4,4,6,6,4,4,4,4,4,2,2,4,4,6,6,4,4,4,4,2,4,4,4,4,4,4,4,4,2,2,2,2,2,2,2,4,4,4,4,6,6,2,2,4,4,4,4,4,2,2,4,4,4,4,2,2,2,6,6,2,2,2,2,2,2,4,4,4,2,2,4,4,4,4,4,2,2,4,4,4,4,4,4,2,2,2,2,4,4,4,4,6,6,4,4,2,2,4,4,2,2,2,2,4,4,4,4,4,4,4,4,4,4,2,2,4,4,4,4,2,2,2,2,4,4,2,2,2,2,2,2,2,2,2,2,2,2,4,2,2,2,2,4,4,4,2,2,4,4,2,2,2,2,4,4,4,4,2,2,4,4,4,2,4,4,2,2,4,4,4,4,4,4,6,6,4,4,2,2,4,4,4,4,4,2,2,4,4,2,2,4,4,2,2,2,2,2,2,2,2,2,2,2,2,2,2,4,4,2,2,2,2,2,2,2,2,2,2,2,2,4,4,2,2,4,2,2,2,2,2,2,2,2,2,2,2,2,2,2,2,2,2,2,2,2,2,4,4,2,2,2,2,2,2,2,2,4,4]",1.0,1.0,1.0,1.0,1.0,0.0,0.0,0.0,0.130959940326269,1.0,39.322823940176534,0.0033303798456973,1.0,0.0,0.130959940326269,0.0,0.0,0.0,0.0006547997016313,100,0.01,1.0,242700,15876,26.80440674998681,0.075002833007602,43.67578383398359,0.9999998030579774,1.969420225789165e-07,1.0,3.9388400641104937e-07,1.0,1.9215995817457292,0.0006276018205501,0.0,0.0,1e-12,analysis/final_validation_step_scaling_extension_hgbs5.csv
success,,O-O_1.26_hgbs-5_as-008-010,hamiltonian_generator/o2_active_space_library/O-O/1.26/hgbs-5/O-O_1.26_hgbs-5_as-008-010.tensors.npz,O-O,1.26,hgbs-5,8,10,18,1293,2427,1770,0.7292954264524104,0,fermionic_signed_reference,-1,-1,complete Hermitian fermionic terms ordered by increasing signed canonical coefficient; final combined JW Pauli order induced by first occurrence,7acf7fdf7d0a1a9e,7efc866c08a6baf1,"[1,1,1,1,1,1,1,1,1,1,1,1,1,1,1,1,1,1,1,1,1,1,1,1,1,1,1,1,1,1,1,1,1,1,1,1,1,1,1,1,1,1,1,1,1,1,1,1,1,1,1,1,1,1,1,1,1,1,1,1,1,1,1,4,4,6,6,4,4,1,1,1,1,1,1,1,1,1,1,1,1,1,1,1,1,1,1,1,1,1,1,1,1,1,1,1,1,1,1,1,1,1,1,1,1,1,1,1,1,4,4,4,4,4,4,1,1,1,1,1,1,1,1,1,1,1,1,1,1,1,1,1,1,1,1,1,1,1,1,1,1,1,1,1,1,1,1,1,1,1,1,1,1,1,1,1,1,1,1,1,1,1,1,1,1,1,1,1,1,4,4,4,4,4,4,1,1,1,1,1,1,1,1,1,1,1,1,1,1,4,4,4,4,4,4,4,2,2,4,2,2,2,2,4,4,4,4,4,4,2,2,2,2,2,2,2,2,2,2,4,4,4,2,2,2,2,2,2,2,2,4,4,4,4,2,2,4,4,2,2,4,4,4,2,2,6,6,4,4,6,6,2,2,4,4,2,2,6,6,4,4,4,4,4,4,6,6,6,6,4,4,4,4,4,4,6,6,4,4,4,4,4,4,4,4,4,4,6,6,4,4,6,6,4,4,4,4,4,4,4,4,4,4,4,4,4,2,4,4,4,6,6,2,2,2,2,4,4,6,6,4,4,4,4,4,4,4,4,6,6,6,6,4,4,4,4,4,4,4,6,6,6,6,2,2,2,2,4,4,4,4,4,2,2,2,2,4,4,4,4,6,6,4,4,4,4,2,2,6,6,4,4,4,4,4,4,4,4,2,2,2,2,2,2,2,2,4,4,4,4,2,4,6,6,4,4,4,4,6,6,4,4,4,4,4,4,4,4,4,2,2,2,2,2,2,4,4,4,4,4,4,2,2,6,6,6,6,4,4,4,4,4,4,4,4,4,4,4,4,4,4,4,4,4,4,4,4,2,2,4,4,4,4,4,4,6,6,4,4,4,4,2,2,2,2,4,4,2,2,2,2,4,4,4,4,4,4,2,2,6,6,4,4,2,2,4,4,4,4,4,6,6,2,2,4,4,2,2,2,2,2,2,4,4,4,4,4,4,4,4,4,4,4,4,4,4,2,2,4,4,2,2,4,4,4,2,2,2,2,4,4,4,4,2,2,4,4,2,2,4,4,4,2,2,2,2,4,4,4,4,2,4,6,6,4,4,4,4,4,4,4,4,4,4,4,4,4,6,6,4,4,4,4,4,2,2,4,4,6,6,4,4,4,4,2,4,4,4,4,4,4,4,4,2,2,2,2,2,2,2,4,4,4,4,6,6,2,2,4,4,4,4,4,2,2,4,4,4,4,2,2,2,6,6,2,2,2,2,2,2,4,4,4,2,2,4,4,4,4,4,2,2,4,4,4,4,4,4,2,2,2,2,4,4,4,4,6,6,4,4,2,2,4,4,2,2,2,2,4,4,4,4,4,4,4,4,4,4,2,2,4,4,4,4,2,2,2,2,4,4,2,2,2,2,2,2,2,2,2,2,2,2,4,2,2,2,2,4,4,4,2,2,4,4,2,2,2,2,4,4,4,4,2,2,4,4,4,2,4,4,2,2,4,4,4,4,4,4,6,6,4,4,2,2,4,4,4,4,4,2,2,4,4,2,2,4,4,2,2,2,2,2,2,2,2,2,2,2,2,2,2,4,4,2,2,2,2,2,2,2,2,2,2,2,2,4,4,2,2,4,2,2,2,2,2,2,2,2,2,2,2,2,2,2,2,2,2,2,2,2,2,4,4,2,2,2,2,2,2,2,2,4,4]",1.0,1.0,1.0,1.0,1.0,0.0,0.0,0.0,0.130959940326269,1.0,39.322823940176534,0.0033303798456973,1.0,0.0,0.130959940326269,0.0,0.0,0.0,0.0003273998508156,200,0.005,1.0,485400,15876,26.80440674998681,0.075002833007602,88.04321199998958,0.9999999507713496,4.9228650378374545e-08,1.0,9.845729831425842e-08,1.0,1.921580892227844,0.0003137790636048,1.528221993396528e-12,1.5281109710940657e-12,1e-12,analysis/final_validation_step_scaling_extension_hgbs5.csv
success,,O-O_1.26_hgbs-5_as-008-010,hamiltonian_generator/o2_active_space_library/O-O/1.26/hgbs-5/O-O_1.26_hgbs-5_as-008-010.tensors.npz,O-O,1.26,hgbs-5,8,10,18,1293,2427,1770,0.7292954264524104,0,fermionic_signed_reference,-1,-1,complete Hermitian fermionic terms ordered by increasing signed canonical coefficient; final combined JW Pauli order induced by first occurrence,7acf7fdf7d0a1a9e,7efc866c08a6baf1,"[1,1,1,1,1,1,1,1,1,1,1,1,1,1,1,1,1,1,1,1,1,1,1,1,1,1,1,1,1,1,1,1,1,1,1,1,1,1,1,1,1,1,1,1,1,1,1,1,1,1,1,1,1,1,1,1,1,1,1,1,1,1,1,4,4,6,6,4,4,1,1,1,1,1,1,1,1,1,1,1,1,1,1,1,1,1,1,1,1,1,1,1,1,1,1,1,1,1,1,1,1,1,1,1,1,1,1,1,1,4,4,4,4,4,4,1,1,1,1,1,1,1,1,1,1,1,1,1,1,1,1,1,1,1,1,1,1,1,1,1,1,1,1,1,1,1,1,1,1,1,1,1,1,1,1,1,1,1,1,1,1,1,1,1,1,1,1,1,1,4,4,4,4,4,4,1,1,1,1,1,1,1,1,1,1,1,1,1,1,4,4,4,4,4,4,4,2,2,4,2,2,2,2,4,4,4,4,4,4,2,2,2,2,2,2,2,2,2,2,4,4,4,2,2,2,2,2,2,2,2,4,4,4,4,2,2,4,4,2,2,4,4,4,2,2,6,6,4,4,6,6,2,2,4,4,2,2,6,6,4,4,4,4,4,4,6,6,6,6,4,4,4,4,4,4,6,6,4,4,4,4,4,4,4,4,4,4,6,6,4,4,6,6,4,4,4,4,4,4,4,4,4,4,4,4,4,2,4,4,4,6,6,2,2,2,2,4,4,6,6,4,4,4,4,4,4,4,4,6,6,6,6,4,4,4,4,4,4,4,6,6,6,6,2,2,2,2,4,4,4,4,4,2,2,2,2,4,4,4,4,6,6,4,4,4,4,2,2,6,6,4,4,4,4,4,4,4,4,2,2,2,2,2,2,2,2,4,4,4,4,2,4,6,6,4,4,4,4,6,6,4,4,4,4,4,4,4,4,4,2,2,2,2,2,2,4,4,4,4,4,4,2,2,6,6,6,6,4,4,4,4,4,4,4,4,4,4,4,4,4,4,4,4,4,4,4,4,2,2,4,4,4,4,4,4,6,6,4,4,4,4,2,2,2,2,4,4,2,2,2,2,4,4,4,4,4,4,2,2,6,6,4,4,2,2,4,4,4,4,4,6,6,2,2,4,4,2,2,2,2,2,2,4,4,4,4,4,4,4,4,4,4,4,4,4,4,2,2,4,4,2,2,4,4,4,2,2,2,2,4,4,4,4,2,2,4,4,2,2,4,4,4,2,2,2,2,4,4,4,4,2,4,6,6,4,4,4,4,4,4,4,4,4,4,4,4,4,6,6,4,4,4,4,4,2,2,4,4,6,6,4,4,4,4,2,4,4,4,4,4,4,4,4,2,2,2,2,2,2,2,4,4,4,4,6,6,2,2,4,4,4,4,4,2,2,4,4,4,4,2,2,2,6,6,2,2,2,2,2,2,4,4,4,2,2,4,4,4,4,4,2,2,4,4,4,4,4,4,2,2,2,2,4,4,4,4,6,6,4,4,2,2,4,4,2,2,2,2,4,4,4,4,4,4,4,4,4,4,2,2,4,4,4,4,2,2,2,2,4,4,2,2,2,2,2,2,2,2,2,2,2,2,4,2,2,2,2,4,4,4,2,2,4,4,2,2,2,2,4,4,4,4,2,2,4,4,4,2,4,4,2,2,4,4,4,4,4,4,6,6,4,4,2,2,4,4,4,4,4,2,2,4,4,2,2,4,4,2,2,2,2,2,2,2,2,2,2,2,2,2,2,4,4,2,2,2,2,2,2,2,2,2,2,2,2,4,4,2,2,4,2,2,2,2,2,2,2,2,2,2,2,2,2,2,2,2,2,2,2,2,2,4,4,2,2,2,2,2,2,2,2,4,4]",1.0,1.0,1.0,1.0,1.0,0.0,0.0,0.0,0.130959940326269,1.0,39.322823940176534,0.0033303798456973,1.0,0.0,0.130959940326269,0.0,0.0,0.0,0.0001636999254078,400,0.0025,1.0,970800,15876,26.80440674998681,0.075002833007602,174.5429711670149,0.9999999876893044,1.2310695463035872e-08,1.0,2.462139081504944e-08,1.0,1.9215715076765847,0.0001569120483776,9.389156119254947e-12,9.389156119254947e-12,1e-12,analysis/final_validation_step_scaling_extension_hgbs5.csv
success,,O-O_1.26_hgbs-5_as-008-010,hamiltonian_generator/o2_active_space_library/O-O/1.26/hgbs-5/O-O_1.26_hgbs-5_as-008-010.tensors.npz,O-O,1.26,hgbs-5,8,10,18,1293,2427,1770,0.7292954264524104,0,jw_signed_baseline,-1,-1,final JW Pauli terms ordered directly by increasing signed coefficient with dense Pauli lexicographic tie-breaking,,219e7becb6aa5de3,"[1,1,1,1,1,1,1,1,1,1,1,1,1,1,1,1,1,1,1,1,1,1,1,1,1,1,1,1,1,1,1,1,1,1,1,1,1,1,1,1,1,1,1,1,1,1,1,1,1,1,1,1,1,1,1,1,1,1,1,1,1,1,1,4,4,6,6,4,4,1,1,1,1,1,1,1,1,1,1,1,1,1,1,1,1,1,1,1,1,1,1,1,1,1,1,1,1,1,1,1,1,1,1,1,1,1,1,1,1,4,4,4,4,4,4,1,1,1,1,1,1,1,1,1,1,1,1,1,1,1,1,1,1,1,1,1,1,1,1,1,1,1,1,1,1,1,1,1,1,1,1,1,1,1,1,1,1,1,1,1,1,1,1,1,1,1,1,1,1,4,4,4,4,4,4,1,1,1,1,1,1,1,1,1,1,1,1,1,1,4,4,4,4,4,4,4,2,2,4,2,2,2,2,4,4,4,4,4,4,2,2,2,2,2,2,2,2,2,2,4,4,4,2,2,2,2,2,2,2,2,4,4,4,4,2,2,4,4,2,2,4,4,4,2,2,6,6,4,4,6,6,2,2,4,4,2,2,6,6,4,4,4,4,4,4,6,6,6,6,4,4,4,4,4,4,6,6,4,4,4,4,4,4,4,4,4,4,6,6,4,4,6,6,4,4,4,4,4,4,4,4,4,4,4,4,4,2,4,4,4,6,6,2,2,2,2,4,4,6,6,4,4,4,4,4,4,4,4,6,6,6,6,4,4,4,4,4,4,4,6,6,6,6,2,2,2,2,4,4,4,4,4,2,2,2,2,4,4,4,4,6,6,4,4,4,4,2,2,6,6,4,4,4,4,4,4,4,4,2,2,2,2,2,2,2,2,4,4,4,4,2,4,6,6,4,4,4,4,6,6,4,4,4,4,4,4,4,4,4,2,2,2,2,2,2,4,4,4,4,4,4,2,2,6,6,6,6,4,4,4,4,4,4,4,4,4,4,4,4,4,4,4,4,4,4,4,4,2,2,4,4,4,4,4,4,6,6,4,4,4,4,2,2,2,2,4,4,2,2,2,2,4,4,4,4,4,4,2,2,6,6,4,4,2,2,4,4,4,4,4,6,6,2,2,4,4,2,2,2,2,2,2,4,4,4,4,4,4,4,4,4,4,4,4,4,4,2,2,4,4,2,2,4,4,4,2,2,2,2,4,4,4,4,2,2,4,4,2,2,4,4,4,2,2,2,2,4,4,4,4,2,4,6,6,4,4,4,4,4,4,4,4,4,4,4,4,4,6,6,4,4,4,4,4,2,2,4,4,6,6,4,4,4,4,2,4,4,4,4,4,4,4,4,2,2,2,2,2,2,2,4,4,4,4,6,6,2,2,4,4,4,4,4,2,2,4,4,4,4,2,2,2,6,6,2,2,2,2,2,2,4,4,4,2,2,4,4,4,4,4,2,2,4,4,4,4,4,4,2,2,2,2,4,4,4,4,6,6,4,4,2,2,4,4,2,2,2,2,4,4,4,4,4,4,4,4,4,4,2,2,4,4,4,4,2,2,2,2,4,4,2,2,2,2,2,2,2,2,2,2,2,2,4,2,2,2,2,4,4,4,2,2,4,4,2,2,2,2,4,4,4,4,2,2,4,4,4,2,4,4,2,2,4,4,4,4,4,4,6,6,4,4,2,2,4,4,4,4,4,2,2,4,4,2,2,4,4,2,2,2,2,2,2,2,2,2,2,2,2,2,2,4,4,2,2,2,2,2,2,2,2,2,2,2,2,4,4,2,2,4,2,2,2,2,2,2,2,2,2,2,2,2,2,2,2,2,2,2,2,2,2,4,4,2,2,2,2,2,2,2,2,4,4]",1.4046172539489672,3.0,0.6938031591737546,62.46962332928311,92.61845900288422,0.6924239037934206,0.9628299545811256,0.9628299545811256,0.2833284775479546,2.16347439409395,39.322823940176534,0.0072051915187727,2.16347439409395,0.0,0.2833284775479546,0.0,0.0,0.0,0.005666569550959,25,0.04,1.0,60675,15876,26.80440674998681,0.075002833007602,10.956878583005164,0.9999971307693304,2.869230669499956e-06,0.9096910920653052,5.7384531064741395e-06,0.9096912216156466,1.921406722255396,0.0023955085762735,3.440655725883701e-07,3.442548467402773e-07,1e-12,analysis/final_validation_step_scaling_extension_hgbs5.csv
success,,O-O_1.26_hgbs-5_as-008-010,hamiltonian_generator/o2_active_space_library/O-O/1.26/hgbs-5/O-O_1.26_hgbs-5_as-008-010.tensors.npz,O-O,1.26,hgbs-5,8,10,18,1293,2427,1770,0.7292954264524104,0,jw_signed_baseline,-1,-1,final JW Pauli terms ordered directly by increasing signed coefficient with dense Pauli lexicographic tie-breaking,,219e7becb6aa5de3,"[1,1,1,1,1,1,1,1,1,1,1,1,1,1,1,1,1,1,1,1,1,1,1,1,1,1,1,1,1,1,1,1,1,1,1,1,1,1,1,1,1,1,1,1,1,1,1,1,1,1,1,1,1,1,1,1,1,1,1,1,1,1,1,4,4,6,6,4,4,1,1,1,1,1,1,1,1,1,1,1,1,1,1,1,1,1,1,1,1,1,1,1,1,1,1,1,1,1,1,1,1,1,1,1,1,1,1,1,1,4,4,4,4,4,4,1,1,1,1,1,1,1,1,1,1,1,1,1,1,1,1,1,1,1,1,1,1,1,1,1,1,1,1,1,1,1,1,1,1,1,1,1,1,1,1,1,1,1,1,1,1,1,1,1,1,1,1,1,1,4,4,4,4,4,4,1,1,1,1,1,1,1,1,1,1,1,1,1,1,4,4,4,4,4,4,4,2,2,4,2,2,2,2,4,4,4,4,4,4,2,2,2,2,2,2,2,2,2,2,4,4,4,2,2,2,2,2,2,2,2,4,4,4,4,2,2,4,4,2,2,4,4,4,2,2,6,6,4,4,6,6,2,2,4,4,2,2,6,6,4,4,4,4,4,4,6,6,6,6,4,4,4,4,4,4,6,6,4,4,4,4,4,4,4,4,4,4,6,6,4,4,6,6,4,4,4,4,4,4,4,4,4,4,4,4,4,2,4,4,4,6,6,2,2,2,2,4,4,6,6,4,4,4,4,4,4,4,4,6,6,6,6,4,4,4,4,4,4,4,6,6,6,6,2,2,2,2,4,4,4,4,4,2,2,2,2,4,4,4,4,6,6,4,4,4,4,2,2,6,6,4,4,4,4,4,4,4,4,2,2,2,2,2,2,2,2,4,4,4,4,2,4,6,6,4,4,4,4,6,6,4,4,4,4,4,4,4,4,4,2,2,2,2,2,2,4,4,4,4,4,4,2,2,6,6,6,6,4,4,4,4,4,4,4,4,4,4,4,4,4,4,4,4,4,4,4,4,2,2,4,4,4,4,4,4,6,6,4,4,4,4,2,2,2,2,4,4,2,2,2,2,4,4,4,4,4,4,2,2,6,6,4,4,2,2,4,4,4,4,4,6,6,2,2,4,4,2,2,2,2,2,2,4,4,4,4,4,4,4,4,4,4,4,4,4,4,2,2,4,4,2,2,4,4,4,2,2,2,2,4,4,4,4,2,2,4,4,2,2,4,4,4,2,2,2,2,4,4,4,4,2,4,6,6,4,4,4,4,4,4,4,4,4,4,4,4,4,6,6,4,4,4,4,4,2,2,4,4,6,6,4,4,4,4,2,4,4,4,4,4,4,4,4,2,2,2,2,2,2,2,4,4,4,4,6,6,2,2,4,4,4,4,4,2,2,4,4,4,4,2,2,2,6,6,2,2,2,2,2,2,4,4,4,2,2,4,4,4,4,4,2,2,4,4,4,4,4,4,2,2,2,2,4,4,4,4,6,6,4,4,2,2,4,4,2,2,2,2,4,4,4,4,4,4,4,4,4,4,2,2,4,4,4,4,2,2,2,2,4,4,2,2,2,2,2,2,2,2,2,2,2,2,4,2,2,2,2,4,4,4,2,2,4,4,2,2,2,2,4,4,4,4,2,2,4,4,4,2,4,4,2,2,4,4,4,4,4,4,6,6,4,4,2,2,4,4,4,4,4,2,2,4,4,2,2,4,4,2,2,2,2,2,2,2,2,2,2,2,2,2,2,4,4,2,2,2,2,2,2,2,2,2,2,2,2,4,4,2,2,4,2,2,2,2,2,2,2,2,2,2,2,2,2,2,2,2,2,2,2,2,2,4,4,2,2,2,2,2,2,2,2,4,4]",1.4046172539489672,3.0,0.6938031591737546,62.46962332928311,92.61845900288422,0.6924239037934206,0.9628299545811256,0.9628299545811256,0.2833284775479546,2.16347439409395,39.322823940176534,0.0072051915187727,2.16347439409395,0.0,0.2833284775479546,0.0,0.0,0.0,0.0028332847754795,50,0.02,1.0,121350,15876,26.80440674998681,0.075002833007602,21.829424625000684,0.999999282365483,7.176345170334386e-07,0.9106814347394632,1.435268519034416e-06,0.9106814667520912,1.9214862508430548,0.0011980271424583,8.574374199543655e-08,8.57911097718045e-08,1e-12,analysis/final_validation_step_scaling_extension_hgbs5.csv
success,,O-O_1.26_hgbs-5_as-008-010,hamiltonian_generator/o2_active_space_library/O-O/1.26/hgbs-5/O-O_1.26_hgbs-5_as-008-010.tensors.npz,O-O,1.26,hgbs-5,8,10,18,1293,2427,1770,0.7292954264524104,0,jw_signed_baseline,-1,-1,final JW Pauli terms ordered directly by increasing signed coefficient with dense Pauli lexicographic tie-breaking,,219e7becb6aa5de3,"[1,1,1,1,1,1,1,1,1,1,1,1,1,1,1,1,1,1,1,1,1,1,1,1,1,1,1,1,1,1,1,1,1,1,1,1,1,1,1,1,1,1,1,1,1,1,1,1,1,1,1,1,1,1,1,1,1,1,1,1,1,1,1,4,4,6,6,4,4,1,1,1,1,1,1,1,1,1,1,1,1,1,1,1,1,1,1,1,1,1,1,1,1,1,1,1,1,1,1,1,1,1,1,1,1,1,1,1,1,4,4,4,4,4,4,1,1,1,1,1,1,1,1,1,1,1,1,1,1,1,1,1,1,1,1,1,1,1,1,1,1,1,1,1,1,1,1,1,1,1,1,1,1,1,1,1,1,1,1,1,1,1,1,1,1,1,1,1,1,4,4,4,4,4,4,1,1,1,1,1,1,1,1,1,1,1,1,1,1,4,4,4,4,4,4,4,2,2,4,2,2,2,2,4,4,4,4,4,4,2,2,2,2,2,2,2,2,2,2,4,4,4,2,2,2,2,2,2,2,2,4,4,4,4,2,2,4,4,2,2,4,4,4,2,2,6,6,4,4,6,6,2,2,4,4,2,2,6,6,4,4,4,4,4,4,6,6,6,6,4,4,4,4,4,4,6,6,4,4,4,4,4,4,4,4,4,4,6,6,4,4,6,6,4,4,4,4,4,4,4,4,4,4,4,4,4,2,4,4,4,6,6,2,2,2,2,4,4,6,6,4,4,4,4,4,4,4,4,6,6,6,6,4,4,4,4,4,4,4,6,6,6,6,2,2,2,2,4,4,4,4,4,2,2,2,2,4,4,4,4,6,6,4,4,4,4,2,2,6,6,4,4,4,4,4,4,4,4,2,2,2,2,2,2,2,2,4,4,4,4,2,4,6,6,4,4,4,4,6,6,4,4,4,4,4,4,4,4,4,2,2,2,2,2,2,4,4,4,4,4,4,2,2,6,6,6,6,4,4,4,4,4,4,4,4,4,4,4,4,4,4,4,4,4,4,4,4,2,2,4,4,4,4,4,4,6,6,4,4,4,4,2,2,2,2,4,4,2,2,2,2,4,4,4,4,4,4,2,2,6,6,4,4,2,2,4,4,4,4,4,6,6,2,2,4,4,2,2,2,2,2,2,4,4,4,4,4,4,4,4,4,4,4,4,4,4,2,2,4,4,2,2,4,4,4,2,2,2,2,4,4,4,4,2,2,4,4,2,2,4,4,4,2,2,2,2,4,4,4,4,2,4,6,6,4,4,4,4,4,4,4,4,4,4,4,4,4,6,6,4,4,4,4,4,2,2,4,4,6,6,4,4,4,4,2,4,4,4,4,4,4,4,4,2,2,2,2,2,2,2,4,4,4,4,6,6,2,2,4,4,4,4,4,2,2,4,4,4,4,2,2,2,6,6,2,2,2,2,2,2,4,4,4,2,2,4,4,4,4,4,2,2,4,4,4,4,4,4,2,2,2,2,4,4,4,4,6,6,4,4,2,2,4,4,2,2,2,2,4,4,4,4,4,4,4,4,4,4,2,2,4,4,4,4,2,2,2,2,4,4,2,2,2,2,2,2,2,2,2,2,2,2,4,2,2,2,2,4,4,4,2,2,4,4,2,2,2,2,4,4,4,4,2,2,4,4,4,2,4,4,2,2,4,4,4,4,4,4,6,6,4,4,2,2,4,4,4,4,4,2,2,4,4,2,2,4,4,2,2,2,2,2,2,2,2,2,2,2,2,2,2,4,4,2,2,2,2,2,2,2,2,2,2,2,2,4,4,2,2,4,2,2,2,2,2,2,2,2,2,2,2,2,2,2,2,2,2,2,2,2,2,4,4,2,2,2,2,2,2,2,2,4,4]",1.4046172539489672,3.0,0.6938031591737546,62.46962332928311,92.61845900288422,0.6924239037934206,0.9628299545811256,0.9628299545811256,0.2833284775479546,2.16347439409395,39.322823940176534,0.0072051915187727,2.16347439409395,0.0,0.2833284775479546,0.0,0.0,0.0,0.0014166423877397,100,0.01,1.0,242700,15876,26.80440674998681,0.075002833007602,43.70435012498638,0.9999998205423992,1.7945760077964226e-07,0.9112204618886348,3.589151693628168e-07,0.9112204697853616,1.9215246336903529,0.00059909531926,2.1417349449492917e-08,2.1429197638589418e-08,1e-12,analysis/final_validation_step_scaling_extension_hgbs5.csv
success,,O-O_1.26_hgbs-5_as-008-010,hamiltonian_generator/o2_active_space_library/O-O/1.26/hgbs-5/O-O_1.26_hgbs-5_as-008-010.tensors.npz,O-O,1.26,hgbs-5,8,10,18,1293,2427,1770,0.7292954264524104,0,jw_signed_baseline,-1,-1,final JW Pauli terms ordered directly by increasing signed coefficient with dense Pauli lexicographic tie-breaking,,219e7becb6aa5de3,"[1,1,1,1,1,1,1,1,1,1,1,1,1,1,1,1,1,1,1,1,1,1,1,1,1,1,1,1,1,1,1,1,1,1,1,1,1,1,1,1,1,1,1,1,1,1,1,1,1,1,1,1,1,1,1,1,1,1,1,1,1,1,1,4,4,6,6,4,4,1,1,1,1,1,1,1,1,1,1,1,1,1,1,1,1,1,1,1,1,1,1,1,1,1,1,1,1,1,1,1,1,1,1,1,1,1,1,1,1,4,4,4,4,4,4,1,1,1,1,1,1,1,1,1,1,1,1,1,1,1,1,1,1,1,1,1,1,1,1,1,1,1,1,1,1,1,1,1,1,1,1,1,1,1,1,1,1,1,1,1,1,1,1,1,1,1,1,1,1,4,4,4,4,4,4,1,1,1,1,1,1,1,1,1,1,1,1,1,1,4,4,4,4,4,4,4,2,2,4,2,2,2,2,4,4,4,4,4,4,2,2,2,2,2,2,2,2,2,2,4,4,4,2,2,2,2,2,2,2,2,4,4,4,4,2,2,4,4,2,2,4,4,4,2,2,6,6,4,4,6,6,2,2,4,4,2,2,6,6,4,4,4,4,4,4,6,6,6,6,4,4,4,4,4,4,6,6,4,4,4,4,4,4,4,4,4,4,6,6,4,4,6,6,4,4,4,4,4,4,4,4,4,4,4,4,4,2,4,4,4,6,6,2,2,2,2,4,4,6,6,4,4,4,4,4,4,4,4,6,6,6,6,4,4,4,4,4,4,4,6,6,6,6,2,2,2,2,4,4,4,4,4,2,2,2,2,4,4,4,4,6,6,4,4,4,4,2,2,6,6,4,4,4,4,4,4,4,4,2,2,2,2,2,2,2,2,4,4,4,4,2,4,6,6,4,4,4,4,6,6,4,4,4,4,4,4,4,4,4,2,2,2,2,2,2,4,4,4,4,4,4,2,2,6,6,6,6,4,4,4,4,4,4,4,4,4,4,4,4,4,4,4,4,4,4,4,4,2,2,4,4,4,4,4,4,6,6,4,4,4,4,2,2,2,2,4,4,2,2,2,2,4,4,4,4,4,4,2,2,6,6,4,4,2,2,4,4,4,4,4,6,6,2,2,4,4,2,2,2,2,2,2,4,4,4,4,4,4,4,4,4,4,4,4,4,4,2,2,4,4,2,2,4,4,4,2,2,2,2,4,4,4,4,2,2,4,4,2,2,4,4,4,2,2,2,2,4,4,4,4,2,4,6,6,4,4,4,4,4,4,4,4,4,4,4,4,4,6,6,4,4,4,4,4,2,2,4,4,6,6,4,4,4,4,2,4,4,4,4,4,4,4,4,2,2,2,2,2,2,2,4,4,4,4,6,6,2,2,4,4,4,4,4,2,2,4,4,4,4,2,2,2,6,6,2,2,2,2,2,2,4,4,4,2,2,4,4,4,4,4,2,2,4,4,4,4,4,4,2,2,2,2,4,4,4,4,6,6,4,4,2,2,4,4,2,2,2,2,4,4,4,4,4,4,4,4,4,4,2,2,4,4,4,4,2,2,2,2,4,4,2,2,2,2,2,2,2,2,2,2,2,2,4,2,2,2,2,4,4,4,2,2,4,4,2,2,2,2,4,4,4,4,2,2,4,4,4,2,4,4,2,2,4,4,4,4,4,4,6,6,4,4,2,2,4,4,4,4,4,2,2,4,4,2,2,4,4,2,2,2,2,2,2,2,2,2,2,2,2,2,2,4,4,2,2,2,2,2,2,2,2,2,2,2,2,4,4,2,2,4,2,2,2,2,2,2,2,2,2,2,2,2,2,2,2,2,2,2,2,2,2,4,4,2,2,2,2,2,2,2,2,4,4]",1.4046172539489672,3.0,0.6938031591737546,62.46962332928311,92.61845900288422,0.6924239037934206,0.9628299545811256,0.9628299545811256,0.2833284775479546,2.16347439409395,39.322823940176534,0.0072051915187727,2.16347439409395,0.0,0.2833284775479546,0.0,0.0,0.0,0.0007083211938698,200,0.005,1.0,485400,15876,26.80440674998681,0.075002833007602,87.89396212500287,0.9999999551281752,4.4871824811387746e-08,0.9114981716236388,8.974364762437403e-08,0.9114981739385948,1.9215434801056577,0.0002995724446987,5.354570786764157e-09,5.357533527927671e-09,1e-12,analysis/final_validation_step_scaling_extension_hgbs5.csv
success,,O-O_1.26_hgbs-5_as-008-010,hamiltonian_generator/o2_active_space_library/O-O/1.26/hgbs-5/O-O_1.26_hgbs-5_as-008-010.tensors.npz,O-O,1.26,hgbs-5,8,10,18,1293,2427,1770,0.7292954264524104,0,jw_signed_baseline,-1,-1,final JW Pauli terms ordered directly by increasing signed coefficient with dense Pauli lexicographic tie-breaking,,219e7becb6aa5de3,"[1,1,1,1,1,1,1,1,1,1,1,1,1,1,1,1,1,1,1,1,1,1,1,1,1,1,1,1,1,1,1,1,1,1,1,1,1,1,1,1,1,1,1,1,1,1,1,1,1,1,1,1,1,1,1,1,1,1,1,1,1,1,1,4,4,6,6,4,4,1,1,1,1,1,1,1,1,1,1,1,1,1,1,1,1,1,1,1,1,1,1,1,1,1,1,1,1,1,1,1,1,1,1,1,1,1,1,1,1,4,4,4,4,4,4,1,1,1,1,1,1,1,1,1,1,1,1,1,1,1,1,1,1,1,1,1,1,1,1,1,1,1,1,1,1,1,1,1,1,1,1,1,1,1,1,1,1,1,1,1,1,1,1,1,1,1,1,1,1,4,4,4,4,4,4,1,1,1,1,1,1,1,1,1,1,1,1,1,1,4,4,4,4,4,4,4,2,2,4,2,2,2,2,4,4,4,4,4,4,2,2,2,2,2,2,2,2,2,2,4,4,4,2,2,2,2,2,2,2,2,4,4,4,4,2,2,4,4,2,2,4,4,4,2,2,6,6,4,4,6,6,2,2,4,4,2,2,6,6,4,4,4,4,4,4,6,6,6,6,4,4,4,4,4,4,6,6,4,4,4,4,4,4,4,4,4,4,6,6,4,4,6,6,4,4,4,4,4,4,4,4,4,4,4,4,4,2,4,4,4,6,6,2,2,2,2,4,4,6,6,4,4,4,4,4,4,4,4,6,6,6,6,4,4,4,4,4,4,4,6,6,6,6,2,2,2,2,4,4,4,4,4,2,2,2,2,4,4,4,4,6,6,4,4,4,4,2,2,6,6,4,4,4,4,4,4,4,4,2,2,2,2,2,2,2,2,4,4,4,4,2,4,6,6,4,4,4,4,6,6,4,4,4,4,4,4,4,4,4,2,2,2,2,2,2,4,4,4,4,4,4,2,2,6,6,6,6,4,4,4,4,4,4,4,4,4,4,4,4,4,4,4,4,4,4,4,4,2,2,4,4,4,4,4,4,6,6,4,4,4,4,2,2,2,2,4,4,2,2,2,2,4,4,4,4,4,4,2,2,6,6,4,4,2,2,4,4,4,4,4,6,6,2,2,4,4,2,2,2,2,2,2,4,4,4,4,4,4,4,4,4,4,4,4,4,4,2,2,4,4,2,2,4,4,4,2,2,2,2,4,4,4,4,2,2,4,4,2,2,4,4,4,2,2,2,2,4,4,4,4,2,4,6,6,4,4,4,4,4,4,4,4,4,4,4,4,4,6,6,4,4,4,4,4,2,2,4,4,6,6,4,4,4,4,2,4,4,4,4,4,4,4,4,2,2,2,2,2,2,2,4,4,4,4,6,6,2,2,4,4,4,4,4,2,2,4,4,4,4,2,2,2,6,6,2,2,2,2,2,2,4,4,4,2,2,4,4,4,4,4,2,2,4,4,4,4,4,4,2,2,2,2,4,4,4,4,6,6,4,4,2,2,4,4,2,2,2,2,4,4,4,4,4,4,4,4,4,4,2,2,4,4,4,4,2,2,2,2,4,4,2,2,2,2,2,2,2,2,2,2,2,2,4,2,2,2,2,4,4,4,2,2,4,4,2,2,2,2,4,4,4,4,2,2,4,4,4,2,4,4,2,2,4,4,4,4,4,4,6,6,4,4,2,2,4,4,4,4,4,2,2,4,4,2,2,4,4,2,2,2,2,2,2,2,2,2,2,2,2,2,2,4,4,2,2,2,2,2,2,2,2,2,2,2,2,4,4,2,2,4,2,2,2,2,2,2,2,2,2,2,2,2,2,2,2,2,2,2,2,2,2,4,4,2,2,2,2,2,2,2,2,4,4]",1.4046172539489672,3.0,0.6938031591737546,62.46962332928311,92.61845900288422,0.6924239037934206,0.9628299545811256,0.9628299545811256,0.2833284775479546,2.16347439409395,39.322823940176534,0.0072051915187727,2.16347439409395,0.0,0.2833284775479546,0.0,0.0,0.0,0.0003541605969349,400,0.0025,1.0,970800,15876,26.80440674998681,0.075002833007602,174.5960177909874,0.999999988776754,1.1223245999225641e-08,0.9116662850546984,2.2446491887428976e-08,0.9116662846563856,1.9215528170897511,0.0001498215338275,1.3473893112347923e-09,1.348130052036822e-09,1e-12,analysis/final_validation_step_scaling_extension_hgbs5.csv
