status,error_message,case_id,tensor_path,molecule,bond_length,basis,active_occupied,active_vacant,n_qubits,number_of_fermionic_terms,number_of_pauli_terms,graph_level,schedule,sample_index,random_seed,graph_vertices,graph_edges,graph_density,number_of_colors,group_sizes,group_order,within_group_order_hash,pauli_order_hash,trotter_steps,trotter_dt,evolution_time,nominal_exponential_count,bch2_hf_state_norm,leading_state_error_norm_estimate,bch_squared_ratio_to_raw,schedule_build_time_seconds,bch_evaluation_time_seconds,exact_sector_dimension,exact_build_time_seconds,exact_evolution_time_seconds,trotter_runtime_seconds,state_overlap_abs,state_infidelity,state_vector_2norm_error,phase_aligned_state_2norm_error,particle_number_leakage,spin_sector_leakage,state_infidelity_ratio_to_raw_jw,state_infidelity_ratio_to_current_coloring,coefficient_tolerance
success,,B-B_1.70_sto-6g_as-004-008,hamiltonian_generator/b2_active_space_library/B-B/1.70/sto-6g/B-B_1.70_sto-6g_as-004-008.tensors.npz,B-B,1.70,sto-6g,4,8,12,162,246,baseline,jw_raw,-1,-1,,,,,[],[],4f53cda18c2baa0c,318b4f8a1713f01f,100,0.01,1.0,24600,0.14283817988326125,0.0007141908994163063,1.0,2.708000010898104e-06,0.0001603750001777371,225,0.04648087499981557,0.0004066249998686544,0.2028646660000959,0.9999997533656216,4.932686958891708e-07,1.1840658206925905,0.0007023309453024212,0.0,0.0,1.0,,1e-12
success,,B-B_1.70_sto-6g_as-004-008,hamiltonian_generator/b2_active_space_library/B-B/1.70/sto-6g/B-B_1.70_sto-6g_as-004-008.tensors.npz,B-B,1.70,sto-6g,4,8,12,162,246,jw,current,-1,-1,246,11040,0.366351418616227,8,"[38,38,28,28,38,28,24,24]","[0,1,2,3,4,5,6,7]",27bcd31bb319bf06,c27acfe811352f65,100,0.01,1.0,24600,0.345698381262873,0.001728491906314365,5.857416102772352,3.041999661945738e-06,0.000424542000018846,225,0.04648087499981557,0.0004066249998686544,0.20309687500002838,0.9999985741405749,2.8517168171315888e-06,1.1843743581084227,0.0016887033043646216,9.113721999298718e-10,9.113720889075694e-10,5.781264533706233,1.0,1e-12
success,,B-B_1.70_sto-6g_as-004-008,hamiltonian_generator/b2_active_space_library/B-B/1.70/sto-6g/B-B_1.70_sto-6g_as-004-008.tensors.npz,B-B,1.70,sto-6g,4,8,12,162,246,fermionic,current,-1,-1,162,5454,0.41821946169772256,16,"[10,10,14,14,8,6,8,8,8,6,10,14,8,6,8,24]","[0,1,2,3,4,5,6,7,8,9,10,11,12,13,14,15]",218c2a5e6e2ad37d,9d80c16c61e45ee1,100,0.01,1.0,24600,0.4422932221141637,0.0022114661105708186,9.588086714066105,3.208000180165982e-06,0.00042662499981815927,225,0.04648087499981557,0.0004066249998686544,0.20311299999957555,0.999997721520378,4.556954052437057e-06,1.1839572789343737,0.0021347035494304455,0.0,0.0,9.238279441639103,1.0,1e-12
success,,B-B_1.70_sto-6g_as-004-008,hamiltonian_generator/b2_active_space_library/B-B/1.70/sto-6g/B-B_1.70_sto-6g_as-004-008.tensors.npz,B-B,1.70,sto-6g,4,8,12,162,246,jw,reverse_groups,-1,-1,246,11040,0.366351418616227,8,"[38,38,28,28,38,28,24,24]","[7,6,5,4,3,2,1,0]",e29ba695b27af324,a4d58bf43f42bef5,100,0.01,1.0,24600,0.345698381262873,0.001728491906314365,5.857416102772352,3.0410001272684895e-06,0.00032387500004915637,225,0.04648087499981557,0.0004066249998686544,0.20322750000013912,0.9999985739446627,2.85210864092722e-06,1.1840111859162137,0.001688819313758205,9.120867394685206e-10,9.120866284462181e-10,5.7820588752059,1.00013739926534,1e-12
success,,B-B_1.70_sto-6g_as-004-008,hamiltonian_generator/b2_active_space_library/B-B/1.70/sto-6g/B-B_1.70_sto-6g_as-004-008.tensors.npz,B-B,1.70,sto-6g,4,8,12,162,246,fermionic,reverse_groups,-1,-1,162,5454,0.41821946169772256,16,"[10,10,14,14,8,6,8,8,8,6,10,14,8,6,8,24]","[15,14,13,12,11,10,9,8,7,6,5,4,3,2,1,0]",2e6e401c7759f48b,3e3c0de2009b5a62,100,0.01,1.0,24600,0.23433534615003324,0.001171676730750166,2.6914541525309534,3.166000169585459e-06,0.00034662500002013985,225,0.04648087499981557,0.0004066249998686544,0.20295424999994793,0.9999993175713847,1.3648567648294474e-06,1.1841666313830388,0.0011682710432806276,0.0,0.0,2.766964083072703,0.29951075852948805,1e-12
success,,B-B_1.70_sto-6g_as-004-008,hamiltonian_generator/b2_active_space_library/B-B/1.70/sto-6g/B-B_1.70_sto-6g_as-004-008.tensors.npz,B-B,1.70,sto-6g,4,8,12,162,246,jw,random_groups,0,875189055,246,11040,0.366351418616227,8,"[38,38,28,28,38,28,24,24]","[4,0,2,5,7,6,3,1]",6281047d3c5633af,68d5283bc25c1a23,100,0.01,1.0,24600,0.14180900149817124,0.0007090450074908562,0.9856415047399364,3.209000169590581e-06,0.0003355839999130694,225,0.04648087499981557,0.0004066249998686544,0.2029657079997378,0.9999997503033297,4.993932782859645e-07,1.1842023683730716,0.0007066776780686499,1.482760580984177e-10,1.4827616912072017e-10,1.0124163208568373,0.17512022066352342,1e-12
success,,B-B_1.70_sto-6g_as-004-008,hamiltonian_generator/b2_active_space_library/B-B/1.70/sto-6g/B-B_1.70_sto-6g_as-004-008.tensors.npz,B-B,1.70,sto-6g,4,8,12,162,246,fermionic,random_groups,0,2404829148,162,5454,0.41821946169772256,16,"[10,10,14,14,8,6,8,8,8,6,10,14,8,6,8,24]","[0,2,13,4,7,3,6,10,15,12,9,1,5,14,11,8]",74d2188177ee55cd,9792948fa03dc1a5,100,0.01,1.0,24600,0.1382813725268042,0.000691406862634021,0.9372139579864113,3.000000106112566e-06,0.00029733400015174993,225,0.04648087499981557,0.0004066249998686544,0.2030569169996852,0.9999997637993925,4.724011591905608e-07,1.1841247671596558,0.0006873144949983078,0.0,0.0,0.9576953962971562,0.1036659913079266,1e-12
success,,B-B_1.70_sto-6g_as-004-008,hamiltonian_generator/b2_active_space_library/B-B/1.70/sto-6g/B-B_1.70_sto-6g_as-004-008.tensors.npz,B-B,1.70,sto-6g,4,8,12,162,246,jw,random_groups,1,2686563299,246,11040,0.366351418616227,8,"[38,38,28,28,38,28,24,24]","[1,4,0,5,3,7,6,2]",e074898b4ccdee10,c9593cf3eeece99b,100,0.01,1.0,24600,0.31549108667156056,0.0015774554333578027,4.878491726688,3.0840001272736117e-06,0.0001474999999118154,225,0.04648087499981557,0.0004066249998686544,0.202902541000185,0.9999988780218546,2.2439550318997803e-06,1.1843947688821894,0.001497984075610174,4.246092366599896e-10,4.246093476822921e-10,4.549153535589372,0.7868786333970116,1e-12
success,,B-B_1.70_sto-6g_as-004-008,hamiltonian_generator/b2_active_space_library/B-B/1.70/sto-6g/B-B_1.70_sto-6g_as-004-008.tensors.npz,B-B,1.70,sto-6g,4,8,12,162,246,fermionic,random_groups,1,2130121150,162,5454,0.41821946169772256,16,"[10,10,14,14,8,6,8,8,8,6,10,14,8,6,8,24]","[2,15,11,8,3,5,1,9,6,13,4,14,0,10,7,12]",41f1ec830377a53e,d1f99de147d5f2f0,100,0.01,1.0,24600,0.2574860112859228,0.001287430056429614,3.249515883919594,3.1250001484295353e-06,0.00042595900004016585,225,0.04648087499981557,0.0004066249998686544,0.20276029099977677,0.9999992298826392,1.5402341284609378e-06,1.1840148152522763,0.0012410619330001536,0.0,0.0,3.1225053227521307,0.337996413994392,1e-12
success,,B-B_1.70_sto-6g_as-004-008,hamiltonian_generator/b2_active_space_library/B-B/1.70/sto-6g/B-B_1.70_sto-6g_as-004-008.tensors.npz,B-B,1.70,sto-6g,4,8,12,162,246,jw,random_groups,2,1285269528,246,11040,0.366351418616227,8,"[38,38,28,28,38,28,24,24]","[3,6,0,4,1,5,7,2]",eab41a4d788df5e1,2405ba9fc7ed1565,100,0.01,1.0,24600,0.3181395067754067,0.0015906975338770336,4.960741441130113,2.9170000743761193e-06,0.00026187499997831765,225,0.04648087499981557,0.0004066249998686544,0.20435533299996678,0.9999988346018064,2.330795029092947e-06,1.1843914070560981,0.0015266945952707022,7.31418259292127e-11,7.31418259292127e-11,4.725203623334406,0.8173304639123974,1e-12
success,,B-B_1.70_sto-6g_as-004-008,hamiltonian_generator/b2_active_space_library/B-B/1.70/sto-6g/B-B_1.70_sto-6g_as-004-008.tensors.npz,B-B,1.70,sto-6g,4,8,12,162,246,fermionic,random_groups,2,2543415329,162,5454,0.41821946169772256,16,"[10,10,14,14,8,6,8,8,8,6,10,14,8,6,8,24]","[13,5,14,4,2,11,6,12,15,7,0,10,1,9,3,8]",e993532d773796e4,cca04e3f2e78dba5,100,0.01,1.0,24600,0.1314148995538209,0.0006570744977691046,0.8464486170600152,3.5829998523695394e-06,0.0003739580001820286,225,0.04648087499981557,0.0004066249998686544,0.20509304200004408,0.9999997892791193,4.2144171708002887e-07,1.184154378783888,0.0006491854600104271,0.0,0.0,0.8543856940289594,0.09248320527933392,1e-12
success,,B-B_1.70_sto-6g_as-004-008,hamiltonian_generator/b2_active_space_library/B-B/1.70/sto-6g/B-B_1.70_sto-6g_as-004-008.tensors.npz,B-B,1.70,sto-6g,4,8,12,162,246,jw,random_groups,3,2927273521,246,11040,0.366351418616227,8,"[38,38,28,28,38,28,24,24]","[0,3,7,1,6,5,4,2]",b4be85966adfe6c3,8e02fb221df82053,100,0.01,1.0,24600,0.37564855297105615,0.0018782427648552807,6.916315965112869,3.1670001590100583e-06,0.00044066600003134226,225,0.04648087499981557,0.0004066249998686544,0.20365524999988338,0.9999984999463446,3.0001050606021096e-06,1.1845224953291325,0.0017320817852521098,5.3305360125932566e-11,5.330547114823503e-11,6.082090928543706,1.0520347050517371,1e-12
success,,B-B_1.70_sto-6g_as-004-008,hamiltonian_generator/b2_active_space_library/B-B/1.70/sto-6g/B-B_1.70_sto-6g_as-004-008.tensors.npz,B-B,1.70,sto-6g,4,8,12,162,246,fermionic,random_groups,3,623401407,162,5454,0.41821946169772256,16,"[10,10,14,14,8,6,8,8,8,6,10,14,8,6,8,24]","[0,8,9,3,2,4,6,13,10,12,11,5,15,14,7,1]",66842843841ab294,ec818582e1d9d3b4,100,0.01,1.0,24600,0.41548896953976905,0.002077444847698845,8.461169242603857,3.166000169585459e-06,0.00043758299989349325,225,0.04648087499981557,0.0004066249998686544,0.20349333400008618,0.9999981117769032,3.7764426281672314e-06,1.1838485333015318,0.0019433080542048532,0.0,0.0,7.65595437058859,0.828720804447785,1e-12
success,,B-B_1.70_sto-6g_as-004-008,hamiltonian_generator/b2_active_space_library/B-B/1.70/sto-6g/B-B_1.70_sto-6g_as-004-008.tensors.npz,B-B,1.70,sto-6g,4,8,12,162,246,jw,random_groups,4,1771982391,246,11040,0.366351418616227,8,"[38,38,28,28,38,28,24,24]","[5,3,2,6,0,4,7,1]",008026db4abcab89,9987ac0676dd36ee,100,0.01,1.0,24600,0.3444194687020699,0.0017220973435103496,5.814157200139433,3.0840001272736117e-06,0.000300749999951222,225,0.04648087499981557,0.0004066249998686544,0.20308891600006973,0.9999986427470409,2.714504076184454e-06,1.1839650179411865,0.001647575770113926,5.86401149860194e-10,5.864012608824964e-10,5.503094152957068,0.9518841632090417,1e-12
success,,B-B_1.70_sto-6g_as-004-008,hamiltonian_generator/b2_active_space_library/B-B/1.70/sto-6g/B-B_1.70_sto-6g_as-004-008.tensors.npz,B-B,1.70,sto-6g,4,8,12,162,246,fermionic,random_groups,4,2160449059,162,5454,0.41821946169772256,16,"[10,10,14,14,8,6,8,8,8,6,10,14,8,6,8,24]","[9,4,8,6,12,1,7,14,3,0,11,5,2,10,13,15]",4b166a1e740077a6,81f696069c4f68bc,100,0.01,1.0,24600,0.3281651656522669,0.0016408258282613344,5.278327627471755,2.957999640784692e-06,0.00032637499998600106,225,0.04648087499981557,0.0004066249998686544,0.20301641600008224,0.9999987891710698,2.421656394302474e-06,1.1839113943982378,0.001556167683915522,0.0,0.0,4.9094062008884904,0.5314199718575994,1e-12
success,,B-B_1.70_sto-6g_as-004-008,hamiltonian_generator/b2_active_space_library/B-B/1.70/sto-6g/B-B_1.70_sto-6g_as-004-008.tensors.npz,B-B,1.70,sto-6g,4,8,12,162,246,jw,random_groups,5,1551410299,246,11040,0.366351418616227,8,"[38,38,28,28,38,28,24,24]","[4,0,1,2,5,3,7,6]",c14b23548c36b5a5,39e56e2b69e0df79,100,0.01,1.0,24600,0.3206456690894484,0.0016032283454472422,5.039206338128175,2.7910000426345505e-06,0.0004244170004312764,225,0.04648087499981557,0.0004066249998686544,0.2031021249999867,0.9999987643459062,2.471306660756234e-06,1.1843589520217839,0.0015720394993911444,1.6302269534307356e-09,1.6302268424084332e-09,5.010061820974537,0.8666031093655393,1e-12
success,,B-B_1.70_sto-6g_as-004-008,hamiltonian_generator/b2_active_space_library/B-B/1.70/sto-6g/B-B_1.70_sto-6g_as-004-008.tensors.npz,B-B,1.70,sto-6g,4,8,12,162,246,fermionic,random_groups,5,3073906834,162,5454,0.41821946169772256,16,"[10,10,14,14,8,6,8,8,8,6,10,14,8,6,8,24]","[4,1,0,10,14,2,7,12,5,13,8,3,15,11,9,6]",ed8b8c05cfb3683e,cf56bf6957d74b18,100,0.01,1.0,24600,0.42610202554867355,0.002130510127743368,8.898946222644012,3.5840002965414897e-06,0.00040883299971028464,225,0.04648087499981557,0.0004066249998686544,0.2031090000000404,0.9999979977742688,4.0044474535205765e-06,1.1838107437964713,0.0020011125561609213,0.0,0.0,8.118186876428721,0.8787552842186329,1e-12
success,,B-B_1.70_sto-6g_as-004-008,hamiltonian_generator/b2_active_space_library/B-B/1.70/sto-6g/B-B_1.70_sto-6g_as-004-008.tensors.npz,B-B,1.70,sto-6g,4,8,12,162,246,jw,random_groups,6,2141513781,246,11040,0.366351418616227,8,"[38,38,28,28,38,28,24,24]","[4,1,3,0,7,6,5,2]",2289bc5acb60b00c,13f41b1bbebc54ed,100,0.01,1.0,24600,0.2602903612515968,0.0013014518062579841,3.320684057983834,2.9170000743761193e-06,0.0003914580001946888,225,0.04648087499981557,0.0004066249998686544,0.20321066699989387,0.9999992166804919,1.56663840267246e-06,1.1843510730806133,0.0012516545115536977,7.086720099636068e-11,7.086720099636068e-11,3.176034513701347,0.5493667510255348,1e-12
success,,B-B_1.70_sto-6g_as-004-008,hamiltonian_generator/b2_active_space_library/B-B/1.70/sto-6g/B-B_1.70_sto-6g_as-004-008.tensors.npz,B-B,1.70,sto-6g,4,8,12,162,246,fermionic,random_groups,6,2818947403,162,5454,0.41821946169772256,16,"[10,10,14,14,8,6,8,8,8,6,10,14,8,6,8,24]","[2,5,12,3,9,15,0,6,4,14,1,8,11,7,10,13]",2ed035667ada5a3c,f85dc1e409eb497b,100,0.01,1.0,24600,0.36938740869781717,0.001846937043489086,6.687681166208114,3.0840001272736117e-06,0.0004510409999056719,225,0.04648087499981557,0.0004066249998686544,0.22034420799991494,0.9999983905268279,3.2189437537688548e-06,1.1840076134770845,0.0017941422307446017,0.0,0.0,6.5257410020036986,0.7063805596300374,1e-12
success,,B-B_1.70_sto-6g_as-004-008,hamiltonian_generator/b2_active_space_library/B-B/1.70/sto-6g/B-B_1.70_sto-6g_as-004-008.tensors.npz,B-B,1.70,sto-6g,4,8,12,162,246,jw,random_groups,7,1569605635,246,11040,0.366351418616227,8,"[38,38,28,28,38,28,24,24]","[5,0,3,6,1,4,7,2]",0eeacb5524954903,a8b0d429d041899f,100,0.01,1.0,24600,0.44822718452644866,0.002241135922632243,9.847086885689874,3.0840001272736117e-06,0.0004299170000194863,225,0.04648087499981557,0.0004066249998686544,0.21020733300019856,0.9999977446981471,4.510598619500428e-06,1.1845151582282019,0.0021238181904005326,2.5982260787316136e-10,2.598224968508589e-10,9.14430341331428,1.5817133708379334,1e-12
success,,B-B_1.70_sto-6g_as-004-008,hamiltonian_generator/b2_active_space_library/B-B/1.70/sto-6g/B-B_1.70_sto-6g_as-004-008.tensors.npz,B-B,1.70,sto-6g,4,8,12,162,246,fermionic,random_groups,7,2854921744,162,5454,0.41821946169772256,16,"[10,10,14,14,8,6,8,8,8,6,10,14,8,6,8,24]","[8,11,9,3,2,1,6,13,4,12,7,0,5,14,15,10]",7cef99ccd1475cc2,45a55870b2be3503,100,0.01,1.0,24600,0.249327553687942,0.00124663776843971,3.0468560530112425,3.2920002013270278e-06,0.00029762499980279244,225,0.04648087499981557,0.0004066249998686544,0.20321487499995783,0.9999992810786342,1.4378422147354186e-06,1.184005082928954,0.0011991008012440976,0.0,0.0,2.9149269489797054,0.3155270380587799,1e-12
success,,B-B_1.70_sto-6g_as-004-008,hamiltonian_generator/b2_active_space_library/B-B/1.70/sto-6g/B-B_1.70_sto-6g_as-004-008.tensors.npz,B-B,1.70,sto-6g,4,8,12,162,246,jw,random_groups,8,1478442885,246,11040,0.366351418616227,8,"[38,38,28,28,38,28,24,24]","[1,6,7,0,5,3,4,2]",9e8935c19a16fd31,80dad509b3484b06,100,0.01,1.0,24600,0.3443690951032421,0.0017218454755162105,5.812456607512561,3.957999979320448e-06,0.0001637089999348973,225,0.04648087499981557,0.0004066249998686544,0.20310608399995544,0.999998629456051,2.7410860196086517e-06,1.1844012202239746,0.0016556231147199494,9.348253282581709e-10,9.348253282581709e-10,5.556983531394678,0.9612055457756793,1e-12
success,,B-B_1.70_sto-6g_as-004-008,hamiltonian_generator/b2_active_space_library/B-B/1.70/sto-6g/B-B_1.70_sto-6g_as-004-008.tensors.npz,B-B,1.70,sto-6g,4,8,12,162,246,fermionic,random_groups,8,3915056856,162,5454,0.41821946169772256,16,"[10,10,14,14,8,6,8,8,8,6,10,14,8,6,8,24]","[7,9,5,12,0,13,1,11,14,6,4,15,10,3,8,2]",494ecb8829ac7d27,0acd1f476c139fa0,100,0.01,1.0,24600,0.2657306607470494,0.001328653303735247,3.4609451753913567,3.0830001378490124e-06,0.0004487910000534612,225,0.04648087499981557,0.0004066249998686544,0.2030365420000635,0.9999991676242318,1.6647508435108094e-06,1.1842801277366977,0.0012902525087753168,0.0,0.0,3.374937143558064,0.36532096315970125,1e-12
success,,B-B_1.70_sto-6g_as-004-008,hamiltonian_generator/b2_active_space_library/B-B/1.70/sto-6g/B-B_1.70_sto-6g_as-004-008.tensors.npz,B-B,1.70,sto-6g,4,8,12,162,246,jw,random_groups,9,1176196188,246,11040,0.366351418616227,8,"[38,38,28,28,38,28,24,24]","[4,5,2,6,7,0,1,3]",2c06a84d108d144c,3b2cb7a9a0d8a051,100,0.01,1.0,24600,0.33081514611490154,0.0016540757305745077,5.363918311339025,2.79200003205915e-06,0.00031254200030161883,225,0.04648087499981557,0.0004066249998686544,0.2032605419999527,0.9999986744702418,2.65105775931751e-06,1.1841635366877632,0.0016282074549505258,0.0,0.0,5.374469901315527,0.9296356999374459,1e-12
success,,B-B_1.70_sto-6g_as-004-008,hamiltonian_generator/b2_active_space_library/B-B/1.70/sto-6g/B-B_1.70_sto-6g_as-004-008.tensors.npz,B-B,1.70,sto-6g,4,8,12,162,246,fermionic,random_groups,9,3753125171,162,5454,0.41821946169772256,16,"[10,10,14,14,8,6,8,8,8,6,10,14,8,6,8,24]","[15,13,9,8,3,7,6,4,11,1,12,0,5,2,10,14]",8b15feeb1c3fadee,513e9e4ad14149c8,100,0.01,1.0,24600,0.13125747377510721,0.0006562873688755361,0.8444218602860498,3.000000106112566e-06,0.00030104100005701184,225,0.04648087499981557,0.0004066249998686544,0.20321383300006346,0.9999998002960874,3.9940778540081823e-07,1.1840609552532104,0.0006319872033972087,0.0,0.0,0.8097164663588513,0.08764797292332038,1e-12
success,,B-B_1.70_sto-6g_as-004-008,hamiltonian_generator/b2_active_space_library/B-B/1.70/sto-6g/B-B_1.70_sto-6g_as-004-008.tensors.npz,B-B,1.70,sto-6g,4,8,12,162,246,jw,random_groups,10,3622898362,246,11040,0.366351418616227,8,"[38,38,28,28,38,28,24,24]","[7,1,0,2,4,5,3,6]",0616bb97d7fb2344,8928b9be336ce332,100,0.01,1.0,24600,0.17635863832341547,0.0008817931916170773,1.5244207751114927,3.4169997888966464e-06,0.00016016600011425908,225,0.04648087499981557,0.0004066249998686544,0.20317925000017567,0.9999996292559857,7.414878910871892e-07,1.1842660078187486,0.0008610969913620646,1.7744296032518037e-09,1.7744297142741061e-09,1.5032129491829522,0.2600145591710673,1e-12
success,,B-B_1.70_sto-6g_as-004-008,hamiltonian_generator/b2_active_space_library/B-B/1.70/sto-6g/B-B_1.70_sto-6g_as-004-008.tensors.npz,B-B,1.70,sto-6g,4,8,12,162,246,fermionic,random_groups,10,2816548403,162,5454,0.41821946169772256,16,"[10,10,14,14,8,6,8,8,8,6,10,14,8,6,8,24]","[4,9,13,5,11,10,7,1,3,6,15,2,8,14,12,0]",c631f7d1ee43b671,55d9ba48c86abbdf,100,0.01,1.0,24600,0.4324071147852455,0.0021620355739262274,9.164252512187316,3.2089997148432303e-06,0.0004227909998917312,225,0.04648087499981557,0.0004066249998686544,0.2033974579999267,0.9999979478981937,4.104199401444575e-06,1.1838668834379336,0.002025883415332804,0.0,0.0,8.32041326694431,0.9006453333119853,1e-12
success,,B-B_1.70_sto-6g_as-004-008,hamiltonian_generator/b2_active_space_library/B-B/1.70/sto-6g/B-B_1.70_sto-6g_as-004-008.tensors.npz,B-B,1.70,sto-6g,4,8,12,162,246,jw,random_groups,11,1488389184,246,11040,0.366351418616227,8,"[38,38,28,28,38,28,24,24]","[2,5,3,0,7,6,1,4]",d417a43544653afe,33e5dc6444792f1f,100,0.01,1.0,24600,0.20907243572882483,0.0010453621786441242,2.1424216215413976,3.0840001272736117e-06,0.0003540829998200934,225,0.04648087499981557,0.0004066249998686544,0.20304541699988476,0.9999995018510431,9.962976655897293e-07,1.184082149369641,0.0009981472405034115,4.335791725651461e-10,4.335791725651461e-10,2.019786931327142,0.3493676719948159,1e-12
success,,B-B_1.70_sto-6g_as-004-008,hamiltonian_generator/b2_active_space_library/B-B/1.70/sto-6g/B-B_1.70_sto-6g_as-004-008.tensors.npz,B-B,1.70,sto-6g,4,8,12,162,246,fermionic,random_groups,11,605268781,162,5454,0.41821946169772256,16,"[10,10,14,14,8,6,8,8,8,6,10,14,8,6,8,24]","[0,10,2,4,15,1,9,6,11,12,3,13,8,7,14,5]",4a0aa788b61f8bfe,14aafc7565b2eb22,100,0.01,1.0,24600,0.385618547459313,0.0019280927372965651,7.288316328796425,3.2089997148432303e-06,0.0004201670003567415,225,0.04648087499981557,0.0004066249998686544,0.20316112499995143,0.9999982720688488,3.4558593166034157e-06,1.1840097986216027,0.0018589949710330568,0.0,0.0,7.006038180415749,0.7583704546582435,1e-12
success,,B-B_1.70_sto-6g_as-004-008,hamiltonian_generator/b2_active_space_library/B-B/1.70/sto-6g/B-B_1.70_sto-6g_as-004-008.tensors.npz,B-B,1.70,sto-6g,4,8,12,162,246,jw,random_groups,12,3167853451,246,11040,0.366351418616227,8,"[38,38,28,28,38,28,24,24]","[0,7,6,5,1,2,4,3]",562f8629f75f1977,e6e518844d30366e,100,0.01,1.0,24600,0.5572314858867656,0.002786157429433828,15.218879579180049,2.8330000532150734e-06,0.0002922909998233081,225,0.04648087499981557,0.0004066249998686544,0.20317537499977334,0.9999964820260064,7.035935611021671e-06,1.1845869831851734,0.0026525361424722975,1.898323276350311e-09,1.898323276350311e-09,14.263900526544925,2.4672630777198963,1e-12
success,,B-B_1.70_sto-6g_as-004-008,hamiltonian_generator/b2_active_space_library/B-B/1.70/sto-6g/B-B_1.70_sto-6g_as-004-008.tensors.npz,B-B,1.70,sto-6g,4,8,12,162,246,fermionic,random_groups,12,2683165452,162,5454,0.41821946169772256,16,"[10,10,14,14,8,6,8,8,8,6,10,14,8,6,8,24]","[2,10,5,12,7,8,6,1,4,11,13,14,15,9,3,0]",39a138b38941bd56,f78acd044ad7db63,100,0.01,1.0,24600,0.20334232283863934,0.0010167116141931967,2.026594900630773,3.000000106112566e-06,0.0003301249998912681,225,0.04648087499981557,0.0004066249998686544,0.20315237500017247,0.999999520400009,9.591997520708162e-07,1.1843228479989503,0.0009793875546018679,0.0,0.0,1.9445786040440975,0.21049142498108725,1e-12
success,,B-B_1.70_sto-6g_as-004-008,hamiltonian_generator/b2_active_space_library/B-B/1.70/sto-6g/B-B_1.70_sto-6g_as-004-008.tensors.npz,B-B,1.70,sto-6g,4,8,12,162,246,jw,random_groups,13,2054938735,246,11040,0.366351418616227,8,"[38,38,28,28,38,28,24,24]","[6,0,5,2,7,1,3,4]",9902fe410c93b604,25f6e707f6c96147,100,0.01,1.0,24600,0.3370385061698229,0.0016851925308491145,5.567630783035448,2.9590000849566422e-06,0.0002592920000097365,225,0.04648087499981557,0.0004066249998686544,0.2029942500003017,0.999998656629327,2.6867395414020834e-06,1.184331236385165,0.0016391282274641024,7.126547130198446e-10,7.126546019975422e-10,5.44680731575504,0.9421480861148589,1e-12
success,,B-B_1.70_sto-6g_as-004-008,hamiltonian_generator/b2_active_space_library/B-B/1.70/sto-6g/B-B_1.70_sto-6g_as-004-008.tensors.npz,B-B,1.70,sto-6g,4,8,12,162,246,fermionic,random_groups,13,4265844992,162,5454,0.41821946169772256,16,"[10,10,14,14,8,6,8,8,8,6,10,14,8,6,8,24]","[6,14,10,12,15,4,13,3,1,2,9,7,8,0,5,11]",5e435619b35a4102,071051c82a3c9232,100,0.01,1.0,24600,0.344206866855298,0.00172103433427649,5.80698153695599,3.1250001484295353e-06,0.0003434999998717103,225,0.04648087499981557,0.0004066249998686544,0.20308533300021736,0.9999986634627187,2.6730727762380724e-06,1.1838940871530605,0.001634953994027636,0.0,0.0,5.419100783234514,0.5865919966448893,1e-12
success,,B-B_1.70_sto-6g_as-004-008,hamiltonian_generator/b2_active_space_library/B-B/1.70/sto-6g/B-B_1.70_sto-6g_as-004-008.tensors.npz,B-B,1.70,sto-6g,4,8,12,162,246,jw,random_groups,14,4085885249,246,11040,0.366351418616227,8,"[38,38,28,28,38,28,24,24]","[0,7,3,5,2,1,4,6]",ba246704de080175,8d6378bb00e392da,100,0.01,1.0,24600,0.252558996609333,0.0012627949830466651,3.1263462240658164,2.79200003205915e-06,0.0003048749999834399,225,0.04648087499981557,0.0004066249998686544,0.203192874999786,0.9999992414084343,1.5171825559212593e-06,1.1841816228107713,0.0012317398797432244,1.3769725359935592e-09,1.376972758038164e-09,3.075773039248663,0.5320242693127306,1e-12
success,,B-B_1.70_sto-6g_as-004-008,hamiltonian_generator/b2_active_space_library/B-B/1.70/sto-6g/B-B_1.70_sto-6g_as-004-008.tensors.npz,B-B,1.70,sto-6g,4,8,12,162,246,fermionic,random_groups,14,1972977524,162,5454,0.41821946169772256,16,"[10,10,14,14,8,6,8,8,8,6,10,14,8,6,8,24]","[5,12,3,14,0,10,15,9,1,4,13,7,6,11,8,2]",1e335f0a3df57bdf,9b68380c40458f66,100,0.01,1.0,24600,0.29764998480473526,0.0014882499240236762,4.342332892379379,2.8749996090482455e-06,0.0002660410000316915,225,0.04648087499981557,0.0004066249998686544,0.20325145800006794,0.9999989534378239,2.0931232569409985e-06,1.1841314520582893,0.0014467634057740866,0.0,0.0,4.243373387333885,0.4593250739101917,1e-12
success,,B-B_1.70_sto-6g_as-004-008,hamiltonian_generator/b2_active_space_library/B-B/1.70/sto-6g/B-B_1.70_sto-6g_as-004-008.tensors.npz,B-B,1.70,sto-6g,4,8,12,162,246,jw,random_groups,15,2862677085,246,11040,0.366351418616227,8,"[38,38,28,28,38,28,24,24]","[4,3,1,2,7,5,0,6]",9c00662757d987d5,88f1a6c5858d86a4,100,0.01,1.0,24600,0.4232907253759944,0.002116453626879972,8.781908151867926,2.8750000637955964e-06,0.0002437079997434921,225,0.04648087499981557,0.0004066249998686544,0.20305145800011815,0.9999978852783795,4.229438768876825e-06,1.1840333679476525,0.002056561022913298,7.156882864123304e-10,7.156881753900279e-10,8.574310115611127,1.4831201834167476,1e-12
success,,B-B_1.70_sto-6g_as-004-008,hamiltonian_generator/b2_active_space_library/B-B/1.70/sto-6g/B-B_1.70_sto-6g_as-004-008.tensors.npz,B-B,1.70,sto-6g,4,8,12,162,246,fermionic,random_groups,15,449764996,162,5454,0.41821946169772256,16,"[10,10,14,14,8,6,8,8,8,6,10,14,8,6,8,24]","[2,1,9,0,10,11,3,7,4,12,15,8,13,6,5,14]",c9220653a1931ba8,99582d32f5fc0206,100,0.01,1.0,24600,0.15549055331200937,0.0007774527665600469,1.1850028719137047,3.166000169585459e-06,0.00033408299987058854,225,0.04648087499981557,0.0004066249998686544,0.20310504100007165,0.9999997032719118,5.934560883824602e-07,1.1842307485001489,0.0007703610688652082,0.0,0.0,1.2031091640889369,0.130230869469724,1e-12
success,,B-B_1.70_sto-6g_as-004-008,hamiltonian_generator/b2_active_space_library/B-B/1.70/sto-6g/B-B_1.70_sto-6g_as-004-008.tensors.npz,B-B,1.70,sto-6g,4,8,12,162,246,jw,random_groups,16,2525356022,246,11040,0.366351418616227,8,"[38,38,28,28,38,28,24,24]","[6,1,7,2,5,4,0,3]",a2afc738c45d6d2d,29dbcba9efc8624f,100,0.01,1.0,24600,0.2890689399835796,0.0014453446999178978,4.095568977279502,3.000000106112566e-06,0.00031637499978387496,225,0.04648087499981557,0.0004066249998686544,0.20311216699974466,0.999998990430482,2.0191380167844386e-06,1.184136657512876,0.0014209641219852017,1.5779565432083587e-09,1.5779565432083587e-09,4.093383654003669,0.708042960175617,1e-12
success,,B-B_1.70_sto-6g_as-004-008,hamiltonian_generator/b2_active_space_library/B-B/1.70/sto-6g/B-B_1.70_sto-6g_as-004-008.tensors.npz,B-B,1.70,sto-6g,4,8,12,162,246,fermionic,random_groups,16,4221607828,162,5454,0.41821946169772256,16,"[10,10,14,14,8,6,8,8,8,6,10,14,8,6,8,24]","[5,1,15,8,7,12,14,11,10,4,2,9,3,13,0,6]",4a57febc593b5cc9,ef6e09b0c04cab1d,100,0.01,1.0,24600,0.20758908806660273,0.0010379454403330137,2.1121289389585454,2.9590000849566422e-06,0.0003873329997077235,225,0.04648087499981557,0.0004066249998686544,0.20294904100001077,0.9999995115274642,9.769448329199903e-07,1.1843556177996473,0.00098840531742141,0.0,0.0,1.980553075963883,0.2143854912027302,1e-12
success,,B-B_1.70_sto-6g_as-004-008,hamiltonian_generator/b2_active_space_library/B-B/1.70/sto-6g/B-B_1.70_sto-6g_as-004-008.tensors.npz,B-B,1.70,sto-6g,4,8,12,162,246,jw,random_groups,17,4003130920,246,11040,0.366351418616227,8,"[38,38,28,28,38,28,24,24]","[6,3,4,1,7,2,5,0]",ddd5b58a5335ff8d,1e4b8bb9de897cd1,100,0.01,1.0,24600,0.35295936571617376,0.0017647968285808687,6.106056316712296,2.8340000426396728e-06,0.000413374999880034,225,0.04648087499981557,0.0004066249998686544,0.20321629100044447,0.9999985191568728,2.9616840615531714e-06,1.1841258554696585,0.001720955041384199,1.8768875342800584e-10,1.8768875342800584e-10,6.00420031969475,1.0385617687425899,1e-12
success,,B-B_1.70_sto-6g_as-004-008,hamiltonian_generator/b2_active_space_library/B-B/1.70/sto-6g/B-B_1.70_sto-6g_as-004-008.tensors.npz,B-B,1.70,sto-6g,4,8,12,162,246,fermionic,random_groups,17,202007895,162,5454,0.41821946169772256,16,"[10,10,14,14,8,6,8,8,8,6,10,14,8,6,8,24]","[9,11,15,1,8,12,3,14,10,5,7,0,6,2,13,4]",039391e4daa57903,553526f4c6beb528,100,0.01,1.0,24600,0.19461340604676106,0.0009730670302338052,1.8563373035953081,2.8340000426396728e-06,0.0002685419999579608,225,0.04648087499981557,0.0004066249998686544,0.2065093330002128,0.9999995756155908,8.487686382618875e-07,1.184015822337782,0.0009212865017680776,0.0,0.0,1.7207024190576077,0.18625788816281053,1e-12
success,,B-B_1.70_sto-6g_as-004-008,hamiltonian_generator/b2_active_space_library/B-B/1.70/sto-6g/B-B_1.70_sto-6g_as-004-008.tensors.npz,B-B,1.70,sto-6g,4,8,12,162,246,jw,random_groups,18,4557570,246,11040,0.366351418616227,8,"[38,38,28,28,38,28,24,24]","[1,0,7,6,2,4,5,3]",b4f5025d30857ba5,401fbab20542262c,100,0.01,1.0,24600,0.3288352615683648,0.0016441763078418239,5.29990576754604,2.79200003205915e-06,0.00044083300008423976,225,0.04648087499981557,0.0004066249998686544,0.20445137499973498,0.9999987850065539,2.4299854158860157e-06,1.1844466272460665,0.0015588415224613347,1.5740703185329608e-09,1.5740704295552632e-09,4.926291565098615,0.8521131555868253,1e-12
success,,B-B_1.70_sto-6g_as-004-008,hamiltonian_generator/b2_active_space_library/B-B/1.70/sto-6g/B-B_1.70_sto-6g_as-004-008.tensors.npz,B-B,1.70,sto-6g,4,8,12,162,246,fermionic,random_groups,18,3169280580,162,5454,0.41821946169772256,16,"[10,10,14,14,8,6,8,8,8,6,10,14,8,6,8,24]","[8,12,15,14,4,6,11,9,2,1,0,3,7,5,10,13]",fa300c90430f2a52,76bb8f786690cb09,100,0.01,1.0,24600,0.3166171429159456,0.001583085714579728,4.913378669449524,2.958000095532043e-06,0.0004267079998498957,225,0.04648087499981557,0.0004066249998686544,0.20308920800016494,0.9999988624490076,2.275100690729559e-06,1.1839341326080235,0.0015083441201547863,0.0,0.0,4.612294900710132,0.4992590806380495,1e-12
success,,B-B_1.70_sto-6g_as-004-008,hamiltonian_generator/b2_active_space_library/B-B/1.70/sto-6g/B-B_1.70_sto-6g_as-004-008.tensors.npz,B-B,1.70,sto-6g,4,8,12,162,246,jw,random_groups,19,3274228212,246,11040,0.366351418616227,8,"[38,38,28,28,38,28,24,24]","[3,5,1,6,7,2,4,0]",26bb589d7e369cdf,a5d7bf9949ad225c,100,0.01,1.0,24600,0.3245275998401426,0.0016226379992007132,5.161960304545861,2.9170000743761193e-06,0.0004426659997989191,225,0.04648087499981557,0.0004066249998686544,0.2030827919998046,0.9999987774758137,2.4450468780745638e-06,1.1839918798018887,0.0015636650449046942,4.1643599679730414e-10,4.164357747526992e-10,4.956825556641293,0.8573946976032228,1e-12
success,,B-B_1.70_sto-6g_as-004-008,hamiltonian_generator/b2_active_space_library/B-B/1.70/sto-6g/B-B_1.70_sto-6g_as-004-008.tensors.npz,B-B,1.70,sto-6g,4,8,12,162,246,fermionic,random_groups,19,890503771,162,5454,0.41821946169772256,16,"[10,10,14,14,8,6,8,8,8,6,10,14,8,6,8,24]","[0,3,7,8,1,10,6,2,5,12,4,15,9,11,13,14]",31b33fbae83a39c0,ba461f8d45157ddf,100,0.01,1.0,24600,0.37482820905650444,0.0018741410452825223,6.886141151593397,2.958000095532043e-06,0.00032774999999674037,225,0.04648087499981557,0.0004066249998686544,0.20303750000039145,0.9999983909631944,3.218071022104141e-06,1.1843714111571406,0.0017938989969182306,0.0,0.0,6.523971719517323,0.7061890431796471,1e-12
success,,B-B_1.70_sto-6g_as-006-008,hamiltonian_generator/b2_active_space_library/B-B/1.70/sto-6g/B-B_1.70_sto-6g_as-006-008.tensors.npz,B-B,1.70,sto-6g,6,8,14,283,461,baseline,jw_raw,-1,-1,,,,,[],[],4f53cda18c2baa0c,e24657c9df5361fd,100,0.01,1.0,46100,0.2131466707015069,0.0010657333535075344,1.0,4.042000000481494e-06,0.00039549999974042294,1225,0.4591081660000782,0.0013433340000119642,1.493609292000201,0.9999994605432306,1.0789132477428964e-06,0.2864493215313071,0.001038707629091243,2.432498646953718e-13,2.431388423929093e-13,1.0,,1e-12
success,,B-B_1.70_sto-6g_as-006-008,hamiltonian_generator/b2_active_space_library/B-B/1.70/sto-6g/B-B_1.70_sto-6g_as-006-008.tensors.npz,B-B,1.70,sto-6g,6,8,14,283,461,jw,current,-1,-1,461,37176,0.35061774969348297,17,"[41,40,40,34,34,17,17,17,17,33,14,44,20,29,20,36,8]","[0,1,2,3,4,5,6,7,8,9,10,11,12,13,14,15,16]",2dec867edfd22cc4,eb0baaf9616a1135,100,0.01,1.0,46100,0.5788955323695679,0.0028944776618478395,7.376380123116198,6.959000074857613e-06,0.0005497500001183653,1225,0.4591081660000782,0.0013433340000119642,1.521049334000054,0.9999963050319731,7.389922401013216e-06,0.28574686964034685,0.0027184436822856595,4.217816096385718e-10,4.2178172066087427e-10,6.849412977802479,1.0,1e-12
success,,B-B_1.70_sto-6g_as-006-008,hamiltonian_generator/b2_active_space_library/B-B/1.70/sto-6g/B-B_1.70_sto-6g_as-006-008.tensors.npz,B-B,1.70,sto-6g,6,8,14,283,461,fermionic,current,-1,-1,283,17596,0.44096935067538784,27,"[13,13,13,13,9,9,9,9,13,13,10,12,12,6,6,11,6,8,4,4,6,10,10,12,10,27,15]","[0,1,2,3,4,5,6,7,8,9,10,11,12,13,14,15,16,17,18,19,20,21,22,23,24,25,26]",e0f76f297292bb8a,5b5859d1ec4695b2,100,0.01,1.0,46100,0.2888976819951182,0.001444488409975591,1.8370924298395572,5.875000169908162e-06,0.0006245000004128087,1225,0.4591081660000782,0.0013433340000119642,1.4895912920001138,0.9999990695849369,1.8608292605692967e-06,0.2860339180733562,0.001364122474783767,2.83550960489265e-13,2.8343993818680246e-13,1.7247255647867712,1.0,1e-12
success,,B-B_1.70_sto-6g_as-006-008,hamiltonian_generator/b2_active_space_library/B-B/1.70/sto-6g/B-B_1.70_sto-6g_as-006-008.tensors.npz,B-B,1.70,sto-6g,6,8,14,283,461,jw,reverse_groups,-1,-1,461,37176,0.35061774969348297,17,"[41,40,40,34,34,17,17,17,17,33,14,44,20,29,20,36,8]","[16,15,14,13,12,11,10,9,8,7,6,5,4,3,2,1,0]",b457280ebe1d9a08,1416d364f5988cab,100,0.01,1.0,46100,0.5788955323695679,0.0028944776618478395,7.376380123116198,5.874999715160811e-06,0.00046816700023555313,1225,0.4591081660000782,0.0013433340000119642,1.5172510000002148,0.9999963079183936,7.3841495814575e-06,0.28681011536850765,0.0027173816833280556,4.2146985901325706e-10,4.2146963696865214e-10,6.844062390470464,0.9992188254162284,1e-12
success,,B-B_1.70_sto-6g_as-006-008,hamiltonian_generator/b2_active_space_library/B-B/1.70/sto-6g/B-B_1.70_sto-6g_as-006-008.tensors.npz,B-B,1.70,sto-6g,6,8,14,283,461,fermionic,reverse_groups,-1,-1,283,17596,0.44096935067538784,27,"[13,13,13,13,9,9,9,9,13,13,10,12,12,6,6,11,6,8,4,4,6,10,10,12,10,27,15]","[26,25,24,23,22,21,20,19,18,17,16,15,14,13,12,11,10,9,8,7,6,5,4,3,2,1,0]",bf63e847ce1483b4,a4490aebdb8db708,100,0.01,1.0,46100,0.4942325712770574,0.0024711628563852867,5.3765739000184185,5.750000127591193e-06,0.000608792000093672,1225,0.4591081660000782,0.0013433340000119642,1.4970010830002138,0.9999973789531265,5.242086877244034e-06,0.28699312908039737,0.0022895619116071234,2.162714451969805e-13,2.1616042289451798e-13,4.8586731956536475,2.81707031823021,1e-12
success,,B-B_1.70_sto-6g_as-006-008,hamiltonian_generator/b2_active_space_library/B-B/1.70/sto-6g/B-B_1.70_sto-6g_as-006-008.tensors.npz,B-B,1.70,sto-6g,6,8,14,283,461,jw,random_groups,0,229094829,461,37176,0.35061774969348297,17,"[41,40,40,34,34,17,17,17,17,33,14,44,20,29,20,36,8]","[4,3,6,9,0,1,10,14,8,13,11,15,16,7,2,5,12]",bfa7f7629fbb8c9d,26f3b1a2d63ea217,100,0.01,1.0,46100,0.6713658092117958,0.003356829046058979,9.92113440502886,5.750000127591193e-06,0.00041400000009161886,1225,0.4591081660000782,0.0013433340000119642,1.4929166669999177,0.9999948730423079,1.0253889098477131e-05,0.28573329947244086,0.0032021735405998006,1.9847012922014073e-11,1.9847123944316536e-11,9.503905082200474,1.3875503073038011,1e-12
success,,B-B_1.70_sto-6g_as-006-008,hamiltonian_generator/b2_active_space_library/B-B/1.70/sto-6g/B-B_1.70_sto-6g_as-006-008.tensors.npz,B-B,1.70,sto-6g,6,8,14,283,461,fermionic,random_groups,0,1624691752,283,17596,0.44096935067538784,27,"[13,13,13,13,9,9,9,9,13,13,10,12,12,6,6,11,6,8,4,4,6,10,10,12,10,27,15]","[15,21,18,17,23,9,5,7,20,13,2,12,8,1,19,4,26,10,16,6,11,22,25,24,3,0,14]",b86cf89b59b6b737,a6712a2312e6a2f1,100,0.01,1.0,46100,0.41479670179765404,0.00207398350898827,3.7871585042401286,6.208000286278548e-06,0.000616749999608146,1225,0.4591081660000782,0.0013433340000119642,1.4938884170001074,0.9999980565932113,3.886809800568436e-06,0.28656960598142045,0.0019715003366563605,2.395861287141088e-13,2.396971510165713e-13,3.602523009796852,2.088751441590787,1e-12
success,,B-B_1.70_sto-6g_as-006-008,hamiltonian_generator/b2_active_space_library/B-B/1.70/sto-6g/B-B_1.70_sto-6g_as-006-008.tensors.npz,B-B,1.70,sto-6g,6,8,14,283,461,jw,random_groups,1,4028005437,461,37176,0.35061774969348297,17,"[41,40,40,34,34,17,17,17,17,33,14,44,20,29,20,36,8]","[10,15,9,12,11,5,2,6,4,8,1,16,7,14,3,13,0]",bc2685401c795066,85af26363c01ca43,100,0.01,1.0,46100,0.27828214028455184,0.0013914107014227591,1.7045649845078559,5.874999715160811e-06,0.0005640419999508595,1225,0.4591081660000782,0.0013433340000119642,1.5173058340001262,0.9999990953879816,1.8092232184629964e-06,0.28637599050599966,0.0013450739893434813,4.487576976686114e-10,4.487576976686114e-10,1.676894061916396,0.24482303335349473,1e-12
success,,B-B_1.70_sto-6g_as-006-008,hamiltonian_generator/b2_active_space_library/B-B/1.70/sto-6g/B-B_1.70_sto-6g_as-006-008.tensors.npz,B-B,1.70,sto-6g,6,8,14,283,461,fermionic,random_groups,1,4182571696,283,17596,0.44096935067538784,27,"[13,13,13,13,9,9,9,9,13,13,10,12,12,6,6,11,6,8,4,4,6,10,10,12,10,27,15]","[13,25,3,2,21,17,26,1,9,6,20,19,12,14,8,5,7,16,23,22,15,4,11,18,10,24,0]",ba44772943161e1b,e1e5aa4c91f928e2,100,0.01,1.0,46100,0.3183732360141333,0.0015918661800706667,2.231084384208591,5.959000191069208e-06,0.0006256659999053227,1225,0.4591081660000782,0.0013433340000119642,1.4917064590003974,0.9999987996623172,2.4006739247628417e-06,0.2865755433555533,0.0015494112964640097,2.2037927038809357e-13,2.204902926905561e-13,2.225085223288424,1.290109724536676,1e-12
success,,B-B_1.70_sto-6g_as-006-008,hamiltonian_generator/b2_active_space_library/B-B/1.70/sto-6g/B-B_1.70_sto-6g_as-006-008.tensors.npz,B-B,1.70,sto-6g,6,8,14,283,461,jw,random_groups,2,1789066502,461,37176,0.35061774969348297,17,"[41,40,40,34,34,17,17,17,17,33,14,44,20,29,20,36,8]","[13,8,3,1,4,14,9,2,5,16,12,11,10,7,0,6,15]",8aa781b618177dc0,4745d17df8d0ad77,100,0.01,1.0,46100,0.3591514961156694,0.001795757480578347,2.8392148176536702,6.000000212225132e-06,0.0004606659999808471,1225,0.4591081660000782,0.0013433340000119642,1.492066541999975,0.9999985621833999,2.875631132881473e-06,0.2865981854761941,0.0016957692060618884,2.504518814561152e-10,2.504518814561152e-10,2.665303386437546,0.389128731918376,1e-12
success,,B-B_1.70_sto-6g_as-006-008,hamiltonian_generator/b2_active_space_library/B-B/1.70/sto-6g/B-B_1.70_sto-6g_as-006-008.tensors.npz,B-B,1.70,sto-6g,6,8,14,283,461,fermionic,random_groups,2,54793793,283,17596,0.44096935067538784,27,"[13,13,13,13,9,9,9,9,13,13,10,12,12,6,6,11,6,8,4,4,6,10,10,12,10,27,15]","[21,19,0,8,18,14,1,20,7,2,15,11,26,12,25,3,22,9,6,16,13,10,24,5,4,17,23]",69b9d8a78fd3256b,bcd32709cd37ffb0,100,0.01,1.0,46100,0.39216691226710093,0.001960834561335505,3.385203573270898,6.000000212225132e-06,0.0003739160001714481,1225,0.4591081660000782,0.0013433340000119642,1.491459667000072,0.9999982256675933,3.5486616650759473e-06,0.28646376229444287,0.0018837900130681707,2.2948309919001986e-13,2.297051437949449e-13,3.2891075093384976,1.9070323861901657,1e-12
success,,B-B_1.70_sto-6g_as-006-008,hamiltonian_generator/b2_active_space_library/B-B/1.70/sto-6g/B-B_1.70_sto-6g_as-006-008.tensors.npz,B-B,1.70,sto-6g,6,8,14,283,461,jw,random_groups,3,3154759261,461,37176,0.35061774969348297,17,"[41,40,40,34,34,17,17,17,17,33,14,44,20,29,20,36,8]","[1,9,6,11,4,16,14,12,15,10,5,2,7,0,3,8,13]",1cbcc41177472601,bcf17d5d44487df2,100,0.01,1.0,46100,0.3474956194133031,0.0017374780970665154,2.657917896687086,5.624999630526872e-06,0.000540250000085507,1225,0.4591081660000782,0.0013433340000119642,1.4943470419998448,0.9999985109808478,2.9780360871756173e-06,0.286026498542334,0.0017256993667501938,2.1899615454401555e-10,2.1899626556631802e-10,2.760218296888759,0.40298611075636,1e-12
success,,B-B_1.70_sto-6g_as-006-008,hamiltonian_generator/b2_active_space_library/B-B/1.70/sto-6g/B-B_1.70_sto-6g_as-006-008.tensors.npz,B-B,1.70,sto-6g,6,8,14,283,461,fermionic,random_groups,3,3022009749,283,17596,0.44096935067538784,27,"[13,13,13,13,9,9,9,9,13,13,10,12,12,6,6,11,6,8,4,4,6,10,10,12,10,27,15]","[18,13,5,10,26,24,7,1,19,4,23,3,25,2,21,6,0,16,15,22,12,9,14,8,20,11,17]",b34aa178ce8bac11,c3f850886d21be65,100,0.01,1.0,46100,0.3206158878802259,0.0016030794394011295,2.262627037416077,5.417000011220807e-06,0.0005757079998147674,1225,0.4591081660000782,0.0013433340000119642,1.515495582999847,0.9999987963904331,2.4072176850742366e-06,0.2863301219748071,0.0015515215544117528,2.8821389719269064e-13,2.881028748902281e-13,2.2311503636739785,1.293626307411879,1e-12
success,,B-B_1.70_sto-6g_as-006-008,hamiltonian_generator/b2_active_space_library/B-B/1.70/sto-6g/B-B_1.70_sto-6g_as-006-008.tensors.npz,B-B,1.70,sto-6g,6,8,14,283,461,jw,random_groups,4,804363615,461,37176,0.35061774969348297,17,"[41,40,40,34,34,17,17,17,17,33,14,44,20,29,20,36,8]","[16,13,8,12,14,4,2,15,0,10,9,11,6,7,3,5,1]",fff72f36d6dfacaf,d4fbf35791241f9a,100,0.01,1.0,46100,0.4648858228194614,0.002324429114097307,4.757025695562061,5.332999990059761e-06,0.0004872499998782587,1225,0.4591081660000782,0.0013433340000119642,1.4958313749998524,0.9999976011722298,4.7976497860036105e-06,0.2868502272096822,0.002190355117418308,7.682743330406083e-13,7.683853553430708e-13,4.4467428646745875,0.649215177867878,1e-12
success,,B-B_1.70_sto-6g_as-006-008,hamiltonian_generator/b2_active_space_library/B-B/1.70/sto-6g/B-B_1.70_sto-6g_as-006-008.tensors.npz,B-B,1.70,sto-6g,6,8,14,283,461,fermionic,random_groups,4,1355090254,283,17596,0.44096935067538784,27,"[13,13,13,13,9,9,9,9,13,13,10,12,12,6,6,11,6,8,4,4,6,10,10,12,10,27,15]","[20,16,3,17,13,1,0,7,2,5,15,22,14,18,6,19,21,24,9,23,10,4,26,12,25,11,8]",0763b4e80b52c20e,446ec8723ab36d4c,100,0.01,1.0,46100,0.3187356074198152,0.001593678037099076,2.236166100875393,5.750000127591193e-06,0.0005449999998745625,1225,0.4591081660000782,0.0013433340000119642,1.5146337920000406,0.9999988547034455,2.2905917972382284e-06,0.2861463227160354,0.0015134705510735026,2.8399504969911504e-13,2.8399504969911504e-13,2.1230546589637145,1.2309521597577693,1e-12
success,,B-B_1.70_sto-6g_as-006-008,hamiltonian_generator/b2_active_space_library/B-B/1.70/sto-6g/B-B_1.70_sto-6g_as-006-008.tensors.npz,B-B,1.70,sto-6g,6,8,14,283,461,jw,random_groups,5,65496461,461,37176,0.35061774969348297,17,"[41,40,40,34,34,17,17,17,17,33,14,44,20,29,20,36,8]","[13,3,7,0,9,5,12,6,15,2,4,1,16,11,8,10,14]",74847e0d224fe2d4,bbfa1763deb6e668,100,0.01,1.0,46100,0.39630916595340726,0.0019815458297670363,3.45709351107368,5.5830000746937e-06,0.0004939160003232246,1225,0.4591081660000782,0.0013433340000119642,1.5183782499998415,0.9999982340545076,3.5318878661705355e-06,0.2860459738631614,0.0018793325902529898,1.1506351427215122e-12,1.1505241204190497e-12,3.2735605699154227,0.47793301127036003,1e-12
success,,B-B_1.70_sto-6g_as-006-008,hamiltonian_generator/b2_active_space_library/B-B/1.70/sto-6g/B-B_1.70_sto-6g_as-006-008.tensors.npz,B-B,1.70,sto-6g,6,8,14,283,461,fermionic,random_groups,5,1342951477,283,17596,0.44096935067538784,27,"[13,13,13,13,9,9,9,9,13,13,10,12,12,6,6,11,6,8,4,4,6,10,10,12,10,27,15]","[14,18,16,19,1,21,7,2,20,26,9,13,25,15,5,17,8,4,22,3,11,0,23,12,6,24,10]",d4274b5594c78216,46e0e6594d619471,100,0.01,1.0,46100,0.254463606479334,0.0012723180323966701,1.4252605002533039,5.791000148747116e-06,0.0006185839997669973,1225,0.4591081660000782,0.0013433340000119642,1.5013470409999172,0.9999992634153547,1.4731687479896394e-06,0.28621715312896,0.0012137418549904389,2.4436008771999695e-13,2.4436008771999695e-13,1.3654190928432213,0.7916732497741047,1e-12
success,,B-B_1.70_sto-6g_as-006-008,hamiltonian_generator/b2_active_space_library/B-B/1.70/sto-6g/B-B_1.70_sto-6g_as-006-008.tensors.npz,B-B,1.70,sto-6g,6,8,14,283,461,jw,random_groups,6,2124934417,461,37176,0.35061774969348297,17,"[41,40,40,34,34,17,17,17,17,33,14,44,20,29,20,36,8]","[11,10,4,5,2,14,0,3,12,9,16,7,1,8,15,6,13]",925dc7271eba2e7e,b0cf0e8d1b197306,100,0.01,1.0,46100,0.1994080588383129,0.0009970402941915644,0.8752423120882333,5.999999757477781e-06,0.0007582920002278115,1225,0.4591081660000782,0.0013433340000119642,1.535143290999713,0.9999995413201771,9.173594354150438e-07,0.28608629816029535,0.0009577889359364656,3.646671853374528e-11,3.646705160065267e-11,0.8502624630239496,0.12413654509948124,1e-12
success,,B-B_1.70_sto-6g_as-006-008,hamiltonian_generator/b2_active_space_library/B-B/1.70/sto-6g/B-B_1.70_sto-6g_as-006-008.tensors.npz,B-B,1.70,sto-6g,6,8,14,283,461,fermionic,random_groups,6,2745542934,283,17596,0.44096935067538784,27,"[13,13,13,13,9,9,9,9,13,13,10,12,12,6,6,11,6,8,4,4,6,10,10,12,10,27,15]","[11,23,19,21,25,8,13,26,24,9,20,4,6,10,17,18,15,12,1,0,7,14,2,3,22,5,16]",2eb91f349477733b,d96830af7ee0a984,100,0.01,1.0,46100,0.29011739522276203,0.0014505869761138102,1.8526374217165555,6.916000074852491e-06,0.00042716699999800767,1225,0.4591081660000782,0.0013433340000119642,1.5193234169996686,0.9999990429758563,1.9140473714873707e-06,0.28659993536221806,0.0013834913398432843,2.717825964282383e-13,2.717825964282383e-13,1.7740512274657745,1.0285991369792802,1e-12
success,,B-B_1.70_sto-6g_as-006-008,hamiltonian_generator/b2_active_space_library/B-B/1.70/sto-6g/B-B_1.70_sto-6g_as-006-008.tensors.npz,B-B,1.70,sto-6g,6,8,14,283,461,jw,random_groups,7,494952778,461,37176,0.35061774969348297,17,"[41,40,40,34,34,17,17,17,17,33,14,44,20,29,20,36,8]","[0,1,4,10,7,11,8,13,3,16,14,12,5,2,15,6,9]",390e4eab9539eb52,935b35e72d1ae8b2,100,0.01,1.0,46100,0.830801110328618,0.00415400555164309,15.192772323901732,6.165999820950674e-06,0.0006005000000186556,1225,0.4591081660000782,0.0013433340000119642,1.4920404579997921,0.9999925475927626,1.4904758936507001e-05,0.2852021491527833,0.0038606753910240496,5.14258302608539e-10,5.14258302608539e-10,13.814603692825157,2.0169033080054324,1e-12
success,,B-B_1.70_sto-6g_as-006-008,hamiltonian_generator/b2_active_space_library/B-B/1.70/sto-6g/B-B_1.70_sto-6g_as-006-008.tensors.npz,B-B,1.70,sto-6g,6,8,14,283,461,fermionic,random_groups,7,2016379552,283,17596,0.44096935067538784,27,"[13,13,13,13,9,9,9,9,13,13,10,12,12,6,6,11,6,8,4,4,6,10,10,12,10,27,15]","[3,19,23,9,7,13,18,21,4,1,11,12,6,2,0,14,16,5,17,25,15,8,26,22,10,20,24]",d714fe6db3bd2b9d,bd7dbae8c5d4193c,100,0.01,1.0,46100,0.27715442320134626,0.0013857721160067313,1.6907777387261498,5.791000148747116e-06,0.0006190419999256846,1225,0.4591081660000782,0.0013433340000119642,1.4916758330000448,0.9999990925082792,1.8149826179758577e-06,0.2862294084816526,0.0013472132130955728,2.873257187729905e-13,2.87214696470528e-13,1.6822322107665562,0.975362251892249,1e-12
success,,B-B_1.70_sto-6g_as-006-008,hamiltonian_generator/b2_active_space_library/B-B/1.70/sto-6g/B-B_1.70_sto-6g_as-006-008.tensors.npz,B-B,1.70,sto-6g,6,8,14,283,461,jw,random_groups,8,2907700394,461,37176,0.35061774969348297,17,"[41,40,40,34,34,17,17,17,17,33,14,44,20,29,20,36,8]","[13,8,11,5,1,7,15,10,2,6,9,16,3,14,12,4,0]",2e1512613c6d51a6,8f8084e3c4657e32,100,0.01,1.0,46100,0.5152452985551415,0.0025762264927757074,5.843472013957726,5.458000032376731e-06,0.0005575420000241138,1225,0.4591081660000782,0.0013433340000119642,1.5156092080001144,0.9999969371020156,6.125786587318771e-06,0.28651934693325365,0.0024750345388909888,1.6203627328792436e-10,1.6203649533252928e-10,5.677737853468769,0.8289378771391264,1e-12
success,,B-B_1.70_sto-6g_as-006-008,hamiltonian_generator/b2_active_space_library/B-B/1.70/sto-6g/B-B_1.70_sto-6g_as-006-008.tensors.npz,B-B,1.70,sto-6g,6,8,14,283,461,fermionic,random_groups,8,449927253,283,17596,0.44096935067538784,27,"[13,13,13,13,9,9,9,9,13,13,10,12,12,6,6,11,6,8,4,4,6,10,10,12,10,27,15]","[19,5,8,4,12,18,24,2,26,1,17,23,7,3,15,11,21,0,6,22,10,25,13,14,9,20,16]",90923d3e34c44fa5,0ba04e0eea328fd9,100,0.01,1.0,46100,0.32507153814873696,0.0016253576907436847,2.3259522005418356,6.082999789214227e-06,0.00035487500008457573,1225,0.4591081660000782,0.0013433340000119642,1.5250050419999752,0.9999987477869766,2.504424478688705e-06,0.28652030611233975,0.0015825378500268815,2.55351295663786e-13,2.554623179662485e-13,2.32124731430261,1.3458647344799965,1e-12
success,,B-B_1.70_sto-6g_as-006-008,hamiltonian_generator/b2_active_space_library/B-B/1.70/sto-6g/B-B_1.70_sto-6g_as-006-008.tensors.npz,B-B,1.70,sto-6g,6,8,14,283,461,jw,random_groups,9,3293716,461,37176,0.35061774969348297,17,"[41,40,40,34,34,17,17,17,17,33,14,44,20,29,20,36,8]","[16,13,4,1,8,5,15,2,11,6,9,12,14,3,7,10,0]",172fd48b073f3288,e1308da021ff6e53,100,0.01,1.0,46100,0.4822792418725593,0.0024113962093627967,5.119647174292971,5.582999619946349e-06,0.0004174580003564188,1225,0.4591081660000782,0.0013433340000119642,1.4915196670003752,0.9999973808708403,5.238251459482868e-06,0.2865735195257071,0.002288724168467859,3.0823343877273146e-11,3.082356592187807e-11,4.855118305796479,0.7088371399900847,1e-12
success,,B-B_1.70_sto-6g_as-006-008,hamiltonian_generator/b2_active_space_library/B-B/1.70/sto-6g/B-B_1.70_sto-6g_as-006-008.tensors.npz,B-B,1.70,sto-6g,6,8,14,283,461,fermionic,random_groups,9,374582518,283,17596,0.44096935067538784,27,"[13,13,13,13,9,9,9,9,13,13,10,12,12,6,6,11,6,8,4,4,6,10,10,12,10,27,15]","[6,14,15,4,8,7,10,24,12,11,16,9,5,3,19,25,17,26,22,1,18,21,20,23,2,0,13]",6a00c40b37babbbf,bf2f9d12cdd501fe,100,0.01,1.0,46100,0.5312300901359479,0.0026561504506797395,6.2116678646996,6.750000011379598e-06,0.0004144580002503062,1225,0.4591081660000782,0.0013433340000119642,1.5190073329999905,0.9999968821715775,6.235647124208654e-06,0.2869765893522161,0.0024971297213199424,2.3092638912203256e-13,2.3092638912203256e-13,5.779563034612585,3.351004445351928,1e-12
success,,B-B_1.70_sto-6g_as-006-008,hamiltonian_generator/b2_active_space_library/B-B/1.70/sto-6g/B-B_1.70_sto-6g_as-006-008.tensors.npz,B-B,1.70,sto-6g,6,8,14,283,461,jw,random_groups,10,1008190869,461,37176,0.35061774969348297,17,"[41,40,40,34,34,17,17,17,17,33,14,44,20,29,20,36,8]","[14,7,15,12,6,0,4,9,16,13,8,3,5,10,1,2,11]",01bc28f246ace340,cabcb0b4feef42ef,100,0.01,1.0,46100,0.3444707222561072,0.001722353611280536,2.6118457469468037,5.749999672843842e-06,0.000581333000354789,1225,0.4591081660000782,0.0013433340000119642,1.5208592910003063,0.9999985530012239,2.8939954584972227e-06,0.2863215009619506,0.0017011753443624865,6.629363724641735e-11,6.629363724641735e-11,2.6823245191877167,0.3916137817767117,1e-12
success,,B-B_1.70_sto-6g_as-006-008,hamiltonian_generator/b2_active_space_library/B-B/1.70/sto-6g/B-B_1.70_sto-6g_as-006-008.tensors.npz,B-B,1.70,sto-6g,6,8,14,283,461,fermionic,random_groups,10,646179590,283,17596,0.44096935067538784,27,"[13,13,13,13,9,9,9,9,13,13,10,12,12,6,6,11,6,8,4,4,6,10,10,12,10,27,15]","[5,3,22,13,19,14,26,15,11,6,16,7,18,0,20,10,1,23,9,4,21,24,17,25,8,12,2]",948ce2825227b6b8,74bc9b703b41642c,100,0.01,1.0,46100,0.40159671080314335,0.0020079835540157166,3.549957775057064,5.542000053537777e-06,0.0006355000000439759,1225,0.4591081660000782,0.0013433340000119642,1.4971056250001311,0.999998143857667,3.712281220646929e-06,0.2863021775634397,0.0019267290068639698,2.6401103525586223e-13,2.6412205755832474e-13,3.4407596981620907,1.9949606873180856,1e-12
success,,B-B_1.70_sto-6g_as-006-008,hamiltonian_generator/b2_active_space_library/B-B/1.70/sto-6g/B-B_1.70_sto-6g_as-006-008.tensors.npz,B-B,1.70,sto-6g,6,8,14,283,461,jw,random_groups,11,3260125335,461,37176,0.35061774969348297,17,"[41,40,40,34,34,17,17,17,17,33,14,44,20,29,20,36,8]","[2,10,12,4,8,6,15,1,9,13,11,16,7,3,5,0,14]",81c2157ef890f971,a57d734fea41df07,100,0.01,1.0,46100,0.3824906935551906,0.0019124534677759531,3.220213293670287,5.458000032376731e-06,0.0004699579999396519,1225,0.4591081660000782,0.0013433340000119642,1.4952517090000583,0.9999983476346239,3.3047280219022923e-06,0.28662389693586066,0.001817891842812095,1.5955425869407236e-10,1.5955436971637482e-10,3.0630155193810396,0.44719387330091426,1e-12
success,,B-B_1.70_sto-6g_as-006-008,hamiltonian_generator/b2_active_space_library/B-B/1.70/sto-6g/B-B_1.70_sto-6g_as-006-008.tensors.npz,B-B,1.70,sto-6g,6,8,14,283,461,fermionic,random_groups,11,802418865,283,17596,0.44096935067538784,27,"[13,13,13,13,9,9,9,9,13,13,10,12,12,6,6,11,6,8,4,4,6,10,10,12,10,27,15]","[23,9,18,6,17,5,14,20,16,11,2,22,25,26,10,13,24,8,3,19,21,1,0,7,12,15,4]",76dc36817e6d0212,4b7fc860f404893c,100,0.01,1.0,46100,0.2316285861537026,0.001158142930768513,1.1809382940864876,6.332999873848166e-06,0.000469250000151078,1225,0.4591081660000782,0.0013433340000119642,1.5185879159998876,0.9999993438092758,1.3123810178594653e-06,0.2863189819019338,0.001145592182412203,2.793321129956894e-13,2.793321129956894e-13,1.2163916057245447,0.7052667569607968,1e-12
success,,B-B_1.70_sto-6g_as-006-008,hamiltonian_generator/b2_active_space_library/B-B/1.70/sto-6g/B-B_1.70_sto-6g_as-006-008.tensors.npz,B-B,1.70,sto-6g,6,8,14,283,461,jw,random_groups,12,3811214905,461,37176,0.35061774969348297,17,"[41,40,40,34,34,17,17,17,17,33,14,44,20,29,20,36,8]","[3,14,9,16,7,12,6,10,4,0,13,11,1,2,15,8,5]",58e7c2700a268eaf,716d4fe231f4e167,100,0.01,1.0,46100,0.6251121551154727,0.0031255607755773635,8.601194736723983,5.709000106435269e-06,0.0004660829999920679,1225,0.4591081660000782,0.0013433340000119642,1.518308917000013,0.9999955385137685,8.922952558054753e-06,0.28585832469883066,0.0029871344902615777,1.4055567820747683e-10,1.405554561628719e-10,8.270315131194941,1.2074487489653947,1e-12
success,,B-B_1.70_sto-6g_as-006-008,hamiltonian_generator/b2_active_space_library/B-B/1.70/sto-6g/B-B_1.70_sto-6g_as-006-008.tensors.npz,B-B,1.70,sto-6g,6,8,14,283,461,fermionic,random_groups,12,2667736325,283,17596,0.44096935067538784,27,"[13,13,13,13,9,9,9,9,13,13,10,12,12,6,6,11,6,8,4,4,6,10,10,12,10,27,15]","[3,23,17,6,11,26,16,19,20,0,1,21,9,10,8,12,2,24,18,25,22,4,15,7,14,5,13]",bba450934a079852,9ec1e1f941a796bb,100,0.01,1.0,46100,0.31374904203834647,0.0015687452101917324,2.1667445358161737,6.208000286278548e-06,0.0005443339996418217,1225,0.4591081660000782,0.0013433340000119642,1.523535291999906,0.9999988931035241,2.2137917266018547e-06,0.2862886007032515,0.001487882035594215,2.2037927038809357e-13,2.204902926905561e-13,2.0518718546029,1.1896801998505622,1e-12
success,,B-B_1.70_sto-6g_as-006-008,hamiltonian_generator/b2_active_space_library/B-B/1.70/sto-6g/B-B_1.70_sto-6g_as-006-008.tensors.npz,B-B,1.70,sto-6g,6,8,14,283,461,jw,random_groups,13,444480095,461,37176,0.35061774969348297,17,"[41,40,40,34,34,17,17,17,17,33,14,44,20,29,20,36,8]","[0,10,4,2,16,13,6,5,9,12,1,14,11,7,15,3,8]",f58b93442223d3c5,39a977f632921dc0,100,0.01,1.0,46100,0.5107675127593506,0.002553837563796753,5.742346907675644,5.375000000640284e-06,0.0005614159999822732,1225,0.4591081660000782,0.0013433340000119642,1.5289586250000866,0.9999970354318395,5.929127532389167e-06,0.2864594440396225,0.002434981790696935,3.527733660746435e-10,3.5277347709694595e-10,5.4954627212085825,0.8023260882382524,1e-12
success,,B-B_1.70_sto-6g_as-006-008,hamiltonian_generator/b2_active_space_library/B-B/1.70/sto-6g/B-B_1.70_sto-6g_as-006-008.tensors.npz,B-B,1.70,sto-6g,6,8,14,283,461,fermionic,random_groups,13,2977871912,283,17596,0.44096935067538784,27,"[13,13,13,13,9,9,9,9,13,13,10,12,12,6,6,11,6,8,4,4,6,10,10,12,10,27,15]","[26,10,25,2,14,22,23,19,17,1,21,0,13,12,7,5,8,9,6,18,3,11,24,16,4,15,20]",cc41979aff206ce4,03655eec04ddda5f,100,0.01,1.0,46100,0.3914614200240701,0.0019573071001203505,3.3730348429729378,5.500000042957254e-06,0.0005648329997711699,1225,0.4591081660000782,0.0013433340000119642,1.5193196659997739,0.9999983063197985,3.3873575344678386e-06,0.28660002254011746,0.001840478308229165,2.1949109196839345e-13,2.1960211427085596e-13,3.139601392006488,1.8203483824365059,1e-12
success,,B-B_1.70_sto-6g_as-006-008,hamiltonian_generator/b2_active_space_library/B-B/1.70/sto-6g/B-B_1.70_sto-6g_as-006-008.tensors.npz,B-B,1.70,sto-6g,6,8,14,283,461,jw,random_groups,14,873548678,461,37176,0.35061774969348297,17,"[41,40,40,34,34,17,17,17,17,33,14,44,20,29,20,36,8]","[1,2,15,8,10,3,16,0,5,11,14,6,12,4,7,9,13]",3b61f9b82a6a3c04,ac17914d9e8b4b52,100,0.01,1.0,46100,0.6701342384457545,0.0033506711922287723,9.88476862085191,5.917000180488685e-06,0.00042579099999784376,1225,0.4591081660000782,0.0013433340000119642,1.5165482920001523,0.9999950221202305,9.95573475970346e-06,0.28644686399050534,0.003155274875346551,9.728029493061285e-11,9.728040595291532e-11,9.22755817535007,1.34720423564102,1e-12
success,,B-B_1.70_sto-6g_as-006-008,hamiltonian_generator/b2_active_space_library/B-B/1.70/sto-6g/B-B_1.70_sto-6g_as-006-008.tensors.npz,B-B,1.70,sto-6g,6,8,14,283,461,fermionic,random_groups,14,2531520041,283,17596,0.44096935067538784,27,"[13,13,13,13,9,9,9,9,13,13,10,12,12,6,6,11,6,8,4,4,6,10,10,12,10,27,15]","[2,15,8,16,17,0,10,22,4,7,19,3,23,25,24,14,21,13,9,5,11,6,1,18,20,26,12]",e62c109e2146ed9c,7ce5ab5eee49b9a2,100,0.01,1.0,46100,0.31706138214412816,0.0015853069107206407,2.21273594086686,6.24999984211172e-06,0.0006275830000959104,1225,0.4591081660000782,0.0013433340000119642,1.5187038750000283,0.9999988204360412,2.3591265263522843e-06,0.2864912261452402,0.0015359452847298236,2.431388423929093e-13,2.431388423929093e-13,2.1865766606236545,1.267782367969934,1e-12
success,,B-B_1.70_sto-6g_as-006-008,hamiltonian_generator/b2_active_space_library/B-B/1.70/sto-6g/B-B_1.70_sto-6g_as-006-008.tensors.npz,B-B,1.70,sto-6g,6,8,14,283,461,jw,random_groups,15,3277257612,461,37176,0.35061774969348297,17,"[41,40,40,34,34,17,17,17,17,33,14,44,20,29,20,36,8]","[14,3,5,7,15,16,11,12,13,2,10,1,9,6,0,8,4]",43be85874782a106,de62c889d142a9f2,100,0.01,1.0,46100,0.4805274856949427,0.0024026374284747136,5.082523097101722,5.375000000640284e-06,0.0005582079998021072,1225,0.4591081660000782,0.0013433340000119642,1.5182052919999478,0.9999973598003595,5.280392310291759e-06,0.28619018879552954,0.002297911939334935,4.2676417955078705e-11,4.2676417955078705e-11,4.894176914908056,0.7145396154048622,1e-12
success,,B-B_1.70_sto-6g_as-006-008,hamiltonian_generator/b2_active_space_library/B-B/1.70/sto-6g/B-B_1.70_sto-6g_as-006-008.tensors.npz,B-B,1.70,sto-6g,6,8,14,283,461,fermionic,random_groups,15,69401380,283,17596,0.44096935067538784,27,"[13,13,13,13,9,9,9,9,13,13,10,12,12,6,6,11,6,8,4,4,6,10,10,12,10,27,15]","[26,1,10,12,6,24,3,21,22,13,9,5,0,7,20,16,15,11,17,18,14,8,25,2,19,23,4]",d5d68ad30ba09638,b309fce09099bebc,100,0.01,1.0,46100,0.4490829030995043,0.0022454145154975217,4.439110298205143,6.12499979979475e-06,0.00043104199994559167,1225,0.4591081660000782,0.0013433340000119642,1.5396214170000349,0.9999976486165288,4.702761413288847e-06,0.2867057225780127,0.0021685863926324293,2.4724666758402236e-13,2.4724666758402236e-13,4.358794762347296,2.527239609210626,1e-12
success,,B-B_1.70_sto-6g_as-006-008,hamiltonian_generator/b2_active_space_library/B-B/1.70/sto-6g/B-B_1.70_sto-6g_as-006-008.tensors.npz,B-B,1.70,sto-6g,6,8,14,283,461,jw,random_groups,16,1595215645,461,37176,0.35061774969348297,17,"[41,40,40,34,34,17,17,17,17,33,14,44,20,29,20,36,8]","[0,3,1,4,5,7,11,14,12,15,8,2,16,6,13,10,9]",d23ef32bab9be349,85615eb6465a24ba,100,0.01,1.0,46100,1.039081184110666,0.00519540592055333,23.76522083541482,5.874999715160811e-06,0.000416000000313943,1225,0.4591081660000782,0.0013433340000119642,1.5178335419996074,0.9999887127204484,2.2574431700506103e-05,0.2848111625618695,0.004751269209711242,4.3271064509298185e-10,4.327104230483769e-10,20.923305694625746,3.0547589643716657,1e-12
success,,B-B_1.70_sto-6g_as-006-008,hamiltonian_generator/b2_active_space_library/B-B/1.70/sto-6g/B-B_1.70_sto-6g_as-006-008.tensors.npz,B-B,1.70,sto-6g,6,8,14,283,461,fermionic,random_groups,16,3387435856,283,17596,0.44096935067538784,27,"[13,13,13,13,9,9,9,9,13,13,10,12,12,6,6,11,6,8,4,4,6,10,10,12,10,27,15]","[14,12,23,0,21,18,22,16,17,3,20,8,1,15,25,4,5,11,26,10,9,19,24,2,7,13,6]",4565b01fbd7db086,c6ff743681125c28,100,0.01,1.0,46100,0.34624011689896467,0.0017312005844948234,2.6387464649870327,6.042000222805655e-06,0.0005415000000539294,1225,0.4591081660000782,0.0013433340000119642,1.5180393750001713,0.9999986601787303,2.6796407442963854e-06,0.2865450088060354,0.0016369613738314028,2.2670754162845697e-13,2.2670754162845697e-13,2.4836480133154692,1.4400250474761902,1e-12
success,,B-B_1.70_sto-6g_as-006-008,hamiltonian_generator/b2_active_space_library/B-B/1.70/sto-6g/B-B_1.70_sto-6g_as-006-008.tensors.npz,B-B,1.70,sto-6g,6,8,14,283,461,jw,random_groups,17,2850592883,461,37176,0.35061774969348297,17,"[41,40,40,34,34,17,17,17,17,33,14,44,20,29,20,36,8]","[0,4,14,7,1,10,13,11,8,3,15,6,5,9,2,16,12]",4b2bca891af29812,87e0f8ae74e4f8a1,100,0.01,1.0,46100,0.6475058431914398,0.003237529215957199,9.228482157722523,5.541000064113177e-06,0.0004915409999739495,1225,0.4591081660000782,0.0013433340000119642,1.5176597499998934,0.9999952203566029,9.559263949188157e-06,0.285664551972046,0.0030918096309663556,1.255662240851052e-10,1.2556633510740767e-10,8.860085803178604,1.2935540362206654,1e-12
success,,B-B_1.70_sto-6g_as-006-008,hamiltonian_generator/b2_active_space_library/B-B/1.70/sto-6g/B-B_1.70_sto-6g_as-006-008.tensors.npz,B-B,1.70,sto-6g,6,8,14,283,461,fermionic,random_groups,17,28125266,283,17596,0.44096935067538784,27,"[13,13,13,13,9,9,9,9,13,13,10,12,12,6,6,11,6,8,4,4,6,10,10,12,10,27,15]","[19,15,26,8,3,6,17,22,2,5,21,14,0,20,11,10,12,13,9,25,16,7,24,18,1,4,23]",0958acf521942b14,78c710d373e3e33e,100,0.01,1.0,46100,0.30572634549565,0.0015286317274782499,2.0573520945278028,5.916999725741334e-06,0.0006111249999776192,1225,0.4591081660000782,0.0013433340000119642,1.5221442090000892,0.9999989022986853,2.1954014245428866e-06,0.286335580895414,0.0014816891136361686,2.6834090505190034e-13,2.6834090505190034e-13,2.0348266453634722,1.1797973468405327,1e-12
success,,B-B_1.70_sto-6g_as-006-008,hamiltonian_generator/b2_active_space_library/B-B/1.70/sto-6g/B-B_1.70_sto-6g_as-006-008.tensors.npz,B-B,1.70,sto-6g,6,8,14,283,461,jw,random_groups,18,2996227442,461,37176,0.35061774969348297,17,"[41,40,40,34,34,17,17,17,17,33,14,44,20,29,20,36,8]","[16,12,0,5,1,14,3,8,7,4,2,10,11,15,13,9,6]",7a7be33a11222373,dff76b91e4bf3449,100,0.01,1.0,46100,0.29738539002638903,0.001486926950131945,1.9466243445921512,5.833000159327639e-06,0.0006216249998942658,1225,0.4591081660000782,0.0013433340000119642,1.518962042000112,0.9999989907362848,2.0185264116845403e-06,0.2861654505885021,0.001420748897699437,3.1182945114949234e-10,3.1182945114949234e-10,1.870888522230429,0.2731458196919341,1e-12
success,,B-B_1.70_sto-6g_as-006-008,hamiltonian_generator/b2_active_space_library/B-B/1.70/sto-6g/B-B_1.70_sto-6g_as-006-008.tensors.npz,B-B,1.70,sto-6g,6,8,14,283,461,fermionic,random_groups,18,1028932881,283,17596,0.44096935067538784,27,"[13,13,13,13,9,9,9,9,13,13,10,12,12,6,6,11,6,8,4,4,6,10,10,12,10,27,15]","[23,24,14,4,17,9,12,1,7,25,21,3,11,16,19,5,6,2,13,8,0,10,20,15,18,26,22]",09e11e03bcf5aa2e,c4f6f8d3460e812c,100,0.01,1.0,46100,0.2878132731428479,0.0014390663657142394,1.8233268614459437,6.208000286278548e-06,0.0004357499997240666,1225,0.4591081660000782,0.0013433340000119642,1.5411752919999344,0.9999990285700533,1.942858949721682e-06,0.2864584041795849,0.0013938650915390819,2.4136248555350903e-13,2.4136248555350903e-13,1.8007554859356611,1.0440823297927342,1e-12
success,,B-B_1.70_sto-6g_as-006-008,hamiltonian_generator/b2_active_space_library/B-B/1.70/sto-6g/B-B_1.70_sto-6g_as-006-008.tensors.npz,B-B,1.70,sto-6g,6,8,14,283,461,jw,random_groups,19,2970425820,461,37176,0.35061774969348297,17,"[41,40,40,34,34,17,17,17,17,33,14,44,20,29,20,36,8]","[0,12,5,15,10,2,14,3,9,4,11,7,13,6,16,8,1]",39d74ff0d7093e32,6f56a9d5d5d77f5c,100,0.01,1.0,46100,0.41019518500466745,0.0020509759250233375,3.7035994372666012,5.624999630526872e-06,0.0005410840003605699,1225,0.4591081660000782,0.0013433340000119642,1.518250375000207,0.9999980557124444,3.888571331045476e-06,0.28605523759382484,0.001971947035608171,1.9005941265248794e-10,1.9005941265248794e-10,3.60415569943221,0.5261992102261213,1e-12
success,,B-B_1.70_sto-6g_as-006-008,hamiltonian_generator/b2_active_space_library/B-B/1.70/sto-6g/B-B_1.70_sto-6g_as-006-008.tensors.npz,B-B,1.70,sto-6g,6,8,14,283,461,fermionic,random_groups,19,4002495408,283,17596,0.44096935067538784,27,"[13,13,13,13,9,9,9,9,13,13,10,12,12,6,6,11,6,8,4,4,6,10,10,12,10,27,15]","[2,18,9,8,24,16,12,4,5,20,15,0,13,11,17,21,14,23,7,22,1,6,26,3,25,19,10]",363b2985cc9b2858,e47073e5740f2fd4,100,0.01,1.0,46100,0.2898043932492181,0.0014490219662460905,1.848642029722384,6.125000254542101e-06,0.0005776669995611883,1225,0.4591081660000782,0.0013433340000119642,1.5220643749998999,0.9999990475018155,1.9049954618211018e-06,0.2860386791440053,0.0013802160588456279,2.4513724383723456e-13,2.4513724383723456e-13,1.7656613873324685,1.023734687640441,1e-12
success,,B-B_1.70_sto-6g_as-006-010,hamiltonian_generator/b2_active_space_library/B-B/1.70/sto-6g/B-B_1.70_sto-6g_as-006-010.tensors.npz,B-B,1.70,sto-6g,6,10,16,480,824,baseline,jw_raw,-1,-1,,,,,[],[],4f53cda18c2baa0c,1219b2deaafe2738,100,0.01,1.0,82400,0.5951377741910787,0.0029756888709553935,1.0,7.250000180647476e-06,0.0012087919999430596,3136,1.6777191249998396,0.003914124999937485,18.706777166999927,0.9999957546801355,8.490621706380708e-06,1.4589985768894287,0.0029138702320239238,0.0,0.0,1.0,,1e-12
success,,B-B_1.70_sto-6g_as-006-010,hamiltonian_generator/b2_active_space_library/B-B/1.70/sto-6g/B-B_1.70_sto-6g_as-006-010.tensors.npz,B-B,1.70,sto-6g,6,10,16,480,824,jw,current,-1,-1,824,111776,0.3296488102962168,23,"[56,44,104,48,44,16,16,16,52,52,34,34,27,37,25,36,16,30,28,44,19,36,10]","[0,1,2,3,4,5,6,7,8,9,10,11,12,13,14,15,16,17,18,19,20,21,22]",98f3b90d7a0b18bc,62c3635991da751e,100,0.01,1.0,82400,0.7046895545414698,0.003523447772707349,1.4020407465047537,1.249999968422344e-05,0.001203416000407742,3136,1.6777191249998396,0.003914124999937485,18.711033000000043,0.9999943066659364,1.1386635713206417e-05,1.4587012083724993,0.0033744137457161123,2.671793808417533e-08,2.6717938195197632e-08,1.3410838578109483,1.0,1e-12
success,,B-B_1.70_sto-6g_as-006-010,hamiltonian_generator/b2_active_space_library/B-B/1.70/sto-6g/B-B_1.70_sto-6g_as-006-010.tensors.npz,B-B,1.70,sto-6g,6,10,16,480,824,fermionic,current,-1,-1,480,52104,0.4532359081419624,35,"[12,12,12,12,8,16,18,12,10,12,16,16,16,16,10,12,12,10,10,9,10,12,9,8,8,8,10,10,10,12,62,46,8,8,8]","[0,1,2,3,4,5,6,7,8,9,10,11,12,13,14,15,16,17,18,19,20,21,22,23,24,25,26,27,28,29,30,31,32,33,34]",9af17f80d6eb59b3,4f0e0df1b02d7d7d,100,0.01,1.0,82400,0.3183778208711956,0.001591889104355978,0.28618744605647883,1.2083000001439359e-05,0.001243207999777951,3136,1.6777191249998396,0.003914124999937485,18.532748749999882,0.9999988900102095,2.2199783489273983e-06,1.4589039434160451,0.001489959590409388,0.0,0.0,0.2614624023655515,1.0,1e-12
success,,B-B_1.70_sto-6g_as-006-010,hamiltonian_generator/b2_active_space_library/B-B/1.70/sto-6g/B-B_1.70_sto-6g_as-006-010.tensors.npz,B-B,1.70,sto-6g,6,10,16,480,824,jw,reverse_groups,-1,-1,824,111776,0.3296488102962168,23,"[56,44,104,48,44,16,16,16,52,52,34,34,27,37,25,36,16,30,28,44,19,36,10]","[22,21,20,19,18,17,16,15,14,13,12,11,10,9,8,7,6,5,4,3,2,1,0]",de390f1659598752,91948bb44b58df27,100,0.01,1.0,82400,0.7046895545414698,0.003523447772707349,1.4020407465047537,1.2917000276502222e-05,0.0011057919996346754,3136,1.6777191249998396,0.003914124999937485,18.475017291999848,0.9999943061749427,1.1387617695035601e-05,1.45890245858119,0.0033745592474659775,2.67353214011834e-08,2.6735321290161096e-08,1.3411995126903133,1.000086239856435,1e-12
success,,B-B_1.70_sto-6g_as-006-010,hamiltonian_generator/b2_active_space_library/B-B/1.70/sto-6g/B-B_1.70_sto-6g_as-006-010.tensors.npz,B-B,1.70,sto-6g,6,10,16,480,824,fermionic,reverse_groups,-1,-1,480,52104,0.4532359081419624,35,"[12,12,12,12,8,16,18,12,10,12,16,16,16,16,10,12,12,10,10,9,10,12,9,8,8,8,10,10,10,12,62,46,8,8,8]","[34,33,32,31,30,29,28,27,26,25,24,23,22,21,20,19,18,17,16,15,14,13,12,11,10,9,8,7,6,5,4,3,2,1,0]",f0c84211f1374cbb,93c30d95336fcf5f,100,0.01,1.0,82400,0.3144349853972112,0.001572174926986056,0.27914296700606983,1.1416999768698588e-05,0.0012947909999638796,3136,1.6777191249998396,0.003914124999937485,18.608872208999856,0.9999989201005662,2.159797701350996e-06,1.4590306623447915,0.0014696254174208002,0.0,0.0,0.254374505900776,0.9728913358071808,1e-12
success,,B-B_1.70_sto-6g_as-006-010,hamiltonian_generator/b2_active_space_library/B-B/1.70/sto-6g/B-B_1.70_sto-6g_as-006-010.tensors.npz,B-B,1.70,sto-6g,6,10,16,480,824,jw,random_groups,0,170929829,824,111776,0.3296488102962168,23,"[56,44,104,48,44,16,16,16,52,52,34,34,27,37,25,36,16,30,28,44,19,36,10]","[17,0,10,9,6,8,11,3,20,12,4,19,22,18,21,15,7,2,1,5,14,13,16]",a0a8b6521a1039ac,1523c9fabba6df70,100,0.01,1.0,82400,0.5805809262455784,0.0029029046312278924,0.9516790194343605,1.2375000096653821e-05,0.0012106250001124863,3136,1.6777191249998396,0.003914124999937485,18.71595245799972,0.9999967486350896,6.502719249512623e-06,1.4586540955369998,0.0025500450625105075,2.6727252011582436e-07,2.6727252011582436e-07,0.7658708012660398,0.5710834537343332,1e-12
success,,B-B_1.70_sto-6g_as-006-010,hamiltonian_generator/b2_active_space_library/B-B/1.70/sto-6g/B-B_1.70_sto-6g_as-006-010.tensors.npz,B-B,1.70,sto-6g,6,10,16,480,824,fermionic,random_groups,0,3367589945,480,52104,0.4532359081419624,35,"[12,12,12,12,8,16,18,12,10,12,16,16,16,16,10,12,12,10,10,9,10,12,9,8,8,8,10,10,10,12,62,46,8,8,8]","[4,5,6,21,23,22,33,32,26,18,2,28,29,1,10,17,14,15,9,0,31,19,20,30,27,11,12,8,34,16,7,25,3,24,13]",cd3c40e0fbe8be32,8212513432f96460,100,0.01,1.0,82400,0.3178379169247812,0.001589189584623906,0.2852176378003211,1.195799995912239e-05,0.0011179590001120232,3136,1.6777191249998396,0.003914124999937485,18.53958195799987,0.9999988401552582,2.3196881383524826e-06,1.4587577932532283,0.0015230526857629456,0.0,0.0,0.27320592278999256,1.0449147576025954,1e-12
success,,B-B_1.70_sto-6g_as-006-010,hamiltonian_generator/b2_active_space_library/B-B/1.70/sto-6g/B-B_1.70_sto-6g_as-006-010.tensors.npz,B-B,1.70,sto-6g,6,10,16,480,824,jw,random_groups,1,1497130406,824,111776,0.3296488102962168,23,"[56,44,104,48,44,16,16,16,52,52,34,34,27,37,25,36,16,30,28,44,19,36,10]","[0,4,14,3,20,15,13,10,17,1,22,21,6,2,19,5,16,7,11,8,18,9,12]",4229eff9977f7f19,4bda14d5d8e1a99e,100,0.01,1.0,82400,0.48628510869339714,0.002431425543466986,0.6676470098921422,1.1915999948541867e-05,0.0012002910002593126,3136,1.6777191249998396,0.003914124999937485,18.766200500000195,0.9999978123453139,4.375304586301532e-06,1.4588805275828847,0.002091724019114358,4.796853392274869e-07,4.796853392274869e-07,0.5153102726286213,0.38424910539879464,1e-12
success,,B-B_1.70_sto-6g_as-006-010,hamiltonian_generator/b2_active_space_library/B-B/1.70/sto-6g/B-B_1.70_sto-6g_as-006-010.tensors.npz,B-B,1.70,sto-6g,6,10,16,480,824,fermionic,random_groups,1,3876896119,480,52104,0.4532359081419624,35,"[12,12,12,12,8,16,18,12,10,12,16,16,16,16,10,12,12,10,10,9,10,12,9,8,8,8,10,10,10,12,62,46,8,8,8]","[3,17,31,0,2,24,26,32,7,1,5,11,6,34,18,9,27,21,10,16,14,8,19,20,15,29,30,12,4,25,13,33,22,28,23]",0e3db8b2b778e44c,58a9e7f3b981b097,100,0.01,1.0,82400,0.3383483772549629,0.0016917418862748147,0.3232162320133389,1.2584000160131836e-05,0.0012615410000762495,3136,1.6777191249998396,0.003914124999937485,18.806149375000132,0.9999988048515449,2.390295481768945e-06,1.4586565603020145,0.001546058508007342,0.0,0.0,0.2815218442687932,1.0767201774394948,1e-12
success,,B-B_1.70_sto-6g_as-006-010,hamiltonian_generator/b2_active_space_library/B-B/1.70/sto-6g/B-B_1.70_sto-6g_as-006-010.tensors.npz,B-B,1.70,sto-6g,6,10,16,480,824,jw,random_groups,2,1277635548,824,111776,0.3296488102962168,23,"[56,44,104,48,44,16,16,16,52,52,34,34,27,37,25,36,16,30,28,44,19,36,10]","[15,13,7,22,11,10,20,0,5,2,17,9,14,4,18,16,1,19,21,3,8,6,12]",f70eff27fd00dbb9,a5a0434b9b91b009,100,0.01,1.0,82400,0.7615004281959606,0.0038075021409798033,1.637213326270546,1.3207999927544734e-05,0.0012051669996253622,3136,1.6777191249998396,0.003914124999937485,18.64685720899979,0.9999941959844652,1.1607997383089597e-05,1.4586784910808632,0.003407056070818127,7.205556078471176e-07,7.205556078471176e-07,1.3671551724376296,1.0194404805298585,1e-12
success,,B-B_1.70_sto-6g_as-006-010,hamiltonian_generator/b2_active_space_library/B-B/1.70/sto-6g/B-B_1.70_sto-6g_as-006-010.tensors.npz,B-B,1.70,sto-6g,6,10,16,480,824,fermionic,random_groups,2,4124360246,480,52104,0.4532359081419624,35,"[12,12,12,12,8,16,18,12,10,12,16,16,16,16,10,12,12,10,10,9,10,12,9,8,8,8,10,10,10,12,62,46,8,8,8]","[10,30,20,9,17,33,32,7,34,1,15,23,0,13,14,29,12,4,3,6,11,5,27,21,2,24,28,31,26,18,16,19,25,8,22]",ca555b9c4f386a5d,b60209bced0bfe3a,100,0.01,1.0,82400,0.6071756764862434,0.003035878382431217,1.0408633047957963,1.3333999959286302e-05,0.001176207999833423,3136,1.6777191249998396,0.003914124999937485,18.722821416999977,0.9999961914483262,7.617088842559738e-06,1.4593256123457448,0.0027599100252768305,0.0,0.0,0.8971179150327109,3.431154563394729,1e-12
success,,B-B_1.70_sto-6g_as-006-010,hamiltonian_generator/b2_active_space_library/B-B/1.70/sto-6g/B-B_1.70_sto-6g_as-006-010.tensors.npz,B-B,1.70,sto-6g,6,10,16,480,824,jw,random_groups,3,310789966,824,111776,0.3296488102962168,23,"[56,44,104,48,44,16,16,16,52,52,34,34,27,37,25,36,16,30,28,44,19,36,10]","[8,16,6,1,20,21,7,4,11,10,5,0,15,18,12,9,19,2,14,22,13,17,3]",33829577b26ede91,2d834a59a0a2826c,100,0.01,1.0,82400,0.5158408140827027,0.0025792040704135134,0.7512705584008726,1.3249999938125256e-05,0.0012120410001443815,3136,1.6777191249998396,0.003914124999937485,18.660263041000235,0.9999970588791153,5.8822331192587285e-06,1.4588900233372943,0.002425333331616585,3.594597930423049e-08,3.5945979415252793e-08,0.6927918028473965,0.5165909639522772,1e-12
success,,B-B_1.70_sto-6g_as-006-010,hamiltonian_generator/b2_active_space_library/B-B/1.70/sto-6g/B-B_1.70_sto-6g_as-006-010.tensors.npz,B-B,1.70,sto-6g,6,10,16,480,824,fermionic,random_groups,3,1422182446,480,52104,0.4532359081419624,35,"[12,12,12,12,8,16,18,12,10,12,16,16,16,16,10,12,12,10,10,9,10,12,9,8,8,8,10,10,10,12,62,46,8,8,8]","[14,3,16,27,28,23,10,1,15,2,8,21,19,26,29,11,32,25,12,7,34,0,24,22,6,30,5,13,17,4,33,9,18,31,20]",807a242bdb161a22,cea2ab5912da9a6b,100,0.01,1.0,82400,0.29350730569917655,0.0014675365284958827,0.243221968299397,1.1791999895649496e-05,0.0014428330000555434,3136,1.6777191249998396,0.003914124999937485,18.60625591600001,0.9999991106380995,1.778723009993044e-06,1.458745620799874,0.0013336880448275477,0.0,0.0,0.2094926698543562,0.8012343953050035,1e-12
success,,B-B_1.70_sto-6g_as-006-010,hamiltonian_generator/b2_active_space_library/B-B/1.70/sto-6g/B-B_1.70_sto-6g_as-006-010.tensors.npz,B-B,1.70,sto-6g,6,10,16,480,824,jw,random_groups,4,2585659375,824,111776,0.3296488102962168,23,"[56,44,104,48,44,16,16,16,52,52,34,34,27,37,25,36,16,30,28,44,19,36,10]","[13,18,12,21,10,4,14,6,0,11,1,20,2,22,19,17,8,16,7,3,15,9,5]",f870c591393b9935,b9ba6cd52a5b4193,100,0.01,1.0,82400,0.45729859169989484,0.002286492958499474,0.590424941273064,1.1417000223445939e-05,0.0011081669999839505,3136,1.6777191249998396,0.003914124999937485,18.63408649999974,0.9999977814587259,4.4370776263180645e-06,1.4588614698510638,0.0021064383561523463,5.776600309204127e-10,5.776600309204127e-10,0.5225857163066867,0.38967415293455515,1e-12
success,,B-B_1.70_sto-6g_as-006-010,hamiltonian_generator/b2_active_space_library/B-B/1.70/sto-6g/B-B_1.70_sto-6g_as-006-010.tensors.npz,B-B,1.70,sto-6g,6,10,16,480,824,fermionic,random_groups,4,1816603139,480,52104,0.4532359081419624,35,"[12,12,12,12,8,16,18,12,10,12,16,16,16,16,10,12,12,10,10,9,10,12,9,8,8,8,10,10,10,12,62,46,8,8,8]","[18,16,4,0,17,34,24,10,25,33,9,3,1,19,31,7,8,27,12,14,5,21,30,28,6,26,20,22,11,13,23,2,32,29,15]",93982bbb6ff18db2,80eb7fbec2c94938,100,0.01,1.0,82400,0.41340888634817125,0.0020670444317408563,0.4825302921821105,1.1584000276343431e-05,0.0012504169999374426,3136,1.6777191249998396,0.003914124999937485,18.659210832999634,0.9999980476260206,3.9047441470208e-06,1.4588714448290796,0.0019760435113502714,0.0,0.0,0.45988907315071903,1.7589109141120276,1e-12
success,,B-B_1.70_sto-6g_as-006-010,hamiltonian_generator/b2_active_space_library/B-B/1.70/sto-6g/B-B_1.70_sto-6g_as-006-010.tensors.npz,B-B,1.70,sto-6g,6,10,16,480,824,jw,random_groups,5,1579864017,824,111776,0.3296488102962168,23,"[56,44,104,48,44,16,16,16,52,52,34,34,27,37,25,36,16,30,28,44,19,36,10]","[3,0,1,18,7,8,9,6,4,12,2,16,20,19,14,15,11,13,17,5,10,22,21]",f6ec39d134d58c6d,4e337b0899a73497,100,0.01,1.0,82400,0.5179379186718753,0.0025896895933593764,0.7573914212922312,1.395900017087115e-05,0.0015759589996378054,3136,1.6777191249998396,0.003914124999937485,18.758106833000056,0.9999969400971682,6.1197963006076606e-06,1.4586594248258338,0.002473824097134337,6.105708316717084e-08,6.105708305614854e-08,0.7207712829802121,0.5374542977176142,1e-12
success,,B-B_1.70_sto-6g_as-006-010,hamiltonian_generator/b2_active_space_library/B-B/1.70/sto-6g/B-B_1.70_sto-6g_as-006-010.tensors.npz,B-B,1.70,sto-6g,6,10,16,480,824,fermionic,random_groups,5,3469542081,480,52104,0.4532359081419624,35,"[12,12,12,12,8,16,18,12,10,12,16,16,16,16,10,12,12,10,10,9,10,12,9,8,8,8,10,10,10,12,62,46,8,8,8]","[14,28,23,8,27,9,1,31,29,21,30,18,7,16,0,24,3,4,11,22,19,2,15,6,26,20,5,32,25,10,17,34,13,33,12]",efba20497c19c45d,63915e5443a9db9a,100,0.01,1.0,82400,0.3930357947392223,0.0019651789736961113,0.4361432707204884,1.2083000001439359e-05,0.0013087910001559067,3136,1.6777191249998396,0.003914124999937485,18.64208995900026,0.9999983232536843,3.353489819835076e-06,1.4589371224523515,0.001831254387397847,0.0,0.0,0.39496398918761466,1.5105957323661934,1e-12
success,,B-B_1.70_sto-6g_as-006-010,hamiltonian_generator/b2_active_space_library/B-B/1.70/sto-6g/B-B_1.70_sto-6g_as-006-010.tensors.npz,B-B,1.70,sto-6g,6,10,16,480,824,jw,random_groups,6,3151523025,824,111776,0.3296488102962168,23,"[56,44,104,48,44,16,16,16,52,52,34,34,27,37,25,36,16,30,28,44,19,36,10]","[17,12,10,8,7,22,2,16,5,6,19,9,4,21,18,14,0,3,20,11,15,13,1]",f820f3eabd257fba,c8eaa36129cf05f2,100,0.01,1.0,82400,0.6885773399462141,0.0034428866997310704,1.3386604126242418,1.1749999885068974e-05,0.0012628750000658329,3136,1.6777191249998396,0.003914124999937485,18.770897249999962,0.9999956221992842,8.755582266539719e-06,1.4591523725977344,0.002958986554828132,4.401075028859225e-07,4.401075027749002e-07,1.031206261369517,0.7689349591104283,1e-12
success,,B-B_1.70_sto-6g_as-006-010,hamiltonian_generator/b2_active_space_library/B-B/1.70/sto-6g/B-B_1.70_sto-6g_as-006-010.tensors.npz,B-B,1.70,sto-6g,6,10,16,480,824,fermionic,random_groups,6,2189256465,480,52104,0.4532359081419624,35,"[12,12,12,12,8,16,18,12,10,12,16,16,16,16,10,12,12,10,10,9,10,12,9,8,8,8,10,10,10,12,62,46,8,8,8]","[29,25,24,26,9,13,8,17,7,23,11,4,27,32,12,33,16,10,2,5,18,1,22,14,6,15,3,20,21,28,34,19,30,0,31]",a61ba17089600e93,bed3bdcb60dc7478,100,0.01,1.0,82400,0.5991611636333384,0.0029958058181666918,1.0135665707876045,1.1584000276343431e-05,0.0012520840000433964,3136,1.6777191249998396,0.003914124999937485,18.69025550000015,0.9999962883166256,7.423352972213415e-06,1.4590974366890477,0.00272458561048463,0.0,0.0,0.874300284351941,3.343885302214804,1e-12
success,,B-B_1.70_sto-6g_as-006-010,hamiltonian_generator/b2_active_space_library/B-B/1.70/sto-6g/B-B_1.70_sto-6g_as-006-010.tensors.npz,B-B,1.70,sto-6g,6,10,16,480,824,jw,random_groups,7,2179626871,824,111776,0.3296488102962168,23,"[56,44,104,48,44,16,16,16,52,52,34,34,27,37,25,36,16,30,28,44,19,36,10]","[8,19,12,3,10,9,4,11,18,20,22,6,15,5,2,14,17,13,21,16,0,1,7]",a84e62f216e43c37,0aab4d1b8d42b450,100,0.01,1.0,82400,0.5154616022224249,0.002577308011112124,0.7501663961015812,1.2083999990863958e-05,0.0011996250000265718,3136,1.6777191249998396,0.003914124999937485,18.78036229199961,0.9999974684085917,5.063176407582581e-06,1.458867277702296,0.0022501517318987705,3.4871463205909947e-07,3.4871463194807717e-07,0.5963257559546672,0.44465955837247184,1e-12
success,,B-B_1.70_sto-6g_as-006-010,hamiltonian_generator/b2_active_space_library/B-B/1.70/sto-6g/B-B_1.70_sto-6g_as-006-010.tensors.npz,B-B,1.70,sto-6g,6,10,16,480,824,fermionic,random_groups,7,54865669,480,52104,0.4532359081419624,35,"[12,12,12,12,8,16,18,12,10,12,16,16,16,16,10,12,12,10,10,9,10,12,9,8,8,8,10,10,10,12,62,46,8,8,8]","[17,31,6,7,12,2,13,29,34,5,9,25,1,18,20,8,16,33,26,27,15,32,24,14,23,11,4,28,0,30,10,3,22,21,19]",87d0bb021388da26,434c1368674e9b50,100,0.01,1.0,82400,0.7202183050111581,0.003601091525055791,1.4645131565757918,1.2083000001439359e-05,0.0012652499999603606,3136,1.6777191249998396,0.003914124999937485,18.775516457999856,0.9999947441192405,1.0511733894769115e-05,1.4593304103109788,0.003242184683050203,0.0,0.0,1.2380405414681872,4.735061447715448,1e-12
success,,B-B_1.70_sto-6g_as-006-010,hamiltonian_generator/b2_active_space_library/B-B/1.70/sto-6g/B-B_1.70_sto-6g_as-006-010.tensors.npz,B-B,1.70,sto-6g,6,10,16,480,824,jw,random_groups,8,1984604632,824,111776,0.3296488102962168,23,"[56,44,104,48,44,16,16,16,52,52,34,34,27,37,25,36,16,30,28,44,19,36,10]","[15,12,7,18,13,21,6,8,22,11,16,1,3,17,9,2,5,14,4,19,20,10,0]",3388def42596669e,6aa8896ec12167f8,100,0.01,1.0,82400,0.6617909999554142,0.0033089549997770713,1.236535760244655,1.1999999969702912e-05,0.0011945000001105655,3136,1.6777191249998396,0.003914124999937485,18.671660041999985,0.9999950407344155,9.918506574724262e-06,1.4586740540925498,0.0031493699638262315,1.2127434612096977e-09,1.2127433501873952e-09,1.168172004091349,0.8710655916760915,1e-12
success,,B-B_1.70_sto-6g_as-006-010,hamiltonian_generator/b2_active_space_library/B-B/1.70/sto-6g/B-B_1.70_sto-6g_as-006-010.tensors.npz,B-B,1.70,sto-6g,6,10,16,480,824,fermionic,random_groups,8,2680923446,480,52104,0.4532359081419624,35,"[12,12,12,12,8,16,18,12,10,12,16,16,16,16,10,12,12,10,10,9,10,12,9,8,8,8,10,10,10,12,62,46,8,8,8]","[32,29,31,7,19,2,8,21,13,20,4,3,25,18,17,28,5,6,1,12,30,34,23,11,24,0,10,22,16,26,15,14,27,9,33]",7651126d54c964eb,0cec6b527cfd3720,100,0.01,1.0,82400,0.5720239912900051,0.002860119956450026,0.9238329651054178,1.183299991680542e-05,0.0013422920001175953,3136,1.6777191249998396,0.003914124999937485,18.7358021670002,0.9999964815911014,7.036805417914849e-06,1.4591811917827175,0.0026527000955863097,0.0,0.0,0.8287738708964839,3.169763084092573,1e-12
success,,B-B_1.70_sto-6g_as-006-010,hamiltonian_generator/b2_active_space_library/B-B/1.70/sto-6g/B-B_1.70_sto-6g_as-006-010.tensors.npz,B-B,1.70,sto-6g,6,10,16,480,824,jw,random_groups,9,3375276032,824,111776,0.3296488102962168,23,"[56,44,104,48,44,16,16,16,52,52,34,34,27,37,25,36,16,30,28,44,19,36,10]","[9,5,6,15,1,12,20,3,0,4,11,7,16,19,21,2,8,22,13,17,18,14,10]",952378cb426584aa,6383d6e255697a9d,100,0.01,1.0,82400,0.5314694841745208,0.0026573474208726037,0.797483367124954,1.1874999927385943e-05,0.0012813749999622814,3136,1.6777191249998396,0.003914124999937485,18.643933542000013,0.9999971044161517,5.7911593120962834e-06,1.458697496547823,0.002406484509923254,6.451801637386012e-08,6.451801659590473e-08,0.6820654025539995,0.5085926570373721,1e-12
success,,B-B_1.70_sto-6g_as-006-010,hamiltonian_generator/b2_active_space_library/B-B/1.70/sto-6g/B-B_1.70_sto-6g_as-006-010.tensors.npz,B-B,1.70,sto-6g,6,10,16,480,824,fermionic,random_groups,9,1198809176,480,52104,0.4532359081419624,35,"[12,12,12,12,8,16,18,12,10,12,16,16,16,16,10,12,12,10,10,9,10,12,9,8,8,8,10,10,10,12,62,46,8,8,8]","[14,24,18,6,28,26,4,19,23,21,1,22,15,13,9,12,16,31,0,34,3,5,17,25,33,20,10,30,8,32,11,2,7,27,29]",78f9920606a1c24a,74ae6d0536e44259,100,0.01,1.0,82400,0.7976238638962422,0.003988119319481211,1.7962271037784883,1.2333000086073298e-05,0.0011392920000616868,3136,1.6777191249998396,0.003914124999937485,18.733739083999808,0.9999934820700715,1.3035817373441283e-05,1.4593795641306284,0.0036105207182486124,0.0,0.0,1.535319535393369,5.8720470763778625,1e-12
success,,B-B_1.70_sto-6g_as-006-010,hamiltonian_generator/b2_active_space_library/B-B/1.70/sto-6g/B-B_1.70_sto-6g_as-006-010.tensors.npz,B-B,1.70,sto-6g,6,10,16,480,824,jw,random_groups,10,587745067,824,111776,0.3296488102962168,23,"[56,44,104,48,44,16,16,16,52,52,34,34,27,37,25,36,16,30,28,44,19,36,10]","[8,12,11,22,9,13,21,10,5,0,2,19,4,1,17,16,14,15,3,18,6,7,20]",292a4ca9537037b4,55fbd8276470a4f4,100,0.01,1.0,82400,0.7840297684781152,0.003920148842390576,1.7355217961553076,1.4582999938284047e-05,0.0013142920001882885,3136,1.6777191249998396,0.003914124999937485,18.637219416000335,0.9999949552079004,1.0089558749259986e-05,1.4589812861028304,0.003176410584171298,1.110471057330642e-06,1.1104710572196197e-06,1.1883180170042997,0.8860877789879535,1e-12
success,,B-B_1.70_sto-6g_as-006-010,hamiltonian_generator/b2_active_space_library/B-B/1.70/sto-6g/B-B_1.70_sto-6g_as-006-010.tensors.npz,B-B,1.70,sto-6g,6,10,16,480,824,fermionic,random_groups,10,3391352111,480,52104,0.4532359081419624,35,"[12,12,12,12,8,16,18,12,10,12,16,16,16,16,10,12,12,10,10,9,10,12,9,8,8,8,10,10,10,12,62,46,8,8,8]","[27,5,20,4,32,10,0,22,23,30,2,34,14,15,21,31,24,19,18,9,6,7,25,3,33,16,12,8,29,28,13,11,1,26,17]",8748a4273dfb2e00,99faafc50ca281f8,100,0.01,1.0,82400,0.31286328473977165,0.0015643164236988582,0.2763593537760026,1.1916999937966466e-05,0.0012638339999284653,3136,1.6777191249998396,0.003914124999937485,18.6450104999999,0.999998842821863,2.3143549349180503e-06,1.4587959413141536,0.0015213008492596198,0.0,0.0,0.27257779405939275,1.0425123902835587,1e-12
success,,B-B_1.70_sto-6g_as-006-010,hamiltonian_generator/b2_active_space_library/B-B/1.70/sto-6g/B-B_1.70_sto-6g_as-006-010.tensors.npz,B-B,1.70,sto-6g,6,10,16,480,824,jw,random_groups,11,2176002116,824,111776,0.3296488102962168,23,"[56,44,104,48,44,16,16,16,52,52,34,34,27,37,25,36,16,30,28,44,19,36,10]","[16,6,2,11,9,1,12,8,18,7,19,14,20,13,10,0,21,15,17,22,3,4,5]",83ed50db5dff10e8,13cd90bfc25e3882,100,0.01,1.0,82400,0.5402435997949835,0.0027012179989749172,0.8240322867696467,2.8375000056257704e-05,0.0013412090002020705,3136,1.6777191249998396,0.003914124999937485,18.706561916999817,0.9999969071258298,6.1857387745334336e-06,1.4585243329410538,0.0024871164710236347,4.1158389141315865e-08,4.1158389141315865e-08,0.7285377900990274,0.5432455143321312,1e-12
success,,B-B_1.70_sto-6g_as-006-010,hamiltonian_generator/b2_active_space_library/B-B/1.70/sto-6g/B-B_1.70_sto-6g_as-006-010.tensors.npz,B-B,1.70,sto-6g,6,10,16,480,824,fermionic,random_groups,11,3910489929,480,52104,0.4532359081419624,35,"[12,12,12,12,8,16,18,12,10,12,16,16,16,16,10,12,12,10,10,9,10,12,9,8,8,8,10,10,10,12,62,46,8,8,8]","[34,6,26,19,20,2,1,13,33,10,11,23,0,16,9,22,25,14,5,32,31,7,12,24,8,17,3,4,27,28,21,15,18,29,30]",d2511721f76aece4,5ab7deb8eeaf305f,100,0.01,1.0,82400,0.37611706031475023,0.0018805853015737512,0.39940273394828085,1.17090003186604e-05,0.001243250000243279,3136,1.6777191249998396,0.003914124999937485,18.636413625000387,0.9999983781946575,3.243608054703806e-06,1.459063278712838,0.0018010026887634492,0.0,0.0,0.38202244392377444,1.4610989590375885,1e-12
success,,B-B_1.70_sto-6g_as-006-010,hamiltonian_generator/b2_active_space_library/B-B/1.70/sto-6g/B-B_1.70_sto-6g_as-006-010.tensors.npz,B-B,1.70,sto-6g,6,10,16,480,824,jw,random_groups,12,3643636399,824,111776,0.3296488102962168,23,"[56,44,104,48,44,16,16,16,52,52,34,34,27,37,25,36,16,30,28,44,19,36,10]","[17,2,7,1,13,3,22,10,8,6,4,21,16,19,9,12,20,11,5,15,18,0,14]",083507198f7ecb7c,2f9727e792b73fb8,100,0.01,1.0,82400,0.5514450476999738,0.002757225238499869,0.8585576236374012,1.1915999948541867e-05,0.0012709170000562153,3136,1.6777191249998396,0.003914124999937485,18.71396249999998,0.9999965922049435,6.815578499907993e-06,1.458871009412792,0.0026106685183975107,6.499409055393812e-08,6.499409033189352e-08,0.802718426942291,0.5985594579093425,1e-12
success,,B-B_1.70_sto-6g_as-006-010,hamiltonian_generator/b2_active_space_library/B-B/1.70/sto-6g/B-B_1.70_sto-6g_as-006-010.tensors.npz,B-B,1.70,sto-6g,6,10,16,480,824,fermionic,random_groups,12,2865866506,480,52104,0.4532359081419624,35,"[12,12,12,12,8,16,18,12,10,12,16,16,16,16,10,12,12,10,10,9,10,12,9,8,8,8,10,10,10,12,62,46,8,8,8]","[9,20,15,19,25,10,4,33,32,31,30,34,29,8,13,12,11,27,7,5,22,6,26,1,23,14,3,17,2,28,16,24,21,18,0]",a2419e455daacc2e,d8f846176da0a251,100,0.01,1.0,82400,0.45475520546360626,0.0022737760273180314,0.5838755982127822,1.3542000033339718e-05,0.0011108749999948486,3136,1.6777191249998396,0.003914124999937485,18.682214708000174,0.9999977644816173,4.4710317679275136e-06,1.4590656364064385,0.002114482623595057,0.0,0.0,0.5265847334321266,2.013997915830004,1e-12
success,,B-B_1.70_sto-6g_as-006-010,hamiltonian_generator/b2_active_space_library/B-B/1.70/sto-6g/B-B_1.70_sto-6g_as-006-010.tensors.npz,B-B,1.70,sto-6g,6,10,16,480,824,jw,random_groups,13,798067061,824,111776,0.3296488102962168,23,"[56,44,104,48,44,16,16,16,52,52,34,34,27,37,25,36,16,30,28,44,19,36,10]","[4,15,7,1,6,14,20,13,0,17,18,5,8,21,11,16,22,10,9,2,12,19,3]",8912a2f2bd0c0b93,f02aa251d78aa1d4,100,0.01,1.0,82400,0.38299517650395315,0.0019149758825197658,0.41414419289749,1.316599991696421e-05,0.001266458999907627,3136,1.6777191249998396,0.003914124999937485,18.607636249999814,0.9999984225929743,3.154811563099713e-06,1.4589240548940001,0.0017761796224851686,9.818887924950559e-10,9.818886814727534e-10,0.3715642590375767,0.2770626585902549,1e-12
success,,B-B_1.70_sto-6g_as-006-010,hamiltonian_generator/b2_active_space_library/B-B/1.70/sto-6g/B-B_1.70_sto-6g_as-006-010.tensors.npz,B-B,1.70,sto-6g,6,10,16,480,824,fermionic,random_groups,13,149417118,480,52104,0.4532359081419624,35,"[12,12,12,12,8,16,18,12,10,12,16,16,16,16,10,12,12,10,10,9,10,12,9,8,8,8,10,10,10,12,62,46,8,8,8]","[23,15,28,0,31,5,14,29,27,7,13,16,11,18,1,19,9,17,3,25,26,21,8,4,34,33,10,20,12,6,22,24,30,2,32]",000a215f6c2a921f,ea3df1429e54e119,100,0.01,1.0,82400,0.5061852429371027,0.0025309262146855135,0.7234090321124794,1.2125000012019882e-05,0.001198499999645719,3136,1.6777191249998396,0.003914124999937485,18.7036778329998,0.9999973177703759,5.364452053790991e-06,1.459028384539878,0.002316130231257995,0.0,0.0,0.6318090994160771,2.416443410983207,1e-12
success,,B-B_1.70_sto-6g_as-006-010,hamiltonian_generator/b2_active_space_library/B-B/1.70/sto-6g/B-B_1.70_sto-6g_as-006-010.tensors.npz,B-B,1.70,sto-6g,6,10,16,480,824,jw,random_groups,14,3809075065,824,111776,0.3296488102962168,23,"[56,44,104,48,44,16,16,16,52,52,34,34,27,37,25,36,16,30,28,44,19,36,10]","[20,9,11,3,4,12,7,15,6,19,18,1,8,14,13,2,10,16,17,5,0,22,21]",d8905492f58a71a3,deaa2ba0ef1c80e3,100,0.01,1.0,82400,0.6668959146291993,0.0033344795731459964,1.2556860836496317,1.1749999885068974e-05,0.0013385410002229037,3136,1.6777191249998396,0.003914124999937485,18.710430375000215,0.9999952351176997,9.529741896496802e-06,1.458625684631215,0.003087031681171681,4.893022653718049e-10,4.893022653718049e-10,1.1223844644185708,0.8369234018300983,1e-12
success,,B-B_1.70_sto-6g_as-006-010,hamiltonian_generator/b2_active_space_library/B-B/1.70/sto-6g/B-B_1.70_sto-6g_as-006-010.tensors.npz,B-B,1.70,sto-6g,6,10,16,480,824,fermionic,random_groups,14,3019720038,480,52104,0.4532359081419624,35,"[12,12,12,12,8,16,18,12,10,12,16,16,16,16,10,12,12,10,10,9,10,12,9,8,8,8,10,10,10,12,62,46,8,8,8]","[19,5,2,10,25,23,18,20,12,27,34,9,4,13,3,29,31,6,0,1,24,26,11,32,22,30,17,28,15,14,21,8,16,33,7]",429bc45ca5f8a891,0c4299a495e17282,100,0.01,1.0,82400,0.5731166375424692,0.002865583187712346,0.9273656375533699,1.275000022360473e-05,0.0011715420000655286,3136,1.6777191249998396,0.003914124999937485,18.75295508299996,0.9999963553618468,7.289263022958181e-06,1.4593454588744268,0.0026998659793279704,0.0,0.0,0.8585075716517079,3.2834838350923787,1e-12
success,,B-B_1.70_sto-6g_as-006-010,hamiltonian_generator/b2_active_space_library/B-B/1.70/sto-6g/B-B_1.70_sto-6g_as-006-010.tensors.npz,B-B,1.70,sto-6g,6,10,16,480,824,jw,random_groups,15,2689661021,824,111776,0.3296488102962168,23,"[56,44,104,48,44,16,16,16,52,52,34,34,27,37,25,36,16,30,28,44,19,36,10]","[3,12,2,7,16,22,11,1,6,4,21,20,18,15,8,0,10,14,13,17,9,5,19]",9d73173c48e49d4b,c7bed87324c3601e,100,0.01,1.0,82400,0.4873250511693634,0.0024366252558468172,0.6705056493339755,1.1125000128231477e-05,0.001270124999791733,3136,1.6777191249998396,0.003914124999937485,18.759786500000246,0.9999974379437678,5.124105900256026e-06,1.4588122416452776,0.0022636502522118203,9.793041932937285e-10,9.79304304316031e-10,0.6035018491526077,0.45001052368022976,1e-12
success,,B-B_1.70_sto-6g_as-006-010,hamiltonian_generator/b2_active_space_library/B-B/1.70/sto-6g/B-B_1.70_sto-6g_as-006-010.tensors.npz,B-B,1.70,sto-6g,6,10,16,480,824,fermionic,random_groups,15,2656123937,480,52104,0.4532359081419624,35,"[12,12,12,12,8,16,18,12,10,12,16,16,16,16,10,12,12,10,10,9,10,12,9,8,8,8,10,10,10,12,62,46,8,8,8]","[18,4,3,19,13,34,21,31,6,30,1,2,23,8,17,29,10,22,27,5,25,0,16,14,11,26,12,7,33,20,24,9,32,28,15]",9c35f16f19b74ad8,68b19385613f3942,100,0.01,1.0,82400,0.34616965327722266,0.0017308482663861134,0.33833190446055844,1.7249999928026227e-05,0.0010703750003813184,3136,1.6777191249998396,0.003914124999937485,19.050406332999955,0.9999986229059985,2.7541861066238127e-06,1.4587765629096314,0.001659574645201523,0.0,0.0,0.32437979241897447,1.240636471952315,1e-12
success,,B-B_1.70_sto-6g_as-006-010,hamiltonian_generator/b2_active_space_library/B-B/1.70/sto-6g/B-B_1.70_sto-6g_as-006-010.tensors.npz,B-B,1.70,sto-6g,6,10,16,480,824,jw,random_groups,16,300390204,824,111776,0.3296488102962168,23,"[56,44,104,48,44,16,16,16,52,52,34,34,27,37,25,36,16,30,28,44,19,36,10]","[14,18,5,8,22,0,7,1,6,12,2,11,9,13,10,3,21,20,4,19,16,17,15]",712a5f627a86642b,37d058b56788e4f4,100,0.01,1.0,82400,0.6568836721786402,0.003284418360893201,1.218265375251652,1.9042000076296972e-05,0.0011990419998255675,3136,1.6777191249998396,0.003914124999937485,15.67016650000005,0.9999960620557807,7.87587293116232e-06,1.4584371211365426,0.002806401332406946,7.340092036400847e-07,7.340092035290624e-07,0.9275967300773271,0.6916769034797299,1e-12
success,,B-B_1.70_sto-6g_as-006-010,hamiltonian_generator/b2_active_space_library/B-B/1.70/sto-6g/B-B_1.70_sto-6g_as-006-010.tensors.npz,B-B,1.70,sto-6g,6,10,16,480,824,fermionic,random_groups,16,278060400,480,52104,0.4532359081419624,35,"[12,12,12,12,8,16,18,12,10,12,16,16,16,16,10,12,12,10,10,9,10,12,9,8,8,8,10,10,10,12,62,46,8,8,8]","[15,18,1,21,19,17,4,20,8,5,27,28,7,9,22,32,24,23,16,33,31,29,25,10,14,3,2,6,12,26,11,0,13,34,30]",932b3415226b7d45,1e448f7bbcb4c7a1,100,0.01,1.0,82400,0.579583106841679,0.002897915534208395,0.948410611095611,1.0959000064758584e-05,0.0012982909997845127,3136,1.6777191249998396,0.003914124999937485,10.695964000000004,0.9999963783542795,7.243278324797764e-06,1.458867329573657,0.002691336367138749,0.0,0.0,0.8530916316003616,3.262769805073737,1e-12
success,,B-B_1.70_sto-6g_as-006-010,hamiltonian_generator/b2_active_space_library/B-B/1.70/sto-6g/B-B_1.70_sto-6g_as-006-010.tensors.npz,B-B,1.70,sto-6g,6,10,16,480,824,jw,random_groups,17,2871051818,824,111776,0.3296488102962168,23,"[56,44,104,48,44,16,16,16,52,52,34,34,27,37,25,36,16,30,28,44,19,36,10]","[3,0,15,19,21,20,17,5,12,13,22,11,10,9,1,8,2,16,14,7,4,18,6]",f768342598e0797a,7ff41ab3d94af019,100,0.01,1.0,82400,0.7351277589280456,0.003675638794640228,1.5257754117412725,1.5666999843233498e-05,0.001081125000382599,3136,1.6777191249998396,0.003914124999937485,10.724198500000057,0.9999942439418142,1.1512083239351156e-05,1.4583894396630346,0.003392950982775147,2.4099130180310624e-07,2.4099130169208394e-07,1.3558586917963638,1.0110170843526014,1e-12
success,,B-B_1.70_sto-6g_as-006-010,hamiltonian_generator/b2_active_space_library/B-B/1.70/sto-6g/B-B_1.70_sto-6g_as-006-010.tensors.npz,B-B,1.70,sto-6g,6,10,16,480,824,fermionic,random_groups,17,3881362396,480,52104,0.4532359081419624,35,"[12,12,12,12,8,16,18,12,10,12,16,16,16,16,10,12,12,10,10,9,10,12,9,8,8,8,10,10,10,12,62,46,8,8,8]","[30,4,11,0,33,29,6,14,7,10,34,32,13,2,18,28,27,16,8,12,23,31,9,1,20,24,25,21,15,5,26,17,3,19,22]",b739019254c3c296,43c5bb84c5d5df9c,100,0.01,1.0,82400,0.40547330085316435,0.002027366504265822,0.4641832792812372,1.1208000159967924e-05,0.0011322089999339369,3136,1.6777191249998396,0.003914124999937485,10.53221720800002,0.9999981720953829,3.655805893010289e-06,1.458777411726059,0.0019120170590835432,0.0,0.0,0.43056987102168837,1.646775471831346,1e-12
success,,B-B_1.70_sto-6g_as-006-010,hamiltonian_generator/b2_active_space_library/B-B/1.70/sto-6g/B-B_1.70_sto-6g_as-006-010.tensors.npz,B-B,1.70,sto-6g,6,10,16,480,824,jw,random_groups,18,477683903,824,111776,0.3296488102962168,23,"[56,44,104,48,44,16,16,16,52,52,34,34,27,37,25,36,16,30,28,44,19,36,10]","[8,4,0,7,18,12,14,9,2,11,6,1,21,10,22,5,3,20,17,13,16,15,19]",906bb61d5c4fe16b,b81179f2a68d0fc5,100,0.01,1.0,82400,0.7724605452061584,0.0038623027260307917,1.684680619633154,1.1415999779273989e-05,0.0012671250001403678,3136,1.6777191249998396,0.003914124999937485,10.571863125000164,0.999994495376329,1.1009217041113573e-05,1.4590875085504071,0.003318018586745182,7.257265967064441e-07,7.257265964843995e-07,1.296632616765877,0.9668542419728852,1e-12
success,,B-B_1.70_sto-6g_as-006-010,hamiltonian_generator/b2_active_space_library/B-B/1.70/sto-6g/B-B_1.70_sto-6g_as-006-010.tensors.npz,B-B,1.70,sto-6g,6,10,16,480,824,fermionic,random_groups,18,60323174,480,52104,0.4532359081419624,35,"[12,12,12,12,8,16,18,12,10,12,16,16,16,16,10,12,12,10,10,9,10,12,9,8,8,8,10,10,10,12,62,46,8,8,8]","[24,6,19,15,14,34,31,26,28,22,32,2,23,4,7,12,13,18,25,1,3,30,29,21,5,11,9,27,8,0,16,33,10,20,17]",6e59ca5d11ce8b85,db8a425c5860a0f8,100,0.01,1.0,82400,0.6557620076929019,0.00327881003846451,1.2141084190360165,2.0791000224562595e-05,0.0012025840001115284,3136,1.6777191249998396,0.003914124999937485,12.836595249999846,0.9999953616669571,9.276644571620807e-06,1.4592677916022403,0.0030457619877043286,0.0,0.0,1.0925754193770525,4.1787094798032145,1e-12
success,,B-B_1.70_sto-6g_as-006-010,hamiltonian_generator/b2_active_space_library/B-B/1.70/sto-6g/B-B_1.70_sto-6g_as-006-010.tensors.npz,B-B,1.70,sto-6g,6,10,16,480,824,jw,random_groups,19,241670715,824,111776,0.3296488102962168,23,"[56,44,104,48,44,16,16,16,52,52,34,34,27,37,25,36,16,30,28,44,19,36,10]","[15,16,5,9,22,2,1,3,8,21,20,13,0,19,14,4,6,10,18,11,12,17,7]",6e739efb82b32204,57a097011c49fbe1,100,0.01,1.0,82400,0.4671430783796739,0.0023357153918983696,0.6161192865837505,1.7249999928026227e-05,0.0012778330001310678,3136,1.6777191249998396,0.003914124999937485,19.028901541000323,0.9999978905524554,4.218890639506867e-06,1.4587266627802775,0.0020539949097504477,2.464560250325931e-07,2.464560249215708e-07,0.49688830634585546,0.3705124802239633,1e-12
success,,B-B_1.70_sto-6g_as-006-010,hamiltonian_generator/b2_active_space_library/B-B/1.70/sto-6g/B-B_1.70_sto-6g_as-006-010.tensors.npz,B-B,1.70,sto-6g,6,10,16,480,824,fermionic,random_groups,19,4064277062,480,52104,0.4532359081419624,35,"[12,12,12,12,8,16,18,12,10,12,16,16,16,16,10,12,12,10,10,9,10,12,9,8,8,8,10,10,10,12,62,46,8,8,8]","[1,18,4,26,13,7,32,17,28,19,0,9,30,10,5,22,6,15,24,27,2,12,3,21,31,29,33,14,20,23,11,8,34,25,16]",9eb5644fc358bb0e,d882886ae9a5489c,100,0.01,1.0,82400,0.62818637762883,0.00314093188814415,1.1141457192712743,1.687500025582267e-05,0.0012537500001599255,3136,1.6777191249998396,0.003914124999937485,18.687986416999593,0.9999959731071215,8.05376954104986e-06,1.4592881525306787,0.0028379192654068505,0.0,0.0,0.9485488600908278,3.627859499143813,1e-12
success,,B-B_1.70_sto-6g_as-008-010,hamiltonian_generator/b2_active_space_library/B-B/1.70/sto-6g/B-B_1.70_sto-6g_as-008-010.tensors.npz,B-B,1.70,sto-6g,8,10,18,779,1387,baseline,jw_raw,-1,-1,,,,,[],[],4f53cda18c2baa0c,ea12715c1435f86c,100,0.01,1.0,138700,0.8298115147649923,0.004149057573824961,1.0,1.1665999863907928e-05,0.003636542000094778,15876,16.53641554199976,0.08021379199999501,39.64902562499992,0.999997368980767,5.262031543828982e-06,1.4931086114855676,0.0022939133519096883,0.0,0.0,1.0,,1e-12
success,,B-B_1.70_sto-6g_as-008-010,hamiltonian_generator/b2_active_space_library/B-B/1.70/sto-6g/B-B_1.70_sto-6g_as-008-010.tensors.npz,B-B,1.70,sto-6g,8,10,18,779,1387,jw,current,-1,-1,1387,298672,0.31073116581407856,44,"[79,70,46,42,47,39,31,28,33,28,32,28,46,44,110,52,52,24,12,64,16,16,16,16,16,16,34,34,34,34,26,26,24,24,24,24,24,24,10,8,10,8,8,8]","[0,1,2,3,4,5,6,7,8,9,10,11,12,13,14,15,16,17,18,19,20,21,22,23,24,25,26,27,28,29,30,31,32,33,34,35,36,37,38,39,40,41,42,43]",9ddf8fe1d9464a75,f06cb7aed4ad42d3,100,0.01,1.0,138700,1.2392585674932806,0.006196292837466403,2.230308533965429,3.07079999402049e-05,0.0037595829999190755,15876,16.53641554199976,0.08021379199999501,39.78488829200023,0.9999898482121977,2.0303472545779577e-05,1.4932618059370566,0.004505948912777786,4.59509619243903e-09,4.5950960814167274e-09,3.858485525346263,1.0,1e-12
success,,B-B_1.70_sto-6g_as-008-010,hamiltonian_generator/b2_active_space_library/B-B/1.70/sto-6g/B-B_1.70_sto-6g_as-008-010.tensors.npz,B-B,1.70,sto-6g,8,10,18,779,1387,fermionic,current,-1,-1,779,136516,0.45050176384594315,66,"[17,16,20,16,15,11,14,16,10,12,12,12,10,12,13,12,13,10,11,11,8,11,8,9,10,13,9,10,8,8,15,10,12,13,12,10,12,12,10,9,11,8,9,9,10,10,10,13,18,8,18,18,10,9,12,4,6,13,18,32,27,12,5,4,11,2]","[0,1,2,3,4,5,6,7,8,9,10,11,12,13,14,15,16,17,18,19,20,21,22,23,24,25,26,27,28,29,30,31,32,33,34,35,36,37,38,39,40,41,42,43,44,45,46,47,48,49,50,51,52,53,54,55,56,57,58,59,60,61,62,63,64,65]",17327cb030699778,1b9275c7dbe22d9d,100,0.01,1.0,138700,0.936154669658323,0.004680773348291614,1.2727300610772925,3.266599969720119e-05,0.004139542000302754,15876,16.53641554199976,0.08021379199999501,40.12782420800022,0.9999947153255541,1.0569320964104456e-05,1.493733061419853,0.0032510535049235447,0.0,0.0,2.008600837161375,1.0,1e-12
success,,B-B_1.70_sto-6g_as-008-010,hamiltonian_generator/b2_active_space_library/B-B/1.70/sto-6g/B-B_1.70_sto-6g_as-008-010.tensors.npz,B-B,1.70,sto-6g,8,10,18,779,1387,jw,reverse_groups,-1,-1,1387,298672,0.31073116581407856,44,"[79,70,46,42,47,39,31,28,33,28,32,28,46,44,110,52,52,24,12,64,16,16,16,16,16,16,34,34,34,34,26,26,24,24,24,24,24,24,10,8,10,8,8,8]","[43,42,41,40,39,38,37,36,35,34,33,32,31,30,29,28,27,26,25,24,23,22,21,20,19,18,17,16,15,14,13,12,11,10,9,8,7,6,5,4,3,2,1,0]",b271f6d2d2760f48,7767c16f220fcdd3,100,0.01,1.0,138700,1.2392585674932806,0.006196292837466403,2.230308533965429,3.3167000310641015e-05,0.004036334000375064,15876,16.53641554199976,0.08021379199999501,40.7552599579999,0.9999898478008299,2.0304295273110284e-05,1.4933552458539292,0.00450604020623659,4.600839376145416e-09,4.600839487167718e-09,3.8586418769993944,1.0000405215082717,1e-12
success,,B-B_1.70_sto-6g_as-008-010,hamiltonian_generator/b2_active_space_library/B-B/1.70/sto-6g/B-B_1.70_sto-6g_as-008-010.tensors.npz,B-B,1.70,sto-6g,8,10,18,779,1387,fermionic,reverse_groups,-1,-1,779,136516,0.45050176384594315,66,"[17,16,20,16,15,11,14,16,10,12,12,12,10,12,13,12,13,10,11,11,8,11,8,9,10,13,9,10,8,8,15,10,12,13,12,10,12,12,10,9,11,8,9,9,10,10,10,13,18,8,18,18,10,9,12,4,6,13,18,32,27,12,5,4,11,2]","[65,64,63,62,61,60,59,58,57,56,55,54,53,52,51,50,49,48,47,46,45,44,43,42,41,40,39,38,37,36,35,34,33,32,31,30,29,28,27,26,25,24,23,22,21,20,19,18,17,16,15,14,13,12,11,10,9,8,7,6,5,4,3,2,1,0]",8a685e37cee552dd,ddf5cb98aa4402cd,100,0.01,1.0,138700,1.7775466518200485,0.008887733259100243,4.5886306464313975,3.816600019490579e-05,0.005152207999344682,15876,16.53641554199976,0.08021379199999501,41.240075292000256,0.9999875165288873,2.4966786388413986e-05,1.4923764629826433,0.004996693129002815,0.0,0.0,4.744704812287498,2.3621939832470056,1e-12
success,,B-B_1.70_sto-6g_as-008-010,hamiltonian_generator/b2_active_space_library/B-B/1.70/sto-6g/B-B_1.70_sto-6g_as-008-010.tensors.npz,B-B,1.70,sto-6g,8,10,18,779,1387,jw,random_groups,0,1210356562,1387,298672,0.31073116581407856,44,"[79,70,46,42,47,39,31,28,33,28,32,28,46,44,110,52,52,24,12,64,16,16,16,16,16,16,34,34,34,34,26,26,24,24,24,24,24,24,10,8,10,8,8,8]","[30,9,27,33,4,20,5,16,43,0,22,21,24,25,7,29,40,26,28,11,19,3,35,1,2,18,15,38,10,14,32,13,17,6,31,42,23,39,8,34,36,41,37,12]",11e81b5b1b745acf,7ebf0f5cc302bb16,100,0.01,1.0,138700,1.3466753257550963,0.0067333766287754815,2.6337035666455257,3.633399956015637e-05,0.004329708999648574,15876,16.53641554199976,0.08021379199999501,41.46270079199985,0.9999919768916412,1.604615234729323e-05,1.49292330069856,0.004005772923866268,6.11167783048927e-10,6.11168005093532e-10,3.049421542543063,0.7903156620678021,1e-12
success,,B-B_1.70_sto-6g_as-008-010,hamiltonian_generator/b2_active_space_library/B-B/1.70/sto-6g/B-B_1.70_sto-6g_as-008-010.tensors.npz,B-B,1.70,sto-6g,8,10,18,779,1387,fermionic,random_groups,0,2141709297,779,136516,0.45050176384594315,66,"[17,16,20,16,15,11,14,16,10,12,12,12,10,12,13,12,13,10,11,11,8,11,8,9,10,13,9,10,8,8,15,10,12,13,12,10,12,12,10,9,11,8,9,9,10,10,10,13,18,8,18,18,10,9,12,4,6,13,18,32,27,12,5,4,11,2]","[52,45,37,63,33,23,17,25,2,55,36,19,14,62,28,44,53,51,21,0,29,22,9,34,46,4,48,18,26,32,31,30,11,1,56,35,8,3,6,47,7,60,13,59,16,15,50,54,40,10,38,27,41,20,24,5,49,57,65,42,58,12,39,61,64,43]",0a992403906fb8ec,b6d0a902e0d9389e,100,0.01,1.0,138700,1.033874322613927,0.005169371613069636,1.5523033139721492,2.9667000490007922e-05,0.004502290999880643,15876,16.53641554199976,0.08021379199999501,41.8549818750007,0.999995192955658,9.614065576424302e-06,1.4930757380849338,0.0031006593950402266,0.0,0.0,1.8270634632928309,0.9096199849617214,1e-12
success,,B-B_1.70_sto-6g_as-008-010,hamiltonian_generator/b2_active_space_library/B-B/1.70/sto-6g/B-B_1.70_sto-6g_as-008-010.tensors.npz,B-B,1.70,sto-6g,8,10,18,779,1387,jw,random_groups,1,2762517863,1387,298672,0.31073116581407856,44,"[79,70,46,42,47,39,31,28,33,28,32,28,46,44,110,52,52,24,12,64,16,16,16,16,16,16,34,34,34,34,26,26,24,24,24,24,24,24,10,8,10,8,8,8]","[18,2,21,9,37,39,19,32,14,24,43,8,16,27,41,15,7,26,10,13,29,12,0,23,35,11,33,6,17,4,1,34,31,20,42,30,28,40,3,36,25,22,5,38]",c0d0179bd4a903b0,9d207071423c1da0,100,0.01,1.0,138700,0.860069519347648,0.00430034759673824,1.0742570175345383,3.495799955999246e-05,0.004196249999949941,15876,16.53641554199976,0.08021379199999501,41.8474620829993,0.9999981246493391,3.7506978047829875e-06,1.493303447407599,0.0019366727451346768,1.1120824261467988e-09,1.1120825371691012e-09,0.7127851236812894,0.18473183817822503,1e-12
success,,B-B_1.70_sto-6g_as-008-010,hamiltonian_generator/b2_active_space_library/B-B/1.70/sto-6g/B-B_1.70_sto-6g_as-008-010.tensors.npz,B-B,1.70,sto-6g,8,10,18,779,1387,fermionic,random_groups,1,655775863,779,136516,0.45050176384594315,66,"[17,16,20,16,15,11,14,16,10,12,12,12,10,12,13,12,13,10,11,11,8,11,8,9,10,13,9,10,8,8,15,10,12,13,12,10,12,12,10,9,11,8,9,9,10,10,10,13,18,8,18,18,10,9,12,4,6,13,18,32,27,12,5,4,11,2]","[61,42,10,45,50,6,26,48,2,29,13,47,25,32,23,58,35,16,17,54,7,59,63,21,11,52,40,9,37,43,5,0,24,56,38,18,20,30,4,33,27,55,64,31,3,39,51,49,57,41,1,36,62,8,46,60,12,15,44,65,28,34,22,14,19,53]",d61de6e5bf14ee56,cc0133669f5391ac,100,0.01,1.0,138700,1.049978200373164,0.00524989100186582,1.6010380402833781,3.791600011027185e-05,0.003996499999630032,15876,16.53641554199976,0.08021379199999501,42.037954291999995,0.9999978054175434,4.38916009715129e-06,1.4931221447310739,0.002095033391929296,0.0,0.0,0.8341189254744497,0.4152736123784832,1e-12
success,,B-B_1.70_sto-6g_as-008-010,hamiltonian_generator/b2_active_space_library/B-B/1.70/sto-6g/B-B_1.70_sto-6g_as-008-010.tensors.npz,B-B,1.70,sto-6g,8,10,18,779,1387,jw,random_groups,2,356889448,1387,298672,0.31073116581407856,44,"[79,70,46,42,47,39,31,28,33,28,32,28,46,44,110,52,52,24,12,64,16,16,16,16,16,16,34,34,34,34,26,26,24,24,24,24,24,24,10,8,10,8,8,8]","[2,23,36,26,3,22,29,43,35,13,39,5,30,25,16,34,8,9,6,11,31,33,20,19,18,27,4,37,38,32,12,10,7,24,0,42,28,1,15,40,14,21,17,41]",7884a9297dbe88eb,d3c5a691e29df1c2,100,0.01,1.0,138700,1.3690635592856306,0.006845317796428153,2.722001171913088,3.433300025790231e-05,0.0042402500002935994,15876,16.53641554199976,0.08021379199999501,42.53663929199956,0.9999950077733087,9.984428460230177e-06,1.4934528647508307,0.0031598185679745337,2.296060563899971e-09,2.296060785944576e-09,1.8974474738638463,0.49175964543590406,1e-12
success,,B-B_1.70_sto-6g_as-008-010,hamiltonian_generator/b2_active_space_library/B-B/1.70/sto-6g/B-B_1.70_sto-6g_as-008-010.tensors.npz,B-B,1.70,sto-6g,8,10,18,779,1387,fermionic,random_groups,2,3721226621,779,136516,0.45050176384594315,66,"[17,16,20,16,15,11,14,16,10,12,12,12,10,12,13,12,13,10,11,11,8,11,8,9,10,13,9,10,8,8,15,10,12,13,12,10,12,12,10,9,11,8,9,9,10,10,10,13,18,8,18,18,10,9,12,4,6,13,18,32,27,12,5,4,11,2]","[4,7,32,19,23,36,27,28,31,37,45,3,12,51,38,24,18,56,2,40,1,59,11,0,35,46,16,53,58,42,8,33,50,57,43,52,21,5,41,47,13,26,20,62,60,63,10,34,6,54,22,55,15,29,64,48,17,14,30,25,49,65,39,44,61,9]",2cd96ae375ab2198,33b4e733ddafc502,100,0.01,1.0,138700,0.7818250231310286,0.003909125115655143,0.8876877338785221,3.183299941156292e-05,0.00423049999972136,15876,16.53641554199976,0.08021379199999501,44.00007791600001,0.9999964170637102,7.165859742142011e-06,1.4932589394039657,0.0026769147501442443,0.0,0.0,1.3618047863178875,0.6779867662718083,1e-12
success,,B-B_1.70_sto-6g_as-008-010,hamiltonian_generator/b2_active_space_library/B-B/1.70/sto-6g/B-B_1.70_sto-6g_as-008-010.tensors.npz,B-B,1.70,sto-6g,8,10,18,779,1387,jw,random_groups,3,127881266,1387,298672,0.31073116581407856,44,"[79,70,46,42,47,39,31,28,33,28,32,28,46,44,110,52,52,24,12,64,16,16,16,16,16,16,34,34,34,34,26,26,24,24,24,24,24,24,10,8,10,8,8,8]","[20,34,25,13,3,32,14,18,11,24,29,19,2,16,5,35,41,1,9,42,37,27,6,4,30,36,7,23,33,38,17,31,10,15,39,0,12,21,8,28,22,43,26,40]",083f2f7c8d2dd147,c2775e82540c053f,100,0.01,1.0,138700,1.537203900765867,0.0076860195038293356,3.4316583346121097,3.533299968694337e-05,0.004505333000452083,15876,16.53641554199976,0.08021379199999501,42.54066774999956,0.9999940423881816,1.1915188143696298e-05,1.493546051862142,0.0034518435128001184,9.422008728776632e-10,9.422006508330583e-10,2.2643703376635527,0.5868546928034275,1e-12
success,,B-B_1.70_sto-6g_as-008-010,hamiltonian_generator/b2_active_space_library/B-B/1.70/sto-6g/B-B_1.70_sto-6g_as-008-010.tensors.npz,B-B,1.70,sto-6g,8,10,18,779,1387,fermionic,random_groups,3,3009769677,779,136516,0.45050176384594315,66,"[17,16,20,16,15,11,14,16,10,12,12,12,10,12,13,12,13,10,11,11,8,11,8,9,10,13,9,10,8,8,15,10,12,13,12,10,12,12,10,9,11,8,9,9,10,10,10,13,18,8,18,18,10,9,12,4,6,13,18,32,27,12,5,4,11,2]","[4,23,7,55,21,41,28,37,32,39,59,16,12,64,61,38,57,43,14,10,27,46,49,52,40,3,29,6,35,8,45,2,47,48,42,26,9,33,63,24,11,51,60,56,31,0,36,15,53,22,34,17,30,62,20,65,19,58,50,1,25,54,13,5,18,44]",7f5f88547ee3d5ca,ed0c0efb009c316d,100,0.01,1.0,138700,0.9234387655091116,0.0046171938275455585,1.2383895830755818,3.720899985637516e-05,0.004410708000250452,15876,16.53641554199976,0.08021379199999501,42.710076874999686,0.9999969449108116,6.110169043282987e-06,1.4930122158417165,0.0024718775003662566,0.0,0.0,1.1611806186241231,0.578104219186299,1e-12
success,,B-B_1.70_sto-6g_as-008-010,hamiltonian_generator/b2_active_space_library/B-B/1.70/sto-6g/B-B_1.70_sto-6g_as-008-010.tensors.npz,B-B,1.70,sto-6g,8,10,18,779,1387,jw,random_groups,4,787011875,1387,298672,0.31073116581407856,44,"[79,70,46,42,47,39,31,28,33,28,32,28,46,44,110,52,52,24,12,64,16,16,16,16,16,16,34,34,34,34,26,26,24,24,24,24,24,24,10,8,10,8,8,8]","[6,27,30,40,26,12,2,38,9,35,1,0,36,33,41,24,4,3,11,32,16,19,31,42,14,17,29,34,10,23,5,18,8,25,15,20,7,13,28,39,37,21,22,43]",47a6f4385e6fcbab,84a271aea994550d,100,0.01,1.0,138700,1.0546443867874642,0.005273221933937321,1.6152999406440178,3.7957999666105025e-05,0.004756624999572523,15876,16.53641554199976,0.08021379199999501,42.91290216699963,0.9999974882728818,5.0234479276323185e-06,1.4933082511438927,0.0022413063682512556,1.6296299865103947e-09,1.6296300975326972e-09,0.9546594097337822,0.24741816535598132,1e-12
success,,B-B_1.70_sto-6g_as-008-010,hamiltonian_generator/b2_active_space_library/B-B/1.70/sto-6g/B-B_1.70_sto-6g_as-008-010.tensors.npz,B-B,1.70,sto-6g,8,10,18,779,1387,fermionic,random_groups,4,1642975799,779,136516,0.45050176384594315,66,"[17,16,20,16,15,11,14,16,10,12,12,12,10,12,13,12,13,10,11,11,8,11,8,9,10,13,9,10,8,8,15,10,12,13,12,10,12,12,10,9,11,8,9,9,10,10,10,13,18,8,18,18,10,9,12,4,6,13,18,32,27,12,5,4,11,2]","[29,62,44,19,48,63,61,26,37,31,2,10,30,65,16,60,64,22,49,3,21,50,58,28,41,51,55,42,27,7,23,15,45,47,9,56,34,17,46,36,43,14,53,33,24,13,18,57,6,54,40,12,0,25,1,32,11,39,8,20,59,38,35,4,5,52]",b17ea7f8fff89e27,7ab6a5efc74d9444,100,0.01,1.0,138700,0.8831055684145814,0.004415527842072907,1.1325733350141978,3.545800063875504e-05,0.004258332999597769,15876,16.53641554199976,0.08021379199999501,42.955178750000414,0.999997756626883,4.486741201348288e-06,1.492970447884224,0.002118194097362251,0.0,0.0,0.8526633038925979,0.4245060980346954,1e-12
success,,B-B_1.70_sto-6g_as-008-010,hamiltonian_generator/b2_active_space_library/B-B/1.70/sto-6g/B-B_1.70_sto-6g_as-008-010.tensors.npz,B-B,1.70,sto-6g,8,10,18,779,1387,jw,random_groups,5,2035168904,1387,298672,0.31073116581407856,44,"[79,70,46,42,47,39,31,28,33,28,32,28,46,44,110,52,52,24,12,64,16,16,16,16,16,16,34,34,34,34,26,26,24,24,24,24,24,24,10,8,10,8,8,8]","[32,37,4,1,24,33,0,16,10,41,39,43,42,40,22,30,17,31,14,20,13,23,7,26,21,29,11,34,15,35,3,25,28,19,36,9,38,5,8,27,6,2,18,12]",d0dffd988fb69875,19c5a687d95d40c4,100,0.01,1.0,138700,0.9903694941688429,0.004951847470844215,1.4244119062171836,3.883299996232381e-05,0.004099458000382583,15876,16.53641554199976,0.08021379199999501,42.92069187500056,0.9999939425266429,1.2114910021288061e-05,1.49365336184892,0.003480653202240931,1.4618554144973928e-09,1.4618557475643001e-09,2.302325617089041,0.5966915262387641,1e-12
success,,B-B_1.70_sto-6g_as-008-010,hamiltonian_generator/b2_active_space_library/B-B/1.70/sto-6g/B-B_1.70_sto-6g_as-008-010.tensors.npz,B-B,1.70,sto-6g,8,10,18,779,1387,fermionic,random_groups,5,798141276,779,136516,0.45050176384594315,66,"[17,16,20,16,15,11,14,16,10,12,12,12,10,12,13,12,13,10,11,11,8,11,8,9,10,13,9,10,8,8,15,10,12,13,12,10,12,12,10,9,11,8,9,9,10,10,10,13,18,8,18,18,10,9,12,4,6,13,18,32,27,12,5,4,11,2]","[13,57,49,3,12,64,36,50,26,14,22,1,39,25,30,15,54,44,55,31,45,32,59,53,52,19,21,11,7,9,58,48,43,20,4,5,65,62,56,10,51,40,17,29,38,24,42,6,61,18,46,47,23,34,8,41,60,2,33,37,63,35,28,27,0,16]",307cf38aa024cc8e,ccf8c79ebefa4fc9,100,0.01,1.0,138700,0.7991021645759098,0.003995510822879549,0.9273543216657327,3.333299991936656e-05,0.00438899999971909,15876,16.53641554199976,0.08021379199999501,42.744671834000656,0.9999975060715823,4.987850615645328e-06,1.4932308473721454,0.0022333510327167015,0.0,0.0,0.9478944727145929,0.4719177923146694,1e-12
success,,B-B_1.70_sto-6g_as-008-010,hamiltonian_generator/b2_active_space_library/B-B/1.70/sto-6g/B-B_1.70_sto-6g_as-008-010.tensors.npz,B-B,1.70,sto-6g,8,10,18,779,1387,jw,random_groups,6,1711018150,1387,298672,0.31073116581407856,44,"[79,70,46,42,47,39,31,28,33,28,32,28,46,44,110,52,52,24,12,64,16,16,16,16,16,16,34,34,34,34,26,26,24,24,24,24,24,24,10,8,10,8,8,8]","[14,43,37,3,39,27,23,7,33,34,26,18,15,4,21,10,1,5,9,42,25,16,32,8,11,22,6,0,40,31,35,19,13,38,36,41,29,24,30,17,12,2,20,28]",fc431c3c310dbeaf,6c8f193b7b48ace4,100,0.01,1.0,138700,0.9144295154892405,0.004572147577446202,1.2143435130229734,3.1416000638273545e-05,0.004498166999837849,15876,16.53641554199976,0.08021379199999501,42.62893350000013,0.9999964299804682,7.14002631851951e-06,1.4930120031116325,0.002672085152749958,1.2596698129030415e-09,1.2596701459699489e-09,1.356895385185012,0.351665278066125,1e-12
success,,B-B_1.70_sto-6g_as-008-010,hamiltonian_generator/b2_active_space_library/B-B/1.70/sto-6g/B-B_1.70_sto-6g_as-008-010.tensors.npz,B-B,1.70,sto-6g,8,10,18,779,1387,fermionic,random_groups,6,1961245444,779,136516,0.45050176384594315,66,"[17,16,20,16,15,11,14,16,10,12,12,12,10,12,13,12,13,10,11,11,8,11,8,9,10,13,9,10,8,8,15,10,12,13,12,10,12,12,10,9,11,8,9,9,10,10,10,13,18,8,18,18,10,9,12,4,6,13,18,32,27,12,5,4,11,2]","[6,35,52,64,28,41,51,55,5,58,2,15,50,61,11,37,63,22,47,27,0,46,31,20,42,62,24,59,44,38,8,57,21,34,14,30,56,13,25,39,43,19,45,16,49,9,23,48,29,32,18,65,53,40,10,1,60,17,26,54,36,7,4,12,3,33]",82b8116a5e5c28ee,37e25eb52b546c66,100,0.01,1.0,138700,1.4096255928932626,0.007048127964466313,2.8856831151062723,3.3833000088634435e-05,0.004370250000647502,15876,16.53641554199976,0.08021379199999501,42.9259430409993,0.9999904483837938,1.9103141179033223e-05,1.4925017633970796,0.0043707244722571365,0.0,0.0,3.630373748222077,1.8074142363460566,1e-12
success,,B-B_1.70_sto-6g_as-008-010,hamiltonian_generator/b2_active_space_library/B-B/1.70/sto-6g/B-B_1.70_sto-6g_as-008-010.tensors.npz,B-B,1.70,sto-6g,8,10,18,779,1387,jw,random_groups,7,4014239043,1387,298672,0.31073116581407856,44,"[79,70,46,42,47,39,31,28,33,28,32,28,46,44,110,52,52,24,12,64,16,16,16,16,16,16,34,34,34,34,26,26,24,24,24,24,24,24,10,8,10,8,8,8]","[24,18,43,0,42,22,1,20,19,38,35,34,23,13,39,27,25,17,9,7,28,11,12,26,37,8,5,16,30,33,10,31,14,41,21,15,3,40,36,6,29,2,4,32]",d451d5feb08b9fe0,117c775f89561970,100,0.01,1.0,138700,1.0799563773499687,0.005399781886749844,1.6937663982212352,4.2499999835854396e-05,0.00592033300017647,15876,16.53641554199976,0.08021379199999501,44.002682082999854,0.9999934036387595,1.3192678968931837e-05,1.4928483800311254,0.0036321787512323287,4.1010254081541575e-09,4.101025297131855e-09,2.5071455499736555,0.6497745121769409,1e-12
success,,B-B_1.70_sto-6g_as-008-010,hamiltonian_generator/b2_active_space_library/B-B/1.70/sto-6g/B-B_1.70_sto-6g_as-008-010.tensors.npz,B-B,1.70,sto-6g,8,10,18,779,1387,fermionic,random_groups,7,3176632585,779,136516,0.45050176384594315,66,"[17,16,20,16,15,11,14,16,10,12,12,12,10,12,13,12,13,10,11,11,8,11,8,9,10,13,9,10,8,8,15,10,12,13,12,10,12,12,10,9,11,8,9,9,10,10,10,13,18,8,18,18,10,9,12,4,6,13,18,32,27,12,5,4,11,2]","[24,51,48,50,45,6,28,34,27,14,23,49,56,10,42,15,5,52,58,35,11,39,21,16,19,62,37,63,17,31,32,44,43,59,7,55,25,22,30,65,0,46,29,3,33,20,38,8,2,53,36,18,41,4,64,40,12,60,54,57,9,26,1,47,13,61]",ec3620f362e0dfcc,39c243bbad9ce0e9,100,0.01,1.0,138700,1.3590400719653855,0.006795200359826927,2.6822892601315402,3.4749999940686394e-05,0.004824417000236281,15876,16.53641554199976,0.08021379199999501,45.28903637500025,0.999989904053143,2.0191791785806323e-05,1.4923896251498319,0.004493539107867976,0.0,0.0,3.8372616388980285,1.9104152342786938,1e-12
success,,B-B_1.70_sto-6g_as-008-010,hamiltonian_generator/b2_active_space_library/B-B/1.70/sto-6g/B-B_1.70_sto-6g_as-008-010.tensors.npz,B-B,1.70,sto-6g,8,10,18,779,1387,jw,random_groups,8,3505763577,1387,298672,0.31073116581407856,44,"[79,70,46,42,47,39,31,28,33,28,32,28,46,44,110,52,52,24,12,64,16,16,16,16,16,16,34,34,34,34,26,26,24,24,24,24,24,24,10,8,10,8,8,8]","[18,17,39,20,16,10,13,38,36,22,25,27,24,34,32,12,0,3,7,5,35,23,41,8,6,21,4,26,28,2,14,15,43,30,31,19,33,1,37,42,40,11,9,29]",8fe1f0040c985f52,1181862f6c87193f,100,0.01,1.0,138700,0.9880918627876952,0.004940459313938476,1.417867773535136,3.6124999496678356e-05,0.004435917000591871,15876,16.53641554199976,0.08021379199999501,43.61514687499948,0.9999942710313483,1.1457904482314873e-05,1.4934505602615722,0.003384957503927348,9.103566789292472e-10,9.103565679069447e-10,2.1774678442876434,0.5643322567841527,1e-12
success,,B-B_1.70_sto-6g_as-008-010,hamiltonian_generator/b2_active_space_library/B-B/1.70/sto-6g/B-B_1.70_sto-6g_as-008-010.tensors.npz,B-B,1.70,sto-6g,8,10,18,779,1387,fermionic,random_groups,8,1309813757,779,136516,0.45050176384594315,66,"[17,16,20,16,15,11,14,16,10,12,12,12,10,12,13,12,13,10,11,11,8,11,8,9,10,13,9,10,8,8,15,10,12,13,12,10,12,12,10,9,11,8,9,9,10,10,10,13,18,8,18,18,10,9,12,4,6,13,18,32,27,12,5,4,11,2]","[31,16,58,46,38,26,25,24,63,22,52,42,30,21,43,18,32,23,41,15,33,55,35,6,61,36,56,47,54,49,0,2,7,11,13,34,19,40,50,10,12,45,39,51,65,64,37,57,44,59,28,8,5,3,60,17,4,20,27,14,53,29,48,62,1,9]",60e6ab9d4a242f86,541f5c9eb8be1bc4,100,0.01,1.0,138700,0.9144831865341255,0.004572415932670628,1.2144860652848275,3.62089995178394e-05,0.004652999999962049,15876,16.53641554199976,0.08021379199999501,42.622643415999846,0.9999974316727722,5.136647859282917e-06,1.4932411766754539,0.0022664188614556656,0.0,0.0,0.9761720005853807,0.4859960140039278,1e-12
success,,B-B_1.70_sto-6g_as-008-010,hamiltonian_generator/b2_active_space_library/B-B/1.70/sto-6g/B-B_1.70_sto-6g_as-008-010.tensors.npz,B-B,1.70,sto-6g,8,10,18,779,1387,jw,random_groups,9,1660266936,1387,298672,0.31073116581407856,44,"[79,70,46,42,47,39,31,28,33,28,32,28,46,44,110,52,52,24,12,64,16,16,16,16,16,16,34,34,34,34,26,26,24,24,24,24,24,24,10,8,10,8,8,8]","[1,6,43,26,28,7,11,42,15,39,19,16,0,18,31,35,30,20,36,38,41,14,9,4,10,40,23,22,8,29,33,34,3,25,13,27,37,2,17,21,12,32,24,5]",351bb5031961b56d,9673c4665af7bf98,100,0.01,1.0,138700,1.3341948834045938,0.006670974417022969,2.5851135717656906,3.2375000046158675e-05,0.004138749999583524,15876,16.53641554199976,0.08021379199999501,42.486819250000735,0.9999958392674003,8.321447887649214e-06,1.493028481831542,0.0028846949924310607,2.2575235014699047e-09,2.257523390447602e-09,1.581413531701106,0.4098534311747065,1e-12
success,,B-B_1.70_sto-6g_as-008-010,hamiltonian_generator/b2_active_space_library/B-B/1.70/sto-6g/B-B_1.70_sto-6g_as-008-010.tensors.npz,B-B,1.70,sto-6g,8,10,18,779,1387,fermionic,random_groups,9,3136468736,779,136516,0.45050176384594315,66,"[17,16,20,16,15,11,14,16,10,12,12,12,10,12,13,12,13,10,11,11,8,11,8,9,10,13,9,10,8,8,15,10,12,13,12,10,12,12,10,9,11,8,9,9,10,10,10,13,18,8,18,18,10,9,12,4,6,13,18,32,27,12,5,4,11,2]","[20,10,24,27,62,13,8,18,19,41,11,42,64,0,57,48,36,32,5,33,51,59,53,65,60,47,38,4,16,46,17,3,54,63,26,61,9,7,23,56,40,29,14,44,6,37,34,28,45,52,15,35,12,31,49,50,25,2,39,22,43,30,55,58,1,21]",b2a5d900495e0db4,aa425adaa19034e8,100,0.01,1.0,138700,0.7518375718925022,0.003759187859462511,0.8208978841373853,3.1042000045999885e-05,0.004163458000220999,15876,16.53641554199976,0.08021379199999501,42.79177391699977,0.9999976549574289,4.690079642988287e-06,1.4932331202424918,0.0021656604402020174,0.0,0.0,0.8913058775728078,0.4437446510439737,1e-12
success,,B-B_1.70_sto-6g_as-008-010,hamiltonian_generator/b2_active_space_library/B-B/1.70/sto-6g/B-B_1.70_sto-6g_as-008-010.tensors.npz,B-B,1.70,sto-6g,8,10,18,779,1387,jw,random_groups,10,2899134699,1387,298672,0.31073116581407856,44,"[79,70,46,42,47,39,31,28,33,28,32,28,46,44,110,52,52,24,12,64,16,16,16,16,16,16,34,34,34,34,26,26,24,24,24,24,24,24,10,8,10,8,8,8]","[27,41,36,8,25,24,3,32,16,4,14,15,31,35,21,17,43,22,13,19,10,28,39,11,42,33,29,2,18,6,7,30,0,34,5,37,40,23,26,12,1,9,38,20]",c6b8617364b2391d,23ed1650c32b4ccb,100,0.01,1.0,138700,1.069666445424061,0.005348332227120305,1.6616434163858238,3.287500021542655e-05,0.004437790999872959,15876,16.53641554199976,0.08021379199999501,42.169512458999634,0.9999957729312408,8.454119650336267e-06,1.4937424359376439,0.0029075999584687834,1.2434853147169633e-09,1.2434853147169633e-09,1.6066265623684426,0.4163878681971375,1e-12
success,,B-B_1.70_sto-6g_as-008-010,hamiltonian_generator/b2_active_space_library/B-B/1.70/sto-6g/B-B_1.70_sto-6g_as-008-010.tensors.npz,B-B,1.70,sto-6g,8,10,18,779,1387,fermionic,random_groups,10,1912219540,779,136516,0.45050176384594315,66,"[17,16,20,16,15,11,14,16,10,12,12,12,10,12,13,12,13,10,11,11,8,11,8,9,10,13,9,10,8,8,15,10,12,13,12,10,12,12,10,9,11,8,9,9,10,10,10,13,18,8,18,18,10,9,12,4,6,13,18,32,27,12,5,4,11,2]","[56,0,46,11,28,54,5,59,24,44,17,63,33,38,53,9,64,30,60,22,48,57,50,41,65,13,7,37,39,1,15,27,19,34,35,25,55,29,10,52,12,21,43,62,8,47,42,36,18,58,3,20,61,23,16,2,4,49,32,31,40,14,6,51,45,26]",7ad447ef44c59384,7aaee2fd4a00b702,100,0.01,1.0,138700,1.262997133808852,0.00631498566904426,2.3165720706880104,3.654099964478519e-05,0.004327083000134735,15876,16.53641554199976,0.08021379199999501,42.962003250000635,0.9999903703762735,1.9259154723449967e-05,1.4924253223107808,0.004388535912243597,0.0,0.0,3.6600226667276505,1.8221752172024994,1e-12
success,,B-B_1.70_sto-6g_as-008-010,hamiltonian_generator/b2_active_space_library/B-B/1.70/sto-6g/B-B_1.70_sto-6g_as-008-010.tensors.npz,B-B,1.70,sto-6g,8,10,18,779,1387,jw,random_groups,11,1080384583,1387,298672,0.31073116581407856,44,"[79,70,46,42,47,39,31,28,33,28,32,28,46,44,110,52,52,24,12,64,16,16,16,16,16,16,34,34,34,34,26,26,24,24,24,24,24,24,10,8,10,8,8,8]","[4,26,29,15,41,34,24,1,25,33,10,32,39,43,40,20,27,16,21,3,2,31,37,8,6,23,7,14,30,11,22,9,12,38,35,0,19,18,42,5,28,36,17,13]",871420f8a6b6a5f6,c41dfc4abf2b35f2,100,0.01,1.0,138700,1.6449714073039492,0.008224857036519746,3.929685488182321,3.495800046948716e-05,0.004941250000229047,15876,16.53641554199976,0.08021379199999501,43.59295283400024,0.9999946518032832,1.0696364830420357e-05,1.4937742631982847,0.0032705341205453357,6.403726438009016e-10,6.403724217562967e-10,2.032744338631808,0.5268244043624832,1e-12
success,,B-B_1.70_sto-6g_as-008-010,hamiltonian_generator/b2_active_space_library/B-B/1.70/sto-6g/B-B_1.70_sto-6g_as-008-010.tensors.npz,B-B,1.70,sto-6g,8,10,18,779,1387,fermionic,random_groups,11,1712851842,779,136516,0.45050176384594315,66,"[17,16,20,16,15,11,14,16,10,12,12,12,10,12,13,12,13,10,11,11,8,11,8,9,10,13,9,10,8,8,15,10,12,13,12,10,12,12,10,9,11,8,9,9,10,10,10,13,18,8,18,18,10,9,12,4,6,13,18,32,27,12,5,4,11,2]","[45,17,56,2,37,4,54,22,41,27,42,58,26,20,7,0,9,23,40,48,46,63,31,1,5,19,11,62,44,65,14,49,59,64,21,32,33,12,18,47,13,28,60,29,53,8,24,25,61,3,30,55,50,10,15,35,16,51,43,6,39,38,34,52,36,57]",d86f18c3b439edcf,0361dcbc2c4b9f9c,100,0.01,1.0,138700,0.902787259390643,0.004513936296953215,1.183619002583452,4.033299956063274e-05,0.0050589160000527045,15876,16.53641554199976,0.08021379199999501,43.113477500000045,0.9999967667553493,6.466478847499957e-06,1.4931764575760529,0.002542929275729067,0.0,0.0,1.228893972534901,0.6118159217097694,1e-12
success,,B-B_1.70_sto-6g_as-008-010,hamiltonian_generator/b2_active_space_library/B-B/1.70/sto-6g/B-B_1.70_sto-6g_as-008-010.tensors.npz,B-B,1.70,sto-6g,8,10,18,779,1387,jw,random_groups,12,3061551492,1387,298672,0.31073116581407856,44,"[79,70,46,42,47,39,31,28,33,28,32,28,46,44,110,52,52,24,12,64,16,16,16,16,16,16,34,34,34,34,26,26,24,24,24,24,24,24,10,8,10,8,8,8]","[1,19,43,6,4,36,8,18,2,38,3,14,20,23,12,24,13,39,11,34,25,21,9,37,7,35,5,31,30,28,16,10,33,27,26,17,0,41,42,15,29,40,22,32]",82ca46227a27c0e8,71a155eef6669cc2,100,0.01,1.0,138700,0.8352026076266342,0.004176013038133171,1.013035743913144,3.6499999623629265e-05,0.004218542000671732,15876,16.53641554199976,0.08021379199999501,42.3328764580001,0.9999977657383683,4.468518271516508e-06,1.4933638978540582,0.0021138881861187202,4.087881144698713e-10,4.0878800344756883e-10,0.8492002060985244,0.22008640450253256,1e-12
success,,B-B_1.70_sto-6g_as-008-010,hamiltonian_generator/b2_active_space_library/B-B/1.70/sto-6g/B-B_1.70_sto-6g_as-008-010.tensors.npz,B-B,1.70,sto-6g,8,10,18,779,1387,fermionic,random_groups,12,1608290837,779,136516,0.45050176384594315,66,"[17,16,20,16,15,11,14,16,10,12,12,12,10,12,13,12,13,10,11,11,8,11,8,9,10,13,9,10,8,8,15,10,12,13,12,10,12,12,10,9,11,8,9,9,10,10,10,13,18,8,18,18,10,9,12,4,6,13,18,32,27,12,5,4,11,2]","[32,14,3,53,9,51,1,20,43,55,21,38,28,49,62,33,42,47,56,52,45,46,61,31,65,2,48,18,10,30,29,37,6,19,23,15,24,22,59,16,27,44,25,34,39,7,13,57,50,0,58,54,63,17,26,5,35,8,64,4,36,40,12,41,11,60]",6f7731408304fbe1,0d33e5f4cdba3d9b,100,0.01,1.0,138700,1.1574069688071094,0.005787034844035547,1.9454195324035817,3.541699970810441e-05,0.0041053750001083245,15876,16.53641554199976,0.08021379199999501,42.44804020800075,0.999992398701506,1.5202539208170052e-05,1.4927471031289725,0.0038990507803760405,0.0,0.0,2.889100736387402,1.4383647974927565,1e-12
success,,B-B_1.70_sto-6g_as-008-010,hamiltonian_generator/b2_active_space_library/B-B/1.70/sto-6g/B-B_1.70_sto-6g_as-008-010.tensors.npz,B-B,1.70,sto-6g,8,10,18,779,1387,jw,random_groups,13,4085994837,1387,298672,0.31073116581407856,44,"[79,70,46,42,47,39,31,28,33,28,32,28,46,44,110,52,52,24,12,64,16,16,16,16,16,16,34,34,34,34,26,26,24,24,24,24,24,24,10,8,10,8,8,8]","[40,0,23,39,17,35,29,12,18,20,14,34,30,32,6,11,41,10,19,3,37,7,28,5,31,21,2,4,25,38,1,36,27,42,16,8,9,24,13,15,33,22,43,26]",ba1c989c7c454820,61c5ec73d8bae792,100,0.01,1.0,138700,1.2491113367042168,0.006245556683521084,2.2659138082959123,3.591699987737229e-05,0.004358084000159579,15876,16.53641554199976,0.08021379199999501,42.69686400000046,0.9999907829017042,1.8434111636711492e-05,1.49266570719962,0.004293506328357217,1.2364440582501857e-09,1.2364440582501857e-09,3.503230925768583,0.9079290055012454,1e-12
success,,B-B_1.70_sto-6g_as-008-010,hamiltonian_generator/b2_active_space_library/B-B/1.70/sto-6g/B-B_1.70_sto-6g_as-008-010.tensors.npz,B-B,1.70,sto-6g,8,10,18,779,1387,fermionic,random_groups,13,784840352,779,136516,0.45050176384594315,66,"[17,16,20,16,15,11,14,16,10,12,12,12,10,12,13,12,13,10,11,11,8,11,8,9,10,13,9,10,8,8,15,10,12,13,12,10,12,12,10,9,11,8,9,9,10,10,10,13,18,8,18,18,10,9,12,4,6,13,18,32,27,12,5,4,11,2]","[47,26,39,4,14,25,51,17,56,19,5,8,21,55,22,49,46,11,52,16,3,27,57,23,13,33,64,35,7,41,30,2,48,45,40,60,61,53,43,50,12,9,37,24,59,6,28,1,31,20,44,62,18,10,29,58,65,54,0,15,36,42,32,34,63,38]",f8d7ec9ab073c75b,72d46df149188db6,100,0.01,1.0,138700,0.8248334766293071,0.004124167383146535,0.988037990735459,3.641599960246822e-05,0.004173792000074172,15876,16.53641554199976,0.08021379199999501,41.74268879200008,0.9999979328050486,4.134385629628312e-06,1.493330410111118,0.002033319921428188,0.0,0.0,0.7857014149747714,0.39116851911958384,1e-12
success,,B-B_1.70_sto-6g_as-008-010,hamiltonian_generator/b2_active_space_library/B-B/1.70/sto-6g/B-B_1.70_sto-6g_as-008-010.tensors.npz,B-B,1.70,sto-6g,8,10,18,779,1387,jw,random_groups,14,1689819467,1387,298672,0.31073116581407856,44,"[79,70,46,42,47,39,31,28,33,28,32,28,46,44,110,52,52,24,12,64,16,16,16,16,16,16,34,34,34,34,26,26,24,24,24,24,24,24,10,8,10,8,8,8]","[15,38,2,1,16,29,12,41,0,21,28,32,8,23,27,36,11,30,39,34,43,25,10,9,37,33,35,4,14,31,22,20,3,17,7,26,42,19,6,13,24,18,40,5]",2cb045e8f953f3ba,d944ca5c0438ea25,100,0.01,1.0,138700,1.0474889744060676,0.005237444872030338,1.5934557469508417,3.2124999961524736e-05,0.006285708999712369,15876,16.53641554199976,0.08021379199999501,42.75169712499974,0.9999939997300361,1.2000503924580741e-05,1.4937542143942784,0.0034641795461236072,9.247269616707854e-10,9.247267396261805e-10,2.280583805821967,0.5910567218254126,1e-12
success,,B-B_1.70_sto-6g_as-008-010,hamiltonian_generator/b2_active_space_library/B-B/1.70/sto-6g/B-B_1.70_sto-6g_as-008-010.tensors.npz,B-B,1.70,sto-6g,8,10,18,779,1387,fermionic,random_groups,14,496154559,779,136516,0.45050176384594315,66,"[17,16,20,16,15,11,14,16,10,12,12,12,10,12,13,12,13,10,11,11,8,11,8,9,10,13,9,10,8,8,15,10,12,13,12,10,12,12,10,9,11,8,9,9,10,10,10,13,18,8,18,18,10,9,12,4,6,13,18,32,27,12,5,4,11,2]","[26,15,48,62,33,27,9,7,2,4,32,17,45,20,38,58,24,49,37,60,64,36,14,46,57,6,65,0,29,11,56,41,10,35,3,23,40,30,5,55,21,25,28,50,22,54,42,63,52,16,39,51,43,1,19,59,8,13,53,44,34,47,31,18,12,61]",d25ba88c1d83be27,476f01f1e4c1f8ca,100,0.01,1.0,138700,1.2127349237599696,0.006063674618799848,2.135860355844556,3.924999964510789e-05,0.004584792000059679,15876,16.53641554199976,0.08021379199999501,42.52951829099948,0.9999917376954552,1.65245408237924e-05,1.4925019366874246,0.004065047243208719,0.0,0.0,3.1403348091235714,1.563443941187241,1e-12
success,,B-B_1.70_sto-6g_as-008-010,hamiltonian_generator/b2_active_space_library/B-B/1.70/sto-6g/B-B_1.70_sto-6g_as-008-010.tensors.npz,B-B,1.70,sto-6g,8,10,18,779,1387,jw,random_groups,15,1681282760,1387,298672,0.31073116581407856,44,"[79,70,46,42,47,39,31,28,33,28,32,28,46,44,110,52,52,24,12,64,16,16,16,16,16,16,34,34,34,34,26,26,24,24,24,24,24,24,10,8,10,8,8,8]","[1,34,11,39,43,7,20,25,27,26,0,17,19,23,24,36,8,37,18,4,28,13,42,16,29,21,3,35,14,9,33,38,31,5,40,12,32,10,15,6,2,30,41,22]",b12aac5c34cd24a9,3ebbe0414efe82e6,100,0.01,1.0,138700,0.9421809733177114,0.004710904866588557,1.2891686788444483,3.229199955967488e-05,0.004402707999361155,15876,16.53641554199976,0.08021379199999501,42.68525916599992,0.9999948501498954,1.0299673688152211e-05,1.4934249962908868,0.003209314601150816,2.0455512839134826e-09,2.045551394935785e-09,1.9573568881834422,0.5072863109957598,1e-12
success,,B-B_1.70_sto-6g_as-008-010,hamiltonian_generator/b2_active_space_library/B-B/1.70/sto-6g/B-B_1.70_sto-6g_as-008-010.tensors.npz,B-B,1.70,sto-6g,8,10,18,779,1387,fermionic,random_groups,15,3060556930,779,136516,0.45050176384594315,66,"[17,16,20,16,15,11,14,16,10,12,12,12,10,12,13,12,13,10,11,11,8,11,8,9,10,13,9,10,8,8,15,10,12,13,12,10,12,12,10,9,11,8,9,9,10,10,10,13,18,8,18,18,10,9,12,4,6,13,18,32,27,12,5,4,11,2]","[56,31,64,26,52,59,21,53,61,51,45,1,19,22,41,36,10,42,18,24,40,5,2,62,12,58,15,38,16,11,47,35,8,48,7,27,33,49,17,30,44,14,43,63,57,55,39,4,9,3,6,50,13,28,54,65,23,37,0,34,20,32,46,25,60,29]",c05d166ce3ba062f,f3108b98eff448f0,100,0.01,1.0,138700,1.3751658236934285,0.006875829118467142,2.7463205529670285,3.5583999306254555e-05,0.0043522920004761545,15876,16.53641554199976,0.08021379199999501,42.57474316700063,0.999995842970934,8.314040851109539e-06,1.493080822635947,0.0028834108503563902,0.0,0.0,1.5800058935146033,0.7866201508446661,1e-12
success,,B-B_1.70_sto-6g_as-008-010,hamiltonian_generator/b2_active_space_library/B-B/1.70/sto-6g/B-B_1.70_sto-6g_as-008-010.tensors.npz,B-B,1.70,sto-6g,8,10,18,779,1387,jw,random_groups,16,2087612198,1387,298672,0.31073116581407856,44,"[79,70,46,42,47,39,31,28,33,28,32,28,46,44,110,52,52,24,12,64,16,16,16,16,16,16,34,34,34,34,26,26,24,24,24,24,24,24,10,8,10,8,8,8]","[16,23,33,18,37,36,20,39,13,38,1,27,14,40,35,30,24,11,3,4,12,21,42,15,2,10,32,6,25,8,9,26,41,43,0,19,31,7,17,5,29,34,28,22]",6a0829dc768df67e,1a92d468994e797d,100,0.01,1.0,138700,1.321420096798507,0.006607100483992535,2.5358461483491777,3.6374999581312295e-05,0.0044884170001751045,15876,16.53641554199976,0.08021379199999501,42.252574000000095,0.9999956234351697,8.753110506298789e-06,1.493658745253719,0.002958568853456611,6.804230512358345e-10,6.804231622581369e-10,1.6634469849508884,0.4311139627254685,1e-12
success,,B-B_1.70_sto-6g_as-008-010,hamiltonian_generator/b2_active_space_library/B-B/1.70/sto-6g/B-B_1.70_sto-6g_as-008-010.tensors.npz,B-B,1.70,sto-6g,8,10,18,779,1387,fermionic,random_groups,16,1778194441,779,136516,0.45050176384594315,66,"[17,16,20,16,15,11,14,16,10,12,12,12,10,12,13,12,13,10,11,11,8,11,8,9,10,13,9,10,8,8,15,10,12,13,12,10,12,12,10,9,11,8,9,9,10,10,10,13,18,8,18,18,10,9,12,4,6,13,18,32,27,12,5,4,11,2]","[46,50,55,31,41,20,60,51,17,1,63,15,40,45,24,37,56,32,26,30,61,14,38,5,52,47,54,58,48,16,42,19,49,43,3,29,25,11,4,39,18,62,10,21,28,59,34,12,22,8,27,64,7,44,9,2,35,0,33,57,53,23,13,6,65,36]",30bd7e93c6bf090f,ce7beb862f0a00fb,100,0.01,1.0,138700,1.046931600343617,0.005234658001718085,1.5917604267518424,3.5041999581153505e-05,0.004322707999563136,15876,16.53641554199976,0.08021379199999501,42.37919037499978,0.9999952563261565,9.487325184576179e-06,1.4929051874865336,0.003080153841453464,0.0,0.0,1.8029776343135733,0.8976286382821609,1e-12
success,,B-B_1.70_sto-6g_as-008-010,hamiltonian_generator/b2_active_space_library/B-B/1.70/sto-6g/B-B_1.70_sto-6g_as-008-010.tensors.npz,B-B,1.70,sto-6g,8,10,18,779,1387,jw,random_groups,17,3177386084,1387,298672,0.31073116581407856,44,"[79,70,46,42,47,39,31,28,33,28,32,28,46,44,110,52,52,24,12,64,16,16,16,16,16,16,34,34,34,34,26,26,24,24,24,24,24,24,10,8,10,8,8,8]","[32,1,39,29,3,28,30,2,40,21,18,12,6,5,22,23,0,36,13,31,8,10,9,25,11,4,38,33,41,19,24,17,14,7,43,20,15,37,35,27,42,16,34,26]",938adb59c77e0d89,301cc5f525d22917,100,0.01,1.0,138700,0.974492452027,0.004872462260135,1.3791072618871258,3.387499964446761e-05,0.004313166999963869,15876,16.53641554199976,0.08021379199999501,42.406667666999965,0.9999958033213643,8.393339659296117e-06,1.493314620283021,0.0028971291430362734,1.118173997838312e-09,1.118173997838312e-09,1.5950758921503159,0.41339429205379036,1e-12
success,,B-B_1.70_sto-6g_as-008-010,hamiltonian_generator/b2_active_space_library/B-B/1.70/sto-6g/B-B_1.70_sto-6g_as-008-010.tensors.npz,B-B,1.70,sto-6g,8,10,18,779,1387,fermionic,random_groups,17,3791310055,779,136516,0.45050176384594315,66,"[17,16,20,16,15,11,14,16,10,12,12,12,10,12,13,12,13,10,11,11,8,11,8,9,10,13,9,10,8,8,15,10,12,13,12,10,12,12,10,9,11,8,9,9,10,10,10,13,18,8,18,18,10,9,12,4,6,13,18,32,27,12,5,4,11,2]","[52,44,53,39,49,27,42,43,4,8,63,34,28,54,64,51,9,65,22,12,13,1,40,37,26,50,21,41,6,19,23,59,0,20,25,10,7,11,17,24,55,3,16,62,45,47,31,32,5,30,60,38,46,57,35,2,18,58,33,48,15,61,29,14,36,56]",8a0e3820659008e7,da0df0681840b55e,100,0.01,1.0,138700,0.7978346312764412,0.003989173156382206,0.9244147219857473,3.4084000617440324e-05,0.004200166999908106,15876,16.53641554199976,0.08021379199999501,42.50497695800004,0.9999982359630433,3.5280708016172113e-06,1.4932904011878583,0.0018783167766543872,0.0,0.0,0.6704769388459361,0.33380297689882354,1e-12
success,,B-B_1.70_sto-6g_as-008-010,hamiltonian_generator/b2_active_space_library/B-B/1.70/sto-6g/B-B_1.70_sto-6g_as-008-010.tensors.npz,B-B,1.70,sto-6g,8,10,18,779,1387,jw,random_groups,18,3465520178,1387,298672,0.31073116581407856,44,"[79,70,46,42,47,39,31,28,33,28,32,28,46,44,110,52,52,24,12,64,16,16,16,16,16,16,34,34,34,34,26,26,24,24,24,24,24,24,10,8,10,8,8,8]","[26,18,3,27,14,5,23,12,37,33,24,20,8,15,42,17,28,41,4,35,39,43,2,19,11,1,13,21,0,40,16,9,32,31,30,22,7,25,36,10,29,34,6,38]",2ceb0b4507c9e813,9c384adbe9d7ad14,100,0.01,1.0,138700,1.600571322213249,0.008002856611066245,3.720412960589533,3.8333000702550635e-05,0.004543541999737499,15876,16.53641554199976,0.08021379199999501,42.470750290999604,0.9999756325416191,4.8734322988686074e-05,1.4941713977646025,0.006981039805194984,6.191874790673069e-10,6.191875900896093e-10,9.261503391373427,2.4002949682031773,1e-12
success,,B-B_1.70_sto-6g_as-008-010,hamiltonian_generator/b2_active_space_library/B-B/1.70/sto-6g/B-B_1.70_sto-6g_as-008-010.tensors.npz,B-B,1.70,sto-6g,8,10,18,779,1387,fermionic,random_groups,18,4141611203,779,136516,0.45050176384594315,66,"[17,16,20,16,15,11,14,16,10,12,12,12,10,12,13,12,13,10,11,11,8,11,8,9,10,13,9,10,8,8,15,10,12,13,12,10,12,12,10,9,11,8,9,9,10,10,10,13,18,8,18,18,10,9,12,4,6,13,18,32,27,12,5,4,11,2]","[1,28,40,13,9,44,30,52,34,14,54,53,62,55,65,39,63,49,29,5,51,60,3,57,32,58,27,48,12,35,47,41,17,2,23,50,19,45,61,0,37,25,38,43,15,31,64,59,6,42,22,33,36,56,16,10,21,11,26,4,46,24,8,7,18,20]",c4baafb623a9e9e6,c6ebe9326a96b3e4,100,0.01,1.0,138700,0.9254485509528929,0.004627242754764465,1.2437859469426966,3.3583000004000496e-05,0.004297708000194689,15876,16.53641554199976,0.08021379199999501,42.48286983300022,0.9999968383998638,6.323190276824597e-06,1.493274141480652,0.0025145974374630137,0.0,0.0,1.2016633165645088,0.5982588946157871,1e-12
success,,B-B_1.70_sto-6g_as-008-010,hamiltonian_generator/b2_active_space_library/B-B/1.70/sto-6g/B-B_1.70_sto-6g_as-008-010.tensors.npz,B-B,1.70,sto-6g,8,10,18,779,1387,jw,random_groups,19,2340880662,1387,298672,0.31073116581407856,44,"[79,70,46,42,47,39,31,28,33,28,32,28,46,44,110,52,52,24,12,64,16,16,16,16,16,16,34,34,34,34,26,26,24,24,24,24,24,24,10,8,10,8,8,8]","[8,24,19,23,37,30,5,21,41,25,3,9,38,17,43,33,16,32,1,18,34,13,42,14,31,12,28,10,11,2,4,29,27,26,20,6,22,39,36,0,7,40,15,35]",6d7bd849a32264c0,1dffa99e80c4f810,100,0.01,1.0,138700,1.3169374664333688,0.006584687332166844,2.5186707164137907,3.5666000258061104e-05,0.00458391699976346,15876,16.53641554199976,0.08021379199999501,42.22558050000043,0.9999942412061205,1.151755459538606e-05,1.4938276435982936,0.0033937571744425193,4.52781145909853e-09,4.52781145909853e-09,2.1888037917395624,0.5672701834337289,1e-12
success,,B-B_1.70_sto-6g_as-008-010,hamiltonian_generator/b2_active_space_library/B-B/1.70/sto-6g/B-B_1.70_sto-6g_as-008-010.tensors.npz,B-B,1.70,sto-6g,8,10,18,779,1387,fermionic,random_groups,19,962106099,779,136516,0.45050176384594315,66,"[17,16,20,16,15,11,14,16,10,12,12,12,10,12,13,12,13,10,11,11,8,11,8,9,10,13,9,10,8,8,15,10,12,13,12,10,12,12,10,9,11,8,9,9,10,10,10,13,18,8,18,18,10,9,12,4,6,13,18,32,27,12,5,4,11,2]","[18,64,60,20,51,15,6,49,55,21,36,50,26,27,53,16,8,0,19,17,31,58,34,56,48,3,12,52,13,44,35,57,54,5,61,37,14,59,47,38,43,22,42,65,40,1,10,2,41,32,62,25,33,45,23,39,30,29,4,9,46,7,11,24,28,63]",d0d39e33fc79d754,b329baf3dd52128a,100,0.01,1.0,138700,1.317422780299578,0.00658711390149789,2.5205274044978796,3.3958000130951405e-05,0.004387083000437997,15876,16.53641554199976,0.08021379199999501,42.23584066700005,0.9999960388389606,7.922306388019607e-06,1.493094943808688,0.002814661983045498,0.0,0.0,1.5055604136980985,0.7495567988639341,1e-12
success,,B-B_1.70_sto-6g_as-010-010,hamiltonian_generator/b2_active_space_library/B-B/1.70/sto-6g/B-B_1.70_sto-6g_as-010-010.tensors.npz,B-B,1.70,sto-6g,10,10,20,1228,2238,baseline,jw_raw,-1,-1,,,,,[],[],4f53cda18c2baa0c,8e095cb5eb14e258,100,0.01,1.0,223800,1.2050196477745168,0.006025098238872584,1.0,2.0417000087036286e-05,0.008933749999414431,63504,128.30304612499913,0.7499475829999938,131.17835925000054,0.9999970450687246,5.9098538193191885e-06,1.4354736094965266,0.002431020886559844,0.0,0.0,1.0,,1e-12
success,,B-B_1.70_sto-6g_as-010-010,hamiltonian_generator/b2_active_space_library/B-B/1.70/sto-6g/B-B_1.70_sto-6g_as-010-010.tensors.npz,B-B,1.70,sto-6g,10,10,20,1228,2238,jw,current,-1,-1,2238,733152,0.29288555502689956,54,"[190,58,68,58,80,38,68,38,36,120,44,42,44,42,26,32,28,74,70,72,28,80,74,52,18,52,40,18,22,18,16,16,18,10,12,32,32,28,32,32,32,32,32,32,32,32,28,32,16,32,16,32,16,16]","[0,1,2,3,4,5,6,7,8,9,10,11,12,13,14,15,16,17,18,19,20,21,22,23,24,25,26,27,28,29,30,31,32,33,34,35,36,37,38,39,40,41,42,43,44,45,46,47,48,49,50,51,52,53]",80cca9510ed905d7,6574f287355bb4af,100,0.01,1.0,223800,1.2800247433725558,0.006400123716862779,1.128362055739103,4.4583000089915004e-05,0.010876665999603574,63504,128.30304612499913,0.7499475829999938,129.31991574999938,0.9999987548491129,2.490300223700892e-06,1.435776730360917,0.0015780690017002887,8.875042922795728e-10,8.875044033018753e-10,0.4213810188604247,1.0,1e-12
success,,B-B_1.70_sto-6g_as-010-010,hamiltonian_generator/b2_active_space_library/B-B/1.70/sto-6g/B-B_1.70_sto-6g_as-010-010.tensors.npz,B-B,1.70,sto-6g,10,10,20,1228,2238,fermionic,current,-1,-1,1228,333568,0.44276312820390296,97,"[16,18,16,20,18,16,16,10,13,14,11,10,10,13,12,10,10,12,10,10,10,10,10,12,24,20,12,8,12,12,11,10,12,12,12,12,9,10,12,13,11,14,12,10,9,9,9,10,10,13,13,14,9,10,9,12,12,16,10,10,12,8,8,8,10,10,10,10,10,16,18,17,10,10,9,16,11,17,8,10,12,14,25,18,35,19,22,40,16,22,18,9,7,4,5,3,1]","[0,1,2,3,4,5,6,7,8,9,10,11,12,13,14,15,16,17,18,19,20,21,22,23,24,25,26,27,28,29,30,31,32,33,34,35,36,37,38,39,40,41,42,43,44,45,46,47,48,49,50,51,52,53,54,55,56,57,58,59,60,61,62,63,64,65,66,67,68,69,70,71,72,73,74,75,76,77,78,79,80,81,82,83,84,85,86,87,88,89,90,91,92,93,94,95,96]",3fc3f245791da3a8,69e73f8f17c8301d,100,0.01,1.0,223800,1.3510386662728744,0.006755193331364372,1.2570347998502969,5.545900057768449e-05,0.011642375000519678,63504,128.30304612499913,0.7499475829999938,127.57024883400027,0.9999965693808095,6.861226611865057e-06,1.4360001816841659,0.0026193965681061493,0.0,0.0,1.1609807656216218,1.0,1e-12
success,,B-B_1.70_sto-6g_as-010-010,hamiltonian_generator/b2_active_space_library/B-B/1.70/sto-6g/B-B_1.70_sto-6g_as-010-010.tensors.npz,B-B,1.70,sto-6g,10,10,20,1228,2238,jw,reverse_groups,-1,-1,2238,733152,0.29288555502689956,54,"[190,58,68,58,80,38,68,38,36,120,44,42,44,42,26,32,28,74,70,72,28,80,74,52,18,52,40,18,22,18,16,16,18,10,12,32,32,28,32,32,32,32,32,32,32,32,28,32,16,32,16,32,16,16]","[53,52,51,50,49,48,47,46,45,44,43,42,41,40,39,38,37,36,35,34,33,32,31,30,29,28,27,26,25,24,23,22,21,20,19,18,17,16,15,14,13,12,11,10,9,8,7,6,5,4,3,2,1,0]",f14007b1cdb18ee4,2468c92e576d038f,100,0.01,1.0,223800,1.2800247433725558,0.006400123716862779,1.128362055739103,6.554199990205234e-05,0.012595791999956418,63504,128.30304612499913,0.7499475829999938,115.41130979199988,0.9999987545156109,2.4909672269313177e-06,1.4355990264929412,0.0015782803230525709,8.889176061899207e-10,8.889176061899207e-10,0.421493881758699,1.0002678404893024,1e-12
success,,B-B_1.70_sto-6g_as-010-010,hamiltonian_generator/b2_active_space_library/B-B/1.70/sto-6g/B-B_1.70_sto-6g_as-010-010.tensors.npz,B-B,1.70,sto-6g,10,10,20,1228,2238,fermionic,reverse_groups,-1,-1,1228,333568,0.44276312820390296,97,"[16,18,16,20,18,16,16,10,13,14,11,10,10,13,12,10,10,12,10,10,10,10,10,12,24,20,12,8,12,12,11,10,12,12,12,12,9,10,12,13,11,14,12,10,9,9,9,10,10,13,13,14,9,10,9,12,12,16,10,10,12,8,8,8,10,10,10,10,10,16,18,17,10,10,9,16,11,17,8,10,12,14,25,18,35,19,22,40,16,22,18,9,7,4,5,3,1]","[96,95,94,93,92,91,90,89,88,87,86,85,84,83,82,81,80,79,78,77,76,75,74,73,72,71,70,69,68,67,66,65,64,63,62,61,60,59,58,57,56,55,54,53,52,51,50,49,48,47,46,45,44,43,42,41,40,39,38,37,36,35,34,33,32,31,30,29,28,27,26,25,24,23,22,21,20,19,18,17,16,15,14,13,12,11,10,9,8,7,6,5,4,3,2,1,0]",fea093de5dd5f84c,dc8cdc6d09caf6d5,100,0.01,1.0,223800,2.7419283503816994,0.013709641751908497,5.177545781891289,4.8624999180901796e-05,0.012094833999981347,63504,128.30304612499913,0.7499475829999938,120.83385833400007,0.9999887990737899,2.2401726959442314e-05,1.4348644716834866,0.004733059520035134,0.0,0.0,3.7905720926990676,3.264974067567337,1e-12
success,,B-B_1.70_sto-6g_as-010-010,hamiltonian_generator/b2_active_space_library/B-B/1.70/sto-6g/B-B_1.70_sto-6g_as-010-010.tensors.npz,B-B,1.70,sto-6g,10,10,20,1228,2238,jw,random_groups,0,3254658578,2238,733152,0.29288555502689956,54,"[190,58,68,58,80,38,68,38,36,120,44,42,44,42,26,32,28,74,70,72,28,80,74,52,18,52,40,18,22,18,16,16,18,10,12,32,32,28,32,32,32,32,32,32,32,32,28,32,16,32,16,32,16,16]","[53,36,22,44,42,47,33,48,45,37,7,20,28,27,23,12,35,32,10,15,4,21,38,51,30,46,18,17,29,19,11,52,2,0,25,13,24,14,43,1,50,6,31,3,8,26,40,39,16,49,41,5,34,9]",b96e2dffdf1a586f,78478502d3c9d846,100,0.01,1.0,223800,1.7515225637904905,0.008757612818952452,2.1127261931888817,5.2834000598522834e-05,0.011884583999744791,63504,128.30304612499913,0.7499475829999938,121.31156516599913,0.999996046009472,7.907965421938279e-06,1.4354802603381958,0.0028121132722541404,6.874103508636153e-10,6.874101288190104e-10,1.338098312362195,3.17550685121253,1e-12
success,,B-B_1.70_sto-6g_as-010-010,hamiltonian_generator/b2_active_space_library/B-B/1.70/sto-6g/B-B_1.70_sto-6g_as-010-010.tensors.npz,B-B,1.70,sto-6g,10,10,20,1228,2238,fermionic,random_groups,0,1187415456,1228,333568,0.44276312820390296,97,"[16,18,16,20,18,16,16,10,13,14,11,10,10,13,12,10,10,12,10,10,10,10,10,12,24,20,12,8,12,12,11,10,12,12,12,12,9,10,12,13,11,14,12,10,9,9,9,10,10,13,13,14,9,10,9,12,12,16,10,10,12,8,8,8,10,10,10,10,10,16,18,17,10,10,9,16,11,17,8,10,12,14,25,18,35,19,22,40,16,22,18,9,7,4,5,3,1]","[34,14,67,63,10,82,66,59,28,79,38,95,65,53,57,6,80,54,55,74,12,69,85,26,87,58,46,4,16,72,75,32,23,93,36,19,44,42,11,70,91,71,24,20,18,86,8,21,37,33,15,96,9,48,1,78,43,49,68,90,5,27,77,22,52,3,0,51,30,17,40,94,13,73,60,35,29,76,89,61,39,83,50,62,88,2,45,92,56,25,64,47,41,7,84,31,81]",6d31797b54e6c7cb,973ea144c63b2c79,100,0.01,1.0,223800,1.2608416362435855,0.006304208181217927,1.0947950561956812,5.9333000535843894e-05,0.01179629099988233,63504,128.30304612499913,0.7499475829999938,120.72569875000045,0.999997023930733,5.952129677022633e-06,1.4355552646446728,0.0024397005008912173,0.0,0.0,1.0071534523519423,0.8675022723676943,1e-12
success,,B-B_1.70_sto-6g_as-010-010,hamiltonian_generator/b2_active_space_library/B-B/1.70/sto-6g/B-B_1.70_sto-6g_as-010-010.tensors.npz,B-B,1.70,sto-6g,10,10,20,1228,2238,jw,random_groups,1,2886226909,2238,733152,0.29288555502689956,54,"[190,58,68,58,80,38,68,38,36,120,44,42,44,42,26,32,28,74,70,72,28,80,74,52,18,52,40,18,22,18,16,16,18,10,12,32,32,28,32,32,32,32,32,32,32,32,28,32,16,32,16,32,16,16]","[46,52,51,7,21,39,29,22,25,15,13,5,43,32,28,14,41,34,6,24,38,31,4,19,1,9,42,23,18,11,3,20,33,49,12,0,37,26,35,50,48,17,45,30,47,36,16,10,40,2,27,44,8,53]",c8b996efcbb217b7,408206ba58b59e87,100,0.01,1.0,223800,1.6094627492726559,0.008047313746363279,1.7839127221037396,5.9500000133994035e-05,0.013265208000120765,63504,128.30304612499913,0.7499475829999938,120.1175874999999,0.999995352988892,9.294000621329346e-06,1.4352480326797183,0.0030486098825621083,1.1328229465590312e-09,1.1328229465590312e-09,1.5726278357253867,3.7320803864834096,1e-12
success,,B-B_1.70_sto-6g_as-010-010,hamiltonian_generator/b2_active_space_library/B-B/1.70/sto-6g/B-B_1.70_sto-6g_as-010-010.tensors.npz,B-B,1.70,sto-6g,10,10,20,1228,2238,fermionic,random_groups,1,1859980034,1228,333568,0.44276312820390296,97,"[16,18,16,20,18,16,16,10,13,14,11,10,10,13,12,10,10,12,10,10,10,10,10,12,24,20,12,8,12,12,11,10,12,12,12,12,9,10,12,13,11,14,12,10,9,9,9,10,10,13,13,14,9,10,9,12,12,16,10,10,12,8,8,8,10,10,10,10,10,16,18,17,10,10,9,16,11,17,8,10,12,14,25,18,35,19,22,40,16,22,18,9,7,4,5,3,1]","[77,4,62,92,6,48,59,54,49,63,94,34,18,33,60,13,42,12,21,82,26,20,39,25,65,96,16,45,8,24,47,9,14,75,23,79,46,72,57,31,40,30,56,0,73,36,74,93,90,70,95,3,50,5,29,80,52,43,37,41,44,10,51,53,15,7,78,32,71,91,85,19,64,1,81,69,67,11,68,88,66,55,84,61,2,35,58,17,76,27,28,86,87,89,83,22,38]",34878c84cc7d8db1,59c7a90ff43043e0,100,0.01,1.0,223800,1.3515166038900812,0.006757583019450406,1.2579243235884474,5.6333999964408576e-05,0.01257608300056745,63504,128.30304612499913,0.7499475829999938,120.60045320799964,0.9999972240502923,5.551891709365542e-06,1.4355535824000951,0.0023562468918414585,0.0,0.0,0.939429616891119,0.8091689756704299,1e-12
success,,B-B_1.70_sto-6g_as-010-010,hamiltonian_generator/b2_active_space_library/B-B/1.70/sto-6g/B-B_1.70_sto-6g_as-010-010.tensors.npz,B-B,1.70,sto-6g,10,10,20,1228,2238,jw,random_groups,2,730841937,2238,733152,0.29288555502689956,54,"[190,58,68,58,80,38,68,38,36,120,44,42,44,42,26,32,28,74,70,72,28,80,74,52,18,52,40,18,22,18,16,16,18,10,12,32,32,28,32,32,32,32,32,32,32,32,28,32,16,32,16,32,16,16]","[9,22,1,45,10,5,11,24,0,16,53,7,48,46,38,25,51,17,28,23,18,19,13,47,2,35,32,37,21,8,52,4,34,50,29,26,15,12,20,49,41,36,33,6,42,3,40,43,39,44,31,14,27,30]",d8eee0a27ff7e87b,a1ab8aedb19d7800,100,0.01,1.0,223800,2.3644836025340155,0.011822418012670078,3.85020946152568,5.708299977413844e-05,0.011708916000316094,63504,128.30304612499913,0.7499475829999938,120.92352470900005,0.9999737579992737,5.24833128100477e-05,1.4349301315892236,0.007244584284321296,5.004462400037823e-10,5.004461289814799e-10,8.880644837352973,21.075094605280583,1e-12
success,,B-B_1.70_sto-6g_as-010-010,hamiltonian_generator/b2_active_space_library/B-B/1.70/sto-6g/B-B_1.70_sto-6g_as-010-010.tensors.npz,B-B,1.70,sto-6g,10,10,20,1228,2238,fermionic,random_groups,2,206917096,1228,333568,0.44276312820390296,97,"[16,18,16,20,18,16,16,10,13,14,11,10,10,13,12,10,10,12,10,10,10,10,10,12,24,20,12,8,12,12,11,10,12,12,12,12,9,10,12,13,11,14,12,10,9,9,9,10,10,13,13,14,9,10,9,12,12,16,10,10,12,8,8,8,10,10,10,10,10,16,18,17,10,10,9,16,11,17,8,10,12,14,25,18,35,19,22,40,16,22,18,9,7,4,5,3,1]","[88,95,44,67,45,0,4,84,40,27,5,42,48,38,2,53,56,24,9,74,8,52,55,37,96,59,28,70,63,50,94,15,71,32,81,16,29,78,10,14,7,6,13,36,19,64,76,39,43,17,90,83,87,1,54,41,34,23,58,77,33,20,25,72,93,46,30,18,86,80,57,31,79,21,26,11,75,22,62,60,89,51,61,85,73,65,47,69,35,91,68,12,49,82,92,3,66]",deb7df47bcd398e8,0039ff9748b6c75e,100,0.01,1.0,223800,1.6207167414897163,0.008103583707448582,1.8089475730260296,5.362499996408587e-05,0.012259290999281802,63504,128.30304612499913,0.7499475829999938,120.9096841669998,0.9999950188809875,9.962213213365878e-06,1.4351335648997592,0.003156301320369001,0.0,0.0,1.6856953687753853,1.4519580502031975,1e-12
success,,B-B_1.70_sto-6g_as-010-010,hamiltonian_generator/b2_active_space_library/B-B/1.70/sto-6g/B-B_1.70_sto-6g_as-010-010.tensors.npz,B-B,1.70,sto-6g,10,10,20,1228,2238,jw,random_groups,3,2063350619,2238,733152,0.29288555502689956,54,"[190,58,68,58,80,38,68,38,36,120,44,42,44,42,26,32,28,74,70,72,28,80,74,52,18,52,40,18,22,18,16,16,18,10,12,32,32,28,32,32,32,32,32,32,32,32,28,32,16,32,16,32,16,16]","[31,5,34,13,35,33,20,12,8,19,47,43,32,0,30,28,26,24,38,37,39,4,10,46,2,25,48,49,44,22,51,52,14,17,11,16,41,42,21,7,36,40,9,27,6,15,3,29,23,53,50,1,45,18]",82e80400b71757d4,5db4d9f84f41a5e5,100,0.01,1.0,223800,1.495538324334751,0.007477691621673756,1.540305396772203,4.683299994212575e-05,0.011821875000350701,63504,128.30304612499913,0.7499475829999938,120.57395020900003,0.999989415636116,2.1168615739308727e-05,1.4354114363884216,0.0046009485726346,3.2878266775782095e-09,3.2878264555336045e-09,3.581918671170675,8.500427192609557,1e-12
success,,B-B_1.70_sto-6g_as-010-010,hamiltonian_generator/b2_active_space_library/B-B/1.70/sto-6g/B-B_1.70_sto-6g_as-010-010.tensors.npz,B-B,1.70,sto-6g,10,10,20,1228,2238,fermionic,random_groups,3,37395879,1228,333568,0.44276312820390296,97,"[16,18,16,20,18,16,16,10,13,14,11,10,10,13,12,10,10,12,10,10,10,10,10,12,24,20,12,8,12,12,11,10,12,12,12,12,9,10,12,13,11,14,12,10,9,9,9,10,10,13,13,14,9,10,9,12,12,16,10,10,12,8,8,8,10,10,10,10,10,16,18,17,10,10,9,16,11,17,8,10,12,14,25,18,35,19,22,40,16,22,18,9,7,4,5,3,1]","[29,92,16,22,10,54,94,0,43,51,84,39,35,78,3,56,48,26,60,85,87,77,61,21,37,33,49,30,81,14,70,25,18,52,24,95,20,44,57,6,90,50,75,68,63,53,64,67,38,46,15,1,47,73,86,32,74,55,76,36,19,71,12,27,80,4,83,41,13,11,88,7,93,31,8,34,96,2,28,40,69,42,91,59,17,66,79,9,5,45,65,72,82,62,23,89,58]",6d80f1b49eaba8c3,6a5c44efc9bd56fb,100,0.01,1.0,223800,1.8503157723861698,0.00925157886193085,2.357780901172743,5.554099971050164e-05,0.01208370900076261,63504,128.30304612499913,0.7499475829999938,120.11404141700041,0.9999949066948695,1.0186584319282765e-05,1.435945358556965,0.003191646951197301,0.0,0.0,1.723660961965427,1.4846593612965935,1e-12
success,,B-B_1.70_sto-6g_as-010-010,hamiltonian_generator/b2_active_space_library/B-B/1.70/sto-6g/B-B_1.70_sto-6g_as-010-010.tensors.npz,B-B,1.70,sto-6g,10,10,20,1228,2238,jw,random_groups,4,4157257306,2238,733152,0.29288555502689956,54,"[190,58,68,58,80,38,68,38,36,120,44,42,44,42,26,32,28,74,70,72,28,80,74,52,18,52,40,18,22,18,16,16,18,10,12,32,32,28,32,32,32,32,32,32,32,32,28,32,16,32,16,32,16,16]","[52,24,33,48,35,11,38,50,6,37,5,19,10,21,51,13,8,47,53,26,18,0,3,28,9,7,16,30,45,14,23,29,49,36,1,43,39,41,12,15,46,34,42,32,4,17,20,22,31,2,25,44,27,40]",78d796e5572ccf27,88ab86cb4ee678da,100,0.01,1.0,223800,1.6546204209360893,0.008273102104680446,1.8854217109140188,5.991700072627282e-05,0.011892208000062965,63504,128.30304612499913,0.7499475829999938,120.48650270899998,0.9999928858553889,1.4228238611080357e-05,1.4352554305917185,0.0037720404587108084,1.2874166177567758e-09,1.287416395712171e-09,2.4075449319183737,5.7134631702901455,1e-12
success,,B-B_1.70_sto-6g_as-010-010,hamiltonian_generator/b2_active_space_library/B-B/1.70/sto-6g/B-B_1.70_sto-6g_as-010-010.tensors.npz,B-B,1.70,sto-6g,10,10,20,1228,2238,fermionic,random_groups,4,1833062656,1228,333568,0.44276312820390296,97,"[16,18,16,20,18,16,16,10,13,14,11,10,10,13,12,10,10,12,10,10,10,10,10,12,24,20,12,8,12,12,11,10,12,12,12,12,9,10,12,13,11,14,12,10,9,9,9,10,10,13,13,14,9,10,9,12,12,16,10,10,12,8,8,8,10,10,10,10,10,16,18,17,10,10,9,16,11,17,8,10,12,14,25,18,35,19,22,40,16,22,18,9,7,4,5,3,1]","[22,12,52,89,11,47,10,0,85,16,56,74,49,17,73,45,55,46,37,77,8,9,70,87,62,50,33,42,5,63,71,14,91,84,31,26,25,28,20,29,7,51,38,59,96,32,76,79,44,13,39,48,75,34,68,64,90,69,24,88,1,67,65,57,6,35,72,21,80,92,82,94,4,54,43,40,78,18,93,60,66,3,95,30,27,23,41,61,2,81,58,86,15,53,19,83,36]",0118f5a70afa5069,b9553569923d2f77,100,0.01,1.0,223800,1.52693731193382,0.007634686559669101,1.605662109144125,4.850000004807953e-05,0.01262624999981199,63504,128.30304612499913,0.7499475829999938,120.55019829200046,0.9999958563096907,8.287363448489238e-06,1.435368583541551,0.002878781099466131,0.0,0.0,1.402295843832553,1.207854501432437,1e-12
success,,B-B_1.70_sto-6g_as-010-010,hamiltonian_generator/b2_active_space_library/B-B/1.70/sto-6g/B-B_1.70_sto-6g_as-010-010.tensors.npz,B-B,1.70,sto-6g,10,10,20,1228,2238,jw,random_groups,5,2479830531,2238,733152,0.29288555502689956,54,"[190,58,68,58,80,38,68,38,36,120,44,42,44,42,26,32,28,74,70,72,28,80,74,52,18,52,40,18,22,18,16,16,18,10,12,32,32,28,32,32,32,32,32,32,32,32,28,32,16,32,16,32,16,16]","[7,14,10,31,50,16,6,45,52,26,37,30,17,15,27,13,3,41,2,38,46,35,48,28,29,24,21,23,53,12,36,42,39,0,1,9,40,51,11,20,8,5,44,34,22,25,47,32,49,19,18,33,43,4]",83cbddf595b34ecb,8d4cf6ed714272ad,100,0.01,1.0,223800,2.2490923683404906,0.011245461841702453,3.483584324171768,5.1500000154192094e-05,0.011964958999669761,63504,128.30304612499913,0.7499475829999938,120.34135687499929,0.9999903696501308,1.9260606994864204e-05,1.4349113879588522,0.0043887013726676355,3.40068595505727e-09,3.40068595505727e-09,3.2590665664016396,7.734250999761216,1e-12
success,,B-B_1.70_sto-6g_as-010-010,hamiltonian_generator/b2_active_space_library/B-B/1.70/sto-6g/B-B_1.70_sto-6g_as-010-010.tensors.npz,B-B,1.70,sto-6g,10,10,20,1228,2238,fermionic,random_groups,5,4113447832,1228,333568,0.44276312820390296,97,"[16,18,16,20,18,16,16,10,13,14,11,10,10,13,12,10,10,12,10,10,10,10,10,12,24,20,12,8,12,12,11,10,12,12,12,12,9,10,12,13,11,14,12,10,9,9,9,10,10,13,13,14,9,10,9,12,12,16,10,10,12,8,8,8,10,10,10,10,10,16,18,17,10,10,9,16,11,17,8,10,12,14,25,18,35,19,22,40,16,22,18,9,7,4,5,3,1]","[57,64,32,8,31,40,53,54,80,70,77,59,82,52,84,48,35,6,7,92,30,38,17,49,75,51,28,76,67,23,78,73,88,44,33,19,16,68,72,29,93,58,22,14,42,85,55,90,10,61,74,45,20,9,66,62,0,11,36,37,46,39,47,1,71,34,12,69,81,94,27,21,60,86,15,50,65,25,5,91,18,56,3,89,13,95,79,87,83,4,43,96,2,24,63,26,41]",bfe2491f4935dae9,ae2374aa0564122a,100,0.01,1.0,223800,1.5563641265823895,0.007781820632911948,1.6681464198203417,4.8584000069240574e-05,0.011184124999999767,63504,128.30304612499913,0.7499475829999938,111.37307904099998,0.9999967889953595,6.421998970496112e-06,1.4354685427312457,0.002534168360828917,0.0,0.0,1.086659529462934,0.9359840934841895,1e-12
success,,B-B_1.70_sto-6g_as-010-010,hamiltonian_generator/b2_active_space_library/B-B/1.70/sto-6g/B-B_1.70_sto-6g_as-010-010.tensors.npz,B-B,1.70,sto-6g,10,10,20,1228,2238,jw,random_groups,6,1195444073,2238,733152,0.29288555502689956,54,"[190,58,68,58,80,38,68,38,36,120,44,42,44,42,26,32,28,74,70,72,28,80,74,52,18,52,40,18,22,18,16,16,18,10,12,32,32,28,32,32,32,32,32,32,32,32,28,32,16,32,16,32,16,16]","[0,52,41,14,27,40,1,31,49,5,13,18,16,9,39,10,20,33,36,22,51,32,23,4,53,24,44,25,30,11,26,6,45,46,8,47,3,29,34,12,48,17,21,7,19,50,42,2,15,43,37,28,38,35]",82ea4b8ac5149b0d,fc52d6aca90e0300,100,0.01,1.0,223800,1.1756920055495066,0.005878460027747533,0.9519165422188596,6.08750005994807e-05,0.012265542000022833,63504,128.30304612499913,0.7499475829999938,126.4780406660002,0.9999958791476636,8.241687691312727e-06,1.4357671432509531,0.0028708369289684498,1.188840137444913e-10,1.1888390272218885e-10,1.394567098152381,3.3095157013095258,1e-12
success,,B-B_1.70_sto-6g_as-010-010,hamiltonian_generator/b2_active_space_library/B-B/1.70/sto-6g/B-B_1.70_sto-6g_as-010-010.tensors.npz,B-B,1.70,sto-6g,10,10,20,1228,2238,fermionic,random_groups,6,3578059822,1228,333568,0.44276312820390296,97,"[16,18,16,20,18,16,16,10,13,14,11,10,10,13,12,10,10,12,10,10,10,10,10,12,24,20,12,8,12,12,11,10,12,12,12,12,9,10,12,13,11,14,12,10,9,9,9,10,10,13,13,14,9,10,9,12,12,16,10,10,12,8,8,8,10,10,10,10,10,16,18,17,10,10,9,16,11,17,8,10,12,14,25,18,35,19,22,40,16,22,18,9,7,4,5,3,1]","[74,24,83,27,95,7,75,84,4,62,50,26,11,34,51,31,33,70,73,59,77,15,39,78,28,85,60,64,38,42,18,69,5,3,55,16,96,68,93,40,87,94,1,17,92,9,54,61,19,37,25,48,36,63,52,89,49,30,20,14,2,53,6,46,82,79,56,86,43,29,44,13,21,10,0,23,32,67,80,58,88,72,71,12,22,41,47,76,45,8,57,91,35,65,81,90,66]",25cd79d32845faaf,a61d0fbf8879ab49,100,0.01,1.0,223800,1.3569683539700168,0.006784841769850084,1.2680932267219827,5.812500057800207e-05,0.011670415999105899,63504,128.30304612499913,0.7499475829999938,126.58003166600065,0.9999946847171097,1.0630537528366624e-05,1.435225319057945,0.0032604548425863833,0.0,0.0,1.7987818063478354,1.5493640029296412,1e-12
success,,B-B_1.70_sto-6g_as-010-010,hamiltonian_generator/b2_active_space_library/B-B/1.70/sto-6g/B-B_1.70_sto-6g_as-010-010.tensors.npz,B-B,1.70,sto-6g,10,10,20,1228,2238,jw,random_groups,7,2749083311,2238,733152,0.29288555502689956,54,"[190,58,68,58,80,38,68,38,36,120,44,42,44,42,26,32,28,74,70,72,28,80,74,52,18,52,40,18,22,18,16,16,18,10,12,32,32,28,32,32,32,32,32,32,32,32,28,32,16,32,16,32,16,16]","[19,44,16,7,13,12,17,14,35,45,29,4,32,22,8,20,28,11,21,46,41,26,49,5,24,2,10,18,38,43,34,31,53,3,48,27,40,50,1,6,52,42,51,33,9,37,15,23,30,39,0,25,47,36]",2ddb84b8a99d3a9b,8612e406b7ad0ac4,100,0.01,1.0,223800,1.7077362464831911,0.008538681232415956,2.0084144460807654,5.8292000176152214e-05,0.011641791999863926,63504,128.30304612499913,0.7499475829999938,127.18551624999964,0.9999934865504606,1.3026856653719499e-05,1.4351661845408088,0.003609279578916402,1.016331463432607e-10,1.0163303532095824e-10,2.20426038477212,5.231038623270888,1e-12
success,,B-B_1.70_sto-6g_as-010-010,hamiltonian_generator/b2_active_space_library/B-B/1.70/sto-6g/B-B_1.70_sto-6g_as-010-010.tensors.npz,B-B,1.70,sto-6g,10,10,20,1228,2238,fermionic,random_groups,7,3835772758,1228,333568,0.44276312820390296,97,"[16,18,16,20,18,16,16,10,13,14,11,10,10,13,12,10,10,12,10,10,10,10,10,12,24,20,12,8,12,12,11,10,12,12,12,12,9,10,12,13,11,14,12,10,9,9,9,10,10,13,13,14,9,10,9,12,12,16,10,10,12,8,8,8,10,10,10,10,10,16,18,17,10,10,9,16,11,17,8,10,12,14,25,18,35,19,22,40,16,22,18,9,7,4,5,3,1]","[25,16,87,96,77,10,84,22,85,53,24,55,86,78,11,73,9,45,5,21,79,30,33,81,15,29,28,23,74,63,94,8,6,82,20,61,36,91,39,35,44,31,83,17,2,52,57,90,32,7,70,1,0,88,19,54,41,92,3,58,89,4,62,40,47,80,93,66,95,13,46,27,18,67,56,42,68,51,38,12,72,59,43,26,76,60,34,48,69,75,50,65,37,49,64,14,71]",d533037a86cf81b9,25dd90ac863762ef,100,0.01,1.0,223800,1.5092730401295682,0.007546365200647841,1.5687270040458887,5.5374999647028744e-05,0.011547874999450869,63504,128.30304612499913,0.7499475829999938,126.33472104199973,0.9999975810800148,4.837834119197915e-06,1.4355991608967373,0.0021995090293986793,0.0,0.0,0.8186047010812917,0.7050975565844002,1e-12
success,,B-B_1.70_sto-6g_as-010-010,hamiltonian_generator/b2_active_space_library/B-B/1.70/sto-6g/B-B_1.70_sto-6g_as-010-010.tensors.npz,B-B,1.70,sto-6g,10,10,20,1228,2238,jw,random_groups,8,432512184,2238,733152,0.29288555502689956,54,"[190,58,68,58,80,38,68,38,36,120,44,42,44,42,26,32,28,74,70,72,28,80,74,52,18,52,40,18,22,18,16,16,18,10,12,32,32,28,32,32,32,32,32,32,32,32,28,32,16,32,16,32,16,16]","[1,38,37,16,43,28,3,18,2,42,51,39,40,45,5,34,15,47,21,10,32,44,11,12,17,29,30,53,46,48,36,26,25,27,35,14,31,4,41,9,6,52,0,23,8,19,33,24,49,13,20,7,50,22]",5a3052c7fcb51bbf,12d375b8938e4d49,100,0.01,1.0,223800,1.794753235704311,0.008973766178521555,2.2183048755755577,5.8707999414764345e-05,0.01286745900142705,63504,128.30304612499913,0.7499475829999938,125.95846775000064,0.9999892845161966,2.1430852785164767e-05,1.4354020034872013,0.004629359308453108,3.609142096294704e-09,3.609142096294704e-09,3.626291519277136,8.605730578667293,1e-12
success,,B-B_1.70_sto-6g_as-010-010,hamiltonian_generator/b2_active_space_library/B-B/1.70/sto-6g/B-B_1.70_sto-6g_as-010-010.tensors.npz,B-B,1.70,sto-6g,10,10,20,1228,2238,fermionic,random_groups,8,1485046577,1228,333568,0.44276312820390296,97,"[16,18,16,20,18,16,16,10,13,14,11,10,10,13,12,10,10,12,10,10,10,10,10,12,24,20,12,8,12,12,11,10,12,12,12,12,9,10,12,13,11,14,12,10,9,9,9,10,10,13,13,14,9,10,9,12,12,16,10,10,12,8,8,8,10,10,10,10,10,16,18,17,10,10,9,16,11,17,8,10,12,14,25,18,35,19,22,40,16,22,18,9,7,4,5,3,1]","[54,17,91,85,53,32,92,2,28,76,66,57,12,87,34,84,79,64,5,71,67,60,81,37,72,38,59,19,52,77,27,96,86,55,29,13,61,18,15,3,75,33,78,58,68,70,20,14,65,16,93,47,88,51,11,1,49,50,44,89,7,22,40,42,4,43,46,25,41,31,26,0,39,62,21,74,63,83,45,80,94,8,56,9,10,82,95,23,35,73,30,36,24,69,90,48,6]",8d3a4588a3f5d2f0,e2f34040475d808f,100,0.01,1.0,223800,1.4224077498123016,0.0071120387490615075,1.3933491706556862,5.358400085242465e-05,0.011818666998806293,63504,128.30304612499913,0.7499475829999938,126.38310533299955,0.9999971157066629,5.7685783549921155e-06,1.4356263030557872,0.002401788224243612,0.0,0.0,0.9760949308314113,0.8407503033082402,1e-12
success,,B-B_1.70_sto-6g_as-010-010,hamiltonian_generator/b2_active_space_library/B-B/1.70/sto-6g/B-B_1.70_sto-6g_as-010-010.tensors.npz,B-B,1.70,sto-6g,10,10,20,1228,2238,jw,random_groups,9,3378743344,2238,733152,0.29288555502689956,54,"[190,58,68,58,80,38,68,38,36,120,44,42,44,42,26,32,28,74,70,72,28,80,74,52,18,52,40,18,22,18,16,16,18,10,12,32,32,28,32,32,32,32,32,32,32,32,28,32,16,32,16,32,16,16]","[53,45,19,32,51,41,6,3,29,11,25,43,5,23,52,44,48,0,30,46,28,13,33,38,21,49,40,4,42,16,2,7,18,31,12,24,1,9,27,10,36,37,8,34,15,50,17,20,26,39,35,14,22,47]",843c408e72f172c2,b40da611fa076a1a,100,0.01,1.0,223800,1.7433849486309347,0.008716924743154674,2.093140246025502,5.9250000049360096e-05,0.014886582999679376,63504,128.30304612499913,0.7499475829999938,126.87502275000043,0.9999913848681712,1.7230189437111854e-05,1.4349325484576738,0.004150935275047116,4.90496976368604e-10,4.90496976368604e-10,2.9155017981640636,6.918920567539313,1e-12
success,,B-B_1.70_sto-6g_as-010-010,hamiltonian_generator/b2_active_space_library/B-B/1.70/sto-6g/B-B_1.70_sto-6g_as-010-010.tensors.npz,B-B,1.70,sto-6g,10,10,20,1228,2238,fermionic,random_groups,9,832073125,1228,333568,0.44276312820390296,97,"[16,18,16,20,18,16,16,10,13,14,11,10,10,13,12,10,10,12,10,10,10,10,10,12,24,20,12,8,12,12,11,10,12,12,12,12,9,10,12,13,11,14,12,10,9,9,9,10,10,13,13,14,9,10,9,12,12,16,10,10,12,8,8,8,10,10,10,10,10,16,18,17,10,10,9,16,11,17,8,10,12,14,25,18,35,19,22,40,16,22,18,9,7,4,5,3,1]","[7,65,95,68,83,58,48,64,16,92,85,84,86,51,1,72,33,9,26,29,57,27,93,75,31,11,80,45,39,74,20,54,8,47,24,49,6,55,76,10,53,87,90,32,41,91,5,18,70,42,37,14,62,60,25,78,50,19,43,77,30,52,21,36,13,61,38,0,46,79,63,69,82,4,35,71,2,40,23,89,96,15,56,28,44,81,34,73,22,17,67,59,88,12,3,66,94]",df0c51bcacffb86b,48c8582f71c2af72,100,0.01,1.0,223800,1.4667647142155664,0.007333823571077832,1.4816057372154692,5.6832999689504504e-05,0.013292540999827906,63504,128.30304612499913,0.7499475829999938,126.2156433329983,0.9999972424949097,5.515002576728101e-06,1.4355307710958998,0.0023484058807060107,0.0,0.0,0.9331876464862249,0.8037925124337181,1e-12
success,,B-B_1.70_sto-6g_as-010-010,hamiltonian_generator/b2_active_space_library/B-B/1.70/sto-6g/B-B_1.70_sto-6g_as-010-010.tensors.npz,B-B,1.70,sto-6g,10,10,20,1228,2238,jw,random_groups,10,3022715238,2238,733152,0.29288555502689956,54,"[190,58,68,58,80,38,68,38,36,120,44,42,44,42,26,32,28,74,70,72,28,80,74,52,18,52,40,18,22,18,16,16,18,10,12,32,32,28,32,32,32,32,32,32,32,32,28,32,16,32,16,32,16,16]","[52,1,17,42,20,45,46,36,8,28,32,13,7,18,21,29,51,39,2,53,14,48,41,3,23,47,27,40,10,24,49,4,0,22,30,11,19,37,38,31,33,50,35,44,5,34,43,15,26,9,16,25,12,6]",4e6e2043bc6c2a15,c55463e9548db24d,100,0.01,1.0,223800,1.8051195967778113,0.009025597983889057,2.2440044087710374,5.579200114880223e-05,0.01152212499982852,63504,128.30304612499913,0.7499475829999938,126.72582870799852,0.999994528033626,1.0943902805649053e-05,1.4360025351630092,0.0033081615359638896,3.7421225007605585e-09,3.7421227228051634e-09,1.85180600743011,4.394611822901044,1e-12
success,,B-B_1.70_sto-6g_as-010-010,hamiltonian_generator/b2_active_space_library/B-B/1.70/sto-6g/B-B_1.70_sto-6g_as-010-010.tensors.npz,B-B,1.70,sto-6g,10,10,20,1228,2238,fermionic,random_groups,10,2574259014,1228,333568,0.44276312820390296,97,"[16,18,16,20,18,16,16,10,13,14,11,10,10,13,12,10,10,12,10,10,10,10,10,12,24,20,12,8,12,12,11,10,12,12,12,12,9,10,12,13,11,14,12,10,9,9,9,10,10,13,13,14,9,10,9,12,12,16,10,10,12,8,8,8,10,10,10,10,10,16,18,17,10,10,9,16,11,17,8,10,12,14,25,18,35,19,22,40,16,22,18,9,7,4,5,3,1]","[22,92,62,56,44,78,35,10,2,81,49,24,6,28,95,66,14,85,57,5,17,20,3,7,32,54,50,38,43,46,0,21,68,73,31,36,83,29,26,55,76,88,69,77,72,71,47,80,33,74,12,87,70,48,19,86,11,96,30,89,45,18,79,39,60,15,58,9,91,1,25,41,65,27,8,93,40,82,90,16,52,13,34,64,42,94,51,53,59,75,23,63,61,67,4,37,84]",c4e5934ae440c667,8afb4c587812705e,100,0.01,1.0,223800,1.2711716893118703,0.006355858446559352,1.112807817057883,6.229199971130583e-05,0.011775875000239466,63504,128.30304612499913,0.7499475829999938,126.58045950000087,0.999993479634027,1.3040689430865449e-05,1.4364137451498553,0.0036111953624913483,0.0,0.0,2.206601014095426,1.9006352899515522,1e-12
success,,B-B_1.70_sto-6g_as-010-010,hamiltonian_generator/b2_active_space_library/B-B/1.70/sto-6g/B-B_1.70_sto-6g_as-010-010.tensors.npz,B-B,1.70,sto-6g,10,10,20,1228,2238,jw,random_groups,11,1919849586,2238,733152,0.29288555502689956,54,"[190,58,68,58,80,38,68,38,36,120,44,42,44,42,26,32,28,74,70,72,28,80,74,52,18,52,40,18,22,18,16,16,18,10,12,32,32,28,32,32,32,32,32,32,32,32,28,32,16,32,16,32,16,16]","[50,40,28,47,44,46,10,17,36,21,15,12,32,4,16,8,43,9,22,39,29,37,19,31,23,27,24,51,33,2,35,1,11,3,42,13,53,41,52,7,48,38,34,18,49,6,25,0,30,5,45,20,26,14]",0dce6708bca98de8,8226202496d6b818,100,0.01,1.0,223800,1.7592371639599038,0.00879618581979952,2.1313782304390037,4.787499892699998e-05,0.011970333000135724,63504,128.30304612499913,0.7499475829999938,127.19797491600002,0.9999893071992366,2.13854871907726e-05,1.4364091011630655,0.004624456889923153,8.924898597939546e-10,8.924897487716521e-10,3.618615255907666,8.587513660899544,1e-12
success,,B-B_1.70_sto-6g_as-010-010,hamiltonian_generator/b2_active_space_library/B-B/1.70/sto-6g/B-B_1.70_sto-6g_as-010-010.tensors.npz,B-B,1.70,sto-6g,10,10,20,1228,2238,fermionic,random_groups,11,9640577,1228,333568,0.44276312820390296,97,"[16,18,16,20,18,16,16,10,13,14,11,10,10,13,12,10,10,12,10,10,10,10,10,12,24,20,12,8,12,12,11,10,12,12,12,12,9,10,12,13,11,14,12,10,9,9,9,10,10,13,13,14,9,10,9,12,12,16,10,10,12,8,8,8,10,10,10,10,10,16,18,17,10,10,9,16,11,17,8,10,12,14,25,18,35,19,22,40,16,22,18,9,7,4,5,3,1]","[33,62,4,40,78,24,80,38,46,15,52,42,1,92,59,68,76,73,39,64,3,53,84,50,49,30,21,57,75,12,29,0,27,91,67,66,18,13,81,77,65,2,7,85,89,35,10,26,41,58,47,32,11,23,51,71,56,19,36,61,95,79,20,6,25,87,28,44,69,83,72,86,34,60,22,55,63,8,74,17,45,96,88,16,31,9,82,90,93,48,70,14,94,37,5,54,43]",c3108e98c58fd087,2009147c033d5637,100,0.01,1.0,223800,1.447193207008531,0.0072359660350426545,1.4423304570295792,6.616599966946524e-05,0.011974584000199684,63504,128.30304612499913,0.7499475829999938,126.16868279099981,0.9999958178648365,8.364252836789987e-06,1.4352490065607872,0.002892104826423391,0.0,0.0,1.4153062144189454,1.219060863304786,1e-12
success,,B-B_1.70_sto-6g_as-010-010,hamiltonian_generator/b2_active_space_library/B-B/1.70/sto-6g/B-B_1.70_sto-6g_as-010-010.tensors.npz,B-B,1.70,sto-6g,10,10,20,1228,2238,jw,random_groups,12,3002488163,2238,733152,0.29288555502689956,54,"[190,58,68,58,80,38,68,38,36,120,44,42,44,42,26,32,28,74,70,72,28,80,74,52,18,52,40,18,22,18,16,16,18,10,12,32,32,28,32,32,32,32,32,32,32,32,28,32,16,32,16,32,16,16]","[4,16,26,13,32,53,36,42,52,5,23,20,27,29,38,10,47,50,45,21,31,34,33,44,24,43,51,22,49,8,7,37,48,12,18,15,25,35,14,17,0,1,19,46,11,9,3,39,6,30,28,41,2,40]",7371522ebf64f4f0,19a14c459a6bbe2d,100,0.01,1.0,223800,1.3784815235459578,0.006892407617729789,1.3086202686560715,5.912500091653783e-05,0.011946582999371458,63504,128.30304612499913,0.7499475829999938,125.8673061669997,0.9999960632609931,7.873462515850527e-06,1.4355230974362687,0.0028059718483596364,2.97696534090619e-10,2.97696534090619e-10,1.3322601127818665,3.1616519329342525,1e-12
success,,B-B_1.70_sto-6g_as-010-010,hamiltonian_generator/b2_active_space_library/B-B/1.70/sto-6g/B-B_1.70_sto-6g_as-010-010.tensors.npz,B-B,1.70,sto-6g,10,10,20,1228,2238,fermionic,random_groups,12,3563514761,1228,333568,0.44276312820390296,97,"[16,18,16,20,18,16,16,10,13,14,11,10,10,13,12,10,10,12,10,10,10,10,10,12,24,20,12,8,12,12,11,10,12,12,12,12,9,10,12,13,11,14,12,10,9,9,9,10,10,13,13,14,9,10,9,12,12,16,10,10,12,8,8,8,10,10,10,10,10,16,18,17,10,10,9,16,11,17,8,10,12,14,25,18,35,19,22,40,16,22,18,9,7,4,5,3,1]","[21,55,63,16,60,49,59,10,33,95,65,44,50,46,74,92,29,9,57,80,31,25,37,96,53,73,88,52,93,11,3,6,13,62,91,76,78,77,27,39,85,47,89,70,20,48,66,40,26,43,1,94,90,87,0,17,64,71,23,35,86,41,15,4,79,61,32,69,42,7,68,58,14,84,2,72,51,19,18,12,82,30,81,22,67,36,8,34,45,24,83,56,5,38,28,75,54]",9b04f7d32c13ae0e,c92fe31de8276471,100,0.01,1.0,223800,1.3448032306599857,0.0067240161532999285,1.245458414862851,6.158299947855994e-05,0.011975625000559376,63504,128.30304612499913,0.7499475829999938,127.05233862499881,0.9999964798409244,7.04030575959802e-06,1.4354337632527783,0.0026533597854663934,0.0,0.0,1.1912825553456852,1.0261001651546218,1e-12
success,,B-B_1.70_sto-6g_as-010-010,hamiltonian_generator/b2_active_space_library/B-B/1.70/sto-6g/B-B_1.70_sto-6g_as-010-010.tensors.npz,B-B,1.70,sto-6g,10,10,20,1228,2238,jw,random_groups,13,2314392105,2238,733152,0.29288555502689956,54,"[190,58,68,58,80,38,68,38,36,120,44,42,44,42,26,32,28,74,70,72,28,80,74,52,18,52,40,18,22,18,16,16,18,10,12,32,32,28,32,32,32,32,32,32,32,32,28,32,16,32,16,32,16,16]","[0,34,47,53,12,2,41,29,6,49,25,15,27,9,14,13,18,32,31,36,17,44,50,16,8,51,43,5,42,38,22,21,7,35,37,20,46,33,4,45,23,1,48,19,39,10,24,52,11,3,28,30,40,26]",23229443e1701446,36b9c1380a7779fc,100,0.01,1.0,223800,1.1552920707594405,0.005776460353797202,0.9191689156260642,5.9333000535843894e-05,0.012418250000337139,63504,128.30304612499913,0.7499475829999938,126.99975641700075,0.9999930377510458,1.392444943559834e-05,1.4356133686557109,0.0037315543555589145,2.5250224133799293e-10,2.5250246338259785e-10,2.3561410927085213,5.591474193784113,1e-12
success,,B-B_1.70_sto-6g_as-010-010,hamiltonian_generator/b2_active_space_library/B-B/1.70/sto-6g/B-B_1.70_sto-6g_as-010-010.tensors.npz,B-B,1.70,sto-6g,10,10,20,1228,2238,fermionic,random_groups,13,1048599241,1228,333568,0.44276312820390296,97,"[16,18,16,20,18,16,16,10,13,14,11,10,10,13,12,10,10,12,10,10,10,10,10,12,24,20,12,8,12,12,11,10,12,12,12,12,9,10,12,13,11,14,12,10,9,9,9,10,10,13,13,14,9,10,9,12,12,16,10,10,12,8,8,8,10,10,10,10,10,16,18,17,10,10,9,16,11,17,8,10,12,14,25,18,35,19,22,40,16,22,18,9,7,4,5,3,1]","[89,34,84,83,90,64,67,47,27,33,68,30,63,79,96,49,11,91,24,16,18,65,52,19,37,29,51,41,9,85,58,23,25,28,38,48,44,50,77,88,74,70,40,75,13,1,14,26,86,31,78,69,10,93,5,72,42,7,8,95,3,2,53,57,82,21,73,81,56,32,22,92,20,76,66,54,12,94,55,15,71,80,4,46,17,39,60,43,36,6,61,0,45,35,62,87,59]",cb8b15747cc7d760,2b43dd8e1ecad149,100,0.01,1.0,223800,1.8262376421958717,0.00913118821097936,2.2968166305735087,5.595900074695237e-05,0.012000832999547129,63504,128.30304612499913,0.7499475829999938,126.16309508400082,0.9999938028439935,1.239427360821832e-05,1.4353586868783663,0.0035205556398020706,0.0,0.0,2.097221688919225,1.8064224240582603,1e-12
success,,B-B_1.70_sto-6g_as-010-010,hamiltonian_generator/b2_active_space_library/B-B/1.70/sto-6g/B-B_1.70_sto-6g_as-010-010.tensors.npz,B-B,1.70,sto-6g,10,10,20,1228,2238,jw,random_groups,14,1511997294,2238,733152,0.29288555502689956,54,"[190,58,68,58,80,38,68,38,36,120,44,42,44,42,26,32,28,74,70,72,28,80,74,52,18,52,40,18,22,18,16,16,18,10,12,32,32,28,32,32,32,32,32,32,32,32,28,32,16,32,16,32,16,16]","[10,3,32,23,21,46,37,4,39,19,15,43,29,22,31,24,27,48,2,26,8,14,35,40,30,51,49,53,12,50,11,42,5,16,33,44,47,6,28,7,17,45,0,36,18,38,52,41,9,20,1,25,13,34]",ed7dddae815fc7d5,c90ece640ffe9533,100,0.01,1.0,223800,2.0848730863325473,0.010424365431662736,2.9934429793087953,5.766700087406207e-05,0.011559167000086745,63504,128.30304612499913,0.7499475829999938,127.03661308299888,0.999981257376469,3.748489577604097e-05,1.4359103925475492,0.006122519666112167,7.48900474967229e-09,7.48900474967229e-09,6.342778843954419,15.052360120794518,1e-12
success,,B-B_1.70_sto-6g_as-010-010,hamiltonian_generator/b2_active_space_library/B-B/1.70/sto-6g/B-B_1.70_sto-6g_as-010-010.tensors.npz,B-B,1.70,sto-6g,10,10,20,1228,2238,fermionic,random_groups,14,603156976,1228,333568,0.44276312820390296,97,"[16,18,16,20,18,16,16,10,13,14,11,10,10,13,12,10,10,12,10,10,10,10,10,12,24,20,12,8,12,12,11,10,12,12,12,12,9,10,12,13,11,14,12,10,9,9,9,10,10,13,13,14,9,10,9,12,12,16,10,10,12,8,8,8,10,10,10,10,10,16,18,17,10,10,9,16,11,17,8,10,12,14,25,18,35,19,22,40,16,22,18,9,7,4,5,3,1]","[73,63,85,58,66,18,41,44,88,62,89,65,23,49,87,6,77,14,10,38,25,35,46,96,72,54,12,43,24,32,34,28,60,48,71,30,79,75,91,2,15,90,31,69,9,8,11,36,7,51,33,16,50,47,19,20,56,29,59,27,70,42,17,4,22,45,0,55,67,92,68,76,40,86,5,57,37,3,1,82,53,95,74,78,52,83,84,80,13,26,94,61,21,64,39,93,81]",82bc988ad95b7a0a,83c3f38f6d2e46a7,100,0.01,1.0,223800,1.3420889947160024,0.006710444973580012,1.2404360346432437,5.858300028194208e-05,0.01176083300015307,63504,128.30304612499913,0.7499475829999938,126.61617791699973,0.9999955523871306,8.895205957593078e-06,1.4353974665118803,0.0029824865027156112,0.0,0.0,1.505148220166603,1.2964454405587886,1e-12
success,,B-B_1.70_sto-6g_as-010-010,hamiltonian_generator/b2_active_space_library/B-B/1.70/sto-6g/B-B_1.70_sto-6g_as-010-010.tensors.npz,B-B,1.70,sto-6g,10,10,20,1228,2238,jw,random_groups,15,1417518457,2238,733152,0.29288555502689956,54,"[190,58,68,58,80,38,68,38,36,120,44,42,44,42,26,32,28,74,70,72,28,80,74,52,18,52,40,18,22,18,16,16,18,10,12,32,32,28,32,32,32,32,32,32,32,32,28,32,16,32,16,32,16,16]","[7,13,39,0,4,34,12,51,45,24,8,17,1,40,2,9,41,29,22,48,11,52,20,50,38,14,32,26,33,42,6,44,31,15,46,47,19,43,49,10,30,16,53,3,18,23,5,25,35,36,37,28,21,27]",90c6e9a0a1690181,b3278540b62f729d,100,0.01,1.0,223800,1.4689078493290508,0.007344539246645254,1.4859385398792124,6.312500045169145e-05,0.012446082999304053,63504,128.30304612499913,0.7499475829999938,126.6167146250009,0.9999935635930629,1.2872772446881342e-05,1.4362070702144427,0.0035878703814641037,6.226438253875699e-10,6.226434923206625e-10,2.1781879620779314,5.169164875932437,1e-12
success,,B-B_1.70_sto-6g_as-010-010,hamiltonian_generator/b2_active_space_library/B-B/1.70/sto-6g/B-B_1.70_sto-6g_as-010-010.tensors.npz,B-B,1.70,sto-6g,10,10,20,1228,2238,fermionic,random_groups,15,2656201148,1228,333568,0.44276312820390296,97,"[16,18,16,20,18,16,16,10,13,14,11,10,10,13,12,10,10,12,10,10,10,10,10,12,24,20,12,8,12,12,11,10,12,12,12,12,9,10,12,13,11,14,12,10,9,9,9,10,10,13,13,14,9,10,9,12,12,16,10,10,12,8,8,8,10,10,10,10,10,16,18,17,10,10,9,16,11,17,8,10,12,14,25,18,35,19,22,40,16,22,18,9,7,4,5,3,1]","[87,24,61,94,26,48,92,78,64,60,35,80,0,16,32,71,95,79,89,42,81,22,40,10,4,54,38,55,59,5,20,30,69,50,62,57,7,96,91,9,15,36,90,39,63,13,73,34,66,88,83,93,8,51,17,43,3,11,27,33,67,23,2,25,53,76,21,12,84,49,46,75,45,65,56,19,41,47,82,6,85,86,29,37,44,74,1,68,72,28,31,58,70,77,18,52,14]",8bc164f49aa7db9b,548c626049aa0030,100,0.01,1.0,223800,1.2687314194330366,0.006343657097165183,1.1085394009249492,6.0874999689986e-05,0.012491792000218993,63504,128.30304612499913,0.7499475829999938,126.38395954100088,0.9999966612243872,6.6775400781038385e-06,1.4354386574867826,0.0025840958235948145,0.0,0.0,1.1298993650697586,0.9732283242993941,1e-12
success,,B-B_1.70_sto-6g_as-010-010,hamiltonian_generator/b2_active_space_library/B-B/1.70/sto-6g/B-B_1.70_sto-6g_as-010-010.tensors.npz,B-B,1.70,sto-6g,10,10,20,1228,2238,jw,random_groups,16,3652111456,2238,733152,0.29288555502689956,54,"[190,58,68,58,80,38,68,38,36,120,44,42,44,42,26,32,28,74,70,72,28,80,74,52,18,52,40,18,22,18,16,16,18,10,12,32,32,28,32,32,32,32,32,32,32,32,28,32,16,32,16,32,16,16]","[31,6,4,24,40,36,22,38,42,34,45,44,10,48,17,27,51,37,7,9,53,30,8,49,3,32,12,5,25,23,11,41,39,52,29,18,14,16,28,21,19,43,0,2,47,26,46,13,1,33,15,20,35,50]",f8d2c9ea730c4494,6d7746ee19cd649c,100,0.01,1.0,223800,1.8447441747135536,0.009223720873567768,2.3436029661822095,5.679099922417663e-05,0.011743624998416635,63504,128.30304612499913,0.7499475829999938,126.6052660410005,0.9999926489194354,1.4702107090758254e-05,1.4356594643609741,0.0038343397253241193,3.784200730549969e-10,3.784195179434846e-10,2.4877277070199897,5.90374885358566,1e-12
success,,B-B_1.70_sto-6g_as-010-010,hamiltonian_generator/b2_active_space_library/B-B/1.70/sto-6g/B-B_1.70_sto-6g_as-010-010.tensors.npz,B-B,1.70,sto-6g,10,10,20,1228,2238,fermionic,random_groups,16,292815404,1228,333568,0.44276312820390296,97,"[16,18,16,20,18,16,16,10,13,14,11,10,10,13,12,10,10,12,10,10,10,10,10,12,24,20,12,8,12,12,11,10,12,12,12,12,9,10,12,13,11,14,12,10,9,9,9,10,10,13,13,14,9,10,9,12,12,16,10,10,12,8,8,8,10,10,10,10,10,16,18,17,10,10,9,16,11,17,8,10,12,14,25,18,35,19,22,40,16,22,18,9,7,4,5,3,1]","[82,75,7,42,66,53,10,77,11,96,32,12,79,65,40,87,90,43,34,58,5,46,13,16,49,91,47,23,51,76,30,64,54,80,52,71,38,2,20,62,85,18,3,24,57,8,94,17,19,81,1,70,78,67,36,31,95,37,93,72,45,60,63,69,74,48,27,9,22,61,59,15,21,92,28,84,73,44,33,0,35,89,50,41,88,6,29,14,56,26,39,86,25,4,68,55,83]",397fc5645fb181a8,6f67bf04fa60ed12,100,0.01,1.0,223800,1.3323327898241768,0.006661663949120884,1.2224670905546275,5.824999971082434e-05,0.01196679100030451,63504,128.30304612499913,0.7499475829999938,126.35840816699965,0.99999689486614,6.210258078231945e-06,1.4353726832418847,0.0024920408744791536,0.0,0.0,1.0508310811226398,0.9051235922586498,1e-12
success,,B-B_1.70_sto-6g_as-010-010,hamiltonian_generator/b2_active_space_library/B-B/1.70/sto-6g/B-B_1.70_sto-6g_as-010-010.tensors.npz,B-B,1.70,sto-6g,10,10,20,1228,2238,jw,random_groups,17,1106263217,2238,733152,0.29288555502689956,54,"[190,58,68,58,80,38,68,38,36,120,44,42,44,42,26,32,28,74,70,72,28,80,74,52,18,52,40,18,22,18,16,16,18,10,12,32,32,28,32,32,32,32,32,32,32,32,28,32,16,32,16,32,16,16]","[48,33,11,19,8,22,20,43,44,6,27,18,7,24,9,41,26,45,42,1,40,32,2,50,10,34,35,49,13,17,38,16,31,0,30,4,37,53,39,29,28,15,25,36,5,12,23,52,47,51,14,3,46,21]",f8f99e92517952e9,7fc6a527b92a2dbf,100,0.01,1.0,223800,1.717517658617694,0.00858758829308847,2.0314875526487515,5.52910005353624e-05,0.011851540999487042,63504,128.30304612499913,0.7499475829999938,127.25847162500031,0.9999909539242617,1.8092069644981557e-05,1.4350905671604905,0.004253486978529863,1.797040960482832e-09,1.797040960482832e-09,3.061339619913941,7.265015467932023,1e-12
success,,B-B_1.70_sto-6g_as-010-010,hamiltonian_generator/b2_active_space_library/B-B/1.70/sto-6g/B-B_1.70_sto-6g_as-010-010.tensors.npz,B-B,1.70,sto-6g,10,10,20,1228,2238,fermionic,random_groups,17,2178110212,1228,333568,0.44276312820390296,97,"[16,18,16,20,18,16,16,10,13,14,11,10,10,13,12,10,10,12,10,10,10,10,10,12,24,20,12,8,12,12,11,10,12,12,12,12,9,10,12,13,11,14,12,10,9,9,9,10,10,13,13,14,9,10,9,12,12,16,10,10,12,8,8,8,10,10,10,10,10,16,18,17,10,10,9,16,11,17,8,10,12,14,25,18,35,19,22,40,16,22,18,9,7,4,5,3,1]","[96,47,48,15,64,43,63,33,36,23,9,34,92,6,25,72,5,40,8,84,62,44,46,74,59,91,45,94,28,80,69,71,38,55,87,58,1,7,70,57,93,56,20,18,11,85,21,4,0,49,90,86,52,53,76,68,12,78,89,88,83,32,77,61,50,42,29,37,51,65,16,54,19,3,75,22,41,14,79,66,82,26,60,81,27,73,39,30,31,35,13,10,24,67,95,2,17]",78bd02f80764c0fc,f2e6cda264a1bf3c,100,0.01,1.0,223800,1.179378452220586,0.005896892261102929,0.95789547408138,6.0833999668830074e-05,0.01201954200041655,63504,128.30304612499913,0.7499475829999938,125.7818180000013,0.9999964768916967,7.046204194338657e-06,1.4353961353615057,0.0026544710596712244,0.0,0.0,1.1922806231356793,1.0269598415760994,1e-12
success,,B-B_1.70_sto-6g_as-010-010,hamiltonian_generator/b2_active_space_library/B-B/1.70/sto-6g/B-B_1.70_sto-6g_as-010-010.tensors.npz,B-B,1.70,sto-6g,10,10,20,1228,2238,jw,random_groups,18,2004198734,2238,733152,0.29288555502689956,54,"[190,58,68,58,80,38,68,38,36,120,44,42,44,42,26,32,28,74,70,72,28,80,74,52,18,52,40,18,22,18,16,16,18,10,12,32,32,28,32,32,32,32,32,32,32,32,28,32,16,32,16,32,16,16]","[49,16,20,5,30,37,15,9,46,32,11,26,6,3,43,17,13,35,41,14,22,44,50,33,2,10,19,45,48,34,52,53,31,1,42,47,18,0,29,36,4,21,39,51,23,40,28,7,8,25,24,27,38,12]",7315415de8f61566,4e470b6054c41768,100,0.01,1.0,223800,2.2555601952799176,0.011277800976399587,3.50364896707554,5.8290999731980264e-05,0.011617459000262897,63504,128.30304612499913,0.7499475829999938,119.01223416700122,0.9999840471654989,3.190541450914797e-05,1.4347643315643956,0.0056485103347812165,4.926754559875235e-10,4.926754559875235e-10,5.398680827747352,12.81187473120514,1e-12
success,,B-B_1.70_sto-6g_as-010-010,hamiltonian_generator/b2_active_space_library/B-B/1.70/sto-6g/B-B_1.70_sto-6g_as-010-010.tensors.npz,B-B,1.70,sto-6g,10,10,20,1228,2238,fermionic,random_groups,18,4057069084,1228,333568,0.44276312820390296,97,"[16,18,16,20,18,16,16,10,13,14,11,10,10,13,12,10,10,12,10,10,10,10,10,12,24,20,12,8,12,12,11,10,12,12,12,12,9,10,12,13,11,14,12,10,9,9,9,10,10,13,13,14,9,10,9,12,12,16,10,10,12,8,8,8,10,10,10,10,10,16,18,17,10,10,9,16,11,17,8,10,12,14,25,18,35,19,22,40,16,22,18,9,7,4,5,3,1]","[19,34,21,76,53,15,84,79,22,10,75,18,7,64,37,81,24,78,31,85,20,62,69,90,63,6,73,17,45,87,32,80,16,39,66,57,36,68,47,13,54,11,72,46,35,30,3,65,60,56,71,77,27,95,67,83,93,61,38,25,94,29,40,86,33,82,55,89,44,49,9,8,2,59,0,58,43,51,70,14,4,26,74,50,52,96,48,12,23,41,28,91,42,92,1,88,5]",810eb7145d5a2014,ea753ab9ffa34f29,100,0.01,1.0,223800,1.092305043816726,0.005461525219083631,0.8216741455729546,5.416699968918692e-05,0.010285874999681255,63504,128.30304612499913,0.7499475829999938,91.88714345799963,0.9999981910086416,3.617979444259234e-06,1.43562166027648,0.0019020995549004845,0.0,0.0,0.6121944052883567,0.5273079653137669,1e-12
success,,B-B_1.70_sto-6g_as-010-010,hamiltonian_generator/b2_active_space_library/B-B/1.70/sto-6g/B-B_1.70_sto-6g_as-010-010.tensors.npz,B-B,1.70,sto-6g,10,10,20,1228,2238,jw,random_groups,19,771460460,2238,733152,0.29288555502689956,54,"[190,58,68,58,80,38,68,38,36,120,44,42,44,42,26,32,28,74,70,72,28,80,74,52,18,52,40,18,22,18,16,16,18,10,12,32,32,28,32,32,32,32,32,32,32,32,28,32,16,32,16,32,16,16]","[39,51,47,5,49,31,15,35,45,14,18,40,3,24,10,8,48,22,34,29,44,30,6,23,36,7,32,25,21,46,2,50,52,13,38,41,37,53,20,33,16,1,26,4,42,0,9,43,12,17,27,28,19,11]",147084760bc50667,fd14d364625528ab,100,0.01,1.0,223800,1.724304076744355,0.008621520383721775,2.047573281014218,5.316699935065117e-05,0.010248583999782568,63504,128.30304612499913,0.7499475829999938,91.46045020900056,0.9999941656454513,1.1668675057752154e-05,1.4355523884537957,0.0034159492234827104,2.1522139626029002e-10,2.1522106319338263e-10,1.9744439396466118,4.685649925538323,1e-12
success,,B-B_1.70_sto-6g_as-010-010,hamiltonian_generator/b2_active_space_library/B-B/1.70/sto-6g/B-B_1.70_sto-6g_as-010-010.tensors.npz,B-B,1.70,sto-6g,10,10,20,1228,2238,fermionic,random_groups,19,1457134939,1228,333568,0.44276312820390296,97,"[16,18,16,20,18,16,16,10,13,14,11,10,10,13,12,10,10,12,10,10,10,10,10,12,24,20,12,8,12,12,11,10,12,12,12,12,9,10,12,13,11,14,12,10,9,9,9,10,10,13,13,14,9,10,9,12,12,16,10,10,12,8,8,8,10,10,10,10,10,16,18,17,10,10,9,16,11,17,8,10,12,14,25,18,35,19,22,40,16,22,18,9,7,4,5,3,1]","[54,79,18,32,51,72,30,10,82,56,6,15,96,95,65,16,59,53,12,40,1,19,25,9,37,20,92,63,8,84,58,46,62,88,0,28,26,13,70,60,17,4,41,11,23,50,35,52,2,67,34,91,68,29,38,85,43,44,71,47,24,73,7,14,78,77,87,39,74,76,57,83,86,75,5,3,81,27,42,22,69,36,64,21,49,61,48,33,66,90,93,80,45,89,31,55,94]",477487e8fc2726e6,087c57e8b751c572,100,0.01,1.0,223800,1.3877064887004904,0.006938532443502452,1.3261937649058289,5.1417000577203e-05,0.01024745900031121,63504,128.30304612499913,0.7499475829999938,91.17974870800026,0.9999970014257515,5.997139505442561e-06,1.4357316225619088,0.002448907612981101,0.0,0.0,1.0147695169444018,0.8740622988711323,1e-12
