status,error_message,case_id,tensor_path,molecule,bond_length,basis,active_occupied,active_vacant,n_qubits,number_of_fermionic_terms,number_of_pauli_terms,graph_level,schedule,sample_index,random_seed,graph_vertices,graph_edges,graph_density,number_of_colors,group_sizes,group_order,within_group_order_hash,pauli_order_hash,trotter_steps,trotter_dt,evolution_time,nominal_exponential_count,bch2_hf_state_norm,leading_state_error_norm_estimate,bch_squared_ratio_to_raw,schedule_build_time_seconds,bch_evaluation_time_seconds,exact_sector_dimension,exact_build_time_seconds,exact_evolution_time_seconds,trotter_runtime_seconds,state_overlap_abs,state_infidelity,state_vector_2norm_error,phase_aligned_state_2norm_error,particle_number_leakage,spin_sector_leakage,state_infidelity_ratio_to_raw_jw,state_infidelity_ratio_to_current_coloring,coefficient_tolerance
success,,B-B_1.70_sto-6g_as-006-002,hamiltonian_generator/b2_controlled_active_space_libraries/occ-006/B-B/1.70/sto-6g/B-B_1.70_sto-6g_as-006-002.tensors.npz,B-B,1.70,sto-6g,6,2,8,70,104,baseline,jw_raw,-1,-1,,,,,[],[],4f53cda18c2baa0c,c2f5af512fae07b0,100,0.01,1.0,10400,0.35371227010803846,0.0017685613505401922,1.0,1.4999986888142303e-06,3.699999979289714e-05,16,0.008335040998645127,0.0002640000002429588,0.007123833000150626,0.9999984453785973,3.109240388599055e-06,0.1849692322792116,0.0017633045129652328,0.0,0.0,1.0,,1e-12
success,,B-B_1.70_sto-6g_as-006-002,hamiltonian_generator/b2_controlled_active_space_libraries/occ-006/B-B/1.70/sto-6g/B-B_1.70_sto-6g_as-006-002.tensors.npz,B-B,1.70,sto-6g,6,2,8,70,104,jw,current,-1,-1,104,2136,0.3988050784167289,8,"[20,16,16,8,8,12,20,4]","[0,1,2,3,4,5,6,7]",92b15899e9f2e955,3f55dde71b104eeb,100,0.01,1.0,10400,0.03838935267507114,0.0001919467633753557,0.011779350023636516,1.5829991752980277e-06,8.637499922770076e-05,16,0.008335040998645127,0.0002640000002429588,0.007326582999667153,0.9999999823427143,3.5314571156241925e-08,0.18489952494906808,0.0001879217163855972,0.0,0.0,0.011357941729347527,1.0,1e-12
success,,B-B_1.70_sto-6g_as-006-002,hamiltonian_generator/b2_controlled_active_space_libraries/occ-006/B-B/1.70/sto-6g/B-B_1.70_sto-6g_as-006-002.tensors.npz,B-B,1.70,sto-6g,6,2,8,70,104,fermionic,current,-1,-1,70,1024,0.4240165631469979,8,"[8,8,4,4,8,21,13,4]","[0,1,2,3,4,5,6,7]",41213733e1e32a9e,f7ac58d8906867c7,100,0.01,1.0,10400,0.06607728511258003,0.00033038642556290014,0.034898288690217945,1.4999986888142303e-06,3.0499999411404133e-05,16,0.008335040998645127,0.0002640000002429588,0.007274208999660914,0.9999999492620931,1.0147581119834825e-07,0.1849458042490569,0.00031855268599065555,0.0,0.0,0.03263684968535697,1.0,1e-12
success,,B-B_1.70_sto-6g_as-006-002,hamiltonian_generator/b2_controlled_active_space_libraries/occ-006/B-B/1.70/sto-6g/B-B_1.70_sto-6g_as-006-002.tensors.npz,B-B,1.70,sto-6g,6,2,8,70,104,jw,reverse_groups,-1,-1,104,2136,0.3988050784167289,8,"[20,16,16,8,8,12,20,4]","[7,6,5,4,3,2,1,0]",a1cd7565bf6bafa1,c99a41c9a2e46979,100,0.01,1.0,10400,0.03838935267507114,0.0001919467633753557,0.011779350023636516,1.3330009096534923e-06,0.00012324999988777563,16,0.008335040998645127,0.0002640000002429588,0.0072231670001201564,0.999999982348676,3.5302647583002056e-08,0.18492576801056373,0.00018788998886600894,0.0,0.0,0.011354106846305485,0.9996623610920513,1e-12
success,,B-B_1.70_sto-6g_as-006-002,hamiltonian_generator/b2_controlled_active_space_libraries/occ-006/B-B/1.70/sto-6g/B-B_1.70_sto-6g_as-006-002.tensors.npz,B-B,1.70,sto-6g,6,2,8,70,104,fermionic,reverse_groups,-1,-1,70,1024,0.4240165631469979,8,"[8,8,4,4,8,21,13,4]","[7,6,5,4,3,2,1,0]",b880b147d9ed434b,6bfa0f2409312e30,100,0.01,1.0,10400,0.04468603650954867,0.00022343018254774335,0.015960387118667763,1.3330009096534923e-06,3.549999928509351e-05,16,0.008335040998645127,0.0002640000002429588,0.0071465410001110286,0.9999999762455982,4.750880300274929e-08,0.18493292610674553,0.000217965142988187,0.0,0.0,0.015279874524000878,0.46817859785212146,1e-12
success,,B-B_1.70_sto-6g_as-006-002,hamiltonian_generator/b2_controlled_active_space_libraries/occ-006/B-B/1.70/sto-6g/B-B_1.70_sto-6g_as-006-002.tensors.npz,B-B,1.70,sto-6g,6,2,8,70,104,jw,random_groups,0,299304334,104,2136,0.3988050784167289,8,"[20,16,16,8,8,12,20,4]","[7,5,6,1,0,2,3,4]",a97762b6d3bb059b,e2c83fb9a0b943a8,100,0.01,1.0,10400,0.0889084462842985,0.0004445422314214925,0.06318089745330226,1.708000127109699e-06,3.895900044881273e-05,16,0.008335040998645127,0.0002640000002429588,0.007322749999730149,0.9999999065225846,1.8695482195685287e-07,0.18496204250391965,0.000432382736389434,0.0,0.0,0.060128776997229856,5.293985339074639,1e-12
success,,B-B_1.70_sto-6g_as-006-002,hamiltonian_generator/b2_controlled_active_space_libraries/occ-006/B-B/1.70/sto-6g/B-B_1.70_sto-6g_as-006-002.tensors.npz,B-B,1.70,sto-6g,6,2,8,70,104,fermionic,random_groups,0,1678065010,70,1024,0.4240165631469979,8,"[8,8,4,4,8,21,13,4]","[6,4,5,3,0,7,1,2]",3f6e679416d30c04,023116de9fb7918a,100,0.01,1.0,10400,0.042974707257820786,0.00021487353628910392,0.014761333859526658,1.3749995559919626e-06,3.095799911534414e-05,16,0.008335040998645127,0.0002640000002429588,0.007332790999498684,0.9999999750549491,4.989010116140946e-08,0.18493743011150557,0.0002233609227853952,0.0,0.0,0.016045752314406504,0.4916452558717908,1e-12
success,,B-B_1.70_sto-6g_as-006-002,hamiltonian_generator/b2_controlled_active_space_libraries/occ-006/B-B/1.70/sto-6g/B-B_1.70_sto-6g_as-006-002.tensors.npz,B-B,1.70,sto-6g,6,2,8,70,104,jw,random_groups,1,1567438901,104,2136,0.3988050784167289,8,"[20,16,16,8,8,12,20,4]","[0,1,3,5,7,2,6,4]",1d4f86b5f72d7cb7,261dfd6e7e0f62b8,100,0.01,1.0,10400,0.05792561431021059,0.00028962807155105295,0.02681890521732811,1.3749995559919626e-06,3.395899875613395e-05,16,0.008335040998645127,0.0002640000002429588,0.007061374999466352,0.9999999591220109,8.175597654425104e-08,0.18492501942911588,0.0002859300232742018,0.0,0.0,0.02629451773623982,2.3150777106293843,1e-12
success,,B-B_1.70_sto-6g_as-006-002,hamiltonian_generator/b2_controlled_active_space_libraries/occ-006/B-B/1.70/sto-6g/B-B_1.70_sto-6g_as-006-002.tensors.npz,B-B,1.70,sto-6g,6,2,8,70,104,fermionic,random_groups,1,2799076743,70,1024,0.4240165631469979,8,"[8,8,4,4,8,21,13,4]","[4,2,0,5,1,7,6,3]",725cc71675a16b2d,5aba67e52c38ddb8,100,0.01,1.0,10400,0.09241474803676984,0.00046207374018384924,0.06826251994902122,1.0830008250195533e-06,2.804200084938202e-05,16,0.008335040998645127,0.0002640000002429588,0.007217791000584839,0.9999998993988511,2.0120228760855952e-07,0.18484899452535267,0.0004485557910802056,0.0,0.0,0.0647110748806451,1.98276106623363,1e-12
success,,B-B_1.70_sto-6g_as-006-002,hamiltonian_generator/b2_controlled_active_space_libraries/occ-006/B-B/1.70/sto-6g/B-B_1.70_sto-6g_as-006-002.tensors.npz,B-B,1.70,sto-6g,6,2,8,70,104,jw,random_groups,2,1539323263,104,2136,0.3988050784167289,8,"[20,16,16,8,8,12,20,4]","[4,7,3,2,1,5,0,6]",3781b08cbc213a96,b283245ec6cb9ac3,100,0.01,1.0,10400,0.44225295663858805,0.0022112647831929403,1.5632960802878137,1.625001459615305e-06,3.8750000385334715e-05,16,0.008335040998645127,0.0002640000002429588,0.007311166998988483,0.9999976605524157,4.6788896955751724e-06,0.18464402579088218,0.002163075395967884,0.0,0.0,1.5048336927346302,132.49176026729603,1e-12
success,,B-B_1.70_sto-6g_as-006-002,hamiltonian_generator/b2_controlled_active_space_libraries/occ-006/B-B/1.70/sto-6g/B-B_1.70_sto-6g_as-006-002.tensors.npz,B-B,1.70,sto-6g,6,2,8,70,104,fermionic,random_groups,2,2097567926,70,1024,0.4240165631469979,8,"[8,8,4,4,8,21,13,4]","[6,2,3,5,1,0,4,7]",79a1dd8c052bcde8,eb78ec71abd96ab7,100,0.01,1.0,10400,0.1061670842701318,0.000530835421350659,0.09009061038625218,1.3329990906640887e-06,3.0125000193947926e-05,16,0.008335040998645127,0.0002640000002429588,0.0073493340005370555,0.9999998645252856,2.7094941057459465e-07,0.18485928779128377,0.0005205280289218579,0.0,0.0,0.08714328154494275,2.6700886386114937,1e-12
success,,B-B_1.70_sto-6g_as-006-002,hamiltonian_generator/b2_controlled_active_space_libraries/occ-006/B-B/1.70/sto-6g/B-B_1.70_sto-6g_as-006-002.tensors.npz,B-B,1.70,sto-6g,6,2,8,70,104,jw,random_groups,3,2473365098,104,2136,0.3988050784167289,8,"[20,16,16,8,8,12,20,4]","[4,5,7,0,1,6,3,2]",5a6bfa72cc8f3b15,bd908cb980e4cae7,100,0.01,1.0,10400,0.07666867783421853,0.00038334338917109267,0.04698245393060237,1.0830008250195533e-06,2.791699989757035e-05,16,0.008335040998645127,0.0002640000002429588,0.007066582998959348,0.9999999303079766,1.393840418639769e-07,0.18495382264763569,0.0003733417291824719,0.0,0.0,0.044828969279785996,3.946927211640243,1e-12
success,,B-B_1.70_sto-6g_as-006-002,hamiltonian_generator/b2_controlled_active_space_libraries/occ-006/B-B/1.70/sto-6g/B-B_1.70_sto-6g_as-006-002.tensors.npz,B-B,1.70,sto-6g,6,2,8,70,104,fermionic,random_groups,3,3055152513,70,1024,0.4240165631469979,8,"[8,8,4,4,8,21,13,4]","[1,0,4,7,6,5,3,2]",cda2d6122b359d90,4fc82c5729de514b,100,0.01,1.0,10400,0.05385499481154933,0.00026927497405774664,0.023182043994313853,1.0830008250195533e-06,2.7333000616636127e-05,16,0.008335040998645127,0.0002640000002429588,0.007055500000205939,0.9999999652763494,6.944730002178545e-08,0.18490193873762997,0.00026352855868582966,0.0,0.0,0.022335777020147565,0.6843729476184356,1e-12
success,,B-B_1.70_sto-6g_as-006-002,hamiltonian_generator/b2_controlled_active_space_libraries/occ-006/B-B/1.70/sto-6g/B-B_1.70_sto-6g_as-006-002.tensors.npz,B-B,1.70,sto-6g,6,2,8,70,104,jw,random_groups,4,2504170855,104,2136,0.3988050784167289,8,"[20,16,16,8,8,12,20,4]","[4,0,2,7,3,1,6,5]",2ffffc17c28ca424,8bbcf543abe61754,100,0.01,1.0,10400,0.09164229385527868,0.0004582114692763934,0.06712613645941089,1.541999154142104e-06,3.124999966530595e-05,16,0.008335040998645127,0.0002640000002429588,0.007172542000262183,0.9999998902099175,2.1958015283818355e-07,0.184874219217141,0.00046859381658277834,0.0,0.0,0.0706217999879774,6.217834328688211,1e-12
success,,B-B_1.70_sto-6g_as-006-002,hamiltonian_generator/b2_controlled_active_space_libraries/occ-006/B-B/1.70/sto-6g/B-B_1.70_sto-6g_as-006-002.tensors.npz,B-B,1.70,sto-6g,6,2,8,70,104,fermionic,random_groups,4,3155493839,70,1024,0.4240165631469979,8,"[8,8,4,4,8,21,13,4]","[1,3,6,4,0,5,7,2]",f1d7b212a55ffb37,229e53b99c22799b,100,0.01,1.0,10400,0.05467840740752731,0.00027339203703763654,0.023896344030782567,1.1249994713580236e-06,2.725000013015233e-05,16,0.008335040998645127,0.0002640000002429588,0.007318458001464023,0.9999999639715094,7.205697993839522e-08,0.18489397852366815,0.00026843431462959957,0.0,0.0,0.023175107400062518,0.710090208567538,1e-12
success,,B-B_1.70_sto-6g_as-006-002,hamiltonian_generator/b2_controlled_active_space_libraries/occ-006/B-B/1.70/sto-6g/B-B_1.70_sto-6g_as-006-002.tensors.npz,B-B,1.70,sto-6g,6,2,8,70,104,jw,random_groups,5,1664486509,104,2136,0.3988050784167289,8,"[20,16,16,8,8,12,20,4]","[5,3,4,0,1,7,6,2]",88007e04f5b0e6da,d77ad05020f81789,100,0.01,1.0,10400,0.07889463542280432,0.00039447317711402164,0.04975018455212985,1.1660013115033507e-06,2.7207999664824456e-05,16,0.008335040998645127,0.0002640000002429588,0.007028792000710382,0.9999999099068673,1.801862573591606e-07,0.1849210813115422,0.0004244835279063119,0.0,0.0,0.05795185795857617,5.102320415048061,1e-12
success,,B-B_1.70_sto-6g_as-006-002,hamiltonian_generator/b2_controlled_active_space_libraries/occ-006/B-B/1.70/sto-6g/B-B_1.70_sto-6g_as-006-002.tensors.npz,B-B,1.70,sto-6g,6,2,8,70,104,fermionic,random_groups,5,3518559737,70,1024,0.4240165631469979,8,"[8,8,4,4,8,21,13,4]","[3,6,4,5,1,0,7,2]",7db3aaec6f788f6f,09e96efdbba5c3e2,100,0.01,1.0,10400,0.1040623780966005,0.0005203118904830025,0.08655401966214492,1.1249994713580236e-06,3.000000106112566e-05,16,0.008335040998645127,0.0002640000002429588,0.00708508300158428,0.9999998715443853,2.5691121285920104e-07,0.18484355146443895,0.00050686411334945,0.0,0.0,0.08262828882618456,2.5317483036132935,1e-12
success,,B-B_1.70_sto-6g_as-006-002,hamiltonian_generator/b2_controlled_active_space_libraries/occ-006/B-B/1.70/sto-6g/B-B_1.70_sto-6g_as-006-002.tensors.npz,B-B,1.70,sto-6g,6,2,8,70,104,jw,random_groups,6,2479720512,104,2136,0.3988050784167289,8,"[20,16,16,8,8,12,20,4]","[2,1,0,5,7,3,4,6]",37f584ec802d86bc,c5ff9100698077c3,100,0.01,1.0,10400,0.08709302702051806,0.0004354651351025903,0.06062706152942437,1.1669999366858974e-06,2.7624999347608536e-05,16,0.008335040998645127,0.0002640000002429588,0.007151292000344256,0.9999999091252522,1.8174948746008113e-07,0.18486691161537286,0.000426320883461896,0.0,0.0,0.05845462709365256,5.146586281791971,1e-12
success,,B-B_1.70_sto-6g_as-006-002,hamiltonian_generator/b2_controlled_active_space_libraries/occ-006/B-B/1.70/sto-6g/B-B_1.70_sto-6g_as-006-002.tensors.npz,B-B,1.70,sto-6g,6,2,8,70,104,fermionic,random_groups,6,1862060574,70,1024,0.4240165631469979,8,"[8,8,4,4,8,21,13,4]","[5,6,7,2,1,4,0,3]",703a86994f272880,0af5901bfe0c0935,100,0.01,1.0,10400,0.036535822382284436,0.00018267911191142218,0.01066933922587587,1.1669999366858974e-06,2.725000013015233e-05,16,0.008335040998645127,0.0002640000002429588,0.007249083999340655,0.9999999842046902,3.15906194536808e-08,0.18492695740632428,0.00017773750216464,0.0,0.0,0.01016023706932314,0.31131181983785916,1e-12
success,,B-B_1.70_sto-6g_as-006-002,hamiltonian_generator/b2_controlled_active_space_libraries/occ-006/B-B/1.70/sto-6g/B-B_1.70_sto-6g_as-006-002.tensors.npz,B-B,1.70,sto-6g,6,2,8,70,104,jw,random_groups,7,838226543,104,2136,0.3988050784167289,8,"[20,16,16,8,8,12,20,4]","[7,3,1,5,0,4,6,2]",313d283b10d643cf,07f17f6fa150dfa1,100,0.01,1.0,10400,0.10179723357380004,0.0005089861678690002,0.08282695596933878,1.1669999366858974e-06,2.7457999749458395e-05,16,0.008335040998645127,0.0002640000002429588,0.007230666000396013,0.9999998577682654,2.844634490184461e-07,0.18495559003386636,0.000533351168766419,0.0,0.0,0.09148969312939427,8.055129644924673,1e-12
success,,B-B_1.70_sto-6g_as-006-002,hamiltonian_generator/b2_controlled_active_space_libraries/occ-006/B-B/1.70/sto-6g/B-B_1.70_sto-6g_as-006-002.tensors.npz,B-B,1.70,sto-6g,6,2,8,70,104,fermionic,random_groups,7,3186091825,70,1024,0.4240165631469979,8,"[8,8,4,4,8,21,13,4]","[2,4,1,3,5,7,0,6]",cd259a093142c4da,98249e77f3839f57,100,0.01,1.0,10400,0.06139468437509759,0.00030697342187548793,0.030127374845230818,1.040998540702276e-06,6.075000055716373e-05,16,0.008335040998645127,0.0002640000002429588,0.007168166999690584,0.9999999556415516,8.871689471945388e-08,0.18489770505741226,0.00029785381769897683,0.0,0.0,0.028533301910254504,0.8742664253853035,1e-12
success,,B-B_1.70_sto-6g_as-006-002,hamiltonian_generator/b2_controlled_active_space_libraries/occ-006/B-B/1.70/sto-6g/B-B_1.70_sto-6g_as-006-002.tensors.npz,B-B,1.70,sto-6g,6,2,8,70,104,jw,random_groups,8,2949532850,104,2136,0.3988050784167289,8,"[20,16,16,8,8,12,20,4]","[4,0,7,1,5,6,2,3]",ce0918eb0797d2b5,b18c34e959fa0a92,100,0.01,1.0,10400,0.07479379178320564,0.0003739689589160282,0.044712695380900454,1.3330009096534923e-06,2.762500116659794e-05,16,0.008335040998645127,0.0002640000002429588,0.007175208000262501,0.9999999233188891,1.5336221592665567e-07,0.18492240226066903,0.00039161488966947837,0.0,0.0,0.04932465707347794,4.342746093337412,1e-12
success,,B-B_1.70_sto-6g_as-006-002,hamiltonian_generator/b2_controlled_active_space_libraries/occ-006/B-B/1.70/sto-6g/B-B_1.70_sto-6g_as-006-002.tensors.npz,B-B,1.70,sto-6g,6,2,8,70,104,fermionic,random_groups,8,2315307175,70,1024,0.4240165631469979,8,"[8,8,4,4,8,21,13,4]","[7,3,6,1,2,5,0,4]",f1fc41f1fbbeb452,5d7e91381e207102,100,0.01,1.0,10400,0.10955562651310169,0.0005477781325655084,0.09593324223881003,1.1669999366858974e-06,2.595799924165476e-05,16,0.008335040998645127,0.0002640000002429588,0.0072739160004857695,0.9999998525513385,2.948973012451006e-07,0.18485761243286994,0.0005430444944988135,0.0,0.0,0.09484544917351144,2.906084689174682,1e-12
success,,B-B_1.70_sto-6g_as-006-002,hamiltonian_generator/b2_controlled_active_space_libraries/occ-006/B-B/1.70/sto-6g/B-B_1.70_sto-6g_as-006-002.tensors.npz,B-B,1.70,sto-6g,6,2,8,70,104,jw,random_groups,9,189634921,104,2136,0.3988050784167289,8,"[20,16,16,8,8,12,20,4]","[2,4,7,6,3,1,0,5]",be398b46972cf815,67a6dcc867541907,100,0.01,1.0,10400,0.07843338353733749,0.00039216691768668744,0.04917016320517881,1.2500004231696948e-06,2.7165999199496582e-05,16,0.008335040998645127,0.0002640000002429588,0.007085208999342285,0.9999999130514986,1.7389699524805735e-07,0.18490126375203172,0.0004170095955701426,0.0,0.0,0.055929093126958554,4.924227862733672,1e-12
success,,B-B_1.70_sto-6g_as-006-002,hamiltonian_generator/b2_controlled_active_space_libraries/occ-006/B-B/1.70/sto-6g/B-B_1.70_sto-6g_as-006-002.tensors.npz,B-B,1.70,sto-6g,6,2,8,70,104,fermionic,random_groups,9,1370116504,70,1024,0.4240165631469979,8,"[8,8,4,4,8,21,13,4]","[1,4,0,2,3,5,6,7]",1dd948e5a3d1010b,61d416bf16cb4838,100,0.01,1.0,10400,0.05341024506543241,0.00026705122532716207,0.02280073726826484,1.0839994502021e-06,2.7459000193630345e-05,16,0.008335040998645127,0.0002640000002429588,0.007135458999982802,0.9999999657558588,6.848828115746386e-08,0.18489428695594726,0.0002617026602438523,0.0,0.0,0.02202733548959299,0.6749222336699946,1e-12
success,,B-B_1.70_sto-6g_as-006-002,hamiltonian_generator/b2_controlled_active_space_libraries/occ-006/B-B/1.70/sto-6g/B-B_1.70_sto-6g_as-006-002.tensors.npz,B-B,1.70,sto-6g,6,2,8,70,104,jw,random_groups,10,1134087275,104,2136,0.3988050784167289,8,"[20,16,16,8,8,12,20,4]","[1,5,2,4,6,0,3,7]",571106edcb99e824,be055236a1217bd2,100,0.01,1.0,10400,0.4275119790163112,0.002137559895081556,1.4608187197313007,1.2090004020137712e-06,2.750000021478627e-05,16,0.008335040998645127,0.0002640000002429588,0.007279624998773215,0.9999977949180944,4.410158948919829e-06,0.18519498102267243,0.002100039002317002,0.0,0.0,1.418403982236618,124.88213234724002,1e-12
success,,B-B_1.70_sto-6g_as-006-002,hamiltonian_generator/b2_controlled_active_space_libraries/occ-006/B-B/1.70/sto-6g/B-B_1.70_sto-6g_as-006-002.tensors.npz,B-B,1.70,sto-6g,6,2,8,70,104,fermionic,random_groups,10,2389528859,70,1024,0.4240165631469979,8,"[8,8,4,4,8,21,13,4]","[0,3,6,2,5,1,7,4]",cee0902cf64567c8,fd17bb8ecba0381d,100,0.01,1.0,10400,0.09656831227542445,0.00048284156137712227,0.07453650613334097,1.1659994925139472e-06,2.662499900907278e-05,16,0.008335040998645127,0.0002640000002429588,0.007333249999646796,0.9999998860226648,2.2795465748348676e-07,0.18487864744958335,0.0004774459869693075,0.0,0.0,0.07331522461863985,2.2463940400330324,1e-12
success,,B-B_1.70_sto-6g_as-006-002,hamiltonian_generator/b2_controlled_active_space_libraries/occ-006/B-B/1.70/sto-6g/B-B_1.70_sto-6g_as-006-002.tensors.npz,B-B,1.70,sto-6g,6,2,8,70,104,jw,random_groups,11,2370250520,104,2136,0.3988050784167289,8,"[20,16,16,8,8,12,20,4]","[7,2,6,4,1,5,3,0]",20ce81472170c346,9deee2a321fdeb3d,100,0.01,1.0,10400,0.43638587823658187,0.0021819293911829094,1.5220927769675212,1.1249994713580236e-06,2.700000004551839e-05,16,0.008335040998645127,0.0002640000002429588,0.007149749999371124,0.9999977249919063,4.55001101173913e-06,0.1846453387693284,0.0021330766951464324,0.0,0.0,1.4633834773351988,128.84231247233782,1e-12
success,,B-B_1.70_sto-6g_as-006-002,hamiltonian_generator/b2_controlled_active_space_libraries/occ-006/B-B/1.70/sto-6g/B-B_1.70_sto-6g_as-006-002.tensors.npz,B-B,1.70,sto-6g,6,2,8,70,104,fermionic,random_groups,11,2357558068,70,1024,0.4240165631469979,8,"[8,8,4,4,8,21,13,4]","[5,6,2,3,7,0,4,1]",3d20d7c69a1451d6,56ae60c7f6a3d543,100,0.01,1.0,10400,0.08148844213516787,0.00040744221067583934,0.05307521710515658,1.333999534836039e-06,8.558400077163242e-05,16,0.008335040998645127,0.0002640000002429588,0.007123499999579508,0.999999920334698,1.5933059771544578e-07,0.184960382052188,0.0003991623780414645,0.0,0.0,0.05124421974565824,1.5701337671892317,1e-12
success,,B-B_1.70_sto-6g_as-006-002,hamiltonian_generator/b2_controlled_active_space_libraries/occ-006/B-B/1.70/sto-6g/B-B_1.70_sto-6g_as-006-002.tensors.npz,B-B,1.70,sto-6g,6,2,8,70,104,jw,random_groups,12,3288341200,104,2136,0.3988050784167289,8,"[20,16,16,8,8,12,20,4]","[5,1,4,3,0,7,6,2]",5fe03f72947e0787,6b698c2d1e5f2131,100,0.01,1.0,10400,0.07613810171951461,0.00038069050859757306,0.046334431457845694,1.040998540702276e-06,2.975000097649172e-05,16,0.008335040998645127,0.0002640000002429588,0.007021708001047955,0.9999999151792134,1.6964156601684266e-07,0.18492907731142913,0.0004118756769139109,0.0,0.0,0.054560453620403036,4.803727199922634,1e-12
success,,B-B_1.70_sto-6g_as-006-002,hamiltonian_generator/b2_controlled_active_space_libraries/occ-006/B-B/1.70/sto-6g/B-B_1.70_sto-6g_as-006-002.tensors.npz,B-B,1.70,sto-6g,6,2,8,70,104,fermionic,random_groups,12,2841370770,70,1024,0.4240165631469979,8,"[8,8,4,4,8,21,13,4]","[6,5,7,2,4,3,1,0]",8172ea8445fc4f8c,ccfcbed57289a1de,100,0.01,1.0,10400,0.04468603702270337,0.00022343018511351685,0.015960387485231833,1.0420008038636297e-06,2.7874999432242475e-05,16,0.008335040998645127,0.0002640000002429588,0.007117291001122794,0.9999999763256017,4.734879610612808e-08,0.1849328791617261,0.00021759778643460414,0.0,0.0,0.015228412791672967,0.4666017994532552,1e-12
success,,B-B_1.70_sto-6g_as-006-002,hamiltonian_generator/b2_controlled_active_space_libraries/occ-006/B-B/1.70/sto-6g/B-B_1.70_sto-6g_as-006-002.tensors.npz,B-B,1.70,sto-6g,6,2,8,70,104,jw,random_groups,13,1179648578,104,2136,0.3988050784167289,8,"[20,16,16,8,8,12,20,4]","[6,3,2,5,1,0,7,4]",52eed3b4504cb3a1,82c242fd84b93380,100,0.01,1.0,10400,0.09119155616292755,0.00045595778081463777,0.0664674477332328,1.207999957841821e-06,2.9415999961202033e-05,16,0.008335040998645127,0.0002640000002429588,0.00722654200035322,0.999999890610759,2.1877847000695283e-07,0.18487948953551384,0.00046773762089162926,0.0,0.0,0.0703639611813768,6.195133137508971,1e-12
success,,B-B_1.70_sto-6g_as-006-002,hamiltonian_generator/b2_controlled_active_space_libraries/occ-006/B-B/1.70/sto-6g/B-B_1.70_sto-6g_as-006-002.tensors.npz,B-B,1.70,sto-6g,6,2,8,70,104,fermionic,random_groups,13,1155623150,70,1024,0.4240165631469979,8,"[8,8,4,4,8,21,13,4]","[4,6,7,0,1,5,3,2]",20de9fa7bb50961f,f9028de8d19bae8e,100,0.01,1.0,10400,0.14302319033089889,0.0007151159516544945,0.16349808550780412,1.0420008038636297e-06,2.8584001483977772e-05,16,0.008335040998645127,0.0002640000002429588,0.007092833000569954,0.9999997511135629,4.977728123023439e-07,0.1849951046929894,0.0007055302078953024,0.0,0.0,0.16009466946575585,4.905334645015839,1e-12
success,,B-B_1.70_sto-6g_as-006-002,hamiltonian_generator/b2_controlled_active_space_libraries/occ-006/B-B/1.70/sto-6g/B-B_1.70_sto-6g_as-006-002.tensors.npz,B-B,1.70,sto-6g,6,2,8,70,104,jw,random_groups,14,2106878714,104,2136,0.3988050784167289,8,"[20,16,16,8,8,12,20,4]","[6,1,4,3,5,2,0,7]",85ce0301f8a957c8,1078cb68f00715a0,100,0.01,1.0,10400,0.4441610175215238,0.0022208050876076193,1.576814582333973,1.2499986041802913e-06,2.762500116659794e-05,16,0.008335040998645127,0.0002640000002429588,0.0070663749993400415,0.9999976167202625,4.7665537948882175e-06,0.18520555345590448,0.00218324517058901,0.0,0.0,1.533028392518697,134.97413783674727,1e-12
success,,B-B_1.70_sto-6g_as-006-002,hamiltonian_generator/b2_controlled_active_space_libraries/occ-006/B-B/1.70/sto-6g/B-B_1.70_sto-6g_as-006-002.tensors.npz,B-B,1.70,sto-6g,6,2,8,70,104,fermionic,random_groups,14,3603334963,70,1024,0.4240165631469979,8,"[8,8,4,4,8,21,13,4]","[5,1,6,3,7,4,0,2]",a09f23dd12613664,d2b48d71a73fe855,100,0.01,1.0,10400,0.10269143923871146,0.0005134571961935573,0.08428848155312124,1.2090004020137712e-06,2.8624999686144292e-05,16,0.008335040998645127,0.0002640000002429588,0.007218541999463923,0.9999998717487446,2.565024943557148e-07,0.18498522335399595,0.000506460769247743,0.0,0.0,0.08249683597841348,2.527720560462886,1e-12
success,,B-B_1.70_sto-6g_as-006-002,hamiltonian_generator/b2_controlled_active_space_libraries/occ-006/B-B/1.70/sto-6g/B-B_1.70_sto-6g_as-006-002.tensors.npz,B-B,1.70,sto-6g,6,2,8,70,104,jw,random_groups,15,1315760101,104,2136,0.3988050784167289,8,"[20,16,16,8,8,12,20,4]","[6,7,2,0,1,5,3,4]",e8130f0f8703d60e,6a05353e37c57ec1,100,0.01,1.0,10400,0.4486937020736631,0.0022434685103683155,1.6091617338906548,1.1249994713580236e-06,2.7499998395796865e-05,16,0.008335040998645127,0.0002640000002429588,0.007226875000924338,0.9999975903518598,4.819290474133986e-06,0.1846334978094231,0.002195289566432953,0.0,0.0,1.5499896668669728,136.46747833385953,1e-12
success,,B-B_1.70_sto-6g_as-006-002,hamiltonian_generator/b2_controlled_active_space_libraries/occ-006/B-B/1.70/sto-6g/B-B_1.70_sto-6g_as-006-002.tensors.npz,B-B,1.70,sto-6g,6,2,8,70,104,fermionic,random_groups,15,2179735699,70,1024,0.4240165631469979,8,"[8,8,4,4,8,21,13,4]","[4,5,3,1,6,7,0,2]",422bd7adee458e84,e3bf41f042b66e72,100,0.01,1.0,10400,0.11881107245074297,0.0005940553622537149,0.11282714038649458,1.1669999366858974e-06,3.204099994036369e-05,16,0.008335040998645127,0.0002640000002429588,0.007107041001290781,0.9999998336338602,3.327322518620335e-07,0.18483007189989306,0.0005768295064458708,0.0,0.0,0.10701400029476467,3.278931677734146,1e-12
success,,B-B_1.70_sto-6g_as-006-002,hamiltonian_generator/b2_controlled_active_space_libraries/occ-006/B-B/1.70/sto-6g/B-B_1.70_sto-6g_as-006-002.tensors.npz,B-B,1.70,sto-6g,6,2,8,70,104,jw,random_groups,16,2066638729,104,2136,0.3988050784167289,8,"[20,16,16,8,8,12,20,4]","[4,3,0,2,7,1,6,5]",636d6ae4fc3504a8,040c009238effbfe,100,0.01,1.0,10400,0.09261675446412332,0.00046308377232061657,0.06856127180513737,1.1249994713580236e-06,2.6332998459110968e-05,16,0.008335040998645127,0.0002640000002429588,0.007259166000949335,0.9999998944795907,2.1104080749623222e-07,0.18487367171565225,0.00045939179204515886,0.0,0.0,0.06787535896872929,5.976026342285918,1e-12
success,,B-B_1.70_sto-6g_as-006-002,hamiltonian_generator/b2_controlled_active_space_libraries/occ-006/B-B/1.70/sto-6g/B-B_1.70_sto-6g_as-006-002.tensors.npz,B-B,1.70,sto-6g,6,2,8,70,104,fermionic,random_groups,16,3715935360,70,1024,0.4240165631469979,8,"[8,8,4,4,8,21,13,4]","[0,3,6,5,1,4,7,2]",26ae0bcfd86c4825,8d2c33631b1378e4,100,0.01,1.0,10400,0.09749354947240793,0.00048746774736203966,0.07597164202733057,1.2090004020137712e-06,2.845800008799415e-05,16,0.008335040998645127,0.0002640000002429588,0.007178625000960892,0.9999998840687232,2.3186254016760444e-07,0.1848786744360644,0.00048152108323655263,0.0,0.0,0.07457208552217341,2.2849045248270805,1e-12
success,,B-B_1.70_sto-6g_as-006-002,hamiltonian_generator/b2_controlled_active_space_libraries/occ-006/B-B/1.70/sto-6g/B-B_1.70_sto-6g_as-006-002.tensors.npz,B-B,1.70,sto-6g,6,2,8,70,104,jw,random_groups,17,4142477477,104,2136,0.3988050784167289,8,"[20,16,16,8,8,12,20,4]","[0,2,6,3,7,4,1,5]",10f107a45c8194c6,3494cad7e465050e,100,0.01,1.0,10400,0.0908614653179836,0.000454307326589918,0.06598712723676042,1.0419989848742262e-06,2.7166999643668532e-05,16,0.008335040998645127,0.0002640000002429588,0.007240542001454742,0.9999998919615983,2.160767916814521e-07,0.18488119173939382,0.0004648406214379224,0.0,0.0,0.06949504209251921,6.118629919798986,1e-12
success,,B-B_1.70_sto-6g_as-006-002,hamiltonian_generator/b2_controlled_active_space_libraries/occ-006/B-B/1.70/sto-6g/B-B_1.70_sto-6g_as-006-002.tensors.npz,B-B,1.70,sto-6g,6,2,8,70,104,fermionic,random_groups,17,3608338540,70,1024,0.4240165631469979,8,"[8,8,4,4,8,21,13,4]","[7,5,0,1,2,3,6,4]",7db29e28dc8eb267,0d896e8974e494c6,100,0.01,1.0,10400,0.07214493854849104,0.0003607246927424552,0.041601738957756575,1.0410003596916795e-06,2.6292000256944448e-05,16,0.008335040998645127,0.0002640000002429588,0.00704237500031013,0.9999999380048759,1.239902444050145e-07,0.18495322373406609,0.00035212249046431994,0.0,0.0,0.039877985909246905,1.2218699504915385,1e-12
success,,B-B_1.70_sto-6g_as-006-002,hamiltonian_generator/b2_controlled_active_space_libraries/occ-006/B-B/1.70/sto-6g/B-B_1.70_sto-6g_as-006-002.tensors.npz,B-B,1.70,sto-6g,6,2,8,70,104,jw,random_groups,18,3424957775,104,2136,0.3988050784167289,8,"[20,16,16,8,8,12,20,4]","[2,3,0,1,5,4,6,7]",f4a3dc495f30bbb3,5be9f85675cc8938,100,0.01,1.0,10400,0.0836094824424467,0.00041804741221223354,0.055874135810055854,1.0829990060301498e-06,2.6749999960884452e-05,16,0.008335040998645127,0.0002640000002429588,0.007205583000541083,0.9999999097276168,1.805447583658193e-07,0.18486181129342086,0.0004249055971277001,0.0,0.0,0.05806715975639574,5.112472060528126,1e-12
success,,B-B_1.70_sto-6g_as-006-002,hamiltonian_generator/b2_controlled_active_space_libraries/occ-006/B-B/1.70/sto-6g/B-B_1.70_sto-6g_as-006-002.tensors.npz,B-B,1.70,sto-6g,6,2,8,70,104,fermionic,random_groups,18,2155654932,70,1024,0.4240165631469979,8,"[8,8,4,4,8,21,13,4]","[3,4,7,6,5,0,2,1]",406cb30bdc5418b7,a3e4b09d56ecd38a,100,0.01,1.0,10400,0.05619658441343969,0.00028098292206719846,0.025241757462561572,1.2910004443256184e-06,2.9582999559352174e-05,16,0.008335040998645127,0.0002640000002429588,0.007327834000534494,0.9999999616590771,7.668184431874892e-08,0.18492472753222985,0.00027691487096585994,0.0,0.0,0.02466256536481562,0.7556662362507636,1e-12
success,,B-B_1.70_sto-6g_as-006-002,hamiltonian_generator/b2_controlled_active_space_libraries/occ-006/B-B/1.70/sto-6g/B-B_1.70_sto-6g_as-006-002.tensors.npz,B-B,1.70,sto-6g,6,2,8,70,104,jw,random_groups,19,3978060322,104,2136,0.3988050784167289,8,"[20,16,16,8,8,12,20,4]","[2,6,3,4,5,1,0,7]",114a8db633ab42a2,cde8a62f4439e83a,100,0.01,1.0,10400,0.09042421584292536,0.00045212107921462676,0.06535356023689179,1.1669999366858974e-06,2.687499909370672e-05,16,0.008335040998645127,0.0002640000002429588,0.0073111670008074725,0.9999998929149015,2.1417018547520428e-07,0.18488320121113894,0.00046278526004022797,0.0,0.0,0.06888183566009315,6.064640698244731,1e-12
success,,B-B_1.70_sto-6g_as-006-002,hamiltonian_generator/b2_controlled_active_space_libraries/occ-006/B-B/1.70/sto-6g/B-B_1.70_sto-6g_as-006-002.tensors.npz,B-B,1.70,sto-6g,6,2,8,70,104,fermionic,random_groups,19,2883741422,70,1024,0.4240165631469979,8,"[8,8,4,4,8,21,13,4]","[4,7,2,3,1,5,6,0]",b6c74eaee1095f80,c5a1c05c52a77a82,100,0.01,1.0,10400,0.12987780798046591,0.0006493890399023296,0.13482475795512935,1.8340015230933204e-06,2.9958000595797785e-05,16,0.008335040998645127,0.0002640000002429588,0.006973875000767293,0.9999997948382952,4.1032336761670507e-07,0.1849734041458384,0.0006405649145045003,0.0,0.0,0.13196900732451453,4.043558388655522,1e-12
success,,B-B_1.70_sto-6g_as-006-004,hamiltonian_generator/b2_controlled_active_space_libraries/occ-006/B-B/1.70/sto-6g/B-B_1.70_sto-6g_as-006-004.tensors.npz,B-B,1.70,sto-6g,6,4,10,105,155,baseline,jw_raw,-1,-1,,,,,[],[],4f53cda18c2baa0c,2fab8a8f0a6f9408,100,0.01,1.0,15500,0.17724568856274894,0.0008862284428137447,1.0,1.45800004247576e-06,5.4999998610583134e-05,100,0.028864709000117728,0.00029187499967520125,0.03276962500058289,0.9999996157610607,7.684777310057456e-07,0.281348272363665,0.0008766287005713467,0.0,0.0,1.0,,1e-12
success,,B-B_1.70_sto-6g_as-006-004,hamiltonian_generator/b2_controlled_active_space_libraries/occ-006/B-B/1.70/sto-6g/B-B_1.70_sto-6g_as-006-004.tensors.npz,B-B,1.70,sto-6g,6,4,10,105,155,jw,current,-1,-1,155,4384,0.3673229995810641,11,"[23,16,18,10,8,11,7,4,18,24,16]","[0,1,2,3,4,5,6,7,8,9,10]",7fe9425d7ad25df8,17dda385346f9ea7,100,0.01,1.0,15500,0.37600465414900436,0.0018800232707450219,4.500233843276089,1.8749997252598405e-06,5.2958001106162556e-05,100,0.028864709000117728,0.00029187499967520125,0.0326574589998927,0.9999983758907314,3.2482158994762145e-06,0.28153981640159215,0.0018022814811385868,0.0,0.0,4.2268185120017865,1.0,1e-12
success,,B-B_1.70_sto-6g_as-006-004,hamiltonian_generator/b2_controlled_active_space_libraries/occ-006/B-B/1.70/sto-6g/B-B_1.70_sto-6g_as-006-004.tensors.npz,B-B,1.70,sto-6g,6,4,10,105,155,fermionic,current,-1,-1,105,2066,0.3783882783882784,12,"[11,8,11,4,4,17,9,3,8,17,11,2]","[0,1,2,3,4,5,6,7,8,9,10,11]",632684076ad74152,520ecc7c83981385,100,0.01,1.0,15500,0.09261076426616943,0.00046305382133084714,0.2730056132107162,2.0840016077272594e-06,5.912500091653783e-05,100,0.028864709000117728,0.00029187499967520125,0.032573582999248174,0.999999897286178,2.0542763345954285e-07,0.2813975600067008,0.00045324126467772283,0.0,0.0,0.2673176139934326,1.0,1e-12
success,,B-B_1.70_sto-6g_as-006-004,hamiltonian_generator/b2_controlled_active_space_libraries/occ-006/B-B/1.70/sto-6g/B-B_1.70_sto-6g_as-006-004.tensors.npz,B-B,1.70,sto-6g,6,4,10,105,155,jw,reverse_groups,-1,-1,155,4384,0.3673229995810641,11,"[23,16,18,10,8,11,7,4,18,24,16]","[10,9,8,7,6,5,4,3,2,1,0]",98f771be9be304a2,711bdf450ddc08ac,100,0.01,1.0,15500,0.37600465414900436,0.0018800232707450219,4.500233843276089,2.083999788737856e-06,0.0001294170015171403,100,0.028864709000117728,0.00029187499967520125,0.03273049999916111,0.9999983764709285,3.247055507138441e-06,0.2813028282643082,0.0018019595286881296,0.0,0.0,4.225308523760156,0.9996427600954849,1e-12
success,,B-B_1.70_sto-6g_as-006-004,hamiltonian_generator/b2_controlled_active_space_libraries/occ-006/B-B/1.70/sto-6g/B-B_1.70_sto-6g_as-006-004.tensors.npz,B-B,1.70,sto-6g,6,4,10,105,155,fermionic,reverse_groups,-1,-1,105,2066,0.3783882783882784,12,"[11,8,11,4,4,17,9,3,8,17,11,2]","[11,10,9,8,7,6,5,4,3,2,1,0]",afd1ebb848b42cb3,0caea0f6190bac49,100,0.01,1.0,15500,0.17044356344813164,0.0008522178172406581,0.9247191486806562,1.915999746415764e-06,5.1125000027241185e-05,100,0.028864709000117728,0.00029187499967520125,0.03261025000028894,0.999999665752698,6.684944922064062e-07,0.28133441541372717,0.0008176151930430614,0.0,0.0,0.8698944227460095,3.2541605087324355,1e-12
success,,B-B_1.70_sto-6g_as-006-004,hamiltonian_generator/b2_controlled_active_space_libraries/occ-006/B-B/1.70/sto-6g/B-B_1.70_sto-6g_as-006-004.tensors.npz,B-B,1.70,sto-6g,6,4,10,105,155,jw,random_groups,0,3863595860,155,4384,0.3673229995810641,11,"[23,16,18,10,8,11,7,4,18,24,16]","[8,5,2,6,4,1,0,10,9,3,7]",51ce332a7fe79fc7,4cbce5ad9afed0ca,100,0.01,1.0,15500,0.18745412320209798,0.0009372706160104899,1.1185068165467584,1.999998858082108e-06,0.00016795900046417955,100,0.028864709000117728,0.00029187499967520125,0.032585917000687914,0.9999995868644866,8.262708560691223e-07,0.28143164181876196,0.0009089945141255811,0.0,0.0,1.0752046841848495,0.25437682766172076,1e-12
success,,B-B_1.70_sto-6g_as-006-004,hamiltonian_generator/b2_controlled_active_space_libraries/occ-006/B-B/1.70/sto-6g/B-B_1.70_sto-6g_as-006-004.tensors.npz,B-B,1.70,sto-6g,6,4,10,105,155,fermionic,random_groups,0,1490640156,105,2066,0.3783882783882784,12,"[11,8,11,4,4,17,9,3,8,17,11,2]","[4,7,5,11,3,10,1,2,6,8,9,0]",6850833f48ad3a4f,4faa4d5c89a3c752,100,0.01,1.0,15500,0.1526394512072165,0.0007631972560360825,0.7416213637989393,1.7499987734481692e-06,5.5500000598840415e-05,100,0.028864709000117728,0.00029187499967520125,0.03255787499983853,0.9999997224043029,5.551913171419898e-07,0.2815180803343946,0.0007451116655854125,0.0,0.0,0.7224559603248137,2.702612631962826,1e-12
success,,B-B_1.70_sto-6g_as-006-004,hamiltonian_generator/b2_controlled_active_space_libraries/occ-006/B-B/1.70/sto-6g/B-B_1.70_sto-6g_as-006-004.tensors.npz,B-B,1.70,sto-6g,6,4,10,105,155,jw,random_groups,1,577676540,155,4384,0.3673229995810641,11,"[23,16,18,10,8,11,7,4,18,24,16]","[3,8,10,5,9,0,6,7,4,1,2]",f4dad1b7796d2cdf,75f383d00780ee4b,100,0.01,1.0,15500,0.43104527234423695,0.002155226361721185,5.914178286654842,1.791999238776043e-06,8.837499990477227e-05,100,0.028864709000117728,0.00029187499967520125,0.03273725000144623,0.9999977859234793,4.428148139168364e-06,0.28111826709664234,0.0021043177139771765,0.0,0.0,5.762233517649267,1.3632554843052205,1e-12
success,,B-B_1.70_sto-6g_as-006-004,hamiltonian_generator/b2_controlled_active_space_libraries/occ-006/B-B/1.70/sto-6g/B-B_1.70_sto-6g_as-006-004.tensors.npz,B-B,1.70,sto-6g,6,4,10,105,155,fermionic,random_groups,1,1623456735,105,2066,0.3783882783882784,12,"[11,8,11,4,4,17,9,3,8,17,11,2]","[2,6,9,10,3,1,5,0,4,8,11,7]",d2dc41c9bad00060,c14640bd5f563973,100,0.01,1.0,15500,0.09959931879973648,0.0004979965939986824,0.3157630994844333,1.8339997041039169e-06,5.129199962539133e-05,100,0.028864709000117728,0.00029187499967520125,0.03255024999998568,0.9999998820791014,2.3584178332480832e-07,0.2814689603368177,0.0004856354571101621,0.0,0.0,0.3068947528461889,1.1480528658830862,1e-12
success,,B-B_1.70_sto-6g_as-006-004,hamiltonian_generator/b2_controlled_active_space_libraries/occ-006/B-B/1.70/sto-6g/B-B_1.70_sto-6g_as-006-004.tensors.npz,B-B,1.70,sto-6g,6,4,10,105,155,jw,random_groups,2,4244961239,155,4384,0.3673229995810641,11,"[23,16,18,10,8,11,7,4,18,24,16]","[5,1,0,6,2,7,10,3,4,8,9]",14c9e0a9eda0a8f2,6aafdc73ed3e7eef,100,0.01,1.0,15500,0.2893243258127738,0.0014466216290638689,2.6645172717549253,1.7089987522922456e-06,0.0001477919995522825,100,0.028864709000117728,0.00029187499967520125,0.032554084000366856,0.9999990172845734,1.9654298873961196e-06,0.28142970234551573,0.0014019382487039608,0.0,0.0,2.5575625787150167,0.6050798186515409,1e-12
success,,B-B_1.70_sto-6g_as-006-004,hamiltonian_generator/b2_controlled_active_space_libraries/occ-006/B-B/1.70/sto-6g/B-B_1.70_sto-6g_as-006-004.tensors.npz,B-B,1.70,sto-6g,6,4,10,105,155,fermionic,random_groups,2,3181418970,105,2066,0.3783882783882784,12,"[11,8,11,4,4,17,9,3,8,17,11,2]","[3,10,6,7,8,11,0,4,2,1,5,9]",62b11756826170a8,d645bee37b87da91,100,0.01,1.0,15500,0.09398507841156829,0.0004699253920578415,0.2811683655534658,1.8749997252598405e-06,0.00011979200098721776,100,0.028864709000117728,0.00029187499967520125,0.03256116699958511,0.9999998950186043,2.0996278038420968e-07,0.2813446961572611,0.0004582169697593244,0.0,0.0,0.2732190822360211,1.0220766157322256,1e-12
success,,B-B_1.70_sto-6g_as-006-004,hamiltonian_generator/b2_controlled_active_space_libraries/occ-006/B-B/1.70/sto-6g/B-B_1.70_sto-6g_as-006-004.tensors.npz,B-B,1.70,sto-6g,6,4,10,105,155,jw,random_groups,3,1843340388,155,4384,0.3673229995810641,11,"[23,16,18,10,8,11,7,4,18,24,16]","[10,6,5,4,7,8,0,9,3,1,2]",54ed34e168a8f1a4,da40a3462c7e8f64,100,0.01,1.0,15500,0.44409225673540786,0.0022204612836770393,6.277620267923625,1.708000127109699e-06,6.829099947935902e-05,100,0.028864709000117728,0.00029187499967520125,0.03264741699967999,0.9999976345873524,4.7308197000939245e-06,0.28109737993793665,0.0021750460444057043,0.0,0.0,6.156092114604886,1.4564363473674224,1e-12
success,,B-B_1.70_sto-6g_as-006-004,hamiltonian_generator/b2_controlled_active_space_libraries/occ-006/B-B/1.70/sto-6g/B-B_1.70_sto-6g_as-006-004.tensors.npz,B-B,1.70,sto-6g,6,4,10,105,155,fermionic,random_groups,3,2939670949,105,2066,0.3783882783882784,12,"[11,8,11,4,4,17,9,3,8,17,11,2]","[2,5,8,1,6,10,9,11,4,0,3,7]",24911b65fa724ba4,d4fb4f8d74d7b0e1,100,0.01,1.0,15500,0.1012609866268156,0.000506304933134078,0.32638707277312323,1.7500005924375728e-06,7.525000000896398e-05,100,0.028864709000117728,0.00029187499967520125,0.03253687500000524,0.9999998759504026,2.480991793119003e-07,0.28142700603193604,0.0004980955678823095,0.0,0.0,0.3228449821014337,1.2077205735846692,1e-12
success,,B-B_1.70_sto-6g_as-006-004,hamiltonian_generator/b2_controlled_active_space_libraries/occ-006/B-B/1.70/sto-6g/B-B_1.70_sto-6g_as-006-004.tensors.npz,B-B,1.70,sto-6g,6,4,10,105,155,jw,random_groups,4,3855820938,155,4384,0.3673229995810641,11,"[23,16,18,10,8,11,7,4,18,24,16]","[10,2,3,9,5,6,0,7,8,4,1]",ab4bcf17d7a09025,fad323882933e1bb,100,0.01,1.0,15500,0.09367921978153497,0.00046839609890767485,0.2793413130062516,1.5829991752980277e-06,4.791699939232785e-05,100,0.028864709000117728,0.00029187499967520125,0.03255162499954167,0.999999882379633,2.3524072012559571e-07,0.2814314259330709,0.000485016220350808,0.0,0.0,0.3061126050038227,0.07242151612013507,1e-12
success,,B-B_1.70_sto-6g_as-006-004,hamiltonian_generator/b2_controlled_active_space_libraries/occ-006/B-B/1.70/sto-6g/B-B_1.70_sto-6g_as-006-004.tensors.npz,B-B,1.70,sto-6g,6,4,10,105,155,fermionic,random_groups,4,2810317451,105,2066,0.3783882783882784,12,"[11,8,11,4,4,17,9,3,8,17,11,2]","[9,2,5,7,8,4,10,1,6,11,0,3]",69a43b2cfd448d0a,5dab2a189373c926,100,0.01,1.0,15500,0.10772451786707499,0.000538622589335375,0.36938372639758915,1.7920010577654466e-06,0.00010104200009664055,100,0.028864709000117728,0.00029187499967520125,0.032646042000124,0.9999998663281039,2.673437743405671e-07,0.2813648034652702,0.000517052987821517,0.0,0.0,0.347887470975484,1.301401227470296,1e-12
success,,B-B_1.70_sto-6g_as-006-004,hamiltonian_generator/b2_controlled_active_space_libraries/occ-006/B-B/1.70/sto-6g/B-B_1.70_sto-6g_as-006-004.tensors.npz,B-B,1.70,sto-6g,6,4,10,105,155,jw,random_groups,5,4254074083,155,4384,0.3673229995810641,11,"[23,16,18,10,8,11,7,4,18,24,16]","[5,3,2,8,4,0,6,9,1,7,10]",dbdeb0fa6bf7f20d,9431440481afa627,100,0.01,1.0,15500,0.11010541670249012,0.0005505270835124506,0.38589220852018596,1.708000127109699e-06,0.0001879579995147651,100,0.028864709000117728,0.00029187499967520125,0.03263954099929833,0.9999998530232124,2.9395355360950504e-07,0.2813485472714836,0.0005421748567195402,0.0,0.0,0.3825140817350598,0.09049692591459392,1e-12
success,,B-B_1.70_sto-6g_as-006-004,hamiltonian_generator/b2_controlled_active_space_libraries/occ-006/B-B/1.70/sto-6g/B-B_1.70_sto-6g_as-006-004.tensors.npz,B-B,1.70,sto-6g,6,4,10,105,155,fermionic,random_groups,5,2299610566,105,2066,0.3783882783882784,12,"[11,8,11,4,4,17,9,3,8,17,11,2]","[4,5,7,2,3,11,9,0,8,10,6,1]",d7e6c3da4c1923f2,859d08771774c92f,100,0.01,1.0,15500,0.11915917874550541,0.0005957958937275271,0.4519637910928518,1.8749997252598405e-06,9.108300037041772e-05,100,0.028864709000117728,0.00029187499967520125,0.03259458299908147,0.9999998259663051,3.4806735949022283e-07,0.28134466216805176,0.0005899723635894408,0.0,0.0,0.45293096396520105,1.6943551051459278,1e-12
success,,B-B_1.70_sto-6g_as-006-004,hamiltonian_generator/b2_controlled_active_space_libraries/occ-006/B-B/1.70/sto-6g/B-B_1.70_sto-6g_as-006-004.tensors.npz,B-B,1.70,sto-6g,6,4,10,105,155,jw,random_groups,6,1100432278,155,4384,0.3673229995810641,11,"[23,16,18,10,8,11,7,4,18,24,16]","[10,7,1,8,3,4,5,0,2,6,9]",85922550645da830,7e59fd66cfc41ace,100,0.01,1.0,15500,0.15200720838139486,0.0007600360419069744,0.7354903969099937,1.5830009942874312e-06,5.166700066183694e-05,100,0.028864709000117728,0.00029187499967520125,0.032524125001145876,0.9999997013961586,5.972075937110688e-07,0.28145614359837584,0.0007727921343168405,0.0,0.0,0.7771306436290263,0.18385711177861375,1e-12
success,,B-B_1.70_sto-6g_as-006-004,hamiltonian_generator/b2_controlled_active_space_libraries/occ-006/B-B/1.70/sto-6g/B-B_1.70_sto-6g_as-006-004.tensors.npz,B-B,1.70,sto-6g,6,4,10,105,155,fermionic,random_groups,6,2946917543,105,2066,0.3783882783882784,12,"[11,8,11,4,4,17,9,3,8,17,11,2]","[11,0,1,2,4,9,6,7,5,10,3,8]",1bf301a6468fd51b,4af8c849062fd593,100,0.01,1.0,15500,0.0823155787814656,0.000411577893907328,0.2156814092295065,1.7500005924375728e-06,8.729199907975271e-05,100,0.028864709000117728,0.00029187499967520125,0.03266304200042214,0.9999999172045057,1.655909818154555e-07,0.28138291607985905,0.0004069287268046313,0.0,0.0,0.2154792196759407,0.8060793916903453,1e-12
success,,B-B_1.70_sto-6g_as-006-004,hamiltonian_generator/b2_controlled_active_space_libraries/occ-006/B-B/1.70/sto-6g/B-B_1.70_sto-6g_as-006-004.tensors.npz,B-B,1.70,sto-6g,6,4,10,105,155,jw,random_groups,7,1399658232,155,4384,0.3673229995810641,11,"[23,16,18,10,8,11,7,4,18,24,16]","[7,3,4,8,5,0,6,9,1,10,2]",629fec05b81157c2,79f88e50f4c381b0,100,0.01,1.0,15500,0.4432647462177195,0.0022163237310885973,6.254246940462188,1.5409987099701539e-06,7.895799899415579e-05,100,0.028864709000117728,0.00029187499967520125,0.03255745900059992,0.9999976618336096,4.676327313712925e-06,0.28109788136607833,0.002162483012831353,0.0,0.0,6.085182595457619,1.439660249944284,1e-12
success,,B-B_1.70_sto-6g_as-006-004,hamiltonian_generator/b2_controlled_active_space_libraries/occ-006/B-B/1.70/sto-6g/B-B_1.70_sto-6g_as-006-004.tensors.npz,B-B,1.70,sto-6g,6,4,10,105,155,fermionic,random_groups,7,1428735356,105,2066,0.3783882783882784,12,"[11,8,11,4,4,17,9,3,8,17,11,2]","[2,4,7,8,3,9,11,0,10,1,6,5]",5bddac9562fc8ef1,ea3186355ab85305,100,0.01,1.0,15500,0.17633059056261485,0.0008816529528130742,0.9897008978043658,1.6249996406259015e-06,7.420800102408975e-05,100,0.028864709000117728,0.00029187499967520125,0.032601458000499406,0.9999996276498382,7.447001849625323e-07,0.28132324996487684,0.0008629602097602114,0.0,0.0,0.9690589003638475,3.625121763909111,1e-12
success,,B-B_1.70_sto-6g_as-006-004,hamiltonian_generator/b2_controlled_active_space_libraries/occ-006/B-B/1.70/sto-6g/B-B_1.70_sto-6g_as-006-004.tensors.npz,B-B,1.70,sto-6g,6,4,10,105,155,jw,random_groups,8,906734225,155,4384,0.3673229995810641,11,"[23,16,18,10,8,11,7,4,18,24,16]","[8,2,1,3,0,10,6,5,9,7,4]",e1ab998b371d25cf,6f99cce0ce151d0b,100,0.01,1.0,15500,0.17830777723242422,0.0008915388861621211,1.0120202730272547,1.583999619469978e-06,8.195800000976305e-05,100,0.028864709000117728,0.00029187499967520125,0.032603499999822816,0.9999996038966665,7.92206510058513e-07,0.2814731856943201,0.0008900599232259738,0.0,0.0,1.0308776404251978,0.24388973349531934,1e-12
success,,B-B_1.70_sto-6g_as-006-004,hamiltonian_generator/b2_controlled_active_space_libraries/occ-006/B-B/1.70/sto-6g/B-B_1.70_sto-6g_as-006-004.tensors.npz,B-B,1.70,sto-6g,6,4,10,105,155,fermionic,random_groups,8,3208003790,105,2066,0.3783882783882784,12,"[11,8,11,4,4,17,9,3,8,17,11,2]","[7,6,8,11,3,5,4,9,2,10,0,1]",5a5c3797dbbb92ae,b0ba27fbb2e3927f,100,0.01,1.0,15500,0.18712941441936468,0.0009356470720968234,1.1146352086890856,1.7079983081202954e-06,7.066600119287614e-05,100,0.028864709000117728,0.00029187499967520125,0.03263366599821893,0.9999995921866002,8.15626633343669e-07,0.28132258676826105,0.0009031205897636694,0.0,0.0,1.0613536351615775,3.9703842156381532,1e-12
success,,B-B_1.70_sto-6g_as-006-004,hamiltonian_generator/b2_controlled_active_space_libraries/occ-006/B-B/1.70/sto-6g/B-B_1.70_sto-6g_as-006-004.tensors.npz,B-B,1.70,sto-6g,6,4,10,105,155,jw,random_groups,9,3454705621,155,4384,0.3673229995810641,11,"[23,16,18,10,8,11,7,4,18,24,16]","[6,1,0,3,5,2,9,8,4,7,10]",b90621c454bd34fc,0ca8d11246f18e40,100,0.01,1.0,15500,0.24978588993809492,0.0012489294496904745,1.9860237796277702,1.6670001059537753e-06,7.15000005584443e-05,100,0.028864709000117728,0.00029187499967520125,0.03256133399918326,0.9999992762925048,1.4474144665044264e-06,0.2815653411127862,0.0012030856122103902,0.0,0.0,1.8834826412082522,0.44560291289068155,1e-12
success,,B-B_1.70_sto-6g_as-006-004,hamiltonian_generator/b2_controlled_active_space_libraries/occ-006/B-B/1.70/sto-6g/B-B_1.70_sto-6g_as-006-004.tensors.npz,B-B,1.70,sto-6g,6,4,10,105,155,fermionic,random_groups,9,272585847,105,2066,0.3783882783882784,12,"[11,8,11,4,4,17,9,3,8,17,11,2]","[8,1,4,3,2,10,9,11,7,6,5,0]",1ddb28ac361f695a,3d864da67d1b29d0,100,0.01,1.0,15500,0.23132311681775602,0.00115661558408878,1.7032826033981763,1.5830009942874312e-06,5.629099905490875e-05,100,0.028864709000117728,0.00029187499967520125,0.03252687500025786,0.9999993590434144,1.2819127603869163e-06,0.28127537907642053,0.0011322160443879231,0.0,0.0,1.6681195936663153,6.24021578206701,1e-12
success,,B-B_1.70_sto-6g_as-006-004,hamiltonian_generator/b2_controlled_active_space_libraries/occ-006/B-B/1.70/sto-6g/B-B_1.70_sto-6g_as-006-004.tensors.npz,B-B,1.70,sto-6g,6,4,10,105,155,jw,random_groups,10,2861871759,155,4384,0.3673229995810641,11,"[23,16,18,10,8,11,7,4,18,24,16]","[5,8,4,9,3,10,6,1,2,0,7]",1d81da88b6ab779f,a7ceb2f8d784b4e0,100,0.01,1.0,15500,0.4704157568298577,0.0023520787841492885,7.043886681247548,1.8749997252598405e-06,0.00010704200030886568,100,0.028864709000117728,0.00029187499967520125,0.0325979589997587,0.9999973751062406,5.249780628657774e-06,0.281078746296545,0.002291241479788166,0.0,0.0,6.831402416550342,1.6162043383582718,1e-12
success,,B-B_1.70_sto-6g_as-006-004,hamiltonian_generator/b2_controlled_active_space_libraries/occ-006/B-B/1.70/sto-6g/B-B_1.70_sto-6g_as-006-004.tensors.npz,B-B,1.70,sto-6g,6,4,10,105,155,fermionic,random_groups,10,1262043886,105,2066,0.3783882783882784,12,"[11,8,11,4,4,17,9,3,8,17,11,2]","[8,4,9,10,3,7,5,0,11,1,2,6]",800136e7e133ef95,e9ab81fa60ec8ff8,100,0.01,1.0,15500,0.1664919571858188,0.000832459785929094,0.8823383533040714,1.5830009942874312e-06,8.658300066599622e-05,100,0.028864709000117728,0.00029187499967520125,0.032580749999397085,0.9999996736287763,6.527423409563582e-07,0.2813137472155775,0.0008079247783220579,0.0,0.0,0.849396559744264,3.177480701908149,1e-12
success,,B-B_1.70_sto-6g_as-006-004,hamiltonian_generator/b2_controlled_active_space_libraries/occ-006/B-B/1.70/sto-6g/B-B_1.70_sto-6g_as-006-004.tensors.npz,B-B,1.70,sto-6g,6,4,10,105,155,jw,random_groups,11,2236988554,155,4384,0.3673229995810641,11,"[23,16,18,10,8,11,7,4,18,24,16]","[2,4,0,6,5,1,9,8,3,7,10]",58ecd7a6417547d6,77fb9a8196ded32f,100,0.01,1.0,15500,0.37664116454141017,0.001883205822707051,4.515482963634742,1.7499987734481692e-06,7.349999941652641e-05,100,0.028864709000117728,0.00029187499967520125,0.03259466700001212,0.9999983061848298,3.3876274714295107e-06,0.2816686196640995,0.0018405516402611069,0.0,0.0,4.40823114938666,1.0429194290859105,1e-12
success,,B-B_1.70_sto-6g_as-006-004,hamiltonian_generator/b2_controlled_active_space_libraries/occ-006/B-B/1.70/sto-6g/B-B_1.70_sto-6g_as-006-004.tensors.npz,B-B,1.70,sto-6g,6,4,10,105,155,fermionic,random_groups,11,139537594,105,2066,0.3783882783882784,12,"[11,8,11,4,4,17,9,3,8,17,11,2]","[4,11,10,9,3,1,8,7,2,0,6,5]",9804db91f18c1109,3b4fc73f032d090d,100,0.01,1.0,15500,0.22779513238649562,0.0011389756619324782,1.6517241530406874,1.45800004247576e-06,4.958300087309908e-05,100,0.028864709000117728,0.00029187499967520125,0.032468166000398924,0.9999993986881016,1.2026234351703025e-06,0.28131765799173575,0.0010966420549887467,0.0,0.0,1.5649424656669861,5.854243730102398,1e-12
success,,B-B_1.70_sto-6g_as-006-004,hamiltonian_generator/b2_controlled_active_space_libraries/occ-006/B-B/1.70/sto-6g/B-B_1.70_sto-6g_as-006-004.tensors.npz,B-B,1.70,sto-6g,6,4,10,105,155,jw,random_groups,12,899667733,155,4384,0.3673229995810641,11,"[23,16,18,10,8,11,7,4,18,24,16]","[2,9,3,6,0,7,10,8,4,5,1]",1475e815b5c12721,9c4ac262ef35c215,100,0.01,1.0,15500,0.13100430238978636,0.0006550215119489318,0.5462856063344179,1.708000127109699e-06,0.00010883299910346977,100,0.028864709000117728,0.00029187499967520125,0.0326690839992807,0.9999997770378389,4.459242723964252e-07,0.2814384450741718,0.0006677756525468839,0.0,0.0,0.5802696088705415,0.13728283038954767,1e-12
success,,B-B_1.70_sto-6g_as-006-004,hamiltonian_generator/b2_controlled_active_space_libraries/occ-006/B-B/1.70/sto-6g/B-B_1.70_sto-6g_as-006-004.tensors.npz,B-B,1.70,sto-6g,6,4,10,105,155,fermionic,random_groups,12,3903957869,105,2066,0.3783882783882784,12,"[11,8,11,4,4,17,9,3,8,17,11,2]","[11,9,1,0,5,2,10,6,8,4,7,3]",ce9323d6f763ca8e,ab39257ee36e4644,100,0.01,1.0,15500,0.17691840659456107,0.0008845920329728054,0.9963104342927677,1.6670001059537753e-06,7.637500129931141e-05,100,0.028864709000117728,0.00029187499967520125,0.03263745799995377,0.9999996236254658,7.527489267467047e-07,0.2812786626163265,0.0008676111274131762,0.0,0.0,0.9795325178278675,3.664302187928149,1e-12
success,,B-B_1.70_sto-6g_as-006-004,hamiltonian_generator/b2_controlled_active_space_libraries/occ-006/B-B/1.70/sto-6g/B-B_1.70_sto-6g_as-006-004.tensors.npz,B-B,1.70,sto-6g,6,4,10,105,155,jw,random_groups,13,2702692091,155,4384,0.3673229995810641,11,"[23,16,18,10,8,11,7,4,18,24,16]","[7,3,6,2,10,5,4,8,0,9,1]",fb1004b1ffbe4dc6,9e0a0c321ad2d6e1,100,0.01,1.0,15500,0.11852909399465458,0.0005926454699732729,0.4471966790007971,1.541999154142104e-06,7.274999916262459e-05,100,0.028864709000117728,0.00029187499967520125,0.03247412500058999,0.99999982575297,3.4849402974490573e-07,0.2813477647117498,0.0005903338547415304,0.0,0.0,0.45348617882370384,0.10728782831249042,1e-12
success,,B-B_1.70_sto-6g_as-006-004,hamiltonian_generator/b2_controlled_active_space_libraries/occ-006/B-B/1.70/sto-6g/B-B_1.70_sto-6g_as-006-004.tensors.npz,B-B,1.70,sto-6g,6,4,10,105,155,fermionic,random_groups,13,1617491566,105,2066,0.3783882783882784,12,"[11,8,11,4,4,17,9,3,8,17,11,2]","[7,5,3,8,6,4,0,10,11,9,2,1]",10e1a739ea7b71fe,04dc98e463508a16,100,0.01,1.0,15500,0.12047658411256273,0.0006023829205628136,0.4620127183056783,1.6670001059537753e-06,7.341600030486006e-05,100,0.028864709000117728,0.00029187499967520125,0.03251879200070107,0.9999998291667974,3.4166637596921845e-07,0.2813510062162565,0.0005845223735393573,0.0,0.0,0.4446015312923413,1.6631957941359754,1e-12
success,,B-B_1.70_sto-6g_as-006-004,hamiltonian_generator/b2_controlled_active_space_libraries/occ-006/B-B/1.70/sto-6g/B-B_1.70_sto-6g_as-006-004.tensors.npz,B-B,1.70,sto-6g,6,4,10,105,155,jw,random_groups,14,455463373,155,4384,0.3673229995810641,11,"[23,16,18,10,8,11,7,4,18,24,16]","[8,9,0,4,5,10,1,2,6,3,7]",392e9a6841c35857,69745b961631efb6,100,0.01,1.0,15500,0.4210183521560883,0.0021050917607804416,5.642228812476636,1.625001459615305e-06,6.612499964830931e-05,100,0.028864709000117728,0.00029187499967520125,0.032574374999967404,0.9999978780089028,4.243977691498202e-06,0.2811786638178132,0.002060092763528076,0.0,0.0,5.522577324321285,1.306556529134211,1e-12
success,,B-B_1.70_sto-6g_as-006-004,hamiltonian_generator/b2_controlled_active_space_libraries/occ-006/B-B/1.70/sto-6g/B-B_1.70_sto-6g_as-006-004.tensors.npz,B-B,1.70,sto-6g,6,4,10,105,155,fermionic,random_groups,14,3402879609,105,2066,0.3783882783882784,12,"[11,8,11,4,4,17,9,3,8,17,11,2]","[8,5,0,4,10,9,11,2,6,7,3,1]",d96c6f52912f0a0b,03a442115dad7715,100,0.01,1.0,15500,0.16990713223998827,0.0008495356611999414,0.918907634273159,1.5829991752980277e-06,5.408300057752058e-05,100,0.028864709000117728,0.00029187499967520125,0.03261174999897776,0.9999996624626248,6.750746364136972e-07,0.2813549029456571,0.0008216293265959898,0.0,0.0,0.8784569925405555,3.286191955020731,1e-12
success,,B-B_1.70_sto-6g_as-006-004,hamiltonian_generator/b2_controlled_active_space_libraries/occ-006/B-B/1.70/sto-6g/B-B_1.70_sto-6g_as-006-004.tensors.npz,B-B,1.70,sto-6g,6,4,10,105,155,jw,random_groups,15,3994843321,155,4384,0.3673229995810641,11,"[23,16,18,10,8,11,7,4,18,24,16]","[8,7,5,2,6,10,4,9,3,1,0]",aeb8a3463d09ddb6,6031ca45739865b0,100,0.01,1.0,15500,0.15677978295064893,0.0007838989147532446,0.7823998488413297,1.6670001059537753e-06,5.4957999964244664e-05,100,0.028864709000117728,0.00029187499967520125,0.032436833000247134,0.9999997160564243,5.678870707015449e-07,0.2813554533596192,0.000753582876201242,0.0,0.0,0.7389766128399354,0.17483045717284942,1e-12
success,,B-B_1.70_sto-6g_as-006-004,hamiltonian_generator/b2_controlled_active_space_libraries/occ-006/B-B/1.70/sto-6g/B-B_1.70_sto-6g_as-006-004.tensors.npz,B-B,1.70,sto-6g,6,4,10,105,155,fermionic,random_groups,15,3827903732,105,2066,0.3783882783882784,12,"[11,8,11,4,4,17,9,3,8,17,11,2]","[1,11,10,5,9,8,7,4,2,6,3,0]",d6fb7ff24bbedd33,4ede7ac7a9ce03ab,100,0.01,1.0,15500,0.16712099511924267,0.0008356049755962133,0.8890182289790007,1.5829991752980277e-06,7.379099952231627e-05,100,0.028864709000117728,0.00029187499967520125,0.03263279199927638,0.9999996743572871,6.512853197859769e-07,0.2813819659687507,0.0008070225683413542,0.0,0.0,0.8475005761502119,3.170388076900286,1e-12
success,,B-B_1.70_sto-6g_as-006-004,hamiltonian_generator/b2_controlled_active_space_libraries/occ-006/B-B/1.70/sto-6g/B-B_1.70_sto-6g_as-006-004.tensors.npz,B-B,1.70,sto-6g,6,4,10,105,155,jw,random_groups,16,2731202073,155,4384,0.3673229995810641,11,"[23,16,18,10,8,11,7,4,18,24,16]","[0,6,7,2,4,3,10,1,8,9,5]",4c42ba83fa7faaed,337c04ffa53bb9d7,100,0.01,1.0,15500,0.44862853735201874,0.0022431426867600937,6.406523617708596,1.7499987734481692e-06,4.837499909626786e-05,100,0.028864709000117728,0.00029187499967520125,0.03256841699840152,0.9999976133969518,4.773200400487454e-06,0.281759528318684,0.0021847668288345235,0.0,0.0,6.211241013113712,1.4694837252835158,1e-12
success,,B-B_1.70_sto-6g_as-006-004,hamiltonian_generator/b2_controlled_active_space_libraries/occ-006/B-B/1.70/sto-6g/B-B_1.70_sto-6g_as-006-004.tensors.npz,B-B,1.70,sto-6g,6,4,10,105,155,fermionic,random_groups,16,1420561359,105,2066,0.3783882783882784,12,"[11,8,11,4,4,17,9,3,8,17,11,2]","[11,10,2,6,5,8,3,0,7,1,4,9]",7801754d202c644f,554d2c4356eb74d7,100,0.01,1.0,15500,0.09416675850313727,0.00047083379251568636,0.2822564546112828,1.6670001059537753e-06,6.933300028322265e-05,100,0.028864709000117728,0.00029187499967520125,0.03261749999910535,0.9999998958349986,2.0832999192421653e-07,0.28143711498515217,0.0004564318161614089,0.0,0.0,0.27109437725874574,1.0141283741422513,1e-12
success,,B-B_1.70_sto-6g_as-006-004,hamiltonian_generator/b2_controlled_active_space_libraries/occ-006/B-B/1.70/sto-6g/B-B_1.70_sto-6g_as-006-004.tensors.npz,B-B,1.70,sto-6g,6,4,10,105,155,jw,random_groups,17,3080585975,155,4384,0.3673229995810641,11,"[23,16,18,10,8,11,7,4,18,24,16]","[1,3,10,7,6,8,5,4,2,0,9]",42a9482a620b9b47,3bb7a47d5d26711b,100,0.01,1.0,15500,0.16265674525652027,0.0008132837262826014,0.8421564823035523,1.583999619469978e-06,7.575000017823186e-05,100,0.028864709000117728,0.00029187499967520125,0.03249366599993664,0.9999996879620076,6.240758875231123e-07,0.28138168019249404,0.0007899848004168634,0.0,0.0,0.8120936526115763,0.19212881989271297,1e-12
success,,B-B_1.70_sto-6g_as-006-004,hamiltonian_generator/b2_controlled_active_space_libraries/occ-006/B-B/1.70/sto-6g/B-B_1.70_sto-6g_as-006-004.tensors.npz,B-B,1.70,sto-6g,6,4,10,105,155,fermionic,random_groups,17,4042951002,105,2066,0.3783882783882784,12,"[11,8,11,4,4,17,9,3,8,17,11,2]","[7,11,5,1,2,10,6,4,0,3,8,9]",851f07e80f2f337f,fc26fdf3b48d8354,100,0.01,1.0,15500,0.11459858204765258,0.0005729929102382629,0.4180296901780309,1.7089987522922456e-06,0.00012620900088222697,100,0.028864709000117728,0.00029187499967520125,0.032620374999169144,0.9999998392446032,3.215107676757256e-07,0.2814688733113317,0.0005670192179670122,0.0,0.0,0.41837356465092135,1.5650804239977982,1e-12
success,,B-B_1.70_sto-6g_as-006-004,hamiltonian_generator/b2_controlled_active_space_libraries/occ-006/B-B/1.70/sto-6g/B-B_1.70_sto-6g_as-006-004.tensors.npz,B-B,1.70,sto-6g,6,4,10,105,155,jw,random_groups,18,4232290924,155,4384,0.3673229995810641,11,"[23,16,18,10,8,11,7,4,18,24,16]","[2,1,4,3,7,9,8,10,0,6,5]",01c460e578f7b81e,01ce02bb44333c95,100,0.01,1.0,15500,0.45474603036644423,0.002273730151832221,6.582433396369998,1.7500005924375728e-06,7.349999941652641e-05,100,0.028864709000117728,0.00029187499967520125,0.03255466699920362,0.9999975017995171,4.996394724843256e-06,0.2817254607024919,0.002235263064127121,0.0,0.0,6.501677957934087,1.5381966222285104,1e-12
success,,B-B_1.70_sto-6g_as-006-004,hamiltonian_generator/b2_controlled_active_space_libraries/occ-006/B-B/1.70/sto-6g/B-B_1.70_sto-6g_as-006-004.tensors.npz,B-B,1.70,sto-6g,6,4,10,105,155,fermionic,random_groups,18,3430549508,105,2066,0.3783882783882784,12,"[11,8,11,4,4,17,9,3,8,17,11,2]","[0,11,3,5,6,8,9,10,1,4,2,7]",47573ac4982ec8c2,dd06cba293486b4d,100,0.01,1.0,15500,0.17033972321304283,0.0008516986160652142,0.9235927488151375,1.6249996406259015e-06,8.320799861394335e-05,100,0.028864709000117728,0.00029187499967520125,0.03245158400022774,0.9999996469698119,7.060602514874503e-07,0.2813204290283609,0.000840273988747418,0.0,0.0,0.9187777641433977,3.4370266531182265,1e-12
success,,B-B_1.70_sto-6g_as-006-004,hamiltonian_generator/b2_controlled_active_space_libraries/occ-006/B-B/1.70/sto-6g/B-B_1.70_sto-6g_as-006-004.tensors.npz,B-B,1.70,sto-6g,6,4,10,105,155,jw,random_groups,19,648668541,155,4384,0.3673229995810641,11,"[23,16,18,10,8,11,7,4,18,24,16]","[7,0,8,6,9,2,5,10,1,3,4]",e244370f7ff04a8e,17961875b49f0cd4,100,0.01,1.0,15500,0.16260293859140337,0.0008130146929570169,0.8415994056585092,1.5829991752980277e-06,8.974999946076423e-05,100,0.028864709000117728,0.00029187499967520125,0.032506542000191985,0.9999996750291126,6.499416692617999e-07,0.281461090065287,0.0008061896643123189,0.0,0.0,0.845752118817013,0.20009189332722777,1e-12
success,,B-B_1.70_sto-6g_as-006-004,hamiltonian_generator/b2_controlled_active_space_libraries/occ-006/B-B/1.70/sto-6g/B-B_1.70_sto-6g_as-006-004.tensors.npz,B-B,1.70,sto-6g,6,4,10,105,155,fermionic,random_groups,19,2135291295,105,2066,0.3783882783882784,12,"[11,8,11,4,4,17,9,3,8,17,11,2]","[6,4,9,10,11,5,1,2,3,7,0,8]",4ac0835ad99865e5,3d0478b54b0d3231,100,0.01,1.0,15500,0.08786501537247872,0.0004393250768623936,0.24574269617771802,1.5420009731315076e-06,9.745900024427101e-05,100,0.028864709000117728,0.00029187499967520125,0.03258420800011663,0.9999999017979271,1.9640413617683095e-07,0.28144956935359555,0.0004431750735722523,0.0,0.0,0.2555755726581523,0.9560745692741041,1e-12
success,,B-B_1.70_sto-6g_as-006-006,hamiltonian_generator/b2_controlled_active_space_libraries/occ-006/B-B/1.70/sto-6g/B-B_1.70_sto-6g_as-006-006.tensors.npz,B-B,1.70,sto-6g,6,6,12,182,286,baseline,jw_raw,-1,-1,,,,,[],[],4f53cda18c2baa0c,e0c1fcbda7a2f985,100,0.01,1.0,28600,0.17716001414261467,0.0008858000707130734,1.0,2.375001713517122e-06,0.00017941599980986211,400,0.1225357500006794,0.0004807919995073462,0.2264990840012615,0.9999996248152863,7.503692867061318e-07,0.1961415337452143,0.0008662386665823752,1.8240964294591322e-13,1.8252066524837574e-13,1.0,,1e-12
success,,B-B_1.70_sto-6g_as-006-006,hamiltonian_generator/b2_controlled_active_space_libraries/occ-006/B-B/1.70/sto-6g/B-B_1.70_sto-6g_as-006-006.tensors.npz,B-B,1.70,sto-6g,6,6,12,182,286,jw,current,-1,-1,286,15076,0.36991780149674885,14,"[30,20,36,10,8,19,19,18,20,16,16,12,20,42]","[0,1,2,3,4,5,6,7,8,9,10,11,12,13]",a525c246f7c35001,fda458d8e54c637c,100,0.01,1.0,28600,0.4859314054927928,0.002429657027463964,7.523475721476436,3.0409992177737877e-06,0.000203957999474369,400,0.1225357500006794,0.0004807919995073462,0.22582808299921453,0.9999973881703109,5.223652556507474e-06,0.1968727585103501,0.002285532624611127,1.872946242542639e-13,1.8740564655672642e-13,6.9614423845058315,1.0,1e-12
success,,B-B_1.70_sto-6g_as-006-006,hamiltonian_generator/b2_controlled_active_space_libraries/occ-006/B-B/1.70/sto-6g/B-B_1.70_sto-6g_as-006-006.tensors.npz,B-B,1.70,sto-6g,6,6,12,182,286,fermionic,current,-1,-1,182,7114,0.43191063080565845,19,"[12,16,12,10,4,4,10,10,10,9,6,6,11,6,4,19,23,8,2]","[0,1,2,3,4,5,6,7,8,9,10,11,12,13,14,15,16,17,18]",6b7a46e82186b833,5ab962251917a2fe,100,0.01,1.0,28600,0.5538017918435583,0.0027690089592177915,9.7718614475465,3.291999746579677e-06,0.0002179160001105629,400,0.1225357500006794,0.0004807919995073462,0.22667604199887137,0.9999965612771973,6.877433780694275e-06,0.19683253443515292,0.0026224884376213494,1.7885692926711272e-13,1.787459069646502e-13,9.165398827667762,1.0,1e-12
success,,B-B_1.70_sto-6g_as-006-006,hamiltonian_generator/b2_controlled_active_space_libraries/occ-006/B-B/1.70/sto-6g/B-B_1.70_sto-6g_as-006-006.tensors.npz,B-B,1.70,sto-6g,6,6,12,182,286,jw,reverse_groups,-1,-1,286,15076,0.36991780149674885,14,"[30,20,36,10,8,19,19,18,20,16,16,12,20,42]","[13,12,11,10,9,8,7,6,5,4,3,2,1,0]",88bc2d1b87d6e0dd,6f8ef9fb0b1f509b,100,0.01,1.0,28600,0.4859314054927928,0.002429657027463964,7.523475721476436,3.832999937003478e-06,0.00018691700097406283,400,0.1225357500006794,0.0004807919995073462,0.22560366699872247,0.9999973860634551,5.22786625711813e-06,0.19573134316092836,0.0022864542614633014,1.6298074001497298e-13,1.6286971771251046e-13,6.967057887012808,1.000806657901741,1e-12
success,,B-B_1.70_sto-6g_as-006-006,hamiltonian_generator/b2_controlled_active_space_libraries/occ-006/B-B/1.70/sto-6g/B-B_1.70_sto-6g_as-006-006.tensors.npz,B-B,1.70,sto-6g,6,6,12,182,286,fermionic,reverse_groups,-1,-1,182,7114,0.43191063080565845,19,"[12,16,12,10,4,4,10,10,10,9,6,6,11,6,4,19,23,8,2]","[18,17,16,15,14,13,12,11,10,9,8,7,6,5,4,3,2,1,0]",46c2182f32c9912f,913934b0e453c7e7,100,0.01,1.0,28600,0.8576561284670667,0.004288280642335334,23.43661997265233,3.3340002119075507e-06,0.0002473330005159369,400,0.1225357500006794,0.0004807919995073462,0.22549070800050686,0.9999920658714511,1.5868194147450332e-05,0.19530809623529935,0.003983498098138492,1.6298074001497298e-13,1.630917623174355e-13,21.14717970015318,2.3072841780017024,1e-12
success,,B-B_1.70_sto-6g_as-006-006,hamiltonian_generator/b2_controlled_active_space_libraries/occ-006/B-B/1.70/sto-6g/B-B_1.70_sto-6g_as-006-006.tensors.npz,B-B,1.70,sto-6g,6,6,12,182,286,jw,random_groups,0,875189055,286,15076,0.36991780149674885,14,"[30,20,36,10,8,19,19,18,20,16,16,12,20,42]","[4,8,10,11,5,6,9,7,0,2,13,12,3,1]",90fca334b3ed1c65,32deaa5d28862c89,100,0.01,1.0,28600,0.1712705145856247,0.0008563525729281235,0.9346172503363114,3.666000338853337e-06,0.00019916699966415763,400,0.1225357500006794,0.0004807919995073462,0.2307627920017694,0.9999996534080446,6.93183790589913e-07,0.19622014719206615,0.0008325766695722648,1.5798473640415978e-13,1.5798473640415978e-13,0.9237901962016011,0.13270097562793773,1e-12
success,,B-B_1.70_sto-6g_as-006-006,hamiltonian_generator/b2_controlled_active_space_libraries/occ-006/B-B/1.70/sto-6g/B-B_1.70_sto-6g_as-006-006.tensors.npz,B-B,1.70,sto-6g,6,6,12,182,286,fermionic,random_groups,0,2404829148,182,7114,0.43191063080565845,19,"[12,16,12,10,4,4,10,10,10,9,6,6,11,6,4,19,23,8,2]","[0,2,14,4,12,7,3,6,16,18,15,10,9,1,13,5,17,11,8]",5dbd8f64b8f710d7,b7c261c18e0f7fb1,100,0.01,1.0,28600,0.42935907949021684,0.002146795397451084,5.873674691405472,3.6249984987080097e-06,0.00018233300033898558,400,0.1225357500006794,0.0004807919995073462,0.22612495799876342,0.999998023780916,3.9524342626551245e-06,0.19581339298755238,0.001988073984560599,1.4976908602193362e-13,1.496580637194711e-13,5.267318815785996,0.5746960841338885,1e-12
success,,B-B_1.70_sto-6g_as-006-006,hamiltonian_generator/b2_controlled_active_space_libraries/occ-006/B-B/1.70/sto-6g/B-B_1.70_sto-6g_as-006-006.tensors.npz,B-B,1.70,sto-6g,6,6,12,182,286,jw,random_groups,1,2686563299,286,15076,0.36991780149674885,14,"[30,20,36,10,8,19,19,18,20,16,16,12,20,42]","[7,5,1,9,12,11,13,4,8,0,6,3,2,10]",8170814fd1254a88,535810c44e6de021,100,0.01,1.0,28600,0.4214349177471608,0.002107174588735804,5.6588687269993825,3.7089994293637574e-06,0.000292417000309797,400,0.1225357500006794,0.0004807919995073462,0.22571674999926472,0.9999978438277062,4.312339938583598e-06,0.19593054836002963,0.0020766185464939184,1.9817480989559044e-13,1.9806378759312793e-13,5.7469568850736374,0.8255411116904035,1e-12
success,,B-B_1.70_sto-6g_as-006-006,hamiltonian_generator/b2_controlled_active_space_libraries/occ-006/B-B/1.70/sto-6g/B-B_1.70_sto-6g_as-006-006.tensors.npz,B-B,1.70,sto-6g,6,6,12,182,286,fermionic,random_groups,1,2130121150,182,7114,0.43191063080565845,19,"[12,16,12,10,4,4,10,10,10,9,6,6,11,6,4,19,23,8,2]","[0,14,9,11,2,8,18,5,17,3,1,6,15,4,7,13,16,10,12]",63be66dad559d6e4,6180b7eed843e9d3,100,0.01,1.0,28600,0.4061224764190347,0.0020306123820951734,5.255120016293773,3.499999365885742e-06,0.00023850000070524402,400,0.1225357500006794,0.0004807919995073462,0.22544058399944333,0.9999981678889224,3.6642187986046793e-06,0.1966211054307024,0.0019142158068653002,1.695310558602614e-13,1.695310558602614e-13,4.883220653512305,0.5327886702290832,1e-12
success,,B-B_1.70_sto-6g_as-006-006,hamiltonian_generator/b2_controlled_active_space_libraries/occ-006/B-B/1.70/sto-6g/B-B_1.70_sto-6g_as-006-006.tensors.npz,B-B,1.70,sto-6g,6,6,12,182,286,jw,random_groups,2,1285269528,286,15076,0.36991780149674885,14,"[30,20,36,10,8,19,19,18,20,16,16,12,20,42]","[13,3,7,12,6,11,0,1,4,8,5,9,2,10]",4f8c9f512dd2c479,a15f85820b6400d2,100,0.01,1.0,28600,0.5116398444127156,0.002558199222063578,8.340600194116162,3.417000698391348e-06,0.00020154200137767475,400,0.1225357500006794,0.0004807919995073462,0.2252107080003043,0.999996976620612,6.046749635113535e-06,0.19577065191135565,0.002459015814490172,1.624256285026604e-13,1.6231460620019789e-13,8.058365050702871,1.1575711764329866,1e-12
success,,B-B_1.70_sto-6g_as-006-006,hamiltonian_generator/b2_controlled_active_space_libraries/occ-006/B-B/1.70/sto-6g/B-B_1.70_sto-6g_as-006-006.tensors.npz,B-B,1.70,sto-6g,6,6,12,182,286,fermionic,random_groups,2,2543415329,182,7114,0.43191063080565845,19,"[12,16,12,10,4,4,10,10,10,9,6,6,11,6,4,19,23,8,2]","[5,17,3,12,4,11,13,2,6,15,9,18,16,7,14,0,10,1,8]",6c9bee74827fa3bb,d7d85bcd9f090f8c,100,0.01,1.0,28600,0.32496484220177335,0.0016248242110088668,3.364661216771125,3.707998985191807e-06,0.00015262499982782174,400,0.1225357500006794,0.0004807919995073462,0.2254750829997647,0.9999987487184373,2.5025615596474537e-06,0.1962965832105668,0.0015819491538589302,1.5010215292932116e-13,1.5010215292932116e-13,3.3351065988226347,0.3638801389367679,1e-12
success,,B-B_1.70_sto-6g_as-006-006,hamiltonian_generator/b2_controlled_active_space_libraries/occ-006/B-B/1.70/sto-6g/B-B_1.70_sto-6g_as-006-006.tensors.npz,B-B,1.70,sto-6g,6,6,12,182,286,jw,random_groups,3,2927273521,286,15076,0.36991780149674885,14,"[30,20,36,10,8,19,19,18,20,16,16,12,20,42]","[4,8,7,13,2,3,6,1,0,11,9,5,12,10]",2980bc0b575f09fb,8176a66b244734d2,100,0.01,1.0,28600,0.3306420059171935,0.0016532100295859676,3.48324996562571,3.1250001484295353e-06,0.0003713329988386249,400,0.1225357500006794,0.0004807919995073462,0.22510574999978417,0.9999987356274498,2.52874350181731e-06,0.19661533989928487,0.0015902028488301242,1.7674750552032492e-13,1.766364832178624e-13,3.3699986748093615,0.48409488848316967,1e-12
success,,B-B_1.70_sto-6g_as-006-006,hamiltonian_generator/b2_controlled_active_space_libraries/occ-006/B-B/1.70/sto-6g/B-B_1.70_sto-6g_as-006-006.tensors.npz,B-B,1.70,sto-6g,6,6,12,182,286,fermionic,random_groups,3,623401407,182,7114,0.43191063080565845,19,"[12,16,12,10,4,4,10,10,10,9,6,6,11,6,4,19,23,8,2]","[0,9,10,3,2,4,8,6,16,11,14,13,12,5,18,15,17,7,1]",9c5f874e88328d45,c0c251fed1a8c444,100,0.01,1.0,28600,0.27699504446320833,0.0013849752223160415,2.444626900221654,3.0409992177737877e-06,0.0002460409996274393,400,0.1225357500006794,0.0004807919995073462,0.2250164590004715,0.9999990995822623,1.8008346646114504e-06,0.19634194219042403,0.0013419521136789215,1.4233059175694507e-13,1.4244161405940758e-13,2.399931202563617,0.26184689261081573,1e-12
success,,B-B_1.70_sto-6g_as-006-006,hamiltonian_generator/b2_controlled_active_space_libraries/occ-006/B-B/1.70/sto-6g/B-B_1.70_sto-6g_as-006-006.tensors.npz,B-B,1.70,sto-6g,6,6,12,182,286,jw,random_groups,4,1771982391,286,15076,0.36991780149674885,14,"[30,20,36,10,8,19,19,18,20,16,16,12,20,42]","[12,11,0,6,10,9,3,2,5,8,4,13,7,1]",3609cd73bed19e59,271c923f7366a564,100,0.01,1.0,28600,0.37284398817989717,0.0018642199408994858,4.429175378942509,2.959000994451344e-06,0.00018420800006424543,400,0.1225357500006794,0.0004807919995073462,0.22492391599917028,0.9999982624874914,3.475021998378125e-06,0.19624299696433875,0.00186414189838021,1.3589129821411916e-13,1.3600232051658168e-13,4.631082401616276,0.6652475371948396,1e-12
success,,B-B_1.70_sto-6g_as-006-006,hamiltonian_generator/b2_controlled_active_space_libraries/occ-006/B-B/1.70/sto-6g/B-B_1.70_sto-6g_as-006-006.tensors.npz,B-B,1.70,sto-6g,6,6,12,182,286,fermionic,random_groups,4,2160449059,182,7114,0.43191063080565845,19,"[12,16,12,10,4,4,10,10,10,9,6,6,11,6,4,19,23,8,2]","[18,7,4,8,6,12,11,1,16,9,17,3,0,14,5,2,10,13,15]",bc7201a4352bca53,82a42aba917aecad,100,0.01,1.0,28600,0.42606796890320514,0.002130339844516026,5.783974361268315,3.0840001272736117e-06,0.000160833998961607,400,0.1225357500006794,0.0004807919995073462,0.2251635000011447,0.9999980378411188,3.924313912273547e-06,0.19667195319492664,0.0019809890868717453,1.7030821197749901e-13,1.7041923427996153e-13,5.2298434674744785,0.570607298799377,1e-12
success,,B-B_1.70_sto-6g_as-006-006,hamiltonian_generator/b2_controlled_active_space_libraries/occ-006/B-B/1.70/sto-6g/B-B_1.70_sto-6g_as-006-006.tensors.npz,B-B,1.70,sto-6g,6,6,12,182,286,jw,random_groups,5,1551410299,286,15076,0.36991780149674885,14,"[30,20,36,10,8,19,19,18,20,16,16,12,20,42]","[10,0,11,4,12,2,7,8,1,9,5,6,13,3]",0e1742bf786bccd1,6adf03d8d7ba7541,100,0.01,1.0,28600,0.520429672657091,0.0026021483632854545,8.629640180029869,3.0829996831016615e-06,0.00023024999973131344,400,0.1225357500006794,0.0004807919995073462,0.2253309169991553,0.9999967946913877,6.410606950613129e-06,0.19679867398392537,0.0025319196718334093,1.8096635301390052e-13,1.8096635301390052e-13,8.543269379739051,1.2272269032569905,1e-12
success,,B-B_1.70_sto-6g_as-006-006,hamiltonian_generator/b2_controlled_active_space_libraries/occ-006/B-B/1.70/sto-6g/B-B_1.70_sto-6g_as-006-006.tensors.npz,B-B,1.70,sto-6g,6,6,12,182,286,fermionic,random_groups,5,3073906834,182,7114,0.43191063080565845,19,"[12,16,12,10,4,4,10,10,10,9,6,6,11,6,4,19,23,8,2]","[14,15,12,18,16,0,1,4,11,13,17,2,7,5,10,3,8,6,9]",614205b41241924c,f23f2de984c87239,100,0.01,1.0,28600,0.6730444012723084,0.0033652220063615417,14.432980314432799,3.7089994293637574e-06,0.00028745800045726355,400,0.1225357500006794,0.0004807919995073462,0.22518858400144381,0.999995317212283,9.365553505613633e-06,0.1954050917562413,0.003060322766322644,1.3999912340523224e-13,1.3999912340523224e-13,12.481259123391437,1.3617802518002846,1e-12
success,,B-B_1.70_sto-6g_as-006-006,hamiltonian_generator/b2_controlled_active_space_libraries/occ-006/B-B/1.70/sto-6g/B-B_1.70_sto-6g_as-006-006.tensors.npz,B-B,1.70,sto-6g,6,6,12,182,286,jw,random_groups,6,2141513781,286,15076,0.36991780149674885,14,"[30,20,36,10,8,19,19,18,20,16,16,12,20,42]","[0,12,6,1,8,9,11,3,7,10,4,13,5,2]",2904ead699d96c84,cc9e70bcef461dfb,100,0.01,1.0,28600,0.3378178837353192,0.001689089418676596,3.6360836123530573,3.417000698391348e-06,0.00031600000147591345,400,0.1225357500006794,0.0004807919995073462,0.22502766599973256,0.9999986675753035,2.6648476175727964e-06,0.19608886975743328,0.0016324366428533865,1.5287771049088406e-13,1.5265566588595902e-13,3.5513815194523475,0.5101502423343618,1e-12
success,,B-B_1.70_sto-6g_as-006-006,hamiltonian_generator/b2_controlled_active_space_libraries/occ-006/B-B/1.70/sto-6g/B-B_1.70_sto-6g_as-006-006.tensors.npz,B-B,1.70,sto-6g,6,6,12,182,286,fermionic,random_groups,6,2818947403,182,7114,0.43191063080565845,19,"[12,16,12,10,4,4,10,10,10,9,6,6,11,6,4,19,23,8,2]","[5,10,2,11,7,14,15,12,4,18,8,6,17,3,9,0,16,1,13]",f9e1a71f0a45bcbf,f439310e46d647df,100,0.01,1.0,28600,0.4399427401567257,0.0021997137007836285,6.166814691182758,2.8750000637955964e-06,0.00018329200065636542,400,0.1225357500006794,0.0004807919995073462,0.22507479200066882,0.9999977990742775,4.401846600776693e-06,0.19605683946810187,0.0020980589707874737,1.5165646516379638e-13,1.5165646516379638e-13,5.866240368258295,0.6400420187444288,1e-12
success,,B-B_1.70_sto-6g_as-006-006,hamiltonian_generator/b2_controlled_active_space_libraries/occ-006/B-B/1.70/sto-6g/B-B_1.70_sto-6g_as-006-006.tensors.npz,B-B,1.70,sto-6g,6,6,12,182,286,jw,random_groups,7,1569605635,286,15076,0.36991780149674885,14,"[30,20,36,10,8,19,19,18,20,16,16,12,20,42]","[0,6,7,4,3,9,1,8,2,12,11,5,13,10]",65b979a6d43dc02c,223318727b745523,100,0.01,1.0,28600,0.2644964424607001,0.0013224822123035003,2.228990705389677,2.791999577311799e-06,0.00025729099979798775,400,0.1225357500006794,0.0004807919995073462,0.22514483300074062,0.9999992025961645,1.5948070352100885e-06,0.19616295701613665,0.0012628569479694897,1.7819079545233762e-13,1.7819079545233762e-13,2.1253628892658356,0.3053049600749813,1e-12
success,,B-B_1.70_sto-6g_as-006-006,hamiltonian_generator/b2_controlled_active_space_libraries/occ-006/B-B/1.70/sto-6g/B-B_1.70_sto-6g_as-006-006.tensors.npz,B-B,1.70,sto-6g,6,6,12,182,286,fermionic,random_groups,7,2854921744,182,7114,0.43191063080565845,19,"[12,16,12,10,4,4,10,10,10,9,6,6,11,6,4,19,23,8,2]","[15,17,12,8,2,14,11,13,9,3,6,1,4,16,7,0,5,18,10]",54071ea67386ad4a,476400bebcc06787,100,0.01,1.0,28600,0.35448660118947645,0.0017724330059473823,4.003761843431181,4.125000486965291e-06,0.00022487499882117845,400,0.1225357500006794,0.0004807919995073462,0.2258815000004688,0.9999985724238237,2.855150314617916e-06,0.19596587917638816,0.0016897196076696571,1.7508217098338719e-13,1.751931932858497e-13,3.8049935747651173,0.41514762710367953,1e-12
success,,B-B_1.70_sto-6g_as-006-006,hamiltonian_generator/b2_controlled_active_space_libraries/occ-006/B-B/1.70/sto-6g/B-B_1.70_sto-6g_as-006-006.tensors.npz,B-B,1.70,sto-6g,6,6,12,182,286,jw,random_groups,8,1478442885,286,15076,0.36991780149674885,14,"[30,20,36,10,8,19,19,18,20,16,16,12,20,42]","[7,1,5,3,9,8,10,0,6,13,12,11,4,2]",e20b91d6c624acc4,ac0163faadea6dc4,100,0.01,1.0,28600,0.3430538224054014,0.001715269112027007,3.7496705590756894,3.832999937003478e-06,0.00029404100132524036,400,0.1225357500006794,0.0004807919995073462,0.22495854199951282,0.99999863260105,2.734796030190445e-06,0.19593558786156426,0.0016537224373869518,1.9706458687096529e-13,1.9695356456850277e-13,3.644600170397802,0.5235409515863599,1e-12
success,,B-B_1.70_sto-6g_as-006-006,hamiltonian_generator/b2_controlled_active_space_libraries/occ-006/B-B/1.70/sto-6g/B-B_1.70_sto-6g_as-006-006.tensors.npz,B-B,1.70,sto-6g,6,6,12,182,286,fermionic,random_groups,8,3915056856,182,7114,0.43191063080565845,19,"[12,16,12,10,4,4,10,10,10,9,6,6,11,6,4,19,23,8,2]","[14,13,5,1,12,15,7,0,16,9,17,11,6,4,18,10,3,8,2]",8ecaa90839d7bfbd,5f197782bd509f84,100,0.01,1.0,28600,0.147428397500661,0.000737141987503305,0.6925176988885908,3.1659983505960554e-06,0.00018104199989465997,400,0.1225357500006794,0.0004807919995073462,0.22478699999919627,0.9999997301326121,5.397347029312272e-07,0.1962986624905546,0.0007346664384343806,1.6509016376176078e-13,1.6509016376176078e-13,0.7192921038925788,0.07847908393481341,1e-12
success,,B-B_1.70_sto-6g_as-006-006,hamiltonian_generator/b2_controlled_active_space_libraries/occ-006/B-B/1.70/sto-6g/B-B_1.70_sto-6g_as-006-006.tensors.npz,B-B,1.70,sto-6g,6,6,12,182,286,jw,random_groups,9,1176196188,286,15076,0.36991780149674885,14,"[30,20,36,10,8,19,19,18,20,16,16,12,20,42]","[6,4,11,7,10,2,12,5,8,1,13,0,9,3]",63950b1d3d36bfe2,f1414ff68225fed5,100,0.01,1.0,28600,0.25627878751342675,0.0012813939375671338,2.0926370426607743,3.0409992177737877e-06,0.0003827500004263129,400,0.1225357500006794,0.0004807919995073462,0.22495354200145812,0.9999992912308209,1.4175378558745066e-06,0.19649671411375327,0.0011906041988210966,1.6775469902086115e-13,1.6786572132332367e-13,1.8891203051460435,0.2713690928981445,1e-12
success,,B-B_1.70_sto-6g_as-006-006,hamiltonian_generator/b2_controlled_active_space_libraries/occ-006/B-B/1.70/sto-6g/B-B_1.70_sto-6g_as-006-006.tensors.npz,B-B,1.70,sto-6g,6,6,12,182,286,fermionic,random_groups,9,3753125171,182,7114,0.43191063080565845,19,"[12,16,12,10,4,4,10,10,10,9,6,6,11,6,4,19,23,8,2]","[17,9,7,11,12,13,8,3,18,6,4,15,1,16,14,0,5,2,10]",e29457b478dc3d28,c1603787aeab8700,100,0.01,1.0,28600,0.32308930153025006,0.0016154465076512502,3.325934884650244,3.3750002330634743e-06,0.00027216700073040556,400,0.1225357500006794,0.0004807919995073462,0.22786112500034506,0.9999988435487311,2.312901200340889e-06,0.19651745947102653,0.0015208229804009224,1.7774670624248756e-13,1.7763568394002505e-13,3.0823505723345175,0.33630294003461886,1e-12
success,,B-B_1.70_sto-6g_as-006-006,hamiltonian_generator/b2_controlled_active_space_libraries/occ-006/B-B/1.70/sto-6g/B-B_1.70_sto-6g_as-006-006.tensors.npz,B-B,1.70,sto-6g,6,6,12,182,286,jw,random_groups,10,3622898362,286,15076,0.36991780149674885,14,"[30,20,36,10,8,19,19,18,20,16,16,12,20,42]","[7,0,9,1,12,13,5,10,3,8,2,4,11,6]",6f7a63d81e63e649,aba819d5f1c38964,100,0.01,1.0,28600,0.2245142518719563,0.0011225712593597816,1.6060402187468137,3.3340002119075507e-06,0.00028241699874342885,400,0.1225357500006794,0.0004807919995073462,0.22551895799915656,0.9999994525960748,1.0948075507277721e-06,0.1960024483447807,0.0010463306601533602,1.723066134218243e-13,1.724176357242868e-13,1.459025002920373,0.20958659460685086,1e-12
success,,B-B_1.70_sto-6g_as-006-006,hamiltonian_generator/b2_controlled_active_space_libraries/occ-006/B-B/1.70/sto-6g/B-B_1.70_sto-6g_as-006-006.tensors.npz,B-B,1.70,sto-6g,6,6,12,182,286,fermionic,random_groups,10,2816548403,182,7114,0.43191063080565845,19,"[12,16,12,10,4,4,10,10,10,9,6,6,11,6,4,19,23,8,2]","[4,10,11,5,16,13,17,15,7,9,1,3,6,18,2,8,14,12,0]",837616c2d63e7137,44b296cb3a6712aa,100,0.01,1.0,28600,0.5819228221869891,0.0029096141109349453,10.789451504128856,3.2909993024077266e-06,0.00020154199955868535,400,0.1225357500006794,0.0004807919995073462,0.2253530000016326,0.9999964191321709,7.161722835657969e-06,0.19555020210147694,0.0026761419353782067,1.326716514427062e-13,1.326716514427062e-13,9.544264354282832,1.0413365019612002,1e-12
success,,B-B_1.70_sto-6g_as-006-006,hamiltonian_generator/b2_controlled_active_space_libraries/occ-006/B-B/1.70/sto-6g/B-B_1.70_sto-6g_as-006-006.tensors.npz,B-B,1.70,sto-6g,6,6,12,182,286,jw,random_groups,11,1488389184,286,15076,0.36991780149674885,14,"[30,20,36,10,8,19,19,18,20,16,16,12,20,42]","[11,7,3,5,10,2,1,8,0,4,6,13,9,12]",c59c06dbb4e4924d,601a5c290bd8ff9b,100,0.01,1.0,28600,0.33244847075406997,0.0016622423537703498,3.5214154598291074,3.249999281251803e-06,0.00027349999982106965,400,0.1225357500006794,0.0004807919995073462,0.22525416600001336,0.9999987374198075,2.525158790955828e-06,0.19642298191977348,0.0015890753238956444,1.4954704141700859e-13,1.4954704141700859e-13,3.3652214125666364,0.483408642446952,1e-12
success,,B-B_1.70_sto-6g_as-006-006,hamiltonian_generator/b2_controlled_active_space_libraries/occ-006/B-B/1.70/sto-6g/B-B_1.70_sto-6g_as-006-006.tensors.npz,B-B,1.70,sto-6g,6,6,12,182,286,fermionic,random_groups,11,605268781,182,7114,0.43191063080565845,19,"[12,16,12,10,4,4,10,10,10,9,6,6,11,6,4,19,23,8,2]","[5,0,4,18,2,9,1,16,6,15,10,11,17,13,3,7,12,8,14]",bb6e10f575b4b46f,8836f9cd4e2cd6e5,100,0.01,1.0,28600,0.5306527102797537,0.0026532635513987685,8.972001981963503,3.4580007195472717e-06,0.0003031249998457497,400,0.1225357500006794,0.0004807919995073462,0.225178083001083,0.9999970009671382,5.9980567294060094e-06,0.19568562285453361,0.0024490948784511796,1.5987211554602254e-13,1.5987211554602254e-13,7.993473128058661,0.8721358751927535,1e-12
success,,B-B_1.70_sto-6g_as-006-006,hamiltonian_generator/b2_controlled_active_space_libraries/occ-006/B-B/1.70/sto-6g/B-B_1.70_sto-6g_as-006-006.tensors.npz,B-B,1.70,sto-6g,6,6,12,182,286,jw,random_groups,12,3167853451,286,15076,0.36991780149674885,14,"[30,20,36,10,8,19,19,18,20,16,16,12,20,42]","[0,9,5,13,7,12,8,10,3,6,1,2,4,11]",e8a615ee1b93dfcd,9a4268d8ccae082c,100,0.01,1.0,28600,0.43271585909874416,0.0021635792954937207,5.965875862148104,3.0420014809351414e-06,0.0001993750011024531,400,0.1225357500006794,0.0004807919995073462,0.2249549170010141,0.9999978487810818,4.302433208702716e-06,0.19600716863620166,0.002074231866606371,1.6819878823071122e-13,1.6819878823071122e-13,5.733754412562576,0.8236445977523659,1e-12
success,,B-B_1.70_sto-6g_as-006-006,hamiltonian_generator/b2_controlled_active_space_libraries/occ-006/B-B/1.70/sto-6g/B-B_1.70_sto-6g_as-006-006.tensors.npz,B-B,1.70,sto-6g,6,6,12,182,286,fermionic,random_groups,12,2683165452,182,7114,0.43191063080565845,19,"[12,16,12,10,4,4,10,10,10,9,6,6,11,6,4,19,23,8,2]","[2,13,11,7,10,5,8,18,1,6,12,14,4,17,9,3,16,15,0]",d449ad1c777d9d18,30d7dd9b022be6f3,100,0.01,1.0,28600,0.30431801726283914,0.0015215900863141958,2.9506922690475923,3.041999661945738e-06,0.00021041599939053413,400,0.1225357500006794,0.0004807919995073462,0.22492624999904365,0.9999989128280715,2.174342675020924e-06,0.19605881613018414,0.0014745656502727696,1.5543122344752192e-13,1.5554224574998443e-13,2.8976967921562395,0.3161561047849776,1e-12
success,,B-B_1.70_sto-6g_as-006-006,hamiltonian_generator/b2_controlled_active_space_libraries/occ-006/B-B/1.70/sto-6g/B-B_1.70_sto-6g_as-006-006.tensors.npz,B-B,1.70,sto-6g,6,6,12,182,286,jw,random_groups,13,2054938735,286,15076,0.36991780149674885,14,"[30,20,36,10,8,19,19,18,20,16,16,12,20,42]","[6,2,8,0,1,7,5,10,13,11,4,9,3,12]",a2f645b9ff0c8344,d4c80fd4750692d8,100,0.01,1.0,28600,0.6160235206343397,0.0030801176031716986,12.09102659229423,3.0409992177737877e-06,0.00014799999917158857,400,0.1225357500006794,0.0004807919995073462,0.22477112500018848,0.9999958021727985,8.395636781233229e-06,0.19715660444520167,0.0028975255655517766,1.8740564655672642e-13,1.8740564655672642e-13,11.188673270580201,1.6072349166435638,1e-12
success,,B-B_1.70_sto-6g_as-006-006,hamiltonian_generator/b2_controlled_active_space_libraries/occ-006/B-B/1.70/sto-6g/B-B_1.70_sto-6g_as-006-006.tensors.npz,B-B,1.70,sto-6g,6,6,12,182,286,fermionic,random_groups,13,4265844992,182,7114,0.43191063080565845,19,"[12,16,12,10,4,4,10,10,10,9,6,6,11,6,4,19,23,8,2]","[6,4,0,12,7,11,18,5,15,17,3,1,2,10,9,13,14,8,16]",e362724afc587c68,ad2af23a0e62eeca,100,0.01,1.0,28600,0.3020770949009107,0.0015103854745045536,2.907395938570745,3.3329997677356005e-06,0.00022158399951877072,400,0.1225357500006794,0.0004807919995073462,0.2248043339986907,0.9999989868615233,2.0262759269362718e-06,0.1960465024174033,0.0014234735520330043,1.5931700403370996e-13,1.5931700403370996e-13,2.700371620793463,0.29462674473496997,1e-12
success,,B-B_1.70_sto-6g_as-006-006,hamiltonian_generator/b2_controlled_active_space_libraries/occ-006/B-B/1.70/sto-6g/B-B_1.70_sto-6g_as-006-006.tensors.npz,B-B,1.70,sto-6g,6,6,12,182,286,jw,random_groups,14,4085885249,286,15076,0.36991780149674885,14,"[30,20,36,10,8,19,19,18,20,16,16,12,20,42]","[7,8,2,0,11,4,5,13,3,9,10,6,1,12]",1976654bda6bea9c,1884d812c5e1608f,100,0.01,1.0,28600,0.4424339460087352,0.002212169730043676,6.236852447950683,3.0420014809351414e-06,0.00022616700152866542,400,0.1225357500006794,0.0004807919995073462,0.22456525000052352,0.9999977714895577,4.457015918335472e-06,0.19679501401451283,0.002111165764355112,1.45328193923433e-13,1.4521717162097048e-13,5.939763256969471,0.8532374368549935,1e-12
success,,B-B_1.70_sto-6g_as-006-006,hamiltonian_generator/b2_controlled_active_space_libraries/occ-006/B-B/1.70/sto-6g/B-B_1.70_sto-6g_as-006-006.tensors.npz,B-B,1.70,sto-6g,6,6,12,182,286,fermionic,random_groups,14,1972977524,182,7114,0.43191063080565845,19,"[12,16,12,10,4,4,10,10,10,9,6,6,11,6,4,19,23,8,2]","[2,17,9,12,10,3,5,0,14,16,1,4,13,7,6,11,15,8,18]",50713776be840bb0,a51acfa431e3146d,100,0.01,1.0,28600,0.23939357237493997,0.0011969678618746998,1.8259696663715408,2.8750000637955964e-06,0.00026045800041174516,400,0.1225357500006794,0.0004807919995073462,0.224610749999556,0.9999993120581544,1.3758832179133762e-06,0.19617426379275224,0.0011729806866276407,1.66644475996236e-13,1.66644475996236e-13,1.8336081210800081,0.20005764675999266,1e-12
success,,B-B_1.70_sto-6g_as-006-006,hamiltonian_generator/b2_controlled_active_space_libraries/occ-006/B-B/1.70/sto-6g/B-B_1.70_sto-6g_as-006-006.tensors.npz,B-B,1.70,sto-6g,6,6,12,182,286,jw,random_groups,15,2862677085,286,15076,0.36991780149674885,14,"[30,20,36,10,8,19,19,18,20,16,16,12,20,42]","[9,11,7,4,2,1,13,10,3,12,6,8,5,0]",7c547cd05efd61e3,83fec137fa85988c,100,0.01,1.0,28600,0.4257323645540011,0.0021286618227700053,5.774866131589088,7.915999958640896e-06,0.00015545800124527887,400,0.1225357500006794,0.0004807919995073462,0.22456954199878965,0.9999978484266462,4.303142078332378e-06,0.19617407633334166,0.002074402735157598,1.6464607455191071e-13,1.6464607455191071e-13,5.734699106918037,0.8237803015768438,1e-12
success,,B-B_1.70_sto-6g_as-006-006,hamiltonian_generator/b2_controlled_active_space_libraries/occ-006/B-B/1.70/sto-6g/B-B_1.70_sto-6g_as-006-006.tensors.npz,B-B,1.70,sto-6g,6,6,12,182,286,fermionic,random_groups,15,449764996,182,7114,0.43191063080565845,19,"[12,16,12,10,4,4,10,10,10,9,6,6,11,6,4,19,23,8,2]","[16,7,17,9,2,8,1,11,10,18,0,13,15,12,3,4,6,5,14]",44a64091db8f1093,6692174efed34e0e,100,0.01,1.0,28600,0.4037548435259729,0.0020187742176298647,5.194025505814403,3.0000010156072676e-06,0.00022329199964588042,400,0.1225357500006794,0.0004807919995073462,0.2245142499996291,0.9999980261218355,3.947752432731377e-06,0.19605964179567598,0.0019868961545455918,1.5731860258938468e-13,1.5731860258938468e-13,5.26107944804175,0.5740153316798424,1e-12
success,,B-B_1.70_sto-6g_as-006-006,hamiltonian_generator/b2_controlled_active_space_libraries/occ-006/B-B/1.70/sto-6g/B-B_1.70_sto-6g_as-006-006.tensors.npz,B-B,1.70,sto-6g,6,6,12,182,286,jw,random_groups,16,2525356022,286,15076,0.36991780149674885,14,"[30,20,36,10,8,19,19,18,20,16,16,12,20,42]","[6,8,5,12,3,2,13,9,1,10,4,0,7,11]",02a383d52e48c72d,250e7bdfbb3f9f89,100,0.01,1.0,28600,0.24409144907960856,0.0012204572453980427,1.8983387754308394,3.2500011002412066e-06,0.0003698330001498107,400,0.1225357500006794,0.0004807919995073462,0.22460258299906855,0.9999993102536383,1.3794922476551008e-06,0.1961587015037228,0.0011745180813361993,1.7852386235972517e-13,1.7852386235972517e-13,1.8384177925386669,0.26408575852476435,1e-12
success,,B-B_1.70_sto-6g_as-006-006,hamiltonian_generator/b2_controlled_active_space_libraries/occ-006/B-B/1.70/sto-6g/B-B_1.70_sto-6g_as-006-006.tensors.npz,B-B,1.70,sto-6g,6,6,12,182,286,fermionic,random_groups,16,4221607828,182,7114,0.43191063080565845,19,"[12,16,12,10,4,4,10,10,10,9,6,6,11,6,4,19,23,8,2]","[13,18,1,4,6,5,3,9,14,7,8,10,15,11,0,12,17,2,16]",b0e6d4a7b76dbc80,50662508f0031616,100,0.01,1.0,28600,0.23644815960083215,0.0011822407980041608,1.7813139273502023,2.8329995984677225e-06,0.00021100000049045775,400,0.1225357500006794,0.0004807919995073462,0.22456229100134806,0.9999993308734826,1.338252587079758e-06,0.19637495603618432,0.0011568288701587213,1.4988010832439613e-13,1.4988010832439613e-13,1.7834586393510796,0.19458603743105202,1e-12
success,,B-B_1.70_sto-6g_as-006-006,hamiltonian_generator/b2_controlled_active_space_libraries/occ-006/B-B/1.70/sto-6g/B-B_1.70_sto-6g_as-006-006.tensors.npz,B-B,1.70,sto-6g,6,6,12,182,286,jw,random_groups,17,4003130920,286,15076,0.36991780149674885,14,"[30,20,36,10,8,19,19,18,20,16,16,12,20,42]","[12,3,10,1,0,6,9,4,11,13,2,5,7,8]",f2f1fe86512477bc,933f579c0d4b6af1,100,0.01,1.0,28600,0.3368651120734021,0.0016843255603670104,3.615602328166051,3.249999281251803e-06,0.00020258299991837703,400,0.1225357500006794,0.0004807919995073462,0.2245123329994385,0.999998735897805,2.5282027921180728e-06,0.19603452799894153,0.0015900328267246786,1.844080443902385e-13,1.844080443902385e-13,3.369278083350174,0.48399137667923786,1e-12
success,,B-B_1.70_sto-6g_as-006-006,hamiltonian_generator/b2_controlled_active_space_libraries/occ-006/B-B/1.70/sto-6g/B-B_1.70_sto-6g_as-006-006.tensors.npz,B-B,1.70,sto-6g,6,6,12,182,286,fermionic,random_groups,17,202007895,182,7114,0.43191063080565845,19,"[12,16,12,10,4,4,10,10,10,9,6,6,11,6,4,19,23,8,2]","[11,15,18,1,0,2,14,8,6,3,10,17,12,13,9,5,7,16,4]",329209fde09e233d,8ac1cbd168ba8d04,100,0.01,1.0,28600,0.3607244010092717,0.0018036220050463587,4.145907700880716,2.8750000637955964e-06,0.00020533300084935036,400,0.1225357500006794,0.0004807919995073462,0.22429179099890462,0.9999985333436299,2.9333105892037636e-06,0.1961211073073339,0.0017126916652628616,1.7186252421197423e-13,1.7186252421197423e-13,3.9091559864876775,0.4265123711460362,1e-12
success,,B-B_1.70_sto-6g_as-006-006,hamiltonian_generator/b2_controlled_active_space_libraries/occ-006/B-B/1.70/sto-6g/B-B_1.70_sto-6g_as-006-006.tensors.npz,B-B,1.70,sto-6g,6,6,12,182,286,jw,random_groups,18,4557570,286,15076,0.36991780149674885,14,"[30,20,36,10,8,19,19,18,20,16,16,12,20,42]","[5,2,1,12,9,0,11,13,10,8,7,4,6,3]",e850e9f07d36e677,e616d8cf78dfba24,100,0.01,1.0,28600,0.5647904266336654,0.002823952133168327,10.163498813535726,2.999999196617864e-06,0.00024420800036750734,400,0.1225357500006794,0.0004807919995073462,0.22459479100143653,0.9999964645320035,7.070923493390779e-06,0.19675537109194563,0.0026591231624254873,1.5332179970073412e-13,1.5332179970073412e-13,9.423258145905399,1.353635873921597,1e-12
success,,B-B_1.70_sto-6g_as-006-006,hamiltonian_generator/b2_controlled_active_space_libraries/occ-006/B-B/1.70/sto-6g/B-B_1.70_sto-6g_as-006-006.tensors.npz,B-B,1.70,sto-6g,6,6,12,182,286,fermionic,random_groups,18,3169280580,182,7114,0.43191063080565845,19,"[12,16,12,10,4,4,10,10,10,9,6,6,11,6,4,19,23,8,2]","[14,18,8,6,17,10,11,16,4,9,2,1,0,3,15,13,12,7,5]",18943fc01074c6c6,35da453dfa1a4ab5,100,0.01,1.0,28600,0.20343000262428054,0.0010171500131214027,1.3185560531944025,2.7500009309733286e-06,0.00019799999972747173,400,0.1225357500006794,0.0004807919995073462,0.22452541699931317,0.9999994061392926,1.1877210620570011e-06,0.19623917275992164,0.001089826323216161,1.4921397450962104e-13,1.4932499681208355e-13,1.5828487160911078,0.17269829124215877,1e-12
success,,B-B_1.70_sto-6g_as-006-006,hamiltonian_generator/b2_controlled_active_space_libraries/occ-006/B-B/1.70/sto-6g/B-B_1.70_sto-6g_as-006-006.tensors.npz,B-B,1.70,sto-6g,6,6,12,182,286,jw,random_groups,19,3274228212,286,15076,0.36991780149674885,14,"[30,20,36,10,8,19,19,18,20,16,16,12,20,42]","[8,9,12,3,10,11,7,5,1,13,2,6,4,0]",af1eafa746a48615,6a6aa9eac8957e22,100,0.01,1.0,28600,0.7890209263816004,0.003945104631908002,19.835613200173597,3.0840001272736117e-06,0.0001784169999154983,400,0.1225357500006794,0.0004807919995073462,0.22447145799924328,0.9999932441179674,1.35117184232314e-05,0.19524131839209102,0.0036758351520662725,1.8973711490843925e-13,1.8962609260597674e-13,18.006758355666832,2.5866418711939207,1e-12
success,,B-B_1.70_sto-6g_as-006-006,hamiltonian_generator/b2_controlled_active_space_libraries/occ-006/B-B/1.70/sto-6g/B-B_1.70_sto-6g_as-006-006.tensors.npz,B-B,1.70,sto-6g,6,6,12,182,286,fermionic,random_groups,19,890503771,182,7114,0.43191063080565845,19,"[12,16,12,10,4,4,10,10,10,9,6,6,11,6,4,19,23,8,2]","[6,0,14,8,15,16,18,3,2,12,1,7,10,5,17,4,11,9,13]",13f3930ee0c35523,73de568c48e225a6,100,0.01,1.0,28600,0.410179685011645,0.002050898425058225,5.360642953323543,2.8750000637955964e-06,0.0002130840002791956,400,0.1225357500006794,0.0004807919995073462,0.22419516700028908,0.9999980266879828,3.946620140471424e-06,0.1958456721822954,0.0019866111935825945,1.2723155862204294e-13,1.2734258092450546e-13,5.259570468023493,0.57385069290671,1e-12
success,,B-B_1.70_sto-6g_as-006-008,hamiltonian_generator/b2_controlled_active_space_libraries/occ-006/B-B/1.70/sto-6g/B-B_1.70_sto-6g_as-006-008.tensors.npz,B-B,1.70,sto-6g,6,8,14,283,461,baseline,jw_raw,-1,-1,,,,,[],[],4f53cda18c2baa0c,e24657c9df5361fd,100,0.01,1.0,46100,0.2131466707015067,0.0010657333535075335,1.0,3.791999915847555e-06,0.00036670800000138115,1225,0.43254108400105906,0.0011307089989713859,1.4136408750000555,0.9999994605432312,1.0789132466326734e-06,0.2864493215313129,0.0010387076285568177,2.419175970658216e-13,2.419175970658216e-13,1.0,,1e-12
success,,B-B_1.70_sto-6g_as-006-008,hamiltonian_generator/b2_controlled_active_space_libraries/occ-006/B-B/1.70/sto-6g/B-B_1.70_sto-6g_as-006-008.tensors.npz,B-B,1.70,sto-6g,6,8,14,283,461,jw,current,-1,-1,461,37176,0.35061774969348297,17,"[41,40,40,34,34,17,17,17,17,33,14,44,20,29,20,36,8]","[0,1,2,3,4,5,6,7,8,9,10,11,12,13,14,15,16]",2dec867edfd22cc4,eb0baaf9616a1135,100,0.01,1.0,46100,0.5788955323695675,0.0028944776618478373,7.376380123116201,5.500000042957254e-06,0.00044924999929207843,1225,0.43254108400105906,0.0011307089989713859,1.4110502499988797,0.9999963050319738,7.389922399680948e-06,0.28574686964035034,0.002718443682040617,4.2178061043784965e-10,4.217807214601521e-10,6.849412983615836,1.0,1e-12
success,,B-B_1.70_sto-6g_as-006-008,hamiltonian_generator/b2_controlled_active_space_libraries/occ-006/B-B/1.70/sto-6g/B-B_1.70_sto-6g_as-006-008.tensors.npz,B-B,1.70,sto-6g,6,8,14,283,461,fermionic,current,-1,-1,283,17596,0.44096935067538784,27,"[13,13,13,13,9,9,9,9,13,13,10,12,12,6,6,11,6,8,4,4,6,10,10,12,10,27,15]","[0,1,2,3,4,5,6,7,8,9,10,11,12,13,14,15,16,17,18,19,20,21,22,23,24,25,26]",e0f76f297292bb8a,5b5859d1ec4695b2,100,0.01,1.0,46100,0.28889768199511884,0.0014444884099755941,1.837092429839568,6.125001164036803e-06,0.0006051250002201414,1225,0.43254108400105906,0.0011307089989713859,1.414201542000228,0.9999990695849358,1.8608292627897427e-06,0.2860339180733667,0.0013641224755976404,2.859934511434403e-13,2.858824288409778e-13,1.7247255686195873,1.0,1e-12
success,,B-B_1.70_sto-6g_as-006-008,hamiltonian_generator/b2_controlled_active_space_libraries/occ-006/B-B/1.70/sto-6g/B-B_1.70_sto-6g_as-006-008.tensors.npz,B-B,1.70,sto-6g,6,8,14,283,461,jw,reverse_groups,-1,-1,461,37176,0.35061774969348297,17,"[41,40,40,34,34,17,17,17,17,33,14,44,20,29,20,36,8]","[16,15,14,13,12,11,10,9,8,7,6,5,4,3,2,1,0]",b457280ebe1d9a08,1416d364f5988cab,100,0.01,1.0,46100,0.5788955323695675,0.0028944776618478373,7.376380123116201,5.500000042957254e-06,0.00038854100057506,1225,0.43254108400105906,0.0011307089989713859,1.4108124999984284,0.9999963079183939,7.384149580791366e-06,0.2868101153685127,0.0027173816832054866,4.214691928794423e-10,4.2146908185713983e-10,6.844062396895728,0.9992188255062284,1e-12
success,,B-B_1.70_sto-6g_as-006-008,hamiltonian_generator/b2_controlled_active_space_libraries/occ-006/B-B/1.70/sto-6g/B-B_1.70_sto-6g_as-006-008.tensors.npz,B-B,1.70,sto-6g,6,8,14,283,461,fermionic,reverse_groups,-1,-1,283,17596,0.44096935067538784,27,"[13,13,13,13,9,9,9,9,13,13,10,12,12,6,6,11,6,8,4,4,6,10,10,12,10,27,15]","[26,25,24,23,22,21,20,19,18,17,16,15,14,13,12,11,10,9,8,7,6,5,4,3,2,1,0]",bf63e847ce1483b4,a4490aebdb8db708,100,0.01,1.0,46100,0.49423257127705733,0.0024711628563852867,5.3765739000184265,6.4589985413476825e-06,0.0004533749997790437,1225,0.43254108400105906,0.0011307089989713859,1.4082143329997052,0.9999973789531263,5.242086877466079e-06,0.2869931290804032,0.002289561911655614,2.1738166822160565e-13,2.1727064591914313e-13,4.858673200859123,2.8170703149880487,1e-12
success,,B-B_1.70_sto-6g_as-006-008,hamiltonian_generator/b2_controlled_active_space_libraries/occ-006/B-B/1.70/sto-6g/B-B_1.70_sto-6g_as-006-008.tensors.npz,B-B,1.70,sto-6g,6,8,14,283,461,jw,random_groups,0,229094829,461,37176,0.35061774969348297,17,"[41,40,40,34,34,17,17,17,17,33,14,44,20,29,20,36,8]","[4,3,6,9,0,1,10,14,8,13,11,15,16,7,2,5,12]",bfa7f7629fbb8c9d,26f3b1a2d63ea217,100,0.01,1.0,46100,0.6713658092117956,0.003356829046058978,9.921134405028871,4.792000254383311e-06,0.00046762500096519943,1225,0.43254108400105906,0.0011307089989713859,1.410169875000065,0.9999948730423084,1.0253889097588953e-05,0.2857332994724467,0.003202173540461117,1.9846124743594373e-11,1.9846124743594373e-11,9.503905091156962,1.3875503074337632,1e-12
success,,B-B_1.70_sto-6g_as-006-008,hamiltonian_generator/b2_controlled_active_space_libraries/occ-006/B-B/1.70/sto-6g/B-B_1.70_sto-6g_as-006-008.tensors.npz,B-B,1.70,sto-6g,6,8,14,283,461,fermionic,random_groups,0,1624691752,283,17596,0.44096935067538784,27,"[13,13,13,13,9,9,9,9,13,13,10,12,12,6,6,11,6,8,4,4,6,10,10,12,10,27,15]","[15,21,18,17,23,9,5,7,20,13,2,12,8,1,19,4,26,10,16,6,11,22,25,24,3,0,14]",b86cf89b59b6b737,a6712a2312e6a2f1,100,0.01,1.0,46100,0.4147967017976545,0.0020739835089882723,3.787158504240144,5.500000042957254e-06,0.00041899999996530823,1225,0.43254108400105906,0.0011307089989713859,1.4094157090003137,0.9999980565932103,3.886809802566837e-06,0.2865696059814305,0.001971500337163183,2.426947531830592e-13,2.426947531830592e-13,3.6025230153561547,2.0887514401723015,1e-12
success,,B-B_1.70_sto-6g_as-006-008,hamiltonian_generator/b2_controlled_active_space_libraries/occ-006/B-B/1.70/sto-6g/B-B_1.70_sto-6g_as-006-008.tensors.npz,B-B,1.70,sto-6g,6,8,14,283,461,jw,random_groups,1,4028005437,461,37176,0.35061774969348297,17,"[41,40,40,34,34,17,17,17,17,33,14,44,20,29,20,36,8]","[10,15,9,12,11,5,2,6,4,8,1,16,7,14,3,13,0]",bc2685401c795066,85af26363c01ca43,100,0.01,1.0,46100,0.27828214028455256,0.0013914107014227628,1.7045649845078676,6.833000952610746e-06,0.00048370900003646966,1225,0.43254108400105906,0.0011307089989713859,1.409403542000291,0.9999990953879815,1.809223218685041e-06,0.2863759905060059,0.0013450739894260214,4.4875780869091386e-10,4.487579197132163e-10,1.676894063847757,0.24482303342767878,1e-12
success,,B-B_1.70_sto-6g_as-006-008,hamiltonian_generator/b2_controlled_active_space_libraries/occ-006/B-B/1.70/sto-6g/B-B_1.70_sto-6g_as-006-008.tensors.npz,B-B,1.70,sto-6g,6,8,14,283,461,fermionic,random_groups,1,4182571696,283,17596,0.44096935067538784,27,"[13,13,13,13,9,9,9,9,13,13,10,12,12,6,6,11,6,8,4,4,6,10,10,12,10,27,15]","[13,25,3,2,21,17,26,1,9,6,20,19,12,14,8,5,7,16,23,22,15,4,11,18,10,24,0]",ba44772943161e1b,e1e5aa4c91f928e2,100,0.01,1.0,46100,0.3183732360141335,0.0015918661800706673,2.2310843842085974,5.750000127591193e-06,0.0005000840010325192,1225,0.43254108400105906,0.0011307089989713859,1.4092746250007622,0.9999987996623171,2.4006739249848863e-06,0.28657554335555946,0.0015494112965356642,2.2093438190040615e-13,2.2082335959794364e-13,2.225085225783885,1.2901097231165701,1e-12
success,,B-B_1.70_sto-6g_as-006-008,hamiltonian_generator/b2_controlled_active_space_libraries/occ-006/B-B/1.70/sto-6g/B-B_1.70_sto-6g_as-006-008.tensors.npz,B-B,1.70,sto-6g,6,8,14,283,461,jw,random_groups,2,1789066502,461,37176,0.35061774969348297,17,"[41,40,40,34,34,17,17,17,17,33,14,44,20,29,20,36,8]","[13,8,3,1,4,14,9,2,5,16,12,11,10,7,0,6,15]",8aa781b618177dc0,4745d17df8d0ad77,100,0.01,1.0,46100,0.35915149611566916,0.0017957574805783458,2.8392148176536716,5.45900002180133e-06,0.0004927499994664686,1225,0.43254108400105906,0.0011307089989713859,1.4086014589993283,0.9999985621833998,2.875631133103518e-06,0.2865981854762018,0.0016957692061273586,2.504522145230226e-10,2.5045232554532504e-10,2.665303389386,0.38912873201857573,1e-12
success,,B-B_1.70_sto-6g_as-006-008,hamiltonian_generator/b2_controlled_active_space_libraries/occ-006/B-B/1.70/sto-6g/B-B_1.70_sto-6g_as-006-008.tensors.npz,B-B,1.70,sto-6g,6,8,14,283,461,fermionic,random_groups,2,54793793,283,17596,0.44096935067538784,27,"[13,13,13,13,9,9,9,9,13,13,10,12,12,6,6,11,6,8,4,4,6,10,10,12,10,27,15]","[21,19,0,8,18,14,1,20,7,2,15,11,26,12,25,3,22,9,6,16,13,10,24,5,4,17,23]",69b9d8a78fd3256b,bcd32709cd37ffb0,100,0.01,1.0,46100,0.39216691226710165,0.0019608345613355083,3.385203573270917,7.208000170066953e-06,0.0005450409989862237,1225,0.43254108400105906,0.0011307089989713859,1.4066318749992206,0.9999982256675927,3.548661666408215e-06,0.28646376229445064,0.0018837900134217843,2.311484337269576e-13,2.311484337269576e-13,3.2891075139578776,1.907032384630541,1e-12
success,,B-B_1.70_sto-6g_as-006-008,hamiltonian_generator/b2_controlled_active_space_libraries/occ-006/B-B/1.70/sto-6g/B-B_1.70_sto-6g_as-006-008.tensors.npz,B-B,1.70,sto-6g,6,8,14,283,461,jw,random_groups,3,3154759261,461,37176,0.35061774969348297,17,"[41,40,40,34,34,17,17,17,17,33,14,44,20,29,20,36,8]","[1,9,6,11,4,16,14,12,15,10,5,2,7,0,3,8,13]",1cbcc41177472601,bcf17d5d44487df2,100,0.01,1.0,46100,0.3474956194133039,0.0017374780970665195,2.657917896687104,4.916999387205578e-06,0.000389916000131052,1225,0.43254108400105906,0.0011307089989713859,1.4066504589991382,0.9999985109808468,2.9780360891740187e-06,0.2860264985423425,0.0017256993673292057,2.1899859703466973e-10,2.1899859703466973e-10,2.7602183015813138,0.4029861110994335,1e-12
success,,B-B_1.70_sto-6g_as-006-008,hamiltonian_generator/b2_controlled_active_space_libraries/occ-006/B-B/1.70/sto-6g/B-B_1.70_sto-6g_as-006-008.tensors.npz,B-B,1.70,sto-6g,6,8,14,283,461,fermionic,random_groups,3,3022009749,283,17596,0.44096935067538784,27,"[13,13,13,13,9,9,9,9,13,13,10,12,12,6,6,11,6,8,4,4,6,10,10,12,10,27,15]","[18,13,5,10,26,24,7,1,19,4,23,3,25,2,21,6,0,16,15,22,12,9,14,8,20,11,17]",b34aa178ce8bac11,c3f850886d21be65,100,0.01,1.0,46100,0.32061588788022594,0.0016030794394011297,2.2626270374160815,5.707999662263319e-06,0.00046062499859544914,1225,0.43254108400105906,0.0011307089989713859,1.4088417500006472,0.9999987963904324,2.4072176864065042e-06,0.28633012197481567,0.001551521554841095,2.899902540320909e-13,2.8976820942716586e-13,2.2311503672047,1.2936263065842053,1e-12
success,,B-B_1.70_sto-6g_as-006-008,hamiltonian_generator/b2_controlled_active_space_libraries/occ-006/B-B/1.70/sto-6g/B-B_1.70_sto-6g_as-006-008.tensors.npz,B-B,1.70,sto-6g,6,8,14,283,461,jw,random_groups,4,804363615,461,37176,0.35061774969348297,17,"[41,40,40,34,34,17,17,17,17,33,14,44,20,29,20,36,8]","[16,13,8,12,14,4,2,15,0,10,9,11,6,7,3,5,1]",fff72f36d6dfacaf,d4fbf35791241f9a,100,0.01,1.0,46100,0.4648858228194617,0.0023244291140973087,4.757025695562077,5.709000106435269e-06,0.00047983299918996636,1225,0.43254108400105906,0.0011307089989713859,1.4097402919996966,0.9999976011722294,4.797649786891789e-06,0.28685022720969106,0.0021903551176210554,7.693845560652335e-13,7.693845560652335e-13,4.44674287007359,0.6492151781051073,1e-12
success,,B-B_1.70_sto-6g_as-006-008,hamiltonian_generator/b2_controlled_active_space_libraries/occ-006/B-B/1.70/sto-6g/B-B_1.70_sto-6g_as-006-008.tensors.npz,B-B,1.70,sto-6g,6,8,14,283,461,fermionic,random_groups,4,1355090254,283,17596,0.44096935067538784,27,"[13,13,13,13,9,9,9,9,13,13,10,12,12,6,6,11,6,8,4,4,6,10,10,12,10,27,15]","[20,16,3,17,13,1,0,7,2,5,15,22,14,18,6,19,21,24,9,23,10,4,26,12,25,11,8]",0763b4e80b52c20e,446ec8723ab36d4c,100,0.01,1.0,46100,0.31873560741981555,0.0015936780370990778,2.2361661008754012,5.875001079402864e-06,0.0005121250014781253,1225,0.43254108400105906,0.0011307089989713859,1.4087319589998515,0.9999988547034456,2.2905917970161838e-06,0.28614632271604123,0.0015134705510001466,2.8421709430404007e-13,2.843281166065026e-13,2.1230546609425756,1.2309521581696024,1e-12
success,,B-B_1.70_sto-6g_as-006-008,hamiltonian_generator/b2_controlled_active_space_libraries/occ-006/B-B/1.70/sto-6g/B-B_1.70_sto-6g_as-006-008.tensors.npz,B-B,1.70,sto-6g,6,8,14,283,461,jw,random_groups,5,65496461,461,37176,0.35061774969348297,17,"[41,40,40,34,34,17,17,17,17,33,14,44,20,29,20,36,8]","[13,3,7,0,9,5,12,6,15,2,4,1,16,11,8,10,14]",74847e0d224fe2d4,bbfa1763deb6e668,100,0.01,1.0,46100,0.3963091659534077,0.0019815458297670384,3.457093511073694,6.000000212225132e-06,0.0004730830005428288,1225,0.43254108400105906,0.0011307089989713859,1.4066541659994982,0.9999982340545078,3.5318878657264463e-06,0.2860459738631672,0.0018793325901348388,1.1500800312091997e-12,1.1498579866042746e-12,3.273560572872373,0.47793301129642873,1e-12
success,,B-B_1.70_sto-6g_as-006-008,hamiltonian_generator/b2_controlled_active_space_libraries/occ-006/B-B/1.70/sto-6g/B-B_1.70_sto-6g_as-006-008.tensors.npz,B-B,1.70,sto-6g,6,8,14,283,461,fermionic,random_groups,5,1342951477,283,17596,0.44096935067538784,27,"[13,13,13,13,9,9,9,9,13,13,10,12,12,6,6,11,6,8,4,4,6,10,10,12,10,27,15]","[14,18,16,19,1,21,7,2,20,26,9,13,25,15,5,17,8,4,22,3,11,0,23,12,6,24,10]",d4274b5594c78216,46e0e6594d619471,100,0.01,1.0,46100,0.2544636064793337,0.0012723180323966684,1.4252605002533028,5.249999958323315e-06,0.0006247500004974427,1225,0.43254108400105906,0.0011307089989713859,1.4076992080008495,0.9999992634153558,1.4731687457691933e-06,0.2862171531289631,0.0012137418540757278,2.4280577548552174e-13,2.4291679778798425e-13,1.3654190921902252,0.7916732476361795,1e-12
success,,B-B_1.70_sto-6g_as-006-008,hamiltonian_generator/b2_controlled_active_space_libraries/occ-006/B-B/1.70/sto-6g/B-B_1.70_sto-6g_as-006-008.tensors.npz,B-B,1.70,sto-6g,6,8,14,283,461,jw,random_groups,6,2124934417,461,37176,0.35061774969348297,17,"[41,40,40,34,34,17,17,17,17,33,14,44,20,29,20,36,8]","[11,10,4,5,2,14,0,3,12,9,16,7,1,8,15,6,13]",925dc7271eba2e7e,b0cf0e8d1b197306,100,0.01,1.0,46100,0.19940805883831259,0.0009970402941915629,0.8752423120882322,6.041000233381055e-06,0.00044658399929176085,1225,0.43254108400105906,0.0011307089989713859,1.4236975839994557,0.999999541320178,9.17359433638687e-07,0.28608629816029923,0.0009577889350091439,3.6465608310720654e-11,3.646583035532558e-11,0.8502624622524548,0.12413654488148522,1e-12
success,,B-B_1.70_sto-6g_as-006-008,hamiltonian_generator/b2_controlled_active_space_libraries/occ-006/B-B/1.70/sto-6g/B-B_1.70_sto-6g_as-006-008.tensors.npz,B-B,1.70,sto-6g,6,8,14,283,461,fermionic,random_groups,6,2745542934,283,17596,0.44096935067538784,27,"[13,13,13,13,9,9,9,9,13,13,10,12,12,6,6,11,6,8,4,4,6,10,10,12,10,27,15]","[11,23,19,21,25,8,13,26,24,9,20,4,6,10,17,18,15,12,1,0,7,14,2,3,22,5,16]",2eb91f349477733b,d96830af7ee0a984,100,0.01,1.0,46100,0.29011739522276175,0.0014505869761138087,1.8526374217165555,7.083001037244685e-06,0.0005775830013590166,1225,0.43254108400105906,0.0011307089989713859,1.4141268330004095,0.9999990429758563,1.9140473714873707e-06,0.2865999353622254,0.0013834913398432843,2.7211566333562587e-13,2.7200464103316335e-13,1.7740512292913082,1.028599135751898,1e-12
success,,B-B_1.70_sto-6g_as-006-008,hamiltonian_generator/b2_controlled_active_space_libraries/occ-006/B-B/1.70/sto-6g/B-B_1.70_sto-6g_as-006-008.tensors.npz,B-B,1.70,sto-6g,6,8,14,283,461,jw,random_groups,7,494952778,461,37176,0.35061774969348297,17,"[41,40,40,34,34,17,17,17,17,33,14,44,20,29,20,36,8]","[0,1,4,10,7,11,8,13,3,16,14,12,5,2,15,6,9]",390e4eab9539eb52,935b35e72d1ae8b2,100,0.01,1.0,46100,0.8308011103286186,0.004154005551643093,15.192772323901782,5.41600093129091e-06,0.0004519580015767133,1225,0.43254108400105906,0.0011307089989713859,1.406755374999193,0.9999925475927636,1.49047589345086e-05,0.28520214915278913,0.0038606753907652345,5.142566372740021e-10,5.142566372740021e-10,13.814603705188421,2.0169033080986205,1e-12
success,,B-B_1.70_sto-6g_as-006-008,hamiltonian_generator/b2_controlled_active_space_libraries/occ-006/B-B/1.70/sto-6g/B-B_1.70_sto-6g_as-006-008.tensors.npz,B-B,1.70,sto-6g,6,8,14,283,461,fermionic,random_groups,7,2016379552,283,17596,0.44096935067538784,27,"[13,13,13,13,9,9,9,9,13,13,10,12,12,6,6,11,6,8,4,4,6,10,10,12,10,27,15]","[3,19,23,9,7,13,18,21,4,1,11,12,6,2,0,14,16,5,17,25,15,8,26,22,10,20,24]",d714fe6db3bd2b9d,bd7dbae8c5d4193c,100,0.01,1.0,46100,0.27715442320134626,0.0013857721160067313,1.6907777387261527,6.415999450837262e-06,0.0005018749998271232,1225,0.43254108400105906,0.0011307089989713859,1.4035286669986817,0.9999990925082776,1.8149826213065268e-06,0.28622940848166506,0.0013472132143317057,2.907674101493285e-13,2.90656387846866e-13,1.6822322155846654,0.9753622525182762,1e-12
success,,B-B_1.70_sto-6g_as-006-008,hamiltonian_generator/b2_controlled_active_space_libraries/occ-006/B-B/1.70/sto-6g/B-B_1.70_sto-6g_as-006-008.tensors.npz,B-B,1.70,sto-6g,6,8,14,283,461,jw,random_groups,8,2907700394,461,37176,0.35061774969348297,17,"[41,40,40,34,34,17,17,17,17,33,14,44,20,29,20,36,8]","[13,8,11,5,1,7,15,10,2,6,9,16,3,14,12,4,0]",2e1512613c6d51a6,8f8084e3c4657e32,100,0.01,1.0,46100,0.5152452985551409,0.0025762264927757044,5.843472013957724,6.084001142880879e-06,0.0004717089996120194,1225,0.43254108400105906,0.0011307089989713859,1.4024138330005371,0.9999969371020143,6.125786589983306e-06,0.28651934693326564,0.0024750345394292713,1.6203960395699823e-10,1.6203949293469577e-10,5.677737861780921,0.8289378776491321,1e-12
success,,B-B_1.70_sto-6g_as-006-008,hamiltonian_generator/b2_controlled_active_space_libraries/occ-006/B-B/1.70/sto-6g/B-B_1.70_sto-6g_as-006-008.tensors.npz,B-B,1.70,sto-6g,6,8,14,283,461,fermionic,random_groups,8,449927253,283,17596,0.44096935067538784,27,"[13,13,13,13,9,9,9,9,13,13,10,12,12,6,6,11,6,8,4,4,6,10,10,12,10,27,15]","[19,5,8,4,12,18,24,2,26,1,17,23,7,3,15,11,21,0,6,22,10,25,13,14,9,20,16]",90923d3e34c44fa5,0ba04e0eea328fd9,100,0.01,1.0,46100,0.32507153814873724,0.0016253576907436862,2.3259522005418445,5.625000994768925e-06,0.00047291600094467867,1225,0.43254108400105906,0.0011307089989713859,1.4042860839999776,0.9999987477869765,2.5044244789107495e-06,0.2865203061123475,0.0015825378500970361,2.559064071760986e-13,2.560174294785611e-13,2.3212473168970233,1.3458647329933608,1e-12
success,,B-B_1.70_sto-6g_as-006-008,hamiltonian_generator/b2_controlled_active_space_libraries/occ-006/B-B/1.70/sto-6g/B-B_1.70_sto-6g_as-006-008.tensors.npz,B-B,1.70,sto-6g,6,8,14,283,461,jw,random_groups,9,3293716,461,37176,0.35061774969348297,17,"[41,40,40,34,34,17,17,17,17,33,14,44,20,29,20,36,8]","[16,13,4,1,8,5,15,2,11,6,9,12,14,3,7,10,0]",172fd48b073f3288,e1308da021ff6e53,100,0.01,1.0,46100,0.4822792418725592,0.002411396209362796,5.119647174292979,5.875001079402864e-06,0.00047041700054251123,1225,0.43254108400105906,0.0011307089989713859,1.406067374999111,0.9999973808708411,5.2382514579285555e-06,0.2865735195257098,0.0022887241681283,3.082267774345837e-11,3.0822899788063296e-11,4.855118309351863,0.7088371399075464,1e-12
success,,B-B_1.70_sto-6g_as-006-008,hamiltonian_generator/b2_controlled_active_space_libraries/occ-006/B-B/1.70/sto-6g/B-B_1.70_sto-6g_as-006-008.tensors.npz,B-B,1.70,sto-6g,6,8,14,283,461,fermionic,random_groups,9,374582518,283,17596,0.44096935067538784,27,"[13,13,13,13,9,9,9,9,13,13,10,12,12,6,6,11,6,8,4,4,6,10,10,12,10,27,15]","[6,14,15,4,8,7,10,24,12,11,16,9,5,3,19,25,17,26,22,1,18,21,20,23,2,0,13]",6a00c40b37babbbf,bf2f9d12cdd501fe,100,0.01,1.0,46100,0.5312300901359484,0.0026561504506797417,6.211667864699622,7.624999852851033e-06,0.0005441659995994996,1225,0.43254108400105906,0.0011307089989713859,1.4070373330014263,0.9999968821715782,6.235647122654342e-06,0.28697658935222076,0.0024971297210087226,2.2959412149248237e-13,2.297051437949449e-13,5.779563039119242,3.3510044405180417,1e-12
success,,B-B_1.70_sto-6g_as-006-008,hamiltonian_generator/b2_controlled_active_space_libraries/occ-006/B-B/1.70/sto-6g/B-B_1.70_sto-6g_as-006-008.tensors.npz,B-B,1.70,sto-6g,6,8,14,283,461,jw,random_groups,10,1008190869,461,37176,0.35061774969348297,17,"[41,40,40,34,34,17,17,17,17,33,14,44,20,29,20,36,8]","[14,7,15,12,6,0,4,9,16,13,8,3,5,10,1,2,11]",01bc28f246ace340,cabcb0b4feef42ef,100,0.01,1.0,46100,0.34447072225610686,0.0017223536112805343,2.6118457469468037,4.999999873689376e-06,0.00040212500061898027,1225,0.43254108400105906,0.0011307089989713859,1.4032018749985582,0.999998553001223,2.8939954602735796e-06,0.2863215009619599,0.0017011753448845834,6.629530258095429e-11,6.629530258095429e-11,2.682324523594313,0.39161378208768804,1e-12
success,,B-B_1.70_sto-6g_as-006-008,hamiltonian_generator/b2_controlled_active_space_libraries/occ-006/B-B/1.70/sto-6g/B-B_1.70_sto-6g_as-006-008.tensors.npz,B-B,1.70,sto-6g,6,8,14,283,461,fermionic,random_groups,10,646179590,283,17596,0.44096935067538784,27,"[13,13,13,13,9,9,9,9,13,13,10,12,12,6,6,11,6,8,4,4,6,10,10,12,10,27,15]","[5,3,22,13,19,14,26,15,11,6,16,7,18,0,20,10,1,23,9,4,21,24,17,25,8,12,2]",948ce2825227b6b8,74bc9b703b41642c,100,0.01,1.0,46100,0.40159671080314374,0.002007983554015719,3.549957775057077,5.959000191069208e-06,0.0004882499997620471,1225,0.43254108400105906,0.0011307089989713859,1.4016847500006406,0.9999981438576685,3.7122812177603493e-06,0.28630217756344006,0.0019267290061148815,2.616795669041494e-13,2.616795669041494e-13,3.440759699027249,1.9949606833863534,1e-12
success,,B-B_1.70_sto-6g_as-006-008,hamiltonian_generator/b2_controlled_active_space_libraries/occ-006/B-B/1.70/sto-6g/B-B_1.70_sto-6g_as-006-008.tensors.npz,B-B,1.70,sto-6g,6,8,14,283,461,jw,random_groups,11,3260125335,461,37176,0.35061774969348297,17,"[41,40,40,34,34,17,17,17,17,33,14,44,20,29,20,36,8]","[2,10,12,4,8,6,15,1,9,13,11,16,7,3,5,0,14]",81c2157ef890f971,a57d734fea41df07,100,0.01,1.0,46100,0.38249069355519133,0.0019124534677759566,3.220213293670305,5.416999556473456e-06,0.0005680409994965885,1225,0.43254108400105906,0.0011307089989713859,1.405795874999967,0.9999983476346239,3.3047280219022923e-06,0.28662389693586726,0.001817891842812095,1.5955425869407236e-10,1.5955425869407236e-10,3.063015522532943,0.44719387338153516,1e-12
success,,B-B_1.70_sto-6g_as-006-008,hamiltonian_generator/b2_controlled_active_space_libraries/occ-006/B-B/1.70/sto-6g/B-B_1.70_sto-6g_as-006-008.tensors.npz,B-B,1.70,sto-6g,6,8,14,283,461,fermionic,random_groups,11,802418865,283,17596,0.44096935067538784,27,"[13,13,13,13,9,9,9,9,13,13,10,12,12,6,6,11,6,8,4,4,6,10,10,12,10,27,15]","[23,9,18,6,17,5,14,20,16,11,2,22,25,26,10,13,24,8,3,19,21,1,0,7,12,15,4]",76dc36817e6d0212,4b7fc860f404893c,100,0.01,1.0,46100,0.23162858615370288,0.0011581429307685144,1.1809382940864925,5.45900002180133e-06,0.0005040420001023449,1225,0.43254108400105906,0.0011307089989713859,1.4031523329995252,0.9999993438092768,1.3123810158610638e-06,0.2863189819019373,0.0011455921815399898,2.774447338538266e-13,2.774447338538266e-13,1.216391605124,0.7052667550453022,1e-12
success,,B-B_1.70_sto-6g_as-006-008,hamiltonian_generator/b2_controlled_active_space_libraries/occ-006/B-B/1.70/sto-6g/B-B_1.70_sto-6g_as-006-008.tensors.npz,B-B,1.70,sto-6g,6,8,14,283,461,jw,random_groups,12,3811214905,461,37176,0.35061774969348297,17,"[41,40,40,34,34,17,17,17,17,33,14,44,20,29,20,36,8]","[3,14,9,16,7,12,6,10,4,0,13,11,1,2,15,8,5]",58e7c2700a268eaf,716d4fe231f4e167,100,0.01,1.0,46100,0.6251121551154735,0.0031255607755773674,8.601194736724018,4.957999408361502e-06,0.0004744590005429927,1225,0.43254108400105906,0.0011307089989713859,1.4010898750002525,0.9999955385137684,8.922952558276798e-06,0.2858583246988365,0.0029871344902987445,1.4055601127438422e-10,1.4055590025208176e-10,8.270315139911062,1.2074487492131225,1e-12
success,,B-B_1.70_sto-6g_as-006-008,hamiltonian_generator/b2_controlled_active_space_libraries/occ-006/B-B/1.70/sto-6g/B-B_1.70_sto-6g_as-006-008.tensors.npz,B-B,1.70,sto-6g,6,8,14,283,461,fermionic,random_groups,12,2667736325,283,17596,0.44096935067538784,27,"[13,13,13,13,9,9,9,9,13,13,10,12,12,6,6,11,6,8,4,4,6,10,10,12,10,27,15]","[3,23,17,6,11,26,16,19,20,0,1,21,9,10,8,12,2,24,18,25,22,4,15,7,14,5,13]",bba450934a079852,9ec1e1f941a796bb,100,0.01,1.0,46100,0.31374904203834686,0.0015687452101917343,2.1667445358161825,5.0840008043451235e-06,0.00043095800174342003,1225,0.43254108400105906,0.0011307089989713859,1.403157333999843,0.9999988931035242,2.21379172637981e-06,0.28628860070325773,0.0014878820355195973,2.2004620348070603e-13,2.2004620348070603e-13,2.0518718565085123,1.1896801983116434,1e-12
success,,B-B_1.70_sto-6g_as-006-008,hamiltonian_generator/b2_controlled_active_space_libraries/occ-006/B-B/1.70/sto-6g/B-B_1.70_sto-6g_as-006-008.tensors.npz,B-B,1.70,sto-6g,6,8,14,283,461,jw,random_groups,13,444480095,461,37176,0.35061774969348297,17,"[41,40,40,34,34,17,17,17,17,33,14,44,20,29,20,36,8]","[0,10,4,2,16,13,6,5,9,12,1,14,11,7,15,3,8]",f58b93442223d3c5,39a977f632921dc0,100,0.01,1.0,46100,0.5107675127593515,0.0025538375637967573,5.742346907675675,6.124999345047399e-06,0.000549374999536667,1225,0.43254108400105906,0.0011307089989713859,1.4222623330006172,0.9999970354318382,5.929127535053702e-06,0.2864594440396325,0.0024349817912440717,3.5277580856529767e-10,3.5277580856529767e-10,5.495462729333169,0.8023260887434603,1e-12
success,,B-B_1.70_sto-6g_as-006-008,hamiltonian_generator/b2_controlled_active_space_libraries/occ-006/B-B/1.70/sto-6g/B-B_1.70_sto-6g_as-006-008.tensors.npz,B-B,1.70,sto-6g,6,8,14,283,461,fermionic,random_groups,13,2977871912,283,17596,0.44096935067538784,27,"[13,13,13,13,9,9,9,9,13,13,10,12,12,6,6,11,6,8,4,4,6,10,10,12,10,27,15]","[26,10,25,2,14,22,23,19,17,1,21,0,13,12,7,5,8,9,6,18,3,11,24,16,4,15,20]",cc41979aff206ce4,03655eec04ddda5f,100,0.01,1.0,46100,0.3914614200240697,0.0019573071001203484,3.3730348429729373,6.125001164036803e-06,0.000525583000126062,1225,0.43254108400105906,0.0011307089989713859,1.400977209001212,0.9999983063197971,3.387357537132374e-06,0.2866000225401291,0.0018404783089530355,2.219335826225688e-13,2.220446049250313e-13,3.1396013977068473,1.8203483816962713,1e-12
success,,B-B_1.70_sto-6g_as-006-008,hamiltonian_generator/b2_controlled_active_space_libraries/occ-006/B-B/1.70/sto-6g/B-B_1.70_sto-6g_as-006-008.tensors.npz,B-B,1.70,sto-6g,6,8,14,283,461,jw,random_groups,14,873548678,461,37176,0.35061774969348297,17,"[41,40,40,34,34,17,17,17,17,33,14,44,20,29,20,36,8]","[1,2,15,8,10,3,16,0,5,11,14,6,12,4,7,9,13]",3b61f9b82a6a3c04,ac17914d9e8b4b52,100,0.01,1.0,46100,0.6701342384457541,0.0033506711922287706,9.884768620851919,5.833999239257537e-06,0.0004729590000351891,1225,0.43254108400105906,0.0011307089989713859,1.4045196250008303,0.9999950221202306,9.955734759481416e-06,0.28644686399050956,0.0031552748753113646,9.727996186370547e-11,9.727996186370547e-11,9.227558184639607,1.3472042358538492,1e-12
success,,B-B_1.70_sto-6g_as-006-008,hamiltonian_generator/b2_controlled_active_space_libraries/occ-006/B-B/1.70/sto-6g/B-B_1.70_sto-6g_as-006-008.tensors.npz,B-B,1.70,sto-6g,6,8,14,283,461,fermionic,random_groups,14,2531520041,283,17596,0.44096935067538784,27,"[13,13,13,13,9,9,9,9,13,13,10,12,12,6,6,11,6,8,4,4,6,10,10,12,10,27,15]","[2,15,8,16,17,0,10,22,4,7,19,3,23,25,24,14,21,13,9,5,11,6,1,18,20,26,12]",e62c109e2146ed9c,7ce5ab5eee49b9a2,100,0.01,1.0,46100,0.3170613821441281,0.0015853069107206405,2.2127359408668634,6.91599962010514e-06,0.0005391249997046543,1225,0.43254108400105906,0.0011307089989713859,1.421730583999306,0.9999988204360413,2.3591265261302397e-06,0.2864912261452472,0.0015359452846575407,2.4358293160275934e-13,2.4358293160275934e-13,2.186576662667881,1.2677823663378192,1e-12
success,,B-B_1.70_sto-6g_as-006-008,hamiltonian_generator/b2_controlled_active_space_libraries/occ-006/B-B/1.70/sto-6g/B-B_1.70_sto-6g_as-006-008.tensors.npz,B-B,1.70,sto-6g,6,8,14,283,461,jw,random_groups,15,3277257612,461,37176,0.35061774969348297,17,"[41,40,40,34,34,17,17,17,17,33,14,44,20,29,20,36,8]","[14,3,5,7,15,16,11,12,13,2,10,1,9,6,0,8,4]",43be85874782a106,de62c889d142a9f2,100,0.01,1.0,46100,0.4805274856949433,0.0024026374284747166,5.0825230971017445,7.2500006353948265e-06,0.0005506249999598367,1225,0.43254108400105906,0.0011307089989713859,1.3984221249993425,0.9999973598003596,5.280392310069715e-06,0.2861901887955346,0.0022979119392866204,4.267619591047378e-11,4.267630693277624e-11,4.894176919738456,0.7145396155036337,1e-12
success,,B-B_1.70_sto-6g_as-006-008,hamiltonian_generator/b2_controlled_active_space_libraries/occ-006/B-B/1.70/sto-6g/B-B_1.70_sto-6g_as-006-008.tensors.npz,B-B,1.70,sto-6g,6,8,14,283,461,fermionic,random_groups,15,69401380,283,17596,0.44096935067538784,27,"[13,13,13,13,9,9,9,9,13,13,10,12,12,6,6,11,6,8,4,4,6,10,10,12,10,27,15]","[26,1,10,12,6,24,3,21,22,13,9,5,0,7,20,16,15,11,17,18,14,8,25,2,19,23,4]",d5d68ad30ba09638,b309fce09099bebc,100,0.01,1.0,46100,0.44908290309950516,0.002245414515497526,4.439110298205168,6.374999429681338e-06,0.00045008300003246404,1225,0.43254108400105906,0.0011307089989713859,1.3994880840000405,0.9999976486165291,4.702761412844758e-06,0.28670572257801813,0.0021685863925300377,2.469136006766348e-13,2.4702462297909733e-13,4.358794766420973,2.5272396059563302,1e-12
success,,B-B_1.70_sto-6g_as-006-008,hamiltonian_generator/b2_controlled_active_space_libraries/occ-006/B-B/1.70/sto-6g/B-B_1.70_sto-6g_as-006-008.tensors.npz,B-B,1.70,sto-6g,6,8,14,283,461,jw,random_groups,16,1595215645,461,37176,0.35061774969348297,17,"[41,40,40,34,34,17,17,17,17,33,14,44,20,29,20,36,8]","[0,3,1,4,5,7,11,14,12,15,8,2,16,6,13,10,9]",d23ef32bab9be349,85615eb6465a24ba,100,0.01,1.0,46100,1.039081184110667,0.005195405920553335,23.765220835414915,5.08299854118377e-06,0.00039312500121013727,1225,0.43254108400105906,0.0011307089989713859,1.4024987920001877,0.9999887127204505,2.2574431696287256e-05,0.284811162561866,0.004751269209267272,4.327066482900932e-10,4.3270653726779074e-10,20.923305712245966,3.0547589643514907,1e-12
success,,B-B_1.70_sto-6g_as-006-008,hamiltonian_generator/b2_controlled_active_space_libraries/occ-006/B-B/1.70/sto-6g/B-B_1.70_sto-6g_as-006-008.tensors.npz,B-B,1.70,sto-6g,6,8,14,283,461,fermionic,random_groups,16,3387435856,283,17596,0.44096935067538784,27,"[13,13,13,13,9,9,9,9,13,13,10,12,12,6,6,11,6,8,4,4,6,10,10,12,10,27,15]","[14,12,23,0,21,18,22,16,17,3,20,8,1,15,25,4,5,11,26,10,9,19,24,2,7,13,6]",4565b01fbd7db086,c6ff743681125c28,100,0.01,1.0,46100,0.34624011689896494,0.0017312005844948247,2.6387464649870425,6.083000698708929e-06,0.0004621250009222422,1225,0.43254108400105906,0.0011307089989713859,1.399699083998712,0.9999986601787296,2.679640745628653e-06,0.2865450088060428,0.001636961374238336,2.2815083156046967e-13,2.2803980925800715e-13,2.483648017106016,1.4400250464738251,1e-12
success,,B-B_1.70_sto-6g_as-006-008,hamiltonian_generator/b2_controlled_active_space_libraries/occ-006/B-B/1.70/sto-6g/B-B_1.70_sto-6g_as-006-008.tensors.npz,B-B,1.70,sto-6g,6,8,14,283,461,jw,random_groups,17,2850592883,461,37176,0.35061774969348297,17,"[41,40,40,34,34,17,17,17,17,33,14,44,20,29,20,36,8]","[0,4,14,7,1,10,13,11,8,3,15,6,5,9,2,16,12]",4b2bca891af29812,87e0f8ae74e4f8a1,100,0.01,1.0,46100,0.6475058431914388,0.003237529215957194,9.228482157722512,6.000000212225132e-06,0.0004740839995065471,1225,0.43254108400105906,0.0011307089989713859,1.3961012920008216,0.9999952203566034,9.559263948299979e-06,0.28566455197205104,0.003091809630822722,1.2556555795129043e-10,1.255656689735929e-10,8.860085811472592,1.293554036333682,1e-12
success,,B-B_1.70_sto-6g_as-006-008,hamiltonian_generator/b2_controlled_active_space_libraries/occ-006/B-B/1.70/sto-6g/B-B_1.70_sto-6g_as-006-008.tensors.npz,B-B,1.70,sto-6g,6,8,14,283,461,fermionic,random_groups,17,28125266,283,17596,0.44096935067538784,27,"[13,13,13,13,9,9,9,9,13,13,10,12,12,6,6,11,6,8,4,4,6,10,10,12,10,27,15]","[19,15,26,8,3,6,17,22,2,5,21,14,0,20,11,10,12,13,9,25,16,7,24,18,1,4,23]",0958acf521942b14,78c710d373e3e33e,100,0.01,1.0,46100,0.30572634549565003,0.00152863172747825,2.057352094527807,5.83300061407499e-06,0.00045991600018169265,1225,0.43254108400105906,0.0011307089989713859,1.3959697080008482,0.999998902298685,2.1954014249869758e-06,0.28633558089541944,0.0014816891137860277,2.686739719592879e-13,2.6856294965682537e-13,2.0348266478689565,1.1797973456713835,1e-12
success,,B-B_1.70_sto-6g_as-006-008,hamiltonian_generator/b2_controlled_active_space_libraries/occ-006/B-B/1.70/sto-6g/B-B_1.70_sto-6g_as-006-008.tensors.npz,B-B,1.70,sto-6g,6,8,14,283,461,jw,random_groups,18,2996227442,461,37176,0.35061774969348297,17,"[41,40,40,34,34,17,17,17,17,33,14,44,20,29,20,36,8]","[16,12,0,5,1,14,3,8,7,4,2,10,11,15,13,9,6]",7a7be33a11222373,dff76b91e4bf3449,100,0.01,1.0,46100,0.2973853900263895,0.0014869269501319475,1.9466243445921605,5.3340008889790624e-06,0.0004423749996931292,1225,0.43254108400105906,0.0011307089989713859,1.4008109170008538,0.9999989907362837,2.0185264139049863e-06,0.2861654505885122,0.001420748898480872,3.1183244875165883e-10,3.118322267070539e-10,1.8708885262136496,0.2731458200416467,1e-12
success,,B-B_1.70_sto-6g_as-006-008,hamiltonian_generator/b2_controlled_active_space_libraries/occ-006/B-B/1.70/sto-6g/B-B_1.70_sto-6g_as-006-008.tensors.npz,B-B,1.70,sto-6g,6,8,14,283,461,fermionic,random_groups,18,1028932881,283,17596,0.44096935067538784,27,"[13,13,13,13,9,9,9,9,13,13,10,12,12,6,6,11,6,8,4,4,6,10,10,12,10,27,15]","[23,24,14,4,17,9,12,1,7,25,21,3,11,16,19,5,6,2,13,8,0,10,20,15,18,26,22]",09e11e03bcf5aa2e,c4f6f8d3460e812c,100,0.01,1.0,46100,0.28781327314284855,0.0014390663657142427,1.823326861445955,7.583001206512563e-06,0.0004369159996713279,1225,0.43254108400105906,0.0011307089989713859,1.4020064999986062,0.9999990285700536,1.942858949055548e-06,0.2864584041795919,0.0013938650913001298,2.4069635173873394e-13,2.4069635173873394e-13,1.8007554871712623,1.0440823281888996,1e-12
success,,B-B_1.70_sto-6g_as-006-008,hamiltonian_generator/b2_controlled_active_space_libraries/occ-006/B-B/1.70/sto-6g/B-B_1.70_sto-6g_as-006-008.tensors.npz,B-B,1.70,sto-6g,6,8,14,283,461,jw,random_groups,19,2970425820,461,37176,0.35061774969348297,17,"[41,40,40,34,34,17,17,17,17,33,14,44,20,29,20,36,8]","[0,12,5,15,10,2,14,3,9,4,11,7,13,6,16,8,1]",39d74ff0d7093e32,6f56a9d5d5d77f5c,100,0.01,1.0,46100,0.41019518500466745,0.0020509759250233375,3.703599437266608,4.958999852533452e-06,0.0003889170002366882,1225,0.43254108400105906,0.0011307089989713859,1.4063005000007252,0.9999980557124447,3.888571330379342e-06,0.2860552375938299,0.001971947035439268,1.9005852447406824e-10,1.9005841345176577e-10,3.6041557025235456,0.5261992102308445,1e-12
success,,B-B_1.70_sto-6g_as-006-008,hamiltonian_generator/b2_controlled_active_space_libraries/occ-006/B-B/1.70/sto-6g/B-B_1.70_sto-6g_as-006-008.tensors.npz,B-B,1.70,sto-6g,6,8,14,283,461,fermionic,random_groups,19,4002495408,283,17596,0.44096935067538784,27,"[13,13,13,13,9,9,9,9,13,13,10,12,12,6,6,11,6,8,4,4,6,10,10,12,10,27,15]","[2,18,9,8,24,16,12,4,5,20,15,0,13,11,17,21,14,23,7,22,1,6,26,3,25,19,10]",363b2985cc9b2858,e47073e5740f2fd4,100,0.01,1.0,46100,0.2898043932492183,0.0014490219662460916,1.8486420297223902,6.50000038149301e-06,0.0004535000007308554,1225,0.43254108400105906,0.0011307089989713859,1.404680042000109,0.9999990475018155,1.9049954618211018e-06,0.2860386791440139,0.0013802160588456279,2.4591439995447217e-13,2.460254222569347e-13,1.7656613891493689,1.0237346864188632,1e-12
success,,B-B_1.70_sto-6g_as-006-010,hamiltonian_generator/b2_controlled_active_space_libraries/occ-006/B-B/1.70/sto-6g/B-B_1.70_sto-6g_as-006-010.tensors.npz,B-B,1.70,sto-6g,6,10,16,480,824,baseline,jw_raw,-1,-1,,,,,[],[],4f53cda18c2baa0c,1219b2deaafe2738,100,0.01,1.0,82400,0.5951377741910789,0.002975688870955395,1.0,6.50000038149301e-06,0.0009874579991446808,3136,1.554089749999548,0.0034745419998216676,9.982912292000037,0.9999957546801331,8.490621711043644e-06,1.4589985768894354,0.0029138702328240515,0.0,0.0,1.0,,1e-12
success,,B-B_1.70_sto-6g_as-006-010,hamiltonian_generator/b2_controlled_active_space_libraries/occ-006/B-B/1.70/sto-6g/B-B_1.70_sto-6g_as-006-010.tensors.npz,B-B,1.70,sto-6g,6,10,16,480,824,jw,current,-1,-1,824,111776,0.3296488102962168,23,"[56,44,104,48,44,16,16,16,52,52,34,34,27,37,25,36,16,30,28,44,19,36,10]","[0,1,2,3,4,5,6,7,8,9,10,11,12,13,14,15,16,17,18,19,20,21,22]",98f3b90d7a0b18bc,62c3635991da751e,100,0.01,1.0,82400,0.704689554541471,0.003523447772707355,1.402040746504758,1.9334000171511434e-05,0.002338124999369029,3136,1.554089749999548,0.0034745419998216676,10.02564345799874,0.9999943066659341,1.1386635717647309e-05,1.458701208372505,0.0033744137463741367,2.6717941969955916e-08,2.671794219200052e-08,1.341083857597478,1.0,1e-12
success,,B-B_1.70_sto-6g_as-006-010,hamiltonian_generator/b2_controlled_active_space_libraries/occ-006/B-B/1.70/sto-6g/B-B_1.70_sto-6g_as-006-010.tensors.npz,B-B,1.70,sto-6g,6,10,16,480,824,fermionic,current,-1,-1,480,52104,0.4532359081419624,35,"[12,12,12,12,8,16,18,12,10,12,16,16,16,16,10,12,12,10,10,9,10,12,9,8,8,8,10,10,10,12,62,46,8,8,8]","[0,1,2,3,4,5,6,7,8,9,10,11,12,13,14,15,16,17,18,19,20,21,22,23,24,25,26,27,28,29,30,31,32,33,34]",9af17f80d6eb59b3,4f0e0df1b02d7d7d,100,0.01,1.0,82400,0.3183778208711953,0.0015918891043559765,0.2861874460564781,1.0874999134102836e-05,0.0012197500000183936,3136,1.554089749999548,0.0034745419998216676,9.836239208001643,0.9999988900102083,2.219978351369889e-06,1.4589039434160516,0.0014899595912290379,0.0,0.0,0.2614624025096291,1.0,1e-12
success,,B-B_1.70_sto-6g_as-006-010,hamiltonian_generator/b2_controlled_active_space_libraries/occ-006/B-B/1.70/sto-6g/B-B_1.70_sto-6g_as-006-010.tensors.npz,B-B,1.70,sto-6g,6,10,16,480,824,jw,reverse_groups,-1,-1,824,111776,0.3296488102962168,23,"[56,44,104,48,44,16,16,16,52,52,34,34,27,37,25,36,16,30,28,44,19,36,10]","[22,21,20,19,18,17,16,15,14,13,12,11,10,9,8,7,6,5,4,3,2,1,0]",de390f1659598752,91948bb44b58df27,100,0.01,1.0,82400,0.704689554541471,0.003523447772707355,1.402040746504758,9.540999599266797e-06,0.0011015839991159737,3136,1.554089749999548,0.0034745419998216676,9.833438000001479,0.9999943061749446,1.1387617691260843e-05,1.4589024585811972,0.003374559246906681,2.6735317626425115e-08,2.6735317515402812e-08,1.3411995115091646,1.0000862391348844,1e-12
success,,B-B_1.70_sto-6g_as-006-010,hamiltonian_generator/b2_controlled_active_space_libraries/occ-006/B-B/1.70/sto-6g/B-B_1.70_sto-6g_as-006-010.tensors.npz,B-B,1.70,sto-6g,6,10,16,480,824,fermionic,reverse_groups,-1,-1,480,52104,0.4532359081419624,35,"[12,12,12,12,8,16,18,12,10,12,16,16,16,16,10,12,12,10,10,9,10,12,9,8,8,8,10,10,10,12,62,46,8,8,8]","[34,33,32,31,30,29,28,27,26,25,24,23,22,21,20,19,18,17,16,15,14,13,12,11,10,9,8,7,6,5,4,3,2,1,0]",f0c84211f1374cbb,93c30d95336fcf5f,100,0.01,1.0,82400,0.31443498539721104,0.0015721749269860552,0.2791429670060694,9.999999747378752e-06,0.0010699590002332116,3136,1.554089749999548,0.0034745419998216676,9.770149625001068,0.9999989201005702,2.1597976933573904e-06,1.4590306623447966,0.0014696254147011938,0.0,0.0,0.25437450481961393,0.9728913311360163,1e-12
success,,B-B_1.70_sto-6g_as-006-010,hamiltonian_generator/b2_controlled_active_space_libraries/occ-006/B-B/1.70/sto-6g/B-B_1.70_sto-6g_as-006-010.tensors.npz,B-B,1.70,sto-6g,6,10,16,480,824,jw,random_groups,0,170929829,824,111776,0.3296488102962168,23,"[56,44,104,48,44,16,16,16,52,52,34,34,27,37,25,36,16,30,28,44,19,36,10]","[17,0,10,9,6,8,11,3,20,12,4,19,22,18,21,15,7,2,1,5,14,13,16]",a0a8b6521a1039ac,1523c9fabba6df70,100,0.01,1.0,82400,0.5805809262455801,0.0029029046312279007,0.9516790194343653,9.332999979960732e-06,0.0011651669992716052,3136,1.554089749999548,0.0034745419998216676,9.859222708000743,0.9999967486350883,6.502719252177158e-06,1.458654095537006,0.0025500450630329564,2.672725226693373e-07,2.672725226693373e-07,0.7658708011592548,0.571083453745611,1e-12
success,,B-B_1.70_sto-6g_as-006-010,hamiltonian_generator/b2_controlled_active_space_libraries/occ-006/B-B/1.70/sto-6g/B-B_1.70_sto-6g_as-006-010.tensors.npz,B-B,1.70,sto-6g,6,10,16,480,824,fermionic,random_groups,0,3367589945,480,52104,0.4532359081419624,35,"[12,12,12,12,8,16,18,12,10,12,16,16,16,16,10,12,12,10,10,9,10,12,9,8,8,8,10,10,10,12,62,46,8,8,8]","[4,5,6,21,23,22,33,32,26,18,2,28,29,1,10,17,14,15,9,0,31,19,20,30,27,11,12,8,34,16,7,25,3,24,13]",cd3c40e0fbe8be32,8212513432f96460,100,0.01,1.0,82400,0.31783791692478147,0.0015891895846239074,0.28521763780032133,1.049999991664663e-05,0.001112459000069066,3136,1.554089749999548,0.0034745419998216676,9.971692499999335,0.9999988401552564,2.3196881419051962e-06,1.458757793253235,0.001523052686929259,0.0,0.0,0.2732059230583795,1.0449147580532843,1e-12
success,,B-B_1.70_sto-6g_as-006-010,hamiltonian_generator/b2_controlled_active_space_libraries/occ-006/B-B/1.70/sto-6g/B-B_1.70_sto-6g_as-006-010.tensors.npz,B-B,1.70,sto-6g,6,10,16,480,824,jw,random_groups,1,1497130406,824,111776,0.3296488102962168,23,"[56,44,104,48,44,16,16,16,52,52,34,34,27,37,25,36,16,30,28,44,19,36,10]","[0,4,14,3,20,15,13,10,17,1,22,21,6,2,19,5,16,7,11,8,18,9,12]",4229eff9977f7f19,4bda14d5d8e1a99e,100,0.01,1.0,82400,0.4862851086933975,0.0024314255434669876,0.6676470098921428,1.554200025566388e-05,0.0011588329998630797,3136,1.554089749999548,0.0034745419998216676,10.006786083000407,0.999997812345313,4.3753045880778885e-06,1.458880527582891,0.002091724019538974,4.796853402266876e-07,4.796853401156653e-07,0.5153102725548336,0.3842491054049376,1e-12
success,,B-B_1.70_sto-6g_as-006-010,hamiltonian_generator/b2_controlled_active_space_libraries/occ-006/B-B/1.70/sto-6g/B-B_1.70_sto-6g_as-006-010.tensors.npz,B-B,1.70,sto-6g,6,10,16,480,824,fermionic,random_groups,1,3876896119,480,52104,0.4532359081419624,35,"[12,12,12,12,8,16,18,12,10,12,16,16,16,16,10,12,12,10,10,9,10,12,9,8,8,8,10,10,10,12,62,46,8,8,8]","[3,17,31,0,2,24,26,32,7,1,5,11,6,34,18,9,27,21,10,16,14,8,19,20,15,29,30,12,4,25,13,33,22,28,23]",0e3db8b2b778e44c,58a9e7f3b981b097,100,0.01,1.0,82400,0.338348377254963,0.001691741886274815,0.32321623201333877,9.084000339498743e-06,0.001126375000239932,3136,1.554089749999548,0.0034745419998216676,9.768920709000668,0.9999988048515431,2.3902954853216585e-06,1.4586565603020203,0.0015460585091563003,0.0,0.0,0.28152184453261314,1.07672017785519,1e-12
success,,B-B_1.70_sto-6g_as-006-010,hamiltonian_generator/b2_controlled_active_space_libraries/occ-006/B-B/1.70/sto-6g/B-B_1.70_sto-6g_as-006-010.tensors.npz,B-B,1.70,sto-6g,6,10,16,480,824,jw,random_groups,2,1277635548,824,111776,0.3296488102962168,23,"[56,44,104,48,44,16,16,16,52,52,34,34,27,37,25,36,16,30,28,44,19,36,10]","[15,13,7,22,11,10,20,0,5,2,17,9,14,4,18,16,1,19,21,3,8,6,12]",f70eff27fd00dbb9,a5a0434b9b91b009,100,0.01,1.0,82400,0.7615004281959626,0.0038075021409798133,1.6372133262705535,1.024999983201269e-05,0.0011789999989559874,3136,1.554089749999548,0.0034745419998216676,9.84239287499986,0.9999941959844623,1.1607997388862756e-05,1.45867849108087,0.0034070560716653628,7.205556138423219e-07,7.205556138423219e-07,1.3671551723667514,1.0194404806392792,1e-12
success,,B-B_1.70_sto-6g_as-006-010,hamiltonian_generator/b2_controlled_active_space_libraries/occ-006/B-B/1.70/sto-6g/B-B_1.70_sto-6g_as-006-010.tensors.npz,B-B,1.70,sto-6g,6,10,16,480,824,fermionic,random_groups,2,4124360246,480,52104,0.4532359081419624,35,"[12,12,12,12,8,16,18,12,10,12,16,16,16,16,10,12,12,10,10,9,10,12,9,8,8,8,10,10,10,12,62,46,8,8,8]","[10,30,20,9,17,33,32,7,34,1,15,23,0,13,14,29,12,4,3,6,11,5,27,21,2,24,28,31,26,18,16,19,25,8,22]",ca555b9c4f386a5d,b60209bced0bfe3a,100,0.01,1.0,82400,0.6071756764862439,0.0030358783824312196,1.0408633047957971,9.542000043438748e-06,0.0010554999989835778,3136,1.554089749999548,0.0034745419998216676,9.796005624999452,0.9999961914483261,7.617088842781783e-06,1.4593256123457505,0.0027599100253170574,0.0,0.0,0.8971179145661774,3.4311545597196846,1e-12
success,,B-B_1.70_sto-6g_as-006-010,hamiltonian_generator/b2_controlled_active_space_libraries/occ-006/B-B/1.70/sto-6g/B-B_1.70_sto-6g_as-006-010.tensors.npz,B-B,1.70,sto-6g,6,10,16,480,824,jw,random_groups,3,310789966,824,111776,0.3296488102962168,23,"[56,44,104,48,44,16,16,16,52,52,34,34,27,37,25,36,16,30,28,44,19,36,10]","[8,16,6,1,20,21,7,4,11,10,5,0,15,18,12,9,19,2,14,22,13,17,3]",33829577b26ede91,2d834a59a0a2826c,100,0.01,1.0,82400,0.5158408140827029,0.0025792040704135143,0.7512705584008726,1.0750000001280569e-05,0.0010550000006332994,3136,1.554089749999548,0.0034745419998216676,9.786293667000791,0.9999970588791136,5.8822331225893976e-06,1.4588900233373017,0.002425333332303226,3.5945982634899565e-08,3.594598230183266e-08,0.6927918028592007,0.5165909640433088,1e-12
success,,B-B_1.70_sto-6g_as-006-010,hamiltonian_generator/b2_controlled_active_space_libraries/occ-006/B-B/1.70/sto-6g/B-B_1.70_sto-6g_as-006-010.tensors.npz,B-B,1.70,sto-6g,6,10,16,480,824,fermionic,random_groups,3,1422182446,480,52104,0.4532359081419624,35,"[12,12,12,12,8,16,18,12,10,12,16,16,16,16,10,12,12,10,10,9,10,12,9,8,8,8,10,10,10,12,62,46,8,8,8]","[14,3,16,27,28,23,10,1,15,2,8,21,19,26,29,11,32,25,12,7,34,0,24,22,6,30,5,13,17,4,33,9,18,31,20]",807a242bdb161a22,cea2ab5912da9a6b,100,0.01,1.0,82400,0.29350730569917594,0.0014675365284958796,0.2432219682993958,9.875000614556484e-06,0.001088375000108499,3136,1.554089749999548,0.0034745419998216676,9.771454667001308,0.999999110638097,1.77872301510007e-06,1.4587456207998808,0.001333688046742173,0.0,0.0,0.20949267034079583,0.8012343967239445,1e-12
success,,B-B_1.70_sto-6g_as-006-010,hamiltonian_generator/b2_controlled_active_space_libraries/occ-006/B-B/1.70/sto-6g/B-B_1.70_sto-6g_as-006-010.tensors.npz,B-B,1.70,sto-6g,6,10,16,480,824,jw,random_groups,4,2585659375,824,111776,0.3296488102962168,23,"[56,44,104,48,44,16,16,16,52,52,34,34,27,37,25,36,16,30,28,44,19,36,10]","[13,18,12,21,10,4,14,6,0,11,1,20,2,22,19,17,8,16,7,3,15,9,5]",f870c591393b9935,b9ba6cd52a5b4193,100,0.01,1.0,82400,0.45729859169989506,0.0022864929584994753,0.5904249412730642,9.249999493476935e-06,0.001014499999655527,3136,1.554089749999548,0.0034745419998216676,9.833293125000637,0.9999977814587266,4.437077624763752e-06,1.458861469851069,0.002106438355783403,5.77657921496666e-10,5.776575884297586e-10,0.5225857158366273,0.38967415264607547,1e-12
success,,B-B_1.70_sto-6g_as-006-010,hamiltonian_generator/b2_controlled_active_space_libraries/occ-006/B-B/1.70/sto-6g/B-B_1.70_sto-6g_as-006-010.tensors.npz,B-B,1.70,sto-6g,6,10,16,480,824,fermionic,random_groups,4,1816603139,480,52104,0.4532359081419624,35,"[12,12,12,12,8,16,18,12,10,12,16,16,16,16,10,12,12,10,10,9,10,12,9,8,8,8,10,10,10,12,62,46,8,8,8]","[18,16,4,0,17,34,24,10,25,33,9,3,1,19,31,7,8,27,12,14,5,21,30,28,6,26,20,22,11,13,23,2,32,29,15]",93982bbb6ff18db2,80eb7fbec2c94938,100,0.01,1.0,82400,0.4134088863481719,0.0020670444317408597,0.48253029218211174,9.084000339498743e-06,0.0011186250012542587,3136,1.554089749999548,0.0034745419998216676,9.768481625000277,0.9999980476260221,3.90474414413422e-06,1.4588714448290845,0.001976043510619878,0.0,0.0,0.4598890725581813,1.7589109108765442,1e-12
success,,B-B_1.70_sto-6g_as-006-010,hamiltonian_generator/b2_controlled_active_space_libraries/occ-006/B-B/1.70/sto-6g/B-B_1.70_sto-6g_as-006-010.tensors.npz,B-B,1.70,sto-6g,6,10,16,480,824,jw,random_groups,5,1579864017,824,111776,0.3296488102962168,23,"[56,44,104,48,44,16,16,16,52,52,34,34,27,37,25,36,16,30,28,44,19,36,10]","[3,0,1,18,7,8,9,6,4,12,2,16,20,19,14,15,11,13,17,5,10,22,21]",f6ec39d134d58c6d,4e337b0899a73497,100,0.01,1.0,82400,0.5179379186718746,0.002589689593359373,0.7573914212922284,9.749999662744813e-06,0.0010434169998916332,3136,1.554089749999548,0.0034745419998216676,9.78673366699877,0.9999969400971662,6.1197963046044634e-06,1.4586594248258415,0.0024738240979421556,6.105708694192913e-08,6.105708683090683e-08,0.7207712830551056,0.5374542978590104,1e-12
success,,B-B_1.70_sto-6g_as-006-010,hamiltonian_generator/b2_controlled_active_space_libraries/occ-006/B-B/1.70/sto-6g/B-B_1.70_sto-6g_as-006-010.tensors.npz,B-B,1.70,sto-6g,6,10,16,480,824,fermionic,random_groups,5,3469542081,480,52104,0.4532359081419624,35,"[12,12,12,12,8,16,18,12,10,12,16,16,16,16,10,12,12,10,10,9,10,12,9,8,8,8,10,10,10,12,62,46,8,8,8]","[14,28,23,8,27,9,1,31,29,21,30,18,7,16,0,24,3,4,11,22,19,2,15,6,26,20,5,32,25,10,17,34,13,33,12]",efba20497c19c45d,63915e5443a9db9a,100,0.01,1.0,82400,0.39303579473922273,0.0019651789736961135,0.43614327072048914,8.834000254864804e-06,0.0011439580011938233,3136,1.554089749999548,0.0034745419998216676,9.790768750001007,0.9999983232536853,3.3534898178366745e-06,1.4589371224523584,0.0018312543868522096,0.0,0.0,0.39496398873533994,1.5105957298039985,1e-12
success,,B-B_1.70_sto-6g_as-006-010,hamiltonian_generator/b2_controlled_active_space_libraries/occ-006/B-B/1.70/sto-6g/B-B_1.70_sto-6g_as-006-010.tensors.npz,B-B,1.70,sto-6g,6,10,16,480,824,jw,random_groups,6,3151523025,824,111776,0.3296488102962168,23,"[56,44,104,48,44,16,16,16,52,52,34,34,27,37,25,36,16,30,28,44,19,36,10]","[17,12,10,8,7,22,2,16,5,6,19,9,4,21,18,14,0,3,20,11,15,13,1]",f820f3eabd257fba,c8eaa36129cf05f2,100,0.01,1.0,82400,0.6885773399462153,0.0034428866997310765,1.3386604126242456,8.582999726058915e-06,0.0011309999990771757,3136,1.554089749999548,0.0034745419998216676,9.772483749999083,0.9999956221992834,8.755582268094031e-06,1.4591523725977409,0.002958986555090775,4.401075046622793e-07,4.401075044402347e-07,1.0312062609862545,0.7689349589470399,1e-12
success,,B-B_1.70_sto-6g_as-006-010,hamiltonian_generator/b2_controlled_active_space_libraries/occ-006/B-B/1.70/sto-6g/B-B_1.70_sto-6g_as-006-010.tensors.npz,B-B,1.70,sto-6g,6,10,16,480,824,fermionic,random_groups,6,2189256465,480,52104,0.4532359081419624,35,"[12,12,12,12,8,16,18,12,10,12,16,16,16,16,10,12,12,10,10,9,10,12,9,8,8,8,10,10,10,12,62,46,8,8,8]","[29,25,24,26,9,13,8,17,7,23,11,4,27,32,12,33,16,10,2,5,18,1,22,14,6,15,3,20,21,28,34,19,30,0,31]",a61ba17089600e93,bed3bdcb60dc7478,100,0.01,1.0,82400,0.5991611636333387,0.0029958058181666935,1.013566570787605,9.749999662744813e-06,0.001105499999539461,3136,1.554089749999548,0.0034745419998216676,9.780019875001017,0.9999962883166265,7.423352970437058e-06,1.4590974366890563,0.0027245856101586435,0.0,0.0,0.8743002836625728,3.3438852977355866,1e-12
success,,B-B_1.70_sto-6g_as-006-010,hamiltonian_generator/b2_controlled_active_space_libraries/occ-006/B-B/1.70/sto-6g/B-B_1.70_sto-6g_as-006-010.tensors.npz,B-B,1.70,sto-6g,6,10,16,480,824,jw,random_groups,7,2179626871,824,111776,0.3296488102962168,23,"[56,44,104,48,44,16,16,16,52,52,34,34,27,37,25,36,16,30,28,44,19,36,10]","[8,19,12,3,10,9,4,11,18,20,22,6,15,5,2,14,17,13,21,16,0,1,7]",a84e62f216e43c37,0aab4d1b8d42b450,100,0.01,1.0,82400,0.5154616022224257,0.002577308011112128,0.7501663961015829,8.749999324209057e-06,0.001105749999624095,3136,1.554089749999548,0.0034745419998216676,9.798953750001601,0.9999974684085927,5.06317640558418e-06,1.4588672777023017,0.002250151731454711,3.487146297276311e-07,3.487146298386534e-07,0.5963257553918072,0.44465955802354645,1e-12
success,,B-B_1.70_sto-6g_as-006-010,hamiltonian_generator/b2_controlled_active_space_libraries/occ-006/B-B/1.70/sto-6g/B-B_1.70_sto-6g_as-006-010.tensors.npz,B-B,1.70,sto-6g,6,10,16,480,824,fermionic,random_groups,7,54865669,480,52104,0.4532359081419624,35,"[12,12,12,12,8,16,18,12,10,12,16,16,16,16,10,12,12,10,10,9,10,12,9,8,8,8,10,10,10,12,62,46,8,8,8]","[17,31,6,7,12,2,13,29,34,5,9,25,1,18,20,8,16,33,26,27,15,32,24,14,23,11,4,28,0,30,10,3,22,21,19]",87d0bb021388da26,434c1368674e9b50,100,0.01,1.0,82400,0.7202183050111587,0.0036010915250557934,1.464513156575793,9.416999091627076e-06,0.0010509999992791563,3136,1.554089749999548,0.0034745419998216676,9.775569290999556,0.9999947441192403,1.0511733895213204e-05,1.4593304103109863,0.003242184683118689,0.0,0.0,1.2380405408405752,4.735061442705825,1e-12
success,,B-B_1.70_sto-6g_as-006-010,hamiltonian_generator/b2_controlled_active_space_libraries/occ-006/B-B/1.70/sto-6g/B-B_1.70_sto-6g_as-006-010.tensors.npz,B-B,1.70,sto-6g,6,10,16,480,824,jw,random_groups,8,1984604632,824,111776,0.3296488102962168,23,"[56,44,104,48,44,16,16,16,52,52,34,34,27,37,25,36,16,30,28,44,19,36,10]","[15,12,7,18,13,21,6,8,22,11,16,1,3,17,9,2,5,14,4,19,20,10,0]",3388def42596669e,6aa8896ec12167f8,100,0.01,1.0,82400,0.6617909999554148,0.003308954999777074,1.2365357602446558,9.707999197416939e-06,0.0010729169989645015,3136,1.554089749999548,0.0034745419998216676,9.790119375000359,0.9999950407344165,9.91850657272586e-06,1.458674054092557,0.0031493699635089614,1.2127416848528583e-09,1.2127415738305558e-09,1.168172003214439,0.8710655911608639,1e-12
success,,B-B_1.70_sto-6g_as-006-010,hamiltonian_generator/b2_controlled_active_space_libraries/occ-006/B-B/1.70/sto-6g/B-B_1.70_sto-6g_as-006-010.tensors.npz,B-B,1.70,sto-6g,6,10,16,480,824,fermionic,random_groups,8,2680923446,480,52104,0.4532359081419624,35,"[12,12,12,12,8,16,18,12,10,12,16,16,16,16,10,12,12,10,10,9,10,12,9,8,8,8,10,10,10,12,62,46,8,8,8]","[32,29,31,7,19,2,8,21,13,20,4,3,25,18,17,28,5,6,1,12,30,34,23,11,24,0,10,22,16,26,15,14,27,9,33]",7651126d54c964eb,0cec6b527cfd3720,100,0.01,1.0,82400,0.5720239912900054,0.0028601199564500268,0.9238329651054178,9.584000508766621e-06,0.001142125000114902,3136,1.554089749999548,0.0034745419998216676,9.915778542001135,0.9999964815911035,7.036805413696001e-06,1.4591811917827249,0.002652700094791111,0.0,0.0,0.8287738699444491,3.169763078704699,1e-12
success,,B-B_1.70_sto-6g_as-006-010,hamiltonian_generator/b2_controlled_active_space_libraries/occ-006/B-B/1.70/sto-6g/B-B_1.70_sto-6g_as-006-010.tensors.npz,B-B,1.70,sto-6g,6,10,16,480,824,jw,random_groups,9,3375276032,824,111776,0.3296488102962168,23,"[56,44,104,48,44,16,16,16,52,52,34,34,27,37,25,36,16,30,28,44,19,36,10]","[9,5,6,15,1,12,20,3,0,4,11,7,16,19,21,2,8,22,13,17,18,14,10]",952378cb426584aa,6383d6e255697a9d,100,0.01,1.0,82400,0.5314694841745218,0.002657347420872609,0.7974833671249564,1.0666999514796771e-05,0.0010721670005295891,3136,1.554089749999548,0.0034745419998216676,9.788795333000962,0.9999971044161524,5.791159310764016e-06,1.45869749654783,0.0024064845096464465,6.45180154856817e-08,6.4518015596704e-08,0.6820654020225078,0.5085926567220135,1e-12
success,,B-B_1.70_sto-6g_as-006-010,hamiltonian_generator/b2_controlled_active_space_libraries/occ-006/B-B/1.70/sto-6g/B-B_1.70_sto-6g_as-006-010.tensors.npz,B-B,1.70,sto-6g,6,10,16,480,824,fermionic,random_groups,9,1198809176,480,52104,0.4532359081419624,35,"[12,12,12,12,8,16,18,12,10,12,16,16,16,16,10,12,12,10,10,9,10,12,9,8,8,8,10,10,10,12,62,46,8,8,8]","[14,24,18,6,28,26,4,19,23,21,1,22,15,13,9,12,16,31,0,34,3,5,17,25,33,20,10,30,8,32,11,2,7,27,29]",78f9920606a1c24a,74ae6d0536e44259,100,0.01,1.0,82400,0.7976238638962441,0.00398811931948122,1.7962271037784954,9.124998541665263e-06,0.0010772080004244344,3136,1.554089749999548,0.0034745419998216676,9.787556458000836,0.9999934820700698,1.3035817376993997e-05,1.4593795641306344,0.0036105207187406073,0.0,0.0,1.53531953496862,5.872047071517587,1e-12
success,,B-B_1.70_sto-6g_as-006-010,hamiltonian_generator/b2_controlled_active_space_libraries/occ-006/B-B/1.70/sto-6g/B-B_1.70_sto-6g_as-006-010.tensors.npz,B-B,1.70,sto-6g,6,10,16,480,824,jw,random_groups,10,587745067,824,111776,0.3296488102962168,23,"[56,44,104,48,44,16,16,16,52,52,34,34,27,37,25,36,16,30,28,44,19,36,10]","[8,12,11,22,9,13,21,10,5,0,2,19,4,1,17,16,14,15,3,18,6,7,20]",292a4ca9537037b4,55fbd8276470a4f4,100,0.01,1.0,82400,0.7840297684781173,0.003920148842390587,1.735521796155315,9.667000995250419e-06,0.001061666998793953,3136,1.554089749999548,0.0034745419998216676,9.797979625000153,0.9999949552078998,1.0089558750370209e-05,1.4589812861028366,0.0031764105843460587,1.1104710586629096e-06,1.1104710585518873e-06,1.18831801648245,0.8860877787398734,1e-12
success,,B-B_1.70_sto-6g_as-006-010,hamiltonian_generator/b2_controlled_active_space_libraries/occ-006/B-B/1.70/sto-6g/B-B_1.70_sto-6g_as-006-010.tensors.npz,B-B,1.70,sto-6g,6,10,16,480,824,fermionic,random_groups,10,3391352111,480,52104,0.4532359081419624,35,"[12,12,12,12,8,16,18,12,10,12,16,16,16,16,10,12,12,10,10,9,10,12,9,8,8,8,10,10,10,12,62,46,8,8,8]","[27,5,20,4,32,10,0,22,23,30,2,34,14,15,21,31,24,19,18,9,6,7,25,3,33,16,12,8,29,28,13,11,1,26,17]",8748a4273dfb2e00,99faafc50ca281f8,100,0.01,1.0,82400,0.3128632847397716,0.001564316423698858,0.2763593537760023,9.583000064594671e-06,0.0010417499997856794,3136,1.554089749999548,0.0034745419998216676,9.77697304100002,0.9999988428218626,2.3143549358062288e-06,1.4587959413141605,0.001521300849551534,0.0,0.0,0.27257779401430365,1.042512389536638,1e-12
success,,B-B_1.70_sto-6g_as-006-010,hamiltonian_generator/b2_controlled_active_space_libraries/occ-006/B-B/1.70/sto-6g/B-B_1.70_sto-6g_as-006-010.tensors.npz,B-B,1.70,sto-6g,6,10,16,480,824,jw,random_groups,11,2176002116,824,111776,0.3296488102962168,23,"[56,44,104,48,44,16,16,16,52,52,34,34,27,37,25,36,16,30,28,44,19,36,10]","[16,6,2,11,9,1,12,8,18,7,19,14,20,13,10,0,21,15,17,22,3,4,5]",83ed50db5dff10e8,13cd90bfc25e3882,100,0.01,1.0,82400,0.5402435997949835,0.0027012179989749172,0.8240322867696461,9.332999979960732e-06,0.0011085420010203961,3136,1.554089749999548,0.0034745419998216676,9.860163665998698,0.9999969071258307,6.185738772757077e-06,1.4585243329410607,0.002487116470666523,4.115838714291442e-08,4.115838758700363e-08,0.72853778948971,0.5432455139642568,1e-12
success,,B-B_1.70_sto-6g_as-006-010,hamiltonian_generator/b2_controlled_active_space_libraries/occ-006/B-B/1.70/sto-6g/B-B_1.70_sto-6g_as-006-010.tensors.npz,B-B,1.70,sto-6g,6,10,16,480,824,fermionic,random_groups,11,3910489929,480,52104,0.4532359081419624,35,"[12,12,12,12,8,16,18,12,10,12,16,16,16,16,10,12,12,10,10,9,10,12,9,8,8,8,10,10,10,12,62,46,8,8,8]","[34,6,26,19,20,2,1,13,33,10,11,23,0,16,9,22,25,14,5,32,31,7,12,24,8,17,3,4,27,28,21,15,18,29,30]",d2511721f76aece4,5ab7deb8eeaf305f,100,0.01,1.0,82400,0.37611706031475045,0.0018805853015737522,0.39940273394828096,9.667000995250419e-06,0.0010638330004439922,3136,1.554089749999548,0.0034745419998216676,9.845264416000646,0.9999983781946551,3.2436080595887873e-06,1.459063278712844,0.001801002690119633,0.0,0.0,0.38202244428931126,1.4610989596305044,1e-12
success,,B-B_1.70_sto-6g_as-006-010,hamiltonian_generator/b2_controlled_active_space_libraries/occ-006/B-B/1.70/sto-6g/B-B_1.70_sto-6g_as-006-010.tensors.npz,B-B,1.70,sto-6g,6,10,16,480,824,jw,random_groups,12,3643636399,824,111776,0.3296488102962168,23,"[56,44,104,48,44,16,16,16,52,52,34,34,27,37,25,36,16,30,28,44,19,36,10]","[17,2,7,1,13,3,22,10,8,6,4,21,16,19,9,12,20,11,5,15,18,0,14]",083507198f7ecb7c,2f9727e792b73fb8,100,0.01,1.0,82400,0.5514450476999748,0.0027572252384998742,0.8585576236374036,9.749999662744813e-06,0.001120124999943073,3136,1.554089749999548,0.0034745419998216676,9.783518166001159,0.9999965922049436,6.815578499685948e-06,1.4588710094127986,0.002610668518354984,6.499408999882661e-08,6.499408988780431e-08,0.802718426475297,0.5985594576563984,1e-12
success,,B-B_1.70_sto-6g_as-006-010,hamiltonian_generator/b2_controlled_active_space_libraries/occ-006/B-B/1.70/sto-6g/B-B_1.70_sto-6g_as-006-010.tensors.npz,B-B,1.70,sto-6g,6,10,16,480,824,fermionic,random_groups,12,2865866506,480,52104,0.4532359081419624,35,"[12,12,12,12,8,16,18,12,10,12,16,16,16,16,10,12,12,10,10,9,10,12,9,8,8,8,10,10,10,12,62,46,8,8,8]","[9,20,15,19,25,10,4,33,32,31,30,34,29,8,13,12,11,27,7,5,22,6,26,1,23,14,3,17,2,28,16,24,21,18,0]",a2419e455daacc2e,d8f846176da0a251,100,0.01,1.0,82400,0.45475520546360615,0.0022737760273180306,0.5838755982127816,1.2291999155422673e-05,0.0011753329999919515,3136,1.554089749999548,0.0034745419998216676,9.801715957999477,0.9999977644816164,4.47103176970387e-06,1.459065636406445,0.0021144826240151026,0.0,0.0,0.5265847333521473,2.013997914414308,1e-12
success,,B-B_1.70_sto-6g_as-006-010,hamiltonian_generator/b2_controlled_active_space_libraries/occ-006/B-B/1.70/sto-6g/B-B_1.70_sto-6g_as-006-010.tensors.npz,B-B,1.70,sto-6g,6,10,16,480,824,jw,random_groups,13,798067061,824,111776,0.3296488102962168,23,"[56,44,104,48,44,16,16,16,52,52,34,34,27,37,25,36,16,30,28,44,19,36,10]","[4,15,7,1,6,14,20,13,0,17,18,5,8,21,11,16,22,10,9,2,12,19,3]",8912a2f2bd0c0b93,f02aa251d78aa1d4,100,0.01,1.0,82400,0.38299517650395243,0.001914975882519762,0.4141441928974881,1.0874999134102836e-05,0.0011162909995618975,3136,1.554089749999548,0.0034745419998216676,9.77677866600061,0.9999984225929724,3.1548115668744714e-06,1.458924054894007,0.0017761796235477745,9.81892678275642e-10,9.818923452087347e-10,0.37156425927809833,0.27706265881370573,1e-12
success,,B-B_1.70_sto-6g_as-006-010,hamiltonian_generator/b2_controlled_active_space_libraries/occ-006/B-B/1.70/sto-6g/B-B_1.70_sto-6g_as-006-010.tensors.npz,B-B,1.70,sto-6g,6,10,16,480,824,fermionic,random_groups,13,149417118,480,52104,0.4532359081419624,35,"[12,12,12,12,8,16,18,12,10,12,16,16,16,16,10,12,12,10,10,9,10,12,9,8,8,8,10,10,10,12,62,46,8,8,8]","[23,15,28,0,31,5,14,29,27,7,13,16,11,18,1,19,9,17,3,25,26,21,8,4,34,33,10,20,12,6,22,24,30,2,32]",000a215f6c2a921f,ea3df1429e54e119,100,0.01,1.0,82400,0.5061852429371029,0.0025309262146855143,0.7234090321124796,9.374998626299202e-06,0.0011146670003654435,3136,1.554089749999548,0.0034745419998216676,9.803248082998834,0.9999973177703784,5.36445204890601e-06,1.459028384539884,0.0023161302302034384,0.0,0.0,0.6318090984937575,2.4164434061240962,1e-12
success,,B-B_1.70_sto-6g_as-006-010,hamiltonian_generator/b2_controlled_active_space_libraries/occ-006/B-B/1.70/sto-6g/B-B_1.70_sto-6g_as-006-010.tensors.npz,B-B,1.70,sto-6g,6,10,16,480,824,jw,random_groups,14,3809075065,824,111776,0.3296488102962168,23,"[56,44,104,48,44,16,16,16,52,52,34,34,27,37,25,36,16,30,28,44,19,36,10]","[20,9,11,3,4,12,7,15,6,19,18,1,8,14,13,2,10,16,17,5,0,22,21]",d8905492f58a71a3,deaa2ba0ef1c80e3,100,0.01,1.0,82400,0.6668959146292007,0.0033344795731460037,1.2556860836496362,9.124998541665263e-06,0.0011248330010857899,3136,1.554089749999548,0.0034745419998216676,9.784458166999684,0.9999952351176992,9.529741897607025e-06,1.4586256846312209,0.0030870316813515013,4.893033755948295e-10,4.893033755948295e-10,1.1223844639329308,0.8369234016011928,1e-12
success,,B-B_1.70_sto-6g_as-006-010,hamiltonian_generator/b2_controlled_active_space_libraries/occ-006/B-B/1.70/sto-6g/B-B_1.70_sto-6g_as-006-010.tensors.npz,B-B,1.70,sto-6g,6,10,16,480,824,fermionic,random_groups,14,3019720038,480,52104,0.4532359081419624,35,"[12,12,12,12,8,16,18,12,10,12,16,16,16,16,10,12,12,10,10,9,10,12,9,8,8,8,10,10,10,12,62,46,8,8,8]","[19,5,2,10,25,23,18,20,12,27,34,9,4,13,3,29,31,6,0,1,24,26,11,32,22,30,17,28,15,14,21,8,16,33,7]",429bc45ca5f8a891,0c4299a495e17282,100,0.01,1.0,82400,0.5731166375424693,0.0028655831877123466,0.9273656375533694,8.667000656714663e-06,0.0010584589999780292,3136,1.554089749999548,0.0034745419998216676,9.808483374999923,0.9999963553618482,7.289263020293646e-06,1.4593454588744335,0.0026998659788345135,0.0,0.0,0.8585075708664058,3.283483830279533,1e-12
success,,B-B_1.70_sto-6g_as-006-010,hamiltonian_generator/b2_controlled_active_space_libraries/occ-006/B-B/1.70/sto-6g/B-B_1.70_sto-6g_as-006-010.tensors.npz,B-B,1.70,sto-6g,6,10,16,480,824,jw,random_groups,15,2689661021,824,111776,0.3296488102962168,23,"[56,44,104,48,44,16,16,16,52,52,34,34,27,37,25,36,16,30,28,44,19,36,10]","[3,12,2,7,16,22,11,1,6,4,21,20,18,15,8,0,10,14,13,17,9,5,19]",9d73173c48e49d4b,c7bed87324c3601e,100,0.01,1.0,82400,0.48732505116936314,0.0024366252558468155,0.6705056493339743,9.375000445288606e-06,0.0011152089991810499,3136,1.554089749999548,0.0034745419998216676,9.757767499999318,0.9999974379437657,5.124105904474874e-06,1.4588122416452844,0.0022636502531436886,9.793084121412221e-10,9.793084121412221e-10,0.6035018493180557,0.4500105238752303,1e-12
success,,B-B_1.70_sto-6g_as-006-010,hamiltonian_generator/b2_controlled_active_space_libraries/occ-006/B-B/1.70/sto-6g/B-B_1.70_sto-6g_as-006-010.tensors.npz,B-B,1.70,sto-6g,6,10,16,480,824,fermionic,random_groups,15,2656123937,480,52104,0.4532359081419624,35,"[12,12,12,12,8,16,18,12,10,12,16,16,16,16,10,12,12,10,10,9,10,12,9,8,8,8,10,10,10,12,62,46,8,8,8]","[18,4,3,19,13,34,21,31,6,30,1,2,23,8,17,29,10,22,27,5,25,0,16,14,11,26,12,7,33,20,24,9,32,28,15]",9c35f16f19b74ad8,68b19385613f3942,100,0.01,1.0,82400,0.34616965327722266,0.0017308482663861134,0.33833190446055816,9.792000128072686e-06,0.001129124999351916,3136,1.554089749999548,0.0034745419998216676,9.802346333999594,0.9999986229059991,2.7541861055135897e-06,1.4587765629096372,0.0016595746448670329,0.0,0.0,0.3243797921100706,1.240636470087222,1e-12
success,,B-B_1.70_sto-6g_as-006-010,hamiltonian_generator/b2_controlled_active_space_libraries/occ-006/B-B/1.70/sto-6g/B-B_1.70_sto-6g_as-006-010.tensors.npz,B-B,1.70,sto-6g,6,10,16,480,824,jw,random_groups,16,300390204,824,111776,0.3296488102962168,23,"[56,44,104,48,44,16,16,16,52,52,34,34,27,37,25,36,16,30,28,44,19,36,10]","[14,18,5,8,22,0,7,1,6,12,2,11,9,13,10,3,21,20,4,19,16,17,15]",712a5f627a86642b,37d058b56788e4f4,100,0.01,1.0,82400,0.6568836721786416,0.003284418360893208,1.2182653752516568,9.291999958804809e-06,0.001046624998707557,3136,1.554089749999548,0.0034745419998216676,9.78568712499873,0.9999960620557824,7.87587292783165e-06,1.4584371211365483,0.0028064013318135407,7.340091996432818e-07,7.340091996432818e-07,0.9275967291756271,0.6916769029174628,1e-12
success,,B-B_1.70_sto-6g_as-006-010,hamiltonian_generator/b2_controlled_active_space_libraries/occ-006/B-B/1.70/sto-6g/B-B_1.70_sto-6g_as-006-010.tensors.npz,B-B,1.70,sto-6g,6,10,16,480,824,fermionic,random_groups,16,278060400,480,52104,0.4532359081419624,35,"[12,12,12,12,8,16,18,12,10,12,16,16,16,16,10,12,12,10,10,9,10,12,9,8,8,8,10,10,10,12,62,46,8,8,8]","[15,18,1,21,19,17,4,20,8,5,27,28,7,9,22,32,24,23,16,33,31,29,25,10,14,3,2,6,12,26,11,0,13,34,30]",932b3415226b7d45,1e448f7bbcb4c7a1,100,0.01,1.0,82400,0.5795831068416792,0.0028979155342083963,0.948410611095611,9.625000529922545e-06,0.0010669589992176043,3136,1.554089749999548,0.0034745419998216676,9.799035500000173,0.99999637835428,7.243278323687541e-06,1.4588673295736634,0.0026913363669324904,0.0,0.0,0.8530916310010962,3.2627698009838286,1e-12
success,,B-B_1.70_sto-6g_as-006-010,hamiltonian_generator/b2_controlled_active_space_libraries/occ-006/B-B/1.70/sto-6g/B-B_1.70_sto-6g_as-006-010.tensors.npz,B-B,1.70,sto-6g,6,10,16,480,824,jw,random_groups,17,2871051818,824,111776,0.3296488102962168,23,"[56,44,104,48,44,16,16,16,52,52,34,34,27,37,25,36,16,30,28,44,19,36,10]","[3,0,15,19,21,20,17,5,12,13,22,11,10,9,1,8,2,16,14,7,4,18,6]",f768342598e0797a,7ff41ab3d94af019,100,0.01,1.0,82400,0.7351277589280473,0.003675638794640236,1.525775411741278,8.749999324209057e-06,0.0010858339992410038,3136,1.554089749999548,0.0034745419998216676,9.779146374999982,0.9999942439418128,1.1512083242237736e-05,1.4583894396630406,0.003392950983200526,2.409913042455969e-07,2.409913040235523e-07,1.355858691391717,1.0110170842118016,1e-12
success,,B-B_1.70_sto-6g_as-006-010,hamiltonian_generator/b2_controlled_active_space_libraries/occ-006/B-B/1.70/sto-6g/B-B_1.70_sto-6g_as-006-010.tensors.npz,B-B,1.70,sto-6g,6,10,16,480,824,fermionic,random_groups,17,3881362396,480,52104,0.4532359081419624,35,"[12,12,12,12,8,16,18,12,10,12,16,16,16,16,10,12,12,10,10,9,10,12,9,8,8,8,10,10,10,12,62,46,8,8,8]","[30,4,11,0,33,29,6,14,7,10,34,32,13,2,18,28,27,16,8,12,23,31,9,1,20,24,25,21,15,5,26,17,3,19,22]",b739019254c3c296,43c5bb84c5d5df9c,100,0.01,1.0,82400,0.4054733008531647,0.0020273665042658236,0.4641832792812375,9.583000064594671e-06,0.0010449590008647647,3136,1.554089749999548,0.0034745419998216676,9.805196290999447,0.9999981720953832,3.655805892344155e-06,1.458777411726066,0.0019120170589093466,0.0,0.0,0.43056987070676983,1.646775469719448,1e-12
success,,B-B_1.70_sto-6g_as-006-010,hamiltonian_generator/b2_controlled_active_space_libraries/occ-006/B-B/1.70/sto-6g/B-B_1.70_sto-6g_as-006-010.tensors.npz,B-B,1.70,sto-6g,6,10,16,480,824,jw,random_groups,18,477683903,824,111776,0.3296488102962168,23,"[56,44,104,48,44,16,16,16,52,52,34,34,27,37,25,36,16,30,28,44,19,36,10]","[8,4,0,7,18,12,14,9,2,11,6,1,21,10,22,5,3,20,17,13,16,15,19]",906bb61d5c4fe16b,b81179f2a68d0fc5,100,0.01,1.0,82400,0.7724605452061616,0.003862302726030808,1.6846806196331672,9.334000424132682e-06,0.0011297080000076676,3136,1.554089749999548,0.0034745419998216676,9.742470125000182,0.9999944953763287,1.1009217041779706e-05,1.4590875085504145,0.0033180185868455633,7.257265972615556e-07,7.257265972615556e-07,1.2966326161322388,0.9668542416543046,1e-12
success,,B-B_1.70_sto-6g_as-006-010,hamiltonian_generator/b2_controlled_active_space_libraries/occ-006/B-B/1.70/sto-6g/B-B_1.70_sto-6g_as-006-010.tensors.npz,B-B,1.70,sto-6g,6,10,16,480,824,fermionic,random_groups,18,60323174,480,52104,0.4532359081419624,35,"[12,12,12,12,8,16,18,12,10,12,16,16,16,16,10,12,12,10,10,9,10,12,9,8,8,8,10,10,10,12,62,46,8,8,8]","[24,6,19,15,14,34,31,26,28,22,32,2,23,4,7,12,13,18,25,1,3,30,29,21,5,11,9,27,8,0,16,33,10,20,17]",6e59ca5d11ce8b85,db8a425c5860a0f8,100,0.01,1.0,82400,0.6557620076929039,0.00327881003846452,1.2141084190360234,9.499999578110874e-06,0.001130249998823274,3136,1.554089749999548,0.0034745419998216676,9.891076459000033,0.999995361666957,9.276644571842851e-06,1.4592677916022476,0.00304576198774078,0.0,0.0,1.0925754188031764,4.178709475305687,1e-12
success,,B-B_1.70_sto-6g_as-006-010,hamiltonian_generator/b2_controlled_active_space_libraries/occ-006/B-B/1.70/sto-6g/B-B_1.70_sto-6g_as-006-010.tensors.npz,B-B,1.70,sto-6g,6,10,16,480,824,jw,random_groups,19,241670715,824,111776,0.3296488102962168,23,"[56,44,104,48,44,16,16,16,52,52,34,34,27,37,25,36,16,30,28,44,19,36,10]","[15,16,5,9,22,2,1,3,8,21,20,13,0,19,14,4,6,10,18,11,12,17,7]",6e739efb82b32204,57a097011c49fbe1,100,0.01,1.0,82400,0.4671430783796744,0.0023357153918983718,0.6161192865837514,1.0542000381974503e-05,0.0010468330001458526,3136,1.554089749999548,0.0034745419998216676,9.881783499999074,0.9999978905524536,4.218890643059581e-06,1.4587266627802835,0.002053994910615278,2.464560283632622e-07,2.464560280301953e-07,0.496888306491399,0.3705124803914674,1e-12
success,,B-B_1.70_sto-6g_as-006-010,hamiltonian_generator/b2_controlled_active_space_libraries/occ-006/B-B/1.70/sto-6g/B-B_1.70_sto-6g_as-006-010.tensors.npz,B-B,1.70,sto-6g,6,10,16,480,824,fermionic,random_groups,19,4064277062,480,52104,0.4532359081419624,35,"[12,12,12,12,8,16,18,12,10,12,16,16,16,16,10,12,12,10,10,9,10,12,9,8,8,8,10,10,10,12,62,46,8,8,8]","[1,18,4,26,13,7,32,17,28,19,0,9,30,10,5,22,6,15,24,27,2,12,3,21,31,29,33,14,20,23,11,8,34,25,16]",9eb5644fc358bb0e,d882886ae9a5489c,100,0.01,1.0,82400,0.6281863776288311,0.0031409318881441555,1.1141457192712771,1.4958999599912204e-05,0.0011925409999093972,3136,1.554089749999548,0.0034745419998216676,9.89118716700068,0.9999959731071224,8.053769539273503e-06,1.4592881525306856,0.002837919265093882,0.0,0.0,0.9485488593606834,3.6278594943521583,1e-12
