status,error_message,case_id,tensor_path,molecule,bond_length,basis,active_occupied,active_vacant,n_qubits,number_of_fermionic_terms,number_of_pauli_terms,graph_level,schedule,sample_index,random_seed,graph_vertices,graph_edges,graph_density,number_of_colors,group_sizes,group_order,within_group_order_hash,pauli_order_hash,trotter_steps,trotter_dt,evolution_time,nominal_exponential_count,bch2_hf_state_norm,leading_state_error_norm_estimate,bch_squared_ratio_to_raw,schedule_build_time_seconds,bch_evaluation_time_seconds,exact_sector_dimension,exact_build_time_seconds,exact_evolution_time_seconds,trotter_runtime_seconds,state_overlap_abs,state_infidelity,state_vector_2norm_error,phase_aligned_state_2norm_error,particle_number_leakage,spin_sector_leakage,state_infidelity_ratio_to_raw_jw,state_infidelity_ratio_to_current_coloring,coefficient_tolerance
success,,B-B_1.70_sto-6g_as-002-002,hamiltonian_generator/b2_controlled_active_space_libraries/occ-002/B-B/1.70/sto-6g/B-B_1.70_sto-6g_as-002-002.tensors.npz,B-B,1.70,sto-6g,2,2,4,12,14,baseline,jw_raw,-1,-1,,,,,[],[],4f53cda18c2baa0c,7a21dee1b15bfdcd,100,0.01,1.0,1400,0.0008874808621179972,4.437404310589986e-06,1.0,4.169996827840805e-07,1.3250000847619958e-05,4,0.0009618330004741438,0.0002107500004058238,0.0003720839995366987,0.9999999999901555,1.968891716330745e-11,0.5939486456049222,4.437219530664158e-06,1.1435297153639112e-14,1.1435297153639112e-14,1.0,,1e-12
success,,B-B_1.70_sto-6g_as-002-002,hamiltonian_generator/b2_controlled_active_space_libraries/occ-002/B-B/1.70/sto-6g/B-B_1.70_sto-6g_as-002-002.tensors.npz,B-B,1.70,sto-6g,2,2,4,12,14,jw,current,-1,-1,14,16,0.17582417582417584,2,"[10,4]","[0,1]",7a41a379ee2bbe80,32548d417ec0eec7,100,0.01,1.0,1400,0.0008874808621179972,4.437404310589986e-06,1.0,3.749992174562067e-07,9.499999578110874e-06,4,0.0009618330004741438,0.0002107500004058238,0.0003755830002774019,0.9999999999901538,1.9692469876986252e-11,0.593948645604925,4.437619843675915e-06,1.454392162258955e-14,1.454392162258955e-14,1.0001804423092104,1.0,1e-12
success,,B-B_1.70_sto-6g_as-002-002,hamiltonian_generator/b2_controlled_active_space_libraries/occ-002/B-B/1.70/sto-6g/B-B_1.70_sto-6g_as-002-002.tensors.npz,B-B,1.70,sto-6g,2,2,4,12,14,fermionic,current,-1,-1,12,12,0.18181818181818182,2,"[4,8]","[0,1]",7167351881444ba2,42369cef0c806f27,100,0.01,1.0,1400,0.0008874808621179972,4.437404310589986e-06,1.0,2.9199873097240925e-07,7.667000318178907e-06,4,0.0009618330004741438,0.0002107500004058238,0.000343167001119582,0.9999999999901545,1.9690915564751776e-11,0.5939484789064104,4.437444711176893e-06,1.3211653993039363e-14,1.3211653993039363e-14,1.000101498798931,1.0,1e-12
success,,B-B_1.70_sto-6g_as-002-002,hamiltonian_generator/b2_controlled_active_space_libraries/occ-002/B-B/1.70/sto-6g/B-B_1.70_sto-6g_as-002-002.tensors.npz,B-B,1.70,sto-6g,2,2,4,12,14,jw,reverse_groups,-1,-1,14,16,0.17582417582417584,2,"[10,4]","[1,0]",9a0ae38fea0d0f3f,e2091ca78674d3dd,100,0.01,1.0,1400,0.0008874808621179972,4.437404310589986e-06,1.0,2.5000008463393897e-07,6.708000000799075e-06,4,0.0009618330004741438,0.0002107500004058238,0.00034991700158570893,0.9999999999901542,1.969158169856655e-11,0.5939484789064112,4.4375197688085345e-06,1.4099832412739488e-14,1.4099832412739488e-14,1.000135331731908,0.9999548975610856,1e-12
success,,B-B_1.70_sto-6g_as-002-002,hamiltonian_generator/b2_controlled_active_space_libraries/occ-002/B-B/1.70/sto-6g/B-B_1.70_sto-6g_as-002-002.tensors.npz,B-B,1.70,sto-6g,2,2,4,12,14,fermionic,reverse_groups,-1,-1,12,12,0.18181818181818182,2,"[4,8]","[1,0]",e3847bebfe460ee0,39a55076159eec27,100,0.01,1.0,1400,0.0008874808621179972,4.437404310589986e-06,1.0,2.0900006347801536e-07,6.2920007621869445e-06,4,0.0009618330004741438,0.0002107500004058238,0.000344083000527462,0.999999999990153,1.9694024189220727e-11,0.5939486456049259,4.437794969263534e-06,1.63202784619898e-14,1.63202784619898e-14,1.00025938581949,1.0001578709968426,1e-12
success,,B-B_1.70_sto-6g_as-002-002,hamiltonian_generator/b2_controlled_active_space_libraries/occ-002/B-B/1.70/sto-6g/B-B_1.70_sto-6g_as-002-002.tensors.npz,B-B,1.70,sto-6g,2,2,4,12,14,jw,random_groups,0,680265189,14,16,0.17582417582417584,2,"[10,4]","[1,0]",9a0ae38fea0d0f3f,e2091ca78674d3dd,100,0.01,1.0,1400,0.0008874808621179972,4.437404310589986e-06,1.0,2.0799961930606514e-07,6.207999831531197e-06,4,0.0009618330004741438,0.0002107500004058238,0.0003524170006130589,0.9999999999901542,1.969158169856655e-11,0.5939484789064112,4.4375197688085345e-06,1.4099832412739488e-14,1.4099832412739488e-14,1.000135331731908,0.9999548975610856,1e-12
success,,B-B_1.70_sto-6g_as-002-002,hamiltonian_generator/b2_controlled_active_space_libraries/occ-002/B-B/1.70/sto-6g/B-B_1.70_sto-6g_as-002-002.tensors.npz,B-B,1.70,sto-6g,2,2,4,12,14,fermionic,random_groups,0,2255750596,12,12,0.18181818181818182,2,"[4,8]","[0,1]",7167351881444ba2,42369cef0c806f27,100,0.01,1.0,1400,0.0008874808621179972,4.437404310589986e-06,1.0,1.6700141713954508e-07,6.083000698708929e-06,4,0.0009618330004741438,0.0002107500004058238,0.00034374999995634425,0.9999999999901545,1.9690915564751776e-11,0.5939484789064104,4.437444711176893e-06,1.3211653993039363e-14,1.3211653993039363e-14,1.000101498798931,1.0,1e-12
success,,B-B_1.70_sto-6g_as-002-002,hamiltonian_generator/b2_controlled_active_space_libraries/occ-002/B-B/1.70/sto-6g/B-B_1.70_sto-6g_as-002-002.tensors.npz,B-B,1.70,sto-6g,2,2,4,12,14,jw,random_groups,1,1427725578,14,16,0.17582417582417584,2,"[10,4]","[1,0]",9a0ae38fea0d0f3f,e2091ca78674d3dd,100,0.01,1.0,1400,0.0008874808621179972,4.437404310589986e-06,1.0,1.6700141713954508e-07,5.8749992604134604e-06,4,0.0009618330004741438,0.0002107500004058238,0.00034620799851836637,0.9999999999901542,1.969158169856655e-11,0.5939484789064112,4.4375197688085345e-06,1.4099832412739488e-14,1.4099832412739488e-14,1.000135331731908,0.9999548975610856,1e-12
success,,B-B_1.70_sto-6g_as-002-002,hamiltonian_generator/b2_controlled_active_space_libraries/occ-002/B-B/1.70/sto-6g/B-B_1.70_sto-6g_as-002-002.tensors.npz,B-B,1.70,sto-6g,2,2,4,12,14,fermionic,random_groups,1,3933788903,12,12,0.18181818181818182,2,"[4,8]","[0,1]",7167351881444ba2,42369cef0c806f27,100,0.01,1.0,1400,0.0008874808621179972,4.437404310589986e-06,1.0,1.6699959815014154e-07,6.000000212225132e-06,4,0.0009618330004741438,0.0002107500004058238,0.00034712500018940773,0.9999999999901545,1.9690915564751776e-11,0.5939484789064104,4.437444711176893e-06,1.3211653993039363e-14,1.3211653993039363e-14,1.000101498798931,1.0,1e-12
success,,B-B_1.70_sto-6g_as-002-002,hamiltonian_generator/b2_controlled_active_space_libraries/occ-002/B-B/1.70/sto-6g/B-B_1.70_sto-6g_as-002-002.tensors.npz,B-B,1.70,sto-6g,2,2,4,12,14,jw,random_groups,2,3759202700,14,16,0.17582417582417584,2,"[10,4]","[1,0]",9a0ae38fea0d0f3f,e2091ca78674d3dd,100,0.01,1.0,1400,0.0008874808621179972,4.437404310589986e-06,1.0,1.6700141713954508e-07,5.833999239257537e-06,4,0.0009618330004741438,0.0002107500004058238,0.0003427079991524806,0.9999999999901542,1.969158169856655e-11,0.5939484789064112,4.4375197688085345e-06,1.4099832412739488e-14,1.4099832412739488e-14,1.000135331731908,0.9999548975610856,1e-12
success,,B-B_1.70_sto-6g_as-002-002,hamiltonian_generator/b2_controlled_active_space_libraries/occ-002/B-B/1.70/sto-6g/B-B_1.70_sto-6g_as-002-002.tensors.npz,B-B,1.70,sto-6g,2,2,4,12,14,fermionic,random_groups,2,2432701661,12,12,0.18181818181818182,2,"[4,8]","[1,0]",e3847bebfe460ee0,39a55076159eec27,100,0.01,1.0,1400,0.0008874808621179972,4.437404310589986e-06,1.0,2.0799961930606514e-07,5.915999281569384e-06,4,0.0009618330004741438,0.0002107500004058238,0.0003434999998717103,0.999999999990153,1.9694024189220727e-11,0.5939486456049259,4.437794969263534e-06,1.63202784619898e-14,1.63202784619898e-14,1.00025938581949,1.0001578709968426,1e-12
success,,B-B_1.70_sto-6g_as-002-002,hamiltonian_generator/b2_controlled_active_space_libraries/occ-002/B-B/1.70/sto-6g/B-B_1.70_sto-6g_as-002-002.tensors.npz,B-B,1.70,sto-6g,2,2,4,12,14,jw,random_groups,3,2195475184,14,16,0.17582417582417584,2,"[10,4]","[0,1]",7a41a379ee2bbe80,32548d417ec0eec7,100,0.01,1.0,1400,0.0008874808621179972,4.437404310589986e-06,1.0,1.6699959815014154e-07,5.8749992604134604e-06,4,0.0009618330004741438,0.0002107500004058238,0.0003754999997909181,0.9999999999901538,1.9692469876986252e-11,0.593948645604925,4.437619843675915e-06,1.454392162258955e-14,1.454392162258955e-14,1.0001804423092104,1.0,1e-12
success,,B-B_1.70_sto-6g_as-002-002,hamiltonian_generator/b2_controlled_active_space_libraries/occ-002/B-B/1.70/sto-6g/B-B_1.70_sto-6g_as-002-002.tensors.npz,B-B,1.70,sto-6g,2,2,4,12,14,fermionic,random_groups,3,2890245112,12,12,0.18181818181818182,2,"[4,8]","[1,0]",e3847bebfe460ee0,39a55076159eec27,100,0.01,1.0,1400,0.0008874808621179972,4.437404310589986e-06,1.0,4.169996827840805e-07,1.3916000170866027e-05,4,0.0009618330004741438,0.0002107500004058238,0.0003816249991359655,0.999999999990153,1.9694024189220727e-11,0.5939486456049259,4.437794969263534e-06,1.63202784619898e-14,1.63202784619898e-14,1.00025938581949,1.0001578709968426,1e-12
success,,B-B_1.70_sto-6g_as-002-002,hamiltonian_generator/b2_controlled_active_space_libraries/occ-002/B-B/1.70/sto-6g/B-B_1.70_sto-6g_as-002-002.tensors.npz,B-B,1.70,sto-6g,2,2,4,12,14,jw,random_groups,4,3385972727,14,16,0.17582417582417584,2,"[10,4]","[0,1]",7a41a379ee2bbe80,32548d417ec0eec7,100,0.01,1.0,1400,0.0008874808621179972,4.437404310589986e-06,1.0,2.0900006347801536e-07,8.834000254864804e-06,4,0.0009618330004741438,0.0002107500004058238,0.000368582999726641,0.9999999999901538,1.9692469876986252e-11,0.593948645604925,4.437619843675915e-06,1.454392162258955e-14,1.454392162258955e-14,1.0001804423092104,1.0,1e-12
success,,B-B_1.70_sto-6g_as-002-002,hamiltonian_generator/b2_controlled_active_space_libraries/occ-002/B-B/1.70/sto-6g/B-B_1.70_sto-6g_as-002-002.tensors.npz,B-B,1.70,sto-6g,2,2,4,12,14,fermionic,random_groups,4,3555692211,12,12,0.18181818181818182,2,"[4,8]","[0,1]",7167351881444ba2,42369cef0c806f27,100,0.01,1.0,1400,0.0008874808621179972,4.437404310589986e-06,1.0,2.0799961930606514e-07,7.29100065655075e-06,4,0.0009618330004741438,0.0002107500004058238,0.000368791999790119,0.9999999999901545,1.9690915564751776e-11,0.5939484789064104,4.437444711176893e-06,1.3211653993039363e-14,1.3211653993039363e-14,1.000101498798931,1.0,1e-12
success,,B-B_1.70_sto-6g_as-002-002,hamiltonian_generator/b2_controlled_active_space_libraries/occ-002/B-B/1.70/sto-6g/B-B_1.70_sto-6g_as-002-002.tensors.npz,B-B,1.70,sto-6g,2,2,4,12,14,jw,random_groups,5,1180416080,14,16,0.17582417582417584,2,"[10,4]","[1,0]",9a0ae38fea0d0f3f,e2091ca78674d3dd,100,0.01,1.0,1400,0.0008874808621179972,4.437404310589986e-06,1.0,2.080014382954687e-07,6.9160014390945435e-06,4,0.0009618330004741438,0.0002107500004058238,0.00037970799894537777,0.9999999999901542,1.969158169856655e-11,0.5939484789064112,4.4375197688085345e-06,1.4099832412739488e-14,1.4099832412739488e-14,1.000135331731908,0.9999548975610856,1e-12
success,,B-B_1.70_sto-6g_as-002-002,hamiltonian_generator/b2_controlled_active_space_libraries/occ-002/B-B/1.70/sto-6g/B-B_1.70_sto-6g_as-002-002.tensors.npz,B-B,1.70,sto-6g,2,2,4,12,14,fermionic,random_groups,5,1323044280,12,12,0.18181818181818182,2,"[4,8]","[1,0]",e3847bebfe460ee0,39a55076159eec27,100,0.01,1.0,1400,0.0008874808621179972,4.437404310589986e-06,1.0,2.0799961930606514e-07,7.042001016088761e-06,4,0.0009618330004741438,0.0002107500004058238,0.0003597089998947922,0.999999999990153,1.9694024189220727e-11,0.5939486456049259,4.437794969263534e-06,1.63202784619898e-14,1.63202784619898e-14,1.00025938581949,1.0001578709968426,1e-12
success,,B-B_1.70_sto-6g_as-002-002,hamiltonian_generator/b2_controlled_active_space_libraries/occ-002/B-B/1.70/sto-6g/B-B_1.70_sto-6g_as-002-002.tensors.npz,B-B,1.70,sto-6g,2,2,4,12,14,jw,random_groups,6,378648735,14,16,0.17582417582417584,2,"[10,4]","[0,1]",7a41a379ee2bbe80,32548d417ec0eec7,100,0.01,1.0,1400,0.0008874808621179972,4.437404310589986e-06,1.0,2.5000008463393897e-07,6.166999810375273e-06,4,0.0009618330004741438,0.0002107500004058238,0.0003650420003395993,0.9999999999901538,1.9692469876986252e-11,0.593948645604925,4.437619843675915e-06,1.454392162258955e-14,1.454392162258955e-14,1.0001804423092104,1.0,1e-12
success,,B-B_1.70_sto-6g_as-002-002,hamiltonian_generator/b2_controlled_active_space_libraries/occ-002/B-B/1.70/sto-6g/B-B_1.70_sto-6g_as-002-002.tensors.npz,B-B,1.70,sto-6g,2,2,4,12,14,fermionic,random_groups,6,875026371,12,12,0.18181818181818182,2,"[4,8]","[0,1]",7167351881444ba2,42369cef0c806f27,100,0.01,1.0,1400,0.0008874808621179972,4.437404310589986e-06,1.0,1.6700141713954508e-07,6.207999831531197e-06,4,0.0009618330004741438,0.0002107500004058238,0.000358667000909918,0.9999999999901545,1.9690915564751776e-11,0.5939484789064104,4.437444711176893e-06,1.3211653993039363e-14,1.3211653993039363e-14,1.000101498798931,1.0,1e-12
success,,B-B_1.70_sto-6g_as-002-002,hamiltonian_generator/b2_controlled_active_space_libraries/occ-002/B-B/1.70/sto-6g/B-B_1.70_sto-6g_as-002-002.tensors.npz,B-B,1.70,sto-6g,2,2,4,12,14,jw,random_groups,7,658478205,14,16,0.17582417582417584,2,"[10,4]","[0,1]",7a41a379ee2bbe80,32548d417ec0eec7,100,0.01,1.0,1400,0.0008874808621179972,4.437404310589986e-06,1.0,2.0799961930606514e-07,6.165999366203323e-06,4,0.0009618330004741438,0.0002107500004058238,0.0003557500003807945,0.9999999999901538,1.9692469876986252e-11,0.593948645604925,4.437619843675915e-06,1.454392162258955e-14,1.454392162258955e-14,1.0001804423092104,1.0,1e-12
success,,B-B_1.70_sto-6g_as-002-002,hamiltonian_generator/b2_controlled_active_space_libraries/occ-002/B-B/1.70/sto-6g/B-B_1.70_sto-6g_as-002-002.tensors.npz,B-B,1.70,sto-6g,2,2,4,12,14,fermionic,random_groups,7,2477281231,12,12,0.18181818181818182,2,"[4,8]","[1,0]",e3847bebfe460ee0,39a55076159eec27,100,0.01,1.0,1400,0.0008874808621179972,4.437404310589986e-06,1.0,2.0799961930606514e-07,5.915999281569384e-06,4,0.0009618330004741438,0.0002107500004058238,0.0003578750001906883,0.999999999990153,1.9694024189220727e-11,0.5939486456049259,4.437794969263534e-06,1.63202784619898e-14,1.63202784619898e-14,1.00025938581949,1.0001578709968426,1e-12
success,,B-B_1.70_sto-6g_as-002-002,hamiltonian_generator/b2_controlled_active_space_libraries/occ-002/B-B/1.70/sto-6g/B-B_1.70_sto-6g_as-002-002.tensors.npz,B-B,1.70,sto-6g,2,2,4,12,14,jw,random_groups,8,2696804880,14,16,0.17582417582417584,2,"[10,4]","[1,0]",9a0ae38fea0d0f3f,e2091ca78674d3dd,100,0.01,1.0,1400,0.0008874808621179972,4.437404310589986e-06,1.0,1.6699959815014154e-07,5.8749992604134604e-06,4,0.0009618330004741438,0.0002107500004058238,0.0003558329990482889,0.9999999999901542,1.969158169856655e-11,0.5939484789064112,4.4375197688085345e-06,1.4099832412739488e-14,1.4099832412739488e-14,1.000135331731908,0.9999548975610856,1e-12
success,,B-B_1.70_sto-6g_as-002-002,hamiltonian_generator/b2_controlled_active_space_libraries/occ-002/B-B/1.70/sto-6g/B-B_1.70_sto-6g_as-002-002.tensors.npz,B-B,1.70,sto-6g,2,2,4,12,14,fermionic,random_groups,8,2761708537,12,12,0.18181818181818182,2,"[4,8]","[0,1]",7167351881444ba2,42369cef0c806f27,100,0.01,1.0,1400,0.0008874808621179972,4.437404310589986e-06,1.0,1.6700141713954508e-07,5.7920005929190665e-06,4,0.0009618330004741438,0.0002107500004058238,0.00036012499913340434,0.9999999999901545,1.9690915564751776e-11,0.5939484789064104,4.437444711176893e-06,1.3211653993039363e-14,1.3211653993039363e-14,1.000101498798931,1.0,1e-12
success,,B-B_1.70_sto-6g_as-002-002,hamiltonian_generator/b2_controlled_active_space_libraries/occ-002/B-B/1.70/sto-6g/B-B_1.70_sto-6g_as-002-002.tensors.npz,B-B,1.70,sto-6g,2,2,4,12,14,jw,random_groups,9,2319524719,14,16,0.17582417582417584,2,"[10,4]","[0,1]",7a41a379ee2bbe80,32548d417ec0eec7,100,0.01,1.0,1400,0.0008874808621179972,4.437404310589986e-06,1.0,1.6600097296759486e-07,5.916999725741334e-06,4,0.0009618330004741438,0.0002107500004058238,0.00035512499925971497,0.9999999999901538,1.9692469876986252e-11,0.593948645604925,4.437619843675915e-06,1.454392162258955e-14,1.454392162258955e-14,1.0001804423092104,1.0,1e-12
success,,B-B_1.70_sto-6g_as-002-002,hamiltonian_generator/b2_controlled_active_space_libraries/occ-002/B-B/1.70/sto-6g/B-B_1.70_sto-6g_as-002-002.tensors.npz,B-B,1.70,sto-6g,2,2,4,12,14,fermionic,random_groups,9,178693067,12,12,0.18181818181818182,2,"[4,8]","[0,1]",7167351881444ba2,42369cef0c806f27,100,0.01,1.0,1400,0.0008874808621179972,4.437404310589986e-06,1.0,1.6699959815014154e-07,5.750000127591193e-06,4,0.0009618330004741438,0.0002107500004058238,0.00036483399890130386,0.9999999999901545,1.9690915564751776e-11,0.5939484789064104,4.437444711176893e-06,1.3211653993039363e-14,1.3211653993039363e-14,1.000101498798931,1.0,1e-12
success,,B-B_1.70_sto-6g_as-002-002,hamiltonian_generator/b2_controlled_active_space_libraries/occ-002/B-B/1.70/sto-6g/B-B_1.70_sto-6g_as-002-002.tensors.npz,B-B,1.70,sto-6g,2,2,4,12,14,jw,random_groups,10,1856579875,14,16,0.17582417582417584,2,"[10,4]","[1,0]",9a0ae38fea0d0f3f,e2091ca78674d3dd,100,0.01,1.0,1400,0.0008874808621179972,4.437404310589986e-06,1.0,1.6699959815014154e-07,5.750000127591193e-06,4,0.0009618330004741438,0.0002107500004058238,0.0003591249987948686,0.9999999999901542,1.969158169856655e-11,0.5939484789064112,4.4375197688085345e-06,1.4099832412739488e-14,1.4099832412739488e-14,1.000135331731908,0.9999548975610856,1e-12
success,,B-B_1.70_sto-6g_as-002-002,hamiltonian_generator/b2_controlled_active_space_libraries/occ-002/B-B/1.70/sto-6g/B-B_1.70_sto-6g_as-002-002.tensors.npz,B-B,1.70,sto-6g,2,2,4,12,14,fermionic,random_groups,10,3950340561,12,12,0.18181818181818182,2,"[4,8]","[0,1]",7167351881444ba2,42369cef0c806f27,100,0.01,1.0,1400,0.0008874808621179972,4.437404310589986e-06,1.0,1.6600097296759486e-07,5.750000127591193e-06,4,0.0009618330004741438,0.0002107500004058238,0.00036054200063517783,0.9999999999901545,1.9690915564751776e-11,0.5939484789064104,4.437444711176893e-06,1.3211653993039363e-14,1.3211653993039363e-14,1.000101498798931,1.0,1e-12
success,,B-B_1.70_sto-6g_as-002-002,hamiltonian_generator/b2_controlled_active_space_libraries/occ-002/B-B/1.70/sto-6g/B-B_1.70_sto-6g_as-002-002.tensors.npz,B-B,1.70,sto-6g,2,2,4,12,14,jw,random_groups,11,3509426266,14,16,0.17582417582417584,2,"[10,4]","[0,1]",7a41a379ee2bbe80,32548d417ec0eec7,100,0.01,1.0,1400,0.0008874808621179972,4.437404310589986e-06,1.0,1.6699959815014154e-07,5.750000127591193e-06,4,0.0009618330004741438,0.0002107500004058238,0.0003605839992815163,0.9999999999901538,1.9692469876986252e-11,0.593948645604925,4.437619843675915e-06,1.454392162258955e-14,1.454392162258955e-14,1.0001804423092104,1.0,1e-12
success,,B-B_1.70_sto-6g_as-002-002,hamiltonian_generator/b2_controlled_active_space_libraries/occ-002/B-B/1.70/sto-6g/B-B_1.70_sto-6g_as-002-002.tensors.npz,B-B,1.70,sto-6g,2,2,4,12,14,fermionic,random_groups,11,3952901176,12,12,0.18181818181818182,2,"[4,8]","[0,1]",7167351881444ba2,42369cef0c806f27,100,0.01,1.0,1400,0.0008874808621179972,4.437404310589986e-06,1.0,1.6699959815014154e-07,5.707999662263319e-06,4,0.0009618330004741438,0.0002107500004058238,0.00035529100023268256,0.9999999999901545,1.9690915564751776e-11,0.5939484789064104,4.437444711176893e-06,1.3211653993039363e-14,1.3211653993039363e-14,1.000101498798931,1.0,1e-12
success,,B-B_1.70_sto-6g_as-002-002,hamiltonian_generator/b2_controlled_active_space_libraries/occ-002/B-B/1.70/sto-6g/B-B_1.70_sto-6g_as-002-002.tensors.npz,B-B,1.70,sto-6g,2,2,4,12,14,jw,random_groups,12,214446435,14,16,0.17582417582417584,2,"[10,4]","[1,0]",9a0ae38fea0d0f3f,e2091ca78674d3dd,100,0.01,1.0,1400,0.0008874808621179972,4.437404310589986e-06,1.0,1.6699959815014154e-07,5.709000106435269e-06,4,0.0009618330004741438,0.0002107500004058238,0.00035641700014821254,0.9999999999901542,1.969158169856655e-11,0.5939484789064112,4.4375197688085345e-06,1.4099832412739488e-14,1.4099832412739488e-14,1.000135331731908,0.9999548975610856,1e-12
success,,B-B_1.70_sto-6g_as-002-002,hamiltonian_generator/b2_controlled_active_space_libraries/occ-002/B-B/1.70/sto-6g/B-B_1.70_sto-6g_as-002-002.tensors.npz,B-B,1.70,sto-6g,2,2,4,12,14,fermionic,random_groups,12,1200809245,12,12,0.18181818181818182,2,"[4,8]","[1,0]",e3847bebfe460ee0,39a55076159eec27,100,0.01,1.0,1400,0.0008874808621179972,4.437404310589986e-06,1.0,1.6699959815014154e-07,5.666999641107395e-06,4,0.0009618330004741438,0.0002107500004058238,0.0003550000001268927,0.999999999990153,1.9694024189220727e-11,0.5939486456049259,4.437794969263534e-06,1.63202784619898e-14,1.63202784619898e-14,1.00025938581949,1.0001578709968426,1e-12
success,,B-B_1.70_sto-6g_as-002-002,hamiltonian_generator/b2_controlled_active_space_libraries/occ-002/B-B/1.70/sto-6g/B-B_1.70_sto-6g_as-002-002.tensors.npz,B-B,1.70,sto-6g,2,2,4,12,14,jw,random_groups,13,3413051046,14,16,0.17582417582417584,2,"[10,4]","[1,0]",9a0ae38fea0d0f3f,e2091ca78674d3dd,100,0.01,1.0,1400,0.0008874808621179972,4.437404310589986e-06,1.0,1.6699959815014154e-07,5.8749992604134604e-06,4,0.0009618330004741438,0.0002107500004058238,0.0003623749998951098,0.9999999999901542,1.969158169856655e-11,0.5939484789064112,4.4375197688085345e-06,1.4099832412739488e-14,1.4099832412739488e-14,1.000135331731908,0.9999548975610856,1e-12
success,,B-B_1.70_sto-6g_as-002-002,hamiltonian_generator/b2_controlled_active_space_libraries/occ-002/B-B/1.70/sto-6g/B-B_1.70_sto-6g_as-002-002.tensors.npz,B-B,1.70,sto-6g,2,2,4,12,14,fermionic,random_groups,13,3085033073,12,12,0.18181818181818182,2,"[4,8]","[1,0]",e3847bebfe460ee0,39a55076159eec27,100,0.01,1.0,1400,0.0008874808621179972,4.437404310589986e-06,1.0,2.0799961930606514e-07,5.791000148747116e-06,4,0.0009618330004741438,0.0002107500004058238,0.00035858299997926224,0.999999999990153,1.9694024189220727e-11,0.5939486456049259,4.437794969263534e-06,1.63202784619898e-14,1.63202784619898e-14,1.00025938581949,1.0001578709968426,1e-12
success,,B-B_1.70_sto-6g_as-002-002,hamiltonian_generator/b2_controlled_active_space_libraries/occ-002/B-B/1.70/sto-6g/B-B_1.70_sto-6g_as-002-002.tensors.npz,B-B,1.70,sto-6g,2,2,4,12,14,jw,random_groups,14,930903251,14,16,0.17582417582417584,2,"[10,4]","[1,0]",9a0ae38fea0d0f3f,e2091ca78674d3dd,100,0.01,1.0,1400,0.0008874808621179972,4.437404310589986e-06,1.0,1.6699959815014154e-07,5.709000106435269e-06,4,0.0009618330004741438,0.0002107500004058238,0.0003721670000231825,0.9999999999901542,1.969158169856655e-11,0.5939484789064112,4.4375197688085345e-06,1.4099832412739488e-14,1.4099832412739488e-14,1.000135331731908,0.9999548975610856,1e-12
success,,B-B_1.70_sto-6g_as-002-002,hamiltonian_generator/b2_controlled_active_space_libraries/occ-002/B-B/1.70/sto-6g/B-B_1.70_sto-6g_as-002-002.tensors.npz,B-B,1.70,sto-6g,2,2,4,12,14,fermionic,random_groups,14,2161654575,12,12,0.18181818181818182,2,"[4,8]","[1,0]",e3847bebfe460ee0,39a55076159eec27,100,0.01,1.0,1400,0.0008874808621179972,4.437404310589986e-06,1.0,1.6600097296759486e-07,6.0420006775530055e-06,4,0.0009618330004741438,0.0002107500004058238,0.0003552090001903707,0.999999999990153,1.9694024189220727e-11,0.5939486456049259,4.437794969263534e-06,1.63202784619898e-14,1.63202784619898e-14,1.00025938581949,1.0001578709968426,1e-12
success,,B-B_1.70_sto-6g_as-002-002,hamiltonian_generator/b2_controlled_active_space_libraries/occ-002/B-B/1.70/sto-6g/B-B_1.70_sto-6g_as-002-002.tensors.npz,B-B,1.70,sto-6g,2,2,4,12,14,jw,random_groups,15,2495748720,14,16,0.17582417582417584,2,"[10,4]","[0,1]",7a41a379ee2bbe80,32548d417ec0eec7,100,0.01,1.0,1400,0.0008874808621179972,4.437404310589986e-06,1.0,1.6699959815014154e-07,5.7920005929190665e-06,4,0.0009618330004741438,0.0002107500004058238,0.00035799999932351056,0.9999999999901538,1.9692469876986252e-11,0.593948645604925,4.437619843675915e-06,1.454392162258955e-14,1.454392162258955e-14,1.0001804423092104,1.0,1e-12
success,,B-B_1.70_sto-6g_as-002-002,hamiltonian_generator/b2_controlled_active_space_libraries/occ-002/B-B/1.70/sto-6g/B-B_1.70_sto-6g_as-002-002.tensors.npz,B-B,1.70,sto-6g,2,2,4,12,14,fermionic,random_groups,15,2391082437,12,12,0.18181818181818182,2,"[4,8]","[1,0]",e3847bebfe460ee0,39a55076159eec27,100,0.01,1.0,1400,0.0008874808621179972,4.437404310589986e-06,1.0,1.6700141713954508e-07,5.750000127591193e-06,4,0.0009618330004741438,0.0002107500004058238,0.00035150000076100696,0.999999999990153,1.9694024189220727e-11,0.5939486456049259,4.437794969263534e-06,1.63202784619898e-14,1.63202784619898e-14,1.00025938581949,1.0001578709968426,1e-12
success,,B-B_1.70_sto-6g_as-002-002,hamiltonian_generator/b2_controlled_active_space_libraries/occ-002/B-B/1.70/sto-6g/B-B_1.70_sto-6g_as-002-002.tensors.npz,B-B,1.70,sto-6g,2,2,4,12,14,jw,random_groups,16,1933582624,14,16,0.17582417582417584,2,"[10,4]","[0,1]",7a41a379ee2bbe80,32548d417ec0eec7,100,0.01,1.0,1400,0.0008874808621179972,4.437404310589986e-06,1.0,5.000001692678779e-07,1.4958000974729657e-05,4,0.0009618330004741438,0.0002107500004058238,0.0003328750008222414,0.9999999999901538,1.9692469876986252e-11,0.593948645604925,4.437619843675915e-06,1.454392162258955e-14,1.454392162258955e-14,1.0001804423092104,1.0,1e-12
success,,B-B_1.70_sto-6g_as-002-002,hamiltonian_generator/b2_controlled_active_space_libraries/occ-002/B-B/1.70/sto-6g/B-B_1.70_sto-6g_as-002-002.tensors.npz,B-B,1.70,sto-6g,2,2,4,12,14,fermionic,random_groups,16,639167782,12,12,0.18181818181818182,2,"[4,8]","[1,0]",e3847bebfe460ee0,39a55076159eec27,100,0.01,1.0,1400,0.0008874808621179972,4.437404310589986e-06,1.0,3.749992174562067e-07,9.375000445288606e-06,4,0.0009618330004741438,0.0002107500004058238,0.00032483399991178885,0.999999999990153,1.9694024189220727e-11,0.5939486456049259,4.437794969263534e-06,1.63202784619898e-14,1.63202784619898e-14,1.00025938581949,1.0001578709968426,1e-12
success,,B-B_1.70_sto-6g_as-002-002,hamiltonian_generator/b2_controlled_active_space_libraries/occ-002/B-B/1.70/sto-6g/B-B_1.70_sto-6g_as-002-002.tensors.npz,B-B,1.70,sto-6g,2,2,4,12,14,jw,random_groups,17,2784164984,14,16,0.17582417582417584,2,"[10,4]","[1,0]",9a0ae38fea0d0f3f,e2091ca78674d3dd,100,0.01,1.0,1400,0.0008874808621179972,4.437404310589986e-06,1.0,2.9100010578986257e-07,7.417000233544968e-06,4,0.0009618330004741438,0.0002107500004058238,0.00033220899968000595,0.9999999999901542,1.969158169856655e-11,0.5939484789064112,4.4375197688085345e-06,1.4099832412739488e-14,1.4099832412739488e-14,1.000135331731908,0.9999548975610856,1e-12
success,,B-B_1.70_sto-6g_as-002-002,hamiltonian_generator/b2_controlled_active_space_libraries/occ-002/B-B/1.70/sto-6g/B-B_1.70_sto-6g_as-002-002.tensors.npz,B-B,1.70,sto-6g,2,2,4,12,14,fermionic,random_groups,17,4172051403,12,12,0.18181818181818182,2,"[4,8]","[0,1]",7167351881444ba2,42369cef0c806f27,100,0.01,1.0,1400,0.0008874808621179972,4.437404310589986e-06,1.0,2.5000008463393897e-07,6.750000466126949e-06,4,0.0009618330004741438,0.0002107500004058238,0.0003263750004407484,0.9999999999901545,1.9690915564751776e-11,0.5939484789064104,4.437444711176893e-06,1.3211653993039363e-14,1.3211653993039363e-14,1.000101498798931,1.0,1e-12
success,,B-B_1.70_sto-6g_as-002-002,hamiltonian_generator/b2_controlled_active_space_libraries/occ-002/B-B/1.70/sto-6g/B-B_1.70_sto-6g_as-002-002.tensors.npz,B-B,1.70,sto-6g,2,2,4,12,14,jw,random_groups,18,807647967,14,16,0.17582417582417584,2,"[10,4]","[1,0]",9a0ae38fea0d0f3f,e2091ca78674d3dd,100,0.01,1.0,1400,0.0008874808621179972,4.437404310589986e-06,1.0,1.6699959815014154e-07,6.375001248670742e-06,4,0.0009618330004741438,0.0002107500004058238,0.0003255419997003628,0.9999999999901542,1.969158169856655e-11,0.5939484789064112,4.4375197688085345e-06,1.4099832412739488e-14,1.4099832412739488e-14,1.000135331731908,0.9999548975610856,1e-12
success,,B-B_1.70_sto-6g_as-002-002,hamiltonian_generator/b2_controlled_active_space_libraries/occ-002/B-B/1.70/sto-6g/B-B_1.70_sto-6g_as-002-002.tensors.npz,B-B,1.70,sto-6g,2,2,4,12,14,fermionic,random_groups,18,3245641497,12,12,0.18181818181818182,2,"[4,8]","[1,0]",e3847bebfe460ee0,39a55076159eec27,100,0.01,1.0,1400,0.0008874808621179972,4.437404310589986e-06,1.0,2.0900006347801536e-07,6.2920007621869445e-06,4,0.0009618330004741438,0.0002107500004058238,0.0003300000007584458,0.999999999990153,1.9694024189220727e-11,0.5939486456049259,4.437794969263534e-06,1.63202784619898e-14,1.63202784619898e-14,1.00025938581949,1.0001578709968426,1e-12
success,,B-B_1.70_sto-6g_as-002-002,hamiltonian_generator/b2_controlled_active_space_libraries/occ-002/B-B/1.70/sto-6g/B-B_1.70_sto-6g_as-002-002.tensors.npz,B-B,1.70,sto-6g,2,2,4,12,14,jw,random_groups,19,1779719460,14,16,0.17582417582417584,2,"[10,4]","[1,0]",9a0ae38fea0d0f3f,e2091ca78674d3dd,100,0.01,1.0,1400,0.0008874808621179972,4.437404310589986e-06,1.0,2.5000008463393897e-07,5.957999746897258e-06,4,0.0009618330004741438,0.0002107500004058238,0.0003288750012870878,0.9999999999901542,1.969158169856655e-11,0.5939484789064112,4.4375197688085345e-06,1.4099832412739488e-14,1.4099832412739488e-14,1.000135331731908,0.9999548975610856,1e-12
success,,B-B_1.70_sto-6g_as-002-002,hamiltonian_generator/b2_controlled_active_space_libraries/occ-002/B-B/1.70/sto-6g/B-B_1.70_sto-6g_as-002-002.tensors.npz,B-B,1.70,sto-6g,2,2,4,12,14,fermionic,random_groups,19,331499315,12,12,0.18181818181818182,2,"[4,8]","[1,0]",e3847bebfe460ee0,39a55076159eec27,100,0.01,1.0,1400,0.0008874808621179972,4.437404310589986e-06,1.0,2.5000008463393897e-07,5.875001079402864e-06,4,0.0009618330004741438,0.0002107500004058238,0.00032920800003921613,0.999999999990153,1.9694024189220727e-11,0.5939486456049259,4.437794969263534e-06,1.63202784619898e-14,1.63202784619898e-14,1.00025938581949,1.0001578709968426,1e-12
success,,B-B_1.70_sto-6g_as-002-004,hamiltonian_generator/b2_controlled_active_space_libraries/occ-002/B-B/1.70/sto-6g/B-B_1.70_sto-6g_as-002-004.tensors.npz,B-B,1.70,sto-6g,2,4,6,27,33,baseline,jw_raw,-1,-1,,,,,[],[],4f53cda18c2baa0c,614b2e84b297317a,100,0.01,1.0,3300,0.001571510494406681,7.857552472033406e-06,1.0,4.579997039400041e-07,1.5167001038207673e-05,9,0.0019631249997473788,0.00019174999943061266,0.0010627089995978167,0.9999999999691506,6.169886823670367e-11,0.3115178123575567,7.854862712785226e-06,2.020605904817785e-14,2.020605904817785e-14,1.0,,1e-12
success,,B-B_1.70_sto-6g_as-002-004,hamiltonian_generator/b2_controlled_active_space_libraries/occ-002/B-B/1.70/sto-6g/B-B_1.70_sto-6g_as-002-004.tensors.npz,B-B,1.70,sto-6g,2,4,6,27,33,jw,current,-1,-1,33,168,0.3181818181818182,3,"[13,10,10]","[0,1,2]",b02a6761529b9160,05efe14ef730f93a,100,0.01,1.0,3300,0.05243878491838523,0.00026219392459192616,1113.449869570576,5.000001692678779e-07,1.0292000297340564e-05,9,0.0019631249997473788,0.00019174999943061266,0.0010550829993007937,0.9999999656467473,6.870650415269353e-08,0.3115133071577245,0.0002621192579226846,1.532107773982716e-14,1.532107773982716e-14,1113.5780301367201,1.0,1e-12
success,,B-B_1.70_sto-6g_as-002-004,hamiltonian_generator/b2_controlled_active_space_libraries/occ-002/B-B/1.70/sto-6g/B-B_1.70_sto-6g_as-002-004.tensors.npz,B-B,1.70,sto-6g,2,4,6,27,33,fermionic,current,-1,-1,27,90,0.2564102564102564,4,"[7,7,7,6]","[0,1,2,3]",9b365a86a347631e,9948ff2f47aa885d,100,0.01,1.0,3300,0.012261391903729756,6.130695951864878e-05,60.8758413334938,4.169996827840805e-07,9.708999641588889e-06,9,0.0019631249997473788,0.00019174999943061266,0.0010607080002955627,0.99999999812178,3.756440047908427e-09,0.3115165615452928,6.128980378422195e-05,1.2212453270876722e-14,1.2212453270876722e-14,60.88345143539895,1.0,1e-12
success,,B-B_1.70_sto-6g_as-002-004,hamiltonian_generator/b2_controlled_active_space_libraries/occ-002/B-B/1.70/sto-6g/B-B_1.70_sto-6g_as-002-004.tensors.npz,B-B,1.70,sto-6g,2,4,6,27,33,jw,reverse_groups,-1,-1,33,168,0.3181818181818182,3,"[13,10,10]","[2,1,0]",cde56ed15d255933,0f30f0ac5de17a8c,100,0.01,1.0,3300,0.05243878491838523,0.00026219392459192616,1113.449869570576,3.749992174562067e-07,8.541999704902992e-06,9,0.0019631249997473788,0.00019174999943061266,0.0010745420004241168,0.9999999656465044,6.87069899862891e-08,0.3115221672340242,0.0002621201846625598,1.432187701766452e-14,1.432187701766452e-14,1113.5859044075044,1.0000070711441598,1e-12
success,,B-B_1.70_sto-6g_as-002-004,hamiltonian_generator/b2_controlled_active_space_libraries/occ-002/B-B/1.70/sto-6g/B-B_1.70_sto-6g_as-002-004.tensors.npz,B-B,1.70,sto-6g,2,4,6,27,33,fermionic,reverse_groups,-1,-1,27,90,0.2564102564102564,4,"[7,7,7,6]","[3,2,1,0]",0db2b307aaf16f5f,f3edaa26b6af4d6e,100,0.01,1.0,3300,0.012261391903729732,6.130695951864866e-05,60.875841333493554,6.249993020901456e-07,1.5999999959603883e-05,9,0.0019631249997473788,0.00019174999943061266,0.001071084001523559,0.9999999981218172,3.756365662965777e-09,0.31151871391479263,6.12891969515491e-05,1.8318679906315083e-14,1.8318679906315083e-14,60.88224582264177,0.999980198022143,1e-12
success,,B-B_1.70_sto-6g_as-002-004,hamiltonian_generator/b2_controlled_active_space_libraries/occ-002/B-B/1.70/sto-6g/B-B_1.70_sto-6g_as-002-004.tensors.npz,B-B,1.70,sto-6g,2,4,6,27,33,jw,random_groups,0,1052773555,33,168,0.3181818181818182,3,"[13,10,10]","[1,0,2]",10f232bb187152cf,163598b0757a60af,100,0.01,1.0,3300,0.06027892529848513,0.00030139462649242567,1471.2837232943739,4.579997039400041e-07,1.0957999620586634e-05,9,0.0019631249997473788,0.00019174999943061266,0.001042166000843281,0.9999999546179327,9.076413254316407e-08,0.3115119475657368,0.0003012708659206658,1.4099832412739488e-14,1.4099832412739488e-14,1471.0826168634635,1.3210413433559305,1e-12
success,,B-B_1.70_sto-6g_as-002-004,hamiltonian_generator/b2_controlled_active_space_libraries/occ-002/B-B/1.70/sto-6g/B-B_1.70_sto-6g_as-002-004.tensors.npz,B-B,1.70,sto-6g,2,4,6,27,33,fermionic,random_groups,0,74816059,27,90,0.2564102564102564,4,"[7,7,7,6]","[0,1,2,3]",9b365a86a347631e,9948ff2f47aa885d,100,0.01,1.0,3300,0.012261391903729756,6.130695951864878e-05,60.8758413334938,4.169996827840805e-07,9.290999514632858e-06,9,0.0019631249997473788,0.00019174999943061266,0.0010391249998065177,0.99999999812178,3.756440047908427e-09,0.3115165615452928,6.128980378422195e-05,1.2212453270876722e-14,1.2212453270876722e-14,60.88345143539895,1.0,1e-12
success,,B-B_1.70_sto-6g_as-002-004,hamiltonian_generator/b2_controlled_active_space_libraries/occ-002/B-B/1.70/sto-6g/B-B_1.70_sto-6g_as-002-004.tensors.npz,B-B,1.70,sto-6g,2,4,6,27,33,jw,random_groups,1,3233252069,33,168,0.3181818181818182,3,"[13,10,10]","[1,0,2]",10f232bb187152cf,163598b0757a60af,100,0.01,1.0,3300,0.06027892529848513,0.00030139462649242567,1471.2837232943739,4.169996827840805e-07,8.666000212542713e-06,9,0.0019631249997473788,0.00019174999943061266,0.0010438749995955732,0.9999999546179327,9.076413254316407e-08,0.3115119475657368,0.0003012708659206658,1.4099832412739488e-14,1.4099832412739488e-14,1471.0826168634635,1.3210413433559305,1e-12
success,,B-B_1.70_sto-6g_as-002-004,hamiltonian_generator/b2_controlled_active_space_libraries/occ-002/B-B/1.70/sto-6g/B-B_1.70_sto-6g_as-002-004.tensors.npz,B-B,1.70,sto-6g,2,4,6,27,33,fermionic,random_groups,1,451135586,27,90,0.2564102564102564,4,"[7,7,7,6]","[0,3,1,2]",1dbf9ff941307c90,b6f718aab63a9042,100,0.01,1.0,3300,0.012261391903729763,6.130695951864882e-05,60.875841333493874,4.1700150177348405e-07,8.291999620269053e-06,9,0.0019631249997473788,0.00019174999943061266,0.0010489169999345904,0.9999999981217795,3.756440936086847e-09,0.31151656154727003,6.12898110299489e-05,1.6653345369377348e-14,1.6653345369377348e-14,60.88346583077516,1.0000002364415266,1e-12
success,,B-B_1.70_sto-6g_as-002-004,hamiltonian_generator/b2_controlled_active_space_libraries/occ-002/B-B/1.70/sto-6g/B-B_1.70_sto-6g_as-002-004.tensors.npz,B-B,1.70,sto-6g,2,4,6,27,33,jw,random_groups,2,1245010696,33,168,0.3181818181818182,3,"[13,10,10]","[0,2,1]",131f9f46f3afca41,dc38dcbf20ab73ea,100,0.01,1.0,3300,0.0012799976589564453,6.399988294782227e-06,0.6634126976449195,3.750010364456102e-07,7.95800042396877e-06,9,0.0019631249997473788,0.00019174999943061266,0.0010542910004005535,0.9999999999715309,5.6938231907111003e-11,0.31151754344871324,7.545742634566263e-06,1.8984813721090177e-14,1.8984813721090177e-14,0.9228407835403268,0.000828716765745661,1e-12
success,,B-B_1.70_sto-6g_as-002-004,hamiltonian_generator/b2_controlled_active_space_libraries/occ-002/B-B/1.70/sto-6g/B-B_1.70_sto-6g_as-002-004.tensors.npz,B-B,1.70,sto-6g,2,4,6,27,33,fermionic,random_groups,2,2986370507,27,90,0.2564102564102564,4,"[7,7,7,6]","[0,2,1,3]",01de0b88e7fc2e35,0c0c623ee1b280ae,100,0.01,1.0,3300,0.0012799976589564464,6.399988294782232e-06,0.6634126976449206,3.749992174562067e-07,7.832999472157098e-06,9,0.0019631249997473788,0.00019174999943061266,0.0010487919989827788,0.9999999999789405,4.2118974974414414e-11,0.3115175448442306,6.489913325647301e-06,1.9872992140790302e-14,1.9872992140790302e-14,0.6826539315571838,0.011212470966458287,1e-12
success,,B-B_1.70_sto-6g_as-002-004,hamiltonian_generator/b2_controlled_active_space_libraries/occ-002/B-B/1.70/sto-6g/B-B_1.70_sto-6g_as-002-004.tensors.npz,B-B,1.70,sto-6g,2,4,6,27,33,jw,random_groups,3,1397013321,33,168,0.3181818181818182,3,"[13,10,10]","[0,2,1]",131f9f46f3afca41,dc38dcbf20ab73ea,100,0.01,1.0,3300,0.0012799976589564453,6.399988294782227e-06,0.6634126976449195,3.330005711177364e-07,8.041999535635114e-06,9,0.0019631249997473788,0.00019174999943061266,0.0010812919990712544,0.9999999999715309,5.6938231907111003e-11,0.31151754344871324,7.545742634566263e-06,1.8984813721090177e-14,1.8984813721090177e-14,0.9228407835403268,0.000828716765745661,1e-12
success,,B-B_1.70_sto-6g_as-002-004,hamiltonian_generator/b2_controlled_active_space_libraries/occ-002/B-B/1.70/sto-6g/B-B_1.70_sto-6g_as-002-004.tensors.npz,B-B,1.70,sto-6g,2,4,6,27,33,fermionic,random_groups,3,1306017771,27,90,0.2564102564102564,4,"[7,7,7,6]","[3,1,0,2]",148e4689e1803c1b,d26debf548e7e627,100,0.01,1.0,3300,0.013496623666703924,6.748311833351962e-05,73.75911644740924,3.750010364456102e-07,7.707998520345427e-06,9,0.0019631249997473788,0.00019174999943061266,0.001073999999789521,0.9999999977247519,4.550496202071486e-09,0.31151636063002985,6.74573658103508e-05,1.965094753586527e-14,1.965094753586527e-14,73.75331723450428,1.2113852860782874,1e-12
success,,B-B_1.70_sto-6g_as-002-004,hamiltonian_generator/b2_controlled_active_space_libraries/occ-002/B-B/1.70/sto-6g/B-B_1.70_sto-6g_as-002-004.tensors.npz,B-B,1.70,sto-6g,2,4,6,27,33,jw,random_groups,4,2835555444,33,168,0.3181818181818182,3,"[13,10,10]","[1,2,0]",30cc6d41ff79417b,535fb6c18ad9f393,100,0.01,1.0,3300,0.0012799976589564453,6.399988294782227e-06,0.6634126976449195,6.249993020901456e-07,1.570799940964207e-05,9,0.0019631249997473788,0.00019174999943061266,0.0010547080000833375,0.99999999997173,5.654010593048042e-11,0.3115177183976194,7.5193155227374535e-06,2.0095036745715333e-14,2.0095036745715333e-14,0.9163880561563625,0.0008229221764045153,1e-12
success,,B-B_1.70_sto-6g_as-002-004,hamiltonian_generator/b2_controlled_active_space_libraries/occ-002/B-B/1.70/sto-6g/B-B_1.70_sto-6g_as-002-004.tensors.npz,B-B,1.70,sto-6g,2,4,6,27,33,fermionic,random_groups,4,3761602240,27,90,0.2564102564102564,4,"[7,7,7,6]","[0,1,3,2]",a33853b5686b51a6,0c414cead9de8e63,100,0.01,1.0,3300,0.012261391903729756,6.130695951864878e-05,60.8758413334938,5.000001692678779e-07,1.024999983201269e-05,9,0.0019631249997473788,0.00019174999943061266,0.0010724579988163896,0.9999999981217802,3.756439603819217e-09,0.3115165615472697,6.128980016135814e-05,1.532107773982716e-14,1.532107773982716e-14,60.88344423771085,0.9999998817792367,1e-12
success,,B-B_1.70_sto-6g_as-002-004,hamiltonian_generator/b2_controlled_active_space_libraries/occ-002/B-B/1.70/sto-6g/B-B_1.70_sto-6g_as-002-004.tensors.npz,B-B,1.70,sto-6g,2,4,6,27,33,jw,random_groups,5,3976805284,33,168,0.3181818181818182,3,"[13,10,10]","[1,2,0]",30cc6d41ff79417b,535fb6c18ad9f393,100,0.01,1.0,3300,0.0012799976589564453,6.399988294782227e-06,0.6634126976449195,4.1700150177348405e-07,8.833998435875401e-06,9,0.0019631249997473788,0.00019174999943061266,0.0010572089995548595,0.99999999997173,5.654010593048042e-11,0.3115177183976194,7.5193155227374535e-06,2.0095036745715333e-14,2.0095036745715333e-14,0.9163880561563625,0.0008229221764045153,1e-12
success,,B-B_1.70_sto-6g_as-002-004,hamiltonian_generator/b2_controlled_active_space_libraries/occ-002/B-B/1.70/sto-6g/B-B_1.70_sto-6g_as-002-004.tensors.npz,B-B,1.70,sto-6g,2,4,6,27,33,fermionic,random_groups,5,306545139,27,90,0.2564102564102564,4,"[7,7,7,6]","[3,1,2,0]",8dd06ffbda2d2c00,0a4a647480cd98ad,100,0.01,1.0,3300,0.0012799976589564538,6.399988294782269e-06,0.6634126976449282,3.749992174562067e-07,8.249999154941179e-06,9,0.0019631249997473788,0.00019174999943061266,0.0010781250002764864,0.9999999999790895,4.182099111460502e-11,0.3115177178825348,6.466915115772359e-06,1.7541523789077473e-14,1.7541523789077473e-14,0.6778242828403517,0.011133144834266903,1e-12
success,,B-B_1.70_sto-6g_as-002-004,hamiltonian_generator/b2_controlled_active_space_libraries/occ-002/B-B/1.70/sto-6g/B-B_1.70_sto-6g_as-002-004.tensors.npz,B-B,1.70,sto-6g,2,4,6,27,33,jw,random_groups,6,2192443681,33,168,0.3181818181818182,3,"[13,10,10]","[2,1,0]",cde56ed15d255933,0f30f0ac5de17a8c,100,0.01,1.0,3300,0.05243878491838523,0.00026219392459192616,1113.449869570576,3.750010364456102e-07,7.99999907030724e-06,9,0.0019631249997473788,0.00019174999943061266,0.001053416999639012,0.9999999656465044,6.87069899862891e-08,0.3115221672340242,0.0002621201846625598,1.432187701766452e-14,1.432187701766452e-14,1113.5859044075044,1.0000070711441598,1e-12
success,,B-B_1.70_sto-6g_as-002-004,hamiltonian_generator/b2_controlled_active_space_libraries/occ-002/B-B/1.70/sto-6g/B-B_1.70_sto-6g_as-002-004.tensors.npz,B-B,1.70,sto-6g,2,4,6,27,33,fermionic,random_groups,6,4229844108,27,90,0.2564102564102564,4,"[7,7,7,6]","[0,3,1,2]",1dbf9ff941307c90,b6f718aab63a9042,100,0.01,1.0,3300,0.012261391903729763,6.130695951864882e-05,60.875841333493874,3.330005711177364e-07,7.95800042396877e-06,9,0.0019631249997473788,0.00019174999943061266,0.00105470899870852,0.9999999981217795,3.756440936086847e-09,0.31151656154727003,6.12898110299489e-05,1.6653345369377348e-14,1.6653345369377348e-14,60.88346583077516,1.0000002364415266,1e-12
success,,B-B_1.70_sto-6g_as-002-004,hamiltonian_generator/b2_controlled_active_space_libraries/occ-002/B-B/1.70/sto-6g/B-B_1.70_sto-6g_as-002-004.tensors.npz,B-B,1.70,sto-6g,2,4,6,27,33,jw,random_groups,7,2095230289,33,168,0.3181818181818182,3,"[13,10,10]","[2,1,0]",cde56ed15d255933,0f30f0ac5de17a8c,100,0.01,1.0,3300,0.05243878491838523,0.00026219392459192616,1113.449869570576,3.749992174562067e-07,7.791999451001175e-06,9,0.0019631249997473788,0.00019174999943061266,0.0010709170001064194,0.9999999656465044,6.87069899862891e-08,0.3115221672340242,0.0002621201846625598,1.432187701766452e-14,1.432187701766452e-14,1113.5859044075044,1.0000070711441598,1e-12
success,,B-B_1.70_sto-6g_as-002-004,hamiltonian_generator/b2_controlled_active_space_libraries/occ-002/B-B/1.70/sto-6g/B-B_1.70_sto-6g_as-002-004.tensors.npz,B-B,1.70,sto-6g,2,4,6,27,33,fermionic,random_groups,7,1353568228,27,90,0.2564102564102564,4,"[7,7,7,6]","[1,2,0,3]",a0f9a4a51fc39e83,ad54d44f4c97c1d0,100,0.01,1.0,3300,0.0013726744182893098,6.863372091446549e-06,0.7629577854592995,3.339991963002831e-07,7.667000318178907e-06,9,0.0019631249997473788,0.00019174999943061266,0.001058499999999185,0.9999999999760224,4.7955195370263937e-11,0.3115177273040435,6.924968979732973e-06,1.2434497875801753e-14,1.2434497875801753e-14,0.7772459486013092,0.012766128238081485,1e-12
success,,B-B_1.70_sto-6g_as-002-004,hamiltonian_generator/b2_controlled_active_space_libraries/occ-002/B-B/1.70/sto-6g/B-B_1.70_sto-6g_as-002-004.tensors.npz,B-B,1.70,sto-6g,2,4,6,27,33,jw,random_groups,8,2355388942,33,168,0.3181818181818182,3,"[13,10,10]","[2,1,0]",cde56ed15d255933,0f30f0ac5de17a8c,100,0.01,1.0,3300,0.05243878491838523,0.00026219392459192616,1113.449869570576,3.749992174562067e-07,7.95800042396877e-06,9,0.0019631249997473788,0.00019174999943061266,0.0010867500004678732,0.9999999656465044,6.87069899862891e-08,0.3115221672340242,0.0002621201846625598,1.432187701766452e-14,1.432187701766452e-14,1113.5859044075044,1.0000070711441598,1e-12
success,,B-B_1.70_sto-6g_as-002-004,hamiltonian_generator/b2_controlled_active_space_libraries/occ-002/B-B/1.70/sto-6g/B-B_1.70_sto-6g_as-002-004.tensors.npz,B-B,1.70,sto-6g,2,4,6,27,33,fermionic,random_groups,8,3943555969,27,90,0.2564102564102564,4,"[7,7,7,6]","[3,1,2,0]",8dd06ffbda2d2c00,0a4a647480cd98ad,100,0.01,1.0,3300,0.0012799976589564538,6.399988294782269e-06,0.6634126976449282,5.000001692678779e-07,1.0416999430162832e-05,9,0.0019631249997473788,0.00019174999943061266,0.0010842090014193673,0.9999999999790895,4.182099111460502e-11,0.3115177178825348,6.466915115772359e-06,1.7541523789077473e-14,1.7541523789077473e-14,0.6778242828403517,0.011133144834266903,1e-12
success,,B-B_1.70_sto-6g_as-002-004,hamiltonian_generator/b2_controlled_active_space_libraries/occ-002/B-B/1.70/sto-6g/B-B_1.70_sto-6g_as-002-004.tensors.npz,B-B,1.70,sto-6g,2,4,6,27,33,jw,random_groups,9,3800732615,33,168,0.3181818181818182,3,"[13,10,10]","[1,2,0]",30cc6d41ff79417b,535fb6c18ad9f393,100,0.01,1.0,3300,0.0012799976589564453,6.399988294782227e-06,0.6634126976449195,3.750010364456102e-07,8.37500010675285e-06,9,0.0019631249997473788,0.00019174999943061266,0.001081417000023066,0.99999999997173,5.654010593048042e-11,0.3115177183976194,7.5193155227374535e-06,2.0095036745715333e-14,2.0095036745715333e-14,0.9163880561563625,0.0008229221764045153,1e-12
success,,B-B_1.70_sto-6g_as-002-004,hamiltonian_generator/b2_controlled_active_space_libraries/occ-002/B-B/1.70/sto-6g/B-B_1.70_sto-6g_as-002-004.tensors.npz,B-B,1.70,sto-6g,2,4,6,27,33,fermionic,random_groups,9,538158696,27,90,0.2564102564102564,4,"[7,7,7,6]","[2,3,1,0]",62efea3e0498f8b1,ca6f80e93bbfba22,100,0.01,1.0,3300,0.012261391903729732,6.130695951864866e-05,60.875841333493554,3.749992174562067e-07,8.041999535635114e-06,9,0.0019631249997473788,0.00019174999943061266,0.0010782079989439808,0.9999999981217671,3.756465805082598e-09,0.31151871395811725,6.129001390995598e-05,1.454392162258955e-14,1.454392162258955e-14,60.8838689013089,1.0000068568042728,1e-12
success,,B-B_1.70_sto-6g_as-002-004,hamiltonian_generator/b2_controlled_active_space_libraries/occ-002/B-B/1.70/sto-6g/B-B_1.70_sto-6g_as-002-004.tensors.npz,B-B,1.70,sto-6g,2,4,6,27,33,jw,random_groups,10,176368526,33,168,0.3181818181818182,3,"[13,10,10]","[2,1,0]",cde56ed15d255933,0f30f0ac5de17a8c,100,0.01,1.0,3300,0.05243878491838523,0.00026219392459192616,1113.449869570576,3.749992174562067e-07,7.874999937484972e-06,9,0.0019631249997473788,0.00019174999943061266,0.0010795420002978062,0.9999999656465044,6.87069899862891e-08,0.3115221672340242,0.0002621201846625598,1.432187701766452e-14,1.432187701766452e-14,1113.5859044075044,1.0000070711441598,1e-12
success,,B-B_1.70_sto-6g_as-002-004,hamiltonian_generator/b2_controlled_active_space_libraries/occ-002/B-B/1.70/sto-6g/B-B_1.70_sto-6g_as-002-004.tensors.npz,B-B,1.70,sto-6g,2,4,6,27,33,fermionic,random_groups,10,863463345,27,90,0.2564102564102564,4,"[7,7,7,6]","[0,3,1,2]",1dbf9ff941307c90,b6f718aab63a9042,100,0.01,1.0,3300,0.012261391903729763,6.130695951864882e-05,60.875841333493874,3.750010364456102e-07,7.666998499189503e-06,9,0.0019631249997473788,0.00019174999943061266,0.001098333999834722,0.9999999981217795,3.756440936086847e-09,0.31151656154727003,6.12898110299489e-05,1.6653345369377348e-14,1.6653345369377348e-14,60.88346583077516,1.0000002364415266,1e-12
success,,B-B_1.70_sto-6g_as-002-004,hamiltonian_generator/b2_controlled_active_space_libraries/occ-002/B-B/1.70/sto-6g/B-B_1.70_sto-6g_as-002-004.tensors.npz,B-B,1.70,sto-6g,2,4,6,27,33,jw,random_groups,11,1972838554,33,168,0.3181818181818182,3,"[13,10,10]","[0,2,1]",131f9f46f3afca41,dc38dcbf20ab73ea,100,0.01,1.0,3300,0.0012799976589564453,6.399988294782227e-06,0.6634126976449195,3.330005711177364e-07,7.832999472157098e-06,9,0.0019631249997473788,0.00019174999943061266,0.0010806669997691642,0.9999999999715309,5.6938231907111003e-11,0.31151754344871324,7.545742634566263e-06,1.8984813721090177e-14,1.8984813721090177e-14,0.9228407835403268,0.000828716765745661,1e-12
success,,B-B_1.70_sto-6g_as-002-004,hamiltonian_generator/b2_controlled_active_space_libraries/occ-002/B-B/1.70/sto-6g/B-B_1.70_sto-6g_as-002-004.tensors.npz,B-B,1.70,sto-6g,2,4,6,27,33,fermionic,random_groups,11,3766365092,27,90,0.2564102564102564,4,"[7,7,7,6]","[1,3,0,2]",ea9a27d5969db646,11e8de49e51cc126,100,0.01,1.0,3300,0.013496623666703924,6.748311833351962e-05,73.75911644740924,3.749992174562067e-07,7.832999472157098e-06,9,0.0019631249997473788,0.00019174999943061266,0.0010764159997052047,0.9999999977247539,4.550492205268597e-09,0.3115163606300242,6.745733618568552e-05,1.5654144647214707e-14,1.5654144647214707e-14,73.75325245531135,1.2113842220914175,1e-12
success,,B-B_1.70_sto-6g_as-002-004,hamiltonian_generator/b2_controlled_active_space_libraries/occ-002/B-B/1.70/sto-6g/B-B_1.70_sto-6g_as-002-004.tensors.npz,B-B,1.70,sto-6g,2,4,6,27,33,jw,random_groups,12,1531077736,33,168,0.3181818181818182,3,"[13,10,10]","[0,2,1]",131f9f46f3afca41,dc38dcbf20ab73ea,100,0.01,1.0,3300,0.0012799976589564453,6.399988294782227e-06,0.6634126976449195,3.749992174562067e-07,7.791999451001175e-06,9,0.0019631249997473788,0.00019174999943061266,0.0010889170007430948,0.9999999999715309,5.6938231907111003e-11,0.31151754344871324,7.545742634566263e-06,1.8984813721090177e-14,1.8984813721090177e-14,0.9228407835403268,0.000828716765745661,1e-12
success,,B-B_1.70_sto-6g_as-002-004,hamiltonian_generator/b2_controlled_active_space_libraries/occ-002/B-B/1.70/sto-6g/B-B_1.70_sto-6g_as-002-004.tensors.npz,B-B,1.70,sto-6g,2,4,6,27,33,fermionic,random_groups,12,1877527729,27,90,0.2564102564102564,4,"[7,7,7,6]","[2,1,0,3]",43595fb0a5a20202,24fe43ed7e9cbcc4,100,0.01,1.0,3300,0.012266159513311493,6.133079756655746e-05,60.923191368851555,3.339991963002831e-07,8.250000973930582e-06,9,0.0019631249997473788,0.00019174999943061266,0.0010945419999188744,0.9999999981203149,3.759370148515018e-09,0.31151872337620795,6.131370277935445e-05,1.2545520178264269e-14,1.2545520178264269e-14,60.93094178149978,1.0007800205964215,1e-12
success,,B-B_1.70_sto-6g_as-002-004,hamiltonian_generator/b2_controlled_active_space_libraries/occ-002/B-B/1.70/sto-6g/B-B_1.70_sto-6g_as-002-004.tensors.npz,B-B,1.70,sto-6g,2,4,6,27,33,jw,random_groups,13,973073543,33,168,0.3181818181818182,3,"[13,10,10]","[0,2,1]",131f9f46f3afca41,dc38dcbf20ab73ea,100,0.01,1.0,3300,0.0012799976589564453,6.399988294782227e-06,0.6634126976449195,4.579997039400041e-07,1.0666000889614224e-05,9,0.0019631249997473788,0.00019174999943061266,0.0010884999992413213,0.9999999999715309,5.6938231907111003e-11,0.31151754344871324,7.545742634566263e-06,1.8984813721090177e-14,1.8984813721090177e-14,0.9228407835403268,0.000828716765745661,1e-12
success,,B-B_1.70_sto-6g_as-002-004,hamiltonian_generator/b2_controlled_active_space_libraries/occ-002/B-B/1.70/sto-6g/B-B_1.70_sto-6g_as-002-004.tensors.npz,B-B,1.70,sto-6g,2,4,6,27,33,fermionic,random_groups,13,3722545863,27,90,0.2564102564102564,4,"[7,7,7,6]","[2,1,3,0]",94b1489a1a8c8e73,d15826ff2a8581ae,100,0.01,1.0,3300,0.012261391903729739,6.13069595186487e-05,60.87584133349362,3.750010364456102e-07,9.124998541665263e-06,9,0.0019631249997473788,0.00019174999943061266,0.0010840409995580558,0.999999998121768,3.756464028725759e-09,0.31151871395811476,6.128999941854918e-05,1.27675647831893e-14,1.27675647831893e-14,60.88384011055649,1.0000063839212197,1e-12
success,,B-B_1.70_sto-6g_as-002-004,hamiltonian_generator/b2_controlled_active_space_libraries/occ-002/B-B/1.70/sto-6g/B-B_1.70_sto-6g_as-002-004.tensors.npz,B-B,1.70,sto-6g,2,4,6,27,33,jw,random_groups,14,678310102,33,168,0.3181818181818182,3,"[13,10,10]","[0,2,1]",131f9f46f3afca41,dc38dcbf20ab73ea,100,0.01,1.0,3300,0.0012799976589564453,6.399988294782227e-06,0.6634126976449195,3.750010364456102e-07,8.291999620269053e-06,9,0.0019631249997473788,0.00019174999943061266,0.0010931670003628824,0.9999999999715309,5.6938231907111003e-11,0.31151754344871324,7.545742634566263e-06,1.8984813721090177e-14,1.8984813721090177e-14,0.9228407835403268,0.000828716765745661,1e-12
success,,B-B_1.70_sto-6g_as-002-004,hamiltonian_generator/b2_controlled_active_space_libraries/occ-002/B-B/1.70/sto-6g/B-B_1.70_sto-6g_as-002-004.tensors.npz,B-B,1.70,sto-6g,2,4,6,27,33,fermionic,random_groups,14,3147905924,27,90,0.2564102564102564,4,"[7,7,7,6]","[0,3,1,2]",1dbf9ff941307c90,b6f718aab63a9042,100,0.01,1.0,3300,0.012261391903729763,6.130695951864882e-05,60.875841333493874,3.3299875212833285e-07,8.041999535635114e-06,9,0.0019631249997473788,0.00019174999943061266,0.0010883329996431712,0.9999999981217795,3.756440936086847e-09,0.31151656154727003,6.12898110299489e-05,1.6653345369377348e-14,1.6653345369377348e-14,60.88346583077516,1.0000002364415266,1e-12
success,,B-B_1.70_sto-6g_as-002-004,hamiltonian_generator/b2_controlled_active_space_libraries/occ-002/B-B/1.70/sto-6g/B-B_1.70_sto-6g_as-002-004.tensors.npz,B-B,1.70,sto-6g,2,4,6,27,33,jw,random_groups,15,1781325071,33,168,0.3181818181818182,3,"[13,10,10]","[2,1,0]",cde56ed15d255933,0f30f0ac5de17a8c,100,0.01,1.0,3300,0.05243878491838523,0.00026219392459192616,1113.449869570576,3.330005711177364e-07,7.916998583823442e-06,9,0.0019631249997473788,0.00019174999943061266,0.0010703330008254852,0.9999999656465044,6.87069899862891e-08,0.3115221672340242,0.0002621201846625598,1.432187701766452e-14,1.432187701766452e-14,1113.5859044075044,1.0000070711441598,1e-12
success,,B-B_1.70_sto-6g_as-002-004,hamiltonian_generator/b2_controlled_active_space_libraries/occ-002/B-B/1.70/sto-6g/B-B_1.70_sto-6g_as-002-004.tensors.npz,B-B,1.70,sto-6g,2,4,6,27,33,fermionic,random_groups,15,656998559,27,90,0.2564102564102564,4,"[7,7,7,6]","[0,2,3,1]",98b7ec2c7810e6f8,1179e2c02c9c9259,100,0.01,1.0,3300,0.0012799976589564453,6.399988294782227e-06,0.6634126976449195,3.330005711177364e-07,7.917000402812846e-06,9,0.0019631249997473788,0.00019174999943061266,0.001092041999072535,0.9999999999789394,4.2121195420463664e-11,0.3115175448442345,6.490084392399197e-06,2.1760371282653068e-14,2.1760371282653068e-14,0.6826899199976968,0.011213062070274914,1e-12
success,,B-B_1.70_sto-6g_as-002-004,hamiltonian_generator/b2_controlled_active_space_libraries/occ-002/B-B/1.70/sto-6g/B-B_1.70_sto-6g_as-002-004.tensors.npz,B-B,1.70,sto-6g,2,4,6,27,33,jw,random_groups,16,1158240760,33,168,0.3181818181818182,3,"[13,10,10]","[2,1,0]",cde56ed15d255933,0f30f0ac5de17a8c,100,0.01,1.0,3300,0.05243878491838523,0.00026219392459192616,1113.449869570576,3.330005711177364e-07,7.874999937484972e-06,9,0.0019631249997473788,0.00019174999943061266,0.0010931249998975545,0.9999999656465044,6.87069899862891e-08,0.3115221672340242,0.0002621201846625598,1.432187701766452e-14,1.432187701766452e-14,1113.5859044075044,1.0000070711441598,1e-12
success,,B-B_1.70_sto-6g_as-002-004,hamiltonian_generator/b2_controlled_active_space_libraries/occ-002/B-B/1.70/sto-6g/B-B_1.70_sto-6g_as-002-004.tensors.npz,B-B,1.70,sto-6g,2,4,6,27,33,fermionic,random_groups,16,215567285,27,90,0.2564102564102564,4,"[7,7,7,6]","[0,2,3,1]",98b7ec2c7810e6f8,1179e2c02c9c9259,100,0.01,1.0,3300,0.0012799976589564453,6.399988294782227e-06,0.6634126976449195,3.340010152896866e-07,7.874999937484972e-06,9,0.0019631249997473788,0.00019174999943061266,0.001083749999452266,0.9999999999789394,4.2121195420463664e-11,0.3115175448442345,6.490084392399197e-06,2.1760371282653068e-14,2.1760371282653068e-14,0.6826899199976968,0.011213062070274914,1e-12
success,,B-B_1.70_sto-6g_as-002-004,hamiltonian_generator/b2_controlled_active_space_libraries/occ-002/B-B/1.70/sto-6g/B-B_1.70_sto-6g_as-002-004.tensors.npz,B-B,1.70,sto-6g,2,4,6,27,33,jw,random_groups,17,1295137520,33,168,0.3181818181818182,3,"[13,10,10]","[2,1,0]",cde56ed15d255933,0f30f0ac5de17a8c,100,0.01,1.0,3300,0.05243878491838523,0.00026219392459192616,1113.449869570576,3.749992174562067e-07,7.624999852851033e-06,9,0.0019631249997473788,0.00019174999943061266,0.0010933339999610325,0.9999999656465044,6.87069899862891e-08,0.3115221672340242,0.0002621201846625598,1.432187701766452e-14,1.432187701766452e-14,1113.5859044075044,1.0000070711441598,1e-12
success,,B-B_1.70_sto-6g_as-002-004,hamiltonian_generator/b2_controlled_active_space_libraries/occ-002/B-B/1.70/sto-6g/B-B_1.70_sto-6g_as-002-004.tensors.npz,B-B,1.70,sto-6g,2,4,6,27,33,fermionic,random_groups,17,3024469488,27,90,0.2564102564102564,4,"[7,7,7,6]","[0,1,2,3]",9b365a86a347631e,9948ff2f47aa885d,100,0.01,1.0,3300,0.012261391903729756,6.130695951864878e-05,60.8758413334938,4.169996827840805e-07,9.457999112783e-06,9,0.0019631249997473788,0.00019174999943061266,0.0010722919996624114,0.99999999812178,3.756440047908427e-09,0.3115165615452928,6.128980378422195e-05,1.2212453270876722e-14,1.2212453270876722e-14,60.88345143539895,1.0,1e-12
success,,B-B_1.70_sto-6g_as-002-004,hamiltonian_generator/b2_controlled_active_space_libraries/occ-002/B-B/1.70/sto-6g/B-B_1.70_sto-6g_as-002-004.tensors.npz,B-B,1.70,sto-6g,2,4,6,27,33,jw,random_groups,18,2952880316,33,168,0.3181818181818182,3,"[13,10,10]","[1,2,0]",30cc6d41ff79417b,535fb6c18ad9f393,100,0.01,1.0,3300,0.0012799976589564453,6.399988294782227e-06,0.6634126976449195,3.749992174562067e-07,8.290999176097102e-06,9,0.0019631249997473788,0.00019174999943061266,0.001080542000636342,0.99999999997173,5.654010593048042e-11,0.3115177183976194,7.5193155227374535e-06,2.0095036745715333e-14,2.0095036745715333e-14,0.9163880561563625,0.0008229221764045153,1e-12
success,,B-B_1.70_sto-6g_as-002-004,hamiltonian_generator/b2_controlled_active_space_libraries/occ-002/B-B/1.70/sto-6g/B-B_1.70_sto-6g_as-002-004.tensors.npz,B-B,1.70,sto-6g,2,4,6,27,33,fermionic,random_groups,18,1538861734,27,90,0.2564102564102564,4,"[7,7,7,6]","[3,2,1,0]",0db2b307aaf16f5f,f3edaa26b6af4d6e,100,0.01,1.0,3300,0.012261391903729732,6.130695951864866e-05,60.875841333493554,3.750010364456102e-07,8.083001375780441e-06,9,0.0019631249997473788,0.00019174999943061266,0.0010759590004454367,0.9999999981218172,3.756365662965777e-09,0.31151871391479263,6.12891969515491e-05,1.8318679906315083e-14,1.8318679906315083e-14,60.88224582264177,0.999980198022143,1e-12
success,,B-B_1.70_sto-6g_as-002-004,hamiltonian_generator/b2_controlled_active_space_libraries/occ-002/B-B/1.70/sto-6g/B-B_1.70_sto-6g_as-002-004.tensors.npz,B-B,1.70,sto-6g,2,4,6,27,33,jw,random_groups,19,877755353,33,168,0.3181818181818182,3,"[13,10,10]","[2,1,0]",cde56ed15d255933,0f30f0ac5de17a8c,100,0.01,1.0,3300,0.05243878491838523,0.00026219392459192616,1113.449869570576,3.750010364456102e-07,8.125000022118911e-06,9,0.0019631249997473788,0.00019174999943061266,0.001097374999517342,0.9999999656465044,6.87069899862891e-08,0.3115221672340242,0.0002621201846625598,1.432187701766452e-14,1.432187701766452e-14,1113.5859044075044,1.0000070711441598,1e-12
success,,B-B_1.70_sto-6g_as-002-004,hamiltonian_generator/b2_controlled_active_space_libraries/occ-002/B-B/1.70/sto-6g/B-B_1.70_sto-6g_as-002-004.tensors.npz,B-B,1.70,sto-6g,2,4,6,27,33,fermionic,random_groups,19,2146555050,27,90,0.2564102564102564,4,"[7,7,7,6]","[1,3,2,0]",b07177087efb6962,29247565e2406ded,100,0.01,1.0,3300,0.0012799976589564453,6.399988294782227e-06,0.6634126976449195,3.339991963002831e-07,8.041999535635114e-06,9,0.0019631249997473788,0.00019174999943061266,0.001076499998816871,0.9999999999790876,4.182476587288875e-11,0.3115177178825405,6.467206960728004e-06,2.1094237467877974e-14,2.1094237467877974e-14,0.6778854631892236,0.01113414971075517,1e-12
success,,B-B_1.70_sto-6g_as-002-006,hamiltonian_generator/b2_controlled_active_space_libraries/occ-002/B-B/1.70/sto-6g/B-B_1.70_sto-6g_as-002-006.tensors.npz,B-B,1.70,sto-6g,2,6,8,48,60,baseline,jw_raw,-1,-1,,,,,[],[],4f53cda18c2baa0c,e7de70a6e7e89939,100,0.01,1.0,6000,0.0724076522477372,0.000362038261238686,1.0,6.67001586407423e-07,1.6125000911415555e-05,16,0.0034808340005838545,0.0002137079991371138,0.003909666000254219,0.9999999374960955,1.2500780510737997e-07,0.5384604388576492,0.00035356443400483674,0.0,0.0,1.0,,1e-12
success,,B-B_1.70_sto-6g_as-002-006,hamiltonian_generator/b2_controlled_active_space_libraries/occ-002/B-B/1.70/sto-6g/B-B_1.70_sto-6g_as-002-006.tensors.npz,B-B,1.70,sto-6g,2,6,8,48,60,jw,current,-1,-1,60,576,0.3254237288135593,4,"[20,16,16,8]","[0,1,2,3]",782177ff3659e316,724557205c036afb,100,0.01,1.0,6000,0.07337143235235814,0.0003668571617617907,1.0267981148141894,6.669997674180195e-07,1.379200148221571e-05,16,0.0034808340005838545,0.0002137079991371138,0.003949207999539794,0.9999999358141567,1.283716825062342e-07,0.5383523064102614,0.00035828994768770644,0.0,0.0,1.0269093389485937,1.0,1e-12
success,,B-B_1.70_sto-6g_as-002-006,hamiltonian_generator/b2_controlled_active_space_libraries/occ-002/B-B/1.70/sto-6g/B-B_1.70_sto-6g_as-002-006.tensors.npz,B-B,1.70,sto-6g,2,6,8,48,60,fermionic,current,-1,-1,48,288,0.2553191489361702,4,"[8,8,8,24]","[0,1,2,3]",19e798a513a35ea2,09d3c1b62eda4169,100,0.01,1.0,6000,0.06928302867543126,0.0003464151433771563,0.9155557544450977,6.660011422354728e-07,1.5000001440057531e-05,16,0.0034808340005838545,0.0002137079991371138,0.003957625000111875,0.9999999428158952,1.1436820634980194e-07,0.5384588429653994,0.0003381836920513003,0.0,0.0,0.914888524373028,1.0,1e-12
success,,B-B_1.70_sto-6g_as-002-006,hamiltonian_generator/b2_controlled_active_space_libraries/occ-002/B-B/1.70/sto-6g/B-B_1.70_sto-6g_as-002-006.tensors.npz,B-B,1.70,sto-6g,2,6,8,48,60,jw,reverse_groups,-1,-1,60,576,0.3254237288135593,4,"[20,16,16,8]","[3,2,1,0]",c2dd8c8f48980984,f44c321b8747673b,100,0.01,1.0,6000,0.07337143235235814,0.0003668571617617907,1.0267981148141894,6.249993020901456e-07,1.2874999811174348e-05,16,0.0034808340005838545,0.0002137079991371138,0.003925167000488727,0.9999999357953631,1.284092697728667e-07,0.5384608095832374,0.0003583423975483391,0.0,0.0,1.0272100183069763,1.000292800295974,1e-12
success,,B-B_1.70_sto-6g_as-002-006,hamiltonian_generator/b2_controlled_active_space_libraries/occ-002/B-B/1.70/sto-6g/B-B_1.70_sto-6g_as-002-006.tensors.npz,B-B,1.70,sto-6g,2,6,8,48,60,fermionic,reverse_groups,-1,-1,48,288,0.2553191489361702,4,"[8,8,8,24]","[3,2,1,0]",071907240ae197c2,9715a2aef1fd6ce3,100,0.01,1.0,6000,0.06941407101164565,0.00034707035505822826,0.919022405066193,5.420006345957518e-07,1.304199940932449e-05,16,0.0034808340005838545,0.0002137079991371138,0.003910666999217938,0.9999999425306867,1.149386232857097e-07,0.5384578186490991,0.00033902599696244355,0.0,0.0,0.9194515749394929,1.004987548149204,1e-12
success,,B-B_1.70_sto-6g_as-002-006,hamiltonian_generator/b2_controlled_active_space_libraries/occ-002/B-B/1.70/sto-6g/B-B_1.70_sto-6g_as-002-006.tensors.npz,B-B,1.70,sto-6g,2,6,8,48,60,jw,random_groups,0,299304334,60,576,0.3254237288135593,4,"[20,16,16,8]","[1,3,2,0]",ec51005572e3e53f,63ed9e1a0e6109db,100,0.01,1.0,6000,0.07043525333742684,0.0003521762666871342,0.9462616289917313,6.669997674180195e-07,1.8541999452281743e-05,16,0.0034808340005838545,0.0002137079991371138,0.0038452910011983477,0.9999999408684517,1.1826309320728257e-07,0.5384591712231881,0.0003438940195016103,0.0,0.0,0.9460456737537005,0.9212553025589524,1e-12
success,,B-B_1.70_sto-6g_as-002-006,hamiltonian_generator/b2_controlled_active_space_libraries/occ-002/B-B/1.70/sto-6g/B-B_1.70_sto-6g_as-002-006.tensors.npz,B-B,1.70,sto-6g,2,6,8,48,60,fermionic,random_groups,0,1678065010,48,288,0.2553191489361702,4,"[8,8,8,24]","[3,0,1,2]",c69bc0a5acdf94e7,fa73b5b17f67f854,100,0.01,1.0,6000,0.06558885768961348,0.0003279442884480674,0.8205238368903998,5.840010999236256e-07,1.449999945180025e-05,16,0.0034808340005838545,0.0002137079991371138,0.003904667000824702,0.9999999487521458,1.0249570570053379e-07,0.538456173984989,0.000320149509393766,0.0,0.0,0.8199144494417081,0.8961905495574932,1e-12
success,,B-B_1.70_sto-6g_as-002-006,hamiltonian_generator/b2_controlled_active_space_libraries/occ-002/B-B/1.70/sto-6g/B-B_1.70_sto-6g_as-002-006.tensors.npz,B-B,1.70,sto-6g,2,6,8,48,60,jw,random_groups,1,1567438901,60,576,0.3254237288135593,4,"[20,16,16,8]","[3,1,2,0]",b6d2a08da9d19bb8,2e5526ae4cb9479d,100,0.01,1.0,6000,0.07040951145068142,0.0003520475572534071,0.9455700971980789,7.079997885739431e-07,1.7624999600229785e-05,16,0.0034808340005838545,0.0002137079991371138,0.0038185839985089842,0.9999999409117878,1.1817642098232994e-07,0.5384593951224115,0.0003437679805101419,0.0,0.0,0.9453523392464818,0.9205801363286709,1e-12
success,,B-B_1.70_sto-6g_as-002-006,hamiltonian_generator/b2_controlled_active_space_libraries/occ-002/B-B/1.70/sto-6g/B-B_1.70_sto-6g_as-002-006.tensors.npz,B-B,1.70,sto-6g,2,6,8,48,60,fermionic,random_groups,1,2799076743,48,288,0.2553191489361702,4,"[8,8,8,24]","[0,1,2,3]",19e798a513a35ea2,09d3c1b62eda4169,100,0.01,1.0,6000,0.06928302867543126,0.0003464151433771563,0.9155557544450977,5.830006557516754e-07,1.38749983307207e-05,16,0.0034808340005838545,0.0002137079991371138,0.0038072919996920973,0.9999999428158952,1.1436820634980194e-07,0.5384588429653994,0.0003381836920513003,0.0,0.0,0.914888524373028,1.0,1e-12
success,,B-B_1.70_sto-6g_as-002-006,hamiltonian_generator/b2_controlled_active_space_libraries/occ-002/B-B/1.70/sto-6g/B-B_1.70_sto-6g_as-002-006.tensors.npz,B-B,1.70,sto-6g,2,6,8,48,60,jw,random_groups,2,1539323263,60,576,0.3254237288135593,4,"[20,16,16,8]","[3,1,0,2]",d3b6446f84ae47a1,283c3f7742c3694c,100,0.01,1.0,6000,0.06574934144043347,0.00032874670720216736,0.8245440880972029,6.250011210795492e-07,1.2957998478668742e-05,16,0.0034808340005838545,0.0002137079991371138,0.003912500000296859,0.9999999484951,1.0300979735866633e-07,0.5384562266710429,0.0003209513982259644,0.0,0.0,0.8240269259202043,0.8024339585458327,1e-12
success,,B-B_1.70_sto-6g_as-002-006,hamiltonian_generator/b2_controlled_active_space_libraries/occ-002/B-B/1.70/sto-6g/B-B_1.70_sto-6g_as-002-006.tensors.npz,B-B,1.70,sto-6g,2,6,8,48,60,fermionic,random_groups,2,2097567926,48,288,0.2553191489361702,4,"[8,8,8,24]","[1,2,0,3]",62ef5f6b9e750dc5,b4d688b81602174e,100,0.01,1.0,6000,0.07264764941409259,0.00036323824707046293,1.0066400414187247,7.079997885739431e-07,1.6666001101839356e-05,16,0.0034808340005838545,0.0002137079991371138,0.0038779160004196456,0.9999999370866706,1.2582665487315126e-07,0.5384607356706097,0.0003547205362957636,0.0,0.0,1.0065503891142469,1.1001891075243673,1e-12
success,,B-B_1.70_sto-6g_as-002-006,hamiltonian_generator/b2_controlled_active_space_libraries/occ-002/B-B/1.70/sto-6g/B-B_1.70_sto-6g_as-002-006.tensors.npz,B-B,1.70,sto-6g,2,6,8,48,60,jw,random_groups,3,2473365098,60,576,0.3254237288135593,4,"[20,16,16,8]","[3,0,1,2]",03276a9698e5ee78,db809663d62043dd,100,0.01,1.0,6000,0.06538421341194466,0.00032692106705972326,0.81541157982083,6.250011210795492e-07,1.3083001249469817e-05,16,0.0034808340005838545,0.0002137079991371138,0.0039032080003380543,0.9999999490663306,1.0186733623296362e-07,0.5384559510821805,0.00031916663169334695,0.0,0.0,0.8148878075689834,0.7935343234908256,1e-12
success,,B-B_1.70_sto-6g_as-002-006,hamiltonian_generator/b2_controlled_active_space_libraries/occ-002/B-B/1.70/sto-6g/B-B_1.70_sto-6g_as-002-006.tensors.npz,B-B,1.70,sto-6g,2,6,8,48,60,fermionic,random_groups,3,3055152513,48,288,0.2553191489361702,4,"[8,8,8,24]","[0,3,1,2]",c84c926a1ff28be6,9d44f419a6a8a788,100,0.01,1.0,6000,0.06541325566806055,0.0003270662783403028,0.8161361171391374,5.830006557516754e-07,1.2541999240056612e-05,16,0.0034808340005838545,0.0002137079991371138,0.003941625000152271,0.9999999490316664,1.0193666455382555e-07,0.5384559577928868,0.0003192752215680674,0.0,0.0,0.8154423995066818,0.891302467768413,1e-12
success,,B-B_1.70_sto-6g_as-002-006,hamiltonian_generator/b2_controlled_active_space_libraries/occ-002/B-B/1.70/sto-6g/B-B_1.70_sto-6g_as-002-006.tensors.npz,B-B,1.70,sto-6g,2,6,8,48,60,jw,random_groups,4,2504170855,60,576,0.3254237288135593,4,"[20,16,16,8]","[0,3,2,1]",e7f2f0762171d285,a919a438ab01243d,100,0.01,1.0,6000,0.06800924043126254,0.0003400462021563127,0.8821997220343346,6.249993020901456e-07,1.7540998669574037e-05,16,0.0034808340005838545,0.0002137079991371138,0.003890584001055686,0.9999999448657328,1.1026853130591263e-07,0.5384572540404159,0.00033206706296095494,0.0,0.0,0.8820931717919013,0.8589786248268388,1e-12
success,,B-B_1.70_sto-6g_as-002-006,hamiltonian_generator/b2_controlled_active_space_libraries/occ-002/B-B/1.70/sto-6g/B-B_1.70_sto-6g_as-002-006.tensors.npz,B-B,1.70,sto-6g,2,6,8,48,60,fermionic,random_groups,4,3155493839,48,288,0.2553191489361702,4,"[8,8,8,24]","[0,1,3,2]",85058704537d4334,5b89ca6ea34c92f2,100,0.01,1.0,6000,0.06532933201118449,0.00032664666005592245,0.8140432939267721,5.420006345957518e-07,1.4832998203928582e-05,16,0.0034808340005838545,0.0002137079991371138,0.003908667000359856,0.9999999491561243,1.0168774877694631e-07,0.538455867651515,0.0003188851695053554,0.0,0.0,0.813451197624004,0.8891260256887155,1e-12
success,,B-B_1.70_sto-6g_as-002-006,hamiltonian_generator/b2_controlled_active_space_libraries/occ-002/B-B/1.70/sto-6g/B-B_1.70_sto-6g_as-002-006.tensors.npz,B-B,1.70,sto-6g,2,6,8,48,60,jw,random_groups,5,1664486509,60,576,0.3254237288135593,4,"[20,16,16,8]","[1,0,3,2]",48263037339acdf2,9e0e7ee813d14ba1,100,0.01,1.0,6000,0.06556017751036726,0.0003278008875518363,0.8198064093749883,6.250011210795492e-07,1.3625000065076165e-05,16,0.0034808340005838545,0.0002137079991371138,0.0039027500006341143,0.9999999487885202,1.024229570045776e-07,0.5384559037906188,0.0003200358724723103,0.0,0.0,0.8193324962117181,0.7978625426180229,1e-12
success,,B-B_1.70_sto-6g_as-002-006,hamiltonian_generator/b2_controlled_active_space_libraries/occ-002/B-B/1.70/sto-6g/B-B_1.70_sto-6g_as-002-006.tensors.npz,B-B,1.70,sto-6g,2,6,8,48,60,fermionic,random_groups,5,3518559737,48,288,0.2553191489361702,4,"[8,8,8,24]","[1,0,3,2]",017c9a9b6212ea6e,664ad679f4a3af4d,100,0.01,1.0,6000,0.06564147686929125,0.00032820738434645626,0.8218409084657887,5.420006345957518e-07,1.2749998859362677e-05,16,0.0034808340005838545,0.0002137079991371138,0.003901374999259133,0.9999999486706636,1.026586702312926e-07,0.5384560285301649,0.0003204039214738607,0.0,0.0,0.8212180842876989,0.8976154606928518,1e-12
success,,B-B_1.70_sto-6g_as-002-006,hamiltonian_generator/b2_controlled_active_space_libraries/occ-002/B-B/1.70/sto-6g/B-B_1.70_sto-6g_as-002-006.tensors.npz,B-B,1.70,sto-6g,2,6,8,48,60,jw,random_groups,6,2479720512,60,576,0.3254237288135593,4,"[20,16,16,8]","[3,1,0,2]",d3b6446f84ae47a1,283c3f7742c3694c,100,0.01,1.0,6000,0.06574934144043347,0.00032874670720216736,0.8245440880972029,5.830006557516754e-07,1.2500000593718141e-05,16,0.0034808340005838545,0.0002137079991371138,0.003949500000089756,0.9999999484951,1.0300979735866633e-07,0.5384562266710429,0.0003209513982259644,0.0,0.0,0.8240269259202043,0.8024339585458327,1e-12
success,,B-B_1.70_sto-6g_as-002-006,hamiltonian_generator/b2_controlled_active_space_libraries/occ-002/B-B/1.70/sto-6g/B-B_1.70_sto-6g_as-002-006.tensors.npz,B-B,1.70,sto-6g,2,6,8,48,60,fermionic,random_groups,6,1862060574,48,288,0.2553191489361702,4,"[8,8,8,24]","[1,2,0,3]",62ef5f6b9e750dc5,b4d688b81602174e,100,0.01,1.0,6000,0.07264764941409259,0.00036323824707046293,1.0066400414187247,5.829988367622718e-07,1.3124999895808287e-05,16,0.0034808340005838545,0.0002137079991371138,0.003911624999091146,0.9999999370866706,1.2582665487315126e-07,0.5384607356706097,0.0003547205362957636,0.0,0.0,1.0065503891142469,1.1001891075243673,1e-12
success,,B-B_1.70_sto-6g_as-002-006,hamiltonian_generator/b2_controlled_active_space_libraries/occ-002/B-B/1.70/sto-6g/B-B_1.70_sto-6g_as-002-006.tensors.npz,B-B,1.70,sto-6g,2,6,8,48,60,jw,random_groups,7,838226543,60,576,0.3254237288135593,4,"[20,16,16,8]","[0,1,3,2]",b5d0b0250bd4cc67,ce53271d28f5fc02,100,0.01,1.0,6000,0.06520948767904525,0.00032604743839522625,0.8110593665508389,5.420006345957518e-07,1.237499964190647e-05,16,0.0034808340005838545,0.0002137079991371138,0.003911208001227351,0.999999949333676,1.0133264549683219e-07,0.5384556280969491,0.0003183278939244017,0.0,0.0,0.8106105487556465,0.7893691468280872,1e-12
success,,B-B_1.70_sto-6g_as-002-006,hamiltonian_generator/b2_controlled_active_space_libraries/occ-002/B-B/1.70/sto-6g/B-B_1.70_sto-6g_as-002-006.tensors.npz,B-B,1.70,sto-6g,2,6,8,48,60,fermionic,random_groups,7,3186091825,48,288,0.2553191489361702,4,"[8,8,8,24]","[1,3,0,2]",68f67fd235cfa293,0c5508b8c32f3b54,100,0.01,1.0,6000,0.06574891127751366,0.0003287445563875683,0.8245332990269427,6.250011210795492e-07,1.5208001059363596e-05,16,0.0034808340005838545,0.0002137079991371138,0.003845540999463992,0.9999999485089252,1.0298214703219344e-07,0.538456146185421,0.0003209083197686353,0.0,0.0,0.8238057371196399,0.900443841159985,1e-12
success,,B-B_1.70_sto-6g_as-002-006,hamiltonian_generator/b2_controlled_active_space_libraries/occ-002/B-B/1.70/sto-6g/B-B_1.70_sto-6g_as-002-006.tensors.npz,B-B,1.70,sto-6g,2,6,8,48,60,jw,random_groups,8,2949532850,60,576,0.3254237288135593,4,"[20,16,16,8]","[1,0,2,3]",75c595a7eda27ebf,ac7db83657c1de28,100,0.01,1.0,6000,0.0730070326236924,0.00036503516311846203,1.0166242420671738,7.90998456068337e-07,1.8540999008109793e-05,16,0.0034808340005838545,0.0002137079991371138,0.0038918750015000114,0.9999999364500987,1.2709979868574806e-07,0.5383525800756218,0.00035651059266528245,0.0,0.0,1.0167349036851827,0.9900921776854924,1e-12
success,,B-B_1.70_sto-6g_as-002-006,hamiltonian_generator/b2_controlled_active_space_libraries/occ-002/B-B/1.70/sto-6g/B-B_1.70_sto-6g_as-002-006.tensors.npz,B-B,1.70,sto-6g,2,6,8,48,60,fermionic,random_groups,8,2315307175,48,288,0.2553191489361702,4,"[8,8,8,24]","[2,1,3,0]",1815f9d106efb89a,820d6614478cb945,100,0.01,1.0,6000,0.06525285327738096,0.0003262642663869048,0.8121384662656507,5.840010999236256e-07,1.316700036113616e-05,16,0.0034808340005838545,0.0002137079991371138,0.004021875000034925,0.9999999492880552,1.0142388695566495e-07,0.5383573399765251,0.0003184711753191769,0.0,0.0,0.8113404348515938,0.8868189000486201,1e-12
success,,B-B_1.70_sto-6g_as-002-006,hamiltonian_generator/b2_controlled_active_space_libraries/occ-002/B-B/1.70/sto-6g/B-B_1.70_sto-6g_as-002-006.tensors.npz,B-B,1.70,sto-6g,2,6,8,48,60,jw,random_groups,9,189634921,60,576,0.3254237288135593,4,"[20,16,16,8]","[2,3,0,1]",8a24aae00aaed8c9,ed953567791e574b,100,0.01,1.0,6000,0.06556017751036726,0.0003278008875518363,0.8198064093749883,9.580016921972856e-07,2.495800072210841e-05,16,0.0034808340005838545,0.0002137079991371138,0.003912041000148747,0.9999999488058333,1.0238833070275177e-07,0.5383571657781944,0.0003199817703671367,0.0,0.0,0.8190555030927998,0.7975928078825283,1e-12
success,,B-B_1.70_sto-6g_as-002-006,hamiltonian_generator/b2_controlled_active_space_libraries/occ-002/B-B/1.70/sto-6g/B-B_1.70_sto-6g_as-002-006.tensors.npz,B-B,1.70,sto-6g,2,6,8,48,60,fermionic,random_groups,9,1370116504,48,288,0.2553191489361702,4,"[8,8,8,24]","[0,1,2,3]",19e798a513a35ea2,09d3c1b62eda4169,100,0.01,1.0,6000,0.06928302867543126,0.0003464151433771563,0.9155557544450977,7.500002539018169e-07,1.916699875437189e-05,16,0.0034808340005838545,0.0002137079991371138,0.003982207999797538,0.9999999428158952,1.1436820634980194e-07,0.5384588429653994,0.0003381836920513003,0.0,0.0,0.914888524373028,1.0,1e-12
success,,B-B_1.70_sto-6g_as-002-006,hamiltonian_generator/b2_controlled_active_space_libraries/occ-002/B-B/1.70/sto-6g/B-B_1.70_sto-6g_as-002-006.tensors.npz,B-B,1.70,sto-6g,2,6,8,48,60,jw,random_groups,10,1134087275,60,576,0.3254237288135593,4,"[20,16,16,8]","[2,1,0,3]",a155213d6bc62824,a5c59b5f3d872719,100,0.01,1.0,6000,0.06538421341194466,0.00032692106705972326,0.81541157982083,7.920007192296907e-07,1.9834000340779312e-05,16,0.0034808340005838545,0.0002137079991371138,0.003930875000150991,0.9999999490833426,1.0183331233815096e-07,0.5383571228944644,0.0003191133260953919,0.0,0.0,0.8146156334052707,0.7932692814336647,1e-12
success,,B-B_1.70_sto-6g_as-002-006,hamiltonian_generator/b2_controlled_active_space_libraries/occ-002/B-B/1.70/sto-6g/B-B_1.70_sto-6g_as-002-006.tensors.npz,B-B,1.70,sto-6g,2,6,8,48,60,fermionic,random_groups,10,2389528859,48,288,0.2553191489361702,4,"[8,8,8,24]","[2,1,3,0]",1815f9d106efb89a,820d6614478cb945,100,0.01,1.0,6000,0.06525285327738096,0.0003262642663869048,0.8121384662656507,7.500002539018169e-07,1.491699913458433e-05,16,0.0034808340005838545,0.0002137079991371138,0.003986458001236315,0.9999999492880552,1.0142388695566495e-07,0.5383573399765251,0.0003184711753191769,0.0,0.0,0.8113404348515938,0.8868189000486201,1e-12
success,,B-B_1.70_sto-6g_as-002-006,hamiltonian_generator/b2_controlled_active_space_libraries/occ-002/B-B/1.70/sto-6g/B-B_1.70_sto-6g_as-002-006.tensors.npz,B-B,1.70,sto-6g,2,6,8,48,60,jw,random_groups,11,2370250520,60,576,0.3254237288135593,4,"[20,16,16,8]","[3,2,1,0]",c2dd8c8f48980984,f44c321b8747673b,100,0.01,1.0,6000,0.07337143235235814,0.0003668571617617907,1.0267981148141894,6.669997674180195e-07,1.38749983307207e-05,16,0.0034808340005838545,0.0002137079991371138,0.004019957999844337,0.9999999357953631,1.284092697728667e-07,0.5384608095832374,0.0003583423975483391,0.0,0.0,1.0272100183069763,1.000292800295974,1e-12
success,,B-B_1.70_sto-6g_as-002-006,hamiltonian_generator/b2_controlled_active_space_libraries/occ-002/B-B/1.70/sto-6g/B-B_1.70_sto-6g_as-002-006.tensors.npz,B-B,1.70,sto-6g,2,6,8,48,60,fermionic,random_groups,11,2357558068,48,288,0.2553191489361702,4,"[8,8,8,24]","[3,2,0,1]",0bacbd6320dce6b2,dcb6ceaa22c48b80,100,0.01,1.0,6000,0.06906066261381053,0.0003453033130690526,0.9096881756367691,6.67001586407423e-07,1.8250000721309334e-05,16,0.0034808340005838545,0.0002137079991371138,0.003973167000367539,0.9999999431130615,1.1377387376665382e-07,0.5384575265014229,0.0003373038348229984,0.0,0.0,0.9101341605744029,0.9948033408749078,1e-12
success,,B-B_1.70_sto-6g_as-002-006,hamiltonian_generator/b2_controlled_active_space_libraries/occ-002/B-B/1.70/sto-6g/B-B_1.70_sto-6g_as-002-006.tensors.npz,B-B,1.70,sto-6g,2,6,8,48,60,jw,random_groups,12,3288341200,60,576,0.3254237288135593,4,"[20,16,16,8]","[1,0,3,2]",48263037339acdf2,9e0e7ee813d14ba1,100,0.01,1.0,6000,0.06556017751036726,0.0003278008875518363,0.8198064093749883,5.829988367622718e-07,1.4291999832494184e-05,16,0.0034808340005838545,0.0002137079991371138,0.003939750000427011,0.9999999487885202,1.024229570045776e-07,0.5384559037906188,0.0003200358724723103,0.0,0.0,0.8193324962117181,0.7978625426180229,1e-12
success,,B-B_1.70_sto-6g_as-002-006,hamiltonian_generator/b2_controlled_active_space_libraries/occ-002/B-B/1.70/sto-6g/B-B_1.70_sto-6g_as-002-006.tensors.npz,B-B,1.70,sto-6g,2,6,8,48,60,fermionic,random_groups,12,2841370770,48,288,0.2553191489361702,4,"[8,8,8,24]","[3,2,1,0]",071907240ae197c2,9715a2aef1fd6ce3,100,0.01,1.0,6000,0.06941407101164565,0.00034707035505822826,0.919022405066193,6.249993020901456e-07,1.5124998753890395e-05,16,0.0034808340005838545,0.0002137079991371138,0.003952375000153552,0.9999999425306867,1.149386232857097e-07,0.5384578186490991,0.00033902599696244355,0.0,0.0,0.9194515749394929,1.004987548149204,1e-12
success,,B-B_1.70_sto-6g_as-002-006,hamiltonian_generator/b2_controlled_active_space_libraries/occ-002/B-B/1.70/sto-6g/B-B_1.70_sto-6g_as-002-006.tensors.npz,B-B,1.70,sto-6g,2,6,8,48,60,jw,random_groups,13,1179648578,60,576,0.3254237288135593,4,"[20,16,16,8]","[1,2,3,0]",9840c996adbecf26,43379a5a9017dedd,100,0.01,1.0,6000,0.06800924043126254,0.0003400462021563127,0.8821997220343346,5.830006557516754e-07,1.3332999515114352e-05,16,0.0034808340005838545,0.0002137079991371138,0.003926749999664025,0.9999999448838326,1.1023233181806091e-07,0.5383558215269661,0.00033201255219594193,0.0,0.0,0.8818035939705755,0.8586966351610108,1e-12
success,,B-B_1.70_sto-6g_as-002-006,hamiltonian_generator/b2_controlled_active_space_libraries/occ-002/B-B/1.70/sto-6g/B-B_1.70_sto-6g_as-002-006.tensors.npz,B-B,1.70,sto-6g,2,6,8,48,60,fermionic,random_groups,13,1155623150,48,288,0.2553191489361702,4,"[8,8,8,24]","[0,3,1,2]",c84c926a1ff28be6,9d44f419a6a8a788,100,0.01,1.0,6000,0.06541325566806055,0.0003270662783403028,0.8161361171391374,5.840010999236256e-07,1.279199932469055e-05,16,0.0034808340005838545,0.0002137079991371138,0.003960000000006403,0.9999999490316664,1.0193666455382555e-07,0.5384559577928868,0.0003192752215680674,0.0,0.0,0.8154423995066818,0.891302467768413,1e-12
success,,B-B_1.70_sto-6g_as-002-006,hamiltonian_generator/b2_controlled_active_space_libraries/occ-002/B-B/1.70/sto-6g/B-B_1.70_sto-6g_as-002-006.tensors.npz,B-B,1.70,sto-6g,2,6,8,48,60,jw,random_groups,14,2106878714,60,576,0.3254237288135593,4,"[20,16,16,8]","[2,1,0,3]",a155213d6bc62824,a5c59b5f3d872719,100,0.01,1.0,6000,0.06538421341194466,0.00032692106705972326,0.81541157982083,6.249993020901456e-07,1.2625001545529813e-05,16,0.0034808340005838545,0.0002137079991371138,0.003937624998798128,0.9999999490833426,1.0183331233815096e-07,0.5383571228944644,0.0003191133260953919,0.0,0.0,0.8146156334052707,0.7932692814336647,1e-12
success,,B-B_1.70_sto-6g_as-002-006,hamiltonian_generator/b2_controlled_active_space_libraries/occ-002/B-B/1.70/sto-6g/B-B_1.70_sto-6g_as-002-006.tensors.npz,B-B,1.70,sto-6g,2,6,8,48,60,fermionic,random_groups,14,3603334963,48,288,0.2553191489361702,4,"[8,8,8,24]","[1,3,0,2]",68f67fd235cfa293,0c5508b8c32f3b54,100,0.01,1.0,6000,0.06574891127751366,0.0003287445563875683,0.8245332990269427,5.840010999236256e-07,1.2541999240056612e-05,16,0.0034808340005838545,0.0002137079991371138,0.003990084000179195,0.9999999485089252,1.0298214703219344e-07,0.538456146185421,0.0003209083197686353,0.0,0.0,0.8238057371196399,0.900443841159985,1e-12
success,,B-B_1.70_sto-6g_as-002-006,hamiltonian_generator/b2_controlled_active_space_libraries/occ-002/B-B/1.70/sto-6g/B-B_1.70_sto-6g_as-002-006.tensors.npz,B-B,1.70,sto-6g,2,6,8,48,60,jw,random_groups,15,1315760101,60,576,0.3254237288135593,4,"[20,16,16,8]","[3,2,1,0]",c2dd8c8f48980984,f44c321b8747673b,100,0.01,1.0,6000,0.07337143235235814,0.0003668571617617907,1.0267981148141894,5.420006345957518e-07,1.445800080546178e-05,16,0.0034808340005838545,0.0002137079991371138,0.00395066599958227,0.9999999357953631,1.284092697728667e-07,0.5384608095832374,0.0003583423975483391,0.0,0.0,1.0272100183069763,1.000292800295974,1e-12
success,,B-B_1.70_sto-6g_as-002-006,hamiltonian_generator/b2_controlled_active_space_libraries/occ-002/B-B/1.70/sto-6g/B-B_1.70_sto-6g_as-002-006.tensors.npz,B-B,1.70,sto-6g,2,6,8,48,60,fermionic,random_groups,15,2179735699,48,288,0.2553191489361702,4,"[8,8,8,24]","[3,1,0,2]",99b2681750ffae01,0d63a40b67c677dd,100,0.01,1.0,6000,0.06596597852837702,0.00032982989264188507,0.8299866097836949,5.840010999236256e-07,1.4041999747860245e-05,16,0.0034808340005838545,0.0002137079991371138,0.003946249998989515,0.9999999481601984,1.0367960046053781e-07,0.5384564607581476,0.00032199317248207774,0.0,0.0,0.8293850161714181,0.9065421568598148,1e-12
success,,B-B_1.70_sto-6g_as-002-006,hamiltonian_generator/b2_controlled_active_space_libraries/occ-002/B-B/1.70/sto-6g/B-B_1.70_sto-6g_as-002-006.tensors.npz,B-B,1.70,sto-6g,2,6,8,48,60,jw,random_groups,16,2066638729,60,576,0.3254237288135593,4,"[20,16,16,8]","[0,3,2,1]",e7f2f0762171d285,a919a438ab01243d,100,0.01,1.0,6000,0.06800924043126254,0.0003400462021563127,0.8821997220343346,5.830006557516754e-07,1.3542001397581771e-05,16,0.0034808340005838545,0.0002137079991371138,0.004015832999357372,0.9999999448657328,1.1026853130591263e-07,0.5384572540404159,0.00033206706296095494,0.0,0.0,0.8820931717919013,0.8589786248268388,1e-12
success,,B-B_1.70_sto-6g_as-002-006,hamiltonian_generator/b2_controlled_active_space_libraries/occ-002/B-B/1.70/sto-6g/B-B_1.70_sto-6g_as-002-006.tensors.npz,B-B,1.70,sto-6g,2,6,8,48,60,fermionic,random_groups,16,3715935360,48,288,0.2553191489361702,4,"[8,8,8,24]","[1,0,3,2]",017c9a9b6212ea6e,664ad679f4a3af4d,100,0.01,1.0,6000,0.06564147686929125,0.00032820738434645626,0.8218409084657887,6.669997674180195e-07,1.6290998246404342e-05,16,0.0034808340005838545,0.0002137079991371138,0.004003625001132605,0.9999999486706636,1.026586702312926e-07,0.5384560285301649,0.0003204039214738607,0.0,0.0,0.8212180842876989,0.8976154606928518,1e-12
success,,B-B_1.70_sto-6g_as-002-006,hamiltonian_generator/b2_controlled_active_space_libraries/occ-002/B-B/1.70/sto-6g/B-B_1.70_sto-6g_as-002-006.tensors.npz,B-B,1.70,sto-6g,2,6,8,48,60,jw,random_groups,17,4142477477,60,576,0.3254237288135593,4,"[20,16,16,8]","[2,0,3,1]",02ab529f812b8184,429336af45521015,100,0.01,1.0,6000,0.06562120204536727,0.00032810601022683635,0.8213332993384983,5.829988367622718e-07,1.3374999980442226e-05,16,0.0034808340005838545,0.0002137079991371138,0.0040450409996992676,0.9999999487183681,1.0256326121727e-07,0.5383570676545516,0.0003202549982151805,0.0,0.0,0.8204548598319088,0.7989554955960723,1e-12
success,,B-B_1.70_sto-6g_as-002-006,hamiltonian_generator/b2_controlled_active_space_libraries/occ-002/B-B/1.70/sto-6g/B-B_1.70_sto-6g_as-002-006.tensors.npz,B-B,1.70,sto-6g,2,6,8,48,60,fermionic,random_groups,17,3608338540,48,288,0.2553191489361702,4,"[8,8,8,24]","[3,1,2,0]",585f3e3edc833656,bcdda8e3e501c2df,100,0.01,1.0,6000,0.06870394641529973,0.0003435197320764986,0.9003148962318527,6.669997674180195e-07,1.8291999367647804e-05,16,0.0034808340005838545,0.0002137079991371138,0.004031707998365164,0.9999999437467441,1.125065087759225e-07,0.5384581912169968,0.00033541990382883805,0.0,0.0,0.8999958736918945,0.9837218958546458,1e-12
success,,B-B_1.70_sto-6g_as-002-006,hamiltonian_generator/b2_controlled_active_space_libraries/occ-002/B-B/1.70/sto-6g/B-B_1.70_sto-6g_as-002-006.tensors.npz,B-B,1.70,sto-6g,2,6,8,48,60,jw,random_groups,18,3424957775,60,576,0.3254237288135593,4,"[20,16,16,8]","[1,0,2,3]",75c595a7eda27ebf,ac7db83657c1de28,100,0.01,1.0,6000,0.0730070326236924,0.00036503516311846203,1.0166242420671738,6.249993020901456e-07,1.4958000974729657e-05,16,0.0034808340005838545,0.0002137079991371138,0.004010291000668076,0.9999999364500987,1.2709979868574806e-07,0.5383525800756218,0.00035651059266528245,0.0,0.0,1.0167349036851827,0.9900921776854924,1e-12
success,,B-B_1.70_sto-6g_as-002-006,hamiltonian_generator/b2_controlled_active_space_libraries/occ-002/B-B/1.70/sto-6g/B-B_1.70_sto-6g_as-002-006.tensors.npz,B-B,1.70,sto-6g,2,6,8,48,60,fermionic,random_groups,18,2155654932,48,288,0.2553191489361702,4,"[8,8,8,24]","[3,0,2,1]",716133d84779e53e,87aca7be5f640c39,100,0.01,1.0,6000,0.06572945101614291,0.0003286472550807146,0.8240452830700153,6.659993232460693e-07,1.4457998986472376e-05,16,0.0034808340005838545,0.0002137079991371138,0.003944957999920007,0.9999999485063371,1.0298732311397885e-07,0.5384557881648069,0.00032091638440334284,0.0,0.0,0.8238471431884926,0.9004890992080965,1e-12
success,,B-B_1.70_sto-6g_as-002-006,hamiltonian_generator/b2_controlled_active_space_libraries/occ-002/B-B/1.70/sto-6g/B-B_1.70_sto-6g_as-002-006.tensors.npz,B-B,1.70,sto-6g,2,6,8,48,60,jw,random_groups,19,3978060322,60,576,0.3254237288135593,4,"[20,16,16,8]","[2,1,0,3]",a155213d6bc62824,a5c59b5f3d872719,100,0.01,1.0,6000,0.06538421341194466,0.00032692106705972326,0.81541157982083,5.420006345957518e-07,1.3374999980442226e-05,16,0.0034808340005838545,0.0002137079991371138,0.003922957999748178,0.9999999490833426,1.0183331233815096e-07,0.5383571228944644,0.0003191133260953919,0.0,0.0,0.8146156334052707,0.7932692814336647,1e-12
success,,B-B_1.70_sto-6g_as-002-006,hamiltonian_generator/b2_controlled_active_space_libraries/occ-002/B-B/1.70/sto-6g/B-B_1.70_sto-6g_as-002-006.tensors.npz,B-B,1.70,sto-6g,2,6,8,48,60,fermionic,random_groups,19,2883741422,48,288,0.2553191489361702,4,"[8,8,8,24]","[3,1,2,0]",585f3e3edc833656,bcdda8e3e501c2df,100,0.01,1.0,6000,0.06870394641529973,0.0003435197320764986,0.9003148962318527,5.420006345957518e-07,1.3249999028630555e-05,16,0.0034808340005838545,0.0002137079991371138,0.003996790999735822,0.9999999437467441,1.125065087759225e-07,0.5384581912169968,0.00033541990382883805,0.0,0.0,0.8999958736918945,0.9837218958546458,1e-12
success,,B-B_1.70_sto-6g_as-002-008,hamiltonian_generator/b2_controlled_active_space_libraries/occ-002/B-B/1.70/sto-6g/B-B_1.70_sto-6g_as-002-008.tensors.npz,B-B,1.70,sto-6g,2,8,10,93,131,baseline,jw_raw,-1,-1,,,,,[],[],4f53cda18c2baa0c,5790ae44b9aecc4e,100,0.01,1.0,13100,0.07655525091866042,0.0003827762545933021,1.0,1.4159995771478862e-06,5.0583999836817384e-05,25,0.007249209000292467,0.0002444159999868134,0.026315166000131285,0.9999999301348972,1.3973020074331544e-07,1.5674140608944107,0.0003738050369220521,0.0,0.0,1.0,,1e-12
success,,B-B_1.70_sto-6g_as-002-008,hamiltonian_generator/b2_controlled_active_space_libraries/occ-002/B-B/1.70/sto-6g/B-B_1.70_sto-6g_as-002-008.tensors.npz,B-B,1.70,sto-6g,2,8,10,93,131,jw,current,-1,-1,131,3136,0.3682912507339988,8,"[23,16,16,14,24,18,14,6]","[0,1,2,3,4,5,6,7]",439149f596c4fc87,1054fbd4059a6d3e,100,0.01,1.0,13100,0.08391108355399443,0.00041955541776997216,1.2014029386085492,1.708000127109699e-06,5.545800013351254e-05,25,0.007249209000292467,0.0002444159999868134,0.02633616700040875,0.9999999149239408,1.7015211117854534e-07,1.5673453973815006,0.0004124949919635328,0.0,0.0,1.217718934585337,1.0,1e-12
success,,B-B_1.70_sto-6g_as-002-008,hamiltonian_generator/b2_controlled_active_space_libraries/occ-002/B-B/1.70/sto-6g/B-B_1.70_sto-6g_as-002-008.tensors.npz,B-B,1.70,sto-6g,2,8,10,93,131,fermionic,current,-1,-1,93,1560,0.364656381486676,12,"[11,9,6,8,8,6,6,19,6,4,2,8]","[0,1,2,3,4,5,6,7,8,9,10,11]",b21fd60f167a4321,a3665a59314e178b,100,0.01,1.0,13100,0.19411089131189535,0.0009705544565594767,6.429094937777301,1.583999619469978e-06,3.887499951815698e-05,25,0.007249209000292467,0.0002444159999868134,0.026359125000453787,0.9999995503656811,8.992684356057268e-07,1.5674713204998145,0.0009482977579733802,0.0,0.0,6.435748541274081,1.0,1e-12
success,,B-B_1.70_sto-6g_as-002-008,hamiltonian_generator/b2_controlled_active_space_libraries/occ-002/B-B/1.70/sto-6g/B-B_1.70_sto-6g_as-002-008.tensors.npz,B-B,1.70,sto-6g,2,8,10,93,131,jw,reverse_groups,-1,-1,131,3136,0.3682912507339988,8,"[23,16,16,14,24,18,14,6]","[7,6,5,4,3,2,1,0]",4c9587f332544089,194348c8638ec8f1,100,0.01,1.0,13100,0.08391108355399443,0.00041955541776997216,1.2014029386085492,1.4999986888142303e-06,4.604199966706801e-05,25,0.007249209000292467,0.0002444159999868134,0.02637158399920736,0.9999999149316076,1.7013677766630764e-07,1.56740983765698,0.00041247640524369065,0.0,0.0,1.2176091980204704,0.9999098835028758,1e-12
success,,B-B_1.70_sto-6g_as-002-008,hamiltonian_generator/b2_controlled_active_space_libraries/occ-002/B-B/1.70/sto-6g/B-B_1.70_sto-6g_as-002-008.tensors.npz,B-B,1.70,sto-6g,2,8,10,93,131,fermionic,reverse_groups,-1,-1,93,1560,0.364656381486676,12,"[11,9,6,8,8,6,6,19,6,4,2,8]","[11,10,9,8,7,6,5,4,3,2,1,0]",549ed4ba0123479b,dd9e1dff7351e192,100,0.01,1.0,13100,0.051354630311111975,0.0002567731515555599,0.44999661387960865,1.6249996406259015e-06,5.3375000788946636e-05,25,0.007249209000292467,0.0002444159999868134,0.026607750000039232,0.9999999680778988,6.384420137006686e-08,1.5673531658436293,0.0002526741030839282,0.0,0.0,0.456910539242327,0.07099571033766225,1e-12
success,,B-B_1.70_sto-6g_as-002-008,hamiltonian_generator/b2_controlled_active_space_libraries/occ-002/B-B/1.70/sto-6g/B-B_1.70_sto-6g_as-002-008.tensors.npz,B-B,1.70,sto-6g,2,8,10,93,131,jw,random_groups,0,3863595860,131,3136,0.3682912507339988,8,"[23,16,16,14,24,18,14,6]","[2,1,0,7,5,3,4,6]",dde52f1bcdedb4cf,db489620cdba4a95,100,0.01,1.0,13100,0.06924599177409403,0.00034622995887047015,0.8181620122478253,1.4590004866477102e-06,4.28749990533106e-05,25,0.007249209000292467,0.0002444159999868134,0.02622733399948629,0.9999999398470775,1.2030584140010347e-07,1.5673455481494043,0.00034685132991505086,5.654933188381506e-10,5.654933188381506e-10,0.8609866783280836,0.7070487728116591,1e-12
success,,B-B_1.70_sto-6g_as-002-008,hamiltonian_generator/b2_controlled_active_space_libraries/occ-002/B-B/1.70/sto-6g/B-B_1.70_sto-6g_as-002-008.tensors.npz,B-B,1.70,sto-6g,2,8,10,93,131,fermionic,random_groups,0,1490640156,93,1560,0.364656381486676,12,"[11,9,6,8,8,6,6,19,6,4,2,8]","[4,7,5,11,3,10,1,2,6,8,9,0]",3a86e01e074acbd8,e56426eef85014aa,100,0.01,1.0,13100,0.07708078924465063,0.00038540394622325316,1.0137767738653098,1.6670001059537753e-06,4.604199966706801e-05,25,0.007249209000292467,0.0002444159999868134,0.026449124999999185,0.999999928965681,1.4206863296895023e-07,1.5674116919738947,0.0003769199357488986,0.0,0.0,1.016735338625402,0.15798245256240537,1e-12
success,,B-B_1.70_sto-6g_as-002-008,hamiltonian_generator/b2_controlled_active_space_libraries/occ-002/B-B/1.70/sto-6g/B-B_1.70_sto-6g_as-002-008.tensors.npz,B-B,1.70,sto-6g,2,8,10,93,131,jw,random_groups,1,577676540,131,3136,0.3682912507339988,8,"[23,16,16,14,24,18,14,6]","[5,0,6,7,4,1,2,3]",918e40925c503f56,10ccee4aac7712b6,100,0.01,1.0,13100,0.09499846763545118,0.00047499233817725593,1.539867069016162,1.708000127109699e-06,4.537499989964999e-05,25,0.007249209000292467,0.0002444159999868134,0.026363499999206397,0.9999998892671774,2.214656329435627e-07,1.5673444898282338,0.00047060136544215,1.574260721781684e-10,1.5742618320047086e-10,1.5849517982901589,1.3015744054516765,1e-12
success,,B-B_1.70_sto-6g_as-002-008,hamiltonian_generator/b2_controlled_active_space_libraries/occ-002/B-B/1.70/sto-6g/B-B_1.70_sto-6g_as-002-008.tensors.npz,B-B,1.70,sto-6g,2,8,10,93,131,fermionic,random_groups,1,1623456735,93,1560,0.364656381486676,12,"[11,9,6,8,8,6,6,19,6,4,2,8]","[2,6,9,10,3,1,5,0,4,8,11,7]",f6b12c21bce2a6f7,102ce50b47acab57,100,0.01,1.0,13100,0.21547765429676916,0.0010773882714838457,7.92235884036796,1.541999154142104e-06,3.895800000464078e-05,25,0.007249209000292467,0.0002444159999868134,0.026365084000644856,0.999999445749149,1.1085013947864653e-06,1.567473803408021,0.0010528540744021348,0.0,0.0,7.933155387236463,1.2326701915649958,1e-12
success,,B-B_1.70_sto-6g_as-002-008,hamiltonian_generator/b2_controlled_active_space_libraries/occ-002/B-B/1.70/sto-6g/B-B_1.70_sto-6g_as-002-008.tensors.npz,B-B,1.70,sto-6g,2,8,10,93,131,jw,random_groups,2,4244961239,131,3136,0.3682912507339988,8,"[23,16,16,14,24,18,14,6]","[2,3,4,5,0,1,6,7]",c50058a4691881a0,0cc289adca711b69,100,0.01,1.0,13100,0.20764556252964567,0.0010382278126482283,7.356908259436841,1.5000005078036338e-06,4.070800059707835e-05,25,0.007249209000292467,0.0002444159999868134,0.026315041999623645,0.9999994823137471,1.0353722377232089e-06,1.5674654382354656,0.001017532557577912,0.0,0.0,7.409795679211748,6.084980260026065,1e-12
success,,B-B_1.70_sto-6g_as-002-008,hamiltonian_generator/b2_controlled_active_space_libraries/occ-002/B-B/1.70/sto-6g/B-B_1.70_sto-6g_as-002-008.tensors.npz,B-B,1.70,sto-6g,2,8,10,93,131,fermionic,random_groups,2,3181418970,93,1560,0.364656381486676,12,"[11,9,6,8,8,6,6,19,6,4,2,8]","[3,10,6,7,8,11,0,4,2,1,5,9]",df2ba49a45fee0a4,978ade8338aeb506,100,0.01,1.0,13100,0.06425325674067425,0.00032126628370337124,0.704434020332093,1.5840014384593815e-06,4.475000059755985e-05,25,0.007249209000292467,0.0002444159999868134,0.026277334000042174,0.9999999502517692,9.949645907170179e-08,1.5673493120244615,0.0003154305969848081,0.0,0.0,0.712061233308302,0.11064155610519481,1e-12
success,,B-B_1.70_sto-6g_as-002-008,hamiltonian_generator/b2_controlled_active_space_libraries/occ-002/B-B/1.70/sto-6g/B-B_1.70_sto-6g_as-002-008.tensors.npz,B-B,1.70,sto-6g,2,8,10,93,131,jw,random_groups,3,1843340388,131,3136,0.3682912507339988,8,"[23,16,16,14,24,18,14,6]","[0,4,7,1,3,6,5,2]",80ecd06d9b312343,eb7363fa4b987ac0,100,0.01,1.0,13100,0.10947345099935867,0.0005473672549967933,2.044879160868941,1.7499987734481692e-06,4.558299951895606e-05,25,0.007249209000292467,0.0002444159999868134,0.026306333000320592,0.999999854223665,2.915526488012077e-07,1.567405164741867,0.0005399561741534839,2.5850577234365346e-10,2.5850577234365346e-10,2.08653996952878,1.7134824057238607,1e-12
success,,B-B_1.70_sto-6g_as-002-008,hamiltonian_generator/b2_controlled_active_space_libraries/occ-002/B-B/1.70/sto-6g/B-B_1.70_sto-6g_as-002-008.tensors.npz,B-B,1.70,sto-6g,2,8,10,93,131,fermionic,random_groups,3,2939670949,93,1560,0.364656381486676,12,"[11,9,6,8,8,6,6,19,6,4,2,8]","[2,5,8,1,6,10,9,11,4,0,3,7]",f8169291c2a3e167,5cabdc2cf933155e,100,0.01,1.0,13100,0.6700556136606619,0.0033502780683033096,76.60757790003932,1.333999534836039e-06,4.245899981469847e-05,25,0.007249209000292467,0.0002444159999868134,0.02618412499941769,0.9999946531682607,1.0693634889924475e-05,1.5670517627208667,0.003270116737748123,0.0,0.0,76.53059133271194,11.891482527930034,1e-12
success,,B-B_1.70_sto-6g_as-002-008,hamiltonian_generator/b2_controlled_active_space_libraries/occ-002/B-B/1.70/sto-6g/B-B_1.70_sto-6g_as-002-008.tensors.npz,B-B,1.70,sto-6g,2,8,10,93,131,jw,random_groups,4,3855820938,131,3136,0.3682912507339988,8,"[23,16,16,14,24,18,14,6]","[2,6,7,3,0,4,1,5]",7c92b6452f624018,2e7b9040ffb7f63f,100,0.01,1.0,13100,0.12070319105106388,0.0006035159552553194,2.4859222128019267,1.4159995771478862e-06,4.091600021638442e-05,25,0.007249209000292467,0.0002444159999868134,0.02630200000021432,0.9999998202043126,3.5959134259133663e-07,1.5674028933954314,0.0005996593823987303,0.0,0.0,2.573469018712042,2.1133522240814715,1e-12
success,,B-B_1.70_sto-6g_as-002-008,hamiltonian_generator/b2_controlled_active_space_libraries/occ-002/B-B/1.70/sto-6g/B-B_1.70_sto-6g_as-002-008.tensors.npz,B-B,1.70,sto-6g,2,8,10,93,131,fermionic,random_groups,4,2810317451,93,1560,0.364656381486676,12,"[11,9,6,8,8,6,6,19,6,4,2,8]","[9,2,5,7,8,4,10,1,6,11,0,3]",b256d1f977d64cca,de493fc670d68973,100,0.01,1.0,13100,0.5452572027444965,0.0027262860137224824,50.72859731589879,1.5840014384593815e-06,4.254200030118227e-05,25,0.007249209000292467,0.0002444159999868134,0.026219166998998844,0.9999964565162431,7.0869549574359425e-06,1.5671156654389786,0.0026621358931739913,0.0,0.0,50.71884903718623,7.880800300371191,1e-12
success,,B-B_1.70_sto-6g_as-002-008,hamiltonian_generator/b2_controlled_active_space_libraries/occ-002/B-B/1.70/sto-6g/B-B_1.70_sto-6g_as-002-008.tensors.npz,B-B,1.70,sto-6g,2,8,10,93,131,jw,random_groups,5,4254074083,131,3136,0.3682912507339988,8,"[23,16,16,14,24,18,14,6]","[3,5,4,6,0,1,7,2]",06da100f4a590f7f,f7d3f8e8b7674ae4,100,0.01,1.0,13100,0.1236660593122453,0.0006183302965612265,2.6094625919225813,1.5409987099701539e-06,4.000000080850441e-05,25,0.007249209000292467,0.0002444159999868134,0.02630091600076412,0.9999998122413095,3.7551734566321215e-07,1.5674060601503497,0.0006127947298796754,0.0,0.0,2.687445832508593,2.2069508457004767,1e-12
success,,B-B_1.70_sto-6g_as-002-008,hamiltonian_generator/b2_controlled_active_space_libraries/occ-002/B-B/1.70/sto-6g/B-B_1.70_sto-6g_as-002-008.tensors.npz,B-B,1.70,sto-6g,2,8,10,93,131,fermionic,random_groups,5,2299610566,93,1560,0.364656381486676,12,"[11,9,6,8,8,6,6,19,6,4,2,8]","[4,5,7,2,3,11,9,0,8,10,6,1]",d24020b8bb04c21e,67b3cb757f5d0b09,100,0.01,1.0,13100,0.08538514854167831,0.0004269257427083915,1.2439837521498545,1.45800004247576e-06,3.945800017390866e-05,25,0.007249209000292467,0.0002444159999868134,0.026261416998750065,0.9999999122856509,1.7542869057418642e-07,1.5674159825203946,0.00041884209224327644,0.0,0.0,1.2554815611869703,0.19507933741277336,1e-12
success,,B-B_1.70_sto-6g_as-002-008,hamiltonian_generator/b2_controlled_active_space_libraries/occ-002/B-B/1.70/sto-6g/B-B_1.70_sto-6g_as-002-008.tensors.npz,B-B,1.70,sto-6g,2,8,10,93,131,jw,random_groups,6,1100432278,131,3136,0.3682912507339988,8,"[23,16,16,14,24,18,14,6]","[3,6,7,0,5,2,4,1]",217c2359749bdcb8,eb0382c6f62f8f86,100,0.01,1.0,13100,0.12056678846017826,0.0006028339423008913,2.480306874339389,1.4999986888142303e-06,3.991599987784866e-05,25,0.007249209000292467,0.0002444159999868134,0.026321916999222594,0.9999998216978915,3.566041852920421e-07,1.567402242981705,0.00059716347597992,7.01882996168024e-13,7.01882996168024e-13,2.552090982443548,2.095796418992694,1e-12
success,,B-B_1.70_sto-6g_as-002-008,hamiltonian_generator/b2_controlled_active_space_libraries/occ-002/B-B/1.70/sto-6g/B-B_1.70_sto-6g_as-002-008.tensors.npz,B-B,1.70,sto-6g,2,8,10,93,131,fermionic,random_groups,6,2946917543,93,1560,0.364656381486676,12,"[11,9,6,8,8,6,6,19,6,4,2,8]","[11,0,1,2,4,9,6,7,5,10,3,8]",da589700878d5d4a,65bd81442bda86ae,100,0.01,1.0,13100,0.1956485541187966,0.000978242770593983,6.531355409050464,1.45800004247576e-06,3.983300121035427e-05,25,0.007249209000292467,0.0002444159999868134,0.02628079200076172,0.9999995444853548,9.110290829505985e-07,1.5674727056531657,0.0009544785437354167,0.0,0.0,6.519915366214639,1.0130780163955715,1e-12
success,,B-B_1.70_sto-6g_as-002-008,hamiltonian_generator/b2_controlled_active_space_libraries/occ-002/B-B/1.70/sto-6g/B-B_1.70_sto-6g_as-002-008.tensors.npz,B-B,1.70,sto-6g,2,8,10,93,131,jw,random_groups,7,1399658232,131,3136,0.3682912507339988,8,"[23,16,16,14,24,18,14,6]","[7,0,1,3,6,5,2,4]",42770355a606c8eb,eef13ba8ee91346c,100,0.01,1.0,13100,0.07473942940716657,0.0003736971470358329,0.9531243992901092,1.4170000213198364e-06,4.1500001316308044e-05,25,0.007249209000292467,0.0002444159999868134,0.026241292000122485,0.9999999314923371,1.370153210888958e-07,1.5673432847255395,0.00037015581280297694,7.47957251689968e-13,7.47957251689968e-13,0.9805705592636564,0.8052519603775108,1e-12
success,,B-B_1.70_sto-6g_as-002-008,hamiltonian_generator/b2_controlled_active_space_libraries/occ-002/B-B/1.70/sto-6g/B-B_1.70_sto-6g_as-002-008.tensors.npz,B-B,1.70,sto-6g,2,8,10,93,131,fermionic,random_groups,7,1428735356,93,1560,0.364656381486676,12,"[11,9,6,8,8,6,6,19,6,4,2,8]","[2,4,7,8,3,9,11,0,10,1,6,5]",4563682bda79062a,537443bcee996d31,100,0.01,1.0,13100,0.07804149779380373,0.00039020748896901865,1.0392049895191495,1.5409987099701539e-06,3.9958000343176536e-05,25,0.007249209000292467,0.0002444159999868134,0.026275000000168802,0.9999999269382176,1.461235594746313e-07,1.5674126056180757,0.00038226112122958806,0.0,0.0,1.045755024306166,0.16249159170832653,1e-12
success,,B-B_1.70_sto-6g_as-002-008,hamiltonian_generator/b2_controlled_active_space_libraries/occ-002/B-B/1.70/sto-6g/B-B_1.70_sto-6g_as-002-008.tensors.npz,B-B,1.70,sto-6g,2,8,10,93,131,jw,random_groups,8,906734225,131,3136,0.3682912507339988,8,"[23,16,16,14,24,18,14,6]","[3,2,6,0,5,7,1,4]",c67c709b8b7b76d3,dbc2b1c92e6443e2,100,0.01,1.0,13100,0.12984821326546636,0.0006492410663273318,2.876881592959157,1.3330009096534923e-06,4.158299998380244e-05,25,0.007249209000292467,0.0002444159999868134,0.026326208000682527,0.9999997954295188,4.0914092058752516e-07,1.5673440634769151,0.0006396412763752298,5.902733857254816e-11,5.902744959485062e-11,2.928077956025538,2.404559765692253,1e-12
success,,B-B_1.70_sto-6g_as-002-008,hamiltonian_generator/b2_controlled_active_space_libraries/occ-002/B-B/1.70/sto-6g/B-B_1.70_sto-6g_as-002-008.tensors.npz,B-B,1.70,sto-6g,2,8,10,93,131,fermionic,random_groups,8,3208003790,93,1560,0.364656381486676,12,"[11,9,6,8,8,6,6,19,6,4,2,8]","[7,6,8,11,3,5,4,9,2,10,0,1]",237477fb2e5bdce4,48a9f95452c5f914,100,0.01,1.0,13100,0.1760962775076393,0.0008804813875381964,5.291153763199746,1.5000005078036338e-06,4.0458000512444414e-05,25,0.007249209000292467,0.0002444159999868134,0.02639991599971836,0.9999996301209405,7.397579822043809e-07,1.567293761122674,0.0008600919247288964,0.0,0.0,5.294188216070178,0.8226219812842611,1e-12
success,,B-B_1.70_sto-6g_as-002-008,hamiltonian_generator/b2_controlled_active_space_libraries/occ-002/B-B/1.70/sto-6g/B-B_1.70_sto-6g_as-002-008.tensors.npz,B-B,1.70,sto-6g,2,8,10,93,131,jw,random_groups,9,3454705621,131,3136,0.3682912507339988,8,"[23,16,16,14,24,18,14,6]","[1,3,7,0,6,4,5,2]",d1347e808ff7dab1,cbfb4ce6ae7d4d24,100,0.01,1.0,13100,0.12770143097145703,0.0006385071548572852,2.782540915528376,1.4589986676583067e-06,4.025000089313835e-05,25,0.007249209000292467,0.0002444159999868134,0.026237832998958766,0.9999998011896454,3.9762066972315324e-07,1.5673390164434706,0.0006305717320393398,0.0,0.0,2.84563156431431,2.336854165188223,1e-12
success,,B-B_1.70_sto-6g_as-002-008,hamiltonian_generator/b2_controlled_active_space_libraries/occ-002/B-B/1.70/sto-6g/B-B_1.70_sto-6g_as-002-008.tensors.npz,B-B,1.70,sto-6g,2,8,10,93,131,fermionic,random_groups,9,272585847,93,1560,0.364656381486676,12,"[11,9,6,8,8,6,6,19,6,4,2,8]","[8,1,4,3,2,10,9,11,7,6,5,0]",1970d9ac9bd758ce,6b7f4f7d70bfedd4,100,0.01,1.0,13100,0.06893748015663928,0.0003446874007831964,0.8108879392595444,1.5000005078036338e-06,3.833399932773318e-05,25,0.007249209000292467,0.0002444159999868134,0.026366792000771966,0.9999999433006086,1.133987795887137e-07,1.5674111243702606,0.00033674735753730936,0.0,0.0,0.8115552613928281,0.12610114521848068,1e-12
success,,B-B_1.70_sto-6g_as-002-008,hamiltonian_generator/b2_controlled_active_space_libraries/occ-002/B-B/1.70/sto-6g/B-B_1.70_sto-6g_as-002-008.tensors.npz,B-B,1.70,sto-6g,2,8,10,93,131,jw,random_groups,10,2861871759,131,3136,0.3682912507339988,8,"[23,16,16,14,24,18,14,6]","[6,3,4,5,2,1,0,7]",ca0c0fd96d9b52df,bf78b9a8a390c0b7,100,0.01,1.0,13100,0.12766188158001487,0.0006383094079000744,2.7808176653185397,1.541999154142104e-06,3.937499968742486e-05,25,0.007249209000292467,0.0002444159999868134,0.02624962499976391,0.9999998010418331,3.97916294248013e-07,1.5674073902115575,0.0006308060984827073,0.0,0.0,2.84774724527152,2.338591578393455,1e-12
success,,B-B_1.70_sto-6g_as-002-008,hamiltonian_generator/b2_controlled_active_space_libraries/occ-002/B-B/1.70/sto-6g/B-B_1.70_sto-6g_as-002-008.tensors.npz,B-B,1.70,sto-6g,2,8,10,93,131,fermionic,random_groups,10,1262043886,93,1560,0.364656381486676,12,"[11,9,6,8,8,6,6,19,6,4,2,8]","[8,4,9,10,3,7,5,0,11,1,2,6]",4b752e227af446ae,697293d8a75145e4,100,0.01,1.0,13100,0.0700110933825719,0.0003500554669128595,0.8363417011432792,1.333999534836039e-06,4.037500002596062e-05,25,0.007249209000292467,0.0002444159999868134,0.026252625000779517,0.9999999412878072,1.1742438210671224e-07,1.5674107876402577,0.00034267241725648655,0.0,0.0,0.8403650855867658,0.13057767564989406,1e-12
success,,B-B_1.70_sto-6g_as-002-008,hamiltonian_generator/b2_controlled_active_space_libraries/occ-002/B-B/1.70/sto-6g/B-B_1.70_sto-6g_as-002-008.tensors.npz,B-B,1.70,sto-6g,2,8,10,93,131,jw,random_groups,11,2236988554,131,3136,0.3682912507339988,8,"[23,16,16,14,24,18,14,6]","[0,7,5,4,3,6,1,2]",ba278879dc145205,3c52ce7ff4c2959c,100,0.01,1.0,13100,0.09785746764394268,0.0004892873382197134,1.6339470448592408,1.4160013961372897e-06,3.8875001337146387e-05,25,0.007249209000292467,0.0002444159999868134,0.026249208000081126,0.9999998845032433,2.309935001054697e-07,1.5674134446320551,0.0004806178455156924,0.0,0.0,1.6531393991897647,1.3575705790866257,1e-12
success,,B-B_1.70_sto-6g_as-002-008,hamiltonian_generator/b2_controlled_active_space_libraries/occ-002/B-B/1.70/sto-6g/B-B_1.70_sto-6g_as-002-008.tensors.npz,B-B,1.70,sto-6g,2,8,10,93,131,fermionic,random_groups,11,139537594,93,1560,0.364656381486676,12,"[11,9,6,8,8,6,6,19,6,4,2,8]","[4,11,10,9,3,1,8,7,2,0,6,5]",8a747a9e96136f62,cf94c1a726075a86,100,0.01,1.0,13100,0.0755946075839234,0.000377973037919617,0.9750607287930624,1.3749995559919626e-06,3.9999998989515007e-05,25,0.007249209000292467,0.0002444159999868134,0.02628362500036019,0.9999999315844662,1.368310629246139e-07,1.5674112642112374,0.00036990683636228,0.0,0.0,0.9792518882583783,0.15215819604793268,1e-12
success,,B-B_1.70_sto-6g_as-002-008,hamiltonian_generator/b2_controlled_active_space_libraries/occ-002/B-B/1.70/sto-6g/B-B_1.70_sto-6g_as-002-008.tensors.npz,B-B,1.70,sto-6g,2,8,10,93,131,jw,random_groups,12,899667733,131,3136,0.3682912507339988,8,"[23,16,16,14,24,18,14,6]","[7,4,3,0,6,2,1,5]",4e8f706c5bfedf0e,2d4c56fb77a718eb,100,0.01,1.0,13100,0.07272164904574788,0.0003636082452287394,0.9023550814512713,1.375001374981366e-06,4.158299998380244e-05,25,0.007249209000292467,0.0002444159999868134,0.02631450000080804,0.9999999363736266,1.272527427875758e-07,1.567408280040921,0.0003567250296578286,4.747685578010419e-10,4.747685578010419e-10,0.9107032131252661,0.7478763672467512,1e-12
success,,B-B_1.70_sto-6g_as-002-008,hamiltonian_generator/b2_controlled_active_space_libraries/occ-002/B-B/1.70/sto-6g/B-B_1.70_sto-6g_as-002-008.tensors.npz,B-B,1.70,sto-6g,2,8,10,93,131,fermionic,random_groups,12,3903957869,93,1560,0.364656381486676,12,"[11,9,6,8,8,6,6,19,6,4,2,8]","[11,9,1,0,5,2,10,6,8,4,7,3]",b948aed758ac5e5d,a4a5a75a74fdb140,100,0.01,1.0,13100,0.19731940192915254,0.0009865970096457628,6.64338791831604,1.2910004443256184e-06,3.8374999348889105e-05,25,0.007249209000292467,0.0002444159999868134,0.026199292000455898,0.9999995361520349,9.276957151360676e-07,1.567472584744039,0.0009631697307833598,0.0,0.0,6.639192602608837,1.031611561581379,1e-12
success,,B-B_1.70_sto-6g_as-002-008,hamiltonian_generator/b2_controlled_active_space_libraries/occ-002/B-B/1.70/sto-6g/B-B_1.70_sto-6g_as-002-008.tensors.npz,B-B,1.70,sto-6g,2,8,10,93,131,jw,random_groups,13,2702692091,131,3136,0.3682912507339988,8,"[23,16,16,14,24,18,14,6]","[2,5,3,4,0,7,1,6]",94e81411e96cd732,c8fc9c3a76877b4b,100,0.01,1.0,13100,0.20858749730936393,0.0010429374865468196,7.423805381708601,1.45800004247576e-06,3.887499951815698e-05,25,0.007249209000292467,0.0002444159999868134,0.026304041000912548,0.9999994769518743,1.0460959778413326e-06,1.5674641204007949,0.0010227884685506997,5.502711619698175e-10,5.502711619698175e-10,7.48654172309544,6.14800469177626,1e-12
success,,B-B_1.70_sto-6g_as-002-008,hamiltonian_generator/b2_controlled_active_space_libraries/occ-002/B-B/1.70/sto-6g/B-B_1.70_sto-6g_as-002-008.tensors.npz,B-B,1.70,sto-6g,2,8,10,93,131,fermionic,random_groups,13,1617491566,93,1560,0.364656381486676,12,"[11,9,6,8,8,6,6,19,6,4,2,8]","[7,5,3,8,6,4,0,10,11,9,2,1]",cd232cb1ee8c27b0,5b1260d7462825df,100,0.01,1.0,13100,0.08517916030529445,0.00042589580152647223,1.237988870558392,1.3749995559919626e-06,3.945800017390866e-05,25,0.007249209000292467,0.0002444159999868134,0.027555708998988848,0.9999999126546812,1.7469062985053796e-07,1.5674124961453488,0.0004179600908114037,0.0,0.0,1.2501995196546298,0.19425860280848212,1e-12
success,,B-B_1.70_sto-6g_as-002-008,hamiltonian_generator/b2_controlled_active_space_libraries/occ-002/B-B/1.70/sto-6g/B-B_1.70_sto-6g_as-002-008.tensors.npz,B-B,1.70,sto-6g,2,8,10,93,131,jw,random_groups,14,455463373,131,3136,0.3682912507339988,8,"[23,16,16,14,24,18,14,6]","[4,0,5,6,1,2,3,7]",8d17769af10cf718,1d0280bf973c819a,100,0.01,1.0,13100,0.12621032714088656,0.0006310516357044328,2.7179396940175704,1.4159995771478862e-06,3.779199869313743e-05,25,0.007249209000292467,0.0002444159999868134,0.028678583001237712,0.9999998029804815,3.9403899809720144e-07,1.567349132464301,0.000627725287809092,7.508405008849195e-11,7.508405008849195e-11,2.819998797690498,2.3158043433485545,1e-12
success,,B-B_1.70_sto-6g_as-002-008,hamiltonian_generator/b2_controlled_active_space_libraries/occ-002/B-B/1.70/sto-6g/B-B_1.70_sto-6g_as-002-008.tensors.npz,B-B,1.70,sto-6g,2,8,10,93,131,fermionic,random_groups,14,3402879609,93,1560,0.364656381486676,12,"[11,9,6,8,8,6,6,19,6,4,2,8]","[8,5,0,4,10,9,11,2,6,7,3,1]",d80da36c35f61ced,1c23ad690b767719,100,0.01,1.0,13100,0.6758570509121915,0.0033792852545609575,77.93987938028025,1.3329990906640887e-06,3.945800017390866e-05,25,0.007249209000292467,0.0002444159999868134,0.026222124999549123,0.9999945561128123,1.0887744739451755e-05,1.5677037593923935,0.003299662766922115,0.0,0.0,77.91976739124962,12.107335594535815,1e-12
success,,B-B_1.70_sto-6g_as-002-008,hamiltonian_generator/b2_controlled_active_space_libraries/occ-002/B-B/1.70/sto-6g/B-B_1.70_sto-6g_as-002-008.tensors.npz,B-B,1.70,sto-6g,2,8,10,93,131,jw,random_groups,15,3994843321,131,3136,0.3682912507339988,8,"[23,16,16,14,24,18,14,6]","[2,4,5,7,6,3,1,0]",e3a53f1edf40dc32,908bf49d961e3eb8,100,0.01,1.0,13100,0.0724587478637115,0.00036229373931855746,0.8958425392644555,1.2500004231696948e-06,3.987499985669274e-05,25,0.007249209000292467,0.0002444159999868134,0.026285874999302905,0.9999999373076954,1.2538460525401973e-07,1.5674120351013532,0.00035409689230463505,0.0,0.0,0.8973336085328569,0.7368971468267601,1e-12
success,,B-B_1.70_sto-6g_as-002-008,hamiltonian_generator/b2_controlled_active_space_libraries/occ-002/B-B/1.70/sto-6g/B-B_1.70_sto-6g_as-002-008.tensors.npz,B-B,1.70,sto-6g,2,8,10,93,131,fermionic,random_groups,15,3827903732,93,1560,0.364656381486676,12,"[11,9,6,8,8,6,6,19,6,4,2,8]","[1,11,10,5,9,8,7,4,2,6,3,0]",4f4d98569e28fc1a,8e9d747dbfb6d77d,100,0.01,1.0,13100,0.07620190992731614,0.0003810095496365807,0.9907902968402887,1.4590004866477102e-06,3.854200076602865e-05,25,0.007249209000292467,0.0002444159999868134,0.02623529199991026,0.9999999305708495,1.3885829630577717e-07,1.567413013105239,0.00037263695613792277,0.0,0.0,0.9937600859878535,0.15441251000013737,1e-12
success,,B-B_1.70_sto-6g_as-002-008,hamiltonian_generator/b2_controlled_active_space_libraries/occ-002/B-B/1.70/sto-6g/B-B_1.70_sto-6g_as-002-008.tensors.npz,B-B,1.70,sto-6g,2,8,10,93,131,jw,random_groups,16,2731202073,131,3136,0.3682912507339988,8,"[23,16,16,14,24,18,14,6]","[4,0,3,2,1,6,7,5]",5352267069a6ffc2,a03a49172cae5971,100,0.01,1.0,13100,0.22093113296052558,0.0011046556648026278,8.328444016795304,1.2919990695081651e-06,3.879200085066259e-05,25,0.007249209000292467,0.0002444159999868134,0.026247833000525134,0.9999994120495707,1.1759005129619027e-06,1.5674762782781126,0.0010843896249436143,2.3305801732931286e-10,2.330579063070104e-10,8.415507218242915,6.910878183156938,1e-12
success,,B-B_1.70_sto-6g_as-002-008,hamiltonian_generator/b2_controlled_active_space_libraries/occ-002/B-B/1.70/sto-6g/B-B_1.70_sto-6g_as-002-008.tensors.npz,B-B,1.70,sto-6g,2,8,10,93,131,fermionic,random_groups,16,1420561359,93,1560,0.364656381486676,12,"[11,9,6,8,8,6,6,19,6,4,2,8]","[11,10,2,6,5,8,3,0,7,1,4,9]",b0e23a418b56f2d1,72a21218287192ad,100,0.01,1.0,13100,0.08763624153199104,0.0004381812076599552,1.310441139521584,1.375001374981366e-06,3.74589999410091e-05,25,0.007249209000292467,0.0002444159999868134,0.02630075000161014,0.9999999076394114,1.8472116869450161e-07,1.5674114286721317,0.000429792016262772,0.0,0.0,1.3219845653398483,0.2054127125790617,1e-12
success,,B-B_1.70_sto-6g_as-002-008,hamiltonian_generator/b2_controlled_active_space_libraries/occ-002/B-B/1.70/sto-6g/B-B_1.70_sto-6g_as-002-008.tensors.npz,B-B,1.70,sto-6g,2,8,10,93,131,jw,random_groups,17,3080585975,131,3136,0.3682912507339988,8,"[23,16,16,14,24,18,14,6]","[3,5,6,2,0,1,4,7]",735d02c6c79d7730,344d65dc1d7a1cb8,100,0.01,1.0,13100,0.13391064353074786,0.0006695532176537392,3.0597097166616734,1.2919990695081651e-06,3.712499892571941e-05,25,0.007249209000292467,0.0002444159999868134,0.026244209000651608,0.9999997748673559,4.502652374283045e-07,1.5673460720787895,0.0006710180982399034,8.147438279593189e-11,8.147438279593189e-11,3.2223902566020235,2.646251253126261,1e-12
success,,B-B_1.70_sto-6g_as-002-008,hamiltonian_generator/b2_controlled_active_space_libraries/occ-002/B-B/1.70/sto-6g/B-B_1.70_sto-6g_as-002-008.tensors.npz,B-B,1.70,sto-6g,2,8,10,93,131,fermionic,random_groups,17,4042951002,93,1560,0.364656381486676,12,"[11,9,6,8,8,6,6,19,6,4,2,8]","[7,11,5,1,2,10,6,4,0,3,8,9]",d94530ee7f6caaf9,c8d4a34f05f1889f,100,0.01,1.0,13100,0.07691367526445633,0.00038456837632228167,1.009385728495381,1.375001374981366e-06,3.816600110440049e-05,25,0.007249209000292467,0.0002444159999868134,0.026403624999147723,0.9999999293935223,1.4121295033309167e-07,1.5674136576949562,0.0003757831227305123,0.0,0.0,1.01061151835386,0.157030920626024,1e-12
success,,B-B_1.70_sto-6g_as-002-008,hamiltonian_generator/b2_controlled_active_space_libraries/occ-002/B-B/1.70/sto-6g/B-B_1.70_sto-6g_as-002-008.tensors.npz,B-B,1.70,sto-6g,2,8,10,93,131,jw,random_groups,18,4232290924,131,3136,0.3682912507339988,8,"[23,16,16,14,24,18,14,6]","[2,7,1,4,6,0,5,3]",a0166df23ff2b36f,cce85916eab52a55,100,0.01,1.0,13100,0.14199274401296966,0.0007099637200648483,3.44018925835476,1.3329990906640887e-06,3.9417000152752735e-05,25,0.007249209000292467,0.0002444159999868134,0.026275583000824554,0.9999997509205985,4.981587410357591e-07,1.5673510162367827,0.0007058036576111136,7.510814192812632e-11,7.510814192812632e-11,3.565147250814284,2.9277258894133102,1e-12
success,,B-B_1.70_sto-6g_as-002-008,hamiltonian_generator/b2_controlled_active_space_libraries/occ-002/B-B/1.70/sto-6g/B-B_1.70_sto-6g_as-002-008.tensors.npz,B-B,1.70,sto-6g,2,8,10,93,131,fermionic,random_groups,18,3430549508,93,1560,0.364656381486676,12,"[11,9,6,8,8,6,6,19,6,4,2,8]","[0,11,3,5,6,8,9,10,1,4,2,7]",ba900c6cb97e8ac1,3c8cc01b8f8d3d31,100,0.01,1.0,13100,0.07660475224851514,0.00038302376124257567,1.001293636511363,1.333999534836039e-06,6.429199856938794e-05,25,0.007249209000292467,0.0002444159999868134,0.026313332999052363,0.9999999296412858,1.407174233802877e-07,1.5674098188599404,0.0003751232175916219,0.0,0.0,1.0070652058876362,0.15647988721577183,1e-12
success,,B-B_1.70_sto-6g_as-002-008,hamiltonian_generator/b2_controlled_active_space_libraries/occ-002/B-B/1.70/sto-6g/B-B_1.70_sto-6g_as-002-008.tensors.npz,B-B,1.70,sto-6g,2,8,10,93,131,jw,random_groups,19,648668541,131,3136,0.3682912507339988,8,"[23,16,16,14,24,18,14,6]","[6,0,1,2,5,7,4,3]",55059588cc4d40aa,9d397b8d2f6862fa,100,0.01,1.0,13100,0.21695230881961716,0.0010847615440980859,8.031165655229398,1.5000005078036338e-06,4.204200013191439e-05,25,0.007249209000292467,0.0002444159999868134,0.026764875001390465,0.9999994331252388,1.1337492011875838e-06,1.567288665740154,0.0010647767477204445,5.318812057453215e-11,5.318812057453215e-11,8.113845075412742,6.663150949669436,1e-12
success,,B-B_1.70_sto-6g_as-002-008,hamiltonian_generator/b2_controlled_active_space_libraries/occ-002/B-B/1.70/sto-6g/B-B_1.70_sto-6g_as-002-008.tensors.npz,B-B,1.70,sto-6g,2,8,10,93,131,fermionic,random_groups,19,2135291295,93,1560,0.364656381486676,12,"[11,9,6,8,8,6,6,19,6,4,2,8]","[6,4,9,10,11,5,1,2,3,7,0,8]",dcca158be347ed4c,3a35d5b68205adb4,100,0.01,1.0,13100,0.08344028363810757,0.00041720141819053783,1.1879593358004354,1.5420009731315076e-06,5.1083001380902715e-05,25,0.007249209000292467,0.0002444159999868134,0.026295083000150044,0.9999999168338154,1.663323623279922e-07,1.567416565452695,0.00040783865585715997,0.0,0.0,1.1903823328325775,0.18496408385106333,1e-12
success,,B-B_1.70_sto-6g_as-002-010,hamiltonian_generator/b2_controlled_active_space_libraries/occ-002/B-B/1.70/sto-6g/B-B_1.70_sto-6g_as-002-010.tensors.npz,B-B,1.70,sto-6g,2,10,12,162,246,baseline,jw_raw,-1,-1,,,,,[],[],4f53cda18c2baa0c,318b4f8a1713f01f,100,0.01,1.0,24600,0.08501606760189566,0.0004250803380094783,1.0,2.1670002752216533e-06,0.00012262499876669608,36,0.013548791999710375,0.00026095800058101304,0.18434283299939125,0.999999915190489,1.6961901472267726e-07,1.8154740807373706,0.0004118482996676409,0.0,0.0,1.0,,1e-12
success,,B-B_1.70_sto-6g_as-002-010,hamiltonian_generator/b2_controlled_active_space_libraries/occ-002/B-B/1.70/sto-6g/B-B_1.70_sto-6g_as-002-010.tensors.npz,B-B,1.70,sto-6g,2,10,12,162,246,jw,current,-1,-1,246,11040,0.366351418616227,8,"[38,38,28,28,38,28,24,24]","[0,1,2,3,4,5,6,7]",9570e92ea4bd7737,875513ea41ed38f2,100,0.01,1.0,24600,0.21361205688263535,0.0010680602844131768,6.313199274798237,2.5829995138337836e-06,0.00012187499851279426,36,0.013548791999710375,0.00026095800058101304,0.18013641700053995,0.9999994846161936,1.0307673472542689e-06,1.8155134279940421,0.0010152672617688488,1.247594250131101e-10,1.2475953603541257e-10,6.076956342067822,1.0,1e-12
success,,B-B_1.70_sto-6g_as-002-010,hamiltonian_generator/b2_controlled_active_space_libraries/occ-002/B-B/1.70/sto-6g/B-B_1.70_sto-6g_as-002-010.tensors.npz,B-B,1.70,sto-6g,2,10,12,162,246,fermionic,current,-1,-1,162,5454,0.41821946169772256,16,"[10,10,14,14,8,6,8,6,8,8,10,14,6,8,8,24]","[0,1,2,3,4,5,6,7,8,9,10,11,12,13,14,15]",201b142a5db84105,724ee9201229e059,100,0.01,1.0,24600,0.22974815881604263,0.0011487407940802131,7.303012660338757,2.6249999791616574e-06,0.00011970900050073396,36,0.013548791999710375,0.00026095800058101304,0.18023037500097416,0.9999993934018339,1.2131959643557622e-06,1.8154619004091626,0.0011014519200962304,0.0,0.0,7.152476191064466,1.0,1e-12
success,,B-B_1.70_sto-6g_as-002-010,hamiltonian_generator/b2_controlled_active_space_libraries/occ-002/B-B/1.70/sto-6g/B-B_1.70_sto-6g_as-002-010.tensors.npz,B-B,1.70,sto-6g,2,10,12,162,246,jw,reverse_groups,-1,-1,246,11040,0.366351418616227,8,"[38,38,28,28,38,28,24,24]","[7,6,5,4,3,2,1,0]",6027c6dac1091e75,1568e6a717986f0b,100,0.01,1.0,24600,0.21361205688263535,0.0010680602844131768,6.313199274798237,2.333001248189248e-06,0.00010754199865914416,36,0.013548791999710375,0.00026095800058101304,0.17986483399909048,0.9999994850367873,1.0299261602453313e-06,1.8154856296475588,0.0010148529082963757,1.2433687412993777e-10,1.2433687412993777e-10,6.071997069015135,0.9991839215598183,1e-12
success,,B-B_1.70_sto-6g_as-002-010,hamiltonian_generator/b2_controlled_active_space_libraries/occ-002/B-B/1.70/sto-6g/B-B_1.70_sto-6g_as-002-010.tensors.npz,B-B,1.70,sto-6g,2,10,12,162,246,fermionic,reverse_groups,-1,-1,162,5454,0.41821946169772256,16,"[10,10,14,14,8,6,8,6,8,8,10,14,6,8,8,24]","[15,14,13,12,11,10,9,8,7,6,5,4,3,2,1,0]",37b698c161363994,1bd226becc93ccb6,100,0.01,1.0,24600,0.09627351921161051,0.00048136759605805254,1.2823650380715719,2.249998942716047e-06,0.0001116659987019375,36,0.013548791999710375,0.00026095800058101304,0.18001983300018765,0.9999998933432042,2.1331358035503456e-07,1.8154740642440839,0.00046185884388989394,0.0,0.0,1.257604170757605,0.17582780245094987,1e-12
success,,B-B_1.70_sto-6g_as-002-010,hamiltonian_generator/b2_controlled_active_space_libraries/occ-002/B-B/1.70/sto-6g/B-B_1.70_sto-6g_as-002-010.tensors.npz,B-B,1.70,sto-6g,2,10,12,162,246,jw,random_groups,0,875189055,246,11040,0.366351418616227,8,"[38,38,28,28,38,28,24,24]","[4,0,2,5,7,6,3,1]",544e994a84bff79d,f98993ba258c0cf8,100,0.01,1.0,24600,0.3999086419791123,0.0019995432098955613,22.12684801407213,2.4170003598555923e-06,0.00010958399980154354,36,0.013548791999710375,0.00026095800058101304,0.1807644580003398,0.9999994294763039,1.1410470666106676e-06,1.8155185404996834,0.0010681981988975916,9.934064463257286e-07,9.934064463257286e-07,6.7271176434803035,1.1069879829334515,1e-12
success,,B-B_1.70_sto-6g_as-002-010,hamiltonian_generator/b2_controlled_active_space_libraries/occ-002/B-B/1.70/sto-6g/B-B_1.70_sto-6g_as-002-010.tensors.npz,B-B,1.70,sto-6g,2,10,12,162,246,fermionic,random_groups,0,2404829148,162,5454,0.41821946169772256,16,"[10,10,14,14,8,6,8,6,8,8,10,14,6,8,8,24]","[0,2,13,4,7,3,6,10,15,12,9,1,5,14,11,8]",b2a10ad56a1b806d,e7ea48c038124b71,100,0.01,1.0,24600,0.12933239178193975,0.0006466619589096988,2.314262363555891,2.5839999580057338e-06,0.00011016699863830581,36,0.013548791999710375,0.00026095800058101304,0.18671775000075286,0.9999997974559021,4.050881547978946e-07,1.815467076037963,0.0006364653925203998,0.0,0.0,2.3882237227954857,0.333901666919084,1e-12
success,,B-B_1.70_sto-6g_as-002-010,hamiltonian_generator/b2_controlled_active_space_libraries/occ-002/B-B/1.70/sto-6g/B-B_1.70_sto-6g_as-002-010.tensors.npz,B-B,1.70,sto-6g,2,10,12,162,246,jw,random_groups,1,2686563299,246,11040,0.366351418616227,8,"[38,38,28,28,38,28,24,24]","[1,4,0,5,3,7,6,2]",56ae1b5f3ce75a95,c86a0788b6f0f5a1,100,0.01,1.0,24600,0.2565112694321273,0.0012825563471606366,9.103551932626695,2.666000000317581e-06,0.0001271660003112629,36,0.013548791999710375,0.00026095800058101304,0.18249133300014364,0.9999993698954833,1.2602086363333598e-06,1.8155310543286662,0.0011225903230248839,8.787399630172388e-08,8.787399630172388e-08,7.429642474894507,1.2225927021167973,1e-12
success,,B-B_1.70_sto-6g_as-002-010,hamiltonian_generator/b2_controlled_active_space_libraries/occ-002/B-B/1.70/sto-6g/B-B_1.70_sto-6g_as-002-010.tensors.npz,B-B,1.70,sto-6g,2,10,12,162,246,fermionic,random_groups,1,2130121150,162,5454,0.41821946169772256,16,"[10,10,14,14,8,6,8,6,8,8,10,14,6,8,8,24]","[2,15,11,8,3,5,1,9,6,13,4,14,0,10,7,12]",18a9572f4aca1828,1709f937822cbada,100,0.01,1.0,24600,0.09210482678677456,0.0004605241339338728,1.173715269226271,2.7500009309733286e-06,0.00013100000069243833,36,0.013548791999710375,0.00026095800058101304,0.18197712500113994,0.9999999025169053,1.9496617986725084e-07,1.8154763033990484,0.0004415497587080859,0.0,0.0,1.1494358706540981,0.16070460634179806,1e-12
success,,B-B_1.70_sto-6g_as-002-010,hamiltonian_generator/b2_controlled_active_space_libraries/occ-002/B-B/1.70/sto-6g/B-B_1.70_sto-6g_as-002-010.tensors.npz,B-B,1.70,sto-6g,2,10,12,162,246,jw,random_groups,2,1285269528,246,11040,0.366351418616227,8,"[38,38,28,28,38,28,24,24]","[3,6,0,4,1,5,7,2]",1bc6006280ce02a8,bfde76302b7351b2,100,0.01,1.0,24600,0.18696848302535551,0.0009348424151267775,4.836539989524695,2.5000008463393897e-06,0.00011350000022503082,36,0.013548791999710375,0.00026095800058101304,0.18255745799979195,0.9999997095327224,5.809344707508046e-07,1.8155176365196737,0.000762190629126175,9.993470651004088e-08,9.993470651004088e-08,3.4249371846701124,0.5635941731160603,1e-12
success,,B-B_1.70_sto-6g_as-002-010,hamiltonian_generator/b2_controlled_active_space_libraries/occ-002/B-B/1.70/sto-6g/B-B_1.70_sto-6g_as-002-010.tensors.npz,B-B,1.70,sto-6g,2,10,12,162,246,fermionic,random_groups,2,2543415329,162,5454,0.41821946169772256,16,"[10,10,14,14,8,6,8,6,8,8,10,14,6,8,8,24]","[13,5,14,4,2,11,6,12,15,7,0,10,1,9,3,8]",bf24597037ac9cde,eb2a984ce0dd1d30,100,0.01,1.0,24600,0.08546172404585908,0.00042730862022929544,1.010511531006297,2.458000381011516e-06,0.00011420800001360476,36,0.013548791999710375,0.00026095800058101304,0.18132620899996255,0.9999999131584719,1.7368304860987394e-07,1.8154725283076085,0.00041675299178217125,0.0,0.0,1.0239597777044116,0.14316157794186535,1e-12
success,,B-B_1.70_sto-6g_as-002-010,hamiltonian_generator/b2_controlled_active_space_libraries/occ-002/B-B/1.70/sto-6g/B-B_1.70_sto-6g_as-002-010.tensors.npz,B-B,1.70,sto-6g,2,10,12,162,246,jw,random_groups,3,2927273521,246,11040,0.366351418616227,8,"[38,38,28,28,38,28,24,24]","[0,3,7,1,6,5,4,2]",f7c6b9f397474e5d,04ab7e677122957d,100,0.01,1.0,24600,0.13047832439234108,0.0006523916219617054,2.3554544805953266,2.5829995138337836e-06,0.00011991599967586808,36,0.013548791999710375,0.00026095800058101304,0.1801500000001397,0.99999979204342,4.1591311661370867e-07,1.8154754493967495,0.0006449132964301532,4.3573800123652973e-10,4.3573800123652973e-10,2.452042993491714,0.4034985370089644,1e-12
success,,B-B_1.70_sto-6g_as-002-010,hamiltonian_generator/b2_controlled_active_space_libraries/occ-002/B-B/1.70/sto-6g/B-B_1.70_sto-6g_as-002-010.tensors.npz,B-B,1.70,sto-6g,2,10,12,162,246,fermionic,random_groups,3,623401407,162,5454,0.41821946169772256,16,"[10,10,14,14,8,6,8,6,8,8,10,14,6,8,8,24]","[0,8,9,3,2,4,6,13,10,12,11,5,15,14,7,1]",6393c03bc37caaea,5b8675e50b3cfaac,100,0.01,1.0,24600,0.09911957851204002,0.0004955978925602001,1.3593048529697134,2.54199949267786e-06,0.00011091700071119703,36,0.013548791999710375,0.00026095800058101304,0.18876895799985505,0.9999998875763091,2.2484736916794645e-07,1.8154730067623748,0.0004741807480534073,0.0,0.0,1.3256023773959902,0.18533474869193628,1e-12
success,,B-B_1.70_sto-6g_as-002-010,hamiltonian_generator/b2_controlled_active_space_libraries/occ-002/B-B/1.70/sto-6g/B-B_1.70_sto-6g_as-002-010.tensors.npz,B-B,1.70,sto-6g,2,10,12,162,246,jw,random_groups,4,1771982391,246,11040,0.366351418616227,8,"[38,38,28,28,38,28,24,24]","[5,3,2,6,0,4,7,1]",791796a43b2c4edf,baba8650ea5f28cb,100,0.01,1.0,24600,0.8625028410588363,0.004312514205294182,102.92456561965264,3.1250001484295353e-06,0.00012970799980394077,36,0.013548791999710375,0.00026095800058101304,0.1837625839998509,0.9999972227188878,5.5545545111224115e-06,1.81548165418142,0.0023568118771757907,4.494698483181736e-06,4.494698483181736e-06,32.74723957219045,5.388756760600235,1e-12
success,,B-B_1.70_sto-6g_as-002-010,hamiltonian_generator/b2_controlled_active_space_libraries/occ-002/B-B/1.70/sto-6g/B-B_1.70_sto-6g_as-002-010.tensors.npz,B-B,1.70,sto-6g,2,10,12,162,246,fermionic,random_groups,4,2160449059,162,5454,0.41821946169772256,16,"[10,10,14,14,8,6,8,6,8,8,10,14,6,8,8,24]","[9,4,8,6,12,1,7,14,3,0,11,5,2,10,13,15]",b7b53fe1e4010e9a,096ac64f848a6fb3,100,0.01,1.0,24600,0.09403026931585386,0.0004701513465792693,1.2233010096165338,2.8329995984677225e-06,0.00013316699914867058,36,0.013548791999710375,0.00026095800058101304,0.1824131249995844,0.9999998953808202,2.0923834853636691e-07,1.815472181937827,0.000457425796744756,0.0,0.0,1.2335783749154907,0.17246871460496307,1e-12
success,,B-B_1.70_sto-6g_as-002-010,hamiltonian_generator/b2_controlled_active_space_libraries/occ-002/B-B/1.70/sto-6g/B-B_1.70_sto-6g_as-002-010.tensors.npz,B-B,1.70,sto-6g,2,10,12,162,246,jw,random_groups,5,1551410299,246,11040,0.366351418616227,8,"[38,38,28,28,38,28,24,24]","[4,0,1,2,5,3,7,6]",416ca245e0c67025,d34c55eff8f06cbe,100,0.01,1.0,24600,0.2774740078653476,0.001387370039326738,10.652280369375685,3.0840001272736117e-06,0.00013462500101013575,36,0.013548791999710375,0.00026095800058101304,0.18081883400009247,0.9999997058733224,5.882532686518616e-07,1.8155192184550648,0.0007669767631018786,4.62677160584235e-07,4.626771604732127e-07,3.468085636587623,0.5706945124123647,1e-12
success,,B-B_1.70_sto-6g_as-002-010,hamiltonian_generator/b2_controlled_active_space_libraries/occ-002/B-B/1.70/sto-6g/B-B_1.70_sto-6g_as-002-010.tensors.npz,B-B,1.70,sto-6g,2,10,12,162,246,fermionic,random_groups,5,3073906834,162,5454,0.41821946169772256,16,"[10,10,14,14,8,6,8,6,8,8,10,14,6,8,8,24]","[4,1,0,10,14,2,7,12,5,13,8,3,15,11,9,6]",3b2cbdf758a2b8bb,b16cc3262c8ed128,100,0.01,1.0,24600,0.13123641001440645,0.0006561820500720322,2.3829046107447964,2.7500009309733286e-06,0.00013333300012163818,36,0.013548791999710375,0.00026095800058101304,0.18358158399860258,0.9999997884409432,4.2311806891515147e-07,1.8154735393418397,0.0006504752982682274,0.0,0.0,2.494520261227426,0.34876316880911973,1e-12
success,,B-B_1.70_sto-6g_as-002-010,hamiltonian_generator/b2_controlled_active_space_libraries/occ-002/B-B/1.70/sto-6g/B-B_1.70_sto-6g_as-002-010.tensors.npz,B-B,1.70,sto-6g,2,10,12,162,246,jw,random_groups,6,2141513781,246,11040,0.366351418616227,8,"[38,38,28,28,38,28,24,24]","[4,1,3,0,7,6,5,2]",3c1874757b9128e3,994f9c7ada702ffc,100,0.01,1.0,24600,0.07947078900407052,0.0003973539450203526,0.8738019786776469,2.7089990908280015e-06,0.00012916699961351696,36,0.013548791999710375,0.00026095800058101304,0.18370991600022535,0.999999928710572,1.4257885094792755e-07,1.8155224455302554,0.0003775961547142045,3.5663824116127785e-09,3.5663824116127785e-09,0.8405829451435047,0.1383230186013608,1e-12
success,,B-B_1.70_sto-6g_as-002-010,hamiltonian_generator/b2_controlled_active_space_libraries/occ-002/B-B/1.70/sto-6g/B-B_1.70_sto-6g_as-002-010.tensors.npz,B-B,1.70,sto-6g,2,10,12,162,246,fermionic,random_groups,6,2818947403,162,5454,0.41821946169772256,16,"[10,10,14,14,8,6,8,6,8,8,10,14,6,8,8,24]","[2,5,12,3,9,15,0,6,4,14,1,8,11,7,10,13]",da9e5b879948f4c7,c7e9695adbc22110,100,0.01,1.0,24600,0.19593953169249173,0.0009796976584624587,5.311804782637333,3.1669987947680056e-06,0.0001339999998890562,36,0.013548791999710375,0.00026095800058101304,0.18047091700100282,0.9999995685528031,8.62894207531717e-07,1.8154713602954136,0.000928921091221487,0.0,0.0,5.087249262369121,0.711257070484846,1e-12
success,,B-B_1.70_sto-6g_as-002-010,hamiltonian_generator/b2_controlled_active_space_libraries/occ-002/B-B/1.70/sto-6g/B-B_1.70_sto-6g_as-002-010.tensors.npz,B-B,1.70,sto-6g,2,10,12,162,246,jw,random_groups,7,1569605635,246,11040,0.366351418616227,8,"[38,38,28,28,38,28,24,24]","[5,0,3,6,1,4,7,2]",71b6d0509b0da03d,96cf7bc5409da34a,100,0.01,1.0,24600,0.3271241744842258,0.001635620872421129,14.805505963157826,2.8750000637955964e-06,0.00013654199938173406,36,0.013548791999710375,0.00026095800058101304,0.1800405830017553,0.9999990995343381,1.8009305130517461e-06,1.8154910650561966,0.0013419878255213871,2.646071201040101e-07,2.646071202150324e-07,10.617503680210744,1.7471745858549146,1e-12
success,,B-B_1.70_sto-6g_as-002-010,hamiltonian_generator/b2_controlled_active_space_libraries/occ-002/B-B/1.70/sto-6g/B-B_1.70_sto-6g_as-002-010.tensors.npz,B-B,1.70,sto-6g,2,10,12,162,246,fermionic,random_groups,7,2854921744,162,5454,0.41821946169772256,16,"[10,10,14,14,8,6,8,6,8,8,10,14,6,8,8,24]","[8,11,9,3,2,1,6,13,4,12,7,0,5,14,15,10]",b40ddea22dd64fda,4fcf9c0f3aeff87c,100,0.01,1.0,24600,0.1150939262163559,0.0005754696310817795,1.8327481302827489,2.708000465645455e-06,0.00011495800026750658,36,0.013548791999710375,0.00026095800058101304,0.18012466599975596,0.9999998494920418,3.0101589376663185e-07,1.815473277502938,0.0005486491742590902,0.0,0.0,1.7746588981122495,0.24811811332267242,1e-12
success,,B-B_1.70_sto-6g_as-002-010,hamiltonian_generator/b2_controlled_active_space_libraries/occ-002/B-B/1.70/sto-6g/B-B_1.70_sto-6g_as-002-010.tensors.npz,B-B,1.70,sto-6g,2,10,12,162,246,jw,random_groups,8,1478442885,246,11040,0.366351418616227,8,"[38,38,28,28,38,28,24,24]","[1,6,7,0,5,3,4,2]",0ac9b0b33521807a,89d64df85d62df12,100,0.01,1.0,24600,0.5037778279332866,0.0025188891396664332,35.11365787751755,2.5829995138337836e-06,0.0001216669988934882,36,0.013548791999710375,0.00026095800058101304,0.18026137500055484,0.9999987174894515,2.565019452283046e-06,1.815488434345776,0.0016015683241992697,1.2656057206683613e-06,1.2656057206683613e-06,15.12224001817713,2.488456254571585,1e-12
success,,B-B_1.70_sto-6g_as-002-010,hamiltonian_generator/b2_controlled_active_space_libraries/occ-002/B-B/1.70/sto-6g/B-B_1.70_sto-6g_as-002-010.tensors.npz,B-B,1.70,sto-6g,2,10,12,162,246,fermionic,random_groups,8,3915056856,162,5454,0.41821946169772256,16,"[10,10,14,14,8,6,8,6,8,8,10,14,6,8,8,24]","[7,9,5,12,0,13,1,11,14,6,4,15,10,3,8,2]",c3392d50ad267b8d,df55e1a700539c51,100,0.01,1.0,24600,0.078757461037151,0.000393787305185755,0.8581859265318983,2.291999408043921e-06,0.00010883299910346977,36,0.013548791999710375,0.00026095800058101304,0.18003762499938603,0.9999999264187149,1.471625646898289e-07,1.8154757414064528,0.0003836177395923209,0.0,0.0,0.8676065294356056,0.12130156134172106,1e-12
success,,B-B_1.70_sto-6g_as-002-010,hamiltonian_generator/b2_controlled_active_space_libraries/occ-002/B-B/1.70/sto-6g/B-B_1.70_sto-6g_as-002-010.tensors.npz,B-B,1.70,sto-6g,2,10,12,162,246,jw,random_groups,9,1176196188,246,11040,0.366351418616227,8,"[38,38,28,28,38,28,24,24]","[4,5,2,6,7,0,1,3]",5a53b7b22a3d154f,8f1b695b9a65ed11,100,0.01,1.0,24600,0.17623632385857146,0.0008811816192928573,4.297232232654075,2.208000296377577e-06,0.00010599999950500205,36,0.013548791999710375,0.00026095800058101304,0.18022320900126942,0.9999996224334324,7.551329925803429e-07,1.8155264247375835,0.0008689839671322937,7.664630041759324e-10,7.664630041759324e-10,4.45193596847008,0.7325930478801511,1e-12
success,,B-B_1.70_sto-6g_as-002-010,hamiltonian_generator/b2_controlled_active_space_libraries/occ-002/B-B/1.70/sto-6g/B-B_1.70_sto-6g_as-002-010.tensors.npz,B-B,1.70,sto-6g,2,10,12,162,246,fermionic,random_groups,9,3753125171,162,5454,0.41821946169772256,16,"[10,10,14,14,8,6,8,6,8,8,10,14,6,8,8,24]","[15,13,9,8,3,7,6,4,11,1,12,0,5,2,10,14]",99dd705c8645444e,a0153b28e8d7a497,100,0.01,1.0,24600,0.08263024788038978,0.0004131512394019489,0.9446612160601684,2.2500007617054507e-06,0.00010808300066855736,36,0.013548791999710375,0.00026095800058101304,0.18014812499859545,0.9999999186747155,1.6265056235198472e-07,1.8154747708516894,0.00040329960204954686,0.0,0.0,0.9589170330809562,0.1340678399291876,1e-12
success,,B-B_1.70_sto-6g_as-002-010,hamiltonian_generator/b2_controlled_active_space_libraries/occ-002/B-B/1.70/sto-6g/B-B_1.70_sto-6g_as-002-010.tensors.npz,B-B,1.70,sto-6g,2,10,12,162,246,jw,random_groups,10,3622898362,246,11040,0.366351418616227,8,"[38,38,28,28,38,28,24,24]","[7,1,0,2,4,5,3,6]",fac96951cdff4947,b0c583d87ce83faf,100,0.01,1.0,24600,0.09892752262364005,0.0004946376131182002,1.3540423289488028,2.5000008463393897e-06,0.00010729099994932767,36,0.013548791999710375,0.00026095800058101304,0.1799583749998419,0.999999882074497,2.3585099218070837e-07,1.8155284029394716,0.00048564493826096466,1.0508391934394012e-09,1.0508391934394012e-09,1.3904749568691852,0.22881108216025864,1e-12
success,,B-B_1.70_sto-6g_as-002-010,hamiltonian_generator/b2_controlled_active_space_libraries/occ-002/B-B/1.70/sto-6g/B-B_1.70_sto-6g_as-002-010.tensors.npz,B-B,1.70,sto-6g,2,10,12,162,246,fermionic,random_groups,10,2816548403,162,5454,0.41821946169772256,16,"[10,10,14,14,8,6,8,6,8,8,10,14,6,8,8,24]","[4,9,13,5,11,10,7,1,3,6,15,2,8,14,12,0]",0f41ffef08d11299,e1ff725497b4ca8f,100,0.01,1.0,24600,0.09382407595934553,0.00046912037979672766,1.2179418846069012,2.2089989215601236e-06,0.00010600000132399146,36,0.013548791999710375,0.00026095800058101304,0.18018108299838786,0.9999998960260683,2.0794785260402904e-07,1.8154716265293687,0.00045601300789910846,0.0,0.0,1.2259701717052092,0.17140499862646233,1e-12
success,,B-B_1.70_sto-6g_as-002-010,hamiltonian_generator/b2_controlled_active_space_libraries/occ-002/B-B/1.70/sto-6g/B-B_1.70_sto-6g_as-002-010.tensors.npz,B-B,1.70,sto-6g,2,10,12,162,246,jw,random_groups,11,1488389184,246,11040,0.366351418616227,8,"[38,38,28,28,38,28,24,24]","[2,5,3,0,7,6,1,4]",f6404a228ae4f254,92ba10cf504eece3,100,0.01,1.0,24600,0.08445019412451547,0.00042225097062257737,0.9867321497072381,2.208000296377577e-06,0.00011012499999196734,36,0.013548791999710375,0.00026095800058101304,0.18006845799936855,0.9999999196844375,1.606311186286291e-07,1.8154765791287182,0.00040078812989898123,3.570203466196631e-09,3.5702033551743284e-09,0.9470112704713965,0.1558364446220712,1e-12
success,,B-B_1.70_sto-6g_as-002-010,hamiltonian_generator/b2_controlled_active_space_libraries/occ-002/B-B/1.70/sto-6g/B-B_1.70_sto-6g_as-002-010.tensors.npz,B-B,1.70,sto-6g,2,10,12,162,246,fermionic,random_groups,11,605268781,162,5454,0.41821946169772256,16,"[10,10,14,14,8,6,8,6,8,8,10,14,6,8,8,24]","[0,10,2,4,15,1,9,6,11,12,3,13,8,7,14,5]",8e156e2e2f2765c9,122cffb77fb030d7,100,0.01,1.0,24600,0.08611825532400431,0.00043059127662002156,1.0260970047134796,2.165999831049703e-06,0.000106707999293576,36,0.013548791999710375,0.00026095800058101304,0.180103708000388,0.9999999127512458,1.7449750078224469e-07,1.8155177003929859,0.00041772898922960033,0.0,0.0,1.0287614337787754,0.14383290573745627,1e-12
success,,B-B_1.70_sto-6g_as-002-010,hamiltonian_generator/b2_controlled_active_space_libraries/occ-002/B-B/1.70/sto-6g/B-B_1.70_sto-6g_as-002-010.tensors.npz,B-B,1.70,sto-6g,2,10,12,162,246,jw,random_groups,12,3167853451,246,11040,0.366351418616227,8,"[38,38,28,28,38,28,24,24]","[0,7,6,5,1,2,4,3]",e262ca6010fdd2a7,272f8d6123cee8d8,100,0.01,1.0,24600,0.42542336237205913,0.0021271168118602956,25.040364460077843,2.249998942716047e-06,0.00010812500113388523,36,0.013548791999710375,0.00026095800058101304,0.18025562500042724,0.9999991192896748,1.7614198748461263e-06,1.8154893003699153,0.0013271852359214712,9.501474229622886e-07,9.501474230733109e-07,10.384566127364922,1.708843299642883,1e-12
success,,B-B_1.70_sto-6g_as-002-010,hamiltonian_generator/b2_controlled_active_space_libraries/occ-002/B-B/1.70/sto-6g/B-B_1.70_sto-6g_as-002-010.tensors.npz,B-B,1.70,sto-6g,2,10,12,162,246,fermionic,random_groups,12,2683165452,162,5454,0.41821946169772256,16,"[10,10,14,14,8,6,8,6,8,8,10,14,6,8,8,24]","[2,10,5,12,7,8,6,1,4,11,13,14,15,9,3,0]",d670c5698b3ff6ad,41e4ab9e3b048bb7,100,0.01,1.0,24600,0.07145340145200384,0.00035726700726001917,0.7063887752495833,2.165999831049703e-06,0.00010437499986437615,36,0.013548791999710375,0.00026095800058101304,0.18005866699968465,0.9999999391847235,1.2163054929903439e-07,1.8155198392890937,0.0003487557210466523,0.0,0.0,0.7170808620595822,0.1002563088508321,1e-12
success,,B-B_1.70_sto-6g_as-002-010,hamiltonian_generator/b2_controlled_active_space_libraries/occ-002/B-B/1.70/sto-6g/B-B_1.70_sto-6g_as-002-010.tensors.npz,B-B,1.70,sto-6g,2,10,12,162,246,jw,random_groups,13,2054938735,246,11040,0.366351418616227,8,"[38,38,28,28,38,28,24,24]","[6,0,5,2,7,1,3,4]",c30a6f23276fee2a,cfea7a71e2ad0b7f,100,0.01,1.0,24600,0.6326227523220582,0.0031631137616102913,55.371665768918305,2.2089989215601236e-06,0.0001050000009854557,36,0.013548791999710375,0.00026095800058101304,0.17994904099941778,0.9999983996577558,3.2006819272734077e-06,1.8154844057638906,0.0017890456920760522,2.356018443006036e-06,2.356018443006036e-06,18.86982973286598,3.105144857177811,1e-12
success,,B-B_1.70_sto-6g_as-002-010,hamiltonian_generator/b2_controlled_active_space_libraries/occ-002/B-B/1.70/sto-6g/B-B_1.70_sto-6g_as-002-010.tensors.npz,B-B,1.70,sto-6g,2,10,12,162,246,fermionic,random_groups,13,4265844992,162,5454,0.41821946169772256,16,"[10,10,14,14,8,6,8,6,8,8,10,14,6,8,8,24]","[6,14,10,12,15,4,13,3,1,2,9,7,8,0,5,11]",9b8d9d0e0f40b251,5e3e376ae1344c15,100,0.01,1.0,24600,0.08841737423337356,0.0004420868711668678,1.0816162436845196,2.209000740549527e-06,0.00010441700032970402,36,0.013548791999710375,0.00026095800058101304,0.18022216700046556,0.9999999076174716,1.8476504826114848e-07,1.815475955478599,0.0004298430606743184,0.0,0.0,1.0892944317783864,0.15229612831696437,1e-12
success,,B-B_1.70_sto-6g_as-002-010,hamiltonian_generator/b2_controlled_active_space_libraries/occ-002/B-B/1.70/sto-6g/B-B_1.70_sto-6g_as-002-010.tensors.npz,B-B,1.70,sto-6g,2,10,12,162,246,jw,random_groups,14,4085885249,246,11040,0.366351418616227,8,"[38,38,28,28,38,28,24,24]","[0,7,3,5,2,1,4,6]",79c9bae4eb5b0232,2a92c07daf784847,100,0.01,1.0,24600,0.3911358640965863,0.0019556793204829315,21.16670477874467,2.5839999580057338e-06,0.00012199999946460593,36,0.013548791999710375,0.00026095800058101304,0.1801732499989157,0.9999994583452878,1.0833091309558895e-06,1.8154799751407962,0.0010408215141837888,9.499602650064887e-07,9.499602650064887e-07,6.386719865853909,1.0509734653911769,1e-12
success,,B-B_1.70_sto-6g_as-002-010,hamiltonian_generator/b2_controlled_active_space_libraries/occ-002/B-B/1.70/sto-6g/B-B_1.70_sto-6g_as-002-010.tensors.npz,B-B,1.70,sto-6g,2,10,12,162,246,fermionic,random_groups,14,1972977524,162,5454,0.41821946169772256,16,"[10,10,14,14,8,6,8,6,8,8,10,14,6,8,8,24]","[5,12,3,14,0,10,15,9,1,4,13,7,6,11,8,2]",6c9cf4ed77211cc4,904dd0b02393c768,100,0.01,1.0,24600,0.13219010694350602,0.0006609505347175301,2.4176636567275316,2.499999027349986e-06,0.00010633300007611979,36,0.013548791999710375,0.00026095800058101304,0.18021745800069766,0.9999997803363386,4.3932727444850883e-07,1.8155174553592164,0.0006628177145665393,0.0,0.0,2.590082693068331,0.36212391679179606,1e-12
success,,B-B_1.70_sto-6g_as-002-010,hamiltonian_generator/b2_controlled_active_space_libraries/occ-002/B-B/1.70/sto-6g/B-B_1.70_sto-6g_as-002-010.tensors.npz,B-B,1.70,sto-6g,2,10,12,162,246,jw,random_groups,15,2862677085,246,11040,0.366351418616227,8,"[38,38,28,28,38,28,24,24]","[4,3,1,2,7,5,0,6]",3300466852cef7d0,7025def5069173c1,100,0.01,1.0,24600,0.632747016778169,0.003163735083890845,55.393420932441856,2.5000008463393897e-06,0.0001159999992523808,36,0.013548791999710375,0.00026095800058101304,0.18017145800149592,0.9999983978743836,3.204248665955589e-06,1.8155131378273728,0.001790042243297968,2.355889140437384e-06,2.355889140437384e-06,18.890857674149643,3.1086051323715123,1e-12
success,,B-B_1.70_sto-6g_as-002-010,hamiltonian_generator/b2_controlled_active_space_libraries/occ-002/B-B/1.70/sto-6g/B-B_1.70_sto-6g_as-002-010.tensors.npz,B-B,1.70,sto-6g,2,10,12,162,246,fermionic,random_groups,15,449764996,162,5454,0.41821946169772256,16,"[10,10,14,14,8,6,8,6,8,8,10,14,6,8,8,24]","[2,1,9,0,10,11,3,7,4,12,15,8,13,6,5,14]",656aa074ba59285a,7614cfad761e6210,100,0.01,1.0,24600,0.08457885921512315,0.00042289429607561573,0.9897411349897646,2.54199949267786e-06,0.00010995899901899975,36,0.013548791999710375,0.00026095800058101304,0.18098570799884328,0.9999999167436338,1.6651272560785912e-07,1.8154790471087319,0.0004080597168200285,0.0,0.0,0.9816866692693809,0.13725130193313956,1e-12
success,,B-B_1.70_sto-6g_as-002-010,hamiltonian_generator/b2_controlled_active_space_libraries/occ-002/B-B/1.70/sto-6g/B-B_1.70_sto-6g_as-002-010.tensors.npz,B-B,1.70,sto-6g,2,10,12,162,246,jw,random_groups,16,2525356022,246,11040,0.366351418616227,8,"[38,38,28,28,38,28,24,24]","[6,1,7,2,5,4,0,3]",9c8b2a3d152217a3,33a55410c7e88457,100,0.01,1.0,24600,0.0709621103503443,0.0003548105517517215,0.696708355983603,3.541999831213616e-06,0.00015183299910859205,36,0.013548791999710375,0.00026095800058101304,0.18023291700046684,0.9999999397425042,1.2051498787801762e-07,1.8154772781660522,0.0003471526919696196,1.770852353644159e-10,1.7708534638671836e-10,0.7105039967073062,0.11691773919599054,1e-12
success,,B-B_1.70_sto-6g_as-002-010,hamiltonian_generator/b2_controlled_active_space_libraries/occ-002/B-B/1.70/sto-6g/B-B_1.70_sto-6g_as-002-010.tensors.npz,B-B,1.70,sto-6g,2,10,12,162,246,fermionic,random_groups,16,4221607828,162,5454,0.41821946169772256,16,"[10,10,14,14,8,6,8,6,8,8,10,14,6,8,8,24]","[5,1,15,8,7,12,14,11,10,4,2,9,3,13,0,6]",aa1e91cac30f5bc5,5c32fdf1aa38de62,100,0.01,1.0,24600,0.07868817829128155,0.00039344089145640777,0.856676702532667,2.9589991754619405e-06,0.0001160829997388646,36,0.013548791999710375,0.00026095800058101304,0.18038991700086626,0.9999999264910313,1.470179319396081e-07,1.815477108603276,0.0003834291817007424,0.0,0.0,0.8667538375929058,0.12118234502838819,1e-12
success,,B-B_1.70_sto-6g_as-002-010,hamiltonian_generator/b2_controlled_active_space_libraries/occ-002/B-B/1.70/sto-6g/B-B_1.70_sto-6g_as-002-010.tensors.npz,B-B,1.70,sto-6g,2,10,12,162,246,jw,random_groups,17,4003130920,246,11040,0.366351418616227,8,"[38,38,28,28,38,28,24,24]","[6,3,4,1,7,2,5,0]",6fba0986db8d4d37,ff7fbc00264493dc,100,0.01,1.0,24600,0.24394676833205658,0.0012197338416602829,8.233568681574116,2.3749998945277184e-06,0.00011624999933701474,36,0.013548791999710375,0.00026095800058101304,0.18026787499911734,0.9999995128177012,9.743643603066232e-07,1.8155099090617142,0.000987099081993447,1.6873334029998688e-07,1.6873334029998688e-07,5.7444288418941944,0.9452805843162471,1e-12
success,,B-B_1.70_sto-6g_as-002-010,hamiltonian_generator/b2_controlled_active_space_libraries/occ-002/B-B/1.70/sto-6g/B-B_1.70_sto-6g_as-002-010.tensors.npz,B-B,1.70,sto-6g,2,10,12,162,246,fermionic,random_groups,17,202007895,162,5454,0.41821946169772256,16,"[10,10,14,14,8,6,8,6,8,8,10,14,6,8,8,24]","[9,11,15,1,8,12,3,14,10,5,7,0,6,2,13,4]",52ed840be4b7d781,6b8c521add03f6f9,100,0.01,1.0,24600,0.08477833835886411,0.0004238916917943206,0.9944152471351327,2.4170003598555923e-06,0.00010995899901899975,36,0.013548791999710375,0.00026095800058101304,0.1805460840005253,0.9999999145376574,1.7092467796686606e-07,1.8154783811458797,0.00041343038748299334,0.0,0.0,1.0076976230897434,0.1408879381309444,1e-12
success,,B-B_1.70_sto-6g_as-002-010,hamiltonian_generator/b2_controlled_active_space_libraries/occ-002/B-B/1.70/sto-6g/B-B_1.70_sto-6g_as-002-010.tensors.npz,B-B,1.70,sto-6g,2,10,12,162,246,jw,random_groups,18,4557570,246,11040,0.366351418616227,8,"[38,38,28,28,38,28,24,24]","[1,0,7,6,2,4,5,3]",5983b9700a765980,20c0f5cfb646188e,100,0.01,1.0,24600,0.09923295964857866,0.0004961647982428933,1.3624164012380136,3.166000169585459e-06,0.00012304099982429761,36,0.013548791999710375,0.00026095800058101304,0.18280316700111143,0.9999998814825088,2.370349682090378e-07,1.8155284457023013,0.0004868623853912625,1.1319996051639691e-09,1.1319997161862716e-09,1.3974551650154547,0.22995971771946924,1e-12
success,,B-B_1.70_sto-6g_as-002-010,hamiltonian_generator/b2_controlled_active_space_libraries/occ-002/B-B/1.70/sto-6g/B-B_1.70_sto-6g_as-002-010.tensors.npz,B-B,1.70,sto-6g,2,10,12,162,246,fermionic,random_groups,18,3169280580,162,5454,0.41821946169772256,16,"[10,10,14,14,8,6,8,6,8,8,10,14,6,8,8,24]","[8,12,15,14,4,6,11,9,2,1,0,3,7,5,10,13]",e3bd471bcbc1d5d7,63255ed504f5df03,100,0.01,1.0,24600,0.08915869291036002,0.0004457934645518001,1.099829489513756,3.541999831213616e-06,0.0001296659993386129,36,0.013548791999710375,0.00026095800058101304,0.18002495800101315,0.999999906077521,1.8784494926205042e-07,1.8154740735395831,0.00043341084208036644,0.0,0.0,1.1074521896567557,0.15483479568101008,1e-12
success,,B-B_1.70_sto-6g_as-002-010,hamiltonian_generator/b2_controlled_active_space_libraries/occ-002/B-B/1.70/sto-6g/B-B_1.70_sto-6g_as-002-010.tensors.npz,B-B,1.70,sto-6g,2,10,12,162,246,jw,random_groups,19,3274228212,246,11040,0.366351418616227,8,"[38,38,28,28,38,28,24,24]","[3,5,1,6,7,2,4,0]",de79e485e2b4338c,990bbaf2d3cedc8d,100,0.01,1.0,24600,0.18301825790169257,0.0009150912895084628,4.634328428569474,2.54199949267786e-06,0.00011325000014039688,36,0.013548791999710375,0.00026095800058101304,0.18024674999833223,0.999999827840214,3.4431954232250206e-07,1.81547505943127,0.0005867875015416202,1.6871128283302284e-07,1.6871128294404514e-07,2.0299583916664985,0.33404195742103343,1e-12
success,,B-B_1.70_sto-6g_as-002-010,hamiltonian_generator/b2_controlled_active_space_libraries/occ-002/B-B/1.70/sto-6g/B-B_1.70_sto-6g_as-002-010.tensors.npz,B-B,1.70,sto-6g,2,10,12,162,246,fermionic,random_groups,19,890503771,162,5454,0.41821946169772256,16,"[10,10,14,14,8,6,8,6,8,8,10,14,6,8,8,24]","[0,3,7,8,1,10,6,2,5,12,4,15,9,11,13,14]",9ea5cbaa972a1af2,0be370c0c6063bed,100,0.01,1.0,24600,0.08145393922981978,0.0004072696961490989,0.917956621121874,2.2500007617054507e-06,0.00011324999832140747,36,0.013548791999710375,0.00026095800058101304,0.18003412500002014,0.9999999207375222,1.585249492785934e-07,1.8154778521208217,0.000398151925283383,0.0,0.0,0.9345942112550154,0.1306672243694564,1e-12
