case_id,basis,schedule,trotter_steps,dt,evolution_time,step_index,step_start_time,step_end_time,future_trotter_slices,local_defect_norm,local_defect_norm2,local_overlap_abs,local_one_minus_overlap,overlap_contribution_real,overlap_contribution_imag,overlap_contribution_abs,signed_real_overlap_loss_contribution
Be-Be_2.04_hgbs-5_as-008-012,hgbs-5,fermionic_signed_reference,25,0.04,1.0,0,0.0,0.04,24,0.8477144277195853,0.7186197509639439,0.9999999946373294,5.3626706408849145e-09,-0.4386966687459516,0.7253702625527243,0.8477126783082835,0.4386966687459516
Be-Be_2.04_hgbs-5_as-008-012,hgbs-5,fermionic_signed_reference,25,0.04,1.0,1,0.04,0.08,23,0.847714141529983,0.7186192657499162,0.9999999946366331,5.363366861743657e-09,-0.83800740079964,0.12790659319439768,0.8477125104524326,0.83800740079964
Be-Be_2.04_hgbs-5_as-008-012,hgbs-5,fermionic_signed_reference,25,0.04,1.0,2,0.08,0.12,22,0.8477138631073615,0.7186187937044065,0.9999999946342099,5.365790145539506e-09,-0.6351098561756615,-0.5614727913125636,0.8477123479080572,0.6351098561756615
Be-Be_2.04_hgbs-5_as-008-012,hgbs-5,fermionic_signed_reference,25,0.04,1.0,3,0.12,0.16,21,0.8477135959987324,0.7186183408411022,0.9999999946288208,5.371179168101037e-09,0.024189257519153656,-0.8473670072671047,0.8477121947831925,-0.024189257519153656
Be-Be_2.04_hgbs-5_as-008-012,hgbs-5,fermionic_signed_reference,25,0.04,1.0,4,0.16,0.2,20,0.8477133423520874,0.7186179108017474,0.99999999461899,5.381009970939488e-09,0.6661051468957628,-0.5243278158872404,0.847712053255178,-0.6661051468957628
Be-Be_2.04_hgbs-5_as-008-012,hgbs-5,fermionic_signed_reference,25,0.04,1.0,5,0.2,0.24,19,0.8477131027337305,0.7186175045464483,0.9999999946034315,5.396568525384282e-09,0.8293457689313873,0.17550242355330412,0.847711923425333,-0.8293457689313873
Be-Be_2.04_hgbs-5_as-008-012,hgbs-5,fermionic_signed_reference,25,0.04,1.0,6,0.24,0.28,18,0.8477128761969595,0.7186171204701215,0.9999999945813858,5.418614223984264e-09,0.3966041198489682,0.7492132366187366,0.8477118035074761,-0.3966041198489682
Be-Be_2.04_hgbs-5_as-008-012,hgbs-5,fermionic_signed_reference,25,0.04,1.0,7,0.28,0.32,17,0.8477126605839659,0.7186167549143462,0.9999999945527921,5.447207906961182e-09,-0.3211437458531252,0.7845264841849149,0.8477116903099309,0.3211437458531252
Be-Be_2.04_hgbs-5_as-008-012,hgbs-5,fermionic_signed_reference,25,0.04,1.0,8,0.32,0.36,16,0.8477124530029603,0.7186164029762961,0.9999999945185893,5.481410658703112e-09,-0.808112074516266,0.25606600272635455,0.8477115799204565,0.808112074516266
Be-Be_2.04_hgbs-5_as-008-012,hgbs-5,fermionic_signed_reference,25,0.04,1.0,9,0.36,0.4,15,0.8477122503928303,0.7186160594660767,0.9999999944805743,5.5194256942669995e-09,-0.7143577538167687,-0.4564074203334354,0.8477114684688183,0.7143577538167687
Be-Be_2.04_hgbs-5_as-008-012,hgbs-5,fermionic_signed_reference,25,0.04,1.0,10,0.4,0.44,14,0.8477120500743307,0.7186157198412246,0.9999999944412226,5.558777438352536e-09,-0.10725466199964026,-0.8408989090235028,0.8477113528304162,0.10725466199964026
Be-Be_2.04_hgbs-5_as-008-012,hgbs-5,fermionic_signed_reference,25,0.04,1.0,11,0.44,0.48,13,0.8477118501907229,0.7186153809537786,0.9999999944035016,5.5964983758372e-09,0.5769230128816395,-0.6211072118558145,0.8477112311463922,-0.5769230128816395
Be-Be_2.04_hgbs-5_as-008-012,hgbs-5,fermionic_signed_reference,25,0.04,1.0,12,0.48,0.52,12,0.847711649962185,0.71861504148161,0.9999999943702763,5.62972368722825e-09,0.8465147272541926,0.04502144833191592,0.8477111030699925,-0.8465147272541926
Be-Be_2.04_hgbs-5_as-008-012,hgbs-5,fermionic_signed_reference,25,0.04,1.0,13,0.52,0.56,11,0.8477114497131157,0.7186147019747123,0.9999999943441129,5.655887092004264e-09,0.5077882722235065,0.6787966991238542,0.8477109696996815,-0.5077882722235065
Be-Be_2.04_hgbs-5_as-008-012,hgbs-5,fermionic_signed_reference,25,0.04,1.0,14,0.56,0.6,10,0.8477112506727261,0.7186143645171175,0.9999999943267874,5.673212566392749e-09,-0.19584201929289127,0.8247784916153308,0.8477108332161254,0.19584201929289127
Be-Be_2.04_hgbs-5_as-008-012,hgbs-5,fermionic_signed_reference,25,0.04,1.0,15,0.6,0.64,9,0.8477110545906222,0.718614032075145,0.9999999943191451,5.680854897605059e-09,-0.7587371106084194,0.37806272177671274,0.8477106962942186,0.7587371106084194
Be-Be_2.04_hgbs-5_as-008-012,hgbs-5,fermionic_signed_reference,25,0.04,1.0,16,0.64,0.68,8,0.8477108632424922,0.7186137076593313,0.9999999943210098,5.678990167012898e-09,-0.7763929545156357,-0.3403339185143608,0.8477105614022145,0.7763929545156357
Be-Be_2.04_hgbs-5_as-008-012,hgbs-5,fermionic_signed_reference,25,0.04,1.0,17,0.68,0.72,7,0.8477106779205206,0.7186133934604686,0.9999999943312815,5.668718494611369e-09,-0.2361223375757901,-0.8141616639420852,0.8477104301205691,0.2361223375757901
Be-Be_2.04_hgbs-5_as-008-012,hgbs-5,fermionic_signed_reference,25,0.04,1.0,18,0.72,0.76,6,0.8477104990060679,0.7186130901251165,0.9999999943482173,5.651782708504527e-09,0.4738286508061911,-0.7029218781816083,0.8477103026100221,-0.4738286508061911
Be-Be_2.04_hgbs-5_as-008-012,hgbs-5,fermionic_signed_reference,25,0.04,1.0,19,0.76,0.8,5,0.8477103257071147,0.7186127963104624,0.9999999943696972,5.630302779557894e-09,0.8432799361829464,-0.08655341693926362,0.8477101773321918,-0.8432799361829464
Be-Be_2.04_hgbs-5_as-008-012,hgbs-5,fermionic_signed_reference,25,0.04,1.0,20,0.8,0.84,4,0.8477101560134559,0.7186125086083578,0.9999999943936735,5.606326514140392e-09,0.606739456476556,0.5920131439907698,0.8477100510807352,-0.606739456476556
Be-Be_2.04_hgbs-5_as-008-012,hgbs-5,fermionic_signed_reference,25,0.04,1.0,21,0.84,0.88,3,0.8477099868837559,0.7186122218624575,0.9999999944185024,5.581497597439977e-09,-0.06581137276457952,0.8451514482853774,0.8477099193261981,0.06581137276457952
Be-Be_2.04_hgbs-5_as-008-012,hgbs-5,fermionic_signed_reference,25,0.04,1.0,22,0.88,0.92,2,0.8477098146368095,0.718611929831574,0.9999999944431374,5.556862636701965e-09,-0.6910690361425095,0.4909536159388592,0.8477097768212762,0.6910690361425095
Be-Be_2.04_hgbs-5_as-008-012,hgbs-5,fermionic_signed_reference,25,0.04,1.0,23,0.92,0.96,1,0.8477096354830905,0.7186116260908741,0.9999999944672462,5.532753810655322e-09,-0.8197160449488903,-0.21604907480647914,0.8477096183666827,0.8197160449488903
Be-Be_2.04_hgbs-5_as-008-012,hgbs-5,fermionic_signed_reference,25,0.04,1.0,24,0.96,1.0,0,0.8477094461071347,0.7186113050192652,0.9999999944911672,5.508832834344446e-09,-0.3593056525096336,-0.7677960289531515,0.8477094396086445,0.3593056525096336
Be-Be_2.04_hgbs-5_as-008-012,hgbs-5,fermionic_magnitude_reference,25,0.04,1.0,0,0.0,0.04,24,0.8477160449607889,0.7186224928839623,0.9999999708544566,2.9145543423148013e-08,-0.43862095644751903,0.7254037915410625,0.8477021907586919,0.43862095644751903
Be-Be_2.04_hgbs-5_as-008-012,hgbs-5,fermionic_magnitude_reference,25,0.04,1.0,1,0.04,0.08,23,0.8477159204644485,0.7186222818088872,0.9999999708569512,2.914304875201168e-08,-0.8379859605379784,0.1279849199707033,0.8477031377779992,0.8379859605379784
Be-Be_2.04_hgbs-5_as-008-012,hgbs-5,fermionic_magnitude_reference,25,0.04,1.0,2,0.08,0.12,22,0.8477158037347562,0.7186220839016637,0.9999999708589774,2.914102259499174e-08,-0.6351559829464455,-0.561408083272009,0.8477040513267684,0.6351559829464455
Be-Be_2.04_hgbs-5_as-008-012,hgbs-5,fermionic_magnitude_reference,25,0.04,1.0,3,0.12,0.16,21,0.8477156983810269,0.7186219052816322,0.9999999708586366,2.91413634334603e-08,0.024111846138531835,-0.8473619513711177,0.8477049355499098,-0.024111846138531835
Be-Be_2.04_hgbs-5_as-008-012,hgbs-5,fermionic_magnitude_reference,25,0.04,1.0,4,0.16,0.2,20,0.8477156066531655,0.7186217497633444,0.9999999708536446,2.9146355440268223e-08,0.6660536633669848,-0.5243830933404294,0.8477057927523312,-0.6660536633669848
Be-Be_2.04_hgbs-5_as-008-012,hgbs-5,fermionic_magnitude_reference,25,0.04,1.0,5,0.2,0.24,19,0.847715529254667,0.7186216185395202,0.9999999708418844,2.9158115588678868e-08,0.829355727127714,0.17542974935974134,0.8477066232370495,-0.829355727127714
Be-Be_2.04_hgbs-5_as-008-012,hgbs-5,fermionic_magnitude_reference,25,0.04,1.0,6,0.24,0.28,18,0.8477154653965151,0.7186215102724302,0.999999970821877,2.917812302882794e-08,0.39666471691631755,0.7491762019256751,0.8477074254588562,-0.39666471691631755
Be-Be_2.04_hgbs-5_as-008-012,hgbs-5,fermionic_magnitude_reference,25,0.04,1.0,7,0.28,0.32,17,0.8477154130755801,0.7186214215659014,0.9999999707931646,2.920683539464619e-08,-0.32107907933795465,0.7845491770141279,0.8477081964579875,0.32107907933795465
Be-Be_2.04_hgbs-5_as-008-012,hgbs-5,fermionic_magnitude_reference,25,0.04,1.0,8,0.32,0.36,16,0.8477153695229792,0.7186213477254813,0.9999999707564764,2.924352360267335e-08,-0.808089659436131,0.25612796906327256,0.8477089324904385,0.808089659436131
Be-Be_2.04_hgbs-5_as-008-012,hgbs-5,fermionic_magnitude_reference,25,0.04,1.0,9,0.36,0.4,15,0.8477153317391686,0.7186212836656486,0.9999999707137487,2.9286251312932166e-08,-0.7143901645307743,-0.4563532723373397,0.8477096297384529,0.7143901645307743
Be-Be_2.04_hgbs-5_as-008-012,hgbs-5,fermionic_magnitude_reference,25,0.04,1.0,10,0.4,0.44,14,0.8477152970197107,0.7186212248012164,0.9999999706678646,2.933213538724999e-08,-0.10731419806299276,-0.8408902366797161,0.8477102849730987,0.10731419806299276
Be-Be_2.04_hgbs-5_as-008-012,hgbs-5,fermionic_magnitude_reference,25,0.04,1.0,11,0.44,0.48,13,0.8477152633788998,0.7186211677655575,0.9999999706223017,2.9377698274046793e-08,0.5768809712005336,-0.6211458028117225,0.8477108960511774,-0.5768809712005336
Be-Be_2.04_hgbs-5_as-008-012,hgbs-5,fermionic_magnitude_reference,25,0.04,1.0,12,0.48,0.52,12,0.8477152297988372,0.7186211108328954,0.9999999705805692,2.9419430780386335e-08,0.8465179422837805,0.044967726985384544,0.84771146216068,-0.8465179422837805
Be-Be_2.04_hgbs-5_as-008-012,hgbs-5,fermionic_magnitude_reference,25,0.04,1.0,13,0.52,0.56,11,0.8477151962643493,0.7186210539775043,0.999999970545701,2.9454298999809225e-08,0.5078292381434386,0.6787673182495364,0.8477119837757472,-0.5078292381434386
Be-Be_2.04_hgbs-5_as-008-012,hgbs-5,fermionic_magnitude_reference,25,0.04,1.0,14,0.56,0.6,10,0.8477151635835157,0.7186209985694268,0.9999999705197719,2.9480228147527043e-08,-0.19579683571240028,0.8247908934535472,0.8477124623354839,0.19579683571240028
Be-Be_2.04_hgbs-5_as-008-012,hgbs-5,fermionic_magnitude_reference,25,0.04,1.0,15,0.6,0.64,9,0.847715133033243,0.7186209467735689,0.9999999705036784,2.9496321607425102e-08,-0.7587198649904632,0.3781022703013484,0.8477128997120313,0.7587198649904632
Be-Be_2.04_hgbs-5_as-008-012,hgbs-5,fermionic_magnitude_reference,25,0.04,1.0,16,0.64,0.68,8,0.8477151059004155,0.7186209007717527,0.9999999704970088,2.9502991161223235e-08,-0.7764111939775947,-0.3402991224578232,0.8477132975713421,0.7764111939775947
Be-Be_2.04_hgbs-5_as-008-012,hgbs-5,fermionic_magnitude_reference,25,0.04,1.0,17,0.68,0.72,7,0.8477150830088478,0.7186208619606977,0.999999970498217,2.9501783016527838e-08,-0.23615698158974327,-0.8141549753507186,0.8477136567508556,0.23615698158974327
Be-Be_2.04_hgbs-5_as-008-012,hgbs-5,fermionic_magnitude_reference,25,0.04,1.0,18,0.72,0.76,6,0.8477150643242621,0.7186208302822878,0.9999999705048804,2.949511956895634e-08,0.4738050609211209,-0.7029422100468566,0.8477139767752011,-0.4738050609211209
Be-Be_2.04_hgbs-5_as-008-012,hgbs-5,fermionic_magnitude_reference,25,0.04,1.0,19,0.76,0.8,5,0.8477150487157883,0.7186208038192112,0.9999999705142822,2.9485717756294605e-08,0.8432812806800832,-0.08658025649116653,0.8477142556071106,-0.8432812806800832
Be-Be_2.04_hgbs-5_as-008-012,hgbs-5,fermionic_magnitude_reference,25,0.04,1.0,20,0.8,0.84,4,0.8477150339240557,0.7186207787408628,0.9999999705238012,2.947619881510377e-08,0.6067580317165283,0.5920004619721041,0.8477144896884211,-0.6067580317165283
Be-Be_2.04_hgbs-5_as-008-012,hgbs-5,fermionic_magnitude_reference,25,0.04,1.0,21,0.84,0.88,3,0.847715016748945,0.7186207496216641,0.9999999705314576,2.946854238405905e-08,-0.06579440374362748,0.8451575388153271,0.847714674274523,0.06579440374362748
Be-Be_2.04_hgbs-5_as-008-012,hgbs-5,fermionic_magnitude_reference,25,0.04,1.0,22,0.88,0.92,2,0.8477149934305207,0.7186207100869078,0.9999999705361534,2.9463846584754094e-08,-0.6910658432393857,0.490966790373839,0.8477148040126186,0.6910658432393857
Be-Be_2.04_hgbs-5_as-008-012,hgbs-5,fermionic_magnitude_reference,25,0.04,1.0,23,0.92,0.96,1,0.8477149601617102,0.7186206536819699,0.9999999705378595,2.9462140505032153e-08,-0.8197230759937829,-0.21604301822775446,0.8477148736701905,0.8197230759937829
Be-Be_2.04_hgbs-5_as-008-012,hgbs-5,fermionic_magnitude_reference,25,0.04,1.0,24,0.96,1.0,0,0.8477149136473634,0.7186205748201568,0.999999970537463,2.9462536965674246e-08,-0.3593102874100856,-0.7677998653662156,0.8477148788921292,0.3593102874100856
Be-Be_2.04_hgbs-5_as-008-012,hgbs-5,jw_signed_baseline,25,0.04,1.0,0,0.0,0.04,24,0.8477370684803739,0.718658137275698,0.9999992149438859,7.850561141165002e-07,-0.4382323069504411,0.7256747133265544,0.8477330620051825,0.4382323069504411
Be-Be_2.04_hgbs-5_as-008-012,hgbs-5,jw_signed_baseline,25,0.04,1.0,1,0.04,0.08,23,0.8477371969391784,0.7186583550742953,0.9999992149057613,7.850942387310766e-07,-0.8379448549000003,0.12843810872210726,0.8477310467509694,0.8379448549000003
Be-Be_2.04_hgbs-5_as-008-012,hgbs-5,jw_signed_baseline,25,0.04,1.0,2,0.08,0.12,22,0.8477373192238458,0.7186585624048326,0.9999992148489905,7.851510095413516e-07,-0.6354648345382273,-0.5610971362154169,0.8477296457030619,0.6354648345382273
Be-Be_2.04_hgbs-5_as-008-012,hgbs-5,jw_signed_baseline,25,0.04,1.0,3,0.12,0.16,21,0.8477374314073955,0.7186587526092088,0.999999214772261,7.852277390529849e-07,0.02369143056554606,-0.8473992257180489,0.8477303413408009,-0.02369143056554606
Be-Be_2.04_hgbs-5_as-008-012,hgbs-5,jw_signed_baseline,25,0.04,1.0,4,0.16,0.2,20,0.8477375308034867,0.7186589211327926,0.999999214673991,7.853260090007197e-07,0.6658251595947561,-0.5247167525667492,0.8477327489094529,-0.6658251595947561
Be-Be_2.04_hgbs-5_as-008-012,hgbs-5,jw_signed_baseline,25,0.04,1.0,5,0.2,0.24,19,0.8477376162180685,0.7186590659510932,0.9999992145526703,7.854473297319586e-07,0.8294626723075224,0.17506054688037367,0.8477349348856585,-0.8294626723075224
Be-Be_2.04_hgbs-5_as-008-012,hgbs-5,jw_signed_baseline,25,0.04,1.0,6,0.24,0.28,18,0.8477376879682945,0.7186591876018295,0.9999992144071599,7.855928401134804e-07,0.3969975595298044,0.7490312434554305,0.8477351390292895,-0.3969975595298044
Be-Be_2.04_hgbs-5_as-008-012,hgbs-5,jw_signed_baseline,25,0.04,1.0,7,0.28,0.32,17,0.8477377476724929,0.7186592888288312,0.999999214237067,7.857629330532134e-07,-0.32077245517103703,0.7847017810748274,0.8477333621006438,0.32077245517103703
Be-Be_2.04_hgbs-5_as-008-012,hgbs-5,jw_signed_baseline,25,0.04,1.0,8,0.32,0.36,16,0.8477377978540458,0.718659373910427,0.9999992140429038,7.859570961832318e-07,-0.8080133117779779,0.25644293043349337,0.8477313776071599,0.8080133117779779
Be-Be_2.04_hgbs-5_as-008-012,hgbs-5,jw_signed_baseline,25,0.04,1.0,9,0.36,0.4,15,0.8477378414328712,0.7186594477972639,0.9999992138260737,7.861739262926548e-07,-0.7145731575222437,-0.4561066574025983,0.8477311368460406,0.7145731575222437
Be-Be_2.04_hgbs-5_as-008-012,hgbs-5,jw_signed_baseline,25,0.04,1.0,10,0.4,0.44,14,0.8477378811962536,0.7186595152151134,0.9999992135887737,7.864112262501166e-07,-0.10760333180883881,-0.8408761858104242,0.8477329985788273,0.10760333180883881
Be-Be_2.04_hgbs-5_as-008-012,hgbs-5,jw_signed_baseline,25,0.04,1.0,11,0.44,0.48,13,0.8477379193423281,0.7186595798908596,0.999999213333703,7.866662969924221e-07,0.576700801959488,-0.621346507882037,0.8477353937626522,-0.576700801959488
Be-Be_2.04_hgbs-5_as-008-012,hgbs-5,jw_signed_baseline,25,0.04,1.0,12,0.48,0.52,12,0.8477379571747745,0.7186596440348598,0.9999992130637235,7.86936276475636e-07,0.8465557541018954,0.044722474245135264,0.8477362470165091,-0.8465557541018954
Be-Be_2.04_hgbs-5_as-008-012,hgbs-5,jw_signed_baseline,25,0.04,1.0,13,0.52,0.56,11,0.8477379949986328,0.7186597081643019,0.999999212781344,7.87218656039812e-07,0.5080235502955017,0.678650492777961,0.847734875419559,-0.5080235502955017
Be-Be_2.04_hgbs-5_as-008-012,hgbs-5,jw_signed_baseline,25,0.04,1.0,14,0.56,0.6,10,0.847738032230465,0.7186597712899808,0.999999212488536,7.875114640398806e-07,-0.19560079592970037,0.8248581359431979,0.8477326322609148,0.19560079592970037
Be-Be_2.04_hgbs-5_as-008-012,hgbs-5,jw_signed_baseline,25,0.04,1.0,15,0.6,0.64,9,0.847738067696441,0.7186598314216955,0.9999992121863356,7.878136644157152e-07,-0.7586524578845018,0.3782796137506761,0.8477316898839846,0.7586524578845018
Be-Be_2.04_hgbs-5_as-008-012,hgbs-5,jw_signed_baseline,25,0.04,1.0,16,0.64,0.68,8,0.8477381000584796,0.7186598862907608,0.9999992118748087,7.881251913310905e-07,-0.7764979890109442,-0.34015026331222126,0.8477330526583318,0.7764979890109442
Be-Be_2.04_hgbs-5_as-008-012,hgbs-5,jw_signed_baseline,25,0.04,1.0,17,0.68,0.72,7,0.847738128284952,0.7186599341480737,0.9999992115531053,7.884468946617318e-07,-0.236308613358806,-0.8141338384783016,0.8477356119115056,0.236308613358806
Be-Be_2.04_hgbs-5_as-008-012,hgbs-5,jw_signed_baseline,25,0.04,1.0,18,0.72,0.76,6,0.8477381520746662,0.7186599744829698,0.9999992112197194,7.887802806472166e-07,0.4737104553951406,-0.7030338810675462,0.8477371252219453,-0.4737104553951406
Be-Be_2.04_hgbs-5_as-008-012,hgbs-5,jw_signed_baseline,25,0.04,1.0,19,0.76,0.8,5,0.8477381721510375,0.7186600085219822,0.999999210872758,7.891272419957573e-07,0.8432921735804324,-0.08668946185954346,0.8477362519200812,-0.8432921735804324
Be-Be_2.04_hgbs-5_as-008-012,hgbs-5,jw_signed_baseline,25,0.04,1.0,20,0.8,0.84,4,0.8477381903664319,0.7186600394057528,0.9999992105103394,7.89489660646403e-07,0.6068327263626291,0.5919515469514317,0.8477337976764254,-0.6068327263626291
Be-Be_2.04_hgbs-5_as-008-012,hgbs-5,jw_signed_baseline,25,0.04,1.0,21,0.84,0.88,3,0.8477382095908046,0.7186600720002229,0.9999992101309569,7.898690430607758e-07,-0.06572680741474125,0.84518019579741,0.8477320193204235,0.06572680741474125
Be-Be_2.04_hgbs-5_as-008-012,hgbs-5,jw_signed_baseline,25,0.04,1.0,22,0.88,0.92,2,0.8477382333968645,0.7186601123628368,0.9999992097337248,7.902662751968492e-07,-0.6910503309106738,0.4910193449228151,0.8477325975448757,0.6910503309106738
Be-Be_2.04_hgbs-5_as-008-012,hgbs-5,jw_signed_baseline,25,0.04,1.0,23,0.92,0.96,1,0.8477382655909946,0.7186601669472277,0.9999992093185663,7.906814336600121e-07,-0.8197510200168728,-0.21601637942826685,0.8477351066223461,0.8197510200168728
Be-Be_2.04_hgbs-5_as-008-012,hgbs-5,jw_signed_baseline,25,0.04,1.0,24,0.96,1.0,0,0.8477383096664489,0.718660241676128,0.9999992088860856,7.911139143779167e-07,-0.35933012083806215,-0.7678154229418843,0.8477373764609657,0.35933012083806215
Be-Be_2.04_hgbs-5_as-008-012,hgbs-5,signed_parent_descendants_round_robin,25,0.04,1.0,0,0.0,0.04,24,0.847720026486495,0.7186292433062639,0.9999998164674263,1.8353257369430054e-07,-0.4385903405012872,0.7254416363721872,0.8477187355269387,0.4385903405012872
Be-Be_2.04_hgbs-5_as-008-012,hgbs-5,signed_parent_descendants_round_robin,25,0.04,1.0,1,0.04,0.08,23,0.8477197738663165,0.7186288150039587,0.99999981646548,1.83534520026285e-07,-0.8379941896639086,0.12802905274858903,0.8477179367325972,0.8379941896639086
Be-Be_2.04_hgbs-5_as-008-012,hgbs-5,signed_parent_descendants_round_robin,25,0.04,1.0,2,0.08,0.12,22,0.8477195291834758,0.7186284001590539,0.9999998164572427,1.8354275732601621e-07,-0.6351921701525074,-0.5613872238766556,0.8477173515712594,0.6351921701525074
Be-Be_2.04_hgbs-5_as-008-012,hgbs-5,signed_parent_descendants_round_robin,25,0.04,1.0,3,0.12,0.16,21,0.8477192961060093,0.7186280049904678,0.9999998164414655,1.8355853448337456e-07,0.024075179681366292,-0.847375349506319,0.8477172861441757,-0.024075179681366292
Be-Be_2.04_hgbs-5_as-008-012,hgbs-5,signed_parent_descendants_round_robin,25,0.04,1.0,4,0.16,0.2,20,0.8477190769693033,0.7186276334576874,0.99999981641666,1.8358333997436915e-07,0.6660417591127548,-0.5244172912705607,0.8477175946419685,-0.6660417591127548
Be-Be_2.04_hgbs-5_as-008-012,hgbs-5,signed_parent_descendants_round_robin,25,0.04,1.0,5,0.2,0.24,19,0.8477188725889969,0.7186272869435599,0.9999998163814637,1.8361853626469582e-07,0.8293730966300088,0.17540167273970741,0.8477178069461189,-0.8293730966300088
Be-Be_2.04_hgbs-5_as-008-012,hgbs-5,signed_parent_descendants_round_robin,25,0.04,1.0,6,0.24,0.28,18,0.8477186823083077,0.7186269643345335,0.9999998163349564,1.8366504361821967e-07,0.39669405932410506,0.7491721197633251,0.8477175483223822,-0.39669405932410506
Be-Be_2.04_hgbs-5_as-008-012,hgbs-5,signed_parent_descendants_round_robin,25,0.04,1.0,7,0.28,0.32,17,0.8477185042644237,0.7186266624723119,0.9999998162769579,1.837230421131153e-07,-0.32105917356024943,0.7845667037103966,0.8477168781487058,0.32105917356024943
Be-Be_2.04_hgbs-5_as-008-012,hgbs-5,signed_parent_descendants_round_robin,25,0.04,1.0,8,0.32,0.36,16,0.84771833582167,0.7186263768882616,0.9999998162081488,1.837918511826686e-07,-0.8080896949725422,0.2561520474453978,0.8477162417526786,0.8080896949725422
Be-Be_2.04_hgbs-5_as-008-012,hgbs-5,signed_parent_descendants_round_robin,25,0.04,1.0,9,0.36,0.4,15,0.8477181740914624,0.7186261026849631,0.9999998161300524,1.8386994760088982e-07,-0.714407024702844,-0.45633884809642306,0.8477160734743326,0.714407024702844
Be-Be_2.04_hgbs-5_as-008-012,hgbs-5,signed_parent_descendants_round_robin,25,0.04,1.0,10,0.4,0.44,14,0.8477180164458302,0.7186258354068529,0.9999998160448921,1.839551079241275e-07,-0.10733423838862972,-0.8408938475882021,0.8477164040185595,0.10733423838862972
Be-Be_2.04_hgbs-5_as-008-012,hgbs-5,signed_parent_descendants_round_robin,25,0.04,1.0,11,0.44,0.48,13,0.8477178609345167,0.7186255717473927,0.9999998159552775,1.8404472246214e-07,0.5768724041222377,-0.6211618523966398,0.8477168262519007,-0.5768724041222377
Be-Be_2.04_hgbs-5_as-008-012,hgbs-5,signed_parent_descendants_round_robin,25,0.04,1.0,12,0.48,0.52,12,0.8477177065348132,0.7186253099726436,0.9999998158638372,1.8413616276191647e-07,0.8465241088475587,0.044953304819810594,0.847716855131698,-0.8465241088475587
Be-Be_2.04_hgbs-5_as-008-012,hgbs-5,signed_parent_descendants_round_robin,25,0.04,1.0,13,0.52,0.56,11,0.8477175531946761,0.7186250499943686,0.9999998157728439,1.8422715608590323e-07,0.5078418750232747,0.6787633321554819,0.8477163624149109,-0.5078418750232747
Be-Be_2.04_hgbs-5_as-008-012,hgbs-5,signed_parent_descendants_round_robin,25,0.04,1.0,14,0.56,0.6,10,0.847717401667845,0.7186247930904825,0.9999998156838975,1.843161024916995e-07,-0.19578696491665248,0.8247965594121206,0.847715695294918,0.19578696491665248
Be-Be_2.04_hgbs-5_as-008-012,hgbs-5,signed_parent_descendants_round_robin,25,0.04,1.0,15,0.6,0.64,9,0.8477172531776126,0.7186245413349965,0.9999998155976949,1.844023050923127e-07,-0.7587176732500375,0.3781122031186653,0.8477153684163108,0.7587176732500375
Be-Be_2.04_hgbs-5_as-008-012,hgbs-5,signed_parent_descendants_round_robin,25,0.04,1.0,16,0.64,0.68,8,0.847717108977121,0.7186242968525282,0.9999998155139759,1.8448602412401982e-07,-0.7764168756199983,-0.34029190005148285,0.8477156020672075,0.7764168756199983
Be-Be_2.04_hgbs-5_as-008-012,hgbs-5,signed_parent_descendants_round_robin,25,0.04,1.0,17,0.68,0.72,7,0.8477169698925989,0.7186240610438894,0.9999998154316889,1.8456831107904748e-07,-0.23616491722887403,-0.8141552391116439,0.8477161208226838,0.23616491722887403
Be-Be_2.04_hgbs-5_as-008-012,hgbs-5,signed_parent_descendants_round_robin,25,0.04,1.0,18,0.72,0.76,6,0.847716835939169,0.718623833934716,0.9999998153491059,1.846508941305558e-07,0.47380159925960513,-0.7029474609204102,0.8477163961345865,-0.47380159925960513
Be-Be_2.04_hgbs-5_as-008-012,hgbs-5,signed_parent_descendants_round_robin,25,0.04,1.0,19,0.76,0.8,5,0.8477167060857184,0.7186236137768203,0.9999998152643007,1.847356992934479e-07,0.8432827147409189,-0.08658452252555665,0.8477161178848687,-0.8432827147409189
Be-Be_2.04_hgbs-5_as-008-012,hgbs-5,signed_parent_descendants_round_robin,25,0.04,1.0,20,0.8,0.84,4,0.847716578218639,0.718623396986718,0.9999998151753846,1.848246153901556e-07,0.606760772547413,0.59199905924792,0.8477154718729367,-0.606760772547413
Be-Be_2.04_hgbs-5_as-008-012,hgbs-5,signed_parent_descendants_round_robin,25,0.04,1.0,21,0.84,0.88,3,0.8477164493183077,0.718623178444839,0.9999998150809224,1.849190776059828e-07,-0.06579205252542351,0.8451580204900481,0.8477149720125065,0.06579205252542351
Be-Be_2.04_hgbs-5_as-008-012,hgbs-5,signed_parent_descendants_round_robin,25,0.04,1.0,22,0.88,0.92,2,0.8477163158241879,0.7186229521145344,0.9999998149801066,1.8501989340613534e-07,-0.6910647741974157,0.4909686259580699,0.8477149956274693,0.6910647741974157
Be-Be_2.04_hgbs-5_as-008-012,hgbs-5,signed_parent_descendants_round_robin,25,0.04,1.0,23,0.92,0.96,1,0.8477161741301511,0.7186227118818607,0.9999998148728588,1.8512714117235873e-07,-0.8197240284319194,-0.21604162167162275,0.8477154387429539,0.8197240284319194
Be-Be_2.04_hgbs-5_as-008-012,hgbs-5,signed_parent_descendants_round_robin,25,0.04,1.0,24,0.96,1.0,0,0.8477160211278872,0.7186224524768965,0.9999998147597685,1.8524023148724922e-07,-0.35931122623845546,-0.7678004458812839,0.8477158026110407,0.35931122623845546
Be-Be_2.04_hgbs-5_as-008-012,hgbs-5,fermionic_signed_reference,50,0.02,1.0,0,0.0,0.02,49,0.4342141518120197,0.1885419296338317,0.9999999996642153,3.3578473335182935e-10,-0.1386685733764479,0.4114763154787426,0.43421392359322264,0.1386685733764479
Be-Be_2.04_hgbs-5_as-008-012,hgbs-5,fermionic_signed_reference,50,0.02,1.0,1,0.02,0.04,48,0.434214112892062,0.18854189583464037,0.9999999996641935,3.35806493723112e-10,-0.3000033173815385,0.3139103595915217,0.43421389233741314,0.3000033173815385
Be-Be_2.04_hgbs-5_as-008-012,hgbs-5,fermionic_signed_reference,50,0.02,1.0,2,0.04,0.06,47,0.4342140742488966,0.18854186227582628,0.9999999996641775,3.358224809346666e-10,-0.4047748380238017,0.15715917985231556,0.4342138612585363,0.4047748380238017
Be-Be_2.04_hgbs-5_as-008-012,hgbs-5,fermionic_signed_reference,50,0.02,1.0,3,0.06,0.08,46,0.4342140360394928,0.18854182909370595,0.9999999996641307,3.358693323463058e-10,-0.4332293437487227,-0.0292230446609518,0.4342138305307708,0.4332293437487227
Be-Be_2.04_hgbs-5_as-008-012,hgbs-5,fermionic_signed_reference,50,0.02,1.0,4,0.08,0.1,45,0.43421399840673697,0.18854179641236576,0.9999999996640653,3.359347244824562e-10,-0.3800020016245552,-0.2100954619723081,0.43421380031043005,0.3800020016245552
Be-Be_2.04_hgbs-5_as-008-012,hgbs-5,fermionic_signed_reference,50,0.02,1.0,5,0.1,0.12,44,0.43421396147499924,0.18854176433981215,0.9999999996639458,3.3605418447990587e-10,-0.25512842113307993,-0.3513560692839492,0.434213770731106,0.25512842113307993
Be-Be_2.04_hgbs-5_as-008-012,hgbs-5,fermionic_signed_reference,50,0.02,1.0,6,0.12,0.14,43,0.4342139253464176,0.18854173296474433,0.9999999996637708,3.362291556285868e-10,-0.08215251141698969,-0.4263713622213026,0.4342137418997329,0.08215251141698969
Be-Be_2.04_hgbs-5_as-008-012,hgbs-5,fermionic_signed_reference,50,0.02,1.0,7,0.14,0.16,42,0.4342138900981945,0.18854170235420692,0.9999999996635497,3.3645031205509213e-10,0.10631253691756835,-0.4209978548967447,0.43421371389387253,-0.10631253691756835
Be-Be_2.04_hgbs-5_as-008-012,hgbs-5,fermionic_signed_reference,50,0.02,1.0,8,0.16,0.18,41,0.43421385578077326,0.18854167255200618,0.9999999996632449,3.3675506827535173e-10,0.2747332029778718,-0.33624870698822257,0.4342136867600238,-0.2747332029778718
Be-Be_2.04_hgbs-5_as-008-012,hgbs-5,fermionic_signed_reference,50,0.02,1.0,9,0.18,0.2,40,0.4342138224172365,0.1885416435781874,0.9999999996628502,3.37149752560606e-10,0.3913551850290027,-0.18810269037771774,0.4342136605133704,-0.3913551850290027
Be-Be_2.04_hgbs-5_as-008-012,hgbs-5,fermionic_signed_reference,50,0.02,1.0,10,0.2,0.22,39,0.4342137900037043,0.188541615429381,0.9999999996623886,3.376113832942451e-10,0.43419040434337147,-0.0044915160590833945,0.43421363513870614,-0.43419040434337147
Be-Be_2.04_hgbs-5_as-008-012,hgbs-5,fermionic_signed_reference,50,0.02,1.0,11,0.22,0.24,38,0.434213758510824,0.1885415880800962,0.9999999996617972,3.3820279909946294e-10,0.3951626654815783,0.17996646196807614,0.4342136105925432,-0.3951626654815783
Be-Be_2.04_hgbs-5_as-008-012,hgbs-5,fermionic_signed_reference,50,0.02,1.0,12,0.24,0.26,37,0.4342137278862931,0.1885415614849118,0.999999999661126,3.388740399401513e-10,0.28163034584535185,0.3304932484428756,0.4342135868064204,-0.28163034584535185
Be-Be_2.04_hgbs-5_as-008-012,hgbs-5,fermionic_signed_reference,50,0.02,1.0,13,0.26,0.28,36,0.4342136980581615,0.18854153558134426,0.9999999996603363,3.396637415775672e-10,0.11499902676431949,0.418708302684018,0.4342135636910389,-0.11499902676431949
Be-Be_2.04_hgbs-5_as-008-012,hgbs-5,fermionic_signed_reference,50,0.02,1.0,14,0.28,0.3,35,0.4342136689389306,0.18854151029340724,0.9999999996594438,3.4055624986706334e-10,-0.07331435485707391,0.42797944422868706,0.4342135411412279,0.07331435485707391
Be-Be_2.04_hgbs-5_as-008-012,hgbs-5,fermionic_signed_reference,50,0.02,1.0,15,0.3,0.32,34,0.4342136404301132,0.18854148553557162,0.9999999996584685,3.415314697718941e-10,-0.24780490757566148,0.3565587018987797,0.43421351904141003,0.24780490757566148
Be-Be_2.04_hgbs-5_as-008-012,hgbs-5,fermionic_signed_reference,50,0.02,1.0,16,0.32,0.34,33,0.434213612427105,0.18854146121699616,0.9999999996574006,3.42599393299281e-10,-0.3755739312696498,0.21791187063401551,0.43421349727127956,0.3755739312696498
Be-Be_2.04_hgbs-5_as-008-012,hgbs-5,fermionic_signed_reference,50,0.02,1.0,17,0.34,0.36,32,0.4342135848241824,0.18854143724586744,0.9999999996562616,3.4373837110024397e-10,-0.4325316836269645,0.03817964311461689,0.4342134757115859,0.4325316836269645
Be-Be_2.04_hgbs-5_as-008-012,hgbs-5,fermionic_signed_reference,50,0.02,1.0,18,0.36,0.38,31,0.43421355751927704,0.18854141353354653,0.9999999996550829,3.449170948854885e-10,-0.4079392894364233,-0.14875099994757934,0.4342134542495185,0.4079392894364233
Be-Be_2.04_hgbs-5_as-008-012,hgbs-5,fermionic_signed_reference,50,0.02,1.0,19,0.38,0.4,30,0.43421353041860344,0.18854138999858744,0.9999999996538528,3.4614722199677317e-10,-0.3064334560673241,-0.30763589226973,0.4342134327838759,0.3064334560673241
Be-Be_2.04_hgbs-5_as-008-012,hgbs-5,fermionic_signed_reference,50,0.02,1.0,20,0.4,0.42,29,0.4342135034403996,0.1885413665699859,0.9999999996526128,3.47387230092977e-10,-0.14715225433154627,-0.4085186660807172,0.43421341122911505,0.14715225433154627
Be-Be_2.04_hgbs-5_as-008-012,hgbs-5,fermionic_signed_reference,50,0.02,1.0,21,0.42,0.44,28,0.43421347651829095,0.1885413431901004,0.999999999651392,3.4860803133085483e-10,0.03987320673172647,-0.4323787633804399,0.434213389518874,-0.03987320673172647
Be-Be_2.04_hgbs-5_as-008-012,hgbs-5,fermionic_signed_reference,50,0.02,1.0,22,0.44,0.46,27,0.43421344960358765,0.18854131981664735,0.999999999650184,3.49815953981647e-10,0.21938089071934214,-0.37471759152310824,0.43421336760824275,-0.21938089071934214
Be-Be_2.04_hgbs-5_as-008-012,hgbs-5,fermionic_signed_reference,50,0.02,1.0,23,0.46,0.48,26,0.4342134226667095,0.1885412964239385,0.9999999996490545,3.5094549488690063e-10,0.3575261870288797,-0.2464066861453774,0.43421334547495893,-0.3575261870288797
Be-Be_2.04_hgbs-5_as-008-012,hgbs-5,fermionic_signed_reference,50,0.02,1.0,24,0.48,0.5,25,0.4342133956975356,0.1885412730031846,0.9999999996479964,3.5200364845167087e-10,0.42826301645615666,-0.07163796975234676,0.4342133231193678,-0.42826301645615666
Be-Be_2.04_hgbs-5_as-008-012,hgbs-5,fermionic_signed_reference,50,0.02,1.0,25,0.5,0.52,24,0.43421336870482663,0.18854124956199372,0.9999999996470427,3.529573300298239e-10,0.4182545876437814,0.1166374309601288,0.43421330056326973,-0.4182545876437814
Be-Be_2.04_hgbs-5_as-008-012,hgbs-5,fermionic_signed_reference,50,0.02,1.0,26,0.52,0.54,23,0.4342133417146342,0.18854122612298968,0.9999999996461895,3.538105364242483e-10,0.32938792536673955,0.28292183599327075,0.4342132778476586,-0.32938792536673955
Be-Be_2.04_hgbs-5_as-008-012,hgbs-5,fermionic_signed_reference,50,0.02,1.0,27,0.54,0.56,22,0.4342133147677927,0.1885412027216342,0.9999999996454901,3.545098659074597e-10,0.17841808032720488,0.395863789017871,0.4342132550294042,-0.17841808032720488
Be-Be_2.04_hgbs-5_as-008-012,hgbs-5,fermionic_signed_reference,50,0.02,1.0,28,0.56,0.58,21,0.43421328791666797,0.18854117940340318,0.9999999996449269,3.5507308204785204e-10,-0.006190896095620861,0.4341690958638706,0.43421323217713853,0.006190896095620861
Be-Be_2.04_hgbs-5_as-008-012,hgbs-5,fermionic_signed_reference,50,0.02,1.0,29,0.58,0.6,20,0.4342132612213631,0.1885411562204917,0.9999999996445225,3.55477536295723e-10,-0.18963260352351677,0.39061565108085355,0.43421320936658114,0.18963260352351677
Be-Be_2.04_hgbs-5_as-008-012,hgbs-5,fermionic_signed_reference,50,0.02,1.0,30,0.6,0.62,19,0.4342132347453758,0.18854113322804286,0.9999999996442593,3.5574065915255915e-10,-0.33732073424693787,0.27341509418802434,0.4342131866753237,0.33732073424693787
Be-Be_2.04_hgbs-5_as-008-012,hgbs-5,fermionic_signed_reference,50,0.02,1.0,31,0.62,0.64,18,0.4342132085512114,0.18854111048033784,0.9999999996441515,3.5584846180825025e-10,-0.4214100138868171,0.10466456965485743,0.4342131641776006,0.4214100138868171
Be-Be_2.04_hgbs-5_as-008-012,hgbs-5,fermionic_signed_reference,50,0.02,1.0,32,0.64,0.66,17,0.43421318269583853,0.18854108802684963,0.9999999996441942,3.5580582924410464e-10,-0.42604617593615757,-0.08381950013427077,0.4342131419390509,0.42604617593615757
Be-Be_2.04_hgbs-5_as-008-012,hgbs-5,fermionic_signed_reference,50,0.02,1.0,33,0.66,0.68,16,0.43421315722650766,0.18854106590861186,0.9999999996443674,3.556326344522631e-10,-0.35035513555513903,-0.2565001219894902,0.4342131200119167,0.35035513555513903
Be-Be_2.04_hgbs-5_as-008-012,hgbs-5,fermionic_signed_reference,50,0.02,1.0,34,0.68,0.7000000000000001,15,0.43421313217688634,0.18854104415486217,0.999999999644675,3.553249916521395e-10,-0.20860778259263335,-0.380819915301975,0.4342130984307346,0.20860778259263335
Be-Be_2.04_hgbs-5_as-008-012,hgbs-5,fermionic_signed_reference,50,0.02,1.0,35,0.7000000000000001,0.72,14,0.4342131075639099,0.1885410227803076,0.9999999996451175,3.548824567545239e-10,-0.027529325826131917,-0.4333395119750824,0.43421307720892505,0.027529325826131917
Be-Be_2.04_hgbs-5_as-008-012,hgbs-5,fermionic_signed_reference,50,0.02,1.0,36,0.72,0.74,13,0.43421308338527725,0.18854100178294972,0.9999999996456298,3.5437019985096185e-10,0.15873951057138644,-0.40415683351440596,0.43421305633621216,-0.15873951057138644
Be-Be_2.04_hgbs-5_as-008-012,hgbs-5,fermionic_signed_reference,50,0.02,1.0,37,0.74,0.76,12,0.4342130596179778,0.1885409811428055,0.999999999646235,3.537650172802387e-10,0.31507941586014765,-0.2987740319039642,0.43421303577728165,-0.31507941586014765
Be-Be_2.04_hgbs-5_as-008-012,hgbs-5,fermionic_signed_reference,50,0.02,1.0,38,0.76,0.78,11,0.43421303621772595,0.18854096082141616,0.9999999996469034,3.5309655199711187e-10,0.4120139213985453,-0.13706010133758523,0.43421301547152613,-0.4120139213985453
Be-Be_2.04_hgbs-5_as-008-012,hgbs-5,fermionic_signed_reference,50,0.02,1.0,39,0.78,0.8,10,0.4342130131193499,0.18854094076218472,0.9999999996476209,3.523791258785991e-10,0.43126691889982943,0.05049524709830399,0.4342129953339384,-0.43126691889982943
Be-Be_2.04_hgbs-5_as-008-012,hgbs-5,fermionic_signed_reference,50,0.02,1.0,40,0.8,0.8200000000000001,9,0.43421299023833027,0.1885409208917123,0.9999999996483707,3.5162928124776727e-10,0.36920844956127796,0.22853014823950912,0.4342129752573209,-0.36920844956127796
Be-Be_2.04_hgbs-5_as-008-012,hgbs-5,fermionic_signed_reference,50,0.02,1.0,41,0.8200000000000001,0.84,8,0.43421296747316934,0.18854090112185562,0.9999999996491532,3.5084679606001146e-10,0.2375390932934571,0.3634777428501114,0.4342129551154473,-0.2375390932934571
Be-Be_2.04_hgbs-5_as-008-012,hgbs-5,fermionic_signed_reference,50,0.02,1.0,42,0.84,0.86,7,0.43421294470865,0.18854088135255714,0.9999999996499294,3.50070639143496e-10,0.061083924374701726,0.4298949021588299,0.4342129347672225,-0.061083924374701726
Be-Be_2.04_hgbs-5_as-008-012,hgbs-5,fermionic_signed_reference,50,0.02,1.0,43,0.86,0.88,6,0.43421292181986837,0.1885408614753471,0.9999999996507248,3.492751643463521e-10,-0.1268880352940843,0.41525929398046263,0.43421291406169055,0.1268880352940843
Be-Be_2.04_hgbs-5_as-008-012,hgbs-5,fermionic_signed_reference,50,0.02,1.0,44,0.88,0.9,5,0.4342128986767494,0.188540841377265,0.999999999651499,3.4850100583128096e-10,-0.29093638966164004,0.32233034837290997,0.4342128928435349,0.29093638966164004
Be-Be_2.04_hgbs-5_as-008-012,hgbs-5,fermionic_signed_reference,50,0.02,1.0,45,0.9,0.92,4,0.4342128751489601,0.18854082094512645,0.9999999996522645,3.477355070558019e-10,-0.4001313315299885,0.16862898574818985,0.43421287095896266,0.4001313315299885
Be-Be_2.04_hgbs-5_as-008-012,hgbs-5,fermionic_signed_reference,50,0.02,1.0,46,0.92,0.9400000000000001,3,0.4342128511109345,0.18854080006988658,0.9999999996530188,3.469812215328716e-10,-0.43388517195075876,-0.016865798431572543,0.43421284826162615,0.43388517195075876
Be-Be_2.04_hgbs-5_as-008-012,hgbs-5,fermionic_signed_reference,50,0.02,1.0,47,0.9400000000000001,0.96,2,0.43421282644695325,0.18854077865105193,0.9999999996537818,3.462181652480467e-10,-0.38583395510139407,-0.1991806620985556,0.43421282461853145,0.38583395510139407
Be-Be_2.04_hgbs-5_as-008-012,hgbs-5,fermionic_signed_reference,50,0.02,1.0,48,0.96,0.98,1,0.43421280105572524,0.1885407566006588,0.9999999996545179,3.4548208738272024e-10,-0.26503731693245114,-0.34394182101556253,0.4342127999152648,0.26503731693245114
Be-Be_2.04_hgbs-5_as-008-012,hgbs-5,fermionic_signed_reference,50,0.02,1.0,49,0.98,1.0,0,0.43421277485473864,0.18854073384705194,0.9999999996552864,3.447135910050747e-10,-0.09427036692353369,-0.4238559083907424,0.4342127740608734,0.09427036692353369
Be-Be_2.04_hgbs-5_as-008-012,hgbs-5,fermionic_magnitude_reference,50,0.02,1.0,0,0.0,0.02,49,0.4342143703902317,0.1885421194533853,0.9999999981776196,1.822380357729969e-09,-0.1386523334024269,0.4114803479840295,0.4342125589328293,0.1386523334024269
Be-Be_2.04_hgbs-5_as-008-012,hgbs-5,fermionic_magnitude_reference,50,0.02,1.0,1,0.02,0.04,48,0.4342143532523467,0.18854210457035372,0.9999999981776637,1.8223362818758915e-09,-0.29999044366444877,0.3139208912155925,0.4342126117831962,0.29999044366444877
Be-Be_2.04_hgbs-5_as-008-012,hgbs-5,fermionic_magnitude_reference,50,0.02,1.0,2,0.04,0.06,47,0.43421433639043844,0.18854208992698884,0.9999999981777226,1.8222774400555863e-09,-0.40476775674860693,0.1571741082373676,0.4342126635687992,0.40476775674860693
Be-Be_2.04_hgbs-5_as-008-012,hgbs-5,fermionic_magnitude_reference,50,0.02,1.0,3,0.06,0.08,46,0.434214319962125,0.18854207566017067,0.9999999981777772,1.8222228170827748e-09,-0.43322933129493674,-0.029206641491248773,0.43421271446314924,0.43322933129493674
Be-Be_2.04_hgbs-5_as-008-012,hgbs-5,fermionic_magnitude_reference,50,0.02,1.0,4,0.08,0.1,45,0.43421430411144923,0.18854206189499012,0.9999999981778268,1.822173190113574e-09,-0.38000895322470046,-0.21008074740554092,0.4342127646228324,0.38000895322470046
Be-Be_2.04_hgbs-5_as-008-012,hgbs-5,fermionic_magnitude_reference,50,0.02,1.0,5,0.1,0.12,44,0.43421428896447606,0.18854204874092553,0.9999999981778357,1.822164308329377e-09,-0.2551408922104774,-0.35134583122974616,0.4342128141827228,0.2551408922104774
Be-Be_2.04_hgbs-5_as-008-012,hgbs-5,fermionic_magnitude_reference,50,0.02,1.0,6,0.12,0.14,43,0.4342142746257503,0.1885420362887665,0.9999999981778173,1.8221827380315858e-09,-0.08216801946990183,-0.42636747904835803,0.4342128632521821,0.08216801946990183
Be-Be_2.04_hgbs-5_as-008-012,hgbs-5,fermionic_magnitude_reference,50,0.02,1.0,7,0.14,0.16,42,0.43421426117552026,0.1885420246082029,0.9999999981777397,1.8222603426210071e-09,0.10629701317980897,-0.42100094757658163,0.4342129119122647,-0.10629701317980897
Be-Be_2.04_hgbs-5_as-008-012,hgbs-5,fermionic_magnitude_reference,50,0.02,1.0,8,0.16,0.18,41,0.43421424866800434,0.18854201374631951,0.9999999981775667,1.8224333153682437e-09,0.2747206284116354,-0.33625804249558605,0.4342129602140489,-0.2747206284116354
Be-Be_2.04_hgbs-5_as-008-012,hgbs-5,fermionic_magnitude_reference,50,0.02,1.0,9,0.18,0.2,40,0.43421423713066754,0.18854200372696758,0.9999999981773118,1.8226882225746976e-09,0.3913478951510573,-0.1881163507832881,0.43421300817822583,-0.3913478951510573
Be-Be_2.04_hgbs-5_as-008-012,hgbs-5,fermionic_magnitude_reference,50,0.02,1.0,10,0.2,0.22,39,0.4342142265645399,0.1885419945510416,0.9999999981769463,1.8230537079944042e-09,0.4341896666450402,-0.004506795114383299,0.4342130557958088,-0.4341896666450402
Be-Be_2.04_hgbs-5_as-008-012,hgbs-5,fermionic_magnitude_reference,50,0.02,1.0,11,0.22,0.24,38,0.4342142169455412,0.1885419861976295,0.9999999981764487,1.8235513099540412e-09,0.39516845829562186,0.17995251710165902,0.43421310303002314,-0.39516845829562186
Be-Be_2.04_hgbs-5_as-008-012,hgbs-5,fermionic_magnitude_reference,50,0.02,1.0,12,0.24,0.26,37,0.434214208226871,0.18854197862608849,0.9999999981758381,1.824161932617585e-09,0.28164139352840306,0.33048325967804415,0.4342131498193558,-0.28164139352840306
Be-Be_2.04_hgbs-5_as-008-012,hgbs-5,fermionic_magnitude_reference,50,0.02,1.0,13,0.26,0.28,36,0.4342142003420225,0.18854197177866205,0.9999999981750676,1.824932427396675e-09,0.1150130785523796,0.41870406185400033,0.4342131960812964,-0.1150130785523796
Be-Be_2.04_hgbs-5_as-008-012,hgbs-5,fermionic_magnitude_reference,50,0.02,1.0,14,0.28,0.3,35,0.434214193208691,0.1885419655838744,0.999999998174176,1.8258240475077514e-09,-0.0733000628238247,0.42798158847364254,0.4342132417170151,0.0733000628238247
Be-Be_2.04_hgbs-5_as-008-012,hgbs-5,fermionic_magnitude_reference,50,0.02,1.0,15,0.3,0.32,34,0.43421418673305817,0.1885419599602511,0.9999999981731544,1.826845563712709e-09,-0.2477931023927426,0.3565666230605736,0.43421328661642933,0.2477931023927426
Be-Be_2.04_hgbs-5_as-008-012,hgbs-5,fermionic_magnitude_reference,50,0.02,1.0,16,0.32,0.34,33,0.43421418081441293,0.18854195482033168,0.9999999981719996,1.828000417702924e-09,-0.3755667760057108,0.21792387039193775,0.4342133306635413,0.3755667760057108
Be-Be_2.04_hgbs-5_as-008-012,hgbs-5,fermionic_magnitude_reference,50,0.02,1.0,17,0.34,0.36,32,0.43421417534989903,0.18854195007479285,0.9999999981707436,1.8292564130106825e-09,-0.4325303758467826,0.03819329661275976,0.4342133737418843,0.4325303758467826
Be-Be_2.04_hgbs-5_as-008-012,hgbs-5,fermionic_magnitude_reference,50,0.02,1.0,18,0.36,0.38,31,0.4342141702390808,0.18854194563641347,0.9999999981694021,1.8305978954913371e-09,-0.4079438610419622,-0.148738349615956,0.43421341573965916,0.4079438610419622
Be-Be_2.04_hgbs-5_as-008-012,hgbs-5,fermionic_magnitude_reference,50,0.02,1.0,19,0.38,0.4,30,0.4342141653882464,0.18854194142381142,0.9999999981679903,1.8320096550894505e-09,-0.3064428079278727,-0.30762661023109156,0.434213456554482,0.3064428079278727
Be-Be_2.04_hgbs-5_as-008-012,hgbs-5,fermionic_magnitude_reference,50,0.02,1.0,20,0.4,0.42,29,0.4342141607141721,0.18854193736471292,0.9999999981665509,1.833449059240877e-09,-0.14716441149669712,-0.40851437695878406,0.4342134960974759,0.14716441149669712
Be-Be_2.04_hgbs-5_as-008-012,hgbs-5,fermionic_magnitude_reference,50,0.02,1.0,21,0.42,0.44,28,0.43421415614717873,0.18854193339860653,0.9999999981650761,1.834923879506789e-09,0.03986067699869847,-0.4323800640587184,0.43421353429645193,-0.03986067699869847
Be-Be_2.04_hgbs-5_as-008-012,hgbs-5,fermionic_magnitude_reference,50,0.02,1.0,22,0.44,0.46,27,0.4342141516334367,0.18854192947874515,0.9999999981636216,1.8363783826913505e-09,0.21937038659012784,-0.37472397683251174,0.4342135710982269,-0.21937038659012784
Be-Be_2.04_hgbs-5_as-008-012,hgbs-5,fermionic_magnitude_reference,50,0.02,1.0,23,0.46,0.48,26,0.43421414713636847,0.18854192557336383,0.9999999981622338,1.837766161472132e-09,0.3575196059726318,-0.24641669462254648,0.4342136064698195,-0.3575196059726318
Be-Be_2.04_hgbs-5_as-008-012,hgbs-5,fermionic_magnitude_reference,50,0.02,1.0,24,0.48,0.5,25,0.43421414263700114,0.188541921665986,0.9999999981608969,1.8391030920383855e-09,0.4282614072155942,-0.07164951219526529,0.4342136403984799,-0.4282614072155942
Be-Be_2.04_hgbs-5_as-008-012,hgbs-5,fermionic_magnitude_reference,50,0.02,1.0,25,0.5,0.52,24,0.43421413813350596,0.18854191775502338,0.9999999981596481,1.8403518708964839e-09,0.41825798524411606,0.11662663291376055,0.434213672890742,-0.41825798524411606
Be-Be_2.04_hgbs-5_as-008-012,hgbs-5,fermionic_magnitude_reference,50,0.02,1.0,26,0.52,0.54,23,0.43421413363974426,0.1885419138525137,0.9999999981585288,1.841471197749911e-09,0.32939539476613516,0.2829137936236561,0.43421370397036835,-0.32939539476613516
Be-Be_2.04_hgbs-5_as-008-012,hgbs-5,fermionic_magnitude_reference,50,0.02,1.0,27,0.54,0.56,22,0.43421412918292623,0.18854190998208697,0.9999999981575385,1.8424615166878766e-09,0.17842795108019205,0.3958598650856033,0.43421373367532656,-0.17842795108019205
Be-Be_2.04_hgbs-5_as-008-012,hgbs-5,fermionic_magnitude_reference,50,0.02,1.0,28,0.56,0.58,21,0.4342141248006731,0.18854190617641453,0.9999999981566912,1.8433088389002705e-09,-0.0061806599520592915,0.43416977163285053,0.43421376205408846,0.0061806599520592915
Be-Be_2.04_hgbs-5_as-008-012,hgbs-5,fermionic_magnitude_reference,50,0.02,1.0,29,0.58,0.6,20,0.4342141205373904,0.1885419024740594,0.9999999981560072,1.843992847305742e-09,-0.1896239795157153,0.3906204821695588,0.4342137891612322,0.1896239795157153
Be-Be_2.04_hgbs-5_as-008-012,hgbs-5,fermionic_magnitude_reference,50,0.02,1.0,30,0.6,0.62,19,0.43421411644028235,0.18854189891601508,0.9999999981554701,1.8445298621827533e-09,-0.3373152523031026,0.2734228552010892,0.4342138150527014,0.3373152523031026
Be-Be_2.04_hgbs-5_as-008-012,hgbs-5,fermionic_magnitude_reference,50,0.02,1.0,31,0.62,0.64,18,0.4342141125553005,0.18854189554218717,0.9999999981550964,1.8449035632528421e-09,-0.42140847983092866,0.10467354863559111,0.434213839781025,0.42140847983092866
Be-Be_2.04_hgbs-5_as-008-012,hgbs-5,fermionic_magnitude_reference,50,0.02,1.0,32,0.64,0.66,17,0.43421410892286044,0.18854189238767372,0.9999999981548705,1.8451294936383533e-09,-0.42604855869712505,-0.08381112570848974,0.4342138633904057,0.42604855869712505
Be-Be_2.04_hgbs-5_as-008-012,hgbs-5,fermionic_magnitude_reference,50,0.02,1.0,33,0.66,0.68,16,0.4342141055740083,0.18854188947943604,0.999999998154751,1.845248953635803e-09,-0.3503606326930515,-0.25649390982645587,0.4342138859123893,0.3503606326930515
Be-Be_2.04_hgbs-5_as-008-012,hgbs-5,fermionic_magnitude_reference,50,0.02,1.0,34,0.68,0.7000000000000001,15,0.43421410252683906,0.18854188683318832,0.9999999981547688,1.845231190067409e-09,-0.2086150406510025,-0.3808168617073503,0.4342139073618607,0.2086150406510025
Be-Be_2.04_hgbs-5_as-008-012,hgbs-5,fermionic_magnitude_reference,50,0.02,1.0,35,0.7000000000000001,0.72,14,0.4342140997835903,0.18854188445087372,0.9999999981548966,1.8451034033972746e-09,-0.027536760437953674,-0.43333989184326605,0.43421392773395784,0.027536760437953674
Be-Be_2.04_hgbs-5_as-008-012,hgbs-5,fermionic_magnitude_reference,50,0.02,1.0,36,0.72,0.74,13,0.4342140973284277,0.18854188231874128,0.999999998155091,1.8449090033456628e-09,0.15873336843815372,-0.4041602027849138,0.43421394700178084,-0.15873336843815372
Be-Be_2.04_hgbs-5_as-008-012,hgbs-5,fermionic_magnitude_reference,50,0.02,1.0,37,0.74,0.76,12,0.43421409512607967,0.18854188040616018,0.9999999981553465,1.8446535410276965e-09,0.31507562308826914,-0.2987793822146842,0.43421396511518306,-0.31507562308826914
Be-Be_2.04_hgbs-5_as-008-012,hgbs-5,fermionic_magnitude_reference,50,0.02,1.0,38,0.76,0.78,11,0.43421409312146814,0.18854187866529898,0.9999999981556388,1.8443612193053127e-09,0.41201293641407977,-0.1370661241603577,0.4342139820006895,-0.41201293641407977
Be-Be_2.04_hgbs-5_as-008-012,hgbs-5,fermionic_magnitude_reference,50,0.02,1.0,39,0.78,0.8,10,0.43421409124017546,0.18854187703153144,0.9999999981559525,1.8440474702785536e-09,0.43126855970532263,0.05048985134517003,0.43421399756244705,-0.43126855970532263
Be-Be_2.04_hgbs-5_as-008-012,hgbs-5,fermionic_magnitude_reference,50,0.02,1.0,40,0.8,0.8200000000000001,9,0.43421408939000816,0.188541875424794,0.9999999981562495,1.8437504856194664e-09,0.36921199634804586,0.2285263873073287,0.4342140116843866,-0.36921199634804586
Be-Be_2.04_hgbs-5_as-008-012,hgbs-5,fermionic_magnitude_reference,50,0.02,1.0,41,0.8200000000000001,0.84,8,0.43421408746331636,0.18854187375160053,0.9999999981565273,1.8434727078187052e-09,0.23754350355065185,0.36347613781615606,0.4342140242332896,-0.23754350355065185
Be-Be_2.04_hgbs-5_as-008-012,hgbs-5,fermionic_magnitude_reference,50,0.02,1.0,42,0.84,0.86,7,0.4342140853402392,0.18854187190786054,0.9999999981567852,1.8432148030100848e-09,0.06108810452768724,0.42989541952759036,0.43421403506288064,-0.06108810452768724
Be-Be_2.04_hgbs-5_as-008-012,hgbs-5,fermionic_magnitude_reference,50,0.02,1.0,43,0.86,0.88,6,0.4342140828925999,0.18854186978226162,0.9999999981569878,1.8430121873080907e-09,-0.12688496801302618,0.41526141274539624,0.4342140440185796,0.12688496801302618
Be-Be_2.04_hgbs-5_as-008-012,hgbs-5,fermionic_magnitude_reference,50,0.02,1.0,44,0.88,0.9,5,0.4342140799882878,0.18854186726007519,0.9999999981571479,1.8428520931479397e-09,-0.29093491620583795,0.32233323838610967,0.4342140509428208,0.29093491620583795
Be-Be_2.04_hgbs-5_as-008-012,hgbs-5,fermionic_magnitude_reference,50,0.02,1.0,45,0.9,0.92,4,0.4342140764959623,0.18854186422724137,0.9999999981572477,1.842752284098026e-09,-0.4001314528190855,0.1686317485395567,0.43421405568062893,0.4001314528190855
Be-Be_2.04_hgbs-5_as-008-012,hgbs-5,fermionic_magnitude_reference,50,0.02,1.0,46,0.92,0.9400000000000001,3,0.434214072289925,0.1885418605746002,0.9999999981573041,1.842695884768375e-09,-0.43388645693236505,-0.016863888330168334,0.4342140580853336,0.43388645693236505
Be-Be_2.04_hgbs-5_as-008-012,hgbs-5,fermionic_magnitude_reference,50,0.02,1.0,47,0.9400000000000001,0.96,2,0.4342140672549707,0.1885418562021042,0.9999999981573277,1.842672348040253e-09,-0.3858356976439152,-0.19917997542284788,0.4342140580241651,0.3858356976439152
Be-Be_2.04_hgbs-5_as-008-012,hgbs-5,fermionic_magnitude_reference,50,0.02,1.0,48,0.96,0.98,1,0.4342140612907366,0.18854185102259555,0.9999999981573082,1.8426917769431839e-09,-0.2650387579053866,-0.34394229559667194,0.434214055383216,0.2650387579053866
Be-Be_2.04_hgbs-5_as-008-012,hgbs-5,fermionic_magnitude_reference,50,0.02,1.0,49,0.98,1.0,0,0.43421405431587884,0.18854184496543297,0.9999999981572726,1.8427274151022743e-09,-0.0942709224827317,-0.4238570920183636,0.4342140500720914,0.0942709224827317
Be-Be_2.04_hgbs-5_as-008-012,hgbs-5,jw_signed_baseline,50,0.02,1.0,0,0.0,0.02,49,0.4342172263657728,0.1885445996727848,0.9999999508978884,4.910211159891986e-08,-0.13859126906203764,0.4115053238433993,0.43421673322395926,0.13859126906203764
Be-Be_2.04_hgbs-5_as-008-012,hgbs-5,jw_signed_baseline,50,0.02,1.0,1,0.02,0.04,48,0.43421724383865323,0.18854461484683643,0.9999999508973026,4.9102697352587654e-08,-0.2999465270746624,0.31396842126601066,0.43421663793136983,0.2999465270746624
Be-Be_2.04_hgbs-5_as-008-012,hgbs-5,jw_signed_baseline,50,0.02,1.0,2,0.04,0.06,47,0.43421726109498754,0.18854462983283257,0.9999999508964087,4.910359130416708e-08,-0.40474839285929926,0.15723458711415392,0.4342165092521749,0.40474839285929926
Be-Be_2.04_hgbs-5_as-008-012,hgbs-5,jw_signed_baseline,50,0.02,1.0,3,0.06,0.08,46,0.4342172779749496,0.18854464449197464,0.9999999508952565,4.910474349362204e-08,-0.43323717433196174,-0.029144781171370284,0.43421638326146755,0.43323717433196174
Be-Be_2.04_hgbs-5_as-008-012,hgbs-5,jw_signed_baseline,50,0.02,1.0,4,0.08,0.1,45,0.4342172943306877,0.18854465869586304,0.9999999508937938,4.910620621245698e-08,-0.3800416304282269,-0.2100289278297545,0.43421629562219477,0.3800416304282269
Be-Be_2.04_hgbs-5_as-008-012,hgbs-5,jw_signed_baseline,50,0.02,1.0,5,0.1,0.12,44,0.4342173100309039,0.18854467233047412,0.999999950892023,4.910797701818126e-08,-0.25519155261796556,-0.3513133121127119,0.43421627306582095,0.25519155261796556
Be-Be_2.04_hgbs-5_as-008-012,hgbs-5,jw_signed_baseline,50,0.02,1.0,6,0.12,0.14,43,0.434217324964466,0.1885446852992967,0.9999999508899373,4.911006268315532e-08,-0.08222663877778216,-0.42635970546384244,0.4342163269246176,0.08222663877778216
Be-Be_2.04_hgbs-5_as-008-012,hgbs-5,jw_signed_baseline,50,0.02,1.0,7,0.14,0.16,42,0.43421733904350246,0.18854469752601996,0.9999999508875166,4.911248341343821e-08,0.10624172335316638,-0.4210185529405852,0.4342164502886033,-0.10624172335316638
Be-Be_2.04_hgbs-5_as-008-012,hgbs-5,jw_signed_baseline,50,0.02,1.0,8,0.16,0.18,41,0.43421735220536445,0.18854470895623754,0.9999999508847609,4.9115239098007635e-08,0.2746790090995889,-0.3362967656903391,0.43421661950426876,-0.2746790090995889
Be-Be_2.04_hgbs-5_as-008-012,hgbs-5,jw_signed_baseline,50,0.02,1.0,9,0.18,0.2,40,0.43421736441368775,0.18854471955836932,0.9999999508816335,4.91183664852457e-08,0.3913272841429181,-0.18816797236453717,0.4342167996962501,-0.3913272841429181
Be-Be_2.04_hgbs-5_as-008-012,hgbs-5,jw_signed_baseline,50,0.02,1.0,10,0.2,0.22,39,0.4342173756583989,0.18854472932366712,0.9999999508781692,4.912183082517174e-08,0.43419299881100365,-0.004560929156131926,0.4342169530214815,-0.43419299881100365
Be-Be_2.04_hgbs-5_as-008-012,hgbs-5,jw_signed_baseline,50,0.02,1.0,11,0.22,0.24,38,0.4342173859546968,0.18854473826533008,0.9999999508743066,4.9125693402096715e-08,0.39519387624947133,0.17990621080044436,0.43421704769579966,-0.39519387624947133
Be-Be_2.04_hgbs-5_as-008-012,hgbs-5,jw_signed_baseline,50,0.02,1.0,12,0.24,0.26,37,0.43421739534110465,0.18854474641681318,0.9999999508700815,4.912991846683923e-08,0.28168292236563297,0.3304530092635885,0.43421706562939755,-0.28168292236563297
Be-Be_2.04_hgbs-5_as-008-012,hgbs-5,jw_signed_baseline,50,0.02,1.0,13,0.26,0.28,36,0.43421740387659974,0.1885447538293341,0.9999999508654598,4.913454021426844e-08,0.11506210207944759,0.4186945446029641,0.4342170068240358,-0.11506210207944759
Be-Be_2.04_hgbs-5_as-008-012,hgbs-5,jw_signed_baseline,50,0.02,1.0,14,0.28,0.3,35,0.4342174116371462,0.18854476056886288,0.9999999508604616,4.91395384383253e-08,-0.07325296904896289,0.4279933522961387,0.43421688945062353,0.07325296904896289
Be-Be_2.04_hgbs-5_as-008-012,hgbs-5,jw_signed_baseline,50,0.02,1.0,15,0.3,0.32,34,0.4342174187115053,0.18854476671248274,0.9999999508550672,4.914493278995735e-08,-0.2477564122356972,0.35659632964967325,0.4342167455586244,0.2477564122356972
Be-Be_2.04_hgbs-5_as-008-012,hgbs-5,jw_signed_baseline,50,0.02,1.0,16,0.32,0.34,33,0.43421742519687284,0.18854477234460187,0.9999999508493073,4.915069273803141e-08,-0.37554661123379546,0.21796515814141895,0.434216613423302,0.37554661123379546
Be-Be_2.04_hgbs-5_as-008-012,hgbs-5,jw_signed_baseline,50,0.02,1.0,17,0.34,0.36,32,0.4342174311941541,0.18854477755284998,0.9999999508432157,4.915678430972292e-08,-0.4325295895860638,0.03823803904052944,0.43421652835555885,0.4325295895860638
Be-Be_2.04_hgbs-5_as-008-012,hgbs-5,jw_signed_baseline,50,0.02,1.0,18,0.36,0.38,31,0.4342174368034399,0.1885447824241493,0.9999999508367448,4.916325524462195e-08,-0.4079616610772502,-0.1486985685253718,0.4342165141843454,0.4079616610772502
Be-Be_2.04_hgbs-5_as-008-012,hgbs-5,jw_signed_baseline,50,0.02,1.0,19,0.38,0.4,30,0.4342174421196613,0.18854478704094138,0.9999999508299571,4.9170042926149904e-08,-0.30647497341705593,-0.3075989707756104,0.43421657747396053,0.30647497341705593
Be-Be_2.04_hgbs-5_as-008-012,hgbs-5,jw_signed_baseline,50,0.02,1.0,20,0.4,0.42,29,0.43421744722870204,0.1885447914778106,0.9999999508228801,4.9177119931798075e-08,-0.14720413840004093,-0.40850347527622777,0.4342167058910263,0.14720413840004093
Be-Be_2.04_hgbs-5_as-008-012,hgbs-5,jw_signed_baseline,50,0.02,1.0,21,0.42,0.44,28,0.4342174522041039,0.18854479579862324,0.9999999508154942,4.9184505801491696e-08,0.03982137776556807,-0.4323870361791112,0.434216871140337,-0.03982137776556807
Be-Be_2.04_hgbs-5_as-008-012,hgbs-5,jw_signed_baseline,50,0.02,1.0,22,0.44,0.46,27,0.43421745710452614,0.18854480005432098,0.9999999508078514,4.9192148576793215e-08,0.21933900253883729,-0.37474636239827464,0.4342170357844923,-0.21933900253883729
Be-Be_2.04_hgbs-5_as-008-012,hgbs-5,jw_signed_baseline,50,0.02,1.0,23,0.46,0.48,26,0.4342174619720638,0.18854480428146064,0.9999999507999564,4.920004359476593e-08,0.35750156821206036,-0.24644912816976788,0.4342171623159558,-0.35750156821206036
Be-Be_2.04_hgbs-5_as-008-012,hgbs-5,jw_signed_baseline,50,0.02,1.0,24,0.48,0.5,25,0.4342174668315107,0.1885448085015741,0.9999999507918512,4.9208148777957206e-08,0.42825909021346836,-0.07168505970854831,0.4342172222930428,-0.42825909021346836
Be-Be_2.04_hgbs-5_as-008-012,hgbs-5,jw_signed_baseline,50,0.02,1.0,25,0.5,0.52,24,0.4342174716904956,0.18854481272128637,0.9999999507835575,4.921644247701806e-08,0.4182704991716601,0.1165948934683575,0.43421720332134167,-0.4182704991716601
Be-Be_2.04_hgbs-5_as-008-012,hgbs-5,jw_signed_baseline,50,0.02,1.0,26,0.52,0.54,23,0.4342174765405978,0.18854481693328456,0.9999999507750509,4.9224949116855043e-08,0.3294191255307579,0.28289139300551747,0.43421711217091774,-0.3294191255307579
Be-Be_2.04_hgbs-5_as-008-012,hgbs-5,jw_signed_baseline,50,0.02,1.0,27,0.54,0.56,22,0.43421748135928756,0.18854482111800322,0.9999999507664017,4.9233598309328386e-08,0.17845757594486386,0.3958500643467474,0.43421697324660274,-0.17845757594486386
Be-Be_2.04_hgbs-5_as-008-012,hgbs-5,jw_signed_baseline,50,0.02,1.0,28,0.56,0.58,21,0.4342174861126327,0.1885448252459744,0.9999999507575815,4.924241847614752e-08,-0.006151015609845067,0.4341732536312312,0.4342168227530596,0.006151015609845067
Be-Be_2.04_hgbs-5_as-008-012,hgbs-5,jw_signed_baseline,50,0.02,1.0,29,0.58,0.6,20,0.43421749075861343,0.18854482928070654,0.9999999507486301,4.9251369871328166e-08,-0.18959968570581814,0.39063551002329416,0.4342166999447444,0.18959968570581814
Be-Be_2.04_hgbs-5_as-008-012,hgbs-5,jw_signed_baseline,50,0.02,1.0,30,0.6,0.62,19,0.4342174952508892,0.188544833181956,0.9999999507395125,4.92604874668956e-08,-0.337300320766194,0.2734457568750094,0.43421663756922546,0.337300320766194
Be-Be_2.04_hgbs-5_as-008-012,hgbs-5,jw_signed_baseline,50,0.02,1.0,31,0.62,0.64,18,0.434217499542832,0.1885448369092293,0.9999999507302676,4.9269732405043953e-08,-0.42140494658204136,0.10469944342459796,0.4342166538229893,0.42140494658204136
Be-Be_2.04_hgbs-5_as-008-012,hgbs-5,jw_signed_baseline,50,0.02,1.0,32,0.64,0.66,17,0.43421750359163636,0.18854484042535274,0.9999999507208656,4.9279134439750294e-08,-0.4260561646821044,-0.08378740117304599,0.4342167477872743,0.4260561646821044
Be-Be_2.04_hgbs-5_as-008-012,hgbs-5,jw_signed_baseline,50,0.02,1.0,33,0.66,0.68,16,0.4342175073622969,0.18854484369992638,0.9999999507112977,4.9288702341776514e-08,-0.3503769156266648,-0.25647676851825874,0.4342168994795383,0.3503769156266648
Be-Be_2.04_hgbs-5_as-008-012,hgbs-5,jw_signed_baseline,50,0.02,1.0,34,0.68,0.7000000000000001,15,0.43421751083120025,0.18854484671244348,0.9999999507015902,4.929840979883693e-08,-0.20863591888318128,-0.38080903504998875,0.43421707454213837,0.20863591888318128
Be-Be_2.04_hgbs-5_as-008-012,hgbs-5,jw_signed_baseline,50,0.02,1.0,35,0.7000000000000001,0.72,14,0.43421751398931513,0.18854484945506106,0.9999999506916947,4.9308305327677715e-08,-0.027557537401541786,-0.4333418824681314,0.43421723246396055,0.027557537401541786
Be-Be_2.04_hgbs-5_as-008-012,hgbs-5,jw_signed_baseline,50,0.02,1.0,36,0.72,0.74,13,0.43421751684461435,0.18854485193470294,0.999999950681598,4.9318402028930564e-08,0.15871684716206683,-0.40417033244240336,0.43421733636471693,-0.15871684716206683
Be-Be_2.04_hgbs-5_as-008-012,hgbs-5,jw_signed_baseline,50,0.02,1.0,37,0.74,0.76,12,0.4342175194237766,0.18854485417453784,0.9999999506712989,4.93287011238408e-08,0.31506603229461394,-0.2987944322416497,0.4342173619795511,-0.31506603229461394
Be-Be_2.04_hgbs-5_as-008-012,hgbs-5,jw_signed_baseline,50,0.02,1.0,38,0.76,0.78,11,0.4342175217729702,0.18854485621465986,0.9999999506607755,4.9339224483802013e-08,0.41201104760561275,-0.1370823236175723,0.4342173036596622,-0.41201104760561275
Be-Be_2.04_hgbs-5_as-008-012,hgbs-5,jw_signed_baseline,50,0.02,1.0,39,0.78,0.8,10,0.43421752395769003,0.18854485811194713,0.9999999506500128,4.9349987207847335e-08,0.43127339787949204,0.050475857005111854,0.4342171759142229,-0.43127339787949204
Be-Be_2.04_hgbs-5_as-008-012,hgbs-5,jw_signed_baseline,50,0.02,1.0,40,0.8,0.8200000000000001,9,0.43421752606169295,0.188544859939137,0.9999999506389936,4.9361006393411344e-08,0.3692214039933857,0.22851688490103314,0.4342170100902531,-0.3692214039933857
Be-Be_2.04_hgbs-5_as-008-012,hgbs-5,jw_signed_baseline,50,0.02,1.0,41,0.8200000000000001,0.84,8,0.43421752818496734,0.1885448617830629,0.999999950627732,4.937226805168393e-08,0.23755482830572047,0.3634721086054494,0.4342168469618054,-0.23755482830572047
Be-Be_2.04_hgbs-5_as-008-012,hgbs-5,jw_signed_baseline,50,0.02,1.0,42,0.84,0.86,7,0.434217530440929,0.18854486374221907,0.9999999506161863,4.938381370500622e-08,0.06109878921694831,0.4298966200822565,0.43421672699462543,-0.06109878921694831
Be-Be_2.04_hgbs-5_as-008-012,hgbs-5,jw_signed_baseline,50,0.02,1.0,43,0.86,0.88,6,0.4342175329528141,0.1885448659236282,0.9999999506043482,4.939565179107319e-08,-0.12687696096600096,0.4152666161732296,0.43421668062377855,0.12687696096600096
Be-Be_2.04_hgbs-5_as-008-012,hgbs-5,jw_signed_baseline,50,0.02,1.0,44,0.88,0.9,5,0.4342175358495768,0.1885448684392785,0.999999950592239,4.940776099360278e-08,-0.2909308040545625,0.32234054655461253,0.4342167208905716,0.2909308040545625
Be-Be_2.04_hgbs-5_as-008-012,hgbs-5,jw_signed_baseline,50,0.02,1.0,45,0.9,0.92,4,0.4342175392613278,0.18854487140216272,0.9999999505798388,4.942016118558712e-08,-0.4001314241228552,0.16863898649174175,0.43421684022564816,0.4001314241228552
Be-Be_2.04_hgbs-5_as-008-012,hgbs-5,jw_signed_baseline,50,0.02,1.0,46,0.92,0.9400000000000001,3,0.4342175433145705,0.18854487492214092,0.9999999505671566,4.9432843374219715e-08,-0.43388961613104376,-0.016858667591161454,0.43421701217167186,0.43388961613104376
Be-Be_2.04_hgbs-5_as-008-012,hgbs-5,jw_signed_baseline,50,0.02,1.0,47,0.9400000000000001,0.96,2,0.4342175481274318,0.18854487910179857,0.9999999505542089,4.94457911281998e-08,-0.38584027988766745,-0.1991779434350392,0.43421719764975364,0.38584027988766745
Be-Be_2.04_hgbs-5_as-008-012,hgbs-5,jw_signed_baseline,50,0.02,1.0,48,0.96,0.98,1,0.43421755380506594,0.1885448840324553,0.9999999505409807,4.945901932451591e-08,-0.26504266320211245,-0.3439434509302675,0.43421735427673747,0.26504266320211245
Be-Be_2.04_hgbs-5_as-008-012,hgbs-5,jw_signed_baseline,50,0.02,1.0,49,0.98,1.0,0,0.4342175604354621,0.1885448897905242,0.9999999505274839,4.947251608378167e-08,-0.09427244489527258,-0.4238602328350498,0.43421744650061544,0.09427244489527258
Be-Be_2.04_hgbs-5_as-008-012,hgbs-5,signed_parent_descendants_round_robin,50,0.02,1.0,0,0.0,0.02,49,0.43421491150176433,0.18854258937048501,0.9999999885250563,1.1474943661937687e-08,-0.13865184420435006,0.411482828090439,0.43421475299046797,0.13865184420435006
Be-Be_2.04_hgbs-5_as-008-012,hgbs-5,signed_parent_descendants_round_robin,50,0.02,1.0,1,0.02,0.04,48,0.43421487709630563,0.18854255949175983,0.9999999885250214,1.1474978633962962e-08,-0.29999113894599694,0.3139230975205393,0.4342146872262688,0.29999113894599694
Be-Be_2.04_hgbs-5_as-008-012,hgbs-5,signed_parent_descendants_round_robin,50,0.02,1.0,2,0.04,0.06,47,0.43421484297231727,0.18854252985747416,0.9999999885249101,1.147508987831003e-08,-0.4047692825768961,0.157175572761564,0.43421461604918465,0.4047692825768961
Be-Be_2.04_hgbs-5_as-008-012,hgbs-5,signed_parent_descendants_round_robin,50,0.02,1.0,3,0.06,0.08,46,0.4342148092886529,0.1885425006055812,0.9999999885247005,1.1475299488417079e-08,-0.43323120333006054,-0.02920613622077239,0.43421454827280787,0.43323120333006054
Be-Be_2.04_hgbs-5_as-008-012,hgbs-5,signed_parent_descendants_round_robin,50,0.02,1.0,4,0.08,0.1,45,0.4342147761908389,0.18854247186246031,0.9999999885243918,1.1475608241440227e-08,-0.38001069222775125,-0.2100811721658652,0.43421449204972257,0.38001069222775125
Be-Be_2.04_hgbs-5_as-008-012,hgbs-5,signed_parent_descendants_round_robin,50,0.02,1.0,5,0.1,0.12,44,0.43421474380682346,0.18854244373922535,0.9999999885239701,1.147602990414498e-08,-0.25514211798028824,-0.35134696640064006,0.43421445296811556,0.25514211798028824
Be-Be_2.04_hgbs-5_as-008-012,hgbs-5,signed_parent_descendants_round_robin,50,0.02,1.0,6,0.12,0.14,43,0.4342147122434551,0.1885424163286665,0.9999999885234302,1.1476569805601855e-08,-0.08216850009580805,-0.4263689847891008,0.4342144327381153,0.08216850009580805
Be-Be_2.04_hgbs-5_as-008-012,hgbs-5,signed_parent_descendants_round_robin,50,0.02,1.0,7,0.14,0.16,42,0.434214681583762,0.18854238970288778,0.9999999885227553,1.1477244710178525e-08,0.10629733816205535,-0.4210024299986426,0.434214428785019,-0.10629733816205535
Be-Be_2.04_hgbs-5_as-008-012,hgbs-5,signed_parent_descendants_round_robin,50,0.02,1.0,8,0.16,0.18,41,0.43421465188519665,0.18854236391178253,0.9999999885219282,1.147807182633187e-08,0.27472163799118515,-0.33625912189063367,0.43421443485358685,-0.27472163799118515
Be-Be_2.04_hgbs-5_as-008-012,hgbs-5,signed_parent_descendants_round_robin,50,0.02,1.0,9,0.18,0.2,40,0.4342146231789268,0.1885423389824174,0.9999999885209376,1.1479062367314441e-08,0.3913492985942655,-0.18811674182426344,0.43421444248758023,-0.3913492985942655
Be-Be_2.04_hgbs-5_as-008-012,hgbs-5,signed_parent_descendants_round_robin,50,0.02,1.0,10,0.2,0.22,39,0.4342145954700519,0.18854231491922083,0.9999999885198031,1.1480196904223305e-08,0.43419105817607057,-0.004506389188837052,0.4342144430388943,-0.43419105817607057
Be-Be_2.04_hgbs-5_as-008-012,hgbs-5,signed_parent_descendants_round_robin,50,0.02,1.0,11,0.22,0.24,38,0.4342145687389413,0.18854229170514478,0.9999999885184788,1.1481521178247078e-08,0.39516942224355905,0.17995360155073267,0.43421442973188734,-0.39516942224355905
Be-Be_2.04_hgbs-5_as-008-012,hgbs-5,signed_parent_descendants_round_robin,50,0.02,1.0,12,0.24,0.26,37,0.43421454294337597,0.1885422693035249,0.9999999885169827,1.1483017314795063e-08,0.2816416342166726,0.33048469620796556,0.4342143992913055,-0.2816416342166726
Be-Be_2.04_hgbs-5_as-008-012,hgbs-5,signed_parent_descendants_round_robin,50,0.02,1.0,13,0.26,0.28,36,0.4342145180215939,0.18854224766072508,0.9999999885152835,1.1484716511134252e-08,0.11501252199379434,0.4187054142383544,0.4342143527428417,-0.11501252199379434
Be-Be_2.04_hgbs-5_as-008-012,hgbs-5,signed_parent_descendants_round_robin,50,0.02,1.0,14,0.28,0.3,35,0.4342144938960026,0.18854222670936166,0.9999999885134301,1.1486569917451561e-08,-0.07330124511225837,0.42798245479476854,0.434214295189787,0.07330124511225837
Be-Be_2.04_hgbs-5_as-008-012,hgbs-5,signed_parent_descendants_round_robin,50,0.02,1.0,15,0.3,0.32,34,0.4342144704772986,0.18854220637188082,0.999999988511393,1.1488606954657143e-08,-0.24779456073911663,0.356566764025899,0.4342142346121243,0.24779456073911663
Be-Be_2.04_hgbs-5_as-008-012,hgbs-5,signed_parent_descendants_round_robin,50,0.02,1.0,16,0.32,0.34,33,0.43421444766902473,0.1885421865645162,0.9999999885091779,1.1490822071635876e-08,-0.37556810749448066,0.2179232679610753,0.4342141799686192,0.37556810749448066
Be-Be_2.04_hgbs-5_as-008-012,hgbs-5,signed_parent_descendants_round_robin,50,0.02,1.0,17,0.34,0.36,32,0.43421442537211913,0.1885421672012396,0.9999999885068243,1.1493175744448081e-08,-0.4325312472776234,0.038192128508243814,0.43421413905068407,0.4325312472776234
Be-Be_2.04_hgbs-5_as-008-012,hgbs-5,signed_parent_descendants_round_robin,50,0.02,1.0,18,0.36,0.38,31,0.4342144034894312,0.18854214819768256,0.9999999885043251,1.1495674856476512e-08,-0.40794408184725545,-0.1487397900365219,0.4342141165995284,0.40794408184725545
Be-Be_2.04_hgbs-5_as-008-012,hgbs-5,signed_parent_descendants_round_robin,50,0.02,1.0,19,0.38,0.4,30,0.4342143819298988,0.18854212947476404,0.9999999885017032,1.1498296759171467e-08,-0.30644234269276305,-0.3076280004386463,0.4342141131387931,0.30644234269276305
Be-Be_2.04_hgbs-5_as-008-012,hgbs-5,signed_parent_descendants_round_robin,50,0.02,1.0,20,0.4,0.42,29,0.43421436061224544,0.18854211096190113,0.9999999884989821,1.1501017915804823e-08,-0.1471633564375236,-0.4085154252949239,0.4342141248069323,0.1471633564375236
Be-Be_2.04_hgbs-5_as-008-012,hgbs-5,signed_parent_descendants_round_robin,50,0.02,1.0,21,0.42,0.44,28,0.43421433946805765,0.18854209259968163,0.9999999884961714,1.1503828556413964e-08,0.039862121949574926,-0.43238054337451415,0.4342141442366461,-0.039862121949574926
Be-Be_2.04_hgbs-5_as-008-012,hgbs-5,signed_parent_descendants_round_robin,50,0.02,1.0,22,0.44,0.46,27,0.4342143184440199,0.18854207434180473,0.9999999884932972,1.1506702812802416e-08,0.21937193924309148,-0.37472375291120497,0.4342141622783997,-0.21937193924309148
Be-Be_2.04_hgbs-5_as-008-012,hgbs-5,signed_parent_descendants_round_robin,50,0.02,1.0,23,0.46,0.48,26,0.43421429750336166,0.18854205615633787,0.9999999884903914,1.1509608599524768e-08,0.35752093247534444,-0.246415763317878,0.43421417016211283,-0.35752093247534444
Be-Be_2.04_hgbs-5_as-008-012,hgbs-5,signed_parent_descendants_round_robin,50,0.02,1.0,24,0.48,0.5,25,0.43421427662634116,0.1885420380261367,0.9999999884874577,1.1512542252845037e-08,0.42826218324571885,-0.07164803222139501,0.43421416158341464,-0.42826218324571885
Be-Be_2.04_hgbs-5_as-008-012,hgbs-5,signed_parent_descendants_round_robin,50,0.02,1.0,25,0.5,0.52,24,0.4342142558098175,0.18854201994847364,0.9999999884845312,1.1515468800737949e-08,0.4182579868280047,0.11662834478451353,0.4342141342155857,-0.4182579868280047
Be-Be_2.04_hgbs-5_as-008-012,hgbs-5,signed_parent_descendants_round_robin,50,0.02,1.0,26,0.52,0.54,23,0.43421423506590057,0.18854200193386514,0.9999999884816076,1.1518392351028695e-08,0.32939458472169897,0.28291532965873484,0.43421409028253694,-0.32939458472169897
Be-Be_2.04_hgbs-5_as-008-012,hgbs-5,signed_parent_descendants_round_robin,50,0.02,1.0,27,0.54,0.56,22,0.4342142144198318,0.18854198400423167,0.9999999884787135,1.1521286480409287e-08,0.17842651243339114,0.3958608452019643,0.43421403605037534,-0.17842651243339114
Be-Be_2.04_hgbs-5_as-008-012,hgbs-5,signed_parent_descendants_round_robin,50,0.02,1.0,28,0.56,0.58,21,0.4342141939071323,0.18854196619042068,0.9999999884758629,1.1524137089047315e-08,-0.006182372210458051,0.4341699655751618,0.43421398035264347,0.006182372210458051
Be-Be_2.04_hgbs-5_as-008-012,hgbs-5,signed_parent_descendants_round_robin,50,0.02,1.0,29,0.58,0.6,20,0.4342141735701728,0.18854194852922812,0.999999988473054,1.1526945953299617e-08,-0.1896255529678892,0.390619877675666,0.43421393249610274,0.1896255529678892
Be-Be_2.04_hgbs-5_as-008-012,hgbs-5,signed_parent_descendants_round_robin,50,0.02,1.0,30,0.6,0.62,19,0.4342141534543842,0.1885419310601075,0.9999999884702799,1.1529720067571247e-08,-0.3373163450045361,0.2734216421279912,0.4342139000437302,0.3373163450045361
Be-Be_2.04_hgbs-5_as-008-012,hgbs-5,signed_parent_descendants_round_robin,50,0.02,1.0,31,0.62,0.64,18,0.43421413360429245,0.18854191382172633,0.999999988467561,1.1532439003758554e-08,-0.42140890432336,0.10467203553832913,0.4342138870035734,0.42140890432336
Be-Be_2.04_hgbs-5_as-008-012,hgbs-5,signed_parent_descendants_round_robin,50,0.02,1.0,32,0.64,0.66,17,0.4342141140594646,0.18854189684844572,0.9999999884648718,1.1535128185968802e-08,-0.42604829614096845,-0.08381261304743953,0.43421389285749734,0.42604829614096845
Be-Be_2.04_hgbs-5_as-008-012,hgbs-5,signed_parent_descendants_round_robin,50,0.02,1.0,33,0.66,0.68,16,0.43421409485074464,0.18854188016705145,0.9999999884622058,1.1537794164517834e-08,-0.3503597940447815,-0.25649510067253606,0.43421391266530845,0.3503597940447815
Be-Be_2.04_hgbs-5_as-008-012,hgbs-5,signed_parent_descendants_round_robin,50,0.02,1.0,34,0.68,0.7000000000000001,15,0.4342140759968184,0.18854186379377078,0.9999999884595727,1.1540427280465337e-08,-0.20861381510702925,-0.3808175682580167,0.43421393822338206,0.20861381510702925
Be-Be_2.04_hgbs-5_as-008-012,hgbs-5,signed_parent_descendants_round_robin,50,0.02,1.0,35,0.7000000000000001,0.72,14,0.4342140575013295,0.1885418477317679,0.999999988456938,1.1543061950725075e-08,-0.027535380803200844,-0.43334001184641824,0.43421396000477824,0.027535380803200844
Be-Be_2.04_hgbs-5_as-008-012,hgbs-5,signed_parent_descendants_round_robin,50,0.02,1.0,36,0.72,0.74,13,0.4342140393507472,0.18854183196929225,0.9999999884542929,1.1545707057081245e-08,0.15873464494213346,-0.40415972552250956,0.43421396941984197,-0.15873464494213346
Be-Be_2.04_hgbs-5_as-008-012,hgbs-5,signed_parent_descendants_round_robin,50,0.02,1.0,37,0.74,0.76,12,0.4342140215130068,0.18854181647849794,0.9999999884516327,1.1548367262470549e-08,0.31507654274151436,-0.2987784062106444,0.43421396085768377,-0.31507654274151436
Be-Be_2.04_hgbs-5_as-008-012,hgbs-5,signed_parent_descendants_round_robin,50,0.02,1.0,38,0.76,0.78,11,0.4342140039370405,0.18854180121503625,0.999999988448924,1.155107598460603e-08,0.4120133035205138,-0.13706486548473545,0.4342139330194687,-0.4120133035205138
Be-Be_2.04_hgbs-5_as-008-012,hgbs-5,signed_parent_descendants_round_robin,50,0.02,1.0,39,0.78,0.8,10,0.4342139865532667,0.1885417861184805,0.9999999884461667,1.1553833334509989e-08,0.43126830543914485,0.05049109146372231,0.4342138892222927,-0.43126830543914485
Be-Be_2.04_hgbs-5_as-008-012,hgbs-5,signed_parent_descendants_round_robin,50,0.02,1.0,40,0.8,0.8200000000000001,9,0.4342139692749814,0.18854177111353448,0.9999999884433259,1.1556674062163097e-08,0.3692112222289397,0.22852730531149515,0.43421383659750046,-0.3692112222289397
Be-Be_2.04_hgbs-5_as-008-012,hgbs-5,signed_parent_descendants_round_robin,50,0.02,1.0,41,0.8200000000000001,0.84,8,0.4342139520006576,0.18854175611202936,0.9999999884404139,1.1559586066134386e-08,0.23754246129980955,0.3634765324174426,0.43421378437191477,-0.23754246129980955
Be-Be_2.04_hgbs-5_as-008-012,hgbs-5,signed_parent_descendants_round_robin,50,0.02,1.0,42,0.84,0.86,7,0.4342139346169689,0.18854174101554935,0.9999999884374153,1.1562584667501596e-08,0.06108710792729037,0.4298952647732702,0.43421374164045123,-0.06108710792729037
Be-Be_2.04_hgbs-5_as-008-012,hgbs-5,signed_parent_descendants_round_robin,50,0.02,1.0,43,0.86,0.88,6,0.434213917002557,0.18854172571870345,0.9999999884343164,1.1565683633030233e-08,-0.12688566040684596,0.4152608573147847,0.4342137151618905,0.12688566040684596
Be-Be_2.04_hgbs-5_as-008-012,hgbs-5,signed_parent_descendants_round_robin,50,0.02,1.0,44,0.88,0.9,5,0.43421389903226293,0.18854171011280021,0.9999999884311185,1.1568881519430363e-08,-0.29093518822134984,0.32233253049282296,0.43421370770543266,0.29093518822134984
Be-Be_2.04_hgbs-5_as-008-012,hgbs-5,signed_parent_descendants_round_robin,50,0.02,1.0,45,0.9,0.92,4,0.4342138805817058,0.18854169408982388,0.9999999884278131,1.1572186875419277e-08,-0.4001313467596337,0.16863112901079427,0.4342137173456561,0.4001313467596337
Be-Be_2.04_hgbs-5_as-008-012,hgbs-5,signed_parent_descendants_round_robin,50,0.02,1.0,46,0.92,0.9400000000000001,3,0.43421386153198344,0.18854167754651646,0.999999988424413,1.1575587044454494e-08,-0.433886121722986,-0.016864268079276996,0.43421373787763046,0.433886121722986
Be-Be_2.04_hgbs-5_as-008-012,hgbs-5,signed_parent_descendants_round_robin,50,0.02,1.0,47,0.9400000000000001,0.96,2,0.43421384177437333,0.1885416603884605,0.9999999884209166,1.1579083358803643e-08,-0.3858353099501801,-0.19918007729629442,0.43421376025652314,0.3858353099501801
Be-Be_2.04_hgbs-5_as-008-012,hgbs-5,signed_parent_descendants_round_robin,50,0.02,1.0,48,0.96,0.98,1,0.434213821214666,0.18854164253384195,0.9999999884173303,1.158266971224009e-08,-0.2650384626187778,-0.34394216881605616,0.4342137747207218,0.2650384626187778
Be-Be_2.04_hgbs-5_as-008-012,hgbs-5,signed_parent_descendants_round_robin,50,0.02,1.0,49,0.98,1.0,0,0.43421379977716495,0.1885416239169239,0.9999999884136646,1.1586335446622797e-08,-0.09427081195847198,-0.4238568328539278,0.4342137730937056,0.09427081195847198
Be-Be_2.04_hgbs-5_as-008-012,hgbs-5,fermionic_signed_reference,100,0.01,1.0,0,0.0,0.01,99,0.21841338888640943,0.047704408444845914,0.9999999999790008,2.099920237697006e-11,-0.04672716915999375,0.21335643290014164,0.2184133599338175,0.04672716915999375
Be-Be_2.04_hgbs-5_as-008-012,hgbs-5,fermionic_signed_reference,100,0.01,1.0,1,0.01,0.02,98,0.21841338392049078,0.0477044062755997,0.9999999999790072,2.0992763083427235e-11,-0.09193381116542118,0.19812260902001969,0.21841335545313822,0.09193381116542118
Be-Be_2.04_hgbs-5_as-008-012,hgbs-5,fermionic_signed_reference,100,0.01,1.0,2,0.02,0.03,97,0.2184133789634919,0.04770440411024992,0.9999999999790117,2.0988322191328734e-11,-0.1327548025861195,0.1734374650289361,0.21841335097778017,0.1327548025861195
Be-Be_2.04_hgbs-5_as-008-012,hgbs-5,fermionic_signed_reference,100,0.01,1.0,3,0.03,0.04,96,0.21841337402076955,0.04770440195113657,0.999999999979013,2.0986989923699184e-11,-0.1672428029108374,0.14047859199793258,0.21841334651342809,0.1672428029108374
Be-Be_2.04_hgbs-5_as-008-012,hgbs-5,fermionic_signed_reference,100,0.01,1.0,4,0.04,0.05,95,0.21841336909749426,0.04770439980051826,0.9999999999789981,2.100186691222916e-11,-0.19375258347145394,0.10081827408947329,0.21841334206554985,0.19375258347145394
Be-Be_2.04_hgbs-5_as-008-012,hgbs-5,fermionic_signed_reference,100,0.01,1.0,5,0.05,0.06,94,0.21841336419871116,0.04770439766059884,0.9999999999790042,2.0995760685593723e-11,-0.21101951202154148,0.056348483608703835,0.21841333763946252,0.21101951202154148
Be-Be_2.04_hgbs-5_as-008-012,hgbs-5,fermionic_signed_reference,100,0.01,1.0,6,0.06,0.07,93,0.21841335932926786,0.04770439553349588,0.9999999999790045,2.0995538640988798e-11,-0.2182198811731039,0.0091906255454403,0.21841333324025822,0.2182198811731039
Be-Be_2.04_hgbs-5_as-008-012,hgbs-5,fermionic_signed_reference,100,0.01,1.0,7,0.07,0.08,92,0.21841335449375648,0.04770439342121533,0.9999999999790016,2.0998425220852823e-11,-0.21501020276634217,-0.038405662807050565,0.21841332887274173,0.21501020276634217
Be-Be_2.04_hgbs-5_as-008-012,hgbs-5,fermionic_signed_reference,100,0.01,1.0,8,0.08,0.09,91,0.21841334969653398,0.04770439132566044,0.9999999999789884,2.1011636874845863e-11,-0.2015435936652093,-0.08416982945071104,0.21841332454145004,0.2015435936652093
Be-Be_2.04_hgbs-5_as-008-012,hgbs-5,fermionic_signed_reference,100,0.01,1.0,9,0.09,0.1,90,0.21841334494159195,0.047704389248574834,0.9999999999789926,2.1007418027352287e-11,-0.1784624713115032,-0.1259187229773533,0.21841332025052076,0.1784624713115032
Be-Be_2.04_hgbs-5_as-008-012,hgbs-5,fermionic_signed_reference,100,0.01,1.0,10,0.1,0.11,89,0.21841334023263317,0.04770438719157597,0.9999999999789825,2.1017521056876376e-11,-0.14686790749926024,-0.1616607384449012,0.21841331600376845,0.14686790749926024
Be-Be_2.04_hgbs-5_as-008-012,hgbs-5,fermionic_signed_reference,100,0.01,1.0,11,0.11,0.12,88,0.21841333557297138,0.047704385156111404,0.9999999999789809,2.101907536911085e-11,-0.10826710233510488,-0.18969082562265815,0.21841331180458248,0.10826710233510488
Be-Be_2.04_hgbs-5_as-008-012,hgbs-5,fermionic_signed_reference,100,0.01,1.0,12,0.12,0.13,87,0.21841333096554844,0.0477043831434662,0.9999999999789856,2.1014412432407426e-11,-0.06450148411341378,-0.2086718272991753,0.21841330765594347,0.06450148411341378
Be-Be_2.04_hgbs-5_as-008-012,hgbs-5,fermionic_signed_reference,100,0.01,1.0,13,0.13,0.14,86,0.21841332641288658,0.04770438115474214,0.999999999978973,2.102695795258569e-11,-0.017658865061953084,-0.2176982674641288,0.21841330356038213,0.017658865061953084
Be-Be_2.04_hgbs-5_as-008-012,hgbs-5,fermionic_signed_reference,100,0.01,1.0,14,0.14,0.15,85,0.2184133219170878,0.04770437919085742,0.9999999999789648,2.1035173602967916e-11,0.03002615648266731,-0.21633954639426925,0.21841329951996924,-0.03002615648266731
Be-Be_2.04_hgbs-5_as-008-012,hgbs-5,fermionic_signed_reference,100,0.01,1.0,15,0.15,0.16,84,0.21841331747983803,0.04770437725254852,0.9999999999789574,2.1042612097232904e-11,0.07627879621512021,-0.20466048205506188,0.2184132955363252,-0.07627879621512021
Be-Be_2.04_hgbs-5_as-008-012,hgbs-5,fermionic_signed_reference,100,0.01,1.0,16,0.16,0.17,83,0.21841331310236783,0.04770437534035296,0.9999999999789569,2.1043056186442755e-11,0.11889260102347639,-0.18321821790980375,0.21841329161058826,-0.11889260102347639
Be-Be_2.04_hgbs-5_as-008-012,hgbs-5,fermionic_signed_reference,100,0.01,1.0,17,0.17,0.18,82,0.21841330878547688,0.04770437345462007,0.999999999978941,2.1059043397997357e-11,0.15583470643062705,-0.15303564465370412,0.21841328774343038,-0.15583470643062705
Be-Be_2.04_hgbs-5_as-008-012,hgbs-5,fermionic_signed_reference,100,0.01,1.0,18,0.18,0.19,81,0.21841330452955013,0.047704371595518,0.9999999999789274,2.1072588118897784e-11,0.1853428130772422,-0.11555260377820105,0.21841328393508364,-0.1853428130772422
Be-Be_2.04_hgbs-5_as-008-012,hgbs-5,fermionic_signed_reference,100,0.01,1.0,19,0.19,0.2,80,0.21841330033449696,0.047704369763007175,0.9999999999789111,2.1088908397359774e-11,0.2060092560472358,-0.07255720077398264,0.21841328018527534,-0.2060092560472358
Be-Be_2.04_hgbs-5_as-008-012,hgbs-5,fermionic_signed_reference,100,0.01,1.0,20,0.2,0.21,79,0.2184132961998556,0.04770436795688586,0.9999999999788969,2.1103119252074976e-11,0.21684815656638667,-0.026100504637194412,0.21841327649334039,-0.21684815656638667
Be-Be_2.04_hgbs-5_as-008-012,hgbs-5,fermionic_signed_reference,100,0.01,1.0,21,0.21,0.22,78,0.21841329212474533,0.04770436617676935,0.9999999999788853,2.1114665571531077e-11,0.2173424526494761,0.021601297112191064,0.21841327285817344,-0.2173424526494761
Be-Be_2.04_hgbs-5_as-008-012,hgbs-5,fermionic_signed_reference,100,0.01,1.0,22,0.22,0.23,77,0.21841328810788166,0.04770436442209652,0.9999999999788692,2.1130763805388142e-11,0.20746856513442838,0.06827262026518288,0.21841326927824786,-0.20746856513442838
Be-Be_2.04_hgbs-5_as-008-012,hgbs-5,fermionic_signed_reference,100,0.01,1.0,23,0.23,0.24,76,0.21841328414766234,0.04770436269216748,0.9999999999788451,2.1154855645022508e-11,0.1876975224315575,0.11168703921843282,0.2184132657517047,-0.1876975224315575
Be-Be_2.04_hgbs-5_as-008-012,hgbs-5,fermionic_signed_reference,100,0.01,1.0,24,0.24,0.25,75,0.21841328024211565,0.04770436098612094,0.9999999999788185,2.118150099761351e-11,0.1589724903376482,0.14977349716830282,0.21841326227630334,-0.1589724903376482
Be-Be_2.04_hgbs-5_as-008-012,hgbs-5,fermionic_signed_reference,100,0.01,1.0,25,0.25,0.26,74,0.218413276388986,0.04770435930297159,0.9999999999787996,2.120037478903214e-11,0.12266377884603055,0.1807151045166838,0.2184132588495118,-0.12266377884603055
Be-Be_2.04_hgbs-5_as-008-012,hgbs-5,fermionic_signed_reference,100,0.01,1.0,26,0.26,0.27,73,0.2184132725857458,0.047704357641615305,0.9999999999787649,2.1235124769702907e-11,0.08050347232815439,0.2030358123767042,0.21841325546852267,-0.08050347232815439
Be-Be_2.04_hgbs-5_as-008-012,hgbs-5,fermionic_signed_reference,100,0.01,1.0,27,0.27,0.28,72,0.21841326882961884,0.047704356000839346,0.9999999999787519,2.124811437909102e-11,0.03450280151541171,0.21567082647802224,0.21841325213027957,-0.03450280151541171
Be-Be_2.04_hgbs-5_as-008-012,hgbs-5,fermionic_signed_reference,100,0.01,1.0,28,0.28,0.29,71,0.21841326511764125,0.04770435437934904,0.9999999999787141,2.1285861961928276e-11,-0.01314380099930158,0.21801740242567477,0.2184132488315392,0.01314380099930158
Be-Be_2.04_hgbs-5_as-008-012,hgbs-5,fermionic_signed_reference,100,0.01,1.0,29,0.29,0.3,70,0.21841326144666984,0.04770435277577135,0.9999999999786983,2.1301738151180416e-11,-0.06016338476872667,0.20996359916210527,0.2184132455688873,0.06016338476872667
Be-Be_2.04_hgbs-5_as-008-012,hgbs-5,fermionic_signed_reference,100,0.01,1.0,30,0.3,0.31,69,0.2184132578134627,0.04770435118869013,0.9999999999786806,2.1319390697271956e-11,-0.10431291112277814,0.19189361897167834,0.2184132423388204,0.10431291112277814
Be-Be_2.04_hgbs-5_as-008-012,hgbs-5,fermionic_signed_reference,100,0.01,1.0,31,0.31,0.32,68,0.2184132542146778,0.04770434961664547,0.9999999999786388,2.1361246105300324e-11,-0.1434862558599955,0.16466947929085227,0.2184132391377421,0.1434862558599955
Be-Be_2.04_hgbs-5_as-008-012,hgbs-5,fermionic_signed_reference,100,0.01,1.0,32,0.32,0.33,67,0.21841325064691736,0.04770434805815315,0.9999999999786016,2.1398438576625267e-11,-0.17581468050588892,0.12958989066287782,0.21841323596202777,0.17581468050588892
Be-Be_2.04_hgbs-5_as-008-012,hgbs-5,fermionic_signed_reference,100,0.01,1.0,33,0.33,0.34,66,0.2184132471068039,0.047704346511737786,0.9999999999785667,2.1433299579598497e-11,-0.1997559792241619,0.08832830254155627,0.21841323280807987,0.1997559792241619
Be-Be_2.04_hgbs-5_as-008-012,hgbs-5,fermionic_signed_reference,100,0.01,1.0,34,0.34,0.35000000000000003,65,0.2184132435909859,0.04770434497593534,0.999999999978537,2.146305355665845e-11,-0.21416804868853093,0.04285307243191796,0.21841322967235333,0.21416804868853093
Be-Be_2.04_hgbs-5_as-008-012,hgbs-5,fermionic_signed_reference,100,0.01,1.0,35,0.35000000000000003,0.36,64,0.21841324009618232,0.04770434344931259,0.9999999999784939,2.1506130210013907e-11,-0.21836337131575242,-0.004666433350212756,0.2184132265513999,0.21836337131575242
Be-Be_2.04_hgbs-5_as-008-012,hgbs-5,fermionic_signed_reference,100,0.01,1.0,36,0.36,0.37,63,0.2184132366192087,0.04770434193047845,0.9999999999784505,2.154953993027675e-11,-0.21214181277682911,-0.05196332789609384,0.2184132234418882,0.21214181277682911
Be-Be_2.04_hgbs-5_as-008-012,hgbs-5,fermionic_signed_reference,100,0.01,1.0,37,0.37,0.38,62,0.21841323315705172,0.047704340418116636,0.999999999978414,2.1585955245484456e-11,-0.19580016920688256,-0.09678134406044793,0.21841322034068966,0.19580016920688256
Be-Be_2.04_hgbs-5_as-008-012,hgbs-5,fermionic_signed_reference,100,0.01,1.0,38,0.38,0.39,61,0.218413229706851,0.04770433891097767,0.9999999999783753,2.1624702029043874e-11,-0.17011800867456542,-0.13698246819154233,0.21841321724485088,0.17011800867456542
Be-Be_2.04_hgbs-5_as-008-012,hgbs-5,fermionic_signed_reference,100,0.01,1.0,39,0.39,0.4,60,0.2184132262659581,0.047704337407904605,0.9999999999783377,2.1662338589578667e-11,-0.13632048233886948,-0.1706489326393782,0.21841321415166498,0.13632048233886948
Be-Be_2.04_hgbs-5_as-008-012,hgbs-5,fermionic_signed_reference,100,0.01,1.0,40,0.4,0.41000000000000003,59,0.21841322283196626,0.047704335907846146,0.9999999999782814,2.1718626896927162e-11,-0.09601987936658038,-0.1961747015580679,0.2184132110586941,0.09601987936658038
Be-Be_2.04_hgbs-5_as-008-012,hgbs-5,fermionic_signed_reference,100,0.01,1.0,41,0.41000000000000003,0.42,58,0.21841321940266528,0.0477043344098368,0.9999999999782602,2.1739832156697503e-11,-0.05113871369801454,-0.21234208573507216,0.21841320796373154,0.05113871369801454
Be-Be_2.04_hgbs-5_as-008-012,hgbs-5,fermionic_signed_reference,100,0.01,1.0,42,0.42,0.43,57,0.21841321597621885,0.04770433291307442,0.9999999999782195,2.1780466319398784e-11,-0.003818011759607132,-0.21837983159071628,0.21841320486496713,0.003818011759607132
Be-Be_2.04_hgbs-5_as-008-012,hgbs-5,fermionic_signed_reference,100,0.01,1.0,43,0.43,0.44,56,0.21841321255098903,0.04770433141684351,0.9999999999781819,2.1818102879933576e-11,0.04368482380122349,-0.2139999132543539,0.2184132017608252,-0.04368482380122349
Be-Be_2.04_hgbs-5_as-008-012,hgbs-5,fermionic_signed_reference,100,0.01,1.0,44,0.44,0.45,55,0.21841320912567547,0.04770432992057605,0.9999999999781392,2.1860846466381645e-11,0.08910370201377166,-0.19941127258008062,0.21841319865009584,-0.08910370201377166
Be-Be_2.04_hgbs-5_as-008-012,hgbs-5,fermionic_signed_reference,100,0.01,1.0,45,0.45,0.46,54,0.2184132056993174,0.04770432842385234,0.9999999999781081,2.189193271107115e-11,0.13027194593480407,-0.17530985164795942,0.21841319553193222,-0.13027194593480407
Be-Be_2.04_hgbs-5_as-008-012,hgbs-5,fermionic_signed_reference,100,0.01,1.0,46,0.46,0.47000000000000003,53,0.2184132022711829,0.04770432692635266,0.9999999999780725,2.1927459847859154e-11,0.16522565250176682,-0.14284539324820741,0.21841319240574647,-0.16522565250176682
Be-Be_2.04_hgbs-5_as-008-012,hgbs-5,fermionic_signed_reference,100,0.01,1.0,47,0.47000000000000003,0.48,52,0.21841319884092764,0.04770432542792659,0.9999999999780326,2.196742787674566e-11,0.19229737917739967,-0.10356659311375982,0.21841318927136177,-0.19229737917739967
Be-Be_2.04_hgbs-5_as-008-012,hgbs-5,fermionic_signed_reference,100,0.01,1.0,48,0.48,0.49,51,0.21841319540848886,0.04770432392854673,0.9999999999780076,2.1992407894799726e-11,0.21019568812904263,-0.05934722038087964,0.21841318612890212,-0.21019568812904263
Be-Be_2.04_hgbs-5_as-008-012,hgbs-5,fermionic_signed_reference,100,0.01,1.0,49,0.49,0.5,50,0.2184131919740856,0.047704322428308764,0.9999999999779724,2.2027601964680343e-11,0.2180667533442724,-0.012296730655582202,0.21841318297879292,-0.2180667533442724
Be-Be_2.04_hgbs-5_as-008-012,hgbs-5,fermionic_signed_reference,100,0.01,1.0,50,0.5,0.51,49,0.21841318853828134,0.04770432092745883,0.9999999999779534,2.2046586778401434e-11,0.2155350917608236,0.03534036416810027,0.2184131798218244,-0.2155350917608236
Be-Be_2.04_hgbs-5_as-008-012,hgbs-5,fermionic_signed_reference,100,0.01,1.0,51,0.51,0.52,48,0.2184131851018479,0.047704319426334074,0.9999999999779166,2.208344618281899e-11,0.2027214753637769,0.08129156884088423,0.21841317665900706,-0.2027214753637769
Be-Be_2.04_hgbs-5_as-008-012,hgbs-5,fermionic_signed_reference,100,0.01,1.0,52,0.52,0.53,47,0.21841318166582657,0.04770431792538936,0.9999999999778847,2.211530958362573e-11,0.18023716977074328,0.12336481259952918,0.2184131734916296,-0.18023716977074328
Be-Be_2.04_hgbs-5_as-008-012,hgbs-5,fermionic_signed_reference,100,0.01,1.0,53,0.53,0.54,46,0.21841317823149792,0.04770431642518408,0.9999999999778674,2.2132629062809883e-11,0.14915477415405154,0.15955302039392324,0.21841317032122815,-0.14915477415405154
Be-Be_2.04_hgbs-5_as-008-012,hgbs-5,fermionic_signed_reference,100,0.01,1.0,54,0.54,0.55,45,0.21841317480036065,0.04770431492637289,0.9999999999778433,2.215672090244425e-11,0.1109570535665495,0.18812985900205112,0.21841316714956033,-0.1109570535665495
Be-Be_2.04_hgbs-5_as-008-012,hgbs-5,fermionic_signed_reference,100,0.01,1.0,55,0.55,0.56,44,0.2184131713740327,0.04770431342966258,0.9999999999778254,2.2174595493140714e-11,0.06746620459433533,0.2077320905318567,0.2184131639785025,-0.06746620459433533
Be-Be_2.04_hgbs-5_as-008-012,hgbs-5,fermionic_signed_reference,100,0.01,1.0,56,0.56,0.5700000000000001,43,0.2184131679543523,0.04770431193585611,0.9999999999778091,2.2190915771602704e-11,0.020756928674316204,0.2174246046957173,0.21841316081014803,-0.020756928674316204
Be-Be_2.04_hgbs-5_as-008-012,hgbs-5,fermionic_signed_reference,100,0.01,1.0,57,0.5700000000000001,0.58,42,0.21841316454321721,0.04770431044578247,0.9999999999777925,2.220745809466962e-11,-0.026942540142905747,0.21674502754117525,0.21841315764664204,0.026942540142905747
Be-Be_2.04_hgbs-5_as-008-012,hgbs-5,fermionic_signed_reference,100,0.01,1.0,58,0.58,0.59,41,0.21841316114261278,0.04770430896030893,0.9999999999777829,2.2217117034983858e-11,-0.07335673157974774,0.20572577861391578,0.21841315449021162,0.07335673157974774
Be-Be_2.04_hgbs-5_as-008-012,hgbs-5,fermionic_signed_reference,100,0.01,1.0,59,0.59,0.6,40,0.2184131577545912,0.047704307480331935,0.9999999999777697,2.2230328688976897e-11,-0.11627148887112233,0.18489252433597564,0.21841315134312966,0.11627148887112233
Be-Be_2.04_hgbs-5_as-008-012,hgbs-5,fermionic_signed_reference,100,0.01,1.0,60,0.6,0.61,39,0.21841315438118997,0.04770430600674152,0.9999999999777605,2.2239543540081286e-11,-0.1536395935663524,0.15523910138473862,0.21841314820764593,0.1536395935663524
Be-Be_2.04_hgbs-5_as-008-012,hgbs-5,fermionic_signed_reference,100,0.01,1.0,61,0.61,0.62,38,0.2184131510244102,0.047704304540411815,0.9999999999777414,2.225863937610484e-11,-0.18367842663651726,0.11818010634056725,0.2184131450859454,0.18367842663651726
Be-Be_2.04_hgbs-5_as-008-012,hgbs-5,fermionic_signed_reference,100,0.01,1.0,62,0.62,0.63,37,0.21841314768621214,0.04770430308219912,0.9999999999777575,2.2242541142247774e-11,-0.20495500703428596,0.07548341328542521,0.2184131419801531,0.20495500703428596
Be-Be_2.04_hgbs-5_as-008-012,hgbs-5,fermionic_signed_reference,100,0.01,1.0,63,0.63,0.64,36,0.21841314436845108,0.04770430163291385,0.999999999977745,2.2254975640123575e-11,-0.21645435100377128,0.029185838557532717,0.2184131388922612,0.21645435100377128
Be-Be_2.04_hgbs-5_as-008-012,hgbs-5,fermionic_signed_reference,100,0.01,1.0,64,0.64,0.65,35,0.21841314107282603,0.0477043001932982,0.9999999999777435,2.225652995235805e-11,-0.2176278911114317,-0.01850402418122374,0.21841313582408106,0.2176278911114317
Be-Be_2.04_hgbs-5_as-008-012,hgbs-5,fermionic_signed_reference,100,0.01,1.0,65,0.65,0.66,34,0.21841313780088345,0.0477042987640277,0.9999999999777582,2.2241763986130536e-11,-0.20841964520617923,-0.06531116337731202,0.2184131327772384,0.20841964520617923
Be-Be_2.04_hgbs-5_as-008-012,hgbs-5,fermionic_signed_reference,100,0.01,1.0,66,0.66,0.67,33,0.2184131345539921,0.04770429734570027,0.9999999999777439,2.22560858631482e-11,-0.1892688869417352,-0.10900267741850231,0.21841312975314786,0.1892688869417352
Be-Be_2.04_hgbs-5_as-008-012,hgbs-5,fermionic_signed_reference,100,0.01,1.0,67,0.67,0.68,32,0.21841313133327528,0.04770429593880656,0.9999999999777694,2.2230550733581822e-11,-0.16108919047041412,-0.1474942936238117,0.21841312675295074,0.16108919047041412
Be-Be_2.04_hgbs-5_as-008-012,hgbs-5,fermionic_signed_reference,100,0.01,1.0,68,0.68,0.6900000000000001,31,0.2184131281395902,0.047704294543721056,0.9999999999777744,2.222555472997101e-11,-0.1252248489714063,-0.17894979697760693,0.21841312377748334,0.1252248489714063
Be-Be_2.04_hgbs-5_as-008-012,hgbs-5,fermionic_signed_reference,100,0.01,1.0,69,0.6900000000000001,0.7000000000000001,30,0.21841312497352233,0.04770429316069948,0.9999999999777875,2.2212454098280432e-11,-0.08338674604074472,-0.20186862543309178,0.2184131208272744,0.08338674604074472
Be-Be_2.04_hgbs-5_as-008-012,hgbs-5,fermionic_signed_reference,100,0.01,1.0,70,0.7000000000000001,0.71,29,0.21841312183540174,0.04770429178988604,0.9999999999778019,2.2198132221262767e-11,-0.0375707391568393,-0.21515745311545253,0.2184131179025642,0.0375707391568393
Be-Be_2.04_hgbs-5_as-008-012,hgbs-5,fermionic_signed_reference,100,0.01,1.0,71,0.71,0.72,28,0.21841311872518435,0.047704290431261474,0.99999999997781,2.2190027593183004e-11,0.010037551316994875,-0.21818234660245278,0.21841311500318414,-0.010037551316994875
Be-Be_2.04_hgbs-5_as-008-012,hgbs-5,fermionic_signed_reference,100,0.01,1.0,72,0.72,0.73,27,0.21841311564255478,0.04770428908468801,0.9999999999778316,2.2168378244202813e-11,0.057167005617854226,-0.2107990062083139,0.21841311212865527,-0.057167005617854226
Be-Be_2.04_hgbs-5_as-008-012,hgbs-5,fermionic_signed_reference,100,0.01,1.0,73,0.73,0.74,26,0.21841311258681864,0.047704287749862316,0.9999999999778609,2.213906835635271e-11,0.10156934674014445,-0.19335964963586133,0.21841310927808966,-0.10156934674014445
Be-Be_2.04_hgbs-5_as-008-012,hgbs-5,fermionic_signed_reference,100,0.01,1.0,74,0.74,0.75,25,0.21841310955696727,0.04770428642634379,0.9999999999778696,2.2130408616760633e-11,0.14112639287872275,-0.16669620962184015,0.21841310645024964,-0.14112639287872275
Be-Be_2.04_hgbs-5_as-008-012,hgbs-5,fermionic_signed_reference,100,0.01,1.0,75,0.75,0.76,24,0.21841310655164445,0.047704285113539996,0.999999999977885,2.2114976516718343e-11,0.17395110375805006,-0.13208064712346168,0.21841310364352295,-0.17395110375805006
Be-Be_2.04_hgbs-5_as-008-012,hgbs-5,fermionic_signed_reference,100,0.01,1.0,76,0.76,0.77,23,0.21841310356914956,0.047704283810708056,0.9999999999778947,2.2105317576404104e-11,0.19847760050596702,-0.09116427328120812,0.21841310085591714,-0.19847760050596702
Be-Be_2.04_hgbs-5_as-008-012,hgbs-5,fermionic_signed_reference,100,0.01,1.0,77,0.77,0.78,22,0.21841310060747243,0.04770428251696987,0.9999999999779291,2.2070900662640724e-11,0.21353586474133596,-0.04589897476314856,0.21841309808511547,-0.21353586474133596
Be-Be_2.04_hgbs-5_as-008-012,hgbs-5,fermionic_signed_reference,100,0.01,1.0,78,0.78,0.79,21,0.2184130976642662,0.047704281231300286,0.9999999999779446,2.2055357540295972e-11,0.21840755341178603,0.0015558996181045989,0.21841309532842526,-0.21840755341178603
Be-Be_2.04_hgbs-5_as-008-012,hgbs-5,fermionic_signed_reference,100,0.01,1.0,79,0.79,0.8,20,0.21841309473686774,0.04770427995253596,0.999999999977976,2.2024049251001543e-11,0.21286026677860811,0.04893654910732927,0.21841309258282635,-0.21286026677860811
Be-Be_2.04_hgbs-5_as-008-012,hgbs-5,fermionic_signed_reference,100,0.01,1.0,80,0.8,0.81,19,0.21841309182233998,0.04770427867939391,0.9999999999779987,2.2001289678996727e-11,0.19715863482260979,0.09398271399851102,0.21841308984500246,-0.19715863482260979
Be-Be_2.04_hgbs-5_as-008-012,hgbs-5,fermionic_signed_reference,100,0.01,1.0,81,0.81,0.8200000000000001,18,0.21841308891748426,0.04770427741047689,0.9999999999780229,2.19770868170599e-11,0.17205169320570912,0.13454549968900292,0.21841308711136093,-0.17205169320570912
Be-Be_2.04_hgbs-5_as-008-012,hgbs-5,fermionic_signed_reference,100,0.01,1.0,82,0.8200000000000001,0.8300000000000001,17,0.2184130860188695,0.04770427614428608,0.9999999999780484,2.195155168749352e-11,0.13873715101247974,0.16868988812754368,0.21841308437807203,-0.13873715101247974
Be-Be_2.04_hgbs-5_as-008-012,hgbs-5,fermionic_signed_reference,100,0.01,1.0,83,0.8300000000000001,0.84,16,0.2184130831228355,0.04770427487922265,0.9999999999780661,2.193389914140198e-11,0.0988042548564995,0.19478704642299952,0.21841308164105894,-0.0988042548564995
Be-Be_2.04_hgbs-5_as-008-012,hgbs-5,fermionic_signed_reference,100,0.01,1.0,84,0.84,0.85,15,0.21841308022555164,0.047704273613613256,0.999999999978094,2.190603254348389e-11,0.05415797498099851,0.21159202910039782,0.2184130788960818,-0.05415797498099851
Be-Be_2.04_hgbs-5_as-008-012,hgbs-5,fermionic_signed_reference,100,0.01,1.0,85,0.85,0.86,14,0.21841307732305332,0.047704272345726065,0.9999999999781121,2.18879359081825e-11,0.0069281300034148225,0.2183031672767312,0.21841307613876212,-0.0069281300034148225
Be-Be_2.04_hgbs-5_as-008-012,hgbs-5,fermionic_signed_reference,100,0.01,1.0,86,0.86,0.87,13,0.21841307441126873,0.04770427107378241,0.9999999999781582,2.1841750630358092e-11,-0.04063221455624579,0.2146003116419748,0.21841307336461685,0.04063221455624579
Be-Be_2.04_hgbs-5_as-008-012,hgbs-5,fermionic_signed_reference,100,0.01,1.0,87,0.87,0.88,12,0.218413071486023,0.047704269795958605,0.9999999999781733,2.182665159722319e-11,-0.0862542271371582,0.20066010489477243,0.21841307056907,0.0862542271371582
Be-Be_2.04_hgbs-5_as-008-012,hgbs-5,fermionic_signed_reference,100,0.01,1.0,88,0.88,0.89,11,0.2184130685431649,0.047704268510441246,0.9999999999781948,2.1805224292847925e-11,-0.127761543093173,0.17714755507587845,0.21841306774758257,0.127761543093173
Be-Be_2.04_hgbs-5_as-008-012,hgbs-5,fermionic_signed_reference,100,0.01,1.0,89,0.89,0.9,10,0.21841306557851228,0.0477042672154035,0.9999999999782166,2.178335289926281e-11,-0.16317408656706983,0.14518431179053792,0.21841306489560033,0.16317408656706983
Be-Be_2.04_hgbs-5_as-008-012,hgbs-5,fermionic_signed_reference,100,0.01,1.0,90,0.9,0.91,9,0.21841306258793583,0.047704265909041574,0.9999999999782391,2.176092639416538e-11,-0.1908025285380555,0.10629515868314407,0.21841306200864055,0.1908025285380555
Be-Be_2.04_hgbs-5_as-008-012,hgbs-5,fermionic_signed_reference,100,0.01,1.0,91,0.91,0.92,8,0.21841305956741724,0.04770426458960015,0.9999999999782689,2.1731061394802964e-11,-0.20932887499150854,0.06233527470463893,0.21841305908235756,0.20932887499150854
Be-Be_2.04_hgbs-5_as-008-012,hgbs-5,fermionic_signed_reference,100,0.01,1.0,92,0.92,0.93,7,0.21841305651305185,0.04770426325537357,0.999999999978287,2.1712964759501574e-11,-0.21786934081325962,0.015401734123658055,0.21841305611254133,0.21786934081325962
Be-Be_2.04_hgbs-5_as-008-012,hgbs-5,fermionic_signed_reference,100,0.01,1.0,93,0.93,0.9400000000000001,6,0.21841305342109707,0.047704261904727006,0.9999999999783159,2.168409896086132e-11,-0.21601651005809622,-0.032266532888993255,0.21841305309517575,0.21601651005809622
Be-Be_2.04_hgbs-5_as-008-012,hgbs-5,fermionic_signed_reference,100,0.01,1.0,94,0.9400000000000001,0.9500000000000001,5,0.21841305028803806,0.04770426053612504,0.9999999999783351,2.1664892102535305e-11,-0.20385877137084826,-0.07839554679346906,0.21841305002650088,0.20385877137084826
Be-Be_2.04_hgbs-5_as-008-012,hgbs-5,fermionic_signed_reference,100,0.01,1.0,95,0.9500000000000001,0.96,4,0.2184130471106014,0.047704259148137786,0.9999999999783533,2.1646684444931452e-11,-0.18197610141110898,-0.12078475720339134,0.2184130469030374,0.18197610141110898
Be-Be_2.04_hgbs-5_as-008-012,hgbs-5,fermionic_signed_reference,100,0.01,1.0,96,0.96,0.97,3,0.2184130438857743,0.04770425773944917,0.9999999999783816,2.161837375780351e-11,-0.1514123974340429,-0.15741201850878117,0.2184130437215997,0.1514123974340429
Be-Be_2.04_hgbs-5_as-008-012,hgbs-5,fermionic_signed_reference,100,0.01,1.0,97,0.97,0.98,2,0.21841304061087757,0.04770425630888886,0.9999999999784095,2.159050715988542e-11,-0.11362567888521827,-0.18653005481508594,0.21841304047937637,0.11362567888521827
Be-Be_2.04_hgbs-5_as-008-012,hgbs-5,fermionic_signed_reference,100,0.01,1.0,98,0.98,0.99,1,0.2184130372835655,0.04770425485543218,0.9999999999784288,2.157118927925694e-11,-0.07041853360936157,-0.2067498124106631,0.2184130371739223,0.07041853360936157
Be-Be_2.04_hgbs-5_as-008-012,hgbs-5,fermionic_signed_reference,100,0.01,1.0,99,0.99,1.0,0,0.2184130339018228,0.04770425337819879,0.9999999999784537,2.1546320283505338e-11,-0.023852126689099848,-0.2171067234967933,0.21841303380317287,0.023852126689099848
Be-Be_2.04_hgbs-5_as-008-012,hgbs-5,fermionic_magnitude_reference,100,0.01,1.0,0,0.0,0.01,99,0.21841341673029468,0.047704420607801376,0.9999999998860796,1.1392042864599716e-10,-0.04672357987496301,0.21335704154643373,0.2184131866297882,0.04672357987496301
Be-Be_2.04_hgbs-5_as-008-012,hgbs-5,fermionic_magnitude_reference,100,0.01,1.0,1,0.01,0.02,98,0.21841341453697966,0.04770441964970251,0.9999999998861003,1.1389966747543667e-10,-0.09193044782246121,0.1981239860290689,0.21841318888035344,0.09193044782246121
Be-Be_2.04_hgbs-5_as-008-012,hgbs-5,fermionic_magnitude_reference,100,0.01,1.0,2,0.02,0.03,97,0.21841341235255482,0.047704418695487145,0.9999999998860952,1.1390477450134995e-10,-0.1327518276729816,0.17343954074765897,0.21841319109723173,0.1327518276729816
Be-Be_2.04_hgbs-5_as-008-012,hgbs-5,fermionic_magnitude_reference,100,0.01,1.0,3,0.03,0.04,96,0.21841341018236599,0.04770441774749045,0.9999999998860912,1.139087713042386e-10,-0.1672403592988721,0.1404812628894063,0.21841319328607034,0.1672403592988721
Be-Be_2.04_hgbs-5_as-008-012,hgbs-5,fermionic_magnitude_reference,100,0.01,1.0,4,0.04,0.05,95,0.21841340803161033,0.04770441680798271,0.9999999998860916,1.1390843823733121e-10,-0.19375078746609622,0.1008214079646211,0.21841319545233742,0.19375078746609622
Be-Be_2.04_hgbs-5_as-008-012,hgbs-5,fermionic_magnitude_reference,100,0.01,1.0,5,0.05,0.06,94,0.21841340590535674,0.047704415879178126,0.9999999998860964,1.1390355325602286e-10,-0.2110184477571858,0.05635192625454398,0.2184131976013577,0.2110184477571858
Be-Be_2.04_hgbs-5_as-008-012,hgbs-5,fermionic_magnitude_reference,100,0.01,1.0,6,0.06,0.07,93,0.21841340380846685,0.0477044149632004,0.9999999998861059,1.1389411636031355e-10,-0.2182195966258115,0.00919420841368869,0.21841319973821688,0.2182195966258115
Be-Be_2.04_hgbs-5_as-008-012,hgbs-5,fermionic_magnitude_reference,100,0.01,1.0,7,0.07,0.08,92,0.21841340174557883,0.047704414062075616,0.9999999998860973,1.1390266507760316e-10,-0.21501070757554094,-0.03840211423852277,0.2184132018677519,0.21501070757554094
Be-Be_2.04_hgbs-5_as-008-012,hgbs-5,fermionic_magnitude_reference,100,0.01,1.0,8,0.08,0.09,91,0.21841339972105792,0.047704413177710625,0.9999999998860922,1.1390777210351644e-10,-0.20154485886406387,-0.08416648706347682,0.21841320399449718,0.20154485886406387
Be-Be_2.04_hgbs-5_as-008-012,hgbs-5,fermionic_magnitude_reference,100,0.01,1.0,9,0.09,0.1,90,0.2184133977389786,0.04770441231188527,0.9999999998860998,1.1390022258694898e-10,-0.17846443096976067,-0.12591574757519647,0.21841320612266346,0.17846443096976067
Be-Be_2.04_hgbs-5_as-008-012,hgbs-5,fermionic_magnitude_reference,100,0.01,1.0,10,0.1,0.11,89,0.21841339580308483,0.047704411466235,0.9999999998860996,1.1390044463155391e-10,-0.1468704621861759,-0.16165827191314652,0.21841320825610738,0.1468704621861759
Be-Be_2.04_hgbs-5_as-008-012,hgbs-5,fermionic_magnitude_reference,100,0.01,1.0,11,0.11,0.12,88,0.21841339391677003,0.04770441064224216,0.9999999998861003,1.1389966747543667e-10,-0.10827012421981486,-0.18968898407107848,0.21841321039829986,0.10827012421981486
Be-Be_2.04_hgbs-5_as-008-012,hgbs-5,fermionic_magnitude_reference,100,0.01,1.0,12,0.12,0.13,87,0.21841339208303642,0.0477044098412182,0.9999999998861021,1.1389789111859727e-10,-0.0645048234387367,-0.20867069552418233,0.21841321255228266,0.0645048234387367
Be-Be_2.04_hgbs-5_as-008-012,hgbs-5,fermionic_magnitude_reference,100,0.01,1.0,13,0.13,0.14,86,0.21841339030451826,0.047704409064313835,0.9999999998861038,1.1389622578406033e-10,-0.01766235766062141,-0.21769789499786424,0.21841321472070513,0.01766235766062141
Be-Be_2.04_hgbs-5_as-008-012,hgbs-5,fermionic_magnitude_reference,100,0.01,1.0,14,0.14,0.15,85,0.21841338858341672,0.047704408312490586,0.9999999998860944,1.1390555165746719e-10,0.030022681010664878,-0.2163399453269053,0.21841321690574614,-0.030022681010664878
Be-Be_2.04_hgbs-5_as-008-012,hgbs-5,fermionic_magnitude_reference,100,0.01,1.0,15,0.15,0.16,84,0.21841338692152712,0.047704407586532716,0.9999999998860934,1.1390655085818935e-10,0.07627550607620688,-0.20466162672675267,0.21841321910915126,-0.07627550607620688
Be-Be_2.04_hgbs-5_as-008-012,hgbs-5,fermionic_magnitude_reference,100,0.01,1.0,16,0.16,0.17,83,0.21841338532020815,0.04770440688703372,0.9999999998860973,1.1390266507760316e-10,0.11888965397668887,-0.1832200464742111,0.2184132213322007,-0.11888965397668887
Be-Be_2.04_hgbs-5_as-008-012,hgbs-5,fermionic_magnitude_reference,100,0.01,1.0,17,0.17,0.18,82,0.21841338378039477,0.04770440621440201,0.999999999886082,1.1391798615534299e-10,0.1558322421166456,-0.15303806242120643,0.2184132235757211,-0.1558322421166456
Be-Be_2.04_hgbs-5_as-008-012,hgbs-5,fermionic_magnitude_reference,100,0.01,1.0,18,0.18,0.19,81,0.2184133823026072,0.04770440556886485,0.9999999998860735,1.139265348726326e-10,0.18534094630808381,-0.11555548815829242,0.21841322584009712,-0.18534094630808381
Be-Be_2.04_hgbs-5_as-008-012,hgbs-5,fermionic_magnitude_reference,100,0.01,1.0,19,0.19,0.2,80,0.21841338088692352,0.04770440495045633,0.9999999998860709,1.1392908838558924e-10,0.206008071383565,-0.07256040755753676,0.21841322812524852,-0.206008071383565
Be-Be_2.04_hgbs-5_as-008-012,hgbs-5,fermionic_magnitude_reference,100,0.01,1.0,20,0.2,0.21,79,0.2184133795330213,0.04770440435903561,0.9999999998860446,1.1395540067127286e-10,0.21684770444207366,-0.026103875294001138,0.21841323043067168,-0.21684770444207366
Be-Be_2.04_hgbs-5_as-008-012,hgbs-5,fermionic_magnitude_reference,100,0.01,1.0,21,0.21,0.22,78,0.2184133782401968,0.047704403794295275,0.9999999998860487,1.1395129284608174e-10,0.21734274722352237,0.021597927493658846,0.21841323275545665,-0.21734274722352237
Be-Be_2.04_hgbs-5_as-008-012,hgbs-5,fermionic_magnitude_reference,100,0.01,1.0,22,0.22,0.23,77,0.21841337700735225,0.04770440325575579,0.9999999998860265,1.1397349730657425e-10,0.20746958396183826,0.06826941479757936,0.218413235098293,-0.20746958396183826
Be-Be_2.04_hgbs-5_as-008-012,hgbs-5,fermionic_magnitude_reference,100,0.01,1.0,23,0.23,0.24,76,0.21841337583303838,0.04770440274278407,0.9999999998859945,1.1400547172968345e-10,0.1876992079526772,0.1116841512059828,0.21841323745749291,-0.1876992079526772
Be-Be_2.04_hgbs-5_as-008-012,hgbs-5,fermionic_magnitude_reference,100,0.01,1.0,24,0.24,0.25,75,0.21841337471546643,0.04770440225459875,0.9999999998859761,1.1402390143189223e-10,0.15897475309422013,0.14977106266604429,0.218413239831024,-0.15897475309422013
Be-Be_2.04_hgbs-5_as-008-012,hgbs-5,fermionic_magnitude_reference,100,0.01,1.0,25,0.25,0.26,74,0.2184133736525528,0.047704401790289654,0.9999999998859579,1.1404210908949608e-10,0.12266650224601902,0.18071323582480217,0.21841324221654498,-0.12266650224601902
Be-Be_2.04_hgbs-5_as-008-012,hgbs-5,fermionic_magnitude_reference,100,0.01,1.0,26,0.26,0.27,73,0.21841337264195285,0.047704401348832554,0.9999999998859361,1.1406386946077873e-10,0.08050651870524343,0.20303459278572747,0.2184132446114564,-0.08050651870524343
Be-Be_2.04_hgbs-5_as-008-012,hgbs-5,fermionic_magnitude_reference,100,0.01,1.0,27,0.27,0.28,72,0.2184133716810546,0.0477044009290865,0.9999999998859098,1.1409018174646235e-10,0.03450601916644437,0.21567030651435262,0.21841324701288115,-0.03450601916644437
Be-Be_2.04_hgbs-5_as-008-012,hgbs-5,fermionic_magnitude_reference,100,0.01,1.0,28,0.28,0.29,71,0.21841337076704964,0.04770440052982469,0.9999999998858861,1.1411394051918933e-10,-0.01314057016199616,0.2180175977691631,0.21841324941774695,0.01314057016199616
Be-Be_2.04_hgbs-5_as-008-012,hgbs-5,fermionic_magnitude_reference,100,0.01,1.0,29,0.29,0.3,70,0.21841336989696403,0.047704400149748034,0.9999999998858601,1.1413991973796556e-10,-0.060160297339927796,0.20996449032108314,0.21841325182282492,0.060160297339927796
Be-Be_2.04_hgbs-5_as-008-012,hgbs-5,fermionic_magnitude_reference,100,0.01,1.0,30,0.3,0.31,69,0.21841336906768932,0.047704399787498665,0.9999999998858382,1.1416179113155067e-10,-0.10431011449959555,0.19189515271138807,0.21841325422475094,0.10431011449959555
Be-Be_2.04_hgbs-5_as-008-012,hgbs-5,fermionic_magnitude_reference,100,0.01,1.0,31,0.31,0.32,68,0.21841336827602206,0.047704399441677245,0.9999999998857929,1.1420708823095538e-10,-0.14348388109371135,0.16467157172285388,0.21841325662008088,0.14348388109371135
Be-Be_2.04_hgbs-5_as-008-012,hgbs-5,fermionic_magnitude_reference,100,0.01,1.0,32,0.32,0.33,67,0.21841336751868315,0.04770439911085135,0.9999999998857626,1.1423739731952764e-10,-0.1758128360624049,0.12959243181996452,0.21841325900530445,0.1758128360624049
Be-Be_2.04_hgbs-5_as-008-012,hgbs-5,fermionic_magnitude_reference,100,0.01,1.0,33,0.33,0.34,66,0.2184133667923996,0.047704398793591285,0.9999999998857141,1.1428591406570376e-10,-0.19975474595488665,0.08833116218983798,0.2184132613769337,0.19975474595488665
Be-Be_2.04_hgbs-5_as-008-012,hgbs-5,fermionic_magnitude_reference,100,0.01,1.0,34,0.34,0.35000000000000003,65,0.21841336609390116,0.0477043984884685,0.9999999998856846,1.1431544599815879e-10,-0.21416747624879517,0.04285610681181511,0.21841326373149583,0.21416747624879517
Be-Be_2.04_hgbs-5_as-008-012,hgbs-5,fermionic_magnitude_reference,100,0.01,1.0,35,0.35000000000000003,0.36,64,0.21841336541997003,0.04770439819407736,0.999999999885643,1.1435696833927977e-10,-0.21836347619156102,-0.004663374205304763,0.21841326606559672,0.21836347619156102
Be-Be_2.04_hgbs-5_as-008-012,hgbs-5,fermionic_magnitude_reference,100,0.01,1.0,36,0.36,0.37,63,0.21841336476746576,0.047704397909046056,0.9999999998855938,1.1440615121927067e-10,-0.2121425779973568,-0.051960392639914046,0.218413268375936,0.2121425779973568
Be-Be_2.04_hgbs-5_as-008-012,hgbs-5,fermionic_magnitude_reference,100,0.01,1.0,37,0.37,0.38,62,0.21841336413339127,0.04770439763206537,0.9999999998855509,1.1444911685032366e-10,-0.19580154573348416,-0.09677867269448204,0.21841327065937952,0.19580154573348416
Be-Be_2.04_hgbs-5_as-008-012,hgbs-5,fermionic_magnitude_reference,100,0.01,1.0,38,0.38,0.39,61,0.2184133635148853,0.04770439736188543,0.9999999998855029,1.1449707848498747e-10,-0.1701199183721078,-0.13698018527368752,0.2184132729129491,0.1701199183721078
Be-Be_2.04_hgbs-5_as-008-012,hgbs-5,fermionic_magnitude_reference,100,0.01,1.0,39,0.39,0.4,60,0.21841336290926106,0.047704397097332575,0.9999999998854592,1.145408212721577e-10,-0.13632282235591012,-0.17064714137548093,0.21841327513387185,0.13632282235591012
Be-Be_2.04_hgbs-5_as-008-012,hgbs-5,fermionic_magnitude_reference,100,0.01,1.0,40,0.4,0.41000000000000003,59,0.21841336231404854,0.047704396837327835,0.999999999885411,1.1458900495142643e-10,-0.09602252768163344,-0.1961734790615773,0.21841327731961072,0.09602252768163344
Be-Be_2.04_hgbs-5_as-008-012,hgbs-5,fermionic_magnitude_reference,100,0.01,1.0,41,0.41000000000000003,0.42,58,0.21841336172696607,0.047704396580874525,0.9999999998853718,1.146281958241957e-10,-0.051141535533148486,-0.21234147967651432,0.218413279467847,0.051141535533148486
Be-Be_2.04_hgbs-5_as-008-012,hgbs-5,fermionic_magnitude_reference,100,0.01,1.0,42,0.42,0.43,57,0.21841336114604357,0.047704396327112056,0.9999999998853185,1.1468148652937771e-10,-0.0038208665223524027,-0.2183798583845928,0.2184132815765938,0.0038208665223524027
Be-Be_2.04_hgbs-5_as-008-012,hgbs-5,fermionic_magnitude_reference,100,0.01,1.0,43,0.43,0.44,56,0.21841336056950708,0.04770439607526551,0.9999999998852779,1.1472212069207899e-10,0.04368207540821844,-0.214000557850263,0.21841328364408846,-0.04368207540821844
Be-Be_2.04_hgbs-5_as-008-012,hgbs-5,fermionic_magnitude_reference,100,0.01,1.0,44,0.44,0.45,55,0.21841335999588765,0.04770439582469322,0.9999999998852233,1.1477674366489055e-10,0.08910119107947596,-0.1994124898417901,0.21841328566889728,-0.08910119107947596
Be-Be_2.04_hgbs-5_as-008-012,hgbs-5,fermionic_magnitude_reference,100,0.01,1.0,45,0.45,0.46,54,0.21841335942397905,0.047704395574868254,0.9999999998851942,1.1480583150813573e-10,0.13026978897127067,-0.17531156922292987,0.21841328764987153,-0.13026978897127067
Be-Be_2.04_hgbs-5_as-008-012,hgbs-5,fermionic_magnitude_reference,100,0.01,1.0,46,0.46,0.47000000000000003,53,0.21841335885285307,0.04770439532538517,0.9999999998851427,1.1485734585647833e-10,0.16522394593514178,-0.14284751575533633,0.2184132895861644,-0.16522394593514178
Be-Be_2.04_hgbs-5_as-008-012,hgbs-5,fermionic_magnitude_reference,100,0.01,1.0,47,0.47000000000000003,0.48,52,0.2184133582818842,0.04770439507597072,0.9999999998850839,1.14916076654481e-10,0.19229619496419306,-0.10356900741157099,0.2184132914772473,-0.19229619496419306
Be-Be_2.04_hgbs-5_as-008-012,hgbs-5,fermionic_magnitude_reference,100,0.01,1.0,48,0.48,0.49,51,0.21841335771072423,0.04770439482647278,0.9999999998850597,1.1494027951641783e-10,0.21019507070091892,-0.05934980162719254,0.21841329332289144,-0.21019507070091892
Be-Be_2.04_hgbs-5_as-008-012,hgbs-5,fermionic_magnitude_reference,100,0.01,1.0,49,0.49,0.5,50,0.21841335713926932,0.047704394576846006,0.9999999998850143,1.14985687638125e-10,0.21806671801266547,-0.012299348833395334,0.2184132951231241,-0.21806671801266547
Be-Be_2.04_hgbs-5_as-008-012,hgbs-5,fermionic_magnitude_reference,100,0.01,1.0,50,0.5,0.51,49,0.21841335656771416,0.047704394327175444,0.9999999998849807,1.1501932739577114e-10,0.21553562463507286,0.0353378376023774,0.21841329687828767,-0.21553562463507286
Be-Be_2.04_hgbs-5_as-008-012,hgbs-5,fermionic_magnitude_reference,100,0.01,1.0,51,0.51,0.52,48,0.2184133559964806,0.047704394077645366,0.999999999884944,1.1505596475558377e-10,0.20272253475706825,0.08128925453085045,0.21841329858896444,-0.20272253475706825
Be-Be_2.04_hgbs-5_as-008-012,hgbs-5,fermionic_magnitude_reference,100,0.01,1.0,52,0.52,0.53,47,0.21841335542620122,0.0477043938285321,0.9999999998849098,1.1509015962474223e-10,0.18023868899126125,0.12336281741030598,0.21841330025595304,-0.18023868899126125
Be-Be_2.04_hgbs-5_as-008-012,hgbs-5,fermionic_magnitude_reference,100,0.01,1.0,53,0.53,0.54,46,0.21841335485772584,0.047704393580206866,0.9999999998848687,1.1513134889895582e-10,0.14915666550876197,0.15955143237385924,0.21841330188027214,-0.14915666550876197
Be-Be_2.04_hgbs-5_as-008-012,hgbs-5,fermionic_magnitude_reference,100,0.01,1.0,54,0.54,0.55,45,0.2184133542921241,0.04770439333313693,0.9999999998848386,1.1516143594292316e-10,0.11095921334484578,0.18812874342743963,0.21841330346316915,-0.11095921334484578
Be-Be_2.04_hgbs-5_as-008-012,hgbs-5,fermionic_magnitude_reference,100,0.01,1.0,55,0.55,0.56,44,0.21841335373054582,0.04770439308782453,0.9999999998848115,1.1518852538472402e-10,0.06746851875208489,0.2077314872161365,0.2184133050059641,-0.06746851875208489
Be-Be_2.04_hgbs-5_as-008-012,hgbs-5,fermionic_magnitude_reference,100,0.01,1.0,56,0.56,0.5700000000000001,43,0.21841335317434915,0.047704392844862976,0.9999999998847908,1.1520917553298204e-10,0.020759278907438193,0.2174245266752467,0.21841330651018467,-0.020759278907438193
Be-Be_2.04_hgbs-5_as-008-012,hgbs-5,fermionic_magnitude_reference,100,0.01,1.0,57,0.5700000000000001,0.58,42,0.21841335262494144,0.04770439260486701,0.9999999998847574,1.1524259324602326e-10,-0.026940270260440394,0.21674546117491178,0.2184133079774004,0.026940270260440394
Be-Be_2.04_hgbs-5_as-008-012,hgbs-5,fermionic_magnitude_reference,100,0.01,1.0,58,0.58,0.59,41,0.21841335208380733,0.047704392368485185,0.9999999998847442,1.152558049000163e-10,-0.0733546507157155,0.20572668505926908,0.2184133094092489,0.0733546507157155
Be-Be_2.04_hgbs-5_as-008-012,hgbs-5,fermionic_magnitude_reference,100,0.01,1.0,59,0.59,0.6,40,0.2184133515524766,0.047704392136385734,0.9999999998847208,1.1527923060583589e-10,-0.11626969261440194,0.18489384229119551,0.2184133108073979,0.11626969261440194
Be-Be_2.04_hgbs-5_as-008-012,hgbs-5,fermionic_magnitude_reference,100,0.01,1.0,60,0.6,0.61,39,0.2184133510324646,0.0477043919092306,0.9999999998847047,1.1529532883969296e-10,-0.1536381599321187,0.1552407509234215,0.21841331217349155,0.1536381599321187
Be-Be_2.04_hgbs-5_as-008-012,hgbs-5,fermionic_magnitude_reference,100,0.01,1.0,61,0.61,0.62,38,0.2184133505252568,0.04770439168766869,0.9999999998846936,1.1530643106993921e-10,-0.18367741261382897,0.11818199360952746,0.21841331350912005,0.18367741261382897
Be-Be_2.04_hgbs-5_as-008-012,hgbs-5,fermionic_magnitude_reference,100,0.01,1.0,62,0.62,0.63,37,0.21841335003226953,0.04770439147231869,0.9999999998846761,1.1532386157142582e-10,-0.20495444633256338,0.0754854357961111,0.2184133148157786,0.20495444633256338
Be-Be_2.04_hgbs-5_as-008-012,hgbs-5,fermionic_magnitude_reference,100,0.01,1.0,63,0.63,0.64,36,0.21841334955483405,0.04770439126376212,0.9999999998846647,1.1533529686857946e-10,-0.21645425308747537,0.029187890775077784,0.21841331609486342,0.21645425308747537
Be-Be_2.04_hgbs-5_as-008-012,hgbs-5,fermionic_magnitude_reference,100,0.01,1.0,64,0.64,0.65,35,0.21841334909412413,0.04770439106251173,0.9999999998846588,1.1534118105060998e-10,-0.21762824154074012,-0.018502045256197294,0.2184133173475855,0.21762824154074012
Be-Be_2.04_hgbs-5_as-008-012,hgbs-5,fermionic_magnitude_reference,100,0.01,1.0,65,0.65,0.66,34,0.21841334865117368,0.04770439086901915,0.9999999998846539,1.1534606603191833e-10,-0.20842040723134334,-0.06530935293248205,0.2184133185749864,0.20842040723134334
Be-Be_2.04_hgbs-5_as-008-012,hgbs-5,fermionic_magnitude_reference,100,0.01,1.0,66,0.66,0.67,33,0.2184133482268307,0.047704390683654806,0.9999999998846398,1.1536016586433107e-10,-0.18927000423190138,-0.10900111813397045,0.21841331977789208,0.18927000423190138
Be-Be_2.04_hgbs-5_as-008-012,hgbs-5,fermionic_magnitude_reference,100,0.01,1.0,67,0.67,0.68,32,0.218413347821709,0.047704390506686824,0.9999999998846579,1.1534206922902968e-10,-0.16109059079919785,-0.1474930517935449,0.21841332095686822,0.16109059079919785
Be-Be_2.04_hgbs-5_as-008-012,hgbs-5,fermionic_magnitude_reference,100,0.01,1.0,68,0.68,0.6900000000000001,31,0.21841334743617974,0.047704390338277364,0.9999999998846446,1.1535539190532518e-10,-0.12522644863341237,-0.1789489196356152,0.21841332211220665,0.12522644863341237
Be-Be_2.04_hgbs-5_as-008-012,hgbs-5,fermionic_magnitude_reference,100,0.01,1.0,69,0.6900000000000001,0.7000000000000001,30,0.2184133470703572,0.047704390178476316,0.9999999998846526,1.1534739829954788e-10,-0.08338845473853806,-0.2018681386122313,0.2184133232439089,0.08338845473853806
Be-Be_2.04_hgbs-5_as-008-012,hgbs-5,fermionic_magnitude_reference,100,0.01,1.0,70,0.7000000000000001,0.71,29,0.21841334672410398,0.04770439002722366,0.9999999998846548,1.1534517785349863e-10,-0.0375724650783376,-0.21515736130166502,0.2184133243516936,0.0375724650783376
Be-Be_2.04_hgbs-5_as-008-012,hgbs-5,fermionic_magnitude_reference,100,0.01,1.0,71,0.71,0.72,28,0.21841334639694426,0.04770438988431156,0.9999999998846661,1.1533385357864745e-10,0.010035896514840343,-0.21818263338010768,0.21841332543490807,-0.010035896514840343
Be-Be_2.04_hgbs-5_as-008-012,hgbs-5,fermionic_magnitude_reference,100,0.01,1.0,72,0.72,0.73,27,0.2184133460881214,0.0477043897494095,0.9999999998846623,1.1533773935923364e-10,0.05716550219100693,-0.21079963602627347,0.21841332649259154,-0.05716550219100693
Be-Be_2.04_hgbs-5_as-008-012,hgbs-5,fermionic_magnitude_reference,100,0.01,1.0,73,0.73,0.74,26,0.2184133457965422,0.04770438962203992,0.9999999998846764,1.153236395268209e-10,0.10156806285057113,-0.19336057056347922,0.21841332752341786,-0.10156806285057113
Be-Be_2.04_hgbs-5_as-008-012,hgbs-5,fermionic_magnitude_reference,100,0.01,1.0,74,0.74,0.75,25,0.21841334552084116,0.04770438950160635,0.9999999998846777,1.1532230725919135e-10,0.14112538140362454,-0.16669735691180124,0.21841332852575399,-0.14112538140362454
Be-Be_2.04_hgbs-5_as-008-012,hgbs-5,fermionic_magnitude_reference,100,0.01,1.0,75,0.75,0.76,24,0.2184133452592805,0.047704389387349666,0.9999999998846811,1.1531886556781501e-10,0.1739504000698754,-0.13208194735748452,0.21841332949757214,-0.1739504000698754
Be-Be_2.04_hgbs-5_as-008-012,hgbs-5,fermionic_magnitude_reference,100,0.01,1.0,76,0.76,0.77,23,0.21841334500984264,0.047704389278388555,0.9999999998846898,1.1531020582822293e-10,0.1984772213193375,-0.09116564884722429,0.2184133304365388,-0.1984772213193375
Be-Be_2.04_hgbs-5_as-008-012,hgbs-5,fermionic_magnitude_reference,100,0.01,1.0,77,0.77,0.78,22,0.21841334477018104,0.04770438917369797,0.9999999998847092,1.1529077692529199e-10,0.21353580805995065,-0.04590034839962186,0.21841333133996824,-0.21353580805995065
Be-Be_2.04_hgbs-5_as-008-012,hgbs-5,fermionic_magnitude_reference,100,0.01,1.0,78,0.78,0.79,21,0.21841334453768346,0.047704389072136824,0.9999999998847002,1.1529976973179146e-10,0.21840779954528336,0.0015546004725358155,0.21841333220488598,-0.21840779954528336
Be-Be_2.04_hgbs-5_as-008-012,hgbs-5,fermionic_magnitude_reference,100,0.01,1.0,79,0.79,0.8,20,0.2184133443094536,0.04770438897243993,0.9999999998847221,1.1527789833820634e-10,0.21286078033826186,0.048935388403426205,0.2184133330280181,-0.21286078033826186
Be-Be_2.04_hgbs-5_as-008-012,hgbs-5,fermionic_magnitude_reference,100,0.01,1.0,80,0.8,0.81,19,0.21841334408228502,0.047704388873206625,0.9999999998847386,1.1526135601513943e-10,0.19715936755062677,0.0939817438186028,0.21841333380576522,-0.19715936755062677
Be-Be_2.04_hgbs-5_as-008-012,hgbs-5,fermionic_magnitude_reference,100,0.01,1.0,81,0.81,0.8200000000000001,18,0.21841334385278258,0.04770438877295383,0.9999999998847414,1.1525858045757786e-10,0.1720525874480275,0.13454475781256675,0.218413334534326,-0.1720525874480275
Be-Be_2.04_hgbs-5_as-008-012,hgbs-5,fermionic_magnitude_reference,100,0.01,1.0,82,0.8200000000000001,0.8300000000000001,17,0.21841334361732673,0.047704388670100434,0.999999999884764,1.1523604293017797e-10,0.13873814361130185,0.1686893965390285,0.21841333520967032,-0.13873814361130185
Be-Be_2.04_hgbs-5_as-008-012,hgbs-5,fermionic_magnitude_reference,100,0.01,1.0,83,0.8300000000000001,0.84,16,0.21841334337210533,0.04770438856298118,0.99999999988475,1.1525003174028825e-10,0.0988052812195267,0.19478681082263558,0.2184133358275611,-0.0988052812195267
Be-Be_2.04_hgbs-5_as-008-012,hgbs-5,fermionic_magnitude_reference,100,0.01,1.0,84,0.84,0.85,15,0.21841334311315083,0.04770438844986295,0.9999999998847676,1.1523237919419671e-10,0.054158973078630115,0.21159203941852564,0.2184133363836162,-0.054158973078630115
Be-Be_2.04_hgbs-5_as-008-012,hgbs-5,fermionic_magnitude_reference,100,0.01,1.0,85,0.85,0.86,14,0.21841334283637598,0.04770438832896031,0.9999999998847702,1.1522982568124007e-10,0.006929044055196906,0.21830339913208532,0.21841333687332695,-0.006929044055196906
Be-Be_2.04_hgbs-5_as-008-012,hgbs-5,fermionic_magnitude_reference,100,0.01,1.0,86,0.86,0.87,13,0.21841334253761813,0.04770438819845491,0.9999999998847938,1.1520617793081556e-10,-0.04063143092180798,0.21460072862953425,0.21841333729211834,0.04063143092180798
Be-Be_2.04_hgbs-5_as-008-012,hgbs-5,fermionic_magnitude_reference,100,0.01,1.0,87,0.87,0.88,12,0.2184133422126278,0.04770438805649045,0.9999999998847885,1.1521150700133376e-10,-0.08625360842915494,0.20066066154071358,0.21841333763533488,0.08625360842915494
Be-Be_2.04_hgbs-5_as-008-012,hgbs-5,fermionic_magnitude_reference,100,0.01,1.0,88,0.88,0.89,11,0.2184133418571936,0.047704387901227316,0.999999999884795,1.1520495668548847e-10,-0.12776111034500495,0.17714820025990027,0.21841333789837622,0.12776111034500495
Be-Be_2.04_hgbs-5_as-008-012,hgbs-5,fermionic_magnitude_reference,100,0.01,1.0,89,0.89,0.9,10,0.21841334146710234,0.04770438773082505,0.9999999998847947,1.1520528975239586e-10,-0.1631738466436387,0.14518499241073543,0.2184133380766546,0.1631738466436387
Be-Be_2.04_hgbs-5_as-008-012,hgbs-5,fermionic_magnitude_reference,100,0.01,1.0,90,0.9,0.91,9,0.21841334103819265,0.047704387543465857,0.9999999998848013,1.1519873943655057e-10,-0.19080247438610023,0.10629582332719006,0.21841333816565242,0.19080247438610023
Be-Be_2.04_hgbs-5_as-008-012,hgbs-5,fermionic_magnitude_reference,100,0.01,1.0,91,0.91,0.92,8,0.21841334056643996,0.04770438733739169,0.9999999998848043,1.1519574183438408e-10,-0.2093289867971541,0.06233587709429244,0.21841333816101488,0.2093289867971541
Be-Be_2.04_hgbs-5_as-008-012,hgbs-5,fermionic_magnitude_reference,100,0.01,1.0,92,0.92,0.93,7,0.2184133400479292,0.04770438711089236,0.9999999998848018,1.1519818432503826e-10,-0.21786958797518627,0.015402236116444505,0.21841333805851726,0.21786958797518627
Be-Be_2.04_hgbs-5_as-008-012,hgbs-5,fermionic_magnitude_reference,100,0.01,1.0,93,0.93,0.9400000000000001,6,0.21841333947894895,0.0477043868623466,0.9999999998848033,1.1519674103510624e-10,-0.21601685383486968,-0.03226615892670999,0.21841333785416853,0.21601685383486968
Be-Be_2.04_hgbs-5_as-008-012,hgbs-5,fermionic_magnitude_reference,100,0.01,1.0,94,0.9400000000000001,0.9500000000000001,5,0.21841333885599995,0.047704386590225856,0.9999999998848011,1.1519885045885303e-10,-0.20385916802003012,-0.07839531638681278,0.2184133375442245,0.20385916802003012
Be-Be_2.04_hgbs-5_as-008-012,hgbs-5,fermionic_magnitude_reference,100,0.01,1.0,95,0.9500000000000001,0.96,4,0.2184133381758262,0.047704386293107824,0.9999999998847986,1.1520140397180967e-10,-0.18197650560834583,-0.12078467303738395,0.21841333712521327,0.18197650560834583
Be-Be_2.04_hgbs-5_as-008-012,hgbs-5,fermionic_magnitude_reference,100,0.01,1.0,96,0.96,0.97,3,0.21841333743546487,0.04770438596969824,0.9999999998848048,1.1519518672287177e-10,-0.15141276574393353,-0.15741207060417522,0.2184133365939936,0.15141276574393353
Be-Be_2.04_hgbs-5_as-008-012,hgbs-5,fermionic_magnitude_reference,100,0.01,1.0,97,0.97,0.98,2,0.21841333663224585,0.047704385618830746,0.9999999998848086,1.1519141196458804e-10,-0.11362597305326466,-0.18653022159297236,0.21841333594774975,0.11362597305326466
Be-Be_2.04_hgbs-5_as-008-012,hgbs-5,fermionic_magnitude_reference,100,0.01,1.0,98,0.98,0.99,1,0.21841333576388183,0.04770438523950619,0.9999999998847995,1.1520051579338997e-10,-0.07041872345649841,-0.20675006257071282,0.2184133351840873,0.07041872345649841
Be-Be_2.04_hgbs-5_as-008-012,hgbs-5,fermionic_magnitude_reference,100,0.01,1.0,99,0.99,1.0,0,0.21841333482840464,0.047704384830864796,0.9999999998848055,1.1519452058905699e-10,-0.023852192415428526,-0.2171070185817239,0.21841333430097082,0.023852192415428526
Be-Be_2.04_hgbs-5_as-008-012,hgbs-5,jw_signed_baseline,100,0.01,1.0,0,0.0,0.01,99,0.21841378098437753,0.04770457972389164,0.9999999969305422,3.069457799043107e-09,-0.04671436791647194,0.21335960516984487,0.21841372046661264,0.04671436791647194
Be-Be_2.04_hgbs-5_as-008-012,hgbs-5,jw_signed_baseline,100,0.01,1.0,1,0.01,0.02,98,0.21841378321384464,0.04770458069778432,0.9999999969305428,3.069457243931595e-09,-0.09192208299434695,0.1981284496351999,0.21841371728183087,0.09192208299434695
Be-Be_2.04_hgbs-5_as-008-012,hgbs-5,jw_signed_baseline,100,0.01,1.0,2,0.02,0.03,97,0.2184137854363551,0.04770458166863816,0.9999999969305264,3.0694735642100568e-09,-0.13274469051307267,0.1734456596899584,0.21841371230922363,0.13274469051307267
Be-Be_2.04_hgbs-5_as-008-012,hgbs-5,jw_signed_baseline,100,0.01,1.0,3,0.03,0.04,96,0.21841378764657604,0.04770458263412362,0.9999999969305149,3.069485110529513e-09,-0.1672347650077639,0.14048871962089585,0.2184137059983203,0.1672347650077639
Be-Be_2.04_hgbs-5_as-008-012,hgbs-5,jw_signed_baseline,100,0.01,1.0,4,0.04,0.05,95,0.21841378983930002,0.047704583591965916,0.9999999969304934,3.0695066488561906e-09,-0.19374697301933075,0.10082982844607814,0.2184136988804018,0.19374697301933075
Be-Be_2.04_hgbs-5_as-008-012,hgbs-5,jw_signed_baseline,100,0.01,1.0,5,0.05,0.06,94,0.21841379200943678,0.04770458453994151,0.999999996930458,3.0695419539483737e-09,-0.21101656285303028,0.05636089825711991,0.21841369153662574,0.21101656285303028
Be-Be_2.04_hgbs-5_as-008-012,hgbs-5,jw_signed_baseline,100,0.01,1.0,6,0.06,0.07,93,0.21841379415209747,0.0477045854759148,0.9999999969304361,3.0695639363642613e-09,-0.21821969859852433,0.009203300928930588,0.2184136845630769,0.21821969859852433
Be-Be_2.04_hgbs-5_as-008-012,hgbs-5,jw_signed_baseline,100,0.01,1.0,7,0.07,0.08,92,0.21841379626256666,0.04770458639782598,0.9999999969303979,3.0696021280363084e-09,-0.21501276029480904,-0.038393331210255406,0.21841367853459495,0.21501276029480904
Be-Be_2.04_hgbs-5_as-008-012,hgbs-5,jw_signed_baseline,100,0.01,1.0,8,0.08,0.09,91,0.2184137983364349,0.04770458730374885,0.9999999969303603,3.0696396535745407e-09,-0.201548735569781,-0.08415842303207503,0.21841367396988498,0.201548735569781
Be-Be_2.04_hgbs-5_as-008-012,hgbs-5,jw_signed_baseline,100,0.01,1.0,9,0.09,0.1,90,0.21841380036954985,0.04770458819186958,0.9999999969303097,3.0696902797444636e-09,-0.17846992093238614,-0.12590877305807754,0.21841367129967537,0.17846992093238614
Be-Be_2.04_hgbs-5_as-008-012,hgbs-5,jw_signed_baseline,100,0.01,1.0,10,0.1,0.11,89,0.21841380235806548,0.04770458906050809,0.9999999969302652,3.069734799687751e-09,-0.14687728101233194,-0.16165270159295264,0.21841367084016447,0.14687728101233194
Be-Be_2.04_hgbs-5_as-008-012,hgbs-5,jw_signed_baseline,100,0.01,1.0,11,0.11,0.12,88,0.21841380429850726,0.047704589908146626,0.9999999969302062,3.0697937525303587e-09,-0.10827792751842244,-0.18968506231814145,0.21841367277329948,0.10827792751842244
Be-Be_2.04_hgbs-5_as-008-012,hgbs-5,jw_signed_baseline,100,0.01,1.0,12,0.12,0.13,87,0.21841380618772396,0.047704590733408644,0.9999999969301318,3.069868248495311e-09,-0.06451322341474448,-0.2086685849961022,0.2184136771350097,0.06451322341474448
Be-Be_2.04_hgbs-5_as-008-012,hgbs-5,jw_signed_baseline,100,0.01,1.0,13,0.13,0.14,86,0.21841380802296664,0.04770459153509333,0.9999999969300789,3.069921095111283e-09,-0.017670942017137477,-0.21769766899238974,0.2184136838123773,0.017670942017137477
Be-Be_2.04_hgbs-5_as-008-012,hgbs-5,jw_signed_baseline,100,0.01,1.0,14,0.14,0.15,85,0.2184138098019054,0.04770459231218291,0.9999999969300104,3.0699895958719026e-09,0.03001432868602759,-0.2163415844602083,0.218413692549772,-0.03001432868602759
Be-Be_2.04_hgbs-5_as-008-012,hgbs-5,jw_signed_baseline,100,0.01,1.0,15,0.15,0.16,84,0.21841381152259723,0.047704593063828626,0.9999999969299398,3.0700602060562687e-09,0.07626778545701603,-0.2046650203229069,0.2184137029636495,-0.07626778545701603
Be-Be_2.04_hgbs-5_as-008-012,hgbs-5,jw_signed_baseline,100,0.01,1.0,16,0.16,0.17,83,0.21841381318351888,0.047704593789365084,0.9999999969298459,3.070154130924152e-09,0.11888292783226077,-0.18322499878622653,0.21841371456523337,-0.11888292783226077
Be-Be_2.04_hgbs-5_as-008-012,hgbs-5,jw_signed_baseline,100,0.01,1.0,17,0.17,0.18,82,0.21841381478358035,0.04770459448831615,0.999999996929769,3.070230958357456e-09,0.15582681804781112,-0.15304430347863582,0.2184137267897016,-0.15582681804781112
Be-Be_2.04_hgbs-5_as-008-012,hgbs-5,jw_signed_baseline,100,0.01,1.0,18,0.18,0.19,81,0.2184138163221181,0.047704595160391945,0.999999996929667,3.070332987853419e-09,0.18533706154080473,-0.11556268868676803,0.21841373903006858,-0.18533706154080473
Be-Be_2.04_hgbs-5_as-008-012,hgbs-5,jw_signed_baseline,100,0.01,1.0,19,0.19,0.2,80,0.21841381779886013,0.04770459580547367,0.9999999969295778,3.070422249784599e-09,0.20600588160344516,-0.07256819708501161,0.2184137506737654,-0.20600588160344516
Be-Be_2.04_hgbs-5_as-008-012,hgbs-5,jw_signed_baseline,100,0.01,1.0,20,0.2,0.21,79,0.21841381921397202,0.04770459642363365,0.9999999969294786,3.070521392700698e-09,0.21684727736997075,-0.02611186229392195,0.21841376113978206,-0.21684727736997075
Be-Be_2.04_hgbs-5_as-008-012,hgbs-5,jw_signed_baseline,100,0.01,1.0,21,0.21,0.22,78,0.21841382056798886,0.04770459701510563,0.9999999969293563,3.0706437392780117e-09,0.2173440612719874,0.021590134733493662,0.2184137699139224,-0.2173440612719874
Be-Be_2.04_hgbs-5_as-008-012,hgbs-5,jw_signed_baseline,100,0.01,1.0,22,0.22,0.23,77,0.2184138218618728,0.047704597580309906,0.9999999969292461,3.0707538734020545e-09,0.20747253191604723,0.06826218792561671,0.21841377658025019,-0.20747253191604723
Be-Be_2.04_hgbs-5_as-008-012,hgbs-5,jw_signed_baseline,100,0.01,1.0,23,0.23,0.24,76,0.21841382309686944,0.04770459811979058,0.999999996929119,3.070880993938374e-09,0.18770360523752633,0.11167782342298037,0.21841378084649216,-0.18770360523752633
Be-Be_2.04_hgbs-5_as-008-012,hgbs-5,jw_signed_baseline,100,0.01,1.0,24,0.24,0.25,75,0.2184138242746341,0.04770459863427074,0.9999999969289932,3.071006782207064e-09,0.15898034986979132,0.14976591323939434,0.2184137825622528,-0.15898034986979132
Be-Be_2.04_hgbs-5_as-008-012,hgbs-5,jw_signed_baseline,100,0.01,1.0,25,0.25,0.26,74,0.21841382539708407,0.047704599124587924,0.9999999969288629,3.071137122390155e-09,0.12267299835136566,0.18070947823616984,0.218413781728404,-0.12267299835136566
Be-Be_2.04_hgbs-5_as-008-012,hgbs-5,jw_signed_baseline,100,0.01,1.0,26,0.26,0.27,73,0.21841382646645646,0.04770459959171936,0.9999999969287221,3.0712778986696776e-09,0.08051358036685283,0.20303236691243104,0.21841377849749702,-0.08051358036685283
Be-Be_2.04_hgbs-5_as-008-012,hgbs-5,jw_signed_baseline,100,0.01,1.0,27,0.27,0.28,72,0.21841382748520743,0.04770460003673795,0.999999996928578,3.071422005618274e-09,0.03451329640039586,0.21566967491896522,0.2184137731647748,-0.03451329640039586
Be-Be_2.04_hgbs-5_as-008-012,hgbs-5,jw_signed_baseline,100,0.01,1.0,28,0.28,0.29,71,0.2184138284560344,0.047704600460822026,0.999999996928421,3.071578991153956e-09,-0.013133426414328723,0.2180185458962421,0.21841376615060784,0.013133426414328723
Be-Be_2.04_hgbs-5_as-008-012,hgbs-5,jw_signed_baseline,100,0.01,1.0,29,0.29,0.3,70,0.21841382938179565,0.047704600865220145,0.9999999969282743,3.071725651615509e-09,-0.06015361912816291,0.20996693020235707,0.21841375797512752,0.06015361912816291
Be-Be_2.04_hgbs-5_as-008-012,hgbs-5,jw_signed_baseline,100,0.01,1.0,30,0.3,0.31,69,0.21841383026550382,0.04770460125124831,0.9999999969281068,3.071893184269925e-09,-0.10430420241882592,0.19189892967155273,0.2184137492268171,0.10430420241882592
Be-Be_2.04_hgbs-5_as-008-012,hgbs-5,jw_signed_baseline,100,0.01,1.0,31,0.31,0.32,68,0.21841383111031165,0.04770460162028374,0.9999999969279376,3.0720623822588777e-09,-0.1434789918788006,0.16467647354846784,0.21841374052681795,0.1434789918788006
Be-Be_2.04_hgbs-5_as-008-012,hgbs-5,jw_signed_baseline,100,0.01,1.0,32,0.32,0.33,67,0.21841383191938096,0.0477046019737076,0.9999999969277673,3.0722326904708552e-09,-0.17580917248022207,0.12959819988136045,0.21841373249104445,0.17580917248022207
Be-Be_2.04_hgbs-5_as-008-012,hgbs-5,jw_signed_baseline,100,0.01,1.0,33,0.33,0.34,66,0.21841383269597364,0.04770460231294476,0.999999996927573,3.0724269795001646e-09,-0.19975244916592982,0.08833750405806598,0.21841372569276912,0.19975244916592982
Be-Be_2.04_hgbs-5_as-008-012,hgbs-5,jw_signed_baseline,100,0.01,1.0,34,0.34,0.35000000000000003,65,0.21841383344330778,0.04770460263940099,0.999999996927396,3.07260394905029e-09,-0.2141666207733364,0.04286270995707666,0.2184137206274701,0.2141666207733364
Be-Be_2.04_hgbs-5_as-008-012,hgbs-5,jw_signed_baseline,100,0.01,1.0,35,0.35000000000000003,0.36,64,0.21841383416460253,0.0477046029544825,0.999999996927206,3.0727940192321057e-09,-0.21836406761317134,-0.004656828035446931,0.21841371768257,0.21836406761317134
Be-Be_2.04_hgbs-5_as-008-012,hgbs-5,jw_signed_baseline,100,0.01,1.0,36,0.36,0.37,63,0.21841383486298405,0.04770460325955487,0.9999999969270039,3.0729960798225875e-09,-0.21214455353836137,-0.05195421279724084,0.21841371711358162,0.21214455353836137
Be-Be_2.04_hgbs-5_as-008-012,hgbs-5,jw_signed_baseline,100,0.01,1.0,37,0.37,0.38,62,0.2184138355414351,0.04770460355592106,0.9999999969268041,3.07319591996702e-09,-0.19580477781317268,-0.09677314526930994,0.21841371902831766,0.19580477781317268
Be-Be_2.04_hgbs-5_as-008-012,hgbs-5,jw_signed_baseline,100,0.01,1.0,38,0.38,0.39,61,0.2184138362028776,0.047704603844857446,0.9999999969265913,3.0734087497208407e-09,-0.17012422118492448,-0.1369755595975237,0.21841372338026718,0.17012422118492448
Be-Be_2.04_hgbs-5_as-008-012,hgbs-5,jw_signed_baseline,100,0.01,1.0,39,0.39,0.4,60,0.21841383685003704,0.047704604127554597,0.9999999969263911,3.0736089229321806e-09,-0.13632796137060121,-0.17064361807131267,0.21841372997119976,0.13632796137060121
Be-Be_2.04_hgbs-5_as-008-012,hgbs-5,jw_signed_baseline,100,0.01,1.0,40,0.4,0.41000000000000003,59,0.21841383748542736,0.04770460440511067,0.999999996926172,3.073827969934939e-09,-0.0960282317702631,-0.19617120036477903,0.21841373846322407,0.0960282317702631
Be-Be_2.04_hgbs-5_as-008-012,hgbs-5,jw_signed_baseline,100,0.01,1.0,41,0.41000000000000003,0.42,58,0.21841383811139392,0.047704604678550186,0.9999999969259481,3.074051901919006e-09,-0.05114751121055812,-0.21234052271500672,0.21841374839949168,0.05114751121055812
Be-Be_2.04_hgbs-5_as-008-012,hgbs-5,jw_signed_baseline,100,0.01,1.0,42,0.42,0.43,57,0.21841383873001288,0.04770460494878007,0.9999999969257231,3.0742769441260975e-09,-0.003826813547699291,-0.21838023198078366,0.21841375923212744,0.003826813547699291
Be-Be_2.04_hgbs-5_as-008-012,hgbs-5,jw_signed_baseline,100,0.01,1.0,43,0.43,0.44,56,0.21841383934312542,0.0477046052166046,0.9999999969254981,3.0745018753108866e-09,0.04367644800481164,-0.21400220319143498,0.2184137703559582,-0.04367644800481164
Be-Be_2.04_hgbs-5_as-008-012,hgbs-5,jw_signed_baseline,100,0.01,1.0,44,0.44,0.45,55,0.2184138399523068,0.04770460548271189,0.9999999969252545,3.0747454582424893e-09,0.08909614959324254,-0.19941528507626177,0.2184137811457606,-0.08909614959324254
Be-Be_2.04_hgbs-5_as-008-012,hgbs-5,jw_signed_baseline,100,0.01,1.0,45,0.45,0.46,54,0.21841384055887775,0.047704605747678874,0.9999999969250232,3.0749768287208212e-09,0.1302655612939149,-0.17531533771334615,0.21841379099489874,-0.1302655612939149
Be-Be_2.04_hgbs-5_as-008-012,hgbs-5,jw_signed_baseline,100,0.01,1.0,46,0.46,0.47000000000000003,53,0.21841384116385737,0.047704606011950715,0.9999999969247787,3.0752212998308437e-09,0.16522071043948336,-0.14285203740096974,0.218413799352824,-0.16522071043948336
Be-Be_2.04_hgbs-5_as-008-012,hgbs-5,jw_signed_baseline,100,0.01,1.0,47,0.47000000000000003,0.48,52,0.21841384176800122,0.04770460627585747,0.9999999969245369,3.075463106405607e-09,0.19229407271916354,-0.10357403218638138,0.21841380575931668,-0.19229407271916354
Be-Be_2.04_hgbs-5_as-008-012,hgbs-5,jw_signed_baseline,100,0.01,1.0,48,0.48,0.49,51,0.21841384237177927,0.04770460653960445,0.9999999969242883,3.0757116853408206e-09,0.21019412143144073,-0.05935506430773709,0.2184138098731645,-0.21019412143144073
Be-Be_2.04_hgbs-5_as-008-012,hgbs-5,jw_signed_baseline,100,0.01,1.0,49,0.49,0.5,50,0.2184138429754147,0.047704606803289105,0.9999999969240376,3.075962373699781e-09,0.21806693987814424,-0.012304583835382896,0.2184138114936419,-0.21806693987814424
Be-Be_2.04_hgbs-5_as-008-012,hgbs-5,jw_signed_baseline,100,0.01,1.0,50,0.5,0.51,49,0.2184138435788078,0.047704607066867924,0.9999999969237823,3.0762177249954448e-09,0.21553695756880206,0.03533288229284302,0.2184138105732682,-0.21553695756880206
Be-Be_2.04_hgbs-5_as-008-012,hgbs-5,jw_signed_baseline,100,0.01,1.0,51,0.51,0.52,48,0.21841384418169973,0.047704607330227806,0.9999999969235143,3.0764857328335893e-09,0.20272486683431454,0.0812848051725212,0.2184138072213506,-0.20272486683431454
Be-Be_2.04_hgbs-5_as-008-012,hgbs-5,jw_signed_baseline,100,0.01,1.0,52,0.52,0.53,47,0.21841384478352754,0.047704607593122866,0.9999999969232726,3.07672742838605e-09,0.18024186510772944,0.12335906466277824,0.21841380169757688,-0.18024186510772944
Be-Be_2.04_hgbs-5_as-008-012,hgbs-5,jw_signed_baseline,100,0.01,1.0,53,0.53,0.54,46,0.21841384538353742,0.04770460785522379,0.9999999969230073,3.076992660666633e-09,0.14916049757378122,0.1595485241117269,0.21841379439652683,-0.14916049757378122
Be-Be_2.04_hgbs-5_as-008-012,hgbs-5,jw_signed_baseline,100,0.01,1.0,54,0.54,0.55,45,0.21841384598078573,0.04770460811611839,0.9999999969227381,3.0772618897501047e-09,0.11096349121925343,0.188126780268713,0.2184137858236928,-0.11096349121925343
Be-Be_2.04_hgbs-5_as-008-012,hgbs-5,jw_signed_baseline,100,0.01,1.0,55,0.55,0.56,44,0.21841384657415486,0.04770460837531845,0.9999999969224667,3.0775333392796256e-09,0.06747302127002225,0.207730520612397,0.21841377656458022,-0.06747302127002225
Be-Be_2.04_hgbs-5_as-008-012,hgbs-5,jw_signed_baseline,100,0.01,1.0,56,0.56,0.5700000000000001,43,0.21841384716242151,0.047704608632289626,0.9999999969222021,3.0777979054263938e-09,0.020763784477869508,0.21742455927969884,0.2184137672488039,-0.020763784477869508
Be-Be_2.04_hgbs-5_as-008-012,hgbs-5,jw_signed_baseline,100,0.01,1.0,57,0.5700000000000001,0.58,42,0.21841384774419245,0.047704608886423285,0.9999999969219314,3.0780685777997974e-09,-0.026935973811193652,0.21674644915621885,0.21841375851119516,0.026935973811193652
Be-Be_2.04_hgbs-5_as-008-012,hgbs-5,jw_signed_baseline,100,0.01,1.0,58,0.58,0.59,41,0.21841384831802996,0.0477046091370914,0.9999999969216499,3.0783501303588423e-09,-0.07335075726232772,0.20572854205053534,0.2184137509526262,0.07335075726232772
Be-Be_2.04_hgbs-5_as-008-012,hgbs-5,jw_signed_baseline,100,0.01,1.0,59,0.59,0.6,40,0.21841384888245174,0.04770460938364647,0.9999999969213809,3.078619137397709e-09,-0.11626636993043467,0.18489644472777583,0.2184137451026655,0.11626636993043467
Be-Be_2.04_hgbs-5_as-008-012,hgbs-5,jw_signed_baseline,100,0.01,1.0,60,0.6,0.61,39,0.21841384943593536,0.04770460962542344,0.9999999969210989,3.0789011340459638e-09,-0.1536355430642424,0.15524394459622914,0.21841374138648362,0.1536355430642424
Be-Be_2.04_hgbs-5_as-008-012,hgbs-5,jw_signed_baseline,100,0.01,1.0,61,0.61,0.62,38,0.21841384997698912,0.04770460986177071,0.9999999969208098,3.079190236121576e-09,-0.18367559856210214,0.11818560130791751,0.21841374009814613,0.18367559856210214
Be-Be_2.04_hgbs-5_as-008-012,hgbs-5,jw_signed_baseline,100,0.01,1.0,62,0.62,0.63,37,0.2184138505041799,0.047704610092062255,0.9999999969205309,3.079469124145362e-09,-0.20495349022751608,0.07548926591228985,0.21841374138184835,0.20495349022751608
Be-Be_2.04_hgbs-5_as-008-012,hgbs-5,jw_signed_baseline,100,0.01,1.0,63,0.63,0.64,36,0.2184138510161247,0.04770461031569392,0.9999999969202565,3.079743460254747e-09,-0.21645416611318302,0.029191746680719322,0.21841374522228385,0.21645416611318302
Be-Be_2.04_hgbs-5_as-008-012,hgbs-5,jw_signed_baseline,100,0.01,1.0,64,0.64,0.65,35,0.21841385151160858,0.047704610532135,0.9999999969199472,3.0800527683894074e-09,-0.21762899087464163,-0.01849835536289984,0.21841375144492844,0.21762899087464163
Be-Be_2.04_hgbs-5_as-008-012,hgbs-5,jw_signed_baseline,100,0.01,1.0,65,0.65,0.66,34,0.2184138519895025,0.0477046107408923,0.999999996919662,3.0803379846844336e-09,-0.20842191822907646,-0.06530600615060743,0.21841375972596372,0.20842191822907646
Be-Be_2.04_hgbs-5_as-008-012,hgbs-5,jw_signed_baseline,100,0.01,1.0,66,0.66,0.67,33,0.21841385244888212,0.047704610941562045,0.9999999969193769,3.0806230899571574e-09,-0.18927216496928523,-0.10899826752660441,0.21841376961162853,0.18927216496928523
Be-Be_2.04_hgbs-5_as-008-012,hgbs-5,jw_signed_baseline,100,0.01,1.0,67,0.67,0.68,32,0.21841385288900425,0.047704611133819595,0.9999999969190749,3.0809250706198554e-09,-0.16109325889793782,-0.1474908182560258,0.21841378054552799,0.16109325889793782
Be-Be_2.04_hgbs-5_as-008-012,hgbs-5,jw_signed_baseline,100,0.01,1.0,68,0.68,0.6900000000000001,31,0.21841385330937846,0.04770461131745069,0.9999999969187808,3.0812191686990786e-09,-0.12522946006714494,-0.17894738563192983,0.21841379190246035,0.12522946006714494
Be-Be_2.04_hgbs-5_as-008-012,hgbs-5,jw_signed_baseline,100,0.01,1.0,69,0.6900000000000001,0.7000000000000001,30,0.21841385370972888,0.04770461149233485,0.9999999969184808,3.0815191509603324e-09,-0.08339163407907015,-0.2018673443579717,0.21841380302654287,0.08339163407907015
Be-Be_2.04_hgbs-5_as-008-012,hgbs-5,jw_signed_baseline,100,0.01,1.0,70,0.7000000000000001,0.71,29,0.21841385409007363,0.04770461165847998,0.9999999969181691,3.081830901585647e-09,-0.03757563644027124,-0.21515730378934225,0.21841381327148415,0.03757563644027124
Be-Be_2.04_hgbs-5_as-008-012,hgbs-5,jw_signed_baseline,100,0.01,1.0,71,0.71,0.72,28,0.21841385445069728,0.04770461181601038,0.9999999969178703,3.0821296626015737e-09,0.010032898697494446,-0.21818326838233812,0.21841382204034976,-0.010032898697494446
Be-Be_2.04_hgbs-5_as-008-012,hgbs-5,jw_signed_baseline,100,0.01,1.0,72,0.72,0.73,27,0.21841385479218234,0.047704611965180506,0.9999999969175517,3.082448296609641e-09,0.05716282344315097,-0.21080088291303561,0.21841382882250887,-0.05716282344315097
Be-Be_2.04_hgbs-5_as-008-012,hgbs-5,jw_signed_baseline,100,0.01,1.0,73,0.73,0.74,26,0.21841385511541897,0.04770461210637923,0.9999999969172514,3.0827486119378023e-09,0.10156582078112532,-0.19336231947638594,0.21841383322544294,-0.10156582078112532
Be-Be_2.04_hgbs-5_as-008-012,hgbs-5,jw_signed_baseline,100,0.01,1.0,74,0.74,0.75,25,0.21841385542160982,0.04770461224013187,0.9999999969169182,3.0830817898674923e-09,0.14112366026913575,-0.16669947759784853,0.2184138349994204,-0.14112366026913575
Be-Be_2.04_hgbs-5_as-008-012,hgbs-5,jw_signed_baseline,100,0.01,1.0,75,0.75,0.76,24,0.21841385571226285,0.04770461236709717,0.9999999969166047,3.0833953168496464e-09,0.17394924809294207,-0.13208429881651945,0.21841383405350384,-0.17394924809294207
Be-Be_2.04_hgbs-5_as-008-012,hgbs-5,jw_signed_baseline,100,0.01,1.0,76,0.76,0.77,23,0.21841385598920615,0.04770461248807368,0.9999999969162827,3.0837172815267877e-09,0.1984766507701529,-0.09116808891338112,0.21841383046193616,-0.1984766507701529
Be-Be_2.04_hgbs-5_as-008-012,hgbs-5,jw_signed_baseline,100,0.01,1.0,77,0.77,0.78,22,0.2184138562545781,0.0477046126039955,0.9999999969159638,3.0840362486017625e-09,0.2135357978187506,-0.04590274245971134,0.2184138244603874,-0.2135357978187506
Be-Be_2.04_hgbs-5_as-008-012,hgbs-5,jw_signed_baseline,100,0.01,1.0,78,0.78,0.79,21,0.21841385651079084,0.047704612715916334,0.9999999969156383,3.08436165497028e-09,0.21840829963385766,0.0015523722398974181,0.21841381643230393,-0.21840829963385766
Be-Be_2.04_hgbs-5_as-008-012,hgbs-5,jw_signed_baseline,100,0.01,1.0,79,0.79,0.8,20,0.2184138567605621,0.04770461282502334,0.9999999969152944,3.084705602063309e-09,0.21286171777376242,0.04893342564073971,0.21841380688622844,-0.21286171777376242
Be-Be_2.04_hgbs-5_as-008-012,hgbs-5,jw_signed_baseline,100,0.01,1.0,80,0.8,0.81,19,0.21841385700687418,0.04770461293261929,0.9999999969149441,3.0850558774275783e-09,0.1971606528470816,0.0939801225676816,0.2184137964253263,-0.1971606528470816
Be-Be_2.04_hgbs-5_as-008-012,hgbs-5,jw_signed_baseline,100,0.01,1.0,81,0.81,0.8200000000000001,18,0.2184138572529468,0.04770461304011062,0.999999996914599,3.0854010457659342e-09,0.17205412116353241,0.1345435289386906,0.21841378571104839,-0.17205412116353241
Be-Be_2.04_hgbs-5_as-008-012,hgbs-5,jw_signed_baseline,100,0.01,1.0,82,0.8200000000000001,0.8300000000000001,17,0.21841385750222256,0.047704613149001186,0.9999999969142597,3.0857403299222597e-09,0.1387398224865978,0.1686885857163064,0.21841377542311824,-0.1387398224865978
Be-Be_2.04_hgbs-5_as-008-012,hgbs-5,jw_signed_baseline,100,0.01,1.0,83,0.8300000000000001,0.84,16,0.21841385775837044,0.047704613260893675,0.9999999969139063,3.086093713910998e-09,0.09880700363669274,0.19478641971660116,0.21841376621832545,-0.09880700363669274
Be-Be_2.04_hgbs-5_as-008-012,hgbs-5,jw_signed_baseline,100,0.01,1.0,84,0.84,0.85,15,0.2184138580251933,0.0477046133774493,0.9999999969135425,3.0864575339961675e-09,0.05416064374579589,0.21159204771054768,0.21841375869047652,-0.05416064374579589
Be-Be_2.04_hgbs-5_as-008-012,hgbs-5,jw_signed_baseline,100,0.01,1.0,85,0.85,0.86,14,0.21841385830663534,0.047704613500390985,0.9999999969131894,3.0868105849179983e-09,0.0069305779558540195,0.2183037671107279,0.21841375333420993,-0.0069305779558540195
Be-Be_2.04_hgbs-5_as-008-012,hgbs-5,jw_signed_baseline,100,0.01,1.0,86,0.86,0.87,13,0.2184138586067565,0.04770461363149222,0.9999999969128189,3.0871810663413157e-09,-0.04063010521125199,0.21460140019214943,0.21841375051472486,0.04063010521125199
Be-Be_2.04_hgbs-5_as-008-012,hgbs-5,jw_signed_baseline,100,0.01,1.0,87,0.87,0.88,12,0.21841385892970167,0.04770461377256362,0.9999999969124611,3.0875388912221524e-09,-0.08625254596137447,0.2006615675677959,0.2184137504453054,0.08625254596137447
Be-Be_2.04_hgbs-5_as-008-012,hgbs-5,jw_signed_baseline,100,0.01,1.0,88,0.88,0.89,11,0.21841385927960186,0.04770461392540972,0.9999999969120782,3.0879218071433456e-09,-0.12776034754309254,0.17714926240669898,0.2184137531740373,0.12776034754309254
Be-Be_2.04_hgbs-5_as-008-012,hgbs-5,jw_signed_baseline,100,0.01,1.0,89,0.89,0.9,10,0.2184138596606314,0.04770461409185398,0.9999999969117012,3.0882988388825083e-09,-0.16317339965051975,0.1451861273807852,0.21841375858067602,0.16317339965051975
Be-Be_2.04_hgbs-5_as-008-012,hgbs-5,jw_signed_baseline,100,0.01,1.0,90,0.9,0.91,9,0.218413860076888,0.04770461427368642,0.9999999969113191,3.088680866625282e-09,-0.1908023382148974,0.10629694764010926,0.2184137663836147,0.1908023382148974
Be-Be_2.04_hgbs-5_as-008-012,hgbs-5,jw_signed_baseline,100,0.01,1.0,91,0.91,0.92,8,0.21841386053240402,0.04770461447266843,0.9999999969109431,3.0890568991637224e-09,-0.20932913554193147,0.06233691224589167,0.2184137761568265,0.20932913554193147
Be-Be_2.04_hgbs-5_as-008-012,hgbs-5,jw_signed_baseline,100,0.01,1.0,92,0.92,0.93,7,0.21841386103107788,0.047704614690502994,0.999999996910542,3.0894580227425195e-09,-0.21786997633871039,0.01540311387910334,0.21841378735556702,0.21786997633871039
Be-Be_2.04_hgbs-5_as-008-012,hgbs-5,jw_signed_baseline,100,0.01,1.0,93,0.93,0.9400000000000001,6,0.21841386157666193,0.047704614928829235,0.9999999969101471,3.0898529290723786e-09,-0.21601742014656503,-0.032265491464531955,0.21841379934936664,0.21601742014656503
Be-Be_2.04_hgbs-5_as-008-012,hgbs-5,jw_signed_baseline,100,0.01,1.0,94,0.9400000000000001,0.9500000000000001,5,0.2184138621727215,0.047704615189204574,0.9999999969097523,3.0902477243799353e-09,-0.20385983875878663,-0.07839489254956317,0.21841381146030128,0.20385983875878663
Be-Be_2.04_hgbs-5_as-008-012,hgbs-5,jw_signed_baseline,100,0.01,1.0,95,0.9500000000000001,0.96,4,0.21841386282256361,0.04770461547307364,0.9999999969093427,3.0906572856537196e-09,-0.18197720123584823,-0.12078450359900421,0.2184138230041548,0.18197720123584823
Be-Be_2.04_hgbs-5_as-008-012,hgbs-5,jw_signed_baseline,100,0.01,1.0,96,0.96,0.97,3,0.2184138635292539,0.047704615781775546,0.9999999969089207,3.0910792814253796e-09,-0.15141340743322593,-0.1574121426074808,0.2184138333320899,0.15141340743322593
Be-Be_2.04_hgbs-5_as-008-012,hgbs-5,jw_signed_baseline,100,0.01,1.0,97,0.97,0.98,2,0.21841386429556156,0.047704616116519986,0.9999999969085365,3.0914635296142023e-09,-0.11362648970845808,-0.18653049926757495,0.21841384187014592,0.11362648970845808
Be-Be_2.04_hgbs-5_as-008-012,hgbs-5,jw_signed_baseline,100,0.01,1.0,98,0.98,0.99,1,0.21841386512395758,0.047704616478386336,0.9999999969081022,3.0918978488614357e-09,-0.0704190583041917,-0.20675049043012367,0.2184138481542455,0.0704190583041917
Be-Be_2.04_hgbs-5_as-008-012,hgbs-5,jw_signed_baseline,100,0.01,1.0,99,0.99,1.0,0,0.21841386601649326,0.047704616868270676,0.9999999969076789,3.092321065878423e-09,-0.023852308434137888,-0.21710752650701903,0.21841385185842316,0.023852308434137888
Be-Be_2.04_hgbs-5_as-008-012,hgbs-5,signed_parent_descendants_round_robin,100,0.01,1.0,0,0.0,0.01,99,0.2184134857510799,0.04770445075793719,0.9999999992827444,7.172555882561937e-10,-0.04672462626609753,0.21335709872919972,0.2184134663381541,0.04672462626609753
Be-Be_2.04_hgbs-5_as-008-012,hgbs-5,signed_parent_descendants_round_robin,100,0.01,1.0,1,0.01,0.02,98,0.2184134813595787,0.04770444883961103,0.9999999992827555,7.172444860259475e-10,-0.09193149194138323,0.1981238007798065,0.21841346031324413,0.09193149194138323
Be-Be_2.04_hgbs-5_as-008-012,hgbs-5,signed_parent_descendants_round_robin,100,0.01,1.0,2,0.02,0.03,97,0.21841347697713942,0.047704446925243414,0.9999999992827556,7.17244375003645e-10,-0.1327528127360129,0.17343911775939447,0.21841345393194075,0.1327528127360129
Be-Be_2.04_hgbs-5_as-008-012,hgbs-5,signed_parent_descendants_round_robin,100,0.01,1.0,3,0.03,0.04,96,0.218413472609144,0.0477044450171853,0.999999999282749,7.172510363417928e-10,-0.16724123078442962,0.1404806203526634,0.21841344731714665,0.16724123078442962
Be-Be_2.04_hgbs-5_as-008-012,hgbs-5,signed_parent_descendants_round_robin,100,0.01,1.0,4,0.04,0.05,95,0.21841346826082325,0.04770444311772165,0.9999999992827422,7.17257808702243e-10,-0.19375149639625022,0.1008205766791219,0.21841344060679246,0.19375149639625022
Be-Be_2.04_hgbs-5_as-008-012,hgbs-5,signed_parent_descendants_round_robin,100,0.01,1.0,5,0.05,0.06,94,0.21841346393727967,0.04770444122908137,0.9999999992827375,7.172624716389464e-10,-0.21101895364393278,0.056350947916557474,0.21841343394597967,0.21101895364393278
Be-Be_2.04_hgbs-5_as-008-012,hgbs-5,signed_parent_descendants_round_robin,100,0.01,1.0,6,0.06,0.07,93,0.21841345964341957,0.04770443935340767,0.9999999992827305,7.172694660440015e-10,-0.21821986986689887,0.00919313320931443,0.21841342747855608,0.21821986986689887
Be-Be_2.04_hgbs-5_as-008-012,hgbs-5,signed_parent_descendants_round_robin,100,0.01,1.0,7,0.07,0.08,92,0.2184134553839187,0.04770443749274304,0.9999999992827259,7.17274128980705e-10,-0.21501073113804126,-0.038403230546216,0.21841342133875583,0.21501073113804126
Be-Be_2.04_hgbs-5_as-008-012,hgbs-5,signed_parent_descendants_round_robin,100,0.01,1.0,8,0.08,0.09,91,0.21841345116321678,0.04770443564902688,0.9999999992827109,7.172891169915374e-10,-0.2015446291625962,-0.08416758633063053,0.21841341564339073,0.2015446291625962
Be-Be_2.04_hgbs-5_as-008-012,hgbs-5,signed_parent_descendants_round_robin,100,0.01,1.0,9,0.09,0.1,90,0.21841344698542164,0.047704433824053594,0.9999999992826996,7.173004412663886e-10,-0.17846395791968178,-0.12591677252578087,0.21841341048494983,0.17846395791968178
Be-Be_2.04_hgbs-5_as-008-012,hgbs-5,signed_parent_descendants_round_robin,100,0.01,1.0,10,0.1,0.11,89,0.21841344285435724,0.04770443201949358,0.9999999992826881,7.173118765635422e-10,-0.14686976848052025,-0.1616591692258512,0.21841340592627095,0.14686976848052025
Be-Be_2.04_hgbs-5_as-008-012,hgbs-5,signed_parent_descendants_round_robin,100,0.01,1.0,11,0.11,0.12,88,0.21841343877347472,0.04770443023685439,0.9999999992826656,7.173344140909421e-10,-0.10826924393256677,-0.189689707127424,0.2184134019968041,0.10826924393256677
Be-Be_2.04_hgbs-5_as-008-012,hgbs-5,signed_parent_descendants_round_robin,100,0.01,1.0,12,0.12,0.13,87,0.21841343474587235,0.04770442847748944,0.9999999992826513,7.173487359679598e-10,-0.06450380009145866,-0.20867120669009254,0.21841339869096443,0.06450380009145866
Be-Be_2.04_hgbs-5_as-008-012,hgbs-5,signed_parent_descendants_round_robin,100,0.01,1.0,13,0.13,0.14,86,0.2184134307742618,0.04770442674258325,0.9999999992826302,7.173698302054277e-10,-0.017661241902581237,-0.21769816736242834,0.2184133959685196,0.017661241902581237
Be-Be_2.04_hgbs-5_as-008-012,hgbs-5,signed_parent_descendants_round_robin,100,0.01,1.0,14,0.14,0.15,85,0.21841342686093798,0.0477044250331383,0.9999999992826046,7.17395365334994e-10,0.030023833964165393,-0.21633996386835613,0.2184133937570437,-0.030023833964165393
Be-Be_2.04_hgbs-5_as-008-012,hgbs-5,signed_parent_descendants_round_robin,100,0.01,1.0,15,0.15,0.16,84,0.2184134230078004,0.04770442334998436,0.9999999992825853,7.174146832156225e-10,0.07627663912063307,-0.2046613889094187,0.21841339195633502,-0.07627663912063307
Be-Be_2.04_hgbs-5_as-008-012,hgbs-5,signed_parent_descendants_round_robin,100,0.01,1.0,16,0.16,0.17,83,0.21841341921631618,0.04770442169376228,0.9999999992825648,7.174352223415781e-10,0.11889071080681955,-0.1832195622997043,0.2184133904444643,-0.11889071080681955
Be-Be_2.04_hgbs-5_as-008-012,hgbs-5,signed_parent_descendants_round_robin,100,0.01,1.0,17,0.17,0.18,82,0.21841341548753243,0.04770442006492947,0.9999999992825269,7.174730809467178e-10,0.15583316984410445,-0.15303735396303075,0.21841338908516453,-0.15583316984410445
Be-Be_2.04_hgbs-5_as-008-012,hgbs-5,signed_parent_descendants_round_robin,100,0.01,1.0,18,0.18,0.19,81,0.21841341182209684,0.04770441846376887,0.9999999992824988,7.175011695892408e-10,0.1853416979375999,-0.11555458860628262,0.2184133877360995,-0.1853416979375999
Be-Be_2.04_hgbs-5_as-008-012,hgbs-5,signed_parent_descendants_round_robin,100,0.01,1.0,19,0.19,0.2,80,0.21841340822021776,0.04770441689037149,0.9999999992824716,7.175283700533441e-10,0.20600860807939905,-0.07255935979343933,0.2184133862574481,-0.20600860807939905
Be-Be_2.04_hgbs-5_as-008-012,hgbs-5,signed_parent_descendants_round_robin,100,0.01,1.0,20,0.2,0.21,79,0.21841340468170511,0.04770441534465429,0.9999999992824219,7.175781080448473e-10,0.2168479975079544,-0.026102730019141734,0.21841338452041348,-0.2168479975079544
Be-Be_2.04_hgbs-5_as-008-012,hgbs-5,signed_parent_descendants_round_robin,100,0.01,1.0,21,0.21,0.22,78,0.21841340120600103,0.04770441382637357,0.9999999992823901,7.176098604233516e-10,0.2173427797060264,0.02159911404781172,0.21841338241507247,-0.2173427797060264
Be-Be_2.04_hgbs-5_as-008-012,hgbs-5,signed_parent_descendants_round_robin,100,0.01,1.0,22,0.22,0.23,77,0.2184133977921246,0.04770441233510086,0.9999999992823468,7.17653159121312e-10,0.20746935177514672,0.06827058352292051,0.21841337985700335,-0.20746935177514672
Be-Be_2.04_hgbs-5_as-008-012,hgbs-5,signed_parent_descendants_round_robin,100,0.01,1.0,23,0.23,0.24,76,0.21841339443880603,0.04770441087028146,0.9999999992822954,7.177045624473521e-10,0.18769872041977226,0.11168524304806748,0.21841337679255302,-0.18769872041977226
Be-Be_2.04_hgbs-5_as-008-012,hgbs-5,signed_parent_descendants_round_robin,100,0.01,1.0,24,0.24,0.25,75,0.21841339114438935,0.047704409431192016,0.9999999992822457,7.177543004388554e-10,0.15897403281124117,0.14977202170371662,0.2184133732020275,-0.15897403281124117
Be-Be_2.04_hgbs-5_as-008-012,hgbs-5,signed_parent_descendants_round_robin,100,0.01,1.0,25,0.25,0.26,74,0.21841338790694853,0.04770440801699117,0.9999999992822071,7.177929362001123e-10,0.12266558420744333,0.18071401233193557,0.21841336910102443,-0.12266558420744333
Be-Be_2.04_hgbs-5_as-008-012,hgbs-5,signed_parent_descendants_round_robin,100,0.01,1.0,26,0.26,0.27,73,0.21841338472427477,0.04770440662671406,0.9999999992821449,7.178551086894913e-10,0.08050544867602939,0.20303514607804796,0.2184133645394967,-0.08050544867602939
Be-Be_2.04_hgbs-5_as-008-012,hgbs-5,signed_parent_descendants_round_robin,100,0.01,1.0,27,0.27,0.28,72,0.2184133815939199,0.04770440525929127,0.9999999992820912,7.179088434838832e-10,0.0345048513494763,0.21567060737283955,0.21841335959876393,-0.0345048513494763
Be-Be_2.04_hgbs-5_as-008-012,hgbs-5,signed_parent_descendants_round_robin,100,0.01,1.0,28,0.28,0.29,71,0.2184133785132219,0.04770440391355994,0.9999999992820281,7.179719041516819e-10,-0.01314177604688055,0.21801763024292622,0.21841335438660262,0.01314177604688055
Be-Be_2.04_hgbs-5_as-008-012,hgbs-5,signed_parent_descendants_round_robin,100,0.01,1.0,29,0.29,0.3,70,0.218413375479349,0.047704402588283096,0.9999999992819729,7.180270822360058e-10,-0.06016147938613645,0.2099642527500478,0.21841334903071852,0.06016147938613645
Be-Be_2.04_hgbs-5_as-008-012,hgbs-5,signed_parent_descendants_round_robin,100,0.01,1.0,30,0.3,0.31,69,0.21841337248933276,0.04770440128216402,0.9999999992819173,7.180827044095395e-10,-0.1043112121252561,0.1918946578685503,0.21841334367095833,0.1043112121252561
Be-Be_2.04_hgbs-5_as-008-012,hgbs-5,signed_parent_descendants_round_robin,100,0.01,1.0,31,0.31,0.32,68,0.2184133695401051,0.04770439999386251,0.9999999992818418,7.18158199575214e-10,-0.14348483848141563,0.16467084605106963,0.21841333845077548,0.14348483848141563
Be-Be_2.04_hgbs-5_as-008-012,hgbs-5,signed_parent_descendants_round_robin,100,0.01,1.0,32,0.32,0.33,67,0.21841336662851987,0.047704398722004236,0.9999999992817689,7.182311412279319e-10,-0.175813605276659,0.12959151381892997,0.21841333350841652,0.175813605276659
Be-Be_2.04_hgbs-5_as-008-012,hgbs-5,signed_parent_descendants_round_robin,100,0.01,1.0,33,0.33,0.34,66,0.21841336375141968,0.04770439746520996,0.9999999992816984,7.183016403899956e-10,-0.19975528951760102,0.0883301000837763,0.21841332896842752,0.19975528951760102
Be-Be_2.04_hgbs-5_as-008-012,hgbs-5,signed_parent_descendants_round_robin,100,0.01,1.0,34,0.34,0.35000000000000003,65,0.21841336090565638,0.047704396222104505,0.9999999992816276,7.183723615966642e-10,-0.2141677690076562,0.0428549556874745,0.21841332493392474,0.2141677690076562
Be-Be_2.04_hgbs-5_as-008-012,hgbs-5,signed_parent_descendants_round_robin,100,0.01,1.0,35,0.35000000000000003,0.36,64,0.21841335808810672,0.04770439499132353,0.9999999992815468,7.184531858328569e-10,-0.21836350638638136,-0.004664555566057388,0.21841332148013326,0.21836350638638136
Be-Be_2.04_hgbs-5_as-008-012,hgbs-5,signed_parent_descendants_round_robin,100,0.01,1.0,36,0.36,0.37,63,0.21841335529574163,0.04770439377154387,0.9999999992814692,7.185307904222782e-10,-0.21214234750448982,-0.05196154500038553,0.21841331864962543,0.21214234750448982
Be-Be_2.04_hgbs-5_as-008-012,hgbs-5,signed_parent_descendants_round_robin,100,0.01,1.0,37,0.37,0.38,62,0.21841335252563718,0.047704392561488264,0.999999999281386,7.186139461268226e-10,-0.19580106953760407,-0.09677973946230917,0.21841331644948322,0.19580106953760407
Be-Be_2.04_hgbs-5_as-008-012,hgbs-5,signed_parent_descendants_round_robin,100,0.01,1.0,38,0.38,0.39,61,0.21841334977500623,0.047704391359939216,0.9999999992813001,7.186998773889286e-10,-0.17011922336895907,-0.13698111528374673,0.21841331485062193,0.17011922336895907
Be-Be_2.04_hgbs-5_as-008-012,hgbs-5,signed_parent_descendants_round_robin,100,0.01,1.0,39,0.39,0.4,60,0.21841334704123297,0.047704390165754076,0.9999999992812205,7.187794803797942e-10,-0.13632194562299216,-0.1706478912321855,0.21841331378931514,0.13632194562299216
Be-Be_2.04_hgbs-5_as-008-012,hgbs-5,signed_parent_descendants_round_robin,100,0.01,1.0,40,0.4,0.41000000000000003,59,0.218413344321897,0.04770438897787554,0.999999999281125,7.18874959559912e-10,-0.09602151436509195,-0.19617401496956433,0.21841331317079646,0.09602151436509195
Be-Be_2.04_hgbs-5_as-008-012,hgbs-5,signed_parent_descendants_round_robin,100,0.01,1.0,41,0.41000000000000003,0.42,58,0.21841334161475656,0.04770438779532435,0.9999999992810433,7.189566719745244e-10,-0.05114043649111487,-0.212341778735187,0.21841331287475327,0.05114043649111487
Be-Be_2.04_hgbs-5_as-008-012,hgbs-5,signed_parent_descendants_round_robin,100,0.01,1.0,42,0.42,0.43,57,0.21841333891786618,0.047704386617250676,0.9999999992809523,7.190477102625437e-10,-0.003819735844000406,-0.21837990935517332,0.2184133127625046,0.003819735844000406
Be-Be_2.04_hgbs-5_as-008-012,hgbs-5,signed_parent_descendants_round_robin,100,0.01,1.0,43,0.43,0.44,56,0.21841333622947648,0.047704385442890344,0.9999999992808628,7.191371942383284e-10,0.04368318291460943,-0.2140003614215063,0.21841331268511668,-0.04368318291460943
Be-Be_2.04_hgbs-5_as-008-012,hgbs-5,signed_parent_descendants_round_robin,100,0.01,1.0,44,0.44,0.45,55,0.21841333354811127,0.0477043842715985,0.9999999992807715,7.192284545709526e-10,0.08910222235881067,-0.19941205842326593,0.21841331249235466,-0.08910222235881067
Be-Be_2.04_hgbs-5_as-008-012,hgbs-5,signed_parent_descendants_round_robin,100,0.01,1.0,45,0.45,0.46,54,0.21841333087257545,0.04770438310285312,0.9999999992806888,7.193111661862872e-10,0.13027069509675798,-0.17531092628819117,0.21841331204167955,-0.13027069509675798
Be-Be_2.04_hgbs-5_as-008-012,hgbs-5,signed_parent_descendants_round_robin,100,0.01,1.0,46,0.46,0.47000000000000003,53,0.21841332820192114,0.047704381936240124,0.9999999992805934,7.19406645366405e-10,0.16522468432995305,-0.14284669474784062,0.21841331120679297,-0.16522468432995305
Be-Be_2.04_hgbs-5_as-008-012,hgbs-5,signed_parent_descendants_round_robin,100,0.01,1.0,47,0.47000000000000003,0.48,52,0.21841332553549517,0.04770438077147419,0.9999999992804971,7.1950290170264e-10,0.1922967314028429,-0.10356805022223547,0.21841330988530117,-0.1922967314028429
Be-Be_2.04_hgbs-5_as-008-012,hgbs-5,signed_parent_descendants_round_robin,100,0.01,1.0,48,0.48,0.49,51,0.21841332287290702,0.04770437960838473,0.9999999992804124,7.195876117194189e-10,0.21019538100698154,-0.05934875665903805,0.21841330800490122,-0.21019538100698154
Be-Be_2.04_hgbs-5_as-008-012,hgbs-5,signed_parent_descendants_round_robin,100,0.01,1.0,49,0.49,0.5,50,0.21841332021401655,0.047704378446910535,0.9999999992803148,7.196852003232834e-10,0.21806678935323467,-0.012298268689286468,0.21841330552780414,-0.21806678935323467
Be-Be_2.04_hgbs-5_as-008-012,hgbs-5,signed_parent_descendants_round_robin,100,0.01,1.0,50,0.5,0.51,49,0.2184133175589847,0.04770437728712189,0.9999999992802268,7.197732410091362e-10,0.215535456304491,0.03533889873918613,0.21841330245313267,-0.215535456304491
Be-Be_2.04_hgbs-5_as-008-012,hgbs-5,signed_parent_descendants_round_robin,100,0.01,1.0,51,0.51,0.52,48,0.21841331490813432,0.04770437612915984,0.9999999992801406,7.198593943158471e-10,0.2027221383502265,0.08129024371236933,0.2184132988169557,-0.2027221383502265
Be-Be_2.04_hgbs-5_as-008-012,hgbs-5,signed_parent_descendants_round_robin,100,0.01,1.0,52,0.52,0.53,47,0.21841331226207145,0.04770437497328913,0.999999999280034,7.199659757262111e-10,0.18023808789363874,0.12336368578283284,0.21841329469031998,-0.18023808789363874
Be-Be_2.04_hgbs-5_as-008-012,hgbs-5,signed_parent_descendants_round_robin,100,0.01,1.0,53,0.53,0.54,46,0.21841330962157918,0.04770437381985181,0.9999999992799443,7.200556817466008e-10,0.14915589367563392,0.15955213789503492,0.2184132901749645,-0.14915589367563392
Be-Be_2.04_hgbs-5_as-008-012,hgbs-5,signed_parent_descendants_round_robin,100,0.01,1.0,54,0.54,0.55,45,0.21841330698763772,0.04770437266927608,0.9999999992798553,7.201447216331758e-10,0.11095831340291186,0.18812925324049004,0.21841328539730187,-0.11095831340291186
Be-Be_2.04_hgbs-5_as-008-012,hgbs-5,signed_parent_descendants_round_robin,100,0.01,1.0,55,0.55,0.56,44,0.21841330436135936,0.0477043715220478,0.9999999992797615,7.202385354787566e-10,0.06746753952318764,0.20773177948934535,0.218413280500804,-0.06746753952318764
Be-Be_2.04_hgbs-5_as-008-012,hgbs-5,signed_parent_descendants_round_robin,100,0.01,1.0,56,0.56,0.5700000000000001,43,0.21841330174400914,0.047704370378719586,0.9999999992796773,7.203226903840232e-10,0.020758272516977726,0.21742459174801146,0.2184132756374451,-0.020758272516977726
Be-Be_2.04_hgbs-5_as-008-012,hgbs-5,signed_parent_descendants_round_robin,100,0.01,1.0,57,0.5700000000000001,0.58,42,0.21841329913693244,0.047704369239879134,0.9999999992795832,7.204168372965114e-10,-0.02694125147883962,0.2167453019088262,0.21841327095850724,0.02694125147883962
Be-Be_2.04_hgbs-5_as-008-012,hgbs-5,signed_parent_descendants_round_robin,100,0.01,1.0,58,0.58,0.59,41,0.2184132965415554,0.04770436810614941,0.9999999992794989,7.205011032240805e-10,-0.07335555728213498,0.20572631636499591,0.21841326660549484,0.07335555728213498
Be-Be_2.04_hgbs-5_as-008-012,hgbs-5,signed_parent_descendants_round_robin,100,0.01,1.0,59,0.59,0.6,40,0.21841329395933004,0.04770436697816472,0.9999999992794042,7.20595805248081e-10,-0.11627048069583341,0.1848932898801258,0.21841326270155023,0.11627048069583341
Be-Be_2.04_hgbs-5_as-008-012,hgbs-5,signed_parent_descendants_round_robin,100,0.01,1.0,60,0.6,0.61,39,0.21841329139173438,0.047704365856570674,0.9999999992793157,7.206842900231436e-10,-0.15363879366157893,0.15524004940575828,0.21841325934404143,0.15363879366157893
Be-Be_2.04_hgbs-5_as-008-012,hgbs-5,signed_parent_descendants_round_robin,100,0.01,1.0,61,0.61,0.62,38,0.21841328884019398,0.04770436474199001,0.9999999992792256,7.207744401327432e-10,-0.1836778657836415,0.11818118411645347,0.21841325659858765,0.1836778657836415
Be-Be_2.04_hgbs-5_as-008-012,hgbs-5,signed_parent_descendants_round_robin,100,0.01,1.0,62,0.62,0.63,37,0.2184132863060946,0.04770436363502806,0.999999999279147,7.208530439228866e-10,-0.20495470337879887,0.0754845633361587,0.21841325449510152,0.20495470337879887
Be-Be_2.04_hgbs-5_as-008-012,hgbs-5,signed_parent_descendants_round_robin,100,0.01,1.0,63,0.63,0.64,36,0.2184132837907197,0.04770436253624546,0.9999999992790564,7.20943638121696e-10,-0.2164543093552958,0.02918700153970137,0.21841325302590187,0.2164543093552958
Be-Be_2.04_hgbs-5_as-008-012,hgbs-5,signed_parent_descendants_round_robin,100,0.01,1.0,64,0.64,0.65,35,0.21841328129525325,0.04770436144615942,0.9999999992789771,7.210229080456543e-10,-0.21762810288696527,-0.018502906444093144,0.21841325214615162,0.21762810288696527
Be-Be_2.04_hgbs-5_as-008-012,hgbs-5,signed_parent_descendants_round_robin,100,0.01,1.0,65,0.65,0.66,34,0.21841327882068876,0.047704360365203924,0.9999999992788958,7.211041763710568e-10,-0.20842008907027815,-0.0653101448742761,0.21841325177644696,0.20842008907027815
Be-Be_2.04_hgbs-5_as-008-012,hgbs-5,signed_parent_descendants_round_robin,100,0.01,1.0,66,0.66,0.67,33,0.21841327636787927,0.04770435929375161,0.9999999992788016,7.211984343058475e-10,-0.1892695301595509,-0.10900180511519901,0.21841325180764323,0.1892695301595509
Be-Be_2.04_hgbs-5_as-008-012,hgbs-5,signed_parent_descendants_round_robin,100,0.01,1.0,67,0.67,0.68,32,0.21841327393746157,0.04770435823208063,0.9999999992787301,7.212699326686334e-10,-0.16108999093627516,-0.14749360500123648,0.21841325210735263,0.16108999093627516
Be-Be_2.04_hgbs-5_as-008-012,hgbs-5,signed_parent_descendants_round_robin,100,0.01,1.0,68,0.68,0.6900000000000001,31,0.21841327152982423,0.04770435718036073,0.9999999992786426,7.213574182429738e-10,-0.12522575781374032,-0.178949318131655,0.21841325252788532,0.12522575781374032
Be-Be_2.04_hgbs-5_as-008-012,hgbs-5,signed_parent_descendants_round_robin,100,0.01,1.0,69,0.6900000000000001,0.7000000000000001,30,0.2184132691451515,0.04770435613867238,0.9999999992785576,7.214423503043577e-10,-0.08338771064287227,-0.20186836989172216,0.21841325291520328,0.08338771064287227
Be-Be_2.04_hgbs-5_as-008-012,hgbs-5,signed_parent_descendants_round_robin,100,0.01,1.0,70,0.7000000000000001,0.71,29,0.21841326678332576,0.04770435510696423,0.9999999992784772,7.21522841473643e-10,-0.037571706382354374,-0.21515742147822364,0.2184132531181197,0.037571706382354374
Be-Be_2.04_hgbs-5_as-008-012,hgbs-5,signed_parent_descendants_round_robin,100,0.01,1.0,71,0.71,0.72,28,0.21841326444395448,0.04770435408506479,0.9999999992783905,7.216095498918662e-10,0.010036631935474615,-0.21818252703715751,0.21841325299745012,-0.010036631935474615
Be-Be_2.04_hgbs-5_as-008-012,hgbs-5,signed_parent_descendants_round_robin,100,0.01,1.0,72,0.72,0.73,27,0.21841326212636963,0.04770435307268225,0.9999999992783056,7.216943709309476e-10,0.05716617897163205,-0.21079937575988195,0.21841325243439916,-0.05716617897163205
Be-Be_2.04_hgbs-5_as-008-012,hgbs-5,signed_parent_descendants_round_robin,100,0.01,1.0,73,0.73,0.74,26,0.21841325982957494,0.04770435206938141,0.9999999992782242,7.217757502786526e-10,0.10156864973849565,-0.19336017622610552,0.21841325133766906,-0.10156864973849565
Be-Be_2.04_hgbs-5_as-008-012,hgbs-5,signed_parent_descendants_round_robin,100,0.01,1.0,74,0.74,0.75,25,0.21841325755230695,0.047704351074610366,0.9999999992781383,7.218616815407586e-10,0.14112585271188777,-0.1666968545551433,0.21841324964899916,-0.14112585271188777
Be-Be_2.04_hgbs-5_as-008-012,hgbs-5,signed_parent_descendants_round_robin,100,0.01,1.0,75,0.75,0.76,24,0.21841325529296626,0.04770435008767046,0.9999999992780483,7.219517206280557e-10,0.17395073692637733,-0.13208136787316968,0.21841324734657766,-0.17395073692637733
Be-Be_2.04_hgbs-5_as-008-012,hgbs-5,signed_parent_descendants_round_robin,100,0.01,1.0,76,0.76,0.77,23,0.21841325304966244,0.047704349107735876,0.9999999992779594,7.220406494923282e-10,0.1984774126337113,-0.09116502631929316,0.21841324444632454,-0.1984774126337113
Be-Be_2.04_hgbs-5_as-008-012,hgbs-5,signed_parent_descendants_round_robin,100,0.01,1.0,77,0.77,0.78,22,0.2184132508202226,0.04770434813385747,0.9999999992778851,7.221149234126756e-10,0.2135358511175967,-0.04589971821246829,0.21841324100086154,-0.2135358511175967
Be-Be_2.04_hgbs-5_as-008-012,hgbs-5,signed_parent_descendants_round_robin,100,0.01,1.0,78,0.78,0.79,21,0.2184132486021867,0.0477043471649606,0.9999999992777912,7.222088482805589e-10,0.2184077001397294,0.0015552036884778206,0.2184132370961948,-0.2184077001397294
Be-Be_2.04_hgbs-5_as-008-012,hgbs-5,signed_parent_descendants_round_robin,100,0.01,1.0,79,0.79,0.8,20,0.21841324639280335,0.04770434619984342,0.9999999992776991,7.223008857693003e-10,0.2128605523740671,0.048935932865487794,0.2184132328463834,-0.2128605523740671
Be-Be_2.04_hgbs-5_as-008-012,hgbs-5,signed_parent_descendants_round_robin,100,0.01,1.0,80,0.8,0.81,19,0.21841324418909105,0.047704345237203516,0.9999999992776138,7.223861508975915e-10,0.19715903208890512,0.09398220257042024,0.21841322838651833,-0.19715903208890512
Be-Be_2.04_hgbs-5_as-008-012,hgbs-5,signed_parent_descendants_round_robin,100,0.01,1.0,81,0.81,0.8200000000000001,18,0.21841324198783635,0.04770434427563716,0.9999999992775256,7.224744136280492e-10,0.17205217122106742,0.1345451104163296,0.21841322386436637,-0.17205217122106742
Be-Be_2.04_hgbs-5_as-008-012,hgbs-5,signed_parent_descendants_round_robin,100,0.01,1.0,82,0.8200000000000001,0.8300000000000001,17,0.21841323978561622,0.04770434331364908,0.9999999992774412,7.225587905779207e-10,0.13873767709450927,0.16868963031772,0.21841321943121794,-0.13873767709450927
Be-Be_2.04_hgbs-5_as-008-012,hgbs-5,signed_parent_descendants_round_robin,100,0.01,1.0,83,0.8300000000000001,0.84,16,0.21841323757883774,0.04770434234966982,0.9999999992773392,7.226608200738838e-10,0.09880479640644284,0.19478692152013602,0.21841321523252719,-0.09880479640644284
Be-Be_2.04_hgbs-5_as-008-012,hgbs-5,signed_parent_descendants_round_robin,100,0.01,1.0,84,0.84,0.85,15,0.21841323536373164,0.04770434138205284,0.9999999992772504,7.227496379158538e-10,0.05415850114885822,0.21159203119886386,0.2184132113988342,-0.05415850114885822
Be-Be_2.04_hgbs-5_as-008-012,hgbs-5,signed_parent_descendants_round_robin,100,0.01,1.0,85,0.85,0.86,14,0.21841323313644148,0.04770434040911354,0.9999999992771408,7.228592169283843e-10,0.006928613146184351,0.21830328390836426,0.21841320803766737,-0.006928613146184351
Be-Be_2.04_hgbs-5_as-008-012,hgbs-5,signed_parent_descendants_round_robin,100,0.01,1.0,86,0.86,0.87,13,0.2184132308930193,0.047704339429127364,0.9999999992770572,7.229428167221386e-10,-0.04063179763400388,0.21460052478602812,0.21841320522672,0.04063179763400388
Be-Be_2.04_hgbs-5_as-008-012,hgbs-5,signed_parent_descendants_round_robin,100,0.01,1.0,87,0.87,0.88,12,0.21841322862945145,0.04770433844034103,0.9999999992769564,7.230436249727745e-10,-0.08625389416844423,0.20066039217884654,0.2184132030088604,0.08625389416844423
Be-Be_2.04_hgbs-5_as-008-012,hgbs-5,signed_parent_descendants_round_robin,100,0.01,1.0,88,0.88,0.89,11,0.2184132263417338,0.04770433744100543,0.9999999992768587,7.231413245989415e-10,-0.12776130557747614,0.17714789114820623,0.21841320138928866,0.12776130557747614
Be-Be_2.04_hgbs-5_as-008-012,hgbs-5,signed_parent_descendants_round_robin,100,0.01,1.0,89,0.89,0.9,10,0.2184132240258816,0.047704336429379934,0.9999999992767444,7.232555665481755e-10,-0.16317394927760404,0.14518466984392547,0.21841320033491507,0.16317394927760404
Be-Be_2.04_hgbs-5_as-008-012,hgbs-5,signed_parent_descendants_round_robin,100,0.01,1.0,90,0.9,0.91,9,0.21841322167796484,0.04770433540374781,0.9999999992766436,7.233563747988114e-10,-0.19080248935644786,0.10629551209625125,0.21841319977607052,0.19080248935644786
Be-Be_2.04_hgbs-5_as-008-012,hgbs-5,signed_parent_descendants_round_robin,100,0.01,1.0,91,0.91,0.92,8,0.21841321929416804,0.04770433436244234,0.9999999992765487,7.234512988674169e-10,-0.2093289251244174,0.06233559874054823,0.21841319961047817,0.2093289251244174
Be-Be_2.04_hgbs-5_as-008-012,hgbs-5,signed_parent_descendants_round_robin,100,0.01,1.0,92,0.92,0.93,7,0.21841321687079676,0.047704333303849704,0.999999999276429,7.235709809094715e-10,-0.21786946543578192,0.01540200759363418,0.21841319970914702,0.21786946543578192
Be-Be_2.04_hgbs-5_as-008-012,hgbs-5,signed_parent_descendants_round_robin,100,0.01,1.0,93,0.93,0.9400000000000001,6,0.2184132144043537,0.04770433222644218,0.999999999276328,7.236720112047124e-10,-0.21601668940130103,-0.0322663261176941,0.21841319992397792,0.21601668940130103
Be-Be_2.04_hgbs-5_as-008-012,hgbs-5,signed_parent_descendants_round_robin,100,0.01,1.0,94,0.9400000000000001,0.9500000000000001,5,0.21841321189153182,0.04770433112877518,0.9999999992762146,7.237853649755266e-10,-0.20385898222777113,-0.07839541658436068,0.2184132000964643,0.20385898222777113
Be-Be_2.04_hgbs-5_as-008-012,hgbs-5,signed_parent_descendants_round_robin,100,0.01,1.0,95,0.9500000000000001,0.96,4,0.21841320932928063,0.047704330009516155,0.9999999992760985,7.239014943039024e-10,-0.18197631898334846,-0.12078470636974602,0.21841320006710938,0.18197631898334846
Be-Be_2.04_hgbs-5_as-008-012,hgbs-5,signed_parent_descendants_round_robin,100,0.01,1.0,96,0.96,0.97,3,0.2184132067148302,0.04770432886745515,0.9999999992759877,7.2401229456176e-10,-0.15141259738807408,-0.1574120425786737,0.2184131996848936,0.15141259738807408
Be-Be_2.04_hgbs-5_as-008-012,hgbs-5,signed_parent_descendants_round_robin,100,0.01,1.0,97,0.97,0.98,2,0.21841320404569675,0.04770432770150716,0.99999999927588,7.241199861951486e-10,-0.11362583944441042,-0.18653014241052543,0.2184131988162296,0.11362583944441042
Be-Be_2.04_hgbs-5_as-008-012,hgbs-5,signed_parent_descendants_round_robin,100,0.01,1.0,98,0.98,0.99,1,0.2184132013197574,0.047704326510744875,0.9999999992757587,7.242413335717401e-10,-0.07041863748392004,-0.20674994624631685,0.21841319735296824,0.07041863748392004
Be-Be_2.04_hgbs-5_as-008-012,hgbs-5,signed_parent_descendants_round_robin,100,0.01,1.0,99,0.99,1.0,0,0.21841319853521796,0.047704325294384536,0.9999999992756433,7.243566857439987e-10,-0.02385216264719285,-0.21710688193312416,0.21841319521876798,0.02385216264719285
Be-Be_2.04_hgbs-5_as-008-012,hgbs-5,fermionic_signed_reference,200,0.005,1.0,0,0.0,0.005,199,0.10937035070248263,0.011961873612784042,0.9999999999986938,1.3061773884714967e-12,-0.017520095288428603,0.10795795050652059,0.1093703470620989,0.017520095288428603
Be-Be_2.04_hgbs-5_as-008-012,hgbs-5,fermionic_signed_reference,200,0.005,1.0,1,0.005,0.01,198,0.10937035007856717,0.01196187347630834,0.9999999999986892,1.3108403251749223e-12,-0.02920503936930056,0.10539894858164159,0.1093703464686746,0.02920503936930056
Be-Be_2.04_hgbs-5_as-008-012,hgbs-5,fermionic_signed_reference,200,0.005,1.0,2,0.01,0.015,197,0.10937034945493741,0.011961873339895129,0.9999999999986978,1.3021805855828461e-12,-0.04054063627444627,0.10157917782385877,0.10937034587541575,0.04054063627444627
Be-Be_2.04_hgbs-5_as-008-012,hgbs-5,fermionic_signed_reference,200,0.005,1.0,3,0.015,0.02,196,0.10937034883175681,0.011961873203580168,0.9999999999986984,1.3016254740705335e-12,-0.05139129104067353,0.09654432988210003,0.10937034528248946,0.05139129104067353
Be-Be_2.04_hgbs-5_as-008-012,hgbs-5,fermionic_signed_reference,200,0.005,1.0,4,0.02,0.025,195,0.10937034820919224,0.01196187306739996,0.9999999999986935,1.3065104553788842e-12,-0.061627209526543734,0.09035463100248975,0.10937034469006947,0.061627209526543734
Be-Be_2.04_hgbs-5_as-008-012,hgbs-5,fermionic_signed_reference,200,0.005,1.0,5,0.025,0.03,194,0.1093703475874153,0.011961872931392042,0.9999999999987,1.2999601395335958e-12,-0.07112595099307438,0.08308412160887639,0.10937034409833307,0.07112595099307438
Be-Be_2.04_hgbs-5_as-008-012,hgbs-5,fermionic_signed_reference,200,0.005,1.0,6,0.03,0.035,193,0.10937034696659459,0.011961872795593286,0.9999999999986904,1.3096190798478347e-12,-0.0797738927238398,0.07481977064000742,0.10937034350745187,0.0797738927238398
Be-Be_2.04_hgbs-5_as-008-012,hgbs-5,fermionic_signed_reference,200,0.005,1.0,7,0.035,0.04,192,0.10937034634688443,0.011961872660037455,0.9999999999986879,1.31206157050201e-12,-0.08746758916502204,0.06566043523743563,0.10937034291758693,0.08746758916502204
Be-Be_2.04_hgbs-5_as-008-012,hgbs-5,fermionic_signed_reference,200,0.005,1.0,8,0.04,0.045,191,0.10937034572845905,0.01196187252476266,0.9999999999986835,1.3165024626005106e-12,-0.09411500932735198,0.0557156782284535,0.10937034232891528,0.09411500932735198
Be-Be_2.04_hgbs-5_as-008-012,hgbs-5,fermionic_signed_reference,200,0.005,1.0,9,0.045,0.05,190,0.10937034511146536,0.011961872389801034,0.9999999999986802,1.319833131674386e-12,-0.09963663764844831,0.0451044575489371,0.10937034174158941,0.09963663764844831
Be-Be_2.04_hgbs-5_as-008-012,hgbs-5,fermionic_signed_reference,200,0.005,1.0,10,0.05,0.055,189,0.10937034449606794,0.01196187225518858,0.9999999999987007,1.2992940057188207e-12,-0.10396642514717634,0.033953703283264386,0.10937034115577851,0.10396642514717634
Be-Be_2.04_hgbs-5_as-008-012,hgbs-5,fermionic_signed_reference,200,0.005,1.0,11,0.055,0.06,188,0.10937034388241666,0.011961872120958075,0.9999999999986994,1.3006262733483709e-12,-0.10705257949234269,0.022396799342558255,0.1093703405716338,0.10705257949234269
Be-Be_2.04_hgbs-5_as-008-012,hgbs-5,fermionic_signed_reference,200,0.005,1.0,12,0.06,0.065,187,0.10937034327066038,0.011961871987142086,0.9999999999986967,1.3032908086074713e-12,-0.10885818453524986,0.010571987942997432,0.1093703399893106,0.10885818453524986
Be-Be_2.04_hgbs-5_as-008-012,hgbs-5,fermionic_signed_reference,200,0.005,1.0,13,0.065,0.07,186,0.10937034266092717,0.011961871853768624,0.9999999999986882,1.311839525897085e-12,-0.10936164189509429,-0.0013792840299921805,0.10937033940893771,0.10936164189509429
Be-Be_2.04_hgbs-5_as-008-012,hgbs-5,fermionic_signed_reference,200,0.005,1.0,14,0.07,0.075,185,0.1093703420533928,0.011961871720876142,0.9999999999986863,1.3137269050389477e-12,-0.10855692931531782,-0.013314056991388587,0.10937033883069419,0.10855692931531782
Be-Be_2.04_hgbs-5_as-008-012,hgbs-5,fermionic_signed_reference,200,0.005,1.0,15,0.075,0.08,184,0.10937034144818364,0.011961871588492276,0.9999999999986894,1.3106182805699973e-12,-0.10645367270016916,-0.02508956872079252,0.10937033825471196,0.10645367270016916
Be-Be_2.04_hgbs-5_as-008-012,hgbs-5,fermionic_signed_reference,200,0.005,1.0,16,0.08,0.085,183,0.10937034084540515,0.011961871456640096,0.999999999998695,1.304956143144409e-12,-0.103077030970105,-0.03656496206568463,0.10937033768109589,0.103077030970105
Be-Be_2.04_hgbs-5_as-008-012,hgbs-5,fermionic_signed_reference,200,0.005,1.0,17,0.085,0.09,182,0.10937034024520932,0.011961871325352853,0.9999999999986867,1.3132828158290977e-12,-0.0984673951133265,-0.04760296985642548,0.10937033711000305,0.0984673951133265
Be-Be_2.04_hgbs-5_as-008-012,hgbs-5,fermionic_signed_reference,200,0.005,1.0,18,0.09,0.095,181,0.10937033964771822,0.011961871194657244,0.9999999999986942,1.3058443215641091e-12,-0.09267990503311528,-0.05807155687826767,0.10937033654155566,0.09267990503311528
Be-Be_2.04_hgbs-5_as-008-012,hgbs-5,fermionic_signed_reference,200,0.005,1.0,19,0.095,0.1,180,0.10937033905303659,0.011961871064576178,0.9999999999986774,1.322608689235949e-12,-0.08578378997077356,-0.0678454992591461,0.10937033597586039,0.08578378997077356
Be-Be_2.04_hgbs-5_as-008-012,hgbs-5,fermionic_signed_reference,200,0.005,1.0,20,0.1,0.105,179,0.10937033846128533,0.011961870935136109,0.999999999998687,1.3129497489217101e-12,-0.07786154039364782,-0.07680788238123211,0.10937033541303984,0.07786154039364782
Be-Be_2.04_hgbs-5_as-008-012,hgbs-5,fermionic_signed_reference,200,0.005,1.0,21,0.105,0.11,178,0.10937033787256167,0.011961870806358299,0.9999999999986899,1.3100631690576847e-12,-0.06900792125425714,-0.08485149939786281,0.10937033485319164,0.06900792125425714
Be-Be_2.04_hgbs-5_as-008-012,hgbs-5,fermionic_signed_reference,200,0.005,1.0,22,0.11,0.115,177,0.1093703372869612,0.011961870678263655,0.9999999999986832,1.3168355295078982e-12,-0.05932883842357947,-0.09188013362755926,0.10937033429641396,0.05932883842357947
Be-Be_2.04_hgbs-5_as-008-012,hgbs-5,fermionic_signed_reference,200,0.005,1.0,23,0.115,0.12,176,0.10937033670461455,0.011961870550880757,0.999999999998684,1.315947351088198e-12,-0.04894007185825117,-0.09780970948494204,0.109370333742837,0.04894007185825117
Be-Be_2.04_hgbs-5_as-008-012,hgbs-5,fermionic_signed_reference,200,0.005,1.0,24,0.12,0.125,175,0.10937033612556764,0.011961870424219645,0.9999999999986935,1.3065104553788842e-12,-0.03796589065526724,-0.10256929818124211,0.10937033319250822,0.03796589065526724
Be-Be_2.04_hgbs-5_as-008-012,hgbs-5,fermionic_signed_reference,200,0.005,1.0,25,0.125,0.13,174,0.1093703355498978,0.011961870298297239,0.9999999999986852,1.3148371280635729e-12,-0.02653756656089709,-0.106101966164695,0.10937033264550367,0.02653756656089709
Be-Be_2.04_hgbs-5_as-008-012,hgbs-5,fermionic_signed_reference,200,0.005,1.0,26,0.13,0.135,173,0.1093703349777021,0.011961870173134766,0.9999999999986787,1.3212764216063988e-12,-0.014791803714741203,-0.10836545615162166,0.10937033210192089,0.014791803714741203
Be-Be_2.04_hgbs-5_as-008-012,hgbs-5,fermionic_signed_reference,200,0.005,1.0,27,0.135,0.14,172,0.10937033440903463,0.011961870048744062,0.9999999999986864,1.3136158827364852e-12,-0.002869103412420266,-0.10933269260175445,0.10937033156181293,0.002869103412420266
Be-Be_2.04_hgbs-5_as-008-012,hgbs-5,fermionic_signed_reference,200,0.005,1.0,28,0.14,0.145,171,0.1093703338439642,0.011961869925140181,0.9999999999986818,1.3181677971374484e-12,0.00908791655270482,-0.10899210559165984,0.10937033102524858,-0.00908791655270482
Be-Be_2.04_hgbs-5_as-008-012,hgbs-5,fermionic_signed_reference,200,0.005,1.0,29,0.145,0.15,170,0.10937033328254019,0.011961869802333916,0.9999999999986866,1.3133938381315602e-12,0.02093622786511415,-0.10734776921189253,0.10937033049227621,-0.02093622786511415
Be-Be_2.04_hgbs-5_as-008-012,hgbs-5,fermionic_signed_reference,200,0.005,1.0,30,0.15,0.155,169,0.10937033272481055,0.011961869680335763,0.999999999998688,1.3119505481995475e-12,0.032534102573071544,-0.10441935283254515,0.10937032996294148,-0.032534102573071544
Be-Be_2.04_hgbs-5_as-008-012,hgbs-5,fermionic_signed_reference,200,0.005,1.0,31,0.155,0.16,168,0.1093703321708123,0.011961869559153819,0.9999999999986814,1.3186118863472984e-12,0.043742808419786,-0.10024188582009486,0.10937032943727945,-0.043742808419786
Be-Be_2.04_hgbs-5_as-008-012,hgbs-5,fermionic_signed_reference,200,0.005,1.0,32,0.16,0.165,167,0.10937033162059163,0.011961869438798185,0.99999999999869,1.3099521467552222e-12,0.05442826834037215,-0.09486533852001704,0.10937032891533693,-0.05442826834037215
Be-Be_2.04_hgbs-5_as-008-012,hgbs-5,fermionic_signed_reference,200,0.005,1.0,33,0.165,0.17,166,0.1093703310741545,0.011961869319270168,0.9999999999987,1.2999601395335958e-12,0.06446266427380307,-0.08835402451737,0.1093703283971163,-0.06446266427380307
Be-Be_2.04_hgbs-5_as-008-012,hgbs-5,fermionic_signed_reference,200,0.005,1.0,34,0.17,0.17500000000000002,165,0.10937033053152871,0.011961869200575842,0.9999999999986785,1.3214984662113238e-12,0.07372596610554162,-0.08078583132555649,0.10937032788264253,-0.07372596610554162
Be-Be_2.04_hgbs-5_as-008-012,hgbs-5,fermionic_signed_reference,200,0.005,1.0,35,0.17500000000000002,0.18,164,0.10937032999272425,0.011961869082717397,0.9999999999986864,1.3136158827364852e-12,0.08210736745170223,-0.07225128870541381,0.10937032737192437,-0.08210736745170223
Be-Be_2.04_hgbs-5_as-008-012,hgbs-5,fermionic_signed_reference,200,0.005,1.0,36,0.18,0.185,163,0.10937032945775987,0.011961868965698938,0.9999999999986834,1.3166134849029731e-12,0.08950661110989193,-0.06285248575971242,0.1093703268649787,-0.08950661110989193
Be-Be_2.04_hgbs-5_as-008-012,hgbs-5,fermionic_signed_reference,200,0.005,1.0,37,0.185,0.19,162,0.10937032892661927,0.011961868849516891,0.9999999999986765,1.3234968676556491e-12,0.09583518832227718,-0.052701849756125616,0.10937032636178595,-0.09583518832227718
Be-Be_2.04_hgbs-5_as-008-012,hgbs-5,fermionic_signed_reference,200,0.005,1.0,38,0.19,0.195,161,0.10937032839930216,0.0119618687341712,0.99999999999868,1.3200551762793111e-12,0.10101739750516882,-0.0419208012866838,0.10937032586234219,-0.10101739750516882
Be-Be_2.04_hgbs-5_as-008-012,hgbs-5,fermionic_signed_reference,200,0.005,1.0,39,0.195,0.2,160,0.10937032787579093,0.01196186861965801,0.9999999999986771,1.3229417561433365e-12,0.1049912497807863,-0.03063830185029906,0.10937032536662537,-0.1049912497807863
Be-Be_2.04_hgbs-5_as-008-012,hgbs-5,fermionic_signed_reference,200,0.005,1.0,40,0.2,0.20500000000000002,159,0.10937032735607743,0.01196186850597554,0.9999999999986976,1.3024026301877711e-12,0.10770921047949544,-0.018989311231968942,0.10937032487462417,-0.10770921047949544
Be-Be_2.04_hgbs-5_as-008-012,hgbs-5,fermionic_signed_reference,200,0.005,1.0,41,0.20500000000000002,0.21,158,0.10937032684011076,0.011961868393112654,0.9999999999986751,1.3249401575876618e-12,0.10913876774255171,-0.007113173131535348,0.10937032438628791,-0.10913876774255171
Be-Be_2.04_hgbs-5_as-008-012,hgbs-5,fermionic_signed_reference,200,0.005,1.0,42,0.21,0.215,157,0.10937032632787204,0.01196186828106522,0.9999999999986865,1.3135048604340227e-12,0.10926282142412741,0.004848051647619522,0.10937032390159016,-0.10926282142412741
Be-Be_2.04_hgbs-5_as-008-012,hgbs-5,fermionic_signed_reference,200,0.005,1.0,43,0.215,0.22,156,0.1093703258193414,0.011961868169828896,0.9999999999986795,1.3204992654891612e-12,0.10807988764029723,0.01675128451096336,0.10937032342050798,-0.10807988764029723
Be-Be_2.04_hgbs-5_as-008-012,hgbs-5,fermionic_signed_reference,200,0.005,1.0,44,0.22,0.225,155,0.10937032531443533,0.011961868059385412,0.9999999999986817,1.3182788194399109e-12,0.10560411651836774,0.028454140560230923,0.10937032294295546,-0.10560411651836774
Be-Be_2.04_hgbs-5_as-008-012,hgbs-5,fermionic_signed_reference,200,0.005,1.0,45,0.225,0.23,154,0.10937032481312793,0.011961867949729107,0.999999999998678,1.3220535777236364e-12,0.10186512293441112,0.039816631782569445,0.10937032246890109,-0.10186512293441112
Be-Be_2.04_hgbs-5_as-008-012,hgbs-5,fermionic_signed_reference,200,0.005,1.0,46,0.23,0.23500000000000001,153,0.10937032431536235,0.01196186784084754,0.9999999999986796,1.3203882431866987e-12,0.09690763226333064,0.050702841568529555,0.10937032199828403,-0.09690763226333064
Be-Be_2.04_hgbs-5_as-008-012,hgbs-5,fermionic_signed_reference,200,0.005,1.0,47,0.23500000000000001,0.24,152,0.10937032382106913,0.011961867732725524,0.9999999999986775,1.3224976669334865e-12,0.09079094537928878,0.06098255052829714,0.10937032153103195,-0.09079094537928878
Be-Be_2.04_hgbs-5_as-008-012,hgbs-5,fermionic_signed_reference,200,0.005,1.0,48,0.24,0.245,151,0.1093703233301911,0.011961867625350543,0.9999999999986828,1.3171685964152857e-12,0.08358822930595734,0.07053279415854327,0.10937032106708264,-0.08358822930595734
Be-Be_2.04_hgbs-5_as-008-012,hgbs-5,fermionic_signed_reference,200,0.005,1.0,49,0.245,0.25,150,0.10937032284265337,0.011961867518706225,0.9999999999986824,1.3176126856251358e-12,0.07538564200176076,0.07923933372712993,0.10937032060635604,-0.07538564200176076
Be-Be_2.04_hgbs-5_as-008-012,hgbs-5,fermionic_signed_reference,200,0.005,1.0,50,0.25,0.255,149,0.10937032235838248,0.0119618674127765,0.9999999999986707,1.3292700273837e-12,0.06628130174933751,0.08699802278131798,0.10937032014877461,-0.06628130174933751
Be-Be_2.04_hgbs-5_as-008-012,hgbs-5,fermionic_signed_reference,200,0.005,1.0,51,0.255,0.26,148,0.10937032187729927,0.011961867307544047,0.999999999998691,1.3089529460330596e-12,0.05638411347720219,0.09371605293338886,0.10937031969425598,-0.05638411347720219
Be-Be_2.04_hgbs-5_as-008-012,hgbs-5,fermionic_signed_reference,200,0.005,1.0,52,0.26,0.265,147,0.10937032139931857,0.01196186720299024,0.9999999999986735,1.326494469822137e-12,0.045812466053221895,0.09931306402168129,0.10937031924270942,-0.045812466053221895
Be-Be_2.04_hgbs-5_as-008-012,hgbs-5,fermionic_signed_reference,200,0.005,1.0,53,0.265,0.27,146,0.10937032092435874,0.011961867099097223,0.9999999999986751,1.3249401575876618e-12,0.03469281613220969,0.1037221053677977,0.10937031879404868,-0.03469281613220969
Be-Be_2.04_hgbs-5_as-008-012,hgbs-5,fermionic_signed_reference,200,0.005,1.0,54,0.27,0.275,145,0.1093703204523305,0.011961866995845463,0.9999999999986801,1.3199441539768486e-12,0.02315817549814881,0.10689043663106379,0.10937031834818131,-0.02315817549814881
Be-Be_2.04_hgbs-5_as-008-012,hgbs-5,fermionic_signed_reference,200,0.005,1.0,55,0.275,0.28,144,0.10937031998313246,0.011961866893212783,0.9999999999986654,1.3345990979019007e-12,0.011346519994699452,0.10878015868094046,0.10937031790499971,-0.011346519994699452
Be-Be_2.04_hgbs-5_as-008-012,hgbs-5,fermionic_signed_reference,200,0.005,1.0,56,0.28,0.28500000000000003,143,0.10937031951667164,0.011961866791178846,0.9999999999986663,1.3337109194822006e-12,-0.00060086092365411,0.10936866694083928,0.10937031746440991,0.00060086092365411
Be-Be_2.04_hgbs-5_as-008-012,hgbs-5,fermionic_signed_reference,200,0.005,1.0,57,0.28500000000000003,0.29,142,0.10937031905285656,0.011961866689723637,0.9999999999986764,1.3236078899581116e-12,-0.012541054277199247,0.10864892178044273,0.10937031702631396,0.012541054277199247
Be-Be_2.04_hgbs-5_as-008-012,hgbs-5,fermionic_signed_reference,200,0.005,1.0,58,0.29,0.295,141,0.10937031859157809,0.01196186658882329,0.9999999999986714,1.3286038935689248e-12,-0.024331233067020765,0.10662953272225184,0.1093703165905972,0.024331233067020765
Be-Be_2.04_hgbs-5_as-008-012,hgbs-5,fermionic_signed_reference,200,0.005,1.0,59,0.295,0.3,140,0.10937031813274016,0.01196186648845679,0.9999999999986595,1.340483279932414e-12,-0.035830364752486875,0.10333465545508536,0.10937031615716147,0.035830364752486875
Be-Be_2.04_hgbs-5_as-008-012,hgbs-5,fermionic_signed_reference,200,0.005,1.0,60,0.3,0.305,139,0.10937031767623773,0.01196186638860116,0.9999999999986632,1.336819543951151e-12,-0.046900898263526794,0.09880370288636288,0.10937031572589687,0.046900898263526794
Be-Be_2.04_hgbs-5_as-008-012,hgbs-5,fermionic_signed_reference,200,0.005,1.0,61,0.305,0.31,138,0.10937031722198146,0.011961866289236853,0.999999999998666,1.334043986389588e-12,-0.05741040936792297,0.093090873689686,0.10937031529670914,0.05741040936792297
Be-Be_2.04_hgbs-5_as-008-012,hgbs-5,fermionic_signed_reference,200,0.005,1.0,62,0.31,0.315,137,0.10937031676982682,0.011961866190332264,0.9999999999986602,1.339817146117639e-12,-0.06723318471205149,0.08626450398697368,0.10937031486945363,0.06723318471205149
Be-Be_2.04_hgbs-5_as-008-012,hgbs-5,fermionic_signed_reference,200,0.005,1.0,63,0.315,0.32,136,0.10937031631970129,0.011961866091871519,0.9999999999986623,1.3377077223708511e-12,-0.0762517255869713,0.07840624992052314,0.10937031444404971,0.0762517255869713
Be-Be_2.04_hgbs-5_as-008-012,hgbs-5,fermionic_signed_reference,200,0.005,1.0,64,0.32,0.325,135,0.10937031587148706,0.011961865993828855,0.9999999999986612,1.3388179453954763e-12,-0.08435815343182539,0.06961011089266456,0.10937031402037964,0.08435815343182539
Be-Be_2.04_hgbs-5_as-008-012,hgbs-5,fermionic_signed_reference,200,0.005,1.0,65,0.325,0.33,134,0.10937031542506973,0.011961865896179246,0.9999999999986522,1.34781075189494e-12,-0.09145550026238627,0.05998130515712688,0.1093703135983239,0.09145550026238627
Be-Be_2.04_hgbs-5_as-008-012,hgbs-5,fermionic_signed_reference,200,0.005,1.0,66,0.33,0.335,133,0.10937031498036132,0.011961865798903445,0.9999999999986549,1.3451462166358397e-12,-0.09745886858870226,0.0496350112120257,0.10937031317778995,0.09745886858870226
Be-Be_2.04_hgbs-5_as-008-012,hgbs-5,fermionic_signed_reference,200,0.005,1.0,67,0.335,0.34,132,0.10937031453724462,0.011961865701975823,0.9999999999986591,1.340927369142264e-12,-0.10229644694695357,0.03869499004982587,0.10937031275865956,0.10229644694695357
Be-Be_2.04_hgbs-5_as-008-012,hgbs-5,fermionic_signed_reference,200,0.005,1.0,68,0.34,0.34500000000000003,131,0.10937031409560659,0.011961865605371642,0.9999999999986535,1.3464784842653899e-12,-0.1059103688980978,0.027292104744716682,0.10937031234081646,0.1059103688980978
Be-Be_2.04_hgbs-5_as-008-012,hgbs-5,fermionic_signed_reference,200,0.005,1.0,69,0.34500000000000003,0.35000000000000003,130,0.10937031365537417,0.011961865509074925,0.9999999999986559,1.344147015913677e-12,-0.10825740521798517,0.015562755085851868,0.10937031192418376,0.10825740521798517
Be-Be_2.04_hgbs-5_as-008-012,hgbs-5,fermionic_signed_reference,200,0.005,1.0,70,0.35000000000000003,0.355,129,0.10937031321641368,0.011961865413056431,0.9999999999986585,1.3414824806545766e-12,-0.10930948099888585,0.0036472459813060537,0.10937031150862624,0.10930948099888585
Be-Be_2.04_hgbs-5_as-008-012,hgbs-5,fermionic_signed_reference,200,0.005,1.0,71,0.355,0.36,128,0.10937031277863414,0.011961865317296263,0.9999999999986512,1.3488099526171027e-12,-0.10905401147733793,-0.008311890850460218,0.10937031109405018,0.10905401147733793
Be-Be_2.04_hgbs-5_as-008-012,hgbs-5,fermionic_signed_reference,200,0.005,1.0,72,0.36,0.365,127,0.10937031234193724,0.01196186522177291,0.9999999999986544,1.3455903058456897e-12,-0.10749405257080354,-0.020171601825910553,0.10937031068035673,0.10749405257080354
Be-Be_2.04_hgbs-5_as-008-012,hgbs-5,fermionic_signed_reference,200,0.005,1.0,73,0.365,0.37,126,0.10937031190624487,0.011961865126469287,0.9999999999986491,1.3509193763638905e-12,-0.10464826432268448,-0.03179002268403019,0.10937031026746513,0.10464826432268448
Be-Be_2.04_hgbs-5_as-008-012,hgbs-5,fermionic_signed_reference,200,0.005,1.0,74,0.37,0.375,125,0.109370311471438,0.011961865031359363,0.9999999999986461,1.3539169785303784e-12,-0.10055068769280032,-0.04302817544748176,0.10937030985525431,0.10055068769280032
Be-Be_2.04_hgbs-5_as-008-012,hgbs-5,fermionic_signed_reference,200,0.005,1.0,75,0.375,0.38,124,0.10937031103743883,0.011961864936426115,0.9999999999986399,1.3601342274682793e-12,-0.09525033736359145,-0.05375163085824431,0.1093703094436463,0.09525033736359145
Be-Be_2.04_hgbs-5_as-008-012,hgbs-5,fermionic_signed_reference,200,0.005,1.0,76,0.38,0.385,123,0.10937031060416175,0.011961864841650816,0.9999999999986481,1.3519185770860531e-12,-0.08881061543252836,-0.06383211640210165,0.10937030903255188,0.08881061543252836
Be-Be_2.04_hgbs-5_as-008-012,hgbs-5,fermionic_signed_reference,200,0.005,1.0,77,0.385,0.39,122,0.10937031017151753,0.011961864747013953,0.9999999999986392,1.3608003612830544e-12,-0.08130855300436195,-0.07314905068681857,0.10937030862188278,0.08130855300436195
Be-Be_2.04_hgbs-5_as-008-012,hgbs-5,fermionic_signed_reference,200,0.005,1.0,78,0.39,0.395,121,0.10937030973943063,0.011961864652498995,0.9999999999986413,1.3586909375362666e-12,-0.07283388875495608,-0.08159098582026432,0.1093703082115612,0.07283388875495608
Be-Be_2.04_hgbs-5_as-008-012,hgbs-5,fermionic_signed_reference,200,0.005,1.0,79,0.395,0.4,120,0.10937030930782314,0.011961864558088906,0.9999999999986436,1.3563594691845537e-12,-0.06348799548901488,-0.08905694053460272,0.10937030780150954,0.06348799548901488
Be-Be_2.04_hgbs-5_as-008-012,hgbs-5,fermionic_signed_reference,200,0.005,1.0,80,0.4,0.405,119,0.10937030887662227,0.011961864463767761,0.9999999999986494,1.350586309456503e-12,-0.053382667531910365,-0.09545760811021377,0.10937030739165739,0.053382667531910365
Be-Be_2.04_hgbs-5_as-008-012,hgbs-5,fermionic_signed_reference,200,0.005,1.0,81,0.405,0.41000000000000003,118,0.10937030844576176,0.011961864369521066,0.9999999999986308,1.3692380562702056e-12,-0.04263878346079992,-0.10071642465013252,0.10937030698193548,0.04263878346079992
Be-Be_2.04_hgbs-5_as-008-012,hgbs-5,fermionic_signed_reference,200,0.005,1.0,82,0.41000000000000003,0.41500000000000004,117,0.10937030801516155,0.01196186427533131,0.9999999999986411,1.3589129821411916e-12,-0.03138486017107914,-0.10477048492659011,0.1093703065722641,0.03138486017107914
Be-Be_2.04_hgbs-5_as-008-012,hgbs-5,fermionic_signed_reference,200,0.005,1.0,83,0.41500000000000004,0.42,116,0.10937030758477893,0.011961864181189153,0.9999999999986379,1.3621326289126046e-12,-0.01975551557464798,-0.10757129484430764,0.10937030616260122,0.01975551557464798
Be-Be_2.04_hgbs-5_as-008-012,hgbs-5,fermionic_signed_reference,200,0.005,1.0,84,0.42,0.425,115,0.10937030715455241,0.011961864087081138,0.9999999999986466,1.3533618670180658e-12,-0.007889858318356422,-0.10908535151979135,0.10937030575288789,0.007889858318356422
Be-Be_2.04_hgbs-5_as-008-012,hgbs-5,fermionic_signed_reference,200,0.005,1.0,85,0.425,0.43,114,0.1093703067244358,0.011961863992997167,0.9999999999986362,1.3637979634495423e-12,0.004070176214734348,-0.10929454403774574,0.10937030534307625,-0.004070176214734348
Be-Be_2.04_hgbs-5_as-008-012,hgbs-5,fermionic_signed_reference,200,0.005,1.0,86,0.43,0.435,113,0.10937030629437405,0.011961863898925198,0.9999999999986289,1.3711254354120683e-12,0.015981523717301528,-0.10819637009084725,0.10937030493311362,-0.015981523717301528
Be-Be_2.04_hgbs-5_as-008-012,hgbs-5,fermionic_signed_reference,200,0.005,1.0,87,0.435,0.44,112,0.10937030586433312,0.01196186380485778,0.9999999999986352,1.364797164171705e-12,0.02770170227350142,-0.10580396591147624,0.10937030452296702,-0.02770170227350142
Be-Be_2.04_hgbs-5_as-008-012,hgbs-5,fermionic_signed_reference,200,0.005,1.0,88,0.44,0.445,111,0.10937030543427304,0.011961863710786174,0.9999999999986403,1.3596901382584292e-12,0.03909051670819854,-0.10214594913734225,0.1093703041125993,-0.03909051670819854
Be-Be_2.04_hgbs-5_as-008-012,hgbs-5,fermionic_signed_reference,200,0.005,1.0,89,0.445,0.45,110,0.10937030500414058,0.011961863616698737,0.9999999999986326,1.3673506771283428e-12,0.05001173558248055,-0.09726607649065709,0.10937030370195698,-0.05001173558248055
Be-Be_2.04_hgbs-5_as-008-012,hgbs-5,fermionic_signed_reference,200,0.005,1.0,90,0.45,0.455,109,0.1093703045739627,0.011961863522601365,0.999999999998635,1.36501920877663e-12,0.06033472077548064,-0.09122272036573784,0.10937030329107082,-0.06033472077548064
Be-Be_2.04_hgbs-5_as-008-012,hgbs-5,fermionic_signed_reference,200,0.005,1.0,91,0.455,0.46,108,0.10937030414366972,0.011961863428478818,0.9999999999986225,1.3774537066524317e-12,0.0699359901593967,-0.08408817058575968,0.10937030287987252,-0.0699359901593967
Be-Be_2.04_hgbs-5_as-008-012,hgbs-5,fermionic_signed_reference,200,0.005,1.0,92,0.46,0.465,107,0.10937030371325888,0.01196186333433049,0.9999999999986262,1.3737899706711687e-12,0.07870069467575162,-0.07594776968137538,0.1093703024683626,-0.07870069467575162
Be-Be_2.04_hgbs-5_as-008-012,hgbs-5,fermionic_signed_reference,200,0.005,1.0,93,0.465,0.47000000000000003,106,0.10937030328271471,0.011961863240152998,0.9999999999986282,1.3717915692268434e-12,0.0865239921437036,-0.06689889203456457,0.10937030205652726,-0.0865239921437036
Be-Be_2.04_hgbs-5_as-008-012,hgbs-5,fermionic_signed_reference,200,0.005,1.0,94,0.47000000000000003,0.47500000000000003,105,0.10937030285203421,0.011961863145945682,0.9999999999986284,1.3715695246219184e-12,0.0933123013675968,-0.05704977909915402,0.1093703016443654,-0.0933123013675968
Be-Be_2.04_hgbs-5_as-008-012,hgbs-5,fermionic_signed_reference,200,0.005,1.0,95,0.47500000000000003,0.48,104,0.10937030242121266,0.011961863051707516,0.9999999999986211,1.3788969965844444e-12,0.09898442154199419,-0.04651824463098691,0.10937030123187715,-0.09898442154199419
Be-Be_2.04_hgbs-5_as-008-012,hgbs-5,fermionic_signed_reference,200,0.005,1.0,96,0.48,0.485,103,0.10937030199024965,0.011961862957438407,0.9999999999986238,1.376232461325344e-12,0.10347250356416153,-0.03543026541556249,0.10937030081906433,-0.10347250356416153
Be-Be_2.04_hgbs-5_as-008-012,hgbs-5,fermionic_signed_reference,200,0.005,1.0,97,0.485,0.49,102,0.10937030155916129,0.01196186286314188,0.9999999999986277,1.372346680739156e-12,0.1067228616352636,-0.023918474350747804,0.10937030040594659,-0.1067228616352636
Be-Be_2.04_hgbs-5_as-008-012,hgbs-5,fermionic_signed_reference,200,0.005,1.0,98,0.49,0.495,101,0.1093703011279423,0.011961862768816778,0.9999999999986193,1.3806733534238447e-12,0.10869661544200397,-0.012120573909982425,0.10937029999252193,-0.10869661544200397
Be-Be_2.04_hgbs-5_as-008-012,hgbs-5,fermionic_signed_reference,200,0.005,1.0,99,0.495,0.5,100,0.10937030069662099,0.011961862674469293,0.9999999999986237,1.3763434836278066e-12,0.10937015523712848,-0.0001776889639924018,0.10937029957882308,-0.10937015523712848
Be-Be_2.04_hgbs-5_as-008-012,hgbs-5,fermionic_signed_reference,200,0.005,1.0,100,0.5,0.505,99,0.10937030026522185,0.011961862580104787,0.9999999999986222,1.3777867735598193e-12,0.10873542425538896,0.011767321335592003,0.10937029916487614,-0.10873542425538896
Be-Be_2.04_hgbs-5_as-008-012,hgbs-5,fermionic_signed_reference,200,0.005,1.0,101,0.505,0.51,98,0.10937029983375714,0.011961862485725935,0.9999999999986144,1.3855583347321954e-12,0.10680001508691786,0.023571572417878748,0.10937029875069915,-0.10680001508691786
Be-Be_2.04_hgbs-5_as-008-012,hgbs-5,fermionic_signed_reference,200,0.005,1.0,102,0.51,0.515,97,0.10937029940225546,0.011961862391339001,0.9999999999986161,1.3838930001952576e-12,0.10358707885516735,0.03509386345829941,0.10937029833632357,-0.10358707885516735
Be-Be_2.04_hgbs-5_as-008-012,hgbs-5,fermionic_signed_reference,200,0.005,1.0,103,0.515,0.52,96,0.10937029897076543,0.011961862296954614,0.9999999999986193,1.3806733534238447e-12,0.09913504828581936,0.04619636640334321,0.10937029792180175,-0.09913504828581936
Be-Be_2.04_hgbs-5_as-008-012,hgbs-5,fermionic_signed_reference,200,0.005,1.0,104,0.52,0.525,95,0.10937029853930468,0.01196186220257663,0.9999999999986132,1.386779580059283e-12,0.09349717797922258,0.056746274650634455,0.1093702975071553,-0.09349717797922258
Be-Be_2.04_hgbs-5_as-008-012,hgbs-5,fermionic_signed_reference,200,0.005,1.0,105,0.525,0.53,94,0.10937029810792387,0.011961862108216134,0.9999999999986185,1.3814505095410823e-12,0.08674090738572161,0.06661739166306574,0.10937029709244021,-0.08674090738572161
Be-Be_2.04_hgbs-5_as-008-012,hgbs-5,fermionic_signed_reference,200,0.005,1.0,106,0.53,0.535,93,0.10937029767665646,0.011961862013880446,0.9999999999986086,1.3914425167627087e-12,0.07894705410373645,0.07569164051405049,0.1093702966776928,-0.07894705410373645
Be-Be_2.04_hgbs-5_as-008-012,hgbs-5,fermionic_signed_reference,200,0.005,1.0,107,0.535,0.54,92,0.10937029724556141,0.011961861919582458,0.9999999999986097,1.3903322937380835e-12,0.07020884715031583,0.08386047630722637,0.10937029626297666,-0.07020884715031583
Be-Be_2.04_hgbs-5_as-008-012,hgbs-5,fermionic_signed_reference,200,0.005,1.0,108,0.54,0.545,91,0.10937029681466523,0.01196186182532797,0.9999999999986195,1.3804513088189196e-12,0.06063081176807146,0.09102618457506476,0.10937029584832011,-0.06063081176807146
Be-Be_2.04_hgbs-5_as-008-012,hgbs-5,fermionic_signed_reference,200,0.005,1.0,109,0.545,0.55,90,0.10937029638404637,0.011961861731134145,0.9999999999986053,1.3946621635341216e-12,0.05032751910835439,0.09710305012550821,0.10937029543380934,-0.05032751910835439
Be-Be_2.04_hgbs-5_as-008-012,hgbs-5,fermionic_signed_reference,200,0.005,1.0,110,0.55,0.555,89,0.10937029595375418,0.011961861637011777,0.9999999999986101,1.3898882045282335e-12,0.039422215746473956,0.10201838235479774,0.10937029501949441,-0.039422215746473956
Be-Be_2.04_hgbs-5_as-008-012,hgbs-5,fermionic_signed_reference,200,0.005,1.0,111,0.555,0.56,88,0.10937029552382793,0.011961861542969457,0.9999999999986088,1.3912204721577837e-12,0.028045349423078125,0.10571338476188305,0.10937029460542051,-0.028045349423078125
Be-Be_2.04_hgbs-5_as-008-012,hgbs-5,fermionic_signed_reference,200,0.005,1.0,112,0.56,0.5650000000000001,87,0.1093702950943397,0.011961861449022946,0.9999999999986124,1.3875567361765206e-12,0.01633300864601027,0.10814385826361293,0.10937029419166362,-0.01633300864601027
Be-Be_2.04_hgbs-5_as-008-012,hgbs-5,fermionic_signed_reference,200,0.005,1.0,113,0.5650000000000001,0.5700000000000001,86,0.10937029466534576,0.011961861355184558,0.9999999999986079,1.3921086505774838e-12,0.0044252948182957235,0.10928072989744897,0.10937029377828347,-0.0044252948182957235
Be-Be_2.04_hgbs-5_as-008-012,hgbs-5,fermionic_signed_reference,200,0.005,1.0,114,0.5700000000000001,0.5750000000000001,85,0.10937029423690894,0.011961861261468037,0.999999999998613,1.387001624664208e-12,-0.007535353635595907,0.10911040058769961,0.10937029336534564,0.007535353635595907
Be-Be_2.04_hgbs-5_as-008-012,hgbs-5,fermionic_signed_reference,200,0.005,1.0,115,0.5750000000000001,0.58,84,0.10937029380908359,0.011961861167885267,0.9999999999986091,1.3908874052503961e-12,-0.01940586509840825,0.10763490781520549,0.10937029295291022,0.01940586509840825
Be-Be_2.04_hgbs-5_as-008-012,hgbs-5,fermionic_signed_reference,200,0.005,1.0,116,0.58,0.585,83,0.10937029338195069,0.011961861074453966,0.9999999999986066,1.393440918207034e-12,-0.03104424616299711,0.10487190124474986,0.1093702925410613,0.03104424616299711
Be-Be_2.04_hgbs-5_as-008-012,hgbs-5,fermionic_signed_reference,200,0.005,1.0,117,0.585,0.59,82,0.10937029295555824,0.011961860981184631,0.9999999999986162,1.3837819778927951e-12,-0.04231128013764003,0.10085443160160469,0.10937029212984946,0.04231128013764003
Be-Be_2.04_hgbs-5_as-008-012,hgbs-5,fermionic_signed_reference,200,0.005,1.0,118,0.59,0.595,81,0.10937029252998562,0.011961860888094627,0.9999999999986011,1.3988810110276972e-12,-0.053072192336587866,0.09563055532289895,0.10937029171935957,0.053072192336587866
Be-Be_2.04_hgbs-5_as-008-012,hgbs-5,fermionic_signed_reference,200,0.005,1.0,119,0.595,0.6,80,0.1093702921052687,0.0119618607951918,0.9999999999986052,1.3947731858365842e-12,-0.06319826223601718,0.08926275971254999,0.10937029130962773,0.06319826223601718
Be-Be_2.04_hgbs-5_as-008-012,hgbs-5,fermionic_signed_reference,200,0.005,1.0,120,0.6,0.605,79,0.10937029168149034,0.011961860702494278,0.9999999999986088,1.3912204721577837e-12,-0.07256836321068683,0.08182721547648447,0.10937029090074317,0.07256836321068683
Be-Be_2.04_hgbs-5_as-008-012,hgbs-5,fermionic_signed_reference,200,0.005,1.0,121,0.605,0.61,78,0.10937029125872852,0.011961860610019108,0.999999999998603,1.3969936318858345e-12,-0.08107041143351006,0.07341286557870662,0.10937029049278349,0.08107041143351006
Be-Be_2.04_hgbs-5_as-008-012,hgbs-5,fermionic_signed_reference,200,0.005,1.0,122,0.61,0.615,77,0.10937029083702256,0.0119618605177749,0.9999999999986025,1.397548743398147e-12,-0.08860270660630483,0.06412036131750866,0.1093702900857943,0.08860270660630483
Be-Be_2.04_hgbs-5_as-008-012,hgbs-5,fermionic_signed_reference,200,0.005,1.0,123,0.615,0.62,76,0.10937029041644555,0.011961860425777644,0.9999999999986109,1.3891110484109959e-12,-0.09507514848420266,0.054060858348354855,0.10937028967984895,0.09507514848420266
Be-Be_2.04_hgbs-5_as-008-012,hgbs-5,fermionic_signed_reference,200,0.005,1.0,124,0.62,0.625,75,0.10937028999705906,0.011961860334040796,0.9999999999986063,1.393662962811959e-12,-0.10041031464174655,0.043354687055090796,0.10937028927501014,0.10041031464174655
Be-Be_2.04_hgbs-5_as-008-012,hgbs-5,fermionic_signed_reference,200,0.005,1.0,125,0.625,0.63,74,0.1093702895789033,0.011961860242573162,0.9999999999986001,1.3998802117498599e-12,-0.10454438658868558,0.03212991317435913,0.10937028887132189,0.10454438658868558
Be-Be_2.04_hgbs-5_as-008-012,hgbs-5,fermionic_signed_reference,200,0.005,1.0,126,0.63,0.635,73,0.10937028916204974,0.011961860151390375,0.999999999998603,1.3969936318858345e-12,-0.10742791315736465,0.02052080589097118,0.10937028846885793,0.10742791315736465
Be-Be_2.04_hgbs-5_as-008-012,hgbs-5,fermionic_signed_reference,200,0.005,1.0,127,0.635,0.64,72,0.10937028874657388,0.011961860060508945,0.9999999999986044,1.3955503419538218e-12,-0.10902640203014234,0.008666231728515182,0.10937028806769482,0.10902640203014234
Be-Be_2.04_hgbs-5_as-008-012,hgbs-5,fermionic_signed_reference,200,0.005,1.0,128,0.64,0.645,71,0.10937028833248302,0.011961859969930471,0.9999999999986089,1.3911094498553211e-12,-0.10932073233107902,-0.003292006552723212,0.10937028766784239,0.10932073233107902
Be-Be_2.04_hgbs-5_as-008-012,hgbs-5,fermionic_signed_reference,200,0.005,1.0,129,0.645,0.65,70,0.10937028791986103,0.011961859879673301,0.9999999999985972,1.4027667916138853e-12,-0.1083073833467791,-0.015210866180522883,0.10937028726938564,0.1083073833467791
Be-Be_2.04_hgbs-5_as-008-012,hgbs-5,fermionic_signed_reference,200,0.005,1.0,130,0.65,0.655,69,0.10937028750873357,0.01196185978974304,0.9999999999986019,1.3981038549104596e-12,-0.1059984766399964,-0.02694777542841798,0.1093702868723508,0.1059984766399964
Be-Be_2.04_hgbs-5_as-008-012,hgbs-5,fermionic_signed_reference,200,0.005,1.0,131,0.655,0.66,68,0.10937028709915464,0.011961859700151513,0.9999999999986005,1.3995471448424723e-12,-0.1024216310527671,-0.038362339038522694,0.10937028647679271,0.1024216310527671
Be-Be_2.04_hgbs-5_as-008-012,hgbs-5,fermionic_signed_reference,200,0.005,1.0,132,0.66,0.665,67,0.1093702866911611,0.01196185961090677,0.9999999999986005,1.3995471448424723e-12,-0.09761963233312024,-0.04931801760988219,0.10937028608274837,0.09761963233312024
Be-Be_2.04_hgbs-5_as-008-012,hgbs-5,fermionic_signed_reference,200,0.005,1.0,133,0.665,0.67,66,0.10937028628478934,0.01196185952201678,0.9999999999986107,1.3893330930159209e-12,-0.09164992133748566,-0.059683760863407626,0.10937028569025381,0.09164992133748566
Be-Be_2.04_hgbs-5_as-008-012,hgbs-5,fermionic_signed_reference,200,0.005,1.0,134,0.67,0.675,65,0.10937028588007298,0.011961859433488892,0.9999999999986027,1.397326698793222e-12,-0.08458390693078806,-0.0693355752466492,0.1093702852993443,0.08458390693078806
Be-Be_2.04_hgbs-5_as-008-012,hgbs-5,fermionic_signed_reference,200,0.005,1.0,135,0.675,0.68,64,0.10937028547704282,0.011961859345329843,0.9999999999986015,1.3985479441203097e-12,-0.07650611180314641,-0.07815800712703636,0.10937028491004952,0.07650611180314641
Be-Be_2.04_hgbs-5_as-008-012,hgbs-5,fermionic_signed_reference,200,0.005,1.0,136,0.68,0.685,63,0.10937028507570527,0.011961859257541039,0.9999999999985977,1.4023227024040352e-12,-0.06751316142096532,-0.08604552383158373,0.10937028452237364,0.06751316142096532
Be-Be_2.04_hgbs-5_as-008-012,hgbs-5,fermionic_signed_reference,200,0.005,1.0,137,0.685,0.6900000000000001,62,0.10937028467608222,0.011961859170127265,0.9999999999986114,1.3885559368986833e-12,-0.057712628206336436,-0.09290377601357866,0.10937028413634123,0.057712628206336436
Be-Be_2.04_hgbs-5_as-008-012,hgbs-5,fermionic_signed_reference,200,0.005,1.0,138,0.6900000000000001,0.6950000000000001,61,0.1093702842782437,0.011961859083103842,0.9999999999986101,1.3898882045282335e-12,-0.047221744770615505,-0.09865072624576135,0.10937028375201968,0.047221744770615505
Be-Be_2.04_hgbs-5_as-008-012,hgbs-5,fermionic_signed_reference,200,0.005,1.0,139,0.6950000000000001,0.7000000000000001,60,0.10937028388211646,0.011961858996454744,0.9999999999986178,1.3822276656583199e-12,-0.03616600159398491,-0.10321763033993744,0.10937028336933252,0.03616600159398491
Be-Be_2.04_hgbs-5_as-008-012,hgbs-5,fermionic_signed_reference,200,0.005,1.0,140,0.7000000000000001,0.705,59,0.10937028348775994,0.011961858910192974,0.9999999999985895,1.4105383527862614e-12,-0.024677645926057392,-0.10654985965498803,0.10937028298833967,0.024677645926057392
Be-Be_2.04_hgbs-5_as-008-012,hgbs-5,fermionic_signed_reference,200,0.005,1.0,141,0.705,0.71,58,0.10937028309515356,0.011961858824314033,0.9999999999986038,1.3962164757685969e-12,-0.012894099862471857,-0.1086075545563612,0.10937028260901757,0.012894099862471857
Be-Be_2.04_hgbs-5_as-008-012,hgbs-5,fermionic_signed_reference,200,0.005,1.0,142,0.71,0.715,57,0.10937028270430298,0.011961858738819154,0.9999999999986156,1.3844481117075702e-12,-0.0009563165213523357,-0.10936610121093482,0.10937028223136964,0.0009563165213523357
Be-Be_2.04_hgbs-5_as-008-012,hgbs-5,fermionic_signed_reference,200,0.005,1.0,143,0.715,0.72,56,0.10937028231519486,0.011961858653705424,0.9999999999985997,1.40032430095971e-12,0.010992906018192024,-0.10881642601372535,0.10937028185538046,-0.010992906018192024
Be-Be_2.04_hgbs-5_as-008-012,hgbs-5,fermionic_signed_reference,200,0.005,1.0,144,0.72,0.725,55,0.10937028192780143,0.01196185856896677,0.9999999999985922,1.4077627952246985e-12,0.022810632846556867,-0.1069651041245546,0.10937028148101853,-0.022810632846556867
Be-Be_2.04_hgbs-5_as-008-012,hgbs-5,fermionic_signed_reference,200,0.005,1.0,145,0.725,0.73,54,0.10937028154212747,0.011961858484604227,0.9999999999986009,1.3991030556326223e-12,0.0343555019906784,-0.10383428081647228,0.10937028110828613,-0.0343555019906784
Be-Be_2.04_hgbs-5_as-008-012,hgbs-5,fermionic_signed_reference,200,0.005,1.0,146,0.73,0.735,53,0.10937028115812276,0.011961858400606824,0.9999999999986131,1.3868906023617456e-12,0.0454894153658617,-0.09946140657657532,0.10937028073713038,-0.0454894153658617
Be-Be_2.04_hgbs-5_as-008-012,hgbs-5,fermionic_signed_reference,200,0.005,1.0,147,0.735,0.74,52,0.1093702807757801,0.011961858316972973,0.9999999999986022,1.397770788003072e-12,0.05607919068538036,-0.09389878912822547,0.10937028036753953,-0.05607919068538036
Be-Be_2.04_hgbs-5_as-008-012,hgbs-5,fermionic_signed_reference,200,0.005,1.0,148,0.74,0.745,51,0.10937028039504253,0.011961858233690222,0.9999999999986168,1.3832268663804825e-12,0.06599815456798575,-0.08721296773289434,0.10937027999945236,-0.06599815456798575
Be-Be_2.04_hgbs-5_as-008-012,hgbs-5,fermionic_signed_reference,200,0.005,1.0,149,0.745,0.75,50,0.10937028001588014,0.011961858150752031,0.9999999999986166,1.3834489109854076e-12,0.07512765778657828,-0.07948391725668723,0.10937027963283771,-0.07512765778657828
Be-Be_2.04_hgbs-5_as-008-012,hgbs-5,fermionic_signed_reference,200,0.005,1.0,150,0.75,0.755,49,0.10937027963824439,0.011961858068147774,0.9999999999986018,1.3982148772129221e-12,0.08335849453323513,-0.07080409152184808,0.1093702792676403,-0.08335849453323513
Be-Be_2.04_hgbs-5_as-008-012,hgbs-5,fermionic_signed_reference,200,0.005,1.0,151,0.755,0.76,48,0.10937027926207468,0.011961857985864202,0.9999999999986066,1.393440918207034e-12,0.09059220872325495,-0.06127731738690927,0.10937027890379453,-0.09059220872325495
Be-Be_2.04_hgbs-5_as-008-012,hgbs-5,fermionic_signed_reference,200,0.005,1.0,152,0.76,0.765,47,0.10937027888731482,0.011961857903889022,0.9999999999985879,1.4120926650207366e-12,0.0967422717124457,-0.051017552784347345,0.10937027854123961,-0.0967422717124457
Be-Be_2.04_hgbs-5_as-008-012,hgbs-5,fermionic_signed_reference,200,0.005,1.0,153,0.765,0.77,46,0.10937027851392149,0.011961857822212757,0.9999999999985983,1.4016565685892601e-12,0.1017351173402041,-0.04014752357157086,0.10937027817992845,-0.1017351173402041
Be-Be_2.04_hgbs-5_as-008-012,hgbs-5,fermionic_signed_reference,200,0.005,1.0,154,0.77,0.775,45,0.10937027814180855,0.011961857740816565,0.999999999998598,1.4019896354966477e-12,0.10551102191691153,-0.028797255501572944,0.10937027781977085,-0.10551102191691153
Be-Be_2.04_hgbs-5_as-008-012,hgbs-5,fermionic_signed_reference,200,0.005,1.0,155,0.775,0.78,44,0.1093702777708931,0.011961857659682315,0.9999999999986126,1.3874457138740581e-12,0.10802481862989465,-0.017102518873077305,0.10937027746067758,-0.10802481862989465
Be-Be_2.04_hgbs-5_as-008-012,hgbs-5,fermionic_signed_reference,200,0.005,1.0,156,0.78,0.785,43,0.10937027740112262,0.011961857578798515,0.9999999999986132,1.386779580059283e-12,0.10924643782195885,-0.005203204465531099,0.10937027710258965,-0.10924643782195885
Be-Be_2.04_hgbs-5_as-008-012,hgbs-5,fermionic_signed_reference,200,0.005,1.0,157,0.785,0.79,42,0.10937027703240143,0.011961857498144235,0.9999999999986033,1.396660564978447e-12,0.10916126667985063,0.006758349814664535,0.10937027674540667,-0.10916126667985063
Be-Be_2.04_hgbs-5_as-008-012,hgbs-5,fermionic_signed_reference,200,0.005,1.0,158,0.79,0.795,41,0.10937027666464574,0.011961857417701154,0.9999999999986119,1.3881118476888332e-12,0.10777032403022542,0.01863906155992837,0.10937027638903808,-0.10777032403022542
Be-Be_2.04_hgbs-5_as-008-012,hgbs-5,fermionic_signed_reference,200,0.005,1.0,159,0.795,0.8,40,0.10937027629775933,0.011961857337448218,0.9999999999986099,1.3901102491331585e-12,0.1050902481521232,0.030296815392767587,0.10937027603338247,-0.1050902481521232
Be-Be_2.04_hgbs-5_as-008-012,hgbs-5,fermionic_signed_reference,200,0.005,1.0,160,0.8,0.805,39,0.10937027593164719,0.011961857257364646,0.9999999999986036,1.3964385203735219e-12,0.1011530977518084,0.04159216292967991,0.10937027567833935,-0.1011530977518084
Be-Be_2.04_hgbs-5_as-008-012,hgbs-5,fermionic_signed_reference,200,0.005,1.0,161,0.805,0.81,38,0.10937027556621493,0.01196185717742979,0.9999999999986211,1.3788969965844444e-12,0.09600596848064523,0.05238999084270587,0.10937027532380747,-0.09600596848064523
Be-Be_2.04_hgbs-5_as-008-012,hgbs-5,fermionic_signed_reference,200,0.005,1.0,162,0.81,0.8150000000000001,37,0.10937027520135813,0.011961857097620812,0.9999999999986209,1.3791190411893695e-12,0.08971042958325805,0.06256113706551175,0.10937027496967561,-0.08971042958325805
Be-Be_2.04_hgbs-5_as-008-012,hgbs-5,fermionic_signed_reference,200,0.005,1.0,163,0.8150000000000001,0.8200000000000001,36,0.10937027483695562,0.011961857017911207,0.9999999999986254,1.3745671267884063e-12,0.08234178741455712,0.07198393581150743,0.10937027461581754,-0.08234178741455712
Be-Be_2.04_hgbs-5_as-008-012,hgbs-5,fermionic_signed_reference,200,0.005,1.0,164,0.8200000000000001,0.8250000000000001,35,0.1093702744729088,0.011961856938279405,0.9999999999986149,1.3851142455223453e-12,0.0739881846355913,0.08054567292227868,0.10937027426212775,-0.0739881846355913
Be-Be_2.04_hgbs-5_as-008-012,hgbs-5,fermionic_signed_reference,200,0.005,1.0,165,0.8250000000000001,0.8300000000000001,34,0.10937027410910011,0.011961856858699695,0.999999999998621,1.379008018886907e-12,0.06474954586319379,0.08814393413801222,0.1093702739084806,-0.06474954586319379
Be-Be_2.04_hgbs-5_as-008-012,hgbs-5,fermionic_signed_reference,200,0.005,1.0,166,0.8300000000000001,0.835,33,0.10937027374542488,0.011961856779149174,0.9999999999986193,1.3806733534238447e-12,0.05473638238580041,0.09468783016185464,0.10937027355476804,-0.05473638238580041
Be-Be_2.04_hgbs-5_as-008-012,hgbs-5,fermionic_signed_reference,200,0.005,1.0,167,0.835,0.84,32,0.10937027338173885,0.011961856699596294,0.9999999999986059,1.394107052021809e-12,0.044068470242863214,0.10009908386433772,0.10937027320083752,-0.044068470242863214
Be-Be_2.04_hgbs-5_as-008-012,hgbs-5,fermionic_signed_reference,200,0.005,1.0,168,0.84,0.845,31,0.10937027301793537,0.011961856620017721,0.9999999999986069,1.3931078512996464e-12,0.03287341748080725,0.10431296662288421,0.10937027284657563,-0.03287341748080725
Be-Be_2.04_hgbs-5_as-008-012,hgbs-5,fermionic_signed_reference,200,0.005,1.0,169,0.845,0.85,30,0.10937027265389787,0.01196185654038796,0.9999999999986204,1.3795631303992195e-12,0.021285137723682155,0.10727907259585852,0.1093702724918595,-0.021285137723682155
Be-Be_2.04_hgbs-5_as-008-012,hgbs-5,fermionic_signed_reference,200,0.005,1.0,170,0.85,0.855,29,0.10937027228948354,0.011961856460675772,0.9999999999986205,1.379452108096757e-12,0.009442248317425761,0.10896192166960333,0.10937027213653948,-0.009442248317425761
Be-Be_2.04_hgbs-5_as-008-012,hgbs-5,fermionic_signed_reference,200,0.005,1.0,171,0.855,0.86,28,0.10937027192457212,0.01196185638085485,0.999999999998611,1.3890000261085333e-12,-0.002513587791098945,0.10934138386610404,0.10937027178049014,0.002513587791098945
Be-Be_2.04_hgbs-5_as-008-012,hgbs-5,fermionic_signed_reference,200,0.005,1.0,172,0.86,0.865,27,0.10937027155903079,0.01196185630089614,0.9999999999986207,1.3793410857942945e-12,-0.014439356606030329,0.10841292013440744,0.10937027142357066,0.014439356606030329
Be-Be_2.04_hgbs-5_as-008-012,hgbs-5,fermionic_signed_reference,200,0.005,1.0,173,0.865,0.87,26,0.10937027119273217,0.011961856220771781,0.9999999999986314,1.3685719224554305e-12,-0.02619240379533687,0.10618763664568366,0.10937027106564981,0.02619240379533687
Be-Be_2.04_hgbs-5_as-008-012,hgbs-5,fermionic_signed_reference,200,0.005,1.0,174,0.87,0.875,25,0.10937027082554766,0.011961856140453643,0.9999999999986188,1.3812284649361573e-12,-0.037632141101475315,0.10269215194235491,0.10937027070659126,0.037632141101475315
Be-Be_2.04_hgbs-5_as-008-012,hgbs-5,fermionic_signed_reference,200,0.005,1.0,175,0.875,0.88,24,0.10937027045733944,0.011961856059911574,0.9999999999986204,1.3795631303992195e-12,-0.048621728037911136,0.09796827853044889,0.1093702703462518,0.048621728037911136
Be-Be_2.04_hgbs-5_as-008-012,hgbs-5,fermionic_signed_reference,200,0.005,1.0,176,0.88,0.885,23,0.10937027008797963,0.011961855979117612,0.9999999999986157,1.3843370894051077e-12,-0.059029708755125476,0.09207252272402815,0.10937026998449632,0.059029708755125476
Be-Be_2.04_hgbs-5_as-008-012,hgbs-5,fermionic_signed_reference,200,0.005,1.0,177,0.885,0.89,22,0.10937026971733677,0.011961855898042991,0.9999999999986271,1.3729017922514686e-12,-0.0687315844964983,0.08507540872433061,0.10937026962118725,0.0687315844964983
Be-Be_2.04_hgbs-5_as-008-012,hgbs-5,fermionic_signed_reference,200,0.005,1.0,178,0.89,0.895,21,0.10937026934527673,0.01196185581665838,0.9999999999986183,1.3816725541460073e-12,-0.07761130283423974,0.07706063501907189,0.10937026925618624,0.07761130283423974
Be-Be_2.04_hgbs-5_as-008-012,hgbs-5,fermionic_signed_reference,200,0.005,1.0,179,0.895,0.9,20,0.10937026897167741,0.011961855734937063,0.9999999999986241,1.3758993944179565e-12,-0.08556264587167169,0.06812407319274923,0.10937026888936567,0.08556264587167169
Be-Be_2.04_hgbs-5_as-008-012,hgbs-5,fermionic_signed_reference,200,0.005,1.0,180,0.9,0.905,19,0.10937026859640706,0.011961855652850224,0.9999999999986258,1.3742340598810188e-12,-0.09249050080602418,0.05837262112425877,0.10937026852058754,0.09249050080602418
Be-Be_2.04_hgbs-5_as-008-012,hgbs-5,fermionic_signed_reference,200,0.005,1.0,181,0.905,0.91,18,0.10937026821933488,0.011961855570369254,0.9999999999986308,1.3692380562702056e-12,-0.09831199765380245,0.047922924289523355,0.10937026814971539,0.09831199765380245
Be-Be_2.04_hgbs-5_as-008-012,hgbs-5,fermionic_signed_reference,200,0.005,1.0,182,0.91,0.915,17,0.10937026784034161,0.011961855487468063,0.9999999999986238,1.376232461325344e-12,-0.10295750052920985,0.03689998046488195,0.10937026777662619,0.10295750052920985
Be-Be_2.04_hgbs-5_as-008-012,hgbs-5,fermionic_signed_reference,200,0.005,1.0,183,0.915,0.92,16,0.10937026745929625,0.011961855404117995,0.9999999999986267,1.3733458814613186e-12,-0.10637144061818053,0.025435644521405752,0.10937026740118369,0.10637144061818053
Be-Be_2.04_hgbs-5_as-008-012,hgbs-5,fermionic_signed_reference,200,0.005,1.0,184,0.92,0.925,15,0.10937026707608559,0.011961855320294291,0.9999999999986321,1.3679057886406554e-12,-0.10851298088409454,0.013667051195839582,0.10937026702327085,0.10851298088409454
Be-Be_2.04_hgbs-5_as-008-012,hgbs-5,fermionic_signed_reference,200,0.005,1.0,185,0.925,0.93,14,0.10937026669060582,0.011961855235974239,0.9999999999986259,1.3741230375785563e-12,-0.10935650455408435,0.0017349747044841989,0.10937026664277943,0.10935650455408435
Be-Be_2.04_hgbs-5_as-008-012,hgbs-5,fermionic_signed_reference,200,0.005,1.0,186,0.93,0.935,13,0.10937026630271227,0.011961855151126197,0.9999999999986267,1.3733458814613186e-12,-0.10889192154265914,-0.010217855177783067,0.10937026625955878,0.10889192154265914
Be-Be_2.04_hgbs-5_as-008-012,hgbs-5,fermionic_signed_reference,200,0.005,1.0,187,0.935,0.9400000000000001,12,0.1093702659123048,0.011961855065728262,0.9999999999986199,1.380118241911532e-12,-0.10712478914746691,-0.02204846043043714,0.10937026587350786,0.10712478914746691
Be-Be_2.04_hgbs-5_as-008-012,hgbs-5,fermionic_signed_reference,200,0.005,1.0,188,0.9400000000000001,0.9450000000000001,11,0.10937026551928801,0.01196185497975956,0.9999999999986311,1.368904989362818e-12,-0.10407624557317152,-0.03361532506980295,0.10937026548452568,0.10407624557317152
Be-Be_2.04_hgbs-5_as-008-012,hgbs-5,fermionic_signed_reference,200,0.005,1.0,189,0.9450000000000001,0.9500000000000001,10,0.10937026512354513,0.011961854893194552,0.9999999999986385,1.3614664950978295e-12,-0.09978275707882166,-0.04478008794264278,0.10937026509249191,0.09978275707882166
Be-Be_2.04_hgbs-5_as-008-012,hgbs-5,fermionic_signed_reference,200,0.005,1.0,190,0.9500000000000001,0.9550000000000001,9,0.10937026472497713,0.011961854806011578,0.9999999999986183,1.3816725541460073e-12,-0.09429568177330273,-0.05540919778220052,0.10937026469730698,0.09429568177330273
Be-Be_2.04_hgbs-5_as-008-012,hgbs-5,fermionic_signed_reference,200,0.005,1.0,191,0.9550000000000001,0.96,8,0.10937026432349359,0.011961854718190855,0.999999999998635,1.36501920877663e-12,-0.08768065527653654,-0.06537551072904255,0.10937026429887602,0.08768065527653654
Be-Be_2.04_hgbs-5_as-008-012,hgbs-5,fermionic_signed_reference,200,0.005,1.0,192,0.96,0.965,7,0.10937026391901136,0.011961854629714198,0.9999999999986314,1.3685719224554305e-12,-0.08001680559536085,-0.07455981120710123,0.10937026389711396,0.08001680559536085
Be-Be_2.04_hgbs-5_as-008-012,hgbs-5,fermionic_signed_reference,200,0.005,1.0,193,0.965,0.97,6,0.1093702635114277,0.011961854540559133,0.9999999999986354,1.36457511956678e-12,-0.07139580660522442,-0.08285223796301713,0.1093702634919155,0.07139580660522442
Be-Be_2.04_hgbs-5_as-008-012,hgbs-5,fermionic_signed_reference,200,0.005,1.0,194,0.97,0.975,5,0.10937026310067305,0.011961854450710444,0.9999999999986405,1.3594680936535042e-12,-0.06192078146027912,-0.09015359821015856,0.109370263083209,0.06192078146027912
Be-Be_2.04_hgbs-5_as-008-012,hgbs-5,fermionic_signed_reference,200,0.005,1.0,195,0.975,0.98,4,0.10937026268667649,0.011961854360152619,0.9999999999986311,1.368904989362818e-12,-0.051705069048771535,-0.09637655415799183,0.10937026267092241,0.051705069048771535
Be-Be_2.04_hgbs-5_as-008-012,hgbs-5,fermionic_signed_reference,200,0.005,1.0,196,0.98,0.985,3,0.10937026226935845,0.011961854268868253,0.9999999999986431,1.3569145806968663e-12,-0.0408708682493143,-0.10144666773368817,0.10937026225497558,0.0408708682493143
Be-Be_2.04_hgbs-5_as-008-012,hgbs-5,fermionic_signed_reference,200,0.005,1.0,197,0.985,0.99,2,0.10937026184865897,0.01196185417684423,0.9999999999986333,1.3666845433135677e-12,-0.02954777620549314,-0.10530329099906431,0.10937026183530661,0.02954777620549314
Be-Be_2.04_hgbs-5_as-008-012,hgbs-5,fermionic_signed_reference,200,0.005,1.0,198,0.99,0.995,1,0.1093702614245248,0.011961854084068899,0.999999999998643,1.3570256029993288e-12,-0.01787123810326428,-0.1079002916120053,0.10937026141186344,0.01787123810326428
Be-Be_2.04_hgbs-5_as-008-012,hgbs-5,fermionic_signed_reference,200,0.005,1.0,199,0.995,1.0,0,0.10937026099689609,0.011961853990529169,0.9999999999986324,1.3675727217332678e-12,-0.005980926995286422,-0.1092066046542658,0.10937026098458416,0.005980926995286422
Be-Be_2.04_hgbs-5_as-008-012,hgbs-5,fermionic_magnitude_reference,200,0.005,1.0,0,0.0,0.005,199,0.10937035419933497,0.01196187437768799,0.9999999999928865,7.1135319856807655e-12,-0.017519262609293967,0.10795806353858173,0.10937032525037975,0.017519262609293967
Be-Be_2.04_hgbs-5_as-008-012,hgbs-5,fermionic_magnitude_reference,200,0.005,1.0,1,0.005,0.01,198,0.10937035392355768,0.011961874317364268,0.9999999999928839,7.116085498637403e-12,-0.02920422452947182,0.10539915234869608,0.1093703252541175,0.02920422452947182
Be-Be_2.04_hgbs-5_as-008-012,hgbs-5,fermionic_magnitude_reference,200,0.005,1.0,2,0.01,0.015,197,0.10937035364806355,0.01196187425710249,0.9999999999928894,7.11064540581674e-12,-0.040539849160390155,0.10157946976053134,0.10937032525679846,0.040539849160390155
Be-Be_2.04_hgbs-5_as-008-012,hgbs-5,fermionic_magnitude_reference,200,0.005,1.0,3,0.015,0.02,196,0.10937035337302688,0.011961874196940772,0.9999999999928895,7.1105343835142776e-12,-0.05139054118904218,0.09654470634617716,0.10937032525860121,0.05139054118904218
Be-Be_2.04_hgbs-5_as-008-012,hgbs-5,fermionic_magnitude_reference,200,0.005,1.0,4,0.02,0.025,195,0.10937035309858725,0.011961874136909655,0.999999999992884,7.115974476334941e-12,-0.0616265060069407,0.09035508732098399,0.1093703252596706,0.0616265060069407
Be-Be_2.04_hgbs-5_as-008-012,hgbs-5,fermionic_magnitude_reference,200,0.005,1.0,5,0.025,0.03,194,0.10937035282494939,0.011961874077053914,0.999999999992896,7.103984067668989e-12,-0.07112530229681267,0.0830846521369205,0.10937032526021889,0.07112530229681267
Be-Be_2.04_hgbs-5_as-008-012,hgbs-5,fermionic_magnitude_reference,200,0.005,1.0,6,0.03,0.035,193,0.109370352552262,0.011961874017406084,0.999999999992878,7.121969680667917e-12,-0.07977330665992566,0.07482036883166265,0.1093703252603949,0.07977330665992566
Be-Be_2.04_hgbs-5_as-008-012,hgbs-5,fermionic_magnitude_reference,200,0.005,1.0,7,0.035,0.04,192,0.10937035228068964,0.011961873958002153,0.9999999999928804,7.119638212316204e-12,-0.08746707276485718,0.06566109372761257,0.10937032526037008,0.08746707276485718
Be-Be_2.04_hgbs-5_as-008-012,hgbs-5,fermionic_magnitude_reference,200,0.005,1.0,8,0.04,0.045,191,0.10937035201039468,0.011961873898877642,0.9999999999928768,7.123190925995004e-12,-0.09411456875910956,0.05571638892491773,0.10937032526030933,0.09411456875910956
Be-Be_2.04_hgbs-5_as-008-012,hgbs-5,fermionic_magnitude_reference,200,0.005,1.0,9,0.045,0.05,190,0.10937035174153809,0.011961873840067763,0.9999999999928716,7.128408974210743e-12,-0.09963627814237723,0.045105211733192645,0.10937032526037992,0.09963627814237723
Be-Be_2.04_hgbs-5_as-008-012,hgbs-5,fermionic_magnitude_reference,200,0.005,1.0,10,0.05,0.055,189,0.10937035147427691,0.011961873781606867,0.9999999999928904,7.1096462050945775e-12,-0.10396615093260955,0.03395449171903424,0.10937032526074024,0.10396615093260955
Be-Be_2.04_hgbs-5_as-008-012,hgbs-5,fermionic_magnitude_reference,200,0.005,1.0,11,0.055,0.06,188,0.10937035120876869,0.01196187372352941,0.9999999999928944,7.105649402205927e-12,-0.10705239374727345,0.022397612390536278,0.10937032526155335,0.10705239374727345
Be-Be_2.04_hgbs-5_as-008-012,hgbs-5,fermionic_magnitude_reference,200,0.005,1.0,12,0.06,0.065,187,0.10937035094514928,0.011961873665865116,0.9999999999928854,7.114642208705391e-12,-0.10885808934899036,0.010572815680427085,0.10937032526295719,0.10885808934899036
Be-Be_2.04_hgbs-5_as-008-012,hgbs-5,fermionic_magnitude_reference,200,0.005,1.0,13,0.065,0.07,186,0.10937035068357097,0.011961873608647292,0.9999999999928778,7.122191725272842e-12,-0.10936163824460182,-0.0013784516864904079,0.10937032526510627,0.10936163824460182
Be-Be_2.04_hgbs-5_as-008-012,hgbs-5,fermionic_magnitude_reference,200,0.005,1.0,14,0.07,0.075,185,0.10937035042418222,0.011961873551908418,0.99999999999288,7.1199712792235914e-12,-0.10855701705526578,-0.01331323016117272,0.10937032526815318,0.10855701705526578
Be-Be_2.04_hgbs-5_as-008-012,hgbs-5,fermionic_magnitude_reference,200,0.005,1.0,15,0.075,0.08,184,0.10937035016712716,0.011961873495680012,0.9999999999928826,7.1174177662669535e-12,-0.10645385056707325,-0.025088757434355922,0.10937032527224518,0.10645385056707325
Be-Be_2.04_hgbs-5_as-008-012,hgbs-5,fermionic_magnitude_reference,200,0.005,1.0,16,0.08,0.085,183,0.10937034991251306,0.011961873439985546,0.9999999999928979,7.102096688527126e-12,-0.10307729660026115,-0.0365641761412186,0.10937032527749137,0.10307729660026115
Be-Be_2.04_hgbs-5_as-008-012,hgbs-5,fermionic_magnitude_reference,200,0.005,1.0,17,0.085,0.09,182,0.1093703496604923,0.01196187338485835,0.9999999999928748,7.12518932743933e-12,-0.09846774507439657,-0.04760221877918911,0.10937032528404647,0.09846774507439657
Be-Be_2.04_hgbs-5_as-008-012,hgbs-5,fermionic_magnitude_reference,200,0.005,1.0,18,0.09,0.095,181,0.10937034941118406,0.01196187333032449,0.9999999999928866,7.113420963378303e-12,-0.09268033486887436,-0.058070849684485636,0.10937032529203164,0.09268033486887436
Be-Be_2.04_hgbs-5_as-008-012,hgbs-5,fermionic_magnitude_reference,200,0.005,1.0,19,0.095,0.1,180,0.1093703491646962,0.011961873276407563,0.9999999999928694,7.130629420259993e-12,-0.08578429425852688,-0.0678448444256057,0.10937032530155595,0.08578429425852688
Be-Be_2.04_hgbs-5_as-008-012,hgbs-5,fermionic_magnitude_reference,200,0.005,1.0,20,0.1,0.105,179,0.10937034892115309,0.011961873223134772,0.9999999999928766,7.123412970599929e-12,-0.07786211281347032,-0.0768072877221833,0.10937032531274572,0.07786211281347032
Be-Be_2.04_hgbs-5_as-008-012,hgbs-5,fermionic_magnitude_reference,200,0.005,1.0,21,0.105,0.11,178,0.1093703486806553,0.011961873170528119,0.9999999999928761,7.1238570598097795e-12,-0.0690085546692135,-0.08485097197036638,0.10937032532570126,0.0690085546692135
Be-Be_2.04_hgbs-5_as-008-012,hgbs-5,fermionic_magnitude_reference,200,0.005,1.0,22,0.11,0.115,177,0.10937034844330269,0.011961873118609445,0.9999999999928765,7.123523992902392e-12,-0.05932952496988528,-0.09187967964648193,0.10937032534052546,0.05932952496988528
Be-Be_2.04_hgbs-5_as-008-012,hgbs-5,fermionic_magnitude_reference,200,0.005,1.0,23,0.115,0.12,176,0.10937034820921245,0.01196187306740438,0.9999999999928805,7.119527190013741e-12,-0.04894080304423768,-0.09780933424860062,0.10937032535733512,0.04894080304423768
Be-Be_2.04_hgbs-5_as-008-012,hgbs-5,fermionic_magnitude_reference,200,0.005,1.0,24,0.12,0.125,175,0.10937034797846612,0.011961873016930769,0.9999999999928887,7.111311539631515e-12,-0.037966657467885814,-0.1025690060087112,0.10937032537621347,0.037966657467885814
Be-Be_2.04_hgbs-5_as-008-012,hgbs-5,fermionic_magnitude_reference,200,0.005,1.0,25,0.125,0.13,174,0.10937034775110631,0.011961872967197926,0.9999999999928819,7.118083900081729e-12,-0.026538359578347263,-0.10610176034534194,0.10937032539720284,0.026538359578347263
Be-Be_2.04_hgbs-5_as-008-012,hgbs-5,fermionic_magnitude_reference,200,0.005,1.0,26,0.13,0.135,173,0.10937034752725174,0.01196187291823182,0.999999999992882,7.117972877779266e-12,-0.014792613223922163,-0.10836533890767935,0.10937032542042088,0.014792613223922163
Be-Be_2.04_hgbs-5_as-008-012,hgbs-5,fermionic_magnitude_reference,200,0.005,1.0,27,0.135,0.14,172,0.10937034730696392,0.011961872870045909,0.9999999999928796,7.1204153684334415e-12,-0.002869919529642853,-0.10933266506420608,0.10937032544592931,0.002869919529642853
Be-Be_2.04_hgbs-5_as-008-012,hgbs-5,fermionic_magnitude_reference,200,0.005,1.0,28,0.14,0.145,171,0.10937034709030372,0.011961872822653506,0.9999999999928768,7.123190925995004e-12,0.009087103759319318,-0.10899216778975351,0.10937032547378844,-0.009087103759319318
Be-Be_2.04_hgbs-5_as-008-012,hgbs-5,fermionic_magnitude_reference,200,0.005,1.0,29,0.145,0.15,170,0.10937034687733282,0.011961872776068106,0.9999999999928851,7.114864253310316e-12,0.020935428252930814,-0.1073479200764049,0.10937032550405905,-0.020935428252930814
Be-Be_2.04_hgbs-5_as-008-012,hgbs-5,fermionic_magnitude_reference,200,0.005,1.0,30,0.15,0.155,169,0.10937034666809384,0.011961872730299026,0.9999999999928777,7.122302747575304e-12,0.03253332580358485,-0.10441959021265956,0.10937032553678329,-0.03253332580358485
Be-Be_2.04_hgbs-5_as-008-012,hgbs-5,fermionic_magnitude_reference,200,0.005,1.0,31,0.155,0.16,168,0.10937034646264061,0.011961872685358043,0.9999999999928804,7.119638212316204e-12,0.043742063840157844,-0.10024220651368165,0.10937032557201265,-0.043742063840157844
Be-Be_2.04_hgbs-5_as-008-012,hgbs-5,fermionic_magnitude_reference,200,0.005,1.0,32,0.16,0.165,167,0.10937034626100946,0.011961872641253105,0.9999999999928791,7.1208594576432915e-12,0.054427564869148654,-0.09486573831686851,0.109370325609783,-0.054427564869148654
Be-Be_2.04_hgbs-5_as-008-012,hgbs-5,fermionic_magnitude_reference,200,0.005,1.0,33,0.165,0.17,166,0.1093703460632207,0.011961872597988657,0.9999999999928988,7.101208510107426e-12,0.06446201029251022,-0.08835449825481376,0.10937032565011216,-0.06446201029251022
Be-Be_2.04_hgbs-5_as-008-012,hgbs-5,fermionic_magnitude_reference,200,0.005,1.0,34,0.17,0.17500000000000002,165,0.1093703458692994,0.011961872555570179,0.9999999999928757,7.1243011490196295e-12,0.07372536935719107,-0.08078637295573748,0.10937032569302224,-0.07372536935719107
Be-Be_2.04_hgbs-5_as-008-012,hgbs-5,fermionic_magnitude_reference,200,0.005,1.0,35,0.17500000000000002,0.18,164,0.10937034567925702,0.011961872514000174,0.9999999999928822,7.117750833174341e-12,0.08210683494771838,-0.07225189137330126,0.10937032573852559,-0.08210683494771838
Be-Be_2.04_hgbs-5_as-008-012,hgbs-5,fermionic_magnitude_reference,200,0.005,1.0,36,0.18,0.185,163,0.10937034549313122,0.011961872473286889,0.9999999999928817,7.118305944686654e-12,0.08950614904643406,-0.06285314189089121,0.10937032578665463,-0.08950614904643406
Be-Be_2.04_hgbs-5_as-008-012,hgbs-5,fermionic_magnitude_reference,200,0.005,1.0,37,0.185,0.19,162,0.10937034531090079,0.011961872433425677,0.9999999999928817,7.118305944686654e-12,0.09583480200701985,-0.05270255115316342,0.10937032583738839,-0.09583480200701985
Be-Be_2.04_hgbs-5_as-008-012,hgbs-5,fermionic_magnitude_reference,200,0.005,1.0,38,0.19,0.195,161,0.10937034513257061,0.011961872394417612,0.9999999999928771,7.122857859087617e-12,0.10101709129541805,-0.04192153923291917,0.10937032589072782,-0.10101709129541805
Be-Be_2.04_hgbs-5_as-008-012,hgbs-5,fermionic_magnitude_reference,200,0.005,1.0,39,0.195,0.2,160,0.10937034495812809,0.011961872356259935,0.9999999999928765,7.123523992902392e-12,0.10499102703369492,-0.03063906721960843,0.10937032594665586,-0.10499102703369492
Be-Be_2.04_hgbs-5_as-008-012,hgbs-5,fermionic_magnitude_reference,200,0.005,1.0,40,0.2,0.20500000000000002,159,0.10937034478756724,0.011961872318951336,0.9999999999928899,7.1100902943044275e-12,0.10770907351488591,-0.01899009460326477,0.10937032600516487,-0.10770907351488591
Be-Be_2.04_hgbs-5_as-008-012,hgbs-5,fermionic_magnitude_reference,200,0.005,1.0,41,0.20500000000000002,0.21,158,0.10937034462085132,0.011961872282483781,0.9999999999928649,7.1350703123584935e-12,0.10913871781884328,-0.007113964906380015,0.10937032606621554,-0.10913871781884328
Be-Be_2.04_hgbs-5_as-008-012,hgbs-5,fermionic_magnitude_reference,200,0.005,1.0,42,0.21,0.215,157,0.1093703444579746,0.011961872246856013,0.9999999999928842,7.115752431730016e-12,0.10926285872755699,0.004847261125649797,0.10937032612979772,-0.10926285872755699
Be-Be_2.04_hgbs-5_as-008-012,hgbs-5,fermionic_magnitude_reference,200,0.005,1.0,43,0.215,0.22,156,0.10937034429888923,0.011961872212057571,0.999999999992881,7.118972078501429e-12,0.10808001128749505,0.016750504836692458,0.10937032619586134,-0.10808001128749505
Be-Be_2.04_hgbs-5_as-008-012,hgbs-5,fermionic_magnitude_reference,200,0.005,1.0,44,0.22,0.225,155,0.10937034414354319,0.011961872178077072,0.9999999999928812,7.118750033896504e-12,0.10560432457234431,0.028453381148638383,0.10937032626435167,-0.10560432457234431
Be-Be_2.04_hgbs-5_as-008-012,hgbs-5,fermionic_magnitude_reference,200,0.005,1.0,45,0.225,0.23,154,0.1093703439919125,0.011961872144909272,0.9999999999928714,7.128631018815668e-12,0.10186541243350408,0.03981590175330295,0.10937032633523848,-0.10186541243350408
Be-Be_2.04_hgbs-5_as-008-012,hgbs-5,fermionic_magnitude_reference,200,0.005,1.0,46,0.23,0.23500000000000001,153,0.10937034384394374,0.011961872112542484,0.9999999999928822,7.117750833174341e-12,0.09690799926280688,0.05070214963464738,0.1093703264084658,-0.09690799926280688
Be-Be_2.04_hgbs-5_as-008-012,hgbs-5,fermionic_magnitude_reference,200,0.005,1.0,47,0.23500000000000001,0.24,152,0.10937034369957128,0.011961872080962353,0.9999999999928741,7.125855461254105e-12,0.09079138500502705,0.060981904890531353,0.10937032648396394,-0.09079138500502705
Be-Be_2.04_hgbs-5_as-008-012,hgbs-5,fermionic_magnitude_reference,200,0.005,1.0,48,0.24,0.245,151,0.1093703435587458,0.011961872050158088,0.9999999999928806,7.119416167711279e-12,0.08358873581941646,0.07053220240656283,0.10937032656168008,-0.08358873581941646
Be-Be_2.04_hgbs-5_as-008-012,hgbs-5,fermionic_magnitude_reference,200,0.005,1.0,49,0.245,0.25,150,0.10937034342139519,0.011961872020113921,0.9999999999928744,7.12563341664918e-12,0.07538620887544285,0.07923880274880858,0.10937032664153698,-0.07538620887544285
Be-Be_2.04_hgbs-5_as-008-012,hgbs-5,fermionic_magnitude_reference,200,0.005,1.0,50,0.25,0.255,149,0.10937034328745601,0.011961871990815975,0.9999999999928659,7.134071111636331e-12,0.06628192175168016,0.08699755868127841,0.10937032672346889,-0.06628192175168016
Be-Be_2.04_hgbs-5_as-008-012,hgbs-5,fermionic_magnitude_reference,200,0.005,1.0,51,0.255,0.26,148,0.10937034315685439,0.011961871962248084,0.9999999999928852,7.114753231007853e-12,0.05638477876585376,0.09371566096166896,0.1093703268073967,-0.05638477876585376
Be-Be_2.04_hgbs-5_as-008-012,hgbs-5,fermionic_magnitude_reference,200,0.005,1.0,52,0.26,0.265,147,0.10937034302950767,0.011961871934392175,0.9999999999928696,7.130407375655068e-12,0.045813168275418606,0.09931274851347549,0.10937032689323302,-0.045813168275418606
Be-Be_2.04_hgbs-5_as-008-012,hgbs-5,fermionic_magnitude_reference,200,0.005,1.0,53,0.265,0.27,146,0.10937034290533294,0.011961871907230111,0.9999999999928711,7.128853063420593e-12,0.03469354653102368,0.10372186969490532,0.10937032698089195,-0.03469354653102368
Be-Be_2.04_hgbs-5_as-008-012,hgbs-5,fermionic_magnitude_reference,200,0.005,1.0,54,0.27,0.275,145,0.10937034278425506,0.011961871880745451,0.9999999999928758,7.124190126717167e-12,0.023158925023200612,0.10689028316565025,0.10937032707029416,-0.023158925023200612
Be-Be_2.04_hgbs-5_as-008-012,hgbs-5,fermionic_magnitude_reference,200,0.005,1.0,55,0.275,0.28,144,0.10937034266618043,0.011961871854917726,0.9999999999928622,7.1378458699200564e-12,0.011347279415920626,0.10878008877196199,0.10937032716134165,-0.011347279415920626
Be-Be_2.04_hgbs-5_as-008-012,hgbs-5,fermionic_magnitude_reference,200,0.005,1.0,56,0.28,0.28500000000000003,143,0.10937034255101619,0.011961871829726621,0.9999999999928622,7.1378458699200564e-12,-0.0006001009006319402,0.1093686809033689,0.10937032725393972,0.0006001009006319402
Be-Be_2.04_hgbs-5_as-008-012,hgbs-5,fermionic_magnitude_reference,200,0.005,1.0,57,0.28500000000000003,0.29,142,0.10937034243867505,0.011961871805153046,0.9999999999928727,7.1272987511861174e-12,-0.01254030289551919,0.10864901889799103,0.10937032734799407,0.01254030289551919
Be-Be_2.04_hgbs-5_as-008-012,hgbs-5,fermionic_magnitude_reference,200,0.005,1.0,58,0.29,0.295,141,0.1093703423290528,0.011961871781174199,0.9999999999928645,7.135514401568344e-12,-0.02433049940436354,0.10662971126196444,0.1093703274433959,0.02433049940436354
Be-Be_2.04_hgbs-5_as-008-012,hgbs-5,fermionic_magnitude_reference,200,0.005,1.0,59,0.295,0.3,140,0.10937034222206433,0.01196187175777147,0.999999999992861,7.1389560929446816e-12,-0.03582965760960599,0.10333491269555588,0.10937032754005883,0.03582965760960599
Be-Be_2.04_hgbs-5_as-008-012,hgbs-5,fermionic_magnitude_reference,200,0.005,1.0,60,0.3,0.305,139,0.10937034211760377,0.011961871734921692,0.9999999999928629,7.137068713802819e-12,-0.0469002260568417,0.09880403515764097,0.1093703276378708,0.0469002260568417
Be-Be_2.04_hgbs-5_as-008-012,hgbs-5,fermionic_magnitude_reference,200,0.005,1.0,61,0.305,0.31,138,0.10937034201557722,0.011961871712604336,0.9999999999928667,7.133293955519093e-12,-0.0574097800276535,0.09309127642489912,0.1093703277367337,0.0574097800276535
Be-Be_2.04_hgbs-5_as-008-012,hgbs-5,fermionic_magnitude_reference,200,0.005,1.0,62,0.31,0.315,137,0.10937034191586552,0.011961871690793331,0.9999999999928515,7.148504010956458e-12,-0.06723260558701052,0.08626497178490894,0.1093703278365282,0.06723260558701052
Be-Be_2.04_hgbs-5_as-008-012,hgbs-5,fermionic_magnitude_reference,200,0.005,1.0,63,0.315,0.32,136,0.10937034181838673,0.011961871669470754,0.9999999999928594,7.140621427481619e-12,-0.07625120335727041,0.07840677661816707,0.10937032793716474,0.07625120335727041
Be-Be_2.04_hgbs-5_as-008-012,hgbs-5,fermionic_magnitude_reference,200,0.005,1.0,64,0.32,0.325,135,0.10937034172302044,0.011961871648610267,0.9999999999928579,7.142064717413632e-12,-0.08435769403044692,0.06961068964691962,0.1093703280385236,0.08435769403044692
Be-Be_2.04_hgbs-5_as-008-012,hgbs-5,fermionic_magnitude_reference,200,0.005,1.0,65,0.325,0.33,134,0.10937034162967162,0.01196187162819108,0.9999999999928499,7.150058323190933e-12,-0.09145510880670886,0.05998192853447194,0.10937032814050371,0.09145510880670886
Be-Be_2.04_hgbs-5_as-008-012,hgbs-5,fermionic_magnitude_reference,200,0.005,1.0,66,0.33,0.335,133,0.10937034153824209,0.011961871608191722,0.9999999999928515,7.148504010956458e-12,-0.0974585493226268,0.04963567128498672,0.10937032824300262,0.0974585493226268
Be-Be_2.04_hgbs-5_as-008-012,hgbs-5,fermionic_magnitude_reference,200,0.005,1.0,67,0.335,0.34,132,0.10937034144862334,0.011961871588588458,0.9999999999928597,7.140288360574232e-12,-0.1022962031944151,0.03869567849901268,0.10937032834590932,0.1022962031944151
Be-Be_2.04_hgbs-5_as-008-012,hgbs-5,fermionic_magnitude_reference,200,0.005,1.0,68,0.34,0.34500000000000003,131,0.10937034136070575,0.011961871569357305,0.9999999999928494,7.150613434703246e-12,-0.10591020302841464,0.027292812965087735,0.1093703284491149,0.10591020302841464
Be-Be_2.04_hgbs-5_as-008-012,hgbs-5,fermionic_magnitude_reference,200,0.005,1.0,69,0.34500000000000003,0.35000000000000003,130,0.10937034127441439,0.011961871550481873,0.9999999999928559,7.144063118857957e-12,-0.10825731862342543,0.015563474295797828,0.10937032855253664,0.10825731862342543
Be-Be_2.04_hgbs-5_as-008-012,hgbs-5,fermionic_magnitude_reference,200,0.005,1.0,70,0.35000000000000003,0.355,129,0.10937034118960907,0.0119618715319315,0.9999999999928474,7.152611836147571e-12,-0.1093094740846567,0.0036479673332481446,0.10937032865603304,0.1093094740846567
Be-Be_2.04_hgbs-5_as-008-012,hgbs-5,fermionic_magnitude_reference,200,0.005,1.0,71,0.355,0.36,128,0.10937034110622611,0.011961871513692253,0.9999999999928436,7.1563865944312965e-12,-0.10905408366409304,-0.008311176159512627,0.10937032875953814,0.10905408366409304
Be-Be_2.04_hgbs-5_as-008-012,hgbs-5,fermionic_magnitude_reference,200,0.005,1.0,72,0.36,0.365,127,0.10937034102415184,0.011961871495739271,0.9999999999928458,7.154166148382046e-12,-0.10749420230942043,-0.02017090244506806,0.10937032886293732,0.10749420230942043
Be-Be_2.04_hgbs-5_as-008-012,hgbs-5,fermionic_magnitude_reference,200,0.005,1.0,73,0.365,0.37,126,0.1093703409433095,0.011961871478055762,0.9999999999928467,7.153277969962346e-12,-0.10464848912119114,-0.03178934700204118,0.10937032896615172,0.10464848912119114
Be-Be_2.04_hgbs-5_as-008-012,hgbs-5,fermionic_magnitude_reference,200,0.005,1.0,74,0.37,0.375,125,0.10937034086357526,0.01196187146061464,0.9999999999928473,7.1527228584500335e-12,-0.10055098415494272,-0.04302753149026196,0.10937032906905339,0.10055098415494272
Be-Be_2.04_hgbs-5_as-008-012,hgbs-5,fermionic_magnitude_reference,200,0.005,1.0,75,0.375,0.38,124,0.10937034078488225,0.011961871443401278,0.9999999999928421,7.157940906665772e-12,-0.09525070123851195,-0.053751026191789834,0.10937032917157531,0.09525070123851195
Be-Be_2.04_hgbs-5_as-008-012,hgbs-5,fermionic_magnitude_reference,200,0.005,1.0,76,0.38,0.385,123,0.10937034070713862,0.011961871426395584,0.9999999999928425,7.157496817455922e-12,-0.08881104167479963,-0.06383155804191083,0.10937032927362351,0.08881104167479963
Be-Be_2.04_hgbs-5_as-008-012,hgbs-5,fermionic_magnitude_reference,200,0.005,1.0,77,0.385,0.39,122,0.10937034063025707,0.01196187140957846,0.9999999999928373,7.16271486567166e-12,-0.08130903584356619,-0.07314854501498542,0.10937032937510831,0.08130903584356619
Be-Be_2.04_hgbs-5_as-008-012,hgbs-5,fermionic_magnitude_reference,200,0.005,1.0,78,0.39,0.395,121,0.10937034055415416,0.01196187139293166,0.9999999999928386,7.16138259804211e-12,-0.07283442177388165,-0.08159053851116105,0.1093703294759458,0.07283442177388165
Be-Be_2.04_hgbs-5_as-008-012,hgbs-5,fermionic_magnitude_reference,200,0.005,1.0,79,0.395,0.4,120,0.10937034047875936,0.01196187137643975,0.9999999999928406,7.1593841965977845e-12,-0.06348857170937319,-0.08905655649013669,0.10937032957606524,0.06348857170937319
Be-Be_2.04_hgbs-5_as-008-012,hgbs-5,fermionic_magnitude_reference,200,0.005,1.0,80,0.4,0.405,119,0.10937034040399167,0.011961871360085013,0.9999999999928408,7.1591621519928594e-12,-0.05338327950642745,-0.09545729140532447,0.10937032967538494,0.05338327950642745
Be-Be_2.04_hgbs-5_as-008-012,hgbs-5,fermionic_magnitude_reference,200,0.005,1.0,81,0.405,0.41000000000000003,118,0.10937034032978303,0.011961871343852565,0.9999999999928237,7.176259586572087e-12,-0.04263942337047824,-0.100716178489211,0.10937032977383533,0.04263942337047824
Be-Be_2.04_hgbs-5_as-008-012,hgbs-5,fermionic_magnitude_reference,200,0.005,1.0,82,0.41000000000000003,0.41500000000000004,117,0.10937034025605818,0.011961871327725943,0.9999999999928325,7.167488824677548e-12,-0.03138551992636662,-0.10477031161124627,0.10937032987134125,0.03138551992636662
Be-Be_2.04_hgbs-5_as-008-012,hgbs-5,fermionic_magnitude_reference,200,0.005,1.0,83,0.41500000000000004,0.42,116,0.1093703401827607,0.011961871311692802,0.9999999999928348,7.165157356325835e-12,-0.01975618691912424,-0.10757119575282104,0.1093703299678442,0.01975618691912424
Be-Be_2.04_hgbs-5_as-008-012,hgbs-5,fermionic_magnitude_reference,200,0.005,1.0,84,0.42,0.425,115,0.10937034010982886,0.01196187129573964,0.9999999999928385,7.161493620344572e-12,-0.007890532933699564,-0.10908532709844312,0.10937033006328603,0.007890532933699564
Be-Be_2.04_hgbs-5_as-008-012,hgbs-5,fermionic_magnitude_reference,200,0.005,1.0,85,0.425,0.43,114,0.10937034003721223,0.011961871279855428,0.9999999999928306,7.169376203819411e-12,0.00406950660397988,-0.1092945938040195,0.10937033015761383,-0.00406950660397988
Be-Be_2.04_hgbs-5_as-008-012,hgbs-5,fermionic_magnitude_reference,200,0.005,1.0,86,0.43,0.435,113,0.109370339964851,0.011961871264027086,0.99999999999282,7.180034344855812e-12,0.015980867240366587,-0.1081964926483664,0.10937033025076877,-0.015980867240366587
Be-Be_2.04_hgbs-5_as-008-012,hgbs-5,fermionic_magnitude_reference,200,0.005,1.0,87,0.435,0.44,112,0.10937033989270949,0.011961871248246799,0.9999999999928318,7.168154958492323e-12,0.027701066812867447,-0.10580415897640139,0.10937033034271482,-0.027701066812867447
Be-Be_2.04_hgbs-5_as-008-012,hgbs-5,fermionic_magnitude_reference,200,0.005,1.0,88,0.44,0.445,111,0.10937033982073638,0.011961871232503352,0.9999999999928336,7.166378601652923e-12,0.03908990980306631,-0.10214620957578414,0.10937033043340354,-0.03908990980306631
Be-Be_2.04_hgbs-5_as-008-012,hgbs-5,fermionic_magnitude_reference,200,0.005,1.0,89,0.445,0.45,110,0.10937033974887467,0.011961871216784275,0.9999999999928246,7.175371408152387e-12,0.05001116433754165,-0.09726640036654394,0.10937033052277667,-0.05001116433754165
Be-Be_2.04_hgbs-5_as-008-012,hgbs-5,fermionic_magnitude_reference,200,0.005,1.0,90,0.45,0.455,109,0.10937033967714191,0.011961871201093403,0.9999999999928325,7.167488824677548e-12,0.060334191776027606,-0.09122310299842298,0.10937033061085336,-0.060334191776027606
Be-Be_2.04_hgbs-5_as-008-012,hgbs-5,fermionic_magnitude_reference,200,0.005,1.0,91,0.455,0.46,108,0.1093703396054636,0.011961871185414441,0.9999999999928169,7.183142969324763e-12,0.06993550939384834,-0.08408860661657341,0.10937033069756114,-0.06993550939384834
Be-Be_2.04_hgbs-5_as-008-012,hgbs-5,fermionic_magnitude_reference,200,0.005,1.0,92,0.46,0.465,107,0.10937033953383447,0.011961871169746237,0.9999999999928234,7.176592653479474e-12,0.0787002674665489,-0.0759482531481387,0.10937033078289603,-0.0787002674665489
Be-Be_2.04_hgbs-5_as-008-012,hgbs-5,fermionic_magnitude_reference,200,0.005,1.0,93,0.465,0.47000000000000003,106,0.10937033946222292,0.011961871154081876,0.9999999999928239,7.176148564269624e-12,0.08652362308732055,-0.06689941645308041,0.10937033086682785,-0.08652362308732055
Be-Be_2.04_hgbs-5_as-008-012,hgbs-5,fermionic_magnitude_reference,200,0.005,1.0,94,0.47000000000000003,0.47500000000000003,105,0.1093703393906203,0.01196187113841947,0.99999999999282,7.180034344855812e-12,0.09331199428443342,-0.05705033755055138,0.10937033094934837,-0.09331199428443342
Be-Be_2.04_hgbs-5_as-008-012,hgbs-5,fermionic_magnitude_reference,200,0.005,1.0,95,0.47500000000000003,0.48,104,0.10937033931901477,0.011961871122756429,0.9999999999928131,7.186917727608488e-12,0.09898417943666485,-0.0465188298537271,0.10937033103044846,-0.09898417943666485
Be-Be_2.04_hgbs-5_as-008-012,hgbs-5,fermionic_magnitude_reference,200,0.005,1.0,96,0.48,0.485,103,0.1093703392473935,0.011961871107089943,0.9999999999928129,7.187139772213413e-12,0.1034723285965985,-0.03543086990090124,0.10937033111011892,-0.1034723285965985
Be-Be_2.04_hgbs-5_as-008-012,hgbs-5,fermionic_magnitude_reference,200,0.005,1.0,97,0.485,0.49,102,0.1093703391757591,0.011961871091420585,0.9999999999928175,7.182476835509988e-12,0.10672275510292072,-0.023919090440359433,0.10937033118836242,-0.10672275510292072
Be-Be_2.04_hgbs-5_as-008-012,hgbs-5,fermionic_magnitude_reference,200,0.005,1.0,98,0.49,0.495,101,0.10937033910411316,0.011961871075748705,0.9999999999928109,7.189138173657739e-12,0.10869657777330212,-0.012121193894500684,0.10937033126518177,-0.10869657777330212
Be-Be_2.04_hgbs-5_as-008-012,hgbs-5,fermionic_magnitude_reference,200,0.005,1.0,99,0.495,0.5,100,0.10937033903244638,0.011961871060072262,0.9999999999928053,7.1946892887808644e-12,0.10937018599604355,-0.00017830518115793896,0.10937033134057329,-0.10937018599604355
Be-Be_2.04_hgbs-5_as-008-012,hgbs-5,fermionic_magnitude_reference,200,0.005,1.0,100,0.5,0.505,99,0.10937033896080332,0.011961871044401015,0.9999999999928183,7.18169967939275e-12,0.10873552215716713,0.011766716404483825,0.10937033141458122,-0.10873552215716713
Be-Be_2.04_hgbs-5_as-008-012,hgbs-5,fermionic_magnitude_reference,200,0.005,1.0,101,0.505,0.51,98,0.1093703388891587,0.01196187102872942,0.9999999999927999,7.200129381601528e-12,0.10680017802440436,0.023570986054300143,0.10937033148718384,-0.10680017802440436
Be-Be_2.04_hgbs-5_as-008-012,hgbs-5,fermionic_magnitude_reference,200,0.005,1.0,102,0.51,0.515,97,0.1093703388175373,0.011961871013062906,0.9999999999928005,7.199463247786753e-12,0.10358730393549624,0.03509330261704462,0.10937033155840914,-0.10358730393549624
Be-Be_2.04_hgbs-5_as-008-012,hgbs-5,fermionic_magnitude_reference,200,0.005,1.0,103,0.515,0.52,96,0.10937033874597694,0.011961870997409745,0.9999999999928031,7.196909734830115e-12,0.0991353318767628,0.04619583762816401,0.1093703316282967,-0.0991353318767628
Be-Be_2.04_hgbs-5_as-008-012,hgbs-5,fermionic_magnitude_reference,200,0.005,1.0,104,0.52,0.525,95,0.10937033867448392,0.011961870981771313,0.9999999999928064,7.193579065756239e-12,0.09349751576453787,0.056745783996171535,0.10937033169685535,-0.09349751576453787
Be-Be_2.04_hgbs-5_as-008-012,hgbs-5,fermionic_magnitude_reference,200,0.005,1.0,105,0.525,0.53,94,0.1093703386030938,0.011961870966155388,0.9999999999928054,7.194578266478402e-12,0.08674129442870038,0.06661694462393308,0.10937033176412447,-0.08674129442870038
Be-Be_2.04_hgbs-5_as-008-012,hgbs-5,fermionic_magnitude_reference,200,0.005,1.0,106,0.53,0.535,93,0.10937033853183245,0.011961870950567634,0.9999999999928029,7.19713177943504e-12,0.07894748491798931,0.07569124196204623,0.10937033183013196,-0.07894748491798931
Be-Be_2.04_hgbs-5_as-008-012,hgbs-5,fermionic_magnitude_reference,200,0.005,1.0,107,0.535,0.54,92,0.10937033846072837,0.01196187093501428,0.999999999992797,7.203015961465553e-12,0.07020931577686777,0.08386013043721495,0.10937033189490941,-0.07020931577686777
Be-Be_2.04_hgbs-5_as-008-012,hgbs-5,fermionic_magnitude_reference,200,0.005,1.0,108,0.54,0.545,91,0.109370338389808,0.01196187091950111,0.9999999999928046,7.1953554225956395e-12,0.06063131185762862,0.09102589486037391,0.10937033195848343,-0.06063131185762862
Be-Be_2.04_hgbs-5_as-008-012,hgbs-5,fermionic_magnitude_reference,200,0.005,1.0,109,0.545,0.55,90,0.10937033831913834,0.01196187090404278,0.9999999999927904,7.2095662773108415e-12,0.050328044007647565,0.0971028192831298,0.1093703320209273,-0.050328044007647565
Be-Be_2.04_hgbs-5_as-008-012,hgbs-5,fermionic_magnitude_reference,200,0.005,1.0,110,0.55,0.555,89,0.10937033824875284,0.011961870888646607,0.9999999999927907,7.2093442327059165e-12,0.03942275858749626,0.10201821232083619,0.1093703320822755,-0.03942275858749626
Be-Be_2.04_hgbs-5_as-008-012,hgbs-5,fermionic_magnitude_reference,200,0.005,1.0,111,0.555,0.56,88,0.10937033817866702,0.011961870873315988,0.9999999999927965,7.203460050675403e-12,0.028045903213971074,0.10571327667745166,0.10937033214254621,-0.028045903213971074
Be-Be_2.04_hgbs-5_as-008-012,hgbs-5,fermionic_magnitude_reference,200,0.005,1.0,112,0.56,0.5650000000000001,87,0.1093703381089372,0.011961870858063243,0.9999999999927972,7.202793916860628e-12,0.016333566362508167,0.10814381247123381,0.10937033220179887,-0.016333566362508167
Be-Be_2.04_hgbs-5_as-008-012,hgbs-5,fermionic_magnitude_reference,200,0.005,1.0,113,0.5650000000000001,0.5700000000000001,86,0.1093703380396137,0.011961870842899371,0.9999999999927914,7.208567076588679e-12,0.004425849494346215,0.109280745947925,0.10937033226008563,-0.004425849494346215
Be-Be_2.04_hgbs-5_as-008-012,hgbs-5,fermionic_magnitude_reference,200,0.005,1.0,114,0.5700000000000001,0.5750000000000001,85,0.10937033797073711,0.011961870827833261,0.9999999999927938,7.206235608236966e-12,-0.00753480881907451,0.10911047725717896,0.10937033231744964,0.00753480881907451
Be-Be_2.04_hgbs-5_as-008-012,hgbs-5,fermionic_magnitude_reference,200,0.005,1.0,115,0.5750000000000001,0.58,84,0.10937033790235327,0.011961870812874932,0.9999999999927891,7.210898544940392e-12,-0.019405336727870436,0.10763504313217007,0.10937033237394019,0.019405336727870436
Be-Be_2.04_hgbs-5_as-008-012,hgbs-5,fermionic_magnitude_reference,200,0.005,1.0,116,0.58,0.585,83,0.10937033783451804,0.011961870798036607,0.9999999999927874,7.2125638794773295e-12,-0.031043740510754335,0.10487209252639719,0.10937033242961394,0.031043740510754335
Be-Be_2.04_hgbs-5_as-008-012,hgbs-5,fermionic_magnitude_reference,200,0.005,1.0,117,0.585,0.59,82,0.10937033776726841,0.011961870783326379,0.9999999999927979,7.202127783045853e-12,-0.042310803085553614,0.10085467549909649,0.10937033248451129,0.042310803085553614
Be-Be_2.04_hgbs-5_as-008-012,hgbs-5,fermionic_magnitude_reference,200,0.005,1.0,118,0.59,0.595,81,0.10937033770067309,0.011961870768759273,0.9999999999927901,7.209899344218229e-12,-0.05307174930592234,0.09563084787471007,0.10937033253870361,0.05307174930592234
Be-Be_2.04_hgbs-5_as-008-012,hgbs-5,fermionic_magnitude_reference,200,0.005,1.0,119,0.595,0.6,80,0.10937033763472993,0.011961870754334823,0.9999999999927924,7.207567875866516e-12,-0.06319785812425155,0.08926309640513823,0.10937033259218895,0.06319785812425155
Be-Be_2.04_hgbs-5_as-008-012,hgbs-5,fermionic_magnitude_reference,200,0.005,1.0,120,0.6,0.605,79,0.10937033756954173,0.011961870740075512,0.9999999999927949,7.205125385212341e-12,-0.07256800233617099,0.08182759131143508,0.10937033264507227,0.07256800233617099
Be-Be_2.04_hgbs-5_as-008-012,hgbs-5,fermionic_magnitude_reference,200,0.005,1.0,121,0.605,0.61,78,0.10937033750513793,0.01196187072598778,0.9999999999927888,7.211231611847779e-12,-0.08107009748843594,0.07341327514524952,0.1093703326973847,0.08107009748843594
Be-Be_2.04_hgbs-5_as-008-012,hgbs-5,fermionic_magnitude_reference,200,0.005,1.0,122,0.61,0.615,77,0.10937033744155233,0.011961870712079024,0.999999999992787,7.2130079686871795e-12,-0.08860244261867543,0.06412079886953201,0.10937033274916307,0.08860244261867543
Be-Be_2.04_hgbs-5_as-008-012,hgbs-5,fermionic_magnitude_reference,200,0.005,1.0,123,0.615,0.62,76,0.10937033737884073,0.011961870698361448,0.9999999999927854,7.214562280921655e-12,-0.09507493678909498,0.05406131788472785,0.10937033280046286,0.09507493678909498
Be-Be_2.04_hgbs-5_as-008-012,hgbs-5,fermionic_magnitude_reference,200,0.005,1.0,124,0.62,0.625,75,0.10937033731705256,0.011961870684845862,0.9999999999927889,7.211120589545317e-12,-0.10041015686220209,0.04335516240218079,0.10937033285133359,0.10041015686220209
Be-Be_2.04_hgbs-5_as-008-012,hgbs-5,fermionic_magnitude_reference,200,0.005,1.0,125,0.625,0.63,74,0.10937033725620841,0.01196187067153677,0.999999999992778,7.222000775186643e-12,-0.10454428362628307,0.03213039806970348,0.10937033290179894,0.10454428362628307
Be-Be_2.04_hgbs-5_as-008-012,hgbs-5,fermionic_magnitude_reference,200,0.005,1.0,126,0.63,0.635,73,0.10937033719636284,0.011961870658446108,0.9999999999927899,7.210121388823154e-12,-0.10742786519258572,0.02052129406679433,0.1093703329519126,0.10742786519258572
Be-Be_2.04_hgbs-5_as-008-012,hgbs-5,fermionic_magnitude_reference,200,0.005,1.0,127,0.635,0.64,72,0.10937033713756072,0.011961870645583694,0.9999999999927902,7.2097883219157666e-12,-0.10902640853229283,0.00866671699417496,0.10937033300172189,0.10902640853229283
Be-Be_2.04_hgbs-5_as-008-012,hgbs-5,fermionic_magnitude_reference,200,0.005,1.0,128,0.64,0.645,71,0.1093703370798209,0.011961870632953646,0.9999999999927864,7.213563080199492e-12,-0.10932079207763269,-0.0032915302306408085,0.10937033305124484,0.10932079207763269
Be-Be_2.04_hgbs-5_as-008-012,hgbs-5,fermionic_magnitude_reference,200,0.005,1.0,129,0.645,0.65,70,0.10937033702319071,0.011961870620566322,0.9999999999927796,7.220446462952168e-12,-0.1083074944515911,-0.015210404601434437,0.10937033310052949,0.1083074944515911
Be-Be_2.04_hgbs-5_as-008-012,hgbs-5,fermionic_magnitude_reference,200,0.005,1.0,130,0.65,0.655,69,0.10937033696768847,0.011961870608425722,0.9999999999927859,7.214118191711805e-12,-0.10599863659005909,-0.026947334085245706,0.10937033314959436,0.10599863659005909
Be-Be_2.04_hgbs-5_as-008-012,hgbs-5,fermionic_magnitude_reference,200,0.005,1.0,131,0.655,0.66,68,0.10937033691334695,0.011961870596539024,0.9999999999927792,7.220779529859556e-12,-0.10242183675277762,-0.03836192305049549,0.1093703331984719,0.10242183675277762
Be-Be_2.04_hgbs-5_as-008-012,hgbs-5,fermionic_magnitude_reference,200,0.005,1.0,132,0.66,0.665,67,0.1093703368601901,0.011961870584911457,0.999999999992789,7.211009567242854e-12,-0.09761988015720051,-0.049317631661444046,0.10937033324718388,0.09761988015720051
Be-Be_2.04_hgbs-5_as-008-012,hgbs-5,fermionic_magnitude_reference,200,0.005,1.0,133,0.665,0.67,66,0.10937033680823509,0.011961870573546782,0.9999999999927862,7.213785124804417e-12,-0.09165020718726513,-0.05968340914989953,0.10937033329574769,0.09165020718726513
Be-Be_2.04_hgbs-5_as-008-012,hgbs-5,fermionic_magnitude_reference,200,0.005,1.0,134,0.67,0.675,65,0.10937033675750246,0.011961870562449494,0.9999999999927813,7.218670106112768e-12,-0.08458422629889424,-0.06933526142761143,0.1093703333441833,0.08458422629889424
Be-Be_2.04_hgbs-5_as-008-012,hgbs-5,fermionic_magnitude_reference,200,0.005,1.0,135,0.675,0.68,64,0.10937033670800478,0.011961870551622338,0.9999999999927839,7.21611659315613e-12,-0.07650645984126245,-0.0781577342874299,0.10937033339250274,0.07650645984126245
Be-Be_2.04_hgbs-5_as-008-012,hgbs-5,fermionic_magnitude_reference,200,0.005,1.0,136,0.68,0.685,63,0.10937033665973699,0.011961870541064207,0.9999999999927714,7.228551091031932e-12,-0.0675135330113991,-0.08604529445151475,0.10937033344069658,0.0675135330113991
Be-Be_2.04_hgbs-5_as-008-012,hgbs-5,fermionic_magnitude_reference,200,0.005,1.0,137,0.685,0.6900000000000001,62,0.10937033661271292,0.011961870530778133,0.9999999999927901,7.209899344218229e-12,-0.057713018036026034,-0.09290359194681547,0.1093703334887805,0.057713018036026034
Be-Be_2.04_hgbs-5_as-008-012,hgbs-5,fermionic_magnitude_reference,200,0.005,1.0,138,0.6900000000000001,0.6950000000000001,61,0.10937033656696363,0.0119618705207709,0.9999999999927862,7.213785124804417e-12,-0.04722214740661897,-0.09865058870708529,0.10937033353678206,0.04722214740661897
Be-Be_2.04_hgbs-5_as-008-012,hgbs-5,fermionic_magnitude_reference,200,0.005,1.0,139,0.6950000000000001,0.7000000000000001,60,0.1093703365224203,0.011961870511027465,0.9999999999928001,7.199907336996603e-12,-0.036166411559306035,-0.10321753990158751,0.10937033358462848,0.036166411559306035
Be-Be_2.04_hgbs-5_as-008-012,hgbs-5,fermionic_magnitude_reference,200,0.005,1.0,140,0.7000000000000001,0.705,59,0.10937033647912571,0.011961870501557177,0.9999999999927767,7.2233330428161935e-12,-0.024678057774794294,-0.1065498162519207,0.10937033363236189,0.024678057774794294
Be-Be_2.04_hgbs-5_as-008-012,hgbs-5,fermionic_magnitude_reference,200,0.005,1.0,141,0.705,0.71,58,0.10937033643704881,0.011961870492353248,0.9999999999927752,7.224776332748206e-12,-0.012894508253238741,-0.10860755750025118,0.10937033367994818,0.012894508253238741
Be-Be_2.04_hgbs-5_as-008-012,hgbs-5,fermionic_magnitude_reference,200,0.005,1.0,142,0.71,0.715,57,0.10937033639617046,0.011961870483411489,0.9999999999927888,7.211231611847779e-12,-0.0009567162879004828,-0.1093661492125402,0.10937033372736477,0.0009567162879004828
Be-Be_2.04_hgbs-5_as-008-012,hgbs-5,fermionic_magnitude_reference,200,0.005,1.0,143,0.715,0.72,56,0.10937033635647209,0.01196187047472784,0.9999999999927727,7.227329845704844e-12,0.010992519799905995,-0.10881651721321513,0.10937033377459021,-0.010992519799905995
Be-Be_2.04_hgbs-5_as-008-012,hgbs-5,fermionic_magnitude_reference,200,0.005,1.0,144,0.72,0.725,55,0.10937033631791049,0.011961870466292851,0.9999999999927742,7.225775533470369e-12,0.022810264795960496,-0.10696523612922715,0.10937033382157683,-0.022810264795960496
Be-Be_2.04_hgbs-5_as-008-012,hgbs-5,fermionic_magnitude_reference,200,0.005,1.0,145,0.725,0.73,54,0.10937033628048264,0.011961870458105855,0.9999999999927796,7.220446462952168e-12,0.03435515636548927,-0.10383445074526376,0.10937033386832018,-0.03435515636548927
Be-Be_2.04_hgbs-5_as-008-012,hgbs-5,fermionic_magnitude_reference,200,0.005,1.0,146,0.73,0.735,53,0.10937033624411607,0.011961870450151011,0.999999999992786,7.214007169409342e-12,0.0454890960111406,-0.09946161111057597,0.10937033391474224,-0.0454890960111406
Be-Be_2.04_hgbs-5_as-008-012,hgbs-5,fermionic_magnitude_reference,200,0.005,1.0,147,0.735,0.74,52,0.10937033620878725,0.011961870442423158,0.9999999999927849,7.215117392433967e-12,0.056078900989309746,-0.09389902456645488,0.10937033396081637,-0.056078900989309746
Be-Be_2.04_hgbs-5_as-008-012,hgbs-5,fermionic_magnitude_reference,200,0.005,1.0,148,0.74,0.745,51,0.10937033617445041,0.011961870434912295,0.9999999999927881,7.211897745662554e-12,0.06599789742485267,-0.08721323005249751,0.10937033400649021,-0.06599789742485267
Be-Be_2.04_hgbs-5_as-008-012,hgbs-5,fermionic_magnitude_reference,200,0.005,1.0,149,0.745,0.75,50,0.1093703361410405,0.01196187042760419,0.999999999992792,7.208011965076366e-12,0.07512743556752988,-0.07948420217644903,0.10937033405169784,-0.07512743556752988
Be-Be_2.04_hgbs-5_as-008-012,hgbs-5,fermionic_magnitude_reference,200,0.005,1.0,150,0.75,0.755,49,0.10937033610850948,0.011961870420488333,0.999999999992784,7.2160055708536675e-12,0.08335830906493896,-0.07080439456833555,0.10937033409638296,-0.08335830906493896
Be-Be_2.04_hgbs-5_as-008-012,hgbs-5,fermionic_magnitude_reference,200,0.005,1.0,151,0.755,0.76,48,0.1093703360767871,0.011961870413549357,0.9999999999927767,7.2233330428161935e-12,0.09059206127475614,-0.0612776339620691,0.10937033414047201,-0.09059206127475614
Be-Be_2.04_hgbs-5_as-008-012,hgbs-5,fermionic_magnitude_reference,200,0.005,1.0,152,0.76,0.765,47,0.10937033604580736,0.011961870406772827,0.9999999999927753,7.224665310445744e-12,0.09674216299030941,-0.05101787823354316,0.10937033418389207,-0.09674216299030941
Be-Be_2.04_hgbs-5_as-008-012,hgbs-5,fermionic_magnitude_reference,200,0.005,1.0,153,0.765,0.77,46,0.10937033601550544,0.011961870400144566,0.9999999999927764,7.2235550874211185e-12,0.10173504749173151,-0.04014785325129951,0.10937033422657512,-0.10173504749173151
Be-Be_2.04_hgbs-5_as-008-012,hgbs-5,fermionic_magnitude_reference,200,0.005,1.0,154,0.77,0.775,45,0.1093703359857956,0.011961870393645815,0.9999999999927693,7.2306605147787195e-12,0.10551099054150517,-0.02879758484558401,0.10937033426843042,-0.10551099054150517
Be-Be_2.04_hgbs-5_as-008-012,hgbs-5,fermionic_magnitude_reference,200,0.005,1.0,155,0.775,0.78,44,0.10937033595658965,0.011961870387257286,0.999999999992784,7.2160055708536675e-12,0.10802482479807639,-0.017102843456176763,0.10937033430936191,-0.10802482479807639
Be-Be_2.04_hgbs-5_as-008-012,hgbs-5,fermionic_magnitude_reference,200,0.005,1.0,156,0.78,0.785,43,0.10937033592781051,0.011961870380962117,0.999999999992782,7.218003972297993e-12,0.10924648010172894,-0.0052035200641021235,0.10937033434928765,-0.10924648010172894
Be-Be_2.04_hgbs-5_as-008-012,hgbs-5,fermionic_magnitude_reference,200,0.005,1.0,157,0.785,0.79,42,0.10937033589937853,0.011961870374742887,0.9999999999927803,7.2196693068349305e-12,0.10916134316995334,0.006758047166286572,0.10937033438812406,-0.10916134316995334
Be-Be_2.04_hgbs-5_as-008-012,hgbs-5,fermionic_magnitude_reference,200,0.005,1.0,158,0.79,0.795,41,0.1093703358711784,0.011961870368574375,0.999999999992786,7.214007169409342e-12,0.10777043239958013,0.018638775517912962,0.10937033442574648,-0.10777043239958013
Be-Be_2.04_hgbs-5_as-008-012,hgbs-5,fermionic_magnitude_reference,200,0.005,1.0,159,0.795,0.8,40,0.10937033584311515,0.011961870362435798,0.9999999999927813,7.218670106112768e-12,0.1050903856849261,0.030296549257883384,0.10937033446205545,-0.1050903856849261
Be-Be_2.04_hgbs-5_as-008-012,hgbs-5,fermionic_magnitude_reference,200,0.005,1.0,160,0.8,0.805,39,0.10937033581509077,0.011961870356305727,0.9999999999927741,7.225886555772831e-12,0.10115326139742549,0.04159191960751906,0.10937033449694765,-0.10115326139742549
Be-Be_2.04_hgbs-5_as-008-012,hgbs-5,fermionic_magnitude_reference,200,0.005,1.0,161,0.805,0.81,38,0.10937033578700098,0.011961870350161346,0.9999999999927881,7.211897745662554e-12,0.09600615490753138,0.05238977281056889,0.10937033453031006,-0.09600615490753138
Be-Be_2.04_hgbs-5_as-008-012,hgbs-5,fermionic_magnitude_reference,200,0.005,1.0,162,0.81,0.8150000000000001,37,0.10937033575873259,0.011961870343977901,0.9999999999927862,7.213785124804417e-12,0.08971063523604077,0.06256094634638397,0.10937033456202415,-0.08971063523604077
Be-Be_2.04_hgbs-5_as-008-012,hgbs-5,fermionic_magnitude_reference,200,0.005,1.0,163,0.8150000000000001,0.8200000000000001,36,0.10937033573015995,0.0119618703377279,0.9999999999927874,7.2125638794773295e-12,0.08234200857339266,0.07198377395535904,0.10937033459195825,-0.08234200857339266
Be-Be_2.04_hgbs-5_as-008-012,hgbs-5,fermionic_magnitude_reference,200,0.005,1.0,164,0.8200000000000001,0.8250000000000001,35,0.10937033570118679,0.011961870331390293,0.9999999999927878,7.212230812569942e-12,0.07398841747683993,0.08054554099492821,0.10937033462000934,-0.07398841747683993
Be-Be_2.04_hgbs-5_as-008-012,hgbs-5,fermionic_magnitude_reference,200,0.005,1.0,165,0.8250000000000001,0.8300000000000001,34,0.1093703356716688,0.01196187032493351,0.9999999999927873,7.212674901779792e-12,0.06474978652052808,0.08814383271749418,0.10937033464602527,-0.06474978652052808
Be-Be_2.04_hgbs-5_as-008-012,hgbs-5,fermionic_magnitude_reference,200,0.005,1.0,166,0.8300000000000001,0.835,33,0.10937033564152691,0.011961870318340253,0.9999999999927853,7.214673303224117e-12,0.054736627010762096,0.09468775934245997,0.10937033466992276,-0.054736627010762096
Be-Be_2.04_hgbs-5_as-008-012,hgbs-5,fermionic_magnitude_reference,200,0.005,1.0,167,0.835,0.84,32,0.10937033561058929,0.011961870311572934,0.9999999999927818,7.218226016902918e-12,0.044068715063969005,0.10009904326788686,0.10937033469152216,-0.044068715063969005
Be-Be_2.04_hgbs-5_as-008-012,hgbs-5,fermionic_magnitude_reference,200,0.005,1.0,168,0.84,0.845,31,0.10937033557875171,0.011961870304608761,0.9999999999927827,7.217337838483218e-12,0.032873658860397774,0.10431295541716525,0.10937033471071263,-0.032873658860397774
Be-Be_2.04_hgbs-5_as-008-012,hgbs-5,fermionic_magnitude_reference,200,0.005,1.0,169,0.845,0.85,30,0.10937033554589234,0.011961870297421084,0.9999999999927817,7.21833703920538e-12,0.021285372211549584,0.10727908951977358,0.10937033472736471,-0.021285372211549584
Be-Be_2.04_hgbs-5_as-008-012,hgbs-5,fermionic_magnitude_reference,200,0.005,1.0,170,0.85,0.855,29,0.10937033551186878,0.011961870289978747,0.9999999999927889,7.211120589545317e-12,0.009442472700478008,0.10896196506456478,0.10937033474133061,-0.009442472700478008
Be-Be_2.04_hgbs-5_as-008-012,hgbs-5,fermionic_magnitude_reference,200,0.005,1.0,171,0.855,0.86,28,0.10937033547655418,0.011961870282254006,0.9999999999927746,7.225442466562981e-12,-0.0025133764437295244,0.1093414517130676,0.1093703347524775,0.0025133764437295244
Be-Be_2.04_hgbs-5_as-008-012,hgbs-5,fermionic_magnitude_reference,200,0.005,1.0,172,0.86,0.865,27,0.10937033543981516,0.011961870274217686,0.9999999999927868,7.2132300132921046e-12,-0.01443916090328763,0.10841301009596857,0.10937033476066356,0.01443916090328763
Be-Be_2.04_hgbs-5_as-008-012,hgbs-5,fermionic_magnitude_reference,200,0.005,1.0,173,0.865,0.87,26,0.10937033540151314,0.011961870265839478,0.9999999999927869,7.213118990989642e-12,-0.02619222599031197,0.10618774611245782,0.10937033476574613,0.02619222599031197
Be-Be_2.04_hgbs-5_as-008-012,hgbs-5,fermionic_magnitude_reference,200,0.005,1.0,174,0.87,0.875,25,0.10937033536154267,0.01196187025709631,0.999999999992782,7.218003972297993e-12,-0.037631983063870715,0.10269227808292213,0.10937033476761265,0.037631983063870715
Be-Be_2.04_hgbs-5_as-008-012,hgbs-5,fermionic_magnitude_reference,200,0.005,1.0,175,0.875,0.88,24,0.10937033531972817,0.01196187024794978,0.9999999999927874,7.2125638794773295e-12,-0.048621591233058294,0.09796841834392356,0.10937033476608102,0.048621591233058294
Be-Be_2.04_hgbs-5_as-008-012,hgbs-5,fermionic_magnitude_reference,200,0.005,1.0,176,0.88,0.885,23,0.10937033527597018,0.011961870238378127,0.9999999999927808,7.2192252176250804e-12,-0.05902959423001843,0.09207267309458828,0.10937033476104727,0.05902959423001843
Be-Be_2.04_hgbs-5_as-008-012,hgbs-5,fermionic_magnitude_reference,200,0.005,1.0,177,0.885,0.89,22,0.10937033523011959,0.011961870228348737,0.9999999999927883,7.211675701057629e-12,-0.0687314928728461,0.08507556647658494,0.10937033475235375,0.0687314928728461
Be-Be_2.04_hgbs-5_as-008-012,hgbs-5,fermionic_magnitude_reference,200,0.005,1.0,178,0.89,0.895,21,0.10937033518204618,0.01196187021783313,0.9999999999927862,7.213785124804417e-12,-0.07761123430863266,0.07706079697356412,0.10937033473986604,0.07761123430863266
Be-Be_2.04_hgbs-5_as-008-012,hgbs-5,fermionic_magnitude_reference,200,0.005,1.0,179,0.895,0.9,20,0.10937033513162597,0.011961870206804177,0.9999999999927836,7.2164496600635175e-12,-0.08556260022272931,0.06812423622064336,0.10937033472345513,0.08556260022272931
Be-Be_2.04_hgbs-5_as-008-012,hgbs-5,fermionic_magnitude_reference,200,0.005,1.0,180,0.9,0.905,19,0.10937033507872757,0.011961870195233145,0.9999999999927892,7.210787522637929e-12,-0.09249047740843541,0.0583727822002888,0.10937033470298359,0.09249047740843541
Be-Be_2.04_hgbs-5_as-008-012,hgbs-5,fermionic_magnitude_reference,200,0.005,1.0,181,0.905,0.91,18,0.10937033502322271,0.011961870183091979,0.9999999999927941,7.2059025413295785e-12,-0.09831199549885325,0.047923080542476536,0.10937033467831775,0.09831199549885325
Be-Be_2.04_hgbs-5_as-008-012,hgbs-5,fermionic_magnitude_reference,200,0.005,1.0,182,0.91,0.915,17,0.10937033496498348,0.01196187017035269,0.9999999999927878,7.212230812569942e-12,-0.10295751825148138,0.036900129224724444,0.10937033464932566,0.10295751825148138
Be-Be_2.04_hgbs-5_as-008-012,hgbs-5,fermionic_magnitude_reference,200,0.005,1.0,183,0.915,0.92,16,0.10937033490388903,0.011961870156988847,0.999999999992781,7.219003173020155e-12,-0.10637147652792643,0.02543578336239101,0.1093703346158806,0.10637147652792643
Be-Be_2.04_hgbs-5_as-008-012,hgbs-5,fermionic_magnitude_reference,200,0.005,1.0,184,0.92,0.925,15,0.10937033483981057,0.011961870142972281,0.9999999999927917,7.208345031983754e-12,-0.10851303300467995,0.013667177974840227,0.10937033457784939,0.10851303300467995
Be-Be_2.04_hgbs-5_as-008-012,hgbs-5,fermionic_magnitude_reference,200,0.005,1.0,185,0.925,0.93,14,0.10937033477265368,0.011961870128282339,0.9999999999927844,7.215561481643817e-12,-0.10935657066389673,0.0017350875941093784,0.10937033453513376,0.10935657066389673
Be-Be_2.04_hgbs-5_as-008-012,hgbs-5,fermionic_magnitude_reference,200,0.005,1.0,186,0.93,0.935,13,0.10937033470228537,0.011961870112889928,0.999999999992792,7.208011965076366e-12,-0.10889199922073933,-0.01021775766197998,0.10937033448759516,0.10889199922073933
Be-Be_2.04_hgbs-5_as-008-012,hgbs-5,fermionic_magnitude_reference,200,0.005,1.0,187,0.935,0.9400000000000001,12,0.10937033462859333,0.01196187009677048,0.9999999999927788,7.221223619069406e-12,-0.10712487582205753,-0.0220483794088974,0.10937033443511972,0.10712487582205753
Be-Be_2.04_hgbs-5_as-008-012,hgbs-5,fermionic_magnitude_reference,200,0.005,1.0,188,0.9400000000000001,0.9450000000000001,11,0.10937033455148458,0.011961870079903661,0.9999999999927901,7.209899344218229e-12,-0.10407633857243402,-0.033615261284515224,0.10937033437760967,0.10407633857243402
Be-Be_2.04_hgbs-5_as-008-012,hgbs-5,fermionic_magnitude_reference,200,0.005,1.0,189,0.9450000000000001,0.9500000000000001,10,0.10937033447084467,0.011961870062264434,0.9999999999927905,7.209455255008379e-12,-0.09978285368282978,-0.04478004174935737,0.1093703343149467,0.09978285368282978
Be-Be_2.04_hgbs-5_as-008-012,hgbs-5,fermionic_magnitude_reference,200,0.005,1.0,190,0.9500000000000001,0.9550000000000001,9,0.10937033438657469,0.011961870043831162,0.9999999999927763,7.223666109723581e-12,-0.09429577926643058,-0.05540916914955321,0.10937033424703063,0.09429577926643058
Be-Be_2.04_hgbs-5_as-008-012,hgbs-5,fermionic_magnitude_reference,200,0.005,1.0,191,0.9550000000000001,0.96,8,0.10937033429858871,0.011961870024585049,0.999999999992784,7.2160055708536675e-12,-0.08768075099943096,-0.06537549924442604,0.10937033417377019,0.08768075099943096
Be-Be_2.04_hgbs-5_as-008-012,hgbs-5,fermionic_magnitude_reference,200,0.005,1.0,192,0.96,0.965,7,0.10937033420679573,0.011961870004506192,0.9999999999927843,7.21567250394628e-12,-0.08001689699552653,-0.07455981608933403,0.10937033409507359,0.08001689699552653
Be-Be_2.04_hgbs-5_as-008-012,hgbs-5,fermionic_magnitude_reference,200,0.005,1.0,193,0.965,0.97,6,0.10937033411110872,0.011961869983575553,0.9999999999927892,7.210787522637929e-12,-0.07139589128552284,-0.08285225808142363,0.1093703340108506,0.07139589128552284
Be-Be_2.04_hgbs-5_as-008-012,hgbs-5,fermionic_magnitude_reference,200,0.005,1.0,194,0.97,0.975,5,0.10937033401143588,0.011961869961773047,0.9999999999927923,7.207678898168979e-12,-0.06192085722437911,-0.09015363210980833,0.10937033392100713,0.06192085722437911
Be-Be_2.04_hgbs-5_as-008-012,hgbs-5,fermionic_magnitude_reference,200,0.005,1.0,195,0.975,0.98,4,0.10937033390773558,0.011961869939089577,0.9999999999927761,7.223888154328506e-12,-0.051705133942937714,-0.09637660009070893,0.10937033382550118,0.051705133942937714
Be-Be_2.04_hgbs-5_as-008-012,hgbs-5,fermionic_magnitude_reference,200,0.005,1.0,196,0.98,0.985,3,0.10937033379991005,0.01196186991550375,0.9999999999927919,7.208122987378829e-12,-0.04087092059967533,-0.10144672369418888,0.10937033372423285,0.04087092059967533
Be-Be_2.04_hgbs-5_as-008-012,hgbs-5,fermionic_magnitude_reference,200,0.005,1.0,197,0.985,0.99,2,0.10937033368790501,0.011961869891003691,0.9999999999927865,7.2134520578970296e-12,-0.029547814650332255,-0.10530335476572186,0.10937033361714624,0.029547814650332255
Be-Be_2.04_hgbs-5_as-008-012,hgbs-5,fermionic_magnitude_reference,200,0.005,1.0,198,0.99,0.995,1,0.10937033357167344,0.01196186986557912,0.9999999999927883,7.211675701057629e-12,-0.017871261619657523,-0.10790036079152227,0.10937033350419537,0.017871261619657523
Be-Be_2.04_hgbs-5_as-008-012,hgbs-5,fermionic_magnitude_reference,200,0.005,1.0,199,0.995,1.0,0,0.10937033345115962,0.011961869839217844,0.9999999999927807,7.219336239927543e-12,-0.005980934919627982,-0.10920667672951025,0.10937033338532245,0.005980934919627982
Be-Be_2.04_hgbs-5_as-008-012,hgbs-5,jw_signed_baseline,200,0.005,1.0,0,0.0,0.005,199,0.10937039995891125,0.011961884387172215,0.9999999998081481,1.9185186772574525e-10,-0.017517786293004503,0.10795837121309787,0.10937039248166029,0.017517786293004503
Be-Be_2.04_hgbs-5_as-008-012,hgbs-5,jw_signed_baseline,200,0.005,1.0,1,0.005,0.01,198,0.1093704002390208,0.011961884448443599,0.9999999998081596,1.918404324285916e-10,-0.02920279554584961,0.10539961804906074,0.10937039248617783,0.02920279554584961
Be-Be_2.04_hgbs-5_as-008-012,hgbs-5,jw_signed_baseline,200,0.005,1.0,2,0.01,0.015,197,0.10937040051891427,0.011961884509667722,0.9999999998081613,1.918386560717522e-10,-0.040538484300342986,0.10158008677899738,0.10937039242591111,0.040538484300342986
Be-Be_2.04_hgbs-5_as-008-012,hgbs-5,jw_signed_baseline,200,0.005,1.0,3,0.015,0.02,196,0.10937040079841759,0.011961884570806504,0.9999999998081525,1.918475378559492e-10,-0.05138925633521786,0.09654546621418132,0.10937039230614636,0.05138925633521786
Be-Be_2.04_hgbs-5_as-008-012,hgbs-5,jw_signed_baseline,200,0.005,1.0,4,0.02,0.025,195,0.1093704010773566,0.011961884631821846,0.9999999998081675,1.9183254984511677e-10,-0.061625315953976786,0.09035597992891284,0.1093703921330703,0.061625315953976786
Be-Be_2.04_hgbs-5_as-008-012,hgbs-5,jw_signed_baseline,200,0.005,1.0,5,0.025,0.03,194,0.10937040135558984,0.01196188469268281,0.999999999808154,1.9184598354371474e-10,-0.07112422058698711,0.08308566587114835,0.10937039191370994,0.07112422058698711
Be-Be_2.04_hgbs-5_as-008-012,hgbs-5,jw_signed_baseline,200,0.005,1.0,6,0.03,0.035,193,0.10937040163292348,0.011961884753346991,0.9999999998081514,1.9184864807897384e-10,-0.07977234543598258,0.0748214907267476,0.10937039165574249,0.07977234543598258
Be-Be_2.04_hgbs-5_as-008-012,hgbs-5,jw_signed_baseline,200,0.005,1.0,7,0.035,0.04,192,0.10937040190919972,0.011961884813779878,0.9999999998081471,1.9185286692646741e-10,-0.08746624264066177,0.06566230963191448,0.1093703913674653,0.08746624264066177
Be-Be_2.04_hgbs-5_as-008-012,hgbs-5,jw_signed_baseline,200,0.005,1.0,8,0.04,0.045,191,0.10937040218427083,0.011961884873949152,0.9999999998081452,1.9185475430560928e-10,-0.09411387870949292,0.055717683677238214,0.10937039105764376,0.09411387870949292
Be-Be_2.04_hgbs-5_as-008-012,hgbs-5,jw_signed_baseline,200,0.005,1.0,9,0.045,0.05,190,0.10937040245796713,0.011961884933817701,0.9999999998081569,1.918430969638507e-10,-0.09963573541256847,0.04510656934859944,0.10937039073535104,0.09963573541256847
Be-Be_2.04_hgbs-5_as-008-012,hgbs-5,jw_signed_baseline,200,0.005,1.0,10,0.05,0.055,189,0.10937040273013514,0.011961884993351952,0.9999999998081567,1.9184331900845564e-10,-0.10396576096791743,0.03395589558186559,0.10937039040985774,0.10396576096791743
Be-Be_2.04_hgbs-5_as-008-012,hgbs-5,jw_signed_baseline,200,0.005,1.0,11,0.055,0.06,188,0.10937040300061941,0.0119618850525179,0.999999999808155,1.9184498434299257e-10,-0.10705216014340115,0.02239904545233971,0.10937039009048283,0.10705216014340115
Be-Be_2.04_hgbs-5_as-008-012,hgbs-5,jw_signed_baseline,200,0.005,1.0,12,0.06,0.065,187,0.10937040326926149,0.011961885111280886,0.9999999998081528,1.9184720478904183e-10,-0.10885801382308807,0.010574260661169085,0.10937038978644074,0.10885801382308807
Be-Be_2.04_hgbs-5_as-008-012,hgbs-5,jw_signed_baseline,200,0.005,1.0,13,0.065,0.07,186,0.10937040353594103,0.011961885169614583,0.9999999998081526,1.9184742683364675e-10,-0.1093617206272143,-0.0013770120960691931,0.10937038950674717,0.1093617206272143
Be-Be_2.04_hgbs-5_as-008-012,hgbs-5,jw_signed_baseline,200,0.005,1.0,14,0.07,0.075,185,0.10937040380047933,0.011961885227479903,0.9999999998081485,1.9185153465883786e-10,-0.10855725530301337,-0.013311813097980657,0.10937038925997837,0.10855725530301337
Be-Be_2.04_hgbs-5_as-008-012,hgbs-5,jw_signed_baseline,200,0.005,1.0,15,0.075,0.08,184,0.10937040406276541,0.011961885284852572,0.9999999998081509,1.918490921681837e-10,-0.10645424079609757,-0.025087379664068644,0.10937038905427121,0.10645424079609757
Be-Be_2.04_hgbs-5_as-008-012,hgbs-5,jw_signed_baseline,200,0.005,1.0,16,0.08,0.085,183,0.10937040432264683,0.011961885341699246,0.9999999998081548,1.918452063875975e-10,-0.10307783313993048,-0.03656285386393586,0.10937038889708164,0.10307783313993048
Be-Be_2.04_hgbs-5_as-008-012,hgbs-5,jw_signed_baseline,200,0.005,1.0,17,0.085,0.09,182,0.1093704045800058,0.011961885397994152,0.9999999998081436,1.9185641964014621e-10,-0.09846842054088395,-0.04760096744169191,0.10937038879514596,0.09846842054088395
Be-Be_2.04_hgbs-5_as-008-012,hgbs-5,jw_signed_baseline,200,0.005,1.0,18,0.09,0.095,181,0.10937040483471852,0.011961885453710219,0.9999999998081358,1.918641912013186e-10,-0.0926811402581425,-0.05806968380080179,0.109370388754336,0.0926811402581425
Be-Be_2.04_hgbs-5_as-008-012,hgbs-5,jw_signed_baseline,200,0.005,1.0,19,0.095,0.1,180,0.10937040508665569,0.01196188550881916,0.9999999998081294,1.9187063049486142e-10,-0.0857852190577719,-0.06784377740813226,0.10937038877956916,0.0857852190577719
Be-Be_2.04_hgbs-5_as-008-012,hgbs-5,jw_signed_baseline,200,0.005,1.0,20,0.1,0.105,179,0.109370405335711,0.011961885563297723,0.9999999998081387,1.9186130462145456e-10,-0.0778631451303009,-0.0768063317248826,0.10937038887475443,0.0778631451303009
Be-Be_2.04_hgbs-5_as-008-012,hgbs-5,jw_signed_baseline,200,0.005,1.0,21,0.105,0.11,178,0.10937040558177046,0.011961885617120966,0.9999999998081344,1.918656344912506e-10,-0.06900968137727496,-0.08485013774625634,0.1093703890427006,0.06900968137727496
Be-Be_2.04_hgbs-5_as-008-012,hgbs-5,jw_signed_baseline,200,0.005,1.0,22,0.11,0.115,177,0.10937040582472797,0.01196188567026569,0.9999999998081216,1.918784020560338e-10,-0.059330731869634674,-0.09187897642107504,0.1093703892850846,0.059330731869634674
Be-Be_2.04_hgbs-5_as-008-012,hgbs-5,jw_signed_baseline,200,0.005,1.0,23,0.115,0.12,176,0.10937040606449401,0.011961885722712309,0.9999999998081284,1.9187162969558358e-10,-0.04894207503726065,-0.09780876961109032,0.10937038960243396,0.04894207503726065
Be-Be_2.04_hgbs-5_as-008-012,hgbs-5,jw_signed_baseline,200,0.005,1.0,24,0.12,0.125,175,0.10937040630098702,0.01196188577444298,0.9999999998081216,1.918784020560338e-10,-0.037967978743043355,-0.10256858582251512,0.10937038999410599,0.037967978743043355
Be-Be_2.04_hgbs-5_as-008-012,hgbs-5,jw_signed_baseline,200,0.005,1.0,25,0.125,0.13,174,0.10937040653409931,0.011961885825434154,0.999999999808131,1.9186896516032448e-10,-0.026539713807437693,-0.10610148867952213,0.10937039045825639,0.026539713807437693
Be-Be_2.04_hgbs-5_as-008-012,hgbs-5,jw_signed_baseline,200,0.005,1.0,26,0.13,0.135,173,0.1093704067637553,0.01196188587566929,0.9999999998081244,1.9187562649847223e-10,-0.014793983764899694,-0.10836521799032257,0.10937039099192362,0.014793983764899694
Be-Be_2.04_hgbs-5_as-008-012,hgbs-5,jw_signed_baseline,200,0.005,1.0,27,0.135,0.14,172,0.10937040698989328,0.011961885925134896,0.9999999998081213,1.9187873512294118e-10,-0.002871289634554318,-0.10933269525908167,0.10937039159105502,0.002871289634554318
Be-Be_2.04_hgbs-5_as-008-012,hgbs-5,jw_signed_baseline,200,0.005,1.0,28,0.14,0.145,171,0.10937040721244058,0.011961885973815076,0.9999999998081164,1.9188362010424953e-10,0.009085750734113104,-0.1089923475966729,0.10937039225053737,-0.009085750734113104
Be-Be_2.04_hgbs-5_as-008-012,hgbs-5,jw_signed_baseline,200,0.005,1.0,29,0.145,0.15,170,0.10937040743133578,0.011961886021696387,0.9999999998081112,1.9188883815246527e-10,0.020934108637207027,-0.10734824615581777,0.10937039296429556,-0.020934108637207027
Be-Be_2.04_hgbs-5_as-008-012,hgbs-5,jw_signed_baseline,200,0.005,1.0,30,0.15,0.155,169,0.10937040764653042,0.011961886068768237,0.9999999998081133,1.9188672872871848e-10,0.032532055407338584,-0.10442005743447236,0.10937039372538006,-0.032532055407338584
Be-Be_2.04_hgbs-5_as-008-012,hgbs-5,jw_signed_baseline,200,0.005,1.0,31,0.155,0.16,168,0.10937040785798087,0.011961886115021084,0.9999999998081157,1.918842862380643e-10,0.0437408577541243,-0.10024280802990912,0.10937039452606792,-0.0437408577541243
Be-Be_2.04_hgbs-5_as-008-012,hgbs-5,jw_signed_baseline,200,0.005,1.0,32,0.16,0.165,167,0.10937040806563589,0.011961886160443712,0.9999999998081136,1.918863956618111e-10,0.054426437274937324,-0.09486646565733717,0.1093703953579643,-0.054426437274937324
Be-Be_2.04_hgbs-5_as-008-012,hgbs-5,jw_signed_baseline,200,0.005,1.0,33,0.165,0.17,166,0.10937040826946699,0.011961886205029894,0.9999999998081093,1.9189072553160713e-10,0.06446097428507346,-0.08835534144477442,0.10937039621215411,-0.06446097428507346
Be-Be_2.04_hgbs-5_as-008-012,hgbs-5,jw_signed_baseline,200,0.005,1.0,34,0.17,0.17500000000000002,165,0.10937040846944318,0.01196188624877285,0.9999999998081057,1.9189427824528593e-10,0.07372443678248435,-0.08078732065363063,0.10937039707931513,-0.07372443678248435
Be-Be_2.04_hgbs-5_as-008-012,hgbs-5,jw_signed_baseline,200,0.005,1.0,35,0.17500000000000002,0.18,164,0.10937040866555532,0.01196188629167058,0.9999999998081105,1.9188950428628004e-10,0.08210601625781365,-0.0722529310269628,0.1093703979498813,-0.08210601625781365
Be-Be_2.04_hgbs-5_as-008-012,hgbs-5,jw_signed_baseline,200,0.005,1.0,36,0.18,0.185,163,0.10937040885778562,0.011961886333719193,0.999999999808102,1.9189805300356966e-10,0.0895054531746197,-0.06285425990952324,0.10937039881415786,-0.0895054531746197
Be-Be_2.04_hgbs-5_as-008-012,hgbs-5,jw_signed_baseline,200,0.005,1.0,37,0.185,0.19,162,0.10937040904612462,0.011961886374916617,0.9999999998081026,1.9189738686975488e-10,0.09583423626462304,-0.052703733092713936,0.10937039966248463,-0.09583423626462304
Be-Be_2.04_hgbs-5_as-008-012,hgbs-5,jw_signed_baseline,200,0.005,1.0,38,0.19,0.195,161,0.10937040923057426,0.011961886415263282,0.999999999808086,1.9191404021512426e-10,0.10101666129181669,-0.041922769991830984,0.10937040048538536,-0.10101666129181669
Be-Be_2.04_hgbs-5_as-008-012,hgbs-5,jw_signed_baseline,200,0.005,1.0,39,0.195,0.2,160,0.10937040941113714,0.011961886454759756,0.9999999998080896,1.91910376479143e-10,0.10499073662071841,-0.030640331241834764,0.10937040127370118,-0.10499073662071841
Be-Be_2.04_hgbs-5_as-008-012,hgbs-5,jw_signed_baseline,200,0.005,1.0,40,0.2,0.20500000000000002,159,0.10937040958782773,0.0119618864934092,0.9999999998080964,1.9190360411869278e-10,0.10770892475612975,-0.018991376085474743,0.10937040201874346,-0.10770892475612975
Be-Be_2.04_hgbs-5_as-008-012,hgbs-5,jw_signed_baseline,200,0.005,1.0,41,0.20500000000000002,0.21,158,0.1093704097606678,0.011961886531216378,0.9999999998080891,1.919109315906553e-10,0.10913871098419352,-0.0071152480059195194,0.10937040271242061,-0.10913871098419352
Be-Be_2.04_hgbs-5_as-008-012,hgbs-5,jw_signed_baseline,200,0.005,1.0,42,0.21,0.215,157,0.10937040992967001,0.01196188656818406,0.9999999998080892,1.9191082056835285e-10,0.10926299231246187,0.0048459920850176955,0.109370403347346,-0.10926299231246187
Be-Be_2.04_hgbs-5_as-008-012,hgbs-5,jw_signed_baseline,200,0.005,1.0,43,0.215,0.22,156,0.10937041009486553,0.011961886604319063,0.9999999998080729,1.9192714084681484e-10,0.10808028205646801,0.016749265164715692,0.1093704039169813,-0.10808028205646801
Be-Be_2.04_hgbs-5_as-008-012,hgbs-5,jw_signed_baseline,200,0.005,1.0,44,0.22,0.225,155,0.1093704102563029,0.011961886639632007,0.9999999998080782,1.9192181177629664e-10,0.10560472762535687,0.02845218559680009,0.10937040441573109,-0.10560472762535687
Be-Be_2.04_hgbs-5_as-008-012,hgbs-5,jw_signed_baseline,200,0.005,1.0,45,0.225,0.23,154,0.10937041041402769,0.011961886674132857,0.9999999998080797,1.9192025746406216e-10,0.10186594129375831,0.039814764334180346,0.10937040483901361,-0.10186594129375831
Be-Be_2.04_hgbs-5_as-008-012,hgbs-5,jw_signed_baseline,200,0.005,1.0,46,0.23,0.23500000000000001,153,0.10937041056806432,0.011961886707826955,0.9999999998080665,1.919334691180552e-10,0.09690864598409336,0.050701083454812654,0.1093704051833137,-0.09690864598409336
Be-Be_2.04_hgbs-5_as-008-012,hgbs-5,jw_signed_baseline,200,0.005,1.0,47,0.23500000000000001,0.24,152,0.10937041071847821,0.011961886740728614,0.9999999998080584,1.9194157374613496e-10,0.09079214029645621,0.06098092199923641,0.10937040544630135,-0.09079214029645621
Be-Be_2.04_hgbs-5_as-008-012,hgbs-5,jw_signed_baseline,200,0.005,1.0,48,0.24,0.245,151,0.10937041086532456,0.011961886772849905,0.9999999998080624,1.9193757694324631e-10,0.08358958918517008,0.07053131366158136,0.10937040562681422,-0.08358958918517008
Be-Be_2.04_hgbs-5_as-008-012,hgbs-5,jw_signed_baseline,200,0.005,1.0,49,0.245,0.25,150,0.10937041100866572,0.011961886804204468,0.9999999998080571,1.9194290601376451e-10,0.07538714876704154,0.0792380177011318,0.10937040572489859,-0.07538714876704154
Be-Be_2.04_hgbs-5_as-008-012,hgbs-5,jw_signed_baseline,200,0.005,1.0,50,0.25,0.255,149,0.10937041114856512,0.011961886834806179,0.999999999808052,1.919480130396778e-10,0.0662829357301614,0.08699688547941256,0.10937040574180354,-0.0662829357301614
Be-Be_2.04_hgbs-5_as-008-012,hgbs-5,jw_signed_baseline,200,0.005,1.0,51,0.255,0.26,148,0.10937041128509843,0.011961886864671586,0.9999999998080498,1.9195023348572704e-10,0.05638585367129939,0.09371510627620652,0.109370405679973,-0.05638585367129939
Be-Be_2.04_hgbs-5_as-008-012,hgbs-5,jw_signed_baseline,200,0.005,1.0,52,0.26,0.265,147,0.10937041141833397,0.011961886893815638,0.9999999998080378,1.91962223894393e-10,0.04581429040113219,0.09931231748217151,0.10937040554299368,-0.04581429040113219
Be-Be_2.04_hgbs-5_as-008-012,hgbs-5,jw_signed_baseline,200,0.005,1.0,53,0.265,0.27,146,0.10937041154835223,0.011961886922255938,0.999999999808052,1.919480130396778e-10,0.034694701800098544,0.10372156588804249,0.10937040533556278,-0.034694701800098544
Be-Be_2.04_hgbs-5_as-008-012,hgbs-5,jw_signed_baseline,200,0.005,1.0,54,0.27,0.275,145,0.10937041167523315,0.011961886950009977,0.9999999998080374,1.9196255696130038e-10,0.023160099164991357,0.1068901085713737,0.10937040506340046,-0.023160099164991357
Be-Be_2.04_hgbs-5_as-008-012,hgbs-5,jw_signed_baseline,200,0.005,1.0,55,0.275,0.28,144,0.10937041179906742,0.011961886977097588,0.9999999998080324,1.919675529649112e-10,0.01134845814018448,0.10878004380096779,0.10937040473318177,-0.01134845814018448
Be-Be_2.04_hgbs-5_as-008-012,hgbs-5,jw_signed_baseline,200,0.005,1.0,56,0.28,0.28500000000000003,143,0.10937041191993577,0.011961887003536429,0.9999999998080258,1.9197421430305894e-10,-0.000598931733618668,0.10936876441191334,0.10937040435241216,0.000598931733618668
Be-Be_2.04_hgbs-5_as-008-012,hgbs-5,jw_signed_baseline,200,0.005,1.0,57,0.28500000000000003,0.29,142,0.10937041203793352,0.011961887029347354,0.9999999998080228,1.9197721190522543e-10,-0.012539157110927008,0.10864922822834343,0.10937040392934082,0.012539157110927008
Be-Be_2.04_hgbs-5_as-008-012,hgbs-5,jw_signed_baseline,200,0.005,1.0,58,0.29,0.295,141,0.10937041215315302,0.011961887054550563,0.9999999998080137,1.9198631573402736e-10,-0.02432939035625732,0.10663004229906219,0.10937040347281772,0.02432939035625732
Be-Be_2.04_hgbs-5_as-008-012,hgbs-5,jw_signed_baseline,200,0.005,1.0,59,0.295,0.3,140,0.10937041226569173,0.011961887079167373,0.9999999998080177,1.919823189311387e-10,-0.03582859803319021,0.1033353599386278,0.10937040299217007,0.03582859803319021
Be-Be_2.04_hgbs-5_as-008-012,hgbs-5,jw_signed_baseline,200,0.005,1.0,60,0.3,0.305,139,0.10937041237563104,0.011961887103215588,0.9999999998080016,1.9199841716499577e-10,-0.04689922793071028,0.09880459180557653,0.10937040249703443,0.04689922793071028
Be-Be_2.04_hgbs-5_as-008-012,hgbs-5,jw_signed_baseline,200,0.005,1.0,61,0.305,0.31,138,0.10937041248309023,0.0119618871267213,0.9999999998079979,1.9200208090097703e-10,-0.05740885444711263,0.09309193447402159,0.10937040199727388,0.05740885444711263
Be-Be_2.04_hgbs-5_as-008-012,hgbs-5,jw_signed_baseline,200,0.005,1.0,62,0.31,0.315,137,0.10937041258818712,0.011961887149710282,0.9999999998080032,1.9199675183045883e-10,-0.06723176264913713,0.08626572213787573,0.10937040150277905,0.06723176264913713
Be-Be_2.04_hgbs-5_as-008-012,hgbs-5,jw_signed_baseline,200,0.005,1.0,63,0.315,0.32,136,0.10937041269095546,0.01196188717218991,0.9999999998079839,1.920160697110873e-10,-0.07625045205835612,0.07840760920268684,0.1093704010232427,0.07625045205835612
Be-Be_2.04_hgbs-5_as-008-012,hgbs-5,jw_signed_baseline,200,0.005,1.0,64,0.32,0.325,135,0.10937041279155767,0.011961887194195721,0.9999999998079907,1.920092973506371e-10,-0.08435704217691667,0.06961159354314207,0.10937040056822375,0.08435704217691667
Be-Be_2.04_hgbs-5_as-008-012,hgbs-5,jw_signed_baseline,200,0.005,1.0,65,0.325,0.33,134,0.10937041289007132,0.011961887215744678,0.9999999998079768,1.920231751384449e-10,-0.09145456293931563,0.05998289210971947,0.10937040014678327,0.09145456293931563
Be-Be_2.04_hgbs-5_as-008-012,hgbs-5,jw_signed_baseline,200,0.005,1.0,66,0.33,0.335,133,0.10937041298660395,0.011961887236860307,0.9999999998079658,1.920341663463887e-10,-0.09745811465499843,0.04963668233462478,0.10937039976746574,0.09745811465499843
Be-Be_2.04_hgbs-5_as-008-012,hgbs-5,jw_signed_baseline,200,0.005,1.0,67,0.335,0.34,132,0.10937041308125595,0.011961887257564563,0.9999999998079611,1.920389403053946e-10,-0.10229588356608907,0.03869672439224887,0.10937039943813189,0.10229588356608907
Be-Be_2.04_hgbs-5_as-008-012,hgbs-5,jw_signed_baseline,200,0.005,1.0,68,0.34,0.34500000000000003,131,0.10937041317413229,0.01196188727788041,0.99999999980796,1.9204005052841921e-10,-0.1059100008727976,0.02729388079443464,0.10937039916584741,0.1059100008727976
Be-Be_2.04_hgbs-5_as-008-012,hgbs-5,jw_signed_baseline,200,0.005,1.0,69,0.34500000000000003,0.35000000000000003,130,0.10937041326532528,0.01196188729782804,0.9999999998079601,1.9203993950611675e-10,-0.10825723495096122,0.01556455102897173,0.10937039895676108,0.10825723495096122
Be-Be_2.04_hgbs-5_as-008-012,hgbs-5,jw_signed_baseline,200,0.005,1.0,70,0.35000000000000003,0.355,129,0.10937041335492309,0.011961887317426739,0.9999999998079515,1.9204848822340637e-10,-0.1093095084816548,0.003649039966017818,0.10937039881601675,0.1093095084816548
Be-Be_2.04_hgbs-5_as-008-012,hgbs-5,jw_signed_baseline,200,0.005,1.0,71,0.355,0.36,128,0.10937041344305591,0.011961887336704984,0.999999999807942,1.9205803614141814e-10,-0.1090542343071987,-0.008310120450805503,0.10937039874772465,0.1090542343071987
Be-Be_2.04_hgbs-5_as-008-012,hgbs-5,jw_signed_baseline,200,0.005,1.0,72,0.36,0.365,127,0.10937041352982312,0.011961887355684514,0.9999999998079444,1.9205559365076397e-10,-0.10749446599599743,-0.020169876152923427,0.10937039875482267,0.10749446599599743
Be-Be_2.04_hgbs-5_as-008-012,hgbs-5,jw_signed_baseline,200,0.005,1.0,73,0.365,0.37,126,0.1093704136152665,0.011961887374374473,0.9999999998079379,1.9206214396660926e-10,-0.10464886131544637,-0.03178836214062073,0.10937039883900386,0.10464886131544637
Be-Be_2.04_hgbs-5_as-008-012,hgbs-5,jw_signed_baseline,200,0.005,1.0,74,0.37,0.375,125,0.10937041369952424,0.01196188739280508,0.9999999998079261,1.9207391233067028e-10,-0.10055145904997849,-0.04302659945341626,0.10937039900084584,0.10055145904997849
Be-Be_2.04_hgbs-5_as-008-012,hgbs-5,jw_signed_baseline,200,0.005,1.0,75,0.375,0.38,124,0.10937041378268016,0.011961887410994673,0.9999999998079151,1.9208490353861407e-10,-0.09525127183347613,-0.05375015761787773,0.10937039923965472,0.09525127183347613
Be-Be_2.04_hgbs-5_as-008-012,hgbs-5,jw_signed_baseline,200,0.005,1.0,76,0.38,0.385,123,0.10937041386481311,0.011961887428960505,0.9999999998079095,1.920904546537372e-10,-0.08881169986699214,-0.06383076268721778,0.10937039955351999,0.08881169986699214
Be-Be_2.04_hgbs-5_as-008-012,hgbs-5,jw_signed_baseline,200,0.005,1.0,77,0.385,0.39,122,0.10937041394601456,0.011961887446722577,0.9999999998079028,1.920972270141874e-10,-0.0813097725345506,-0.07314783163755817,0.1093703999393662,0.0813097725345506
Be-Be_2.04_hgbs-5_as-008-012,hgbs-5,jw_signed_baseline,200,0.005,1.0,78,0.39,0.395,121,0.10937041402635478,0.011961887464296262,0.9999999998078931,1.9210688595450165e-10,-0.0728352269886062,-0.08158991476668954,0.10937040039296489,0.0728352269886062
Be-Be_2.04_hgbs-5_as-008-012,hgbs-5,jw_signed_baseline,200,0.005,1.0,79,0.395,0.4,120,0.1093704141059307,0.011961887481702764,0.9999999998078998,1.921002246163539e-10,-0.06348943472699685,-0.08905602884168892,0.10937040090904541,0.06348943472699685
Be-Be_2.04_hgbs-5_as-008-012,hgbs-5,jw_signed_baseline,200,0.005,1.0,80,0.4,0.405,119,0.10937041418482178,0.011961887498959465,0.9999999998078982,1.9210177892858837e-10,-0.05338418900138075,-0.09545686504832347,0.10937040148133763,0.05338418900138075
Be-Be_2.04_hgbs-5_as-008-012,hgbs-5,jw_signed_baseline,200,0.005,1.0,81,0.405,0.41000000000000003,118,0.1093704142630685,0.011961887516075216,0.9999999998078722,1.921277581473646e-10,-0.042640367561834286,-0.10071585729310893,0.10937040210264481,0.042640367561834286
Be-Be_2.04_hgbs-5_as-008-012,hgbs-5,jw_signed_baseline,200,0.005,1.0,82,0.41000000000000003,0.41500000000000004,117,0.10937041434078328,0.011961887533074613,0.9999999998078606,1.9213941548912317e-10,-0.03138648673364447,-0.10477009807913149,0.10937040276506287,0.03138648673364447
Be-Be_2.04_hgbs-5_as-008-012,hgbs-5,jw_signed_baseline,200,0.005,1.0,83,0.41500000000000004,0.42,116,0.10937041441798166,0.01196188754996105,0.9999999998078781,1.921218739653341e-10,-0.019757164122083413,-0.10757109099959333,0.10937040345993851,0.019757164122083413
Be-Be_2.04_hgbs-5_as-008-012,hgbs-5,jw_signed_baseline,200,0.005,1.0,84,0.42,0.425,115,0.10937041449477042,0.011961887566757888,0.999999999807862,1.9213797219919115e-10,-0.007891508334117597,-0.10908533084843892,0.10937040417819086,0.007891508334117597
Be-Be_2.04_hgbs-5_as-008-012,hgbs-5,jw_signed_baseline,200,0.005,1.0,85,0.425,0.43,114,0.10937041457118439,0.011961887583472742,0.9999999998078446,1.9215540270067777e-10,0.00406854502158227,-0.10929470440806864,0.10937040491028523,-0.00406854502158227
Be-Be_2.04_hgbs-5_as-008-012,hgbs-5,jw_signed_baseline,200,0.005,1.0,86,0.43,0.435,113,0.10937041464728142,0.01196188760011827,0.9999999998078407,1.9215928848126396e-10,0.015979931151123547,-0.10819670712032177,0.10937040564647886,-0.015979931151123547
Be-Be_2.04_hgbs-5_as-008-012,hgbs-5,jw_signed_baseline,200,0.005,1.0,87,0.435,0.44,112,0.10937041472310348,0.011961887616703649,0.9999999998078353,1.9216472857408462e-10,0.02770016739982626,-0.10580447304852976,0.10937040637693296,-0.02770016739982626
Be-Be_2.04_hgbs-5_as-008-012,hgbs-5,jw_signed_baseline,200,0.005,1.0,88,0.44,0.445,111,0.10937041479870963,0.011961887633241802,0.9999999998078265,1.9217349933597916e-10,0.03908905761388877,-0.10214661777222958,0.1093704070918998,-0.03908905761388877
Be-Be_2.04_hgbs-5_as-008-012,hgbs-5,jw_signed_baseline,200,0.005,1.0,89,0.445,0.45,110,0.10937041487413939,0.011961887649741371,0.9999999998078304,1.9216961355539297e-10,0.05001036915177798,-0.09726689609352071,0.10937040778183493,-0.05001036915177798
Be-Be_2.04_hgbs-5_as-008-012,hgbs-5,jw_signed_baseline,200,0.005,1.0,90,0.45,0.455,109,0.10937041494940385,0.011961887666204781,0.9999999998078221,1.9217794022807766e-10,0.06033346248508193,-0.09122367864954353,0.10937040843753841,-0.06033346248508193
Be-Be_2.04_hgbs-5_as-008-012,hgbs-5,jw_signed_baseline,200,0.005,1.0,91,0.455,0.46,108,0.1093704150245623,0.011961887682645002,0.9999999998078035,1.921964809525889e-10,0.0699348538958395,-0.08408925369162384,0.10937040905037657,-0.0699348538958395
Be-Be_2.04_hgbs-5_as-008-012,hgbs-5,jw_signed_baseline,200,0.005,1.0,92,0.46,0.465,107,0.10937041509962475,0.011961887699064226,0.9999999998077977,1.9220225411231695e-10,0.07869969257715338,-0.07594896238281951,0.10937040961231417,-0.07869969257715338
Be-Be_2.04_hgbs-5_as-008-012,hgbs-5,jw_signed_baseline,200,0.005,1.0,93,0.465,0.47000000000000003,106,0.10937041517463433,0.011961887715471884,0.9999999998077894,1.9221058078500164e-10,0.08652313446822076,-0.06690017795764507,0.10937041011612962,-0.08652313446822076
Be-Be_2.04_hgbs-5_as-008-012,hgbs-5,jw_signed_baseline,200,0.005,1.0,94,0.47000000000000003,0.47500000000000003,105,0.10937041524958953,0.011961887731867646,0.9999999998077773,1.9222268221597005e-10,0.09331159638992953,-0.05705114095466709,0.10937041055544412,-0.09331159638992953
Be-Be_2.04_hgbs-5_as-008-012,hgbs-5,jw_signed_baseline,200,0.005,1.0,95,0.47500000000000003,0.48,104,0.10937041532451686,0.011961887748257313,0.9999999998077814,1.9221857439077894e-10,0.09898387547911301,-0.046519664455113574,0.10937041092489735,-0.09898387547911301
Be-Be_2.04_hgbs-5_as-008-012,hgbs-5,jw_signed_baseline,200,0.005,1.0,96,0.48,0.485,103,0.10937041539942362,0.011961887764642479,0.9999999998077751,1.922249026620193e-10,0.10347212053057903,-0.03543172481517188,0.1093704112201867,-0.10347212053057903
Be-Be_2.04_hgbs-5_as-008-012,hgbs-5,jw_signed_baseline,200,0.005,1.0,97,0.485,0.49,102,0.10937041547430261,0.011961887781021571,0.9999999998077582,1.922417780519936e-10,0.10672264362791689,-0.023919954749450283,0.10937041143813576,-0.10672264362791689
Be-Be_2.04_hgbs-5_as-008-012,hgbs-5,jw_signed_baseline,200,0.005,1.0,98,0.49,0.495,101,0.10937041554918142,0.011961887797400624,0.9999999998077557,1.9224433156495024e-10,0.1086965623542176,-0.012122056791406864,0.10937041157679898,-0.1086965623542176
Be-Be_2.04_hgbs-5_as-008-012,hgbs-5,jw_signed_baseline,200,0.005,1.0,99,0.495,0.5,100,0.10937041562403785,0.011961887813774783,0.9999999998077475,1.9225254721533247e-10,0.10937026490041553,-0.0001791561088414789,0.10937041163540713,-0.10937026490041553
Be-Be_2.04_hgbs-5_as-008-012,hgbs-5,jw_signed_baseline,200,0.005,1.0,100,0.5,0.505,99,0.1093704156988657,0.011961887830142688,0.9999999998077356,1.9226442660169596e-10,0.10873569250792187,0.01176588762211328,0.10937041161444687,-0.10873569250792187
Be-Be_2.04_hgbs-5_as-008-012,hgbs-5,jw_signed_baseline,200,0.005,1.0,101,0.505,0.51,98,0.10937041577366227,0.011961887846503752,0.9999999998077443,1.9225565583980142e-10,0.10680043586668007,0.023570189091054163,0.10937041151564207,-0.10680043586668007
Be-Be_2.04_hgbs-5_as-008-012,hgbs-5,jw_signed_baseline,200,0.005,1.0,102,0.51,0.515,97,0.10937041584842748,0.011961887862857956,0.9999999998077272,1.9227275327438065e-10,0.10358764431568535,0.035092546533841126,0.10937041134192897,-0.10358764431568535
Be-Be_2.04_hgbs-5_as-008-012,hgbs-5,jw_signed_baseline,200,0.005,1.0,103,0.515,0.52,96,0.1093704159231131,0.011961887879194751,0.9999999998077137,1.9228629799528107e-10,0.09913574893199593,0.04619513077477441,0.10937041109736327,-0.09913574893199593
Be-Be_2.04_hgbs-5_as-008-012,hgbs-5,jw_signed_baseline,200,0.005,1.0,104,0.52,0.525,95,0.10937041599771805,0.0119618878955139,0.9999999998077106,1.9228940661975003e-10,0.09349800282094953,0.056745133925674596,0.10937041078714586,-0.09349800282094953
Be-Be_2.04_hgbs-5_as-008-012,hgbs-5,jw_signed_baseline,200,0.005,1.0,105,0.525,0.53,94,0.10937041607221189,0.011961887911808746,0.9999999998077025,1.922975112478298e-10,0.08674184410634271,0.06661635802052533,0.10937041041747933,-0.08674184410634271
Be-Be_2.04_hgbs-5_as-008-012,hgbs-5,jw_signed_baseline,200,0.005,1.0,106,0.53,0.535,93,0.10937041614656562,0.01196188792807294,0.9999999998076887,1.9231127801333514e-10,0.07894808924075546,0.0756907245824542,0.10937040999549752,-0.07894808924075546
Be-Be_2.04_hgbs-5_as-008-012,hgbs-5,jw_signed_baseline,200,0.005,1.0,107,0.535,0.54,92,0.10937041622075465,0.011961887944301112,0.9999999998076791,1.9232093695364938e-10,0.0702099662856108,0.08385968706565256,0.1093704095291582,-0.0702099662856108
Be-Be_2.04_hgbs-5_as-008-012,hgbs-5,jw_signed_baseline,200,0.005,1.0,108,0.54,0.545,91,0.1093704162947395,0.011961887960484618,0.9999999998076695,1.9233048487166116e-10,0.060631999724930566,0.09102552927674777,0.10937040902710406,-0.060631999724930566
Be-Be_2.04_hgbs-5_as-008-012,hgbs-5,jw_signed_baseline,200,0.005,1.0,109,0.545,0.55,90,0.10937041636849922,0.011961887976618882,0.9999999998076706,1.9232937464863653e-10,0.050328760152664694,0.0971025342441564,0.1093704084985606,-0.050328760152664694
Be-Be_2.04_hgbs-5_as-008-012,hgbs-5,jw_signed_baseline,200,0.005,1.0,110,0.55,0.555,89,0.10937041644198289,0.011961887992692762,0.9999999998076542,1.9234580594940098e-10,0.039423493789853686,0.10201800955340717,0.10937040795314659,-0.039423493789853686
Be-Be_2.04_hgbs-5_as-008-012,hgbs-5,jw_signed_baseline,200,0.005,1.0,111,0.555,0.56,88,0.10937041651515018,0.011961888008697437,0.9999999998076543,1.9234569492709852e-10,0.028046648225226806,0.10571315688380353,0.10937040740076484,-0.028046648225226806
Be-Be_2.04_hgbs-5_as-008-012,hgbs-5,jw_signed_baseline,200,0.005,1.0,112,0.56,0.5650000000000001,87,0.1093704165879677,0.0119618880246256,0.9999999998076388,1.9236123804944327e-10,0.01633431201450895,0.10814377534497184,0.10937040685144712,-0.01633431201450895
Be-Be_2.04_hgbs-5_as-008-012,hgbs-5,jw_signed_baseline,200,0.005,1.0,113,0.5650000000000001,0.5700000000000001,86,0.10937041666038694,0.011961888040466646,0.99999999980762,1.9238000081855944e-10,0.0044265868034859355,0.10928079020037053,0.10937040631517374,-0.0044265868034859355
Be-Be_2.04_hgbs-5_as-008-012,hgbs-5,jw_signed_baseline,200,0.005,1.0,114,0.5700000000000001,0.5750000000000001,85,0.10937041673236332,0.011961888056210818,0.999999999807618,1.9238199922000376e-10,-0.007534088552289535,0.10911060065329589,0.10937040580173758,0.007534088552289535
Be-Be_2.04_hgbs-5_as-008-012,hgbs-5,jw_signed_baseline,200,0.005,1.0,115,0.5750000000000001,0.58,84,0.10937041680385019,0.011961888071847917,0.9999999998076148,1.9238521886677518e-10,-0.019404641824577774,0.10763524253537766,0.1093704053205881,0.019404641824577774
Be-Be_2.04_hgbs-5_as-008-012,hgbs-5,jw_signed_baseline,200,0.005,1.0,116,0.58,0.585,83,0.10937041687480943,0.0119618880873696,0.9999999998075996,1.9240042892221254e-10,-0.03104307882533131,0.10487236395166293,0.10937040488068873,0.03104307882533131
Be-Be_2.04_hgbs-5_as-008-012,hgbs-5,jw_signed_baseline,200,0.005,1.0,117,0.585,0.59,82,0.10937041694518874,0.01196188810276443,0.9999999998075944,1.9240564697042828e-10,-0.042310181923580194,0.1008550141737047,0.10937040449035848,0.042310181923580194
Be-Be_2.04_hgbs-5_as-008-012,hgbs-5,jw_signed_baseline,200,0.005,1.0,118,0.59,0.595,81,0.10937041701494556,0.011961888118023092,0.9999999998075926,1.9240742332726768e-10,-0.05307117534888856,0.09563124830613072,0.10937040415716359,0.05307117534888856
Be-Be_2.04_hgbs-5_as-008-012,hgbs-5,jw_signed_baseline,200,0.005,1.0,119,0.595,0.6,80,0.10937041708400694,0.011961888133129638,0.9999999998075734,1.924266301855937e-10,-0.06319733736146509,0.08926355245559307,0.1093704038877577,0.06319733736146509
Be-Be_2.04_hgbs-5_as-008-012,hgbs-5,jw_signed_baseline,200,0.005,1.0,120,0.6,0.605,79,0.10937041715236472,0.011961888148082274,0.9999999998075556,1.924443937539877e-10,-0.07256754000446859,0.08182809627840296,0.10937040368787039,0.07256754000446859
Be-Be_2.04_hgbs-5_as-008-012,hgbs-5,jw_signed_baseline,200,0.005,1.0,121,0.605,0.61,78,0.10937041721994839,0.011961888162865584,0.9999999998075475,1.9245249838206746e-10,-0.08106969802008433,0.07341382184757334,0.10937040356209216,0.08106969802008433
Be-Be_2.04_hgbs-5_as-008-012,hgbs-5,jw_signed_baseline,200,0.005,1.0,122,0.61,0.615,77,0.10937041728671239,0.011961888177469595,0.9999999998075545,1.9244550397701232e-10,-0.08860210959803369,0.06412137973848786,0.10937040351388183,0.08860210959803369
Be-Be_2.04_hgbs-5_as-008-012,hgbs-5,jw_signed_baseline,200,0.005,1.0,123,0.615,0.62,76,0.1093704173526167,0.011961888191885558,0.9999999998075362,1.9246382265691864e-10,-0.09507467291861846,0.054061925059346705,0.10937040354549626,0.09507467291861846
Be-Be_2.04_hgbs-5_as-008-012,hgbs-5,jw_signed_baseline,200,0.005,1.0,124,0.62,0.625,75,0.10937041741761899,0.011961888206104216,0.9999999998075395,1.9246049198784476e-10,-0.10040996393841428,0.04335578782800651,0.10937040365794018,0.10040996393841428
Be-Be_2.04_hgbs-5_as-008-012,hgbs-5,jw_signed_baseline,200,0.005,1.0,125,0.625,0.63,74,0.10937041748166615,0.011961888220113943,0.9999999998075231,1.9247692328860921e-10,-0.10454416252615346,0.03213103360030097,0.10937040385094343,0.10454416252615346
Be-Be_2.04_hgbs-5_as-008-012,hgbs-5,jw_signed_baseline,200,0.005,1.0,126,0.63,0.635,73,0.10937041754473377,0.01196188823390941,0.999999999807521,1.92479032712356e-10,-0.10742781587091242,0.020521931566803223,0.1093704041229949,0.10742781587091242
Be-Be_2.04_hgbs-5_as-008-012,hgbs-5,jw_signed_baseline,200,0.005,1.0,127,0.635,0.64,72,0.10937041760678046,0.011961888247481551,0.9999999998075082,1.924918002771392e-10,-0.10902643003047989,0.008667348442844478,0.10937040447132307,0.10902643003047989
Be-Be_2.04_hgbs-5_as-008-012,hgbs-5,jw_signed_baseline,200,0.005,1.0,128,0.64,0.645,71,0.1093704176677451,0.01196188826081701,0.9999999998075008,1.9249923877140418e-10,-0.10932088254419697,-0.0032909126366852726,0.10937040489192862,0.10932088254419697
Be-Be_2.04_hgbs-5_as-008-012,hgbs-5,jw_signed_baseline,200,0.005,1.0,129,0.645,0.65,70,0.10937041772762895,0.011961888273916053,0.9999999998074877,1.9251233940309476e-10,-0.10830765117458305,-0.015209808347602261,0.10937040537972761,0.10830765117458305
Be-Be_2.04_hgbs-5_as-008-012,hgbs-5,jw_signed_baseline,200,0.005,1.0,130,0.65,0.655,69,0.1093704177863633,0.011961888286763655,0.9999999998074789,1.925211101649893e-10,-0.10599885604127146,-0.026946766242079364,0.10937040592849356,0.10599885604127146
Be-Be_2.04_hgbs-5_as-008-012,hgbs-5,jw_signed_baseline,200,0.005,1.0,131,0.655,0.66,68,0.10937041784394437,0.011961888299358984,0.999999999807471,1.9252899274846413e-10,-0.10242211464364237,-0.03836139018204569,0.10937040653108396,0.10242211464364237
Be-Be_2.04_hgbs-5_as-008-012,hgbs-5,jw_signed_baseline,200,0.005,1.0,132,0.66,0.665,67,0.10937041790034258,0.011961888311695576,0.9999999998074602,1.92539761911803e-10,-0.09762021150577062,-0.049317139740354704,0.10937040717946085,0.09762021150577062
Be-Be_2.04_hgbs-5_as-008-012,hgbs-5,jw_signed_baseline,200,0.005,1.0,133,0.665,0.67,66,0.10937041795553207,0.011961888323767772,0.9999999998074506,1.9254942085211724e-10,-0.09165058639555726,-0.05968296348098131,0.10937040786484091,0.09165058639555726
Be-Be_2.04_hgbs-5_as-008-012,hgbs-5,jw_signed_baseline,200,0.005,1.0,134,0.67,0.675,65,0.10937041800949686,0.011961888335572074,0.9999999998074529,1.9254708938376552e-10,-0.08458464723962598,-0.0693348665811824,0.10937040857783394,0.08458464723962598
Be-Be_2.04_hgbs-5_as-008-012,hgbs-5,jw_signed_baseline,200,0.005,1.0,135,0.675,0.68,64,0.10937041806221452,0.01196188834710358,0.999999999807427,1.925729575802393e-10,-0.07650691595272023,-0.07815739404386465,0.1093704093085718,0.07650691595272023
Be-Be_2.04_hgbs-5_as-008-012,hgbs-5,jw_signed_baseline,200,0.005,1.0,136,0.68,0.685,63,0.10937041811368692,0.011961888358362696,0.9999999998074222,1.9257784256154764e-10,-0.06751401739880758,-0.08604501175836865,0.10937041004688741,0.06751401739880758
Be-Be_2.04_hgbs-5_as-008-012,hgbs-5,jw_signed_baseline,200,0.005,1.0,137,0.685,0.6900000000000001,62,0.10937041816388818,0.011961888369343763,0.9999999998074167,1.925832826543683e-10,-0.0577135235779042,-0.09290336888906679,0.10937041078242016,0.0577135235779042
Be-Be_2.04_hgbs-5_as-008-012,hgbs-5,jw_signed_baseline,200,0.005,1.0,138,0.6900000000000001,0.6950000000000001,61,0.1093704182128246,0.011961888380048157,0.9999999998074058,1.9259416284000963e-10,-0.04722266686398719,-0.09865042649167895,0.10937041150483647,0.04722266686398719
Be-Be_2.04_hgbs-5_as-008-012,hgbs-5,jw_signed_baseline,200,0.005,1.0,139,0.6950000000000001,0.7000000000000001,60,0.10937041826049433,0.011961888390475472,0.9999999998073913,1.9260870676163222e-10,-0.036166937686039013,-0.10321743885640282,0.10937041220394611,0.036166937686039013
Be-Be_2.04_hgbs-5_as-008-012,hgbs-5,jw_signed_baseline,200,0.005,1.0,140,0.7000000000000001,0.705,59,0.10937041830691445,0.011961888400629448,0.9999999998073815,1.9261847672424892e-10,-0.024678583426582308,-0.10654977583921738,0.10937041286989024,0.024678583426582308
Be-Be_2.04_hgbs-5_as-008-012,hgbs-5,jw_signed_baseline,200,0.005,1.0,141,0.705,0.71,58,0.10937041835207709,0.01196188841050836,0.9999999998073712,1.9262880179837794e-10,-0.01289502649361371,-0.10860757634443668,0.10937041349324617,0.01289502649361371
Be-Be_2.04_hgbs-5_as-008-012,hgbs-5,jw_signed_baseline,200,0.005,1.0,142,0.71,0.715,57,0.10937041839600636,0.011961888420117486,0.9999999998073674,1.9263257655666166e-10,-0.000957220488760599,-0.10936622514166205,0.10937041406523437,0.000957220488760599
Be-Be_2.04_hgbs-5_as-008-012,hgbs-5,jw_signed_baseline,200,0.005,1.0,143,0.715,0.72,56,0.10937041843872031,0.011961888429460771,0.9999999998073512,1.926487858128212e-10,0.010992035864920728,-0.10881664731311638,0.10937041457781378,-0.010992035864920728
Be-Be_2.04_hgbs-5_as-008-012,hgbs-5,jw_signed_baseline,200,0.005,1.0,144,0.72,0.725,55,0.10937041848023796,0.011961888438542376,0.9999999998073457,1.9265433692794431e-10,0.022809806866993926,-0.10696541680923077,0.10937041502381727,-0.022809806866993926
Be-Be_2.04_hgbs-5_as-008-012,hgbs-5,jw_signed_baseline,200,0.005,1.0,145,0.725,0.73,54,0.10937041852060034,0.011961888447371278,0.9999999998073335,1.926665493812152e-10,0.034354729622560844,-0.10383467781378054,0.10937041539708472,-0.034354729622560844
Be-Be_2.04_hgbs-5_as-008-012,hgbs-5,jw_signed_baseline,200,0.005,1.0,146,0.73,0.735,53,0.10937041855981428,0.011961888455948966,0.9999999998073296,1.9267043516180138e-10,0.04548870501198523,-0.099461879858987,0.1093704156925033,-0.04548870501198523
Be-Be_2.04_hgbs-5_as-008-012,hgbs-5,jw_signed_baseline,200,0.005,1.0,147,0.735,0.74,52,0.10937041859795259,0.011961888464291373,0.9999999998073152,1.9268475703881904e-10,0.05607854961986275,-0.09389932985930041,0.10937041590619062,-0.05607854961986275
Be-Be_2.04_hgbs-5_as-008-012,hgbs-5,jw_signed_baseline,200,0.005,1.0,148,0.74,0.745,51,0.10937041863502586,0.011961888472400813,0.9999999998073082,1.9269175144387418e-10,0.06599758886304152,-0.08721356642190045,0.10937041603542663,-0.06599758886304152
Be-Be_2.04_hgbs-5_as-008-012,hgbs-5,jw_signed_baseline,200,0.005,1.0,149,0.745,0.75,50,0.1093704186711122,0.011961888480294369,0.9999999998072931,1.9270685047700908e-10,0.07512717226063426,-0.07948456391890163,0.10937041607883263,-0.07512717226063426
Be-Be_2.04_hgbs-5_as-008-012,hgbs-5,jw_signed_baseline,200,0.005,1.0,150,0.75,0.755,49,0.10937041870625083,0.011961888487980623,0.9999999998072756,1.9272439200079816e-10,0.08335809272039772,-0.07080477584151942,0.10937041603628578,-0.08335809272039772
Be-Be_2.04_hgbs-5_as-008-012,hgbs-5,jw_signed_baseline,200,0.005,1.0,151,0.755,0.76,48,0.10937041874049189,0.011961888495470538,0.9999999998072743,1.927257242684277e-10,0.09059189286400096,-0.06127802888001447,0.10937041590897657,-0.09059189286400096
Be-Be_2.04_hgbs-5_as-008-012,hgbs-5,jw_signed_baseline,200,0.005,1.0,152,0.76,0.765,47,0.1093704187739094,0.011961888502780316,0.9999999998072624,1.927376036547912e-10,0.09674204276492493,-0.051018280958209025,0.10937041569940803,-0.09674204276492493
Be-Be_2.04_hgbs-5_as-008-012,hgbs-5,jw_signed_baseline,200,0.005,1.0,153,0.765,0.77,46,0.10937041880656806,0.011961888509924096,0.9999999998072563,1.9274370988142664e-10,0.10173497501095724,-0.04014825807884523,0.10937041541132435,-0.10173497501095724
Be-Be_2.04_hgbs-5_as-008-012,hgbs-5,jw_signed_baseline,200,0.005,1.0,154,0.77,0.775,45,0.10937041883853874,0.01196188851691739,0.999999999807254,1.9274604134977835e-10,0.10551096470985288,-0.028797986286099753,0.10937041504967517,-0.10551096470985288
Be-Be_2.04_hgbs-5_as-008-012,hgbs-5,jw_signed_baseline,200,0.005,1.0,155,0.775,0.78,44,0.10937041886989078,0.01196188852377536,0.999999999807232,1.9276802376566593e-10,0.10802484391165987,-0.017103236305726136,0.10937041462053615,-0.10802484391165987
Be-Be_2.04_hgbs-5_as-008-012,hgbs-5,jw_signed_baseline,200,0.005,1.0,156,0.78,0.785,43,0.10937041890073083,0.01196188853052134,0.9999999998072314,1.9276857887717824e-10,0.10924654190190868,-0.005203899467978805,0.10937041413105429,-0.10924654190190868
Be-Be_2.04_hgbs-5_as-008-012,hgbs-5,jw_signed_baseline,200,0.005,1.0,157,0.785,0.79,42,0.10937041893112102,0.011961888537168917,0.9999999998072321,1.9276791274336347e-10,0.109161444902574,0.006757685659225552,0.10937041358926372,-0.109161444902574
Be-Be_2.04_hgbs-5_as-008-012,hgbs-5,jw_signed_baseline,200,0.005,1.0,158,0.79,0.795,41,0.10937041896115,0.01196188854373748,0.9999999998071978,1.9280221863482438e-10,0.10777057087853746,0.01863843591043962,0.10937041300403612,-0.10777057087853746
Be-Be_2.04_hgbs-5_as-008-012,hgbs-5,jw_signed_baseline,200,0.005,1.0,159,0.795,0.8,40,0.10937041899092485,0.011961888550250455,0.9999999998071879,1.9281209961974355e-10,0.10509055735832212,0.030296235069204952,0.10937041238493761,-0.10509055735832212
Be-Be_2.04_hgbs-5_as-008-012,hgbs-5,jw_signed_baseline,200,0.005,1.0,160,0.8,0.805,39,0.10937041902053682,0.011961888556727803,0.9999999998071786,1.928214254931504e-10,0.10115346241506226,0.04159163384709144,0.10937041174205177,-0.10115346241506226
Be-Be_2.04_hgbs-5_as-008-012,hgbs-5,jw_signed_baseline,200,0.005,1.0,161,0.805,0.81,38,0.10937041905009276,0.011961888563192894,0.999999999807171,1.9282897500971785e-10,0.09600638118852287,0.05238951796089121,0.10937041108586225,-0.09600638118852287
Be-Be_2.04_hgbs-5_as-008-012,hgbs-5,jw_signed_baseline,200,0.005,1.0,162,0.81,0.8150000000000001,37,0.10937041907968857,0.011961888569666705,0.9999999998071513,1.9284873697955618e-10,0.08971088253537095,0.0625607243540918,0.10937041042706101,-0.08971088253537095
Be-Be_2.04_hgbs-5_as-008-012,hgbs-5,jw_signed_baseline,200,0.005,1.0,163,0.8150000000000001,0.8200000000000001,36,0.10937041910945015,0.011961888576176779,0.9999999998071599,1.928400772399641e-10,0.08234227254664543,0.07198358622991094,0.10937040977643388,-0.08234227254664543
Be-Be_2.04_hgbs-5_as-008-012,hgbs-5,jw_signed_baseline,200,0.005,1.0,164,0.8200000000000001,0.8250000000000001,35,0.10937041913947787,0.011961888582745066,0.9999999998071395,1.928605053436172e-10,0.07398869374232243,0.08054538841405197,0.10937040914463875,-0.07398869374232243
Be-Be_2.04_hgbs-5_as-008-012,hgbs-5,jw_signed_baseline,200,0.005,1.0,165,0.8250000000000001,0.8300000000000001,34,0.10937041916986724,0.011961888589392464,0.9999999998071367,1.9286328090117877e-10,0.06475007071825827,0.08814371563894237,0.1093704085420649,-0.06475007071825827
Be-Be_2.04_hgbs-5_as-008-012,hgbs-5,jw_signed_baseline,200,0.005,1.0,166,0.8300000000000001,0.835,33,0.1093704192007796,0.011961888596154258,0.9999999998071181,1.9288193264799247e-10,0.05473691485809907,0.09468767762098183,0.10937040797874793,-0.05473691485809907
Be-Be_2.04_hgbs-5_as-008-012,hgbs-5,jw_signed_baseline,200,0.005,1.0,167,0.835,0.84,32,0.10937041923230266,0.011961888603049638,0.9999999998071056,1.9289436714586827e-10,0.044069002407496505,0.10009899627701331,0.10937040746407346,-0.044069002407496505
Be-Be_2.04_hgbs-5_as-008-012,hgbs-5,jw_signed_baseline,200,0.005,1.0,168,0.84,0.845,31,0.10937041926456617,0.011961888610106986,0.9999999998070993,1.9290069541710864e-10,0.0328739417241081,0.10431294207500509,0.10937040700675582,-0.0328739417241081
Be-Be_2.04_hgbs-5_as-008-012,hgbs-5,jw_signed_baseline,200,0.005,1.0,169,0.845,0.85,30,0.10937041929770205,0.011961888617355157,0.9999999998070751,1.9292489827904546e-10,0.021285646841295292,0.10727910831845991,0.10937040661466062,-0.021285646841295292
Be-Be_2.04_hgbs-5_as-008-012,hgbs-5,jw_signed_baseline,200,0.005,1.0,170,0.85,0.855,29,0.10937041933182681,0.011961888624819636,0.9999999998070664,1.9293355801863754e-10,0.009442735604643392,0.10896201410290705,0.10937040629467057,-0.009442735604643392
Be-Be_2.04_hgbs-5_as-008-012,hgbs-5,jw_signed_baseline,200,0.005,1.0,171,0.855,0.86,28,0.10937041936707274,0.011961888632529361,0.9999999998070576,1.9294243980283454e-10,-0.002513128457182156,0.10934152873209092,0.1093704060526108,0.002513128457182156
Be-Be_2.04_hgbs-5_as-008-012,hgbs-5,jw_signed_baseline,200,0.005,1.0,172,0.86,0.865,27,0.10937041940356616,0.011961888640511962,0.9999999998070497,1.9295032238630938e-10,-0.014438930693372442,0.10841311251717438,0.10937040589313694,0.014438930693372442
Be-Be_2.04_hgbs-5_as-008-012,hgbs-5,jw_signed_baseline,200,0.005,1.0,173,0.865,0.87,26,0.10937041944144682,0.011961888648798009,0.9999999998070344,1.929656434640492e-10,-0.026192016053398205,0.10618787107867458,0.10937040581968545,0.026192016053398205
Be-Be_2.04_hgbs-5_as-008-012,hgbs-5,jw_signed_baseline,200,0.005,1.0,174,0.87,0.875,25,0.10937041948083247,0.011961888657413258,0.9999999998070224,1.9297763387271516e-10,-0.037631795507745446,0.10269242250157468,0.10937040583438781,0.037631795507745446
Be-Be_2.04_hgbs-5_as-008-012,hgbs-5,jw_signed_baseline,200,0.005,1.0,175,0.875,0.88,24,0.10937041952185392,0.011961888666386323,0.9999999998070233,1.9297674569429546e-10,-0.04862142775500701,0.09796857893284842,0.10937040593806498,0.04862142775500701
Be-Be_2.04_hgbs-5_as-008-012,hgbs-5,jw_signed_baseline,200,0.005,1.0,176,0.88,0.885,23,0.10937041956464982,0.011961888675747536,0.9999999998070116,1.9298840303605402e-10,-0.05902945609917255,0.09207284643001579,0.10937040613022067,0.05902945609917255
Be-Be_2.04_hgbs-5_as-008-012,hgbs-5,jw_signed_baseline,200,0.005,1.0,177,0.885,0.89,22,0.10937041960934209,0.01196188868552356,0.9999999998069903,1.9300971931812683e-10,-0.06873138091715118,0.08507574904339436,0.10937040640901519,0.06873138091715118
Be-Be_2.04_hgbs-5_as-008-012,hgbs-5,jw_signed_baseline,200,0.005,1.0,178,0.89,0.895,21,0.10937041965607561,0.01196188869574609,0.9999999998069677,1.9303225684552672e-10,-0.07761114890694347,0.07706098521737353,0.10937040677133836,0.07761114890694347
Be-Be_2.04_hgbs-5_as-008-012,hgbs-5,jw_signed_baseline,200,0.005,1.0,179,0.895,0.9,20,0.10937041970496046,0.011961888706439203,0.9999999998069667,1.9303325604624888e-10,-0.08556254130233648,0.06812442660146929,0.10937040721279688,0.08556254130233648
Be-Be_2.04_hgbs-5_as-008-012,hgbs-5,jw_signed_baseline,200,0.005,1.0,180,0.9,0.905,19,0.1093704197561351,0.011961888717633186,0.9999999998069474,1.9305257392687736e-10,-0.09249044444864701,0.05837297124738034,0.10937040772784817,0.09249044444864701
Be-Be_2.04_hgbs-5_as-008-012,hgbs-5,jw_signed_baseline,200,0.005,1.0,181,0.905,0.91,18,0.1093704198097255,0.011961888729355597,0.9999999998069362,1.9306378717942607e-10,-0.0983119875410922,0.04792326490944854,0.10937040830983968,0.0983119875410922
Be-Be_2.04_hgbs-5_as-008-012,hgbs-5,jw_signed_baseline,200,0.005,1.0,182,0.91,0.915,17,0.10937041986585744,0.011961888741633944,0.9999999998069415,1.9305845810890787e-10,-0.10295753391620073,0.03690030574441129,0.10937040895112653,0.10295753391620073
Be-Be_2.04_hgbs-5_as-008-012,hgbs-5,jw_signed_baseline,200,0.005,1.0,183,0.915,0.92,16,0.10937041992464215,0.01196188875449256,0.9999999998069233,1.9307666576651172e-10,-0.10637151403863426,0.025435949100517184,0.10937040964317299,0.10637151403863426
Be-Be_2.04_hgbs-5_as-008-012,hgbs-5,jw_signed_baseline,200,0.005,1.0,184,0.92,0.925,15,0.10937041998622392,0.011961888767963008,0.9999999998069083,1.9309165377734416e-10,-0.1085130902193698,0.01366733028127567,0.10937041037673108,0.1085130902193698
Be-Be_2.04_hgbs-5_as-008-012,hgbs-5,jw_signed_baseline,200,0.005,1.0,185,0.925,0.93,14,0.10937042005067736,0.011961888782061609,0.9999999998069002,1.9309975840542393e-10,-0.10935664511354887,0.0017352241507022266,0.10937041114187993,0.10935664511354887
Be-Be_2.04_hgbs-5_as-008-012,hgbs-5,jw_signed_baseline,200,0.005,1.0,186,0.93,0.935,13,0.10937042011816693,0.011961888796824333,0.9999999998068805,1.9311952037526225e-10,-0.10889208815504724,-0.01021763879802675,0.10937041192833426,0.10889208815504724
Be-Be_2.04_hgbs-5_as-008-012,hgbs-5,jw_signed_baseline,200,0.005,1.0,187,0.935,0.9400000000000001,12,0.10937042018876884,0.011961888812267854,0.9999999998068739,1.9312607069110754e-10,-0.1071249762614564,-0.022048279767680243,0.10937041272543271,0.1071249762614564
Be-Be_2.04_hgbs-5_as-008-012,hgbs-5,jw_signed_baseline,200,0.005,1.0,188,0.9400000000000001,0.9450000000000001,11,0.10937042026260724,0.011961888828419327,0.9999999998068568,1.9314316812568677e-10,-0.10407644736609731,-0.03361518195278204,0.10937041352242692,0.10407644736609731
Be-Be_2.04_hgbs-5_as-008-012,hgbs-5,jw_signed_baseline,200,0.005,1.0,189,0.9450000000000001,0.9500000000000001,10,0.10937042033977842,0.011961888845299817,0.9999999998068433,1.931567128465872e-10,-0.09978296757147552,-0.04477998334814212,0.10937041430857808,0.09978296757147552
Be-Be_2.04_hgbs-5_as-008-012,hgbs-5,jw_signed_baseline,200,0.005,1.0,190,0.9500000000000001,0.9550000000000001,9,0.10937042042038758,0.011961888862932332,0.999999999806838,1.931620419171054e-10,-0.09429589494885932,-0.05540913182058879,0.10937041507335381,0.09429589494885932
Be-Be_2.04_hgbs-5_as-008-012,hgbs-5,jw_signed_baseline,200,0.005,1.0,191,0.9550000000000001,0.96,8,0.10937042050452601,0.011961888881336844,0.9999999998068113,1.931886872696964e-10,-0.08768086520145843,-0.06537548264622062,0.10937041580657274,0.08768086520145843
Be-Be_2.04_hgbs-5_as-008-012,hgbs-5,jw_signed_baseline,200,0.005,1.0,192,0.96,0.965,7,0.10937042059228531,0.011961888900533388,0.9999999998068035,1.9319645883086878e-10,-0.0800170065396696,-0.07455981940362325,0.10937041649856893,0.0800170065396696
Be-Be_2.04_hgbs-5_as-008-012,hgbs-5,jw_signed_baseline,200,0.005,1.0,193,0.965,0.97,6,0.1093704206837517,0.011961888920540823,0.9999999998067882,1.932117799086086e-10,-0.07139599316002404,-0.08285228002985341,0.10937041714033757,0.07139599316002404
Be-Be_2.04_hgbs-5_as-008-012,hgbs-5,jw_signed_baseline,200,0.005,1.0,194,0.97,0.975,5,0.10937042077900944,0.011961888941377579,0.9999999998067783,1.9322166089352777e-10,-0.06192094864967768,-0.09015367098114326,0.10937041772367997,0.06192094864967768
Be-Be_2.04_hgbs-5_as-008-012,hgbs-5,jw_signed_baseline,200,0.005,1.0,195,0.975,0.98,4,0.10937042087813521,0.011961888963060436,0.9999999998067565,1.9324353228711288e-10,-0.05170521243397143,-0.09637665377797168,0.10937041824131943,0.05170521243397143
Be-Be_2.04_hgbs-5_as-008-012,hgbs-5,jw_signed_baseline,200,0.005,1.0,196,0.98,0.985,3,0.10937042098119479,0.011961888985603774,0.9999999998067632,1.9323675992666267e-10,-0.04087098402246597,-0.1014467897412623,0.10937041868701312,0.04087098402246597
Be-Be_2.04_hgbs-5_as-008-012,hgbs-5,jw_signed_baseline,200,0.005,1.0,197,0.985,0.99,2,0.10937042108825759,0.01196188900902278,0.9999999998067408,1.932591864317601e-10,-0.029547861271162375,-0.10530343042232979,0.10937041905565831,0.029547861271162375
Be-Be_2.04_hgbs-5_as-008-012,hgbs-5,jw_signed_baseline,200,0.005,1.0,198,0.99,0.995,1,0.10937042119937751,0.011961889033329245,0.9999999998067326,1.9326740208214233e-10,-0.01787129014559242,-0.10790044307542968,0.10937041934335805,0.01787129014559242
Be-Be_2.04_hgbs-5_as-008-012,hgbs-5,jw_signed_baseline,200,0.005,1.0,199,0.995,1.0,0,0.10937042131461253,0.011961889058535851,0.9999999998067168,1.93283167249092e-10,-0.00598094452928142,-0.1092067624945177,0.10937041954750078,0.00598094452928142
Be-Be_2.04_hgbs-5_as-008-012,hgbs-5,signed_parent_descendants_round_robin,200,0.005,1.0,0,0.0,0.005,199,0.10937036287031204,0.011961876274383733,0.9999999999551792,4.4820813727142195e-11,-0.017519682696252016,0.10795803105156507,0.10937036047443585,0.017519682696252016
Be-Be_2.04_hgbs-5_as-008-012,hgbs-5,signed_parent_descendants_round_robin,200,0.005,1.0,1,0.005,0.01,198,0.10937036231851452,0.01196187615368314,0.9999999999551753,4.482469950772838e-11,-0.02920463931046819,0.10539907330208596,0.10937035983388294,0.02920463931046819
Be-Be_2.04_hgbs-5_as-008-012,hgbs-5,signed_parent_descendants_round_robin,200,0.005,1.0,2,0.01,0.015,197,0.10937036176700428,0.01196187603304539,0.9999999999551786,4.482136883865451e-11,-0.04054025343825834,0.10157934493920721,0.10937035917979177,0.04054025343825834
Be-Be_2.04_hgbs-5_as-008-012,hgbs-5,signed_parent_descendants_round_robin,200,0.005,1.0,3,0.015,0.02,196,0.10937036121595482,0.011961875912508435,0.999999999955179,4.482103577174712e-11,-0.051390929876301644,0.09654453712092975,0.10937035851383838,0.051390929876301644
Be-Be_2.04_hgbs-5_as-008-012,hgbs-5,signed_parent_descendants_round_robin,200,0.005,1.0,4,0.02,0.025,195,0.10937036066551778,0.011961875792105439,0.9999999999551772,4.482281212858652e-11,-0.061626874192934555,0.09035487563375288,0.10937035783786543,0.061626874192934555
Be-Be_2.04_hgbs-5_as-008-012,hgbs-5,signed_parent_descendants_round_robin,200,0.005,1.0,5,0.025,0.03,194,0.1093703601158847,0.011961875671878305,0.9999999999551871,4.4812931143667356e-11,-0.07112564531287192,0.08308440047808616,0.10937035715391745,0.07112564531287192
Be-Be_2.04_hgbs-5_as-008-012,hgbs-5,signed_parent_descendants_round_robin,200,0.005,1.0,6,0.03,0.035,193,0.10937035956721931,0.01196187555186284,0.9999999999551747,4.4825254619240695e-11,-0.07977362014166123,0.07482008020971018,0.10937035646414216,0.07977362014166123
Be-Be_2.04_hgbs-5_as-008-012,hgbs-5,signed_parent_descendants_round_robin,200,0.005,1.0,7,0.035,0.04,192,0.10937035901967698,0.011961875432093037,0.9999999999551732,4.482680893147517e-11,-0.08746735271049999,0.06566077163151299,0.10937035577078787,0.08746735271049999
Be-Be_2.04_hgbs-5_as-008-012,hgbs-5,signed_parent_descendants_round_robin,200,0.005,1.0,8,0.04,0.045,191,0.10937035847342141,0.011961875312604703,0.9999999999551699,4.4830139600549046e-11,-0.09411481158315635,0.05571603727973852,0.10937035507618247,0.09411481158315635
Be-Be_2.04_hgbs-5_as-008-012,hgbs-5,signed_parent_descendants_round_robin,200,0.005,1.0,9,0.045,0.05,190,0.1093703579286162,0.01196187519343362,0.9999999999551606,4.4839354451653435e-11,-0.09963648072360405,0.045104834849622445,0.1093703543826975,0.09963648072360405
Be-Be_2.04_hgbs-5_as-008-012,hgbs-5,signed_parent_descendants_round_robin,200,0.005,1.0,10,0.05,0.055,189,0.10937035738542061,0.01196187507461463,0.9999999999551825,4.481748305806832e-11,-0.10396631065580614,0.0339540942374854,0.10937035369270609,0.10396631065580614
Be-Be_2.04_hgbs-5_as-008-012,hgbs-5,signed_parent_descendants_round_robin,200,0.005,1.0,11,0.055,0.06,188,0.10937035684399171,0.011961874956182084,0.9999999999551803,4.481970350411757e-11,-0.10705250853801757,0.02239719922073909,0.10937035300855438,0.10705250853801757
Be-Be_2.04_hgbs-5_as-008-012,hgbs-5,signed_parent_descendants_round_robin,200,0.005,1.0,12,0.06,0.065,187,0.10937035630447166,0.011961874838167083,0.9999999999551795,4.482048066023481e-11,-0.10885815770103262,0.010572391937312752,0.10937035233251761,0.10885815770103262
Be-Be_2.04_hgbs-5_as-008-012,hgbs-5,signed_parent_descendants_round_robin,200,0.005,1.0,13,0.065,0.07,186,0.1093703557670055,0.011961874720601355,0.9999999999551675,4.483247106890076e-11,-0.10936165923939667,-0.0013788807495105622,0.10937035166678072,0.10936165923939667
Be-Be_2.04_hgbs-5_as-008-012,hgbs-5,signed_parent_descendants_round_robin,200,0.005,1.0,14,0.07,0.075,185,0.10937035523175132,0.011961874603519471,0.9999999999551693,4.483069471206136e-11,-0.10855699037351133,-0.013313659220712171,0.1093703510134254,0.10855699037351133
Be-Be_2.04_hgbs-5_as-008-012,hgbs-5,signed_parent_descendants_round_robin,200,0.005,1.0,15,0.075,0.08,184,0.10937035469884997,0.011961874486952252,0.9999999999551749,4.482514359693823e-11,-0.10645377649205735,-0.025089181166194897,0.10937035037436357,0.10645377649205735
Be-Be_2.04_hgbs-5_as-008-012,hgbs-5,signed_parent_descendants_round_robin,200,0.005,1.0,16,0.08,0.085,183,0.10937035416841899,0.011961874370925406,0.9999999999551843,4.481570670122892e-11,-0.10307717601312304,-0.036564589289126946,0.10937034975130547,0.10307717601312304
Be-Be_2.04_hgbs-5_as-008-012,hgbs-5,signed_parent_descendants_round_robin,200,0.005,1.0,17,0.085,0.09,182,0.10937035364060128,0.011961874255470187,0.999999999955162,4.4838022184023885e-11,-0.09846757944138428,-0.04760261622249551,0.10937034914578775,0.09846757944138428
Be-Be_2.04_hgbs-5_as-008-012,hgbs-5,signed_parent_descendants_round_robin,200,0.005,1.0,18,0.09,0.095,181,0.1093703531155255,0.011961874140614738,0.999999999955177,4.4823034173191445e-11,-0.09268012622097123,-0.05807122650337496,0.10937034855911103,0.09268012622097123
Be-Be_2.04_hgbs-5_as-008-012,hgbs-5,signed_parent_descendants_round_robin,200,0.005,1.0,19,0.095,0.1,180,0.10937035259329721,0.011961874026382152,0.9999999999551571,4.4842907165332235e-11,-0.08578404516375855,-0.06784519596331902,0.10937034799230971,0.08578404516375855
Be-Be_2.04_hgbs-5_as-008-012,hgbs-5,signed_parent_descendants_round_robin,200,0.005,1.0,20,0.1,0.105,179,0.10937035207404418,0.01196187391280038,0.9999999999551669,4.4833137202715534e-11,-0.07786182634242118,-0.07680760964333166,0.10937034744618748,0.07786182634242118
Be-Be_2.04_hgbs-5_as-008-012,hgbs-5,signed_parent_descendants_round_robin,200,0.005,1.0,21,0.105,0.11,178,0.10937035155786833,0.01196187379989171,0.9999999999551632,4.48368009386968e-11,-0.0690082343543452,-0.08485126031457457,0.10937034692125615,0.0690082343543452
Be-Be_2.04_hgbs-5_as-008-012,hgbs-5,signed_parent_descendants_round_robin,200,0.005,1.0,22,0.11,0.115,177,0.10937035104487383,0.011961873687678934,0.9999999999551648,4.483524662646232e-11,-0.05932917475926083,-0.09187993087680123,0.10937034641775935,0.05932917475926083
Be-Be_2.04_hgbs-5_as-008-012,hgbs-5,signed_parent_descendants_round_robin,200,0.005,1.0,23,0.115,0.12,176,0.10937035053518378,0.011961873576188973,0.9999999999551656,4.483435844804262e-11,-0.04894042725040677,-0.09780954529409897,0.10937034593568201,0.04894042725040677
Be-Be_2.04_hgbs-5_as-008-012,hgbs-5,signed_parent_descendants_round_robin,200,0.005,1.0,24,0.12,0.125,175,0.10937035002886195,0.011961873465435782,0.9999999999551665,4.483347026962292e-11,-0.03796626071262965,-0.10256917430081725,0.1093703454746797,0.03796626071262965
Be-Be_2.04_hgbs-5_as-008-012,hgbs-5,signed_parent_descendants_round_robin,200,0.005,1.0,25,0.125,0.13,174,0.10937034952598741,0.011961873355436655,0.9999999999551614,4.48385772955362e-11,-0.02653794673409036,-0.10610188384768914,0.10937034503415417,0.02653794673409036
Be-Be_2.04_hgbs-5_as-008-012,hgbs-5,signed_parent_descendants_round_robin,200,0.005,1.0,26,0.13,0.135,173,0.1093703490266567,0.011961873246212706,0.9999999999551608,4.483924342935097e-11,-0.014792189352571006,-0.10836541613901876,0.1093703446132681,0.014792189352571006
Be-Be_2.04_hgbs-5_as-008-012,hgbs-5,signed_parent_descendants_round_robin,200,0.005,1.0,27,0.135,0.14,172,0.10937034853093953,0.011961873137779187,0.9999999999551668,4.4833248225017996e-11,-0.002869489819628253,-0.10933269511444824,0.10937034421091416,0.002869489819628253
Be-Be_2.04_hgbs-5_as-008-012,hgbs-5,signed_parent_descendants_round_robin,200,0.005,1.0,28,0.14,0.145,171,0.10937034803890663,0.011961873030151568,0.9999999999551569,4.484312920993716e-11,0.009087534056974229,-0.10899215032894767,0.10937034382575833,-0.009087534056974229
Be-Be_2.04_hgbs-5_as-008-012,hgbs-5,signed_parent_descendants_round_robin,200,0.005,1.0,29,0.145,0.15,170,0.1093703475506152,0.011961872923342361,0.9999999999551646,4.4835357648764784e-11,0.0209358538888783,-0.1073478553566933,0.10937034345624964,-0.0209358538888783
Be-Be_2.04_hgbs-5_as-008-012,hgbs-5,signed_parent_descendants_round_robin,200,0.005,1.0,30,0.15,0.155,169,0.10937034706611255,0.011961872817361914,0.9999999999551605,4.48394654739559e-11,0.032533741593882344,-0.10441947906332091,0.1093703431006451,-0.032533741593882344
Be-Be_2.04_hgbs-5_as-008-012,hgbs-5,signed_parent_descendants_round_robin,200,0.005,1.0,31,0.155,0.16,168,0.10937034658546034,0.011961872712223718,0.9999999999551558,4.4844239432961785e-11,0.04374246472884762,-0.10024205032940266,0.10937034275706085,-0.04374246472884762
Be-Be_2.04_hgbs-5_as-008-012,hgbs-5,signed_parent_descendants_round_robin,200,0.005,1.0,32,0.16,0.165,167,0.10937034610869006,0.011961872607934656,0.9999999999551628,4.483724502790665e-11,0.0544279459890443,-0.09486553903941361,0.10937034242345971,-0.0544279459890443
Be-Be_2.04_hgbs-5_as-008-012,hgbs-5,signed_parent_descendants_round_robin,200,0.005,1.0,33,0.165,0.17,166,0.10937034563583464,0.011961872504501935,0.9999999999551711,4.482891835522196e-11,0.06446236702342768,-0.0883542583484628,0.1093703420977095,-0.06446236702342768
Be-Be_2.04_hgbs-5_as-008-012,hgbs-5,signed_parent_descendants_round_robin,200,0.005,1.0,34,0.17,0.17500000000000002,165,0.10937034516691735,0.01196187240193064,0.9999999999551529,4.484712601282581e-11,0.07372569738121583,-0.08078609537664189,0.10937034177760667,-0.07372569738121583
Be-Be_2.04_hgbs-5_as-008-012,hgbs-5,signed_parent_descendants_round_robin,200,0.005,1.0,35,0.17500000000000002,0.18,164,0.10937034470196817,0.011961872300227338,0.9999999999551584,4.4841574897702685e-11,0.08210713030074532,-0.07225157953330119,0.10937034146093043,-0.08210713030074532
Be-Be_2.04_hgbs-5_as-008-012,hgbs-5,signed_parent_descendants_round_robin,200,0.005,1.0,36,0.18,0.185,163,0.10937034424100138,0.011961872199395143,0.9999999999551588,4.48412418307953e-11,0.08950640816557659,-0.06285279961599541,0.10937034114544614,-0.08950640816557659
Be-Be_2.04_hgbs-5_as-008-012,hgbs-5,signed_parent_descendants_round_robin,200,0.005,1.0,37,0.185,0.19,162,0.10937034378401778,0.011961872099434237,0.9999999999551513,4.4848680325060286e-11,0.09583502177336804,-0.05270218263732907,0.1093703408289483,-0.09583502177336804
Be-Be_2.04_hgbs-5_as-008-012,hgbs-5,signed_parent_descendants_round_robin,200,0.005,1.0,38,0.19,0.195,161,0.10937034333102391,0.011961872000346046,0.9999999999551562,4.4843795343751935e-11,0.10101726907166546,-0.041921148987413885,0.10937034050930906,-0.10101726907166546
Be-Be_2.04_hgbs-5_as-008-012,hgbs-5,signed_parent_descendants_round_robin,200,0.005,1.0,39,0.195,0.2,160,0.10937034288200945,0.011961871902128314,0.9999999999551482,4.4851788949529237e-11,0.10499116069618311,-0.030638660018663975,0.1093703401844898,-0.10499116069618311
Be-Be_2.04_hgbs-5_as-008-012,hgbs-5,signed_parent_descendants_round_robin,200,0.005,1.0,40,0.2,0.20500000000000002,159,0.10937034243697187,0.011961871804780491,0.9999999999551568,4.484324023223962e-11,0.10770916147976317,-0.018989675426381587,0.10937033985259906,-0.10770916147976317
Be-Be_2.04_hgbs-5_as-008-012,hgbs-5,signed_parent_descendants_round_robin,200,0.005,1.0,41,0.20500000000000002,0.21,158,0.10937034199588329,0.01196187170829647,0.9999999999551499,4.48501236149923e-11,0.10913875906192151,-0.007113538878032619,0.10937033951188703,-0.10913875906192151
Be-Be_2.04_hgbs-5_as-008-012,hgbs-5,signed_parent_descendants_round_robin,200,0.005,1.0,42,0.21,0.215,157,0.10937034155873988,0.011961871612675425,0.9999999999551543,4.48456827228938e-11,0.10926285279758756,0.004847688798245779,0.10937033916081601,-0.10926285279758756
Be-Be_2.04_hgbs-5_as-008-012,hgbs-5,signed_parent_descendants_round_robin,200,0.005,1.0,43,0.215,0.22,156,0.10937034112549701,0.011961871517907582,0.9999999999551487,4.4851344860319386e-11,0.10807995831266377,0.01675092892731833,0.10937033879802699,-0.10807995831266377
Be-Be_2.04_hgbs-5_as-008-012,hgbs-5,signed_parent_descendants_round_robin,200,0.005,1.0,44,0.22,0.225,155,0.1093703406961087,0.01196187142398289,0.9999999999551457,4.4854342462485874e-11,0.10560422525977359,0.02845379647625895,0.10937033842239571,-0.10560422525977359
Be-Be_2.04_hgbs-5_as-008-012,hgbs-5,signed_parent_descendants_round_robin,200,0.005,1.0,45,0.225,0.23,154,0.10937034027055059,0.011961871330896021,0.9999999999551461,4.4853898373276024e-11,0.10186526806166066,0.039816303246206435,0.10937033803306934,-0.10186526806166066
Be-Be_2.04_hgbs-5_as-008-012,hgbs-5,signed_parent_descendants_round_robin,200,0.005,1.0,46,0.23,0.23500000000000001,153,0.1093703398487781,0.011961871238637218,0.9999999999551483,4.4851677927226774e-11,0.09690781166683467,0.050702532393601306,0.10937033762944542,-0.09690781166683467
Be-Be_2.04_hgbs-5_as-008-012,hgbs-5,signed_parent_descendants_round_robin,200,0.005,1.0,47,0.23500000000000001,0.24,152,0.10937033943073496,0.01196187114719418,0.9999999999551337,4.4866332871151826e-11,0.09079115655497975,0.06098226425032984,0.10937033721118308,-0.09079115655497975
Be-Be_2.04_hgbs-5_as-008-012,hgbs-5,signed_parent_descendants_round_robin,200,0.005,1.0,48,0.24,0.245,151,0.1093703390163707,0.011961871056555858,0.9999999999551418,4.485822824307206e-11,0.0835884693916049,0.07053253399496895,0.10937033677822666,-0.0835884693916049
Be-Be_2.04_hgbs-5_as-008-012,hgbs-5,signed_parent_descendants_round_robin,200,0.005,1.0,49,0.245,0.25,150,0.10937033860561594,0.011961870966707085,0.9999999999551435,4.485645188623266e-11,0.0753859078171416,0.07923910254220355,0.10937033633078222,-0.0753859078171416
Be-Be_2.04_hgbs-5_as-008-012,hgbs-5,signed_parent_descendants_round_robin,200,0.005,1.0,50,0.25,0.255,149,0.10937033819842411,0.011961870877637669,0.999999999955132,4.4867998205688764e-11,0.06628158983954881,0.0869978230561989,0.1093703358693566,-0.06628158983954881
Be-Be_2.04_hgbs-5_as-008-012,hgbs-5,signed_parent_descendants_round_robin,200,0.005,1.0,51,0.255,0.26,148,0.10937033779471388,0.011961870789329818,0.9999999999551479,4.4852122016436624e-11,0.05638442015845674,0.0937158867414781,0.1093703353946898,-0.05638442015845674
Be-Be_2.04_hgbs-5_as-008-012,hgbs-5,signed_parent_descendants_round_robin,200,0.005,1.0,52,0.26,0.265,147,0.1093703373944062,0.011961870701766247,0.9999999999551406,4.485944948839915e-11,0.04581278746049414,0.09931293300945289,0.1093703349077824,-0.04581278746049414
Be-Be_2.04_hgbs-5_as-008-012,hgbs-5,signed_parent_descendants_round_robin,200,0.005,1.0,53,0.265,0.27,146,0.10937033699743577,0.011961870614932667,0.9999999999551317,4.486833127259615e-11,0.0346931482681572,0.10372201074108714,0.10937033440988711,-0.0346931482681572
Be-Be_2.04_hgbs-5_as-008-012,hgbs-5,signed_parent_descendants_round_robin,200,0.005,1.0,54,0.27,0.275,145,0.10937033660370818,0.011961870528808429,0.999999999955139,4.4861003800633625e-11,0.02315851428249759,0.10689037914687051,0.10937033390245443,-0.02315851428249759
Be-Be_2.04_hgbs-5_as-008-012,hgbs-5,signed_parent_descendants_round_robin,200,0.005,1.0,55,0.275,0.28,144,0.1093703362131594,0.011961870443379527,0.9999999999551312,4.4868775361806e-11,0.011346861313747002,0.1087801386446292,0.10937033338715833,-0.011346861313747002
Be-Be_2.04_hgbs-5_as-008-012,hgbs-5,signed_parent_descendants_round_robin,200,0.005,1.0,56,0.28,0.28500000000000003,143,0.10937033582569415,0.011961870358625119,0.9999999999551251,4.487488158844144e-11,-0.0006005211681338658,0.10936868420853738,0.10937033286581946,0.0006005211681338658
Be-Be_2.04_hgbs-5_as-008-012,hgbs-5,signed_parent_descendants_round_robin,200,0.005,1.0,57,0.28500000000000003,0.29,142,0.10937033544122454,0.011961870274525976,0.999999999955125,4.48749926107439e-11,-0.012540720120142677,0.10864897576654273,0.10937033234040454,0.012540720120142677
Be-Be_2.04_hgbs-5_as-008-012,hgbs-5,signed_parent_descendants_round_robin,200,0.005,1.0,58,0.29,0.295,141,0.10937033505965822,0.011961870191061904,0.9999999999551208,4.487921145823748e-11,-0.024330908433756744,0.10662962241174728,0.10937033181299055,0.024330908433756744
Be-Be_2.04_hgbs-5_as-008-012,hgbs-5,signed_parent_descendants_round_robin,200,0.005,1.0,59,0.295,0.3,140,0.10937033468090518,0.01196187010821321,0.9999999999551213,4.4878656346725165e-11,-0.03583005341436842,0.10333477942046457,0.1093703312857402,0.03583005341436842
Be-Be_2.04_hgbs-5_as-008-012,hgbs-5,signed_parent_descendants_round_robin,200,0.005,1.0,60,0.3,0.305,139,0.10937033430486279,0.011961870025957446,0.9999999999551146,4.488542870717538e-11,-0.046900603795884684,0.09880385930882911,0.1093703307608487,0.046900603795884684
Be-Be_2.04_hgbs-5_as-008-012,hgbs-5,signed_parent_descendants_round_robin,200,0.005,1.0,61,0.305,0.31,138,0.10937033393146506,0.011961869944280178,0.9999999999551141,4.488587279638523e-11,-0.05741013511082375,0.09309106038436639,0.10937033024055832,0.05741013511082375
Be-Be_2.04_hgbs-5_as-008-012,hgbs-5,signed_parent_descendants_round_robin,200,0.005,1.0,62,0.31,0.315,137,0.1093703335605608,0.011961869863148332,0.9999999999551111,4.488887039855172e-11,-0.06723293373396404,0.08626471843180485,0.10937032972700672,0.06723293373396404
Be-Be_2.04_hgbs-5_as-008-012,hgbs-5,signed_parent_descendants_round_robin,200,0.005,1.0,63,0.315,0.32,136,0.10937033319208846,0.011961869782548444,0.9999999999551139,4.4886094840990154e-11,-0.07625150065179148,0.07840648928855677,0.10937032922235684,0.07625150065179148
Be-Be_2.04_hgbs-5_as-008-012,hgbs-5,signed_parent_descendants_round_robin,200,0.005,1.0,64,0.32,0.325,135,0.10937033282595053,0.011961869702459193,0.9999999999551077,4.4892312089928055e-11,-0.0843579569694994,0.06961037208739562,0.10937032872865281,0.0843579569694994
Be-Be_2.04_hgbs-5_as-008-012,hgbs-5,signed_parent_descendants_round_robin,200,0.005,1.0,65,0.325,0.33,134,0.10937033246203097,0.011961869622855186,0.9999999999550998,4.4900194673402893e-11,-0.09145533434334807,0.059981584850481245,0.10937032824778876,0.09145533434334807
Be-Be_2.04_hgbs-5_as-008-012,hgbs-5,signed_parent_descendants_round_robin,200,0.005,1.0,66,0.33,0.335,133,0.10937033210024286,0.011961869543717413,0.9999999999551028,4.4897197071236405e-11,-0.09745873490235964,0.04963530588474427,0.10937032778153562,0.09745873490235964
Be-Be_2.04_hgbs-5_as-008-012,hgbs-5,signed_parent_descendants_round_robin,200,0.005,1.0,67,0.335,0.34,132,0.10937033174047986,0.011961869465022616,0.9999999999550991,4.490086080721767e-11,-0.10229634678447004,0.038695296033792785,0.10937032733146324,0.10229634678447004
Be-Be_2.04_hgbs-5_as-008-012,hgbs-5,signed_parent_descendants_round_robin,200,0.005,1.0,68,0.34,0.34500000000000003,131,0.1093703313826419,0.011961869386748904,0.9999999999550958,4.4904191476291544e-11,-0.10591030313963515,0.02729241826682495,0.10937032689893877,0.10591030313963515
Be-Be_2.04_hgbs-5_as-008-012,hgbs-5,signed_parent_descendants_round_robin,200,0.005,1.0,69,0.34500000000000003,0.35000000000000003,130,0.10937033102664943,0.011961869308878877,0.9999999999550964,4.490363636477923e-11,-0.10825737432451833,0.015563072313075296,0.10937032648511612,0.10825737432451833
Be-Be_2.04_hgbs-5_as-008-012,hgbs-5,signed_parent_descendants_round_robin,200,0.005,1.0,70,0.35000000000000003,0.355,129,0.1093703306723758,0.011961869231384826,0.9999999999550981,4.490186000793983e-11,-0.10930948500883139,0.003647563066430804,0.10937032609085302,0.10930948500883139
Be-Be_2.04_hgbs-5_as-008-012,hgbs-5,signed_parent_descendants_round_robin,200,0.005,1.0,71,0.355,0.36,128,0.1093703303197507,0.011961869154251379,0.9999999999550889,4.491107485904422e-11,-0.10905405000803872,-0.008311577722845277,0.10937032571679901,0.10905405000803872
Be-Be_2.04_hgbs-5_as-008-012,hgbs-5,signed_parent_descendants_round_robin,200,0.005,1.0,72,0.36,0.365,127,0.10937032996865761,0.011961869077453046,0.9999999999550869,4.4913073260488545e-11,-0.10749412482488523,-0.020171296393680326,0.10937032536327991,0.10749412482488523
Be-Be_2.04_hgbs-5_as-008-012,hgbs-5,signed_parent_descendants_round_robin,200,0.005,1.0,73,0.365,0.37,126,0.1093703296190385,0.011961869000977132,0.9999999999550842,4.491584881805011e-11,-0.10464836909943212,-0.03178972856259655,0.10937032503039637,0.10464836909943212
Be-Be_2.04_hgbs-5_as-008-012,hgbs-5,signed_parent_descendants_round_robin,200,0.005,1.0,74,0.37,0.375,125,0.10937032927076681,0.011961868924795952,0.9999999999550854,4.491462757272302e-11,-0.10055082340437516,-0.04302789608613476,0.1093703247178916,0.10055082340437516
Be-Be_2.04_hgbs-5_as-008-012,hgbs-5,signed_parent_descendants_round_robin,200,0.005,1.0,75,0.375,0.38,124,0.1093703289237734,0.011961868848894384,0.9999999999550818,4.491818028640182e-11,-0.09525050205609671,-0.05375136949839776,0.10937032442528352,0.09525050205609671
Be-Be_2.04_hgbs-5_as-008-012,hgbs-5,signed_parent_descendants_round_robin,200,0.005,1.0,76,0.38,0.385,123,0.10937032857796912,0.011961868773252927,0.9999999999550724,4.4927617182111135e-11,-0.08881080681169412,-0.06383187603794188,0.10937032415178824,0.08881080681169412
Be-Be_2.04_hgbs-5_as-008-012,hgbs-5,signed_parent_descendants_round_robin,200,0.005,1.0,77,0.385,0.39,122,0.10937032823327046,0.011961868697853319,0.9999999999550667,4.493327931953672e-11,-0.0813087684655992,-0.07314883402899955,0.1093703238963593,0.0813087684655992
Be-Be_2.04_hgbs-5_as-008-012,hgbs-5,signed_parent_descendants_round_robin,200,0.005,1.0,78,0.39,0.395,121,0.10937032788960756,0.011961868622680269,0.9999999999550719,4.4928061271320985e-11,-0.0728341254175486,-0.08159079526302365,0.10937032365770818,0.0728341254175486
Be-Be_2.04_hgbs-5_as-008-012,hgbs-5,signed_parent_descendants_round_robin,200,0.005,1.0,79,0.395,0.4,120,0.10937032754689013,0.011961868547714034,0.9999999999550712,4.492883842743822e-11,-0.06348825023395106,-0.08905677812694873,0.10937032343429072,0.06348825023395106
Be-Be_2.04_hgbs-5_as-008-012,hgbs-5,signed_parent_descendants_round_robin,200,0.005,1.0,80,0.4,0.405,119,0.10937032720504422,0.011961868472938437,0.999999999955074,4.49259518475742e-11,-0.053382937042946214,-0.09545747553162312,0.10937032322436277,0.053382937042946214
Be-Be_2.04_hgbs-5_as-008-012,hgbs-5,signed_parent_descendants_round_robin,200,0.005,1.0,81,0.405,0.41000000000000003,118,0.1093703268640143,0.011961868398341327,0.9999999999550648,4.4935166698678586e-11,-0.04263906426820655,-0.10071632319115313,0.10937032302600673,0.04263906426820655
Be-Be_2.04_hgbs-5_as-008-012,hgbs-5,signed_parent_descendants_round_robin,200,0.005,1.0,82,0.41000000000000003,0.41500000000000004,117,0.10937032652371996,0.011961868323905122,0.9999999999550628,4.493716510012291e-11,-0.031385148697494994,-0.1047704154746557,0.10937032283711996,0.031385148697494994
Be-Be_2.04_hgbs-5_as-008-012,hgbs-5,signed_parent_descendants_round_robin,200,0.005,1.0,83,0.41500000000000004,0.42,116,0.10937032618409846,0.011961868249616094,0.9999999999550588,4.494116190301156e-11,-0.01975580818225134,-0.10757125787509686,0.10937032265548317,0.01975580818225134
Be-Be_2.04_hgbs-5_as-008-012,hgbs-5,signed_parent_descendants_round_robin,200,0.005,1.0,84,0.42,0.425,115,0.10937032584510437,0.011961868175464305,0.9999999999550644,4.4935610787888436e-11,-0.00789015135688139,-0.10908534709428996,0.10937032247879776,0.00789015135688139
Be-Be_2.04_hgbs-5_as-008-012,hgbs-5,signed_parent_descendants_round_robin,200,0.005,1.0,85,0.425,0.43,114,0.1093703255066739,0.011961868101435803,0.9999999999550502,4.494982164260364e-11,0.004069886360065059,-0.10929457180503348,0.10937032230467944,-0.004069886360065059
Be-Be_2.04_hgbs-5_as-008-012,hgbs-5,signed_parent_descendants_round_robin,200,0.005,1.0,86,0.43,0.435,113,0.1093703251687544,0.011961868027519074,0.9999999999550458,4.4954151512399676e-11,0.015981240578578526,-0.10819642929666609,0.10937032213072644,-0.015981240578578526
Be-Be_2.04_hgbs-5_as-008-012,hgbs-5,signed_parent_descendants_round_robin,200,0.005,1.0,87,0.435,0.44,112,0.10937032483130327,0.011961867953704792,0.9999999999550472,4.4952819244770126e-11,0.027701429254380006,-0.10580405541238239,0.10937032195454992,-0.027701429254380006
Be-Be_2.04_hgbs-5_as-008-012,hgbs-5,signed_parent_descendants_round_robin,200,0.005,1.0,88,0.44,0.445,111,0.10937032449427388,0.011961867879982765,0.9999999999550533,4.494671301813469e-11,0.03909025704040276,-0.10214606742023913,0.10937032177380111,-0.03909025704040276
Be-Be_2.04_hgbs-5_as-008-012,hgbs-5,signed_parent_descendants_round_robin,200,0.005,1.0,89,0.445,0.45,110,0.10937032415763162,0.01196186780634542,0.9999999999550403,4.49597026275228e-11,0.050011492285126365,-0.09726622169739596,0.10937032158621568,-0.050011492285126365
Be-Be_2.04_hgbs-5_as-008-012,hgbs-5,signed_parent_descendants_round_robin,200,0.005,1.0,90,0.45,0.455,109,0.10937032382135198,0.011961867732787393,0.999999999955047,4.495304128937505e-11,0.06033449661791195,-0.09122289032221584,0.10937032138965237,-0.06033449661791195
Be-Be_2.04_hgbs-5_as-008-012,hgbs-5,signed_parent_descendants_round_robin,200,0.005,1.0,91,0.455,0.46,108,0.10937032348538067,0.011961867659296811,0.9999999999550295,4.4970471790861666e-11,0.06993578762805697,-0.08408836283526192,0.10937032118208002,-0.06993578762805697
Be-Be_2.04_hgbs-5_as-008-012,hgbs-5,signed_parent_descendants_round_robin,200,0.005,1.0,92,0.46,0.465,107,0.10937032314970523,0.011961867585870947,0.9999999999550315,4.496847338941734e-11,0.07870051594558147,-0.07594798152130922,0.10937032096168435,-0.07870051594558147
Be-Be_2.04_hgbs-5_as-008-012,hgbs-5,signed_parent_descendants_round_robin,200,0.005,1.0,93,0.465,0.47000000000000003,106,0.10937032281430965,0.011961867512506304,0.9999999999550289,4.497113792467644e-11,0.08652383905440726,-0.06689912055610152,0.10937032072684424,-0.08652383905440726
Be-Be_2.04_hgbs-5_as-008-012,hgbs-5,signed_parent_descendants_round_robin,200,0.005,1.0,94,0.47000000000000003,0.47500000000000003,105,0.10937032247916875,0.011961867439197367,0.9999999999550278,4.4972248147701066e-11,0.09331217540506277,-0.05705002122902007,0.10937032047615497,-0.09331217540506277
Be-Be_2.04_hgbs-5_as-008-012,hgbs-5,signed_parent_descendants_round_robin,200,0.005,1.0,95,0.47500000000000003,0.48,104,0.10937032214427575,0.011961867365942654,0.9999999999550209,4.497913153045374e-11,0.09898432382507041,-0.046518497174759706,0.1093703202084758,-0.09898432382507041
Be-Be_2.04_hgbs-5_as-008-012,hgbs-5,signed_parent_descendants_round_robin,200,0.005,1.0,96,0.48,0.485,103,0.10937032180961509,0.011961867292738767,0.9999999999550301,4.496991667934935e-11,0.10347243483682067,-0.03543052510169771,0.10937031992292119,-0.10347243483682067
Be-Be_2.04_hgbs-5_as-008-012,hgbs-5,signed_parent_descendants_round_robin,200,0.005,1.0,97,0.485,0.49,102,0.10937032147519261,0.01196186721958698,0.9999999999550241,4.497591188368233e-11,0.10672282226413612,-0.023918737874703458,0.10937031961890376,-0.10672282226413612
Be-Be_2.04_hgbs-5_as-008-012,hgbs-5,signed_parent_descendants_round_robin,200,0.005,1.0,98,0.49,0.495,101,0.10937032114099413,0.011961867146484187,0.9999999999550092,4.4990788872212306e-11,0.10869660541916785,-0.012120837977660155,0.10937031929610044,-0.10869660541916785
Be-Be_2.04_hgbs-5_as-008-012,hgbs-5,signed_parent_descendants_round_robin,200,0.005,1.0,99,0.495,0.5,100,0.10937032080702713,0.011961867073432032,0.9999999999550163,4.4983683444854705e-11,0.10937017418788586,-0.00017795033397740122,0.10937031895450364,-0.10937017418788586
Be-Be_2.04_hgbs-5_as-008-012,hgbs-5,signed_parent_descendants_round_robin,200,0.005,1.0,100,0.5,0.505,99,0.10937032047331617,0.011961867000435883,0.9999999999550142,4.498579286860149e-11,0.10873547145080228,0.011767065811612921,0.10937031859441147,-0.10873547145080228
Be-Be_2.04_hgbs-5_as-008-012,hgbs-5,signed_parent_descendants_round_robin,200,0.005,1.0,101,0.505,0.51,98,0.10937032013985333,0.011961866927494008,0.9999999999550022,4.4997783277267445e-11,0.10680008946066463,0.023571325757079823,0.10937031821638055,-0.10680008946066463
Be-Be_2.04_hgbs-5_as-008-012,hgbs-5,signed_parent_descendants_round_robin,200,0.005,1.0,102,0.51,0.515,97,0.10937031980665311,0.011961866854609579,0.9999999999550051,4.499489669740342e-11,0.10358717902435766,0.035093628511466676,0.1093703178212679,-0.10358717902435766
Be-Be_2.04_hgbs-5_as-008-012,hgbs-5,signed_parent_descendants_round_robin,200,0.005,1.0,103,0.515,0.52,96,0.10937031947374558,0.011961866781789171,0.999999999954998,4.500200212476102e-11,0.09913517257529555,0.04619614582275385,0.10937031741021314,-0.09913517257529555
Be-Be_2.04_hgbs-5_as-008-012,hgbs-5,signed_parent_descendants_round_robin,200,0.005,1.0,104,0.52,0.525,95,0.10937031914114152,0.011961866709035148,0.9999999999549986,4.500144701324871e-11,0.09349732444885668,0.0567460708614655,0.1093703169845879,-0.09349732444885668
Be-Be_2.04_hgbs-5_as-008-012,hgbs-5,signed_parent_descendants_round_robin,200,0.005,1.0,105,0.525,0.53,94,0.10937031880887255,0.011961866636354419,0.999999999955002,4.499800532187237e-11,0.0867410738602385,0.06661720683838562,0.10937031654601537,-0.0867410738602385
Be-Be_2.04_hgbs-5_as-008-012,hgbs-5,signed_parent_descendants_round_robin,200,0.005,1.0,106,0.53,0.535,93,0.10937031847696241,0.011961866563752184,0.9999999999549961,4.500388950390288e-11,0.07894723820453754,0.07569147655373129,0.10937031609631585,-0.07894723820453754
Be-Be_2.04_hgbs-5_as-008-012,hgbs-5,signed_parent_descendants_round_robin,200,0.005,1.0,107,0.535,0.54,92,0.10937031814543653,0.011961866491234005,0.9999999999549829,4.501710115789592e-11,0.07020904632886206,0.08386033482068138,0.1093703156374941,-0.07020904632886206
Be-Be_2.04_hgbs-5_as-008-012,hgbs-5,signed_parent_descendants_round_robin,200,0.005,1.0,108,0.54,0.545,91,0.10937031781433078,0.01196186641880772,0.9999999999549969,4.5003112347785645e-11,0.06063102334031354,0.09102606686804215,0.10937031517170885,-0.06063102334031354
Be-Be_2.04_hgbs-5_as-008-012,hgbs-5,signed_parent_descendants_round_robin,200,0.005,1.0,109,0.545,0.55,90,0.10937031748368371,0.011961866346481772,0.9999999999549793,4.502065387157472e-11,0.05032774028983768,0.09710295719064448,0.10937031470124553,-0.05032774028983768
Be-Be_2.04_hgbs-5_as-008-012,hgbs-5,signed_parent_descendants_round_robin,200,0.005,1.0,110,0.55,0.555,89,0.10937031715354811,0.0119618662742677,0.999999999954977,4.5022985339926436e-11,0.03942244368767068,0.10201831486615298,0.10937031422848292,-0.03942244368767068
Be-Be_2.04_hgbs-5_as-008-012,hgbs-5,signed_parent_descendants_round_robin,200,0.005,1.0,111,0.555,0.56,88,0.10937031682393036,0.011961866202166906,0.9999999999549797,4.5020320804667335e-11,0.028045581244533484,0.10571334307313839,0.10937031375580297,-0.028045581244533484
Be-Be_2.04_hgbs-5_as-008-012,hgbs-5,signed_parent_descendants_round_robin,200,0.005,1.0,112,0.56,0.5650000000000001,87,0.1093703164948888,0.011961866130192147,0.9999999999549822,4.50177672917107e-11,0.016333241473092484,0.1081438424099273,0.10937031328565142,-0.016333241473092484
Be-Be_2.04_hgbs-5_as-008-012,hgbs-5,signed_parent_descendants_round_robin,200,0.005,1.0,113,0.5650000000000001,0.5700000000000001,86,0.10937031616646704,0.011961866058352963,0.9999999999549678,4.5032200191030824e-11,0.004425525815082258,0.10928073960080922,0.1093703128204351,-0.004425525815082258
Be-Be_2.04_hgbs-5_as-008-012,hgbs-5,signed_parent_descendants_round_robin,200,0.005,1.0,114,0.5700000000000001,0.5750000000000001,85,0.10937031583870976,0.011961865986659128,0.9999999999549771,4.502287431762397e-11,-0.007535127233518494,0.10911043526558742,0.10937031236250198,0.007535127233518494
Be-Be_2.04_hgbs-5_as-008-012,hgbs-5,signed_parent_descendants_round_robin,200,0.005,1.0,115,0.5750000000000001,0.58,84,0.10937031551165005,0.011961865915117881,0.9999999999549628,4.503719619464164e-11,-0.019405645952426522,0.1076349665924382,0.109370311914094,0.019405645952426522
Be-Be_2.04_hgbs-5_as-008-012,hgbs-5,signed_parent_descendants_round_robin,200,0.005,1.0,116,0.58,0.585,83,0.10937031518534351,0.011961865843741383,0.9999999999549575,4.504252526515984e-11,-0.03104403680163537,0.10487198296833238,0.1093703114773451,0.03104403680163537
Be-Be_2.04_hgbs-5_as-008-012,hgbs-5,signed_parent_descendants_round_robin,200,0.005,1.0,117,0.585,0.59,82,0.10937031485983716,0.011961865772539916,0.9999999999549696,4.5030423834191424e-11,-0.04231108292849766,0.10085453485845258,0.10937031105422089,0.04231108292849766
Be-Be_2.04_hgbs-5_as-008-012,hgbs-5,signed_parent_descendants_round_robin,200,0.005,1.0,118,0.59,0.595,81,0.10937031453518295,0.01196186570152485,0.9999999999549565,4.5043524465882e-11,-0.05307200946034682,0.09563067846017403,0.10937031064650195,0.05307200946034682
Be-Be_2.04_hgbs-5_as-008-012,hgbs-5,signed_parent_descendants_round_robin,200,0.005,1.0,119,0.595,0.6,80,0.10937031421140259,0.011961865630700931,0.9999999999549559,4.5044079577394314e-11,-0.06319809566274949,0.08926290086051739,0.10937031025572064,0.06319809566274949
Be-Be_2.04_hgbs-5_as-008-012,hgbs-5,signed_parent_descendants_round_robin,200,0.005,1.0,120,0.6,0.605,79,0.10937031388855557,0.011961865560081173,0.9999999999549533,4.5046744112653414e-11,-0.07256821467865304,0.08182737257362019,0.10937030988320881,0.07256821467865304
Be-Be_2.04_hgbs-5_as-008-012,hgbs-5,signed_parent_descendants_round_robin,200,0.005,1.0,121,0.605,0.61,78,0.10937031356669832,0.011961865489677917,0.9999999999549516,4.504840944719035e-11,-0.08107028243068959,0.07341303639888301,0.10937030953003424,0.08107028243068959
Be-Be_2.04_hgbs-5_as-008-012,hgbs-5,signed_parent_descendants_round_robin,200,0.005,1.0,122,0.61,0.615,77,0.10937031324586148,0.011961865419497864,0.9999999999549466,4.5053405450801165e-11,-0.08860259835483636,0.06412054349903301,0.1093703091969655,0.08860259835483636
Be-Be_2.04_hgbs-5_as-008-012,hgbs-5,signed_parent_descendants_round_robin,200,0.005,1.0,123,0.615,0.62,76,0.10937031292609639,0.011961865349552249,0.9999999999549465,4.505351647310363e-11,-0.09507506192798922,0.05406104942452274,0.10937030888450336,0.09507506192798922
Be-Be_2.04_hgbs-5_as-008-012,hgbs-5,signed_parent_descendants_round_robin,200,0.005,1.0,124,0.62,0.625,75,0.10937031260744673,0.01196186527985062,0.9999999999549402,4.505984474434399e-11,-0.10041025043738465,0.04335488448602033,0.1093703085928465,0.10041025043738465
Be-Be_2.04_hgbs-5_as-008-012,hgbs-5,signed_parent_descendants_round_robin,200,0.005,1.0,125,0.625,0.63,74,0.10937031228993849,0.01196186521039867,0.9999999999549343,4.5065728926374504e-11,-0.10454434509989331,0.03213011437977971,0.10937030832188101,0.10454434509989331
Be-Be_2.04_hgbs-5_as-008-012,hgbs-5,signed_parent_descendants_round_robin,200,0.005,1.0,126,0.63,0.635,73,0.10937031197361886,0.011961865141206719,0.9999999999549404,4.5059622699739066e-11,-0.10742789445306675,0.02052100828355384,0.10937030807121709,0.10742789445306675
Be-Be_2.04_hgbs-5_as-008-012,hgbs-5,signed_parent_descendants_round_robin,200,0.005,1.0,127,0.635,0.64,72,0.10937031165854166,0.011961865072286535,0.999999999954929,4.507094697459024e-11,-0.10902640588633206,0.008666432747403387,0.10937030784018342,0.10902640588633206
Be-Be_2.04_hgbs-5_as-008-012,hgbs-5,signed_parent_descendants_round_robin,200,0.005,1.0,128,0.64,0.645,71,0.10937031134472008,0.011961865003641006,0.9999999999549242,4.507583195589859e-11,-0.10932075823655081,-0.0032918094086967684,0.10937030762779071,0.10932075823655081
Be-Be_2.04_hgbs-5_as-008-012,hgbs-5,signed_parent_descendants_round_robin,200,0.005,1.0,129,0.645,0.65,70,0.10937031103219064,0.011961864935278121,0.9999999999549253,4.507472173287397e-11,-0.10830743051262423,-0.01521067532031871,0.10937030743280865,0.10830743051262423
Be-Be_2.04_hgbs-5_as-008-012,hgbs-5,signed_parent_descendants_round_robin,200,0.005,1.0,130,0.65,0.655,69,0.10937031072099226,0.011961864867206394,0.9999999999549253,4.507472173287397e-11,-0.1059985440130389,-0.02694759313739288,0.1093703072537634,0.1059985440130389
Be-Be_2.04_hgbs-5_as-008-012,hgbs-5,signed_parent_descendants_round_robin,200,0.005,1.0,131,0.655,0.66,68,0.10937031041113976,0.011961864799429065,0.999999999954918,4.5082049204836494e-11,-0.10242171733258268,-0.03836216744883977,0.10937030708893657,0.10242171733258268
Be-Be_2.04_hgbs-5_as-008-012,hgbs-5,signed_parent_descendants_round_robin,200,0.005,1.0,132,0.66,0.665,67,0.10937031010266436,0.011961864731952966,0.9999999999549133,4.508671214153992e-11,-0.09761973599267125,-0.049317858673000536,0.10937030693642992,0.09761973599267125
Be-Be_2.04_hgbs-5_as-008-012,hgbs-5,signed_parent_descendants_round_robin,200,0.005,1.0,133,0.665,0.67,66,0.10937030979558422,0.011961864664782067,0.9999999999549146,4.508537987391037e-11,-0.09165004064698053,-0.059683616325222344,0.10937030679416387,0.09165004064698053
Be-Be_2.04_hgbs-5_as-008-012,hgbs-5,signed_parent_descendants_round_robin,200,0.005,1.0,134,0.67,0.675,65,0.10937030948991931,0.011961864597920735,0.9999999999549132,4.508682316384238e-11,-0.08458403998448558,-0.06933544662573103,0.10937030665992782,0.08458403998448558
Be-Be_2.04_hgbs-5_as-008-012,hgbs-5,signed_parent_descendants_round_robin,200,0.005,1.0,135,0.675,0.68,64,0.10937030918567862,0.01196186453137094,0.9999999999549057,4.509426165810737e-11,-0.07650625654873655,-0.07815789569628069,0.1093703065313972,0.07650625654873655
Be-Be_2.04_hgbs-5_as-008-012,hgbs-5,signed_parent_descendants_round_robin,200,0.005,1.0,136,0.68,0.685,63,0.10937030888287141,0.0119618644651347,0.9999999999549029,4.5097148237971396e-11,-0.06751331569100874,-0.08604543060376578,0.10937030640617809,0.06751331569100874
Be-Be_2.04_hgbs-5_as-008-012,hgbs-5,signed_parent_descendants_round_robin,200,0.005,1.0,137,0.685,0.6900000000000001,62,0.10937030858150068,0.011961864399212683,0.999999999954913,4.508704520844731e-11,-0.0577127897512726,-0.0929037017309323,0.10937030628184521,0.0577127897512726
Be-Be_2.04_hgbs-5_as-008-012,hgbs-5,signed_parent_descendants_round_robin,200,0.005,1.0,138,0.6900000000000001,0.6950000000000001,61,0.10937030828159047,0.011961864333610139,0.9999999999548996,4.510036788474281e-11,-0.047221911292766934,-0.0986506713738675,0.10937030615599808,0.047221911292766934
Be-Be_2.04_hgbs-5_as-008-012,hgbs-5,signed_parent_descendants_round_robin,200,0.005,1.0,139,0.6950000000000001,0.7000000000000001,60,0.10937030798311359,0.01196186426832112,0.9999999999549011,4.5098924594810796e-11,-0.03616617078200484,-0.10321759506613905,0.10937030602622722,0.03616617078200484
Be-Be_2.04_hgbs-5_as-008-012,hgbs-5,signed_parent_descendants_round_robin,200,0.005,1.0,140,0.7000000000000001,0.705,59,0.1093703076860684,0.011961864203345272,0.9999999999548909,4.510913864663735e-11,-0.02467781548908182,-0.10654984389106043,0.10937030589023015,0.02467781548908182
Be-Be_2.04_hgbs-5_as-008-012,hgbs-5,signed_parent_descendants_round_robin,200,0.005,1.0,141,0.705,0.71,58,0.10937030739044358,0.011961864138680117,0.9999999999548873,4.511269136031615e-11,-0.012894267563619836,-0.1086075579457028,0.10937030574580749,0.012894267563619836
Be-Be_2.04_hgbs-5_as-008-012,hgbs-5,signed_parent_descendants_round_robin,200,0.005,1.0,142,0.71,0.715,57,0.1093703070962236,0.011961864074322258,0.9999999999548871,4.5112913404921073e-11,-0.0009564802095778719,-0.10936612313991972,0.1093703055909025,0.0009564802095778719
Be-Be_2.04_hgbs-5_as-008-012,hgbs-5,signed_parent_descendants_round_robin,200,0.005,1.0,143,0.715,0.72,56,0.10937030680339246,0.011961864010268197,0.9999999999548822,4.5117798386229424e-11,0.010992748378100969,-0.10881646562701713,0.10937030542363885,-0.010992748378100969
Be-Be_2.04_hgbs-5_as-008-012,hgbs-5,signed_parent_descendants_round_robin,200,0.005,1.0,144,0.72,0.725,55,0.1093703065119156,0.011961863946510368,0.9999999999548768,4.512323847905009e-11,0.022810483146473153,-0.10696516034402791,0.10937030524232405,-0.022810483146473153
Be-Be_2.04_hgbs-5_as-008-012,hgbs-5,signed_parent_descendants_round_robin,200,0.005,1.0,145,0.725,0.73,54,0.10937030622177613,0.011961863883045081,0.9999999999548826,4.5117354297019574e-11,0.0343553619547002,-0.10383435236332703,0.10937030504551964,-0.0343553619547002
Be-Be_2.04_hgbs-5_as-008-012,hgbs-5,signed_parent_descendants_round_robin,200,0.005,1.0,146,0.73,0.735,53,0.10937030593292334,0.011961863819861245,0.9999999999548821,4.5117909408531887e-11,0.045489286529189835,-0.09946149199620458,0.10937030483200547,-0.045489286529189835
Be-Be_2.04_hgbs-5_as-008-012,hgbs-5,signed_parent_descendants_round_robin,200,0.005,1.0,147,0.735,0.74,52,0.10937030564532021,0.011961863756950762,0.9999999999548752,4.512479279128456e-11,0.05607907437690984,-0.09389888681720626,0.10937030460084446,-0.05607907437690984
Be-Be_2.04_hgbs-5_as-008-012,hgbs-5,signed_parent_descendants_round_robin,200,0.005,1.0,148,0.74,0.745,51,0.10937030535893863,0.011961863694307481,0.9999999999548738,4.5126236081216575e-11,0.06599805189673023,-0.08721307596773233,0.1093703043513958,-0.06599805189673023
Be-Be_2.04_hgbs-5_as-008-012,hgbs-5,signed_parent_descendants_round_robin,200,0.005,1.0,149,0.745,0.75,50,0.10937030507371384,0.011961863631917235,0.9999999999548805,4.511946372076636e-11,0.07512756963218153,-0.07948403422342103,0.10937030408327596,-0.07512756963218153
Be-Be_2.04_hgbs-5_as-008-012,hgbs-5,signed_parent_descendants_round_robin,200,0.005,1.0,150,0.75,0.755,49,0.10937030478960014,0.01196186356977003,0.99999999995487,4.51300108395003e-11,0.08335842154046885,-0.07080421534628278,0.10937030379642039,-0.08335842154046885
Be-Be_2.04_hgbs-5_as-008-012,hgbs-5,signed_parent_descendants_round_robin,200,0.005,1.0,151,0.755,0.76,48,0.10937030450653246,0.011961863507851634,0.9999999999548618,4.513822648988253e-11,0.09059215130054012,-0.06127744616466322,0.10937030349104437,-0.09059215130054012
Be-Be_2.04_hgbs-5_as-008-012,hgbs-5,signed_parent_descendants_round_robin,200,0.005,1.0,152,0.76,0.765,47,0.10937030422444946,0.011961863446148628,0.9999999999548571,4.514288942658595e-11,0.09674223003425664,-0.0510176846101947,0.10937030316766214,-0.09674223003425664
Be-Be_2.04_hgbs-5_as-008-012,hgbs-5,signed_parent_descendants_round_robin,200,0.005,1.0,153,0.765,0.77,46,0.10937030394328456,0.011961863384646446,0.9999999999548568,4.514322249349334e-11,0.10173509135299469,-0.040147656567764735,0.10937030282707166,-0.10173509135299469
Be-Be_2.04_hgbs-5_as-008-012,hgbs-5,signed_parent_descendants_round_robin,200,0.005,1.0,154,0.77,0.775,45,0.10937030366296939,0.011961863323330135,0.9999999999548475,4.515254836690019e-11,0.10551101134853304,-0.02879738784445469,0.10937030247034253,-0.10551101134853304
Be-Be_2.04_hgbs-5_as-008-012,hgbs-5,signed_parent_descendants_round_robin,200,0.005,1.0,155,0.775,0.78,44,0.10937030338341049,0.011961863262179252,0.9999999999548564,4.514355556040073e-11,0.10802482300190955,-0.017102648817753124,0.10937030209877487,-0.10802482300190955
Be-Be_2.04_hgbs-5_as-008-012,hgbs-5,signed_parent_descendants_round_robin,200,0.005,1.0,156,0.78,0.785,43,0.10937030310454693,0.011961863201180466,0.9999999999548527,4.5147330318684453e-11,0.10924645646462189,-0.00520333036825948,0.10937030171393776,-0.10924645646462189
Be-Be_2.04_hgbs-5_as-008-012,hgbs-5,signed_parent_descendants_round_robin,200,0.005,1.0,157,0.785,0.79,42,0.10937030282627952,0.011961863140312086,0.9999999999548344,4.516564899859077e-11,0.10916129874932101,0.006758229476615016,0.10937030131757479,-0.10916129874932101
Be-Be_2.04_hgbs-5_as-008-012,hgbs-5,signed_parent_descendants_round_robin,200,0.005,1.0,158,0.79,0.795,41,0.10937030254853183,0.011961863079557388,0.9999999999548427,4.515732232590608e-11,0.10777036852759403,0.018638948171165525,0.10937030091163151,-0.10777036852759403
Be-Be_2.04_hgbs-5_as-008-012,hgbs-5,signed_parent_descendants_round_robin,200,0.005,1.0,159,0.795,0.8,40,0.10937030227119786,0.011961863018893189,0.9999999999548438,4.5156212102881454e-11,0.10509030394381015,0.030296710185421894,0.10937030049817842,-0.10509030394381015
Be-Be_2.04_hgbs-5_as-008-012,hgbs-5,signed_parent_descendants_round_robin,200,0.005,1.0,160,0.8,0.805,39,0.10937030199418482,0.011961862958299188,0.9999999999548318,4.5168202511547406e-11,0.10115316359098812,0.041592066971926994,0.10937030007942039,-0.10115316359098812
Be-Be_2.04_hgbs-5_as-008-012,hgbs-5,signed_parent_descendants_round_robin,200,0.005,1.0,161,0.805,0.81,38,0.10937030171739619,0.011961862897754274,0.9999999999548401,4.515987583886272e-11,0.09600604302925865,0.05238990503012884,0.10937029965763916,-0.09600604302925865
Be-Be_2.04_hgbs-5_as-008-012,hgbs-5,signed_parent_descendants_round_robin,200,0.005,1.0,162,0.81,0.8150000000000001,37,0.10937030144072567,0.011961862837235198,0.9999999999548372,4.516276241872674e-11,0.08971051143428635,0.06256106211523481,0.10937029923515565,-0.08971051143428635
Be-Be_2.04_hgbs-5_as-008-012,hgbs-5,signed_parent_descendants_round_robin,200,0.005,1.0,163,0.8150000000000001,0.8200000000000001,36,0.10937030116405176,0.011961862776715383,0.9999999999548295,4.517053397989912e-11,0.08234187511426325,0.07198387225895604,0.1093702988142879,-0.08234187511426325
Be-Be_2.04_hgbs-5_as-008-012,hgbs-5,signed_parent_descendants_round_robin,200,0.005,1.0,164,0.8200000000000001,0.8250000000000001,35,0.10937030088729272,0.011961862716176943,0.9999999999548238,4.517619611732471e-11,0.07398827670539641,0.08054562112054765,0.10937029839736709,-0.07398827670539641
Be-Be_2.04_hgbs-5_as-008-012,hgbs-5,signed_parent_descendants_round_robin,200,0.005,1.0,165,0.8250000000000001,0.8300000000000001,34,0.10937030061030399,0.011961862655588263,0.9999999999548291,4.5170867046806507e-11,0.06474964082099169,0.08814389425949797,0.10937029798659685,-0.06474964082099169
Be-Be_2.04_hgbs-5_as-008-012,hgbs-5,signed_parent_descendants_round_robin,200,0.005,1.0,166,0.8300000000000001,0.835,33,0.10937030033300026,0.011961862594930676,0.9999999999548242,4.517575202811486e-11,0.05473647876651391,0.09468780220222289,0.10937029758414446,-0.05473647876651391
Be-Be_2.04_hgbs-5_as-008-012,hgbs-5,signed_parent_descendants_round_robin,200,0.005,1.0,167,0.835,0.84,32,0.10937030005524287,0.011961862534173858,0.9999999999548157,4.518430074540447e-11,0.044068566618013234,0.10009906764849084,0.10937029719198633,-0.044068566618013234
Be-Be_2.04_hgbs-5_as-008-012,hgbs-5,signed_parent_descendants_round_robin,200,0.005,1.0,168,0.84,0.845,31,0.10937029977692288,0.011961862473293977,0.999999999954807,4.519296048499655e-11,0.03287351247703975,0.10431296181280353,0.10937029681196579,-0.03287351247703975
Be-Be_2.04_hgbs-5_as-008-012,hgbs-5,signed_parent_descendants_round_robin,200,0.005,1.0,169,0.845,0.85,30,0.10937029949792232,0.011961862412265227,0.9999999999548006,4.519939977853937e-11,0.02128523004003844,0.10727907870021769,0.10937029644572084,-0.02128523004003844
Be-Be_2.04_hgbs-5_as-008-012,hgbs-5,signed_parent_descendants_round_robin,200,0.005,1.0,170,0.85,0.855,29,0.10937029921810457,0.011961862351057723,0.9999999999548078,4.519218332887931e-11,0.00944233674128944,0.10896193805496958,0.1093702960946478,-0.00944233674128944
Be-Be_2.04_hgbs-5_as-008-012,hgbs-5,signed_parent_descendants_round_robin,200,0.005,1.0,171,0.855,0.86,28,0.10937029893735194,0.011961862289645726,0.9999999999547926,4.5207393384316674e-11,-0.002513504369352226,0.10934140976956883,0.10937029575991607,0.002513504369352226
Be-Be_2.04_hgbs-5_as-008-012,hgbs-5,signed_parent_descendants_round_robin,200,0.005,1.0,172,0.86,0.865,27,0.109370298655539,0.011961862228001796,0.9999999999548022,4.51978454663049e-11,-0.014439279180013547,0.10841295467758491,0.10937029544242098,0.014439279180013547
Be-Be_2.04_hgbs-5_as-008-012,hgbs-5,signed_parent_descendants_round_robin,200,0.005,1.0,173,0.865,0.87,26,0.10937029837254851,0.011961862166100288,0.9999999999548005,4.5199510800841836e-11,-0.026192333231126484,0.10618767884990093,0.10937029514278578,0.026192333231126484
Be-Be_2.04_hgbs-5_as-008-012,hgbs-5,signed_parent_descendants_round_robin,200,0.005,1.0,174,0.87,0.875,25,0.10937029808824324,0.011961862103911182,0.9999999999547954,4.520461782675511e-11,-0.037632078127843305,0.10269220074490346,0.10937029486131804,0.037632078127843305
Be-Be_2.04_hgbs-5_as-008-012,hgbs-5,signed_parent_descendants_round_robin,200,0.005,1.0,175,0.875,0.88,24,0.10937029780249125,0.01196186204140562,0.9999999999547909,4.520905871885361e-11,-0.04862167323824086,0.09796833280184924,0.10937029459803133,0.04862167323824086
Be-Be_2.04_hgbs-5_as-008-012,hgbs-5,signed_parent_descendants_round_robin,200,0.005,1.0,176,0.88,0.885,23,0.10937029751518385,0.01196186197855983,0.9999999999547806,4.5219383792982626e-11,-0.059029662561321077,0.09207258128609139,0.1093702943526593,0.059029662561321077
Be-Be_2.04_hgbs-5_as-008-012,hgbs-5,signed_parent_descendants_round_robin,200,0.005,1.0,177,0.885,0.89,22,0.10937029722618564,0.011961861915344192,0.999999999954788,4.521194529871764e-11,-0.06873154718483247,0.08507547036885542,0.10937029412460611,0.06873154718483247
Be-Be_2.04_hgbs-5_as-008-012,hgbs-5,signed_parent_descendants_round_robin,200,0.005,1.0,178,0.89,0.895,21,0.10937029693537571,0.011961861851732255,0.9999999999547765,4.522349161817374e-11,-0.07761127452332486,0.07706069852707856,0.10937029391300081,0.07761127452332486
Be-Be_2.04_hgbs-5_as-008-012,hgbs-5,signed_parent_descendants_round_robin,200,0.005,1.0,179,0.895,0.9,20,0.10937029664262625,0.011961861787696062,0.9999999999547712,4.522882068869194e-11,-0.08556262652263442,0.06812413735395578,0.10937029371667818,0.08556262652263442
Be-Be_2.04_hgbs-5_as-008-012,hgbs-5,signed_parent_descendants_round_robin,200,0.005,1.0,180,0.9,0.905,19,0.10937029634782115,0.01196186172321022,0.9999999999547783,4.522171526133434e-11,-0.0924904902250247,0.058372684756618526,0.10937029353421775,0.0924904902250247
Be-Be_2.04_hgbs-5_as-008-012,hgbs-5,signed_parent_descendants_round_robin,200,0.005,1.0,181,0.905,0.91,18,0.10937029605083638,0.011961861658247598,0.9999999999547753,4.5224712863500827e-11,-0.09831199549686054,0.047922986258584516,0.10937029336394416,0.09831199549686054
Be-Be_2.04_hgbs-5_as-008-012,hgbs-5,signed_parent_descendants_round_robin,200,0.005,1.0,182,0.91,0.915,17,0.1093702957515438,0.011961861592780162,0.9999999999547662,4.523381669230275e-11,-0.10295750630948547,0.0369000397025651,0.10937029320395288,0.10295750630948547
Be-Be_2.04_hgbs-5_as-008-012,hgbs-5,signed_parent_descendants_round_robin,200,0.005,1.0,183,0.915,0.92,16,0.10937029544984263,0.011961861526785866,0.9999999999547696,4.5230375000926415e-11,-0.10637145371567741,0.025435700044047133,0.10937029305216861,0.10637145371567741
Be-Be_2.04_hgbs-5_as-008-012,hgbs-5,signed_parent_descendants_round_robin,200,0.005,1.0,184,0.92,0.925,15,0.10937029514561301,0.011961861460238503,0.9999999999547593,4.524070007505543e-11,-0.10851300055767063,0.013667102121040088,0.10937029290632794,0.10851300055767063
Be-Be_2.04_hgbs-5_as-008-012,hgbs-5,signed_parent_descendants_round_robin,200,0.005,1.0,185,0.925,0.93,14,0.10937029483875502,0.011961861393116204,0.9999999999547586,4.5241366208870204e-11,-0.10935652995578006,0.0017350202664307946,0.10937029276405155,0.10935652995578006
Be-Be_2.04_hgbs-5_as-008-012,hgbs-5,signed_parent_descendants_round_robin,200,0.005,1.0,186,0.93,0.935,13,0.10937029452913898,0.011961861325390606,0.9999999999547615,4.523847962900618e-11,-0.10889195173412189,-0.010217815614734995,0.10937029262282813,0.10889195173412189
Be-Be_2.04_hgbs-5_as-008-012,hgbs-5,signed_parent_descendants_round_robin,200,0.005,1.0,187,0.935,0.9400000000000001,12,0.10937029421667065,0.0119618612570411,0.999999999954749,4.525102514918444e-11,-0.1071248231182623,-0.02204842736042007,0.10937029248011867,0.1071248231182623
Be-Be_2.04_hgbs-5_as-008-012,hgbs-5,signed_parent_descendants_round_robin,200,0.005,1.0,188,0.9400000000000001,0.9450000000000001,11,0.1093702939012591,0.011961861188047795,0.9999999999547504,4.524958185925243e-11,-0.10407628226071836,-0.03361529883655881,0.10937029233335654,0.10407628226071836
Be-Be_2.04_hgbs-5_as-008-012,hgbs-5,signed_parent_descendants_round_robin,200,0.005,1.0,189,0.9450000000000001,0.9500000000000001,10,0.10937029358279586,0.011961861118386957,0.9999999999547444,4.5255577063585406e-11,-0.09978279538961676,-0.04478006873337089,0.1093702921799679,0.09978279538961676
Be-Be_2.04_hgbs-5_as-008-012,hgbs-5,signed_parent_descendants_round_robin,200,0.005,1.0,190,0.9500000000000001,0.9550000000000001,9,0.10937029326118883,0.011961861048038447,0.9999999999547323,4.526767849455382e-11,-0.09429572060502205,-0.055409185624406394,0.10937029201744093,0.09429572060502205
Be-Be_2.04_hgbs-5_as-008-012,hgbs-5,signed_parent_descendants_round_robin,200,0.005,1.0,191,0.9550000000000001,0.96,8,0.1093702929363601,0.01196186097698522,0.999999999954736,4.526401475857256e-11,-0.08768069354066411,-0.06537550549043565,0.10937029184336046,0.08768069354066411
Be-Be_2.04_hgbs-5_as-008-012,hgbs-5,signed_parent_descendants_round_robin,200,0.005,1.0,192,0.96,0.965,7,0.1093702926082163,0.011961860905206853,0.9999999999547278,4.5272230408954783e-11,-0.08001684223972433,-0.07455981259883684,0.10937029165541527,0.08001684223972433
Be-Be_2.04_hgbs-5_as-008-012,hgbs-5,signed_parent_descendants_round_robin,200,0.005,1.0,193,0.965,0.97,6,0.10937029227668645,0.011961860832687818,0.9999999999547319,4.526812258376367e-11,-0.07139584063614653,-0.08285224554613345,0.10937029145146693,0.07139584063614653
Be-Be_2.04_hgbs-5_as-008-012,hgbs-5,signed_parent_descendants_round_robin,200,0.005,1.0,194,0.97,0.975,5,0.1093702919416803,0.01196186075940838,0.9999999999547254,4.5274561877306496e-11,-0.061920811963674334,-0.09015361140516889,0.10937029122954237,0.061920811963674334
Be-Be_2.04_hgbs-5_as-008-012,hgbs-5,signed_parent_descendants_round_robin,200,0.005,1.0,195,0.975,0.98,4,0.10937029160316403,0.011961860685361132,0.9999999999547163,4.528366570610842e-11,-0.05170509520979887,-0.09637657225763793,0.10937029098793727,0.05170509520979887
Be-Be_2.04_hgbs-5_as-008-012,hgbs-5,signed_parent_descendants_round_robin,200,0.005,1.0,196,0.98,0.985,3,0.10937029126103877,0.011961860610524452,0.9999999999547241,4.5275894144936046e-11,-0.04087088937008164,-0.1014466899183768,0.1093702907251176,0.04087088937008164
Be-Be_2.04_hgbs-5_as-008-012,hgbs-5,signed_parent_descendants_round_robin,200,0.005,1.0,197,0.985,0.99,2,0.10937029091526798,0.011961860534890349,0.9999999999547151,4.528488695143551e-11,-0.029547791720393183,-0.1053033163549479,0.10937029043987208,0.029547791720393183
Be-Be_2.04_hgbs-5_as-008-012,hgbs-5,signed_parent_descendants_round_robin,200,0.005,1.0,198,0.99,0.995,1,0.10937029056579367,0.011961860458446136,0.9999999999547152,4.528477592913305e-11,-0.01787124759156229,-0.10790031915112083,0.10937029013124476,0.01787124759156229
Be-Be_2.04_hgbs-5_as-008-012,hgbs-5,signed_parent_descendants_round_robin,200,0.005,1.0,199,0.995,1.0,0,0.10937029021257207,0.011961860381182238,0.9999999999547051,4.5294878958657137e-11,-0.005980930190608979,-0.10920663333644882,0.10937028979858522,0.005980930190608979
Be-Be_2.04_sto-6g_as-008-012,sto-6g,fermionic_signed_reference,25,0.04,1.0,0,0.0,0.04,24,0.8454406772135357,0.7147699386872818,0.999999882045301,1.1795469900821587e-07,-0.4814146474374968,0.6949799612166,0.8454331489006072,0.4814146474374968
Be-Be_2.04_sto-6g_as-008-012,sto-6g,fermionic_signed_reference,25,0.04,1.0,1,0.04,0.08,23,0.8454367424919453,0.7147632855553919,0.9999998820229075,1.1797709253968947e-07,-0.8418460104474063,0.07775253138669172,0.8454289807211797,0.8418460104474063
Be-Be_2.04_sto-6g_as-008-012,sto-6g,fermionic_signed_reference,25,0.04,1.0,2,0.08,0.12,22,0.8454332556150387,0.7147573896998434,0.9999998819357618,1.1806423816373979e-07,-0.600558183630259,-0.5950411959759747,0.8454254294932192,0.600558183630259
Be-Be_2.04_sto-6g_as-008-012,sto-6g,fermionic_signed_reference,25,0.04,1.0,3,0.12,0.16,21,0.8454304089727186,0.7147525764157783,0.9999998817397767,1.1826022328076391e-07,0.0699766634528105,-0.8425216960677138,0.8454227000576723,-0.0699766634528105
Be-Be_2.04_sto-6g_as-008-012,sto-6g,fermionic_signed_reference,25,0.04,1.0,4,0.16,0.2,20,0.8454283005396597,0.7147490113533772,0.9999998813833654,1.1861663462564564e-07,0.6904907797132019,-0.48781035138609846,0.8454208749424007,-0.6904907797132019
Be-Be_2.04_sto-6g_as-008-012,sto-6g,fermionic_signed_reference,25,0.04,1.0,5,0.2,0.24,19,0.8454269227548452,0.714746681718727,0.9999998808187128,1.1918128717258725e-07,0.8174772531383895,0.2155591755938298,0.8454199060711654,-0.8174772531383895
Be-Be_2.04_sto-6g_as-008-012,sto-6g,fermionic_signed_reference,25,0.04,1.0,6,0.24,0.28,18,0.8454261692696182,0.7147454076859012,0.99999988001262,1.1998738003171638e-07,0.3601767796999995,0.76485752652929,0.8454196286599723,-0.3601767796999995
Be-Be_2.04_sto-6g_as-008-012,sto-6g,fermionic_signed_reference,25,0.04,1.0,7,0.28,0.32,17,0.8454258580940001,0.7147448815339763,0.9999998789552731,1.2104472690843693e-07,-0.3545574457000496,0.7674787599529964,0.845419794705762,0.3545574457000496
Be-Be_2.04_sto-6g_as-008-012,sto-6g,fermionic_signed_reference,25,0.04,1.0,8,0.32,0.36,16,0.8454257667796097,0.714744727134891,0.9999998776658646,1.2233413537732218e-07,-0.8158743833591919,0.2215494749029716,0.8454201199708486,0.8158743833591919
Be-Be_2.04_sto-6g_as-008-012,sto-6g,fermionic_signed_reference,25,0.04,1.0,9,0.36,0.4,15,0.845425673204094,0.7147445689125956,0.9999998761944061,1.2380559388791568e-07,-0.6940504824883834,-0.48273126295641644,0.8454203359736828,0.6940504824883834
Be-Be_2.04_sto-6g_as-008-012,sto-6g,fermionic_signed_reference,25,0.04,1.0,10,0.4,0.44,14,0.8454253946338284,0.7147440978917644,0.9999998746194326,1.2538056737287917e-07,-0.07615847958134365,-0.8419829358220999,0.845420237649741,0.07615847958134365
Be-Be_2.04_sto-6g_as-008-012,sto-6g,fermionic_signed_reference,25,0.04,1.0,11,0.44,0.48,13,0.845424818185606,0.7147431232041649,0.9999998730416335,1.2695836648646264e-07,0.5961665149764884,-0.5994330540913304,0.8454197181971044,-0.5961665149764884
Be-Be_2.04_sto-6g_as-008-012,sto-6g,fermionic_signed_reference,25,0.04,1.0,12,0.48,0.52,12,0.8454239174844063,0.7147416002546801,0.9999998715736986,1.2842630137122057e-07,0.8423851325614102,0.07155564605653614,0.8454187850072135,-0.8423851325614102
Be-Be_2.04_sto-6g_as-008-012,sto-6g,fermionic_signed_reference,25,0.04,1.0,13,0.52,0.56,11,0.8454227528972372,0.7147396311163431,0.9999998703275836,1.2967241636019367e-07,0.48651745776942273,0.6913982962032587,0.8454175540566868,-0.48651745776942273
Be-Be_2.04_sto-6g_as-008-012,sto-6g,fermionic_signed_reference,25,0.04,1.0,14,0.56,0.6,10,0.8454214557276956,0.714737437804736,0.9999998694011092,1.305988908129052e-07,-0.21708037816787498,0.8170708055711025,0.8454162240589649,0.21708037816787498
Be-Be_2.04_sto-6g_as-008-012,sto-6g,fermionic_signed_reference,25,0.04,1.0,15,0.6,0.64,9,0.8454201996275407,0.7147353139382707,0.999999868865933,1.3113406704956532e-07,-0.7655205235476344,0.3587546654490078,0.8454150353252974,0.7655205235476344
Be-Be_2.04_sto-6g_as-008-012,sto-6g,fermionic_signed_reference,25,0.04,1.0,16,0.64,0.68,8,0.8454191647014239,0.7147335640444532,0.9999998687590789,1.3124092113070418e-07,-0.7668169846325997,-0.3559731972286755,0.8454142209983447,0.7668169846325997
Be-Be_2.04_sto-6g_as-008-012,sto-6g,fermionic_signed_reference,25,0.04,1.0,17,0.68,0.72,7,0.8454185009623685,0.7147324417694583,0.9999998690794426,1.309205573951644e-07,-0.22004609445944273,-0.8162747573139103,0.8454139596166704,0.22004609445944273
Be-Be_2.04_sto-6g_as-008-012,sto-6g,fermionic_signed_reference,25,0.04,1.0,18,0.72,0.76,6,0.8454182977481643,0.7147320981674039,0.9999998697896634,1.3021033662408144e-07,0.4839982299367681,-0.6931602380939095,0.8454143376216954,-0.4839982299367681
Be-Be_2.04_sto-6g_as-008-012,sto-6g,fermionic_signed_reference,25,0.04,1.0,19,0.76,0.8,5,0.8454185644750266,0.7147325491590147,0.9999998708226504,1.291773495948334e-07,0.8421155092677404,-0.07462269593066563,0.8454153285203825,-0.8421155092677404
Be-Be_2.04_sto-6g_as-008-012,sto-6g,fermionic_signed_reference,25,0.04,1.0,20,0.8,0.84,4,0.845419225939871,0.7147336675887705,0.9999998720918966,1.2790810344220915e-07,0.5983471136894669,0.5972522786028077,0.8454167923319017,-0.5983471136894669
Be-Be_2.04_sto-6g_as-008-012,sto-6g,fermionic_signed_reference,25,0.04,1.0,21,0.84,0.88,3,0.8454201327065485,0.7147352007855581,0.9999998735036231,1.2649637692874194e-07,-0.07308154229502792,0.842253833653055,0.8454184952598848,0.07308154229502792
Be-Be_2.04_sto-6g_as-008-012,sto-6g,fermionic_signed_reference,25,0.04,1.0,22,0.88,0.92,2,0.8454210844230958,0.7147368099871234,0.9999998749694415,1.2503055846213584e-07,-0.6922795666569708,0.4852671683943334,0.8454201459228528,0.6922795666569708
Be-Be_2.04_sto-6g_as-008-012,sto-6g,fermionic_signed_reference,25,0.04,1.0,23,0.92,0.96,1,0.8454218617016998,0.7147381242431678,0.999999876417611,1.235823889889076e-07,-0.8166816240121572,-0.21856014941955515,0.8454214415978771,0.8166816240121572
Be-Be_2.04_sto-6g_as-008-012,sto-6g,fermionic_signed_reference,25,0.04,1.0,24,0.96,1.0,0,0.8454222608327083,0.7147387991114879,0.9999998778014615,1.221985385102542e-07,-0.3573693995557491,-0.7661760026098875,0.8454221162910887,0.3573693995557491
Be-Be_2.04_sto-6g_as-008-012,sto-6g,fermionic_magnitude_reference,25,0.04,1.0,0,0.0,0.04,24,0.8454408044549127,0.7147701538373699,0.999999880843958,1.191560420332749e-07,-0.4813749956756072,0.6950085595772697,0.8454340804269497,0.4813749956756072
Be-Be_2.04_sto-6g_as-008-012,sto-6g,fermionic_magnitude_reference,25,0.04,1.0,1,0.04,0.08,23,0.8454369350879402,0.7147636112108899,0.9999998809212851,1.1907871488858746e-07,-0.841842344764214,0.07780112340833305,0.8454298008952065,0.841842344764214
Be-Be_2.04_sto-6g_as-008-012,sto-6g,fermionic_magnitude_reference,25,0.04,1.0,2,0.08,0.12,22,0.8454335151245654,0.7147578284958789,0.9999998809923332,1.1900766683226038e-07,-0.6005928389199259,-0.5950072127773643,0.8454261300781896,0.6005928389199259
Be-Be_2.04_sto-6g_as-008-012,sto-6g,fermionic_magnitude_reference,25,0.04,1.0,3,0.12,0.16,21,0.8454307386970138,0.7147531339337784,0.9999998809950723,1.1900492769001403e-07,0.06992856889237863,-0.8425262747486787,0.845423283562277,-0.06992856889237863
Be-Be_2.04_sto-6g_as-008-012,sto-6g,fermionic_magnitude_reference,25,0.04,1.0,4,0.16,0.2,20,0.845428706139058,0.7147496971639615,0.9999998808565244,1.1914347564090377e-07,0.6904634473642597,-0.4878498723215139,0.845421356525996,-0.6904634473642597
Be-Be_2.04_sto-6g_as-008-012,sto-6g,fermionic_magnitude_reference,25,0.04,1.0,5,0.2,0.24,19,0.8454274130264912,0.7147475106966652,0.999999880507574,1.1949242595399312e-07,0.8174898200247273,0.21551311270512394,0.8454203141585329,-0.8174898200247273
Be-Be_2.04_sto-6g_as-008-012,sto-6g,fermionic_magnitude_reference,25,0.04,1.0,6,0.24,0.28,18,0.8454267570108713,0.7147464014699189,0.9999998798972021,1.20102797929178e-07,0.36021980274156523,0.7648376803496364,0.8454200042403686,-0.36021980274156523
Be-Be_2.04_sto-6g_as-008-012,sto-6g,fermionic_magnitude_reference,25,0.04,1.0,7,0.28,0.32,17,0.8454265609103898,0.7147460698927691,0.999999879003715,1.2099628499129267e-07,-0.3545150093853245,0.7674987979487721,0.8454201894515453,0.3545150093853245
Be-Be_2.04_sto-6g_as-008-012,sto-6g,fermionic_magnitude_reference,25,0.04,1.0,8,0.32,0.36,16,0.8454266076362643,0.714746148899362,0.9999998778416723,1.221583276755922e-07,-0.815862689062203,0.2215943419196703,0.8454205934176319,0.815862689062203
Be-Be_2.04_sto-6g_as-008-012,sto-6g,fermionic_magnitude_reference,25,0.04,1.0,9,0.36,0.4,15,0.8454266804850503,0.7147462720759714,0.9999998764633683,1.235366317020592e-07,-0.6940770544643632,-0.4826941356938732,0.8454209520512145,0.6940770544643632
Be-Be_2.04_sto-6g_as-008-012,sto-6g,fermionic_magnitude_reference,25,0.04,1.0,10,0.4,0.44,14,0.8454266014874711,0.7147461385026552,0.9999998749550666,1.2504493340781409e-07,-0.07620312778763387,-0.8419797227086362,0.8454210608549626,0.07620312778763387
Be-Be_2.04_sto-6g_as-008-012,sto-6g,fermionic_magnitude_reference,25,0.04,1.0,11,0.44,0.48,13,0.8454262610053367,0.7147455627974636,0.9999998734279212,1.2657207881794363e-07,0.5961363441642423,-0.599464598287509,0.845420809676171,-0.5961363441642423
Be-Be_2.04_sto-6g_as-008-012,sto-6g,fermionic_magnitude_reference,25,0.04,1.0,12,0.48,0.52,12,0.8454256335004401,0.7147445017796205,0.9999998720049449,1.2799505511029707e-07,0.8423901166048857,0.07151366273539114,0.8454201987836725,-0.8423901166048857
Be-Be_2.04_sto-6g_as-008-012,sto-6g,fermionic_magnitude_reference,25,0.04,1.0,13,0.52,0.56,11,0.8454247770202243,0.714743053599696,0.9999998708054226,1.2919457736959572e-07,0.48655166526793453,0.691376400154146,0.845419333623916,-0.48655166526793453
Be-Be_2.04_sto-6g_as-008-012,sto-6g,fermionic_magnitude_reference,25,0.04,1.0,14,0.56,0.6,10,0.8454238169574148,0.7147414302788443,0.9999998699294926,1.3007050736479897e-07,-0.21704365678090265,0.8170828118058713,0.8454183995498413,0.21704365678090265
Be-Be_2.04_sto-6g_as-008-012,sto-6g,fermionic_magnitude_reference,25,0.04,1.0,15,0.6,0.64,9,0.845422917484037,0.7147399094072209,0.9999998694453154,1.305546846186445e-07,-0.765507491930457,0.35878856517183405,0.8454176214745716,0.765507491930457
Be-Be_2.04_sto-6g_as-008-012,sto-6g,fermionic_magnitude_reference,25,0.04,1.0,16,0.64,0.68,8,0.8454222462149176,0.7147387743950767,0.9999998693810114,1.306189886252085e-07,-0.7668338179778302,-0.3559440474233568,0.8454172161072762,0.7668338179778302
Be-Be_2.04_sto-6g_as-008-012,sto-6g,fermionic_magnitude_reference,25,0.04,1.0,17,0.68,0.72,7,0.8454219387456723,0.7147382545124912,0.9999998697226674,1.3027733258841323e-07,-0.22007640815141036,-0.8162700919286351,0.8454173456950175,0.22007640815141036
Be-Be_2.04_sto-6g_as-008-012,sto-6g,fermionic_magnitude_reference,25,0.04,1.0,18,0.72,0.76,6,0.8454220695613999,0.7147384757014804,0.9999998704186169,1.29581383068178e-07,0.48397814459682764,-0.6931788287279947,0.8454180818057433,-0.48397814459682764
Be-Be_2.04_sto-6g_as-008-012,sto-6g,fermionic_magnitude_reference,25,0.04,1.0,19,0.76,0.8,5,0.8454226344870288,0.7147394309029883,0.9999998713886971,1.2861130294083978e-07,0.8421174810945468,-0.07464640528556782,0.8454193857412318,-0.8421174810945468
Be-Be_2.04_sto-6g_as-008-012,sto-6g,fermionic_magnitude_reference,25,0.04,1.0,20,0.8,0.84,4,0.8454235476252377,0.7147409748792426,0.9999998725371424,1.2746285760201204e-07,0.5983639580838204,0.5972415133679659,0.8454211090479077,-0.5983639580838204
Be-Be_2.04_sto-6g_as-008-012,sto-6g,fermionic_magnitude_reference,25,0.04,1.0,21,0.84,0.88,3,0.8454246530384018,0.714742843965102,0.9999998737667336,1.2623326639538135e-07,-0.07306660269753401,0.8422596654201486,0.8454230138950678,0.07306660269753401
Be-Be_2.04_sto-6g_as-008-012,sto-6g,fermionic_magnitude_reference,25,0.04,1.0,22,0.88,0.92,2,0.8454257487823481,0.7147446967041939,0.9999998749925142,1.2500748580723808e-07,-0.6922770142944582,0.48527893422852525,0.8454248095049156,0.6922770142944582
Be-Be_2.04_sto-6g_as-008-012,sto-6g,fermionic_magnitude_reference,25,0.04,1.0,23,0.92,0.96,1,0.8454266187744961,0.7147461677324771,0.9999998761530176,1.238469824471622e-07,-0.8166879516316635,-0.2185549036973894,0.845426198003408,0.8166879516316635
Be-Be_2.04_sto-6g_as-008-012,sto-6g,fermionic_magnitude_reference,25,0.04,1.0,24,0.96,1.0,0,0.8454270667434295,0.7147469251823992,0.9999998772174598,1.2278254024611357e-07,-0.3573734625912005,-0.7661794097028307,0.8454269215118492,0.3573734625912005
Be-Be_2.04_sto-6g_as-008-012,sto-6g,jw_signed_baseline,25,0.04,1.0,0,0.0,0.04,24,0.8455532541634515,0.7149603056264023,0.9999848669618429,1.5133038157144618e-05,-0.4800474808283181,0.6959710292894105,0.8454710269783204,0.4800474808283181
Be-Be_2.04_sto-6g_as-008-012,sto-6g,jw_signed_baseline,25,0.04,1.0,1,0.04,0.08,23,0.8455536121139478,0.7149609109589443,0.9999848672207722,1.513277922782219e-05,-0.841695303154129,0.07939135662734854,0.8454312336664952,0.841695303154129
Be-Be_2.04_sto-6g_as-008-012,sto-6g,jw_signed_baseline,25,0.04,1.0,2,0.08,0.12,22,0.8455537024909333,0.7149610637961257,0.9999848674764268,1.5132523573213597e-05,-0.6017023660481988,-0.5938944237739017,0.8454326252858565,0.6017023660481988
Be-Be_2.04_sto-6g_as-008-012,sto-6g,jw_signed_baseline,25,0.04,1.0,3,0.12,0.16,21,0.8455533878504554,0.7149605317053827,0.9999848677043991,1.5132295600905898e-05,0.06841695901138564,-0.8427015388486122,0.8454742833807453,-0.06841695901138564
Be-Be_2.04_sto-6g_as-008-012,sto-6g,jw_signed_baseline,25,0.04,1.0,4,0.16,0.2,20,0.8455525921418255,0.7149591860777603,0.9999848678851544,1.5132114845606282e-05,0.6897228399663209,-0.48906855858905024,0.8455209346737539,-0.6897228399663209
Be-Be_2.04_sto-6g_as-008-012,sto-6g,jw_signed_baseline,25,0.04,1.0,5,0.2,0.24,19,0.8455513103951386,0.7149570185109362,0.9999848680074164,1.5131992583627962e-05,0.8179269869851317,0.21429145933430635,0.8455326046831089,-0.8179269869851317
Be-Be_2.04_sto-6g_as-008-012,sto-6g,jw_signed_baseline,25,0.04,1.0,6,0.24,0.28,18,0.8455496063414593,0.7149541367841967,0.9999848680701093,1.513192989066603e-05,0.36131456174506604,0.7644078843515767,0.8454984483651538,-0.36131456174506604
Be-Be_2.04_sto-6g_as-008-012,sto-6g,jw_signed_baseline,25,0.04,1.0,7,0.28,0.32,17,0.8455475985769454,0.7149507414592392,0.9999848680829652,1.5131917034838516e-05,-0.35352800476640633,0.7679824650437956,0.8454461051828561,0.35352800476640633
Be-Be_2.04_sto-6g_as-008-012,sto-6g,jw_signed_baseline,25,0.04,1.0,8,0.32,0.36,16,0.8455454378988921,0.7149470875516292,0.9999848680656175,1.5131934382517365e-05,-0.8155807051857918,0.2226220902511941,0.8454185246013742,0.8155807051857918
Be-Be_2.04_sto-6g_as-008-012,sto-6g,jw_signed_baseline,25,0.04,1.0,9,0.36,0.4,15,0.8455432799642629,0.7149434382927239,0.9999848680457958,1.5131954204217202e-05,-0.6946825291122416,-0.4818517678760694,0.845437722401286,0.6946825291122416
Be-Be_2.04_sto-6g_as-008-012,sto-6g,jw_signed_baseline,25,0.04,1.0,10,0.4,0.44,14,0.8455412581778755,0.7149400192810248,0.9999848680568655,1.513194313451649e-05,-0.07717890997611138,-0.8419561738463877,0.8454861221942968,0.07717890997611138
Be-Be_2.04_sto-6g_as-008-012,sto-6g,jw_signed_baseline,25,0.04,1.0,11,0.44,0.48,13,0.8455394615814126,0.714936981091385,0.9999848681347993,1.5131865200745942e-05,0.5955921801818969,-0.6001469418702593,0.8455213757972352,-0.5955921801818969
Be-Be_2.04_sto-6g_as-008-012,sto-6g,jw_signed_baseline,25,0.04,1.0,12,0.48,0.52,12,0.8455379215248666,0.7149343767365914,0.9999848683150133,1.513168498668005e-05,0.8425445600627576,0.0707782426489884,0.8455122088555699,-0.8425445600627576
Be-Be_2.04_sto-6g_as-008-012,sto-6g,jw_signed_baseline,25,0.04,1.0,13,0.52,0.56,11,0.8455366092519881,0.7149321575853493,0.9999848686289976,1.5131371002397032e-05,0.4871117619590585,0.6910377393781715,0.8454649761425674,-0.4871117619590585
Be-Be_2.04_sto-6g_as-008-012,sto-6g,jw_signed_baseline,25,0.04,1.0,14,0.56,0.6,10,0.845535444534313,0.7149301879638382,0.9999848691012921,1.5130898707860219e-05,-0.21645635469656183,0.8172385998498153,0.8454184068099123,0.21645635469656183
Be-Be_2.04_sto-6g_as-008-012,sto-6g,jw_signed_baseline,25,0.04,1.0,15,0.6,0.64,9,0.8455343135124315,0.7149282753269387,0.999984869747121,1.5130252879025363e-05,-0.7652510648944966,0.35931931693826635,0.8454108846277905,0.7652510648944966
Be-Be_2.04_sto-6g_as-008-012,sto-6g,jw_signed_baseline,25,0.04,1.0,16,0.64,0.68,8,0.8455330923061071,0.7149262101847278,0.999984870571137,1.5129428862947769e-05,-0.7670952711187657,-0.35545320788809176,0.8454478919310804,0.7670952711187657
Be-Be_2.04_sto-6g_as-008-012,sto-6g,jw_signed_baseline,25,0.04,1.0,17,0.68,0.72,7,0.8455316720156245,0.7149238083815377,0.9999848715673566,1.5128432643396472e-05,-0.22055689044656127,-0.8162231376602147,0.8454972219796717,0.22055689044656127
Be-Be_2.04_sto-6g_as-008-012,sto-6g,jw_signed_baseline,25,0.04,1.0,18,0.72,0.76,6,0.8455299806074595,0.7149209481060509,0.9999848727204389,1.512727956110016e-05,0.4837376229837885,-0.6934662132748911,0.8455161008779328,-0.4837376229837885
Be-Be_2.04_sto-6g_as-008-012,sto-6g,jw_signed_baseline,25,0.04,1.0,19,0.76,0.8,5,0.8455279978574377,0.7149175951608072,0.9999848740077925,1.512599220754307e-05,0.8421627714182511,-0.07490437909684285,0.845487314849107,-0.8421627714182511
Be-Be_2.04_sto-6g_as-008-012,sto-6g,jw_signed_baseline,25,0.04,1.0,20,0.8,0.84,4,0.8455257608675325,0.7149138122906197,0.9999848754023309,1.5124597669058382e-05,0.5985055761796891,0.597117549752518,0.8454337898029818,-0.5985055761796891
Be-Be_2.04_sto-6g_as-008-012,sto-6g,jw_signed_baseline,25,0.04,1.0,21,0.84,0.88,3,0.8455233594149786,0.714909751316391,0.9999848768755562,1.5123124443849889e-05,-0.0728957338473773,0.8422506328234569,0.8453992645517627,0.0728957338473773
Be-Be_2.04_sto-6g_as-008-012,sto-6g,jw_signed_baseline,25,0.04,1.0,22,0.88,0.92,2,0.845520922207093,0.714905629889933,0.9999848784007052,1.5121599294842802e-05,-0.6921718072159343,0.48540554411065245,0.845411351330186,0.6921718072159343
Be-Be_2.04_sto-6g_as-008-012,sto-6g,jw_signed_baseline,25,0.04,1.0,23,0.92,0.96,1,0.845518596674751,0.7149016973228404,0.9999848799555451,1.5120044454919324e-05,-0.8167522966100509,-0.2184382850303281,0.8454582180006197,0.8167522966100509
Be-Be_2.04_sto-6g_as-008-012,sto-6g,jw_signed_baseline,25,0.04,1.0,24,0.96,1.0,0,0.8455165259708918,0.7148981956898857,0.9999848815246776,1.5118475322428715e-05,-0.3574490978449435,-0.7662232712580014,0.845498645160048,0.3574490978449435
Be-Be_2.04_sto-6g_as-008-012,sto-6g,signed_parent_descendants_round_robin,25,0.04,1.0,0,0.0,0.04,24,0.8454683744744387,0.7148167722364497,0.9999961457646865,3.854235313460741e-06,-0.4810896652337259,0.695215056221739,0.8454414470512397,0.4810896652337259
Be-Be_2.04_sto-6g_as-008-012,sto-6g,signed_parent_descendants_round_robin,25,0.04,1.0,1,0.04,0.08,23,0.845464344107359,0.7148099571568868,0.9999961458091947,3.854190805285818e-06,-0.8418080986772177,0.07814220081557584,0.8454271574457815,0.8418080986772177
Be-Be_2.04_sto-6g_as-008-012,sto-6g,signed_parent_descendants_round_robin,25,0.04,1.0,2,0.08,0.12,22,0.8454607499931048,0.7148038797789034,0.9999961459341519,3.854065848130084e-06,-0.6008293545710321,-0.5947649659494239,0.8454237269174921,0.6008293545710321
Be-Be_2.04_sto-6g_as-008-012,sto-6g,signed_parent_descendants_round_robin,25,0.04,1.0,3,0.12,0.16,21,0.8454577826758641,0.7147988622871887,0.9999961460838535,3.853916146545622e-06,0.06960136332596649,-0.8425612331681895,0.8454311216265542,-0.06960136332596649
Be-Be_2.04_sto-6g_as-008-012,sto-6g,signed_parent_descendants_round_robin,25,0.04,1.0,4,0.16,0.2,20,0.8454555426860964,0.7147950746586417,0.9999961461872108,3.853812789222921e-06,0.6903013693906729,-0.48811271301785514,0.8454407141794682,-0.6903013693906729
Be-Be_2.04_sto-6g_as-008-012,sto-6g,signed_parent_descendants_round_robin,25,0.04,1.0,5,0.2,0.24,19,0.8454540295484924,0.714792516079783,0.9999961461713649,3.853828635103085e-06,0.8175826998330726,0.21524809391869176,0.8454426136657449,-0.8175826998330726
Be-Be_2.04_sto-6g_as-008-012,sto-6g,signed_parent_descendants_round_robin,25,0.04,1.0,6,0.24,0.28,18,0.8454531477681289,0.7147910250710375,0.9999961459755301,3.854024469895911e-06,0.3604559590230467,0.7647419032477144,0.8454340169274956,-0.3604559590230467
Be-Be_2.04_sto-6g_as-008-012,sto-6g,signed_parent_descendants_round_robin,25,0.04,1.0,7,0.28,0.32,17,0.8454527284517644,0.714790316046533,0.9999961455627415,3.854437258477006e-06,-0.3542978220462914,0.767600546108408,0.8454215191800312,0.3542978220462914
Be-Be_2.04_sto-6g_as-008-012,sto-6g,signed_parent_descendants_round_robin,25,0.04,1.0,8,0.32,0.36,16,0.8454525624710213,0.7147900353888162,0.9999961449280178,3.855071982195035e-06,-0.8157960209792429,0.22181993494215638,0.8454154194142118,0.8157960209792429
Be-Be_2.04_sto-6g_as-008-012,sto-6g,signed_parent_descendants_round_robin,25,0.04,1.0,9,0.36,0.4,15,0.8454524390904875,0.7147898267640544,0.9999961441018004,3.8558981996228425e-06,-0.6942090054488281,-0.4825041458193772,0.8454208383870946,0.6942090054488281
Be-Be_2.04_sto-6g_as-008-012,sto-6g,signed_parent_descendants_round_robin,25,0.04,1.0,10,0.4,0.44,14,0.8454521831192096,0.7147893939410374,0.9999961431481483,3.856851851669063e-06,-0.07642185990802654,-0.8419720806633186,0.8454331938647311,0.07642185990802654
Be-Be_2.04_sto-6g_as-008-012,sto-6g,signed_parent_descendants_round_robin,25,0.04,1.0,11,0.44,0.48,13,0.8454516840417211,0.7147885500489822,0.9999961421578314,3.857842168608627e-06,0.5960130964688545,-0.5996168939851431,0.84544191445349,-0.5960130964688545
Be-Be_2.04_sto-6g_as-008-012,sto-6g,signed_parent_descendants_round_robin,25,0.04,1.0,12,0.48,0.52,12,0.8454509121541466,0.7147872448622785,0.9999961412369166,3.858763083397498e-06,0.842423293350021,0.0713484411370374,0.8454392971889707,-0.842423293350021
Be-Be_2.04_sto-6g_as-008-012,sto-6g,signed_parent_descendants_round_robin,25,0.04,1.0,13,0.52,0.56,11,0.8454499191685444,0.7147855658220982,0.9999961404925349,3.859507465064915e-06,0.4866763469888634,0.6912980552973526,0.8454270329107806,-0.4866763469888634
Be-Be_2.04_sto-6g_as-008-012,sto-6g,signed_parent_descendants_round_robin,25,0.04,1.0,14,0.56,0.6,10,0.8454488235949146,0.714783713318025,0.9999961400178559,3.8599821441387405e-06,-0.21690895396104626,0.8171149214512681,0.8454148621634158,0.21690895396104626
Be-Be_2.04_sto-6g_as-008-012,sto-6g,signed_parent_descendants_round_robin,25,0.04,1.0,15,0.6,0.64,9,0.8454477839420013,0.7147819553724408,0.9999961398789727,3.860121027265961e-06,-0.7654448657407298,0.3589099956391828,0.8454124599617409,0.7654448657407298
Be-Be_2.04_sto-6g_as-008-012,sto-6g,signed_parent_descendants_round_robin,25,0.04,1.0,16,0.64,0.68,8,0.845446964899416,0.7147805704576342,0.9999961401057841,3.85989421591848e-06,-0.7668926135151916,-0.35582724073698074,0.8454213777251284,0.7668926135151916
Be-Be_2.04_sto-6g_as-008-012,sto-6g,signed_parent_descendants_round_robin,25,0.04,1.0,17,0.68,0.72,7,0.8454465028050367,0.7147797891052671,0.9999961406886281,3.859311371923191e-06,-0.22019048326245,-0.8162564102732801,0.8454338390622727,0.22019048326245
Be-Be_2.04_sto-6g_as-008-012,sto-6g,signed_parent_descendants_round_robin,25,0.04,1.0,18,0.72,0.76,6,0.8454464766783368,0.7147797449278136,0.999996141580821,3.858419179048056e-06,0.4839183292994235,-0.6932465847509108,0.8454393985974081,-0.4839183292994235
Be-Be_2.04_sto-6g_as-008-012,sto-6g,signed_parent_descendants_round_robin,25,0.04,1.0,19,0.76,0.8,5,0.8454468899477775,0.7147804437223694,0.9999961427065923,3.857293407683038e-06,0.8421262924065166,-0.07471045339515765,0.8454338201236428,-0.8421262924065166
Be-Be_2.04_sto-6g_as-008-012,sto-6g,signed_parent_descendants_round_robin,25,0.04,1.0,20,0.8,0.84,4,0.845447665958035,0.7147817558738891,0.9999961439730078,3.856026992155037e-06,0.5983992664650103,0.5972083174120312,0.8454226496208697,-0.5983992664650103
Be-Be_2.04_sto-6g_as-008-012,sto-6g,signed_parent_descendants_round_robin,25,0.04,1.0,21,0.84,0.88,3,0.8454486578066979,0.714783432987147,0.999996145283886,3.854716113971257e-06,-0.07302146867456782,0.8422569885836686,0.8454164475011241,0.07302146867456782
Be-Be_2.04_sto-6g_as-008-012,sto-6g,signed_parent_descendants_round_robin,25,0.04,1.0,22,0.88,0.92,2,0.8454496705038282,0.7147851453550318,0.9999961465538456,3.853446154389317e-06,-0.6922495350227396,0.48531273316362095,0.8454217099826234,0.6922495350227396
Be-Be_2.04_sto-6g_as-008-012,sto-6g,signed_parent_descendants_round_robin,25,0.04,1.0,23,0.92,0.96,1,0.8454504913326638,0.7147865332946426,0.9999961477203704,3.852279629623645e-06,-0.816705449905025,-0.21852424221574068,0.8454351757175314,0.816705449905025
Be-Be_2.04_sto-6g_as-008-012,sto-6g,signed_parent_descendants_round_robin,25,0.04,1.0,24,0.96,1.0,0,0.8454509229810306,0.7147872631694766,0.9999961487521025,3.851247897479482e-06,-0.35739363158474047,-0.7661914596175392,0.8454463677183696,0.35739363158474047
Be-Be_2.04_sto-6g_as-008-012,sto-6g,fermionic_signed_reference,50,0.02,1.0,0,0.0,0.02,49,0.43298968529287013,0.18748006757001873,0.9999999925901818,7.409818203463203e-09,-0.16355278149175473,0.40091111068778174,0.43298871926021404,0.16355278149175473
Be-Be_2.04_sto-6g_as-008-012,sto-6g,fermionic_signed_reference,50,0.02,1.0,1,0.02,0.04,48,0.43298913418309104,0.18747959032062284,0.9999999925899109,7.410089097881212e-09,-0.3176942480834139,0.29419228574779704,0.43298814794264195,0.3176942480834139
Be-Be_2.04_sto-6g_as-008-012,sto-6g,fermionic_signed_reference,50,0.02,1.0,2,0.04,0.06,47,0.4329885991735072,0.18747912701423605,0.9999999925890203,7.410979718791566e-09,-0.4122741163806228,0.13231898011570484,0.43298759743933035,0.4122741163806228
Be-Be_2.04_sto-6g_as-008-012,sto-6g,fermionic_signed_reference,50,0.02,1.0,3,0.06,0.08,46,0.432988089276801,0.18747868545557497,0.9999999925872992,7.41270078652434e-09,-0.4295610811698343,-0.05436070954142699,0.4329870774025991,0.4295610811698343
Be-Be_2.04_sto-6g_as-008-012,sto-6g,fermionic_signed_reference,50,0.02,1.0,4,0.08,0.1,45,0.4329876125477691,0.18747827261981698,0.9999999925844639,7.415536074084628e-09,-0.3663146815602366,-0.23084831960569455,0.4329865963183508,0.3663146815602366
Be-Be_2.04_sto-6g_as-008-012,sto-6g,fermionic_signed_reference,50,0.02,1.0,5,0.1,0.12,44,0.43298717578293017,0.18747789439247806,0.9999999925802002,7.419799774588398e-09,-0.23439263774306499,-0.36405646149004983,0.4329861611885625,0.23439263774306499
Be-Be_2.04_sto-6g_as-008-012,sto-6g,fermionic_signed_reference,50,0.02,1.0,6,0.12,0.14,43,0.43298678427488047,0.18747755535670185,0.9999999925740983,7.4259016713540404e-09,-0.05852764968318836,-0.4290118850888083,0.4329857772778349,0.05852764968318836
Be-Be_2.04_sto-6g_as-008-012,sto-6g,fermionic_signed_reference,50,0.02,1.0,7,0.14,0.16,42,0.4329864416320512,0.18747725863718567,0.9999999925657506,7.434249438276197e-09,0.12830949934982422,-0.41353726615645175,0.43298544793509464,-0.12830949934982422
Be-Be_2.04_sto-6g_as-008-012,sto-6g,fermionic_signed_reference,50,0.02,1.0,8,0.16,0.18,41,0.43298614967125043,0.18747700580713447,0.9999999925547539,7.445246086312807e-09,0.29109120706466635,-0.32053403954134796,0.4329851744979946,-0.29109120706466635
Be-Be_2.04_sto-6g_as-008-012,sto-6g,fermionic_signed_reference,50,0.02,1.0,9,0.18,0.2,40,0.43298590838740875,0.1874767968620695,0.9999999925407089,7.45929107370813e-09,0.3992998531649781,-0.16743834575952904,0.4329849562840038,-0.3992998531649781
Be-Be_2.04_sto-6g_as-008-012,sto-6g,fermionic_signed_reference,50,0.02,1.0,10,0.2,0.22,39,0.43298571600120905,0.18747663026107966,0.9999999925233076,7.476692376329197e-09,0.4326490478542479,0.017047883761223574,0.432984790668129,-0.4326490478542479
Be-Be_2.04_sto-6g_as-008-012,sto-6g,fermionic_signed_reference,50,0.02,1.0,11,0.22,0.24,38,0.4329855690818232,0.18747650303311025,0.9999999925022361,7.49776385422507e-09,0.384886766390424,0.19833785397921838,0.43298467324324375,-0.384886766390424
Be-Be_2.04_sto-6g_as-008-012,sto-6g,fermionic_signed_reference,50,0.02,1.0,12,0.24,0.26,37,0.4329854627387398,0.18747641094308062,0.9999999924773242,7.522675815607727e-09,0.26496740142117026,0.3424440659982662,0.4329845980555342,-0.26496740142117026
Be-Be_2.04_sto-6g_as-008-012,sto-6g,fermionic_signed_reference,50,0.02,1.0,13,0.26,0.28,36,0.4329853908734419,0.18747634870982727,0.9999999924484791,7.55152085307742e-09,0.09537301321709854,0.4223501103742306,0.43298455790389756,-0.09537301321709854
Be-Be_2.04_sto-6g_as-008-012,sto-6g,fermionic_signed_reference,50,0.02,1.0,14,0.28,0.3,35,0.4329853464790295,0.18747631026556522,0.9999999924157027,7.584297301299614e-09,-0.0921015028279154,0.4230755595832467,0.4329845446893432,0.0921015028279154
Be-Be_2.04_sto-6g_as-008-012,sto-6g,fermionic_signed_reference,50,0.02,1.0,15,0.3,0.32,34,0.43298532197415346,0.18747628904506133,0.999999992379146,7.620853947898354e-09,-0.2623091690685171,0.34448442662464257,0.4329845497986327,0.2623091690685171
Be-Be_2.04_sto-6g_as-008-012,sto-6g,fermionic_signed_reference,50,0.02,1.0,16,0.32,0.34,33,0.43298530955560277,0.18747627829096114,0.9999999923390432,7.660956757860049e-09,-0.3833401199135533,0.20131066927396615,0.43298456450417444,0.3833401199135533
Be-Be_2.04_sto-6g_as-008-012,sto-6g,fermionic_signed_reference,50,0.02,1.0,17,0.34,0.36,32,0.43298530155373194,0.18747627136157616,0.9999999922957723,7.704227700244815e-09,-0.43250393320590863,0.020395945501977333,0.43298458036228116,0.43250393320590863
Be-Be_2.04_sto-6g_as-008-012,sto-6g,fermionic_signed_reference,50,0.02,1.0,18,0.36,0.38,31,0.4329852907746812,0.18747626202723522,0.9999999922498392,7.750160846420329e-09,-0.4005835542307432,-0.1643425413695867,0.4329845895917649,0.4005835542307432
Be-Be_2.04_sto-6g_as-008-012,sto-6g,fermionic_signed_reference,50,0.02,1.0,19,0.38,0.4,30,0.43298527081397453,0.18747624474185084,0.9999999922018431,7.798156897997899e-09,-0.2935632922780446,-0.31827070967096094,0.4329845854156725,0.2935632922780446
Be-Be_2.04_sto-6g_as-008-012,sto-6g,fermionic_signed_reference,50,0.02,1.0,20,0.4,0.42,29,0.4329852363278828,0.18747621487791255,0.9999999921524815,7.847518523895758e-09,-0.13150691680896848,-0.412530680151063,0.4329845623512455,0.13150691680896848
Be-Be_2.04_sto-6g_as-008-012,sto-6g,fermionic_signed_reference,50,0.02,1.0,21,0.42,0.44,28,0.43298518325065527,0.18747616891460353,0.9999999921025545,7.897445475357756e-09,0.055203826987075925,-0.4294509622280453,0.4329845164351873,-0.055203826987075925
Be-Be_2.04_sto-6g_as-008-012,sto-6g,fermionic_signed_reference,50,0.02,1.0,22,0.44,0.46,27,0.43298510894845454,0.18747610457110503,0.9999999920528776,7.947122404594609e-09,0.2315650946789681,-0.36585944960146255,0.4329844453746169,-0.2315650946789681
Be-Be_2.04_sto-6g_as-008-012,sto-6g,fermionic_signed_reference,50,0.02,1.0,23,0.46,0.48,26,0.4329850123039432,0.18747602087984586,0.9999999920043646,7.995635376012444e-09,0.3645133591194992,-0.23367810588764815,0.4329843486176145,-0.3645133591194992
Be-Be_2.04_sto-6g_as-008-012,sto-6g,fermionic_signed_reference,50,0.02,1.0,24,0.48,0.5,25,0.43298489372842014,0.1874759181970113,0.9999999919579057,8.042094323812421e-09,0.4291240533162973,-0.05768784959809875,0.4329842273407442,-0.4291240533162973
Be-Be_2.04_sto-6g_as-008-012,sto-6g,fermionic_signed_reference,50,0.02,1.0,25,0.5,0.52,24,0.4329847551020105,0.18747579815074802,0.9999999919144071,8.085592861917235e-09,0.41328432713316515,0.1291173197169371,0.4329840843550705,-0.41328432713316515
Be-Be_2.04_sto-6g_as-008-012,sto-6g,fermionic_signed_reference,50,0.02,1.0,26,0.52,0.54,23,0.43298459964547803,0.1874756635301549,0.9999999918746946,8.125305428485774e-09,0.3199638828171443,0.29171594416358376,0.43298392393560564,-0.3199638828171443
Be-Be_2.04_sto-6g_as-008-012,sto-6g,fermionic_signed_reference,50,0.02,1.0,27,0.54,0.56,22,0.4329844317305785,0.18747551812105198,0.9999999918395744,8.160425557512951e-09,0.16665817126559013,0.3996248028904356,0.432983751582909,-0.16665817126559013
Be-Be_2.04_sto-6g_as-008-012,sto-6g,fermionic_signed_reference,50,0.02,1.0,28,0.56,0.58,21,0.4329842566382581,0.18747536649658497,0.9999999918097365,8.190263467433567e-09,-0.01789164262751327,0.43261375873015084,0.4329835737283111,0.01789164262751327
Be-Be_2.04_sto-6g_as-008-012,sto-6g,fermionic_signed_reference,50,0.02,1.0,29,0.58,0.6,20,0.43298408027660695,0.1874752137729792,0.999999991785734,8.214266045136753e-09,-0.1990869928570798,0.38449836371114293,0.43298339739696867,0.1990869928570798
Be-Be_2.04_sto-6g_as-008-012,sto-6g,fermionic_signed_reference,50,0.02,1.0,30,0.6,0.62,19,0.4329839088719319,0.18747506534201744,0.999999991768071,8.231929027324725e-09,-0.3429583056988079,0.26429922035227515,0.4329832298445489,0.3429583056988079
Be-Be_2.04_sto-6g_as-008-012,sto-6g,fermionic_signed_reference,50,0.02,1.0,31,0.62,0.64,18,0.4329837486474799,0.18747492659282405,0.9999999917570446,8.242955429338394e-09,-0.42253342716830244,0.09455077429402699,0.4329830781845766,0.42253342716830244
Be-Be_2.04_sto-6g_as-008-012,sto-6g,fermionic_signed_reference,50,0.02,1.0,32,0.64,0.66,17,0.43298360550479514,0.18747480263593208,0.9999999917528101,8.247189930976617e-09,-0.4228941717310968,-0.09292337521398523,0.432982949023734,0.4228941717310968
Be-Be_2.04_sto-6g_as-008-012,sto-6g,fermionic_signed_reference,50,0.02,1.0,33,0.66,0.68,16,0.43298348472216797,0.18747469804215186,0.9999999917553719,8.244628091347295e-09,-0.3439730386992518,-0.2629766062136074,0.4329828481217515,0.3439730386992518
Be-Be_2.04_sto-6g_as-008-012,sto-6g,fermionic_signed_reference,50,0.02,1.0,34,0.68,0.7000000000000001,15,0.43298339068395336,0.187474616608173,0.9999999917646059,8.235394144406882e-09,-0.20056581043387972,-0.3837283460219471,0.4329827800914699,0.20056581043387972
Be-Be_2.04_sto-6g_as-008-012,sto-6g,fermionic_signed_reference,50,0.02,1.0,35,0.7000000000000001,0.72,14,0.432983326652692,0.18747456115923178,0.999999991780239,8.219760982974833e-09,-0.019557693176266246,-0.43254081522471893,0.4329827481524424,0.019557693176266246
Be-Be_2.04_sto-6g_as-008-012,sto-6g,fermionic_signed_reference,50,0.02,1.0,36,0.72,0.74,13,0.43298329459396606,0.18747453339744521,0.9999999918018565,8.19814349739545e-09,0.1651169625603375,-0.40026298091639984,0.43298275394896985,-0.1651169625603375
Be-Be_2.04_sto-6g_as-008-012,sto-6g,fermionic_signed_reference,50,0.02,1.0,37,0.74,0.76,12,0.4329832950615367,0.18747453380234577,0.9999999918289341,8.171065934980959e-09,0.3188364459821804,-0.29294611039051893,0.4329827974405934,-0.3188364459821804
Be-Be_2.04_sto-6g_as-008-012,sto-6g,fermionic_signed_reference,50,0.02,1.0,38,0.76,0.78,11,0.43298332714719695,0.1874745615874566,0.9999999918608827,8.139117269045926e-09,0.4127823230726062,-0.1307093165035517,0.432982876869332,-0.4127823230726062
Be-Be_2.04_sto-6g_as-008-012,sto-6g,fermionic_signed_reference,50,0.02,1.0,39,0.78,0.8,10,0.4329833884968723,0.18747461471423343,0.999999991897005,8.102995052716722e-09,0.4293421225562018,0.0560322263802795,0.4329829888046359,-0.4293421225562018
Be-Be_2.04_sto-6g_as-008-012,sto-6g,fermionic_signed_reference,50,0.02,1.0,40,0.8,0.8200000000000001,9,0.432983475391763,0.18747468996232947,0.9999999919365792,8.06342081993705e-09,0.36541122265325277,0.23226929999466056,0.43298312826362495,-0.36541122265325277
Be-Be_2.04_sto-6g_as-008-012,sto-6g,fermionic_signed_reference,50,0.02,1.0,41,0.8200000000000001,0.84,8,0.4329835828898535,0.18747478305213464,0.999999991978868,8.021131980839868e-09,0.23297492187429888,0.36496193533664867,0.4329832889004006,-0.23297492187429888
Be-Be_2.04_sto-6g_as-008-012,sto-6g,fermionic_signed_reference,50,0.02,1.0,42,0.84,0.86,7,0.432983705021065,0.18747488881376861,0.9999999920231275,7.976872495873977e-09,0.05686155679602159,0.4292335527560529,0.43298346325564263,-0.05686155679602159
Be-Be_2.04_sto-6g_as-008-012,sto-6g,fermionic_signed_reference,50,0.02,1.0,43,0.86,0.88,6,0.43298383502648835,0.18747500139424528,0.9999999920686549,7.931345136213963e-09,-0.12991212460650872,0.41303471407747444,0.43298364305460557,0.12991212460650872
Be-Be_2.04_sto-6g_as-008-012,sto-6g,fermionic_signed_reference,50,0.02,1.0,44,0.88,0.9,5,0.4329839656308423,0.18747511449341042,0.9999999921147996,7.885200381529955e-09,-0.29233073536102844,0.3194021433035267,0.43298381954018356,0.29233073536102844
Be-Be_2.04_sto-6g_as-008-012,sto-6g,fermionic_signed_reference,50,0.02,1.0,45,0.9,0.92,4,0.43298408933539406,0.18747522161760052,0.9999999921609625,7.839037530210646e-09,-0.39994475786017775,0.16588948402362946,0.4329839838255709,0.39994475786017775
Be-Be_2.04_sto-6g_as-008-012,sto-6g,fermionic_signed_reference,50,0.02,1.0,46,0.92,0.9400000000000001,3,0.432984198718545,0.18747531633994047,0.9999999922066581,7.7933418607401e-09,-0.4325791076731991,-0.01872351612654587,0.43298412725119867,0.4325791076731991
Be-Be_2.04_sto-6g_as-008-012,sto-6g,fermionic_signed_reference,50,0.02,1.0,47,0.9400000000000001,0.96,2,0.4329842867305906,0.18747539255559828,0.9999999922515068,7.74849318041504e-09,-0.38411552288308404,-0.19982647138634038,0.43298424172995137,0.38411552288308404
Be-Be_2.04_sto-6g_as-008-012,sto-6g,fermionic_signed_reference,50,0.02,1.0,48,0.96,0.98,1,0.4329843469701018,0.1874754447211255,0.9999999922952213,7.704778703931936e-09,-0.263639647754254,-0.3434669671962114,0.43298432006592397,0.263639647754254
Be-Be_2.04_sto-6g_as-008-012,sto-6g,fermionic_signed_reference,50,0.02,1.0,49,0.98,1.0,0,0.432984373930177,0.18747546806770737,0.9999999923376671,7.662332879299072e-09,-0.09373773403385242,-0.4227158501414013,0.43298435623307324,0.09373773403385242
Be-Be_2.04_sto-6g_as-008-012,sto-6g,fermionic_magnitude_reference,50,0.02,1.0,0,0.0,0.02,49,0.4329897024701537,0.18748008244519226,0.9999999925163807,7.483619279824438e-09,-0.16354145292512945,0.4009158676658004,0.43298884485755973,0.16354145292512945
Be-Be_2.04_sto-6g_as-008-012,sto-6g,fermionic_magnitude_reference,50,0.02,1.0,1,0.02,0.04,48,0.4329891601774781,0.18747961283119782,0.9999999925177243,7.482275687920037e-09,-0.31768599817758514,0.2942013762098432,0.4329882714368304,0.31768599817758514
Be-Be_2.04_sto-6g_as-008-012,sto-6g,fermionic_magnitude_reference,50,0.02,1.0,2,0.04,0.06,47,0.4329886340255532,0.18747915719531444,0.9999999925195368,7.480463248832336e-09,-0.4122704843915784,0.13233069165712041,0.43298771836498845,0.4122704843915784
Be-Be_2.04_sto-6g_as-008-012,sto-6g,fermionic_magnitude_reference,50,0.02,1.0,3,0.06,0.08,46,0.43298813306615247,0.18747872337611216,0.9999999925215373,7.478462737964264e-09,-0.4295627353152312,-0.05434857719298836,0.43298719543931735,0.4295627353152312
Be-Be_2.04_sto-6g_as-008-012,sto-6g,fermionic_magnitude_reference,50,0.02,1.0,4,0.08,0.1,45,0.4329876653984657,0.1874783183872137,0.9999999925233432,7.476656849192409e-09,-0.3663212958733775,-0.23083803925948526,0.43298671131977506,0.3663212958733775
Be-Be_2.04_sto-6g_as-008-012,sto-6g,fermionic_magnitude_reference,50,0.02,1.0,5,0.1,0.12,44,0.4329872378702962,0.18747794815854846,0.9999999925244623,7.475537744383587e-09,-0.23440295655856824,-0.3640499508909224,0.43298627320861,0.23440295655856824
Be-Be_2.04_sto-6g_as-008-012,sto-6g,fermionic_magnitude_reference,50,0.02,1.0,6,0.12,0.14,43,0.4329868558341832,0.18747761732517176,0.9999999925243588,7.475641217169482e-09,-0.058539726901341904,-0.42901034761807477,0.4329858865933912,0.058539726901341904
Be-Be_2.04_sto-6g_as-008-012,sto-6g,fermionic_magnitude_reference,50,0.02,1.0,7,0.14,0.16,42,0.43298652296874746,0.18747732907256567,0.9999999925224754,7.477524599508456e-09,0.12829793188436617,-0.41354096721932204,0.43298555506448233,-0.12829793188436617
Be-Be_2.04_sto-6g_as-008-012,sto-6g,fermionic_magnitude_reference,50,0.02,1.0,8,0.16,0.18,41,0.4329862411729034,0.18747708504503968,0.999999992518211,7.481788966146041e-09,0.2910823118294195,-0.3205422602760628,0.43298528021498217,-0.2910823118294195
Be-Be_2.04_sto-6g_as-008-012,sto-6g,fermionic_magnitude_reference,50,0.02,1.0,9,0.18,0.2,40,0.4329860105369582,0.18747688532071086,0.9999999925110095,7.488990538817575e-09,0.3992952805739884,-0.1674495222551651,0.4329850616270071,-0.3992952805739884
Be-Be_2.04_sto-6g_as-008-012,sto-6g,fermionic_magnitude_reference,50,0.02,1.0,10,0.2,0.22,39,0.4329858293913614,0.1874767284537251,0.9999999925003762,7.499623810858225e-09,0.432649627727577,0.017035862446087152,0.432984896944562,-0.432649627727577
Be-Be_2.04_sto-6g_as-008-012,sto-6g,fermionic_magnitude_reference,50,0.02,1.0,11,0.22,0.24,38,0.4329856944300701,0.18747661158109008,0.9999999924858941,7.514105893058343e-09,0.38489235526262205,0.19832724555429396,0.4329847820290705,-0.38489235526262205
Be-Be_2.04_sto-6g_as-008-012,sto-6g,fermionic_magnitude_reference,50,0.02,1.0,12,0.24,0.26,37,0.4329856009024368,0.1874765305888443,0.999999992467239,7.532760970541119e-09,0.2649769142647664,0.3424368482378191,0.4329847111900471,-0.2649769142647664
Be-Be_2.04_sto-6g_as-008-012,sto-6g,fermionic_magnitude_reference,50,0.02,1.0,13,0.26,0.28,36,0.43298554286407076,0.18747648032929407,0.9999999924442027,7.555797321145974e-09,0.09538463332508677,0.4223476087983509,0.43298467747975344,-0.09538463332508677
Be-Be_2.04_sto-6g_as-008-012,sto-6g,fermionic_magnitude_reference,50,0.02,1.0,14,0.28,0.3,35,0.4329855134750084,0.1874764548792167,0.9999999924167425,7.58325746641475e-09,-0.09208997582128776,0.4230782001465789,0.4329846730382428,0.09208997582128776
Be-Be_2.04_sto-6g_as-008-012,sto-6g,fermionic_magnitude_reference,50,0.02,1.0,15,0.3,0.32,34,0.43298550533088076,0.18747644782663817,0.9999999923849432,7.615056807352971e-09,-0.26229989939670056,0.34449166041276513,0.43298468947234514,0.26229989939670056
Be-Be_2.04_sto-6g_as-008-012,sto-6g,fermionic_magnitude_reference,50,0.02,1.0,16,0.32,0.34,33,0.4329855108119391,0.18747645257307582,0.9999999923490378,7.650962197125466e-09,-0.38333482437156724,0.20132108350390968,0.4329847182513125,0.38333482437156724
Be-Be_2.04_sto-6g_as-008-012,sto-6g,fermionic_magnitude_reference,50,0.02,1.0,17,0.34,0.36,32,0.4329855224338305,0.18747646263729711,0.9999999923094127,7.690587278119665e-09,-0.4325035572335988,0.02040753944285169,0.43298475110080775,0.4325035572335988
Be-Be_2.04_sto-6g_as-008-012,sto-6g,fermionic_magnitude_reference,50,0.02,1.0,18,0.36,0.38,31,0.4329855331840262,0.18747647194665548,0.9999999922666036,7.733396367726186e-09,-0.40058809775538545,-0.164331968816141,0.4329847803771715,0.40058809775538545
Be-Be_2.04_sto-6g_as-008-012,sto-6g,fermionic_magnitude_reference,50,0.02,1.0,19,0.38,0.4,30,0.4329855368289407,0.18747647510304596,0.9999999922212606,7.778739430364112e-09,-0.2935718189208052,-0.3182631358662043,0.4329847994050831,0.2935718189208052
Be-Be_2.04_sto-6g_as-008-012,sto-6g,fermionic_magnitude_reference,50,0.02,1.0,20,0.4,0.42,29,0.4329855281780357,0.18747646761161255,0.9999999921741723,7.825827652574446e-09,-0.1315177444414126,-0.4125274806860815,0.4329848027635174,0.1315177444414126
Be-Be_2.04_sto-6g_as-008-012,sto-6g,fermionic_magnitude_reference,50,0.02,1.0,21,0.42,0.44,28,0.432985503293283,0.1874764460621376,0.9999999921262006,7.873799390267777e-09,0.05519279196941961,-0.4294526528748353,0.4329847865071167,-0.05519279196941961
Be-Be_2.04_sto-6g_as-008-012,sto-6g,fermionic_magnitude_reference,50,0.02,1.0,22,0.44,0.46,27,0.4329854596354097,0.18747640825568698,0.9999999920782641,7.921735933891227e-09,0.23155594557491346,-0.3658655987398854,0.43298474831382583,-0.23155594557491346
Be-Be_2.04_sto-6g_as-008-012,sto-6g,fermionic_magnitude_reference,50,0.02,1.0,23,0.46,0.48,26,0.43298539614077736,0.1874763532711859,0.999999992031339,7.968660953316942e-09,0.3645077815221359,-0.23368743411795778,0.43298468755237063,-0.3645077815221359
Be-Be_2.04_sto-6g_as-008-012,sto-6g,fermionic_magnitude_reference,50,0.02,1.0,24,0.48,0.5,25,0.4329853132265268,0.1874762814698735,0.9999999919864206,8.013579355647948e-09,0.4291230033349618,-0.05769849571202287,0.43298460526749444,-0.4291230033349618
Be-Be_2.04_sto-6g_as-008-012,sto-6g,fermionic_magnitude_reference,50,0.02,1.0,25,0.5,0.52,24,0.43298521272471985,0.1874761944382709,0.999999991944443,8.055556999231328e-09,0.41328785928786504,0.12910742094303143,0.4329845040845079,-0.41328785928786504
Be-Be_2.04_sto-6g_as-008-012,sto-6g,fermionic_magnitude_reference,50,0.02,1.0,26,0.52,0.54,23,0.4329850977494981,0.18747609487314243,0.9999999919062997,8.09370026555456e-09,0.3199711611304959,0.2917086497342863,0.4329843880384122,-0.3199711611304959
Be-Be_2.04_sto-6g_as-008-012,sto-6g,fermionic_magnitude_reference,50,0.02,1.0,27,0.54,0.56,22,0.4329849725043923,0.18747598641462934,0.9999999918728206,8.127179373929039e-09,0.16666765932046052,0.39962139928632257,0.43298426233631115,-0.16666765932046052
Be-Be_2.04_sto-6g_as-008-012,sto-6g,fermionic_magnitude_reference,50,0.02,1.0,28,0.56,0.58,21,0.4329848420395571,0.1874758734360202,0.9999999918446792,8.155320752045725e-09,-0.0178818540472919,0.4326147232606095,0.4329841330649686,0.0178818540472919
Be-Be_2.04_sto-6g_as-008-012,sto-6g,fermionic_magnitude_reference,50,0.02,1.0,29,0.58,0.6,20,0.4329847119708972,0.18747576080052084,0.9999999918224471,8.177552857091541e-09,-0.19907879052413216,0.38450329694031665,0.4329840068576721,0.19907879052413216
Be-Be_2.04_sto-6g_as-008-012,sto-6g,fermionic_magnitude_reference,50,0.02,1.0,30,0.6,0.62,19,0.43298458817467494,0.18747565359679288,0.9999999918065264,8.193473566286968e-09,-0.34295317480942317,0.26430696046861935,0.43298389053638364,0.34295317480942317
Be-Be_2.04_sto-6g_as-008-012,sto-6g,fermionic_magnitude_reference,50,0.02,1.0,31,0.62,0.64,18,0.43298447647226046,0.1874755568659575,0.9999999917971937,8.202806323076572e-09,-0.4225321676930704,0.09455966536321651,0.4329837907462685,0.4225321676930704
Be-Be_2.04_sto-6g_as-008-012,sto-6g,fermionic_magnitude_reference,50,0.02,1.0,32,0.64,0.66,17,0.4329843823195652,0.18747547533265543,0.9999999917945075,8.205492507684653e-09,-0.42289676797275777,-0.09291512191595433,0.4329837135995547,0.42289676797275777
Be-Be_2.04_sto-6g_as-008-012,sto-6g,fermionic_magnitude_reference,50,0.02,1.0,33,0.66,0.68,16,0.4329843105159125,0.18747541315294014,0.999999991798366,8.20163403858487e-09,-0.3439787055148225,-0.26297053778410534,0.43298366434556695,0.3439787055148225
Be-Be_2.04_sto-6g_as-008-012,sto-6g,fermionic_magnitude_reference,50,0.02,1.0,34,0.68,0.7000000000000001,15,0.4329842649454466,0.18747537369034872,0.9999999918085496,8.191450406869194e-09,-0.20057320035801215,-0.3837254616761493,0.43298364708199916,0.20057320035801215
Be-Be_2.04_sto-6g_as-008-012,sto-6g,fermionic_magnitude_reference,50,0.02,1.0,35,0.7000000000000001,0.72,14,0.4329842483627894,0.18747535933028972,0.9999999918246519,8.175348065186938e-09,-0.019565213437304302,-0.43254139242950757,0.4329836645206197,0.019565213437304302
Be-Be_2.04_sto-6g_as-008-012,sto-6g,fermionic_magnitude_reference,50,0.02,1.0,36,0.72,0.74,13,0.4329842622323344,0.18747537134087888,0.9999999918461635,8.153836494884104e-09,0.16511079731305003,-0.4002665668102316,0.43298371781788825,-0.16511079731305003
Be-Be_2.04_sto-6g_as-008-012,sto-6g,fermionic_magnitude_reference,50,0.02,1.0,37,0.74,0.76,12,0.43298430662817844,0.18747540978628444,0.9999999918724363,8.127563733140164e-09,0.3188327052070565,-0.29295167308369685,0.43298380647801016,-0.3188327052070565
Be-Be_2.04_sto-6g_as-008-012,sto-6g,fermionic_magnitude_reference,50,0.02,1.0,38,0.76,0.78,11,0.4329843801984846,0.18747547349586588,0.9999999919027923,8.097207682133956e-09,0.4127814632882351,-0.13071551460964145,0.432983928332265,-0.4127814632882351
Be-Be_2.04_sto-6g_as-008-012,sto-6g,fermionic_magnitude_reference,50,0.02,1.0,39,0.78,0.8,10,0.432984480195309,0.18747556009000194,0.9999999919364528,8.063547163317253e-09,0.42934394075176496,0.05602672328982647,0.43298407959513924,-0.42934394075176496
Be-Be_2.04_sto-6g_as-008-012,sto-6g,fermionic_magnitude_reference,50,0.02,1.0,40,0.8,0.8200000000000001,9,0.43298460256789106,0.18747566606087457,0.999999991972637,8.027362996543275e-09,0.36541496265927154,0.23226551646255483,0.43298425499421356,-0.36541496265927154
Be-Be_2.04_sto-6g_as-008-012,sto-6g,fermionic_magnitude_reference,50,0.02,1.0,41,0.8200000000000001,0.84,8,0.4329847421143652,0.18747578690384337,0.9999999920105729,7.989427119881043e-09,0.23297950017462882,0.36496038782292195,0.43298444796721913,-0.23297950017462882
Be-Be_2.04_sto-6g_as-008-012,sto-6g,fermionic_magnitude_reference,50,0.02,1.0,42,0.84,0.86,7,0.4329848926845196,0.18747591729302496,0.9999999920495037,7.950496261344142e-09,0.0568658474207909,0.42923418238396255,0.4329846509169967,-0.0568658474207909
Be-Be_2.04_sto-6g_as-008-012,sto-6g,fermionic_magnitude_reference,50,0.02,1.0,43,0.86,0.88,6,0.4329850474238819,0.18747605129266123,0.9999999920887417,7.91125831511863e-09,-0.12990901785357592,0.41303696224842007,0.43298485551238797,0.12990901785357592
Be-Be_2.04_sto-6g_as-008-012,sto-6g,fermionic_magnitude_reference,50,0.02,1.0,44,0.88,0.9,5,0.4329851990475752,0.18747618259426832,0.9999999921276784,7.872321572399699e-09,-0.292329284672314,0.31940514313729756,0.432985053020984,0.292329284672314
Be-Be_2.04_sto-6g_as-008-012,sto-6g,fermionic_magnitude_reference,50,0.02,1.0,45,0.9,0.92,4,0.432985340131675,0.18747630476894228,0.9999999921658089,7.83419107364125e-09,-0.39994493840190254,0.16589231350281294,0.43298523465889366,0.39994493840190254
Be-Be_2.04_sto-6g_as-008-012,sto-6g,fermionic_magnitude_reference,50,0.02,1.0,46,0.92,0.9400000000000001,3,0.43298546340863353,0.18747641152318914,0.9999999922027373,7.797262724373866e-09,-0.4325804570762901,-0.018721586216095543,0.4329853919415513,0.4325804570762901
Be-Be_2.04_sto-6g_as-008-012,sto-6g,fermionic_magnitude_reference,50,0.02,1.0,47,0.9400000000000001,0.96,2,0.4329855620539821,0.18747649694720278,0.9999999922381844,7.761815634665936e-09,-0.3841173110243697,-0.1998257974353992,0.4329855170202412,0.3841173110243697
Be-Be_2.04_sto-6g_as-008-012,sto-6g,fermionic_magnitude_reference,50,0.02,1.0,48,0.96,0.98,1,0.43298562995172385,0.18747655574469116,0.9999999922720225,7.727977480165293e-09,-0.26364110776525734,-0.3434674638049021,0.4329856029895957,0.26364110776525734
Be-Be_2.04_sto-6g_as-008-012,sto-6g,fermionic_magnitude_reference,50,0.02,1.0,49,0.98,1.0,0,0.43298566192735327,0.18747658343466828,0.9999999923042462,7.69575381198706e-09,-0.0937382917173323,-0.42271704568021023,0.4329856441531158,0.0937382917173323
Be-Be_2.04_sto-6g_as-008-012,sto-6g,jw_signed_baseline,50,0.02,1.0,0,0.0,0.02,49,0.43300541267522763,0.1874936874060442,0.9999990492767584,9.507232415773004e-07,-0.16334555229574035,0.40100327538857683,0.4329958386949778,0.16334555229574035
Be-Be_2.04_sto-6g_as-008-012,sto-6g,jw_signed_baseline,50,0.02,1.0,1,0.02,0.04,48,0.433005471063852,0.1874937379712284,0.999999049281002,9.507189979718333e-07,-0.31754615250800267,0.29435858924766817,0.43299253808410265,0.31754615250800267
Be-Be_2.04_sto-6g_as-008-012,sto-6g,jw_signed_baseline,50,0.02,1.0,2,0.04,0.06,47,0.43300551993556563,0.1874937802946695,0.9999990492856,9.507143999831769e-07,-0.41220903196449216,0.13252895269568912,0.4329898489984724,0.41220903196449216
Be-Be_2.04_sto-6g_as-008-012,sto-6g,jw_signed_baseline,50,0.02,1.0,3,0.06,0.08,46,0.4330055531915921,0.1874938090947567,0.9999990492904548,9.507095451999348e-07,-0.4295896618202578,-0.05414481332266423,0.432988381313621,0.4295896618202578
Be-Be_2.04_sto-6g_as-008-012,sto-6g,jw_signed_baseline,50,0.02,1.0,4,0.08,0.1,45,0.43300556534219503,0.18749381961731393,0.9999990492954322,9.507045678480708e-07,-0.36643130790728884,-0.230666668972296,0.4329884705040321,0.36643130790728884
Be-Be_2.04_sto-6g_as-008-012,sto-6g,jw_signed_baseline,50,0.02,1.0,5,0.1,0.12,44,0.43300555171633903,0.18749380781717118,0.9999990493003923,9.506996077046637e-07,-0.23457411072161816,-0.36394424544057097,0.4329901005913929,0.23457411072161816
Be-Be_2.04_sto-6g_as-008-012,sto-6g,jw_signed_baseline,50,0.02,1.0,6,0.12,0.14,43,0.4330055086357066,0.18749377050886698,0.9999990493052032,9.506947967752311e-07,-0.05873622844457555,-0.4289905732941804,0.43299290583930233,0.05873622844457555
Be-Be_2.04_sto-6g_as-008-012,sto-6g,jw_signed_baseline,50,0.02,1.0,7,0.14,0.16,42,0.4330054335455418,0.18749370547996258,0.9999990493097412,9.506902588496402e-07,0.12811774801841155,-0.41360802227536,0.4329962510782788,-0.12811774801841155
Be-Be_2.04_sto-6g_as-008-012,sto-6g,jw_signed_baseline,50,0.02,1.0,8,0.16,0.18,41,0.4330053250967998,0.18749361156218528,0.9999990493139166,9.506860834118669e-07,0.2909549181912369,-0.32067692853519564,0.4329993728799573,-0.2909549181912369
Be-Be_2.04_sto-6g_as-008-012,sto-6g,jw_signed_baseline,50,0.02,1.0,9,0.18,0.2,40,0.4330051831763847,0.18749348865761445,0.9999990493176212,9.506823788196783e-07,0.39924226307833477,-0.16761848867476006,0.4330015500821226,-0.39924226307833477
Be-Be_2.04_sto-6g_as-008-012,sto-6g,jw_signed_baseline,50,0.02,1.0,10,0.2,0.22,39,0.43300500888447185,0.18749333771904156,0.9999990493207869,9.506792131297459e-07,0.4326735215165992,0.016869667983778758,0.4330022654899833,-0.4326735215165992
Be-Be_2.04_sto-6g_as-008-012,sto-6g,jw_signed_baseline,50,0.02,1.0,11,0.22,0.24,38,0.4330048044602729,0.18749316068567917,0.9999990493233795,9.506766205369388e-07,0.384979254246626,0.19819464939554662,0.4330013224567703,-0.384979254246626
Be-Be_2.04_sto-6g_as-008-012,sto-6g,jw_signed_baseline,50,0.02,1.0,12,0.24,0.26,37,0.4330045731601332,0.18749296037758914,0.9999990493253882,9.506746118104203e-07,0.2651035015889266,0.34235679086084475,0.43299889007160997,-0.2651035015889266
Be-Be_2.04_sto-6g_as-008-012,sto-6g,jw_signed_baseline,50,0.02,1.0,13,0.26,0.28,36,0.4330043190936361,0.18749274035374347,0.9999990493268518,9.50673148203407e-07,0.09552545328432932,0.42232684249255287,0.4329954666216566,-0.09552545328432932
Be-Be_2.04_sto-6g_as-008-012,sto-6g,jw_signed_baseline,50,0.02,1.0,14,0.28,0.3,35,0.4330040470254694,0.1874925047404349,0.9999990493278003,9.50672199739877e-07,-0.09195812612227632,0.4231141398186015,0.43299176929169864,0.09195812612227632
Be-Be_2.04_sto-6g_as-008-012,sto-6g,jw_signed_baseline,50,0.02,1.0,15,0.3,0.32,34,0.43300376215232383,0.18749225803806624,0.9999990493283529,9.506716470708554e-07,-0.26219666994581664,0.344575118116554,0.4329885746249116,0.26219666994581664
Be-Be_2.04_sto-6g_as-008-012,sto-6g,jw_signed_baseline,50,0.02,1.0,16,0.32,0.34,33,0.4330034698648333,0.18749200491498558,0.9999990493285948,9.506714051532583e-07,-0.3832758979521177,0.2014371726511522,0.43298654537605696,0.3832758979521177
Be-Be_2.04_sto-6g_as-008-012,sto-6g,jw_signed_baseline,50,0.02,1.0,17,0.34,0.36,32,0.433003175505569,0.18749174999790658,0.9999990493286691,9.50671330879338e-07,-0.43249882236157206,0.020535732862117555,0.43298608253422066,0.43249882236157206
Be-Be_2.04_sto-6g_as-008-012,sto-6g,jw_signed_baseline,50,0.02,1.0,18,0.36,0.38,31,0.4330028841338363,0.18749149766822046,0.9999990493287949,9.506712050910693e-07,-0.4006382531280741,-0.1642161272362094,0.43298723574023945,0.4006382531280741
Be-Be_2.04_sto-6g_as-008-012,sto-6g,jw_signed_baseline,50,0.02,1.0,19,0.38,0.4,30,0.43300260030780363,0.18749125187331953,0.999999049329142,9.506708580353518e-07,-0.2936657319673012,-0.3181831414465657,0.43298969229381895,0.2936657319673012
Be-Be_2.04_sto-6g_as-008-012,sto-6g,jw_signed_baseline,50,0.02,1.0,20,0.4,0.42,29,0.43300232789356385,0.1874910159612454,0.9999990493299505,9.50670049459923e-07,-0.13163351731454997,-0.41249899754081576,0.43299284734597854,0.13163351731454997
Be-Be_2.04_sto-6g_as-008-012,sto-6g,jw_signed_baseline,50,0.02,1.0,21,0.42,0.44,28,0.43300206990928175,0.18749079254572254,0.9999990493314859,9.506685141325022e-07,0.05508202882905235,-0.42947811801764096,0.43299593965290173,-0.05508202882905235
Be-Be_2.04_sto-6g_as-008-012,sto-6g,jw_signed_baseline,50,0.02,1.0,22,0.44,0.46,27,0.43300182841116897,0.18749058340741542,0.999999049333974,9.506660260116817e-07,0.23147364096431905,-0.3659336200057566,0.4329982225272939,-0.23147364096431905
Be-Be_2.04_sto-6g_as-008-012,sto-6g,jw_signed_baseline,50,0.02,1.0,23,0.46,0.48,26,0.4330016044257031,0.1874903894352331,0.9999990493376947,9.506623053212593e-07,0.3644670785723681,-0.2337776650425716,0.43299913168023046,-0.3644670785723681
Be-Be_2.04_sto-6g_as-008-012,sto-6g,jw_signed_baseline,50,0.02,1.0,24,0.48,0.5,25,0.43300139793078146,0.18749021061001095,0.9999990493429393,9.506570607387133e-07,0.4291247056420761,-0.05778937666142796,0.43299841229191,-0.4291247056420761
Be-Be_2.04_sto-6g_as-008-012,sto-6g,jw_signed_baseline,50,0.02,1.0,25,0.5,0.52,24,0.4330012078857195,0.18749004603049207,0.9999990493499624,9.506500375788818e-07,0.4133235711143792,0.12903222324388627,0.43299617674294,-0.4133235711143792
Be-Be_2.04_sto-6g_as-008-012,sto-6g,jw_signed_baseline,50,0.02,1.0,26,0.52,0.54,23,0.4330010323083904,0.18748989398013174,0.9999990493590102,9.506409898163426e-07,0.3200288334674306,0.29165798435205403,0.43299287994934443,-0.3200288334674306
Be-Be_2.04_sto-6g_as-008-012,sto-6g,jw_signed_baseline,50,0.02,1.0,27,0.54,0.56,22,0.43300086839506297,0.18748975203087861,0.9999990493703294,9.506296706485173e-07,0.16673583090841962,0.399598330001156,0.4329892177045912,-0.16673583090841962
Be-Be_2.04_sto-6g_as-008-012,sto-6g,jw_signed_baseline,50,0.02,1.0,28,0.56,0.58,21,0.43300071267719964,0.1874896171789628,0.9999990493841232,9.506158767935702e-07,-0.017813068366508793,0.4326194002006733,0.4329859707133942,0.017813068366508793
Be-Be_2.04_sto-6g_as-008-012,sto-6g,jw_signed_baseline,50,0.02,1.0,29,0.58,0.6,20,0.4330005612073403,0.18748948600587165,0.9999990494005632,9.505994368330661e-07,-0.19901895010650142,0.38453407374572185,0.4329838292280375,0.19901895010650142
Be-Be_2.04_sto-6g_as-008-012,sto-6g,jw_signed_baseline,50,0.02,1.0,30,0.6,0.62,19,0.4330004097653798,0.1874893548569868,0.9999990494197986,9.505802014420084e-07,-0.34291220194963856,0.2643590471519326,0.43298323761668583,0.34291220194963856
Be-Be_2.04_sto-6g_as-008-012,sto-6g,jw_signed_baseline,50,0.02,1.0,31,0.62,0.64,18,0.4330002540754433,0.18748922002939844,0.9999990494419162,9.505580838009564e-07,-0.42251844169688013,0.09462327988078441,0.4329842937906145,0.42251844169688013
Be-Be_2.04_sto-6g_as-008-012,sto-6g,jw_signed_baseline,50,0.02,1.0,32,0.64,0.66,17,0.4330000900235259,0.18748907796038156,0.9999990494669874,9.50533012633592e-07,-0.42291322297467326,-0.09285424527339087,0.4329867261615727,0.42291322297467326
Be-Be_2.04_sto-6g_as-008-012,sto-6g,jw_signed_baseline,50,0.02,1.0,33,0.66,0.68,16,0.43299991386575354,0.18748892540774997,0.9999990494949893,9.505050106994872e-07,-0.34401982771757245,-0.2629270961847978,0.43298995342963575,0.34401982771757245
Be-Be_2.04_sto-6g_as-008-012,sto-6g,jw_signed_baseline,50,0.02,1.0,34,0.68,0.7000000000000001,15,0.4329997224180914,0.18748875961414424,0.9999990495259039,9.504740960952773e-07,-0.20062582260330147,-0.3837087471023106,0.4329932139168885,0.20062582260330147
Be-Be_2.04_sto-6g_as-008-012,sto-6g,jw_signed_baseline,50,0.02,1.0,35,0.7000000000000001,0.72,14,0.43299951321903907,0.1874885784479248,0.9999990495596311,9.504403688520568e-07,-0.019613558208726664,-0.43255128635985285,0.432995735541553,0.019613558208726664
Be-Be_2.04_sto-6g_as-008-012,sto-6g,jw_signed_baseline,50,0.02,1.0,36,0.72,0.74,13,0.43299928465831244,0.18748838051461028,0.9999990495960405,9.504039595320535e-07,0.16507846215011596,-0.40029417183425997,0.4329969083842555,-0.16507846215011596
Be-Be_2.04_sto-6g_as-008-012,sto-6g,jw_signed_baseline,50,0.02,1.0,37,0.74,0.76,12,0.4329990360660517,0.18748816523412998,0.9999990496349739,9.503650261200036e-07,0.3188197768250695,-0.2929843863850236,0.43299642118636034,-0.3188197768250695
Be-Be_2.04_sto-6g_as-008-012,sto-6g,jw_signed_baseline,50,0.02,1.0,38,0.76,0.78,11,0.4329987677591259,0.18748793288092144,0.9999990496762313,9.503237686780963e-07,0.41278355814186846,-0.1307433553093684,0.4329943311751472,-0.41278355814186846
Be-Be_2.04_sto-6g_as-008-012,sto-6g,jw_signed_baseline,50,0.02,1.0,39,0.78,0.8,10,0.432998481042858,0.18748768458542223,0.999999049719581,9.502804190208991e-07,0.42935348441489757,0.05600746488408588,0.43299105152642103,-0.42935348441489757
Be-Be_2.04_sto-6g_as-008-012,sto-6g,jw_signed_baseline,50,0.02,1.0,40,0.8,0.8200000000000001,9,0.4329981781688103,0.1874874222975088,0.9999990497647447,9.502352552592797e-07,0.3654263641542797,0.23225317871418502,0.4329872592142399,-0.3654263641542797
Be-Be_2.04_sto-6g_as-008-012,sto-6g,jw_signed_baseline,50,0.02,1.0,41,0.8200000000000001,0.84,8,0.4329978622509068,0.18748714871385525,0.9999990498115019,9.501884981055753e-07,0.23299139961147458,0.36495195592294494,0.43298374383445043,-0.23299139961147458
Be-Be_2.04_sto-6g_as-008-012,sto-6g,jw_signed_baseline,50,0.02,1.0,42,0.84,0.86,7,0.43299753714433525,0.18748686717305998,0.9999990498595556,9.501404444334227e-07,0.056879417329979316,0.42922893481508956,0.4329812312309788,-0.056879417329979316
Be-Be_2.04_sto-6g_as-008-012,sto-6g,jw_signed_baseline,50,0.02,1.0,43,0.86,0.88,6,0.4329972072929464,0.1874865815234908,0.9999990499086522,9.500913478177608e-07,-0.12989365722428123,0.41303693534528174,0.4329802214264775,0.12989365722428123
Be-Be_2.04_sto-6g_as-008-012,sto-6g,jw_signed_baseline,50,0.02,1.0,44,0.88,0.9,5,0.43299687755243726,0.18748629597016034,0.9999990499585008,9.500414992480444e-07,-0.2923151751737814,0.3194123954470367,0.4329808771783029,0.2923151751737814
Be-Be_2.04_sto-6g_as-008-012,sto-6g,jw_signed_baseline,50,0.02,1.0,45,0.9,0.92,4,0.43299655299739986,0.18748601490763012,0.9999990500088995,9.499911004517969e-07,-0.39993697937544936,0.1659056374922495,0.4329829881458027,0.39993697937544936
Be-Be_2.04_sto-6g_as-008-012,sto-6g,jw_signed_baseline,50,0.02,1.0,46,0.92,0.9400000000000001,3,0.4329962387208231,0.18748574274638002,0.9999990500596035,9.4994039645524e-07,-0.43258169762610804,-0.018707412186987526,0.4329860187024743,0.43258169762610804
Be-Be_2.04_sto-6g_as-008-012,sto-6g,jw_signed_baseline,50,0.02,1.0,47,0.9400000000000001,0.96,2,0.4329959396350588,0.18748548374044746,0.9999990501104521,9.498895479076452e-07,-0.384125956646672,-0.19981722040353353,0.4329892286645422,0.384125956646672
Be-Be_2.04_sto-6g_as-008-012,sto-6g,jw_signed_baseline,50,0.02,1.0,48,0.96,0.98,1,0.43299566028269953,0.18748524182365095,0.9999990501612694,9.498387305573175e-07,-0.26365093263110123,-0.34346778466366434,0.4329918398526868,0.26365093263110123
Be-Be_2.04_sto-6g_as-008-012,sto-6g,jw_signed_baseline,50,0.02,1.0,49,0.98,1.0,0,0.43299540466537284,0.18748502046133,0.9999990502119652,9.497880347764109e-07,-0.09374251023067337,-0.4227238610030937,0.4329932111312033,0.09374251023067337
Be-Be_2.04_sto-6g_as-008-012,sto-6g,signed_parent_descendants_round_robin,50,0.02,1.0,0,0.0,0.02,49,0.43299355475673507,0.18748341846087374,0.999999757968147,2.4203185300386565e-07,-0.1635065571771009,0.4009317186310299,0.4329903431305829,0.1635065571771009
Be-Be_2.04_sto-6g_as-008-012,sto-6g,signed_parent_descendants_round_robin,50,0.02,1.0,1,0.02,0.04,48,0.43299299141553915,0.18748293061497714,0.999999757968882,2.4203111803622335e-07,-0.3176610796953827,0.2942292392428417,0.43298892223549745,0.3176610796953827
Be-Be_2.04_sto-6g_as-008-012,sto-6g,signed_parent_descendants_round_robin,50,0.02,1.0,2,0.04,0.06,47,0.43299244371957196,0.1874824563182467,0.9999997579712662,2.4202873383227796e-07,-0.4122591886942767,0.13236574327148787,0.4329876772549961,0.4122591886942767
Be-Be_2.04_sto-6g_as-008-012,sto-6g,signed_parent_descendants_round_robin,50,0.02,1.0,3,0.06,0.08,46,0.4329919204826225,0.1874820032032297,0.9999997579750577,2.4202494230962657e-07,-0.4295668974921639,-0.054312270035316516,0.43298676896347815,0.4295668974921639
Be-Be_2.04_sto-6g_as-008-012,sto-6g,signed_parent_descendants_round_robin,50,0.02,1.0,4,0.08,0.1,45,0.4329914296078866,0.18748157811388144,0.999999757979892,2.4202010795448814e-07,-0.3663403178093851,-0.230807057473902,0.4329862887349233,0.3663403178093851
Be-Be_2.04_sto-6g_as-008-012,sto-6g,signed_parent_descendants_round_robin,50,0.02,1.0,5,0.1,0.12,44,0.4329909778002846,0.18748118685644655,0.9999997579853313,2.420146687498459e-07,-0.23443326421622254,-0.3640303945985081,0.43298623946104653,0.23443326421622254
Be-Be_2.04_sto-6g_as-008-012,sto-6g,signed_parent_descendants_round_robin,50,0.02,1.0,6,0.12,0.14,43,0.43299057033067123,0.18748083399527996,0.9999997579908241,2.4200917592143156e-07,-0.05857501505738606,-0.4290061863841922,0.4329865359856831,0.05857501505738606
Be-Be_2.04_sto-6g_as-008-012,sto-6g,signed_parent_descendants_round_robin,50,0.02,1.0,7,0.14,0.16,42,0.43299021086195133,0.18748052270227705,0.99999975799583,2.4200417003683583e-07,0.12826530235382702,-0.4135526278519566,0.43298702496862146,-0.12826530235382702
Be-Be_2.04_sto-6g_as-008-012,sto-6g,signed_parent_descendants_round_robin,50,0.02,1.0,8,0.16,0.18,41,0.4329899013443538,0.1874802546661932,0.9999997579997306,2.420002693792611e-07,0.29105914531587024,-0.32056632104022487,0.43298751974770516,-0.29105914531587024
Be-Be_2.04_sto-6g_as-008-012,sto-6g,signed_parent_descendants_round_robin,50,0.02,1.0,9,0.18,0.2,40,0.43298964198390016,0.18748003006534603,0.9999997580019472,2.4199805281899245e-07,0.3992855794530785,-0.1674798427061691,0.432987842406763,-0.3992855794530785
Be-Be_2.04_sto-6g_as-008-012,sto-6g,signed_parent_descendants_round_robin,50,0.02,1.0,10,0.2,0.22,39,0.4329894312849752,0.18747984760448627,0.9999997580019281,2.4199807191482847e-07,0.4326537684198086,0.017006079152738326,0.43298786363593444,-0.4326537684198086
Be-Be_2.04_sto-6g_as-008-012,sto-6g,signed_parent_descendants_round_robin,50,0.02,1.0,11,0.22,0.24,38,0.432989266164326,0.18747970461352154,0.9999997579992047,2.420007952919079e-07,0.38490768812194787,0.19830348968564848,0.43298753145660995,-0.38490768812194787
Be-Be_2.04_sto-6g_as-008-012,sto-6g,signed_parent_descendants_round_robin,50,0.02,1.0,12,0.24,0.26,37,0.43298914213090683,0.18747959720325866,0.9999997579933596,2.420066403940879e-07,0.26499924086743804,0.3424223162210169,0.43298688237230065,-0.26499924086743804
Be-Be_2.04_sto-6g_as-008-012,sto-6g,signed_parent_descendants_round_robin,50,0.02,1.0,13,0.26,0.28,36,0.43298905352274353,0.18747952047052127,0.9999997579841068,2.4201589321481976e-07,0.09540961040186563,0.4223433562094587,0.43298603244366385,-0.09540961040186563
Be-Be_2.04_sto-6g_as-008-012,sto-6g,signed_parent_descendants_round_robin,50,0.02,1.0,14,0.28,0.3,35,0.43298899378987155,0.1874794687431654,0.9999997579712687,2.42028731278765e-07,-0.09206617483426344,0.42308386854736163,0.43298515029226387,0.09206617483426344
Be-Be_2.04_sto-6g_as-008-012,sto-6g,signed_parent_descendants_round_robin,50,0.02,1.0,15,0.3,0.32,34,0.4329889558099659,0.1874794358534046,0.999999757954807,2.4204519299964034e-07,-0.26228062387898293,0.3445059950958699,0.43298441810225,0.26228062387898293
Be-Be_2.04_sto-6g_as-008-012,sto-6g,signed_parent_descendants_round_robin,50,0.02,1.0,16,0.32,0.34,33,0.432988932222386,0.18747941542708196,0.9999997579348315,2.420651684653663e-07,-0.3833230790301508,0.2013418788033046,0.4329839894005318,0.3833230790301508
Be-Be_2.04_sto-6g_as-008-012,sto-6g,signed_parent_descendants_round_robin,50,0.02,1.0,17,0.34,0.36,32,0.43298891576527937,0.18747940117559217,0.9999997579115741,2.4208842586137536e-07,-0.4325016352735173,0.02043132798294263,0.43298395314077537,0.4325016352735173
Be-Be_2.04_sto-6g_as-008-012,sto-6g,signed_parent_descendants_round_robin,50,0.02,1.0,18,0.36,0.38,31,0.432988899600576,0.1874793871773177,0.9999997578854156,2.4211458438117006e-07,-0.4005966858121729,-0.16430979869763715,0.43298431222361256,0.4005966858121729
Be-Be_2.04_sto-6g_as-008-012,sto-6g,signed_parent_descendants_round_robin,50,0.02,1.0,19,0.38,0.4,30,0.4329888776123784,0.18747936813602722,0.9999997578568746,2.421431254395756e-07,-0.29358917929346956,-0.31824736901751205,0.4329849813616882,0.29358917929346956
Be-Be_2.04_sto-6g_as-008-012,sto-6g,signed_parent_descendants_round_robin,50,0.02,1.0,20,0.4,0.42,29,0.43298884466561527,0.18747933960486432,0.9999997578265507,2.421734492941141e-07,-0.1315397460909846,-0.4125215175132809,0.4329858048633244,0.1315397460909846
Be-Be_2.04_sto-6g_as-008-012,sto-6g,signed_parent_descendants_round_robin,50,0.02,1.0,21,0.42,0.44,28,0.4329887968137454,0.1874792981662149,0.9999997577951867,2.4220481331660437e-07,0.055171497609471105,-0.4294572078181639,0.4329865904337517,-0.055171497609471105
Be-Be_2.04_sto-6g_as-008-012,sto-6g,signed_parent_descendants_round_robin,50,0.02,1.0,22,0.44,0.46,27,0.4329887314467504,0.18747924155986612,0.9999997577635711,2.42236428915632e-07,0.23154008747531307,-0.36587847878928675,0.43298715148285655,-0.23154008747531307
Be-Be_2.04_sto-6g_as-008-012,sto-6g,signed_parent_descendants_round_robin,50,0.02,1.0,23,0.46,0.48,26,0.43298864737345255,0.18747916875429202,0.9999997577325435,2.422674565405458e-07,0.3644999470558353,-0.2337045839370853,0.4329873484952106,-0.3644999470558353
Be-Be_2.04_sto-6g_as-008-012,sto-6g,signed_parent_descendants_round_robin,50,0.02,1.0,24,0.48,0.5,25,0.4329885448354033,0.18747907995868004,0.9999997577029593,2.42297040653483e-07,0.42912322791404445,-0.05771569563930214,0.4329871201993167,-0.42912322791404445
Be-Be_2.04_sto-6g_as-008-012,sto-6g,signed_parent_descendants_round_robin,50,0.02,1.0,25,0.5,0.52,24,0.43298842545245503,0.1874789765757962,0.9999997576756603,2.423243397053909e-07,0.413294392506261,0.12909319179161677,0.4329864975308889,-0.413294392506261
Be-Be_2.04_sto-6g_as-008-012,sto-6g,signed_parent_descendants_round_robin,50,0.02,1.0,26,0.52,0.54,23,0.4329882921036138,0.18747886109880435,0.9999997576514773,2.423485226943356e-07,0.3199817301969044,0.2916988511094495,0.43298559721817226,-0.3199817301969044
Be-Be_2.04_sto-6g_as-008-012,sto-6g,signed_parent_descendants_round_robin,50,0.02,1.0,27,0.54,0.56,22,0.43298814874935626,0.18747873695739467,0.9999997576311407,2.4236885931561147e-07,0.16668033820662137,0.3996164730680329,0.43298459636805503,-0.16668033820662137
Be-Be_2.04_sto-6g_as-008-012,sto-6g,signed_parent_descendants_round_robin,50,0.02,1.0,28,0.56,0.58,21,0.4329880002044724,0.1874786083210682,0.9999997576152886,2.42384711413024e-07,-0.017868609943044088,0.43261483073718443,0.4329836936826367,0.017868609943044088
Be-Be_2.04_sto-6g_as-008-012,sto-6g,signed_parent_descendants_round_robin,50,0.02,1.0,29,0.58,0.6,20,0.43298785187247335,0.18747847986913893,0.9999997576044578,2.423955421937407e-07,-0.19906664633778334,0.38450852487356363,0.43298306593285607,0.19906664633778334
Be-Be_2.04_sto-6g_as-008-012,sto-6g,signed_parent_descendants_round_robin,50,0.02,1.0,30,0.6,0.62,19,0.4329877094542966,0.18747835653847836,0.9999997575990273,2.4240097273864336e-07,-0.3429442203440832,0.2643168406954858,0.43298282938547794,0.3429442203440832
Be-Be_2.04_sto-6g_as-008-012,sto-6g,signed_parent_descendants_round_robin,50,0.02,1.0,31,0.62,0.64,18,0.43298757864509624,0.1874782432609434,0.9999997575992509,2.424007491397262e-07,-0.422528493218526,0.09457253039567678,0.43298301477882384,0.422528493218526
Be-Be_2.04_sto-6g_as-008-012,sto-6g,signed_parent_descendants_round_robin,50,0.02,1.0,32,0.64,0.66,17,0.4329874648332349,0.18747814470271185,0.999999757605218,2.4239478202403575e-07,-0.4228994521684559,-0.09290219486629885,0.4329835614146984,0.4228994521684559
Be-Be_2.04_sto-6g_as-008-012,sto-6g,signed_parent_descendants_round_robin,50,0.02,1.0,33,0.66,0.68,16,0.43298737281532274,0.18747806501751527,0.9999997576168648,2.423831352293959e-07,-0.34398694653851,-0.26296085653650203,0.4329843316556599,0.34398694653851
Be-Be_2.04_sto-6g_as-008-012,sto-6g,signed_parent_descendants_round_robin,50,0.02,1.0,34,0.68,0.7000000000000001,15,0.43298730654025047,0.18747800762498082,0.999999757633951,2.4236604900806924e-07,-0.20058434171315329,-0.38372132534633274,0.43298514254653725,0.20058434171315329
Be-Be_2.04_sto-6g_as-008-012,sto-6g,signed_parent_descendants_round_robin,50,0.02,1.0,35,0.7000000000000001,0.72,14,0.43298726889373607,0.1874779750240565,0.9999997576561288,2.4234387119292933e-07,-0.01957582386599815,-0.43254305747080507,0.4329858074420278,0.01957582386599815
Be-Be_2.04_sto-6g_as-008-012,sto-6g,signed_parent_descendants_round_robin,50,0.02,1.0,36,0.72,0.74,13,0.432987261532791,0.18747796864966557,0.9999997576829246,2.423170754051185e-07,0.16510339390740772,-0.4002722822049227,0.43298617827972513,-0.16510339390740772
Be-Be_2.04_sto-6g_as-008-012,sto-6g,signed_parent_descendants_round_robin,50,0.02,1.0,37,0.74,0.76,12,0.4329872847771958,0.18747798877872843,0.9999997577137326,2.4228626738231895e-07,0.31882940073011923,-0.2929587759907845,0.43298617899414016,-0.31882940073011923
Be-Be_2.04_sto-6g_as-008-012,sto-6g,signed_parent_descendants_round_robin,50,0.02,1.0,38,0.76,0.78,11,0.4329873375624231,0.1874780344893957,0.9999997577479055,2.422520944955764e-07,0.4127814438691111,-0.13072185024453548,0.43298582255545376,-0.4127814438691111
Be-Be_2.04_sto-6g_as-008-012,sto-6g,signed_parent_descendants_round_robin,50,0.02,1.0,39,0.78,0.8,10,0.4329874174554766,0.18747810367476317,0.9999997577846959,2.4221530414703096e-07,0.4293456971028781,0.0560219827033754,0.43298520779210653,-0.4293456971028781
Be-Be_2.04_sto-6g_as-008-012,sto-6g,signed_parent_descendants_round_robin,50,0.02,1.0,40,0.8,0.8200000000000001,9,0.43298752073242064,0.1874781931100084,0.9999997578233655,2.4217663452397176e-07,0.3654174260342287,0.23226209146075324,0.43298449669613387,-0.3654174260342287
Be-Be_2.04_sto-6g_as-008-012,sto-6g,signed_parent_descendants_round_robin,50,0.02,1.0,41,0.8200000000000001,0.84,8,0.4329876425134337,0.18747829856934103,0.9999997578631749,2.4213682514595547e-07,0.23298248814774034,0.36495780333534683,0.43298387729668836,-0.23298248814774034
Be-Be_2.04_sto-6g_as-008-012,sto-6g,signed_parent_descendants_round_robin,50,0.02,1.0,42,0.84,0.86,7,0.4329877769487857,0.1874784149870514,0.9999997579033922,2.4209660776097763e-07,0.05686960529875188,0.4292325441568192,0.43298352043717736,-0.05686960529875188
Be-Be_2.04_sto-6g_as-008-012,sto-6g,signed_parent_descendants_round_robin,50,0.02,1.0,43,0.86,0.88,6,0.43298791744695714,0.18747853665505299,0.9999997579433527,2.420566472816077e-07,-0.12990466132595047,0.41303695358646336,0.43298354017467705,0.12990466132595047
Be-Be_2.04_sto-6g_as-008-012,sto-6g,signed_parent_descendants_round_robin,50,0.02,1.0,44,0.88,0.9,5,0.43298805693434717,0.18747865744778147,0.9999997579824677,2.420175323480933e-07,-0.29232533824812146,0.3194072824130604,0.4329839667243755,0.29232533824812146
Be-Be_2.04_sto-6g_as-008-012,sto-6g,signed_parent_descendants_round_robin,50,0.02,1.0,45,0.9,0.92,4,0.4329881881347837,0.18747877106424282,0.9999997580202505,2.4197974946016387e-07,-0.3999428096151706,0.16589614956804244,0.43298473807327076,0.3999428096151706
Be-Be_2.04_sto-6g_as-008-012,sto-6g,signed_parent_descendants_round_robin,50,0.02,1.0,46,0.92,0.9400000000000001,3,0.432988303856269,0.18747887127632873,0.9999997580563209,2.419436790912499e-07,-0.4325809508648726,-0.01871758339835735,0.4329857122116523,0.4325809508648726
Be-Be_2.04_sto-6g_as-008-012,sto-6g,signed_parent_descendants_round_robin,50,0.02,1.0,47,0.9400000000000001,0.96,2,0.43298839727256294,0.18747895217266278,0.9999997580904523,2.4190954772684847e-07,-0.38411986911738943,-0.19982343756550539,0.4329866973144277,0.38411986911738943
Be-Be_2.04_sto-6g_as-008-012,sto-6g,signed_parent_descendants_round_robin,50,0.02,1.0,48,0.96,0.98,1,0.4329884621873032,0.1874790083873257,0.9999997581225166,2.418774833756743e-07,-0.263643960973846,-0.3434676565458417,0.43298749318088986,0.263643960973846
Be-Be_2.04_sto-6g_as-008-012,sto-6g,signed_parent_descendants_round_robin,50,0.02,1.0,49,0.98,1.0,0,0.4329884932697031,0.18747903530396773,0.9999997581525342,2.4184746583166827e-07,-0.09373951765198577,-0.42271912003007467,0.43298793471484587,0.09373951765198577
Be-Be_2.04_sto-6g_as-008-012,sto-6g,fermionic_signed_reference,100,0.01,1.0,0,0.0,0.01,99,0.2177900452572897,0.0474325038131723,0.9999999995365444,4.6345560722471646e-10,-0.05979100413211592,0.20942179175960293,0.21778992409872686,0.05979100413211592
Be-Be_2.04_sto-6g_as-008-012,sto-6g,fermionic_signed_reference,100,0.01,1.0,1,0.01,0.02,98,0.21778997442192133,0.04743247295870114,0.9999999995365471,4.6345294268945736e-10,-0.1037116907703271,0.19151058656601294,0.21778985185104077,0.1037116907703271
Be-Be_2.04_sto-6g_as-008-012,sto-6g,fermionic_signed_reference,100,0.01,1.0,2,0.02,0.03,97,0.2177899041072754,0.04743244233105621,0.9999999995365372,4.634628236743765e-10,-0.1427130359486506,0.16451558513891548,0.21778978025444762,0.1427130359486506
Be-Be_2.04_sto-6g_as-008-012,sto-6g,fermionic_signed_reference,100,0.01,1.0,3,0.03,0.04,96,0.2177898346220337,0.047432412064692786,0.999999999536509,4.63491023339202e-10,-0.1749451206522122,0.1297172401070879,0.21778970963068248,0.1749451206522122
Be-Be_2.04_sto-6g_as-008-012,sto-6g,fermionic_signed_reference,100,0.01,1.0,4,0.04,0.05,95,0.21778976626696775,0.04743238229062044,0.9999999995364668,4.6353321181413776e-10,-0.1988791121749993,0.08876613182446445,0.21778964029217313,0.1988791121749993
Be-Be_2.04_sto-6g_as-008-012,sto-6g,fermionic_signed_reference,100,0.01,1.0,5,0.05,0.06,94,0.2177896993319524,0.04743235313510224,0.9999999995364415,4.635585248990992e-10,-0.21337977903951955,0.043604676397638244,0.21778957253894626,0.21337977903951955
Be-Be_2.04_sto-6g_as-008-012,sto-6g,fermionic_signed_reference,100,0.01,1.0,6,0.06,0.07,93,0.21778963409325922,0.04743232471847574,0.9999999995363799,4.636201422769659e-10,-0.2177593362497984,-0.00362500833440108,0.2177895066558011,0.2177593362497984
Be-Be_2.04_sto-6g_as-008-012,sto-6g,fermionic_signed_reference,100,0.01,1.0,7,0.07,0.08,92,0.21778957081093708,0.04743229715401218,0.9999999995363033,4.6369674766566504e-10,-0.21181006700012897,-0.050682708691289755,0.21778944290962604,0.21181006700012897
Be-Be_2.04_sto-6g_as-008-012,sto-6g,fermionic_signed_reference,100,0.01,1.0,8,0.08,0.09,91,0.21778950972634253,0.04743227054684065,0.9999999995362241,4.637759065673208e-10,-0.19581417364990483,-0.09533637350121628,0.2177893815468479,0.19581417364990483
Be-Be_2.04_sto-6g_as-008-012,sto-6g,fermionic_signed_reference,100,0.01,1.0,9,0.09,0.1,90,0.21778945105995787,0.04743224499299778,0.9999999995361016,4.6389836416693697e-10,-0.17053039083886531,-0.13546798486061312,0.2177893227912045,0.17053039083886531
Be-Be_2.04_sto-6g_as-008-012,sto-6g,fermionic_signed_reference,100,0.01,1.0,10,0.1,0.11,89,0.21778939500934594,0.04743222057853692,0.9999999995359691,4.640309247960772e-10,-0.13715799582578292,-0.1691740196734828,0.21778926684166378,0.13715799582578292
Be-Be_2.04_sto-6g_as-008-012,sto-6g,fermionic_signed_reference,100,0.01,1.0,11,0.11,0.12,88,0.2177893417474303,0.04743219737877899,0.9999999995358075,4.641924622461602e-10,-0.09727992321113257,-0.19485573694005742,0.21778921387069816,0.09727992321113257
Be-Be_2.04_sto-6g_as-008-012,sto-6g,fermionic_signed_reference,100,0.01,1.0,12,0.12,0.13,87,0.21778929142097533,0.047432175457650515,0.9999999995356154,4.643846418517228e-10,-0.05278768229914428,-0.21129500837270104,0.21778916402276582,0.05278768229914428
Be-Be_2.04_sto-6g_as-008-012,sto-6g,fermionic_signed_reference,100,0.01,1.0,13,0.13,0.14,86,0.2177892441493831,0.047432154867159605,0.999999999535402,4.6459802671705575e-10,-0.005791638462579347,-0.21771209563897387,0.21778911741314105,0.005791638462579347
Be-Be_2.04_sto-6g_as-008-012,sto-6g,fermionic_signed_reference,100,0.01,1.0,14,0.14,0.15,85,0.21778920002385338,0.04743213564703001,0.9999999995351345,4.6486547944368795e-10,0.041479085943451593,-0.21380263384356532,0.21778907412712398,-0.041479085943451593
Be-Be_2.04_sto-6g_as-008-012,sto-6g,fermionic_signed_reference,100,0.01,1.0,15,0.15,0.16,84,0.21778915910669763,0.04743211782440246,0.9999999995348365,4.6516346330349734e-10,0.08678234323690168,-0.19975206714458316,0.2177890342194057,-0.08678234323690168
Be-Be_2.04_sto-6g_as-008-012,sto-6g,fermionic_signed_reference,100,0.01,1.0,16,0.16,0.17,83,0.2177891214311132,0.04743210141373617,0.9999999995344945,4.6550552301738435e-10,0.12796930961293063,-0.17622685187687362,0.2177889977139425,-0.12796930961293063
Be-Be_2.04_sto-6g_as-008-012,sto-6g,fermionic_signed_reference,100,0.01,1.0,17,0.17,0.18,82,0.21778908700116026,0.047432086416798955,0.9999999995341095,4.658905483623244e-10,0.16308640760516324,-0.14434284449787907,0.21778896460403208,-0.16308640760516324
Be-Be_2.04_sto-6g_as-008-012,sto-6g,fermionic_signed_reference,100,0.01,1.0,18,0.18,0.19,81,0.21778905579215255,0.04743207282283734,0.9999999995336724,4.663276431671193e-10,0.19046796749320638,-0.10561237381733705,0.21778893485282044,-0.19046796749320638
Be-Be_2.04_sto-6g_as-008-012,sto-6g,fermionic_signed_reference,100,0.01,1.0,19,0.19,0.2,80,0.2177890277512572,0.047432060608837874,0.9999999995331855,4.668144759634174e-10,0.20881523261992044,-0.061872507993097486,0.21778890839403964,-0.20881523261992044
Be-Be_2.04_sto-6g_as-008-012,sto-6g,fermionic_signed_reference,100,0.01,1.0,20,0.2,0.21,79,0.21778900279845692,0.047432049739946275,0.9999999995326507,4.673492703943793e-10,0.217257961313442,-0.015197918721101092,0.2177888851331175,-0.217257961313442
Be-Be_2.04_sto-6g_as-008-012,sto-6g,fermionic_signed_reference,100,0.01,1.0,21,0.21,0.22,78,0.21778898082775922,0.047432040169994076,0.999999999532044,4.67956007277337e-10,0.2153957035757007,0.032197524387882724,0.21778886494855385,-0.2153957035757007
Be-Be_2.04_sto-6g_as-008-012,sto-6g,fermionic_signed_reference,100,0.01,1.0,22,0.22,0.23,77,0.21778896170874876,0.04743203184217483,0.999999999531408,4.685920540481447e-10,0.20331679474924855,0.07806576171802737,0.21778884769364085,-0.20331679474924855
Be-Be_2.04_sto-6g_as-008-012,sto-6g,fermionic_signed_reference,100,0.01,1.0,23,0.23,0.24,76,0.21778894528824888,0.047432024689767864,0.9999999995306762,4.693238020436752e-10,0.18159416528267858,0.12023117316723415,0.21778883319831213,-0.18159416528267858
Be-Be_2.04_sto-6g_as-008-012,sto-6g,fermionic_signed_reference,100,0.01,1.0,24,0.24,0.25,75,0.21778893139238226,0.04743201863703579,0.9999999995298979,4.701020683839374e-10,0.1512581653534127,0.15669377168445658,0.21778882127138882,-0.1512581653534127
Be-Be_2.04_sto-6g_as-008-012,sto-6g,fermionic_signed_reference,100,0.01,1.0,25,0.25,0.26,74,0.21778891982876122,0.04743201360017859,0.999999999529077,4.709229672883453e-10,0.11374769331836766,0.18572406620506604,0.21778881170297335,-0.11374769331836766
Be-Be_2.04_sto-6g_as-008-012,sto-6g,fermionic_signed_reference,100,0.01,1.0,26,0.26,0.27,73,0.21778891038882295,0.04743200948835075,0.9999999995281753,4.718246904289458e-10,0.07084194603972876,0.20594509449205553,0.2177888042669722,-0.07084194603972876
Be-Be_2.04_sto-6g_as-008-012,sto-6g,fermionic_signed_reference,100,0.01,1.0,27,0.27,0.28,72,0.21778890285037977,0.047432006204772156,0.9999999995272179,4.727821467653825e-10,0.024576028264984635,0.2163977349333755,0.217788798723848,-0.024576028264984635
Be-Be_2.04_sto-6g_as-008-012,sto-6g,fermionic_signed_reference,100,0.01,1.0,28,0.28,0.29,71,0.21778889698031217,0.047432003647901025,0.9999999995262069,4.737931158516062e-10,-0.022855576167893393,0.21658619944196722,0.21778879482352156,0.022855576167893393
Be-Be_2.04_sto-6g_as-008-012,sto-6g,fermionic_signed_reference,100,0.01,1.0,29,0.29,0.3,70,0.2177888925372759,0.047432001712613116,0.9999999995251304,4.748695880962828e-10,-0.06920309279162998,0.2065015496386434,0.21778879230825457,0.06920309279162998
Be-Be_2.04_sto-6g_as-008-012,sto-6g,fermionic_signed_reference,100,0.01,1.0,30,0.3,0.31,69,0.21778888927454584,0.047432000291440395,0.999999999523989,4.760110083878999e-10,-0.11226816755287544,0.1866221208829228,0.21778879091569603,0.11226816755287544
Be-Be_2.04_sto-6g_as-008-012,sto-6g,fermionic_signed_reference,100,0.01,1.0,31,0.31,0.32,68,0.21778888694287313,0.04743199927581557,0.999999999522796,4.772040540501621e-10,-0.15000813894911857,0.15789083401210874,0.21778879038191415,0.15000813894911857
Be-Be_2.04_sto-6g_as-008-012,sto-6g,fermionic_signed_reference,100,0.01,1.0,32,0.32,0.33,67,0.2177888852933233,0.04743199855730833,0.9999999995215425,4.784574958449639e-10,-0.18063292544045312,0.12167047090425837,0.21778879044441263,0.18063292544045312
Be-Be_2.04_sto-6g_as-008-012,sto-6g,fermionic_signed_reference,100,0.01,1.0,33,0.33,0.34,66,0.21778888408010233,0.04743199802885625,0.9999999995202477,4.797523489585842e-10,-0.2026899325759108,0.07967903519837112,0.21778879084509958,0.2026899325759108
Be-Be_2.04_sto-6g_as-008-012,sto-6g,fermionic_signed_reference,100,0.01,1.0,34,0.34,0.35000000000000003,65,0.21778888306330324,0.04743199758596117,0.9999999995189004,4.810996045989668e-10,-0.21513295250957265,0.03390826410904561,0.217788791333197,0.21513295250957265
Be-Be_2.04_sto-6g_as-008-012,sto-6g,fermionic_signed_reference,100,0.01,1.0,35,0.35000000000000003,0.36,64,0.21778888201156815,0.04743199712784875,0.9999999995174987,4.825012611675561e-10,-0.21737178784390485,-0.013470843542972566,0.2177887916680168,0.21737178784390485
Be-Be_2.04_sto-6g_as-008-012,sto-6g,fermionic_signed_reference,100,0.01,1.0,36,0.36,0.37,63,0.21778888070462468,0.04743199655857324,0.9999999995160701,4.839298961556437e-10,-0.20930024601389335,-0.06021100210535324,0.21778879162162396,0.20930024601389335
Be-Be_2.04_sto-6g_as-008-012,sto-6g,fermionic_signed_reference,100,0.01,1.0,37,0.37,0.38,62,0.21778887893567386,0.0474319957880576,0.9999999995145921,4.854079360683272e-10,-0.19130117635110672,-0.10409523237776463,0.21778879098130383,0.19130117635110672
Be-Be_2.04_sto-6g_as-008-012,sto-6g,fermionic_signed_reference,100,0.01,1.0,38,0.38,0.39,61,0.21778887651356849,0.04743199473304238,0.999999999513104,4.868959679882323e-10,-0.16422831087993128,-0.14304201746330983,0.21778878955182515,0.16422831087993128
Be-Be_2.04_sto-6g_as-008-012,sto-6g,fermionic_signed_reference,100,0.01,1.0,39,0.39,0.4,60,0.21778887326484314,0.04743199331796991,0.9999999995115857,4.884143089967097e-10,-0.129365770149652,-0.17520403341570162,0.21778878715751845,0.129365770149652
Be-Be_2.04_sto-6g_as-008-012,sto-6g,fermionic_signed_reference,100,0.01,1.0,40,0.4,0.41000000000000003,59,0.21778886903545122,0.04743199147574092,0.999999999510044,4.899559646887042e-10,-0.08836715480702484,-0.19905577166328434,0.21778878364404877,0.08836715480702484
Be-Be_2.04_sto-6g_as-008-012,sto-6g,fermionic_signed_reference,100,0.01,1.0,41,0.41000000000000003,0.42,58,0.21778886369233974,0.047431989148400536,0.9999999995084878,4.915121643023213e-10,-0.04317711191510244,-0.21346589707189506,0.2177887788799923,0.04317711191510244
Be-Be_2.04_sto-6g_as-008-012,sto-6g,fermionic_signed_reference,100,0.01,1.0,42,0.42,0.43,57,0.21778885712469293,0.0474319862876799,0.9999999995069205,4.930794661461846e-10,0.004060903706276584,-0.2177509095286608,0.21778877275808015,-0.004060903706276584
Be-Be_2.04_sto-6g_as-008-012,sto-6g,fermionic_signed_reference,100,0.01,1.0,43,0.43,0.44,56,0.2177888492449325,0.04743198285543194,0.99999999950536,4.946399956295977e-10,0.05110629803380731,-0.21170756374524305,0.21778876519615625,-0.05110629803380731
Be-Be_2.04_sto-6g_as-008-012,sto-6g,fermionic_signed_reference,100,0.01,1.0,44,0.44,0.45,55,0.2177888399894453,0.0474319788239482,0.9999999995038125,4.961875355036227e-10,0.09572761391580618,-0.19562250952807061,0.2177887561378542,-0.09572761391580618
Be-Be_2.04_sto-6g_as-008-012,sto-6g,fermionic_signed_reference,100,0.01,1.0,45,0.45,0.46,54,0.21778882931901483,0.047431974176146974,0.9999999995022539,4.977460665855915e-10,0.13580837374806448,-0.17025869525352047,0.21778874555294434,-0.13580837374806448
Be-Be_2.04_sto-6g_as-008-012,sto-6g,fermionic_signed_reference,100,0.01,1.0,46,0.46,0.47000000000000003,53,0.21778881721894533,0.047431968905627175,0.9999999995007403,4.992597446573654e-10,0.16944746838579347,-0.13681917946653685,0.21778873343736332,-0.16944746838579347
Be-Be_2.04_sto-6g_as-008-012,sto-6g,fermionic_signed_reference,100,0.01,1.0,47,0.47000000000000003,0.48,52,0.2177888036989368,0.04743196301661402,0.9999999994992554,5.007445569304991e-10,0.19504933061354227,-0.09689006711209129,0.21778871981297945,-0.19504933061354227
Be-Be_2.04_sto-6g_as-008-012,sto-6g,fermionic_signed_reference,100,0.01,1.0,48,0.48,0.49,51,0.21778878879262145,0.04743195652375707,0.9999999994978004,5.021996152265729e-10,0.21139961604281068,-0.05236527707945662,0.21778870472698084,-0.21139961604281068
Be-Be_2.04_sto-6g_as-008-012,sto-6g,fermionic_signed_reference,100,0.01,1.0,49,0.49,0.5,50,0.21778877255686183,0.047431949451824496,0.9999999994963721,5.036279171477531e-10,0.21772280173003303,-0.0053567095245013185,0.2177886882510319,-0.21772280173003303
Be-Be_2.04_sto-6g_as-008-012,sto-6g,fermionic_signed_reference,100,0.01,1.0,50,0.5,0.51,49,0.2177887550707135,0.04743194183525123,0.9999999994950053,5.049947127133692e-10,0.21371897050057628,0.041905926044461084,0.21778867048005512,-0.21371897050057628
Be-Be_2.04_sto-6g_as-008-012,sto-6g,fermionic_signed_reference,100,0.01,1.0,51,0.51,0.52,48,0.21778873643429822,0.04743193371764822,0.999999999493694,5.063059971277539e-10,0.19957803624291756,0.08718087052260692,0.21778865153092544,-0.19957803624291756
Be-Be_2.04_sto-6g_as-008-012,sto-6g,fermionic_signed_reference,100,0.01,1.0,52,0.52,0.53,47,0.21778871676716505,0.04743192515108844,0.9999999994924443,5.07555664164272e-10,0.17597073546997904,0.12832064637657808,0.217788631540648,-0.17597073546997904
Be-Be_2.04_sto-6g_as-008-012,sto-6g,fermionic_signed_reference,100,0.01,1.0,53,0.53,0.54,46,0.21778869620668725,0.047431916195408715,0.9999999994912644,5.087356091948436e-10,0.14401681247872544,0.16337391670232168,0.21778861066453753,-0.14401681247872544
Be-Be_2.04_sto-6g_as-008-012,sto-6g,fermionic_signed_reference,100,0.01,1.0,54,0.54,0.55,45,0.21778867490609766,0.0474319069173539,0.9999999994901565,5.098435007511171e-10,0.10523190719826091,0.1906780407867717,0.21778858907404944,-0.10523190719826091
Be-Be_2.04_sto-6g_as-008-012,sto-6g,fermionic_signed_reference,100,0.01,1.0,55,0.55,0.56,44,0.21778865303245826,0.04743189738969249,0.999999999489125,5.108750089632963e-10,0.061455664992893067,0.2089379360872275,0.21778856695453291,-0.061455664992893067
Be-Be_2.04_sto-6g_as-008-012,sto-6g,fermionic_signed_reference,100,0.01,1.0,56,0.56,0.5700000000000001,43,0.21778863076435162,0.04743188769021108,0.9999999994881691,5.118309109874986e-10,0.014764478362542561,0.21728750607268607,0.21778854450270238,-0.014764478362542561
Be-Be_2.04_sto-6g_as-008-012,sto-6g,fermionic_signed_reference,100,0.01,1.0,57,0.5700000000000001,0.58,42,0.2177886082895489,0.047431877900698576,0.9999999994873212,5.126787883114048e-10,-0.0326270005862553,0.2153307203225372,0.21778852192408635,0.0326270005862553
Be-Be_2.04_sto-6g_as-008-012,sto-6g,fermionic_signed_reference,100,0.01,1.0,58,0.58,0.59,41,0.21778858580256663,0.04743186810588192,0.9999999994865646,5.134354053026868e-10,-0.07847090541472763,0.2031603984233264,0.21778849943036901,0.07847090541472763
Be-Be_2.04_sto-6g_as-008-012,sto-6g,fermionic_signed_reference,100,0.01,1.0,59,0.59,0.6,40,0.21778856350208387,0.04743185839230122,0.9999999994858988,5.141012060505545e-10,-0.12059277585801079,0.18135380676428156,0.21778847723659947,0.12059277585801079
Be-Be_2.04_sto-6g_as-008-012,sto-6g,fermionic_signed_reference,100,0.01,1.0,60,0.6,0.61,39,0.21778854158841213,0.04743184884720752,0.9999999994853194,5.146806314471064e-10,-0.15699469635148544,0.15094527714386397,0.21778845555844556,0.15699469635148544
Be-Be_2.04_sto-6g_as-008-012,sto-6g,fermionic_signed_reference,100,0.01,1.0,61,0.61,0.62,38,0.21778852026091425,0.047431839557438654,0.9999999994848523,5.151477022735662e-10,-0.1859500605418745,0.11337714599556123,0.21778843460942915,0.1859500605418745
Be-Be_2.04_sto-6g_as-008-012,sto-6g,fermionic_signed_reference,100,0.01,1.0,62,0.62,0.63,37,0.21778849971541916,0.04743183060829314,0.9999999994844974,5.155026405745389e-10,-0.2060854669599279,0.0704313413267479,0.21778841459815168,0.2060854669599279
Be-Be_2.04_sto-6g_as-008-012,sto-6g,fermionic_signed_reference,100,0.01,1.0,63,0.63,0.64,36,0.21778848014174645,0.047431822082451884,0.999999999484248,5.157519966658697e-10,-0.2164458614390057,0.024144862366115006,0.21778839572564904,0.2164458614390057
Be-Be_2.04_sto-6g_as-008-012,sto-6g,fermionic_signed_reference,100,0.01,1.0,64,0.64,0.65,35,0.21778846172123087,0.04743181405890005,0.9999999994840972,5.159027649526138e-10,-0.21653983651067576,-0.023286839102979434,0.2177883781827631,0.21653983651067576
Be-Be_2.04_sto-6g_as-008-012,sto-6g,fermionic_signed_reference,100,0.01,1.0,65,0.65,0.66,34,0.21778844462446062,0.04743180661194175,0.999999999484068,5.159319638181614e-10,-0.20636293920376997,-0.06961399291938505,0.21778836214774897,0.20636293920376997
Be-Be_2.04_sto-6g_as-008-012,sto-6g,fermionic_signed_reference,100,0.01,1.0,66,0.66,0.67,33,0.21778842900903903,0.04743179981022523,0.999999999484133,5.158670157712208e-10,-0.1863978817725276,-0.11263922097191778,0.21778834778391085,0.1863978817725276
Be-Be_2.04_sto-6g_as-008-012,sto-6g,fermionic_signed_reference,100,0.01,1.0,67,0.67,0.68,32,0.2177884150175664,0.04743179371586374,0.9999999994842997,5.157002602729222e-10,-0.15759164540813098,-0.15032176244003748,0.21778833523749877,0.15759164540813098
Be-Be_2.04_sto-6g_as-008-012,sto-6g,fermionic_signed_reference,100,0.01,1.0,68,0.68,0.6900000000000001,31,0.2177884027758111,0.04743178838363892,0.9999999994845721,5.154279225649816e-10,-0.12131056298266787,-0.18087427029982384,0.217788324635793,0.12131056298266787
Be-Be_2.04_sto-6g_as-008-012,sto-6g,fermionic_signed_reference,100,0.01,1.0,69,0.6900000000000001,0.7000000000000001,30,0.21778839239101414,0.04743178386026234,0.999999999484955,5.150450066437884e-10,-0.07927551135262138,-0.20284758791536703,0.21778831608537258,0.07927551135262138
Be-Be_2.04_sto-6g_as-008-012,sto-6g,fermionic_signed_reference,100,0.01,1.0,70,0.7000000000000001,0.71,29,0.2177883839504595,0.04743178018375276,0.9999999994854325,5.145674997208971e-10,-0.03348028717032237,-0.21519948466525093,0.21778830967064514,0.03348028717032237
Be-Be_2.04_sto-6g_as-008-012,sto-6g,fermionic_signed_reference,100,0.01,1.0,71,0.71,0.72,28,0.21778837752031668,0.047431777382931986,0.9999999994859997,5.140002867776161e-10,0.013902962230083185,-0.21734409040317926,0.21778830545269523,-0.013902962230083185
Be-Be_2.04_sto-6g_as-008-012,sto-6g,fermionic_signed_reference,100,0.01,1.0,72,0.72,0.73,27,0.21778837314464566,0.047431775476991414,0.9999999994866647,5.133352631858656e-10,0.060626767320735284,-0.20917968403226714,0.2177883034683031,-0.060626767320735284
Be-Be_2.04_sto-6g_as-008-012,sto-6g,fermionic_signed_reference,100,0.01,1.0,73,0.73,0.74,26,0.21778837084468877,0.04743177447518369,0.9999999994874224,5.125776469938614e-10,0.10447493746014011,-0.19109351816318218,0.21778830372929264,-0.10447493746014011
Be-Be_2.04_sto-6g_as-008-012,sto-6g,fermionic_signed_reference,100,0.01,1.0,74,0.74,0.75,25,0.2177883706184552,0.0474317743766416,0.9999999994882519,5.117480883498615e-10,0.14336767833663863,-0.16394345102957394,0.21778830622217574,-0.14336767833663863
Be-Be_2.04_sto-6g_as-008-012,sto-6g,fermionic_signed_reference,100,0.01,1.0,75,0.75,0.76,24,0.2177883724405319,0.04743177517029583,0.9999999994891744,5.108256040387005e-10,0.17546023992020834,-0.1290172568896387,0.2177883109080561,-0.17546023992020834
Be-Be_2.04_sto-6g_as-008-012,sto-6g,fermionic_signed_reference,100,0.01,1.0,76,0.76,0.77,23,0.21778837626218367,0.04743177683491849,0.9999999994901643,5.098357291899447e-10,0.19923041592307209,-0.08797154487485175,0.21778831772284837,-0.19923041592307209
Be-Be_2.04_sto-6g_as-008-012,sto-6g,fermionic_signed_reference,100,0.01,1.0,77,0.77,0.78,22,0.2177883820116922,0.04743177933927077,0.9999999994912359,5.087641419265765e-10,0.2135507445535193,-0.04275318343908225,0.21778832657775363,-0.2135507445535193
Be-Be_2.04_sto-6g_as-008-012,sto-6g,fermionic_signed_reference,100,0.01,1.0,78,0.78,0.79,21,0.217788389594982,0.047431782642375665,0.9999999994923526,5.07647368586106e-10,0.21774198597816,0.0044930426587934825,0.21778833736003167,-0.21774198597816
Be-Be_2.04_sto-6g_as-008-012,sto-6g,fermionic_signed_reference,100,0.01,1.0,79,0.79,0.8,20,0.21778839889648946,0.047431786693896416,0.9999999994935274,5.064726416037502e-10,0.21160533997069794,0.05152616289697478,0.21778834993405924,-0.21160533997069794
Be-Be_2.04_sto-6g_as-008-012,sto-6g,fermionic_signed_reference,100,0.01,1.0,80,0.8,0.81,19,0.21778840978022146,0.04743179143459766,0.9999999994947656,5.052344098643857e-10,0.19543187559797814,0.0961153138482701,0.21778836414256633,-0.19543187559797814
Be-Be_2.04_sto-6g_as-008-012,sto-6g,fermionic_signed_reference,100,0.01,1.0,81,0.81,0.8200000000000001,18,0.21778842209114999,0.04743179679695291,0.9999999994960513,5.039486605795673e-10,0.16998872565138912,0.13614555274012544,0.21778837980823842,-0.16998872565138912
Be-Be_2.04_sto-6g_as-008-012,sto-6g,fermionic_signed_reference,100,0.01,1.0,82,0.8200000000000001,0.8300000000000001,17,0.21778843565666514,0.04743180270577737,0.9999999994973773,5.026227212212575e-10,0.13648270060633427,0.16971817282711169,0.21778839673539,-0.13648270060633427
Be-Be_2.04_sto-6g_as-008-012,sto-6g,fermionic_signed_reference,100,0.01,1.0,83,0.8300000000000001,0.84,16,0.21778845028837726,0.047431809079012975,0.9999999994987231,5.012769088708069e-10,0.09650304791518988,0.19524076245968747,0.21778841471198954,-0.09650304791518988
Be-Be_2.04_sto-6g_as-008-012,sto-6g,fermionic_signed_reference,100,0.01,1.0,84,0.84,0.85,15,0.21778846578394812,0.047431815828525944,0.9999999995001101,4.998899072461427e-10,0.05194607160797299,0.21150273619031984,0.21778843351172872,-0.05194607160797299
Be-Be_2.04_sto-6g_as-008-012,sto-6g,fermionic_signed_reference,100,0.01,1.0,85,0.85,0.86,14,0.21778848192915815,0.04743182286100724,0.9999999995015099,4.984901380566953e-10,0.004925187574932772,0.21773275532708325,0.21778845289631812,-0.004925187574932772
Be-Be_2.04_sto-6g_as-008-012,sto-6g,fermionic_signed_reference,100,0.01,1.0,86,0.86,0.87,13,0.21778849850006796,0.047431830078914106,0.9999999995029341,4.970659439607061e-10,-0.04232931927661158,0.2136353143439048,0.21778847261790588,0.04232931927661158
Be-Be_2.04_sto-6g_as-008-012,sto-6g,fermionic_signed_reference,100,0.01,1.0,87,0.87,0.88,12,0.21778851526530377,0.047431837381465454,0.9999999995043768,4.956232091402057e-10,-0.08757608132728033,0.19940475774320637,0.21778849242159062,0.08757608132728033
Be-Be_2.04_sto-6g_as-008-012,sto-6g,fermionic_signed_reference,100,0.01,1.0,88,0.88,0.89,11,0.21778853198832152,0.047431844665628144,0.999999999505821,4.941790310297733e-10,-0.12866896039638293,0.17571606247172278,0.21778851204793226,0.12866896039638293
Be-Be_2.04_sto-6g_as-008-012,sto-6g,fermionic_signed_reference,100,0.01,1.0,89,0.89,0.9,10,0.21778854842989545,0.047431851827200916,0.9999999995072657,4.927342978078286e-10,-0.1636588431617686,0.14369282303838668,0.21778853123566788,0.1636588431617686
Be-Be_2.04_sto-6g_as-008-012,sto-6g,fermionic_signed_reference,100,0.01,1.0,90,0.9,0.91,9,0.21778856435045515,0.04743185876183235,0.9999999995087151,4.912849016491805e-10,-0.19088609148976682,0.1048539578020946,0.21778854972427514,0.19088609148976682
Be-Be_2.04_sto-6g_as-008-012,sto-6g,fermionic_signed_reference,100,0.01,1.0,91,0.91,0.92,8,0.2177885795124893,0.04743186536606788,0.9999999995101537,4.898462746538712e-10,-0.20905926255354523,0.06104166419949737,0.2177885672565857,0.20905926255354523
Be-Be_2.04_sto-6g_as-008-012,sto-6g,fermionic_signed_reference,100,0.01,1.0,92,0.92,0.93,7,0.21778859368292988,0.04743187153838833,0.9999999995115797,4.884203042010427e-10,-0.21731636485318048,0.014334040092814,0.21778858358137843,0.21731636485318048
Be-Be_2.04_sto-6g_as-008-012,sto-6g,fermionic_signed_reference,100,0.01,1.0,93,0.93,0.9400000000000001,6,0.21778860663545355,0.04743187718021232,0.9999999995130067,4.869933345474919e-10,-0.21526574459545522,-0.033053484251013954,0.2177885984558599,0.21526574459545522
Be-Be_2.04_sto-6g_as-008-012,sto-6g,fermionic_signed_reference,100,0.01,1.0,94,0.9400000000000001,0.9500000000000001,5,0.21778861815270537,0.0474318821968649,0.9999999995144148,4.855852386853599e-10,-0.20300466305772213,-0.07887322828697738,0.2177886116480587,0.20300466305772213
Be-Be_2.04_sto-6g_as-008-012,sto-6g,fermionic_signed_reference,100,0.01,1.0,95,0.9500000000000001,0.96,4,0.21778862802842439,0.0474318864985034,0.9999999995158065,4.841934631016898e-10,-0.18111468372066147,-0.12095187316646225,0.21778862293910398,0.18111468372066147
Be-Be_2.04_sto-6g_as-008-012,sto-6g,fermionic_signed_reference,100,0.01,1.0,96,0.96,0.97,3,0.21778863606943105,0.047431890000983086,0.9999999995171812,4.828187849525989e-10,-0.1506340879191001,-0.15729354672015547,0.21778863212533595,0.1506340879191001
Be-Be_2.04_sto-6g_as-008-012,sto-6g,fermionic_signed_reference,100,0.01,1.0,97,0.97,0.98,2,0.21778864209747134,0.04743189262666047,0.9999999995185298,4.814701970445867e-10,-0.11300862735408264,-0.18617449188823418,0.21778863902025763,0.11300862735408264
Be-Be_2.04_sto-6g_as-008-012,sto-6g,fermionic_signed_reference,100,0.01,1.0,98,0.98,0.99,1,0.21778864595087752,0.047431894305116684,0.9999999995198616,4.801383735042464e-10,-0.07002294934986227,-0.20622482824062693,0.21778864345628646,0.07002294934986227
Be-Be_2.04_sto-6g_as-008-012,sto-6g,fermionic_signed_reference,100,0.01,1.0,99,0.99,1.0,0,0.2177886474860982,0.04743189497382395,0.9999999995211672,4.788327512272872e-10,-0.023715947486914114,-0.21649352842626882,0.21778864528633657,0.023715947486914114
Be-Be_2.04_sto-6g_as-008-012,sto-6g,fermionic_magnitude_reference,100,0.01,1.0,0,0.0,0.01,99,0.21779004744483502,0.04743250476602349,0.9999999995319557,4.680442700077947e-10,-0.059788065921485854,0.20942264740602923,0.21778994024789572,0.059788065921485854
Be-Be_2.04_sto-6g_as-008-012,sto-6g,fermionic_magnitude_reference,100,0.01,1.0,1,0.01,0.02,98,0.21778997773262343,0.04743247440077661,0.999999999531981,4.680189569228332e-10,-0.1037090083228227,0.19151205808947586,0.21778986845344778,0.1037090083228227
Be-Be_2.04_sto-6g_as-008-012,sto-6g,fermionic_magnitude_reference,100,0.01,1.0,2,0.02,0.03,97,0.2177899085423215,0.04743244426287276,0.99999999953201,4.679899801018905e-10,-0.14271073668607562,0.16451760221789863,0.21778979729319078,0.14271073668607562
Be-Be_2.04_sto-6g_as-008-012,sto-6g,fermionic_magnitude_reference,100,0.01,1.0,3,0.03,0.04,96,0.21778984018371195,0.04743241448724679,0.9999999995320528,4.679472365154425e-10,-0.1749433136342624,0.12971970644863598,0.2177897270911927,0.1749433136342624
Be-Be_2.04_sto-6g_as-008-012,sto-6g,fermionic_magnitude_reference,100,0.01,1.0,4,0.04,0.05,95,0.21778977295868135,0.04743238520539397,0.9999999995320925,4.679074905311609e-10,-0.19887788289909458,0.08876892979018756,0.2177896581624601,0.19887788289909458
Be-Be_2.04_sto-6g_as-008-012,sto-6g,fermionic_magnitude_reference,100,0.01,1.0,5,0.05,0.06,94,0.2177897071582846,0.04743235654409137,0.9999999995321452,4.678547549374912e-10,-0.21337918537508319,0.043607672648197766,0.21778959080986052,0.21337918537508319
Be-Be_2.04_sto-6g_as-008-012,sto-6g,fermionic_magnitude_reference,100,0.01,1.0,6,0.06,0.07,93,0.21778964306004386,0.04743232862422131,0.9999999995322004,4.677995768531673e-10,-0.21775940570081187,-0.0036219564486206037,0.21778952532132137,0.21775940570081187
Be-Be_2.04_sto-6g_as-008-012,sto-6g,fermionic_magnitude_reference,100,0.01,1.0,7,0.07,0.08,92,0.2177895809253466,0.047432301559638096,0.9999999995322578,4.677421783227942e-10,-0.21181079542556303,-0.05067974630080617,0.21778946196711121,0.21181079542556303
Be-Be_2.04_sto-6g_as-008-012,sto-6g,fermionic_magnitude_reference,100,0.01,1.0,8,0.08,0.09,91,0.21778952099696774,0.04743227545608865,0.9999999995322975,4.677025433608151e-10,-0.19581552550162046,-0.09533364127779634,0.21778940099729216,0.19581552550162046
Be-Be_2.04_sto-6g_as-008-012,sto-6g,fermionic_magnitude_reference,100,0.01,1.0,9,0.09,0.1,90,0.21778946349690914,0.04743225041027152,0.9999999995323351,4.676649068002803e-10,-0.1705323009033971,-0.135465612300427,0.21778934263947897,0.1705323009033971
Be-Be_2.04_sto-6g_as-008-012,sto-6g,fermionic_magnitude_reference,100,0.01,1.0,10,0.1,0.11,89,0.2177894086244019,0.04743222650896671,0.9999999995323703,4.676297127303997e-10,-0.1371603723845069,-0.16917211892470088,0.21778928709679393,0.1371603723845069
Be-Be_2.04_sto-6g_as-008-012,sto-6g,fermionic_magnitude_reference,100,0.01,1.0,11,0.11,0.12,88,0.2177893565541336,0.047432203828263526,0.9999999995323902,4.676098397382589e-10,-0.09728265246503877,-0.19485439747032451,0.2177892345460554,0.09728265246503877
Be-Be_2.04_sto-6g_as-008-012,sto-6g,fermionic_magnitude_reference,100,0.01,1.0,12,0.12,0.13,87,0.2177893074348025,0.04743218243293092,0.999999999532385,4.676149467641721e-10,-0.052790633844390665,-0.2112942927308974,0.21778918513632095,0.052790633844390665
Be-Be_2.04_sto-6g_as-008-012,sto-6g,fermionic_magnitude_reference,100,0.01,1.0,13,0.13,0.14,86,0.2177892613879395,0.04743216237590424,0.9999999995323413,4.676586895513424e-10,-0.005794671552612433,-0.21771203651292717,0.21778913898771166,0.005794671552612433
Be-Be_2.04_sto-6g_as-008-012,sto-6g,fermionic_magnitude_reference,100,0.01,1.0,14,0.14,0.15,85,0.21778921850699037,0.0474321436978856,0.9999999995322815,4.677185305723697e-10,0.04147611565075205,-0.21380323255275632,0.21778909619051767,-0.04147611565075205
Be-Be_2.04_sto-6g_as-008-012,sto-6g,fermionic_magnitude_reference,100,0.01,1.0,15,0.15,0.16,84,0.21778917885672505,0.04743212642708657,0.9999999995321845,4.678154530424194e-10,0.08677957677102145,-0.1997532936381812,0.21778905680464997,-0.08677957677102145
Be-Be_2.04_sto-6g_as-008-012,sto-6g,fermionic_magnitude_reference,100,0.01,1.0,16,0.16,0.17,83,0.2177891424730194,0.04743211057913314,0.9999999995320554,4.679445719801834e-10,0.1279668779534527,-0.17622864623487033,0.21778902085947524,-0.1279668779534527
Be-Be_2.04_sto-6g_as-008-012,sto-6g,fermionic_magnitude_reference,100,0.01,1.0,17,0.17,0.18,82,0.21778910936278154,0.047432096157033615,0.9999999995318833,4.681166565490003e-10,0.1630844254381032,-0.14434511986107754,0.21778898835383087,-0.1630844254381032
Be-Be_2.04_sto-6g_as-008-012,sto-6g,fermionic_magnitude_reference,100,0.01,1.0,18,0.18,0.19,81,0.2177890795044563,0.04743208315139839,0.9999999995316539,4.683461396481903e-10,0.19046652776007483,-0.10561502060361257,0.21778895925661812,-0.19046652776007483
Be-Be_2.04_sto-6g_as-008-012,sto-6g,fermionic_magnitude_reference,100,0.01,1.0,19,0.19,0.2,80,0.2177890528485049,0.04743207154064886,0.9999999995313797,4.686202537129702e-10,0.2088144021199034,-0.06187539919546163,0.21778893350739942,-0.2088144021199034
Be-Be_2.04_sto-6g_as-008-012,sto-6g,fermionic_magnitude_reference,100,0.01,1.0,20,0.2,0.21,79,0.21778902931848315,0.04743206129148712,0.9999999995310606,4.6893944283255e-10,0.2172577775685594,-0.015200916031773983,0.21778891101760595,-0.2172577775685594
Be-Be_2.04_sto-6g_as-008-012,sto-6g,fermionic_magnitude_reference,100,0.01,1.0,21,0.21,0.22,78,0.21778900881220306,0.04743205235940186,0.9999999995306776,4.693223587537432e-10,0.2153961731077177,0.032194563922992143,0.21778889167182405,-0.2153961731077177
Be-Be_2.04_sto-6g_as-008-012,sto-6g,fermionic_magnitude_reference,100,0.01,1.0,22,0.22,0.23,77,0.21778899120329853,0.047432044689350444,0.9999999995302218,4.697782163276543e-10,0.20331789284936336,0.0780629788350522,0.2177888753295425,-0.20331789284936336
Be-Be_2.04_sto-6g_as-008-012,sto-6g,fermionic_magnitude_reference,100,0.01,1.0,23,0.23,0.24,76,0.2177889763428699,0.047432038216475146,0.9999999995297155,4.702844780268833e-10,0.18159583728290477,0.12022869964112161,0.21778886182694066,-0.18159583728290477
Be-Be_2.04_sto-6g_as-008-012,sto-6g,fermionic_magnitude_reference,100,0.01,1.0,24,0.24,0.25,75,0.21778896406159085,0.04743203286702091,0.9999999995291351,4.708649026241574e-10,0.1512603293366765,0.1566917240309477,0.21778885097917777,-0.1512603293366765
Be-Be_2.04_sto-6g_as-008-012,sto-6g,fermionic_magnitude_reference,100,0.01,1.0,25,0.25,0.26,74,0.21778895417182506,0.04743202855925732,0.9999999995284915,4.715084989115326e-10,0.11375024413454587,0.185722540131352,0.21778884258269623,-0.11375024413454587
Be-Be_2.04_sto-6g_as-008-012,sto-6g,fermionic_magnitude_reference,100,0.01,1.0,26,0.26,0.27,73,0.2177889464699654,0.04743202520449746,0.9999999995277745,4.722254809408355e-10,0.07084476043233588,0.20594416036264274,0.2177888364177305,-0.07084476043233588
Be-Be_2.04_sto-6g_as-008-012,sto-6g,fermionic_magnitude_reference,100,0.01,1.0,27,0.27,0.28,72,0.217788940739058,0.047432022708240915,0.9999999995270046,4.72995420608413e-10,0.0245789708595447,0.21639743446908408,0.21778883225114157,-0.0245789708595447
Be-Be_2.04_sto-6g_as-008-012,sto-6g,fermionic_magnitude_reference,100,0.01,1.0,28,0.28,0.29,71,0.21778893675132774,0.04743202097127383,0.9999999995261483,4.738517356273064e-10,-0.022852646304624614,0.21658654381001813,0.21778882983912,0.022852646304624614
Be-Be_2.04_sto-6g_as-008-012,sto-6g,fermionic_magnitude_reference,100,0.01,1.0,29,0.29,0.3,70,0.2177889342709893,0.047432019890893296,0.999999999525229,4.747710002916961e-10,-0.06920031533995213,0.20650251902490788,0.2177888289301847,0.06920031533995213
Be-Be_2.04_sto-6g_as-008-012,sto-6g,fermionic_magnitude_reference,100,0.01,1.0,30,0.3,0.31,69,0.21778893305699742,0.0474320193621053,0.9999999995242458,4.757542138023041e-10,-0.11226567420645896,0.1866236655650895,0.2177888292681265,0.11226567420645896
Be-Be_2.04_sto-6g_as-008-012,sto-6g,fermionic_magnitude_reference,100,0.01,1.0,31,0.31,0.32,68,0.21778893286589637,0.04743201927886592,0.9999999995231997,4.768002659361059e-10,-0.15000604708649584,0.15789287687998124,0.21778883059503515,0.15000604708649584
Be-Be_2.04_sto-6g_as-008-012,sto-6g,fermionic_magnitude_reference,100,0.01,1.0,32,0.32,0.33,67,0.21778893345459516,0.047432019535290075,0.9999999995220917,4.779082685146818e-10,-0.18063133250910235,0.12167291130273188,0.21778883265423954,0.18063133250910235
Be-Be_2.04_sto-6g_as-008-012,sto-6g,fermionic_magnitude_reference,100,0.01,1.0,33,0.33,0.34,66,0.2177889345832105,0.04743202002688995,0.999999999520906,4.790939867049815e-10,-0.2026889114618728,0.07968175390430654,0.21778883519332523,0.2026889114618728
Be-Be_2.04_sto-6g_as-008-012,sto-6g,fermionic_magnitude_reference,100,0.01,1.0,34,0.34,0.35000000000000003,65,0.21778893601771585,0.047432020651728725,0.9999999995196751,4.803248909723834e-10,-0.21513254811754004,0.03391112919729371,0.21778883796691975,0.21513254811754004
Be-Be_2.04_sto-6g_as-008-012,sto-6g,fermionic_magnitude_reference,100,0.01,1.0,35,0.35000000000000003,0.36,64,0.2177889375325781,0.04743202131156921,0.9999999995183964,4.816036458521467e-10,-0.21737201505361073,-0.013467970232341865,0.21778884073947963,0.21737201505361073
Be-Be_2.04_sto-6g_as-008-012,sto-6g,fermionic_magnitude_reference,100,0.01,1.0,36,0.36,0.37,63,0.2177889389132514,0.04743202191295995,0.9999999995170654,4.829345812140673e-10,-0.20930108911130355,-0.06020825821680464,0.2177888432878949,0.20930108911130355
Be-Be_2.04_sto-6g_as-008-012,sto-6g,fermionic_magnitude_reference,100,0.01,1.0,37,0.37,0.38,62,0.21778893995847612,0.047432022368236716,0.9999999995156899,4.843101475415779e-10,-0.19130258996030192,-0.1040927483393803,0.21778884540390256,0.19130258996030192
Be-Be_2.04_sto-6g_as-008-012,sto-6g,fermionic_magnitude_reference,100,0.01,1.0,38,0.38,0.39,61,0.21778894048244857,0.04743202259646752,0.9999999995142689,4.857311219907956e-10,-0.16423022234763782,-0.14303991016524514,0.21778884689633662,0.16423022234763782
Be-Be_2.04_sto-6g_as-008-012,sto-6g,fermionic_magnitude_reference,100,0.01,1.0,39,0.39,0.4,60,0.21778894031674878,0.047432022524292364,0.9999999995128269,4.871730796551788e-10,-0.1293680832621547,-0.17520240058006487,0.21778884759312472,0.1293680832621547
Be-Be_2.04_sto-6g_as-008-012,sto-6g,fermionic_magnitude_reference,100,0.01,1.0,40,0.4,0.41000000000000003,59,0.2177889393120556,0.04743202208667023,0.9999999995113633,4.886366866685421e-10,-0.08836975465321348,-0.199054687183063,0.2177888473430543,0.08836975465321348
Be-Be_2.04_sto-6g_as-008-012,sto-6g,fermionic_magnitude_reference,100,0.01,1.0,41,0.41000000000000003,0.42,58,0.21778893733963445,0.047432021227527224,0.9999999995098733,4.901267169898915e-10,-0.04317987065173751,-0.2134654075489458,0.21778884601727957,0.04317987065173751
Be-Be_2.04_sto-6g_as-008-012,sto-6g,fermionic_magnitude_reference,100,0.01,1.0,42,0.42,0.43,57,0.2177889342924906,0.04743201990025879,0.9999999995083796,4.916204110472222e-10,0.004058120476284917,-0.21775103218087807,0.2177888435104926,-0.004058120476284917
Be-Be_2.04_sto-6g_as-008-012,sto-6g,fermionic_magnitude_reference,100,0.01,1.0,43,0.43,0.44,56,0.21778893008638,0.04743201806817012,0.9999999995068711,4.931288710707804e-10,0.05110362459025435,-0.211708285784621,0.21778883974190325,-0.05110362459025435
Be-Be_2.04_sto-6g_as-008-012,sto-6g,fermionic_magnitude_reference,100,0.01,1.0,44,0.44,0.45,55,0.21778892466042796,0.04743201570474557,0.99999999950538,4.946200116151545e-10,0.0957251777928081,-0.19562378903722402,0.21778883465583135,-0.0957251777928081
Be-Be_2.04_sto-6g_as-008-012,sto-6g,fermionic_magnitude_reference,100,0.01,1.0,45,0.45,0.46,54,0.21778891797746489,0.04743201279379493,0.9999999995038907,4.961092647803866e-10,0.13580628948176537,-0.1702604635125228,0.21778882822198242,-0.13580628948176537
Be-Be_2.04_sto-6g_as-008-012,sto-6g,fermionic_magnitude_reference,100,0.01,1.0,46,0.46,0.47000000000000003,53,0.21778891002418915,0.047432009329524356,0.9999999995024166,4.975834189124839e-10,0.16944583195300586,-0.13682134460840428,0.21778882043552655,-0.16944583195300586
Be-Be_2.04_sto-6g_as-008-012,sto-6g,fermionic_magnitude_reference,100,0.01,1.0,47,0.47000000000000003,0.48,52,0.2177889008108999,0.047432005316419994,0.9999999995009672,4.990328150711321e-10,0.19504821484106613,-0.09689251891694513,0.21778881131673697,-0.19504821484106613
Be-Be_2.04_sto-6g_as-008-012,sto-6g,fermionic_magnitude_reference,100,0.01,1.0,48,0.48,0.49,51,0.21778889037102284,0.0474320007690414,0.9999999994995727,5.004272551900613e-10,0.21139906721741164,-0.052367892659479,0.21778880091039218,-0.21139906721741164
Be-Be_2.04_sto-6g_as-008-012,sto-6g,fermionic_magnitude_reference,100,0.01,1.0,49,0.49,0.5,50,0.2177888787603424,0.04743199571168712,0.9999999994982033,5.017967152909364e-10,0.2177228375774822,-0.005359359605674533,0.21778878928487946,-0.2177228375774822
Be-Be_2.04_sto-6g_as-008-012,sto-6g,fermionic_magnitude_reference,100,0.01,1.0,50,0.5,0.51,49,0.21778886605595793,0.04743199017793999,0.9999999994968788,5.031212113593142e-10,0.2137195796314546,0.04190337056876999,0.2177887765309988,-0.2137195796314546
Be-Be_2.04_sto-6g_as-008-012,sto-6g,fermionic_magnitude_reference,100,0.01,1.0,51,0.51,0.52,48,0.21778885235507117,0.04743198421013899,0.9999999994956121,5.04387864808109e-10,0.1995791790863884,0.08717853210502907,0.21778876276058018,-0.1995791790863884
Be-Be_2.04_sto-6g_as-008-012,sto-6g,fermionic_magnitude_reference,100,0.01,1.0,52,0.52,0.53,47,0.21778883777335983,0.04743197785867085,0.9999999994944251,5.055749152660383e-10,0.17597234663933742,0.12831863473108618,0.21778874810468296,-0.17597234663933742
Be-Be_2.04_sto-6g_as-008-012,sto-6g,fermionic_magnitude_reference,100,0.01,1.0,53,0.53,0.54,46,0.21778882244334494,0.047431971181258824,0.9999999994932816,5.067184449814022e-10,0.14401880443744067,0.16337232343517863,0.2177887327117691,-0.14401880443744067
Be-Be_2.04_sto-6g_as-008-012,sto-6g,fermionic_magnitude_reference,100,0.01,1.0,54,0.54,0.55,45,0.2177888065124164,0.04743196424210275,0.9999999994922328,5.077671616504631e-10,0.10523417502673658,0.19067693501865773,0.21778871674553588,-0.10523417502673658
Be-Be_2.04_sto-6g_as-008-012,sto-6g,fermionic_magnitude_reference,100,0.01,1.0,55,0.55,0.56,44,0.21778879014077018,0.04743195711098044,0.999999999491263,5.087370524847756e-10,0.06145809199857848,0.208937361288633,0.21778870038264725,-0.06145809199857848
Be-Be_2.04_sto-6g_as-008-012,sto-6g,fermionic_magnitude_reference,100,0.01,1.0,56,0.56,0.5700000000000001,43,0.21778877349914355,0.047431949862261256,0.9999999994903706,5.096294497519693e-10,0.014766942231539472,0.21728747827000244,0.2177886838102623,-0.014766942231539472
Be-Be_2.04_sto-6g_as-008-012,sto-6g,fermionic_magnitude_reference,100,0.01,1.0,57,0.5700000000000001,0.58,42,0.21778875676647547,0.04743194257388702,0.9999999994895663,5.104336953110078e-10,-0.03262462142585657,0.2153312277580762,0.21778866722348283,0.03262462142585657
Be-Be_2.04_sto-6g_as-008-012,sto-6g,fermionic_magnitude_reference,100,0.01,1.0,58,0.58,0.59,41,0.2177887401274761,0.04743193532631331,0.9999999994888522,5.111477907604467e-10,-0.07846872555778946,0.20316140267411412,0.2177886508227121,0.07846872555778946
Be-Be_2.04_sto-6g_as-008-012,sto-6g,fermionic_magnitude_reference,100,0.01,1.0,59,0.59,0.6,40,0.21778872377012592,0.04743192820142021,0.9999999994882508,5.117491985728861e-10,-0.12059089714702484,0.181355245245613,0.21778863481095787,0.12059089714702484
Be-Be_2.04_sto-6g_as-008-012,sto-6g,fermionic_magnitude_reference,100,0.01,1.0,60,0.6,0.61,39,0.2177887078831447,0.04743192128140974,0.9999999994877437,5.122563484505349e-10,-0.15699320286587545,0.15094706684859036,0.21778861939109384,0.15699320286587545
Be-Be_2.04_sto-6g_as-008-012,sto-6g,fermionic_magnitude_reference,100,0.01,1.0,61,0.61,0.62,38,0.21778869265343362,0.04743191464769177,0.9999999994873268,5.126732371962817e-10,-0.18594901461327,0.11337918825347255,0.21778860476311074,0.18594901461327
Be-Be_2.04_sto-6g_as-008-012,sto-6g,fermionic_magnitude_reference,100,0.01,1.0,62,0.62,0.63,37,0.21778867826364134,0.04743190837982388,0.9999999994870363,5.129636715395236e-10,-0.20608490641683025,0.07043352731373478,0.21778859112150092,0.20608490641683025
Be-Be_2.04_sto-6g_as-008-012,sto-6g,fermionic_magnitude_reference,100,0.01,1.0,63,0.63,0.64,36,0.2177886648896627,0.0474319025544218,0.9999999994868317,5.13168285642962e-10,-0.21644579821448962,0.024147079053380566,0.2177885786525955,0.21644579821448962
Be-Be_2.04_sto-6g_as-008-012,sto-6g,fermionic_magnitude_reference,100,0.01,1.0,64,0.64,0.65,35,0.21778865269832753,0.04743189724415273,0.9999999994867371,5.132628766446601e-10,-0.21654025667050844,-0.023284702891547392,0.21778856753208445,0.21654025667050844
Be-Be_2.04_sto-6g_as-008-012,sto-6g,fermionic_magnitude_reference,100,0.01,1.0,65,0.65,0.66,34,0.21778864184517419,0.04743189251676555,0.9999999994867441,5.132558822396049e-10,-0.20636380437205196,-0.0696120406763607,0.21778855792266458,0.20636380437205196
Be-Be_2.04_sto-6g_as-008-012,sto-6g,fermionic_magnitude_reference,100,0.01,1.0,66,0.66,0.67,33,0.2177886324722889,0.04743188843414974,0.9999999994868514,5.131486346954262e-10,-0.18639913185394585,-0.11263754322113993,0.21778854997175323,0.18639913185394585
Be-Be_2.04_sto-6g_as-008-012,sto-6g,fermionic_magnitude_reference,100,0.01,1.0,67,0.67,0.68,32,0.21778862470644492,0.047431885051524715,0.9999999994870706,5.129293656480627e-10,-0.15759320243375563,-0.15032043228167055,0.21778854380952867,0.15759320243375563
Be-Be_2.04_sto-6g_as-008-012,sto-6g,fermionic_magnitude_reference,100,0.01,1.0,68,0.68,0.6900000000000001,31,0.21778861865730847,0.047431882416658536,0.9999999994873716,5.126283841860868e-10,-0.1213123358442768,-0.18087334002014704,0.21778853954705313,0.1213123358442768
Be-Be_2.04_sto-6g_as-008-012,sto-6g,fermionic_magnitude_reference,100,0.01,1.0,69,0.6900000000000001,0.7000000000000001,30,0.21778861441593317,0.047431880569212014,0.9999999994877852,5.122148261094139e-10,-0.07927740114272884,-0.2028470868322125,0.21778853727471587,0.07927740114272884
Be-Be_2.04_sto-6g_as-008-012,sto-6g,fermionic_magnitude_reference,100,0.01,1.0,70,0.7000000000000001,0.71,29,0.2177886120534217,0.04743187954015582,0.9999999994882813,5.11718667439709e-10,-0.03348219281404995,-0.21519941830653272,0.2177885370608547,0.03348219281404995
Be-Be_2.04_sto-6g_as-008-012,sto-6g,fermionic_magnitude_reference,100,0.01,1.0,71,0.71,0.72,28,0.21778861161981228,0.04743187935128543,0.9999999994888644,5.111355783071758e-10,0.013901138377807846,-0.2173444410378448,0.21778853895063477,-0.013901138377807846
Be-Be_2.04_sto-6g_as-008-012,sto-6g,fermionic_magnitude_reference,100,0.01,1.0,72,0.72,0.73,27,0.21778861314329093,0.04743188001487804,0.9999999994895288,5.104712208492401e-10,0.06062511423208365,-0.20918041249429292,0.2177885429652711,-0.06062511423208365
Be-Be_2.04_sto-6g_as-008-012,sto-6g,fermionic_magnitude_reference,100,0.01,1.0,73,0.73,0.74,26,0.21778861662957863,0.04743188153342558,0.9999999994902788,5.097211541738034e-10,0.10447353083944975,-0.19109456683447282,0.21778854910145357,-0.10447353083944975
Be-Be_2.04_sto-6g_as-008-012,sto-6g,fermionic_magnitude_reference,100,0.01,1.0,74,0.74,0.75,25,0.21778862206158486,0.04743188389948385,0.9999999994910959,5.089041410499817e-10,0.14336657692462612,-0.16394474778186185,0.21778855733105684,-0.14336657692462612
Be-Be_2.04_sto-6g_as-008-012,sto-6g,fermionic_magnitude_reference,100,0.01,1.0,75,0.75,0.76,24,0.21778862939943386,0.047431887095683946,0.9999999994919856,5.080144083180471e-10,0.17545948289106314,-0.12901871973247742,0.21778856760125595,-0.17545948289106314
Be-Be_2.04_sto-6g_as-008-012,sto-6g,fermionic_magnitude_reference,100,0.01,1.0,76,0.76,0.77,23,0.2177886385805621,0.0474318910947747,0.99999999949292,5.070800446205226e-10,0.19923002149969396,-0.08797308701900833,0.21778857983471617,-0.19923002149969396
Be-Be_2.04_sto-6g_as-008-012,sto-6g,fermionic_magnitude_reference,100,0.01,1.0,77,0.77,0.78,22,0.21778864952025664,0.04743189585985719,0.9999999994939348,5.060651897537127e-10,0.21355070989121658,-0.04275471846573257,0.2177885939302759,-0.21355070989121658
Be-Be_2.04_sto-6g_as-008-012,sto-6g,fermionic_magnitude_reference,100,0.01,1.0,78,0.78,0.79,21,0.21778866211231102,0.047431901344670374,0.9999999994949778,5.050222462443799e-10,0.2177422882898184,0.004491595833334647,0.21778860976372574,-0.2177422882898184
Be-Be_2.04_sto-6g_as-008-012,sto-6g,fermionic_magnitude_reference,100,0.01,1.0,79,0.79,0.8,20,0.21778867623003917,0.04743190749403283,0.9999999994960702,5.039297867881487e-10,0.2116059387922732,0.05152487555260729,0.21778862718900394,-0.2116059387922732
Be-Be_2.04_sto-6g_as-008-012,sto-6g,fermionic_magnitude_reference,100,0.01,1.0,80,0.8,0.81,19,0.21778869172741525,0.04743191424433911,0.9999999994972092,5.027908089871858e-10,0.1954327160258216,0.0961142437440603,0.21778864603950793,-0.1954327160258216
Be-Be_2.04_sto-6g_as-008-012,sto-6g,fermionic_magnitude_reference,100,0.01,1.0,81,0.81,0.8200000000000001,18,0.21778870844050965,0.04743192152418532,0.9999999994983808,5.016191906292988e-10,0.16998974232715816,0.1361447413531354,0.21778866612972714,-0.16998974232715816
Be-Be_2.04_sto-6g_as-008-012,sto-6g,fermionic_magnitude_reference,100,0.01,1.0,82,0.8200000000000001,0.8300000000000001,17,0.2177887261890433,0.04743192925504607,0.9999999994995651,5.004349157289312e-10,0.13648382218429692,0.16971764368826078,0.2177886872570066,-0.13648382218429692
Be-Be_2.04_sto-6g_as-008-012,sto-6g,fermionic_magnitude_reference,100,0.01,1.0,83,0.8300000000000001,0.84,16,0.21778874477823665,0.0474319373520799,0.9999999995007809,4.992191104946642e-10,0.09650420172257777,0.1952405206571234,0.21778870920361462,-0.09650420172257777
Be-Be_2.04_sto-6g_as-008-012,sto-6g,fermionic_magnitude_reference,100,0.01,1.0,84,0.84,0.85,15,0.21778876400066996,0.04743194572493952,0.9999999995019935,4.980065249071686e-10,0.051947188203712025,0.21150276903656587,0.21778873173882712,-0.051947188203712025
Be-Be_2.04_sto-6g_as-008-012,sto-6g,fermionic_magnitude_reference,100,0.01,1.0,85,0.85,0.86,14,0.2177887836384022,0.04743195427869477,0.9999999995032202,4.967798394872602e-10,0.004926204924587839,0.21773303411408837,0.2177887546212747,-0.004926204924587839
Be-Be_2.04_sto-6g_as-008-012,sto-6g,fermionic_magnitude_reference,100,0.01,1.0,86,0.86,0.87,13,0.2177888034651545,0.047431962914783694,0.9999999995044507,4.955492682867657e-10,-0.04232845226096426,0.21363579704321548,0.21778877760136928,0.04232845226096426
Be-Be_2.04_sto-6g_as-008-012,sto-6g,fermionic_magnitude_reference,100,0.01,1.0,87,0.87,0.88,12,0.21778882324857338,0.04743197153199833,0.9999999995056928,4.943071507668151e-10,-0.08757540208841079,0.19940539245237615,0.21778880042378895,0.08757540208841079
Be-Be_2.04_sto-6g_as-008-012,sto-6g,fermionic_magnitude_reference,100,0.01,1.0,88,0.88,0.89,11,0.21778884275253318,0.04743198002748763,0.9999999995069135,4.930864605512397e-10,-0.1286684910224783,0.17571679136522114,0.2177888228300301,0.1286684910224783
Be-Be_2.04_sto-6g_as-008-012,sto-6g,fermionic_magnitude_reference,100,0.01,1.0,89,0.89,0.9,10,0.21778886173953949,0.04743198829780425,0.9999999995081389,4.918611073989609e-10,-0.1636585897482923,0.14369358655425749,0.21778884456102368,0.1636585897482923
Be-Be_2.04_sto-6g_as-008-012,sto-6g,fermionic_magnitude_reference,100,0.01,1.0,90,0.9,0.91,9,0.21778887997309196,0.04743199623993386,0.9999999995093303,4.906697270712357e-10,-0.19088604458426012,0.10485469878670887,0.21778886535972308,0.19088604458426012
Be-Be_2.04_sto-6g_as-008-012,sto-6g,fermionic_magnitude_reference,100,0.01,1.0,91,0.91,0.92,8,0.21778889722001843,0.04743200375231175,0.9999999995105165,4.894834537694237e-10,-0.20905939862565598,0.06104233174072795,0.21778888497365062,0.20905939862565598
Be-Be_2.04_sto-6g_as-008-012,sto-6g,fermionic_magnitude_reference,100,0.01,1.0,92,0.92,0.93,7,0.2177889132527957,0.047432010735833766,0.9999999995116756,4.88324380931715e-10,-0.21731664866692788,0.01433459279800501,0.21778890315741428,0.21731664866692788
Be-Be_2.04_sto-6g_as-008-012,sto-6g,fermionic_magnitude_reference,100,0.01,1.0,93,0.93,0.9400000000000001,6,0.21778892785179677,0.04743201709483513,0.9999999995128218,4.87178186681092e-10,-0.2152661323052741,-0.033053075735762716,0.21778891967514288,0.2152661323052741
Be-Be_2.04_sto-6g_as-008-012,sto-6g,fermionic_magnitude_reference,100,0.01,1.0,94,0.9400000000000001,0.9500000000000001,5,0.21778894080740996,0.04743202273801352,0.9999999995139442,4.86055751203196e-10,-0.2030051058058874,-0.07887297966651481,0.21778893430276478,0.2030051058058874
Be-Be_2.04_sto-6g_as-008-012,sto-6g,fermionic_magnitude_reference,100,0.01,1.0,95,0.9500000000000001,0.96,4,0.21778895192206918,0.047432027579313356,0.9999999995150217,4.849782797577973e-10,-0.1811151314851711,-0.12095178588393908,0.217788946830194,0.1811151314851711
Be-Be_2.04_sto-6g_as-008-012,sto-6g,fermionic_magnitude_reference,100,0.01,1.0,96,0.96,0.97,3,0.2177889610121777,0.04743203153876386,0.9999999995160957,4.839042500037749e-10,-0.15063449334876117,-0.1572936083644789,0.2177889570633829,0.15063449334876117
Be-Be_2.04_sto-6g_as-008-012,sto-6g,fermionic_magnitude_reference,100,0.01,1.0,97,0.97,0.98,2,0.21778896790979024,0.04743203454321164,0.9999999995171266,4.828734079254104e-10,-0.11300894933230421,-0.18617467757682768,0.2177889648261065,0.11300894933230421
Be-Be_2.04_sto-6g_as-008-012,sto-6g,fermionic_magnitude_reference,100,0.01,1.0,98,0.98,0.99,1,0.217788972464209,0.04743203652701599,0.9999999995181561,4.818438981146755e-10,-0.07002315604972802,-0.20622510287012458,0.21778896996165353,0.07002315604972802
Be-Be_2.04_sto-6g_as-008-012,sto-6g,fermionic_magnitude_reference,100,0.01,1.0,99,0.99,1.0,0,0.21778897454335303,0.04743203743264527,0.9999999995191277,4.808723419458261e-10,-0.02371601871632859,-0.21649384962777546,0.2177889723342463,0.02371601871632859
Be-Be_2.04_sto-6g_as-008-012,sto-6g,jw_signed_baseline,100,0.01,1.0,0,0.0,0.01,99,0.21779206446411456,0.04743338334354103,0.9999999405030622,5.9496937820924245e-08,-0.05976111980882588,0.20943138334439657,0.217790945106431,0.05976111980882588
Be-Be_2.04_sto-6g_as-008-012,sto-6g,jw_signed_baseline,100,0.01,1.0,1,0.01,0.02,98,0.21779207222615668,0.04743338672456345,0.9999999405031293,5.9496870652431255e-08,-0.1036847949767144,0.19152615557036323,0.21779073666463933,0.1036847949767144
Be-Be_2.04_sto-6g_as-008-012,sto-6g,jw_signed_baseline,100,0.01,1.0,2,0.02,0.03,97,0.217792079681208,0.04743338997186566,0.9999999405032111,5.949678894001664e-08,-0.14269026433631973,0.16453632832411877,0.2177905298096109,0.14269026433631973
Be-Be_2.04_sto-6g_as-008-012,sto-6g,jw_signed_baseline,100,0.01,1.0,3,0.03,0.04,96,0.21779208662260363,0.04743339299542769,0.9999999405032791,5.949672088334523e-08,-0.1749274229367339,0.12974215730460445,0.2177903365104607,0.1749274229367339
Be-Be_2.04_sto-6g_as-008-012,sto-6g,jw_signed_baseline,100,0.01,1.0,4,0.04,0.05,95,0.2177920928487623,0.047433395707443905,0.9999999405033767,5.949662329474137e-08,-0.1988672233291485,0.0887940580623198,0.2177901679640751,0.1988672233291485
Be-Be_2.04_sto-6g_as-008-012,sto-6g,jw_signed_baseline,100,0.01,1.0,5,0.05,0.06,94,0.21779209816505282,0.047433398023136,0.9999999405034677,5.949653225645335e-08,-0.2133741906861054,0.043634317185139715,0.2177900339482132,0.2133741906861054
Be-Be_2.04_sto-6g_as-008-012,sto-6g,jw_signed_baseline,100,0.01,1.0,6,0.06,0.07,93,0.21779210238577548,0.047433399861616106,0.9999999405035674,5.949643255842574e-08,-0.21776026880743604,-0.0035950349418908257,0.21778994225473366,0.21776026880743604
Be-Be_2.04_sto-6g_as-008-012,sto-6g,jw_signed_baseline,100,0.01,1.0,7,0.07,0.08,92,0.21779210533593069,0.047433401146657124,0.9999999405036719,5.949632808643912e-08,-0.2118174456292579,-0.050653820195133405,0.21778989823512138,0.2118174456292579
Be-Be_2.04_sto-6g_as-008-012,sto-6g,jw_signed_baseline,100,0.01,1.0,8,0.08,0.09,91,0.21779210685287165,0.04743340180741266,0.9999999405037758,5.9496224169564016e-08,-0.19582761301045223,-0.09530996001468822,0.2177899044845121,0.19582761301045223
Be-Be_2.04_sto-6g_as-008-012,sto-6g,jw_signed_baseline,100,0.01,1.0,9,0.09,0.1,90,0.21779210678788313,0.04743340177910469,0.9999999405038765,5.949612347233568e-08,-0.17054919454629164,-0.1354453366259047,0.21778996068251968,0.17054919454629164
Be-Be_2.04_sto-6g_as-008-012,sto-6g,jw_signed_baseline,100,0.01,1.0,10,0.1,0.11,89,0.21779210500755028,0.047433401003619806,0.9999999405040059,5.9495994131353314e-08,-0.1371811759522993,-0.16915624956619327,0.21779006360014674,0.1371811759522993
Be-Be_2.04_sto-6g_as-008-012,sto-6g,jw_signed_baseline,100,0.01,1.0,11,0.11,0.12,88,0.21779210139497382,0.04743339943003856,0.9999999405041008,5.949589920728471e-08,-0.09730624320024925,-0.1948437051027024,0.21779020727272133,0.09730624320024925
Be-Be_2.04_sto-6g_as-008-012,sto-6g,jw_signed_baseline,100,0.01,1.0,12,0.12,0.13,87,0.21779209585082082,0.04743339701509312,0.9999999405042178,5.949578218977791e-08,-0.05281572354071571,-0.21128925769574244,0.2177903833293545,0.05281572354071571
Be-Be_2.04_sto-6g_as-008-012,sto-6g,jw_signed_baseline,100,0.01,1.0,13,0.13,0.14,86,0.21779208829418464,0.047433393723541925,0.9999999405043377,5.949566228569125e-08,-0.0058198870719073864,-0.21771280689784953,0.21779058146042513,0.0058198870719073864
Be-Be_2.04_sto-6g_as-008-012,sto-6g,jw_signed_baseline,100,0.01,1.0,14,0.14,0.15,85,0.21779207866323752,0.04743338952845384,0.9999999405044482,5.94955518185003e-08,0.04145213917367127,-0.21380960774795688,0.2177907899967503,-0.04145213917367127
Be-Be_2.04_sto-6g_as-008-012,sto-6g,jw_signed_baseline,100,0.01,1.0,15,0.15,0.16,84,0.2177920669156495,0.04743338441139076,0.9999999405045575,5.949544246153238e-08,0.08675809946581041,-0.1997647375364677,0.2177909965676572,-0.08675809946581041
Be-Be_2.04_sto-6g_as-008-012,sto-6g,jw_signed_baseline,100,0.01,1.0,16,0.16,0.17,83,0.2177920530288393,0.04743337836251675,0.9999999405046663,5.9495333659675964e-08,0.12794896620732277,-0.17624433030801115,0.21779118880074547,-0.12794896620732277
Be-Be_2.04_sto-6g_as-008-012,sto-6g,jw_signed_baseline,100,0.01,1.0,17,0.17,0.18,82,0.21779203700003186,0.04743337138062325,0.9999999405047741,5.949522585702027e-08,0.1630708806064044,-0.14436399212151005,0.21779135502358127,-0.1630708806064044
Be-Be_2.04_sto-6g_as-008-012,sto-6g,jw_signed_baseline,100,0.01,1.0,18,0.18,0.19,81,0.21779201884598984,0.047433363473012,0.9999999405048607,5.949513925962435e-08,0.1904578406807267,-0.1056358927168274,0.2177914849273179,-0.1904578406807267
Be-Be_2.04_sto-6g_as-008-012,sto-6g,jw_signed_baseline,100,0.01,1.0,19,0.19,0.2,80,0.21779199860268944,0.04743335465535388,0.9999999405049677,5.949503234514708e-08,0.20881073796859326,-0.061897041443446515,0.2177915701546785,-0.20881073796859326
Be-Be_2.04_sto-6g_as-008-012,sto-6g,jw_signed_baseline,100,0.01,1.0,20,0.2,0.21,79,0.2177919763246847,0.04743334495141202,0.9999999405050455,5.9494954518513055e-08,0.2172589912850622,-0.01522214892212466,0.21779160477853612,-0.2172589912850622
Be-Be_2.04_sto-6g_as-008-012,sto-6g,jw_signed_baseline,100,0.01,1.0,21,0.21,0.22,78,0.2177919520843117,0.04743333439269513,0.9999999405051322,5.949486781009483e-08,0.21540185133241913,0.03217479168259557,0.21779158564382603,-0.21540185133241913
Be-Be_2.04_sto-6g_as-008-012,sto-6g,jw_signed_baseline,100,0.01,1.0,22,0.22,0.23,77,0.2177919259707176,0.047433323018034525,0.9999999405052161,5.949478387723417e-08,0.2033274148011253,0.07804553369968452,0.21779151255312373,-0.2033274148011253
Be-Be_2.04_sto-6g_as-008-012,sto-6g,jw_signed_baseline,100,0.01,1.0,23,0.23,0.24,76,0.2177918980886647,0.047433310873063315,0.9999999405052807,5.9494719262254137e-08,0.18160844490560854,0.12021423189493337,0.21779138828503358,-0.18160844490560854
Be-Be_2.04_sto-6g_as-008-012,sto-6g,jw_signed_baseline,100,0.01,1.0,24,0.24,0.25,75,0.21779186855726976,0.047433298009667064,0.9999999405053516,5.9494648430025165e-08,0.15127519668517134,0.1566806615357754,0.21779121844423727,-0.15127519668517134
Be-Be_2.04_sto-6g_as-008-012,sto-6g,jw_signed_baseline,100,0.01,1.0,25,0.25,0.26,74,0.21779183750847345,0.047433284485317306,0.9999999405053936,5.949460635257253e-08,0.11376653736824645,0.18571510308403855,0.21779101115123112,-0.11376653736824645
Be-Be_2.04_sto-6g_as-008-012,sto-6g,jw_signed_baseline,100,0.01,1.0,26,0.26,0.27,73,0.21779180508551518,0.04743327036240704,0.9999999405054452,5.949455483822419e-08,0.07086168260037361,0.20594039017748725,0.21779077658939502,-0.07086168260037361
Be-Be_2.04_sto-6g_as-008-012,sto-6g,jw_signed_baseline,100,0.01,1.0,27,0.27,0.28,72,0.2177917714411711,0.04743325570748331,0.9999999405054937,5.9494506321478013e-08,0.024595789293048197,0.2163972286184236,0.21779052643465074,-0.024595789293048197
Be-Be_2.04_sto-6g_as-008-012,sto-6g,jw_signed_baseline,100,0.01,1.0,28,0.28,0.29,71,0.21779173673598434,0.047433240590476315,0.9999999405055282,5.949447179354195e-08,-0.022836588479866998,0.2165896888755047,0.21779027320012875,0.022836588479866998
Be-Be_2.04_sto-6g_as-008-012,sto-6g,jw_signed_baseline,100,0.01,1.0,29,0.29,0.3,70,0.2177917011364139,0.047433225083893034,0.9999999405055632,5.949443682151667e-08,-0.0691855990356836,0.20650871615984515,0.21779002953283666,0.0691855990356836
Be-Be_2.04_sto-6g_as-008-012,sto-6g,jw_signed_baseline,100,0.01,1.0,30,0.3,0.31,69,0.21779166481291756,0.04743320926198223,0.999999940505601,5.949439896291153e-08,-0.11225280925549344,0.18663254557040865,0.2177898075021897,0.11225280925549344
Be-Be_2.04_sto-6g_as-008-012,sto-6g,jw_signed_baseline,100,0.01,1.0,31,0.31,0.32,68,0.21779162793798837,0.04743319319987916,0.9999999405056107,5.949438930397122e-08,-0.14999547569968671,0.15790400547071104,0.21778961792075777,0.14999547569968671
Be-Be_2.04_sto-6g_as-008-012,sto-6g,jw_signed_baseline,100,0.01,1.0,32,0.32,0.33,67,0.21779159068427145,0.047433176972785235,0.9999999405056356,5.9494364434975466e-08,-0.18062342619668673,0.12168578814648241,0.2177894697359368,0.18062342619668673
Be-Be_2.04_sto-6g_as-008-012,sto-6g,jw_signed_baseline,100,0.01,1.0,33,0.33,0.34,66,0.21779155322256982,0.04743316065509946,0.9999999405056551,5.949434489505023e-08,-0.2026839588829118,0.07969581099701695,0.21778936952689432,0.2026839588829118
Be-Be_2.04_sto-6g_as-008-012,sto-6g,jw_signed_baseline,100,0.01,1.0,34,0.34,0.35000000000000003,65,0.217791515720022,0.04743314431962459,0.9999999405056686,5.949433135032933e-08,-0.21513073450152664,0.03392573468018252,0.21778932113571706,0.21513073450152664
Be-Be_2.04_sto-6g_as-008-012,sto-6g,jw_signed_baseline,100,0.01,1.0,35,0.35000000000000003,0.36,64,0.2177914783382253,0.04743312803674966,0.9999999405056879,5.9494312143471006e-08,-0.21737339690113794,-0.013453497729933796,0.21778932545354232,0.21737339690113794
Be-Be_2.04_sto-6g_as-008-012,sto-6g,jw_signed_baseline,100,0.01,1.0,36,0.36,0.37,63,0.21779144123154798,0.047433111873714816,0.999999940505696,5.949430403884293e-08,-0.20930557013324638,-0.06019462197700913,0.21778938037415496,0.20930557013324638
Be-Be_2.04_sto-6g_as-008-012,sto-6g,jw_signed_baseline,100,0.01,1.0,37,0.37,0.38,62,0.2177914045454355,0.04743309589387354,0.9999999405057148,5.949428516505151e-08,-0.1913099051344686,-0.10408063314460535,0.21778948091756245,0.1913099051344686
Be-Be_2.04_sto-6g_as-008-012,sto-6g,jw_signed_baseline,100,0.01,1.0,38,0.38,0.39,61,0.21779136841488086,0.04743308015602636,0.9999999405057339,5.9494266069215485e-08,-0.1642399363201289,-0.14302993283514048,0.21778961951678227,0.1642399363201289
Be-Be_2.04_sto-6g_as-008-012,sto-6g,jw_signed_baseline,100,0.01,1.0,39,0.39,0.4,60,0.217791332963078,0.047433064713834315,0.9999999405057569,5.9494243087598875e-08,-0.12937960719214878,-0.17519505793670134,0.2177897864516122,0.12937960719214878
Be-Be_2.04_sto-6g_as-008-012,sto-6g,jw_signed_baseline,100,0.01,1.0,40,0.4,0.41000000000000003,59,0.21779129830015262,0.047433049615266065,0.9999999405057933,5.949420667228367e-08,-0.08838238240411857,-0.19905030944325403,0.21778997040470674,0.08838238240411857
Be-Be_2.04_sto-6g_as-008-012,sto-6g,jw_signed_baseline,100,0.01,1.0,41,0.41000000000000003,0.42,58,0.21779126452204908,0.04743303490211316,0.9999999405058352,5.949416481687564e-08,-0.04319283161038325,-0.2134641250935434,0.2177901591084291,0.04319283161038325
Be-Be_2.04_sto-6g_as-008-012,sto-6g,jw_signed_baseline,100,0.01,1.0,42,0.42,0.43,57,0.21779123170967188,0.04743302060961599,0.9999999405058774,5.94941226284007e-08,0.004045597977482921,-0.21775276199002352,0.21779034004583225,-0.004045597977482921
Be-Be_2.04_sto-6g_as-008-012,sto-6g,jw_signed_baseline,100,0.01,1.0,43,0.43,0.44,56,0.21779119992813195,0.04743300676613554,0.9999999405059388,5.949406123306744e-08,0.05109224757814248,-0.21171274084345626,0.21779050116576407,-0.05109224757814248
Be-Be_2.04_sto-6g_as-008-012,sto-6g,jw_signed_baseline,100,0.01,1.0,44,0.44,0.45,55,0.21779116922623995,0.047432993392932686,0.9999999405060271,5.949397285931468e-08,0.09571552982586293,-0.19563051027503733,0.21779063157150985,-0.09571552982586293
Be-Be_2.04_sto-6g_as-008-012,sto-6g,jw_signed_baseline,100,0.01,1.0,45,0.45,0.46,54,0.21779113963607277,0.04743298050397935,0.9999999405061136,5.949388637294106e-08,0.13579878695456737,-0.17026887006588456,0.21779072214363276,-0.13579878695456737
Be-Be_2.04_sto-6g_as-008-012,sto-6g,jw_signed_baseline,100,0.01,1.0,46,0.46,0.47000000000000003,53,0.2177911111729851,0.04743296810596356,0.9999999405062269,5.949377313019255e-08,0.16944070137943826,-0.13683079513710464,0.21779076606185183,-0.16944070137943826
Be-Be_2.04_sto-6g_as-008-012,sto-6g,jw_signed_baseline,100,0.01,1.0,47,0.47000000000000003,0.48,52,0.2177910838355186,0.04743295619824989,0.9999999405063548,5.9493645232500114e-08,0.19504549346094047,-0.0969023749533186,0.21779075919564475,-0.19504549346094047
Be-Be_2.04_sto-6g_as-008-012,sto-6g,jw_signed_baseline,100,0.01,1.0,48,0.48,0.49,51,0.21779105760571796,0.047432944773017155,0.9999999405065235,5.949347647860037e-08,0.21139862536219287,-0.05237757488027034,0.21779070034178022,-0.21139862536219287
Be-Be_2.04_sto-6g_as-008-012,sto-6g,jw_signed_baseline,100,0.01,1.0,49,0.49,0.5,50,0.21779103244956283,0.04743293381544653,0.9999999405066865,5.9493313497860356e-08,0.21772441767247977,-0.005368389491907134,0.21779059129484277,-0.21772441767247977
Be-Be_2.04_sto-6g_as-008-012,sto-6g,jw_signed_baseline,100,0.01,1.0,50,0.5,0.51,49,0.21779100831760936,0.047432923304000986,0.9999999405069091,5.949309089814392e-08,0.21372284419196497,0.04189534829582654,0.21779043674673035,-0.21372284419196497
Be-Be_2.04_sto-6g_as-008-012,sto-6g,jw_signed_baseline,100,0.01,1.0,51,0.51,0.52,48,0.21779098514573214,0.047432913210748516,0.9999999405071509,5.9492849091569155e-08,0.1995837590586136,0.08717174720400565,0.21779024402063055,-0.1995837590586136
Be-Be_2.04_sto-6g_as-008-012,sto-6g,jw_signed_baseline,100,0.01,1.0,52,0.52,0.53,47,0.21779096285615743,0.047432903501812146,0.9999999405074219,5.9492578086128844e-08,0.17597788211255613,0.1283132065498249,0.21779002265466324,-0.17597788211255613
Be-Be_2.04_sto-6g_as-008-012,sto-6g,jw_signed_baseline,100,0.01,1.0,53,0.53,0.54,46,0.21779094135857172,0.04743289413785283,0.9999999405077195,5.9492280546358245e-08,0.14402497193796096,0.16336828765539546,0.21778978385862474,-0.14402497193796096
Be-Be_2.04_sto-6g_as-008-012,sto-6g,jw_signed_baseline,100,0.01,1.0,54,0.54,0.55,45,0.21779092055135027,0.04743288507460457,0.9999999405080522,5.9491947812517765e-08,0.10524069882304672,0.19067427458907432,0.21778953987469862,-0.10524069882304672
Be-Be_2.04_sto-6g_as-008-012,sto-6g,jw_signed_baseline,100,0.01,1.0,55,0.55,0.56,44,0.2177909003230136,0.047432876263508846,0.9999999405084284,5.949157155793472e-08,0.06146474041827914,0.2089360340101407,0.21778930327858873,-0.06146474041827914
Be-Be_2.04_sto-6g_as-008-012,sto-6g,jw_signed_baseline,100,0.01,1.0,56,0.56,0.5700000000000001,43,0.21779088055362492,0.04743286765232332,0.9999999405088396,5.94911604423487e-08,0.014773513171581864,0.21728743498596886,0.21778908626056667,-0.014773513171581864
Be-Be_2.04_sto-6g_as-008-012,sto-6g,jw_signed_baseline,100,0.01,1.0,57,0.5700000000000001,0.58,42,0.21779086111646576,0.047432859185851675,0.9999999405092863,5.949071368860359e-08,-0.03261831947882488,0.21533241782437812,0.21778889992769432,0.03261831947882488
Be-Be_2.04_sto-6g_as-008-012,sto-6g,jw_signed_baseline,100,0.01,1.0,58,0.58,0.59,41,0.21779084187964795,0.04743285080664581,0.9999999405097925,5.9490207537926665e-08,-0.07846289001987178,0.20316376673367437,0.2177887536666789,0.07846289001987178
Be-Be_2.04_sto-6g_as-008-012,sto-6g,jw_signed_baseline,100,0.01,1.0,59,0.59,0.6,40,0.2177908227078372,0.047432842455756574,0.9999999405103245,5.9489675519053264e-08,-0.12058573929679677,0.1813586985849339,0.2177886546038979,0.12058573929679677
Be-Be_2.04_sto-6g_as-008-012,sto-6g,jw_signed_baseline,100,0.01,1.0,60,0.6,0.61,39,0.21779080346400723,0.047432834073497826,0.9999999405109181,5.9489081882802e-08,-0.15698894353138704,0.15095147906568718,0.21778860719335075,0.15698894353138704
Be-Be_2.04_sto-6g_as-008-012,sto-6g,jw_signed_baseline,100,0.01,1.0,61,0.61,0.62,38,0.21779078401115798,0.04743282560019487,0.9999999405115361,5.948846393266649e-08,-0.18594586701549093,0.11338436608813439,0.21778861295612018,0.18594586701549093
Be-Be_2.04_sto-6g_as-008-012,sto-6g,jw_signed_baseline,100,0.01,1.0,62,0.62,0.63,37,0.21779076421410345,0.04743281697696321,0.999999940512222,5.948777803688188e-08,-0.2060830489418625,0.07043920703348854,0.21778867038641095,0.2060830489418625
Be-Be_2.04_sto-6g_as-008-012,sto-6g,jw_signed_baseline,100,0.01,1.0,63,0.63,0.64,36,0.21779074394114975,0.04743280814643945,0.9999999405129391,5.948706094383027e-08,-0.21644534267131682,0.024152932840072493,0.21778877502957036,0.21644534267131682
Be-Be_2.04_sto-6g_as-008-012,sto-6g,jw_signed_baseline,100,0.01,1.0,64,0.64,0.65,35,0.21779072306582745,0.047432799053535944,0.9999999405137051,5.948629488994328e-08,-0.21654121920182068,-0.02327904514520637,0.21778891972798686,0.21654121920182068
Be-Be_2.04_sto-6g_as-008-012,sto-6g,jw_signed_baseline,100,0.01,1.0,65,0.65,0.66,34,0.21779070146840582,0.04743278964610027,0.9999999405145299,5.948547010525829e-08,-0.20636608624923014,-0.06960695623397913,0.21778909502081084,0.20636608624923014
Be-Be_2.04_sto-6g_as-008-012,sto-6g,jw_signed_baseline,100,0.01,1.0,66,0.66,0.67,33,0.2177906790374937,0.0474327798756126,0.9999999405153939,5.9484606129700524e-08,-0.186402515855187,-0.11263337329628897,0.2177892896752373,0.186402515855187
Be-Be_2.04_sto-6g_as-008-012,sto-6g,jw_signed_baseline,100,0.01,1.0,67,0.67,0.68,32,0.2177906556714036,0.04743276969777988,0.9999999405163013,5.94836987444225e-08,-0.1575973676615911,-0.1503174382269755,0.21778949131898748,0.1575973676615911
Be-Be_2.04_sto-6g_as-008-012,sto-6g,jw_signed_baseline,100,0.01,1.0,68,0.68,0.6900000000000001,31,0.21779063127949572,0.04743275907312126,0.9999999405172588,5.948274117706376e-08,-0.12131689025305678,-0.18087166711001487,0.2177896871383681,0.12131689025305678
Be-Be_2.04_sto-6g_as-008-012,sto-6g,jw_signed_baseline,100,0.01,1.0,69,0.6900000000000001,0.7000000000000001,30,0.2177906057833204,0.047432747967465674,0.9999999405182697,5.948173031899984e-08,-0.07928192744632304,-0.20284674289673266,0.21778986460213706,0.07928192744632304
Be-Be_2.04_sto-6g_as-008-012,sto-6g,jw_signed_baseline,100,0.01,1.0,70,0.7000000000000001,0.71,29,0.21779057911764577,0.047432736352399515,0.9999999405193227,5.948067727246098e-08,-0.03348630057461242,-0.2152002720140519,0.2177900121701985,0.03348630057461242
Be-Be_2.04_sto-6g_as-008-012,sto-6g,jw_signed_baseline,100,0.01,1.0,71,0.71,0.72,28,0.2177905512313641,0.04743272420566143,0.9999999405204139,5.947958614527238e-08,0.013897763211809893,-0.21734624110893527,0.21779011994687675,-0.013897763211809893
Be-Be_2.04_sto-6g_as-008-012,sto-6g,jw_signed_baseline,100,0.01,1.0,72,0.72,0.73,27,0.21779052208813796,0.047432711511423704,0.9999999405215507,5.947844927689516e-08,0.06062267092571534,-0.20918282524973783,0.21779018024151117,-0.06062267092571534
Be-Be_2.04_sto-6g_as-008-012,sto-6g,jw_signed_baseline,100,0.01,1.0,73,0.73,0.74,26,0.21779049166702355,0.04743269826056385,0.9999999405227425,5.947725745247823e-08,0.10447208336912076,-0.1910972260072437,0.21779018800475858,-0.10447208336912076
Be-Be_2.04_sto-6g_as-008-012,sto-6g,jw_signed_baseline,100,0.01,1.0,74,0.74,0.75,25,0.21779045996275662,0.047432684450789096,0.9999999405239605,5.9476039537820213e-08,0.1433660549620667,-0.1639473081563133,0.2177901411154497,-0.1433660549620667
Be-Be_2.04_sto-6g_as-008-012,sto-6g,jw_signed_baseline,100,0.01,1.0,75,0.75,0.76,24,0.21779042698600948,0.04743267008674833,0.9999999405252298,5.947477021983616e-08,0.17545970395556457,-0.12902090539783873,0.21779004050197615,-0.17545970395556457
Be-Be_2.04_sto-6g_as-008-012,sto-6g,jw_signed_baseline,100,0.01,1.0,76,0.76,0.77,23,0.21779039276333403,0.0474326551800073,0.9999999405265352,5.9473464819603805e-08,0.19923073008439565,-0.08797472600625182,0.21778989009096908,-0.19923073008439565
Be-Be_2.04_sto-6g_as-008-012,sto-6g,jw_signed_baseline,100,0.01,1.0,77,0.77,0.78,22,0.2177903573370333,0.04743263974899266,0.9999999405278658,5.947213421730879e-08,0.21355162628506422,-0.04275575809386929,0.21778969658635644,-0.21355162628506422
Be-Be_2.04_sto-6g_as-008-012,sto-6g,jw_signed_baseline,100,0.01,1.0,78,0.78,0.79,21,0.21779032076481472,0.047432623818840884,0.9999999405292357,5.947076431311871e-08,0.2177431581318549,0.004491094941523506,0.21778946909115635,-0.2177431581318549
Be-Be_2.04_sto-6g_as-008-012,sto-6g,jw_signed_baseline,100,0.01,1.0,79,0.79,0.8,20,0.21779028311926096,0.04743260742116785,0.9999999405306422,5.946935777156881e-08,0.21160657443704345,0.05152476482789067,0.21778921859345896,-0.21160657443704345
Be-Be_2.04_sto-6g_as-008-012,sto-6g,jw_signed_baseline,100,0.01,1.0,80,0.8,0.81,19,0.21779024448713358,0.047432590593765415,0.9999999405320781,5.946792192013106e-08,0.19543302255351888,0.09611432586951228,0.21778895734576403,-0.19543302255351888
Be-Be_2.04_sto-6g_as-008-012,sto-6g,jw_signed_baseline,100,0.01,1.0,81,0.81,0.8200000000000001,18,0.21779020496858217,0.04743257338025703,0.9999999405335346,5.9466465418545056e-08,0.16998972414079985,0.1361448153195587,0.21778869817293545,-0.16998972414079985
Be-Be_2.04_sto-6g_as-008-012,sto-6g,jw_signed_baseline,100,0.01,1.0,82,0.8200000000000001,0.8300000000000001,17,0.21779016467614176,0.047432555829660945,0.999999940535032,5.946496794972944e-08,0.13648356997428562,0.1697175468624453,0.21778845374797084,-0.13648356997428562
Be-Be_2.04_sto-6g_as-008-012,sto-6g,jw_signed_baseline,100,0.01,1.0,83,0.8300000000000001,0.84,16,0.21779012373360715,0.04743253799589991,0.9999999405365348,5.946346515184331e-08,0.0965038633786955,0.19524015990385585,0.21778823587672758,-0.0965038633786955
Be-Be_2.04_sto-6g_as-008-012,sto-6g,jw_signed_baseline,100,0.01,1.0,84,0.84,0.85,15,0.21779008227485003,0.04743251993728594,0.9999999405380677,5.946193226691321e-08,0.0519469302626215,0.2115021353649611,0.21778805483232544,-0.0519469302626215
Be-Be_2.04_sto-6g_as-008-012,sto-6g,jw_signed_baseline,100,0.01,1.0,85,0.85,0.86,14,0.21779004044244799,0.04743250171592313,0.9999999405396205,5.946037950899097e-08,0.004926172770205542,0.21773219878324426,0.2177879187768415,-0.004926172770205542
Be-Be_2.04_sto-6g_as-008-012,sto-6g,jw_signed_baseline,100,0.01,1.0,86,0.86,0.87,13,0.21778999838624963,0.04743248339708262,0.9999999405411851,5.9458814871682364e-08,-0.04232816728053936,0.21363489085260495,0.2177878333032719,0.04232816728053936
Be-Be_2.04_sto-6g_as-008-012,sto-6g,jw_signed_baseline,100,0.01,1.0,87,0.87,0.88,12,0.2177899562619134,0.047432465048566144,0.9999999405427514,5.945724856903922e-08,-0.08757478215960823,0.19940457328762398,0.21778780112375953,0.08757478215960823
Be-Be_2.04_sto-6g_as-008-012,sto-6g,jw_signed_baseline,100,0.01,1.0,88,0.88,0.89,11,0.21778991422935118,0.04743244674002814,0.999999940544338,5.945566194931473e-08,-0.12866759447957257,0.17571620730099516,0.2177878219217182,0.12866759447957257
Be-Be_2.04_sto-6g_as-008-012,sto-6g,jw_signed_baseline,100,0.01,1.0,89,0.89,0.9,10,0.21778987245112832,0.04743242854227874,0.9999999405459404,5.945405956442329e-08,-0.16365753691008528,0.14369334249786364,0.21778789237623902,0.16365753691008528
Be-Be_2.04_sto-6g_as-008-012,sto-6g,jw_signed_baseline,100,0.01,1.0,90,0.9,0.91,9,0.2177898310908353,0.04743241052657457,0.9999999405475427,5.945245729055415e-08,-0.19088499042673412,0.10485483366493865,0.21778800635736656,0.19088499042673412
Be-Be_2.04_sto-6g_as-008-012,sto-6g,jw_signed_baseline,100,0.01,1.0,91,0.91,0.92,8,0.21778979031150594,0.04743239276392973,0.9999999405491538,5.945084624592312e-08,-0.20905849857912467,0.06104281081830828,0.21778815528113013,0.20905849857912467
Be-Be_2.04_sto-6g_as-008-012,sto-6g,jw_signed_baseline,100,0.01,1.0,92,0.92,0.93,7,0.2177897502740341,0.04743237532442614,0.9999999405507797,5.944922032430355e-08,-0.21731602513428974,0.01433531638945735,0.21778832860406708,0.21731602513428974
Be-Be_2.04_sto-6g_as-008-012,sto-6g,jw_signed_baseline,100,0.01,1.0,93,0.93,0.9400000000000001,6,0.21778971113553516,0.047432358276499845,0.9999999405523959,5.9447604061624304e-08,-0.2152658491834893,-0.03305224943165453,0.2177885144289778,0.2152658491834893
Be-Be_2.04_sto-6g_as-008-012,sto-6g,jw_signed_baseline,100,0.01,1.0,94,0.9400000000000001,0.9500000000000001,5,0.21778967304789068,0.04743234168630712,0.9999999405540101,5.94459899083688e-08,-0.20300515644280703,-0.07887220287947376,0.21778870018765764,0.20300515644280703
Be-Be_2.04_sto-6g_as-008-012,sto-6g,jw_signed_baseline,100,0.01,1.0,95,0.9500000000000001,0.96,4,0.21778963615630753,0.047432325617096815,0.9999999405556244,5.9444375644090997e-08,-0.18111544252119177,-0.12095118784222775,0.21778887336154937,0.18111544252119177
Be-Be_2.04_sto-6g_as-008-012,sto-6g,jw_signed_baseline,100,0.01,1.0,96,0.96,0.97,3,0.21778960059790045,0.047432310128592996,0.9999999405572375,5.9442762490036216e-08,-0.15063494341672534,-0.15729326753669676,0.21778902219930854,0.15063494341672534
Be-Be_2.04_sto-6g_as-008-012,sto-6g,jw_signed_baseline,100,0.01,1.0,97,0.97,0.98,2,0.21778956650042441,0.047432295276442785,0.9999999405588402,5.944115977207787e-08,-0.1130093983565303,-0.1861746057141714,0.2177891363905283,0.1130093983565303
Be-Be_2.04_sto-6g_as-008-012,sto-6g,jw_signed_baseline,100,0.01,1.0,98,0.98,0.99,1,0.21778953398114592,0.04743228111172472,0.999999940560449,5.943955094789288e-08,-0.07002347857982565,-0.20622524437995057,0.21778920765728874,0.07002347857982565
Be-Be_2.04_sto-6g_as-008-012,sto-6g,jw_signed_baseline,100,0.01,1.0,99,0.99,1.0,0,0.21778950314572942,0.04743226768046369,0.9999999405620449,5.943795511331729e-08,-0.023716133840229713,-0.21649409645465817,0.21778923022970287,0.023716133840229713
Be-Be_2.04_sto-6g_as-008-012,sto-6g,signed_parent_descendants_round_robin,100,0.01,1.0,0,0.0,0.01,99,0.21779054204827247,0.047432720205680345,0.9999999848553643,1.514463565666091e-08,-0.05978508183407086,0.20942372750085073,0.21779015967269305,0.05978508183407086
Be-Be_2.04_sto-6g_as-008-012,sto-6g,signed_parent_descendants_round_robin,100,0.01,1.0,1,0.01,0.02,98,0.21779046967809226,0.04743268868260402,0.9999999848553734,1.5144626552832108e-08,-0.10370636418528045,0.19151367584448398,0.21779003192982938,0.10370636418528045
Be-Be_2.04_sto-6g_as-008-012,sto-6g,signed_parent_descendants_round_robin,100,0.01,1.0,2,0.02,0.03,97,0.2177903978136084,0.0474326573798098,0.9999999848554181,1.5144581921866518e-08,-0.14270851237060503,0.16451967475218107,0.21778990537578774,0.14270851237060503
Be-Be_2.04_sto-6g_as-008-012,sto-6g,signed_parent_descendants_round_robin,100,0.01,1.0,3,0.03,0.04,96,0.21779032675599475,0.04743262642848296,0.9999999848554791,1.5144520859600163e-08,-0.17494157550478695,0.1297221449167309,0.21778978332762627,0.17494157550478695
Be-Be_2.04_sto-6g_as-008-012,sto-6g,signed_parent_descendants_round_robin,100,0.01,1.0,4,0.04,0.05,95,0.21779025679884906,0.047432595956508616,0.9999999848555666,1.5144433374025823e-08,-0.19887668565256172,0.08877163838551919,0.21778966889592635,0.19887668565256172
Be-Be_2.04_sto-6g_as-008-012,sto-6g,signed_parent_descendants_round_robin,100,0.01,1.0,5,0.05,0.06,94,0.21779018822544546,0.04743256608727497,0.9999999848556853,1.514431469118449e-08,-0.21337857149742923,0.043610546560172596,0.21778956482246917,0.21337857149742923
Be-Be_2.04_sto-6g_as-008-012,sto-6g,signed_parent_descendants_round_robin,100,0.01,1.0,6,0.06,0.07,93,0.21779012130609612,0.04743253693852406,0.99999998485582,1.5144180021131604e-08,-0.21775940232310895,-0.003619032570792286,0.21778947333805204,0.21775940232310895
Be-Be_2.04_sto-6g_as-008-012,sto-6g,signed_parent_descendants_round_robin,100,0.01,1.0,7,0.07,0.08,92,0.2177900562956377,0.04743250862125703,0.9999999848559687,1.5144031251246304e-08,-0.21181140915865698,-0.0506768979059796,0.21778939604845107,0.21181140915865698
Be-Be_2.04_sto-6g_as-008-012,sto-6g,signed_parent_descendants_round_robin,100,0.01,1.0,8,0.08,0.09,91,0.21778999343113814,0.0474324812387352,0.9999999848561352,1.5143864828814912e-08,-0.19581673649575757,-0.09533100046228332,0.21778933385496366,0.19581673649575757
Be-Be_2.04_sto-6g_as-008-012,sto-6g,signed_parent_descendants_round_robin,100,0.01,1.0,9,0.09,0.1,90,0.2177899329296998,0.04743245488552314,0.9999999848563085,1.514369152300077e-08,-0.17053405777310737,-0.13546331102511444,0.2177892869138618,0.17053405777310737
Be-Be_2.04_sto-6g_as-008-012,sto-6g,signed_parent_descendants_round_robin,100,0.01,1.0,10,0.1,0.11,89,0.2177898749865974,0.04743242964667773,0.9999999848564944,1.5143505560644144e-08,-0.1371625896669792,-0.16917027939705942,0.21778925463720944,0.1371625896669792
Be-Be_2.04_sto-6g_as-008-012,sto-6g,signed_parent_descendants_round_robin,100,0.01,1.0,11,0.11,0.12,88,0.21778981977356793,0.047432405597003194,0.999999984856682,1.5143318043975285e-08,-0.09728521192644164,-0.1948531209459212,0.21778923573477743,0.09728521192644164
Be-Be_2.04_sto-6g_as-008-012,sto-6g,signed_parent_descendants_round_robin,100,0.01,1.0,12,0.12,0.13,87,0.21778976743738832,0.04743238280043169,0.9999999848568661,1.51431338579755e-08,-0.0527933902791528,-0.2112936485180304,0.21778922829476188,0.0527933902791528
Be-Be_2.04_sto-6g_as-008-012,sto-6g,signed_parent_descendants_round_robin,100,0.01,1.0,13,0.13,0.14,86,0.21778971809869435,0.04743236130950876,0.9999999848570419,1.51429581096707e-08,-0.005797462868551359,-0.2177120531439037,0.21778922989864807,0.005797462868551359
Be-Be_2.04_sto-6g_as-008-012,sto-6g,signed_parent_descendants_round_robin,100,0.01,1.0,14,0.14,0.15,85,0.21778967185115097,0.04743234116503202,0.999999984857215,1.5142785025901162e-08,0.04147345513013098,-0.21380389286750898,0.21778923776378906,-0.04147345513013098
Be-Be_2.04_sto-6g_as-008-012,sto-6g,signed_parent_descendants_round_robin,100,0.01,1.0,15,0.15,0.16,84,0.2177896287608144,0.04743232239577336,0.9999999848573637,1.5142636256015862e-08,0.08677720154868994,-0.19975453494268205,0.21778924890542495,-0.08677720154868994
Be-Be_2.04_sto-6g_as-008-012,sto-6g,signed_parent_descendants_round_robin,100,0.01,1.0,16,0.16,0.17,83,0.21778958886587485,0.0474323050183668,0.9999999848575004,1.514249958756153e-08,0.12796491728474912,-0.1762303658575996,0.21778926030912565,-0.12796491728474912
Be-Be_2.04_sto-6g_as-008-012,sto-6g,signed_parent_descendants_round_robin,100,0.01,1.0,17,0.17,0.18,82,0.21778955217665746,0.047432289037309,0.9999999848576056,1.51423944494411e-08,0.16308297205875458,-0.14434718549808812,0.21778926910372784,-0.16308297205875458
Be-Be_2.04_sto-6g_as-008-012,sto-6g,signed_parent_descendants_round_robin,100,0.01,1.0,18,0.18,0.19,81,0.2177895186758898,0.04743227444507576,0.9999999848576882,1.5142311848848067e-08,0.19046563111107742,-0.10561728399999508,0.2177892727249821,-0.19046563111107742
Be-Be_2.04_sto-6g_as-008-012,sto-6g,signed_parent_descendants_round_robin,100,0.01,1.0,19,0.19,0.2,80,0.21778948831935857,0.04743226122240802,0.9999999848577256,1.5142274434332137e-08,0.20881406701567498,-0.06187771112742895,0.21778926906070545,-0.20881406701567498
Be-Be_2.04_sto-6g_as-008-012,sto-6g,signed_parent_descendants_round_robin,100,0.01,1.0,20,0.2,0.21,79,0.21778946103674107,0.04743224933867416,0.9999999848577434,1.514225655974144e-08,0.21725796832473065,-0.01520314034352896,0.21778925656903902,-0.21725796832473065
Be-Be_2.04_sto-6g_as-008-012,sto-6g,signed_parent_descendants_round_robin,100,0.01,1.0,21,0.21,0.22,78,0.21778943673273682,0.04743223875236277,0.9999999848577098,1.5142290199499087e-08,0.2153968222148105,0.03219253926415121,0.21778923436320857,-0.2153968222148105
Be-Be_2.04_sto-6g_as-008-012,sto-6g,signed_parent_descendants_round_robin,100,0.01,1.0,22,0.22,0.23,77,0.21778941528856235,0.047432229411733876,0.9999999848576193,1.5142380682675594e-08,0.20331891252936837,0.0780612351176018,0.21778920225807902,-0.20331891252936837
Be-Be_2.04_sto-6g_as-008-012,sto-6g,signed_parent_descendants_round_robin,100,0.01,1.0,23,0.23,0.24,76,0.21778939656349688,0.0474322212554921,0.9999999848574929,1.51425071370781e-08,0.1815971318427259,0.12022728582910738,0.21778916077559568,-0.1815971318427259
Be-Be_2.04_sto-6g_as-008-012,sto-6g,signed_parent_descendants_round_robin,100,0.01,1.0,24,0.24,0.25,75,0.21778938039682205,0.04743221421363166,0.9999999848573181,1.5142681886182174e-08,0.1512618062150766,0.15669065989484568,0.2177891111091865,-0.1512618062150766
Be-Be_2.04_sto-6g_as-008-012,sto-6g,signed_parent_descendants_round_robin,100,0.01,1.0,25,0.25,0.26,74,0.21778936660986808,0.047432208208327525,0.9999999848570893,1.514291070314755e-08,0.11375182192580009,0.18572182291715178,0.2177890550489368,-0.11375182192580009
Be-Be_2.04_sto-6g_as-008-012,sto-6g,signed_parent_descendants_round_robin,100,0.01,1.0,26,0.26,0.27,73,0.21778935500826543,0.047432203154916266,0.9999999848568012,1.514319880602244e-08,0.07084637287615787,0.20594377324316915,0.21778899487196654,-0.07084637287615787
Be-Be_2.04_sto-6g_as-008-012,sto-6g,signed_parent_descendants_round_robin,100,0.01,1.0,27,0.27,0.28,72,0.21778934538432512,0.04743219896293285,0.9999999848564585,1.514354153187014e-08,0.02458056666621286,0.216397354809648,0.21778893320424897,-0.02458056666621286
Be-Be_2.04_sto-6g_as-008-012,sto-6g,signed_parent_descendants_round_robin,100,0.01,1.0,28,0.28,0.29,71,0.21778933751958432,0.04743219553721942,0.999999984856063,1.5143936993311513e-08,-0.02285110705377139,0.2165867494766704,0.21778887286189094,0.02285110705377139
Be-Be_2.04_sto-6g_as-008-012,sto-6g,signed_parent_descendants_round_robin,100,0.01,1.0,29,0.29,0.3,70,0.21778933118738986,0.047432192779050586,0.9999999848555986,1.5144401399602714e-08,-0.0691988667916002,0.2065029915183227,0.2177888166808803,0.0691988667916002
Be-Be_2.04_sto-6g_as-008-012,sto-6g,signed_parent_descendants_round_robin,100,0.01,1.0,30,0.3,0.31,69,0.2177893261555763,0.0474321905873,0.9999999848550868,1.5144913212417066e-08,-0.11226435054849826,0.18662438955736044,0.21778876734518132,0.11226435054849826
Be-Be_2.04_sto-6g_as-008-012,sto-6g,signed_parent_descendants_round_robin,100,0.01,1.0,31,0.31,0.32,68,0.21778932218917663,0.04743218885962098,0.9999999848545148,1.5145485199319353e-08,-0.150004886823148,0.15789383659472997,0.2177887272230331,0.150004886823148
Be-Be_2.04_sto-6g_as-008-012,sto-6g,signed_parent_descendants_round_robin,100,0.01,1.0,32,0.32,0.33,67,0.21778931905310026,0.0474321874936131,0.9999999848538949,1.5146105147856304e-08,-0.18063037986265396,0.12167408492943782,0.21778869822087352,0.18063037986265396
Be-Be_2.04_sto-6g_as-008-012,sto-6g,signed_parent_descendants_round_robin,100,0.01,1.0,33,0.33,0.34,66,0.21778931651484712,0.04743218638800426,0.9999999848532086,1.5146791376707824e-08,-0.20268821427305048,0.07968310771735748,0.21778868166342807,0.20268821427305048
Be-Be_2.04_sto-6g_as-008-012,sto-6g,signed_parent_descendants_round_robin,100,0.01,1.0,34,0.34,0.35000000000000003,65,0.21778931434708182,0.04743218544377202,0.9999999848524809,1.5147519127900466e-08,-0.2151321524641235,0.033912613158088536,0.21778867820678155,0.2151321524641235
Be-Be_2.04_sto-6g_as-008-012,sto-6g,signed_parent_descendants_round_robin,100,0.01,1.0,35,0.35000000000000003,0.36,64,0.21778931233017992,0.047432184565252666,0.9999999848517073,1.5148292731304025e-08,-0.21737195761302858,-0.01346642389909265,0.21778868778967916,0.21737195761302858
Be-Be_2.04_sto-6g_as-008-012,sto-6g,signed_parent_descendants_round_robin,100,0.01,1.0,36,0.36,0.37,63,0.21778931025464493,0.04743218366119399,0.9999999848508855,1.5149114518386853e-08,-0.20930138888612568,-0.060206732604079646,0.21778870962591326,0.20930138888612568
Be-Be_2.04_sto-6g_as-008-012,sto-6g,signed_parent_descendants_round_robin,100,0.01,1.0,37,0.37,0.38,62,0.2177893079233429,0.04743218264572866,0.9999999848500298,1.514997016727193e-08,-0.1913032412373218,-0.10409133555609834,0.21778874223833797,0.1913032412373218
Be-Be_2.04_sto-6g_as-008-012,sto-6g,signed_parent_descendants_round_robin,100,0.01,1.0,38,0.38,0.39,61,0.21778930515362668,0.04743218143929952,0.9999999848491273,1.515087266756865e-08,-0.16423119061461183,-0.14303870197266377,0.21778878353284747,0.16423119061461183
Be-Be_2.04_sto-6g_as-008-012,sto-6g,signed_parent_descendants_round_robin,100,0.01,1.0,39,0.39,0.4,60,0.21778930177922554,0.047432179969482575,0.9999999848481959,1.515180414468631e-08,-0.12936930528638085,-0.17520147749961862,0.2177888309081303,0.12936930528638085
Be-Be_2.04_sto-6g_as-008-012,sto-6g,signed_parent_descendants_round_robin,100,0.01,1.0,40,0.4,0.41000000000000003,59,0.217789297651943,0.04743217817172662,0.9999999848472407,1.5152759269554394e-08,-0.08837114313656691,-0.19905410802112267,0.2177888813951446,0.08837114313656691
Be-Be_2.04_sto-6g_as-008-012,sto-6g,signed_parent_descendants_round_robin,100,0.01,1.0,41,0.41000000000000003,0.42,58,0.21778929264312222,0.047432175989991526,0.9999999848462658,1.5153734156392318e-08,-0.043181322977415636,-0.2134652013058806,0.21778893181849257,0.043181322977415636
Be-Be_2.04_sto-6g_as-008-012,sto-6g,signed_parent_descendants_round_robin,100,0.01,1.0,42,0.42,0.43,57,0.2177892866448676,0.047432173377280305,0.9999999848452785,1.5154721477728117e-08,0.004056710715301299,-0.21775119393294656,0.21778897897058827,-0.004056710715301299
Be-Be_2.04_sto-6g_as-008-012,sto-6g,signed_parent_descendants_round_robin,100,0.01,1.0,43,0.43,0.44,56,0.21778927957098346,0.047432170296047994,0.9999999848442875,1.5155712462799897e-08,0.051102355172197925,-0.21170877741939467,0.2177890197887861,-0.051102355172197925
Be-Be_2.04_sto-6g_as-008-012,sto-6g,signed_parent_descendants_round_robin,100,0.01,1.0,44,0.44,0.45,55,0.2177892713576983,0.04743216671851714,0.9999999848432881,1.5156711885566665e-08,0.09572412666400885,-0.195624544827048,0.21778905152550004,-0.09572412666400885
Be-Be_2.04_sto-6g_as-008-012,sto-6g,signed_parent_descendants_round_robin,100,0.01,1.0,45,0.45,0.46,54,0.2177892619640655,0.047432162626852355,0.9999999848422954,1.5157704646995285e-08,0.1358055066792149,-0.1702613996047226,0.21778907190159316,-0.1358055066792149
Be-Be_2.04_sto-6g_as-008-012,sto-6g,signed_parent_descendants_round_robin,100,0.01,1.0,46,0.46,0.47000000000000003,53,0.2177892513721265,0.047432158013231314,0.9999999848413136,1.515868641721596e-08,0.1694453359887414,-0.13682237077840748,0.21778907923438556,-0.1694453359887414
Be-Be_2.04_sto-6g_as-008-012,sto-6g,signed_parent_descendants_round_robin,100,0.01,1.0,47,0.47000000000000003,0.48,52,0.2177892395867729,0.04743215287978477,0.9999999848403545,1.5159645538886934e-08,0.195047994049118,-0.09689355051900515,0.2177890725329528,-0.195047994049118
Be-Be_2.04_sto-6g_as-008-012,sto-6g,signed_parent_descendants_round_robin,100,0.01,1.0,48,0.48,0.49,51,0.21778922663533906,0.047432147238419084,0.9999999848394194,1.5160580568718274e-08,0.2113990856321896,-0.05236886070194503,0.21778905155527345,-0.2113990856321896
Be-Be_2.04_sto-6g_as-008-012,sto-6g,signed_parent_descendants_round_robin,100,0.01,1.0,49,0.49,0.5,50,0.2177892125669508,0.047432141110532476,0.9999999848385194,1.5161480626524337e-08,0.21772304407182688,-0.005360217275207215,0.21778901682394386,-0.21772304407182688
Be-Be_2.04_sto-6g_as-008-012,sto-6g,signed_parent_descendants_round_robin,100,0.01,1.0,50,0.5,0.51,49,0.21778919745157485,0.047432134526601055,0.9999999848376521,1.5162347932751175e-08,0.2137199184606121,0.0419026458875817,0.21778896959945138,-0.2137199184606121
Be-Be_2.04_sto-6g_as-008-012,sto-6g,signed_parent_descendants_round_robin,100,0.01,1.0,51,0.51,0.52,48,0.21778918137890937,0.04743212752569549,0.9999999848368346,1.5163165389964206e-08,0.1995795997768612,0.08717794136936134,0.21778891181254362,-0.1995795997768612
Be-Be_2.04_sto-6g_as-008-012,sto-6g,signed_parent_descendants_round_robin,100,0.01,1.0,52,0.52,0.53,47,0.21778916445690505,0.04743212015483684,0.9999999848360586,1.516394143585842e-08,0.17597281136744408,0.12831816349878405,0.21778884595925185,-0.17597281136744408
Be-Be_2.04_sto-6g_as-008-012,sto-6g,signed_parent_descendants_round_robin,100,0.01,1.0,53,0.53,0.54,46,0.2177891468102428,0.04743211246833349,0.9999999848353536,1.5164646427479056e-08,0.14401929161645846,0.16337195029420862,0.21778877496473475,-0.14401929161645846
Be-Be_2.04_sto-6g_as-008-012,sto-6g,signed_parent_descendants_round_robin,100,0.01,1.0,54,0.54,0.55,45,0.21778912857847157,0.04743210452697002,0.9999999848346947,1.516530534484417e-08,0.10523467864414959,0.19067664025683406,0.21778870202324901,-0.10523467864414959
Be-Be_2.04_sto-6g_as-008-012,sto-6g,signed_parent_descendants_round_robin,100,0.01,1.0,55,0.55,0.56,44,0.21778910991407713,0.047432096397165974,0.9999999848341146,1.5165885436374538e-08,0.0614586171448655,0.20893713389531282,0.21778863042350724,-0.0614586171448655
Be-Be_2.04_sto-6g_as-008-012,sto-6g,signed_parent_descendants_round_robin,100,0.01,1.0,56,0.56,0.5700000000000001,43,0.21778909098037894,0.04743208815005977,0.9999999848336067,1.5166393252386e-08,0.014767498055404484,0.21728731977627852,0.2177885633690968,-0.014767498055404484
Be-Be_2.04_sto-6g_as-008-012,sto-6g,signed_parent_descendants_round_robin,100,0.01,1.0,57,0.5700000000000001,0.58,42,0.21778907194925987,0.04743207986051989,0.9999999848331703,1.516682968105698e-08,-0.03262402957840177,0.21533115214310322,0.2177885038040546,0.03262402957840177
Be-Be_2.04_sto-6g_as-008-012,sto-6g,signed_parent_descendants_round_robin,100,0.01,1.0,58,0.58,0.59,41,0.21778905299887963,0.0474320716061488,0.9999999848328146,1.516718539651407e-08,-0.0784681029161591,0.2031614324395114,0.2177884542535143,0.0784681029161591
Be-Be_2.04_sto-6g_as-008-012,sto-6g,signed_parent_descendants_round_robin,100,0.01,1.0,59,0.59,0.6,40,0.2177890343112631,0.047432063466232535,0.9999999848325462,1.5167453848441426e-08,-0.12059026355417564,0.18135540460519825,0.21778841668826351,0.12059026355417564
Be-Be_2.04_sto-6g_as-008-012,sto-6g,signed_parent_descendants_round_robin,100,0.01,1.0,60,0.6,0.61,39,0.2177890160698972,0.04743205552069395,0.9999999848323583,1.5167641698177192e-08,-0.1569925930426033,0.15094737362087413,0.21778839242090064,0.1569925930426033
Be-Be_2.04_sto-6g_as-008-012,sto-6g,signed_parent_descendants_round_robin,100,0.01,1.0,61,0.61,0.62,38,0.21778899845725735,0.047432047849015245,0.9999999848322613,1.5167738731669544e-08,-0.18594847443804835,0.11337964634561253,0.2177883820392945,0.18594847443804835
Be-Be_2.04_sto-6g_as-008-012,sto-6g,signed_parent_descendants_round_robin,100,0.01,1.0,62,0.62,0.63,37,0.21778898165242905,0.04743204052920207,0.9999999848322454,1.5167754607858797e-08,-0.20608448588734554,0.07043412158527228,0.21778838538117787,0.20608448588734554
Be-Be_2.04_sto-6g_as-008-012,sto-6g,signed_parent_descendants_round_robin,100,0.01,1.0,63,0.63,0.64,36,0.21778896582873147,0.04743203363674836,0.9999999848323335,1.516766645615064e-08,-0.21644554249860348,0.024147773865703305,0.21778840155110168,0.21644554249860348
Be-Be_2.04_sto-6g_as-008-012,sto-6g,signed_parent_descendants_round_robin,100,0.01,1.0,64,0.64,0.65,35,0.2177889511513866,0.04743202724362106,0.9999999848324999,1.5167500144741553e-08,-0.2165401971041967,-0.023283960897908094,0.2177884289787216,0.2165401971041967
Be-Be_2.04_sto-6g_as-008-012,sto-6g,signed_parent_descendants_round_robin,100,0.01,1.0,65,0.65,0.66,34,0.21778893777538055,0.047432021417328586,0.9999999848327595,1.5167240463576093e-08,-0.20636395132590996,-0.0696113159234304,0.21778846551512815,0.20636395132590996
Be-Be_2.04_sto-6g_as-008-012,sto-6g,signed_parent_descendants_round_robin,100,0.01,1.0,66,0.66,0.67,33,0.2177889258433569,0.04743201622000322,0.9999999848331006,1.5166899403062928e-08,-0.18639947105061855,-0.11263690182838007,0.21778850856150908,0.18639947105061855
Be-Be_2.04_sto-6g_as-008-012,sto-6g,signed_parent_descendants_round_robin,100,0.01,1.0,67,0.67,0.68,32,0.21778891548370738,0.04743201170756944,0.9999999848335326,1.5166467415284046e-08,-0.1575936956246942,-0.15031993176358527,0.21778855522285298,0.1575936956246942
Be-Be_2.04_sto-6g_as-008-012,sto-6g,signed_parent_descendants_round_robin,100,0.01,1.0,68,0.68,0.6900000000000001,31,0.21778890680882515,0.047432007928983125,0.9999999848340423,1.516595771189344e-08,-0.1213129258826476,-0.18087302005288522,0.21778860247786194,0.1213129258826476
Be-Be_2.04_sto-6g_as-008-012,sto-6g,signed_parent_descendants_round_robin,100,0.01,1.0,69,0.6900000000000001,0.7000000000000001,30,0.21778889991353942,0.047432004925549685,0.9999999848346454,1.5165354638746464e-08,-0.07927802059794346,-0.20284696292262372,0.2177886473553207,0.07927802059794346
Be-Be_2.04_sto-6g_as-008-012,sto-6g,signed_parent_descendants_round_robin,100,0.01,1.0,70,0.7000000000000001,0.71,29,0.21778889487376235,0.04743200273033471,0.9999999848353175,1.5164682509727356e-08,-0.033482774546210514,-0.21519947964718764,0.21778868710686672,0.033482774546210514
Be-Be_2.04_sto-6g_as-008-012,sto-6g,signed_parent_descendants_round_robin,100,0.01,1.0,71,0.71,0.72,28,0.2177888917453521,0.047432001367668696,0.9999999848360642,1.5163935773720993e-08,0.01390065067823337,-0.21734465301430012,0.21778871936623528,-0.01390065067823337
Be-Be_2.04_sto-6g_as-008-012,sto-6g,signed_parent_descendants_round_robin,100,0.01,1.0,72,0.72,0.73,27,0.2177888905632225,0.047432000852759316,0.9999999848368898,1.5163110211879882e-08,0.06062475754627345,-0.20918072339233218,0.21778874228592215,-0.06062475754627345
Be-Be_2.04_sto-6g_as-008-012,sto-6g,signed_parent_descendants_round_robin,100,0.01,1.0,73,0.73,0.74,26,0.2177888913406675,0.04743200119139708,0.9999999848377731,1.516222691844149e-08,0.10447331797767175,-0.19109491746211565,0.2177887546433849,-0.10447331797767175
Be-Be_2.04_sto-6g_as-008-012,sto-6g,signed_parent_descendants_round_robin,100,0.01,1.0,74,0.74,0.75,25,0.21778889406898289,0.04743200237979065,0.9999999848387163,1.516128367295977e-08,0.14336649623306671,-0.16394508214344716,0.2177887559107852,-0.14336649623306671
Be-Be_2.04_sto-6g_as-008-012,sto-6g,signed_parent_descendants_round_robin,100,0.01,1.0,75,0.75,0.76,24,0.21778889871726426,0.047432004404478784,0.9999999848397124,1.5160287580862075e-08,0.1754595025002071,-0.1290189946883775,0.21778874628414518,-0.1754595025002071
Be-Be_2.04_sto-6g_as-008-012,sto-6g,signed_parent_descendants_round_robin,100,0.01,1.0,76,0.76,0.77,23,0.21778890523253,0.04743200724238393,0.999999984840766,1.5159233979211706e-08,0.1992300972070301,-0.08797327907718207,0.2177887266704005,-0.1992300972070301
Be-Be_2.04_sto-6g_as-008-012,sto-6g,signed_parent_descendants_round_robin,100,0.01,1.0,77,0.77,0.78,22,0.2177889135400556,0.04743201086095782,0.9999999848418627,1.515813730090798e-08,0.2135507950549752,-0.042754826436477225,0.21778869863293024,-0.2135507950549752
Be-Be_2.04_sto-6g_as-008-012,sto-6g,signed_parent_descendants_round_robin,100,0.01,1.0,78,0.78,0.79,21,0.21778892354397203,0.0474320152184421,0.9999999848429904,1.515700964738187e-08,0.21774234372519596,0.004491552748568531,0.21778866429875215,-0.21774234372519596
Be-Be_2.04_sto-6g_as-008-012,sto-6g,signed_parent_descendants_round_robin,100,0.01,1.0,79,0.79,0.8,20,0.2177889351280771,0.04743202026422177,0.9999999848441564,1.5155843580139106e-08,0.21160594068310146,0.05152486374461751,0.21778862623259657,-0.21160594068310146
Be-Be_2.04_sto-6g_as-008-012,sto-6g,signed_parent_descendants_round_robin,100,0.01,1.0,80,0.8,0.81,19,0.21778894815689914,0.0474320259392885,0.9999999848453497,1.515465031243224e-08,0.19543266028993006,0.09611422394030165,0.21778858728511385,-0.19543266028993006
Be-Be_2.04_sto-6g_as-008-012,sto-6g,signed_parent_descendants_round_robin,100,0.01,1.0,81,0.81,0.8200000000000001,18,0.217788962476955,0.04743203217678852,0.9999999848465653,1.5153434729242576e-08,0.16998964461324892,0.1361446782653172,0.21778855042381223,-0.16998964461324892
Be-Be_2.04_sto-6g_as-008-012,sto-6g,signed_parent_descendants_round_robin,100,0.01,1.0,82,0.8200000000000001,0.8300000000000001,17,0.217788977918219,0.04743203890266248,0.9999999848477943,1.5152205712354316e-08,0.13648371358177644,0.1697175145408817,0.21778851855643533,-0.13648371358177644
Be-Be_2.04_sto-6g_as-008-012,sto-6g,signed_parent_descendants_round_robin,100,0.01,1.0,83,0.8300000000000001,0.84,16,0.21778899429577064,0.047432046036363223,0.9999999848490291,1.5150970922306328e-08,0.09650412114729794,0.19524032082493004,0.2177884943568736,-0.09650412114729794
Be-Be_2.04_sto-6g_as-008-012,sto-6g,signed_parent_descendants_round_robin,100,0.01,1.0,84,0.84,0.85,15,0.21778901141160067,0.047432053491642326,0.9999999848502736,1.5149726362295723e-08,0.05194717310211142,0.21150251363167163,0.2177884801035541,-0.05194717310211142
Be-Be_2.04_sto-6g_as-008-012,sto-6g,signed_parent_descendants_round_robin,100,0.01,1.0,85,0.85,0.86,14,0.21778902905654163,0.047432061177391134,0.9999999848515096,1.5148490351002408e-08,0.004926282277475428,0.21773275521138016,0.21778847753959843,-0.004926282277475428
Be-Be_2.04_sto-6g_as-008-012,sto-6g,signed_parent_descendants_round_robin,100,0.01,1.0,86,0.86,0.87,13,0.21778904701236582,0.04743206899855449,0.999999984852753,1.514724701223713e-08,-0.04232827272509777,0.21363553714242925,0.21778848776283957,0.04232827272509777
Be-Be_2.04_sto-6g_as-008-012,sto-6g,signed_parent_descendants_round_robin,100,0.01,1.0,87,0.87,0.88,12,0.2177890650539126,0.04743207685705737,0.9999999848539741,1.5146025877932345e-08,-0.08757513102553394,0.19940519555830957,0.21778851115195935,0.08757513102553394
Be-Be_2.04_sto-6g_as-008-012,sto-6g,signed_parent_descendants_round_robin,100,0.01,1.0,88,0.88,0.89,11,0.21778908295133015,0.04743208465278137,0.9999999848551865,1.5144813514389455e-08,-0.1286681582692504,0.17571669356406233,0.21778854733315858,0.1286681582692504
Be-Be_2.04_sto-6g_as-008-012,sto-6g,signed_parent_descendants_round_robin,100,0.01,1.0,89,0.89,0.9,10,0.21778910047237623,0.04743209228456679,0.9999999848563744,1.5143625575753106e-08,-0.16365823900410814,0.14369360807155918,0.21778859518934557,0.16365823900410814
Be-Be_2.04_sto-6g_as-008-012,sto-6g,signed_parent_descendants_round_robin,100,0.01,1.0,90,0.9,0.91,9,0.21778911738466505,0.04743209965119142,0.9999999848575539,1.5142446074811744e-08,-0.19088572505924886,0.10485483920904047,0.21778865291136928,0.19088572505924886
Be-Be_2.04_sto-6g_as-008-012,sto-6g,signed_parent_descendants_round_robin,100,0.01,1.0,91,0.91,0.92,8,0.21778913345799358,0.047432106652383746,0.9999999848586992,1.514130076873954e-08,-0.2090591553695709,0.0610425694320071,0.21778871808865535,0.2090591553695709
Be-Be_2.04_sto-6g_as-008-012,sto-6g,signed_parent_descendants_round_robin,100,0.01,1.0,92,0.92,0.93,7,0.21778914846659725,0.047432113189805544,0.9999999848598156,1.514018443948828e-08,-0.2173165135762095,0.014334888675164654,0.21778878783410366,0.2173165135762095
Be-Be_2.04_sto-6g_as-008-012,sto-6g,signed_parent_descendants_round_robin,100,0.01,1.0,93,0.93,0.9400000000000001,6,0.21778916219131625,0.04743211916799546,0.9999999848609054,1.5139094644567308e-08,-0.2152661176751721,-0.03305277080416814,0.21778885893629615,0.2152661176751721
Be-Be_2.04_sto-6g_as-008-012,sto-6g,signed_parent_descendants_round_robin,100,0.01,1.0,94,0.9400000000000001,0.9500000000000001,5,0.2177891744218057,0.047432124495331705,0.9999999848619653,1.51380347146457e-08,-0.20300520177960954,-0.07887271532756009,0.2177889280306102,0.20300520177960954
Be-Be_2.04_sto-6g_as-008-012,sto-6g,signed_parent_descendants_round_robin,100,0.01,1.0,95,0.9500000000000001,0.96,4,0.21778918495845734,0.047432129084869136,0.9999999848629978,1.5137002207232797e-08,-0.18111530795632083,-0.12095160256960229,0.217788991779355,0.18111530795632083
Be-Be_2.04_sto-6g_as-008-012,sto-6g,signed_parent_descendants_round_robin,100,0.01,1.0,96,0.96,0.97,3,0.2177891936143918,0.047432132855207046,0.9999999848639987,1.5136001341176097e-08,-0.1506347059618942,-0.1572935293495382,0.21778904705117832,0.1506347059618942
Be-Be_2.04_sto-6g_as-008-012,sto-6g,signed_parent_descendants_round_robin,100,0.01,1.0,97,0.97,0.98,2,0.2177892002171512,0.04743213573122638,0.9999999848649574,1.513504255257203e-08,-0.11300914838455303,-0.18617470445497242,0.21778909108928815,0.11300914838455303
Be-Be_2.04_sto-6g_as-008-012,sto-6g,signed_parent_descendants_round_robin,100,0.01,1.0,98,0.98,0.99,1,0.2177892046103732,0.04743213764481901,0.9999999848659004,1.5134099640157217e-08,-0.070023296498758,-0.20622521538501667,0.2177891216593462,0.070023296498758
Be-Be_2.04_sto-6g_as-008-012,sto-6g,signed_parent_descendants_round_robin,100,0.01,1.0,99,0.99,1.0,0,0.21778920665515822,0.04743213853548321,0.9999999848668023,1.513319769497201e-08,-0.02371606926773681,-0.2164940099103451,0.21778913716843795,0.02371606926773681
Be-Be_2.04_sto-6g_as-008-012,sto-6g,fermionic_signed_reference,200,0.005,1.0,0,0.0,0.005,199,0.10905728501519674,0.011893491414885854,0.9999999999712825,2.871747284416415e-11,-0.02417051707347468,0.10634507143431979,0.10905726988133212,0.02417051707347468
Be-Be_2.04_sto-6g_as-008-012,sto-6g,fermionic_signed_reference,200,0.005,1.0,1,0.005,0.01,198,0.10905727609918152,0.011893489470173107,0.999999999971277,2.8723023959287275e-11,-0.03560722725417,0.10308060688790832,0.1090572608729451,0.03560722725417
Be-Be_2.04_sto-6g_as-008-012,sto-6g,fermionic_signed_reference,200,0.005,1.0,2,0.01,0.015,197,0.10905726719957608,0.011893487529039733,0.9999999999712799,2.872013737942325e-11,-0.046620440508857386,0.09859015526617433,0.10905725188472462,0.046620440508857386
Be-Be_2.04_sto-6g_as-008-012,sto-6g,fermionic_signed_reference,200,0.005,1.0,3,0.015,0.02,196,0.10905725832626034,0.01189348559364068,0.9999999999712859,2.8714142175090274e-11,-0.05707917153338661,0.09292712419875798,0.10905724292677293,0.05707917153338661
Be-Be_2.04_sto-6g_as-008-012,sto-6g,fermionic_signed_reference,200,0.005,1.0,4,0.02,0.025,195,0.10905724948902114,0.0118934836661106,0.9999999999712804,2.8719582267910937e-11,-0.06685902982754167,0.08615886733374561,0.10905723400909306,0.06685902982754167
Be-Be_2.04_sto-6g_as-008-012,sto-6g,fermionic_signed_reference,200,0.005,1.0,5,0.025,0.03,194,0.10905724069757132,0.011893481748568005,0.9999999999712819,2.8718138977978924e-11,-0.0758436991248887,0.07836588325693403,0.10905722514160195,0.0758436991248887
Be-Be_2.04_sto-6g_as-008-012,sto-6g,fermionic_signed_reference,200,0.005,1.0,6,0.03,0.035,193,0.10905723196153246,0.011893479843111497,0.9999999999712798,2.8720248401725712e-11,-0.0839263207902278,0.06964085807313007,0.1090572163341155,0.0839263207902278
Be-Be_2.04_sto-6g_as-008-012,sto-6g,fermionic_signed_reference,200,0.005,1.0,7,0.035,0.04,192,0.1090572232903683,0.011893477951805249,0.9999999999712871,2.8712920929763186e-11,-0.09101076473152943,0.06008756303662482,0.10905720759628022,0.09101076473152943
Be-Be_2.04_sto-6g_as-008-012,sto-6g,fermionic_signed_reference,200,0.005,1.0,8,0.04,0.045,191,0.10905721469339619,0.01189347607668151,0.9999999999712764,2.8723579070799587e-11,-0.0970127727109359,0.04981962034227298,0.10905719893758473,0.0970127727109359
Be-Be_2.04_sto-6g_as-008-012,sto-6g,fermionic_signed_reference,200,0.005,1.0,9,0.045,0.05,190,0.10905720617975549,0.0118934742197337,0.9999999999712736,2.872635462836115e-11,-0.10186096045719942,0.03895915175606773,0.10905719036732726,0.10186096045719942
Be-Be_2.04_sto-6g_as-008-012,sto-6g,fermionic_signed_reference,200,0.005,1.0,10,0.05,0.055,189,0.10905719775838071,0.01189347238291056,0.9999999999712763,2.872369009310205e-11,-0.10549766666103733,0.02763532615812943,0.10905718189458932,0.10549766666103733
Be-Be_2.04_sto-6g_as-008-012,sto-6g,fermionic_signed_reference,200,0.005,1.0,11,0.055,0.06,188,0.10905718943799188,0.011893470568114049,0.999999999971266,2.8734015167231064e-11,-0.10787963875633905,0.01598282327272682,0.10905717352822522,0.10787963875633905
Be-Be_2.04_sto-6g_as-008-012,sto-6g,fermionic_signed_reference,200,0.005,1.0,12,0.06,0.065,187,0.10905718122707209,0.011893468777194445,0.9999999999712814,2.8718583067188774e-11,-0.10897854733106982,0.0041402318569769446,0.10905716527683888,0.10897854733106982
Be-Be_2.04_sto-6g_as-008-012,sto-6g,fermionic_signed_reference,200,0.005,1.0,13,0.065,0.07,186,0.1090571731338124,0.011893467011938332,0.9999999999712686,2.8731350631971964e-11,-0.10878132304996424,-0.007751598600390598,0.10905715714872756,0.10878132304996424
Be-Be_2.04_sto-6g_as-008-012,sto-6g,fermionic_signed_reference,200,0.005,1.0,14,0.07,0.075,185,0.10905716516615893,0.011893465274078868,0.9999999999712765,2.8723468048497125e-11,-0.10729031208229677,-0.019551233066738855,0.10905714915193125,0.10729031208229677
Be-Be_2.04_sto-6g_as-008-012,sto-6g,fermionic_signed_reference,200,0.005,1.0,15,0.075,0.08,184,0.10905715733174151,0.011893463565280222,0.9999999999712752,2.8724800316126675e-11,-0.10452324818613097,-0.03111833311529888,0.10905714129415936,0.10452324818613097
Be-Be_2.04_sto-6g_as-008-012,sto-6g,fermionic_signed_reference,200,0.005,1.0,16,0.08,0.085,183,0.10905714963787577,0.011893461887138029,0.9999999999712614,2.8738567081632027e-11,-0.10051304178152487,-0.04231532603112446,0.10905713358279193,0.10051304178152487
Be-Be_2.04_sto-6g_as-008-012,sto-6g,fermionic_signed_reference,200,0.005,1.0,17,0.085,0.09,182,0.109057142091528,0.01189346024117173,0.999999999971257,2.8743007973730528e-11,-0.095307388521444,-0.05300904102152963,0.1090571260248485,0.095307388521444
Be-Be_2.04_sto-6g_as-008-012,sto-6g,fermionic_signed_reference,200,0.005,1.0,18,0.09,0.095,181,0.1090571346993402,0.01189345862883003,0.999999999971256,2.874400717445269e-11,-0.08896820201615355,-0.06307229307102855,0.10905711862700583,0.08896820201615355
Be-Be_2.04_sto-6g_as-008-012,sto-6g,fermionic_signed_reference,200,0.005,1.0,19,0.095,0.1,180,0.1090571274675766,0.011893457051479253,0.999999999971258,2.8742008773008365e-11,-0.08157087745798597,-0.07238539560350274,0.10905711139554979,0.08157087745798597
Be-Be_2.04_sto-6g_as-008-012,sto-6g,fermionic_signed_reference,200,0.005,1.0,20,0.1,0.105,179,0.10905712040211839,0.011893455510402147,0.9999999999712519,2.8748114999643803e-11,-0.07320339490480497,-0.0808375839609597,0.10905710433637066,0.07320339490480497
Be-Be_2.04_sto-6g_as-008-012,sto-6g,fermionic_signed_reference,200,0.005,1.0,21,0.105,0.11,178,0.10905711350845268,0.01189345400679553,0.99999999997124,2.8759994386007293e-11,-0.06396527288729581,-0.08832833276900372,0.10905709745494822,0.06396527288729581
Be-Be_2.04_sto-6g_as-008-012,sto-6g,fermionic_signed_reference,200,0.005,1.0,22,0.11,0.115,177,0.10905710679168047,0.011893452541771998,0.9999999999712389,2.8761104609031918e-11,-0.053966384785407856,-0.09476855152124308,0.1090570907563612,0.053966384785407856
Be-Be_2.04_sto-6g_as-008-012,sto-6g,fermionic_signed_reference,200,0.005,1.0,23,0.115,0.12,176,0.1090571002564745,0.01189345111635073,0.9999999999712263,2.8773650129210182e-11,-0.04332565205141874,-0.1000816441631232,0.1090570842452457,0.04332565205141874
Be-Be_2.04_sto-6g_as-008-012,sto-6g,fermionic_signed_reference,200,0.005,1.0,24,0.12,0.125,175,0.10905709390707084,0.011893449731455669,0.9999999999712289,2.8771096616253544e-11,-0.0321696298215861,-0.10420442007349523,0.10905707792578773,0.0321696298215861
Be-Be_2.04_sto-6g_as-008-012,sto-6g,fermionic_signed_reference,200,0.005,1.0,25,0.125,0.13,174,0.10905708774731623,0.011893448387925831,0.999999999971215,2.878497440406136e-11,-0.020631001738643486,-0.10708784560927771,0.10905707180176996,0.020631001738643486
Be-Be_2.04_sto-6g_as-008-012,sto-6g,fermionic_signed_reference,200,0.005,1.0,26,0.13,0.135,173,0.10905708178055902,0.011893447086491538,0.9999999999712066,2.879341209904851e-11,-0.0088470018864031,-0.10869762727495359,0.10905706587646101,0.0088470018864031
Be-Be_2.04_sto-6g_as-008-012,sto-6g,fermionic_signed_reference,200,0.005,1.0,27,0.135,0.14,172,0.10905707600974074,0.01189344582779437,0.9999999999711986,2.880140570482581e-11,0.0030422173944492795,-0.10901461958139702,0.10905706015270998,-0.0030422173944492795
Be-Be_2.04_sto-6g_as-008-012,sto-6g,fermionic_signed_reference,200,0.005,1.0,28,0.14,0.145,171,0.10905707043734882,0.011893444612376862,0.9999999999711994,2.8800628548708573e-11,0.014895252397591895,-0.10803505274314787,0.10905705463289714,-0.014895252397591895
Be-Be_2.04_sto-6g_as-008-012,sto-6g,fermionic_signed_reference,200,0.005,1.0,29,0.145,0.15,170,0.10905706506540443,0.011893443440679856,0.9999999999711877,2.8812285890467138e-11,0.02657112982408016,-0.1057705775063296,0.10905704931892574,-0.02657112982408016
Be-Be_2.04_sto-6g_as-008-012,sto-6g,fermionic_signed_reference,200,0.005,1.0,30,0.15,0.155,169,0.10905705989548022,0.01189344231304636,0.9999999999711855,2.8814506336516388e-11,0.03793098343545128,-0.10224812657417685,0.10905704421223496,-0.03793098343545128
Be-Be_2.04_sto-6g_as-008-012,sto-6g,fermionic_signed_reference,200,0.005,1.0,31,0.155,0.16,168,0.10905705492868818,0.01189344122971891,0.9999999999711673,2.883271399412024e-11,0.04883970564557204,-0.09750959427842962,0.10905703931379247,-0.04883970564557204
Be-Be_2.04_sto-6g_as-008-012,sto-6g,fermionic_signed_reference,200,0.005,1.0,32,0.16,0.165,167,0.10905705016567484,0.011893440190838517,0.9999999999711522,2.8847813027255143e-11,0.059167554408663364,-0.09161133830644078,0.10905703462408688,-0.059167554408663364
Be-Be_2.04_sto-6g_as-008-012,sto-6g,fermionic_signed_reference,200,0.005,1.0,33,0.165,0.17,166,0.10905704560663258,0.011893439196447139,0.9999999999711506,2.8849367339489618e-11,0.06879169629189269,-0.08462350941036477,0.10905703014314161,-0.06879169629189269
Be-Be_2.04_sto-6g_as-008-012,sto-6g,fermionic_signed_reference,200,0.005,1.0,34,0.17,0.17500000000000002,165,0.10905704125132583,0.011893438246493382,0.9999999999711371,2.8862912060390045e-11,0.07759766738048608,-0.0766292170704841,0.10905702587054136,-0.07759766738048608
Be-Be_2.04_sto-6g_as-008-012,sto-6g,fermionic_signed_reference,200,0.005,1.0,35,0.17500000000000002,0.18,164,0.10905703709901372,0.011893437340815657,0.9999999999711214,2.887856620503726e-11,0.08548073464029796,-0.06772354103566001,0.10905702180535538,-0.08548073464029796
Be-Be_2.04_sto-6g_as-008-012,sto-6g,fermionic_signed_reference,200,0.005,1.0,36,0.18,0.185,163,0.10905703314856546,0.011893436479167305,0.999999999971101,2.8898994308690362e-11,0.09234714154672348,-0.058012400497464436,0.10905701794625046,-0.09234714154672348
Be-Be_2.04_sto-6g_as-008-012,sto-6g,fermionic_signed_reference,200,0.005,1.0,37,0.185,0.19,162,0.10905702939837807,0.011893435661198699,0.9999999999710909,2.890909733821445e-11,0.09811522316525957,-0.04761129434691594,0.10905701429141253,-0.09811522316525957
Be-Be_2.04_sto-6g_as-008-012,sto-6g,fermionic_signed_reference,200,0.005,1.0,38,0.19,0.195,161,0.109057025846424,0.011893434886467593,0.9999999999710812,2.891875627852869e-11,0.1027163774217939,-0.03664392749683528,0.10905701083859641,-0.1027163774217939
Be-Be_2.04_sto-6g_as-008-012,sto-6g,fermionic_signed_reference,200,0.005,1.0,39,0.195,0.2,160,0.10905702249025216,0.011893434154439367,0.9999999999710667,2.893330020015128e-11,0.10609588101100755,-0.025240739607212407,0.10905700758512023,-0.10609588101100755
Be-Be_2.04_sto-6g_as-008-012,sto-6g,fermionic_signed_reference,200,0.005,1.0,40,0.2,0.20500000000000002,159,0.10905701932698972,0.011893433464487409,0.9999999999710397,2.896027861964967e-11,0.1082135402390361,-0.01353735371214126,0.10905700452787573,-0.1082135402390361
Be-Be_2.04_sto-6g_as-008-012,sto-6g,fermionic_signed_reference,200,0.005,1.0,41,0.20500000000000002,0.21,158,0.10905701635338153,0.011893432815901725,0.9999999999710312,2.8968827336939285e-11,0.10904416905977485,-0.0016729631992981181,0.10905700166336393,-0.10904416905977485
Be-Be_2.04_sto-6g_as-008-012,sto-6g,fermionic_signed_reference,200,0.005,1.0,42,0.21,0.215,157,0.10905701356573955,0.0118934322078779,0.9999999999710082,2.8991808953549025e-11,0.10857788861929406,0.010211323673637559,0.10905699898764691,-0.10857788861929406
Be-Be_2.04_sto-6g_as-008-012,sto-6g,fermionic_signed_reference,200,0.005,1.0,43,0.215,0.22,156,0.10905701096004318,0.011893431639538977,0.9999999999709988,2.900124584925834e-11,0.10682024474607785,0.021974162036689122,0.1090569964964497,-0.10682024474607785
Be-Be_2.04_sto-6g_as-008-012,sto-6g,fermionic_signed_reference,200,0.005,1.0,44,0.22,0.225,155,0.10905700853187501,0.011893431109921459,0.9999999999709686,2.9031443915528143e-11,0.1037921419894243,0.033475651478872596,0.10905699418509461,-0.1037921419894243
Be-Be_2.04_sto-6g_as-008-012,sto-6g,fermionic_signed_reference,200,0.005,1.0,45,0.225,0.23,154,0.10905700627646969,0.011893430617985949,0.99999999997095,2.9049984640039384e-11,0.09952959499079213,0.044578999939950834,0.10905699204854886,-0.09952959499079213
Be-Be_2.04_sto-6g_as-008-012,sto-6g,fermionic_signed_reference,200,0.005,1.0,46,0.23,0.23500000000000001,153,0.10905700418873637,0.011893430162622062,0.999999999970931,2.9068969453760474e-11,0.0940833001450727,0.05515215063294319,0.10905699008145554,-0.0940833001450727
Be-Be_2.04_sto-6g_as-008-012,sto-6g,fermionic_signed_reference,200,0.005,1.0,47,0.23500000000000001,0.24,152,0.10905700226325699,0.011893429742648039,0.9999999999709065,2.909350538260469e-11,0.08751803264609402,0.06506935264817112,0.10905698827812381,-0.08751803264609402
Be-Be_2.04_sto-6g_as-008-012,sto-6g,fermionic_signed_reference,200,0.005,1.0,48,0.24,0.245,151,0.10905700049430779,0.011893429356815451,0.9999999999708754,2.9124591627294194e-11,0.07991187608762182,0.07421265655890702,0.10905698663255697,-0.07991187608762182
Be-Be_2.04_sto-6g_as-008-012,sto-6g,fermionic_signed_reference,200,0.005,1.0,49,0.245,0.25,150,0.10905699887589215,0.011893429003816342,0.999999999970863,2.9137026125169996e-11,0.07135529378242673,0.08247331724090547,0.10905698513848373,-0.07135529378242673
Be-Be_2.04_sto-6g_as-008-012,sto-6g,fermionic_signed_reference,200,0.005,1.0,50,0.25,0.255,149,0.10905699740172227,0.011893428682279258,0.9999999999708318,2.916822339216196e-11,0.061950052844624195,0.08975308722142501,0.10905698378934041,-0.061950052844624195
Be-Be_2.04_sto-6g_as-008-012,sto-6g,fermionic_signed_reference,200,0.005,1.0,51,0.255,0.26,148,0.10905699606530633,0.01189342839078824,0.9999999999708112,2.918876251811753e-11,0.051808013831413285,0.09596538517580602,0.10905698257836001,-0.051808013831413285
Be-Be_2.04_sto-6g_as-008-012,sto-6g,fermionic_signed_reference,200,0.005,1.0,52,0.26,0.265,147,0.10905699485986742,0.011893428127865148,0.999999999970777,2.922295738727598e-11,0.04104980033960725,0.10103632567369457,0.1090569814984923,-0.04104980033960725
Be-Be_2.04_sto-6g_as-008-012,sto-6g,fermionic_signed_reference,200,0.005,1.0,53,0.265,0.27,146,0.1090569937784887,0.011893427892001323,0.9999999999707438,2.9256153055712275e-11,0.029803364379814762,0.10490559792833644,0.10905698054254849,-0.029803364379814762
Be-Be_2.04_sto-6g_as-008-012,sto-6g,fermionic_signed_reference,200,0.005,1.0,54,0.27,0.275,145,0.10905699281400581,0.011893427681634115,0.9999999999707216,2.927835751620478e-11,0.018202464590797475,0.10752718309702769,0.10905697970309353,-0.018202464590797475
Be-Be_2.04_sto-6g_as-008-012,sto-6g,fermionic_signed_reference,200,0.005,1.0,55,0.275,0.28,144,0.10905699195912648,0.011893427495172977,0.9999999999706777,2.9322322347979934e-11,0.006385075393314714,0.10886990160207413,0.10905697897257019,-0.006385075393314714
Be-Be_2.04_sto-6g_as-008-012,sto-6g,fermionic_signed_reference,200,0.005,1.0,56,0.28,0.28500000000000003,143,0.10905699120640534,0.011893427330993973,0.9999999999706582,2.9341751250910875e-11,-0.005508253996372014,0.10891778396238125,0.10905697834327019,0.005508253996372014
Be-Be_2.04_sto-6g_as-008-012,sto-6g,fermionic_signed_reference,200,0.005,1.0,57,0.28500000000000003,0.29,142,0.10905699054827707,0.011893427187446994,0.9999999999706207,2.9379276789143205e-11,-0.017336071175923215,0.1076702607253308,0.10905697780737089,0.017336071175923215
Be-Be_2.04_sto-6g_as-008-012,sto-6g,fermionic_signed_reference,200,0.005,1.0,58,0.29,0.295,141,0.10905698997707346,0.0118934270628595,0.999999999970586,2.941402676981397e-11,-0.028957702908800065,0.10514216923994298,0.10905697735695383,0.028957702908800065
Be-Be_2.04_sto-6g_as-008-012,sto-6g,fermionic_signed_reference,200,0.005,1.0,59,0.295,0.3,140,0.10905698948505564,0.011893426955543535,0.9999999999705553,2.9444668925293627e-11,-0.04023492820919095,0.10136357719071214,0.1090569769840344,0.04023492820919095
Be-Be_2.04_sto-6g_as-008-012,sto-6g,fermionic_signed_reference,200,0.005,1.0,60,0.3,0.305,139,0.10905698906442016,0.011893426863797059,0.9999999999705167,2.948330468655058e-11,-0.051033622261636075,0.09637942499083088,0.10905697668057075,0.051033622261636075
Be-Be_2.04_sto-6g_as-008-012,sto-6g,fermionic_signed_reference,200,0.005,1.0,61,0.305,0.31,138,0.10905698870734515,0.011893426785914008,0.999999999970484,2.951594524347456e-11,-0.0612253516234974,0.09024899128793108,0.10905697643851106,0.0612253516234974
Be-Be_2.04_sto-6g_as-008-012,sto-6g,fermionic_signed_reference,200,0.005,1.0,62,0.31,0.315,137,0.10905698840598042,0.011893426720182149,0.9999999999704406,2.9559354963737405e-11,-0.07068890173773265,0.08304518793921155,0.10905697624978326,0.07068890173773265
Be-Be_2.04_sto-6g_as-008-012,sto-6g,fermionic_signed_reference,200,0.005,1.0,63,0.315,0.32,136,0.1090569881525338,0.011893426664901896,0.9999999999704017,2.959832379190175e-11,-0.0793117185888695,0.07485369284108756,0.10905697610638171,0.0793117185888695
Be-Be_2.04_sto-6g_as-008-012,sto-6g,fermionic_signed_reference,200,0.005,1.0,64,0.32,0.325,135,0.10905698793917702,0.011893426618365803,0.9999999999703669,2.9633073772572516e-11,-0.08699124735561196,0.06577193092679792,0.10905697600027585,0.08699124735561196
Be-Be_2.04_sto-6g_as-008-012,sto-6g,fermionic_signed_reference,200,0.005,1.0,65,0.325,0.33,134,0.10905698775820104,0.01189342657889241,0.9999999999703315,2.966848988705806e-11,-0.09363615213927746,0.055907915451596,0.10905697592356356,0.09363615213927746
Be-Be_2.04_sto-6g_as-008-012,sto-6g,fermionic_signed_reference,200,0.005,1.0,66,0.33,0.335,133,0.10905698760194336,0.01189342654481043,0.9999999999702847,2.971534129869724e-11,-0.0991674022609473,0.045378963346206155,0.10905697586840035,0.0991674022609473
Be-Be_2.04_sto-6g_as-008-012,sto-6g,fermionic_signed_reference,200,0.005,1.0,67,0.335,0.34,132,0.10905698746285017,0.01189342651447226,0.9999999999702386,2.9761415554219184e-11,-0.1035192122077262,0.034310299917605286,0.10905697582706149,0.1035192122077262
Be-Be_2.04_sto-6g_as-008-012,sto-6g,fermionic_signed_reference,200,0.005,1.0,68,0.34,0.34500000000000003,131,0.10905698733349073,0.011893426486257156,0.9999999999702013,2.979871904784659e-11,-0.10663982404874173,0.022833569491887695,0.10905697579195683,0.10663982404874173
Be-Be_2.04_sto-6g_as-008-012,sto-6g,fermionic_signed_reference,200,0.005,1.0,69,0.34500000000000003,0.35000000000000003,130,0.10905698720657317,0.011893426458574665,0.9999999999701592,2.984079650047988e-11,-0.1084921230152848,0.011085269712757355,0.10905697575564924,0.1084921230152848
Be-Be_2.04_sto-6g_as-008-012,sto-6g,fermionic_signed_reference,200,0.005,1.0,70,0.35000000000000003,0.355,129,0.10905698707495542,0.011893426429866995,0.9999999999701089,2.98910896034954e-11,-0.10905407892366777,-0.000794871882884003,0.10905697571086298,0.10905407892366777
Be-Be_2.04_sto-6g_as-008-012,sto-6g,fermionic_signed_reference,200,0.005,1.0,71,0.355,0.36,128,0.10905698693172133,0.011893426398625638,0.99999999997007,2.992994740935728e-11,-0.10831900819075371,-0.012665559704115023,0.10905697565056108,0.10831900819075371
Be-Be_2.04_sto-6g_as-008-012,sto-6g,fermionic_signed_reference,200,0.005,1.0,72,0.36,0.365,127,0.10905698677009136,0.011893426363371882,0.9999999999700233,2.9976687798694e-11,-0.10629565332562699,-0.024385610594912142,0.10905697556785887,0.10629565332562699
Be-Be_2.04_sto-6g_as-008-012,sto-6g,fermionic_signed_reference,200,0.005,1.0,73,0.365,0.37,126,0.10905698658354612,0.011893426322683759,0.9999999999699826,3.0017432983697745e-11,-0.10300807895227546,-0.03581563298621865,0.10905697545614276,0.10300807895227546
Be-Be_2.04_sto-6g_as-008-012,sto-6g,fermionic_signed_reference,200,0.005,1.0,74,0.37,0.375,125,0.10905698636579161,0.01189342627518846,0.9999999999699279,3.00720559565093e-11,-0.09849538559953987,-0.04681968474001875,0.10905697530904106,0.09849538559953987
Be-Be_2.04_sto-6g_as-008-012,sto-6g,fermionic_signed_reference,200,0.005,1.0,75,0.375,0.38,124,0.10905698611077824,0.01189342621956648,0.9999999999698895,3.011046967316133e-11,-0.09281124466244714,-0.057266889968179885,0.1090569751204399,0.09281124466244714
Be-Be_2.04_sto-6g_as-008-012,sto-6g,fermionic_signed_reference,200,0.005,1.0,76,0.38,0.385,123,0.10905698581273417,0.011893426154558902,0.9999999999698387,3.0161317887689165e-11,-0.0860232600658591,-0.06703299559622801,0.10905697488451783,0.0860232600658591
Be-Be_2.04_sto-6g_as-008-012,sto-6g,fermionic_signed_reference,200,0.005,1.0,77,0.385,0.39,122,0.10905698546616967,0.011893426078968343,0.9999999999697956,3.020439454104462e-11,-0.07821216422222614,-0.07600184915943779,0.10905697459575157,0.07821216422222614
Be-Be_2.04_sto-6g_as-008-012,sto-6g,fermionic_signed_reference,200,0.005,1.0,78,0.39,0.395,121,0.10905698506588095,0.01189342599165978,0.9999999999697459,3.025413253254783e-11,-0.06947085784643103,-0.08406678025480571,0.10905697424891642,0.06947085784643103
Be-Be_2.04_sto-6g_as-008-012,sto-6g,fermionic_signed_reference,200,0.005,1.0,79,0.395,0.4,120,0.1090569846069907,0.011893425891569408,0.9999999999697045,3.0295543851366347e-11,-0.05990330504748509,-0.09113186921893345,0.10905697383913072,0.05990330504748509
Be-Be_2.04_sto-6g_as-008-012,sto-6g,fermionic_signed_reference,200,0.005,1.0,80,0.4,0.405,119,0.10905698408493164,0.011893425777701033,0.9999999999696522,3.034783535582619e-11,-0.049623296838311105,-0.09711308794257173,0.10905697336183875,0.049623296838311105
Be-Be_2.04_sto-6g_as-008-012,sto-6g,fermionic_signed_reference,200,0.005,1.0,81,0.405,0.41000000000000003,118,0.10905698349546736,0.011893425649130639,0.9999999999696029,3.039712925811955e-11,-0.03875309776961312,-0.10193929925380557,0.10905697281282899,0.03875309776961312
Be-Be_2.04_sto-6g_as-008-012,sto-6g,fermionic_signed_reference,200,0.005,1.0,82,0.41000000000000003,0.41500000000000004,117,0.10905698283471685,0.011893425505011726,0.9999999999695552,3.044475782587597e-11,-0.027421991784210543,-0.10555310298355955,0.10905697218826148,0.027421991784210543
Be-Be_2.04_sto-6g_as-008-012,sto-6g,fermionic_signed_reference,200,0.005,1.0,83,0.41500000000000004,0.42,116,0.10905698209915275,0.011893425344574923,0.9999999999695011,3.0498936709477675e-11,-0.015764744586470137,-0.10791151865083815,0.10905697148466405,0.015764744586470137
Be-Be_2.04_sto-6g_as-008-012,sto-6g,fermionic_signed_reference,200,0.005,1.0,84,0.42,0.425,115,0.10905698128559495,0.011893425167126607,0.9999999999694479,3.055211639235722e-11,-0.003920000814643533,-0.10898649664816255,0.1090569706989276,0.003920000814643533
Be-Be_2.04_sto-6g_as-008-012,sto-6g,fermionic_signed_reference,200,0.005,1.0,85,0.425,0.43,114,0.10905698039123986,0.011893424972055274,0.9999999999694019,3.05980796255767e-11,0.007971364920655878,-0.10876525184745187,0.10905696982833282,-0.007971364920655878
Be-Be_2.04_sto-6g_as-008-012,sto-6g,fermionic_signed_reference,200,0.005,1.0,86,0.43,0.435,113,0.10905697941365011,0.011893424758829305,0.999999999969352,3.0648039661684834e-11,0.019767923520042696,-0.10725041565857059,0.10905696887054224,-0.019767923520042696
Be-Be_2.04_sto-6g_as-008-012,sto-6g,fermionic_signed_reference,200,0.005,1.0,87,0.435,0.44,112,0.10905697835077738,0.011893424527001926,0.999999999969298,3.0701996500681616e-11,0.031329373473726864,-0.1044600047320793,0.10905696782362093,-0.031329373473726864
Be-Be_2.04_sto-6g_as-008-012,sto-6g,fermionic_signed_reference,200,0.005,1.0,88,0.44,0.445,111,0.1090569772009528,0.011893424276209137,0.9999999999692611,3.073885590509917e-11,0.042518209528859756,-0.10042720667835815,0.10905696668602921,-0.042518209528859756
Be-Be_2.04_sto-6g_as-008-012,sto-6g,fermionic_signed_reference,200,0.005,1.0,89,0.445,0.45,110,0.10905697596287538,0.011893424006167178,0.9999999999692196,3.078037824622015e-11,0.05320135809955448,-0.09519998535171194,0.10905696545660529,-0.05320135809955448
Be-Be_2.04_sto-6g_as-008-012,sto-6g,fermionic_signed_reference,200,0.005,1.0,90,0.45,0.455,109,0.10905697463565206,0.011893423716681256,0.9999999999691688,3.0831226460747985e-11,0.06325175996910848,-0.08884051039400936,0.10905696413461086,-0.06325175996910848
Be-Be_2.04_sto-6g_as-008-012,sto-6g,fermionic_signed_reference,200,0.005,1.0,91,0.455,0.46,108,0.10905697321877121,0.01189342340763978,0.999999999969115,3.088496125513984e-11,0.07254988146037412,-0.08142441782249346,0.10905696271970133,-0.07254988146037412
Be-Be_2.04_sto-6g_as-008-012,sto-6g,fermionic_signed_reference,200,0.005,1.0,92,0.46,0.465,107,0.10905697171207236,0.011893423079007752,0.9999999999690682,3.0931812666779024e-11,0.08098513610131056,-0.07303991045603163,0.10905696121189565,-0.08098513610131056
Be-Be_2.04_sto-6g_as-008-012,sto-6g,fermionic_signed_reference,200,0.005,1.0,93,0.465,0.47000000000000003,106,0.10905697011583831,0.011893422730846853,0.9999999999690076,3.099243084392356e-11,0.08845719987727979,-0.0637867088789818,0.10905695961166809,-0.08845719987727979
Be-Be_2.04_sto-6g_as-008-012,sto-6g,fermionic_signed_reference,200,0.005,1.0,94,0.47000000000000003,0.47500000000000003,105,0.10905696843067632,0.011893422363289531,0.9999999999689678,3.103217682820514e-11,0.09487720442705413,-0.05377486541902001,0.10905695791982617,-0.09487720442705413
Be-Be_2.04_sto-6g_as-008-012,sto-6g,fermionic_signed_reference,200,0.005,1.0,95,0.47500000000000003,0.48,104,0.10905696665759687,0.011893421976556197,0.9999999999689291,3.1070923611764556e-11,0.10016879399141487,-0.04312345524540775,0.10905695613759443,-0.10016879399141487
Be-Be_2.04_sto-6g_as-008-012,sto-6g,fermionic_signed_reference,200,0.005,1.0,96,0.48,0.485,103,0.10905696479796852,0.011893421570945344,0.9999999999688794,3.11205505809653e-11,0.10426903354357825,-0.03195916015460416,0.10905695426656424,-0.10426903354357825
Be-Be_2.04_sto-6g_as-008-012,sto-6g,fermionic_signed_reference,200,0.005,1.0,97,0.485,0.49,102,0.10905696285352903,0.01189342114683601,0.9999999999688308,3.116917834944388e-11,0.10712915730066924,-0.020414761887215787,0.10905695230870543,-0.10712915730066924
Be-Be_2.04_sto-6g_as-008-012,sto-6g,fermionic_signed_reference,200,0.005,1.0,98,0.49,0.495,101,0.10905696082636236,0.011893420704682734,0.9999999999687893,3.121070069056486e-11,0.10871514871383642,-0.008627562895978718,0.10905695026634311,-0.10871514871383642
Be-Be_2.04_sto-6g_as-008-012,sto-6g,fermionic_signed_reference,200,0.005,1.0,99,0.495,0.5,100,0.10905695871890542,0.01189342024501704,0.9999999999687511,3.124889236261197e-11,0.1090081450390709,0.003262246652731732,0.10905694814216275,-0.1090081450390709
Be-Be_2.04_sto-6g_as-008-012,sto-6g,fermionic_signed_reference,200,0.005,1.0,100,0.5,0.505,99,0.1090569565339306,0.011893419768443629,0.9999999999687135,3.128652892314676e-11,0.10800466167697075,0.015113256221843542,0.10905694593919273,-0.10800466167697075
Be-Be_2.04_sto-6g_as-008-012,sto-6g,fermionic_signed_reference,200,0.005,1.0,101,0.505,0.51,98,0.10905695427453622,0.011893419275638285,0.9999999999686695,3.133049375492192e-11,0.1057166336133686,0.026784516760449423,0.10905694366079591,-0.1057166336133686
Be-Be_2.04_sto-6g_as-008-012,sto-6g,fermionic_signed_reference,200,0.005,1.0,102,0.51,0.515,97,0.10905695194414398,0.011893418767347329,0.9999999999686151,3.138489468312855e-11,0.10217127346802303,0.03813721707151168,0.10905694131066188,-0.10217127346802303
Be-Be_2.04_sto-6g_as-008-012,sto-6g,fermionic_signed_reference,200,0.005,1.0,103,0.515,0.52,96,0.10905694954644846,0.011893418244376605,0.999999999968575,3.142497373431752e-11,0.09741074783968355,0.04903633475263439,0.10905693889275837,-0.09741074783968355
Be-Be_2.04_sto-6g_as-008-012,sto-6g,fermionic_signed_reference,200,0.005,1.0,104,0.52,0.525,95,0.10905694708546464,0.011893417707601835,0.9999999999685453,3.145472771137747e-11,0.09149167579717081,0.05935224207442432,0.10905693641137951,-0.09149167579717081
Be-Be_2.04_sto-6g_as-008-012,sto-6g,fermionic_signed_reference,200,0.005,1.0,105,0.525,0.53,94,0.10905694456546684,0.011893417157955308,0.9999999999685,3.150002481078218e-11,0.08448445548097372,0.06896224769716132,0.10905693387108066,-0.08448445548097372
Be-Be_2.04_sto-6g_as-008-012,sto-6g,fermionic_signed_reference,200,0.005,1.0,106,0.53,0.535,93,0.10905694199099107,0.011893416596426391,0.9999999999684571,3.154287941953271e-11,0.07647242682463004,0.0777520558894669,0.1090569312766831,-0.07647242682463004
Be-Be_2.04_sto-6g_as-008-012,sto-6g,fermionic_signed_reference,200,0.005,1.0,107,0.535,0.54,92,0.1090569393668266,0.011893416024059694,0.9999999999684276,3.157241135198774e-11,0.0675508803541081,0.08561712589374333,0.10905692863326072,-0.0675508803541081
Be-Be_2.04_sto-6g_as-008-012,sto-6g,fermionic_signed_reference,200,0.005,1.0,108,0.54,0.545,91,0.10905693669796579,0.011893415441944118,0.9999999999683871,3.161293449238656e-11,0.05782592385401002,0.09246391527099618,0.10905692594609351,-0.05782592385401002
Be-Be_2.04_sto-6g_as-008-012,sto-6g,fermionic_signed_reference,200,0.005,1.0,109,0.545,0.55,90,0.10905693398963123,0.011893414851218784,0.9999999999683578,3.164224438023666e-11,0.04741322037988768,0.09821099243756623,0.10905692322069006,-0.04741322037988768
Be-Be_2.04_sto-6g_as-008-012,sto-6g,fermionic_signed_reference,200,0.005,1.0,110,0.55,0.555,89,0.10905693124726341,0.01189341425307034,0.9999999999683212,3.167877071774683e-11,0.03643661262624741,0.1027900051617346,0.10905692046277778,-0.03643661262624741
Be-Be_2.04_sto-6g_as-008-012,sto-6g,fermionic_signed_reference,200,0.005,1.0,111,0.555,0.56,88,0.10905692847641864,0.01189341364871069,0.9999999999682861,3.1713853765324984e-11,0.025026650011042106,0.10614649350164017,0.10905691767819652,-0.025026650011042106
Be-Be_2.04_sto-6g_as-008-012,sto-6g,fermionic_signed_reference,200,0.005,1.0,112,0.56,0.5650000000000001,87,0.10905692568284445,0.011893413039393457,0.9999999999682654,3.1734614935885475e-11,0.013319035995063797,0.10824053751609868,0.10905691487297708,-0.013319035995063797
Be-Be_2.04_sto-6g_as-008-012,sto-6g,fermionic_signed_reference,200,0.005,1.0,113,0.5650000000000001,0.5700000000000001,86,0.10905692287242896,0.01189341242640292,0.9999999999682344,3.1765590158272516e-11,0.001453014102724404,0.10904723204472182,0.10905691205328584,-0.001453014102724404
Be-Be_2.04_sto-6g_as-008-012,sto-6g,fermionic_signed_reference,200,0.005,1.0,114,0.5700000000000001,0.5750000000000001,85,0.10905692005117298,0.011893411811047937,0.9999999999682186,3.1781355325222194e-11,-0.010430288159987184,0.10855698291080308,0.10905690922539828,0.010430288159987184
Be-Be_2.04_sto-6g_as-008-012,sto-6g,fermionic_signed_reference,200,0.005,1.0,115,0.5750000000000001,0.58,84,0.10905691722516984,0.011893411194657547,0.9999999999681797,3.1820324153386537e-11,-0.02218953779363793,0.1067756210241838,0.10905690639567678,0.02218953779363793
Be-Be_2.04_sto-6g_as-008-012,sto-6g,fermionic_signed_reference,200,0.005,1.0,116,0.58,0.585,83,0.10905691440060251,0.011893410578580345,0.9999999999681629,3.1837088521058377e-11,-0.03368487723699519,0.10372433302715872,0.10905690357056891,0.03368487723699519
Be-Be_2.04_sto-6g_as-008-012,sto-6g,fermionic_signed_reference,200,0.005,1.0,117,0.585,0.59,82,0.10905691158370033,0.01189340996417503,0.9999999999681454,3.1854630044847454e-11,-0.04477958774964897,0.09943940930836946,0.10905690075655895,0.04477958774964897
Be-Be_2.04_sto-6g_as-008-012,sto-6g,fermionic_signed_reference,200,0.005,1.0,118,0.59,0.595,81,0.10905690878075104,0.011893409352813054,0.9999999999681183,3.188171948664831e-11,-0.055341715462863504,0.09397181238182858,0.1090568979601847,0.055341715462863504
Be-Be_2.04_sto-6g_as-008-012,sto-6g,fermionic_signed_reference,200,0.005,1.0,119,0.595,0.6,80,0.10905690599803998,0.011893408745865327,0.9999999999681025,3.1897484653597985e-11,-0.06524564075905159,0.08738657076451453,0.10905689518797387,0.06524564075905159
Be-Be_2.04_sto-6g_as-008-012,sto-6g,fermionic_signed_reference,200,0.005,1.0,120,0.6,0.605,79,0.10905690324185015,0.011893408144702265,0.9999999999680732,3.192679454144809e-11,-0.07437357231469646,0.07976200556170263,0.10905689244644039,0.07437357231469646
Be-Be_2.04_sto-6g_as-008-012,sto-6g,fermionic_signed_reference,200,0.005,1.0,121,0.605,0.61,78,0.10905690051846144,0.011893407550693595,0.9999999999680642,3.193578734794755e-11,-0.08261694803773013,0.0711887989584643,0.10905688974208667,0.08261694803773013
Be-Be_2.04_sto-6g_as-008-012,sto-6g,fermionic_signed_reference,200,0.005,1.0,122,0.61,0.615,77,0.10905689783409453,0.011893406965196134,0.9999999999680631,3.193689757097218e-11,-0.08987772623717576,0.06176891569639423,0.10905688708134378,0.08987772623717576
Be-Be_2.04_sto-6g_as-008-012,sto-6g,fermionic_signed_reference,200,0.005,1.0,123,0.615,0.62,76,0.10905689519491855,0.01189340638955545,0.9999999999680342,3.196576336961243e-11,-0.09606955166907277,0.051614390362896036,0.10905688447058286,0.09606955166907277
Be-Be_2.04_sto-6g_as-008-012,sto-6g,fermionic_signed_reference,200,0.005,1.0,124,0.62,0.625,75,0.10905689260701158,0.011893405825097259,0.99999999996802,3.1979974224327634e-11,-0.10111878259037786,0.040845994916211104,0.10905688191606823,0.10111878259037786
Be-Be_2.04_sto-6g_as-008-012,sto-6g,fermionic_signed_reference,200,0.005,1.0,125,0.625,0.63,74,0.1090568900763597,0.011893405273127202,0.9999999999680228,3.197719866676607e-11,-0.10496536660570786,0.02959180229425777,0.10905687942396432,0.10496536660570786
Be-Be_2.04_sto-6g_as-008-012,sto-6g,fermionic_signed_reference,200,0.005,1.0,126,0.63,0.635,73,0.10905688760881292,0.011893404734921252,0.9999999999679994,3.200062437258566e-11,-0.1075635548903542,0.017985663190571346,0.10905687700028327,0.1075635548903542
Be-Be_2.04_sto-6g_as-008-012,sto-6g,fermionic_signed_reference,200,0.005,1.0,127,0.635,0.64,72,0.10905688521011041,0.011893404211731198,0.9999999999679987,3.200129050640044e-11,-0.10888244629519729,0.006165614113660537,0.10905687465091365,0.10888244629519729
Be-Be_2.04_sto-6g_as-008-012,sto-6g,fermionic_signed_reference,200,0.005,1.0,128,0.64,0.645,71,0.10905688288579099,0.01189340370476513,0.999999999967991,3.200895104527035e-11,-0.10890635486210049,-0.005727764336248935,0.1090568723815302,0.10890635486210049
Be-Be_2.04_sto-6g_as-008-012,sto-6g,fermionic_signed_reference,200,0.005,1.0,129,0.645,0.65,70,0.10905688064126833,0.011893403215203845,0.999999999967995,3.20049542423817e-11,-0.1076349963792926,-0.01755301944794909,0.10905687019766526,0.1076349963792926
Be-Be_2.04_sto-6g_as-008-012,sto-6g,fermionic_signed_reference,200,0.005,1.0,130,0.65,0.655,69,0.10905687848171333,0.01189340274417519,0.9999999999679952,3.200484322007924e-11,-0.1050834917576399,-0.02916950875151923,0.10905686810459454,0.1050834917576399
Be-Be_2.04_sto-6g_as-008-012,sto-6g,fermionic_signed_reference,200,0.005,1.0,131,0.655,0.66,68,0.10905687641212411,0.011893402292769313,0.9999999999679918,3.200817388915311e-11,-0.10128218718814631,-0.04043907273361238,0.10905686610740793,0.10128218718814631
Be-Be_2.04_sto-6g_as-008-012,sto-6g,fermionic_signed_reference,200,0.005,1.0,132,0.66,0.665,67,0.1090568744372549,0.01189340186202318,0.9999999999679997,3.2000291305678275e-11,-0.09627629321936777,-0.05122767802135792,0.1090568642109317,0.09627629321936777
Be-Be_2.04_sto-6g_as-008-012,sto-6g,fermionic_signed_reference,200,0.005,1.0,133,0.665,0.67,66,0.1090568725616251,0.011893401452922538,0.9999999999679948,3.2005176286986625e-11,-0.09012534704769194,-0.061407011491943546,0.1090568624197423,0.09012534704769194
Be-Be_2.04_sto-6g_as-008-012,sto-6g,fermionic_signed_reference,200,0.005,1.0,134,0.67,0.675,65,0.10905687078949683,0.011893401066397007,0.9999999999679968,3.20031778855423e-11,-0.08290250441551497,-0.07085600634875212,0.10905686073814375,0.08290250441551497
Be-Be_2.04_sto-6g_as-008-012,sto-6g,fermionic_signed_reference,200,0.005,1.0,135,0.675,0.68,64,0.10905686912486703,0.011893400703318376,0.9999999999680067,3.1993296900623136e-11,-0.07469366953928509,-0.07946228201364032,0.10905685917015596,0.07469366953928509
Be-Be_2.04_sto-6g_as-008-012,sto-6g,fermionic_signed_reference,200,0.005,1.0,136,0.68,0.685,63,0.10905686757143723,0.011893400364493998,0.9999999999680114,3.198863396391971e-11,-0.06559647341542421,-0.08712348071047227,0.10905685771948725,0.06559647341542421
Be-Be_2.04_sto-6g_as-008-012,sto-6g,fermionic_signed_reference,200,0.005,1.0,137,0.685,0.6900000000000001,62,0.10905686613263031,0.011893400050670449,0.9999999999680229,3.197708764446361e-11,-0.055719112655615036,-0.09374848484344615,0.10905685638955018,0.055719112655615036
Be-Be_2.04_sto-6g_as-008-012,sto-6g,fermionic_signed_reference,200,0.005,1.0,138,0.6900000000000001,0.6950000000000001,61,0.10905686481154407,0.0118933997625234,0.9999999999680309,3.196909403868631e-11,-0.045179062661630943,-0.09925850069144079,0.1090568551834149,0.045179062661630943
Be-Be_2.04_sto-6g_as-008-012,sto-6g,fermionic_signed_reference,200,0.005,1.0,139,0.6950000000000001,0.7000000000000001,60,0.10905686361097942,0.011893399500663768,0.9999999999680588,3.1941227440768216e-11,-0.034101680444393045,-0.10358799552985894,0.10905685410383693,0.034101680444393045
Be-Be_2.04_sto-6g_as-008-012,sto-6g,fermionic_signed_reference,200,0.005,1.0,140,0.7000000000000001,0.705,59,0.10905686253340946,0.011893399265630968,0.9999999999680657,3.193434405801554e-11,-0.022618713704543672,-0.10668547703430062,0.10905685315322644,0.022618713704543672
Be-Be_2.04_sto-6g_as-008-012,sto-6g,fermionic_signed_reference,200,0.005,1.0,141,0.705,0.71,58,0.10905686158094736,0.011893399057885914,0.9999999999680814,3.191857889106586e-11,-0.010866733906300016,-0.10851410569656957,0.10905685233361818,0.010866733906300016
Be-Be_2.04_sto-6g_as-008-012,sto-6g,fermionic_signed_reference,200,0.005,1.0,142,0.71,0.715,57,0.10905686075538841,0.011893398877820175,0.9999999999681045,3.189548625215366e-11,0.001014488018962652,-0.10905213296929006,0.1090568516467092,-0.001014488018962652
Be-Be_2.04_sto-6g_as-008-012,sto-6g,fermionic_signed_reference,200,0.005,1.0,143,0.715,0.72,56,0.10905686005816981,0.011893398725747233,0.9999999999681228,3.1877167572247345e-11,0.012883644021463438,-0.10829315992817183,0.1090568510938235,-0.012883644021463438
Be-Be_2.04_sto-6g_as-008-012,sto-6g,fermionic_signed_reference,200,0.005,1.0,144,0.72,0.725,55,0.1090568594903705,0.011893398601902415,0.9999999999681353,3.186473307437154e-11,0.024599569563054917,-0.10624621337563193,0.10905685067591071,-0.024599569563054917
Be-Be_2.04_sto-6g_as-008-012,sto-6g,fermionic_signed_reference,200,0.005,1.0,145,0.725,0.73,54,0.10905685905271065,0.011893398506442795,0.9999999999681498,3.1850189152748953e-11,0.036022922540240664,-0.10293563848064866,0.10905685039354004,-0.036022922540240664
Be-Be_2.04_sto-6g_as-008-012,sto-6g,fermionic_signed_reference,200,0.005,1.0,146,0.73,0.735,53,0.10905685874556298,0.011893398439449676,0.999999999968187,3.181299668142401e-11,0.04701784053218802,-0.09840080923177978,0.10905685024692112,-0.04701784053218802
Be-Be_2.04_sto-6g_as-008-012,sto-6g,fermionic_signed_reference,200,0.005,1.0,147,0.735,0.74,52,0.10905685856890815,0.011893398400918834,0.999999999968207,3.179301266698076e-11,0.05745355666345859,-0.09269566014697872,0.10905685023585371,-0.05745355666345859
Be-Be_2.04_sto-6g_as-008-012,sto-6g,fermionic_signed_reference,200,0.005,1.0,148,0.74,0.745,51,0.10905685852237751,0.011893398390769864,0.9999999999682324,3.176758855971684e-11,0.06720595486370205,-0.0858880448098122,0.10905685035977458,-0.06720595486370205
Be-Be_2.04_sto-6g_as-008-012,sto-6g,fermionic_signed_reference,200,0.005,1.0,149,0.745,0.75,50,0.10905685860522829,0.011893398408840756,0.999999999968268,3.1731950400626374e-11,0.07615904602671852,-0.07805892886119817,0.10905685061772795,-0.07615904602671852
Be-Be_2.04_sto-6g_as-008-012,sto-6g,fermionic_signed_reference,200,0.005,1.0,150,0.75,0.755,49,0.10905685881633839,0.011893398454886765,0.9999999999682883,3.1711744341578196e-11,0.08420634751267671,-0.06930142704472403,0.10905685100836573,-0.08420634751267671
Be-Be_2.04_sto-6g_as-008-012,sto-6g,fermionic_signed_reference,200,0.005,1.0,151,0.755,0.76,48,0.1090568591542492,0.011893398528589748,0.99999999996832,3.167999196307392e-11,0.0912521495866364,-0.05971969575820165,0.10905685152998885,-0.0912521495866364
Be-Be_2.04_sto-6g_as-008-012,sto-6g,fermionic_signed_reference,200,0.005,1.0,152,0.76,0.765,47,0.10905685961711402,0.011893398629546914,0.9999999999683503,3.164968287450165e-11,0.09721265373089458,-0.0494276942828186,0.10905685218049616,-0.09721265373089458
Be-Be_2.04_sto-6g_as-008-012,sto-6g,fermionic_signed_reference,200,0.005,1.0,153,0.765,0.77,46,0.10905686020273415,0.0118933987572787,0.9999999999683835,3.161648720606536e-11,0.1020169692931484,-0.038547829422901504,0.10905685295741985,-0.1020169692931484
Be-Be_2.04_sto-6g_as-008-012,sto-6g,fermionic_signed_reference,200,0.005,1.0,154,0.77,0.775,45,0.1090568609085591,0.011893398911228804,0.9999999999684169,3.158306949302414e-11,0.10560795661675138,-0.027209499676106585,0.10905685385792901,-0.10560795661675138
Be-Be_2.04_sto-6g_as-008-012,sto-6g,fermionic_signed_reference,200,0.005,1.0,155,0.775,0.78,44,0.10905686173167121,0.011893399090760854,0.9999999999684499,3.1550095869192774e-11,0.10794290662546575,-0.015547556248644954,0.10905685487881446,-0.10794290662546575
Be-Be_2.04_sto-6g_as-008-012,sto-6g,fermionic_signed_reference,200,0.005,1.0,156,0.78,0.785,43,0.1090568626688562,0.01189339929517376,0.9999999999684893,3.151068295181858e-11,0.1089940487802169,-0.0037006992192510067,0.10905685601655526,-0.1089940487802169
Be-Be_2.04_sto-6g_as-008-012,sto-6g,fermionic_signed_reference,200,0.005,1.0,157,0.785,0.79,42,0.10905686371651056,0.011893399523681559,0.9999999999685153,3.148470373304235e-11,0.10874888136628467,0.008190172073164075,0.10905685726723605,-0.10874888136628467
Be-Be_2.04_sto-6g_as-008-012,sto-6g,fermionic_signed_reference,200,0.005,1.0,158,0.79,0.795,41,0.10905686487073118,0.011893399775432922,0.9999999999685708,3.1429192581811094e-11,0.10721032018296782,0.019983634798848796,0.10905685862662759,-0.10721032018296782
Be-Be_2.04_sto-6g_as-008-012,sto-6g,fermionic_signed_reference,200,0.005,1.0,159,0.795,0.8,40,0.10905686612729346,0.011893400049506408,0.9999999999686052,3.1394775668047714e-11,0.1043966638670127,0.03153942463275837,0.1090568600901726,-0.1043966638670127
Be-Be_2.04_sto-6g_as-008-012,sto-6g,fermionic_signed_reference,200,0.005,1.0,160,0.8,0.805,39,0.10905686748167355,0.011893400344915307,0.9999999999686331,3.136690907012962e-11,0.10034137626225263,0.04272010397224607,0.10905686165300407,-0.10034137626225263
Be-Be_2.04_sto-6g_as-008-012,sto-6g,fermionic_signed_reference,200,0.005,1.0,161,0.805,0.81,38,0.10905686892903714,0.011893400660605187,0.9999999999686687,3.1331270911039155e-11,0.09509268842372438,0.05339269653567789,0.10905686330993807,-0.09509268842372438
Be-Be_2.04_sto-6g_as-008-012,sto-6g,fermionic_signed_reference,200,0.005,1.0,162,0.81,0.8150000000000001,37,0.1090568704642777,0.011893400995462246,0.9999999999687139,3.128608483393691e-11,0.08871302498977149,0.06343026890137073,0.10905686505551138,-0.08871302498977149
Be-Be_2.04_sto-6g_as-008-012,sto-6g,fermionic_signed_reference,200,0.005,1.0,163,0.8150000000000001,0.8200000000000001,36,0.10905687208201448,0.011893401348312868,0.9999999999687523,3.124767111728488e-11,0.08127826174433242,0.0727134401769741,0.10905686688398215,-0.08127826174433242
Be-Be_2.04_sto-6g_as-008-012,sto-6g,fermionic_signed_reference,200,0.005,1.0,164,0.8200000000000001,0.8250000000000001,35,0.10905687377659846,0.01189340171792493,0.9999999999687962,3.120381730781219e-11,0.07287682319943044,0.08113180184424033,0.1090568687893345,-0.07287682319943044
Be-Be_2.04_sto-6g_as-008-012,sto-6g,fermionic_signed_reference,200,0.005,1.0,165,0.8250000000000001,0.8300000000000001,34,0.10905687554216326,0.011893402103018886,0.9999999999688337,3.116629176957986e-11,0.06360863093069134,0.08858523089233974,0.10905687076533072,-0.06360863093069134
Be-Be_2.04_sto-6g_as-008-012,sto-6g,fermionic_signed_reference,200,0.005,1.0,166,0.8300000000000001,0.835,33,0.10905687737258722,0.011893402502259528,0.9999999999688842,3.111577662195941e-11,0.05358391517341692,0.09498508062215934,0.10905687280547728,-0.05358391517341692
Be-Be_2.04_sto-6g_as-008-012,sto-6g,fermionic_signed_reference,200,0.005,1.0,167,0.835,0.84,32,0.10905687926154738,0.011893402914267721,0.9999999999689247,3.1075253481560594e-11,0.04292190381358698,0.10025523495878542,0.10905687490307102,-0.04292190381358698
Be-Be_2.04_sto-6g_as-008-012,sto-6g,fermionic_signed_reference,200,0.005,1.0,168,0.84,0.845,31,0.10905688120253346,0.011893403337623494,0.9999999999689626,3.1037394876420876e-11,0.031749404365722406,0.10433301373289446,0.10905687705122724,-0.031749404365722406
Be-Be_2.04_sto-6g_as-008-012,sto-6g,fermionic_signed_reference,200,0.005,1.0,169,0.845,0.85,30,0.10905688318881739,0.011893403770859361,0.999999999969001,3.0998981159768846e-11,0.020199295802842694,0.10716991816389719,0.10905687924283895,-0.020199295802842694
Be-Be_2.04_sto-6g_as-008-012,sto-6g,fermionic_signed_reference,200,0.005,1.0,170,0.85,0.855,29,0.10905688521355843,0.011893404212483258,0.9999999999690512,3.094879907905579e-11,0.008408948175656522,0.1087322076787331,0.10905688147068951,-0.008408948175656522
Be-Be_2.04_sto-6g_as-008-012,sto-6g,fermionic_signed_reference,200,0.005,1.0,171,0.855,0.86,28,0.10905688726972836,0.011893404660962238,0.9999999999690893,3.0910718429311146e-11,-0.003481411183000494,0.10900130120554173,0.10905688372737575,0.003481411183000494
Be-Be_2.04_sto-6g_as-008-012,sto-6g,fermionic_signed_reference,200,0.005,1.0,172,0.86,0.865,27,0.10905688935019049,0.011893405114739693,0.9999999999691337,3.086630950832614e-11,-0.015330365437226634,0.10797399816971223,0.10905688600538681,0.015330365437226634
Be-Be_2.04_sto-6g_as-008-012,sto-6g,fermionic_signed_reference,200,0.005,1.0,173,0.865,0.87,26,0.10905689144769395,0.011893405572234101,0.9999999999691912,3.0808799955650557e-11,-0.026996990174888907,0.10566251656355627,0.10905688829710322,0.026996990174888907
Be-Be_2.04_sto-6g_as-008-012,sto-6g,fermionic_signed_reference,200,0.005,1.0,174,0.87,0.875,25,0.10905689355488825,0.011893406031842227,0.9999999999692138,3.0786151405948203e-11,-0.038342529478544544,0.10209434763685951,0.10905689059481284,0.038342529478544544
Be-Be_2.04_sto-6g_as-008-012,sto-6g,fermionic_signed_reference,200,0.005,1.0,175,0.875,0.88,24,0.10905689566434035,0.011893406491942817,0.9999999999692761,3.072386789426673e-11,-0.04923204620645518,0.09731192893629788,0.1090568928907184,0.04923204620645518
Be-Be_2.04_sto-6g_as-008-012,sto-6g,fermionic_signed_reference,200,0.005,1.0,176,0.88,0.885,23,0.10905689776861179,0.011893406950913442,0.9999999999693112,3.068878484668858e-11,-0.05953602685565875,0.0913721395825692,0.10905689517703239,0.05953602685565875
Be-Be_2.04_sto-6g_as-008-012,sto-6g,fermionic_signed_reference,200,0.005,1.0,177,0.885,0.89,22,0.10905689986016937,0.01189340740711101,0.9999999999693523,3.0647706594777446e-11,-0.06913192192053036,0.08434562378744571,0.10905689744587288,0.06913192192053036
Be-Be_2.04_sto-6g_as-008-012,sto-6g,fermionic_signed_reference,200,0.005,1.0,178,0.89,0.895,21,0.10905690193148122,0.011893407858892712,0.9999999999694034,3.059663633564469e-11,-0.07790560342604134,0.0763159506570059,0.10905689968937402,0.07790560342604134
Be-Be_2.04_sto-6g_as-008-012,sto-6g,fermionic_signed_reference,200,0.005,1.0,179,0.895,0.9,20,0.1090569039750253,0.011893408304617888,0.9999999999694531,3.054689834414148e-11,-0.08575272230096755,0.06737862027327446,0.10905690189968248,0.08575272230096755
Be-Be_2.04_sto-6g_as-008-012,sto-6g,fermionic_signed_reference,200,0.005,1.0,180,0.9,0.905,19,0.10905690598329833,0.01189340874264997,0.9999999999694947,3.050526498071804e-11,-0.09257994944710171,0.05763992787540906,0.10905690406897799,0.09257994944710171
Be-Be_2.04_sto-6g_as-008-012,sto-6g,fermionic_signed_reference,200,0.005,1.0,181,0.905,0.91,18,0.10905690794883058,0.011893409171359705,0.9999999999695455,3.045452778849267e-11,-0.09830608574379249,0.04721569964911116,0.10905690618947961,0.09830608574379249
Be-Be_2.04_sto-6g_as-008-012,sto-6g,fermionic_signed_reference,200,0.005,1.0,182,0.91,0.915,17,0.10905690986420429,0.011893409589129177,0.9999999999695827,3.0417335317167726e-11,-0.1028630277859896,0.03622991516006426,0.10905690825347436,0.1028630277859896
Be-Be_2.04_sto-6g_as-008-012,sto-6g,fermionic_signed_reference,200,0.005,1.0,183,0.915,0.92,16,0.10905691172209858,0.011893409994361602,0.9999999999696342,3.036582096882512e-11,-0.10619657786987245,0.024813232815104513,0.10905691025335562,0.10619657786987245
Be-Be_2.04_sto-6g_as-008-012,sto-6g,fermionic_signed_reference,200,0.005,1.0,184,0.92,0.925,15,0.10905691351527189,0.01189341038547749,0.999999999969672,3.03279623636854e-11,-0.10826708859225233,0.013101435888677931,0.10905691218161163,0.10826708859225233
Be-Be_2.04_sto-6g_as-008-012,sto-6g,fermionic_signed_reference,200,0.005,1.0,185,0.925,0.93,14,0.10905691523658018,0.011893410760918632,0.9999999999697168,3.028322037579301e-11,-0.109049934397362,0.0012338175962974365,0.10905691403083938,0.109049934397362
Be-Be_2.04_sto-6g_as-008-012,sto-6g,fermionic_signed_reference,200,0.005,1.0,186,0.93,0.935,13,0.109056916879052,0.011893411119164457,0.9999999999697635,3.023647998645629e-11,-0.10853580446254965,-0.010648475577662585,0.10905691579382248,0.10853580446254965
Be-Be_2.04_sto-6g_as-008-012,sto-6g,fermionic_signed_reference,200,0.005,1.0,187,0.935,0.9400000000000001,12,0.10905691843582488,0.01189341145871816,0.9999999999698077,3.019229311007621e-11,-0.10673081343923005,-0.022404122594610314,0.10905691746346977,0.10673081343923005
Be-Be_2.04_sto-6g_as-008-012,sto-6g,fermionic_signed_reference,200,0.005,1.0,188,0.9400000000000001,0.9450000000000001,11,0.10905691990019534,0.011893411778117622,0.9999999999698588,3.014122285094345e-11,-0.10365642873210588,-0.03389330865298142,0.10905691903286288,0.10365642873210588
Be-Be_2.04_sto-6g_as-008-012,sto-6g,fermionic_signed_reference,200,0.005,1.0,189,0.9450000000000001,0.9500000000000001,10,0.10905692126568055,0.011893412075948847,0.9999999999698994,3.010058868824217e-11,-0.09934921518140294,-0.044979388065670464,0.10905692049532154,0.09934921518140294
Be-Be_2.04_sto-6g_as-008-012,sto-6g,fermionic_signed_reference,200,0.005,1.0,190,0.9500000000000001,0.9550000000000001,9,0.10905692252595671,0.011893412350832525,0.9999999999699527,3.004729798306016e-11,-0.0938604001844462,-0.055530509446416666,0.10905692184434218,0.0938604001844462
Be-Be_2.04_sto-6g_as-008-012,sto-6g,fermionic_signed_reference,200,0.005,1.0,191,0.9550000000000001,0.96,8,0.10905692367492487,0.011893412601438388,0.9999999999699862,3.001376924771648e-11,-0.08725526442903489,-0.06542118387581644,0.10905692307365997,0.08725526442903489
Be-Be_2.04_sto-6g_as-008-012,sto-6g,fermionic_signed_reference,200,0.005,1.0,192,0.96,0.965,7,0.10905692470670518,0.011893412826483964,0.9999999999700282,2.997180281738565e-11,-0.07961236548448569,-0.07453377739633767,0.10905692417724856,0.07961236548448569
Be-Be_2.04_sto-6g_as-008-012,sto-6g,fermionic_signed_reference,200,0.005,1.0,193,0.965,0.97,6,0.10905692561566897,0.011893413024741555,0.999999999970072,2.992794900791296e-11,-0.07102260348474536,-0.08275991008501339,0.10905692514934971,0.07102260348474536
Be-Be_2.04_sto-6g_as-008-012,sto-6g,fermionic_signed_reference,200,0.005,1.0,194,0.97,0.975,5,0.10905692639642868,0.011893413195036062,0.9999999999701134,2.98866487113969e-11,-0.06158814001553893,-0.09000174506423361,0.10905692598446431,0.06158814001553893
Be-Be_2.04_sto-6g_as-008-012,sto-6g,fermionic_signed_reference,200,0.005,1.0,195,0.975,0.98,4,0.10905692704384147,0.01189341333624576,0.9999999999701495,2.985045544079412e-11,-0.05142118306381834,-0.09617315211964203,0.10905692667735747,0.05142118306381834
Be-Be_2.04_sto-6g_as-008-012,sto-6g,fermionic_signed_reference,200,0.005,1.0,196,0.98,0.985,3,0.10905692755310831,0.011893413447323914,0.9999999999701948,2.9805158341389415e-11,-0.040642652480611864,-0.10120073208577506,0.10905692722315537,0.040642652480611864
Be-Be_2.04_sto-6g_as-008-012,sto-6g,fermionic_signed_reference,200,0.005,1.0,197,0.985,0.99,2,0.10905692791964791,0.01189341352727128,0.9999999999702363,2.9763747022570897e-11,-0.029380741829420978,-0.1050246898155901,0.10905692761722202,0.029380741829420978
Be-Be_2.04_sto-6g_as-008-012,sto-6g,fermionic_signed_reference,200,0.005,1.0,198,0.99,0.995,1,0.10905692813921138,0.011893413575161113,0.999999999970277,2.9723001837567153e-11,-0.017769393724877992,-0.10759954535164139,0.10905692785527045,0.017769393724877992
Be-Be_2.04_sto-6g_as-008-012,sto-6g,fermionic_signed_reference,200,0.005,1.0,199,0.995,1.0,0,0.10905692820784732,0.011893413590131564,0.9999999999703229,2.9677149626650134e-11,-0.0059467067950629,-0.10889467484018694,0.1090569279333344,0.0059467067950629
Be-Be_2.04_sto-6g_as-008-012,sto-6g,fermionic_magnitude_reference,200,0.005,1.0,0,0.0,0.005,199,0.10905728528990723,0.011893491474804216,0.9999999999709992,2.900080176004849e-11,-0.024169774062799035,0.10634524240053904,0.1090572719238665,0.024169774062799035
Be-Be_2.04_sto-6g_as-008-012,sto-6g,fermionic_magnitude_reference,200,0.005,1.0,1,0.005,0.01,198,0.10905727651494679,0.011893489560857565,0.9999999999709908,2.900923945503564e-11,-0.03560650735425726,0.1030808578272048,0.1090572630151756,0.03560650735425726
Be-Be_2.04_sto-6g_as-008-012,sto-6g,fermionic_magnitude_reference,200,0.005,1.0,2,0.01,0.015,197,0.10905726775643826,0.011893487650499468,0.9999999999709965,2.900346629530759e-11,-0.0466197523123437,0.09859048317084552,0.10905725412610134,0.0466197523123437
Be-Be_2.04_sto-6g_as-008-012,sto-6g,fermionic_magnitude_reference,200,0.005,1.0,3,0.015,0.02,196,0.10905725902428756,0.01189348574589055,0.9999999999709922,2.9007796165103628e-11,-0.0570785232516338,0.09292752513971743,0.1090572452667869,0.0570785232516338
Be-Be_2.04_sto-6g_as-008-012,sto-6g,fermionic_magnitude_reference,200,0.005,1.0,4,0.02,0.025,195,0.10905725032831264,0.011893483849172246,0.9999999999709938,2.9006241852869152e-11,-0.06685842919210556,0.08615933650790884,0.10905723644728427,0.06685842919210556
Be-Be_2.04_sto-6g_as-008-012,sto-6g,fermionic_magnitude_reference,200,0.005,1.0,5,0.025,0.03,194,0.10905724167826376,0.011893481962471232,0.9999999999709932,2.9006796964381465e-11,-0.07584315329471128,0.07836641504516863,0.10905722767756709,0.07584315329471128
Be-Be_2.04_sto-6g_as-008-012,sto-6g,fermionic_magnitude_reference,200,0.005,1.0,6,0.03,0.035,193,0.10905723308380005,0.011893480087894292,0.9999999999709955,2.9004465496029752e-11,-0.08392583626583264,0.06964144610795987,0.10905721896750911,0.08392583626583264
Be-Be_2.04_sto-6g_as-008-012,sto-6g,fermionic_magnitude_reference,200,0.005,1.0,7,0.035,0.04,192,0.10905722455441605,0.011893478227512327,0.9999999999710092,2.8990809752826863e-11,-0.09101034727711856,0.06008820027896359,0.10905721032681223,0.09101034727711856
Be-Be_2.04_sto-6g_as-008-012,sto-6g,fermionic_magnitude_reference,200,0.005,1.0,8,0.04,0.045,191,0.109057216099464,0.01189347638336519,0.9999999999709936,2.9006352875171615e-11,-0.09701242728540123,0.04982029916621945,0.10905720176502269,0.09701242728540123
Be-Be_2.04_sto-6g_as-008-012,sto-6g,fermionic_magnitude_reference,200,0.005,1.0,9,0.045,0.05,190,0.1090572077281162,0.011893474557453487,0.9999999999710146,2.89853696600062e-11,-0.10186069115488718,0.03895986404067604,0.10905719329149853,0.10186069115488718
Be-Be_2.04_sto-6g_as-008-012,sto-6g,fermionic_magnitude_reference,200,0.005,1.0,10,0.05,0.055,189,0.10905719944935274,0.011893472751735905,0.9999999999710087,2.8991253842036713e-11,-0.10549747666288656,0.02763606338525826,0.10905718491539339,0.10549747666288656
Be-Be_2.04_sto-6g_as-008-012,sto-6g,fermionic_magnitude_reference,200,0.005,1.0,11,0.055,0.06,188,0.1090571912719241,0.01189347096812104,0.9999999999709968,2.9003244250702664e-11,-0.10787953029210776,0.015983576629421997,0.109057176645622,0.10787953029210776
Be-Be_2.04_sto-6g_as-008-012,sto-6g,fermionic_magnitude_reference,200,0.005,1.0,12,0.06,0.065,187,0.10905718320434199,0.011893469208465412,0.999999999971005,2.8995028600320438e-11,-0.10897852165297756,0.004140992341520134,0.10905716849084716,0.10897852165297756
Be-Be_2.04_sto-6g_as-008-012,sto-6g,fermionic_magnitude_reference,200,0.005,1.0,13,0.065,0.07,186,0.1090571752548839,0.011893467474574461,0.9999999999710206,2.8979374455673224e-11,-0.10878138041820512,-0.007750840070321317,0.10905716045948546,0.10878138041820512
Be-Be_2.04_sto-6g_as-008-012,sto-6g,fermionic_magnitude_reference,200,0.005,1.0,14,0.07,0.075,185,0.10905716743148157,0.011893465768178206,0.9999999999710244,2.8975599697389498e-11,-0.10729045176234495,-0.019550485544841772,0.10905715255959664,0.10729045176234495
Be-Be_2.04_sto-6g_as-008-012,sto-6g,fermionic_magnitude_reference,200,0.005,1.0,15,0.075,0.08,184,0.10905715974184635,0.01189346409095859,0.9999999999710181,2.898192796862986e-11,-0.10452346845821946,-0.031117605518013052,0.10905714479900468,0.10452346845821946
Be-Be_2.04_sto-6g_as-008-012,sto-6g,fermionic_magnitude_reference,200,0.005,1.0,16,0.08,0.085,183,0.10905715219331556,0.011893462444515994,0.9999999999710039,2.8996138823345063e-11,-0.10051333996182758,-0.04231462703059472,0.10905713718514833,0.10051333996182758
Be-Be_2.04_sto-6g_as-008-012,sto-6g,fermionic_magnitude_reference,200,0.005,1.0,17,0.085,0.09,182,0.10905714479291494,0.011893460830382813,0.9999999999710261,2.897393436285256e-11,-0.09530776099493833,-0.05300837894161924,0.10905712972514264,0.09530776099493833
Be-Be_2.04_sto-6g_as-008-012,sto-6g,fermionic_magnitude_reference,200,0.005,1.0,18,0.09,0.095,181,0.1090571375473328,0.011893459250017866,0.9999999999710223,2.8977709121136286e-11,-0.08896864428068112,-0.06307167578749155,0.10905712242574908,0.08896864428068112
Be-Be_2.04_sto-6g_as-008-012,sto-6g,fermionic_magnitude_reference,200,0.005,1.0,19,0.095,0.1,180,0.10905713046287827,0.01189345770479725,0.9999999999710288,2.8971158805290997e-11,-0.08157138417889177,-0.07238483044978437,0.10905711529333786,0.08157138417889177
Be-Be_2.04_sto-6g_as-008-012,sto-6g,fermionic_magnitude_reference,200,0.005,1.0,20,0.1,0.105,179,0.1090571235454914,0.011893456196016573,0.9999999999710294,2.8970603693778685e-11,-0.07320395997964825,-0.08083707764045789,0.10905710833389706,0.07320395997964825
Be-Be_2.04_sto-6g_as-008-012,sto-6g,fermionic_magnitude_reference,200,0.005,1.0,21,0.105,0.11,178,0.10905711680071327,0.011893454724884418,0.9999999999710265,2.897349027364271e-11,-0.06396588951971746,-0.08832789127502676,0.10905710155300134,0.06396588951971746
Be-Be_2.04_sto-6g_as-008-012,sto-6g,fermionic_magnitude_reference,200,0.005,1.0,22,0.11,0.115,177,0.10905711023369273,0.011893453292523809,0.9999999999710181,2.898192796862986e-11,-0.05396704556732465,-0.09476818006555085,0.10905709495581828,0.05396704556732465
Be-Be_2.04_sto-6g_as-008-012,sto-6g,fermionic_magnitude_reference,200,0.005,1.0,23,0.115,0.12,176,0.1090571038491782,0.01189345189997044,0.9999999999710198,2.898015161179046e-11,-0.043326349052484794,-0.10008134711399909,0.10905708854710236,0.043326349052484794
Be-Be_2.04_sto-6g_as-008-012,sto-6g,fermionic_magnitude_reference,200,0.005,1.0,24,0.12,0.125,175,0.10905709765143373,0.011893450548154353,0.999999999971015,2.8985036593098812e-11,-0.03217035468494494,-0.10420420090389397,0.10905708233110886,0.03217035468494494
Be-Be_2.04_sto-6g_as-008-012,sto-6g,fermionic_magnitude_reference,200,0.005,1.0,25,0.125,0.13,174,0.10905709164439523,0.011893449237934018,0.9999999999710225,2.897748707653136e-11,-0.020631745781652878,-0.10708770685596165,0.10905707631175122,0.020631745781652878
Be-Be_2.04_sto-6g_as-008-012,sto-6g,fermionic_magnitude_reference,200,0.005,1.0,26,0.13,0.135,173,0.10905708583149532,0.011893447970058138,0.999999999971021,2.8979041388765836e-11,-0.008847756205330522,-0.10869757050882747,0.10905707049242834,0.008847756205330522
Be-Be_2.04_sto-6g_as-008-012,sto-6g,fermionic_magnitude_reference,200,0.005,1.0,27,0.135,0.14,172,0.10905708021571314,0.011893446745176492,0.999999999971014,2.8986035793820975e-11,0.0030414618172916637,-0.10901464538949195,0.10905706487606716,-0.0030414618172916637
Be-Be_2.04_sto-6g_as-008-012,sto-6g,fermionic_magnitude_reference,200,0.005,1.0,28,0.14,0.145,171,0.10905707479961768,0.011893445563849407,0.9999999999710105,2.8989477485197312e-11,0.014894504585345556,-0.10803516072255209,0.1090570594651742,-0.014894504585345556
Be-Be_2.04_sto-6g_as-008-012,sto-6g,fermionic_magnitude_reference,200,0.005,1.0,29,0.145,0.15,170,0.10905706958530408,0.011893444426533856,0.9999999999710099,2.8990143619012088e-11,0.02657039869691338,-0.10577076626999378,0.10905705426176973,-0.02657039869691338
Be-Be_2.04_sto-6g_as-008-012,sto-6g,fermionic_magnitude_reference,200,0.005,1.0,30,0.15,0.155,169,0.1090570645744269,0.01189344333359072,0.9999999999710028,2.899724904636969e-11,0.03793027770338806,-0.10224839376860449,0.10905704926741662,-0.03793027770338806
Be-Be_2.04_sto-6g_as-008-012,sto-6g,fermionic_magnitude_reference,200,0.005,1.0,31,0.155,0.16,168,0.10905705976818555,0.011893442285281598,0.9999999999710166,2.8983371258561874e-11,0.04883903370409713,-0.09750993661296128,0.10905704448321375,-0.04883903370409713
Be-Be_2.04_sto-6g_as-008-012,sto-6g,fermionic_magnitude_reference,200,0.005,1.0,32,0.16,0.165,167,0.1090570551672762,0.011893441281758326,0.9999999999709985,2.9001467893863264e-11,0.05916692423798682,-0.09161175159384231,0.10905703990974422,-0.05916692423798682
Be-Be_2.04_sto-6g_as-008-012,sto-6g,fermionic_magnitude_reference,200,0.005,1.0,33,0.165,0.17,166,0.10905705077203741,0.011893440323094745,0.9999999999709981,2.9001911983073114e-11,0.06879111536159731,-0.08462398861820782,0.10905703554721793,-0.06879111536159731
Be-Be_2.04_sto-6g_as-008-012,sto-6g,fermionic_magnitude_reference,200,0.005,1.0,34,0.17,0.17500000000000002,165,0.1090570465822828,0.011893439409250198,0.9999999999709885,2.901145990108489e-11,0.07759714256019586,-0.07662975638255887,0.10905703139531023,-0.07759714256019586
Be-Be_2.04_sto-6g_as-008-012,sto-6g,fermionic_magnitude_reference,200,0.005,1.0,35,0.17500000000000002,0.18,164,0.10905704259737106,0.011893438540084806,0.999999999970983,2.9017011016208016e-11,0.08548027211777495,-0.06772413392289263,0.10905702745323087,-0.08548027211777495
Be-Be_2.04_sto-6g_as-008-012,sto-6g,fermionic_magnitude_reference,200,0.005,1.0,36,0.18,0.185,163,0.10905703881626938,0.011893437715373286,0.9999999999709769,2.9023117242843455e-11,0.09234674675424752,-0.05801303979731537,0.10905702371978626,-0.09234674675424752
Be-Be_2.04_sto-6g_as-008-012,sto-6g,fermionic_magnitude_reference,200,0.005,1.0,37,0.185,0.19,162,0.10905703523748778,0.01189343693479065,0.9999999999709707,2.9029334491781356e-11,0.09811490071520015,-0.0476119723503633,0.10905702019331605,-0.09811490071520015
Be-Be_2.04_sto-6g_as-008-012,sto-6g,fermionic_magnitude_reference,200,0.005,1.0,38,0.19,0.195,161,0.10905703185909692,0.011893436197916081,0.9999999999709545,2.9045543747940883e-11,0.10271613105213406,-0.0366446360418161,0.10905701687170957,-0.10271613105213406
Be-Be_2.04_sto-6g_as-008-012,sto-6g,fermionic_magnitude_reference,200,0.005,1.0,39,0.195,0.2,160,0.10905702867875676,0.011893435504239174,0.9999999999709528,2.904720908247782e-11,0.10609571354150392,-0.025241470177430343,0.10905701375243576,-0.10609571354150392
Be-Be_2.04_sto-6g_as-008-012,sto-6g,fermionic_magnitude_reference,200,0.005,1.0,40,0.2,0.20500000000000002,159,0.10905702569371314,0.01189343485315921,0.9999999999709498,2.905020668464431e-11,0.10821345353847557,-0.013538097540103504,0.10905701083254192,-0.10821345353847557
Be-Be_2.04_sto-6g_as-008-012,sto-6g,fermionic_magnitude_reference,200,0.005,1.0,41,0.20500000000000002,0.21,158,0.10905702290080407,0.011893434243986504,0.9999999999709218,2.9078184304864862e-11,0.10904416402474003,-0.0016737113722775899,0.10905700810865893,-0.10904416402474003
Be-Be_2.04_sto-6g_as-008-012,sto-6g,fermionic_magnitude_reference,200,0.005,1.0,42,0.21,0.215,157,0.1090570202964901,0.011893433675949054,0.9999999999709177,2.9082292130055976e-11,0.10857796516478013,0.010210580106174207,0.10905700557703209,-0.10857796516478013
Be-Be_2.04_sto-6g_as-008-012,sto-6g,fermionic_magnitude_reference,200,0.005,1.0,43,0.215,0.22,156,0.1090570178768611,0.011893433148194002,0.9999999999709049,2.9095059694839165e-11,0.10682040180786812,0.021973431955058322,0.10905700323352907,-0.10682040180786812
Be-Be_2.04_sto-6g_as-008-012,sto-6g,fermionic_magnitude_reference,200,0.005,1.0,44,0.22,0.225,155,0.10905701563763776,0.011893432659787965,0.999999999970889,2.911104690639377e-11,0.10379237753836688,0.03347494358635782,0.1090570010736437,-0.10379237753836688
Be-Be_2.04_sto-6g_as-008-012,sto-6g,fermionic_magnitude_reference,200,0.005,1.0,45,0.225,0.23,154,0.10905701357417301,0.011893432209717355,0.9999999999708897,2.911026975027653e-11,0.09952990605868464,0.04457832265810077,0.10905699909249443,-0.09952990605868464
Be-Be_2.04_sto-6g_as-008-012,sto-6g,fermionic_magnitude_reference,200,0.005,1.0,46,0.23,0.23500000000000001,153,0.10905701168151968,0.01189343179690312,0.999999999970854,2.914601893166946e-11,0.0940836828619249,0.055151512000433514,0.10905699728489329,-0.0940836828619249
Be-Be_2.04_sto-6g_as-008-012,sto-6g,fermionic_magnitude_reference,200,0.005,1.0,47,0.23500000000000001,0.24,152,0.10905700995439746,0.011893431420193546,0.9999999999708444,2.9155566849681236e-11,0.08751848228816331,0.06506876022454518,0.10905699564531798,-0.08751848228816331
Be-Be_2.04_sto-6g_as-008-012,sto-6g,fermionic_magnitude_reference,200,0.005,1.0,48,0.24,0.245,151,0.10905700838722741,0.01189343107837179,0.9999999999708208,2.917921460010575e-11,0.07991238713582209,0.07421211733403875,0.10905699416794247,-0.07991238713582209
Be-Be_2.04_sto-6g_as-008-012,sto-6g,fermionic_magnitude_reference,200,0.005,1.0,49,0.245,0.25,150,0.10905700697415688,0.011893430770161301,0.9999999999708115,2.91885404735126e-11,0.0713558599902246,0.0824728375516038,0.10905699284666603,-0.0713558599902246
Be-Be_2.04_sto-6g_as-008-012,sto-6g,fermionic_magnitude_reference,200,0.005,1.0,50,0.25,0.255,149,0.10905700570906678,0.011893430494227423,0.9999999999707972,2.9202751328227805e-11,0.06195066731466939,0.08975267267604543,0.10905699167511544,-0.06195066731466939
Be-Be_2.04_sto-6g_as-008-012,sto-6g,fermionic_magnitude_reference,200,0.005,1.0,51,0.255,0.26,148,0.10905700458557996,0.011893430249179207,0.9999999999707679,2.923206121607791e-11,0.05180866909997748,0.09596504058768074,0.10905699064666223,-0.05180866909997748
Be-Be_2.04_sto-6g_as-008-012,sto-6g,fermionic_magnitude_reference,200,0.005,1.0,52,0.26,0.265,147,0.10905700359712721,0.011893430033583818,0.9999999999707442,2.925581998880489e-11,0.04105048846773902,0.10103605500448375,0.10905698975448129,-0.04105048846773902
Be-Be_2.04_sto-6g_as-008-012,sto-6g,fermionic_magnitude_reference,200,0.005,1.0,53,0.265,0.27,146,0.10905700273689714,0.011893429845955589,0.9999999999707186,2.9281355118371266e-11,0.02980407705015046,0.10490540424154732,0.10905698899150737,-0.02980407705015046
Be-Be_2.04_sto-6g_as-008-012,sto-6g,fermionic_magnitude_reference,200,0.005,1.0,54,0.27,0.275,145,0.10905700199793542,0.01189342968477769,0.9999999999706954,2.930455877958593e-11,0.01820319320887701,0.10752706852271672,0.10905698835053498,-0.01820319320887701
Be-Be_2.04_sto-6g_as-008-012,sto-6g,fermionic_magnitude_reference,200,0.005,1.0,55,0.275,0.28,144,0.10905700137309685,0.011893429548491648,0.9999999999706654,2.9334645823553274e-11,0.006385811192009882,0.10886986731277022,0.10905698782416555,-0.006385811192009882
Be-Be_2.04_sto-6g_as-008-012,sto-6g,fermionic_magnitude_reference,200,0.005,1.0,56,0.28,0.28500000000000003,143,0.10905700085510896,0.011893429435511237,0.9999999999706309,2.9369062737316654e-11,-0.005507519850338,0.10891783016074995,0.10905698740487854,0.005507519850338
Be-Be_2.04_sto-6g_as-008-012,sto-6g,fermionic_magnitude_reference,200,0.005,1.0,57,0.28500000000000003,0.29,142,0.10905700043657504,0.011893429344223128,0.9999999999706144,2.938560506038357e-11,-0.017335347474986416,0.107670386643617,0.10905698708503044,0.017335347474986416
Be-Be_2.04_sto-6g_as-008-012,sto-6g,fermionic_magnitude_reference,200,0.005,1.0,58,0.29,0.295,141,0.10905700011001118,0.011893429272994978,0.9999999999705951,2.9404922941012046e-11,-0.028956998298023243,0.10514237315123443,0.1090569868568958,0.028956998298023243
Be-Be_2.04_sto-6g_as-008-012,sto-6g,fermionic_magnitude_reference,200,0.005,1.0,59,0.295,0.3,140,0.10905699986784394,0.011893429220174914,0.9999999999705568,2.9443225635361614e-11,-0.04023425108179368,0.10136385643183328,0.10905698671266378,0.04023425108179368
Be-Be_2.04_sto-6g_as-008-012,sto-6g,fermionic_magnitude_reference,200,0.005,1.0,60,0.3,0.305,139,0.10905699970244746,0.011893429184099625,0.999999999970523,2.947697641531022e-11,-0.05103298065778849,0.09637977599659944,0.10905698664447364,0.05103298065778849
Be-Be_2.04_sto-6g_as-008-012,sto-6g,fermionic_magnitude_reference,200,0.005,1.0,61,0.305,0.31,138,0.10905699960620115,0.011893429163106956,0.9999999999704963,2.9503732790203685e-11,-0.06122475313348827,0.09024940963639574,0.10905698664448116,0.06122475313348827
Be-Be_2.04_sto-6g_as-008-012,sto-6g,fermionic_magnitude_reference,200,0.005,1.0,62,0.31,0.315,137,0.10905699957143292,0.011893429155523518,0.9999999999704666,2.9533375744961177e-11,-0.07068835341081009,0.0830456684071945,0.10905698670479251,0.07068835341081009
Be-Be_2.04_sto-6g_as-008-012,sto-6g,fermionic_magnitude_reference,200,0.005,1.0,63,0.315,0.32,136,0.10905699959049212,0.011893429159680597,0.9999999999704297,2.9570346171681194e-11,-0.07931122684878182,0.07485422946943679,0.10905698681754429,0.07931122684878182
Be-Be_2.04_sto-6g_as-008-012,sto-6g,fermionic_magnitude_reference,200,0.005,1.0,64,0.32,0.325,135,0.10905699965578551,0.011893429173922002,0.9999999999703997,2.9600322193346074e-11,-0.08699081792405304,0.06577251709457356,0.10905698697493765,0.08699081792405304
Be-Be_2.04_sto-6g_as-008-012,sto-6g,fermionic_magnitude_reference,200,0.005,1.0,65,0.325,0.33,134,0.10905699975976962,0.011893429196602393,0.9999999999703632,2.963684853085624e-11,-0.093635789967896,0.05590854395813117,0.10905698716923284,0.093635789967896
Be-Be_2.04_sto-6g_as-008-012,sto-6g,fermionic_magnitude_reference,200,0.005,1.0,66,0.33,0.335,133,0.10905699989496473,0.011893429226090336,0.999999999970322,2.9678037805069835e-11,-0.09916711147296722,0.0453796265001534,0.10905698739276329,0.09916711147296722
Be-Be_2.04_sto-6g_as-008-012,sto-6g,fermionic_magnitude_reference,200,0.005,1.0,67,0.335,0.34,132,0.10905700005400236,0.01189342926077867,0.999999999970279,2.972100343612283e-11,-0.10351899604977839,0.034310989631850204,0.10905698763798204,0.10351899604977839
Be-Be_2.04_sto-6g_as-008-012,sto-6g,fermionic_magnitude_reference,200,0.005,1.0,68,0.34,0.34500000000000003,131,0.1090570002296466,0.011893429299089138,0.9999999999702541,2.974587243187443e-11,-0.1066396848535453,0.02283427738310599,0.10905698789748453,0.1066396848535453
Be-Be_2.04_sto-6g_as-008-012,sto-6g,fermionic_magnitude_reference,200,0.005,1.0,69,0.34500000000000003,0.35000000000000003,130,0.1090570004147667,0.011893429339466424,0.9999999999702086,2.979139157588406e-11,-0.10849206217554525,0.011085987204460844,0.10905698816398628,0.10849206217554525
Be-Be_2.04_sto-6g_as-008-012,sto-6g,fermionic_magnitude_reference,200,0.005,1.0,70,0.35000000000000003,0.355,129,0.10905700060243252,0.011893429380398966,0.9999999999701644,2.9835578452264144e-11,-0.10905409687764957,-0.0007941534551826403,0.10905698843040805,0.10905409687764957
Be-Be_2.04_sto-6g_as-008-012,sto-6g,fermionic_magnitude_reference,200,0.005,1.0,71,0.355,0.36,128,0.10905700078587523,0.01189342942041039,0.9999999999701265,2.9873548079706325e-11,-0.10831910441948603,-0.01266484898679391,0.10905698868984881,0.10831910441948603
Be-Be_2.04_sto-6g_as-008-012,sto-6g,fermionic_magnitude_reference,200,0.005,1.0,72,0.36,0.365,127,0.10905700095852201,0.011893429458067071,0.9999999999700906,2.990940828340172e-11,-0.10629582636199955,-0.024384916110618955,0.10905698893561239,0.10629582636199955
Be-Be_2.04_sto-6g_as-008-012,sto-6g,fermionic_magnitude_reference,200,0.005,1.0,73,0.365,0.37,126,0.1090570011140057,0.011893429491980238,0.9999999999700437,2.99562596950409e-11,-0.10300832640168918,-0.03581496302991449,0.10905698916122285,0.10300832640168918
Be-Be_2.04_sto-6g_as-008-012,sto-6g,fermionic_magnitude_reference,200,0.005,1.0,74,0.37,0.375,125,0.10905700124622869,0.011893429520819928,0.999999999969988,3.001199289087708e-11,-0.09849570417201162,-0.04681904727813648,0.1090569893604844,0.09849570417201162
Be-Be_2.04_sto-6g_as-008-012,sto-6g,fermionic_magnitude_reference,200,0.005,1.0,75,0.375,0.38,124,0.10905700134929282,0.011893429543299656,0.9999999999699536,3.004640980464046e-11,-0.09281163021561765,-0.057266292541967294,0.10905698952741512,0.09281163021561765
Be-Be_2.04_sto-6g_as-008-012,sto-6g,fermionic_magnitude_reference,200,0.005,1.0,76,0.38,0.385,123,0.10905700141760158,0.011893429558198752,0.9999999999699163,3.008371329826787e-11,-0.08602370765849461,-0.06703244523058051,0.10905698965634858,0.08602370765849461
Be-Be_2.04_sto-6g_as-008-012,sto-6g,fermionic_magnitude_reference,200,0.005,1.0,77,0.385,0.39,122,0.10905700144581955,0.011893429564353488,0.9999999999698715,3.012845528616026e-11,-0.07821266817744524,-0.0760013522782842,0.10905698974189142,0.07821266817744524
Be-Be_2.04_sto-6g_as-008-012,sto-6g,fermionic_magnitude_reference,200,0.005,1.0,78,0.39,0.395,121,0.10905700142890716,0.01189342956066466,0.9999999999698278,3.017219807333049e-11,-0.06947141182388018,-0.08406634260419123,0.10905698977896106,0.06947141182388018
Be-Be_2.04_sto-6g_as-008-012,sto-6g,fermionic_magnitude_reference,200,0.005,1.0,79,0.395,0.4,120,0.10905700136212361,0.011893429546098231,0.999999999969782,3.021805028424751e-11,-0.05990390212357697,-0.09113149579859442,0.10905698976278559,0.05990390212357697
Be-Be_2.04_sto-6g_as-008-012,sto-6g,fermionic_magnitude_reference,200,0.005,1.0,80,0.4,0.405,119,0.10905700124105583,0.011893429519691653,0.9999999999697238,3.027622597073787e-11,-0.049623929593503126,-0.09711278294700533,0.10905698968893797,0.049623929593503126
Be-Be_2.04_sto-6g_as-008-012,sto-6g,fermionic_magnitude_reference,200,0.005,1.0,81,0.405,0.41000000000000003,118,0.10905700106162572,0.011893429480555434,0.9999999999696847,3.0315305821204674e-11,-0.03875375838161562,-0.10193906602346352,0.10905698955333719,0.03875375838161562
Be-Be_2.04_sto-6g_as-008-012,sto-6g,fermionic_magnitude_reference,200,0.005,1.0,82,0.41000000000000003,0.41500000000000004,117,0.10905700082005851,0.011893429427866243,0.9999999999696388,3.0361158032121693e-11,-0.027422672125985686,-0.10555294396671842,0.1090569893522213,0.027422672125985686
Be-Be_2.04_sto-6g_as-008-012,sto-6g,fermionic_magnitude_reference,200,0.005,1.0,83,0.41500000000000004,0.42,116,0.10905700051294638,0.011893429360880786,0.9999999999695891,3.04108960236249e-11,-0.015765436327742556,-0.10791143537676151,0.10905698908220914,0.015765436327742556
Be-Be_2.04_sto-6g_as-008-012,sto-6g,fermionic_magnitude_reference,200,0.005,1.0,84,0.42,0.425,115,0.109057000137247,0.011893429278935495,0.9999999999695437,3.045630414533207e-11,-0.003920695525699057,-0.10898648971178328,0.10905698874029982,0.003920695525699057
Be-Be_2.04_sto-6g_as-008-012,sto-6g,fermionic_magnitude_reference,200,0.005,1.0,85,0.425,0.43,114,0.10905699969025412,0.011893429181440087,0.9999999999694955,3.05044878246008e-11,0.00797067566423247,-0.10876532090570908,0.1090569883238404,-0.00797067566423247
Be-Be_2.04_sto-6g_as-008-012,sto-6g,fermionic_magnitude_reference,200,0.005,1.0,86,0.43,0.435,113,0.10905699916963292,0.011893429067885316,0.9999999999694509,3.054911879019073e-11,0.019767248033024272,-0.10725055943852523,0.10905698783056376,-0.019767248033024272
Be-Be_2.04_sto-6g_as-008-012,sto-6g,fermionic_magnitude_reference,200,0.005,1.0,87,0.435,0.44,112,0.10905699857343105,0.011893428937845344,0.999999999969401,3.05989678039964e-11,0.03132871985852786,-0.10446022105063878,0.10905698725859997,-0.03132871985852786
Be-Be_2.04_sto-6g_as-008-012,sto-6g,fermionic_magnitude_reference,200,0.005,1.0,88,0.44,0.445,111,0.10905699790004598,0.011893428790970636,0.9999999999693509,3.064914988470946e-11,0.0425175855758161,-0.10042749247332955,0.10905698660644127,-0.0425175855758161
Be-Be_2.04_sto-6g_as-008-012,sto-6g,fermionic_magnitude_reference,200,0.005,1.0,89,0.445,0.45,110,0.1090569971482569,0.011893428626994912,0.9999999999693091,3.0690894270435365e-11,0.05320077119148764,-0.09520033672382106,0.10905698587297347,-0.05320077119148764
Be-Be_2.04_sto-6g_as-008-012,sto-6g,fermionic_magnitude_reference,200,0.005,1.0,90,0.45,0.455,109,0.10905699631724443,0.011893428445739464,0.9999999999692724,3.072764265255046e-11,0.06325121699125043,-0.08884092265930743,0.10905698505749778,-0.06325121699125043
Be-Be_2.04_sto-6g_as-008-012,sto-6g,fermionic_magnitude_reference,200,0.005,1.0,91,0.455,0.46,108,0.10905699540650136,0.01189342824709366,0.9999999999692104,3.078959309732454e-11,0.07254938871683131,-0.08142488557443811,0.1090569841596412,-0.07254938871683131
Be-Be_2.04_sto-6g_as-008-012,sto-6g,fermionic_magnitude_reference,200,0.005,1.0,92,0.46,0.465,107,0.10905699441597508,0.01189342803104602,0.999999999969161,3.083899802192036e-11,0.0809846992393157,-0.07304042763655115,0.10905698317949514,-0.0809846992393157
Be-Be_2.04_sto-6g_as-008-012,sto-6g,fermionic_magnitude_reference,200,0.005,1.0,93,0.465,0.47000000000000003,106,0.10905699334590525,0.011893427797648822,0.9999999999691199,3.088007627383149e-11,0.08845682381979776,-0.06378726885735331,0.10905698211745553,-0.08845682381979776
Be-Be_2.04_sto-6g_as-008-012,sto-6g,fermionic_magnitude_reference,200,0.005,1.0,94,0.47000000000000003,0.47500000000000003,105,0.10905699219694948,0.011893427547045499,0.9999999999690867,3.0913271942267784e-11,0.09487689331494258,-0.05377546107793108,0.10905698097434696,-0.09487689331494258
Be-Be_2.04_sto-6g_as-008-012,sto-6g,fermionic_magnitude_reference,200,0.005,1.0,95,0.47500000000000003,0.48,104,0.10905699097010599,0.011893427279453778,0.9999999999690311,3.0968894115801504e-11,0.10016855113566786,-0.04312407907268565,0.10905697975134904,-0.10016855113566786
Be-Be_2.04_sto-6g_as-008-012,sto-6g,fermionic_magnitude_reference,200,0.005,1.0,96,0.48,0.485,103,0.1090569896667356,0.011893426995170476,0.9999999999689922,3.1007751921663385e-11,0.1042688613883316,-0.031959804339610404,0.10905697845000699,-0.1042688613883316
Be-Be_2.04_sto-6g_as-008-012,sto-6g,fermionic_magnitude_reference,200,0.005,1.0,97,0.485,0.49,102,0.10905698828854347,0.01189342669456751,0.9999999999689554,3.104461132608094e-11,0.10712905739731571,-0.02041541842075516,0.1090569770722253,-0.10712905739731571
Be-Be_2.04_sto-6g_as-008-012,sto-6g,fermionic_magnitude_reference,200,0.005,1.0,98,0.49,0.495,101,0.10905698683758366,0.011893426378092898,0.9999999999688953,3.110467439171316e-11,0.10871512170669102,-0.008628223672261065,0.1090569756202656,-0.10871512170669102
Be-Be_2.04_sto-6g_as-008-012,sto-6g,fermionic_magnitude_reference,200,0.005,1.0,99,0.495,0.5,100,0.10905698531622511,0.01189342604626334,0.9999999999688576,3.1142421974550416e-11,0.10900819066263559,0.0032615897334278016,0.1090569740967111,-0.10900819066263559
Be-Be_2.04_sto-6g_as-008-012,sto-6g,fermionic_magnitude_reference,200,0.005,1.0,100,0.5,0.505,99,0.10905698372718804,0.011893425699672158,0.9999999999688223,3.1177727066733496e-11,0.10800477876487886,0.015112611150886412,0.10905697250450483,-0.10800477876487886
Be-Be_2.04_sto-6g_as-008-012,sto-6g,fermionic_magnitude_reference,200,0.005,1.0,101,0.505,0.51,98,0.10905698207346527,0.011893425338972126,0.9999999999687899,3.121014557905255e-11,0.10571682011877138,0.026783891320528157,0.1090569708468676,-0.10571682011877138
Be-Be_2.04_sto-6g_as-008-012,sto-6g,fermionic_magnitude_reference,200,0.005,1.0,102,0.51,0.515,97,0.10905698035839825,0.011893424964892063,0.9999999999687366,3.126343628423456e-11,0.10217152649527297,0.038136618739415235,0.10905696912737757,-0.10217152649527297
Be-Be_2.04_sto-6g_as-008-012,sto-6g,fermionic_magnitude_reference,200,0.005,1.0,103,0.515,0.52,96,0.10905697858556264,0.011893424578211869,0.9999999999686965,3.1303515335423526e-11,0.09741106368669716,0.049035770606497886,0.10905696734985278,-0.09741106368669716
Be-Be_2.04_sto-6g_as-008-012,sto-6g,fermionic_magnitude_reference,200,0.005,1.0,104,0.52,0.525,95,0.10905697675884082,0.011893424179778348,0.9999999999686737,3.132627490742834e-11,0.09149205000799283,0.0593517187065447,0.1090569655184201,-0.09149205000799283
Be-Be_2.04_sto-6g_as-008-012,sto-6g,fermionic_magnitude_reference,200,0.005,1.0,105,0.525,0.53,94,0.1090569748823625,0.011893423770492245,0.9999999999686235,3.13764569881414e-11,0.08448488290782541,0.0689617711335302,0.10905696363746045,-0.08448488290782541
Be-Be_2.04_sto-6g_as-008-012,sto-6g,fermionic_magnitude_reference,200,0.005,1.0,106,0.53,0.535,93,0.10905697296050977,0.011893423351309359,0.9999999999685953,3.140465665296688e-11,0.07647290169851938,0.07775163151712863,0.10905696171160628,-0.07647290169851938
Be-Be_2.04_sto-6g_as-008-012,sto-6g,fermionic_magnitude_reference,200,0.005,1.0,107,0.535,0.54,92,0.10905697099788164,0.011893422923232798,0.9999999999685516,3.144839944013711e-11,0.06755139636317495,0.08561675839672835,0.10905695974571508,-0.06755139636317495
Be-Be_2.04_sto-6g_as-008-012,sto-6g,fermionic_magnitude_reference,200,0.005,1.0,108,0.54,0.545,91,0.10905696899930285,0.011893422487314904,0.9999999999685271,3.1472935368981325e-11,0.057826474228368584,0.0924636085759245,0.10905695774486815,-0.057826474228368584
Be-Be_2.04_sto-6g_as-008-012,sto-6g,fermionic_magnitude_reference,200,0.005,1.0,109,0.545,0.55,90,0.10905696696979036,0.011893422044649948,0.9999999999684878,3.1512237264053056e-11,0.04741379798205569,0.09821074966925299,0.1090569557143416,-0.04741379798205569
Be-Be_2.04_sto-6g_as-008-012,sto-6g,fermionic_magnitude_reference,200,0.005,1.0,110,0.55,0.555,89,0.10905696491449773,0.011893421596361989,0.9999999999684632,3.153677319289727e-11,0.03643721004563101,0.1027898286096023,0.10905695365954823,-0.03643721004563101
Be-Be_2.04_sto-6g_as-008-012,sto-6g,fermionic_magnitude_reference,200,0.005,1.0,111,0.555,0.56,88,0.10905696283880882,0.011893421143625328,0.999999999968425,3.157496486494438e-11,0.025027259661639246,0.1061463845973468,0.10905695158612759,-0.025027259661639246
Be-Be_2.04_sto-6g_as-008-012,sto-6g,fermionic_magnitude_reference,200,0.005,1.0,112,0.56,0.5650000000000001,87,0.10905696074820592,0.011893420687635726,0.9999999999684095,3.159050798728913e-11,0.013319650214592818,0.10824049682243111,0.10905694949981785,-0.013319650214592818
Be-Be_2.04_sto-6g_as-008-012,sto-6g,fermionic_magnitude_reference,200,0.005,1.0,113,0.5650000000000001,0.5700000000000001,86,0.10905695864830035,0.011893420229617094,0.999999999968374,3.1626035124077134e-11,0.0014536252522445272,0.1090472592560064,0.1090569474064841,-0.0014536252522445272
Be-Be_2.04_sto-6g_as-008-012,sto-6g,fermionic_magnitude_reference,200,0.005,1.0,114,0.5700000000000001,0.5750000000000001,85,0.10905695654480568,0.011893419770815634,0.9999999999683499,3.16501269637115e-11,-0.010429687597550977,0.10855707686476244,0.1090569453120912,0.010429687597550977
Be-Be_2.04_sto-6g_as-008-012,sto-6g,fermionic_magnitude_reference,200,0.005,1.0,115,0.5750000000000001,0.58,84,0.10905695444351465,0.01189341931249483,0.9999999999683156,3.168443285517242e-11,-0.022188955117237244,0.10677577972498883,0.10905694322267659,0.022188955117237244
Be-Be_2.04_sto-6g_as-008-012,sto-6g,fermionic_magnitude_reference,200,0.005,1.0,116,0.58,0.585,83,0.10905695235030044,0.011893418855935702,0.9999999999683034,3.1696645308443294e-11,-0.03368431943478187,0.10372455367934556,0.10905694114435753,0.03368431943478187
Be-Be_2.04_sto-6g_as-008-012,sto-6g,fermionic_magnitude_reference,200,0.005,1.0,117,0.585,0.59,82,0.10905695027106095,0.01189341840242466,0.9999999999682838,3.17161852336767e-11,-0.04477906141114043,0.09943968836107844,0.10905693908326551,0.04477906141114043
Be-Be_2.04_sto-6g_as-008-012,sto-6g,fermionic_magnitude_reference,200,0.005,1.0,118,0.59,0.595,81,0.10905694821173838,0.011893417953257785,0.9999999999682682,3.173183937832391e-11,-0.055341226697111764,0.09397214558272479,0.10905693704557239,0.055341226697111764
Be-Be_2.04_sto-6g_as-008-012,sto-6g,fermionic_magnitude_reference,200,0.005,1.0,119,0.595,0.6,80,0.10905694617825917,0.011893417509727718,0.999999999968251,3.17490478352056e-11,-0.06524519511980184,0.08738695322264348,0.10905693503742664,0.06524519511980184
Be-Be_2.04_sto-6g_as-008-012,sto-6g,fermionic_magnitude_reference,200,0.005,1.0,120,0.6,0.605,79,0.10905694417654502,0.011893417073126057,0.9999999999682362,3.1763813801433116e-11,-0.07437317473366976,0.0797624318183116,0.10905693306496282,0.07437317473366976
Be-Be_2.04_sto-6g_as-008-012,sto-6g,fermionic_magnitude_reference,200,0.005,1.0,121,0.605,0.61,78,0.10905694221247987,0.011893416644736175,0.9999999999682007,3.179934093822112e-11,-0.08261660276667375,0.07118926306486616,0.10905693113427078,0.08261660276667375
Be-Be_2.04_sto-6g_as-008-012,sto-6g,fermionic_magnitude_reference,200,0.005,1.0,122,0.61,0.615,77,0.1090569402918868,0.011893416225828162,0.9999999999682208,3.1779245901475406e-11,-0.08987743679971345,0.06176941129760036,0.1090569292513713,0.08987743679971345
Be-Be_2.04_sto-6g_as-008-012,sto-6g,fermionic_magnitude_reference,200,0.005,1.0,123,0.615,0.62,76,0.10905693842053742,0.011893415817660891,0.999999999968199,3.180100627275806e-11,-0.09606932082258789,0.05161491078614893,0.10905692742222033,0.09606932082258789
Be-Be_2.04_sto-6g_as-008-012,sto-6g,fermionic_magnitude_reference,200,0.005,1.0,124,0.62,0.625,75,0.10905693660407953,0.01189341542146622,0.999999999968178,3.1821989487923474e-11,-0.10111861229869826,0.040846533262825904,0.10905692565264066,0.10111861229869826
Be-Be_2.04_sto-6g_as-008-012,sto-6g,fermionic_magnitude_reference,200,0.005,1.0,125,0.625,0.63,74,0.10905693484807087,0.011893415038456374,0.9999999999681769,3.18230997109481e-11,-0.10496525802275822,0.02959235153367781,0.10905692394835356,0.10496525802275822
Be-Be_2.04_sto-6g_as-008-012,sto-6g,fermionic_magnitude_reference,200,0.005,1.0,126,0.63,0.635,73,0.10905693315792377,0.011893414669811852,0.9999999999681689,3.18310933167254e-11,-0.10756350835492703,0.01798621625530445,0.10905692231492248,0.10756350835492703
Be-Be_2.04_sto-6g_as-008-012,sto-6g,fermionic_magnitude_reference,200,0.005,1.0,127,0.635,0.64,72,0.10905693153891982,0.011893414316684645,0.9999999999681709,3.1829094915281075e-11,-0.10888246133683696,0.006166163993798729,0.10905692075776859,0.10888246133683696
Be-Be_2.04_sto-6g_as-008-012,sto-6g,fermionic_magnitude_reference,200,0.005,1.0,128,0.64,0.645,71,0.10905692999614189,0.011893413980183393,0.9999999999681707,3.1829316959886e-11,-0.10890643021798803,-0.005727224500338395,0.10905691928210136,0.10890643021798803
Be-Be_2.04_sto-6g_as-008-012,sto-6g,fermionic_magnitude_reference,200,0.005,1.0,129,0.645,0.65,70,0.10905692853450917,0.01189341366138104,0.9999999999681546,3.1845415193743065e-11,-0.10763513002172914,-0.017552496275895644,0.10905691789295106,0.10763513002172914
Be-Be_2.04_sto-6g_as-008-012,sto-6g,fermionic_magnitude_reference,200,0.005,1.0,130,0.65,0.655,69,0.1090569271587613,0.011893413361311366,0.9999999999681627,3.18373105656633e-11,-0.10508368093179761,-0.0291690085376056,0.10905691659515573,0.10508368093179761
Be-Be_2.04_sto-6g_as-008-012,sto-6g,fermionic_magnitude_reference,200,0.005,1.0,131,0.655,0.66,68,0.1090569258733792,0.011893413080951726,0.9999999999681551,3.184486008223075e-11,-0.10128242845926079,-0.04043860136666131,0.10905691539327995,0.10128242845926079
Be-Be_2.04_sto-6g_as-008-012,sto-6g,fermionic_magnitude_reference,200,0.005,1.0,132,0.66,0.665,67,0.10905692468263893,0.01189341282123478,0.9999999999681718,3.1828206736861375e-11,-0.09627658252885854,-0.051227240911298655,0.10905691429166856,0.09627658252885854
Be-Be_2.04_sto-6g_as-008-012,sto-6g,fermionic_magnitude_reference,200,0.005,1.0,133,0.665,0.67,66,0.10905692359056174,0.011893412583037622,0.9999999999681649,3.183509011961405e-11,-0.09012567977721804,-0.061406613503725206,0.1090569132943966,0.09012567977721804
Be-Be_2.04_sto-6g_as-008-012,sto-6g,fermionic_magnitude_reference,200,0.005,1.0,134,0.67,0.675,65,0.10905692260091364,0.01189341236718167,0.9999999999681842,3.1815772238985573e-11,-0.08290287545799697,-0.07085565174469803,0.10905691240526703,0.08290287545799697
Be-Be_2.04_sto-6g_as-008-012,sto-6g,fermionic_magnitude_reference,200,0.005,1.0,135,0.675,0.68,64,0.10905692171717488,0.01189341217442601,0.9999999999681858,3.18142179267511e-11,-0.07469407337589937,-0.0794619744047788,0.10905691162778249,0.07469407337589937
Be-Be_2.04_sto-6g_as-008-012,sto-6g,fermionic_magnitude_reference,200,0.005,1.0,136,0.68,0.685,63,0.10905692094255136,0.011893412005469896,0.9999999999681916,3.180844476702305e-11,-0.06559690419731669,-0.0871232230176875,0.10905691096515459,0.06559690419731669
Be-Be_2.04_sto-6g_as-008-012,sto-6g,fermionic_magnitude_reference,200,0.005,1.0,137,0.685,0.6900000000000001,62,0.10905692027996902,0.01189341186095152,0.9999999999682008,3.179922991591866e-11,-0.05571956428923234,-0.09374827926868581,0.10905691042030029,0.05571956428923234
Be-Be_2.04_sto-6g_as-008-012,sto-6g,fermionic_magnitude_reference,200,0.005,1.0,138,0.6900000000000001,0.6950000000000001,61,0.1090569197320084,0.011893411741433723,0.9999999999682071,3.1792901644678295e-11,-0.04517952889631915,-0.09925834869940384,0.10905690999577139,0.04517952889631915
Be-Be_2.04_sto-6g_as-008-012,sto-6g,fermionic_magnitude_reference,200,0.005,1.0,139,0.6950000000000001,0.7000000000000001,60,0.10905691930094187,0.011893411647412148,0.9999999999682269,3.177313967483997e-11,-0.034102154961059755,-0.10358789784030285,0.10905690969379772,0.034102154961059755
Be-Be_2.04_sto-6g_as-008-012,sto-6g,fermionic_magnitude_reference,200,0.005,1.0,140,0.7000000000000001,0.705,59,0.10905691898874725,0.01189341157931818,0.9999999999682413,3.175870677551984e-11,-0.02261919020405569,-0.10668543362501927,0.10905690951629632,0.02261919020405569
Be-Be_2.04_sto-6g_as-008-012,sto-6g,fermionic_magnitude_reference,200,0.005,1.0,141,0.705,0.71,58,0.10905691879703461,0.011893411537503002,0.999999999968262,3.173794560495935e-11,-0.01086720619640445,-0.1085141158167846,0.1090569094648006,0.01086720619640445
Be-Be_2.04_sto-6g_as-008-012,sto-6g,fermionic_magnitude_reference,200,0.005,1.0,142,0.71,0.715,57,0.10905691872709088,0.011893411522247304,0.9999999999682713,3.172873075385496e-11,0.0010140259395120463,-0.10905219516323415,0.10905690954050604,-0.0010140259395120463
Be-Be_2.04_sto-6g_as-008-012,sto-6g,fermionic_magnitude_reference,200,0.005,1.0,143,0.715,0.72,56,0.10905691877985273,0.011893411533755394,0.999999999968296,3.170397278040582e-11,0.012883197882783115,-0.10829327206838041,0.10905690974423954,-0.012883197882783115
Be-Be_2.04_sto-6g_as-008-012,sto-6g,fermionic_magnitude_reference,200,0.005,1.0,144,0.72,0.725,55,0.10905691895589663,0.011893411572153005,0.999999999968305,3.1694979973906356e-11,0.02459914474895826,-0.10624637270534483,0.10905691007645157,-0.02459914474895826
Be-Be_2.04_sto-6g_as-008-012,sto-6g,fermionic_magnitude_reference,200,0.005,1.0,145,0.725,0.73,54,0.10905691925547163,0.01189341163749446,0.9999999999683343,3.166567008605625e-11,0.036022524019303594,-0.10293584166464337,0.10905691053725038,-0.036022524019303594
Be-Be_2.04_sto-6g_as-008-012,sto-6g,fermionic_magnitude_reference,200,0.005,1.0,146,0.73,0.735,53,0.1090569196784416,0.011893411729750062,0.9999999999683636,3.163636019820615e-11,0.04701747279573821,-0.09840105241470185,0.10905691112634211,-0.04701747279573821
Be-Be_2.04_sto-6g_as-008-012,sto-6g,fermionic_magnitude_reference,200,0.005,1.0,147,0.735,0.74,52,0.10905692022432256,0.011893411848814255,0.999999999968384,3.161604311685551e-11,0.05745322367157958,-0.09269593901833158,0.10905691184306843,-0.05745322367157958
Be-Be_2.04_sto-6g_as-008-012,sto-6g,fermionic_magnitude_reference,200,0.005,1.0,148,0.74,0.745,51,0.10905692089227068,0.011893411994502983,0.9999999999684148,3.158517891677093e-11,0.06720565999972118,-0.08588835467448666,0.10905691268639756,-0.06720565999972118
Be-Be_2.04_sto-6g_as-008-012,sto-6g,fermionic_magnitude_reference,200,0.005,1.0,149,0.745,0.75,50,0.10905692168107703,0.011893412166552568,0.9999999999684492,3.155076200300755e-11,0.07615879206086398,-0.07805926471448847,0.10905691365491921,-0.07615879206086398
Be-Be_2.04_sto-6g_as-008-012,sto-6g,fermionic_magnitude_reference,200,0.005,1.0,150,0.75,0.755,49,0.10905692258919193,0.011893412364625003,0.9999999999684647,3.153532990296526e-11,0.08420613657534773,-0.06930178365063007,0.10905691474686441,-0.08420613657534773
Be-Be_2.04_sto-6g_as-008-012,sto-6g,fermionic_magnitude_reference,200,0.005,1.0,151,0.755,0.76,48,0.10905692361469593,0.011893412588301623,0.9999999999684966,3.1503355479856054e-11,0.09125198315147745,-0.059720067729759324,0.10905691596008281,-0.09125198315147745
Be-Be_2.04_sto-6g_as-008-012,sto-6g,fermionic_magnitude_reference,200,0.005,1.0,152,0.76,0.765,47,0.10905692475532186,0.011893412837087933,0.9999999999685314,3.146860549918529e-11,0.09721253260787104,-0.0494280761633631,0.10905691729206182,-0.09721253260787104
Be-Be_2.04_sto-6g_as-008-012,sto-6g,fermionic_magnitude_reference,200,0.005,1.0,153,0.765,0.77,46,0.10905692600845107,0.011893413110412773,0.9999999999685568,3.144318139192137e-11,0.1020168936315614,-0.0385482157669229,0.10905691873992478,-0.1020168936315614
Be-Be_2.04_sto-6g_as-008-012,sto-6g,fermionic_magnitude_reference,200,0.005,1.0,154,0.77,0.775,45,0.10905692737113976,0.011893413407634052,0.9999999999685888,3.1411206968812166e-11,0.10560792591806237,-0.027209885128489143,0.10905692030045835,-0.10560792591806237
Be-Be_2.04_sto-6g_as-008-012,sto-6g,fermionic_magnitude_reference,200,0.005,1.0,155,0.775,0.78,44,0.10905692884008458,0.011893413728031273,0.9999999999686289,3.13711279176232e-11,0.10794291976552582,-0.01554793562117755,0.109056921970075,-0.10794291976552582
Be-Be_2.04_sto-6g_as-008-012,sto-6g,fermionic_magnitude_reference,200,0.005,1.0,156,0.78,0.785,43,0.10905693041168073,0.011893414070818174,0.9999999999686537,3.1346258921871595e-11,0.10899410404048564,-0.0037010675632757916,0.10905692374487802,-0.10899410404048564
Be-Be_2.04_sto-6g_as-008-012,sto-6g,fermionic_magnitude_reference,200,0.005,1.0,157,0.785,0.79,42,0.10905693208196289,0.011893414435129866,0.9999999999686839,3.131606085560179e-11,0.10874897647346328,0.00818981939913975,0.10905692562059686,-0.10874897647346328
Be-Be_2.04_sto-6g_as-008-012,sto-6g,fermionic_magnitude_reference,200,0.005,1.0,158,0.79,0.795,41,0.10905693384672537,0.011893414820049032,0.9999999999687281,3.127187397922171e-11,0.10721045235633171,0.01998330206730365,0.10905692759271358,-0.10721045235633171
Be-Be_2.04_sto-6g_as-008-012,sto-6g,fermionic_magnitude_reference,200,0.005,1.0,159,0.795,0.8,40,0.10905693570139022,0.01189341522457716,0.9999999999687537,3.124633884965533e-11,0.10439682987245752,0.03153911569220104,0.1090569296563262,-0.10439682987245752
Be-Be_2.04_sto-6g_as-008-012,sto-6g,fermionic_magnitude_reference,200,0.005,1.0,160,0.8,0.805,39,0.10905693764112023,0.011893415647659188,0.999999999968794,3.120603775386144e-11,0.10034157247233616,0.04271982219972318,0.10905693180626828,-0.10034157247233616
Be-Be_2.04_sto-6g_as-008-012,sto-6g,fermionic_magnitude_reference,200,0.005,1.0,161,0.805,0.81,38,0.10905693966080904,0.011893416088181345,0.999999999968824,3.1175950709894096e-11,0.09509291088262609,0.053392444797368134,0.10905693403709399,-0.09509291088262609
Be-Be_2.04_sto-6g_as-008-012,sto-6g,fermionic_magnitude_reference,200,0.005,1.0,162,0.81,0.8150000000000001,37,0.10905694175507386,0.01189341654496957,0.9999999999688634,3.1136648814822365e-11,0.08871326948198575,0.06343004952192621,0.10905693634307465,-0.08871326948198575
Be-Be_2.04_sto-6g_as-008-012,sto-6g,fermionic_magnitude_reference,200,0.005,1.0,163,0.8150000000000001,0.8200000000000001,36,0.10905694391828626,0.011893417016796233,0.9999999999689018,3.1098235098170335e-11,0.0812785238661082,0.07271325491778319,0.10905693871823123,-0.0812785238661082
Be-Be_2.04_sto-6g_as-008-012,sto-6g,fermionic_magnitude_reference,200,0.005,1.0,164,0.8200000000000001,0.8250000000000001,35,0.10905694614456801,0.01189341750237921,0.999999999968939,3.106104262684539e-11,0.0728770984317488,0.08113165189088735,0.10905694115632865,-0.0728770984317488
Be-Be_2.04_sto-6g_as-008-012,sto-6g,fermionic_magnitude_reference,200,0.005,1.0,165,0.8250000000000001,0.8300000000000001,34,0.10905694842784423,0.011893418000393478,0.9999999999689627,3.1037283854118414e-11,0.06360891471260455,0.08858511685135392,0.10905694365093599,-0.06360891471260455
Be-Be_2.04_sto-6g_as-008-012,sto-6g,fermionic_magnitude_reference,200,0.005,1.0,166,0.8300000000000001,0.835,33,0.1090569507617829,0.011893418509457939,0.9999999999690169,3.0983104970516706e-11,0.05358420297456831,0.09498500252690784,0.10905694619535439,-0.05358420297456831
Be-Be_2.04_sto-6g_as-008-012,sto-6g,fermionic_magnitude_reference,200,0.005,1.0,167,0.835,0.84,32,0.1090569531399108,0.0118934190281607,0.9999999999690486,3.0951352592012427e-11,0.04292219120492188,0.10025519228434356,0.10905694878274641,-0.04292219120492188
Be-Be_2.04_sto-6g_as-008-012,sto-6g,fermionic_magnitude_reference,200,0.005,1.0,168,0.84,0.845,31,0.1090569555555442,0.011893419555043944,0.9999999999690964,3.0903613001953545e-11,0.03174968708703928,0.10433300541946873,0.10905695140606031,-0.03174968708703928
Be-Be_2.04_sto-6g_as-008-012,sto-6g,fermionic_magnitude_reference,200,0.005,1.0,169,0.845,0.85,30,0.1090569580018725,0.01189342008862218,0.9999999999691253,3.087474720331329e-11,0.02019956982647444,0.10716994264839447,0.10905695405811944,-0.02019956982647444
Be-Be_2.04_sto-6g_as-008-012,sto-6g,fermionic_magnitude_reference,200,0.005,1.0,170,0.85,0.855,29,0.10905696047191082,0.01189342062737192,0.9999999999691584,3.0841551534877e-11,0.00840920976498858,0.10873226293368628,0.10905695673157152,-0.00840920976498858
Be-Be_2.04_sto-6g_as-008-012,sto-6g,fermionic_magnitude_reference,200,0.005,1.0,171,0.855,0.86,28,0.10905696295856504,0.011893421169745826,0.9999999999692075,3.0792479677188567e-11,-0.0034811654208143105,0.10900138478487835,0.10905695941895768,0.0034811654208143105
Be-Be_2.04_sto-6g_as-008-012,sto-6g,fermionic_magnitude_reference,200,0.005,1.0,172,0.86,0.865,27,0.10905696545462562,0.011893421714171407,0.9999999999692414,3.07586178749375e-11,-0.01533013850507766,0.10797410726033746,0.10905696211270385,0.01533013850507766
Be-Be_2.04_sto-6g_as-008-012,sto-6g,fermionic_magnitude_reference,200,0.005,1.0,173,0.865,0.87,26,0.10905696795279954,0.011893422259057944,0.9999999999692815,3.071853882374853e-11,-0.02699678464694791,0.10566264804196177,0.10905696480515663,0.02699678464694791
Be-Be_2.04_sto-6g_as-008-012,sto-6g,fermionic_magnitude_reference,200,0.005,1.0,174,0.87,0.875,25,0.10905697044572903,0.011893422802800613,0.9999999999693231,3.067690546032509e-11,-0.038342347469258554,0.10209449812970706,0.10905696748860257,0.038342347469258554
Be-Be_2.04_sto-6g_as-008-012,sto-6g,fermionic_magnitude_reference,200,0.005,1.0,175,0.875,0.88,24,0.10905697292598136,0.011893423343778234,0.9999999999693563,3.0643709791888796e-11,-0.0492318893475984,0.09731209488398967,0.10905697015525777,0.0492318893475984
Be-Be_2.04_sto-6g_as-008-012,sto-6g,fermionic_magnitude_reference,200,0.005,1.0,176,0.88,0.885,23,0.1090569753861219,0.011893423880369198,0.9999999999694072,3.05927505550585e-11,-0.05953589628209601,0.09137231730457601,0.10905697279734393,0.05953589628209601
Be-Be_2.04_sto-6g_as-008-012,sto-6g,fermionic_magnitude_reference,200,0.005,1.0,177,0.885,0.89,22,0.10905697781868094,0.011893424410944266,0.9999999999694331,3.0566882358584735e-11,-0.06913181826427076,0.08434580954860788,0.1090569754070513,0.06913181826427076
Be-Be_2.04_sto-6g_as-008-012,sto-6g,fermionic_magnitude_reference,200,0.005,1.0,178,0.89,0.895,21,0.10905698021618634,0.011893424933873659,0.99999999996946,3.0540014961388806e-11,-0.07790552681904958,0.07631614073333545,0.10905697797657844,0.07790552681904958
Be-Be_2.04_sto-6g_as-008-012,sto-6g,fermionic_magnitude_reference,200,0.005,1.0,179,0.895,0.9,20,0.10905698257121146,0.01189342544753752,0.9999999999695163,3.048372665404031e-11,-0.08575267238630616,0.06737881101641788,0.10905698049817494,0.08575267238630616
Be-Be_2.04_sto-6g_as-008-012,sto-6g,fermionic_magnitude_reference,200,0.005,1.0,180,0.9,0.905,19,0.10905698487634945,0.011893425950320313,0.9999999999695492,3.0450753030208944e-11,-0.09257992539808217,0.057640115774713147,0.109056982964122,0.09257992539808217
Be-Be_2.04_sto-6g_as-008-012,sto-6g,fermionic_magnitude_reference,200,0.005,1.0,181,0.905,0.91,18,0.10905698712425564,0.011893426440620062,0.9999999999695725,3.042754936899428e-11,-0.09830608629091304,0.04721588139018359,0.10905698536677202,0.09830608629091304
Be-Be_2.04_sto-6g_as-008-012,sto-6g,fermionic_magnitude_reference,200,0.005,1.0,182,0.91,0.915,17,0.10905698930767489,0.011893426916854315,0.9999999999696167,3.0383251470311734e-11,-0.10286305125099689,0.036230087678926354,0.10905698769857851,0.10286305125099689
Be-Be_2.04_sto-6g_as-008-012,sto-6g,fermionic_magnitude_reference,200,0.005,1.0,183,0.915,0.92,16,0.10905699141942383,0.011893427377456285,0.999999999969649,3.0351055002597604e-11,-0.10619662220618015,0.024813393347244823,0.1090569899520762,0.10619662220618015
Be-Be_2.04_sto-6g_as-008-012,sto-6g,fermionic_magnitude_reference,200,0.005,1.0,184,0.92,0.925,15,0.10905699345247544,0.011893427820893272,0.9999999999696917,3.0308311416149536e-11,-0.10826715143126156,0.013101582011964041,0.10905699211997341,0.10826715143126156
Be-Be_2.04_sto-6g_as-008-012,sto-6g,fermionic_magnitude_reference,200,0.005,1.0,185,0.925,0.93,14,0.10905699539987451,0.01189342824564825,0.999999999969731,3.0269009521077805e-11,-0.10905001309950402,0.0012339472673902057,0.10905699419505702,0.10905001309950402
Be-Be_2.04_sto-6g_as-008-012,sto-6g,fermionic_magnitude_reference,200,0.005,1.0,186,0.93,0.935,13,0.10905699725485975,0.011893428650246486,0.9999999999697629,3.0237146120271063e-11,-0.10853589617238255,-0.01064836399416837,0.10905699617032602,0.10853589617238255
Be-Be_2.04_sto-6g_as-008-012,sto-6g,fermionic_magnitude_reference,200,0.005,1.0,187,0.935,0.9400000000000001,12,0.10905699901080111,0.011893429033241873,0.9999999999698006,3.019939853743381e-11,-0.10673091514351427,-0.022404030304611893,0.10905699803892463,0.10673091514351427
Be-Be_2.04_sto-6g_as-008-012,sto-6g,fermionic_magnitude_reference,200,0.005,1.0,188,0.9400000000000001,0.9450000000000001,11,0.10905700066127469,0.011893429393233268,0.9999999999698377,3.016231708841133e-11,-0.10365653731989836,-0.03389323641914065,0.10905699979421424,0.10365653731989836
Be-Be_2.04_sto-6g_as-008-012,sto-6g,fermionic_magnitude_reference,200,0.005,1.0,189,0.9450000000000001,0.9500000000000001,10,0.10905700220004012,0.011893429728859557,0.9999999999698724,3.012756710774056e-11,-0.09934932750501684,-0.04497933620177209,0.10905700142976213,0.09934932750501684
Be-Be_2.04_sto-6g_as-008-012,sto-6g,fermionic_magnitude_reference,200,0.005,1.0,190,0.9500000000000001,0.9550000000000001,9,0.10905700362106237,0.01189343003880441,0.9999999999698971,3.010292015659388e-11,-0.09386051312041153,-0.055530477819720744,0.10905700293935022,0.09386051312041153
Be-Be_2.04_sto-6g_as-008-012,sto-6g,fermionic_magnitude_reference,200,0.005,1.0,191,0.9550000000000001,0.96,8,0.10905700491853408,0.011893430321801167,0.9999999999699332,3.0066837908293564e-11,-0.08725537493784552,-0.06542117191747299,0.1090570043170064,0.08725537493784552
Be-Be_2.04_sto-6g_as-008-012,sto-6g,fermionic_magnitude_reference,200,0.005,1.0,192,0.96,0.965,7,0.10905700608688951,0.011893430576635854,0.9999999999699615,3.003852722116562e-11,-0.0796124706683112,-0.0745337841193583,0.10905700555701968,0.0796124706683112
Be-Be_2.04_sto-6g_as-008-012,sto-6g,fermionic_magnitude_reference,200,0.005,1.0,193,0.965,0.97,6,0.10905700712081554,0.01189343080214961,0.9999999999699981,3.000188986135299e-11,-0.07102270064193372,-0.08275993410972034,0.10905700665394674,0.07102270064193372
Be-Be_2.04_sto-6g_as-008-012,sto-6g,fermionic_magnitude_reference,200,0.005,1.0,194,0.97,0.975,5,0.10905700801525715,0.011893430997239862,0.9999999999700458,2.995415027129411e-11,-0.06158822669116403,-0.09000178465050587,0.10905700760262149,0.06158822669116403
Be-Be_2.04_sto-6g_as-008-012,sto-6g,fermionic_magnitude_reference,200,0.005,1.0,195,0.975,0.98,4,0.10905700876541582,0.011893431160859985,0.9999999999700694,2.993061354317206e-11,-0.05142125709539514,-0.096173205205418,0.10905700839815002,0.05142125709539514
Be-Be_2.04_sto-6g_as-008-012,sto-6g,fermionic_magnitude_reference,200,0.005,1.0,196,0.98,0.985,3,0.10905700936682959,0.011893431292036757,0.9999999999700967,2.990330205676628e-11,-0.04064271203812852,-0.10120079633116753,0.10905700903599314,0.04064271203812852
Be-Be_2.04_sto-6g_as-008-012,sto-6g,fermionic_magnitude_reference,200,0.005,1.0,197,0.985,0.99,2,0.10905700981527408,0.011893431389848788,0.9999999999701316,2.986844105379305e-11,-0.02938078544915467,-0.10502476265178098,0.10905700951187039,0.02938078544915467
Be-Be_2.04_sto-6g_as-008-012,sto-6g,fermionic_magnitude_reference,200,0.005,1.0,198,0.99,0.995,1,0.10905701010687636,0.011893431453451335,0.999999999970163,2.983702174219616e-11,-0.017769420336416788,-0.10759962403370517,0.10905700982186778,0.017769420336416788
Be-Be_2.04_sto-6g_as-008-012,sto-6g,fermionic_magnitude_reference,200,0.005,1.0,199,0.995,1.0,0,0.10905701023804794,0.011893431482061694,0.9999999999701994,2.980060642698845e-11,-0.005946715741025241,-0.10889475650291651,0.10905700996237717,0.005946715741025241
Be-Be_2.04_sto-6g_as-008-012,sto-6g,jw_signed_baseline,200,0.005,1.0,0,0.0,0.005,199,0.10905753909349293,0.011893546833128738,0.9999999962804941,3.7195059254813145e-09,-0.024166028138101946,0.10634623005001435,0.10905740489220395,0.024166028138101946
Be-Be_2.04_sto-6g_as-008-012,sto-6g,jw_signed_baseline,200,0.005,1.0,1,0.005,0.01,198,0.10905754007852594,0.011893547047979292,0.9999999962804851,3.719514918287814e-09,-0.03560290963494673,0.10308223751121992,0.10905739252702559,0.03560290963494673
Be-Be_2.04_sto-6g_as-008-012,sto-6g,jw_signed_baseline,200,0.005,1.0,2,0.01,0.015,197,0.10905754105389033,0.011893547260720975,0.999999996280498,3.7195020397007283e-09,-0.046616342809841914,0.09859223447251869,0.10905737992107092,0.046616342809841914
Be-Be_2.04_sto-6g_as-008-012,sto-6g,jw_signed_baseline,200,0.005,1.0,3,0.015,0.02,196,0.10905754201301233,0.01189354746991995,0.9999999962805066,3.7194933799611363e-09,-0.057075339392567516,0.092929623840444,0.1090573672610117,0.057075339392567516
Be-Be_2.04_sto-6g_as-008-012,sto-6g,jw_signed_baseline,200,0.005,1.0,4,0.02,0.025,195,0.10905754294931275,0.011893547674141193,0.99999999628051,3.7194900492920624e-09,-0.0668555055263372,0.08616175487096722,0.10905735473422573,0.0668555055263372
Be-Be_2.04_sto-6g_as-008-012,sto-6g,jw_signed_baseline,200,0.005,1.0,5,0.025,0.03,194,0.10905754385632531,0.011893547871974318,0.9999999962805122,3.719487828846013e-09,-0.07584052122349508,0.07836912210440981,0.10905734252615595,0.07584052122349508
Be-Be_2.04_sto-6g_as-008-012,sto-6g,jw_signed_baseline,200,0.005,1.0,6,0.03,0.035,193,0.10905754472761126,0.011893548062014928,0.9999999962805082,3.719491825648902e-09,-0.08392352378474673,0.06964440796349755,0.10905733081748806,0.08392352378474673
Be-Be_2.04_sto-6g_as-008-012,sto-6g,jw_signed_baseline,200,0.005,1.0,7,0.035,0.04,192,0.10905754555685991,0.011893548242886574,0.9999999962805096,3.7194903823589698e-09,-0.09100837873026743,0.06009138040376266,0.10905731978157865,0.09100837873026743
Be-Be_2.04_sto-6g_as-008-012,sto-6g,jw_signed_baseline,200,0.005,1.0,8,0.04,0.045,191,0.10905754633782351,0.011893548413226521,0.9999999962805128,3.7194871627121984e-09,-0.09701082312886466,0.04982365872843148,0.10905730958182981,0.09701082312886466
Be-Be_2.04_sto-6g_as-008-012,sto-6g,jw_signed_baseline,200,0.005,1.0,9,0.045,0.05,190,0.1090575470644008,0.011893548571703995,0.9999999962805126,3.7194873847568033e-09,-0.10185946772981543,0.038963362247723225,0.10905730036934076,0.10185946772981543
Be-Be_2.04_sto-6g_as-008-012,sto-6g,jw_signed_baseline,200,0.005,1.0,10,0.05,0.055,189,0.10905754773061199,0.011893548717014712,0.9999999962805011,3.7194989310762594e-09,-0.10549664598101183,0.027639657854998737,0.10905729228063721,0.10549664598101183
Be-Be_2.04_sto-6g_as-008-012,sto-6g,jw_signed_baseline,200,0.005,1.0,11,0.055,0.06,188,0.10905754833062965,0.011893548847887623,0.9999999962805115,3.719488494979828e-09,-0.1078790998384632,0.015987223793973916,0.10905728543566319,0.1078790998384632
Be-Be_2.04_sto-6g_as-008-012,sto-6g,jw_signed_baseline,200,0.005,1.0,12,0.06,0.065,187,0.1090575488587887,0.011893548963087083,0.9999999962805266,3.719473395946693e-09,-0.10897849421295794,0.0041446478874488085,0.1090572799359797,0.10897849421295794
Be-Be_2.04_sto-6g_as-008-012,sto-6g,jw_signed_baseline,200,0.005,1.0,13,0.065,0.07,186,0.10905754930957931,0.011893549061411322,0.999999996280518,3.7194819446639826e-09,-0.10878175393773418,-0.007747220723430275,0.10905727586322378,0.10878175393773418
Be-Be_2.04_sto-6g_as-008-012,sto-6g,jw_signed_baseline,200,0.005,1.0,14,0.07,0.075,185,0.1090575496777009,0.0118935491417042,0.9999999962805223,3.719477725816489e-09,-0.10729121925133119,-0.019546946727626364,0.10905727327789688,0.10729121925133119
Be-Be_2.04_sto-6g_as-008-012,sto-6g,jw_signed_baseline,200,0.005,1.0,15,0.075,0.08,184,0.10905754995808387,0.01189354920285996,0.9999999962805164,3.7194836099985196e-09,-0.104524617947803,-0.03111419075909019,0.10905727221844141,0.104524617947803
Be-Be_2.04_sto-6g_as-008-012,sto-6g,jw_signed_baseline,200,0.005,1.0,16,0.08,0.085,183,0.10905755014579196,0.011893549243801928,0.9999999962805269,3.7194730628797856e-09,-0.10051485452625403,-0.042311378474792216,0.10905727270049953,0.10051485452625403
Be-Be_2.04_sto-6g_as-008-012,sto-6g,jw_signed_baseline,200,0.005,1.0,17,0.085,0.09,182,0.10905755023618749,0.011893549263518557,0.9999999962805322,3.71946784483157e-09,-0.09530961884815485,-0.053005336747067866,0.10905727471677723,0.09530961884815485
Be-Be_2.04_sto-6g_as-008-012,sto-6g,jw_signed_baseline,200,0.005,1.0,18,0.09,0.095,181,0.10905755022482888,0.011893549261041074,0.9999999962805334,3.719466623586243e-09,-0.08897081895586476,-0.06306887751319758,0.10905727823695208,0.08897081895586476
Be-Be_2.04_sto-6g_as-008-012,sto-6g,jw_signed_baseline,200,0.005,1.0,19,0.095,0.1,180,0.10905755010754153,0.011893549235458932,0.9999999962805335,3.7194665125639403e-09,-0.08157384479767225,-0.07238231044708641,0.10905728320810636,0.08157384479767225
Be-Be_2.04_sto-6g_as-008-012,sto-6g,jw_signed_baseline,200,0.005,1.0,20,0.1,0.105,179,0.10905754988039205,0.0118935491859142,0.999999996280535,3.719464958251706e-09,-0.07320667161438843,-0.08083486646434154,0.10905728955537468,0.07320667161438843
Be-Be_2.04_sto-6g_as-008-012,sto-6g,jw_signed_baseline,200,0.005,1.0,21,0.105,0.11,178,0.10905754953972607,0.011893549111609806,0.9999999962805487,3.719451302508503e-09,-0.06396881364948097,-0.08832601513219988,0.10905729718297454,0.06396881364948097
Be-Be_2.04_sto-6g_as-008-012,sto-6g,jw_signed_baseline,200,0.005,1.0,22,0.11,0.115,177,0.10905754908213434,0.011893549011802142,0.9999999962805443,3.7194557434006015e-09,-0.05397014062436873,-0.09476666031687991,0.10905730597547804,0.05397014062436873
Be-Be_2.04_sto-6g_as-008-012,sto-6g,jw_signed_baseline,200,0.005,1.0,23,0.115,0.12,176,0.10905754850452189,0.011893548885816145,0.9999999962805307,3.719469288121502e-09,-0.04332957105242949,-0.10008019984889462,0.10905731579945575,0.04332957105242949
Be-Be_2.04_sto-6g_as-008-012,sto-6g,jw_signed_baseline,200,0.005,1.0,24,0.12,0.125,175,0.10905754780404602,0.011893548733031781,0.999999996280542,3.7194579638466507e-09,-0.03217365793008001,-0.10420343660299092,0.10905732650526212,0.03217365793008001
Be-Be_2.04_sto-6g_as-008-012,sto-6g,jw_signed_baseline,200,0.005,1.0,25,0.125,0.13,174,0.10905754697821095,0.01189354855290469,0.9999999962805458,3.719454189088367e-09,-0.020635083623479097,-0.107087330156553,0.109057337929213,0.020635083623479097
Be-Be_2.04_sto-6g_as-008-012,sto-6g,jw_signed_baseline,200,0.005,1.0,26,0.13,0.135,173,0.1090575460247474,0.011893548344939898,0.9999999962805485,3.719451524553108e-09,-0.0088510818489582,-0.1086975800852402,0.10905734989575055,0.0088510818489582
Be-Be_2.04_sto-6g_as-008-012,sto-6g,jw_signed_baseline,200,0.005,1.0,27,0.135,0.14,172,0.10905754494174216,0.011893548108720113,0.9999999962805574,3.719442642768911e-09,0.0030381944863607513,-0.10901503395703983,0.10905736222003308,-0.0030381944863607513
Be-Be_2.04_sto-6g_as-008-012,sto-6g,jw_signed_baseline,200,0.005,1.0,28,0.14,0.145,171,0.10905754372756254,0.011893547843889218,0.9999999962805589,3.7194410884566764e-09,0.014891340173727235,-0.10803591516976452,0.10905737471046247,-0.014891340173727235
Be-Be_2.04_sto-6g_as-008-012,sto-6g,jw_signed_baseline,200,0.005,1.0,29,0.145,0.15,170,0.1090575423808932,0.011893547550160317,0.9999999962805644,3.7194356483638558e-09,0.02656737949775847,-0.10577186791996926,0.10905738717142154,-0.02656737949775847
Be-Be_2.04_sto-6g_as-008-012,sto-6g,jw_signed_baseline,200,0.005,1.0,30,0.15,0.155,169,0.10905754090072092,0.011893547227312418,0.9999999962805679,3.719432095650177e-09,0.03792744293535304,-0.10224981876556405,0.10905739940602452,-0.03792744293535304
Be-Be_2.04_sto-6g_as-008-012,sto-6g,jw_signed_baseline,200,0.005,1.0,31,0.155,0.16,168,0.1090575392863535,0.01189354687519454,0.9999999962805737,3.719426322490449e-09,0.04883641881684196,-0.09751165642588798,0.10905741121892824,-0.04883641881684196
Be-Be_2.04_sto-6g_as-008-012,sto-6g,jw_signed_baseline,200,0.005,1.0,32,0.16,0.165,167,0.10905753753740485,0.011893546493722469,0.9999999962805712,3.719428764981103e-09,0.059164560304561443,-0.09161373362473406,0.10905742241908992,-0.059164560304561443
Be-Be_2.04_sto-6g_as-008-012,sto-6g,jw_signed_baseline,200,0.005,1.0,33,0.165,0.17,166,0.10905753565379134,0.01189354608287797,0.9999999962805801,3.719419883196906e-09,0.06878902857511492,-0.0846261968986125,0.10905743282248445,-0.06878902857511492
Be-Be_2.04_sto-6g_as-008-012,sto-6g,jw_signed_baseline,200,0.005,1.0,34,0.17,0.17500000000000002,165,0.1090575336357532,0.01189354564271344,0.9999999962805758,3.719424213066702e-09,0.07759535384948588,-0.07663215233908591,0.10905744225474845,-0.07759535384948588
Be-Be_2.04_sto-6g_as-008-012,sto-6g,jw_signed_baseline,200,0.005,1.0,35,0.17500000000000002,0.18,164,0.10905753148383375,0.011893545173347389,0.9999999962805796,3.7194204383084184e-09,0.08547879689220535,-0.0677266771894583,0.10905745055365995,-0.08547879689220535
Be-Be_2.04_sto-6g_as-008-012,sto-6g,jw_signed_baseline,200,0.005,1.0,36,0.18,0.185,163,0.10905752919886814,0.011893544674961978,0.99999999628058,3.7194199942192085e-09,0.09234559478365982,-0.0580156890504624,0.10905745757144644,-0.09234559478365982
Be-Be_2.04_sto-6g_as-008-012,sto-6g,jw_signed_baseline,200,0.005,1.0,37,0.185,0.19,162,0.10905752678199492,0.01189354414780554,0.999999996280588,3.7194120006134312e-09,0.09811407614640716,-0.04761468614329132,0.10905746317692852,-0.09811407614640716
Be-Be_2.04_sto-6g_as-008-012,sto-6g,jw_signed_baseline,200,0.005,1.0,38,0.19,0.195,161,0.1090575242346652,0.011893543592194588,0.9999999962805916,3.7194084478997524e-09,0.1027156325584416,-0.03664737361289442,0.10905746725742285,-0.1027156325584416
Be-Be_2.04_sto-6g_as-008-012,sto-6g,jw_signed_baseline,200,0.005,1.0,39,0.195,0.2,160,0.10905752155859035,0.011893543008502398,0.9999999962805828,3.719417218661647e-09,0.10609553459714652,-0.025244192210193684,0.1090574697203246,-0.10609553459714652
Be-Be_2.04_sto-6g_as-008-012,sto-6g,jw_signed_baseline,200,0.005,1.0,40,0.2,0.20500000000000002,159,0.109057518755794,0.01189354239717036,0.9999999962805985,3.7194014534946973e-09,0.10821358280582785,-0.013540766853806804,0.10905747049451915,-0.10821358280582785
Be-Be_2.04_sto-6g_as-008-012,sto-6g,jw_signed_baseline,200,0.005,1.0,41,0.20500000000000002,0.21,158,0.10905751582854437,0.011893541758693206,0.9999999962805953,3.7194046731414687e-09,0.10904458583809677,-0.0016762935253447236,0.10905746953136758,-0.10904458583809677
Be-Be_2.04_sto-6g_as-008-012,sto-6g,jw_signed_baseline,200,0.005,1.0,42,0.21,0.215,157,0.10905751277940146,0.011893541093629313,0.9999999962805959,3.7194041180299564e-09,0.10857866009187027,0.010208116314262862,0.10905746680549398,-0.10857866009187027
Be-Be_2.04_sto-6g_as-008-012,sto-6g,jw_signed_baseline,200,0.005,1.0,43,0.215,0.22,156,0.10905750961118107,0.011893540402592852,0.9999999962806125,3.719387464684587e-09,0.10682134726781206,0.02197111409353593,0.109057462315156,-0.10682134726781206
Be-Be_2.04_sto-6g_as-008-012,sto-6g,jw_signed_baseline,200,0.005,1.0,44,0.22,0.225,155,0.10905750632694727,0.011893539686252145,0.9999999962805983,3.7194016755393022e-09,0.10379354845371913,0.03347279531997015,0.10905745608232001,-0.10379354845371913
Be-Be_2.04_sto-6g_as-008-012,sto-6g,jw_signed_baseline,200,0.005,1.0,45,0.225,0.23,154,0.10905750292998488,0.01189353894532366,0.9999999962806092,3.719390795353661e-09,0.09953127551879297,0.04457636359226558,0.10905744815237398,-0.09953127551879297
Be-Be_2.04_sto-6g_as-008-012,sto-6g,jw_signed_baseline,200,0.005,1.0,46,0.23,0.23500000000000001,153,0.1090574994238438,0.011893538180581689,0.9999999962806041,3.719395902379574e-09,0.09408522277563143,0.05514975764093973,0.10905743859358968,-0.09408522277563143
Be-Be_2.04_sto-6g_as-008-012,sto-6g,jw_signed_baseline,200,0.005,1.0,47,0.23500000000000001,0.24,152,0.10905749581227694,0.011893537392844803,0.9999999962806111,3.719388907974519e-09,0.0875201640054249,0.0650672220441326,0.10905742749614501,-0.0875201640054249
Be-Be_2.04_sto-6g_as-008-012,sto-6g,jw_signed_baseline,200,0.005,1.0,48,0.24,0.245,151,0.10905749209923639,0.011893536582975008,0.9999999962806153,3.7193846891270255e-09,0.07991418202019757,0.07421080293446435,0.1090574149709004,-0.07991418202019757
Be-Be_2.04_sto-6g_as-008-012,sto-6g,jw_signed_baseline,200,0.005,1.0,49,0.245,0.25,150,0.1090574882888796,0.011893535751879111,0.9999999962806102,3.7193897961529387e-09,0.0713577399274996,0.08247175090642554,0.10905740114789171,-0.0713577399274996
Be-Be_2.04_sto-6g_as-008-012,sto-6g,jw_signed_baseline,200,0.005,1.0,50,0.25,0.255,149,0.10905748438554998,0.011893534900504476,0.9999999962806171,3.719382912770186e-09,0.06195260514629364,0.08975181443741548,0.10905738617453122,-0.06195260514629364
Be-Be_2.04_sto-6g_as-008-012,sto-6g,jw_signed_baseline,200,0.005,1.0,51,0.255,0.26,148,0.10905748039374766,0.011893534029832654,0.9999999962806158,3.7193842450378156e-09,0.05181063897426981,0.09596440843860259,0.10905737021353974,-0.05181063897426981
Be-Be_2.04_sto-6g_as-008-012,sto-6g,jw_signed_baseline,200,0.005,1.0,52,0.26,0.265,147,0.1090574763181505,0.011893533140883959,0.9999999962806208,3.719379249034205e-09,0.041052466105789005,0.10103564403777916,0.10905735344072758,-0.041052466105789005
Be-Be_2.04_sto-6g_as-008-012,sto-6g,jw_signed_baseline,200,0.005,1.0,53,0.265,0.27,146,0.10905747216354664,0.01189353223470275,0.9999999962806116,3.7193883528630067e-09,0.029806039927536953,0.10490520734702109,0.10905733604248462,-0.029806039927536953
Be-Be_2.04_sto-6g_as-008-012,sto-6g,jw_signed_baseline,200,0.005,1.0,54,0.27,0.275,145,0.10905746793490288,0.01189353131237237,0.9999999962806174,3.7193825797032787e-09,0.018205120658109437,0.1075270767653167,0.10905731821327092,-0.018205120658109437
Be-Be_2.04_sto-6g_as-008-012,sto-6g,jw_signed_baseline,200,0.005,1.0,55,0.275,0.28,144,0.10905746363723591,0.011893530374987032,0.9999999962806291,3.71937092236152e-09,0.006387684434151655,0.10887007028648993,0.10905730015278922,-0.006387684434151655
Be-Be_2.04_sto-6g_as-008-012,sto-6g,jw_signed_baseline,200,0.005,1.0,56,0.28,0.28500000000000003,143,0.10905745927572326,0.011893529423676037,0.9999999962806208,3.719379249034205e-09,-0.005505717733734782,0.10891821630597316,0.109057282063319,0.005505717733734782
Be-Be_2.04_sto-6g_as-008-012,sto-6g,jw_signed_baseline,200,0.005,1.0,57,0.28500000000000003,0.29,142,0.10905745485558978,0.011893528459579004,0.9999999962806249,3.7193751412090137e-09,-0.01733363161649252,0.10767094351851843,0.109057264146797,0.01733363161649252
Be-Be_2.04_sto-6g_as-008-012,sto-6g,jw_signed_baseline,200,0.005,1.0,58,0.29,0.295,141,0.10905745038214128,0.011893527483853207,0.9999999962806241,3.719375918365131e-09,-0.028955382150824115,0.10514308765162705,0.1090572466020392,0.028955382150824115
Be-Be_2.04_sto-6g_as-008-012,sto-6g,jw_signed_baseline,200,0.005,1.0,59,0.295,0.3,140,0.1090574458607469,0.011893526497669739,0.9999999962806282,3.71937181053994e-09,-0.040232746543255545,0.10136471495744726,0.1090572296219667,0.040232746543255545
Be-Be_2.04_sto-6g_as-008-012,sto-6g,jw_signed_baseline,200,0.005,1.0,60,0.3,0.305,139,0.10905744129679071,0.011893525502202951,0.9999999962806287,3.7193712554284275e-09,-0.0510315981954714,0.09638076456533837,0.10905721339087673,0.0510315981954714
Be-Be_2.04_sto-6g_as-008-012,sto-6g,jw_signed_baseline,200,0.005,1.0,61,0.305,0.31,138,0.10905743669570833,0.011893524498638432,0.999999996280636,3.7193640389787674e-09,-0.061223501900572706,0.09025051395150242,0.10905719808192288,0.061223501900572706
Be-Be_2.04_sto-6g_as-008-012,sto-6g,jw_signed_baseline,200,0.005,1.0,62,0.31,0.315,137,0.1090574320629298,0.011893523488160548,0.999999996280626,3.719374030985989e-09,-0.0706872413395651,0.08304687388523942,0.10905718385465848,0.0706872413395651
Be-Be_2.04_sto-6g_as-008-012,sto-6g,jw_signed_baseline,200,0.005,1.0,63,0.315,0.32,136,0.10905742740387564,0.011893522471951605,0.999999996280635,3.7193650381794896e-09,-0.07931026071347307,0.07485552123914362,0.10905717085282815,0.07931026071347307
Be-Be_2.04_sto-6g_as-008-012,sto-6g,jw_signed_baseline,200,0.005,1.0,64,0.32,0.325,135,0.10905742272396843,0.011893521451194345,0.9999999962806325,3.7193674806701438e-09,-0.08699000336749714,0.06577387997845356,0.10905715920239797,0.08699000336749714
Be-Be_2.04_sto-6g_as-008-012,sto-6g,jw_signed_baseline,200,0.005,1.0,65,0.325,0.33,134,0.10905741802855465,0.011893520427054915,0.9999999962806352,3.7193648161348847e-09,-0.09363513148946548,0.05590996244931963,0.10905714900974543,0.09363513148946548
Be-Be_2.04_sto-6g_as-008-012,sto-6g,jw_signed_baseline,200,0.005,1.0,66,0.33,0.335,133,0.10905741332296653,0.011893519400696358,0.9999999962806349,3.719365149201792e-09,-0.0991666123789231,0.045381084747374074,0.10905714036027138,0.0991666123789231
Be-Be_2.04_sto-6g_as-008-012,sto-6g,jw_signed_baseline,200,0.005,1.0,67,0.335,0.34,132,0.10905740861244968,0.011893518373262815,0.9999999962806387,3.719361263421206e-09,-0.10351865837014732,0.03431247144414225,0.10905713331717622,0.10351865837014732
Be-Be_2.04_sto-6g_as-008-012,sto-6g,jw_signed_baseline,200,0.005,1.0,68,0.34,0.34500000000000003,131,0.10905740390217596,0.011893517345882345,0.9999999962806354,3.7193645940902798e-09,-0.10663950923271856,0.02283576626483222,0.10905712792063212,0.10663950923271856
Be-Be_2.04_sto-6g_as-008-012,sto-6g,jw_signed_baseline,200,0.005,1.0,69,0.34500000000000003,0.35000000000000003,130,0.1090573991972206,0.011893516319661932,0.9999999962806293,3.719370700316915e-09,-0.10849204774630634,0.011087466428590565,0.10905712418724389,0.10849204774630634
Be-Be_2.04_sto-6g_as-008-012,sto-6g,jw_signed_baseline,200,0.005,1.0,70,0.35000000000000003,0.355,129,0.10905739450255315,0.011893515295685511,0.9999999962806311,3.7193689239600758e-09,-0.10905424112999955,-0.0007927007298964937,0.10905712210987077,0.10905424112999955
Be-Be_2.04_sto-6g_as-008-012,sto-6g,jw_signed_baseline,200,0.005,1.0,71,0.355,0.36,128,0.10905738982302844,0.011893514275011986,0.9999999962806349,3.719365149201792e-09,-0.10831940307709335,-0.012663439552522868,0.10905712165777263,0.10831940307709335
Be-Be_2.04_sto-6g_as-008-012,sto-6g,jw_signed_baseline,200,0.005,1.0,72,0.36,0.365,127,0.10905738516334974,0.011893513258667216,0.9999999962806421,3.719357932752132e-09,-0.10629627327923472,-0.024383566502017784,0.10905712277706611,0.10629627327923472
Be-Be_2.04_sto-6g_as-008-012,sto-6g,jw_signed_baseline,200,0.005,1.0,73,0.365,0.37,126,0.10905738052808889,0.011893512247648381,0.9999999962806391,3.7193609303542985e-09,-0.10300891349396003,-0.03581368927473068,0.1090571253915722,0.10300891349396003
Be-Be_2.04_sto-6g_as-008-012,sto-6g,jw_signed_baseline,200,0.005,1.0,74,0.37,0.375,125,0.10905737592166173,0.011893511242918643,0.999999996280635,3.7193650381794896e-09,-0.09849642139074102,-0.046817864614299834,0.10905712940392909,0.09849642139074102
Be-Be_2.04_sto-6g_as-008-012,sto-6g,jw_signed_baseline,200,0.005,1.0,75,0.375,0.38,124,0.10905737134828716,0.011893510245398205,0.9999999962806472,3.7193528257262187e-09,-0.09281246557749785,-0.057265215111298236,0.1090571346969903,0.09281246557749785
Be-Be_2.04_sto-6g_as-008-012,sto-6g,jw_signed_baseline,200,0.005,1.0,76,0.38,0.385,123,0.1090573668120362,0.011893509255975016,0.9999999962806377,3.719362262621928e-09,-0.08602464733590254,-0.06703148576156677,0.10905714113559704,0.08602464733590254
Be-Be_2.04_sto-6g_as-008-012,sto-6g,jw_signed_baseline,200,0.005,1.0,77,0.385,0.39,122,0.10905736231677052,0.011893508275491358,0.9999999962806414,3.7193585988859468e-09,-0.07821369665392826,-0.07600052177200235,0.10905714856848822,0.07821369665392826
Be-Be_2.04_sto-6g_as-008-012,sto-6g,jw_signed_baseline,200,0.005,1.0,78,0.39,0.395,121,0.10905735786615246,0.011893507304746045,0.9999999962806428,3.7193571555960148e-09,-0.0694725121154155,-0.08406565003811035,0.10905715683051982,0.0694725121154155
Be-Be_2.04_sto-6g_as-008-012,sto-6g,jw_signed_baseline,200,0.005,1.0,79,0.395,0.4,120,0.10905735346363965,0.011893506344493234,0.9999999962806371,3.719362928755743e-09,-0.059905056062559234,-0.09113094786341965,0.10905716574505168,0.059905056062559234
Be-Be_2.04_sto-6g_as-008-012,sto-6g,jw_signed_baseline,200,0.005,1.0,80,0.4,0.405,119,0.10905734911245772,0.011893505395436484,0.9999999962806415,3.7193584878636443e-09,-0.04962511816907642,-0.09711238383066952,0.10905717512649078,0.04962511816907642
Be-Be_2.04_sto-6g_as-008-012,sto-6g,jw_signed_baseline,200,0.005,1.0,81,0.405,0.41000000000000003,118,0.10905734481562354,0.011893504458233811,0.9999999962806452,3.719354824127663e-09,-0.03875496212691177,-0.10193881725493247,0.1090571847829976,0.03875496212691177
Be-Be_2.04_sto-6g_as-008-012,sto-6g,jw_signed_baseline,200,0.005,1.0,82,0.41000000000000003,0.41500000000000004,117,0.10905734057590097,0.011893503533488056,0.9999999962806508,3.7193491619902375e-09,-0.027423871539591433,-0.10555284433013638,0.10905719451921554,0.027423871539591433
Be-Be_2.04_sto-6g_as-008-012,sto-6g,jw_signed_baseline,200,0.005,1.0,83,0.41500000000000004,0.42,116,0.10905733639584168,0.011893502621755774,0.9999999962806395,3.7193604862650886e-09,-0.015766612314950388,-0.10791148090336003,0.10905720413914058,0.015766612314950388
Be-Be_2.04_sto-6g_as-008-012,sto-6g,jw_signed_baseline,200,0.005,1.0,84,0.42,0.425,115,0.10905733227771675,0.01189350172353232,0.9999999962806463,3.7193537139046384e-09,-0.003921829843106434,-0.1089866737537941,0.10905721344887843,0.003921829843106434
Be-Be_2.04_sto-6g_as-008-012,sto-6g,jw_signed_baseline,200,0.005,1.0,85,0.425,0.43,114,0.10905732822357249,0.01189350083926402,0.9999999962806451,3.7193549351499655e-09,0.007969599977575998,-0.10876563429298669,0.10905722225950147,-0.007969599977575998
Be-Be_2.04_sto-6g_as-008-012,sto-6g,jw_signed_baseline,200,0.005,1.0,86,0.43,0.435,113,0.10905732423518712,0.011893499969338733,0.9999999962806531,3.7193469415441882e-09,0.01976624625511261,-0.10725099071458592,0.1090572303897268,-0.01976624625511261
Be-Be_2.04_sto-6g_as-008-012,sto-6g,jw_signed_baseline,200,0.005,1.0,87,0.435,0.44,112,0.10905732031408522,0.011893499114088983,0.999999996280663,3.7193369495369666e-09,0.03132780523045619,-0.10446075678137723,0.10905723766855388,-0.03132780523045619
Be-Be_2.04_sto-6g_as-008-012,sto-6g,jw_signed_baseline,200,0.005,1.0,88,0.44,0.445,111,0.10905731646152746,0.011893498273789747,0.9999999962806521,3.7193479407449104e-09,0.04251676900881967,-0.10042811761821883,0.10905724393770515,-0.04251676900881967
Be-Be_2.04_sto-6g_as-008-012,sto-6g,jw_signed_baseline,200,0.005,1.0,89,0.445,0.45,110,0.10905731267850961,0.011893497448658212,0.9999999962806544,3.7193456092765587e-09,0.05320006104702088,-0.0952010350563586,0.10905724905392016,-0.05320006104702088
Be-Be_2.04_sto-6g_as-008-012,sto-6g,jw_signed_baseline,200,0.005,1.0,90,0.45,0.455,109,0.10905730896578525,0.011893496638858744,0.9999999962806686,3.7193313984218435e-09,0.0632506189428731,-0.08884167722123369,0.10905725289103156,-0.0632506189428731
Be-Be_2.04_sto-6g_as-008-012,sto-6g,jw_signed_baseline,200,0.005,1.0,91,0.455,0.46,108,0.10905730532380725,0.011893495844490119,0.9999999962806666,3.7193333968232878e-09,0.07254890569945302,-0.08142567914658864,0.10905725534173014,-0.07254890569945302
Be-Be_2.04_sto-6g_as-008-012,sto-6g,jw_signed_baseline,200,0.005,1.0,92,0.46,0.465,107,0.10905730175277804,0.011893495065596484,0.9999999962806634,3.719336616470059e-09,0.08098433148736522,-0.07304124320825368,0.10905725631915889,-0.08098433148736522
Be-Be_2.04_sto-6g_as-008-012,sto-6g,jw_signed_baseline,200,0.005,1.0,93,0.465,0.47000000000000003,106,0.10905729825265495,0.011893494302168536,0.9999999962806736,3.7193264024182326e-09,0.0884565689922962,-0.06378809007654773,0.10905725575816873,-0.0884565689922962
Be-Be_2.04_sto-6g_as-008-012,sto-6g,jw_signed_baseline,200,0.005,1.0,94,0.47000000000000003,0.47500000000000003,105,0.10905729482311448,0.011893493554135711,0.9999999962806739,3.7193260693513253e-09,0.094876746701177,-0.053776272664754765,0.10905725361622376,-0.094876746701177
Be-Be_2.04_sto-6g_as-008-012,sto-6g,jw_signed_baseline,200,0.005,1.0,95,0.47500000000000003,0.48,104,0.10905729146358428,0.011893492821373175,0.9999999962806804,3.7193196300577824e-09,0.10016850593222286,-0.04312486718119115,0.10905724987404158,-0.10016850593222286
Be-Be_2.04_sto-6g_as-008-012,sto-6g,jw_signed_baseline,200,0.005,1.0,96,0.48,0.485,103,0.1090572881732315,0.01189349210369926,0.9999999962806799,3.7193200741469923e-09,0.10426890903471693,-0.03196055685473965,0.10905724453586346,-0.10426890903471693
Be-Be_2.04_sto-6g_as-008-012,sto-6g,jw_signed_baseline,200,0.005,1.0,97,0.485,0.49,102,0.10905728495097905,0.011893491400879043,0.9999999962806791,3.7193208513031095e-09,0.10712918795536566,-0.020416125180373335,0.10905723762940604,-0.10712918795536566
Be-Be_2.04_sto-6g_as-008-012,sto-6g,jw_signed_baseline,200,0.005,1.0,98,0.49,0.495,101,0.10905728179549913,0.011893490712622906,0.999999996280695,3.7193049751138574e-09,0.10871532426689738,-0.008628876607962065,0.10905722920545928,-0.10871532426689738
Be-Be_2.04_sto-6g_as-008-012,sto-6g,jw_signed_baseline,200,0.005,1.0,99,0.495,0.5,100,0.1090572787052389,0.011893490038592155,0.9999999962806985,3.719301533422481e-09,0.1090084537599096,0.003260996539352184,0.10905721933717187,-0.1090084537599096
Be-Be_2.04_sto-6g_as-008-012,sto-6g,jw_signed_baseline,200,0.005,1.0,100,0.5,0.505,99,0.10905727567836711,0.011893489378387362,0.9999999962807057,3.719294316972821e-09,0.10800509078601109,0.015112081491521403,0.10905720811895415,-0.10800509078601109
Be-Be_2.04_sto-6g_as-008-012,sto-6g,jw_signed_baseline,200,0.005,1.0,101,0.505,0.51,98,0.10905727271290476,0.011893488731576881,0.9999999962807137,3.7192863233670437e-09,0.10571716968500652,0.026783426968137205,0.10905719566523799,-0.10571716968500652
Be-Be_2.04_sto-6g_as-008-012,sto-6g,jw_signed_baseline,200,0.005,1.0,102,0.51,0.515,97,0.10905726980656276,0.011893488097661426,0.9999999962807177,3.719282326564155e-09,0.10217190280438705,0.03813621961881512,0.10905718210867,-0.10217190280438705
Be-Be_2.04_sto-6g_as-008-012,sto-6g,jw_signed_baseline,200,0.005,1.0,103,0.515,0.52,96,0.10905726695691187,0.011893487476111141,0.9999999962807337,3.7192663393526004e-09,0.09741145680226232,0.04903543502649854,0.1090571675983609,-0.09741145680226232
Be-Be_2.04_sto-6g_as-008-012,sto-6g,jw_signed_baseline,200,0.005,1.0,104,0.52,0.525,95,0.1090572641612955,0.011893486866346588,0.9999999962807271,3.7192728896684457e-09,0.09149245108547799,0.05935144363572351,0.109057152297651,-0.09149245108547799
Be-Be_2.04_sto-6g_as-008-012,sto-6g,jw_signed_baseline,200,0.005,1.0,105,0.525,0.53,94,0.1090572614168599,0.011893486267745317,0.9999999962807539,3.7192461332935522e-09,0.08448528435113273,0.06896155250501311,0.10905713638177665,-0.08448528435113273
Be-Be_2.04_sto-6g_as-008-012,sto-6g,jw_signed_baseline,200,0.005,1.0,106,0.53,0.535,93,0.10905725872057273,0.011893485679645936,0.9999999962807526,3.7192473545388793e-09,0.07647329724429354,0.07775146454564542,0.1090571200353596,-0.07647329724429354
Be-Be_2.04_sto-6g_as-008-012,sto-6g,jw_signed_baseline,200,0.005,1.0,107,0.535,0.54,92,0.10905725606922671,0.011893485101348886,0.9999999962807553,3.7192446900036202e-09,0.06755178109331009,0.0856166378922273,0.10905710344973985,-0.06755178109331009
Be-Be_2.04_sto-6g_as-008-012,sto-6g,jw_signed_baseline,200,0.005,1.0,108,0.54,0.545,91,0.10905725345947381,0.011893484532123914,0.9999999962807733,3.7192267043906213e-09,0.05782684451552972,0.09246352923771632,0.10905708682023957,-0.05782684451552972
Be-Be_2.04_sto-6g_as-008-012,sto-6g,jw_signed_baseline,200,0.005,1.0,109,0.545,0.55,90,0.10905725088778154,0.011893483971200526,0.9999999962807807,3.7192192658963563e-09,0.047414151375682126,0.09821070634704128,0.10905707034328803,-0.047414151375682126
Be-Be_2.04_sto-6g_as-008-012,sto-6g,jw_signed_baseline,200,0.005,1.0,110,0.55,0.555,89,0.10905724835052719,0.011893483417788566,0.9999999962807993,3.719200725171845e-09,0.03643754510918192,0.10278981651983038,0.10905705421367323,-0.03643754510918192
Be-Be_2.04_sto-6g_as-008-012,sto-6g,jw_signed_baseline,200,0.005,1.0,111,0.555,0.56,88,0.10905724584389777,0.011893482871056356,0.999999996280808,3.7191919544099505e-09,0.025027575773626007,0.10614639948585287,0.10905703862160782,-0.025027575773626007
Be-Be_2.04_sto-6g_as-008-012,sto-6g,jw_signed_baseline,200,0.005,1.0,112,0.56,0.5650000000000001,87,0.10905724336403617,0.011893482330162611,0.999999996280815,3.7191849600048954e-09,0.01331994734794006,0.10824053506834197,0.1090570237501137,-0.01331994734794006
Be-Be_2.04_sto-6g_as-008-012,sto-6g,jw_signed_baseline,200,0.005,1.0,113,0.5650000000000001,0.5700000000000001,86,0.10905724090692825,0.011893481794231785,0.9999999962808321,3.719167862570316e-09,0.001453903746592573,0.10904731791455831,0.109057009772243,-0.001453903746592573
Be-Be_2.04_sto-6g_as-008-012,sto-6g,jw_signed_baseline,200,0.005,1.0,114,0.5700000000000001,0.5750000000000001,85,0.10905723846850883,0.0118934812623772,0.9999999962808522,3.7191477675335705e-09,-0.010429427255407854,0.10855715365083961,0.10905699684865636,0.010429427255407854
Be-Be_2.04_sto-6g_as-008-012,sto-6g,jw_signed_baseline,200,0.005,1.0,115,0.5750000000000001,0.58,84,0.10905723604462611,0.011893480733693295,0.9999999962808648,3.719135222013392e-09,-0.022188712491286722,0.10677587294227825,0.10905698512523869,0.022188712491286722
Be-Be_2.04_sto-6g_as-008-012,sto-6g,jw_signed_baseline,200,0.005,1.0,116,0.58,0.585,83,0.1090572336310692,0.011893480207261612,0.9999999962808798,3.7191202340025598e-09,-0.0336840943036812,0.10372466210316107,0.10905697473098282,0.0336840943036812
Be-Be_2.04_sto-6g_as-008-012,sto-6g,jw_signed_baseline,200,0.005,1.0,117,0.585,0.59,82,0.10905723122357354,0.011893479682151983,0.9999999962808896,3.7191103530176406e-09,-0.04477885388847584,0.09943981108551297,0.10905696577609325,0.04477885388847584
Be-Be_2.04_sto-6g_as-008-012,sto-6g,jw_signed_baseline,200,0.005,1.0,118,0.59,0.595,81,0.10905722881784362,0.011893479157427502,0.9999999962809156,3.7190843737988644e-09,-0.05534103730093504,0.09397228184465212,0.10905695835036945,0.05534103730093504
Be-Be_2.04_sto-6g_as-008-012,sto-6g,jw_signed_baseline,200,0.005,1.0,119,0.595,0.6,80,0.10905722640958675,0.011893478632151866,0.9999999962809295,3.7190704960110565e-09,-0.06524502478790457,0.0873871022164556,0.10905695252189812,0.06524502478790457
Be-Be_2.04_sto-6g_as-008-012,sto-6g,jw_signed_baseline,200,0.005,1.0,120,0.6,0.605,79,0.10905722399446749,0.011893478105379456,0.99999999628094,3.7190599488923226e-09,-0.07437302478437488,0.07976259251539136,0.10905694833596621,0.07437302478437488
Be-Be_2.04_sto-6g_as-008-012,sto-6g,jw_signed_baseline,200,0.005,1.0,121,0.605,0.61,78,0.10905722156818833,0.011893477576172921,0.9999999962809633,3.719036745231108e-09,-0.08261647480837189,0.07118943405175263,0.10905694581442844,0.08261647480837189
Be-Be_2.04_sto-6g_as-008-012,sto-6g,jw_signed_baseline,200,0.005,1.0,122,0.61,0.615,77,0.10905721912645258,0.011893477043595096,0.9999999962809852,3.7190147628152204e-09,-0.08987733259546134,0.06176959064545176,0.10905694495529324,0.08987733259546134
Be-Be_2.04_sto-6g_as-008-012,sto-6g,jw_signed_baseline,200,0.005,1.0,123,0.615,0.62,76,0.10905721666501764,0.0118934765067206,0.999999996281007,3.7189930024439377e-09,-0.0960692421194177,0.0516150959618742,0.10905694573273535,0.0960692421194177
Be-Be_2.04_sto-6g_as-008-012,sto-6g,jw_signed_baseline,200,0.005,1.0,124,0.62,0.625,75,0.10905721417967731,0.01189347596463201,0.9999999962810262,3.7189737955856117e-09,-0.10111856063292464,0.040846721090442975,0.10905694809738119,0.10111856063292464
Be-Be_2.04_sto-6g_as-008-012,sto-6g,jw_signed_baseline,200,0.005,1.0,125,0.625,0.63,74,0.10905721166629027,0.01189347541642604,0.9999999962810471,3.7189529233927487e-09,-0.10496523451487372,0.029592538210592073,0.10905695197697297,0.10496523451487372
Be-Be_2.04_sto-6g_as-008-012,sto-6g,jw_signed_baseline,200,0.005,1.0,126,0.63,0.635,73,0.10905720912079492,0.011893474861216795,0.9999999962810618,3.7189381574265212e-09,-0.10756351350830663,0.017986397425337957,0.10905695727735057,0.10756351350830663
Be-Be_2.04_sto-6g_as-008-012,sto-6g,jw_signed_baseline,200,0.005,1.0,127,0.635,0.64,72,0.10905720653921464,0.011893474298136919,0.9999999962810945,3.7189055168695972e-09,-0.108882494854521,0.006166334875241733,0.10905696388373562,0.108882494854521
Be-Be_2.04_sto-6g_as-008-012,sto-6g,jw_signed_baseline,200,0.005,1.0,128,0.64,0.645,71,0.10905720391767273,0.011893473726340852,0.9999999962811077,3.7188923052156042e-09,-0.10890649085131741,-0.0057270689369090565,0.10905697166232058,0.10890649085131741
Be-Be_2.04_sto-6g_as-008-012,sto-6g,jw_signed_baseline,200,0.005,1.0,129,0.645,0.65,70,0.10905720125240909,0.011893473145008458,0.9999999962811285,3.7188715440450437e-09,-0.10763521546285777,-0.01755236108853616,0.10905698046213352,0.10763521546285777
Be-Be_2.04_sto-6g_as-008-012,sto-6g,jw_signed_baseline,200,0.005,1.0,130,0.65,0.655,69,0.10905719853979368,0.011893472553347977,0.9999999962811622,3.718837793265095e-09,-0.10508378776003383,-0.029168898563619393,0.10905699011714266,0.10508378776003383
Be-Be_2.04_sto-6g_as-008-012,sto-6g,jw_signed_baseline,200,0.005,1.0,131,0.655,0.66,68,0.1090571957763146,0.011893471950593412,0.9999999962811856,3.7188143675592755e-09,-0.10128255214835495,-0.04043852095654741,0.10905700044856068,0.10128255214835495
Be-Be_2.04_sto-6g_as-008-012,sto-6g,jw_signed_baseline,200,0.005,1.0,132,0.66,0.665,67,0.10905719295862887,0.011893471336015609,0.9999999962812054,3.718794605589437e-09,-0.09627671751898073,-0.05122719366064682,0.10905701126738722,0.09627671751898073
Be-Be_2.04_sto-6g_as-008-012,sto-6g,jw_signed_baseline,200,0.005,1.0,133,0.665,0.67,66,0.10905719008354114,0.011893470708917624,0.9999999962812532,3.718746754977076e-09,-0.09012581961179224,-0.06140660199887131,0.10905702237703493,0.09012581961179224
Be-Be_2.04_sto-6g_as-008-012,sto-6g,jw_signed_baseline,200,0.005,1.0,134,0.67,0.675,65,0.10905718714802538,0.011893470068639432,0.9999999962812693,3.7187306567432188e-09,-0.0829030129821645,-0.07085567733709565,0.10905703357610433,0.0829030129821645
Be-Be_2.04_sto-6g_as-008-012,sto-6g,jw_signed_baseline,200,0.005,1.0,135,0.675,0.68,64,0.10905718414923299,0.011893469414559715,0.9999999962812979,3.718702124011486e-09,-0.07469420098927569,-0.0794620370290881,0.1090570446612161,0.07469420098927569
Be-Be_2.04_sto-6g_as-008-012,sto-6g,jw_signed_baseline,200,0.005,1.0,136,0.68,0.685,63,0.1090571810845182,0.011893468746101393,0.9999999962813294,3.7186705936775866e-09,-0.06559701415113413,-0.08712332106557936,0.10905705542989924,0.06559701415113413
Be-Be_2.04_sto-6g_as-008-012,sto-6g,jw_signed_baseline,200,0.005,1.0,137,0.685,0.6900000000000001,62,0.1090571779514208,0.011893468062727862,0.9999999962813623,3.7186377310760577e-09,-0.05571964901453531,-0.09374840952877556,0.10905706568342108,0.05571964901453531
Be-Be_2.04_sto-6g_as-008-012,sto-6g,jw_signed_baseline,200,0.005,1.0,138,0.6900000000000001,0.6950000000000001,61,0.10905717474767128,0.011893467363944109,0.9999999962813925,3.718607533009788e-09,-0.04517958134813842,-0.0992585063701798,0.1090570752295883,0.04517958134813842
Be-Be_2.04_sto-6g_as-008-012,sto-6g,jw_signed_baseline,200,0.005,1.0,139,0.6950000000000001,0.7000000000000001,60,0.10905717147122578,0.011893466649304341,0.9999999962814238,3.7185762247204934e-09,-0.03410216896187688,-0.10358807661938076,0.10905708388549135,0.03410216896187688
Be-Be_2.04_sto-6g_as-008-012,sto-6g,jw_signed_baseline,200,0.005,1.0,140,0.7000000000000001,0.705,59,0.10905716812027107,0.011893465918413068,0.9999999962814526,3.718547358921853e-09,-0.022619160769284136,-0.10668562587429786,0.10905709148009302,0.022619160769284136
Be-Be_2.04_sto-6g_as-008-012,sto-6g,jw_signed_baseline,200,0.005,1.0,141,0.705,0.71,58,0.10905716469319027,0.011893465170917624,0.9999999962814878,3.7185121648519726e-09,-0.010867129825076365,-0.10851431279914343,0.10905709785660633,0.010867129825076365
Be-Be_2.04_sto-6g_as-008-012,sto-6g,jw_signed_baseline,200,0.005,1.0,142,0.71,0.715,57,0.10905716118862989,0.011893464406522801,0.9999999962815261,3.718473862157623e-09,0.0010141510246920562,-0.10905238734267617,0.10905710287476905,-0.0010141510246920562
Be-Be_2.04_sto-6g_as-008-012,sto-6g,jw_signed_baseline,200,0.005,1.0,143,0.715,0.72,56,0.10905715760544758,0.011893463624979433,0.9999999962815698,3.7184302303927552e-09,0.012883371559647944,-0.10829344946203641,0.1090571064127899,-0.012883371559647944
Be-Be_2.04_sto-6g_as-008-012,sto-6g,jw_signed_baseline,200,0.005,1.0,144,0.72,0.725,55,0.10905715394274991,0.011893462826092653,0.9999999962816004,3.7183995882372756e-09,0.024599364895471758,-0.10624652527291167,0.1090571083690927,-0.024599364895471758
Be-Be_2.04_sto-6g_as-008-012,sto-6g,jw_signed_baseline,200,0.005,1.0,145,0.725,0.73,54,0.10905715019988384,0.011893462009720022,0.9999999962816228,3.718377161732178e-09,0.03602278649600178,-0.10293595971846883,0.10905710866375821,-0.03602278649600178
Be-Be_2.04_sto-6g_as-008-012,sto-6g,jw_signed_baseline,200,0.005,1.0,146,0.73,0.735,53,0.10905714637645408,0.011893461175775331,0.9999999962816521,3.718347851844328e-09,0.04701777151504192,-0.09840112703238955,0.10905710723967124,-0.04701777151504192
Be-Be_2.04_sto-6g_as-008-012,sto-6g,jw_signed_baseline,200,0.005,1.0,147,0.735,0.74,52,0.10905714247228748,0.011893460324220811,0.9999999962817085,3.718291452514677e-09,0.05745355075351957,-0.09269596243896147,0.10905710406329615,-0.05745355075351957
Be-Be_2.04_sto-6g_as-008-012,sto-6g,jw_signed_baseline,200,0.005,1.0,148,0.74,0.745,51,0.10905713848748888,0.011893459455079329,0.9999999962817406,3.7182593670692654e-09,0.06720600600975148,-0.08588832066016638,0.109057099125212,-0.06720600600975148
Be-Be_2.04_sto-6g_as-008-012,sto-6g,jw_signed_baseline,200,0.005,1.0,149,0.745,0.75,50,0.10905713442239356,0.01189345856842402,0.9999999962817835,3.718216512460515e-09,0.07615914632163016,-0.07805916885973234,0.1090570924402062,-0.07615914632163016
Be-Be_2.04_sto-6g_as-008-012,sto-6g,jw_signed_baseline,200,0.005,1.0,150,0.75,0.755,49,0.10905713027760816,0.0118934576643872,0.9999999962818155,3.7181845380374057e-09,0.08420648754014413,-0.06930162362463417,0.10905708404711224,-0.08420648754014413
Be-Be_2.04_sto-6g_as-008-012,sto-6g,jw_signed_baseline,200,0.005,1.0,151,0.755,0.76,48,0.10905712605396435,0.01189345674315027,0.9999999962818596,3.7181403511610256e-09,0.09125231882443396,-0.059719843439165275,0.10905707400822084,-0.09125231882443396
Be-Be_2.04_sto-6g_as-008-012,sto-6g,jw_signed_baseline,200,0.005,1.0,152,0.76,0.765,47,0.1090571217525628,0.011893455804953306,0.9999999962819085,3.718091501347942e-09,0.09721284099341158,-0.04942778982667621,0.10905706240844927,-0.09721284099341158
Be-Be_2.04_sto-6g_as-008-012,sto-6g,jw_signed_baseline,200,0.005,1.0,153,0.765,0.77,46,0.10905711737473563,0.011893454850086863,0.9999999962819456,3.7180544198989196e-09,0.1020171631939322,-0.038547871895721224,0.10905704935411709,-0.1020171631939322
Be-Be_2.04_sto-6g_as-008-012,sto-6g,jw_signed_baseline,200,0.005,1.0,154,0.77,0.775,45,0.10905711292207286,0.011893453878897751,0.9999999962819919,3.7180081235987927e-09,0.10560814603116739,-0.02720949041471761,0.10905703497147255,-0.10560814603116739
Be-Be_2.04_sto-6g_as-008-012,sto-6g,jw_signed_baseline,200,0.005,1.0,155,0.775,0.78,44,0.10905710839638576,0.011893452891781032,0.9999999962820274,3.7179725964620047e-09,0.10794308113347738,-0.015547498734165433,0.1090570194048845,-0.10794308113347738
Be-Be_2.04_sto-6g_as-008-012,sto-6g,jw_signed_baseline,200,0.005,1.0,156,0.78,0.785,43,0.1090571037997522,0.011893451889189926,0.9999999962820697,3.7179302969647665e-09,0.10899419907044092,-0.003700598864086944,0.10905700281485727,-0.10899419907044092
Be-Be_2.04_sto-6g_as-008-012,sto-6g,jw_signed_baseline,200,0.005,1.0,157,0.785,0.79,42,0.10905709913444273,0.011893450871619669,0.9999999962821127,3.7178873313337135e-09,0.10874899958432126,0.008190308214270792,0.10905698537569913,-0.10874899958432126
Be-Be_2.04_sto-6g_as-008-012,sto-6g,jw_signed_baseline,200,0.005,1.0,158,0.79,0.795,41,0.10905709440299313,0.011893449839623357,0.9999999962821661,3.717833929606229e-09,0.10721040020970767,0.019983798379911027,0.1090569672731395,-0.10721040020970767
Be-Be_2.04_sto-6g_as-008-012,sto-6g,jw_signed_baseline,200,0.005,1.0,159,0.795,0.8,40,0.1090570896081277,0.011893448793795195,0.9999999962822075,3.7177925182874105e-09,0.10439670151590781,0.031539606413403,0.10905694870164816,-0.10439670151590781
Be-Be_2.04_sto-6g_as-008-012,sto-6g,jw_signed_baseline,200,0.005,1.0,160,0.8,0.805,39,0.10905708475280158,0.011893447734779747,0.9999999962822472,3.717752772303129e-09,0.1003413693885198,0.04272029424177898,0.10905692986173575,-0.1003413693885198
Be-Be_2.04_sto-6g_as-008-012,sto-6g,jw_signed_baseline,200,0.005,1.0,161,0.805,0.81,38,0.10905707984016778,0.01189344666326473,0.999999996282291,3.7177090295159587e-09,0.0950926369424796,0.053392885545112484,0.1090569109571132,-0.0950926369424796
Be-Be_2.04_sto-6g_as-008-012,sto-6g,jw_signed_baseline,200,0.005,1.0,162,0.81,0.8150000000000001,37,0.10905707487358235,0.011893445579982146,0.9999999962823322,3.717667840241745e-09,0.088712930804327,0.06343044728399064,0.10905689219182997,-0.088712930804327
Be-Be_2.04_sto-6g_as-008-012,sto-6g,jw_signed_baseline,200,0.005,1.0,163,0.8150000000000001,0.8200000000000001,36,0.10905706985659981,0.011893444485707292,0.9999999962823917,3.7176083322876252e-09,0.08127812859006572,0.07271359933889325,0.10905687376740797,-0.08127812859006572
Be-Be_2.04_sto-6g_as-008-012,sto-6g,jw_signed_baseline,200,0.005,1.0,164,0.8200000000000001,0.8250000000000001,35,0.10905706479293568,0.011893443381250571,0.9999999962824351,3.7175649225673624e-09,0.07287665641250207,0.0811319343080245,0.10905685587998346,-0.07287665641250207
Be-Be_2.04_sto-6g_as-008-012,sto-6g,jw_signed_baseline,200,0.005,1.0,165,0.8250000000000001,0.8300000000000001,34,0.10905705968650029,0.011893442267464886,0.9999999962824756,3.7175243994269636e-09,0.06360843715400014,0.08858533057961887,0.1090568387175914,-0.06360843715400014
Be-Be_2.04_sto-6g_as-008-012,sto-6g,jw_signed_baseline,200,0.005,1.0,166,0.8300000000000001,0.835,33,0.109057054541339,0.01189344114523259,0.9999999962825211,3.717478880282954e-09,0.053583702015156665,0.09498514306392221,0.10905682245748258,-0.053583702015156665
Be-Be_2.04_sto-6g_as-008-012,sto-6g,jw_signed_baseline,200,0.005,1.0,167,0.835,0.84,32,0.10905704936169527,0.01189344001547924,0.99999999628258,3.7174200384626488e-09,0.042921679475368325,0.10025525742607097,0.1090568072637101,-0.042921679475368325
Be-Be_2.04_sto-6g_as-008-012,sto-6g,jw_signed_baseline,200,0.005,1.0,168,0.84,0.845,31,0.10905704415191884,0.011893438879153576,0.9999999962826192,3.7173808475898795e-09,0.031749177258489095,0.10433299528415553,0.10905679328475866,-0.031749177258489095
Be-Be_2.04_sto-6g_as-008-012,sto-6g,jw_signed_baseline,200,0.005,1.0,169,0.845,0.85,30,0.10905703891647739,0.011893437737230063,0.9999999962826728,3.71732722381779e-09,0.02019907416869894,0.10716985960985624,0.10905678065149776,-0.02019907416869894
Be-Be_2.04_sto-6g_as-008-012,sto-6g,jw_signed_baseline,200,0.005,1.0,170,0.85,0.855,29,0.1090570336599997,0.011893436590718308,0.9999999962827236,3.7172763756032623e-09,0.008408739733246415,0.10873211146902727,0.10905676947541793,-0.008408739733246415
Be-Be_2.04_sto-6g_as-008-012,sto-6g,jw_signed_baseline,200,0.005,1.0,171,0.855,0.86,28,0.1090570283871987,0.011893435440646265,0.9999999962827653,3.717234742239839e-09,-0.0034815995538711657,0.10900117124544918,0.1090567598470322,0.0034815995538711657
Be-Be_2.04_sto-6g_as-008-012,sto-6g,jw_signed_baseline,200,0.005,1.0,172,0.86,0.865,27,0.10905702310288769,0.011893434288063779,0.9999999962828148,3.7171852262929406e-09,-0.015330527958096325,0.10797383957816369,0.10905675183465258,0.015330527958096325
Be-Be_2.04_sto-6g_as-008-012,sto-6g,jw_signed_baseline,200,0.005,1.0,173,0.865,0.87,26,0.1090570178119678,0.011893433134039864,0.9999999962828666,3.7171333788776906e-09,-0.02699712236781839,0.10566233538639075,0.10905674548348251,0.02699712236781839
Be-Be_2.04_sto-6g_as-008-012,sto-6g,jw_signed_baseline,200,0.005,1.0,174,0.87,0.875,25,0.10905701251940082,0.01189343197965675,0.999999996282913,3.7170869715552612e-09,-0.03834262829496559,0.1020941505308933,0.10905674081500233,0.03834262829496559
Be-Be_2.04_sto-6g_as-008-012,sto-6g,jw_signed_baseline,200,0.005,1.0,175,0.875,0.88,24,0.10905700723024218,0.011893430826017097,0.9999999962829641,3.7170359012961285e-09,-0.04923211008217387,0.09731172284094093,0.10905673782676333,0.04923211008217387
Be-Be_2.04_sto-6g_as-008-012,sto-6g,jw_signed_baseline,200,0.005,1.0,176,0.88,0.885,23,0.10905700194955537,0.011893429674225322,0.9999999962830175,3.716982499568644e-09,-0.059536055692781135,0.09137193139537275,0.10905673649240857,0.059536055692781135
Be-Be_2.04_sto-6g_as-008-012,sto-6g,jw_signed_baseline,200,0.005,1.0,177,0.885,0.89,22,0.10905699668244355,0.011893428525394503,0.9999999962830639,3.7169360922462147e-09,-0.06913191700015633,0.08434542005996044,0.1090567367621445,0.06913191700015633
Be-Be_2.04_sto-6g_as-008-012,sto-6g,jw_signed_baseline,200,0.005,1.0,178,0.89,0.895,21,0.10905699143406315,0.011893427380649324,0.9999999962831112,3.7168887967453657e-09,-0.07790556725956828,0.0763157573249486,0.10905673856353655,0.07790556725956828
Be-Be_2.04_sto-6g_as-008-012,sto-6g,jw_signed_baseline,200,0.005,1.0,179,0.895,0.9,20,0.10905698620955113,0.011893426241110226,0.9999999962831606,3.71683939182077e-09,-0.08575265843029306,0.06737844243318546,0.10905674180253415,0.08575265843029306
Be-Be_2.04_sto-6g_as-008-012,sto-6g,jw_signed_baseline,200,0.005,1.0,180,0.9,0.905,19,0.10905698101405237,0.01189342510789938,0.9999999962832147,3.7167853239594706e-09,-0.09257986220656858,0.05763976961710698,0.10905674636491038,0.09257986220656858
Be-Be_2.04_sto-6g_as-008-012,sto-6g,jw_signed_baseline,200,0.005,1.0,181,0.905,0.91,18,0.10905697585269176,0.011893423982134596,0.999999996283255,3.7167450228636767e-09,-0.09830597999819458,0.04721556394990042,0.10905675211793431,0.09830597999819458
Be-Be_2.04_sto-6g_as-008-012,sto-6g,jw_signed_baseline,200,0.005,1.0,182,0.91,0.915,17,0.1090569707305805,0.011893422864930694,0.9999999962833181,3.7166818511735755e-09,-0.10286290865982899,0.03622980384301284,0.1090567589123366,0.10286290865982899
Be-Be_2.04_sto-6g_as-008-012,sto-6g,jw_signed_baseline,200,0.005,1.0,183,0.915,0.92,16,0.10905696565275952,0.01189342175738717,0.999999996283367,3.716633001360492e-09,-0.10619645048269241,0.02481314657056809,0.10905676658445103,0.10619645048269241
Be-Be_2.04_sto-6g_as-008-012,sto-6g,jw_signed_baseline,200,0.005,1.0,184,0.92,0.925,15,0.1090569606242544,0.011893420660600177,0.9999999962834175,3.7165824862128716e-09,-0.10826695781454017,0.013101374354262157,0.10905677495866976,0.10826695781454017
Be-Be_2.04_sto-6g_as-008-012,sto-6g,jw_signed_baseline,200,0.005,1.0,185,0.925,0.93,14,0.10905695564998183,0.011893419575642104,0.9999999962834736,3.716526419950128e-09,-0.1090498046392739,0.00123377948794528,0.10905678384992232,0.1090498046392739
Be-Be_2.04_sto-6g_as-008-012,sto-6g,jw_signed_baseline,200,0.005,1.0,186,0.93,0.935,13,0.10905695073482709,0.011893418503578503,0.9999999962835155,3.716484453519797e-09,-0.10853567950591002,-0.01064849229380992,0.10905679306646122,0.10853567950591002
Be-Be_2.04_sto-6g_as-008-012,sto-6g,jw_signed_baseline,200,0.005,1.0,187,0.935,0.9400000000000001,12,0.10905694588356019,0.011893417445449776,0.9999999962835763,3.71642372432035e-09,-0.10673069632021716,-0.02240412050175176,0.10905680241257502,0.10673069632021716
Be-Be_2.04_sto-6g_as-008-012,sto-6g,jw_signed_baseline,200,0.005,1.0,188,0.9400000000000001,0.9450000000000001,11,0.1090569411008369,0.011893416402271408,0.9999999962836202,3.716379759488575e-09,-0.10365632167894534,-0.03389329066784028,0.10905681169144688,0.10365632167894534
Be-Be_2.04_sto-6g_as-008-012,sto-6g,jw_signed_baseline,200,0.005,1.0,189,0.9450000000000001,0.9500000000000001,10,0.10905693639124198,0.011893415375043398,0.9999999962836723,3.71632769002872e-09,-0.09934911960802159,-0.044979357221535,0.10905682070806683,0.09934911960802159
Be-Be_2.04_sto-6g_as-008-012,sto-6g,jw_signed_baseline,200,0.005,1.0,190,0.9500000000000001,0.9550000000000001,9,0.10905693175920729,0.011893414364732395,0.9999999962837288,3.7162711796767667e-09,-0.0938603167377891,-0.05553046868830488,0.10905682927199425,0.0938603167377891
Be-Be_2.04_sto-6g_as-008-012,sto-6g,jw_signed_baseline,200,0.005,1.0,191,0.9550000000000001,0.96,8,0.10905692720904156,0.01189341337227819,0.9999999962837732,3.7162267707557817e-09,-0.08725519308444563,-0.06542113588053007,0.10905683720016213,0.08725519308444563
Be-Be_2.04_sto-6g_as-008-012,sto-6g,jw_signed_baseline,200,0.005,1.0,192,0.96,0.965,7,0.10905692274491678,0.011893412398590748,0.9999999962838296,3.7161703714261307e-09,-0.07961230568091557,-0.07453372442796122,0.10905684431953276,0.07961230568091557
Be-Be_2.04_sto-6g_as-008-012,sto-6g,jw_signed_baseline,200,0.005,1.0,193,0.965,0.97,6,0.10905691837082919,0.011893411444541702,0.9999999962838763,3.7161237420590965e-09,-0.07102255428915463,-0.08275985389419974,0.109056850469584,0.07102255428915463
Be-Be_2.04_sto-6g_as-008-012,sto-6g,jw_signed_baseline,200,0.005,1.0,194,0.97,0.975,5,0.10905691409066552,0.0118934105109788,0.9999999962839256,3.716074448156803e-09,-0.06158810030434661,-0.09000168683685335,0.10905685550471955,0.06158810030434661
Be-Be_2.04_sto-6g_as-008-012,sto-6g,jw_signed_baseline,200,0.005,1.0,195,0.975,0.98,4,0.10905690990805651,0.011893409598693954,0.9999999962839764,3.7160235999422753e-09,-0.051421151708175836,-0.09617309247688197,0.10905685929625025,0.051421151708175836
Be-Be_2.04_sto-6g_as-008-012,sto-6g,jw_signed_baseline,200,0.005,1.0,196,0.98,0.985,3,0.10905690582654717,0.01189340870846038,0.9999999962840305,3.715969532080976e-09,-0.04064262852237797,-0.10120067113492506,0.10905686173445146,0.04064262852237797
Be-Be_2.04_sto-6g_as-008-012,sto-6g,jw_signed_baseline,200,0.005,1.0,197,0.985,0.99,2,0.10905690184944429,0.011893407840999326,0.9999999962840754,3.7159245680484787e-09,-0.029380724635130747,-0.10502462724727989,0.10905686273002477,0.029380724635130747
Be-Be_2.04_sto-6g_as-008-012,sto-6g,jw_signed_baseline,200,0.005,1.0,198,0.99,0.995,1,0.10905689797985735,0.011893406996989014,0.9999999962841362,3.7158638388490317e-09,-0.01776938310649764,-0.10759948057632583,0.1090568622154544,0.01776938310649764
Be-Be_2.04_sto-6g_as-008-012,sto-6g,jw_signed_baseline,200,0.005,1.0,199,0.995,1.0,0,0.10905689422073286,0.011893406177072118,0.9999999962841746,3.7158254251323797e-09,-0.005946703088540337,-0.10889460715431412,0.10905686014605251,0.005946703088540337
Be-Be_2.04_sto-6g_as-008-012,sto-6g,signed_parent_descendants_round_robin,200,0.005,1.0,0,0.0,0.005,199,0.10905734752669805,0.011893505049558993,0.9999999990534439,9.465560557586628e-10,-0.024169799013508735,0.10634526672950384,0.10905730117751275,0.024169799013508735
Be-Be_2.04_sto-6g_as-008-012,sto-6g,signed_parent_descendants_round_robin,200,0.005,1.0,1,0.005,0.01,198,0.10905733841867105,0.011893503062964545,0.9999999990534365,9.465634942529277e-10,-0.035606538166163444,0.10308087429662234,0.10905728864195419,0.035606538166163444
Be-Be_2.04_sto-6g_as-008-012,sto-6g,signed_parent_descendants_round_robin,200,0.005,1.0,2,0.01,0.015,197,0.10905732932657781,0.011893501079845648,0.9999999990534336,9.465663808327918e-10,-0.04661978711483249,0.09859049098951514,0.10905727607173199,0.04661978711483249
Be-Be_2.04_sto-6g_as-008-012,sto-6g,signed_parent_descendants_round_robin,200,0.005,1.0,3,0.015,0.02,196,0.10905732026004389,0.011893499102301778,0.999999999053443,9.46557054959385e-10,-0.057078560122084315,0.09292752391961419,0.10905726352444783,0.057078560122084315
Be-Be_2.04_sto-6g_as-008-012,sto-6g,signed_parent_descendants_round_robin,200,0.005,1.0,4,0.02,0.025,195,0.10905731122862919,0.01189349713241809,0.9999999990534362,9.465638273198351e-10,-0.06685846623941981,0.08615932625309128,0.10905725105775527,0.06685846623941981
Be-Be_2.04_sto-6g_as-008-012,sto-6g,signed_parent_descendants_round_robin,200,0.005,1.0,5,0.025,0.03,194,0.1090573022418059,0.011893495172260604,0.999999999053447,9.465529471341938e-10,-0.07584318873657114,0.07836639612351967,0.10905723872865822,0.07584318873657114
Be-Be_2.04_sto-6g_as-008-012,sto-6g,signed_parent_descendants_round_robin,200,0.005,1.0,6,0.03,0.035,193,0.1090572933089457,0.011893493223873414,0.9999999990534437,9.465562778032677e-10,-0.08392586849598516,0.06964141920805787,0.10905722659282073,0.08392586849598516
Be-Be_2.04_sto-6g_as-008-012,sto-6g,signed_parent_descendants_round_robin,200,0.005,1.0,7,0.035,0.04,192,0.10905728443929998,0.011893491289274381,0.999999999053449,9.465509487327495e-10,-0.09101037492009703,0.0600881663547324,0.1090572147038912,0.09101037492009703
Be-Be_2.04_sto-6g_as-008-012,sto-6g,signed_parent_descendants_round_robin,200,0.005,1.0,8,0.04,0.045,191,0.10905727564195819,0.011893489370446047,0.9999999990534485,9.465515038442618e-10,-0.09701244923631362,0.04982025937271375,0.10905720311282882,0.09701244923631362
Be-Be_2.04_sto-6g_as-008-012,sto-6g,signed_parent_descendants_round_robin,200,0.005,1.0,9,0.045,0.05,190,0.10905726692584886,0.011893487469335846,0.9999999990534515,9.465485062420953e-10,-0.10186070660302729,0.03895981966482237,0.10905719186731101,0.10186070660302729
Be-Be_2.04_sto-6g_as-008-012,sto-6g,signed_parent_descendants_round_robin,200,0.005,1.0,10,0.05,0.055,189,0.10905725829970898,0.011893485587849445,0.999999999053455,9.465449535284165e-10,-0.10549748509882466,0.02763601577510029,0.1090571810111481,0.10549748509882466
Be-Be_2.04_sto-6g_as-008-012,sto-6g,signed_parent_descendants_round_robin,200,0.005,1.0,11,0.055,0.06,188,0.10905724977206381,0.011893483727846313,0.9999999990534615,9.465385142348737e-10,-0.10787953149855038,0.015983527126070266,0.1090571705837656,0.10787953149855038
Be-Be_2.04_sto-6g_as-008-012,sto-6g,signed_parent_descendants_round_robin,200,0.005,1.0,12,0.06,0.065,187,0.10905724135121285,0.011893481891136691,0.9999999990534721,9.465278560938373e-10,-0.10897851568082467,0.004140942217103252,0.10905716061974627,0.10897851568082467
Be-Be_2.04_sto-6g_as-008-012,sto-6g,signed_parent_descendants_round_robin,200,0.005,1.0,13,0.065,0.07,186,0.1090572330451826,0.011893480079471266,0.9999999990534698,9.46530187562189e-10,-0.10878136754978046,-0.007750889665518356,0.10905715114841148,0.10878136754978046
Be-Be_2.04_sto-6g_as-008-012,sto-6g,signed_parent_descendants_round_robin,200,0.005,1.0,14,0.07,0.075,185,0.10905722486177175,0.011893478294551044,0.9999999990534818,9.46518197153523e-10,-0.10729043246469883,-0.019550533623496943,0.10905714219355642,0.10729043246469883
Be-Be_2.04_sto-6g_as-008-012,sto-6g,signed_parent_descendants_round_robin,200,0.005,1.0,15,0.075,0.08,184,0.10905721680845136,0.011893476538005567,0.9999999990534918,9.465082051463014e-10,-0.10452344332936207,-0.03111765128319779,0.10905713377312401,0.10452344332936207
Be-Be_2.04_sto-6g_as-008-012,sto-6g,signed_parent_descendants_round_robin,200,0.005,1.0,16,0.08,0.085,183,0.10905720889241706,0.011893474811404292,0.9999999990534895,9.465105366146531e-10,-0.1005133096738293,-0.042314669888653865,0.10905712589910325,0.1005133096738293
Be-Be_2.04_sto-6g_as-008-012,sto-6g,signed_parent_descendants_round_robin,200,0.005,1.0,17,0.085,0.09,182,0.10905720112053231,0.011893473116244235,0.9999999990534906,9.465094263916285e-10,-0.09530772623720378,-0.05300841850026748,0.10905711857740091,0.09530772623720378
Be-Be_2.04_sto-6g_as-008-012,sto-6g,signed_parent_descendants_round_robin,200,0.005,1.0,18,0.09,0.095,181,0.10905719349933188,0.011893471453950715,0.999999999053497,9.465029870980857e-10,-0.08896860570703309,-0.06307171183992115,0.10905711180785768,0.08896860570703309
Be-Be_2.04_sto-6g_as-008-012,sto-6g,signed_parent_descendants_round_robin,200,0.005,1.0,19,0.095,0.1,180,0.10905718603500286,0.011893469825873224,0.9999999990535061,9.464938832692837e-10,-0.08157134236184826,-0.07238486294603233,0.10905710558432102,0.08157134236184826
Be-Be_2.04_sto-6g_as-008-012,sto-6g,signed_parent_descendants_round_robin,200,0.005,1.0,20,0.1,0.105,179,0.10905717873336453,0.011893468233281017,0.9999999990535108,9.464892203325803e-10,-0.07320391537448581,-0.08083710664854547,0.10905709989479453,0.07320391537448581
Be-Be_2.04_sto-6g_as-008-012,sto-6g,signed_parent_descendants_round_robin,200,0.005,1.0,21,0.105,0.11,178,0.10905717159986568,0.01189346667736255,0.9999999990535214,9.46478562191544e-10,-0.06396584244064685,-0.08832791693453373,0.10905709472168947,0.06396584244064685
Be-Be_2.04_sto-6g_as-008-012,sto-6g,signed_parent_descendants_round_robin,200,0.005,1.0,22,0.11,0.115,177,0.10905716463957357,0.011893465159223056,0.9999999990535235,9.464764527677971e-10,-0.05396699617718596,-0.094768202536875,0.10905709004213603,0.05396699617718596
Be-Be_2.04_sto-6g_as-008-012,sto-6g,signed_parent_descendants_round_robin,200,0.005,1.0,23,0.115,0.12,176,0.10905715785716039,0.0118934636798816,0.999999999053525,9.464750094778651e-10,-0.0433262973665524,-0.10008136652684349,0.10905708582836475,0.0433262973665524
Be-Be_2.04_sto-6g_as-008-012,sto-6g,signed_parent_descendants_round_robin,200,0.005,1.0,24,0.12,0.125,175,0.10905715125687077,0.01189346224026399,0.9999999990535364,9.464635741807115e-10,-0.032170300588667274,-0.10420421730855296,0.10905708204813357,0.032170300588667274
Be-Be_2.04_sto-6g_as-008-012,sto-6g,signed_parent_descendants_round_robin,200,0.005,1.0,25,0.125,0.13,174,0.10905714484256662,0.011893460841212554,0.999999999053544,9.46456024664144e-10,-0.020631689061267226,-0.10708772018063473,0.10905707866528763,0.020631689061267226
Be-Be_2.04_sto-6g_as-008-012,sto-6g,signed_parent_descendants_round_robin,200,0.005,1.0,26,0.13,0.135,173,0.10905713861767476,0.011893459483474728,0.999999999053544,9.46456024664144e-10,-0.008847696589458103,-0.10869758052629429,0.10905707564027811,0.008847696589458103
Be-Be_2.04_sto-6g_as-008-012,sto-6g,signed_parent_descendants_round_robin,200,0.005,1.0,27,0.135,0.14,172,0.10905713258519216,0.011893458167704183,0.9999999990535464,9.464535821734898e-10,0.003041524607549945,-0.10901465169549124,0.10905707293077144,-0.003041524607549945
Be-Be_2.04_sto-6g_as-008-012,sto-6g,signed_parent_descendants_round_robin,200,0.005,1.0,28,0.14,0.145,171,0.10905712674769157,0.011893456894462064,0.999999999053559,9.464410366533116e-10,0.014894570780913685,-0.10803516272776591,0.10905707049230008,-0.014894570780913685
Be-Be_2.04_sto-6g_as-008-012,sto-6g,signed_parent_descendants_round_robin,200,0.005,1.0,29,0.145,0.15,170,0.10905712110730893,0.011893455664214249,0.9999999990535638,9.464361516720032e-10,0.02657046842330393,-0.10577076320684875,0.1090570682789202,-0.02657046842330393
Be-Be_2.04_sto-6g_as-008-012,sto-6g,signed_parent_descendants_round_robin,200,0.005,1.0,30,0.15,0.155,169,0.10905711566574211,0.011893454477331054,0.9999999990535662,9.464338202036515e-10,0.03793035092502505,-0.10224838471305328,0.10905706624388947,-0.03793035092502505
Be-Be_2.04_sto-6g_as-008-012,sto-6g,signed_parent_descendants_round_robin,200,0.005,1.0,31,0.155,0.16,168,0.10905711042425716,0.011893453334088618,0.9999999990535708,9.46429157266948e-10,0.04883911017394887,-0.09750992052071054,0.10905706434036451,-0.04883911017394887
Be-Be_2.04_sto-6g_as-008-012,sto-6g,signed_parent_descendants_round_robin,200,0.005,1.0,32,0.16,0.165,167,0.10905710538366951,0.011893452234664799,0.9999999990535756,9.464243833079422e-10,0.05916700345611844,-0.09161172734953138,0.10905706252206322,-0.05916700345611844
Be-Be_2.04_sto-6g_as-008-012,sto-6g,signed_parent_descendants_round_robin,200,0.005,1.0,33,0.165,0.17,166,0.1090571005443639,0.011893451179143498,0.9999999990535793,9.46420719571961e-10,0.06879119654537215,-0.08462395509527659,0.1090570607439583,-0.06879119654537215
Be-Be_2.04_sto-6g_as-008-012,sto-6g,signed_parent_descendants_round_robin,200,0.005,1.0,34,0.17,0.17500000000000002,165,0.10905709590629382,0.011893450167514568,0.9999999990535832,9.464168337913748e-10,0.07759722462900218,-0.0766297125109944,0.10905705896291847,-0.07759722462900218
Be-Be_2.04_sto-6g_as-008-012,sto-6g,signed_parent_descendants_round_robin,200,0.005,1.0,35,0.17500000000000002,0.18,164,0.10905709146896603,0.011893449199670423,0.9999999990535848,9.464151684568378e-10,0.085480353693678,-0.06772407876133774,0.10905705713830796,-0.085480353693678
Be-Be_2.04_sto-6g_as-008-012,sto-6g,signed_parent_descendants_round_robin,200,0.005,1.0,36,0.18,0.185,163,0.10905708723148627,0.011893448275416005,0.9999999990535866,9.464133920999984e-10,0.09234682617965964,-0.05801297260571209,0.10905705523260462,-0.09234682617965964
Be-Be_2.04_sto-6g_as-008-012,sto-6g,signed_parent_descendants_round_robin,200,0.005,1.0,37,0.185,0.19,162,0.10905708319250217,0.011893447394456337,0.9999999990535927,9.46407285873363e-10,0.09811497608753282,-0.0476118926592709,0.10905705321186279,-0.09811497608753282
Be-Be_2.04_sto-6g_as-008-012,sto-6g,signed_parent_descendants_round_robin,200,0.005,1.0,38,0.19,0.195,161,0.10905707935028436,0.011893446556414219,0.9999999990535916,9.464083960963876e-10,0.10271620027464884,-0.03664454371451014,0.10905705104625933,-0.10271620027464884
Be-Be_2.04_sto-6g_as-008-012,sto-6g,signed_parent_descendants_round_robin,200,0.005,1.0,39,0.195,0.2,160,0.10905707570267134,0.011893445760818187,0.9999999990535942,9.46405842583431e-10,0.10609577438848358,-0.025241365461069056,0.10905704871043989,-0.10609577438848358
Be-Be_2.04_sto-6g_as-008-012,sto-6g,signed_parent_descendants_round_robin,200,0.005,1.0,40,0.2,0.20500000000000002,159,0.10905707224710871,0.01189344500711109,0.9999999990535927,9.46407285873363e-10,0.10821350373227256,-0.013537981102812185,0.10905704618388795,-0.10821350373227256
Be-Be_2.04_sto-6g_as-008-012,sto-6g,signed_parent_descendants_round_robin,200,0.005,1.0,41,0.20500000000000002,0.21,158,0.10905706898065734,0.011893444294651853,0.9999999990535899,9.464100614309245e-10,0.1090442013214182,-0.0016735843235810527,0.10905704345118714,-0.1090442013214182
Be-Be_2.04_sto-6g_as-008-012,sto-6g,signed_parent_descendants_round_robin,200,0.005,1.0,42,0.21,0.215,157,0.10905706590001422,0.011893443622720046,0.9999999990535887,9.464112826762516e-10,0.10857798744458327,0.010210716213265855,0.10905704050222495,-0.10857798744458327
Be-Be_2.04_sto-6g_as-008-012,sto-6g,signed_parent_descendants_round_robin,200,0.005,1.0,43,0.215,0.22,156,0.10905706300146749,0.011893442990506048,0.9999999990535959,9.464040662265916e-10,0.10682040716636357,0.021973575141483796,0.10905703733224248,-0.10682040716636357
Be-Be_2.04_sto-6g_as-008-012,sto-6g,signed_parent_descendants_round_robin,200,0.005,1.0,44,0.22,0.225,155,0.1090570602809975,0.011893442397133122,0.9999999990535827,9.464172778805846e-10,0.1037923643741591,0.03347509148363278,0.10905703394195074,-0.1037923643741591
Be-Be_2.04_sto-6g_as-008-012,sto-6g,signed_parent_descendants_round_robin,200,0.005,1.0,45,0.225,0.23,154,0.10905705773422883,0.01189344184164692,0.9999999990535863,9.464137251669058e-10,0.0995298731533521,0.04457847256349085,0.10905703033741687,-0.0995298731533521
Be-Be_2.04_sto-6g_as-008-012,sto-6g,signed_parent_descendants_round_robin,200,0.005,1.0,46,0.23,0.23500000000000001,153,0.10905705535646196,0.011893441323022409,0.9999999990535756,9.464243833079422e-10,0.094083629448295,0.05515166094859864,0.10905702652994562,-0.094083629448295
Be-Be_2.04_sto-6g_as-008-012,sto-6g,signed_parent_descendants_round_robin,200,0.005,1.0,47,0.23500000000000001,0.24,152,0.10905705314268399,0.011893440840166199,0.9999999990535798,9.464201644604486e-10,0.08751840810360999,0.06506890507299397,0.10905702253586573,-0.08751840810360999
Be-Be_2.04_sto-6g_as-008-012,sto-6g,signed_parent_descendants_round_robin,200,0.005,1.0,48,0.24,0.245,151,0.10905705108760044,0.011893440391923492,0.9999999990535757,9.464242722856397e-10,0.07991229245768547,0.07421225485912689,0.10905701837625424,-0.07991229245768547
Be-Be_2.04_sto-6g_as-008-012,sto-6g,signed_parent_descendants_round_robin,200,0.005,1.0,49,0.245,0.25,150,0.10905704918562592,0.01189343997707603,0.9999999990535667,9.464332650921392e-10,0.07135574565143553,0.08247296455094337,0.1090570140765532,-0.07135574565143553
Be-Be_2.04_sto-6g_as-008-012,sto-6g,signed_parent_descendants_round_robin,200,0.005,1.0,50,0.25,0.255,149,0.10905704743093807,0.011893439594353876,0.9999999990535566,9.464433681216633e-10,0.06195053469846608,0.08975278607321113,0.1090570096661808,-0.06195053469846608
Be-Be_2.04_sto-6g_as-008-012,sto-6g,signed_parent_descendants_round_robin,200,0.005,1.0,51,0.255,0.26,148,0.10905704581745176,0.011893439242429773,0.9999999990535526,9.46447364924552e-10,0.05180852011359851,0.09596513753459529,0.1090570051780028,-0.05180852011359851
Be-Be_2.04_sto-6g_as-008-012,sto-6g,signed_parent_descendants_round_robin,200,0.005,1.0,52,0.26,0.265,147,0.10905704433887689,0.01189343891993176,0.9999999990535401,9.464599104447302e-10,0.0410503254960023,0.10103613297713895,0.10905700064783481,-0.0410503254960023
Be-Be_2.04_sto-6g_as-008-012,sto-6g,signed_parent_descendants_round_robin,200,0.005,1.0,53,0.265,0.27,146,0.10905704298871514,0.011893438625442463,0.9999999990535359,9.464641292922238e-10,0.02980390289057355,0.10490546112506727,0.10905699611383829,-0.02980390289057355
Be-Be_2.04_sto-6g_as-008-012,sto-6g,signed_parent_descendants_round_robin,200,0.005,1.0,54,0.27,0.275,145,0.10905704176027828,0.01189343835750308,0.9999999990535194,9.464805605929882e-10,0.018203010991089296,0.10752710268192386,0.10905699161590107,-0.018203010991089296
Be-Be_2.04_sto-6g_as-008-012,sto-6g,signed_parent_descendants_round_robin,200,0.005,1.0,55,0.275,0.28,144,0.1090570406467337,0.011893438114623327,0.9999999990535056,9.46494438380796e-10,0.0063856242847245654,0.10886987764551065,0.1090569871950171,-0.0063856242847245654
Be-Be_2.04_sto-6g_as-008-012,sto-6g,signed_parent_descendants_round_robin,200,0.005,1.0,56,0.28,0.28500000000000003,143,0.1090570396410908,0.01189343789527845,0.9999999990534957,9.465043193657152e-10,-0.005507707940801546,0.10891781613158301,0.1090569828925892,0.005507707940801546
Be-Be_2.04_sto-6g_as-008-012,sto-6g,signed_parent_descendants_round_robin,200,0.005,1.0,57,0.28500000000000003,0.29,142,0.10905703873624813,0.011893437697919526,0.9999999990534794,9.465206396441772e-10,-0.01733553321035758,0.10767034829675151,0.10905697874978562,0.01733553321035758
Be-Be_2.04_sto-6g_as-008-012,sto-6g,signed_parent_descendants_round_robin,200,0.005,1.0,58,0.29,0.295,141,0.10905703792500245,0.01189343752097542,0.9999999990534678,9.465321859636333e-10,-0.028957178213562793,0.105142311102294,0.10905697480685778,0.028957178213562793
Be-Be_2.04_sto-6g_as-008-012,sto-6g,signed_parent_descendants_round_robin,200,0.005,1.0,59,0.295,0.3,140,0.10905703720006375,0.011893437362856089,0.9999999990534526,9.465473960190707e-10,-0.04023442188705697,0.10136377183915804,0.10905697110247735,0.04023442188705697
Be-Be_2.04_sto-6g_as-008-012,sto-6g,signed_parent_descendants_round_robin,200,0.005,1.0,60,0.3,0.305,139,0.10905703655410065,0.011893437221962446,0.9999999990534343,9.46565714698977e-10,-0.051033139328587766,0.09637967051367802,0.10905696767312113,0.051033139328587766
Be-Be_2.04_sto-6g_as-008-012,sto-6g,signed_parent_descendants_round_robin,200,0.005,1.0,61,0.305,0.31,138,0.10905703597971832,0.011893437096681576,0.9999999990534216,9.465783712414577e-10,-0.06122489699142634,0.09024928534774135,0.10905696455242465,0.06122489699142634
Be-Be_2.04_sto-6g_as-008-012,sto-6g,signed_parent_descendants_round_robin,200,0.005,1.0,62,0.31,0.315,137,0.1090570354695466,0.011893436985405946,0.9999999990534025,9.465974670774813e-10,-0.07068848018736455,0.08304552775105922,0.10905696177067918,0.07068848018736455
Be-Be_2.04_sto-6g_as-008-012,sto-6g,signed_parent_descendants_round_robin,200,0.005,1.0,63,0.315,0.32,136,0.10905703501618233,0.011893436886520819,0.9999999990533851,9.466148975789679e-10,-0.07931133473161557,0.07485407515079681,0.10905695935423611,0.07931133473161557
Be-Be_2.04_sto-6g_as-008-012,sto-6g,signed_parent_descendants_round_robin,200,0.005,1.0,64,0.32,0.325,135,0.10905703461227638,0.011893436798423248,0.9999999990533648,9.466352146603185e-10,-0.08699090558420562,0.06577235199268763,0.10905695732510685,0.08699090558420562
Be-Be_2.04_sto-6g_as-008-012,sto-6g,signed_parent_descendants_round_robin,200,0.005,1.0,65,0.325,0.33,134,0.1090570342505097,0.011893436719516846,0.9999999990533442,9.46655753786274e-10,-0.09363585656748666,0.05590837103276816,0.10905695570051735,0.09363585656748666
Be-Be_2.04_sto-6g_as-008-012,sto-6g,signed_parent_descendants_round_robin,200,0.005,1.0,66,0.33,0.335,133,0.10905703392363997,0.011893436648221957,0.9999999990533226,9.466774031352543e-10,-0.09916715665385811,0.04537944870082135,0.1090569544926013,0.09916715665385811
Be-Be_2.04_sto-6g_as-008-012,sto-6g,signed_parent_descendants_round_robin,200,0.005,1.0,67,0.335,0.34,132,0.10905703362451263,0.01189343658297808,0.9999999990532948,9.4670515871087e-10,-0.10351901990462806,0.03431080981385379,0.10905695370813007,0.10351901990462806
Be-Be_2.04_sto-6g_as-008-012,sto-6g,signed_parent_descendants_round_robin,200,0.005,1.0,68,0.34,0.34500000000000003,131,0.10905703334608906,0.01189343652224998,0.9999999990532811,9.467189254763753e-10,-0.10663968788149876,0.022834098233961417,0.10905695334833847,0.10663968788149876
Be-Be_2.04_sto-6g_as-008-012,sto-6g,signed_parent_descendants_round_robin,200,0.005,1.0,69,0.34500000000000003,0.35000000000000003,130,0.10905703308145179,0.011893436464528869,0.9999999990532623,9.467376882454914e-10,-0.10849204522551031,0.01108581118352056,0.10905695340880767,0.10849204522551031
Be-Be_2.04_sto-6g_as-008-012,sto-6g,signed_parent_descendants_round_robin,200,0.005,1.0,70,0.35000000000000003,0.355,129,0.10905703282381353,0.01189343640833434,0.9999999990532275,9.467725492484647e-10,-0.10905406108250837,-0.000794324161736973,0.1090569538794358,0.10905406108250837
Be-Be_2.04_sto-6g_as-008-012,sto-6g,signed_parent_descendants_round_robin,200,0.005,1.0,71,0.355,0.36,128,0.10905703256659166,0.011893436352230636,0.9999999990532019,9.46798084378031e-10,-0.10831905112523325,-0.012665012494456212,0.10905695474455367,0.10831905112523325
Be-Be_2.04_sto-6g_as-008-012,sto-6g,signed_parent_descendants_round_robin,200,0.005,1.0,72,0.36,0.365,127,0.1090570323033566,0.011893436294815367,0.9999999990531742,9.468258399536467e-10,-0.10629575705555022,-0.024385070848072263,0.10905695598300028,0.10629575705555022
Be-Be_2.04_sto-6g_as-008-012,sto-6g,signed_parent_descendants_round_robin,200,0.005,1.0,73,0.365,0.37,126,0.1090570320278923,0.011893436234732727,0.9999999990531547,9.468452688565776e-10,-0.10300824264134595,-0.0358151077342361,0.10905695756838873,0.10300824264134595
Be-Be_2.04_sto-6g_as-008-012,sto-6g,signed_parent_descendants_round_robin,200,0.005,1.0,74,0.37,0.375,125,0.10905703173419586,0.011893436170673401,0.9999999990531212,9.468787975919213e-10,-0.09849560752410634,-0.04681918097495156,0.10905695946938948,0.09849560752410634
Be-Be_2.04_sto-6g_as-008-012,sto-6g,signed_parent_descendants_round_robin,200,0.005,1.0,75,0.375,0.38,124,0.10905703141649432,0.01189343610137823,0.9999999990531003,9.468996697847842e-10,-0.09281152220057401,-0.057266414512917516,0.10905696165010711,0.09281152220057401
Be-Be_2.04_sto-6g_as-008-012,sto-6g,signed_parent_descendants_round_robin,200,0.005,1.0,76,0.38,0.385,123,0.10905703106926902,0.011893436025643508,0.9999999990530744,9.469256490035605e-10,-0.08602358970867313,-0.06703255497080884,0.10905696407052895,0.08602358970867313
Be-Be_2.04_sto-6g_as-008-012,sto-6g,signed_parent_descendants_round_robin,200,0.005,1.0,77,0.385,0.39,122,0.10905703068726164,0.011893435942322325,0.9999999990530386,9.469613981849534e-10,-0.07821254160866725,-0.07600144944727451,0.10905696668702156,0.07821254160866725
Be-Be_2.04_sto-6g_as-008-012,sto-6g,signed_parent_descendants_round_robin,200,0.005,1.0,78,0.39,0.395,121,0.10905703026549227,0.011893435850328496,0.9999999990530165,9.469834916231434e-10,-0.06947127782147047,-0.08406642697356072,0.10905696945289169,0.06947127782147047
Be-Be_2.04_sto-6g_as-008-012,sto-6g,signed_parent_descendants_round_robin,200,0.005,1.0,79,0.395,0.4,120,0.10905702979925797,0.011893435748636239,0.9999999990529782,9.47021794317493e-10,-0.05990376174306597,-0.09113156720046485,0.10905697231898039,0.05990376174306597
Be-Be_2.04_sto-6g_as-008-012,sto-6g,signed_parent_descendants_round_robin,200,0.005,1.0,80,0.4,0.405,119,0.10905702928418354,0.011893435636291267,0.999999999052949,9.470509931830406e-10,-0.049623783775032765,-0.09711284122665219,0.10905697523434327,0.049623783775032765
Be-Be_2.04_sto-6g_as-008-012,sto-6g,signed_parent_descendants_round_robin,200,0.005,1.0,81,0.405,0.41000000000000003,118,0.10905702871617169,0.011893435512399896,0.9999999990529227,9.470773054687243e-10,-0.03875360797660358,-0.101939110999272,0.10905697814686674,0.03875360797660358
Be-Be_2.04_sto-6g_as-008-012,sto-6g,signed_parent_descendants_round_robin,200,0.005,1.0,82,0.41000000000000003,0.41500000000000004,117,0.10905702809146263,0.011893435376142068,0.9999999990528955,9.471045059328276e-10,-0.027422517933512625,-0.10555297540048116,0.10905698100400726,0.027422517933512625
Be-Be_2.04_sto-6g_as-008-012,sto-6g,signed_parent_descendants_round_robin,200,0.005,1.0,83,0.41500000000000004,0.42,116,0.10905702740663135,0.011893435226770742,0.9999999990528567,9.47143252716387e-10,-0.01576527913786173,-0.1079114529561793,0.10905698375348731,0.01576527913786173
Be-Be_2.04_sto-6g_as-008-012,sto-6g,signed_parent_descendants_round_robin,200,0.005,1.0,84,0.42,0.425,115,0.10905702665857227,0.011893435063608543,0.9999999990528202,9.471797790538972e-10,-0.003920536166205466,-0.10898649304661355,0.10905698634397554,0.003920536166205466
Be-Be_2.04_sto-6g_as-008-012,sto-6g,signed_parent_descendants_round_robin,200,0.005,1.0,85,0.425,0.43,114,0.10905702584453729,0.011893434886056074,0.9999999990527951,9.472048700942537e-10,0.007970836281062633,-0.10876530953811804,0.10905698872581315,-0.007970836281062633
Be-Be_2.04_sto-6g_as-008-012,sto-6g,signed_parent_descendants_round_robin,200,0.005,1.0,86,0.43,0.435,113,0.10905702496212592,0.011893434693589756,0.9999999990527683,9.472317374914496e-10,0.019767408867352988,-0.10725053286717397,0.10905699085167292,-0.019767408867352988
Be-Be_2.04_sto-6g_as-008-012,sto-6g,signed_parent_descendants_round_robin,200,0.005,1.0,87,0.435,0.44,112,0.10905702400928544,0.011893434485761861,0.9999999990527413,9.47258715910948e-10,0.03132887970702497,-0.10446017876730931,0.10905699267720277,-0.03132887970702497
Be-Be_2.04_sto-6g_as-008-012,sto-6g,signed_parent_descendants_round_robin,200,0.005,1.0,88,0.44,0.445,111,0.10905702298431821,0.01189343426220211,0.9999999990527002,9.472997941628591e-10,0.0425177430458309,-0.10042743401013526,0.10905699416163722,-0.0425177430458309
Be-Be_2.04_sto-6g_as-008-012,sto-6g,signed_parent_descendants_round_robin,200,0.005,1.0,89,0.445,0.45,110,0.10905702188589776,0.011893434022621184,0.9999999990526685,9.473315465413634e-10,0.05320092468795032,-0.09520026170821594,0.10905699526837224,-0.05320092468795032
Be-Be_2.04_sto-6g_as-008-012,sto-6g,signed_parent_descendants_round_robin,200,0.005,1.0,90,0.45,0.455,109,0.10905702071306647,0.01189343376681021,0.999999999052642,9.473579698493495e-10,0.06325136471798522,-0.08884083087367632,0.10905699596547094,-0.06325136471798522
Be-Be_2.04_sto-6g_as-008-012,sto-6g,signed_parent_descendants_round_robin,200,0.005,1.0,91,0.455,0.46,108,0.1090570194651978,0.011893433494632531,0.9999999990526053,9.473947182314646e-10,0.0725495286933981,-0.08142477701669337,0.10905699622606718,-0.0725495286933981
Be-Be_2.04_sto-6g_as-008-012,sto-6g,signed_parent_descendants_round_robin,200,0.005,1.0,92,0.46,0.465,107,0.10905701814203131,0.011893433206031347,0.9999999990525765,9.474234730078024e-10,0.08098482933336852,-0.07304030257786764,0.10905699602877977,-0.08098482933336852
Be-Be_2.04_sto-6g_as-008-012,sto-6g,signed_parent_descendants_round_robin,200,0.005,1.0,93,0.465,0.47000000000000003,106,0.10905701674369699,0.011893432901035004,0.9999999990525433,9.474566686762387e-10,0.08845694179444673,-0.06378712789346759,0.10905699535804077,-0.08845694179444673
Be-Be_2.04_sto-6g_as-008-012,sto-6g,signed_parent_descendants_round_robin,200,0.005,1.0,94,0.47000000000000003,0.47500000000000003,105,0.10905701527064482,0.011893432579741656,0.9999999990525108,9.474891982108602e-10,0.09487699688922538,-0.05377530517020723,0.10905699420425541,-0.09487699688922538
Be-Be_2.04_sto-6g_as-008-012,sto-6g,signed_parent_descendants_round_robin,200,0.005,1.0,95,0.47500000000000003,0.48,104,0.10905701372369303,0.01189343224232977,0.9999999990524818,9.47518175031803e-10,0.10016863805590091,-0.04312390957611236,0.10905699256399286,-0.10016863805590091
Be-Be_2.04_sto-6g_as-008-012,sto-6g,signed_parent_descendants_round_robin,200,0.005,1.0,96,0.48,0.485,103,0.10905701210400319,0.011893431889052697,0.9999999990524558,9.475441542505791e-10,0.10426892950712575,-0.031959623015219055,0.1090569904400304,-0.10426892950712575
Be-Be_2.04_sto-6g_as-008-012,sto-6g,signed_parent_descendants_round_robin,200,0.005,1.0,97,0.485,0.49,102,0.10905701041307274,0.011893431520237056,0.9999999990524304,9.47569578357843e-10,0.10712910475673848,-0.020415227430583046,0.10905698784132395,-0.10712910475673848
Be-Be_2.04_sto-6g_as-008-012,sto-6g,signed_parent_descendants_round_robin,200,0.005,1.0,98,0.49,0.495,101,0.10905700865273688,0.011893431136283125,0.999999999052404,9.475960016658291e-10,0.1087151466215389,-0.008628025556136995,0.10905698478291087,-0.1087151466215389
Be-Be_2.04_sto-6g_as-008-012,sto-6g,signed_parent_descendants_round_robin,200,0.005,1.0,99,0.495,0.5,100,0.10905700682515325,0.011893430737661524,0.9999999990523706,9.476294193788704e-10,0.10900819179975853,0.0032617920992091412,0.10905698128570865,-0.10900819179975853
Be-Be_2.04_sto-6g_as-008-012,sto-6g,signed_parent_descendants_round_robin,200,0.005,1.0,100,0.5,0.505,99,0.10905700493280192,0.011893430324913181,0.9999999990523395,9.476605056235599e-10,0.10800475521448434,0.015112814612248622,0.10905697737625446,-0.10800475521448434
Be-Be_2.04_sto-6g_as-008-012,sto-6g,signed_parent_descendants_round_robin,200,0.005,1.0,101,0.505,0.51,98,0.10905700297843975,0.011893429898639415,0.9999999990523176,9.47682377017145e-10,0.10571677145398993,0.026784092519529203,0.10905697308631777,-0.10571677145398993
Be-Be_2.04_sto-6g_as-008-012,sto-6g,signed_parent_descendants_round_robin,200,0.005,1.0,102,0.51,0.515,97,0.10905700096516538,0.011893429459516082,0.999999999052293,9.477070239682917e-10,0.10217145281667687,0.03813681420087312,0.10905696845255854,-0.10217145281667687
Be-Be_2.04_sto-6g_as-008-012,sto-6g,signed_parent_descendants_round_robin,200,0.005,1.0,103,0.515,0.52,96,0.10905699889632316,0.01189342900827263,0.9999999990522681,9.477318929640433e-10,0.0974109656491944,0.04903595683386099,0.10905696351595714,-0.0974109656491944
Be-Be_2.04_sto-6g_as-008-012,sto-6g,signed_parent_descendants_round_robin,200,0.005,1.0,104,0.52,0.525,95,0.10905699677554576,0.011893428545701398,0.9999999990522431,9.477568729820973e-10,0.09149192882816176,0.05935189228323757,0.10905695832132149,-0.09149192882816176
Be-Be_2.04_sto-6g_as-008-012,sto-6g,signed_parent_descendants_round_robin,200,0.005,1.0,105,0.525,0.53,94,0.10905699460671674,0.011893428072649445,0.999999999052213,9.477869600260647e-10,0.08448474035079022,0.06896192882546527,0.10905695291667093,-0.08448474035079022
Be-Be_2.04_sto-6g_as-008-012,sto-6g,signed_parent_descendants_round_robin,200,0.005,1.0,106,0.53,0.535,93,0.10905699239396373,0.011893427590017063,0.9999999990521984,9.478016149699897e-10,0.07647274004442191,0.07775177037190946,0.10905694735260045,-0.07647274004442191
Be-Be_2.04_sto-6g_as-008-012,sto-6g,signed_parent_descendants_round_robin,200,0.005,1.0,107,0.535,0.54,92,0.10905699014164688,0.011893427098755264,0.9999999990521736,9.478263729434389e-10,0.06755121835410471,0.08561687583545037,0.10905694168161355,-0.06755121835410471
Be-Be_2.04_sto-6g_as-008-012,sto-6g,signed_parent_descendants_round_robin,200,0.005,1.0,108,0.54,0.545,91,0.1090569878543382,0.011893426599861272,0.9999999990521494,9.478505758053757e-10,0.05782628299770702,0.09246370247339603,0.10905693595741447,-0.05782628299770702
Be-Be_2.04_sto-6g_as-008-012,sto-6g,signed_parent_descendants_round_robin,200,0.005,1.0,109,0.545,0.55,90,0.10905698553679848,0.011893426094373471,0.9999999990521372,9.478627882586466e-10,0.04741359696885015,0.09821081841925956,0.10905693023419158,-0.04741359696885015
Be-Be_2.04_sto-6g_as-008-012,sto-6g,signed_parent_descendants_round_robin,200,0.005,1.0,110,0.55,0.555,89,0.10905698319397517,0.011893425583370983,0.9999999990521156,9.478844376076268e-10,0.0364370028976509,0.10278987117226893,0.10905692456591219,-0.0364370028976509
Be-Be_2.04_sto-6g_as-008-012,sto-6g,signed_parent_descendants_round_robin,200,0.005,1.0,111,0.555,0.56,88,0.10905698083098608,0.011893425067970066,0.9999999990520981,9.479018681091134e-10,0.025027050130714382,0.10614640052658748,0.10905691900560928,-0.025027050130714382
Be-Be_2.04_sto-6g_as-008-012,sto-6g,signed_parent_descendants_round_robin,200,0.005,1.0,112,0.56,0.5650000000000001,87,0.10905697845308467,0.011893424549316573,0.9999999990520875,9.479125262501498e-10,0.013319442048949312,0.10824048627237629,0.10905691360466697,-0.013319442048949312
Be-Be_2.04_sto-6g_as-008-012,sto-6g,signed_parent_descendants_round_robin,200,0.005,1.0,113,0.5650000000000001,0.5700000000000001,86,0.10905697606566275,0.011893424028586539,0.9999999990520732,9.479268481271674e-10,0.0014534220899695273,0.10904722296623687,0.10905690841216703,-0.0014534220899695273
Be-Be_2.04_sto-6g_as-008-012,sto-6g,signed_parent_descendants_round_robin,200,0.005,1.0,114,0.5700000000000001,0.5750000000000001,85,0.10905697367421098,0.011893423506977547,0.9999999990520511,9.479489415653575e-10,-0.01042988232926009,0.10855701612509985,0.10905690347422946,0.01042988232926009
Be-Be_2.04_sto-6g_as-008-012,sto-6g,signed_parent_descendants_round_robin,200,0.005,1.0,115,0.5750000000000001,0.58,84,0.10905697128432312,0.01189342298570968,0.9999999990520438,9.479561580150175e-10,-0.022189138293214,0.10677569632164052,0.10905689883343728,0.022189138293214
Be-Be_2.04_sto-6g_as-008-012,sto-6g,signed_parent_descendants_round_robin,200,0.005,1.0,116,0.58,0.585,83,0.10905696890165172,0.01189342246601583,0.9999999990520289,9.4797114602585e-10,-0.033684488309482064,0.10372444982489921,0.10905689452826753,0.033684488309482064
Be-Be_2.04_sto-6g_as-008-012,sto-6g,signed_parent_descendants_round_robin,200,0.005,1.0,117,0.585,0.59,82,0.10905696653191554,0.011893421949143348,0.9999999990520233,9.47976697140973e-10,-0.04477921368011013,0.09943956661170758,0.10905689059263148,0.04477921368011013
Be-Be_2.04_sto-6g_as-008-012,sto-6g,signed_parent_descendants_round_robin,200,0.005,1.0,118,0.59,0.595,81,0.10905696418086828,0.011893421436347189,0.9999999990520184,9.479815821222815e-10,-0.055341360539799656,0.09397200874636709,0.1090568870554418,0.055341360539799656
Be-Be_2.04_sto-6g_as-008-012,sto-6g,signed_parent_descendants_round_robin,200,0.005,1.0,119,0.595,0.6,80,0.10905696185426714,0.011893420928883076,0.9999999990520028,9.479972362669287e-10,-0.06524530922271277,0.08738680426237201,0.10905688394025169,0.06524530922271277
Be-Be_2.04_sto-6g_as-008-012,sto-6g,signed_parent_descendants_round_robin,200,0.005,1.0,120,0.6,0.605,79,0.10905695955789095,0.011893420428011463,0.9999999990519941,9.480058960065207e-10,-0.07437326829347161,0.07976227375520267,0.1090568812650197,0.07437326829347161
Be-Be_2.04_sto-6g_as-008-012,sto-6g,signed_parent_descendants_round_robin,200,0.005,1.0,121,0.605,0.61,78,0.10905695729745585,0.011893419934979109,0.9999999990519938,9.480062290734281e-10,-0.08261667547384238,0.07118909888458265,0.10905687904185171,0.08261667547384238
Be-Be_2.04_sto-6g_as-008-012,sto-6g,signed_parent_descendants_round_robin,200,0.005,1.0,122,0.61,0.615,77,0.10905695507867647,0.011893419451032457,0.9999999990519927,9.480073392964528e-10,-0.08987748880429877,0.061769243864869164,0.10905687727697198,0.08987748880429877
Be-Be_2.04_sto-6g_as-008-012,sto-6g,signed_parent_descendants_round_robin,200,0.005,1.0,123,0.615,0.62,76,0.10905695290718037,0.011893418977398958,0.999999999051989,9.48011003032434e-10,-0.09606935268461081,0.05161474277019329,0.10905687597062992,0.09606935268461081
Be-Be_2.04_sto-6g_as-008-012,sto-6g,signed_parent_descendants_round_robin,200,0.005,1.0,124,0.62,0.625,75,0.1090569507885302,0.011893418515291899,0.9999999990519877,9.480123353000636e-10,-0.10111862492599864,0.040846367077173575,0.10905687511719747,0.10111862492599864
Be-Be_2.04_sto-6g_as-008-012,sto-6g,signed_parent_descendants_round_robin,200,0.005,1.0,125,0.625,0.63,74,0.10905694872818347,0.011893418065901638,0.9999999990519842,9.4801577699144e-10,-0.10496525260004543,0.029592189292001605,0.1090568747052885,0.10496525260004543
Be-Be_2.04_sto-6g_as-008-012,sto-6g,signed_parent_descendants_round_robin,200,0.005,1.0,126,0.63,0.635,73,0.10905694673149052,0.011893417630395161,0.9999999990519831,9.480168872144645e-10,-0.10756348626797305,0.017986059744604634,0.10905687471799709,0.10756348626797305
Be-Be_2.04_sto-6g_as-008-012,sto-6g,signed_parent_descendants_round_robin,200,0.005,1.0,127,0.635,0.64,72,0.10905694480365798,0.011893417209908103,0.9999999990519944,9.480055629396134e-10,-0.10888242409572148,0.0061660146653193726,0.10905687513317756,0.10888242409572148
Be-Be_2.04_sto-6g_as-008-012,sto-6g,signed_parent_descendants_round_robin,200,0.005,1.0,128,0.64,0.645,71,0.10905694294975402,0.011893416805545903,0.9999999990519999,9.480001228467927e-10,-0.10890637938353952,-0.005727365523204843,0.10905687592384002,0.10890637938353952
Be-Be_2.04_sto-6g_as-008-012,sto-6g,signed_parent_descendants_round_robin,200,0.005,1.0,129,0.645,0.65,70,0.10905694117466692,0.011893416418374762,0.9999999990520053,9.47994682753972e-10,-0.10763506713866262,-0.01755262817420919,0.10905687705856267,0.10763506713866262
Be-Be_2.04_sto-6g_as-008-012,sto-6g,signed_parent_descendants_round_robin,200,0.005,1.0,130,0.65,0.655,69,0.10905693948310738,0.011893416049422144,0.9999999990520094,9.47990574928781e-10,-0.10508360747185745,-0.029169130760163427,0.10905687850201347,0.10508360747185745
Be-Be_2.04_sto-6g_as-008-012,sto-6g,signed_parent_descendants_round_robin,200,0.005,1.0,131,0.655,0.66,68,0.1090569378795849,0.01189341569967164,0.9999999990520253,9.479746987395288e-10,-0.1012823457769248,-0.04043871358315494,0.10905688021549578,0.1012823457769248
Be-Be_2.04_sto-6g_as-008-012,sto-6g,signed_parent_descendants_round_robin,200,0.005,1.0,132,0.66,0.665,67,0.10905693636840051,0.01189341537006136,0.9999999990520291,9.47970923981245e-10,-0.09627649183135895,-0.05122734295836186,0.10905688215755736,0.09627649183135895
Be-Be_2.04_sto-6g_as-008-012,sto-6g,signed_parent_descendants_round_robin,200,0.005,1.0,133,0.665,0.67,66,0.10905693495361794,0.011893415061477654,0.9999999990520403,9.479597107286963e-10,-0.09012558210975341,-0.06140670532804302,0.1090568842846109,0.09012558210975341
Be-Be_2.04_sto-6g_as-008-012,sto-6g,signed_parent_descendants_round_robin,200,0.005,1.0,134,0.67,0.675,65,0.10905693363906005,0.011893414774754349,0.9999999990520484,9.479516061006166e-10,-0.08290277170436088,-0.07085573334647012,0.10905688655161332,0.08290277170436088
Be-Be_2.04_sto-6g_as-008-012,sto-6g,signed_parent_descendants_round_robin,200,0.005,1.0,135,0.675,0.68,64,0.1090569324282975,0.011893414510670249,0.999999999052072,9.47927958350192e-10,-0.07469396427345067,-0.07946204578566855,0.10905688891274687,0.07469396427345067
Be-Be_2.04_sto-6g_as-008-012,sto-6g,signed_parent_descendants_round_robin,200,0.005,1.0,136,0.68,0.685,63,0.10905693132462763,0.011893414269944547,0.9999999990520866,9.479134144285695e-10,-0.06559679036485673,-0.08712328413616045,0.10905689132210357,0.06559679036485673
Be-Be_2.04_sto-6g_as-008-012,sto-6g,signed_parent_descendants_round_robin,200,0.005,1.0,137,0.685,0.6900000000000001,62,0.10905693033107419,0.01189341405323677,0.999999999052102,9.478979823285272e-10,-0.05571944626517183,-0.0937483300059011,0.10905689373438393,0.05571944626517183
Be-Be_2.04_sto-6g_as-008-012,sto-6g,signed_parent_descendants_round_robin,200,0.005,1.0,138,0.6900000000000001,0.6950000000000001,61,0.10905692945035621,0.01189341386113997,0.9999999990521196,9.47880440804738e-10,-0.045179407184310016,-0.09925838883768144,0.10905689610555605,0.045179407184310016
Be-Be_2.04_sto-6g_as-008-012,sto-6g,signed_parent_descendants_round_robin,200,0.005,1.0,139,0.6950000000000001,0.7000000000000001,60,0.10905692868490599,0.011893413694184672,0.9999999990521401,9.478599016787825e-10,-0.03410203007961241,-0.10358792705556137,0.10905689839354085,0.03410203007961241
Be-Be_2.04_sto-6g_as-008-012,sto-6g,signed_parent_descendants_round_robin,200,0.005,1.0,140,0.7000000000000001,0.705,59,0.10905692803684007,0.011893413552832513,0.9999999990521607,9.478392515305245e-10,-0.022619062736443766,-0.10668545149372545,0.10905690055881483,0.022619062736443766
Be-Be_2.04_sto-6g_as-008-012,sto-6g,signed_parent_descendants_round_robin,200,0.005,1.0,141,0.705,0.71,58,0.10905692750795534,0.011893413437475426,0.9999999990521773,9.478227092074576e-10,-0.01086707683732812,-0.10851412183713113,0.10905690256500106,0.01086707683732812
Be-Be_2.04_sto-6g_as-008-012,sto-6g,signed_parent_descendants_round_robin,200,0.005,1.0,142,0.71,0.715,57,0.10905692709973108,0.01189341334843606,0.9999999990522006,9.477993945239405e-10,0.0010141563441518845,-0.10905218878926717,0.10905690437941264,-0.0010141563441518845
Be-Be_2.04_sto-6g_as-008-012,sto-6g,signed_parent_descendants_round_robin,200,0.005,1.0,143,0.715,0.72,56,0.10905692681331011,0.011893413285963677,0.9999999990522327,9.477673090785288e-10,0.012883328305922129,-0.10829325275510077,0.10905690597352519,-0.012883328305922129
Be-Be_2.04_sto-6g_as-008-012,sto-6g,signed_parent_descendants_round_robin,200,0.005,1.0,144,0.72,0.725,55,0.10905692664949498,0.011893413250233329,0.9999999990522517,9.477483242648077e-10,0.024599273964956776,-0.1062463399620891,0.10905690732339154,-0.024599273964956776
Be-Be_2.04_sto-6g_as-008-012,sto-6g,signed_parent_descendants_round_robin,200,0.005,1.0,145,0.725,0.73,54,0.1090569266087537,0.01189341324134709,0.9999999990522829,9.477171269978157e-10,0.03602265060078784,-0.10293579511346333,0.10905690841000097,-0.03602265060078784
Be-Be_2.04_sto-6g_as-008-012,sto-6g,signed_parent_descendants_round_robin,200,0.005,1.0,146,0.73,0.735,53,0.10905692669120617,0.011893413259331118,0.9999999990523064,9.476935902696937e-10,0.04701759512583739,-0.09840099185019945,0.10905690921954549,-0.04701759512583739
Be-Be_2.04_sto-6g_as-008-012,sto-6g,signed_parent_descendants_round_robin,200,0.005,1.0,147,0.735,0.74,52,0.10905692689662594,0.011893413304136013,0.9999999990523416,9.47658396199813e-10,0.05745333997167771,-0.09269586446506561,0.10905690974361502,-0.05745333997167771
Be-Be_2.04_sto-6g_as-008-012,sto-6g,signed_parent_descendants_round_robin,200,0.005,1.0,148,0.74,0.745,51,0.10905692722443637,0.01189341337563601,0.999999999052362,9.4763796809616e-10,0.06720576837190201,-0.08588826643831218,0.10905690997931423,-0.06720576837190201
Be-Be_2.04_sto-6g_as-008-012,sto-6g,signed_parent_descendants_round_robin,200,0.005,1.0,149,0.745,0.75,50,0.10905692767372291,0.011893413473631629,0.9999999990523977,9.476023299370695e-10,0.07615889054366798,-0.07805916342419947,0.1090569099293038,-0.07615889054366798
Be-Be_2.04_sto-6g_as-008-012,sto-6g,signed_parent_descendants_round_robin,200,0.005,1.0,150,0.75,0.755,49,0.10905692824321264,0.01189341359784523,0.9999999990524249,9.475751294729662e-10,0.08420622321018671,-0.06930167028691671,0.10905690960173181,-0.08420622321018671
Be-Be_2.04_sto-6g_as-008-012,sto-6g,signed_parent_descendants_round_robin,200,0.005,1.0,151,0.755,0.76,48,0.1090569289312814,0.011893413747922561,0.9999999990524536,9.475463746966284e-10,0.09125205605676537,-0.05971994363904322,0.10905690901010145,-0.09125205605676537
Be-Be_2.04_sto-6g_as-008-012,sto-6g,signed_parent_descendants_round_robin,200,0.005,1.0,152,0.76,0.765,47,0.10905692973597393,0.011893413923437155,0.999999999052492,9.475079609799764e-10,0.09721259005732788,-0.04942794305468457,0.10905690817307825,-0.09721259005732788
Be-Be_2.04_sto-6g_as-008-012,sto-6g,signed_parent_descendants_round_robin,200,0.005,1.0,153,0.765,0.77,46,0.10905693065498971,0.011893414123887235,0.9999999990525239,9.474760975791696e-10,0.10201693413261384,-0.03854807569117533,0.10905690711417894,-0.10201693413261384
Be-Be_2.04_sto-6g_as-008-012,sto-6g,signed_parent_descendants_round_robin,200,0.005,1.0,154,0.77,0.775,45,0.10905693168568548,0.01189341434869627,0.9999999990525537,9.474463436021097e-10,0.10560794828635046,-0.027209740439978543,0.10905690586140557,-0.10560794828635046
Be-Be_2.04_sto-6g_as-008-012,sto-6g,signed_parent_descendants_round_robin,200,0.005,1.0,155,0.775,0.78,44,0.10905693282510666,0.011893414597219827,0.9999999990525884,9.47411593621439e-10,0.10794292319159646,-0.01554778892253181,0.10905690444683681,-0.10794292319159646
Be-Be_2.04_sto-6g_as-008-012,sto-6g,signed_parent_descendants_round_robin,200,0.005,1.0,156,0.78,0.785,43,0.109056934069954,0.011893414868738293,0.9999999990526267,9.473732909270893e-10,0.10899408814480303,-0.0037009216355733793,0.10905690290609645,-0.10899408814480303
Be-Be_2.04_sto-6g_as-008-012,sto-6g,signed_parent_descendants_round_robin,200,0.005,1.0,157,0.785,0.79,42,0.10905693541662008,0.011893415162464843,0.999999999052663,9.47336986634184e-10,0.10874894134671674,0.008189961678214171,0.10905690127782952,-0.10874894134671674
Be-Be_2.04_sto-6g_as-008-012,sto-6g,signed_parent_descendants_round_robin,200,0.005,1.0,158,0.79,0.795,41,0.1090569368611974,0.011893415477547197,0.9999999990526988,9.473012374527912e-10,0.10721039858229542,0.019983437814051704,0.10905689960310959,-0.10721039858229542
Be-Be_2.04_sto-6g_as-008-012,sto-6g,signed_parent_descendants_round_robin,200,0.005,1.0,159,0.795,0.8,40,0.10905693839945708,0.011893415813062977,0.9999999990527334,9.472665984944229e-10,0.10439675853184659,0.031539242112283615,0.10905689792477102,-0.10439675853184659
Be-Be_2.04_sto-6g_as-008-012,sto-6g,signed_parent_descendants_round_robin,200,0.005,1.0,160,0.8,0.805,39,0.10905694002690226,0.011893416168031357,0.9999999990527711,9.472288509115856e-10,0.10034148512666721,0.04271993668397332,0.1090568962867909,-0.10034148512666721
Be-Be_2.04_sto-6g_as-008-012,sto-6g,signed_parent_descendants_round_robin,200,0.005,1.0,161,0.805,0.81,38,0.1090569417387475,0.011893416541408568,0.999999999052813,9.471869955035572e-10,0.09509280953819442,0.05339254501390963,0.10905689473357329,-0.09509280953819442
Be-Be_2.04_sto-6g_as-008-012,sto-6g,signed_parent_descendants_round_robin,200,0.005,1.0,162,0.81,0.8150000000000001,37,0.1090569435299415,0.011893416932092848,0.9999999990528463,9.471536888128185e-10,0.0887131565351348,0.06343013350010827,0.1090568933092672,-0.0887131565351348
Be-Be_2.04_sto-6g_as-008-012,sto-6g,signed_parent_descendants_round_robin,200,0.005,1.0,163,0.8150000000000001,0.8200000000000001,36,0.10905694539517967,0.011893417338927199,0.9999999990528827,9.471172734976108e-10,0.08127840203164322,0.07271332112021492,0.10905689205707687,-0.08127840203164322
Be-Be_2.04_sto-6g_as-008-012,sto-6g,signed_parent_descendants_round_robin,200,0.005,1.0,164,0.8200000000000001,0.8250000000000001,35,0.10905694732890474,0.011893417760699503,0.9999999990529255,9.470745299111627e-10,0.07287697065742305,0.08113169926996913,0.10905689101856704,-0.07287697065742305
Be-Be_2.04_sto-6g_as-008-012,sto-6g,signed_parent_descendants_round_robin,200,0.005,1.0,165,0.8250000000000001,0.8300000000000001,34,0.1090569493253431,0.011893418196150453,0.9999999990529561,9.47043887755683e-10,0.06360878408314574,0.08858514488762295,0.10905689023302198,-0.06360878408314574
Be-Be_2.04_sto-6g_as-008-012,sto-6g,signed_parent_descendants_round_robin,200,0.005,1.0,166,0.8300000000000001,0.835,33,0.10905695137850242,0.011893418643973043,0.9999999990530021,9.469979245224636e-10,0.05358407260936487,0.09498501124734662,0.10905688973679861,-0.05358407260936487
Be-Be_2.04_sto-6g_as-008-012,sto-6g,signed_parent_descendants_round_robin,200,0.005,1.0,167,0.835,0.84,32,0.10905695348218143,0.011893419102814684,0.9999999990530409,9.469590667166017e-10,0.04292206415359208,0.1002551822595307,0.10905688956272681,-0.04292206415359208
Be-Be_2.04_sto-6g_as-008-012,sto-6g,signed_parent_descendants_round_robin,200,0.005,1.0,168,0.84,0.845,31,0.10905695563001343,0.011893419571286718,0.9999999990530816,9.469184325539004e-10,0.03174956622767398,0.10433297773968009,0.10905688973959433,-0.03174956622767398
Be-Be_2.04_sto-6g_as-008-012,sto-6g,signed_parent_descendants_round_robin,200,0.005,1.0,169,0.845,0.85,30,0.10905695781543963,0.01189342004795858,0.9999999990531196,9.468803519041558e-10,0.020199457770654548,0.10716989887952974,0.10905689029161379,-0.020199457770654548
Be-Be_2.04_sto-6g_as-008-012,sto-6g,signed_parent_descendants_round_robin,200,0.005,1.0,170,0.85,0.855,29,0.10905696003176142,0.011893420531369209,0.9999999990531454,9.468545947299845e-10,0.008409108773993782,0.10873220505503851,0.10905689123803136,-0.008409108773993782
Be-Be_2.04_sto-6g_as-008-012,sto-6g,signed_parent_descendants_round_robin,200,0.005,1.0,171,0.855,0.86,28,0.10905696227214044,0.011893421020027063,0.9999999990531916,9.4680840945216e-10,-0.003481253505300703,0.10900131511141953,0.10905689259275245,0.003481253505300703
Be-Be_2.04_sto-6g_as-008-012,sto-6g,signed_parent_descendants_round_robin,200,0.005,1.0,172,0.86,0.865,27,0.10905696452961569,0.011893421512413856,0.9999999990532252,9.46774769694514e-10,-0.0153302123126595,0.10797402835303656,0.10905689436405916,0.0153302123126595
Be-Be_2.04_sto-6g_as-008-012,sto-6g,signed_parent_descendants_round_robin,200,0.005,1.0,173,0.865,0.87,26,0.10905696679713313,0.011893422006990997,0.999999999053266,9.467340245095102e-10,-0.02699684331062541,0.10566256261014237,0.10905689655441657,0.02699684331062541
Be-Be_2.04_sto-6g_as-008-012,sto-6g,signed_parent_descendants_round_robin,200,0.005,1.0,174,0.87,0.875,25,0.10905696906754661,0.011893422502199817,0.999999999053299,9.467010508856788e-10,-0.03834239063678362,0.10209440892979187,0.10905689916033409,0.03834239063678362
Be-Be_2.04_sto-6g_as-008-012,sto-6g,signed_parent_descendants_round_robin,200,0.005,1.0,175,0.875,0.88,24,0.10905697133362811,0.011893422996463784,0.9999999990533445,9.466555317416692e-10,-0.04923191717195509,0.09731200461914269,0.10905690217231688,0.04923191717195509
Be-Be_2.04_sto-6g_as-008-012,sto-6g,signed_parent_descendants_round_robin,200,0.005,1.0,176,0.88,0.885,23,0.10905697358814054,0.011893423488204382,0.9999999990533788,9.466212258502082e-10,-0.05953590939177841,0.09137222852968747,0.10905690557496799,0.05953590939177841
Be-Be_2.04_sto-6g_as-008-012,sto-6g,signed_parent_descendants_round_robin,200,0.005,1.0,177,0.885,0.89,22,0.10905697582377431,0.011893423975827294,0.99999999905341,9.465900285832163e-10,-0.06913181771536607,0.08434572458457334,0.1090569093470345,0.06913181771536607
Be-Be_2.04_sto-6g_as-008-012,sto-6g,signed_parent_descendants_round_robin,200,0.005,1.0,178,0.89,0.895,21,0.10905697803322437,0.011893424457739181,0.9999999990534583,9.46541733881645e-10,-0.07790551403143633,0.07631606159443627,0.10905691346167887,0.07790551403143633
Be-Be_2.04_sto-6g_as-008-012,sto-6g,signed_parent_descendants_round_robin,200,0.005,1.0,179,0.895,0.9,20,0.10905698020919243,0.01189342493234819,0.9999999990534971,9.465028760757832e-10,-0.08575264906740945,0.06737873935359791,0.10905691788675473,0.08575264906740945
Be-Be_2.04_sto-6g_as-008-012,sto-6g,signed_parent_descendants_round_robin,200,0.005,1.0,180,0.9,0.905,19,0.10905698234439622,0.011893425398065949,0.9999999990535342,9.464657946267607e-10,-0.09257989345812702,0.057640052836793146,0.10905692258516402,0.09257989345812702
Be-Be_2.04_sto-6g_as-008-012,sto-6g,signed_parent_descendants_round_robin,200,0.005,1.0,181,0.905,0.91,18,0.10905698443159716,0.011893425853313624,0.9999999990535637,9.464362626943057e-10,-0.09830604775361401,0.04721582800442316,0.10905692751530784,0.09830604775361401
Be-Be_2.04_sto-6g_as-008-012,sto-6g,signed_parent_descendants_round_robin,200,0.005,1.0,182,0.91,0.915,17,0.1090569864636161,0.011893426296525345,0.9999999990535965,9.464035111150793e-10,-0.10286300816416007,0.036230044251000564,0.10905693263158249,0.10286300816416007
Be-Be_2.04_sto-6g_as-008-012,sto-6g,signed_parent_descendants_round_robin,200,0.005,1.0,183,0.915,0.92,16,0.10905698843334456,0.011893426726150649,0.9999999990536386,9.46361433662446e-10,-0.10619657655643949,0.02481335987994226,0.10905693788493809,0.10619657655643949
Be-Be_2.04_sto-6g_as-008-012,sto-6g,signed_parent_descendants_round_robin,200,0.005,1.0,184,0.92,0.925,15,0.10905699033377493,0.011893427140661078,0.9999999990536655,9.463344552429476e-10,-0.10826710506672113,0.013101558141123132,0.10905694322349982,0.10826710506672113
Be-Be_2.04_sto-6g_as-008-012,sto-6g,signed_parent_descendants_round_robin,200,0.005,1.0,185,0.925,0.93,14,0.10905699215799798,0.011893427538549632,0.9999999990537032,9.462968186824128e-10,-0.10904996766394866,0.0012339323124067065,0.1090569485931999,0.10904996766394866
Be-Be_2.04_sto-6g_as-008-012,sto-6g,signed_parent_descendants_round_robin,200,0.005,1.0,186,0.93,0.935,13,0.10905699389926275,0.011893427918343833,0.9999999990537382,9.46261846657137e-10,-0.10853585305358977,-0.010648370968149266,0.10905695393850755,0.10853585305358977
Be-Be_2.04_sto-6g_as-008-012,sto-6g,signed_parent_descendants_round_robin,200,0.005,1.0,187,0.935,0.9400000000000001,12,0.10905699555090749,0.011893428278590655,0.9999999990537723,9.462276517879786e-10,-0.10673087543775006,-0.022404030416580838,0.10905695920304947,0.10673087543775006
Be-Be_2.04_sto-6g_as-008-012,sto-6g,signed_parent_descendants_round_robin,200,0.005,1.0,188,0.9400000000000001,0.9450000000000001,11,0.10905699710648209,0.011893428617883244,0.9999999990538084,9.461915695396783e-10,-0.10365650181372311,-0.03389323089809822,0.10905696433043689,0.10365650181372311
Be-Be_2.04_sto-6g_as-008-012,sto-6g,signed_parent_descendants_round_robin,200,0.005,1.0,189,0.9450000000000001,0.9500000000000001,10,0.1090569985596845,0.011893428934847025,0.9999999990538374,9.461625927187356e-10,-0.0993492966744713,-0.044979326312604616,0.10905696926491164,0.0993492966744713
Be-Be_2.04_sto-6g_as-008-012,sto-6g,signed_parent_descendants_round_robin,200,0.005,1.0,190,0.9500000000000001,0.9550000000000001,9,0.10905699990440978,0.011893429228150435,0.999999999053868,9.46131950563256e-10,-0.09386048714690488,-0.05553046479306332,0.10905697395209506,0.09386048714690488
Be-Be_2.04_sto-6g_as-008-012,sto-6g,signed_parent_descendants_round_robin,200,0.005,1.0,191,0.9550000000000001,0.96,8,0.10905700113475453,0.01189342949650585,0.9999999990538976,9.46102418630801e-10,-0.08725535373908927,-0.06542115688710685,0.10905697833967824,0.08725535373908927
Be-Be_2.04_sto-6g_as-008-012,sto-6g,signed_parent_descendants_round_robin,200,0.005,1.0,192,0.96,0.965,7,0.10905700224504244,0.011893429738675193,0.9999999990539358,9.460642269587538e-10,-0.07961245394188249,-0.07453376807038498,0.10905698237810497,0.07961245394188249
Be-Be_2.04_sto-6g_as-008-012,sto-6g,signed_parent_descendants_round_robin,200,0.005,1.0,193,0.965,0.97,6,0.10905700322981467,0.011893429953467805,0.9999999990539653,9.460346950262988e-10,-0.0710226879185204,-0.08275991783982108,0.10905698602118746,0.0710226879185204
Be-Be_2.04_sto-6g_as-008-012,sto-6g,signed_parent_descendants_round_robin,200,0.005,1.0,194,0.97,0.975,5,0.10905700408386579,0.01189343013974832,0.9999999990539924,9.46007605584498e-10,-0.061588217393929126,-0.09000176874614546,0.10905698922671817,0.061588217393929126
Be-Be_2.04_sto-6g_as-008-012,sto-6g,signed_parent_descendants_round_robin,200,0.005,1.0,195,0.975,0.98,4,0.10905700480224398,0.011893430296436665,0.9999999990540261,9.459738548045493e-10,-0.051421250601720696,-0.0961731900337251,0.10905699195699449,0.051421250601720696
Be-Be_2.04_sto-6g_as-008-012,sto-6g,signed_parent_descendants_round_robin,200,0.005,1.0,196,0.98,0.985,3,0.10905700538027387,0.011893430422513082,0.9999999990540518,9.459482086526805e-10,-0.04064270774002343,-0.10120078204730061,0.10905699417931068,0.04064270774002343
Be-Be_2.04_sto-6g_as-008-012,sto-6g,signed_parent_descendants_round_robin,200,0.005,1.0,197,0.985,0.99,2,0.10905700581354394,0.011893430517015358,0.9999999990540794,9.459205640993673e-10,-0.029380782808525793,-0.10502474922107055,0.10905699586633828,0.029380782808525793
Be-Be_2.04_sto-6g_as-008-012,sto-6g,signed_parent_descendants_round_robin,200,0.005,1.0,198,0.99,0.995,1,0.10905700609794845,0.011893430579047966,0.9999999990541012,9.458988037280847e-10,-0.01776941893194925,-0.10759961126656052,0.10905699699649744,0.01776941893194925
Be-Be_2.04_sto-6g_as-008-012,sto-6g,signed_parent_descendants_round_robin,200,0.005,1.0,199,0.995,1.0,0,0.1090570062296602,0.011893430607776145,0.9999999990541408,9.458591687661055e-10,-0.005946715303882277,-0.10889474410009971,0.10905699755417636,0.005946715303882277
