status,error_message,case_id,tensor_path,molecule,bond_length,basis,active_occupied,active_vacant,n_qubits,number_of_fermionic_terms,number_of_pauli_terms,graph_level,schedule,sample_index,random_seed,graph_vertices,graph_edges,graph_density,number_of_colors,group_sizes,group_order,within_group_order_hash,pauli_order_hash,trotter_steps,trotter_dt,evolution_time,nominal_exponential_count,bch2_hf_state_norm,leading_state_error_norm_estimate,bch_squared_ratio_to_raw,schedule_build_time_seconds,bch_evaluation_time_seconds,exact_sector_dimension,exact_build_time_seconds,exact_evolution_time_seconds,trotter_runtime_seconds,state_overlap_abs,state_infidelity,state_vector_2norm_error,phase_aligned_state_2norm_error,particle_number_leakage,spin_sector_leakage,state_infidelity_ratio_to_raw_jw,state_infidelity_ratio_to_current_coloring,coefficient_tolerance
success,,C-C_1.50_sto-6g_as-004-008,hamiltonian_generator/comparable_diatomic_library/C-C/1.50/sto-6g/C-C_1.50_sto-6g_as-004-008.tensors.npz,C-C,1.50,sto-6g,4,8,12,230,382,baseline,jw_raw,-1,-1,,,,,[],[],4f53cda18c2baa0c,31741aa556122dcd,100,0.01,1.0,38200,0.16851348318441114,0.0008425674159220557,1.0,3.957999979320448e-06,0.00028466699995988165,225,0.06949733400006153,0.000413374999880034,0.30527312499998516,0.9999996301194695,7.397609242953962e-07,1.3748476384547441,0.0008600936350624115,0.0,0.0,1.0,,1e-12
success,,C-C_1.50_sto-6g_as-004-008,hamiltonian_generator/comparable_diatomic_library/C-C/1.50/sto-6g/C-C_1.50_sto-6g_as-004-008.tensors.npz,C-C,1.50,sto-6g,4,8,12,230,382,jw,current,-1,-1,382,27792,0.3819103763861978,19,"[38,26,16,22,16,24,24,10,10,22,22,12,12,32,28,20,16,16,16]","[0,1,2,3,4,5,6,7,8,9,10,11,12,13,14,15,16,17,18]",bf1964f81119cdd3,07c2591b13db01d5,100,0.01,1.0,38200,0.3649104008646612,0.001824552004323306,4.689247687226142,5.082999905425822e-06,0.00032079199991130736,225,0.06949733400006153,0.000413374999880034,0.3050109999999222,0.9999984084106895,3.1831760877176762e-06,1.3751519282219598,0.0017841464684586722,1.3380887509129025e-09,1.3380887509129025e-09,4.302979494016356,1.0,1e-12
success,,C-C_1.50_sto-6g_as-004-008,hamiltonian_generator/comparable_diatomic_library/C-C/1.50/sto-6g/C-C_1.50_sto-6g_as-004-008.tensors.npz,C-C,1.50,sto-6g,4,8,12,230,382,fermionic,current,-1,-1,230,13212,0.5016897664704766,26,"[10,18,8,14,6,18,8,8,8,8,8,6,6,6,6,8,8,6,6,4,8,8,6,6,16,16]","[0,1,2,3,4,5,6,7,8,9,10,11,12,13,14,15,16,17,18,19,20,21,22,23,24,25]",f584a93e3f4ab407,a34534abf8bdd3ea,100,0.01,1.0,38200,0.7329642297939751,0.0036648211489698755,18.91891605350848,5.249999958323315e-06,0.0002942500000244763,225,0.06949733400006153,0.000413374999880034,0.30398108300005333,0.9999943702317129,1.125950487990135e-05,1.3756214422556912,0.0033555232936481293,0.0,0.0,15.220464490775512,1.0,1e-12
success,,C-C_1.50_sto-6g_as-004-008,hamiltonian_generator/comparable_diatomic_library/C-C/1.50/sto-6g/C-C_1.50_sto-6g_as-004-008.tensors.npz,C-C,1.50,sto-6g,4,8,12,230,382,jw,reverse_groups,-1,-1,382,27792,0.3819103763861978,19,"[38,26,16,22,16,24,24,10,10,22,22,12,12,32,28,20,16,16,16]","[18,17,16,15,14,13,12,11,10,9,8,7,6,5,4,3,2,1,0]",e945d85be2585439,3bcf3baed55abaef,100,0.01,1.0,38200,0.3649104008646612,0.001824552004323306,4.689247687226142,5.833000159327639e-06,0.0005501249997905688,225,0.06949733400006153,0.000413374999880034,0.3043360830001802,0.9999984060103435,3.1879767721232355e-06,1.3748100804963468,0.0017854913365736753,1.3330786474696765e-09,1.333078758491979e-09,4.309469001974798,1.0015081428966757,1e-12
success,,C-C_1.50_sto-6g_as-004-008,hamiltonian_generator/comparable_diatomic_library/C-C/1.50/sto-6g/C-C_1.50_sto-6g_as-004-008.tensors.npz,C-C,1.50,sto-6g,4,8,12,230,382,fermionic,reverse_groups,-1,-1,230,13212,0.5016897664704766,26,"[10,18,8,14,6,18,8,8,8,8,8,6,6,6,6,8,8,6,6,4,8,8,6,6,16,16]","[25,24,23,22,21,20,19,18,17,16,15,14,13,12,11,10,9,8,7,6,5,4,3,2,1,0]",20a4aa8b735338ba,b4703aa192d760ec,100,0.01,1.0,38200,1.0056706040862802,0.005028353020431401,35.61575871526426,5.45900002180133e-06,0.00025587500022083987,225,0.06949733400006153,0.000413374999880034,0.30439279199981684,0.9999897298959421,2.0540102640631552e-05,1.3739742946229594,0.004532130637537346,0.0,0.0,27.7658659251237,1.8242456359956314,1e-12
success,,C-C_1.50_sto-6g_as-004-008,hamiltonian_generator/comparable_diatomic_library/C-C/1.50/sto-6g/C-C_1.50_sto-6g_as-004-008.tensors.npz,C-C,1.50,sto-6g,4,8,12,230,382,jw,random_groups,0,875189055,382,27792,0.3819103763861978,19,"[38,26,16,22,16,24,24,10,10,22,22,12,12,32,28,20,16,16,16]","[6,13,18,7,5,8,11,3,4,9,10,16,15,0,12,2,14,17,1]",528fef40331d3c13,ced358e0343be400,100,0.01,1.0,38200,1.3374225038690395,0.006687112519345197,62.989468209477835,5.083000360173173e-06,0.000552916999822628,225,0.06949733400006153,0.000413374999880034,0.30471795799985557,0.9999773182946605,4.5362896219147686e-05,1.3763459588181812,0.00673523649762618,1.3839695167661148e-08,1.3839695389705753e-08,61.32102241322723,14.250828408199274,1e-12
success,,C-C_1.50_sto-6g_as-004-008,hamiltonian_generator/comparable_diatomic_library/C-C/1.50/sto-6g/C-C_1.50_sto-6g_as-004-008.tensors.npz,C-C,1.50,sto-6g,4,8,12,230,382,fermionic,random_groups,0,2404829148,230,13212,0.5016897664704766,26,"[10,18,8,14,6,18,8,8,8,8,8,6,6,6,6,8,8,6,6,4,8,8,6,6,16,16]","[14,7,18,12,10,0,3,1,2,9,15,5,16,20,6,25,4,22,19,23,17,13,21,24,11,8]",f3527edb6ff08ec7,66cbf6609f1ff2bc,100,0.01,1.0,38200,0.3542604658113868,0.001771302329056934,4.419529809275672,5.417000011220807e-06,0.0002667500002644374,225,0.06949733400006153,0.000413374999880034,0.30458662499995626,0.999998487553038,3.0248916365049894e-06,1.3748092611478275,0.0017392222181217987,0.0,0.0,4.089012459513353,0.2686522781214419,1e-12
success,,C-C_1.50_sto-6g_as-004-008,hamiltonian_generator/comparable_diatomic_library/C-C/1.50/sto-6g/C-C_1.50_sto-6g_as-004-008.tensors.npz,C-C,1.50,sto-6g,4,8,12,230,382,jw,random_groups,1,2686563299,382,27792,0.3819103763861978,19,"[38,26,16,22,16,24,24,10,10,22,22,12,12,32,28,20,16,16,16]","[12,13,1,18,16,9,7,10,5,17,11,15,4,8,0,6,3,2,14]",c9e18add9cbac6ca,b641a1886b075725,100,0.01,1.0,38200,1.7179675168451074,0.008589837584225537,103.93470429731846,5.333999979484361e-06,0.00034058300025208155,225,0.06949733400006153,0.000413374999880034,0.30428775000018504,0.999968006551317,6.398587378519949e-05,1.3731454040296942,0.007999181043455334,1.2346819899811123e-08,1.2346820010833426e-08,86.49534151340102,20.101267420325808,1e-12
success,,C-C_1.50_sto-6g_as-004-008,hamiltonian_generator/comparable_diatomic_library/C-C/1.50/sto-6g/C-C_1.50_sto-6g_as-004-008.tensors.npz,C-C,1.50,sto-6g,4,8,12,230,382,fermionic,random_groups,1,2130121150,230,13212,0.5016897664704766,26,"[10,18,8,14,6,18,8,8,8,8,8,6,6,6,6,8,8,6,6,4,8,8,6,6,16,16]","[0,5,24,7,22,17,15,11,8,18,2,9,20,13,1,3,19,25,6,14,21,4,16,10,23,12]",4dcff4da7b77c200,b94239769661fb1f,100,0.01,1.0,38200,0.7491536888633943,0.0037457684443169713,19.76389479890945,5.291999968903838e-06,0.0006634999999732827,225,0.06949733400006153,0.000413374999880034,0.30444024999997055,0.9999939304145233,1.2139134113464678e-05,1.375619482523408,0.003484131305408734,0.0,0.0,16.409536804105866,1.0781232605648141,1e-12
success,,C-C_1.50_sto-6g_as-004-008,hamiltonian_generator/comparable_diatomic_library/C-C/1.50/sto-6g/C-C_1.50_sto-6g_as-004-008.tensors.npz,C-C,1.50,sto-6g,4,8,12,230,382,jw,random_groups,2,1285269528,382,27792,0.3819103763861978,19,"[38,26,16,22,16,24,24,10,10,22,22,12,12,32,28,20,16,16,16]","[14,0,6,16,11,15,7,3,17,18,13,1,4,8,12,5,9,2,10]",2ccd8f2fbd064b4d,fb15b79d851b175e,100,0.01,1.0,38200,1.4879094308910308,0.007439547154455154,77.96212746303324,4.875000286119757e-06,0.0002960419997179997,225,0.06949733400006153,0.000413374999880034,0.30451570800005356,0.9999767394205851,4.6520617775325235e-05,1.3764771288453874,0.00682064211272368,5.03399510964897e-09,5.033994887604365e-09,62.88601661359034,14.614528537967349,1e-12
success,,C-C_1.50_sto-6g_as-004-008,hamiltonian_generator/comparable_diatomic_library/C-C/1.50/sto-6g/C-C_1.50_sto-6g_as-004-008.tensors.npz,C-C,1.50,sto-6g,4,8,12,230,382,fermionic,random_groups,2,2543415329,230,13212,0.5016897664704766,26,"[10,18,8,14,6,18,8,8,8,8,8,6,6,6,6,8,8,6,6,4,8,8,6,6,16,16]","[12,24,20,5,3,9,11,13,16,23,4,25,17,2,18,6,21,14,22,7,15,0,10,1,19,8]",fe1cf18ff5334d25,9464c8fb96aeb593,100,0.01,1.0,38200,0.990600403406032,0.00495300201703016,34.55633613822125,5.208000402490143e-06,0.0005374999996092811,225,0.06949733400006153,0.000413374999880034,0.3043131250001352,0.9999893860092343,2.1227868874706957e-05,1.375873752155413,0.004607383371446287,0.0,0.0,28.69558012262674,1.8853288045195948,1e-12
success,,C-C_1.50_sto-6g_as-004-008,hamiltonian_generator/comparable_diatomic_library/C-C/1.50/sto-6g/C-C_1.50_sto-6g_as-004-008.tensors.npz,C-C,1.50,sto-6g,4,8,12,230,382,jw,random_groups,3,2927273521,382,27792,0.3819103763861978,19,"[38,26,16,22,16,24,24,10,10,22,22,12,12,32,28,20,16,16,16]","[4,14,13,18,15,10,7,11,17,8,16,2,3,6,1,0,5,9,12]",123e6acc28b783b1,1ff779dc8bda9eef,100,0.01,1.0,38200,0.7497440182600545,0.0037487200913002726,19.79505477346982,5.458000032376731e-06,0.00030629200000475976,225,0.06949733400006153,0.000413374999880034,0.30447424999965733,0.999993496789171,1.3006379366187204e-05,1.3756490154296321,0.003606441689243413,3.187791253189687e-09,3.1877911421673844e-09,17.581868599744514,4.0859754558890025,1e-12
success,,C-C_1.50_sto-6g_as-004-008,hamiltonian_generator/comparable_diatomic_library/C-C/1.50/sto-6g/C-C_1.50_sto-6g_as-004-008.tensors.npz,C-C,1.50,sto-6g,4,8,12,230,382,fermionic,random_groups,3,623401407,230,13212,0.5016897664704766,26,"[10,18,8,14,6,18,8,8,8,8,8,6,6,6,6,8,8,6,6,4,8,8,6,6,16,16]","[10,16,4,19,8,23,6,17,13,0,3,9,20,11,2,18,12,22,14,21,5,25,15,24,7,1]",84de2f3a696a7451,9f9d00911a387b2c,100,0.01,1.0,38200,0.5426673807118277,0.0027133369035591388,10.370462451982146,5.541999598790426e-06,0.0002868340002351033,225,0.06949733400006153,0.000413374999880034,0.3049266670000179,0.9999968551871251,6.2896158599112795e-06,1.3746310941304385,0.0025079126280191624,0.0,0.0,8.502227751353562,0.5586050121207804,1e-12
success,,C-C_1.50_sto-6g_as-004-008,hamiltonian_generator/comparable_diatomic_library/C-C/1.50/sto-6g/C-C_1.50_sto-6g_as-004-008.tensors.npz,C-C,1.50,sto-6g,4,8,12,230,382,jw,random_groups,4,1771982391,382,27792,0.3819103763861978,19,"[38,26,16,22,16,24,24,10,10,22,22,12,12,32,28,20,16,16,16]","[14,10,0,6,16,9,1,15,11,12,4,7,3,2,5,8,13,18,17]",25a89fa614215646,a1153acc0fde3be6,100,0.01,1.0,38200,0.3277851459820827,0.0016389257299104134,3.783634936745222,5.082999905425822e-06,0.0005086249998385028,225,0.06949733400006153,0.000413374999880034,0.30471933399985573,0.9999987958907441,2.408217061877771e-06,1.375217358176791,0.001551843584810666,4.507178641421916e-08,4.507178630319686e-08,3.2553991198866545,0.7565453482670675,1e-12
success,,C-C_1.50_sto-6g_as-004-008,hamiltonian_generator/comparable_diatomic_library/C-C/1.50/sto-6g/C-C_1.50_sto-6g_as-004-008.tensors.npz,C-C,1.50,sto-6g,4,8,12,230,382,fermionic,random_groups,4,2160449059,230,13212,0.5016897664704766,26,"[10,18,8,14,6,18,8,8,8,8,8,6,6,6,6,8,8,6,6,4,8,8,6,6,16,16]","[17,8,16,12,4,22,2,7,14,6,19,11,1,20,23,25,9,24,3,0,5,21,18,10,13,15]",1e01b63ad376ab10,11eb95637a4a5205,100,0.01,1.0,38200,0.8102407847705866,0.004051203923852933,23.118459392289182,4.749999789055437e-06,0.0005093750000924047,225,0.06949733400006153,0.000413374999880034,0.30390058300008604,0.9999930752019182,1.3849548210820295e-05,1.3743159468966109,0.0037215045564508178,0.0,0.0,18.721654193902772,1.23003172506655,1e-12
success,,C-C_1.50_sto-6g_as-004-008,hamiltonian_generator/comparable_diatomic_library/C-C/1.50/sto-6g/C-C_1.50_sto-6g_as-004-008.tensors.npz,C-C,1.50,sto-6g,4,8,12,230,382,jw,random_groups,5,1551410299,382,27792,0.3819103763861978,19,"[38,26,16,22,16,24,24,10,10,22,22,12,12,32,28,20,16,16,16]","[4,15,0,8,14,16,7,17,2,13,11,1,10,9,12,5,6,18,3]",a1902b667bc9aede,b6ab5f70b82dd3cb,100,0.01,1.0,38200,1.3804376532499048,0.006902188266249523,67.10645270403923,5.165999937162269e-06,0.0005573329999606358,225,0.06949733400006153,0.000413374999880034,0.3040807920001498,0.9999763501476354,4.729914541368174e-05,1.3750610250715192,0.006877478079148239,4.261470287758584e-09,4.261470065713979e-09,63.93842099558448,14.85910427518794,1e-12
success,,C-C_1.50_sto-6g_as-004-008,hamiltonian_generator/comparable_diatomic_library/C-C/1.50/sto-6g/C-C_1.50_sto-6g_as-004-008.tensors.npz,C-C,1.50,sto-6g,4,8,12,230,382,fermionic,random_groups,5,3073906834,230,13212,0.5016897664704766,26,"[10,18,8,14,6,18,8,8,8,8,8,6,6,6,6,8,8,6,6,4,8,8,6,6,16,16]","[7,0,2,15,20,18,3,12,11,1,17,13,16,10,21,24,4,23,14,5,25,8,19,6,9,22]",fc02bb27a1534a5d,b8ab686a68066ee7,100,0.01,1.0,38200,0.5154231569803738,0.002577115784901869,9.355317738045366,5.332999990059761e-06,0.0005607500002042798,225,0.06949733400006153,0.000413374999880034,0.3044241669999792,0.9999969962964964,6.007397984952867e-06,1.374571832274531,0.0024510012254546666,0.0,0.0,8.120728991835792,0.5335401555423901,1e-12
success,,C-C_1.50_sto-6g_as-004-008,hamiltonian_generator/comparable_diatomic_library/C-C/1.50/sto-6g/C-C_1.50_sto-6g_as-004-008.tensors.npz,C-C,1.50,sto-6g,4,8,12,230,382,jw,random_groups,6,2141513781,382,27792,0.3819103763861978,19,"[38,26,16,22,16,24,24,10,10,22,22,12,12,32,28,20,16,16,16]","[17,12,0,14,6,15,13,18,8,11,1,10,3,7,9,16,4,5,2]",073a7f06e6569d15,9bf198ae2db567ee,100,0.01,1.0,38200,0.6343012929611841,0.0031715064648059205,14.168435001518608,4.832999820791883e-06,0.0006976250001571316,225,0.06949733400006153,0.000413374999880034,0.3047126249998655,0.999995520426178,8.959127577368164e-06,1.3751926888337789,0.002993183529953217,2.9825662495319705e-08,2.9825662495319705e-08,12.110841872192033,2.814524654145609,1e-12
success,,C-C_1.50_sto-6g_as-004-008,hamiltonian_generator/comparable_diatomic_library/C-C/1.50/sto-6g/C-C_1.50_sto-6g_as-004-008.tensors.npz,C-C,1.50,sto-6g,4,8,12,230,382,fermionic,random_groups,6,2818947403,230,13212,0.5016897664704766,26,"[10,18,8,14,6,18,8,8,8,8,8,6,6,6,6,8,8,6,6,4,8,8,6,6,16,16]","[22,9,5,2,7,15,18,11,0,4,3,25,14,10,19,8,12,6,24,21,16,20,17,1,23,13]",937b63729e7a533c,7854b27a23c1957b,100,0.01,1.0,38200,0.5770432281802769,0.0028852161409013842,11.725932406788479,5.208999937167391e-06,0.00029491599980246974,225,0.06949733400006153,0.000413374999880034,0.30434445899982165,0.9999959451506368,8.109682284485054e-06,1.3747232909088625,0.002847753276941831,0.0,0.0,10.962571850100522,0.7202521221835562,1e-12
success,,C-C_1.50_sto-6g_as-004-008,hamiltonian_generator/comparable_diatomic_library/C-C/1.50/sto-6g/C-C_1.50_sto-6g_as-004-008.tensors.npz,C-C,1.50,sto-6g,4,8,12,230,382,jw,random_groups,7,1569605635,382,27792,0.3819103763861978,19,"[38,26,16,22,16,24,24,10,10,22,22,12,12,32,28,20,16,16,16]","[11,14,3,0,8,4,1,6,7,17,2,18,9,13,15,16,5,12,10]",bb3c64fbcc425ed0,fb0ef1bf62e76532,100,0.01,1.0,38200,1.150957917501115,0.005754789587505575,46.649777688334275,4.834000264963834e-06,0.0002997500000674336,225,0.06949733400006153,0.000413374999880034,0.30463208399987707,0.9999868097299281,2.6380366160427826e-05,1.3760876554494372,0.005136198997673285,2.970989010364633e-09,2.9709888993423306e-09,35.660664539093446,8.287435389520796,1e-12
success,,C-C_1.50_sto-6g_as-004-008,hamiltonian_generator/comparable_diatomic_library/C-C/1.50/sto-6g/C-C_1.50_sto-6g_as-004-008.tensors.npz,C-C,1.50,sto-6g,4,8,12,230,382,fermionic,random_groups,7,2854921744,230,13212,0.5016897664704766,26,"[10,18,8,14,6,18,8,8,8,8,8,6,6,6,6,8,8,6,6,4,8,8,6,6,16,16]","[0,22,12,20,2,15,11,19,8,18,6,17,13,7,9,23,3,24,1,14,4,21,16,5,25,10]",3ada6f8c67f91aaf,6cda266a7455d63d,100,0.01,1.0,38200,0.5488698757911954,0.002744349378955977,10.60887860765253,5.208999937167391e-06,0.0005466669999805163,225,0.06949733400006153,0.000413374999880034,0.30469783299986375,0.9999965422791671,6.915429709875021e-06,1.3746599859309598,0.0026297227355285484,0.0,0.0,9.348195454446035,0.6141859507711861,1e-12
success,,C-C_1.50_sto-6g_as-004-008,hamiltonian_generator/comparable_diatomic_library/C-C/1.50/sto-6g/C-C_1.50_sto-6g_as-004-008.tensors.npz,C-C,1.50,sto-6g,4,8,12,230,382,jw,random_groups,8,1478442885,382,27792,0.3819103763861978,19,"[38,26,16,22,16,24,24,10,10,22,22,12,12,32,28,20,16,16,16]","[10,3,13,15,14,0,11,9,1,5,16,7,18,17,12,8,6,4,2]",acdd8a695a1882f7,8a4951e1ef4c9f7b,100,0.01,1.0,38200,1.701520851648895,0.008507604258244476,101.95422789884302,4.999999873689376e-06,0.0006915000003573368,225,0.06949733400006153,0.000413374999880034,0.3045764170001348,0.999969595725839,6.080762390214822e-05,1.3765857328878164,0.0077979836061652635,1.5140025899640364e-08,1.5140025455551154e-08,82.1990212041356,19.10281499561874,1e-12
success,,C-C_1.50_sto-6g_as-004-008,hamiltonian_generator/comparable_diatomic_library/C-C/1.50/sto-6g/C-C_1.50_sto-6g_as-004-008.tensors.npz,C-C,1.50,sto-6g,4,8,12,230,382,fermionic,random_groups,8,3915056856,230,13212,0.5016897664704766,26,"[10,18,8,14,6,18,8,8,8,8,8,6,6,6,6,8,8,6,6,4,8,8,6,6,16,16]","[14,6,15,7,12,21,1,18,20,13,0,22,9,5,19,17,16,23,10,24,11,4,25,3,8,2]",265510a69ce40cb7,ca903c5e19981fb4,100,0.01,1.0,38200,0.5769151878068551,0.0028845759390342756,11.720729239613394,6.208000286278548e-06,0.0006572499996764236,225,0.06949733400006153,0.000413374999880034,0.3044462080001722,0.9999962016791777,7.596627217387741e-06,1.3748875798545717,0.0027562005813483396,0.0,0.0,10.269030125676535,0.6746857253863813,1e-12
success,,C-C_1.50_sto-6g_as-004-008,hamiltonian_generator/comparable_diatomic_library/C-C/1.50/sto-6g/C-C_1.50_sto-6g_as-004-008.tensors.npz,C-C,1.50,sto-6g,4,8,12,230,382,jw,random_groups,9,1176196188,382,27792,0.3819103763861978,19,"[38,26,16,22,16,24,24,10,10,22,22,12,12,32,28,20,16,16,16]","[11,12,6,17,13,4,7,9,5,0,2,14,15,8,10,1,18,16,3]",ea95b07e5d009851,d0ed881020897064,100,0.01,1.0,38200,0.972076870661209,0.004860384353306045,33.27606074042199,5.375000000640284e-06,0.0006866670000817976,225,0.06949733400006153,0.000413374999880034,0.30454170899974997,0.9999887169376818,2.2565997328971577e-05,1.3744320151506324,0.0047503815253587215,3.659291536450837e-09,3.6592916474731396e-09,30.504446217492667,7.0891451516121755,1e-12
success,,C-C_1.50_sto-6g_as-004-008,hamiltonian_generator/comparable_diatomic_library/C-C/1.50/sto-6g/C-C_1.50_sto-6g_as-004-008.tensors.npz,C-C,1.50,sto-6g,4,8,12,230,382,fermionic,random_groups,9,3753125171,230,13212,0.5016897664704766,26,"[10,18,8,14,6,18,8,8,8,8,8,6,6,6,6,8,8,6,6,4,8,8,6,6,16,16]","[13,3,7,22,19,6,11,17,25,24,8,21,4,20,15,18,9,23,12,16,1,14,0,5,2,10]",da478cb858e20a6d,f64d2fafb3c4703b,100,0.01,1.0,38200,0.4425890900521027,0.0022129454502605134,6.898141477874951,5.332999990059761e-06,0.0005867909999324183,225,0.06949733400006153,0.000413374999880034,0.304077333999885,0.9999977385914205,4.522812044993607e-06,1.3748143839722136,0.002126691599413024,0.0,0.0,6.113883413484529,0.4016883595891504,1e-12
success,,C-C_1.50_sto-6g_as-004-008,hamiltonian_generator/comparable_diatomic_library/C-C/1.50/sto-6g/C-C_1.50_sto-6g_as-004-008.tensors.npz,C-C,1.50,sto-6g,4,8,12,230,382,jw,random_groups,10,3622898362,382,27792,0.3819103763861978,19,"[38,26,16,22,16,24,24,10,10,22,22,12,12,32,28,20,16,16,16]","[11,13,14,17,9,0,18,12,1,16,5,7,10,3,8,2,4,15,6]",4dabed2b36482363,9afb857621a681f7,100,0.01,1.0,38200,0.674878265662461,0.003374391328312305,16.03915826638391,5.5409996093658265e-06,0.0005470420001074672,225,0.06949733400006153,0.000413374999880034,0.30417733300009786,0.9999939927014809,1.2014560950457387e-05,1.374660547963459,0.00346620787578382,3.3477457472841365e-09,3.3477457472841365e-09,16.24114028718259,3.7743940703801204,1e-12
success,,C-C_1.50_sto-6g_as-004-008,hamiltonian_generator/comparable_diatomic_library/C-C/1.50/sto-6g/C-C_1.50_sto-6g_as-004-008.tensors.npz,C-C,1.50,sto-6g,4,8,12,230,382,fermionic,random_groups,10,2816548403,230,13212,0.5016897664704766,26,"[10,18,8,14,6,18,8,8,8,8,8,6,6,6,6,8,8,6,6,4,8,8,6,6,16,16]","[20,11,6,1,5,13,3,15,7,16,24,2,9,21,4,10,8,22,23,17,19,25,18,14,12,0]",f23ce21719abb387,491d5d7828dca581,100,0.01,1.0,38200,1.151024048209156,0.00575512024104578,46.65513856453775,5.249999958323315e-06,0.0005703339998035517,225,0.06949733400006153,0.000413374999880034,0.3043899170002078,0.9999864879145728,2.7023988278029876e-05,1.3759546062742052,0.00519847774395816,0.0,0.0,36.530705246116575,2.4001044953822737,1e-12
success,,C-C_1.50_sto-6g_as-004-008,hamiltonian_generator/comparable_diatomic_library/C-C/1.50/sto-6g/C-C_1.50_sto-6g_as-004-008.tensors.npz,C-C,1.50,sto-6g,4,8,12,230,382,jw,random_groups,11,1488389184,382,27792,0.3819103763861978,19,"[38,26,16,22,16,24,24,10,10,22,22,12,12,32,28,20,16,16,16]","[1,3,10,16,15,5,6,12,7,4,11,13,14,2,17,8,0,18,9]",4aca0e5a71b12eea,3bc9cb50800ad1a1,100,0.01,1.0,38200,0.41114104771112187,0.0020557052385556094,5.952677651711287,4.874999831372406e-06,0.00028854199990746565,225,0.06949733400006153,0.000413374999880034,0.30443025000022317,0.9999978858929611,4.228209608325706e-06,1.3750950046192714,0.002056262161727083,2.2241805064382447e-09,2.2241803954159423e-09,5.715643351063683,1.3282989981736493,1e-12
success,,C-C_1.50_sto-6g_as-004-008,hamiltonian_generator/comparable_diatomic_library/C-C/1.50/sto-6g/C-C_1.50_sto-6g_as-004-008.tensors.npz,C-C,1.50,sto-6g,4,8,12,230,382,fermionic,random_groups,11,605268781,230,13212,0.5016897664704766,26,"[10,18,8,14,6,18,8,8,8,8,8,6,6,6,6,8,8,6,6,4,8,8,6,6,16,16]","[1,5,4,3,18,13,17,0,25,2,16,9,6,20,24,10,11,22,15,19,7,12,8,23,14,21]",498ca31afefdc70f,b7b32ccb72f17829,100,0.01,1.0,38200,0.8574901235427507,0.004287450617713753,25.893391753535333,5.666000106430147e-06,0.0003169999999954598,225,0.06949733400006153,0.000413374999880034,0.30454858299981424,0.9999925360911872,1.4927761915695115e-05,1.3757307394727565,0.0038636534039140037,0.0,0.0,20.179170628556022,1.3257920374759768,1e-12
success,,C-C_1.50_sto-6g_as-004-008,hamiltonian_generator/comparable_diatomic_library/C-C/1.50/sto-6g/C-C_1.50_sto-6g_as-004-008.tensors.npz,C-C,1.50,sto-6g,4,8,12,230,382,jw,random_groups,12,3167853451,382,27792,0.3819103763861978,19,"[38,26,16,22,16,24,24,10,10,22,22,12,12,32,28,20,16,16,16]","[7,12,2,0,8,4,18,9,17,5,10,13,14,16,3,6,1,15,11]",c5704c7129d7cc98,70bad0c4474b6f7c,100,0.01,1.0,38200,0.7528182534549827,0.0037640912672749134,19.95772207372374,4.957999863108853e-06,0.0006934580001143331,225,0.06949733400006153,0.000413374999880034,0.3046116659998006,0.999993340102579,1.3319750487794657e-05,1.3750055845694655,0.003649629411595326,6.330256097086817e-09,6.33025620810912e-09,18.005479946756292,4.184421508816015,1e-12
success,,C-C_1.50_sto-6g_as-004-008,hamiltonian_generator/comparable_diatomic_library/C-C/1.50/sto-6g/C-C_1.50_sto-6g_as-004-008.tensors.npz,C-C,1.50,sto-6g,4,8,12,230,382,fermionic,random_groups,12,2683165452,230,13212,0.5016897664704766,26,"[10,18,8,14,6,18,8,8,8,8,8,6,6,6,6,8,8,6,6,4,8,8,6,6,16,16]","[12,2,10,8,17,18,13,5,11,22,23,20,7,25,1,6,4,24,21,14,9,3,16,15,19,0]",4874ff59751af4ec,bb8d3c2d44e92981,100,0.01,1.0,38200,0.4264752259589195,0.0021323761297945974,6.404987769429283,5.750000127591193e-06,0.0005474999998114072,225,0.06949733400006153,0.000413374999880034,0.304184209000141,0.9999978281934856,4.343608312029623e-06,1.3751957790663702,0.002084133639863851,0.0,0.0,5.871637943254169,0.38577258577178924,1e-12
success,,C-C_1.50_sto-6g_as-004-008,hamiltonian_generator/comparable_diatomic_library/C-C/1.50/sto-6g/C-C_1.50_sto-6g_as-004-008.tensors.npz,C-C,1.50,sto-6g,4,8,12,230,382,jw,random_groups,13,2054938735,382,27792,0.3819103763861978,19,"[38,26,16,22,16,24,24,10,10,22,22,12,12,32,28,20,16,16,16]","[8,7,18,2,6,11,0,1,13,5,16,17,15,10,4,9,14,3,12]",92a0fc6520e27614,bad0846052efe248,100,0.01,1.0,38200,2.4702705476211455,0.012351352738105727,214.89174359730134,4.875000286119757e-06,0.0006003329999657581,225,0.06949733400006153,0.000413374999880034,0.3043901249998271,0.9999360131304641,0.00012796964475236816,1.3719967824280639,0.011312547859426151,1.6659158386111983e-08,1.6659158497134285e-08,172.98784046245217,40.201874236910925,1e-12
success,,C-C_1.50_sto-6g_as-004-008,hamiltonian_generator/comparable_diatomic_library/C-C/1.50/sto-6g/C-C_1.50_sto-6g_as-004-008.tensors.npz,C-C,1.50,sto-6g,4,8,12,230,382,fermionic,random_groups,13,4265844992,230,13212,0.5016897664704766,26,"[10,18,8,14,6,18,8,8,8,8,8,6,6,6,6,8,8,6,6,4,8,8,6,6,16,16]","[18,22,23,11,25,20,4,6,7,0,19,1,15,9,24,5,3,12,17,2,13,10,14,8,16,21]",f6997eb803f25243,c529ba2bce5aae0e,100,0.01,1.0,38200,0.6370144633032295,0.0031850723165161477,14.289902805364935,5.958000201644609e-06,0.000534208999852126,225,0.06949733400006153,0.000413374999880034,0.3040089999999509,0.9999952220481352,9.55588090079118e-06,1.3749786291133113,0.003091262481518045,0.0,0.0,12.917525901889071,0.8486945920551796,1e-12
success,,C-C_1.50_sto-6g_as-004-008,hamiltonian_generator/comparable_diatomic_library/C-C/1.50/sto-6g/C-C_1.50_sto-6g_as-004-008.tensors.npz,C-C,1.50,sto-6g,4,8,12,230,382,jw,random_groups,14,4085885249,382,27792,0.3819103763861978,19,"[38,26,16,22,16,24,24,10,10,22,22,12,12,32,28,20,16,16,16]","[18,11,10,7,2,0,15,16,6,8,17,13,4,5,1,3,9,12,14]",83cda6998f22813b,183bc11214a765da,100,0.01,1.0,38200,0.83394282097188,0.0041697141048594,24.4908149942763,4.999999873689376e-06,0.0005122910001773562,225,0.06949733400006153,0.000413374999880034,0.30362333299990496,0.999992975549398,1.404885186107041e-05,1.3741429091684885,0.0037481863886329797,4.673449049974465e-08,4.673449038872235e-08,18.99107049274276,4.413469903621756,1e-12
success,,C-C_1.50_sto-6g_as-004-008,hamiltonian_generator/comparable_diatomic_library/C-C/1.50/sto-6g/C-C_1.50_sto-6g_as-004-008.tensors.npz,C-C,1.50,sto-6g,4,8,12,230,382,fermionic,random_groups,14,1972977524,230,13212,0.5016897664704766,26,"[10,18,8,14,6,18,8,8,8,8,8,6,6,6,6,8,8,6,6,4,8,8,6,6,16,16]","[23,11,1,14,24,0,19,13,25,3,12,2,6,5,21,20,9,16,10,17,4,7,22,15,8,18]",0f06a012bd8966d2,b5b2ed5d96ca8503,100,0.01,1.0,38200,0.6102589650959774,0.003051294825479887,13.11472007311961,5.375000000640284e-06,0.00028295799984334735,225,0.06949733400006153,0.000413374999880034,0.30373837500019363,0.9999961896573885,7.620670704366894e-06,1.3754989988931123,0.002760558860645151,0.0,0.0,10.30153182479244,0.6768211200805184,1e-12
success,,C-C_1.50_sto-6g_as-004-008,hamiltonian_generator/comparable_diatomic_library/C-C/1.50/sto-6g/C-C_1.50_sto-6g_as-004-008.tensors.npz,C-C,1.50,sto-6g,4,8,12,230,382,jw,random_groups,15,2862677085,382,27792,0.3819103763861978,19,"[38,26,16,22,16,24,24,10,10,22,22,12,12,32,28,20,16,16,16]","[17,1,4,10,8,13,15,2,18,12,9,0,7,3,11,5,6,16,14]",fcc7013cacbfcd0f,f22bbc1a35abad06,100,0.01,1.0,38200,1.0168663639746842,0.005084331819873421,36.41316698071549,5.332999990059761e-06,0.0003226659996471426,225,0.06949733400006153,0.000413374999880034,0.3036736250001013,0.9999877922433299,2.441536431085911e-05,1.3741589092799946,0.004941205656538041,1.3814798860423139e-08,1.3814798860423139e-08,33.00439846037304,7.6701268286935465,1e-12
success,,C-C_1.50_sto-6g_as-004-008,hamiltonian_generator/comparable_diatomic_library/C-C/1.50/sto-6g/C-C_1.50_sto-6g_as-004-008.tensors.npz,C-C,1.50,sto-6g,4,8,12,230,382,fermionic,random_groups,15,449764996,230,13212,0.5016897664704766,26,"[10,18,8,14,6,18,8,8,8,8,8,6,6,6,6,8,8,6,6,4,8,8,6,6,16,16]","[24,9,10,17,19,20,11,2,8,7,1,25,18,13,0,16,4,12,3,15,6,5,23,22,21,14]",612beb5297b3cf58,28e4b12ab5102626,100,0.01,1.0,38200,0.8238837275979802,0.004119418637989901,23.90355743129159,5.124999916006345e-06,0.00027787499993792153,225,0.06949733400006153,0.000413374999880034,0.30417333300010796,0.9999931216522665,1.3756648155283102e-05,1.3740705888329932,0.003709001950254705,0.0,0.0,18.59607300613501,1.2217809132832518,1e-12
success,,C-C_1.50_sto-6g_as-004-008,hamiltonian_generator/comparable_diatomic_library/C-C/1.50/sto-6g/C-C_1.50_sto-6g_as-004-008.tensors.npz,C-C,1.50,sto-6g,4,8,12,230,382,jw,random_groups,16,2525356022,382,27792,0.3819103763861978,19,"[38,26,16,22,16,24,24,10,10,22,22,12,12,32,28,20,16,16,16]","[9,15,10,18,17,5,6,7,3,2,8,1,12,13,16,4,14,0,11]",dc55e78f5421fd9e,3beaef409af4181b,100,0.01,1.0,38200,0.9894229353236849,0.004947114676618424,34.47423481782466,4.375000116851879e-06,0.00026945799982058816,225,0.06949733400006153,0.000413374999880034,0.30310670800008666,0.999989977495785,2.004490797946623e-05,1.3740825656565845,0.004477165222549086,2.588853798002333e-09,2.588853798002333e-09,27.096467684554312,6.297140788663798,1e-12
success,,C-C_1.50_sto-6g_as-004-008,hamiltonian_generator/comparable_diatomic_library/C-C/1.50/sto-6g/C-C_1.50_sto-6g_as-004-008.tensors.npz,C-C,1.50,sto-6g,4,8,12,230,382,fermionic,random_groups,16,4221607828,230,13212,0.5016897664704766,26,"[10,18,8,14,6,18,8,8,8,8,8,6,6,6,6,8,8,6,6,4,8,8,6,6,16,16]","[6,13,15,23,9,4,5,12,21,3,1,18,0,7,17,8,10,11,14,24,25,20,2,19,16,22]",5fead10090adbf37,1fd808459e77a307,100,0.01,1.0,38200,0.7921393765435766,0.003960696882717883,22.097029387918024,6.166000275698025e-06,0.0005109159997118695,225,0.06949733400006153,0.000413374999880034,0.30349541699979454,0.9999931134254727,1.3773101629643847e-05,1.3753337475201548,0.0037112193487581274,0.0,0.0,18.618314616661298,1.2232422097200175,1e-12
success,,C-C_1.50_sto-6g_as-004-008,hamiltonian_generator/comparable_diatomic_library/C-C/1.50/sto-6g/C-C_1.50_sto-6g_as-004-008.tensors.npz,C-C,1.50,sto-6g,4,8,12,230,382,jw,random_groups,17,4003130920,382,27792,0.3819103763861978,19,"[38,26,16,22,16,24,24,10,10,22,22,12,12,32,28,20,16,16,16]","[11,10,16,1,3,6,15,4,13,9,0,17,14,12,5,18,2,7,8]",ba78cd272f7e2df1,b41c33075aaab314,100,0.01,1.0,38200,1.117508602278134,0.00558754301139067,43.977692534885385,4.958999852533452e-06,0.0005541670002457977,225,0.06949733400006153,0.000413374999880034,0.3037990000002537,0.9999877982929752,2.4403265167838306e-05,1.3760662185458392,0.0049399811790656716,1.5627007576846097e-08,1.5627007576846097e-08,32.98804298305132,7.666325863026743,1e-12
success,,C-C_1.50_sto-6g_as-004-008,hamiltonian_generator/comparable_diatomic_library/C-C/1.50/sto-6g/C-C_1.50_sto-6g_as-004-008.tensors.npz,C-C,1.50,sto-6g,4,8,12,230,382,fermionic,random_groups,17,202007895,230,13212,0.5016897664704766,26,"[10,18,8,14,6,18,8,8,8,8,8,6,6,6,6,8,8,6,6,4,8,8,6,6,16,16]","[1,20,17,8,19,25,14,13,24,5,0,15,21,2,11,23,6,3,10,12,9,7,16,22,18,4]",e5ad29cbb0761d04,d74ca82b291b4e57,100,0.01,1.0,38200,0.6077998717658442,0.003038999358829221,13.009239138903563,4.958000317856204e-06,0.0005207919998611032,225,0.06949733400006153,0.000413374999880034,0.30385341700002755,0.9999955238037553,8.952372453019386e-06,1.3751902090694959,0.0029920548941029363,0.0,0.0,12.101710375613983,0.7950946820938561,1e-12
success,,C-C_1.50_sto-6g_as-004-008,hamiltonian_generator/comparable_diatomic_library/C-C/1.50/sto-6g/C-C_1.50_sto-6g_as-004-008.tensors.npz,C-C,1.50,sto-6g,4,8,12,230,382,jw,random_groups,18,4557570,382,27792,0.3819103763861978,19,"[38,26,16,22,16,24,24,10,10,22,22,12,12,32,28,20,16,16,16]","[5,12,17,2,6,1,11,9,0,3,16,18,8,14,10,7,15,4,13]",5386a4afdd175bf7,ffa20f60505dffc8,100,0.01,1.0,38200,1.2550104275736194,0.006275052137868097,55.46580971393121,4.457999693840975e-06,0.0005463340003188932,225,0.06949733400006153,0.000413374999880034,0.3037866249997023,0.9999822547723206,3.549014046566601e-05,1.3739013536211886,0.005957386621562982,7.395173362567675e-09,7.395173362567675e-09,47.97514886241049,11.149285960838029,1e-12
success,,C-C_1.50_sto-6g_as-004-008,hamiltonian_generator/comparable_diatomic_library/C-C/1.50/sto-6g/C-C_1.50_sto-6g_as-004-008.tensors.npz,C-C,1.50,sto-6g,4,8,12,230,382,fermionic,random_groups,18,3169280580,230,13212,0.5016897664704766,26,"[10,18,8,14,6,18,8,8,8,8,8,6,6,6,6,8,8,6,6,4,8,8,6,6,16,16]","[6,25,3,8,15,18,24,21,1,14,10,22,0,4,23,20,11,9,2,17,16,13,19,12,7,5]",d8afadec8e9d9105,1a9095fb32a25e8e,100,0.01,1.0,38200,0.7385926710044965,0.003692963355022483,19.21058882120623,4.916999841952929e-06,0.0006526249999296851,225,0.06949733400006153,0.000413374999880034,0.3033714170001076,0.9999944576594733,1.10846503359463e-05,1.3741998738296748,0.0033293664642820445,0.0,0.0,14.984098202407964,0.9844704944115996,1e-12
success,,C-C_1.50_sto-6g_as-004-008,hamiltonian_generator/comparable_diatomic_library/C-C/1.50/sto-6g/C-C_1.50_sto-6g_as-004-008.tensors.npz,C-C,1.50,sto-6g,4,8,12,230,382,jw,random_groups,19,3274228212,382,27792,0.3819103763861978,19,"[38,26,16,22,16,24,24,10,10,22,22,12,12,32,28,20,16,16,16]","[8,4,17,16,11,9,10,6,3,7,2,15,13,5,1,12,18,14,0]",5fbfd2ca19b2b9e6,fed692ae37391bc1,100,0.01,1.0,38200,0.7980338724718474,0.003990169362359237,22.42711135902485,5.249999958323315e-06,0.0005938330000390124,225,0.06949733400006153,0.000413374999880034,0.3034626250000656,0.9999920095590339,1.598081808507068e-05,1.3758739297009313,0.003997609527232552,2.9491111774859746e-09,2.9491113995305795e-09,21.60267940658262,5.0204002683775055,1e-12
success,,C-C_1.50_sto-6g_as-004-008,hamiltonian_generator/comparable_diatomic_library/C-C/1.50/sto-6g/C-C_1.50_sto-6g_as-004-008.tensors.npz,C-C,1.50,sto-6g,4,8,12,230,382,fermionic,random_groups,19,890503771,230,13212,0.5016897664704766,26,"[10,18,8,14,6,18,8,8,8,8,8,6,6,6,6,8,8,6,6,4,8,8,6,6,16,16]","[8,7,3,14,16,21,12,0,19,18,6,22,20,15,25,23,2,1,17,10,5,24,4,11,9,13]",f8f58e48c21683c6,1fb2652ffa6fef63,100,0.01,1.0,38200,0.99242847684877,0.00496214238424385,34.683995705363536,5.70800011701067e-06,0.00027304200011712965,225,0.06949733400006153,0.000413374999880034,0.3035026669999752,0.9999892867287574,2.142642771096881e-05,1.3741730880435483,0.004628881342739189,0.0,0.0,28.96398959079509,1.902963579616703,1e-12
success,,C-C_1.50_sto-6g_as-008-008,hamiltonian_generator/comparable_diatomic_library/C-C/1.50/sto-6g/C-C_1.50_sto-6g_as-008-008.tensors.npz,C-C,1.50,sto-6g,8,8,16,656,1176,baseline,jw_raw,-1,-1,,,,,[],[],4f53cda18c2baa0c,5b3a4ea00434804c,100,0.01,1.0,117600,0.5015524789572456,0.002507762394786228,1.0,1.0332999863749137e-05,0.002323917000012443,4900,4.48351729199976,0.01415412500000457,15.14557641700003,0.9999970778863331,5.844218795125755e-06,0.9470260425890669,0.0024174836780940295,0.0,0.0,1.0,,1e-12
success,,C-C_1.50_sto-6g_as-008-008,hamiltonian_generator/comparable_diatomic_library/C-C/1.50/sto-6g/C-C_1.50_sto-6g_as-008-008.tensors.npz,C-C,1.50,sto-6g,8,8,16,656,1176,jw,current,-1,-1,1176,230944,0.3342654508611955,26,"[48,36,56,56,48,48,64,64,56,56,28,24,24,24,108,36,32,32,56,72,72,32,32,32,32,8]","[0,1,2,3,4,5,6,7,8,9,10,11,12,13,14,15,16,17,18,19,20,21,22,23,24,25]",4ecedd81fc4cb891,e7caef06750cda7f,100,0.01,1.0,117600,0.6883502502229505,0.0034417512511147525,1.8835891784354433,1.7750000097294105e-05,0.0026963340001202596,4900,4.48351729199976,0.01415412500000457,15.142903750000187,0.9999949064848849,1.0187004286343893e-05,0.9477743317379638,0.0031917127424405814,1.4004908344134037e-10,1.4004908344134037e-10,1.7430908464344532,1.0,1e-12
success,,C-C_1.50_sto-6g_as-008-008,hamiltonian_generator/comparable_diatomic_library/C-C/1.50/sto-6g/C-C_1.50_sto-6g_as-008-008.tensors.npz,C-C,1.50,sto-6g,8,8,16,656,1176,fermionic,current,-1,-1,656,107184,0.4989015080990505,53,"[12,12,12,12,12,12,12,12,12,12,12,12,12,12,12,14,14,12,16,12,8,12,12,12,15,23,13,7,12,12,16,14,10,12,30,10,10,8,12,12,8,10,13,13,6,26,24,10,12,10,13,2,1]","[0,1,2,3,4,5,6,7,8,9,10,11,12,13,14,15,16,17,18,19,20,21,22,23,24,25,26,27,28,29,30,31,32,33,34,35,36,37,38,39,40,41,42,43,44,45,46,47,48,49,50,51,52]",f5f5be532f495d2e,03e253b0969297c3,100,0.01,1.0,117600,0.6694238870201447,0.003347119435100723,1.7814336347453184,2.195900015067309e-05,0.002482207999946695,4900,4.48351729199976,0.01415412500000457,15.187856792000275,0.9999954801711108,9.039637349439467e-06,0.9473302807905071,0.0030066023645171766,0.0,0.0,1.5467657297462547,1.0,1e-12
success,,C-C_1.50_sto-6g_as-008-008,hamiltonian_generator/comparable_diatomic_library/C-C/1.50/sto-6g/C-C_1.50_sto-6g_as-008-008.tensors.npz,C-C,1.50,sto-6g,8,8,16,656,1176,jw,reverse_groups,-1,-1,1176,230944,0.3342654508611955,26,"[48,36,56,56,48,48,64,64,56,56,28,24,24,24,108,36,32,32,56,72,72,32,32,32,32,8]","[25,24,23,22,21,20,19,18,17,16,15,14,13,12,11,10,9,8,7,6,5,4,3,2,1,0]",b1aebad68f5cf84a,dc0bf884546cdca2,100,0.01,1.0,117600,0.6883502502229505,0.0034417512511147525,1.8835891784354433,2.5042000288522104e-05,0.002481916000306228,4900,4.48351729199976,0.01415412500000457,15.168117958000039,0.9999949018169996,1.0196340009427374e-05,0.9468974697155359,0.003193174909217878,1.3941570120579172e-10,1.3941581222809418e-10,1.744688275177413,1.0009164345887236,1e-12
success,,C-C_1.50_sto-6g_as-008-008,hamiltonian_generator/comparable_diatomic_library/C-C/1.50/sto-6g/C-C_1.50_sto-6g_as-008-008.tensors.npz,C-C,1.50,sto-6g,8,8,16,656,1176,fermionic,reverse_groups,-1,-1,656,107184,0.4989015080990505,53,"[12,12,12,12,12,12,12,12,12,12,12,12,12,12,12,14,14,12,16,12,8,12,12,12,15,23,13,7,12,12,16,14,10,12,30,10,10,8,12,12,8,10,13,13,6,26,24,10,12,10,13,2,1]","[52,51,50,49,48,47,46,45,44,43,42,41,40,39,38,37,36,35,34,33,32,31,30,29,28,27,26,25,24,23,22,21,20,19,18,17,16,15,14,13,12,11,10,9,8,7,6,5,4,3,2,1,0]",fc3a1225d133579d,132f98a0f4e78927,100,0.01,1.0,117600,0.6379779702580463,0.0031898898512902315,1.6180003175961186,2.0667000171670225e-05,0.0025253329999941343,4900,4.48351729199976,0.01415412500000457,15.172610624999834,0.9999960664010092,7.867182508336512e-06,0.9467560786800865,0.0028048525775011433,0.0,0.0,1.3461478401352747,0.8702984648852471,1e-12
success,,C-C_1.50_sto-6g_as-008-008,hamiltonian_generator/comparable_diatomic_library/C-C/1.50/sto-6g/C-C_1.50_sto-6g_as-008-008.tensors.npz,C-C,1.50,sto-6g,8,8,16,656,1176,jw,random_groups,0,170929829,1176,230944,0.3342654508611955,26,"[48,36,56,56,48,48,64,64,56,56,28,24,24,24,108,36,32,32,56,72,72,32,32,32,32,8]","[8,0,6,20,23,18,25,3,9,21,11,10,19,4,15,12,22,17,24,7,2,1,5,14,13,16]",0c7491e625c19cae,72218709092454a5,100,0.01,1.0,117600,1.3759481664895734,0.006879740832447867,7.526124271633459,2.1750000087195076e-05,0.002410916999906476,4900,4.48351729199976,0.01415412500000457,21.34156770899972,0.9999841992812949,3.1601187747476445e-05,0.9494460090772597,0.005621515579468883,9.162153258301942e-10,9.162154368524966e-10,5.4072561030454125,3.102108025009783,1e-12
success,,C-C_1.50_sto-6g_as-008-008,hamiltonian_generator/comparable_diatomic_library/C-C/1.50/sto-6g/C-C_1.50_sto-6g_as-008-008.tensors.npz,C-C,1.50,sto-6g,8,8,16,656,1176,fermionic,random_groups,0,3367589945,656,107184,0.4989015080990505,53,"[12,12,12,12,12,12,12,12,12,12,12,12,12,12,12,14,14,12,16,12,8,12,12,12,15,23,13,7,12,12,16,14,10,12,30,10,10,8,12,12,8,10,13,13,6,26,24,10,12,10,13,2,1]","[17,41,6,22,51,26,25,7,43,21,36,1,29,32,42,28,37,16,47,23,14,31,15,48,5,10,4,38,33,34,49,2,50,9,18,27,30,0,19,20,46,40,11,12,8,45,39,3,24,35,13,44,52]",957297226f6462fd,9ecaf4d3621e2259,100,0.01,1.0,117600,0.5970851587009183,0.0029854257935045913,1.4172282158703207,3.7290999898687005e-05,0.003909958999884111,4900,4.48351729199976,0.01415412500000457,34.69295804100011,0.9999962218701693,7.556245387063676e-06,0.946998642106506,0.002748865158808654,0.0,0.0,1.2929436169237538,0.8359013857488682,1e-12
success,,C-C_1.50_sto-6g_as-008-008,hamiltonian_generator/comparable_diatomic_library/C-C/1.50/sto-6g/C-C_1.50_sto-6g_as-008-008.tensors.npz,C-C,1.50,sto-6g,8,8,16,656,1176,jw,random_groups,1,1497130406,1176,230944,0.3342654508611955,26,"[48,36,56,56,48,48,64,64,56,56,28,24,24,24,108,36,32,32,56,72,72,32,32,32,32,8]","[17,0,4,15,13,3,19,10,5,25,22,1,14,24,6,2,20,16,7,11,8,21,18,23,9,12]",ecca4641cc4b3e3f,a34fa61e3a9e7d8e,100,0.01,1.0,117600,0.7491721294182323,0.0037458606470911616,2.2311587001852464,3.454199986663298e-05,0.003912540999863268,4900,4.48351729199976,0.01415412500000457,34.78363712500004,0.999994390304502,1.1219359527303574e-05,0.9471677718469633,0.0033495359374128373,2.1295165630874635e-09,2.129517118198976e-09,1.919736396019403,1.1013404148993633,1e-12
success,,C-C_1.50_sto-6g_as-008-008,hamiltonian_generator/comparable_diatomic_library/C-C/1.50/sto-6g/C-C_1.50_sto-6g_as-008-008.tensors.npz,C-C,1.50,sto-6g,8,8,16,656,1176,fermionic,random_groups,1,3876896119,656,107184,0.4989015080990505,53,"[12,12,12,12,12,12,12,12,12,12,12,12,12,12,12,14,14,12,16,12,8,12,12,12,15,23,13,7,12,12,16,14,10,12,30,10,10,8,12,12,8,10,13,13,6,26,24,10,12,10,13,2,1]","[37,29,41,33,24,48,19,46,5,39,6,0,3,2,14,11,12,20,17,42,18,36,32,49,7,45,1,34,38,27,50,43,31,30,35,26,9,52,21,8,10,16,40,15,47,44,4,25,13,51,22,28,23]",1cce26295f5b5840,48e39ff5b765b721,100,0.01,1.0,117600,0.7306435604077017,0.003653217802038509,2.1221611481016653,3.920799963452737e-05,0.004866624999976921,4900,4.48351729199976,0.01415412500000457,35.096832749999976,0.9999942342717633,1.1531423229849125e-05,0.9474085986242785,0.0033957998282406455,0.0,0.0,1.9731333877278276,1.2756510890964192,1e-12
success,,C-C_1.50_sto-6g_as-008-008,hamiltonian_generator/comparable_diatomic_library/C-C/1.50/sto-6g/C-C_1.50_sto-6g_as-008-008.tensors.npz,C-C,1.50,sto-6g,8,8,16,656,1176,jw,random_groups,2,1277635548,1176,230944,0.3342654508611955,26,"[48,36,56,56,48,48,64,64,56,56,28,24,24,24,108,36,32,32,56,72,72,32,32,32,32,8]","[17,7,0,15,10,16,11,25,13,23,5,14,2,19,9,21,4,20,1,22,18,24,3,8,6,12]",8d68c2826476bada,2e2b5f8754063cff,100,0.01,1.0,117600,1.2161064996986193,0.006080532498493096,5.879094712161174,3.812500017374987e-05,0.0038245840000854514,4900,4.48351729199976,0.01415412500000457,34.69095212499997,0.999985391581184,2.9216624226058308e-05,0.9464680872030976,0.005405260181703269,4.168746348121033e-09,4.168746348121033e-09,4.999235184422904,2.868029050034309,1e-12
success,,C-C_1.50_sto-6g_as-008-008,hamiltonian_generator/comparable_diatomic_library/C-C/1.50/sto-6g/C-C_1.50_sto-6g_as-008-008.tensors.npz,C-C,1.50,sto-6g,8,8,16,656,1176,fermionic,random_groups,2,4124360246,656,107184,0.4989015080990505,53,"[12,12,12,12,12,12,12,12,12,12,12,12,12,12,12,14,14,12,16,12,8,12,12,12,15,23,13,7,12,12,16,14,10,12,30,10,10,8,12,12,8,10,13,13,6,26,24,10,12,10,13,2,1]","[0,27,50,48,2,52,9,40,38,24,51,10,41,32,37,17,13,46,33,14,3,31,4,45,7,23,36,11,1,15,42,39,28,30,12,35,6,20,5,21,34,43,47,26,29,18,16,19,25,8,49,44,22]",293a6c9a4e70f35a,a4fbc92d8defb9e7,100,0.01,1.0,117600,0.6882040372754749,0.0034410201863773744,1.8827890744882811,3.320900032122154e-05,0.0038122500000099535,4900,4.48351729199976,0.01415412500000457,34.047796874999676,0.9999950447400925,9.910495260445629e-06,0.9468505698386304,0.003148097808999304,0.0,0.0,1.6957775894207219,1.0963377044168883,1e-12
success,,C-C_1.50_sto-6g_as-008-008,hamiltonian_generator/comparable_diatomic_library/C-C/1.50/sto-6g/C-C_1.50_sto-6g_as-008-008.tensors.npz,C-C,1.50,sto-6g,8,8,16,656,1176,jw,random_groups,3,310789966,1176,230944,0.3342654508611955,26,"[48,36,56,56,48,48,64,64,56,56,28,24,24,24,108,36,32,32,56,72,72,32,32,32,32,8]","[10,6,18,1,7,4,8,20,11,19,23,15,5,0,24,16,12,9,21,2,14,25,13,22,17,3]",f6ee1809b29e8625,fcc78df7e6b36091,100,0.01,1.0,117600,1.4073562461993834,0.007036781230996917,7.87363589085273,3.579199983505532e-05,0.004092291999768349,4900,4.48351729199976,0.01415412500000457,34.47277350000013,0.9999830394195038,3.39208733309837e-05,0.9462781051758223,0.005824187582171688,1.0511510217803277e-08,1.0511510550870184e-08,5.8041758052033705,3.329818303547399,1e-12
success,,C-C_1.50_sto-6g_as-008-008,hamiltonian_generator/comparable_diatomic_library/C-C/1.50/sto-6g/C-C_1.50_sto-6g_as-008-008.tensors.npz,C-C,1.50,sto-6g,8,8,16,656,1176,fermionic,random_groups,3,1422182446,656,107184,0.4989015080990505,53,"[12,12,12,12,12,12,12,12,12,12,12,12,12,12,12,14,14,12,16,12,8,12,12,12,15,23,13,7,12,12,16,14,10,12,30,10,10,8,12,12,8,10,13,13,6,26,24,10,12,10,13,2,1]","[16,50,14,10,36,42,30,26,3,22,15,13,1,43,34,23,19,5,33,46,25,41,27,24,48,28,2,8,0,49,21,52,11,12,39,7,32,6,38,44,29,37,17,4,45,9,18,40,47,51,31,35,20]",0f4a6087246cd0f9,4d03f050e818125d,100,0.01,1.0,117600,0.8156427186588417,0.004078213593294209,2.644643667050178,3.2917000226007076e-05,0.0038127090001580655,4900,4.48351729199976,0.01415412500000457,32.589856542000234,0.999993126216327,1.3747520097195931e-05,0.9468910162278705,0.0037077712100488905,0.0,0.0,2.352328100491678,1.5208043824953212,1e-12
success,,C-C_1.50_sto-6g_as-008-008,hamiltonian_generator/comparable_diatomic_library/C-C/1.50/sto-6g/C-C_1.50_sto-6g_as-008-008.tensors.npz,C-C,1.50,sto-6g,8,8,16,656,1176,jw,random_groups,4,2585659375,1176,230944,0.3342654508611955,26,"[48,36,56,56,48,48,64,64,56,56,28,24,24,24,108,36,32,32,56,72,72,32,32,32,32,8]","[21,25,24,19,23,12,11,10,4,20,6,0,14,1,17,2,13,18,8,16,7,3,22,15,9,5]",f4396819c20d184b,f7cae3bb8eee0326,100,0.01,1.0,117600,0.774637322204124,0.0038731866110206198,2.385415695888767,1.820800025598146e-05,0.0024023329997362453,4900,4.48351729199976,0.01415412500000457,15.175298916999964,0.9999937261540166,1.2547652605610082e-05,0.9472897959499533,0.003542272147476964,4.155180755027743e-09,4.155180532983138e-09,2.1470196523229386,1.2317313562369594,1e-12
success,,C-C_1.50_sto-6g_as-008-008,hamiltonian_generator/comparable_diatomic_library/C-C/1.50/sto-6g/C-C_1.50_sto-6g_as-008-008.tensors.npz,C-C,1.50,sto-6g,8,8,16,656,1176,fermionic,random_groups,4,1816603139,656,107184,0.4989015080990505,53,"[12,12,12,12,12,12,12,12,12,12,12,12,12,12,12,14,14,12,16,12,8,12,12,12,15,23,13,7,12,12,16,14,10,12,30,10,10,8,12,12,8,10,13,13,6,26,24,10,12,10,13,2,1]","[40,9,7,0,6,4,52,23,50,14,8,17,43,49,13,12,41,19,36,35,51,37,42,10,1,27,28,39,16,3,26,30,2,21,31,25,33,18,46,44,5,24,22,38,47,20,11,45,34,32,29,48,15]",47f4b3400c9f2584,8c6a1ea1c4ae59e1,100,0.01,1.0,117600,1.003458794029525,0.0050172939701476245,4.002822424660318,2.4416000087512657e-05,0.0025713749996612023,4900,4.48351729199976,0.01415412500000457,15.182298250000258,0.9999899214663639,2.0156965695350415e-05,0.946579389597738,0.004489662267053999,0.0,0.0,3.4490436450055393,2.2298422952332615,1e-12
success,,C-C_1.50_sto-6g_as-008-008,hamiltonian_generator/comparable_diatomic_library/C-C/1.50/sto-6g/C-C_1.50_sto-6g_as-008-008.tensors.npz,C-C,1.50,sto-6g,8,8,16,656,1176,jw,random_groups,5,1579864017,1176,230944,0.3342654508611955,26,"[48,36,56,56,48,48,64,64,56,56,28,24,24,24,108,36,32,32,56,72,72,32,32,32,32,8]","[7,3,0,1,16,8,9,6,15,4,14,2,12,18,19,23,24,11,13,17,22,5,20,10,25,21]",945ca7895fd92584,379f11a786ae53e2,100,0.01,1.0,117600,1.1071626144324205,0.005535813072162102,4.872928762974141,1.39579997266992e-05,0.002511000000140484,4900,4.48351729199976,0.01415412500000457,15.179619125000045,0.9999870411926884,2.591744669244722e-05,0.9480591674344454,0.005090934553018393,5.545500947334858e-09,5.545501058357161e-09,4.434715331681817,2.54416764378814,1e-12
success,,C-C_1.50_sto-6g_as-008-008,hamiltonian_generator/comparable_diatomic_library/C-C/1.50/sto-6g/C-C_1.50_sto-6g_as-008-008.tensors.npz,C-C,1.50,sto-6g,8,8,16,656,1176,fermionic,random_groups,5,3469542081,656,107184,0.4989015080990505,53,"[12,12,12,12,12,12,12,12,12,12,12,12,12,12,12,14,14,12,16,12,8,12,12,12,15,23,13,7,12,12,16,14,10,12,30,10,10,8,12,12,8,10,13,13,6,26,24,10,12,10,13,2,1]","[11,46,47,28,17,8,21,43,42,1,18,6,16,41,14,22,51,45,52,48,23,49,24,39,35,32,7,29,9,15,4,34,26,30,27,40,0,3,36,25,19,2,38,31,5,20,37,50,10,44,13,33,12]",f4a5d1be3daec553,31410578ea064b57,100,0.01,1.0,117600,0.8726319014267461,0.00436315950713373,3.0271184073038047,1.3749999652645783e-05,0.002736041999924055,4900,4.48351729199976,0.01415412500000457,15.33129662500005,0.9999923425395406,1.5314862282123087e-05,0.947088663879666,0.00391342828205324,0.0,0.0,2.620514874442435,1.6941898983450634,1e-12
success,,C-C_1.50_sto-6g_as-008-008,hamiltonian_generator/comparable_diatomic_library/C-C/1.50/sto-6g/C-C_1.50_sto-6g_as-008-008.tensors.npz,C-C,1.50,sto-6g,8,8,16,656,1176,jw,random_groups,6,3151523025,1176,230944,0.3342654508611955,26,"[48,36,56,56,48,48,64,64,56,56,28,24,24,24,108,36,32,32,56,72,72,32,32,32,32,8]","[19,7,21,2,16,17,20,24,10,25,8,5,6,14,9,12,4,0,3,18,22,11,15,13,1,23]",d5a0842bd0a303a4,c630ee1149337a9c,100,0.01,1.0,117600,1.0107247037314038,0.0050536235186570185,4.061000087067531,1.8249999811814632e-05,0.002788208999845665,4900,4.48351729199976,0.01415412500000457,15.319965541999863,0.9999902999991689,1.939990757215959e-05,0.9474873121434462,0.004404543297803832,2.0425126034950836e-09,2.0425126034950836e-09,3.3195039837214284,1.9043780710062117,1e-12
success,,C-C_1.50_sto-6g_as-008-008,hamiltonian_generator/comparable_diatomic_library/C-C/1.50/sto-6g/C-C_1.50_sto-6g_as-008-008.tensors.npz,C-C,1.50,sto-6g,8,8,16,656,1176,fermionic,random_groups,6,2189256465,656,107184,0.4989015080990505,53,"[12,12,12,12,12,12,12,12,12,12,12,12,12,12,12,14,14,12,16,12,8,12,12,12,15,23,13,7,12,12,16,14,10,12,30,10,10,8,12,12,8,10,13,13,6,26,24,10,12,10,13,2,1]","[44,28,47,33,26,32,41,40,17,9,23,8,42,43,37,13,15,24,48,3,51,6,11,50,7,39,36,4,27,20,2,46,12,49,16,25,10,34,5,18,29,1,22,14,38,52,21,19,30,0,45,31,35]",677872c1d2a89b71,110fad92eda79bb0,100,0.01,1.0,117600,0.6778443449408541,0.0033892217247042705,1.8265316071741295,1.7708000086713582e-05,0.0026235420000375598,4900,4.48351729199976,0.01415412500000457,19.302463834000264,0.9999948682411515,1.0263491362128008e-05,0.9472888796901406,0.0032036725327446065,0.0,0.0,1.7561784939824723,1.135387512283823,1e-12
success,,C-C_1.50_sto-6g_as-008-008,hamiltonian_generator/comparable_diatomic_library/C-C/1.50/sto-6g/C-C_1.50_sto-6g_as-008-008.tensors.npz,C-C,1.50,sto-6g,8,8,16,656,1176,jw,random_groups,7,2179626871,1176,230944,0.3342654508611955,26,"[48,36,56,56,48,48,64,64,56,56,28,24,24,24,108,36,32,32,56,72,72,32,32,32,32,8]","[8,19,12,3,10,9,4,11,18,20,25,6,15,5,2,14,17,13,22,16,0,21,1,7,24,23]",c819c01fcc56ada6,0c5dff9d9197c5db,100,0.01,1.0,117600,0.9606604143820537,0.004803302071910268,3.6686563114945354,1.9208000139769865e-05,0.0026572500000838772,4900,4.48351729199976,0.01415412500000457,26.530385874999865,0.9999900873589653,1.9825183808941382e-05,0.9479951858195099,0.0044525590472604855,1.755340262032945e-08,1.7553402953396358e-08,3.3922726892901665,1.9461250090488207,1e-12
success,,C-C_1.50_sto-6g_as-008-008,hamiltonian_generator/comparable_diatomic_library/C-C/1.50/sto-6g/C-C_1.50_sto-6g_as-008-008.tensors.npz,C-C,1.50,sto-6g,8,8,16,656,1176,fermionic,random_groups,7,54865669,656,107184,0.4989015080990505,53,"[12,12,12,12,12,12,12,12,12,12,12,12,12,12,12,14,14,12,16,12,8,12,12,12,15,23,13,7,12,12,16,14,10,12,30,10,10,8,12,12,8,10,13,13,6,26,24,10,12,10,13,2,1]","[49,33,12,16,52,6,23,34,13,3,42,37,28,2,50,7,51,44,30,17,18,29,48,26,43,46,5,9,11,1,20,24,8,27,39,4,45,25,15,40,41,14,31,36,32,0,47,10,35,22,21,38,19]",d4a40c699b412ff4,93990379d3f1cc2a,100,0.01,1.0,117600,0.5849257776458979,0.00292462888822949,1.3600934830296592,2.154200001314166e-05,0.0028563749997374543,4900,4.48351729199976,0.01415412500000457,26.649291000000176,0.9999962233563972,7.553272942661948e-06,0.9472124905742977,0.002748324436033189,0.0,0.0,1.2924350041380368,0.8355725623362883,1e-12
success,,C-C_1.50_sto-6g_as-008-008,hamiltonian_generator/comparable_diatomic_library/C-C/1.50/sto-6g/C-C_1.50_sto-6g_as-008-008.tensors.npz,C-C,1.50,sto-6g,8,8,16,656,1176,jw,random_groups,8,1984604632,1176,230944,0.3342654508611955,26,"[48,36,56,56,48,48,64,64,56,56,28,24,24,24,108,36,32,32,56,72,72,32,32,32,32,8]","[2,21,13,8,7,24,11,6,22,25,12,17,1,3,16,9,15,5,14,23,18,4,19,20,10,0]",d096a362b292dc4f,7992394dae26e5d1,100,0.01,1.0,117600,1.3937078430128225,0.0069685392150641125,7.721660899746719,1.8458999875292648e-05,0.0028325409998615214,4900,4.48351729199976,0.01415412500000457,26.775827124999978,0.9999811478580112,3.7703928574384094e-05,0.9478983893920193,0.0061403814195574585,4.824710631012863e-09,4.824710853057468e-09,6.4514916186625735,3.701179219579577,1e-12
success,,C-C_1.50_sto-6g_as-008-008,hamiltonian_generator/comparable_diatomic_library/C-C/1.50/sto-6g/C-C_1.50_sto-6g_as-008-008.tensors.npz,C-C,1.50,sto-6g,8,8,16,656,1176,fermionic,random_groups,8,2680923446,656,107184,0.4989015080990505,53,"[12,12,12,12,12,12,12,12,12,12,12,12,12,12,12,14,14,12,16,12,8,12,12,12,15,23,13,7,12,12,16,14,10,12,30,10,10,8,12,12,8,10,13,13,6,26,24,10,12,10,13,2,1]","[30,17,46,23,31,13,29,34,50,6,4,7,51,19,0,8,36,28,3,52,39,22,2,47,45,37,25,21,35,40,43,5,20,16,49,38,42,18,1,12,48,26,41,44,11,24,32,10,15,14,27,9,33]",55ac0a7de643bbaf,e2fb47630ae105e3,100,0.01,1.0,117600,0.8035363154163108,0.004017681577081554,2.5667185892480915,1.8791000002238434e-05,0.0026703749999796855,4900,4.48351729199976,0.01415412500000457,26.635823499999788,0.9999933767027968,1.3246550538470458e-05,0.947114842575441,0.003639587120332578,0.0,0.0,2.2666075660135205,1.4653851727018514,1e-12
success,,C-C_1.50_sto-6g_as-008-008,hamiltonian_generator/comparable_diatomic_library/C-C/1.50/sto-6g/C-C_1.50_sto-6g_as-008-008.tensors.npz,C-C,1.50,sto-6g,8,8,16,656,1176,jw,random_groups,9,3375276032,1176,230944,0.3342654508611955,26,"[48,36,56,56,48,48,64,64,56,56,28,24,24,24,108,36,32,32,56,72,72,32,32,32,32,8]","[12,19,16,21,5,2,20,6,1,22,3,0,9,4,11,24,7,15,23,8,25,13,17,18,14,10]",5335b3217d303b4d,1099dfb701596af4,100,0.01,1.0,117600,0.8938430908613302,0.004469215454306651,3.1760681487290636,1.8000000181928044e-05,0.0028187500001877197,4900,4.48351729199976,0.01415412500000457,26.7460686659997,0.9999928902438656,1.4219461720088589e-05,0.9477641636344297,0.0037708768567489637,4.7829618043948585e-09,4.7829620264394634e-09,2.4330816861182583,1.3958433039191291,1e-12
success,,C-C_1.50_sto-6g_as-008-008,hamiltonian_generator/comparable_diatomic_library/C-C/1.50/sto-6g/C-C_1.50_sto-6g_as-008-008.tensors.npz,C-C,1.50,sto-6g,8,8,16,656,1176,fermionic,random_groups,9,1198809176,656,107184,0.4989015080990505,53,"[12,12,12,12,12,12,12,12,12,12,12,12,12,12,12,14,14,12,16,12,8,12,12,12,15,23,13,7,12,12,16,14,10,12,30,10,10,8,12,12,8,10,13,13,6,26,24,10,12,10,13,2,1]","[34,48,21,49,36,25,33,32,35,10,6,52,14,38,13,16,22,26,50,23,4,45,15,19,1,46,5,41,18,12,40,44,9,28,20,0,24,51,31,3,37,17,42,43,30,8,39,11,2,7,27,29,47]",1caccac2c87b0a39,0cf2529f392e4305,100,0.01,1.0,117600,0.9446594568483101,0.004723297284241551,3.5474623150232563,1.8707999970501987e-05,0.0026312079999115667,4900,4.48351729199976,0.01415412500000457,26.44523341599961,0.9999917340556008,1.6531820472565073e-05,0.9462551152032043,0.004065942547350435,0.0,0.0,2.828747699581864,1.8288145678311072,1e-12
success,,C-C_1.50_sto-6g_as-008-008,hamiltonian_generator/comparable_diatomic_library/C-C/1.50/sto-6g/C-C_1.50_sto-6g_as-008-008.tensors.npz,C-C,1.50,sto-6g,8,8,16,656,1176,jw,random_groups,10,587745067,1176,230944,0.3342654508611955,26,"[48,36,56,56,48,48,64,64,56,56,28,24,24,24,108,36,32,32,56,72,72,32,32,32,32,8]","[22,4,24,23,9,8,10,17,16,5,0,2,11,12,21,13,25,1,19,14,15,3,18,6,7,20]",d74106ee5af0316b,caca8541b43101f0,100,0.01,1.0,117600,1.146189201086577,0.005730946005432886,5.222516998720413,2.166600006603403e-05,0.0027330420002726896,4900,4.48351729199976,0.01415412500000457,26.62244229099997,0.9999876512717325,2.469730404386361e-05,0.9459615819029585,0.004969653562874825,4.8304216515582254e-08,4.8304225064299544e-08,4.2259376162408335,2.42439321214102,1e-12
success,,C-C_1.50_sto-6g_as-008-008,hamiltonian_generator/comparable_diatomic_library/C-C/1.50/sto-6g/C-C_1.50_sto-6g_as-008-008.tensors.npz,C-C,1.50,sto-6g,8,8,16,656,1176,fermionic,random_groups,10,3391352111,656,107184,0.4989015080990505,53,"[12,12,12,12,12,12,12,12,12,12,12,12,12,12,12,14,14,12,16,12,8,12,12,12,15,23,13,7,12,12,16,14,10,12,30,10,10,8,12,12,8,10,13,13,6,26,24,10,12,10,13,2,1]","[5,4,14,13,37,48,30,34,23,42,33,24,25,22,19,6,43,38,50,10,18,20,21,51,15,46,0,7,3,39,32,2,36,47,27,41,9,40,35,12,16,44,29,8,28,49,31,11,1,52,26,17,45]",712ae49e63ace4bc,c78f4bad8e123186,100,0.01,1.0,117600,0.7242522778022328,0.0036212613890111637,2.0851964502776306,1.8333999832975678e-05,0.002634708000186947,4900,4.48351729199976,0.01415412500000457,26.606942792000154,0.9999945326703465,1.0934629415260133e-05,0.9471862387380373,0.0033067596385139408,0.0,0.0,1.8710164349732978,1.2096314257494158,1e-12
success,,C-C_1.50_sto-6g_as-008-008,hamiltonian_generator/comparable_diatomic_library/C-C/1.50/sto-6g/C-C_1.50_sto-6g_as-008-008.tensors.npz,C-C,1.50,sto-6g,8,8,16,656,1176,jw,random_groups,11,2176002116,1176,230944,0.3342654508611955,26,"[48,36,56,56,48,48,64,64,56,56,28,24,24,24,108,36,32,32,56,72,72,32,32,32,32,8]","[19,12,6,2,20,8,1,14,9,21,7,22,11,16,23,13,10,0,24,18,15,17,25,3,4,5]",1077621dfddbbd8c,40212758e2075056,100,0.01,1.0,117600,0.9496411534593878,0.004748205767296939,3.584976318279914,1.699999984339229e-05,0.002606959000331699,4900,4.48351729199976,0.01415412500000457,26.738759416999983,0.9999917993638056,1.6401205138460995e-05,0.9484460697247399,0.0040498484402368,2.244718189103878e-09,2.244718189103878e-09,2.806398205375211,1.610012588337427,1e-12
success,,C-C_1.50_sto-6g_as-008-008,hamiltonian_generator/comparable_diatomic_library/C-C/1.50/sto-6g/C-C_1.50_sto-6g_as-008-008.tensors.npz,C-C,1.50,sto-6g,8,8,16,656,1176,fermionic,random_groups,11,3910489929,656,107184,0.4989015080990505,53,"[12,12,12,12,12,12,12,12,12,12,12,12,12,12,12,14,14,12,16,12,8,12,12,12,15,23,13,7,12,12,16,14,10,12,30,10,10,8,12,12,8,10,13,13,6,26,24,10,12,10,13,2,1]","[21,14,38,16,11,35,20,41,15,13,46,0,50,48,44,22,37,23,6,7,19,31,17,2,32,34,10,1,12,4,33,39,26,42,24,25,9,45,5,8,40,3,52,36,27,51,28,47,18,49,43,29,30]",82a6738f121dfedb,76d10a9395b0d21a,100,0.01,1.0,117600,0.7831326349644291,0.003915663174822145,2.438023470834297,1.7750000097294105e-05,0.002711707999878854,4900,4.48351729199976,0.01415412500000457,26.647947083999952,0.9999937267903466,1.2546379953626285e-05,0.947718458067122,0.003542092503988802,0.0,0.0,2.1468018897735868,1.3879295671528533,1e-12
success,,C-C_1.50_sto-6g_as-008-008,hamiltonian_generator/comparable_diatomic_library/C-C/1.50/sto-6g/C-C_1.50_sto-6g_as-008-008.tensors.npz,C-C,1.50,sto-6g,8,8,16,656,1176,jw,random_groups,12,3643636399,1176,230944,0.3342654508611955,26,"[48,36,56,56,48,48,64,64,56,56,28,24,24,24,108,36,32,32,56,72,72,32,32,32,32,8]","[16,25,7,9,22,12,2,17,1,3,20,13,8,6,10,4,24,23,21,11,19,5,15,18,0,14]",4e0d33414413d06c,be0b7b72f009e31a,100,0.01,1.0,117600,1.05626030982589,0.00528130154912945,4.43515864824388,1.8833000012818957e-05,0.002685416000076657,4900,4.48351729199976,0.01415412500000457,26.53792570900032,0.9999882850686699,2.3429725420576197e-05,0.9482925906905832,0.0048404403374321505,6.489497827999458e-11,6.489508930229704e-11,4.00904316589195,2.299962261916855,1e-12
success,,C-C_1.50_sto-6g_as-008-008,hamiltonian_generator/comparable_diatomic_library/C-C/1.50/sto-6g/C-C_1.50_sto-6g_as-008-008.tensors.npz,C-C,1.50,sto-6g,8,8,16,656,1176,fermionic,random_groups,12,2865866506,656,107184,0.4989015080990505,53,"[12,12,12,12,12,12,12,12,12,12,12,12,12,12,12,14,14,12,16,12,8,12,12,12,15,23,13,7,12,12,16,14,10,12,30,10,10,8,12,12,8,10,13,13,6,26,24,10,12,10,13,2,1]","[12,20,26,7,38,22,30,9,2,15,28,10,42,50,39,27,49,19,24,43,5,33,47,11,13,40,52,29,16,4,44,41,25,36,31,45,32,8,17,37,51,6,46,1,23,14,3,34,48,21,18,35,0]",e406fdf522d2729f,192f35278a35ac5e,100,0.01,1.0,117600,1.0116961658192045,0.0050584808290960225,4.0688103316109725,1.9584000256145373e-05,0.002575749999778054,4900,4.48351729199976,0.01415412500000457,26.663930708999942,0.9999895381615682,2.092356741345558e-05,0.9466682509394995,0.00457424057779772,0.0,0.0,3.580216303829424,2.3146467722793123,1e-12
success,,C-C_1.50_sto-6g_as-008-008,hamiltonian_generator/comparable_diatomic_library/C-C/1.50/sto-6g/C-C_1.50_sto-6g_as-008-008.tensors.npz,C-C,1.50,sto-6g,8,8,16,656,1176,jw,random_groups,13,798067061,1176,230944,0.3342654508611955,26,"[48,36,56,56,48,48,64,64,56,56,28,24,24,24,108,36,32,32,56,72,72,32,32,32,32,8]","[4,17,13,1,6,24,23,7,15,0,16,20,5,8,21,14,11,18,25,10,9,2,12,19,22,3]",69772b6eb3c7b3f7,b258756305842bec,100,0.01,1.0,117600,1.4597235038158651,0.007298617519079326,8.470488149953995,1.7625000054977136e-05,0.002717958000175713,4900,4.48351729199976,0.01415412500000457,26.57084387499981,0.9999819326605117,3.613435254778974e-05,0.9452439371880196,0.006011212770861022,9.280927248944693e-09,9.28092847019002e-09,6.18292261369934,3.5471029099525713,1e-12
success,,C-C_1.50_sto-6g_as-008-008,hamiltonian_generator/comparable_diatomic_library/C-C/1.50/sto-6g/C-C_1.50_sto-6g_as-008-008.tensors.npz,C-C,1.50,sto-6g,8,8,16,656,1176,fermionic,random_groups,13,149417118,656,107184,0.4989015080990505,53,"[12,12,12,12,12,12,12,12,12,12,12,12,12,12,12,14,14,12,16,12,8,12,12,12,15,23,13,7,12,12,16,14,10,12,30,10,10,8,12,12,8,10,13,13,6,26,24,10,12,10,13,2,1]","[26,18,49,47,43,41,24,0,22,12,1,9,15,27,37,39,16,28,29,8,13,48,46,11,5,52,36,23,6,19,7,3,14,31,25,33,45,17,21,50,34,10,40,4,51,42,20,44,38,30,35,2,32]",3875df142a0cac5a,a41c17efb2ed711d,100,0.01,1.0,117600,0.9222103198817607,0.0046110515994088035,3.3808600459978213,2.258299991808599e-05,0.003194249999978638,4900,4.48351729199976,0.01415412500000457,26.503592874999867,0.9999913566321573,1.7286660977555712e-05,0.9463147952634099,0.004157732036261021,0.0,0.0,2.9579079058390625,1.912317973533267,1e-12
success,,C-C_1.50_sto-6g_as-008-008,hamiltonian_generator/comparable_diatomic_library/C-C/1.50/sto-6g/C-C_1.50_sto-6g_as-008-008.tensors.npz,C-C,1.50,sto-6g,8,8,16,656,1176,jw,random_groups,14,3809075065,1176,230944,0.3342654508611955,26,"[48,36,56,56,48,48,64,64,56,56,28,24,24,24,108,36,32,32,56,72,72,32,32,32,32,8]","[22,7,9,12,3,4,11,14,18,6,24,20,1,8,15,13,2,10,16,17,19,5,0,23,25,21]",f6844c8149303cc5,83289cf4589ff187,100,0.01,1.0,117600,1.2594639633043279,0.006297319816521639,6.305778751642515,2.1165999896766152e-05,0.0027984580001430004,4900,4.48351729199976,0.01415412500000457,26.569430375000138,0.9999849161285156,3.016751544560048e-05,0.9477989009078627,0.005492516997590719,8.773263227013217e-10,8.773265447459266e-10,5.161941484935685,2.9613726074545097,1e-12
success,,C-C_1.50_sto-6g_as-008-008,hamiltonian_generator/comparable_diatomic_library/C-C/1.50/sto-6g/C-C_1.50_sto-6g_as-008-008.tensors.npz,C-C,1.50,sto-6g,8,8,16,656,1176,fermionic,random_groups,14,3019720038,656,107184,0.4989015080990505,53,"[12,12,12,12,12,12,12,12,12,12,12,12,12,12,12,14,14,12,16,12,8,12,12,12,15,23,13,7,12,12,16,14,10,12,30,10,10,8,12,12,8,10,13,13,6,26,24,10,12,10,13,2,1]","[47,24,31,38,34,1,23,37,29,12,21,40,2,18,26,42,13,0,28,10,25,41,35,5,39,15,45,36,52,19,20,3,51,9,4,48,6,44,30,32,50,43,46,11,27,22,17,14,8,16,33,7,49]",e1a40d9ffa0fafd3,0bdca0956f25fa11,100,0.01,1.0,117600,0.7617562761591591,0.0038087813807957953,2.3067435748629226,1.8916999579232652e-05,0.002828000000135944,4900,4.48351729199976,0.01415412500000457,26.48144445800017,0.9999944420686946,1.1115831720198699e-05,0.9473799277521014,0.0033340459821097385,0.0,0.0,1.9020218287292083,1.229676732649897,1e-12
success,,C-C_1.50_sto-6g_as-008-008,hamiltonian_generator/comparable_diatomic_library/C-C/1.50/sto-6g/C-C_1.50_sto-6g_as-008-008.tensors.npz,C-C,1.50,sto-6g,8,8,16,656,1176,jw,random_groups,15,2689661021,1176,230944,0.3342654508611955,26,"[48,36,56,56,48,48,64,64,56,56,28,24,24,24,108,36,32,32,56,72,72,32,32,32,32,8]","[3,11,24,2,1,7,12,15,20,6,4,22,21,18,16,8,0,10,14,13,17,9,5,25,19,23]",4d39f4effcb99250,77d73931e0180380,100,0.01,1.0,117600,1.510017125293279,0.007550085626466395,9.064231374712167,1.7999999727180693e-05,0.0027640410003186844,4900,4.48351729199976,0.01415412500000457,26.63806941699977,0.9999776375813769,4.4724337168400297e-05,0.9495354089162006,0.006687663063145248,8.651067973097781e-09,8.651069638432318e-09,7.652748594166541,4.390332615090302,1e-12
success,,C-C_1.50_sto-6g_as-008-008,hamiltonian_generator/comparable_diatomic_library/C-C/1.50/sto-6g/C-C_1.50_sto-6g_as-008-008.tensors.npz,C-C,1.50,sto-6g,8,8,16,656,1176,fermionic,random_groups,15,2656123937,656,107184,0.4989015080990505,53,"[12,12,12,12,12,12,12,12,12,12,12,12,12,12,12,14,14,12,16,12,8,12,12,12,15,23,13,7,12,12,16,14,10,12,30,10,10,8,12,12,8,10,13,13,6,26,24,10,12,10,13,2,1]","[34,36,3,1,46,48,13,6,52,23,4,29,2,8,21,50,10,47,11,41,14,38,49,16,40,35,22,30,17,33,18,26,37,45,7,44,19,24,5,42,0,25,43,12,27,39,31,51,20,9,32,28,15]",f5c03ee8b4736072,a62627de6c000dba,100,0.01,1.0,117600,0.830872935157626,0.00415436467578813,2.7443308166865044,2.033300006587524e-05,0.002787333000014769,4900,4.48351729199976,0.01415412500000457,26.71285720900005,0.9999935480629831,1.2903832406263582e-05,0.9473591004900346,0.003592196268822574,0.0,0.0,2.2079653172851343,1.4274723539726655,1e-12
success,,C-C_1.50_sto-6g_as-008-008,hamiltonian_generator/comparable_diatomic_library/C-C/1.50/sto-6g/C-C_1.50_sto-6g_as-008-008.tensors.npz,C-C,1.50,sto-6g,8,8,16,656,1176,jw,random_groups,16,300390204,1176,230944,0.3342654508611955,26,"[48,36,56,56,48,48,64,64,56,56,28,24,24,24,108,36,32,32,56,72,72,32,32,32,32,8]","[10,7,25,22,21,8,5,18,0,24,1,6,12,9,2,14,11,13,3,20,23,4,19,16,17,15]",e5e8e3e2e07003e9,69db62823af02c32,100,0.01,1.0,117600,0.5681232205447435,0.0028406161027237174,1.2830758122615258,1.9834000340779312e-05,0.0026932079999824055,4900,4.48351729199976,0.01415412500000457,26.749807165999755,0.9999964150347715,7.169917604965548e-06,0.9477691956469287,0.0026776725820957426,2.5325218588889697e-09,2.5325220809335747e-09,1.2268393529252297,0.7038298407881426,1e-12
success,,C-C_1.50_sto-6g_as-008-008,hamiltonian_generator/comparable_diatomic_library/C-C/1.50/sto-6g/C-C_1.50_sto-6g_as-008-008.tensors.npz,C-C,1.50,sto-6g,8,8,16,656,1176,fermionic,random_groups,16,278060400,656,107184,0.4989015080990505,53,"[12,12,12,12,12,12,12,12,12,12,12,12,12,12,12,14,14,12,16,12,8,12,12,12,15,23,13,7,12,12,16,14,10,12,30,10,10,8,12,12,8,10,13,13,6,26,24,10,12,10,13,2,1]","[33,19,16,21,38,1,18,17,52,37,32,15,43,27,31,42,9,26,20,51,24,44,4,36,8,5,35,22,23,7,25,39,29,40,10,45,49,2,28,41,14,3,34,6,12,11,0,13,50,46,30,48,47]",c8a7cc632eef74d2,58e6158f37ef3fae,100,0.01,1.0,117600,0.8455578940862225,0.0042277894704311125,2.842195413782765,1.9749999864870915e-05,0.0028204999998706626,4900,4.48351729199976,0.01415412500000457,26.69531029200016,0.9999927671764843,1.4465594717627539e-05,0.9465520420022581,0.0038033731122960393,0.0,0.0,2.4751973231550224,1.6002406024091804,1e-12
success,,C-C_1.50_sto-6g_as-008-008,hamiltonian_generator/comparable_diatomic_library/C-C/1.50/sto-6g/C-C_1.50_sto-6g_as-008-008.tensors.npz,C-C,1.50,sto-6g,8,8,16,656,1176,jw,random_groups,17,2871051818,1176,230944,0.3342654508611955,26,"[48,36,56,56,48,48,64,64,56,56,28,24,24,24,108,36,32,32,56,72,72,32,32,32,32,8]","[3,0,8,22,17,23,24,5,15,19,25,12,11,21,13,10,9,1,2,16,14,20,7,4,18,6]",6af3d3db5e97a126,f6a6d6d3548a9575,100,0.01,1.0,117600,1.204715537675035,0.006023577688375175,5.769474533491785,2.0500000118772732e-05,0.002673209000022325,4900,4.48351729199976,0.01415412500000457,26.737728999999945,0.9999871699790368,2.5659877316952517e-05,0.9486029487502987,0.005065574195132247,1.1269030597560459e-08,1.1269030930627366e-08,4.390642824384601,2.518883530004072,1e-12
success,,C-C_1.50_sto-6g_as-008-008,hamiltonian_generator/comparable_diatomic_library/C-C/1.50/sto-6g/C-C_1.50_sto-6g_as-008-008.tensors.npz,C-C,1.50,sto-6g,8,8,16,656,1176,fermionic,random_groups,17,3881362396,656,107184,0.4989015080990505,53,"[12,12,12,12,12,12,12,12,12,12,12,12,12,12,12,14,14,12,16,12,8,12,12,12,15,23,13,7,12,12,16,14,10,12,30,10,10,8,12,12,8,10,13,13,6,26,24,10,12,10,13,2,1]","[39,40,10,4,13,28,9,14,20,11,34,5,18,35,6,47,0,51,38,44,41,36,32,52,45,7,27,23,29,43,30,49,2,46,31,42,16,8,12,1,48,33,24,25,21,15,37,26,17,3,50,19,22]",ef92e6db957e50c2,9e6888a1220f925c,100,0.01,1.0,117600,0.6912232364550078,0.003456116182275039,1.8993451657142382,1.8458999875292648e-05,0.0028268750002098386,4900,4.48351729199976,0.01415412500000457,26.755189500000142,0.9999946616936216,1.0676584259239341e-05,0.9473253961977974,0.0032675086467792254,0.0,0.0,1.8268625172185402,1.1810854624495948,1e-12
success,,C-C_1.50_sto-6g_as-008-008,hamiltonian_generator/comparable_diatomic_library/C-C/1.50/sto-6g/C-C_1.50_sto-6g_as-008-008.tensors.npz,C-C,1.50,sto-6g,8,8,16,656,1176,jw,random_groups,18,477683903,1176,230944,0.3342654508611955,26,"[48,36,56,56,48,48,64,64,56,56,28,24,24,24,108,36,32,32,56,72,72,32,32,32,32,8]","[14,22,7,0,25,18,24,4,5,12,8,21,11,6,9,2,10,1,3,23,17,20,13,16,15,19]",bf9ead1701851db7,f3ed1cff6582683b,100,0.01,1.0,117600,1.230980125746002,0.00615490062873001,6.02378302052865,1.8249999811814632e-05,0.0025357909999002004,4900,4.48351729199976,0.01415412500000457,26.601505417000226,0.9999858522217688,2.8295356302665553e-05,0.9459871966848359,0.005319356771483952,4.897870775621982e-09,4.897870997666587e-09,4.841597704429664,2.7775934423230457,1e-12
success,,C-C_1.50_sto-6g_as-008-008,hamiltonian_generator/comparable_diatomic_library/C-C/1.50/sto-6g/C-C_1.50_sto-6g_as-008-008.tensors.npz,C-C,1.50,sto-6g,8,8,16,656,1176,fermionic,random_groups,18,60323174,656,107184,0.4989015080990505,53,"[12,12,12,12,12,12,12,12,12,12,12,12,12,12,12,14,14,12,16,12,8,12,12,12,15,23,13,7,12,12,16,14,10,12,30,10,10,8,12,12,8,10,13,13,6,26,24,10,12,10,13,2,1]","[18,40,37,15,23,7,36,24,47,12,50,21,44,38,35,1,43,6,52,22,9,28,30,19,46,14,39,29,26,34,2,4,49,13,42,33,3,48,31,0,5,25,11,41,45,27,8,32,16,51,10,20,17]",53e502a7d160c0e6,6d306e572a9b454d,100,0.01,1.0,117600,0.7614724381633693,0.0038073621908168466,2.3050248637423927,2.0542000129353255e-05,0.0026191249999101274,4900,4.48351729199976,0.01415412500000457,26.631118541999967,0.9999937749806252,1.2449999998609407e-05,0.9464681236067041,0.003528461243871157,0.0,0.0,2.130310386221861,1.3772676399879484,1e-12
success,,C-C_1.50_sto-6g_as-008-008,hamiltonian_generator/comparable_diatomic_library/C-C/1.50/sto-6g/C-C_1.50_sto-6g_as-008-008.tensors.npz,C-C,1.50,sto-6g,8,8,16,656,1176,jw,random_groups,19,241670715,1176,230944,0.3342654508611955,26,"[48,36,56,56,48,48,64,64,56,56,28,24,24,24,108,36,32,32,56,72,72,32,32,32,32,8]","[20,13,2,4,9,5,19,25,23,3,1,15,8,21,0,24,16,22,14,6,10,18,11,12,17,7]",2bcb3d2526bc6059,5a9de264cddf25b0,100,0.01,1.0,117600,0.9933106767440242,0.004966553383720121,3.9222696242351875,2.379200032009976e-05,0.0028314169999248406,4900,4.48351729199976,0.01415412500000457,26.82331791600018,0.9999906755286472,1.864885575986186e-05,0.9471137405084273,0.004318442161896552,9.776786935589143e-09,9.776787823767563e-09,3.1909920578975477,1.8306516062687277,1e-12
success,,C-C_1.50_sto-6g_as-008-008,hamiltonian_generator/comparable_diatomic_library/C-C/1.50/sto-6g/C-C_1.50_sto-6g_as-008-008.tensors.npz,C-C,1.50,sto-6g,8,8,16,656,1176,fermionic,random_groups,19,4064277062,656,107184,0.4989015080990505,53,"[12,12,12,12,12,12,12,12,12,12,12,12,12,12,12,14,14,12,16,12,8,12,12,12,15,23,13,7,12,12,16,14,10,12,30,10,10,8,12,12,8,10,13,13,6,26,24,10,12,10,13,2,1]","[18,10,41,24,12,17,32,33,1,9,6,37,29,20,34,39,31,11,13,38,4,28,26,5,45,46,30,0,36,22,7,19,47,51,48,49,27,35,15,44,2,3,21,8,14,23,43,50,52,25,40,42,16]",04dacbd1f8d83823,fa019f1c9a246993,100,0.01,1.0,117600,0.581603344985346,0.0029080167249267304,1.344686450116726,3.254100010963157e-05,0.0031487920000472513,4900,4.48351729199976,0.01415412500000457,27.34970599999997,0.9999963819673824,7.23605214503209e-06,0.9468367793471995,0.0026899935381386486,0.0,0.0,1.238155585664788,0.8004803583719856,1e-12
success,,C-C_1.50_sto-6g_as-010-008,hamiltonian_generator/comparable_diatomic_library/C-C/1.50/sto-6g/C-C_1.50_sto-6g_as-010-008.tensors.npz,C-C,1.50,sto-6g,10,8,18,1027,1883,baseline,jw_raw,-1,-1,,,,,[],[],4f53cda18c2baa0c,4035c397c6a5d593,100,0.01,1.0,188300,1.1788110853746396,0.005894055426873198,1.0,1.5625000287400326e-05,0.006578624999747262,15876,25.60606854100024,0.09652895799990802,49.58345195899983,0.9999955948541653,8.810272264070385e-06,1.7072845890263588,0.002968213548470791,0.0,0.0,1.0,,1e-12
success,,C-C_1.50_sto-6g_as-010-008,hamiltonian_generator/comparable_diatomic_library/C-C/1.50/sto-6g/C-C_1.50_sto-6g_as-010-008.tensors.npz,C-C,1.50,sto-6g,10,8,18,1027,1883,jw,current,-1,-1,1883,554688,0.313046481664064,48,"[51,38,34,36,31,27,132,48,54,50,48,42,80,72,60,62,62,62,58,48,30,32,50,22,32,32,32,32,28,38,24,16,25,16,16,16,42,37,52,36,24,34,26,26,18,16,20,16]","[0,1,2,3,4,5,6,7,8,9,10,11,12,13,14,15,16,17,18,19,20,21,22,23,24,25,26,27,28,29,30,31,32,33,34,35,36,37,38,39,40,41,42,43,44,45,46,47]",7b9148a0c001ca09,1cf2dd5e11ad4f15,100,0.01,1.0,188300,1.3567831688990026,0.006783915844495014,1.3247455594443656,3.0083000183367403e-05,0.00598858300008942,15876,25.60606854100024,0.09652895799990802,41.34646241700011,0.9999941657665387,1.1668432884359703e-05,1.7072384494109898,0.003415913775651753,7.115381617239791e-10,7.115380507016766e-10,1.324412292222265,1.0,1e-12
success,,C-C_1.50_sto-6g_as-010-008,hamiltonian_generator/comparable_diatomic_library/C-C/1.50/sto-6g/C-C_1.50_sto-6g_as-010-008.tensors.npz,C-C,1.50,sto-6g,10,8,18,1027,1883,fermionic,current,-1,-1,1027,254144,0.4823830646615457,85,"[15,17,14,15,15,15,12,12,9,14,15,16,12,15,15,14,10,11,17,12,12,11,9,14,12,11,10,9,10,10,15,12,10,8,11,11,9,9,11,9,12,10,9,10,12,9,10,11,11,12,12,11,9,12,10,11,10,11,11,10,10,10,11,11,11,10,15,14,14,9,17,19,7,8,14,16,12,21,16,19,23,17,14,1,7]","[0,1,2,3,4,5,6,7,8,9,10,11,12,13,14,15,16,17,18,19,20,21,22,23,24,25,26,27,28,29,30,31,32,33,34,35,36,37,38,39,40,41,42,43,44,45,46,47,48,49,50,51,52,53,54,55,56,57,58,59,60,61,62,63,64,65,66,67,68,69,70,71,72,73,74,75,76,77,78,79,80,81,82,83,84]",ae8b4dcbe5cf51d2,b70117c8c1cc23eb,100,0.01,1.0,188300,1.301766167506397,0.006508830837531985,1.2194880189235549,3.666699967652676e-05,0.006860833000246203,15876,25.60606854100024,0.09652895799990802,53.642934292000064,0.9999941844589776,1.1631048224325369e-05,1.7068316815133633,0.0034104372219449113,0.0,0.0,1.3201689886200831,1.0,1e-12
success,,C-C_1.50_sto-6g_as-010-008,hamiltonian_generator/comparable_diatomic_library/C-C/1.50/sto-6g/C-C_1.50_sto-6g_as-010-008.tensors.npz,C-C,1.50,sto-6g,10,8,18,1027,1883,jw,reverse_groups,-1,-1,1883,554688,0.313046481664064,48,"[51,38,34,36,31,27,132,48,54,50,48,42,80,72,60,62,62,62,58,48,30,32,50,22,32,32,32,32,28,38,24,16,25,16,16,16,42,37,52,36,24,34,26,26,18,16,20,16]","[47,46,45,44,43,42,41,40,39,38,37,36,35,34,33,32,31,30,29,28,27,26,25,24,23,22,21,20,19,18,17,16,15,14,13,12,11,10,9,8,7,6,5,4,3,2,1,0]",43fd17027e6752b6,f8ec7047e950327a,100,0.01,1.0,188300,1.3567831688990026,0.006783915844495014,1.3247455594443656,4.0708000142331e-05,0.007022915999641555,15876,25.60606854100024,0.09652895799990802,54.60182874999964,0.9999941733962476,1.1653173555448149e-05,1.7069487945810544,0.0034136794671931303,7.200210427882325e-10,7.200209317659301e-10,1.3226802993332616,0.9986922555014215,1e-12
success,,C-C_1.50_sto-6g_as-010-008,hamiltonian_generator/comparable_diatomic_library/C-C/1.50/sto-6g/C-C_1.50_sto-6g_as-010-008.tensors.npz,C-C,1.50,sto-6g,10,8,18,1027,1883,fermionic,reverse_groups,-1,-1,1027,254144,0.4823830646615457,85,"[15,17,14,15,15,15,12,12,9,14,15,16,12,15,15,14,10,11,17,12,12,11,9,14,12,11,10,9,10,10,15,12,10,8,11,11,9,9,11,9,12,10,9,10,12,9,10,11,11,12,12,11,9,12,10,11,10,11,11,10,10,10,11,11,11,10,15,14,14,9,17,19,7,8,14,16,12,21,16,19,23,17,14,1,7]","[84,83,82,81,80,79,78,77,76,75,74,73,72,71,70,69,68,67,66,65,64,63,62,61,60,59,58,57,56,55,54,53,52,51,50,49,48,47,46,45,44,43,42,41,40,39,38,37,36,35,34,33,32,31,30,29,28,27,26,25,24,23,22,21,20,19,18,17,16,15,14,13,12,11,10,9,8,7,6,5,4,3,2,1,0]",bdb4049ff7e12d03,46031bc6ad895374,100,0.01,1.0,188300,2.3900361987681564,0.011950180993840782,4.110744978022371,4.104099980395404e-05,0.00709304100018926,15876,25.60606854100024,0.09652895799990802,55.49458533400002,0.9999829384980458,3.4122712813666745e-05,1.708138937876573,0.005841489870613632,0.0,0.0,3.873059968058456,2.9337607544522024,1e-12
success,,C-C_1.50_sto-6g_as-010-008,hamiltonian_generator/comparable_diatomic_library/C-C/1.50/sto-6g/C-C_1.50_sto-6g_as-010-008.tensors.npz,C-C,1.50,sto-6g,10,8,18,1027,1883,jw,random_groups,0,1210356562,1883,554688,0.313046481664064,48,"[51,38,34,36,31,27,132,48,54,50,48,42,80,72,60,62,62,62,58,48,30,32,50,22,32,32,32,32,28,38,24,16,25,16,16,16,42,37,52,36,24,34,26,26,18,16,20,16]","[32,5,7,26,24,44,45,4,39,9,16,0,47,38,28,30,46,21,33,29,15,10,22,20,11,25,19,3,13,1,27,2,18,14,17,6,35,31,40,23,42,8,34,36,43,41,37,12]",d74c52fa7133b818,642ce3d83d59f11b,100,0.01,1.0,188300,2.456867501682276,0.01228433750841138,4.343852290126378,4.358300066087395e-05,0.00752637500045239,15876,25.60606854100024,0.09652895799990802,56.506378708999364,0.9999923697524853,1.526043680877276e-05,1.7065819836867888,0.0039064683576631315,7.2926162886233215e-09,7.292616510667926e-09,1.7321186396256012,1.3078394468230397,1e-12
success,,C-C_1.50_sto-6g_as-010-008,hamiltonian_generator/comparable_diatomic_library/C-C/1.50/sto-6g/C-C_1.50_sto-6g_as-010-008.tensors.npz,C-C,1.50,sto-6g,10,8,18,1027,1883,fermionic,random_groups,0,2141709297,1027,254144,0.4823830646615457,85,"[15,17,14,15,15,15,12,12,9,14,15,16,12,15,15,14,10,11,17,12,12,11,9,14,12,11,10,9,10,10,15,12,10,8,11,11,9,9,11,9,12,10,9,10,12,9,10,11,11,12,12,11,9,12,10,11,10,11,11,10,10,10,11,11,11,10,15,14,14,9,17,19,7,8,14,16,12,21,16,19,23,17,14,1,7]","[80,0,61,31,37,30,52,4,46,13,19,48,17,78,14,51,59,82,56,69,62,40,34,73,50,66,25,33,53,2,22,63,70,83,29,76,71,21,77,65,23,6,54,28,67,49,32,20,79,74,9,68,72,36,39,18,26,81,11,1,10,35,44,8,3,75,7,45,42,47,16,15,38,27,41,24,55,5,57,84,60,58,12,64,43]",87f6b617c01f612a,4a649c17f8eb5e1c,100,0.01,1.0,188300,1.3753047808448293,0.006876523904224147,1.3611609552021904,4.8042000344139524e-05,0.007859166999878653,15876,25.60606854100024,0.09652895799990802,56.83967183299956,0.9999915217702432,1.695638763321572e-05,1.7076600157582087,0.00411782218091144,0.0,0.0,1.9246156219673731,1.457855500740926,1e-12
success,,C-C_1.50_sto-6g_as-010-008,hamiltonian_generator/comparable_diatomic_library/C-C/1.50/sto-6g/C-C_1.50_sto-6g_as-010-008.tensors.npz,C-C,1.50,sto-6g,10,8,18,1027,1883,jw,random_groups,1,2762517863,1883,554688,0.313046481664064,48,"[51,38,34,36,31,27,132,48,54,50,48,42,80,72,60,62,62,62,58,48,30,32,50,22,32,32,32,32,28,38,24,16,25,16,16,16,42,37,52,36,24,34,26,26,18,16,20,16]","[27,21,39,2,40,34,9,19,14,24,26,43,8,18,35,47,16,15,7,45,10,13,32,12,0,23,33,11,42,6,17,29,4,1,37,31,20,46,30,28,44,3,36,41,25,22,5,38]",0142464f85623538,e84f1e582d29dd65,100,0.01,1.0,188300,1.8609427519088435,0.009304713759544218,2.4921696558199935,3.979099983553169e-05,0.007941834000121162,15876,25.60606854100024,0.09652895799990802,56.95195733299988,0.9999809823487735,3.803494078191694e-05,1.7083192211201106,0.0061672767452858315,2.7212323283620776e-08,2.721232339464308e-08,4.3171129837870215,3.2596443034692983,1e-12
success,,C-C_1.50_sto-6g_as-010-008,hamiltonian_generator/comparable_diatomic_library/C-C/1.50/sto-6g/C-C_1.50_sto-6g_as-010-008.tensors.npz,C-C,1.50,sto-6g,10,8,18,1027,1883,fermionic,random_groups,1,655775863,1027,254144,0.4823830646615457,85,"[15,17,14,15,15,15,12,12,9,14,15,16,12,15,15,14,10,11,17,12,12,11,9,14,12,11,10,9,10,10,15,12,10,8,11,11,9,9,11,9,12,10,9,10,12,9,10,11,11,12,12,11,9,12,10,11,10,11,11,10,10,10,11,11,11,10,15,14,14,9,17,19,7,8,14,16,12,21,16,19,23,17,14,1,7]","[50,17,6,79,9,22,66,2,13,29,67,59,47,80,82,42,60,49,31,64,1,38,27,16,52,51,23,72,56,61,11,75,25,83,10,20,81,69,70,34,0,55,78,15,35,26,7,39,40,71,21,63,54,30,73,5,58,37,32,24,12,45,68,43,18,57,44,48,4,33,3,77,36,74,41,65,8,46,76,62,84,28,14,19,53]",fb0cbcc9628000a4,8f1316708e8ea640,100,0.01,1.0,188300,1.708102191220181,0.008540510956100904,2.0996131163174576,4.749999970954377e-05,0.007886125000368338,15876,25.60606854100024,0.09652895799990802,57.401107540999874,0.9999838004591762,3.239881922245669e-05,1.707996792299619,0.005692019118690515,0.0,0.0,3.6773913735428976,2.7855459454374247,1e-12
success,,C-C_1.50_sto-6g_as-010-008,hamiltonian_generator/comparable_diatomic_library/C-C/1.50/sto-6g/C-C_1.50_sto-6g_as-010-008.tensors.npz,C-C,1.50,sto-6g,10,8,18,1027,1883,jw,random_groups,2,356889448,1883,554688,0.313046481664064,48,"[51,38,34,36,31,27,132,48,54,50,48,42,80,72,60,62,62,62,58,48,30,32,50,22,32,32,32,32,28,38,24,16,25,16,16,16,42,37,52,36,24,34,26,26,18,16,20,16]","[33,2,4,32,23,27,47,3,13,36,42,40,22,16,39,5,34,38,31,37,8,29,45,9,6,11,30,10,25,18,20,26,19,35,12,7,24,0,46,28,1,15,43,14,44,21,17,41]",2a5f73e910d5ba77,1df9f7c3e65710c8,100,0.01,1.0,188300,2.1357148767772,0.010678574383885999,3.2824500285850715,4.5917000534245744e-05,0.008872083999449387,15876,25.60606854100024,0.09652895799990802,59.093907291000505,0.9999913981979459,1.7203530117138044e-05,1.707285280102161,0.004147722761730052,4.465997904823382e-09,4.46599823789029e-09,1.952667250397769,1.4743650914937816,1e-12
success,,C-C_1.50_sto-6g_as-010-008,hamiltonian_generator/comparable_diatomic_library/C-C/1.50/sto-6g/C-C_1.50_sto-6g_as-010-008.tensors.npz,C-C,1.50,sto-6g,10,8,18,1027,1883,fermionic,random_groups,2,3721226621,1027,254144,0.4823830646615457,85,"[15,17,14,15,15,15,12,12,9,14,15,16,12,15,15,14,10,11,17,12,12,11,9,14,12,11,10,9,10,10,15,12,10,8,11,11,9,9,11,9,12,10,9,10,12,9,10,11,11,12,12,11,9,12,10,11,10,11,11,10,10,10,11,11,11,10,15,14,14,9,17,19,7,8,14,16,12,21,16,19,23,17,14,1,7]","[44,7,37,26,24,27,71,76,10,30,50,63,40,73,65,0,55,18,51,29,64,28,35,12,67,69,4,3,41,43,38,13,16,56,62,23,33,39,57,21,47,19,31,60,17,2,45,53,1,54,11,32,75,81,42,77,72,59,66,8,68,74,49,14,36,70,52,5,46,20,34,6,79,83,22,15,82,48,78,80,58,25,84,61,9]",7319064f2688c347,a2514f3e3b66b183,100,0.01,1.0,188300,1.354419112799716,0.00677209556399858,1.3201331136322525,4.6583000766986515e-05,0.008507584000653878,15876,25.60606854100024,0.09652895799990802,57.64654141699975,0.9999909809502785,1.8038018099741926e-05,1.7068937123994758,0.004247128376092178,0.0,0.0,2.047384866107223,1.5508505984883558,1e-12
success,,C-C_1.50_sto-6g_as-010-008,hamiltonian_generator/comparable_diatomic_library/C-C/1.50/sto-6g/C-C_1.50_sto-6g_as-010-008.tensors.npz,C-C,1.50,sto-6g,10,8,18,1027,1883,jw,random_groups,3,127881266,1883,554688,0.313046481664064,48,"[51,38,34,36,31,27,132,48,54,50,48,42,80,72,60,62,62,62,58,48,30,32,50,22,32,32,32,32,28,38,24,16,25,16,16,16,42,37,52,36,24,34,26,26,18,16,20,16]","[38,35,11,18,36,39,14,3,29,19,41,32,20,33,13,44,2,5,16,46,1,9,30,25,27,24,6,4,34,45,7,23,37,42,17,31,10,15,43,0,12,21,8,28,22,47,26,40]",5e8eb28c8035359f,2d0a51f6907ca56a,100,0.01,1.0,188300,1.8952808374449543,0.009476404187224771,2.584989127344138,5.3917000514047686e-05,0.009203874999911932,15876,25.60606854100024,0.09652895799990802,57.83731429100044,0.9999915713575744,1.68572138090628e-05,1.707370159662755,0.004105762395843666,2.7554581172317683e-08,2.75545819494738e-08,1.9133590090977157,1.4446853297376467,1e-12
success,,C-C_1.50_sto-6g_as-010-008,hamiltonian_generator/comparable_diatomic_library/C-C/1.50/sto-6g/C-C_1.50_sto-6g_as-010-008.tensors.npz,C-C,1.50,sto-6g,10,8,18,1027,1883,fermionic,random_groups,3,3009769677,1027,254144,0.4823830646615457,85,"[15,17,14,15,15,15,12,12,9,14,15,16,12,15,15,14,10,11,17,12,12,11,9,14,12,11,10,9,10,10,15,12,10,8,11,11,9,9,11,9,12,10,9,10,12,9,10,11,11,12,12,11,9,12,10,11,10,11,11,10,10,10,11,11,11,10,15,14,14,9,17,19,7,8,14,16,12,21,16,19,23,17,14,1,7]","[23,46,76,53,21,28,14,20,61,24,57,79,64,16,58,27,69,51,4,55,62,81,2,39,56,83,11,7,52,31,75,63,60,49,65,12,66,37,47,29,10,6,41,78,72,68,43,3,8,38,59,40,32,73,70,71,45,35,67,26,9,48,33,82,80,74,42,25,0,36,15,13,22,34,17,30,84,19,50,1,54,77,5,18,44]",57eff52d5dcda649,6fc19a20614a0ee0,100,0.01,1.0,188300,1.3745950766326307,0.006872975383163154,1.3597565066366617,4.379199981485726e-05,0.008139708999806317,15876,25.60606854100024,0.09652895799990802,58.44252250000045,0.9999910433986893,1.7913122400736725e-05,1.7072564905332939,0.004232399156678831,0.0,0.0,2.0332087208915364,1.540112469250443,1e-12
success,,C-C_1.50_sto-6g_as-010-008,hamiltonian_generator/comparable_diatomic_library/C-C/1.50/sto-6g/C-C_1.50_sto-6g_as-010-008.tensors.npz,C-C,1.50,sto-6g,10,8,18,1027,1883,jw,random_groups,4,787011875,1883,554688,0.313046481664064,48,"[51,38,34,36,31,27,132,48,54,50,48,42,80,72,60,62,62,62,58,48,30,32,50,22,32,32,32,32,28,38,24,16,25,16,16,16,42,37,52,36,24,34,26,26,18,16,20,16]","[32,17,35,6,2,23,45,26,24,29,10,9,34,31,27,46,1,47,0,41,12,40,30,33,42,4,3,11,36,16,19,44,18,14,38,5,8,25,15,20,7,13,28,39,37,21,22,43]",7b54fab85bfba9f5,d184c3389a496154,100,0.01,1.0,188300,1.6245155690803197,0.008122577845401598,1.899150286356013,4.462500055524288e-05,0.008855416999722365,15876,25.60606854100024,0.09652895799990802,58.150554583000485,0.99998884068991,2.2318495649820136e-05,1.7079323190485538,0.004724258691052395,1.388619719211448e-08,1.3886197414159085e-08,2.533235634594213,1.9127243453348146,1e-12
success,,C-C_1.50_sto-6g_as-010-008,hamiltonian_generator/comparable_diatomic_library/C-C/1.50/sto-6g/C-C_1.50_sto-6g_as-010-008.tensors.npz,C-C,1.50,sto-6g,10,8,18,1027,1883,fermionic,random_groups,4,1642975799,1027,254144,0.4823830646615457,85,"[15,17,14,15,15,15,12,12,9,14,15,16,12,15,15,14,10,11,17,12,12,11,9,14,12,11,10,9,10,10,15,12,10,8,11,11,9,9,11,9,12,10,9,10,12,9,10,11,11,12,12,11,9,12,10,11,10,11,11,10,10,10,11,11,11,10,15,14,14,9,17,19,7,8,14,16,12,21,16,19,23,17,14,1,7]","[71,70,79,80,30,19,42,2,48,81,77,73,76,6,69,45,28,72,57,55,27,58,82,51,54,37,24,31,35,78,62,29,10,16,83,43,50,64,3,26,21,41,22,66,40,47,53,44,59,7,23,15,67,46,56,49,9,11,34,84,17,61,68,36,33,14,74,13,18,1,12,60,63,0,25,65,32,75,39,8,20,38,4,5,52]",a3e10169e560aa44,809c0f018090bfdb,100,0.01,1.0,188300,1.8900612527287626,0.009450306263643814,2.5707706640193697,3.916600053344155e-05,0.008822792000501067,15876,25.60606854100024,0.09652895799990802,58.22903345800023,0.9999786644332386,4.267067831642546e-05,1.7084413428013667,0.00653231456092353,0.0,0.0,4.843287135454701,3.668687249287067,1e-12
success,,C-C_1.50_sto-6g_as-010-008,hamiltonian_generator/comparable_diatomic_library/C-C/1.50/sto-6g/C-C_1.50_sto-6g_as-010-008.tensors.npz,C-C,1.50,sto-6g,10,8,18,1027,1883,jw,random_groups,5,2035168904,1883,554688,0.313046481664064,48,"[51,38,34,36,31,27,132,48,54,50,48,42,80,72,60,62,62,62,58,48,30,32,50,22,32,32,32,32,28,38,24,16,25,16,16,16,42,37,52,36,24,34,26,26,18,16,20,16]","[46,41,37,4,44,1,20,0,23,25,16,45,47,10,22,17,32,33,26,35,36,29,14,24,13,30,7,31,21,34,43,11,38,15,39,3,28,19,40,9,42,5,8,27,6,2,18,12]",d4bca2b426a7560f,2a6798e04d579b7d,100,0.01,1.0,188300,2.010308943546,0.010051544717730001,2.9082864980300642,4.3791000280180015e-05,0.007691374999922118,15876,25.60606854100024,0.09652895799990802,58.06159283300076,0.9999784749051767,4.304972631696824e-05,1.7057595569278192,0.006561264332937378,1.1916902797892703e-08,1.1916902908915006e-08,4.886310550529919,3.689418000138805,1e-12
success,,C-C_1.50_sto-6g_as-010-008,hamiltonian_generator/comparable_diatomic_library/C-C/1.50/sto-6g/C-C_1.50_sto-6g_as-010-008.tensors.npz,C-C,1.50,sto-6g,10,8,18,1027,1883,fermionic,random_groups,5,798141276,1027,254144,0.4823830646615457,85,"[15,17,14,15,15,15,12,12,9,14,15,16,12,15,15,14,10,11,17,12,12,11,9,14,12,11,10,9,10,10,15,12,10,8,11,11,9,9,11,9,12,10,9,10,12,9,10,11,11,12,12,11,9,12,10,11,10,11,11,10,10,10,11,11,11,10,15,14,14,9,17,19,7,8,14,16,12,21,16,19,23,17,14,1,7]","[15,14,43,32,34,53,50,83,73,49,76,33,80,26,56,36,9,66,54,31,19,13,67,3,24,72,68,38,55,60,12,77,70,1,21,61,30,48,64,22,45,52,23,25,11,7,69,62,81,29,44,20,4,39,5,47,84,28,79,78,10,65,63,51,74,75,71,40,17,59,42,6,35,18,46,57,8,58,41,82,2,37,27,0,16]",6cb86890a09d7a46,5f321564d3dc2a11,100,0.01,1.0,188300,1.603310510027782,0.00801655255013891,1.8498940539311919,4.508300025918288e-05,0.007950542000799032,15876,25.60606854100024,0.09652895799990802,61.815802459000224,0.9999917571751371,1.6485581781577885e-05,1.7074418088939698,0.004060252421436837,0.0,0.0,1.8711773356662957,1.4173771326216036,1e-12
success,,C-C_1.50_sto-6g_as-010-008,hamiltonian_generator/comparable_diatomic_library/C-C/1.50/sto-6g/C-C_1.50_sto-6g_as-010-008.tensors.npz,C-C,1.50,sto-6g,10,8,18,1027,1883,jw,random_groups,6,1711018150,1883,554688,0.313046481664064,48,"[51,38,34,36,31,27,132,48,54,50,48,42,80,72,60,62,62,62,58,48,30,32,50,22,32,32,32,32,28,38,24,16,25,16,16,16,42,37,52,36,24,34,26,26,18,16,20,16]","[26,37,31,3,44,35,33,21,14,7,34,15,6,46,10,4,43,1,5,18,9,27,38,16,32,36,23,41,8,25,47,11,22,0,39,19,13,42,40,45,29,24,30,17,12,2,20,28]",a92ea6542cdc123a,d5676dc76a9c856b,100,0.01,1.0,188300,1.6643415787468825,0.008321707893734412,1.9934094067199426,4.9540999498276506e-05,0.010583124999357096,15876,25.60606854100024,0.09652895799990802,59.334673416999976,0.9999886635203382,2.2672830807812794e-05,1.7064200836418058,0.0047616131009949126,6.734831803356656e-09,6.7348322474458655e-09,2.573454046394912,1.943091333044673,1e-12
success,,C-C_1.50_sto-6g_as-010-008,hamiltonian_generator/comparable_diatomic_library/C-C/1.50/sto-6g/C-C_1.50_sto-6g_as-010-008.tensors.npz,C-C,1.50,sto-6g,10,8,18,1027,1883,fermionic,random_groups,6,1961245444,1027,254144,0.4823830646615457,85,"[15,17,14,15,15,15,12,12,9,14,15,16,12,15,15,14,10,11,17,12,12,11,9,14,12,11,10,9,10,10,15,12,10,8,11,11,9,9,11,9,12,10,9,10,12,9,10,11,11,12,12,11,9,12,10,11,10,11,11,10,10,10,11,11,11,10,15,14,14,9,17,19,7,8,14,16,12,21,16,19,23,17,14,1,7]","[61,41,22,56,69,82,65,34,27,48,31,78,83,35,25,18,63,67,52,39,46,58,76,38,32,11,47,73,80,37,53,24,84,70,74,6,50,5,2,59,72,15,7,66,44,4,54,55,0,51,77,20,81,64,28,42,60,57,8,49,21,75,14,30,79,13,43,19,9,45,16,23,29,40,10,62,1,17,26,36,71,68,12,3,33]",65321ee9a77959ad,1c520732bb6b1073,100,0.01,1.0,188300,1.920562666846711,0.009602813334233556,2.654413286599363,4.908400023850845e-05,0.007828667000467249,15876,25.60606854100024,0.09652895799990802,57.79770879199987,0.9999821626540195,3.5674373790040015e-05,1.7082076112373583,0.005972829476971033,0.0,0.0,4.049179494205358,3.0671675589333414,1e-12
success,,C-C_1.50_sto-6g_as-010-008,hamiltonian_generator/comparable_diatomic_library/C-C/1.50/sto-6g/C-C_1.50_sto-6g_as-010-008.tensors.npz,C-C,1.50,sto-6g,10,8,18,1027,1883,jw,random_groups,7,4014239043,1883,554688,0.313046481664064,48,"[51,38,34,36,31,27,132,48,54,50,48,42,80,72,60,62,62,62,58,48,30,32,50,22,32,32,32,32,28,38,24,16,25,16,16,16,42,37,52,36,24,34,26,26,18,16,20,16]","[26,39,24,38,0,41,35,16,25,46,42,1,20,31,18,28,47,37,40,5,13,22,8,17,23,9,19,7,33,11,30,27,12,10,34,14,45,21,15,3,43,36,6,29,44,2,4,32]",e5604d0ab5b69e0c,fa7d352efaddf8d7,100,0.01,1.0,188300,1.7353092369500147,0.008676546184750073,2.167032050198788,4.57499991171062e-05,0.007949167000333546,15876,25.60606854100024,0.09652895799990802,58.18303829100023,0.9999858657088374,2.8268382546992044e-05,1.7061389867418046,0.005316820697107063,2.7920219469734775e-09,2.7920219469734775e-09,3.208570825021465,2.4226374550161585,1e-12
success,,C-C_1.50_sto-6g_as-010-008,hamiltonian_generator/comparable_diatomic_library/C-C/1.50/sto-6g/C-C_1.50_sto-6g_as-010-008.tensors.npz,C-C,1.50,sto-6g,10,8,18,1027,1883,fermionic,random_groups,7,3176632585,1027,254144,0.4823830646615457,85,"[15,17,14,15,15,15,12,12,9,14,15,16,12,15,15,14,10,11,17,12,12,11,9,14,12,11,10,9,10,10,15,12,10,8,11,11,9,9,11,9,12,10,9,10,12,9,10,11,11,12,12,11,9,12,10,11,10,11,11,10,10,10,11,11,11,10,15,14,14,9,17,19,7,8,14,16,12,21,16,19,23,17,14,1,7]","[77,6,38,16,10,52,39,55,44,53,79,46,51,76,15,14,68,47,58,2,34,62,24,21,74,26,45,67,43,72,27,31,19,23,70,83,5,81,50,42,69,37,28,54,32,11,48,1,71,8,29,17,63,82,35,41,3,78,7,0,25,22,56,80,30,64,49,33,20,60,66,84,75,36,18,4,40,12,9,59,57,73,65,13,61]",df8f60fdfe286353,80fde6ed5f156e8f,100,0.01,1.0,188300,1.7739221740642457,0.008869610870321228,2.2645436818061135,4.5958999180584215e-05,0.007749833000161743,15876,25.60606854100024,0.09652895799990802,57.968472792000284,0.9999841952837617,3.160918268751978e-05,1.7081758966867797,0.005622226647565721,0.0,0.0,3.5877645707303256,2.7176555438409933,1e-12
success,,C-C_1.50_sto-6g_as-010-008,hamiltonian_generator/comparable_diatomic_library/C-C/1.50/sto-6g/C-C_1.50_sto-6g_as-010-008.tensors.npz,C-C,1.50,sto-6g,10,8,18,1027,1883,jw,random_groups,8,3505763577,1883,554688,0.313046481664064,48,"[51,38,34,36,31,27,132,48,54,50,48,42,80,72,60,62,62,62,58,48,30,32,50,22,32,32,32,32,28,38,24,16,25,16,16,16,42,37,52,36,24,34,26,26,18,16,20,16]","[18,17,43,20,16,10,13,41,32,22,27,36,42,35,38,12,0,3,7,5,39,23,45,8,25,24,6,21,4,26,28,2,14,15,47,44,30,34,31,19,33,1,37,46,40,11,9,29]",2fc4f8e84629949f,925a0e92837b5c53,100,0.01,1.0,188300,2.513583265978157,0.012567916329890785,4.546719166830758,5.650000002788147e-05,0.012017625000225962,15876,25.60606854100024,0.09652895799990802,58.539880166999865,0.9999800904545673,3.981869447544639e-05,1.705925710208418,0.006310236989644549,7.895355702558504e-09,7.895356812781529e-09,4.5195759315898805,3.4125143341929944,1e-12
success,,C-C_1.50_sto-6g_as-010-008,hamiltonian_generator/comparable_diatomic_library/C-C/1.50/sto-6g/C-C_1.50_sto-6g_as-010-008.tensors.npz,C-C,1.50,sto-6g,10,8,18,1027,1883,fermionic,random_groups,8,1309813757,1027,254144,0.4823830646615457,85,"[15,17,14,15,15,15,12,12,9,14,15,16,12,15,15,14,10,11,17,12,12,11,9,14,12,11,10,9,10,10,15,12,10,8,11,11,9,9,11,9,12,10,9,10,12,9,10,11,11,12,12,11,9,12,10,11,10,11,11,10,10,10,11,11,11,10,15,14,14,9,17,19,7,8,14,16,12,21,16,19,23,17,14,1,7]","[25,23,58,70,10,18,69,65,15,38,45,82,79,29,60,73,75,61,49,77,64,44,24,59,21,32,30,26,40,27,42,48,16,51,76,50,67,47,37,22,80,68,63,33,43,57,6,52,31,36,20,35,14,0,2,7,11,13,34,19,56,66,41,46,74,55,12,71,39,8,84,83,54,28,72,5,3,81,17,4,78,53,62,1,9]",5dfcc800f198dce9,d9095d96fd160f85,100,0.01,1.0,188300,2.0200281324842995,0.010100140662421497,2.9364757123825287,4.308299958211137e-05,0.008591708000494691,15876,25.60606854100024,0.09652895799990802,58.59257479200005,0.9999765325130181,4.693442324088526e-05,1.7085725798664853,0.00685091044780159,0.0,0.0,5.327238686174422,4.035270281377204,1e-12
success,,C-C_1.50_sto-6g_as-010-008,hamiltonian_generator/comparable_diatomic_library/C-C/1.50/sto-6g/C-C_1.50_sto-6g_as-010-008.tensors.npz,C-C,1.50,sto-6g,10,8,18,1027,1883,jw,random_groups,9,1660266936,1883,554688,0.313046481664064,48,"[51,38,34,36,31,27,132,48,54,50,48,42,80,72,60,62,62,62,58,48,30,32,50,22,32,32,32,32,28,38,24,16,25,16,16,16,42,37,52,36,24,34,26,26,18,16,20,16]","[1,47,6,31,15,34,30,7,45,26,29,38,20,16,35,43,11,23,39,0,22,33,18,28,19,40,42,46,36,14,9,4,10,44,8,37,3,25,13,27,41,2,17,21,12,32,24,5]",9a806435d274a459,39f79992d6f247a3,100,0.01,1.0,188300,1.4200079982222262,0.007100039991111131,1.4510860219254762,4.5000000682193786e-05,0.008247249999840278,15876,25.60606854100024,0.09652895799990802,57.33452845800002,0.9999922102975297,1.557934426110741e-05,1.7068087109598762,0.00394707549212944,2.739781401750463e-09,2.7397815127727654e-09,1.7683158697197494,1.3351702336986373,1e-12
success,,C-C_1.50_sto-6g_as-010-008,hamiltonian_generator/comparable_diatomic_library/C-C/1.50/sto-6g/C-C_1.50_sto-6g_as-010-008.tensors.npz,C-C,1.50,sto-6g,10,8,18,1027,1883,fermionic,random_groups,9,3136468736,1027,254144,0.4823830646615457,85,"[15,17,14,15,15,15,12,12,9,14,15,16,12,15,15,14,10,11,17,12,12,11,9,14,12,11,10,9,10,10,15,12,10,8,11,11,9,9,11,9,12,10,9,10,12,9,10,11,11,12,12,11,9,12,10,11,10,11,11,10,10,10,11,11,11,10,15,14,14,9,17,19,7,8,14,16,12,21,16,19,23,17,14,1,7]","[42,11,33,59,83,72,69,67,61,10,47,5,77,32,44,27,63,8,71,73,41,14,36,53,31,78,79,81,34,20,75,0,24,19,43,2,13,52,18,64,54,37,49,70,60,65,35,84,38,16,4,48,17,3,12,74,26,80,9,7,46,23,76,40,82,29,51,68,6,56,57,28,45,15,62,50,25,66,39,22,30,55,58,1,21]",34e3b57a563df17b,6e78c6d55298e02b,100,0.01,1.0,188300,1.6484097758089482,0.008242048879044742,1.9554284986682762,4.57500000266009e-05,0.008474958999613591,15876,25.60606854100024,0.09652895799990802,58.070314167000106,0.9999898302610725,2.0339374431466162e-05,1.7068072674704517,0.004509931025533448,0.0,0.0,2.308597716601017,1.7487137908110513,1e-12
success,,C-C_1.50_sto-6g_as-010-008,hamiltonian_generator/comparable_diatomic_library/C-C/1.50/sto-6g/C-C_1.50_sto-6g_as-010-008.tensors.npz,C-C,1.50,sto-6g,10,8,18,1027,1883,jw,random_groups,10,2899134699,1883,554688,0.313046481664064,48,"[51,38,34,36,31,27,132,48,54,50,48,42,80,72,60,62,62,62,58,48,30,32,50,22,32,32,32,32,28,38,24,16,25,16,16,16,42,37,52,36,24,34,26,26,18,16,20,16]","[46,15,8,4,2,47,30,34,35,31,39,14,45,21,16,17,3,27,29,22,24,41,13,19,10,33,42,25,11,28,32,36,6,18,7,0,37,5,40,43,23,26,12,1,9,38,20,44]",847ae27e0c9bba7a,acd463beb06d4f59,100,0.01,1.0,188300,1.3967812457123376,0.0069839062285616885,1.4040040738980553,4.545899992081104e-05,0.007792875000632193,15876,25.60606854100024,0.09652895799990802,57.52089704199989,0.9999910220971344,1.79557251284157e-05,1.7074828644473758,0.0042374291417276114,1.648313729951667e-08,1.6483138409739695e-08,2.038044295366654,1.5388291903776938,1e-12
success,,C-C_1.50_sto-6g_as-010-008,hamiltonian_generator/comparable_diatomic_library/C-C/1.50/sto-6g/C-C_1.50_sto-6g_as-010-008.tensors.npz,C-C,1.50,sto-6g,10,8,18,1027,1883,fermionic,random_groups,10,1912219540,1027,254144,0.4823830646615457,85,"[15,17,14,15,15,15,12,12,9,14,15,16,12,15,15,14,10,11,17,12,12,11,9,14,12,11,10,9,10,10,15,12,10,8,11,11,9,9,11,9,12,10,9,10,12,9,10,11,11,12,12,11,9,12,10,11,10,11,11,10,10,10,11,11,11,10,15,14,14,9,17,19,7,8,14,16,12,21,16,19,23,17,14,1,7]","[66,17,53,71,8,18,57,79,11,83,75,77,64,33,62,41,22,0,30,3,51,82,72,5,48,37,24,9,36,84,65,61,63,69,34,76,74,58,43,27,35,68,39,59,13,7,50,28,46,31,1,15,19,70,56,40,25,78,55,47,38,29,49,10,81,44,12,60,21,73,54,42,80,52,67,20,23,16,2,4,32,14,6,45,26]",be4ae7e98b34c71a,506b06570aa1200d,100,0.01,1.0,188300,1.2592543583913267,0.006296271791956634,1.141138880731622,4.695899951911997e-05,0.00781958300012775,15876,25.60606854100024,0.09652895799990802,57.78415587499967,0.9999944559019679,1.1088165327244326e-05,1.7073342545461516,0.0033298943022583845,0.0,0.0,1.2585496787044292,0.9533246800623139,1e-12
success,,C-C_1.50_sto-6g_as-010-008,hamiltonian_generator/comparable_diatomic_library/C-C/1.50/sto-6g/C-C_1.50_sto-6g_as-010-008.tensors.npz,C-C,1.50,sto-6g,10,8,18,1027,1883,jw,random_groups,11,1080384583,1883,554688,0.313046481664064,48,"[51,38,34,36,31,27,132,48,54,50,48,42,80,72,60,62,62,62,58,48,30,32,50,22,32,32,32,32,28,38,24,16,25,16,16,16,42,37,52,36,24,34,26,26,18,16,20,16]","[40,4,27,35,45,29,23,21,1,25,44,15,24,10,11,38,33,7,32,22,43,47,26,31,14,16,30,20,3,2,34,41,8,6,9,12,42,37,39,0,19,18,46,5,28,36,17,13]",a544a5d7fc5ef025,bc3705bbdd6ee03b,100,0.01,1.0,188300,1.4613310249504958,0.007306655124752479,1.5367696924909857,4.675000036513666e-05,0.008317042000271613,15876,25.60606854100024,0.09652895799990802,57.95472058299947,0.9999902270017422,1.954590100405884e-05,1.7074694246166793,0.004421085445402119,5.8346008025012e-09,5.834600691478897e-09,2.218535411643289,1.6751093482534445,1e-12
success,,C-C_1.50_sto-6g_as-010-008,hamiltonian_generator/comparable_diatomic_library/C-C/1.50/sto-6g/C-C_1.50_sto-6g_as-010-008.tensors.npz,C-C,1.50,sto-6g,10,8,18,1027,1883,fermionic,random_groups,11,1712851842,1027,254144,0.4823830646615457,85,"[15,17,14,15,15,15,12,12,9,14,15,16,12,15,15,14,10,11,17,12,12,11,9,14,12,11,10,9,10,10,15,12,10,8,11,11,9,9,11,9,12,10,9,10,12,9,10,11,11,12,12,11,9,12,10,11,10,11,11,10,10,10,11,11,11,10,15,14,14,9,17,19,7,8,14,16,12,21,16,19,23,17,14,1,7]","[63,82,72,44,4,64,19,43,7,20,60,17,29,15,40,71,80,65,10,48,41,37,2,8,61,47,59,0,27,31,23,53,22,45,83,9,1,14,56,24,73,68,5,26,11,42,75,46,3,6,66,76,58,21,49,32,69,54,33,12,18,62,55,79,13,28,84,39,81,51,25,38,67,30,77,50,74,35,16,70,34,52,36,78,57]",a6dfad6b08450e8e,288dae38cfb11dd0,100,0.01,1.0,188300,1.5372950022461318,0.007686475011230659,1.7006933286523322,4.516700028034393e-05,0.008947915999669931,15876,25.60606854100024,0.09652895799990802,57.523603833999914,0.9999884030230168,2.3193819476463595e-05,1.7078173211768943,0.004816010170911943,0.0,0.0,2.6325882766474176,1.9941297662196649,1e-12
success,,C-C_1.50_sto-6g_as-010-008,hamiltonian_generator/comparable_diatomic_library/C-C/1.50/sto-6g/C-C_1.50_sto-6g_as-010-008.tensors.npz,C-C,1.50,sto-6g,10,8,18,1027,1883,jw,random_groups,12,3061551492,1883,554688,0.313046481664064,48,"[51,38,34,36,31,27,132,48,54,50,48,42,80,72,60,62,62,62,58,48,30,32,50,22,32,32,32,32,28,38,24,16,25,16,16,16,42,37,52,36,24,34,26,26,18,16,20,16]","[1,19,6,20,8,4,45,41,18,2,23,3,14,24,42,12,25,13,43,11,33,35,21,9,30,7,38,39,5,36,47,28,16,31,10,37,34,27,26,17,0,44,46,15,29,40,22,32]",f8dd56ba29cc0366,594208c14bec4f23,100,0.01,1.0,188300,1.931292029733041,0.009656460148665204,2.684154275681711,4.762499975186074e-05,0.008690000000569853,15876,25.60606854100024,0.09652895799990802,57.981358582999746,0.9999826868366486,3.462602695714079e-05,1.7083992986834928,0.005884413879292781,3.8240440813908094e-09,3.8240440813908094e-09,3.9301880712984243,2.967495918286791,1e-12
success,,C-C_1.50_sto-6g_as-010-008,hamiltonian_generator/comparable_diatomic_library/C-C/1.50/sto-6g/C-C_1.50_sto-6g_as-010-008.tensors.npz,C-C,1.50,sto-6g,10,8,18,1027,1883,fermionic,random_groups,12,1608290837,1027,254144,0.4823830646615457,85,"[15,17,14,15,15,15,12,12,9,14,15,16,12,15,15,14,10,11,17,12,12,11,9,14,12,11,10,9,10,10,15,12,10,8,11,11,9,9,11,9,12,10,9,10,12,9,10,11,11,12,12,11,9,12,10,11,10,11,11,10,10,10,11,11,11,10,15,14,14,9,17,19,7,8,14,16,12,21,16,19,23,17,14,1,7]","[35,14,41,31,75,12,30,65,69,29,37,33,62,71,81,13,3,1,45,21,25,48,52,9,61,73,53,50,38,51,63,20,83,57,64,32,44,10,47,66,40,84,7,49,46,56,28,2,77,18,42,58,6,19,23,15,24,72,22,4,55,16,27,67,43,59,34,39,70,0,79,26,54,17,5,8,80,68,36,76,11,74,60,78,82]",740fb271c6e5f9e4,e106c56e3ff925ab,100,0.01,1.0,188300,1.7553024827959365,0.008776512413979682,2.2172543303506442,4.812499992112862e-05,0.008145834000060859,15876,25.60606854100024,0.09652895799990802,57.59760454099978,0.9999897509913044,2.049791234903786e-05,1.7071277741036042,0.0045274736212633,0.0,0.0,2.326592383828072,1.7623443694583076,1e-12
success,,C-C_1.50_sto-6g_as-010-008,hamiltonian_generator/comparable_diatomic_library/C-C/1.50/sto-6g/C-C_1.50_sto-6g_as-010-008.tensors.npz,C-C,1.50,sto-6g,10,8,18,1027,1883,jw,random_groups,13,4085994837,1883,554688,0.313046481664064,48,"[51,38,34,36,31,27,132,48,54,50,48,42,80,72,60,62,62,62,58,48,30,32,50,22,32,32,32,32,28,38,24,16,25,16,16,16,42,37,52,36,24,34,26,26,18,16,20,16]","[20,36,30,0,11,29,18,38,32,44,6,19,37,31,14,42,23,12,17,40,10,45,3,35,7,28,5,34,21,2,4,25,41,1,39,27,46,16,8,9,24,13,15,43,33,22,47,26]",b855752204edddde,ceedb13d94431695,100,0.01,1.0,188300,1.8801088437006126,0.009400544218503063,2.5437683652352026,5.0416000703989994e-05,0.00776899999982561,15876,25.60606854100024,0.09652895799990802,57.59164879199943,0.9999898184518835,2.0362992569022964e-05,1.7068296745893714,0.0045125487513144125,7.753864550430478e-09,7.753864994519688e-09,2.3112784666220034,1.7451351668926678,1e-12
success,,C-C_1.50_sto-6g_as-010-008,hamiltonian_generator/comparable_diatomic_library/C-C/1.50/sto-6g/C-C_1.50_sto-6g_as-010-008.tensors.npz,C-C,1.50,sto-6g,10,8,18,1027,1883,fermionic,random_groups,13,784840352,1027,254144,0.4823830646615457,85,"[15,17,14,15,15,15,12,12,9,14,15,16,12,15,15,14,10,11,17,12,12,11,9,14,12,11,10,9,10,10,15,12,10,8,11,11,9,9,11,9,12,10,9,10,12,9,10,11,11,12,12,11,9,12,10,11,10,11,11,10,10,10,11,11,11,10,15,14,14,9,17,19,7,8,14,16,12,21,16,19,23,17,14,1,7]","[46,20,36,16,6,40,8,15,73,59,27,24,19,5,30,35,66,22,21,23,13,47,68,44,17,52,33,51,61,4,72,80,1,43,60,34,14,2,74,58,32,49,82,37,54,77,25,53,39,11,50,29,48,3,81,41,55,71,45,78,26,83,67,7,9,62,76,75,56,12,70,28,65,31,18,10,57,0,84,64,79,42,63,69,38]",d417eb3754cf36b1,4c4938516649c143,100,0.01,1.0,188300,1.5271412308774004,0.007635706154387002,1.6783015008105198,4.462500055524288e-05,0.007821749999493477,15876,25.60606854100024,0.09652895799990802,57.77502558300057,0.9999876003165361,2.479921317566358e-05,1.7077469749260636,0.004979896276809962,0.0,0.0,2.81480667479466,2.1321563368465872,1e-12
success,,C-C_1.50_sto-6g_as-010-008,hamiltonian_generator/comparable_diatomic_library/C-C/1.50/sto-6g/C-C_1.50_sto-6g_as-010-008.tensors.npz,C-C,1.50,sto-6g,10,8,18,1027,1883,jw,random_groups,14,1689819467,1883,554688,0.313046481664064,48,"[51,38,34,36,31,27,132,48,54,50,48,42,80,72,60,62,62,62,58,48,30,32,50,22,32,32,32,32,28,38,24,16,25,16,16,16,42,37,52,36,24,34,26,26,18,16,20,16]","[39,2,23,29,33,16,22,41,1,15,12,21,0,14,45,35,8,28,32,11,25,42,37,47,30,10,31,27,9,46,36,38,4,20,3,34,17,7,26,44,19,6,13,43,24,18,40,5]",ad796a3454119e7e,3c9b3e224fb600e3,100,0.01,1.0,188300,1.505026794558684,0.007525133972793419,1.6300466791110109,5.008300013287226e-05,0.00799883299987414,15876,25.60606854100024,0.09652895799990802,57.62197545900017,0.9999900505684568,1.989876409524971e-05,1.707348164499705,0.004460814173040424,1.5158543087423482e-08,1.515854342049039e-08,2.258586738164706,1.705350177907943,1e-12
success,,C-C_1.50_sto-6g_as-010-008,hamiltonian_generator/comparable_diatomic_library/C-C/1.50/sto-6g/C-C_1.50_sto-6g_as-010-008.tensors.npz,C-C,1.50,sto-6g,10,8,18,1027,1883,fermionic,random_groups,14,496154559,1027,254144,0.4823830646615457,85,"[15,17,14,15,15,15,12,12,9,14,15,16,12,15,15,14,10,11,17,12,12,11,9,14,12,11,10,9,10,10,15,12,10,8,11,11,9,9,11,9,12,10,9,10,12,9,10,11,11,12,12,11,9,12,10,11,10,11,11,10,10,10,11,11,11,10,15,14,14,9,17,19,7,8,14,16,12,21,16,19,23,17,14,1,7]","[9,34,2,1,77,35,11,15,70,40,64,63,42,69,17,29,0,26,24,59,58,83,51,41,7,33,38,4,53,46,36,37,52,82,57,80,13,20,50,27,54,84,56,14,48,6,78,32,49,81,8,62,10,55,3,23,60,30,5,66,21,75,25,45,76,28,22,73,71,16,39,43,65,19,72,44,47,31,18,12,74,68,67,61,79]",f3ad4c87cf19221f,3083e2d69ce7c6ba,100,0.01,1.0,188300,1.8776582455292208,0.009388291227646103,2.537141417565649,4.708300002675969e-05,0.008645625000099244,15876,25.60606854100024,0.09652895799990802,54.47788050000054,0.9999797119835078,4.0575621380822824e-05,1.7084321008466274,0.006369931945041712,0.0,0.0,4.605490064852628,3.488561013440069,1e-12
success,,C-C_1.50_sto-6g_as-010-008,hamiltonian_generator/comparable_diatomic_library/C-C/1.50/sto-6g/C-C_1.50_sto-6g_as-010-008.tensors.npz,C-C,1.50,sto-6g,10,8,18,1027,1883,jw,random_groups,15,1681282760,1883,554688,0.313046481664064,48,"[51,38,34,36,31,27,132,48,54,50,48,42,80,72,60,62,62,62,58,48,30,32,50,22,32,32,32,32,28,38,24,16,25,16,16,16,42,37,52,36,24,34,26,26,18,16,20,16]","[1,38,11,7,33,35,43,39,45,26,3,0,20,23,27,40,36,8,17,46,19,18,4,25,24,47,34,13,28,37,16,9,21,29,14,42,31,5,44,12,32,10,15,6,2,30,41,22]",1e64ac7d1b54ccc8,63b308395e7d5fb7,100,0.01,1.0,188300,1.6958940362336077,0.008479470181168038,2.0697076429077548,3.166599981341278e-05,0.006168666999656125,15876,25.60606854100024,0.09652895799990802,37.96198487499987,0.9999863618836998,2.7276046602131565e-05,1.7064963689264534,0.005222665277456367,3.0088153080143343e-09,3.0088156410812417e-09,3.095936854683525,2.3375929632069283,1e-12
success,,C-C_1.50_sto-6g_as-010-008,hamiltonian_generator/comparable_diatomic_library/C-C/1.50/sto-6g/C-C_1.50_sto-6g_as-010-008.tensors.npz,C-C,1.50,sto-6g,10,8,18,1027,1883,fermionic,random_groups,15,3060556930,1027,254144,0.4823830646615457,85,"[15,17,14,15,15,15,12,12,9,14,15,16,12,15,15,14,10,11,17,12,12,11,9,14,12,11,10,9,10,10,15,12,10,8,11,11,9,9,11,9,12,10,9,10,12,9,10,11,11,12,12,11,9,12,10,11,10,11,11,10,10,10,11,11,11,10,15,14,14,9,17,19,7,8,14,16,12,21,16,19,23,17,14,1,7]","[58,24,41,10,59,53,22,4,42,14,48,11,30,38,40,45,21,51,47,20,52,0,34,35,31,66,75,13,6,1,23,46,65,56,62,77,74,78,76,18,26,54,19,82,12,80,5,2,81,84,32,15,49,16,43,36,8,44,9,7,27,61,33,72,3,17,71,25,79,57,39,68,55,73,67,70,50,28,83,37,64,63,60,29,69]",cdf4fee920564aed,f84a9dd1b2c52d30,100,0.01,1.0,188300,1.332826600171728,0.00666413300085864,1.2783768011945467,3.4624999898369424e-05,0.006842666999546054,15876,25.60606854100024,0.09652895799990802,38.28034808400025,0.9999927394767312,1.4520993822486616e-05,1.7071363546255771,0.0038106490966306754,0.0,0.0,1.6481889988468816,1.2484681984309176,1e-12
success,,C-C_1.50_sto-6g_as-010-008,hamiltonian_generator/comparable_diatomic_library/C-C/1.50/sto-6g/C-C_1.50_sto-6g_as-010-008.tensors.npz,C-C,1.50,sto-6g,10,8,18,1027,1883,jw,random_groups,16,2087612198,1883,554688,0.313046481664064,48,"[51,38,34,36,31,27,132,48,54,50,48,42,80,72,60,62,62,62,58,48,30,32,50,22,32,32,32,32,28,38,24,16,25,16,16,16,42,37,52,36,24,34,26,26,18,16,20,16]","[42,20,18,24,35,38,46,14,43,30,41,13,1,44,16,39,23,32,33,11,3,4,12,21,27,15,2,10,45,6,25,8,9,26,36,47,0,37,19,31,7,17,40,5,29,34,28,22]",0c0822f7071d6597,3b6f231b401c679e,100,0.01,1.0,188300,2.5993610858615748,0.012996805429307874,4.862334175669119,3.829100023722276e-05,0.006475000000136788,15876,25.60606854100024,0.09652895799990802,38.40229320799972,0.9999854753492061,2.9049090622290663e-05,1.7077578640185458,0.005389740400776087,8.152279185047462e-09,8.15227951811437e-09,3.2971842131096474,2.489545160878278,1e-12
success,,C-C_1.50_sto-6g_as-010-008,hamiltonian_generator/comparable_diatomic_library/C-C/1.50/sto-6g/C-C_1.50_sto-6g_as-010-008.tensors.npz,C-C,1.50,sto-6g,10,8,18,1027,1883,fermionic,random_groups,16,1778194441,1027,254144,0.4823830646615457,85,"[15,17,14,15,15,15,12,12,9,14,15,16,12,15,15,14,10,11,17,12,12,11,9,14,12,11,10,9,10,10,15,12,10,8,11,11,9,9,11,9,12,10,9,10,12,9,10,11,11,12,12,11,9,12,10,11,10,11,11,10,10,10,11,11,11,10,15,14,14,9,17,19,7,8,14,16,12,21,16,19,23,17,14,1,7]","[53,1,75,0,30,73,69,19,51,20,42,52,67,50,28,24,40,54,76,78,43,41,58,72,17,14,56,6,60,32,15,82,27,47,31,80,59,68,48,26,37,62,5,7,55,74,22,16,10,8,21,3,61,29,25,66,65,49,45,79,11,38,4,39,18,63,44,13,46,81,34,12,83,71,9,2,35,64,33,57,23,77,70,84,36]",8fb2a4c5d2e981d6,1ae3003129a09810,100,0.01,1.0,188300,1.2587601613343173,0.006293800806671587,1.1402433717162357,3.62920000043232e-05,0.0064327500003855675,15876,25.60606854100024,0.09652895799990802,38.63009620899993,0.9999928081514081,1.4383645461024663e-05,1.7071043838346243,0.0037925844992250162,0.0,0.0,1.632599428247335,1.236659429452151,1e-12
success,,C-C_1.50_sto-6g_as-010-008,hamiltonian_generator/comparable_diatomic_library/C-C/1.50/sto-6g/C-C_1.50_sto-6g_as-010-008.tensors.npz,C-C,1.50,sto-6g,10,8,18,1027,1883,jw,random_groups,17,3177386084,1883,554688,0.313046481664064,48,"[51,38,34,36,31,27,132,48,54,50,48,42,80,72,60,62,62,62,58,48,30,32,50,22,32,32,32,32,28,38,24,16,25,16,16,16,42,37,52,36,24,34,26,26,18,16,20,16]","[5,19,21,42,1,44,28,22,18,12,23,43,30,31,36,25,2,3,6,32,24,39,0,40,13,17,8,10,9,4,11,29,33,38,41,45,14,7,47,20,15,37,35,27,46,16,34,26]",20d33d267b0e0956,ac9dfa3f66484782,100,0.01,1.0,188300,1.5012826978520497,0.007506413489260249,1.6219465428755877,3.733400080818683e-05,0.0063584170002286555,15876,25.60606854100024,0.09652895799990802,60.208698959000685,0.9999894204737445,2.1158940584631303e-05,1.7067820101613442,0.004599897010911046,3.465640929789515e-08,3.4656409853006664e-08,2.401621646917842,1.8133489556247626,1e-12
success,,C-C_1.50_sto-6g_as-010-008,hamiltonian_generator/comparable_diatomic_library/C-C/1.50/sto-6g/C-C_1.50_sto-6g_as-010-008.tensors.npz,C-C,1.50,sto-6g,10,8,18,1027,1883,fermionic,random_groups,17,3791310055,1027,254144,0.4823830646615457,85,"[15,17,14,15,15,15,12,12,9,14,15,16,12,15,15,14,10,11,17,12,12,11,9,14,12,11,10,9,10,10,15,12,10,8,11,11,9,9,11,9,12,10,9,10,12,9,10,11,11,12,12,11,9,12,10,11,10,11,11,10,10,10,11,11,11,10,15,14,14,9,17,19,7,8,14,16,12,21,16,19,23,17,14,1,7]","[59,37,65,8,69,53,30,22,42,13,54,23,14,58,51,39,1,28,68,57,50,12,83,47,27,84,70,77,71,60,31,43,18,48,21,52,40,4,9,46,6,81,62,41,49,67,44,45,76,34,64,26,75,35,38,19,55,74,0,20,25,10,7,11,63,17,24,2,3,16,29,72,73,32,5,80,82,66,79,33,15,61,78,36,56]",9d274f9a3f7d2895,8f744587f988f5f4,100,0.01,1.0,188300,1.2304286248159808,0.006152143124079904,1.0894929632776202,5.262500053504482e-05,0.009627000000364205,15876,25.60606854100024,0.09652895799990802,72.74385316600001,0.9999938988032498,1.2202356275747839e-05,1.7068032397523807,0.0034931924510831934,0.0,0.0,1.3850146635661742,1.0491192229972555,1e-12
success,,C-C_1.50_sto-6g_as-010-008,hamiltonian_generator/comparable_diatomic_library/C-C/1.50/sto-6g/C-C_1.50_sto-6g_as-010-008.tensors.npz,C-C,1.50,sto-6g,10,8,18,1027,1883,jw,random_groups,18,3465520178,1883,554688,0.313046481664064,48,"[51,38,34,36,31,27,132,48,54,50,48,42,80,72,60,62,62,62,58,48,30,32,50,22,32,32,32,32,28,38,24,16,25,16,16,16,42,37,52,36,24,34,26,26,18,16,20,16]","[20,18,23,14,47,41,17,3,12,5,28,33,37,45,15,24,8,27,46,39,35,16,4,26,43,40,2,19,11,1,13,21,0,44,9,32,31,30,22,42,7,25,36,10,29,34,6,38]",7d9f7b4fb17e0ddb,527858df401139ad,100,0.01,1.0,188300,1.3365808079573294,0.006682904039786647,1.2855886189743526,5.4417000683315564e-05,0.009042416999363923,15876,25.60606854100024,0.09652895799990802,70.98554525000054,0.9999928531189292,1.4293711063761982e-05,1.7068126343162404,0.003780709211468353,1.7298525945008691e-09,1.729853038590079e-09,1.622391526088687,1.2249897827257665,1e-12
success,,C-C_1.50_sto-6g_as-010-008,hamiltonian_generator/comparable_diatomic_library/C-C/1.50/sto-6g/C-C_1.50_sto-6g_as-010-008.tensors.npz,C-C,1.50,sto-6g,10,8,18,1027,1883,fermionic,random_groups,18,4141611203,1027,254144,0.4823830646615457,85,"[15,17,14,15,15,15,12,12,9,14,15,16,12,15,15,14,10,11,17,12,12,11,9,14,12,11,10,9,10,10,15,12,10,8,11,11,9,9,11,9,12,10,9,10,12,9,10,11,11,12,12,11,9,12,10,11,10,11,11,10,10,10,11,11,11,10,15,14,14,9,17,19,7,8,14,16,12,21,16,19,23,17,14,1,7]","[76,16,34,84,62,54,13,9,47,41,36,48,63,82,64,11,12,32,45,65,42,39,33,27,1,49,66,77,60,37,14,52,67,40,29,79,81,10,51,59,28,35,5,56,69,30,3,43,61,6,38,44,58,78,17,50,2,23,72,19,71,55,73,80,0,25,53,15,31,83,68,70,22,57,74,21,75,26,4,46,24,8,7,18,20]",83c9fb99b6c5dc2e,f114f24520d64839,100,0.01,1.0,188300,1.6967786440383672,0.008483893220191836,2.0718673970016455,5.02500006405171e-05,0.00921474999995553,15876,25.60606854100024,0.09652895799990802,69.77732558400021,0.999992498265592,1.5003412540015582e-05,1.706859073370024,0.0038734311425400935,0.0,0.0,1.7029453903713911,1.2899450032918953,1e-12
success,,C-C_1.50_sto-6g_as-010-008,hamiltonian_generator/comparable_diatomic_library/C-C/1.50/sto-6g/C-C_1.50_sto-6g_as-010-008.tensors.npz,C-C,1.50,sto-6g,10,8,18,1027,1883,jw,random_groups,19,2340880662,1883,554688,0.313046481664064,48,"[51,38,34,36,31,27,132,48,54,50,48,42,80,72,60,62,62,62,58,48,30,32,50,22,32,32,32,32,28,38,24,16,25,16,16,16,42,37,52,36,24,34,26,26,18,16,20,16]","[34,41,30,45,17,42,25,33,8,24,5,44,28,3,9,23,21,38,47,31,16,32,1,19,18,37,13,46,14,2,12,11,10,4,29,27,26,20,6,22,43,36,39,0,7,40,15,35]",40cec1a0c2b36594,49b7832d9ea80810,100,0.01,1.0,188300,1.4007002578847525,0.007003501289423762,1.4118936816817342,5.4166000154509675e-05,0.00933783299933566,15876,25.60606854100024,0.09652895799990802,70.47069749999991,0.9999909214608924,1.815699579532648e-05,1.7074081856847403,0.004261112321351692,8.951553942537771e-09,8.951554164582376e-09,2.060889295030466,1.5560783504753246,1e-12
success,,C-C_1.50_sto-6g_as-010-008,hamiltonian_generator/comparable_diatomic_library/C-C/1.50/sto-6g/C-C_1.50_sto-6g_as-010-008.tensors.npz,C-C,1.50,sto-6g,10,8,18,1027,1883,fermionic,random_groups,19,962106099,1027,254144,0.4823830646615457,85,"[15,17,14,15,15,15,12,12,9,14,15,16,12,15,15,14,10,11,17,12,12,11,9,14,12,11,10,9,10,10,15,12,10,8,11,11,9,9,11,9,12,10,9,10,12,9,10,11,11,12,12,11,9,12,10,11,10,11,11,10,10,10,11,11,11,10,15,14,14,9,17,19,7,8,14,16,12,21,16,19,23,17,14,1,7]","[31,72,44,82,3,16,49,46,48,57,47,83,76,17,0,15,67,55,6,19,70,51,84,20,18,53,4,26,34,27,74,61,64,8,69,21,71,36,59,73,35,12,65,13,58,41,29,23,43,37,5,79,56,14,78,2,77,38,62,52,22,42,81,40,1,50,10,66,54,32,11,25,33,60,45,39,30,68,9,7,75,24,28,63,80]",094ca7dc85bd8662,bdc1387dc7dc0e23,100,0.01,1.0,188300,1.0601735120002374,0.005300867560001187,0.8088453185706135,4.520800030149985e-05,0.009327750000011292,15876,25.60606854100024,0.09652895799990802,70.20677150000029,0.9999939970834295,1.2005797106029448e-05,1.7070333687078199,0.003464943454225804,0.0,0.0,1.3627044370684087,1.0322196997619117,1e-12
success,,N-N_1.42_sto-6g_as-006-006,hamiltonian_generator/comparable_diatomic_library/N-N/1.42/sto-6g/N-N_1.42_sto-6g_as-006-006.tensors.npz,N-N,1.42,sto-6g,6,6,12,230,382,baseline,jw_raw,-1,-1,,,,,[],[],4f53cda18c2baa0c,31741aa556122dcd,100,0.01,1.0,38200,0.3584885794169029,0.0017924428970845143,1.0,6.000000212225132e-06,0.0008571250000386499,400,0.23613391699927888,0.0013810000000376021,0.4582764169999791,0.9999980724741937,3.855047897238784e-06,1.7437161540286303,0.0019634285351395235,7.867040352493859e-13,7.865930129469234e-13,1.0,,1e-12
success,,N-N_1.42_sto-6g_as-006-006,hamiltonian_generator/comparable_diatomic_library/N-N/1.42/sto-6g/N-N_1.42_sto-6g_as-006-006.tensors.npz,N-N,1.42,sto-6g,6,6,12,230,382,jw,current,-1,-1,382,27792,0.3819103763861978,19,"[38,26,16,22,16,24,24,24,24,12,12,12,12,28,24,20,16,16,16]","[0,1,2,3,4,5,6,7,8,9,10,11,12,13,14,15,16,17,18]",811d27e44e387d8c,1752723ccc37658b,100,0.01,1.0,38200,0.9091610502671371,0.004545805251335686,6.431777232855649,2.525000036257552e-05,0.00047704099961265456,400,0.23613391699927888,0.0013810000000376021,0.45797112499985815,0.9999913799419586,1.724004177727778e-05,1.7443393596364711,0.004152121877152508,8.204548151979907e-13,8.206768598029157e-13,4.472069410506192,1.0,1e-12
success,,N-N_1.42_sto-6g_as-006-006,hamiltonian_generator/comparable_diatomic_library/N-N/1.42/sto-6g/N-N_1.42_sto-6g_as-006-006.tensors.npz,N-N,1.42,sto-6g,6,6,12,230,382,fermionic,current,-1,-1,230,13212,0.5016897664704766,29,"[10,18,8,18,8,14,6,10,10,10,10,4,4,4,4,6,7,6,6,5,5,7,4,5,4,7,4,13,13]","[0,1,2,3,4,5,6,7,8,9,10,11,12,13,14,15,16,17,18,19,20,21,22,23,24,25,26,27,28]",6160b90e32482012,6c6d3e74d69a943f,100,0.01,1.0,38200,1.448642949846772,0.00724321474923386,16.32946909050365,9.082999895326793e-06,0.0004925419998471625,400,0.23613391699927888,0.0013810000000376021,0.4724004999998215,0.9999840912850693,3.181717677425144e-05,1.7450228689949077,0.005640694093945292,7.889244812986362e-13,7.889244812986362e-13,8.253380404700241,1.0,1e-12
success,,N-N_1.42_sto-6g_as-006-006,hamiltonian_generator/comparable_diatomic_library/N-N/1.42/sto-6g/N-N_1.42_sto-6g_as-006-006.tensors.npz,N-N,1.42,sto-6g,6,6,12,230,382,jw,reverse_groups,-1,-1,382,27792,0.3819103763861978,19,"[38,26,16,22,16,24,24,24,24,12,12,12,12,28,24,20,16,16,16]","[18,17,16,15,14,13,12,11,10,9,8,7,6,5,4,3,2,1,0]",9875f177a562bc13,55f0bb5260a3a513,100,0.01,1.0,38200,0.9091610502671371,0.004545805251335686,6.431777232855649,9.291999958804809e-06,0.0011460839996288996,400,0.23613391699927888,0.0013810000000376021,0.4683587500003341,0.9999913742943782,1.725133684071789e-05,1.743451791882487,0.004153481821741264,7.842615445952106e-13,7.842615445952106e-13,4.474999351648609,1.0006551645051693,1e-12
success,,N-N_1.42_sto-6g_as-006-006,hamiltonian_generator/comparable_diatomic_library/N-N/1.42/sto-6g/N-N_1.42_sto-6g_as-006-006.tensors.npz,N-N,1.42,sto-6g,6,6,12,230,382,fermionic,reverse_groups,-1,-1,230,13212,0.5016897664704766,29,"[10,18,8,18,8,14,6,10,10,10,10,4,4,4,4,6,7,6,6,5,5,7,4,5,4,7,4,13,13]","[28,27,26,25,24,23,22,21,20,19,18,17,16,15,14,13,12,11,10,9,8,7,6,5,4,3,2,1,0]",1083411c6cf4f711,e7ac314a06e7602e,100,0.01,1.0,38200,2.227826957898179,0.011139134789490895,38.61999919396939,9.792000128072686e-06,0.0007765830005155294,400,0.23613391699927888,0.0013810000000376021,0.45970666599987453,0.9999652667160771,6.94653614448093e-05,1.74180276181393,0.008334660631710712,8.104628079763643e-13,8.103517856739018e-13,18.01932512811697,2.1832660370113435,1e-12
success,,N-N_1.42_sto-6g_as-006-006,hamiltonian_generator/comparable_diatomic_library/N-N/1.42/sto-6g/N-N_1.42_sto-6g_as-006-006.tensors.npz,N-N,1.42,sto-6g,6,6,12,230,382,jw,random_groups,0,875189055,382,27792,0.3819103763861978,19,"[38,26,16,22,16,24,24,24,24,12,12,12,12,28,24,20,16,16,16]","[6,13,18,7,5,8,11,3,4,9,10,16,15,0,12,2,14,17,1]",5ac078c02910ccb4,219ccd965c34edcb,100,0.01,1.0,38200,1.5080921934404723,0.007540460967202361,17.697223448468453,7.625000762345735e-06,0.0004202919999443111,400,0.23613391699927888,0.0013810000000376021,0.4957400000002963,0.9999830120837919,3.397554382689183e-05,1.7425182072444967,0.0058288791732335156,7.487344078072056e-13,7.487344078072056e-13,8.81326114034203,1.9707344254624306,1e-12
success,,N-N_1.42_sto-6g_as-006-006,hamiltonian_generator/comparable_diatomic_library/N-N/1.42/sto-6g/N-N_1.42_sto-6g_as-006-006.tensors.npz,N-N,1.42,sto-6g,6,6,12,230,382,fermionic,random_groups,0,2404829148,230,13212,0.5016897664704766,29,"[10,18,8,18,8,14,6,10,10,10,10,4,4,4,4,6,7,6,6,5,5,7,4,5,4,7,4,13,13]","[19,1,15,14,10,12,0,3,7,2,9,16,5,23,18,6,28,4,24,20,26,22,25,17,13,21,27,11,8]",e43c74041ac0e04d,30130d96ca171774,100,0.01,1.0,38200,1.0976355102269553,0.005488177551134776,9.374878504115477,1.0290999853168614e-05,0.0007866659998398973,400,0.23613391699927888,0.0013810000000376021,0.457524999999805,0.9999904922194771,1.901547064786513e-05,1.7444453658062509,0.004360683552583988,7.724931805341839e-13,7.724931805341839e-13,4.932615924560924,0.5976479554670514,1e-12
success,,N-N_1.42_sto-6g_as-006-006,hamiltonian_generator/comparable_diatomic_library/N-N/1.42/sto-6g/N-N_1.42_sto-6g_as-006-006.tensors.npz,N-N,1.42,sto-6g,6,6,12,230,382,jw,random_groups,1,2686563299,382,27792,0.3819103763861978,19,"[38,26,16,22,16,24,24,24,24,12,12,12,12,28,24,20,16,16,16]","[12,13,1,18,16,9,7,10,5,17,11,15,4,8,0,6,3,2,14]",8a4dbe540729466a,44bd6d8e57266219,100,0.01,1.0,38200,1.066734272775941,0.005333671363879705,8.854455261879684,1.0125000699190423e-05,0.00039804199968784815,400,0.23613391699927888,0.0013810000000376021,0.47094791699964844,0.9999889889224959,2.2022033764446114e-05,1.743854108005574,0.004692776897343288,7.502887200416808e-13,7.502887200416808e-13,5.712518845802049,1.2773770533126523,1e-12
success,,N-N_1.42_sto-6g_as-006-006,hamiltonian_generator/comparable_diatomic_library/N-N/1.42/sto-6g/N-N_1.42_sto-6g_as-006-006.tensors.npz,N-N,1.42,sto-6g,6,6,12,230,382,fermionic,random_groups,1,2130121150,230,13212,0.5016897664704766,29,"[10,18,8,18,8,14,6,10,10,10,10,4,4,4,4,6,7,6,6,5,5,7,4,5,4,7,4,13,13]","[0,5,11,7,15,18,25,19,8,20,26,2,9,22,13,1,3,21,17,28,6,14,24,4,27,16,10,23,12]",8f79bcd2e433dccc,fcda45af16b56ded,100,0.01,1.0,38200,0.5234306619043361,0.0026171533095216805,2.1319041237162213,1.049999991664663e-05,0.0007558749994132086,400,0.23613391699927888,0.0013810000000376021,0.4592916250003327,0.9999970812552593,5.837480962278541e-06,1.7437412596770128,0.002416089708879386,7.657208200839705e-13,7.65831842386433e-13,1.5142434329959154,0.18346948265386687,1e-12
success,,N-N_1.42_sto-6g_as-006-006,hamiltonian_generator/comparable_diatomic_library/N-N/1.42/sto-6g/N-N_1.42_sto-6g_as-006-006.tensors.npz,N-N,1.42,sto-6g,6,6,12,230,382,jw,random_groups,2,1285269528,382,27792,0.3819103763861978,19,"[38,26,16,22,16,24,24,24,24,12,12,12,12,28,24,20,16,16,16]","[14,0,6,16,11,15,7,3,17,18,13,1,4,8,12,5,9,2,10]",b7662022331a94c1,893247a760e91a3d,100,0.01,1.0,38200,0.7382107447902136,0.003691053723951068,4.2404317244065215,9.792000128072686e-06,0.0006960840000829194,400,0.23613391699927888,0.0013810000000376021,0.4980265420008436,0.9999945671274926,1.086571549879789e-05,1.743976352174875,0.0032963229536643033,7.708278459972462e-13,7.708278459972462e-13,2.818568222350899,0.630260392589002,1e-12
success,,N-N_1.42_sto-6g_as-006-006,hamiltonian_generator/comparable_diatomic_library/N-N/1.42/sto-6g/N-N_1.42_sto-6g_as-006-006.tensors.npz,N-N,1.42,sto-6g,6,6,12,230,382,fermionic,random_groups,2,2543415329,230,13212,0.5016897664704766,29,"[10,18,8,18,8,14,6,10,10,10,10,4,4,4,4,6,7,6,6,5,5,7,4,5,4,7,4,13,13]","[28,17,5,22,16,3,21,9,6,27,12,2,18,13,26,4,11,20,23,14,24,7,15,0,10,1,25,19,8]",42e6623650f7cd4c,9af8cee5110bb8ae,100,0.01,1.0,38200,0.8268522974900008,0.004134261487450004,5.319921520646995,7.958999958646018e-06,0.0005197079999561538,400,0.23613391699927888,0.0013810000000376021,0.45843295800023043,0.9999941009169886,1.1798131223650365e-05,1.7432118186715315,0.003434845851390411,7.928102618848243e-13,7.926992395823618e-13,3.060437000562534,0.37081012270071023,1e-12
success,,N-N_1.42_sto-6g_as-006-006,hamiltonian_generator/comparable_diatomic_library/N-N/1.42/sto-6g/N-N_1.42_sto-6g_as-006-006.tensors.npz,N-N,1.42,sto-6g,6,6,12,230,382,jw,random_groups,3,2927273521,382,27792,0.3819103763861978,19,"[38,26,16,22,16,24,24,24,24,12,12,12,12,28,24,20,16,16,16]","[4,14,13,18,15,10,7,11,17,8,16,2,3,6,1,0,5,9,12]",979af0b3b8105f67,be336752c755bf2e,100,0.01,1.0,38200,0.5055152843569279,0.00252757642178464,1.9884649165383517,8.25000006443588e-06,0.0004344159997344832,400,0.23613391699927888,0.0013810000000376021,0.4585411669995665,0.9999971239763675,5.752038993445119e-06,1.7439917466281774,0.0023983426079148325,8.003597784522753e-13,8.002487561498128e-13,1.4920797735263092,0.33364414470423465,1e-12
success,,N-N_1.42_sto-6g_as-006-006,hamiltonian_generator/comparable_diatomic_library/N-N/1.42/sto-6g/N-N_1.42_sto-6g_as-006-006.tensors.npz,N-N,1.42,sto-6g,6,6,12,230,382,fermionic,random_groups,3,623401407,230,13212,0.5016897664704766,29,"[10,18,8,18,8,14,6,10,10,10,10,4,4,4,4,6,7,6,6,5,5,7,4,5,4,7,4,13,13]","[23,18,8,4,17,10,13,6,26,16,19,0,3,9,22,11,2,20,12,25,14,24,5,21,28,15,27,7,1]",0f14f9f6af54c518,162c13eeba7e1614,100,0.01,1.0,38200,1.021837902513872,0.0051091895125693594,8.12481285113012,9.500000487605575e-06,0.00038837499960209243,400,0.23613391699927888,0.0013810000000376021,0.4587301250003293,0.99999127703593,1.7445852049768895e-05,1.7430214283625691,0.004176832309286918,7.709388682997087e-13,7.709388682997087e-13,4.525456625912394,0.5483155269730666,1e-12
success,,N-N_1.42_sto-6g_as-006-006,hamiltonian_generator/comparable_diatomic_library/N-N/1.42/sto-6g/N-N_1.42_sto-6g_as-006-006.tensors.npz,N-N,1.42,sto-6g,6,6,12,230,382,jw,random_groups,4,1771982391,382,27792,0.3819103763861978,19,"[38,26,16,22,16,24,24,24,24,12,12,12,12,28,24,20,16,16,16]","[14,10,0,6,16,9,1,15,11,12,4,7,3,2,5,8,13,18,17]",b6767eded653ff18,f381685fc72f4e9f,100,0.01,1.0,38200,0.38111564124737496,0.0019055782062368748,1.1302197613731741,8.625000191386789e-06,0.0004347499998402782,400,0.23613391699927888,0.0013810000000376021,0.458310832999814,0.9999985392542493,2.921489367646579e-06,1.7440410365017356,0.0017092371109311342,7.87148124459236e-13,7.870371021567735e-13,0.7578347780682894,0.16945952947150486,1e-12
success,,N-N_1.42_sto-6g_as-006-006,hamiltonian_generator/comparable_diatomic_library/N-N/1.42/sto-6g/N-N_1.42_sto-6g_as-006-006.tensors.npz,N-N,1.42,sto-6g,6,6,12,230,382,fermionic,random_groups,4,2160449059,230,13212,0.5016897664704766,29,"[10,18,8,18,8,14,6,10,10,10,10,4,4,4,4,6,7,6,6,5,5,7,4,5,4,7,4,13,13]","[24,23,12,17,20,8,19,16,4,2,7,14,25,6,22,11,1,26,28,9,27,3,0,5,21,18,10,13,15]",f2e56ec35eec7614,5fc560c80f609fbd,100,0.01,1.0,38200,1.179609077288766,0.005898045386443829,10.82743443166878,7.541000741184689e-06,0.0009670409999671392,400,0.23613391699927888,0.0013810000000376021,0.4896443329998874,0.99998909731388,2.180525337147632e-05,1.742986427384085,0.004669622280234019,8.060219158778636e-13,8.059108935754011e-13,5.65628597950613,0.6853296106750291,1e-12
success,,N-N_1.42_sto-6g_as-006-006,hamiltonian_generator/comparable_diatomic_library/N-N/1.42/sto-6g/N-N_1.42_sto-6g_as-006-006.tensors.npz,N-N,1.42,sto-6g,6,6,12,230,382,jw,random_groups,5,1551410299,382,27792,0.3819103763861978,19,"[38,26,16,22,16,24,24,24,24,12,12,12,12,28,24,20,16,16,16]","[4,15,0,8,14,16,7,17,2,13,11,1,10,9,12,5,6,18,3]",3f10de6e8aba96fe,602e076a8a048d8a,100,0.01,1.0,38200,1.120638951929576,0.005603194759647881,9.771939702293418,7.916999493318144e-06,0.00036745800025528297,400,0.23613391699927888,0.0013810000000376021,0.45938441599992075,0.9999904041418399,1.9191624239689453e-05,1.744247081409375,0.0043808351167492965,7.858158568296858e-13,7.858158568296858e-13,4.978310192575206,1.1132005645707796,1e-12
success,,N-N_1.42_sto-6g_as-006-006,hamiltonian_generator/comparable_diatomic_library/N-N/1.42/sto-6g/N-N_1.42_sto-6g_as-006-006.tensors.npz,N-N,1.42,sto-6g,6,6,12,230,382,fermionic,random_groups,5,3073906834,230,13212,0.5016897664704766,29,"[10,18,8,18,8,14,6,10,10,10,10,4,4,4,4,6,7,6,6,5,5,7,4,5,4,7,4,13,13]","[15,0,2,12,16,28,7,3,13,11,1,23,21,17,10,24,27,4,20,26,18,14,5,25,8,19,6,9,22]",8fd1740e25b7b70c,06c167abb3bddf7e,100,0.01,1.0,38200,0.6055797767502631,0.0030278988837513154,2.853593307394177,7.95900086814072e-06,0.0005010000004403992,400,0.23613391699927888,0.0013810000000376021,0.4908777499995267,0.999995976815632,8.04635254991748e-06,1.7438825888242435,0.0028366121934395574,7.411848912397545e-13,7.41073868937292e-13,2.0872250525553158,0.2528933540209362,1e-12
success,,N-N_1.42_sto-6g_as-006-006,hamiltonian_generator/comparable_diatomic_library/N-N/1.42/sto-6g/N-N_1.42_sto-6g_as-006-006.tensors.npz,N-N,1.42,sto-6g,6,6,12,230,382,jw,random_groups,6,2141513781,382,27792,0.3819103763861978,19,"[38,26,16,22,16,24,24,24,24,12,12,12,12,28,24,20,16,16,16]","[17,12,0,14,6,15,13,18,8,11,1,10,3,7,9,16,4,5,2]",16c1dbd90b101a3a,cd8dd1c9b5985511,100,0.01,1.0,38200,0.9912511664848579,0.00495625583242429,7.645691553405872,9.082999895326793e-06,0.000683666999975685,400,0.23613391699927888,0.0013810000000376021,0.45907612500013784,0.9999895216874402,2.095651532463272e-05,1.7441893927997452,0.004577840661239166,8.05022715155701e-13,8.05022715155701e-13,5.436123203460852,1.2155721891726048,1e-12
success,,N-N_1.42_sto-6g_as-006-006,hamiltonian_generator/comparable_diatomic_library/N-N/1.42/sto-6g/N-N_1.42_sto-6g_as-006-006.tensors.npz,N-N,1.42,sto-6g,6,6,12,230,382,fermionic,random_groups,6,2818947403,230,13212,0.5016897664704766,29,"[10,18,8,18,8,14,6,10,10,10,10,4,4,4,4,6,7,6,6,5,5,7,4,5,4,7,4,13,13]","[27,9,5,2,7,15,18,11,0,4,3,28,14,10,22,8,12,6,25,19,21,16,20,17,1,24,23,26,13]",f558721007e62036,ba81995325a66a9c,100,0.01,1.0,38200,0.6883981219615628,0.003441990609807814,3.6874717717439935,9.209000381815713e-06,0.0006933750000825967,400,0.23613391699927888,0.0013810000000376021,0.5018005840001933,0.9999958076701706,8.38464208319234e-06,1.743293551901991,0.0028956276795886545,8.008038676621254e-13,8.008038676621254e-13,2.1749774079844566,0.2635256466242393,1e-12
success,,N-N_1.42_sto-6g_as-006-006,hamiltonian_generator/comparable_diatomic_library/N-N/1.42/sto-6g/N-N_1.42_sto-6g_as-006-006.tensors.npz,N-N,1.42,sto-6g,6,6,12,230,382,jw,random_groups,7,1569605635,382,27792,0.3819103763861978,19,"[38,26,16,22,16,24,24,24,24,12,12,12,12,28,24,20,16,16,16]","[11,14,3,0,8,4,1,6,7,17,2,18,9,13,15,16,5,12,10]",1bb1aa1212c3b20c,024b781cf9ef99bf,100,0.01,1.0,38200,0.4832130700590541,0.0024160653502952704,1.8168818899591515,8.333000550919678e-06,0.000783083999522205,400,0.23613391699927888,0.0013810000000376021,0.47560962500028836,0.9999972007616678,5.598468828749148e-06,1.7442069744658861,0.002366110027974441,7.989164885202626e-13,7.988054662178001e-13,1.4522436498802276,0.32473638411525657,1e-12
success,,N-N_1.42_sto-6g_as-006-006,hamiltonian_generator/comparable_diatomic_library/N-N/1.42/sto-6g/N-N_1.42_sto-6g_as-006-006.tensors.npz,N-N,1.42,sto-6g,6,6,12,230,382,fermionic,random_groups,7,2854921744,230,13212,0.5016897664704766,29,"[10,18,8,18,8,14,6,10,10,10,10,4,4,4,4,6,7,6,6,5,5,7,4,5,4,7,4,13,13]","[0,17,12,22,2,24,11,15,8,19,6,18,20,13,7,9,25,3,27,1,14,4,21,23,16,5,28,26,10]",306676975aa3fac1,1b86fd0f59e7f23f,100,0.01,1.0,38200,1.066191768735378,0.00533095884367689,8.845451414506213,1.0042000212706625e-05,0.0011203749991182121,400,0.23613391699927888,0.0013810000000376021,0.45977962500001013,0.9999891055744717,2.1788732368022146e-05,1.7431774788748073,0.0046678529386138135,8.114620086985269e-13,8.114620086985269e-13,5.65200042874397,0.684810362736364,1e-12
success,,N-N_1.42_sto-6g_as-006-006,hamiltonian_generator/comparable_diatomic_library/N-N/1.42/sto-6g/N-N_1.42_sto-6g_as-006-006.tensors.npz,N-N,1.42,sto-6g,6,6,12,230,382,jw,random_groups,8,1478442885,382,27792,0.3819103763861978,19,"[38,26,16,22,16,24,24,24,24,12,12,12,12,28,24,20,16,16,16]","[10,3,13,15,14,0,11,9,1,5,16,7,18,17,12,8,6,4,2]",9f397e0321da6e0d,b2c97571daa5b8cc,100,0.01,1.0,38200,0.9494542515065916,0.004747271257532958,7.014511600323584,7.624999852851033e-06,0.0004333750002842862,400,0.23613391699927888,0.0013810000000376021,0.45841829199980566,0.9999926678740038,1.4664198232372527e-05,1.7443089123140136,0.003829393162431876,7.923661726749742e-13,7.922551503725117e-13,3.803895210452743,0.8505894835881319,1e-12
success,,N-N_1.42_sto-6g_as-006-006,hamiltonian_generator/comparable_diatomic_library/N-N/1.42/sto-6g/N-N_1.42_sto-6g_as-006-006.tensors.npz,N-N,1.42,sto-6g,6,6,12,230,382,fermionic,random_groups,8,3915056856,230,13212,0.5016897664704766,29,"[10,18,8,18,8,14,6,10,10,10,10,4,4,4,4,6,7,6,6,5,5,7,4,5,4,7,4,13,13]","[15,7,19,12,13,6,24,1,17,14,18,20,23,0,25,9,5,21,16,26,10,27,11,22,4,28,3,8,2]",e51ba1c33eb79d14,a3584a1967691ccd,100,0.01,1.0,38200,0.6977341994000816,0.003488670997000408,3.788169224878184,1.0000000656873453e-05,0.0004192500000499422,400,0.23613391699927888,0.0013810000000376021,0.45855987499999173,0.9999958001452096,8.399691941995968e-06,1.7434852265765708,0.0028982252467286414,8.189005029635155e-13,8.189005029635155e-13,2.178881343604662,0.26399865712766674,1e-12
success,,N-N_1.42_sto-6g_as-006-006,hamiltonian_generator/comparable_diatomic_library/N-N/1.42/sto-6g/N-N_1.42_sto-6g_as-006-006.tensors.npz,N-N,1.42,sto-6g,6,6,12,230,382,jw,random_groups,9,1176196188,382,27792,0.3819103763861978,19,"[38,26,16,22,16,24,24,24,24,12,12,12,12,28,24,20,16,16,16]","[11,12,6,17,13,4,7,9,5,0,2,14,15,8,10,1,18,16,3]",bcff692fe5fd76e1,b5b5243de1846c1c,100,0.01,1.0,38200,1.3434098621584483,0.006717049310792241,14.043210802489249,7.375000677711796e-06,0.0007912500004749745,400,0.23613391699927888,0.0013810000000376021,0.4708650829998078,0.9999848405543396,3.031866151204099e-05,1.743114878554875,0.005506259285656608,7.751577157932843e-13,7.749356711883593e-13,7.8646653219943214,1.7586187959243063,1e-12
success,,N-N_1.42_sto-6g_as-006-006,hamiltonian_generator/comparable_diatomic_library/N-N/1.42/sto-6g/N-N_1.42_sto-6g_as-006-006.tensors.npz,N-N,1.42,sto-6g,6,6,12,230,382,fermionic,random_groups,9,3753125171,230,13212,0.5016897664704766,29,"[10,18,8,18,8,14,6,10,10,10,10,4,4,4,4,6,7,6,6,5,5,7,4,5,4,7,4,13,13]","[13,3,7,25,23,6,11,17,28,27,8,24,4,22,15,18,9,26,12,19,20,16,1,21,14,0,5,2,10]",31c7df993dc7975d,d3c70d7cd593f430,100,0.01,1.0,38200,0.8771511075785425,0.004385755537892713,5.986847323264474,3.0125000193947926e-05,0.0009836670005825,400,0.23613391699927888,0.0013810000000376021,0.46770250000008673,0.9999934698091207,1.3060339115078534e-05,1.7442240169419996,0.0036139150181655993,7.795986078917849e-13,7.794875855893224e-13,3.387853916013114,0.41048076665456446,1e-12
success,,N-N_1.42_sto-6g_as-006-006,hamiltonian_generator/comparable_diatomic_library/N-N/1.42/sto-6g/N-N_1.42_sto-6g_as-006-006.tensors.npz,N-N,1.42,sto-6g,6,6,12,230,382,jw,random_groups,10,3622898362,382,27792,0.3819103763861978,19,"[38,26,16,22,16,24,24,24,24,12,12,12,12,28,24,20,16,16,16]","[11,13,14,17,9,0,18,12,1,16,5,7,10,3,8,2,4,15,6]",f091d0d1f5dd2642,a89e3fdaaeeb716d,100,0.01,1.0,38200,0.7323052782466648,0.003661526391233324,4.172858705006555,9.874999705061782e-06,0.0007895419994383701,400,0.23613391699927888,0.0013810000000376021,0.4506854580004074,0.9999954142162413,9.171546488051519e-06,1.7445363493400246,0.0030284595948191157,8.104628079763643e-13,8.105738302788268e-13,2.3791005280688546,0.5319909665265158,1e-12
success,,N-N_1.42_sto-6g_as-006-006,hamiltonian_generator/comparable_diatomic_library/N-N/1.42/sto-6g/N-N_1.42_sto-6g_as-006-006.tensors.npz,N-N,1.42,sto-6g,6,6,12,230,382,fermionic,random_groups,10,2816548403,230,13212,0.5016897664704766,29,"[10,18,8,18,8,14,6,10,10,10,10,4,4,4,4,6,7,6,6,5,5,7,4,5,4,7,4,13,13]","[10,16,13,15,6,5,3,1,27,11,7,20,25,2,9,23,4,8,21,26,17,19,22,28,18,24,14,12,0]",c740e5e83137696a,3e357d632ec8f7fa,100,0.01,1.0,38200,1.1392666769564566,0.005696333384782283,10.099506196780789,7.70800033933483e-06,0.0007508749995395192,400,0.23613391699927888,0.0013810000000376021,0.4907512500003577,0.9999870350803609,2.5929671189084402e-05,1.7439507920631736,0.0050921350412359056,8.005818230572004e-13,8.002487561498128e-13,6.726160577059701,0.8149582652496183,1e-12
success,,N-N_1.42_sto-6g_as-006-006,hamiltonian_generator/comparable_diatomic_library/N-N/1.42/sto-6g/N-N_1.42_sto-6g_as-006-006.tensors.npz,N-N,1.42,sto-6g,6,6,12,230,382,jw,random_groups,11,1488389184,382,27792,0.3819103763861978,19,"[38,26,16,22,16,24,24,24,24,12,12,12,12,28,24,20,16,16,16]","[1,3,10,16,15,5,6,12,7,4,11,13,14,2,17,8,0,18,9]",a07c5cb5a34d59aa,6edf313771f848a3,100,0.01,1.0,38200,0.8634013511716949,0.004317006755858475,5.800625115139161,8.207999599108007e-06,0.0007468750000043656,400,0.23613391699927888,0.0013810000000376021,0.48877120799988916,0.9999897434208229,2.0513053156756555e-05,1.7434604657303392,0.004529145433099151,7.761569165154469e-13,7.761569165154469e-13,5.321089050916652,1.1898493879401484,1e-12
success,,N-N_1.42_sto-6g_as-006-006,hamiltonian_generator/comparable_diatomic_library/N-N/1.42/sto-6g/N-N_1.42_sto-6g_as-006-006.tensors.npz,N-N,1.42,sto-6g,6,6,12,230,382,fermionic,random_groups,11,605268781,230,13212,0.5016897664704766,29,"[10,18,8,18,8,14,6,10,10,10,10,4,4,4,4,6,7,6,6,5,5,7,4,5,4,7,4,13,13]","[4,22,28,16,1,26,3,17,5,20,0,6,24,18,2,13,9,27,10,11,25,15,19,7,12,8,23,14,21]",c989a2edbfce68a8,e76902a5c097e9b3,100,0.01,1.0,38200,1.1260850962309894,0.005630425481154947,9.86715094394303,7.665999874006957e-06,0.0003641660005087033,400,0.23613391699927888,0.0013810000000376021,0.4710737920004249,0.9999915528603927,1.6894207860551624e-05,1.7446264104622065,0.004110265102727127,7.714939798120213e-13,7.714939798120213e-13,4.382360040883609,0.53097759051405,1e-12
success,,N-N_1.42_sto-6g_as-006-006,hamiltonian_generator/comparable_diatomic_library/N-N/1.42/sto-6g/N-N_1.42_sto-6g_as-006-006.tensors.npz,N-N,1.42,sto-6g,6,6,12,230,382,jw,random_groups,12,3167853451,382,27792,0.3819103763861978,19,"[38,26,16,22,16,24,24,24,24,12,12,12,12,28,24,20,16,16,16]","[7,12,2,0,8,4,18,9,17,5,10,13,14,16,3,6,1,15,11]",399d7b739ae10807,98d35bc34a7ab6c2,100,0.01,1.0,38200,0.6199262511301397,0.0030996312556506984,2.990400833483239,9.166999916487839e-06,0.0004178339995632996,400,0.23613391699927888,0.0013810000000376021,0.4586673339999834,0.9999958449800395,8.310022656887739e-06,1.743648962868208,0.0028827139853058294,7.951417302365371e-13,7.950307079340746e-13,2.1556211176623448,0.4820187076251911,1e-12
success,,N-N_1.42_sto-6g_as-006-006,hamiltonian_generator/comparable_diatomic_library/N-N/1.42/sto-6g/N-N_1.42_sto-6g_as-006-006.tensors.npz,N-N,1.42,sto-6g,6,6,12,230,382,fermionic,random_groups,12,2683165452,230,13212,0.5016897664704766,29,"[10,18,8,18,8,14,6,10,10,10,10,4,4,4,4,6,7,6,6,5,5,7,4,5,4,7,4,13,13]","[2,10,27,8,13,24,20,12,26,5,11,18,17,22,7,28,1,6,4,21,23,14,9,3,16,25,15,19,0]",105d52b3979a8f67,8d6e9b801eda0dd1,100,0.01,1.0,38200,0.8677832436065736,0.004338916218032868,5.85965262221835,7.999999979801942e-06,0.0004097090004506754,400,0.23613391699927888,0.0013810000000376021,0.49367241700019804,0.9999935068269654,1.2986303907891461e-05,1.743182944780054,0.003603657318498241,7.992495554276502e-13,7.992495554276502e-13,3.3686491722172973,0.40815387235742534,1e-12
success,,N-N_1.42_sto-6g_as-006-006,hamiltonian_generator/comparable_diatomic_library/N-N/1.42/sto-6g/N-N_1.42_sto-6g_as-006-006.tensors.npz,N-N,1.42,sto-6g,6,6,12,230,382,jw,random_groups,13,2054938735,382,27792,0.3819103763861978,19,"[38,26,16,22,16,24,24,24,24,12,12,12,12,28,24,20,16,16,16]","[8,7,18,2,6,11,0,1,13,5,16,17,15,10,4,9,14,3,12]",1494f53d034d8125,9e993805cbb64518,100,0.01,1.0,38200,0.5343651711343402,0.002671825855671701,2.221905779241752,8.457999683741946e-06,0.0003695409995998489,400,0.23613391699927888,0.0013810000000376021,0.4587329590003719,0.9999974690169353,5.061959723495768e-06,1.743649927382886,0.0022498813589546447,8.009148899645879e-13,8.01136934569513e-13,1.3130731078909414,0.2936164418213525,1e-12
success,,N-N_1.42_sto-6g_as-006-006,hamiltonian_generator/comparable_diatomic_library/N-N/1.42/sto-6g/N-N_1.42_sto-6g_as-006-006.tensors.npz,N-N,1.42,sto-6g,6,6,12,230,382,fermionic,random_groups,13,4265844992,230,13212,0.5016897664704766,29,"[10,18,8,18,8,14,6,10,10,10,10,4,4,4,4,6,7,6,6,5,5,7,4,5,4,7,4,13,13]","[18,15,25,11,22,28,4,6,7,0,20,1,26,9,24,19,5,3,12,17,2,13,10,14,23,8,16,21,27]",6c5ecaa052ae7cef,6a0e8523ea179085,100,0.01,1.0,38200,0.8796939476910209,0.004398469738455105,6.0216090919245815,1.0375000783824362e-05,0.0003679169994939002,400,0.23613391699927888,0.0013810000000376021,0.4561263750001672,0.9999921870898485,1.562575926139509e-05,1.743361329646563,0.00395295083488415,7.842615445952106e-13,7.843725668976731e-13,4.053324284916718,0.4911108038360111,1e-12
success,,N-N_1.42_sto-6g_as-006-006,hamiltonian_generator/comparable_diatomic_library/N-N/1.42/sto-6g/N-N_1.42_sto-6g_as-006-006.tensors.npz,N-N,1.42,sto-6g,6,6,12,230,382,jw,random_groups,14,4085885249,382,27792,0.3819103763861978,19,"[38,26,16,22,16,24,24,24,24,12,12,12,12,28,24,20,16,16,16]","[18,11,10,7,2,0,15,16,6,8,17,13,4,5,1,3,9,12,14]",a0e3e7e698353934,152f586ecec8213a,100,0.01,1.0,38200,1.0786247678645668,0.005393123839322834,9.052950125585426,8.583000635553617e-06,0.0008995839998533484,400,0.23613391699927888,0.0013810000000376021,0.4925331249996816,0.9999904770966963,1.904571592170612e-05,1.7430639357227713,0.004364150158666325,7.508438315539934e-13,7.509548538564559e-13,4.940461553110093,1.1047372255679913,1e-12
success,,N-N_1.42_sto-6g_as-006-006,hamiltonian_generator/comparable_diatomic_library/N-N/1.42/sto-6g/N-N_1.42_sto-6g_as-006-006.tensors.npz,N-N,1.42,sto-6g,6,6,12,230,382,fermionic,random_groups,14,1972977524,230,13212,0.5016897664704766,29,"[10,18,8,18,8,14,6,10,10,10,10,4,4,4,4,6,7,6,6,5,5,7,4,5,4,7,4,13,13]","[1,26,20,0,12,25,21,5,28,11,27,13,14,3,19,2,6,24,9,16,10,17,4,7,23,22,15,8,18]",cc0c5466146b0518,92ada9ce8f45029d,100,0.01,1.0,38200,0.9571674220651948,0.004785837110325974,7.128943421861726,7.958999958646018e-06,0.0004092499993930687,400,0.23613391699927888,0.0013810000000376021,0.48915437499999825,0.9999928509350035,1.4298078883978604e-05,1.7443934609388243,0.0037812868170895926,7.961409309586998e-13,7.963629755636248e-13,3.708923796827465,0.4493823881806368,1e-12
success,,N-N_1.42_sto-6g_as-006-006,hamiltonian_generator/comparable_diatomic_library/N-N/1.42/sto-6g/N-N_1.42_sto-6g_as-006-006.tensors.npz,N-N,1.42,sto-6g,6,6,12,230,382,jw,random_groups,15,2862677085,382,27792,0.3819103763861978,19,"[38,26,16,22,16,24,24,24,24,12,12,12,12,28,24,20,16,16,16]","[17,1,4,10,8,13,15,2,18,12,9,0,7,3,11,5,6,16,14]",283a00efbb3ece95,4d2d27b1e2b1f0bf,100,0.01,1.0,38200,1.3703465217448931,0.006851732608724466,14.612016511525168,1.2500000593718141e-05,0.0007900000000518048,400,0.23613391699927888,0.0013810000000376021,0.4584860420000041,0.9999824168048601,3.5166081110982184e-05,1.7444841272632412,0.005930125654636995,7.973621762857874e-13,7.971401316808624e-13,9.122086689550663,2.039790945131627,1e-12
success,,N-N_1.42_sto-6g_as-006-006,hamiltonian_generator/comparable_diatomic_library/N-N/1.42/sto-6g/N-N_1.42_sto-6g_as-006-006.tensors.npz,N-N,1.42,sto-6g,6,6,12,230,382,fermionic,random_groups,15,449764996,230,13212,0.5016897664704766,29,"[10,18,8,18,8,14,6,10,10,10,10,4,4,4,4,6,7,6,6,5,5,7,4,5,4,7,4,13,13]","[23,9,11,28,17,25,18,10,2,8,7,1,16,27,19,13,0,4,12,3,15,20,6,5,24,26,22,21,14]",327ba83a4ee04539,c06c764377412993,100,0.01,1.0,38200,1.1579612335546463,0.005789806167773232,10.433677077901168,2.8667000151472166e-05,0.0009178750005958136,400,0.23613391699927888,0.0013810000000376021,0.49045487500006857,0.9999888472414274,2.230539276104615e-05,1.7429850011643622,0.004722871705340381,8.154588115871775e-13,8.154588115871775e-13,5.786022211818071,0.7010487737270625,1e-12
success,,N-N_1.42_sto-6g_as-006-006,hamiltonian_generator/comparable_diatomic_library/N-N/1.42/sto-6g/N-N_1.42_sto-6g_as-006-006.tensors.npz,N-N,1.42,sto-6g,6,6,12,230,382,jw,random_groups,16,2525356022,382,27792,0.3819103763861978,19,"[38,26,16,22,16,24,24,24,24,12,12,12,12,28,24,20,16,16,16]","[9,15,10,18,17,5,6,7,3,2,8,1,12,13,16,4,14,0,11]",ebe1d56a353db8b6,be09bd60edc17b1b,100,0.01,1.0,38200,1.8430482486772994,0.009215241243386497,26.431557803035904,8.332999641424976e-06,0.0007777079999868874,400,0.23613391699927888,0.0013810000000376021,0.46012429100028385,0.9999705062310513,5.8986668014959776e-05,1.7426448021650283,0.007680334491241128,7.983613770079501e-13,7.985834216128751e-13,15.301150488223392,3.4214921736850816,1e-12
success,,N-N_1.42_sto-6g_as-006-006,hamiltonian_generator/comparable_diatomic_library/N-N/1.42/sto-6g/N-N_1.42_sto-6g_as-006-006.tensors.npz,N-N,1.42,sto-6g,6,6,12,230,382,fermionic,random_groups,16,4221607828,230,13212,0.5016897664704766,29,"[10,18,8,18,8,14,6,10,10,10,10,4,4,4,4,6,7,6,6,5,5,7,4,5,4,7,4,13,13]","[6,15,17,18,9,4,5,23,28,3,1,12,13,21,0,7,26,8,10,11,14,27,24,20,2,25,19,16,22]",3a95f72944482666,19bdcc603ba49952,100,0.01,1.0,38200,0.6315529548769193,0.0031577647743845968,3.103622513628393,8.667000656714663e-06,0.0010025829997175606,400,0.23613391699927888,0.0013810000000376021,0.4520604999997886,0.9999961227944183,7.754396130654762e-06,1.7438703640368787,0.002784674337046898,7.868150575518484e-13,7.868150575518484e-13,2.011491513817228,0.24371729099893394,1e-12
success,,N-N_1.42_sto-6g_as-006-006,hamiltonian_generator/comparable_diatomic_library/N-N/1.42/sto-6g/N-N_1.42_sto-6g_as-006-006.tensors.npz,N-N,1.42,sto-6g,6,6,12,230,382,jw,random_groups,17,4003130920,382,27792,0.3819103763861978,19,"[38,26,16,22,16,24,24,24,24,12,12,12,12,28,24,20,16,16,16]","[11,10,16,1,3,6,15,4,13,9,0,17,14,12,5,18,2,7,8]",3ad7ee156c4db9d7,fa41ab0d0677392c,100,0.01,1.0,38200,1.0775643790567317,0.005387821895283659,9.035159085359966,8.999999408842996e-06,0.0007070840001688339,400,0.23613391699927888,0.0013810000000376021,0.45597162499961996,0.9999902835469034,1.9432811783626214e-05,1.7444193023889158,0.004408277009570343,7.635003740347202e-13,7.635003740347202e-13,5.040874277475297,1.1271905274173109,1e-12
success,,N-N_1.42_sto-6g_as-006-006,hamiltonian_generator/comparable_diatomic_library/N-N/1.42/sto-6g/N-N_1.42_sto-6g_as-006-006.tensors.npz,N-N,1.42,sto-6g,6,6,12,230,382,fermionic,random_groups,17,202007895,230,13212,0.5016897664704766,29,"[10,18,8,18,8,14,6,10,10,10,10,4,4,4,4,6,7,6,6,5,5,7,4,5,4,7,4,13,13]","[1,20,14,19,26,8,28,23,15,25,5,0,17,24,13,2,11,27,6,3,10,12,9,21,7,16,22,18,4]",4b11745b14ee66a8,d5e98096059eaa14,100,0.01,1.0,38200,0.5808091677531644,0.002904045838765822,2.624921236001967,7.999999979801942e-06,0.0003685000001496519,400,0.23613391699927888,0.0013810000000376021,0.45944395900005475,0.9999961330560934,7.733872860016255e-06,1.743795411020697,0.0027809868416224315,7.995826223350377e-13,7.998046669399628e-13,2.00616777435002,0.24307225354686451,1e-12
success,,N-N_1.42_sto-6g_as-006-006,hamiltonian_generator/comparable_diatomic_library/N-N/1.42/sto-6g/N-N_1.42_sto-6g_as-006-006.tensors.npz,N-N,1.42,sto-6g,6,6,12,230,382,jw,random_groups,18,4557570,382,27792,0.3819103763861978,19,"[38,26,16,22,16,24,24,24,24,12,12,12,12,28,24,20,16,16,16]","[5,12,17,2,6,1,11,9,0,3,16,18,8,14,10,7,15,4,13]",bfc981d9976d1697,caa97d2436046b6c,100,0.01,1.0,38200,0.5090980822260995,0.0025454904111304978,2.0167509621535253,7.45899978937814e-06,0.0007454160004272126,400,0.23613391699927888,0.0013810000000376021,0.4599386250001771,0.9999973294373202,5.34111822769745e-06,1.7441989292699618,0.0023110874841831748,7.55284723652494e-13,7.551737013500315e-13,1.3854868655518078,0.30980889122536787,1e-12
success,,N-N_1.42_sto-6g_as-006-006,hamiltonian_generator/comparable_diatomic_library/N-N/1.42/sto-6g/N-N_1.42_sto-6g_as-006-006.tensors.npz,N-N,1.42,sto-6g,6,6,12,230,382,fermionic,random_groups,18,3169280580,230,13212,0.5016897664704766,29,"[10,18,8,18,8,14,6,10,10,10,10,4,4,4,4,6,7,6,6,5,5,7,4,5,4,7,4,13,13]","[28,6,3,22,21,27,20,8,14,1,23,10,24,0,4,25,15,18,11,9,2,17,16,13,19,12,7,5,26]",d4fcc5edcc6463d2,db2a1853dc0bb37e,100,0.01,1.0,38200,0.5496359795761305,0.0027481798978806525,2.350713270971835,8.37500010675285e-06,0.0003919589998986339,400,0.23613391699927888,0.0013810000000376021,0.490278207999836,0.9999965724963992,6.854995453831059e-06,1.743848023930299,0.002618206867620661,8.213429936176908e-13,8.215650382226158e-13,1.7781868439925266,0.21544951968769815,1e-12
success,,N-N_1.42_sto-6g_as-006-006,hamiltonian_generator/comparable_diatomic_library/N-N/1.42/sto-6g/N-N_1.42_sto-6g_as-006-006.tensors.npz,N-N,1.42,sto-6g,6,6,12,230,382,jw,random_groups,19,3274228212,382,27792,0.3819103763861978,19,"[38,26,16,22,16,24,24,24,24,12,12,12,12,28,24,20,16,16,16]","[8,4,17,16,11,9,10,6,3,7,2,15,13,5,1,12,18,14,0]",96a8beadcc354ffb,77ec99ead3df296a,100,0.01,1.0,38200,0.9681061126055404,0.004840530563027702,7.292816317509214,9.04099942999892e-06,0.0006958750000194414,400,0.23613391699927888,0.0013810000000376021,0.44620362500063493,0.9999917091527074,1.6581625847056358e-05,1.7431610981941406,0.004072062694161604,7.717160244169463e-13,7.718270467194088e-13,4.301276219922744,0.9618089133003604,1e-12
success,,N-N_1.42_sto-6g_as-006-006,hamiltonian_generator/comparable_diatomic_library/N-N/1.42/sto-6g/N-N_1.42_sto-6g_as-006-006.tensors.npz,N-N,1.42,sto-6g,6,6,12,230,382,fermionic,random_groups,19,890503771,230,13212,0.5016897664704766,29,"[10,18,8,18,8,14,6,10,10,10,10,4,4,4,4,6,7,6,6,5,5,7,4,5,4,7,4,13,13]","[23,8,16,3,7,18,21,14,0,12,19,15,6,24,22,20,28,25,2,1,17,10,5,26,4,11,9,27,13]",21f501eb1bbbf82e,edb9a19150eda2b3,100,0.01,1.0,38200,0.614060716926463,0.003070303584632315,2.9340802046005194,8.79199978953693e-06,0.00041954100015573204,400,0.23613391699927888,0.0013810000000376021,0.4860984169999938,0.9999961558930548,7.688199113231597e-06,1.743652573029011,0.0027727628622749327,7.630562848248701e-13,7.630562848248701e-13,1.9943199976162025,0.24163674759016943,1e-12
success,,N-N_1.42_sto-6g_as-010-006,hamiltonian_generator/comparable_diatomic_library/N-N/1.42/sto-6g/N-N_1.42_sto-6g_as-010-006.tensors.npz,N-N,1.42,sto-6g,10,6,16,656,1176,baseline,jw_raw,-1,-1,,,,,[],[],4f53cda18c2baa0c,5b3a4ea00434804c,100,0.01,1.0,117600,0.7689898014050249,0.0038449490070251247,1.0,1.5249999705702066e-05,0.004404374999467109,3136,4.954221458000575,0.008885124999324034,33.99459441699946,0.9999938388446656,1.2322272708864546e-05,0.9234198446482416,0.0035103148959490836,2.434052959188193e-12,2.434052959188193e-12,1.0,,1e-12
success,,N-N_1.42_sto-6g_as-010-006,hamiltonian_generator/comparable_diatomic_library/N-N/1.42/sto-6g/N-N_1.42_sto-6g_as-010-006.tensors.npz,N-N,1.42,sto-6g,10,6,16,656,1176,jw,current,-1,-1,1176,230944,0.3342654508611955,26,"[48,36,56,56,48,48,64,64,56,56,28,24,24,24,108,36,32,32,56,72,72,32,32,32,32,8]","[0,1,2,3,4,5,6,7,8,9,10,11,12,13,14,15,16,17,18,19,20,21,22,23,24,25]",a6292f7a0a3354ca,18b04601fc997e4f,100,0.01,1.0,117600,0.8584702512239194,0.004292351256119597,1.246261962275007,3.429099979257444e-05,0.004004458000054001,3136,4.954221458000575,0.008885124999324034,34.118199833999824,0.9999931828073277,1.3634338870360807e-05,0.9226217793536018,0.0036924768576822066,2.695644818473397e-10,2.695644818473397e-10,1.1064792341880545,1.0,1e-12
success,,N-N_1.42_sto-6g_as-010-006,hamiltonian_generator/comparable_diatomic_library/N-N/1.42/sto-6g/N-N_1.42_sto-6g_as-010-006.tensors.npz,N-N,1.42,sto-6g,10,6,16,656,1176,fermionic,current,-1,-1,656,107184,0.4989015080990505,49,"[12,12,12,12,12,12,12,12,12,12,12,14,12,12,10,12,10,13,13,16,12,8,8,8,8,16,12,12,16,16,12,12,16,12,12,8,8,12,12,8,8,12,18,30,24,12,28,26,26]","[0,1,2,3,4,5,6,7,8,9,10,11,12,13,14,15,16,17,18,19,20,21,22,23,24,25,26,27,28,29,30,31,32,33,34,35,36,37,38,39,40,41,42,43,44,45,46,47,48]",1d8f99f08db70ebe,9cba4f69c1c323f9,100,0.01,1.0,117600,0.7451032001997745,0.0037255160009988723,0.9388402430524259,4.2874999962805305e-05,0.004082375000507454,3136,4.954221458000575,0.008885124999324034,34.633001375000276,0.9999949612863563,1.007740189873374e-05,0.9226064076686682,0.0031744963832573297,2.4410473642433317e-12,2.440936341940869e-12,0.8178200675175884,1.0,1e-12
success,,N-N_1.42_sto-6g_as-010-006,hamiltonian_generator/comparable_diatomic_library/N-N/1.42/sto-6g/N-N_1.42_sto-6g_as-010-006.tensors.npz,N-N,1.42,sto-6g,10,6,16,656,1176,jw,reverse_groups,-1,-1,1176,230944,0.3342654508611955,26,"[48,36,56,56,48,48,64,64,56,56,28,24,24,24,108,36,32,32,56,72,72,32,32,32,32,8]","[25,24,23,22,21,20,19,18,17,16,15,14,13,12,11,10,9,8,7,6,5,4,3,2,1,0]",9951007d2448693d,088fdbaf0e94fcce,100,0.01,1.0,117600,0.8584702512239194,0.004292351256119597,1.246261962275007,3.679200017359108e-05,0.0036549590004142374,3136,4.954221458000575,0.008885124999324034,35.01949045800029,0.9999931787932683,1.364236693446319e-05,0.9236541711509024,0.0036935637889922847,2.630585749230363e-10,2.6305846390073384e-10,1.107130742582006,1.0005888121293387,1e-12
success,,N-N_1.42_sto-6g_as-010-006,hamiltonian_generator/comparable_diatomic_library/N-N/1.42/sto-6g/N-N_1.42_sto-6g_as-010-006.tensors.npz,N-N,1.42,sto-6g,10,6,16,656,1176,fermionic,reverse_groups,-1,-1,656,107184,0.4989015080990505,49,"[12,12,12,12,12,12,12,12,12,12,12,14,12,12,10,12,10,13,13,16,12,8,8,8,8,16,12,12,16,16,12,12,16,12,12,8,8,12,12,8,8,12,18,30,24,12,28,26,26]","[48,47,46,45,44,43,42,41,40,39,38,37,36,35,34,33,32,31,30,29,28,27,26,25,24,23,22,21,20,19,18,17,16,15,14,13,12,11,10,9,8,7,6,5,4,3,2,1,0]",4210ece92c63d714,acf6dbd2ccdbbb99,100,0.01,1.0,117600,0.8600755703676586,0.004300377851838293,1.2509272812322685,3.587500032153912e-05,0.004120000000511936,3136,4.954221458000575,0.008885124999324034,34.0611344580002,0.999993952425889,1.209511164890209e-05,0.9244293696832714,0.003477807962221464,2.497779760801677e-12,2.497779760801677e-12,0.9815650030372208,1.2002212247208164,1e-12
success,,N-N_1.42_sto-6g_as-010-006,hamiltonian_generator/comparable_diatomic_library/N-N/1.42/sto-6g/N-N_1.42_sto-6g_as-010-006.tensors.npz,N-N,1.42,sto-6g,10,6,16,656,1176,jw,random_groups,0,170929829,1176,230944,0.3342654508611955,26,"[48,36,56,56,48,48,64,64,56,56,28,24,24,24,108,36,32,32,56,72,72,32,32,32,32,8]","[8,0,6,20,23,18,25,3,9,21,11,10,19,4,15,12,22,17,24,7,2,1,5,14,13,16]",46678ac113dd67cf,a3f4efd96633028c,100,0.01,1.0,117600,2.4639318652503324,0.012319659326251661,10.266353830901375,3.6625000575440936e-05,0.003904792000867019,3136,4.954221458000575,0.008885124999324034,34.85019179199935,0.999958200109036,8.359803469704108e-05,0.9195978812601526,0.00914329163528959,4.568049383202322e-09,4.568049605246927e-09,6.7843032427695995,6.131432957029681,1e-12
success,,N-N_1.42_sto-6g_as-010-006,hamiltonian_generator/comparable_diatomic_library/N-N/1.42/sto-6g/N-N_1.42_sto-6g_as-010-006.tensors.npz,N-N,1.42,sto-6g,10,6,16,656,1176,fermionic,random_groups,0,3367589945,656,107184,0.4989015080990505,49,"[12,12,12,12,12,12,12,12,12,12,12,14,12,12,10,12,10,13,13,16,12,8,8,8,8,16,12,12,16,16,12,12,16,12,12,8,8,12,12,8,8,12,18,30,24,12,28,26,26]","[7,28,6,42,45,46,41,23,25,17,1,16,40,26,38,36,48,21,14,29,15,22,5,10,4,37,32,33,34,2,47,31,9,18,27,30,0,19,20,43,11,12,8,39,3,24,35,13,44]",d2f2eacb32f94fa1,114b293b59b5b82b,100,0.01,1.0,117600,1.2161484273195615,0.006080742136597808,2.501105463412463,3.870799992000684e-05,0.0037753749993498786,3136,4.954221458000575,0.008885124999324034,34.35475479100023,0.9999883014189322,2.3397025278759642e-05,0.924973564505214,0.004837061311944247,2.5159874184055298e-12,2.5159874184055298e-12,1.8987589247175163,2.321731882272112,1e-12
success,,N-N_1.42_sto-6g_as-010-006,hamiltonian_generator/comparable_diatomic_library/N-N/1.42/sto-6g/N-N_1.42_sto-6g_as-010-006.tensors.npz,N-N,1.42,sto-6g,10,6,16,656,1176,jw,random_groups,1,1497130406,1176,230944,0.3342654508611955,26,"[48,36,56,56,48,48,64,64,56,56,28,24,24,24,108,36,32,32,56,72,72,32,32,32,32,8]","[17,0,4,15,13,3,19,10,5,25,22,1,14,24,6,2,20,16,7,11,8,21,18,23,9,12]",eef08a0af2d5d2f8,f29391aa13bb283c,100,0.01,1.0,117600,1.1161031895531799,0.005580515947765899,2.1065294656753912,3.5584000215749256e-05,0.0037884590001340257,3136,4.954221458000575,0.008885124999324034,34.234989208000115,0.9999893751830783,2.1249520956723167e-05,0.9222258570597401,0.004609732513218436,1.3223997452627145e-09,1.322399634240412e-09,1.7244806586236667,1.5585296183973194,1e-12
success,,N-N_1.42_sto-6g_as-010-006,hamiltonian_generator/comparable_diatomic_library/N-N/1.42/sto-6g/N-N_1.42_sto-6g_as-010-006.tensors.npz,N-N,1.42,sto-6g,10,6,16,656,1176,fermionic,random_groups,1,3876896119,656,107184,0.4989015080990505,49,"[12,12,12,12,12,12,12,12,12,12,12,14,12,12,10,12,10,13,13,16,12,8,8,8,8,16,12,12,16,16,12,12,16,12,12,8,8,12,12,8,8,12,18,30,24,12,28,26,26]","[35,41,39,29,24,44,19,42,5,37,6,0,3,2,14,11,12,20,17,38,18,34,31,45,7,1,32,36,27,46,40,30,33,26,9,48,21,8,10,16,15,43,4,25,13,47,22,28,23]",3b11badf90e58943,831ab751f9033b06,100,0.01,1.0,117600,0.9733770541178028,0.004866885270589014,1.6022159404778424,4.279099994164426e-05,0.004167250000136846,3136,4.954221458000575,0.008885124999324034,34.979213999999956,0.9999914202628294,1.7159400729327423e-05,0.9227247675128495,0.0041423995873432805,2.4834578837840127e-12,2.48334686148155e-12,1.3925516124134378,1.7027603842497896,1e-12
success,,N-N_1.42_sto-6g_as-010-006,hamiltonian_generator/comparable_diatomic_library/N-N/1.42/sto-6g/N-N_1.42_sto-6g_as-010-006.tensors.npz,N-N,1.42,sto-6g,10,6,16,656,1176,jw,random_groups,2,1277635548,1176,230944,0.3342654508611955,26,"[48,36,56,56,48,48,64,64,56,56,28,24,24,24,108,36,32,32,56,72,72,32,32,32,32,8]","[17,7,0,15,10,16,11,25,13,23,5,14,2,19,9,21,4,20,1,22,18,24,3,8,6,12]",9f59897c7375876a,5037660e1fef1dd1,100,0.01,1.0,117600,1.2609058288846524,0.006304529144423262,2.6885873108103193,4.466700011107605e-05,0.004315749999477703,3136,4.954221458000575,0.008885124999324034,34.437356709000596,0.9999874730809454,2.5053681185549515e-05,0.9220995708733605,0.005005380915499416,1.6780001832472635e-09,1.678000294269566e-09,2.033202947012047,1.8375427971804925,1e-12
success,,N-N_1.42_sto-6g_as-010-006,hamiltonian_generator/comparable_diatomic_library/N-N/1.42/sto-6g/N-N_1.42_sto-6g_as-010-006.tensors.npz,N-N,1.42,sto-6g,10,6,16,656,1176,fermionic,random_groups,2,4124360246,656,107184,0.4989015080990505,49,"[12,12,12,12,12,12,12,12,12,12,12,14,12,12,10,12,10,13,13,16,12,8,8,8,8,16,12,12,16,16,12,12,16,12,12,8,8,12,12,8,8,12,18,30,24,12,28,26,26]","[23,41,45,10,9,35,28,2,48,24,32,27,37,0,38,46,17,14,31,4,42,7,33,11,1,15,39,36,43,13,30,3,12,6,20,5,21,34,40,47,26,29,18,16,19,25,8,44,22]",163cf8aceb73733b,ae451ba3a0157df6,100,0.01,1.0,117600,0.7711493348985403,0.0038557466744927014,1.0056244329109225,3.6499999623629265e-05,0.003860500000882894,3136,4.954221458000575,0.008885124999324034,34.65827900000022,0.9999950536222982,9.892730936877925e-06,0.9231561227619344,0.0031452750918685717,2.4875657089751257e-12,2.4877877535800508e-12,0.8028333060476069,0.9816747447693815,1e-12
success,,N-N_1.42_sto-6g_as-010-006,hamiltonian_generator/comparable_diatomic_library/N-N/1.42/sto-6g/N-N_1.42_sto-6g_as-010-006.tensors.npz,N-N,1.42,sto-6g,10,6,16,656,1176,jw,random_groups,3,310789966,1176,230944,0.3342654508611955,26,"[48,36,56,56,48,48,64,64,56,56,28,24,24,24,108,36,32,32,56,72,72,32,32,32,32,8]","[10,6,18,1,7,4,8,20,11,19,23,15,5,0,24,16,12,9,21,2,14,25,13,22,17,3]",badbda41b05a2f05,12c997ab46920d9e,100,0.01,1.0,117600,1.2667528225912719,0.006333764112956359,2.713579821719171,4.308300049160607e-05,0.004089832999852661,3136,4.954221458000575,0.008885124999324034,34.71941804200014,0.9999867621873684,2.6475450023544234e-05,0.9222368368741594,0.005145447042119456,7.699079151990418e-10,7.699076931544369e-10,2.148584976901055,1.9418213288726636,1e-12
success,,N-N_1.42_sto-6g_as-010-006,hamiltonian_generator/comparable_diatomic_library/N-N/1.42/sto-6g/N-N_1.42_sto-6g_as-010-006.tensors.npz,N-N,1.42,sto-6g,10,6,16,656,1176,fermionic,random_groups,3,1422182446,656,107184,0.4989015080990505,49,"[12,12,12,12,12,12,12,12,12,12,12,14,12,12,10,12,10,13,13,16,12,8,8,8,8,16,12,12,16,16,12,12,16,12,12,8,8,12,12,8,8,12,18,30,24,12,28,26,26]","[43,16,3,13,15,39,10,28,1,44,34,19,14,5,38,30,26,45,23,27,25,24,2,8,0,33,21,46,11,12,22,48,36,7,32,6,41,29,37,17,4,42,9,18,40,47,31,35,20]",38ee782d6fc768ee,1692307776bfad8a,100,0.01,1.0,117600,1.500743194917718,0.00750371597458859,3.8086547423952593,4.708300002675969e-05,0.0039638749994992395,3136,4.954221458000575,0.008885124999324034,34.988292250000086,0.9999814975752462,3.700450716781489e-05,0.924716882300502,0.006083161144300472,2.3953061756287752e-12,2.3951951533263127e-12,3.0030586111922473,3.672028518825337,1e-12
success,,N-N_1.42_sto-6g_as-010-006,hamiltonian_generator/comparable_diatomic_library/N-N/1.42/sto-6g/N-N_1.42_sto-6g_as-010-006.tensors.npz,N-N,1.42,sto-6g,10,6,16,656,1176,jw,random_groups,4,2585659375,1176,230944,0.3342654508611955,26,"[48,36,56,56,48,48,64,64,56,56,28,24,24,24,108,36,32,32,56,72,72,32,32,32,32,8]","[21,25,24,19,23,12,11,10,4,20,6,0,14,1,17,2,13,18,8,16,7,3,22,15,9,5]",5ee80c929e5b5b65,3400da77c04236b3,100,0.01,1.0,117600,0.7312575213770391,0.0036562876068851956,0.9042729337823143,3.470799947535852e-05,0.00429020799947466,3136,4.954221458000575,0.008885124999324034,35.08450649999941,0.9999944401625148,1.1119644058532607e-05,0.9233844193102676,0.0033346176647947603,8.81703043908999e-10,8.817031549313015e-10,0.9024020423223732,0.8155616612042111,1e-12
success,,N-N_1.42_sto-6g_as-010-006,hamiltonian_generator/comparable_diatomic_library/N-N/1.42/sto-6g/N-N_1.42_sto-6g_as-010-006.tensors.npz,N-N,1.42,sto-6g,10,6,16,656,1176,fermionic,random_groups,4,1816603139,656,107184,0.4989015080990505,49,"[12,12,12,12,12,12,12,12,12,12,12,14,12,12,10,12,10,13,13,16,12,8,8,8,8,16,12,12,16,16,12,12,16,12,12,8,8,12,12,8,8,12,18,30,24,12,28,26,26]","[41,9,7,0,6,4,48,30,27,14,8,17,36,47,13,12,40,23,19,39,35,10,1,45,28,37,16,3,26,46,21,2,31,25,33,18,44,42,5,24,22,38,43,20,11,34,32,29,15]",d9ef849f968dac76,d2e5663527e3ddf6,100,0.01,1.0,117600,1.5743402780026734,0.007871701390013367,4.191370506327419,3.600000036385609e-05,0.003915625000445289,3136,4.954221458000575,0.008885124999324034,34.380932291000136,0.9999801287786617,3.974204781109769e-05,0.9246736890614533,0.006304160743237068,2.4285018440650674e-12,2.4282797994601424e-12,3.225220602568516,3.943679949500815,1e-12
success,,N-N_1.42_sto-6g_as-010-006,hamiltonian_generator/comparable_diatomic_library/N-N/1.42/sto-6g/N-N_1.42_sto-6g_as-010-006.tensors.npz,N-N,1.42,sto-6g,10,6,16,656,1176,jw,random_groups,5,1579864017,1176,230944,0.3342654508611955,26,"[48,36,56,56,48,48,64,64,56,56,28,24,24,24,108,36,32,32,56,72,72,32,32,32,32,8]","[7,3,0,1,16,8,9,6,15,4,14,2,12,18,19,23,24,11,13,17,22,5,20,10,25,21]",ad58e29ed009ff82,13c8e7e93c86830b,100,0.01,1.0,117600,1.5403257880614651,0.007701628940307325,4.012213294885928,3.4749999940686394e-05,0.003964208000070357,3136,4.954221458000575,0.008885124999324034,34.886427874999754,0.9999798588024513,4.0281989429513665e-05,0.9210705874182916,0.006346841348052299,3.163160844366075e-10,3.1631597341430506e-10,3.269038949327515,2.954451243476221,1e-12
success,,N-N_1.42_sto-6g_as-010-006,hamiltonian_generator/comparable_diatomic_library/N-N/1.42/sto-6g/N-N_1.42_sto-6g_as-010-006.tensors.npz,N-N,1.42,sto-6g,10,6,16,656,1176,fermionic,random_groups,5,3469542081,656,107184,0.4989015080990505,49,"[12,12,12,12,12,12,12,12,12,12,12,14,12,12,10,12,10,13,13,16,12,8,8,8,8,16,12,12,16,16,12,12,16,12,12,8,8,12,12,8,8,12,18,30,24,12,28,26,26]","[22,1,47,8,43,11,42,35,17,34,23,6,14,48,16,28,30,40,29,32,21,39,24,9,15,4,26,18,45,41,27,7,36,0,3,25,19,2,38,31,5,20,37,46,10,44,13,33,12]",48dd39cc88c98812,22f8651d5b7ee68c,100,0.01,1.0,117600,1.1057292139778183,0.005528646069889092,2.067551842085294,4.325000008975621e-05,0.003740792000826332,3136,4.954221458000575,0.008885124999324034,34.31160799999998,0.999986429570657,2.714067452946889e-05,0.9231856577652041,0.005209688924115121,2.4924506902834764e-12,2.492339667981014e-12,2.2025705136313127,2.693221407878871,1e-12
success,,N-N_1.42_sto-6g_as-010-006,hamiltonian_generator/comparable_diatomic_library/N-N/1.42/sto-6g/N-N_1.42_sto-6g_as-010-006.tensors.npz,N-N,1.42,sto-6g,10,6,16,656,1176,jw,random_groups,6,3151523025,1176,230944,0.3342654508611955,26,"[48,36,56,56,48,48,64,64,56,56,28,24,24,24,108,36,32,32,56,72,72,32,32,32,32,8]","[19,7,21,2,16,17,20,24,10,25,8,5,6,14,9,12,4,0,3,18,22,11,15,13,1,23]",ea3a97a1696f0f1f,d67410afe987b968,100,0.01,1.0,117600,1.4999607028872355,0.007499803514436177,3.8046840896689416,3.541699970810441e-05,0.00422120800067205,3136,4.954221458000575,0.008885124999324034,34.777085540999906,0.9999820212724527,3.595713185988725e-05,0.9222959217218003,0.00599645354309933,2.087224726388115e-09,2.087225170477325e-09,2.918060061600485,2.6372479224535885,1e-12
success,,N-N_1.42_sto-6g_as-010-006,hamiltonian_generator/comparable_diatomic_library/N-N/1.42/sto-6g/N-N_1.42_sto-6g_as-010-006.tensors.npz,N-N,1.42,sto-6g,10,6,16,656,1176,fermionic,random_groups,6,2189256465,656,107184,0.4989015080990505,49,"[12,12,12,12,12,12,12,12,12,12,12,14,12,12,10,12,10,13,13,16,12,8,8,8,8,16,12,12,16,16,12,12,16,12,12,8,8,12,12,8,8,12,18,30,24,12,28,26,26]","[34,32,17,44,24,36,37,28,15,9,47,8,39,13,26,40,27,3,43,6,11,23,7,41,33,4,20,2,42,12,46,16,25,10,5,18,29,1,22,14,38,48,21,19,30,0,45,31,35]",765bdac595b69d39,9ed29bbca889eb88,100,0.01,1.0,117600,0.7843933314274213,0.003921966657137107,1.040462963228898,3.737499991984805e-05,0.003957999999329331,3136,4.954221458000575,0.008885124999324034,34.042081083000085,0.9999928769487146,1.4246051832866868e-05,0.9240316776417344,0.0037744009552146455,2.4795721031978246e-12,2.4797941478027496e-12,1.1561221025905692,1.4136631619958449,1e-12
success,,N-N_1.42_sto-6g_as-010-006,hamiltonian_generator/comparable_diatomic_library/N-N/1.42/sto-6g/N-N_1.42_sto-6g_as-010-006.tensors.npz,N-N,1.42,sto-6g,10,6,16,656,1176,jw,random_groups,7,2179626871,1176,230944,0.3342654508611955,26,"[48,36,56,56,48,48,64,64,56,56,28,24,24,24,108,36,32,32,56,72,72,32,32,32,32,8]","[8,19,12,3,10,9,4,11,18,20,25,6,15,5,2,14,17,13,22,16,0,21,1,7,24,23]",bab71729a654cad5,5f702b3e36e99a77,100,0.01,1.0,117600,1.401579568843417,0.007007897844217085,3.321959672433281,3.775000004679896e-05,0.0037537919997703284,3136,4.954221458000575,0.008885124999324034,34.12935912500052,0.999983146072915,3.370757011500469e-05,0.9220054877612828,0.0058058465506673025,5.8874345398862715e-09,5.887434650908574e-09,2.7354994416537894,2.472255562628002,1e-12
success,,N-N_1.42_sto-6g_as-010-006,hamiltonian_generator/comparable_diatomic_library/N-N/1.42/sto-6g/N-N_1.42_sto-6g_as-010-006.tensors.npz,N-N,1.42,sto-6g,10,6,16,656,1176,fermionic,random_groups,7,54865669,656,107184,0.4989015080990505,49,"[12,12,12,12,12,12,12,12,12,12,12,14,12,12,10,12,10,13,13,16,12,8,8,8,8,16,12,12,16,16,12,12,16,12,12,8,8,12,12,8,8,12,18,30,24,12,28,26,26]","[6,34,7,26,28,23,30,17,29,12,3,13,2,45,18,47,48,40,42,5,9,11,1,20,24,8,16,33,27,44,46,4,41,25,15,39,37,14,31,36,32,0,43,10,35,22,21,38,19]",db000f7f3a717bae,3569ea33e73eab42,100,0.01,1.0,117600,1.0751351947369518,0.0053756759736847595,1.9547219844246386,3.670800015243003e-05,0.003771749999941676,3136,4.954221458000575,0.008885124999324034,34.50217279200024,0.999988638609842,2.272265123481887e-05,0.9236472663765007,0.004766841754873876,2.412070543300615e-12,2.412070543300615e-12,1.8440308676557997,2.254812447013158,1e-12
success,,N-N_1.42_sto-6g_as-010-006,hamiltonian_generator/comparable_diatomic_library/N-N/1.42/sto-6g/N-N_1.42_sto-6g_as-010-006.tensors.npz,N-N,1.42,sto-6g,10,6,16,656,1176,jw,random_groups,8,1984604632,1176,230944,0.3342654508611955,26,"[48,36,56,56,48,48,64,64,56,56,28,24,24,24,108,36,32,32,56,72,72,32,32,32,32,8]","[2,21,13,8,7,24,11,6,22,25,12,17,1,3,16,9,15,5,14,23,18,4,19,20,10,0]",f56bb437af6959d7,f9f31601888b7833,100,0.01,1.0,117600,1.7227458855983835,0.008613729427991917,5.018816100754538,3.820899928541621e-05,0.0038294169999062433,3136,4.954221458000575,0.008885124999324034,34.17996458299967,0.9999742674331646,5.146447150572442e-05,0.9243755858509108,0.007173920383633618,1.3945345989085922e-09,1.3945345989085922e-09,4.1765405393683,3.774621710305379,1e-12
success,,N-N_1.42_sto-6g_as-010-006,hamiltonian_generator/comparable_diatomic_library/N-N/1.42/sto-6g/N-N_1.42_sto-6g_as-010-006.tensors.npz,N-N,1.42,sto-6g,10,6,16,656,1176,fermionic,random_groups,8,2680923446,656,107184,0.4989015080990505,49,"[12,12,12,12,12,12,12,12,12,12,12,14,12,12,10,12,10,13,13,16,12,8,8,8,8,16,12,12,16,16,12,12,16,12,12,8,8,12,12,8,8,12,18,30,24,12,28,26,26]","[13,25,48,46,22,19,6,23,4,7,47,31,0,8,17,41,29,30,36,28,2,43,34,21,42,37,39,5,20,3,16,45,35,38,18,1,12,44,26,40,11,24,32,10,15,14,27,9,33]",8bf212ff3e1d1cc1,d2decf1dd9f28f95,100,0.01,1.0,117600,2.0858260651489937,0.01042913032574497,7.357241642338968,3.666700013127411e-05,0.0032578330001342692,3136,4.954221458000575,0.008885124999324034,34.003204665999874,0.9999675241166641,6.49507119887538e-05,0.926341078178057,0.008059265889134158,2.4558133304708463e-12,2.4558133304708463e-12,5.271001017696092,6.445184249019093,1e-12
success,,N-N_1.42_sto-6g_as-010-006,hamiltonian_generator/comparable_diatomic_library/N-N/1.42/sto-6g/N-N_1.42_sto-6g_as-010-006.tensors.npz,N-N,1.42,sto-6g,10,6,16,656,1176,jw,random_groups,9,3375276032,1176,230944,0.3342654508611955,26,"[48,36,56,56,48,48,64,64,56,56,28,24,24,24,108,36,32,32,56,72,72,32,32,32,32,8]","[12,19,16,21,5,2,20,6,1,22,3,0,9,4,11,24,7,15,23,8,25,13,17,18,14,10]",a148de393f3592a4,ad75f8317d46d7bc,100,0.01,1.0,117600,1.3517462194492949,0.006758731097246474,3.089933743418218,4.191700008959742e-05,0.004091499999958614,3136,4.954221458000575,0.008885124999324034,35.1309662499998,0.9999854624113719,2.907496591475489e-05,0.9225274633304613,0.005392140322381712,1.8623658171179613e-10,1.862366927340986e-10,2.3595457268072466,2.1324808038884746,1e-12
success,,N-N_1.42_sto-6g_as-010-006,hamiltonian_generator/comparable_diatomic_library/N-N/1.42/sto-6g/N-N_1.42_sto-6g_as-010-006.tensors.npz,N-N,1.42,sto-6g,10,6,16,656,1176,fermionic,random_groups,9,1198809176,656,107184,0.4989015080990505,49,"[12,12,12,12,12,12,12,12,12,12,12,14,12,12,10,12,10,13,13,16,12,8,8,8,8,16,12,12,16,16,12,12,16,12,12,8,8,12,12,8,8,12,18,30,24,12,28,26,26]","[34,40,25,45,21,14,35,46,33,10,6,43,26,13,32,22,23,4,41,15,19,1,38,5,42,36,12,9,28,16,44,18,20,0,24,48,31,3,37,17,30,8,39,11,2,7,27,29,47]",5d898e1ddd1581e5,96a407c5c0c3bc14,100,0.01,1.0,117600,1.1963259957398584,0.005981629978699292,2.4202371314870215,4.562499998428393e-05,0.004240500000378233,3136,4.954221458000575,0.008885124999324034,34.562434833000225,0.9999888737996868,2.2252276834056062e-05,0.9245703590526747,0.004717245025050723,2.475797344914099e-12,2.4754642780067115e-12,1.8058581691710125,2.208136289260443,1e-12
success,,N-N_1.42_sto-6g_as-010-006,hamiltonian_generator/comparable_diatomic_library/N-N/1.42/sto-6g/N-N_1.42_sto-6g_as-010-006.tensors.npz,N-N,1.42,sto-6g,10,6,16,656,1176,jw,random_groups,10,587745067,1176,230944,0.3342654508611955,26,"[48,36,56,56,48,48,64,64,56,56,28,24,24,24,108,36,32,32,56,72,72,32,32,32,32,8]","[22,4,24,23,9,8,10,17,16,5,0,2,11,12,21,13,25,1,19,14,15,3,18,6,7,20]",ff7abdb27de0740a,f06258cbd7dfd5b7,100,0.01,1.0,117600,0.9537972495191507,0.004768986247595753,1.5384060220478046,4.325000008975621e-05,0.0043322089995854185,3136,4.954221458000575,0.008885124999324034,34.42529754200041,0.9999912918365197,1.7416251128499205e-05,0.9243006082537614,0.0041732873086593935,5.649366530136035e-09,5.64936630809143e-09,1.413396013867644,1.2773814186443435,1e-12
success,,N-N_1.42_sto-6g_as-010-006,hamiltonian_generator/comparable_diatomic_library/N-N/1.42/sto-6g/N-N_1.42_sto-6g_as-010-006.tensors.npz,N-N,1.42,sto-6g,10,6,16,656,1176,fermionic,random_groups,10,3391352111,656,107184,0.4989015080990505,49,"[12,12,12,12,12,12,12,12,12,12,12,14,12,12,10,12,10,13,13,16,12,8,8,8,8,16,12,12,16,16,12,12,16,12,12,8,8,12,12,8,8,12,18,30,24,12,28,26,26]","[44,39,5,4,14,20,46,13,22,18,47,34,6,40,21,19,10,15,24,0,7,3,30,25,2,42,32,43,23,27,36,33,38,9,37,35,12,16,41,29,8,28,31,11,1,48,26,17,45]",e9a66f3fd290060c,9a38ae18492bafe4,100,0.01,1.0,117600,1.1560239024282322,0.0057801195121411604,2.2599168875509013,3.5583999306254555e-05,0.004043292000460497,3136,4.954221458000575,0.008885124999324034,34.66233458299939,0.9999870917317014,2.581636997378567e-05,0.9246033424985561,0.005080997598618546,2.429723089392155e-12,2.4296120670896926e-12,2.095098086509121,2.561808116140489,1e-12
success,,N-N_1.42_sto-6g_as-010-006,hamiltonian_generator/comparable_diatomic_library/N-N/1.42/sto-6g/N-N_1.42_sto-6g_as-010-006.tensors.npz,N-N,1.42,sto-6g,10,6,16,656,1176,jw,random_groups,11,2176002116,1176,230944,0.3342654508611955,26,"[48,36,56,56,48,48,64,64,56,56,28,24,24,24,108,36,32,32,56,72,72,32,32,32,32,8]","[19,12,6,2,20,8,1,14,9,21,7,22,11,16,23,13,10,0,24,18,15,17,25,3,4,5]",84138ce6ef8003b2,a5cf2033dca3863b,100,0.01,1.0,117600,0.9461827465225786,0.004730913732612893,1.5139407848767208,3.5416000173427165e-05,0.004036458999507886,3136,4.954221458000575,0.008885124999324034,34.93894637500034,0.9999925877509114,1.4824443235861295e-05,0.922439140330319,0.003850259494793315,1.1265052224374017e-09,1.1265052224374017e-09,1.2030607978020733,1.0872872808000698,1e-12
success,,N-N_1.42_sto-6g_as-010-006,hamiltonian_generator/comparable_diatomic_library/N-N/1.42/sto-6g/N-N_1.42_sto-6g_as-010-006.tensors.npz,N-N,1.42,sto-6g,10,6,16,656,1176,fermionic,random_groups,11,3910489929,656,107184,0.4989015080990505,49,"[12,12,12,12,12,12,12,12,12,12,12,14,12,12,10,12,10,13,13,16,12,8,8,8,8,16,12,12,16,16,12,12,16,12,12,8,8,12,12,8,8,12,18,30,24,12,28,26,26]","[21,14,37,16,11,34,20,39,15,13,44,0,35,45,42,22,41,23,6,7,19,32,17,2,31,33,10,1,12,4,38,26,40,24,25,9,46,5,8,3,48,36,27,47,28,18,43,29,30]",d9f1bc285e820e5e,7352f193b01b5470,100,0.01,1.0,117600,0.8388206990519419,0.004194103495259709,1.1898634312451846,4.462500055524288e-05,0.004153917000621732,3136,4.954221458000575,0.008885124999324034,34.709792957999525,0.9999940740783959,1.1851808091600802e-05,0.9222233252681059,0.0034426506079149413,2.4482638139033952e-12,2.44804176929847e-12,0.9618199800978844,1.1760777441147825,1e-12
success,,N-N_1.42_sto-6g_as-010-006,hamiltonian_generator/comparable_diatomic_library/N-N/1.42/sto-6g/N-N_1.42_sto-6g_as-010-006.tensors.npz,N-N,1.42,sto-6g,10,6,16,656,1176,jw,random_groups,12,3643636399,1176,230944,0.3342654508611955,26,"[48,36,56,56,48,48,64,64,56,56,28,24,24,24,108,36,32,32,56,72,72,32,32,32,32,8]","[16,25,7,9,22,12,2,17,1,3,20,13,8,6,10,4,24,23,21,11,19,5,15,18,0,14]",1c47476f631e2219,7ea80653283004c4,100,0.01,1.0,117600,1.67031736565606,0.0083515868282803,4.717988006031654,3.612500040617306e-05,0.0036155420002614846,3136,4.954221458000575,0.008885124999324034,34.40601970800071,0.9999777842286169,4.44310492255795e-05,0.9250712652797456,0.006665698970559747,3.743493293129063e-10,3.7434921829060386e-10,3.605751169069335,3.2587608132702743,1e-12
success,,N-N_1.42_sto-6g_as-010-006,hamiltonian_generator/comparable_diatomic_library/N-N/1.42/sto-6g/N-N_1.42_sto-6g_as-010-006.tensors.npz,N-N,1.42,sto-6g,10,6,16,656,1176,fermionic,random_groups,12,2865866506,656,107184,0.4989015080990505,49,"[12,12,12,12,12,12,12,12,12,12,12,14,12,12,10,12,10,13,13,16,12,8,8,8,8,16,12,12,16,16,12,12,16,12,12,8,8,12,12,8,8,12,18,30,24,12,28,26,26]","[19,46,10,9,22,44,39,24,37,26,7,15,2,20,40,29,5,45,27,11,13,33,30,28,16,4,41,38,25,36,48,12,31,42,32,8,17,47,6,43,1,23,14,3,34,21,18,35,0]",4b572cad7c3f864d,3ebb6782096fe9e2,100,0.01,1.0,117600,1.1892783031987944,0.005946391515993972,2.391805341792219,3.720800032169791e-05,0.003914707999683742,3136,4.954221458000575,0.008885124999324034,33.97113554099997,0.9999892263782785,2.1547127372123498e-05,0.9248019914519661,0.004641900843733539,2.5559554472920354e-12,2.555844424989573e-12,1.748632568131905,2.138162949999143,1e-12
success,,N-N_1.42_sto-6g_as-010-006,hamiltonian_generator/comparable_diatomic_library/N-N/1.42/sto-6g/N-N_1.42_sto-6g_as-010-006.tensors.npz,N-N,1.42,sto-6g,10,6,16,656,1176,jw,random_groups,13,798067061,1176,230944,0.3342654508611955,26,"[48,36,56,56,48,48,64,64,56,56,28,24,24,24,108,36,32,32,56,72,72,32,32,32,32,8]","[4,17,13,1,6,24,23,7,15,0,16,20,5,8,21,14,11,18,25,10,9,2,12,19,22,3]",5799d1fb00106779,adf1b8e58e405e6c,100,0.01,1.0,117600,1.7587383464231852,0.008793691732115926,5.2307179823213215,3.8374999348889105e-05,0.0038132919999043224,3136,4.954221458000575,0.008885124999324034,33.93535858300038,0.9999780250042859,4.394950852781854e-05,0.9252549979414115,0.006629478971096061,3.9978158561382315e-09,3.9978158561382315e-09,3.5666722824760733,3.2234425846169024,1e-12
success,,N-N_1.42_sto-6g_as-010-006,hamiltonian_generator/comparable_diatomic_library/N-N/1.42/sto-6g/N-N_1.42_sto-6g_as-010-006.tensors.npz,N-N,1.42,sto-6g,10,6,16,656,1176,fermionic,random_groups,13,149417118,656,107184,0.4989015080990505,49,"[12,12,12,12,12,12,12,12,12,12,12,14,12,12,10,12,10,13,13,16,12,8,8,8,8,16,12,12,16,16,12,12,16,12,12,8,8,12,12,8,8,12,18,30,24,12,28,26,26]","[24,18,28,41,40,39,48,0,36,12,1,9,15,22,37,29,16,26,27,8,13,43,11,5,45,23,6,19,7,3,14,31,25,33,44,17,21,46,34,10,4,47,42,20,38,30,35,2,32]",5530595144a38c6c,c06f1b9b26e43f6c,100,0.01,1.0,117600,1.5615171255431806,0.007807585627715902,4.123370343681873,3.841699981421698e-05,0.004080125000655244,3136,4.954221458000575,0.008885124999324034,35.167220750000524,0.9999792625473114,4.1474475335312455e-05,0.9239958924662363,0.006440101348364282,2.4804602816175247e-12,2.4802382370125997e-12,3.3658137841305886,4.115592069472179,1e-12
success,,N-N_1.42_sto-6g_as-010-006,hamiltonian_generator/comparable_diatomic_library/N-N/1.42/sto-6g/N-N_1.42_sto-6g_as-010-006.tensors.npz,N-N,1.42,sto-6g,10,6,16,656,1176,jw,random_groups,14,3809075065,1176,230944,0.3342654508611955,26,"[48,36,56,56,48,48,64,64,56,56,28,24,24,24,108,36,32,32,56,72,72,32,32,32,32,8]","[22,7,9,12,3,4,11,14,18,6,24,20,1,8,15,13,2,10,16,17,19,5,0,23,25,21]",0bd0ed337fcf6d18,c5982af4b82240ff,100,0.01,1.0,117600,1.7227871933980097,0.008613935966990048,5.019056784812571,4.387500030134106e-05,0.003634292000242567,3136,4.954221458000575,0.008885124999324034,34.32183854200048,0.999976319420851,4.7360597528189885e-05,0.9235680072041494,0.006881944369003927,1.4341505760739892e-10,1.4341494658509646e-10,3.8434953232384674,3.4736262592933906,1e-12
success,,N-N_1.42_sto-6g_as-010-006,hamiltonian_generator/comparable_diatomic_library/N-N/1.42/sto-6g/N-N_1.42_sto-6g_as-010-006.tensors.npz,N-N,1.42,sto-6g,10,6,16,656,1176,fermionic,random_groups,14,3019720038,656,107184,0.4989015080990505,49,"[12,12,12,12,12,12,12,12,12,12,12,14,12,12,10,12,10,13,13,16,12,8,8,8,8,16,12,12,16,16,12,12,16,12,12,8,8,12,12,8,8,12,18,30,24,12,28,26,26]","[18,21,24,1,26,2,39,34,25,42,28,0,10,38,36,5,23,35,37,46,29,20,3,48,9,12,4,31,13,19,15,44,45,6,41,30,32,47,40,43,11,27,22,17,14,8,16,33,7]",1dde51c906fd251d,0df6078a6934b28c,100,0.01,1.0,117600,2.0791433654175155,0.010395716827087578,7.310173982538481,3.641700004664017e-05,0.0033922499997061095,3136,4.954221458000575,0.008885124999324034,34.29750525000054,0.9999690592953754,6.188045192201397e-05,0.9261416139557652,0.007866473749351196,2.520539332806493e-12,2.5206503551089554e-12,5.021837560655321,6.14051642911944,1e-12
success,,N-N_1.42_sto-6g_as-010-006,hamiltonian_generator/comparable_diatomic_library/N-N/1.42/sto-6g/N-N_1.42_sto-6g_as-010-006.tensors.npz,N-N,1.42,sto-6g,10,6,16,656,1176,jw,random_groups,15,2689661021,1176,230944,0.3342654508611955,26,"[48,36,56,56,48,48,64,64,56,56,28,24,24,24,108,36,32,32,56,72,72,32,32,32,32,8]","[3,11,24,2,1,7,12,15,20,6,4,22,21,18,16,8,0,10,14,13,17,9,5,25,19,23]",838deae87bdeb27f,e7e7191cb4515b31,100,0.01,1.0,117600,1.5063779128776869,0.007531889564388434,3.837308523686309,3.4500000765547156e-05,0.0038350000004356843,3136,4.954221458000575,0.008885124999324034,34.356980499999736,0.9999789437334315,4.211208977056291e-05,0.9217337051219516,0.006489417010557,1.3599554815613146e-09,1.3599552595167097e-09,3.4175586570379832,3.088678532268906,1e-12
success,,N-N_1.42_sto-6g_as-010-006,hamiltonian_generator/comparable_diatomic_library/N-N/1.42/sto-6g/N-N_1.42_sto-6g_as-010-006.tensors.npz,N-N,1.42,sto-6g,10,6,16,656,1176,fermionic,random_groups,15,2656123937,656,107184,0.4989015080990505,49,"[12,12,12,12,12,12,12,12,12,12,12,14,12,12,10,12,10,13,13,16,12,8,8,8,8,16,12,12,16,16,12,12,16,12,12,8,8,12,12,8,8,12,18,30,24,12,28,26,26]","[8,13,3,43,6,4,22,21,48,46,1,11,2,33,14,34,45,29,36,42,23,17,37,18,30,35,10,16,7,40,26,44,19,24,5,38,0,25,41,12,27,39,31,47,20,9,32,28,15]",4f256bf0acb7c039,ce6fee2a0e12b513,100,0.01,1.0,117600,1.354605068166066,0.0067730253408303295,3.10301755200494,4.3667000682034995e-05,0.004163083000094048,3136,4.954221458000575,0.008885124999324034,34.15365529199971,0.9999873542323544,2.5291375375768865e-05,0.9217485894417863,0.0050290690282778095,2.473021787352536e-12,2.473021787352536e-12,2.052492748157931,2.5097118910129814,1e-12
success,,N-N_1.42_sto-6g_as-010-006,hamiltonian_generator/comparable_diatomic_library/N-N/1.42/sto-6g/N-N_1.42_sto-6g_as-010-006.tensors.npz,N-N,1.42,sto-6g,10,6,16,656,1176,jw,random_groups,16,300390204,1176,230944,0.3342654508611955,26,"[48,36,56,56,48,48,64,64,56,56,28,24,24,24,108,36,32,32,56,72,72,32,32,32,32,8]","[10,7,25,22,21,8,5,18,0,24,1,6,12,9,2,14,11,13,3,20,23,4,19,16,17,15]",a42d3ea1f1bfd6f1,e90835b7a266e18d,100,0.01,1.0,117600,0.7991579854840379,0.00399578992742019,1.080000923191167,3.412500063859625e-05,0.003777583000555751,3136,4.954221458000575,0.008885124999324034,34.60896270900048,0.9999929109759376,1.4177997870623571e-05,0.923894126524931,0.0037653748983160736,1.0343581546834457e-09,1.0343580436611433e-09,1.1505992608347348,1.0398742473274303,1e-12
success,,N-N_1.42_sto-6g_as-010-006,hamiltonian_generator/comparable_diatomic_library/N-N/1.42/sto-6g/N-N_1.42_sto-6g_as-010-006.tensors.npz,N-N,1.42,sto-6g,10,6,16,656,1176,fermionic,random_groups,16,278060400,656,107184,0.4989015080990505,49,"[12,12,12,12,12,12,12,12,12,12,12,14,12,12,10,12,10,13,13,16,12,8,8,8,8,16,12,12,16,16,12,12,16,12,12,8,8,12,12,8,8,12,18,30,24,12,28,26,26]","[20,1,26,45,39,15,40,31,19,35,18,27,9,29,17,44,24,21,41,4,33,8,5,32,22,23,7,25,36,37,10,16,42,43,2,28,38,14,3,34,6,12,11,0,13,48,46,30,47]",e80f6af01977f1f1,201f33dbc80e383a,100,0.01,1.0,117600,0.800424575223608,0.0040021228761180395,1.0834270344813783,3.5832999856211245e-05,0.003694292000545829,3136,4.954221458000575,0.008885124999324034,34.35077658299997,0.9999933846236176,1.3230709001499363e-05,0.9230439898658377,0.003637410172734804,2.467359649926948e-12,2.4676927168343354e-12,1.073723112131847,1.3129087372373078,1e-12
success,,N-N_1.42_sto-6g_as-010-006,hamiltonian_generator/comparable_diatomic_library/N-N/1.42/sto-6g/N-N_1.42_sto-6g_as-010-006.tensors.npz,N-N,1.42,sto-6g,10,6,16,656,1176,jw,random_groups,17,2871051818,1176,230944,0.3342654508611955,26,"[48,36,56,56,48,48,64,64,56,56,28,24,24,24,108,36,32,32,56,72,72,32,32,32,32,8]","[3,0,8,22,17,23,24,5,15,19,25,12,11,21,13,10,9,1,2,16,14,20,7,4,18,6]",39825981d53fd18f,1c8aebe4865d0d59,100,0.01,1.0,117600,1.443216591933736,0.00721608295966868,3.5222636919225425,3.137499970762292e-05,0.0034165839997513103,3136,4.954221458000575,0.008885124999324034,33.85006966699984,0.9999839086252431,3.218249058145606e-05,0.9214856113141182,0.0056729841806386246,2.5101630773960437e-09,2.510163188418346e-09,2.611733349993482,2.3603997881713505,1e-12
success,,N-N_1.42_sto-6g_as-010-006,hamiltonian_generator/comparable_diatomic_library/N-N/1.42/sto-6g/N-N_1.42_sto-6g_as-010-006.tensors.npz,N-N,1.42,sto-6g,10,6,16,656,1176,fermionic,random_groups,17,3881362396,656,107184,0.4989015080990505,49,"[12,12,12,12,12,12,12,12,12,12,12,14,12,12,10,12,10,13,13,16,12,8,8,8,8,16,12,12,16,16,12,12,16,12,12,8,8,12,12,8,8,12,18,30,24,12,28,26,26]","[18,36,4,13,10,48,14,11,27,5,43,6,20,41,9,0,35,47,30,31,28,42,7,32,23,44,40,46,29,2,34,38,39,16,8,12,1,45,33,24,25,21,15,37,26,17,3,19,22]",d69bd0e25efe47fc,b8383cf2d1a7f7c5,100,0.01,1.0,117600,1.1364987154783015,0.005682493577391507,2.1842218045063486,4.041700049128849e-05,0.0034159580000050482,3136,4.954221458000575,0.008885124999324034,34.13713416599967,0.9999881917310159,2.3616398532877447e-05,0.9226654594518727,0.004859684965933345,2.4732438319574612e-12,2.473021787352536e-12,1.9165619111714673,2.343500712802268,1e-12
success,,N-N_1.42_sto-6g_as-010-006,hamiltonian_generator/comparable_diatomic_library/N-N/1.42/sto-6g/N-N_1.42_sto-6g_as-010-006.tensors.npz,N-N,1.42,sto-6g,10,6,16,656,1176,jw,random_groups,18,477683903,1176,230944,0.3342654508611955,26,"[48,36,56,56,48,48,64,64,56,56,28,24,24,24,108,36,32,32,56,72,72,32,32,32,32,8]","[14,22,7,0,25,18,24,4,5,12,8,21,11,6,9,2,10,1,3,23,17,20,13,16,15,19]",5752390faf780ed0,3044d36bac49e96c,100,0.01,1.0,117600,0.9217402562587184,0.0046087012812935915,1.436732614494933,3.604099947551731e-05,0.0037902920003034524,3136,4.954221458000575,0.008885124999324034,33.81870045799951,0.9999912551474883,1.748962855085967e-05,0.9235515959213706,0.00418206946658645,2.624931827455157e-09,2.624931827455157e-09,1.4193508749630066,1.2827632287238906,1e-12
success,,N-N_1.42_sto-6g_as-010-006,hamiltonian_generator/comparable_diatomic_library/N-N/1.42/sto-6g/N-N_1.42_sto-6g_as-010-006.tensors.npz,N-N,1.42,sto-6g,10,6,16,656,1176,fermionic,random_groups,18,60323174,656,107184,0.4989015080990505,49,"[12,12,12,12,12,12,12,12,12,12,12,14,12,12,10,12,10,13,13,16,12,8,8,8,8,16,12,12,16,16,12,12,16,12,12,8,8,12,12,8,8,12,18,30,24,12,28,26,26]","[34,46,30,26,19,48,37,33,38,29,15,7,6,1,18,12,9,21,24,42,14,36,40,43,2,4,45,23,35,13,22,28,39,3,44,31,0,5,25,11,41,27,8,32,16,47,10,20,17]",7dd3fdd8dce854a3,e12ab74aea4dc89d,100,0.01,1.0,117600,1.1851224032934105,0.005925612016467052,2.3751183546347314,3.5291999665787444e-05,0.0037953330001982977,3136,4.954221458000575,0.008885124999324034,33.757501666999815,0.9999879150659272,2.4169722099953717e-05,0.924361754817015,0.00491628601136811,2.473021787352536e-12,2.473021787352536e-12,1.9614662547247643,2.3984080760925814,1e-12
success,,N-N_1.42_sto-6g_as-010-006,hamiltonian_generator/comparable_diatomic_library/N-N/1.42/sto-6g/N-N_1.42_sto-6g_as-010-006.tensors.npz,N-N,1.42,sto-6g,10,6,16,656,1176,jw,random_groups,19,241670715,1176,230944,0.3342654508611955,26,"[48,36,56,56,48,48,64,64,56,56,28,24,24,24,108,36,32,32,56,72,72,32,32,32,32,8]","[20,13,2,4,9,5,19,25,23,3,1,15,8,21,0,24,16,22,14,6,10,18,11,12,17,7]",a24711ccaa75e40e,45ff18d92adf8c9f,100,0.01,1.0,117600,1.6222215678787473,0.008111107839393736,4.4501964419589015,4.600000011123484e-05,0.0039046669999152073,3136,4.954221458000575,0.008885124999324034,34.71456725000007,0.999981346457271,3.7306737503350895e-05,0.9249076731902115,0.0061079526404529344,1.517762471259232e-09,1.517762249214627e-09,3.027585769669967,2.736233700663745,1e-12
success,,N-N_1.42_sto-6g_as-010-006,hamiltonian_generator/comparable_diatomic_library/N-N/1.42/sto-6g/N-N_1.42_sto-6g_as-010-006.tensors.npz,N-N,1.42,sto-6g,10,6,16,656,1176,fermionic,random_groups,19,4064277062,656,107184,0.4989015080990505,49,"[12,12,12,12,12,12,12,12,12,12,12,14,12,12,10,12,10,13,13,16,12,8,8,8,8,16,12,12,16,16,12,12,16,12,12,8,8,12,12,8,8,12,18,30,24,12,28,26,26]","[17,10,34,18,20,9,1,32,36,12,31,29,24,38,6,30,11,13,35,4,26,33,5,47,43,28,0,22,7,19,37,39,44,45,27,15,41,2,3,21,8,14,23,46,48,25,40,42,16]",651b72f8e51f1d87,48c59d2103eb5871,100,0.01,1.0,117600,0.7524195270421826,0.0037620976352109132,0.9573681073217901,4.562499998428393e-05,0.003884083000230021,3136,4.954221458000575,0.008885124999324034,34.36710545799997,0.9999939668123417,1.206633891737141e-05,0.9227309086203003,0.003473668855360195,2.450151193045258e-12,2.450373237650183e-12,0.9792299847974458,1.1973660511532827,1e-12
success,,N-N_1.42_sto-6g_as-012-006,hamiltonian_generator/comparable_diatomic_library/N-N/1.42/sto-6g/N-N_1.42_sto-6g_as-012-006.tensors.npz,N-N,1.42,sto-6g,12,6,18,1027,1883,baseline,jw_raw,-1,-1,,,,,[],[],4f53cda18c2baa0c,4035c397c6a5d593,100,0.01,1.0,188300,1.657821882903583,0.008289109414517914,1.0,2.087500070047099e-05,0.00855195799977082,7056,17.067134167000404,0.06967016700036766,69.5942271670001,0.9999883277784039,2.334430695150047e-05,1.999757648115617,0.004831608758198132,2.3180346531148643e-12,2.3180346531148643e-12,1.0,,1e-12
success,,N-N_1.42_sto-6g_as-012-006,hamiltonian_generator/comparable_diatomic_library/N-N/1.42/sto-6g/N-N_1.42_sto-6g_as-012-006.tensors.npz,N-N,1.42,sto-6g,12,6,18,1027,1883,jw,current,-1,-1,1883,554688,0.313046481664064,48,"[51,38,34,36,31,27,132,48,54,50,48,42,80,72,60,62,62,62,58,48,30,32,50,22,32,32,32,32,28,38,24,16,25,16,16,16,42,37,52,36,24,34,26,26,18,16,20,16]","[0,1,2,3,4,5,6,7,8,9,10,11,12,13,14,15,16,17,18,19,20,21,22,23,24,25,26,27,28,29,30,31,32,33,34,35,36,37,38,39,40,41,42,43,44,45,46,47]",54f4b625e44e4f3e,24d0c6c4d2cacb79,100,0.01,1.0,188300,1.8039417322744038,0.00901970866137202,1.1840479095189764,5.0082999223377556e-05,0.009519250000266766,7056,17.067134167000404,0.06967016700036766,70.21958004200042,0.9999847505278298,3.0498711794058053e-05,1.9997463819388828,0.005522584932844819,9.123537481059429e-10,9.123537481059429e-10,1.3064732166785413,1.0,1e-12
success,,N-N_1.42_sto-6g_as-012-006,hamiltonian_generator/comparable_diatomic_library/N-N/1.42/sto-6g/N-N_1.42_sto-6g_as-012-006.tensors.npz,N-N,1.42,sto-6g,12,6,18,1027,1883,fermionic,current,-1,-1,1027,254142,0.48237926852184015,86,"[15,17,14,15,15,15,12,12,9,14,15,16,16,14,14,12,10,12,17,11,11,11,10,14,12,11,10,9,10,10,15,12,10,8,13,11,9,9,11,9,12,9,9,10,12,9,10,11,11,12,12,11,9,12,10,11,10,11,11,10,10,10,11,11,11,10,15,14,14,19,11,9,8,8,9,18,23,17,27,23,20,16,6,2,1,2]","[0,1,2,3,4,5,6,7,8,9,10,11,12,13,14,15,16,17,18,19,20,21,22,23,24,25,26,27,28,29,30,31,32,33,34,35,36,37,38,39,40,41,42,43,44,45,46,47,48,49,50,51,52,53,54,55,56,57,58,59,60,61,62,63,64,65,66,67,68,69,70,71,72,73,74,75,76,77,78,79,80,81,82,83,84,85]",0e8dbf5ae56c5efd,571ef93667cd3cbf,100,0.01,1.0,188300,1.9571339313465563,0.009785669656732781,1.3936873467017366,5.1125000027241185e-05,0.009731874999488355,7056,17.067134167000404,0.06967016700036766,69.56033487500099,0.9999771190253015,4.576142585799303e-05,1.9997489316665182,0.006764757896405678,2.2315482794965646e-12,2.2315482794965646e-12,1.960282048769569,1.0,1e-12
success,,N-N_1.42_sto-6g_as-012-006,hamiltonian_generator/comparable_diatomic_library/N-N/1.42/sto-6g/N-N_1.42_sto-6g_as-012-006.tensors.npz,N-N,1.42,sto-6g,12,6,18,1027,1883,jw,reverse_groups,-1,-1,1883,554688,0.313046481664064,48,"[51,38,34,36,31,27,132,48,54,50,48,42,80,72,60,62,62,62,58,48,30,32,50,22,32,32,32,32,28,38,24,16,25,16,16,16,42,37,52,36,24,34,26,26,18,16,20,16]","[47,46,45,44,43,42,41,40,39,38,37,36,35,34,33,32,31,30,29,28,27,26,25,24,23,22,21,20,19,18,17,16,15,14,13,12,11,10,9,8,7,6,5,4,3,2,1,0]",802979d204226306,798acd1f17969597,100,0.01,1.0,188300,1.8039417322744038,0.00901970866137202,1.1840479095189764,5.4916001317906193e-05,0.009465375000218046,7056,17.067134167000404,0.06967016700036766,69.64178987499872,0.9999847628521142,3.0474063600793855e-05,1.9997758329910889,0.005520352866576641,9.054472727143548e-10,9.054473837366572e-10,1.3054173621048584,0.999191828381781,1e-12
success,,N-N_1.42_sto-6g_as-012-006,hamiltonian_generator/comparable_diatomic_library/N-N/1.42/sto-6g/N-N_1.42_sto-6g_as-012-006.tensors.npz,N-N,1.42,sto-6g,12,6,18,1027,1883,fermionic,reverse_groups,-1,-1,1027,254142,0.48237926852184015,86,"[15,17,14,15,15,15,12,12,9,14,15,16,16,14,14,12,10,12,17,11,11,11,10,14,12,11,10,9,10,10,15,12,10,8,13,11,9,9,11,9,12,9,9,10,12,9,10,11,11,12,12,11,9,12,10,11,10,11,11,10,10,10,11,11,11,10,15,14,14,19,11,9,8,8,9,18,23,17,27,23,20,16,6,2,1,2]","[85,84,83,82,81,80,79,78,77,76,75,74,73,72,71,70,69,68,67,66,65,64,63,62,61,60,59,58,57,56,55,54,53,52,51,50,49,48,47,46,45,44,43,42,41,40,39,38,37,36,35,34,33,32,31,30,29,28,27,26,25,24,23,22,21,20,19,18,17,16,15,14,13,12,11,10,9,8,7,6,5,4,3,2,1,0]",ea6858de7c29d334,ae22f5221e50aba6,100,0.01,1.0,188300,2.7943397007620434,0.013971698503810217,2.8410747885375796,4.895799975201953e-05,0.009061124999789172,7056,17.067134167000404,0.06967016700036766,69.80978866700025,0.9999775348831905,4.4929728937437297e-05,1.999714393457517,0.006703001836413003,2.2423174428354287e-12,2.2423174428354287e-12,1.924654650522808,0.9818253713698376,1e-12
success,,N-N_1.42_sto-6g_as-012-006,hamiltonian_generator/comparable_diatomic_library/N-N/1.42/sto-6g/N-N_1.42_sto-6g_as-012-006.tensors.npz,N-N,1.42,sto-6g,12,6,18,1027,1883,jw,random_groups,0,1210356562,1883,554688,0.313046481664064,48,"[51,38,34,36,31,27,132,48,54,50,48,42,80,72,60,62,62,62,58,48,30,32,50,22,32,32,32,32,28,38,24,16,25,16,16,16,42,37,52,36,24,34,26,26,18,16,20,16]","[32,5,7,26,24,44,45,4,39,9,16,0,47,38,28,30,46,21,33,29,15,10,22,20,11,25,19,3,13,1,27,2,18,14,17,6,35,31,40,23,42,8,34,36,43,41,37,12]",0b7553744053583b,4ddc6e18b66fe91a,100,0.01,1.0,188300,3.536601696565545,0.017683008482827726,4.550892386358329,5.7208000725950114e-05,0.008919084000808652,7056,17.067134167000404,0.06967016700036766,69.80002216700086,0.9999735713536021,5.285659432241463e-05,1.9997600980131203,0.0072703021117285676,7.32512694945342e-09,7.325127171498025e-09,2.2642177569129864,1.7330762911996984,1e-12
success,,N-N_1.42_sto-6g_as-012-006,hamiltonian_generator/comparable_diatomic_library/N-N/1.42/sto-6g/N-N_1.42_sto-6g_as-012-006.tensors.npz,N-N,1.42,sto-6g,12,6,18,1027,1883,fermionic,random_groups,0,2141709297,1027,254142,0.48237926852184015,86,"[15,17,14,15,15,15,12,12,9,14,15,16,16,14,14,12,10,12,17,11,11,11,10,14,12,11,10,9,10,10,15,12,10,8,13,11,9,9,11,9,12,9,9,10,12,9,10,11,11,12,12,11,9,12,10,11,10,11,11,10,10,10,11,11,11,10,15,14,14,19,11,9,8,8,9,18,23,17,27,23,20,16,6,2,1,2]","[61,0,62,31,37,30,53,4,70,13,19,63,17,82,14,52,81,83,79,48,68,40,34,74,51,67,25,33,54,2,22,84,71,65,29,56,72,21,78,66,23,6,77,49,28,46,50,32,20,80,75,9,69,73,36,39,18,26,59,11,1,10,35,44,8,3,76,7,45,42,47,16,15,38,27,41,24,55,5,57,85,60,58,12,64,43]",911e639ae7cf600c,9d2a9e6beb29f476,100,0.01,1.0,188300,1.9567719424223577,0.009783859712111789,1.3931718452131052,5.795899960503448e-05,0.010171291000006022,7056,17.067134167000404,0.06967016700036766,69.86688462500024,0.999976004504449,4.799041531822201e-05,1.9997654360377937,0.006927553038553803,2.337130489138417e-12,2.3372415114408795e-12,2.055765262936512,1.048708916263798,1e-12
success,,N-N_1.42_sto-6g_as-012-006,hamiltonian_generator/comparable_diatomic_library/N-N/1.42/sto-6g/N-N_1.42_sto-6g_as-012-006.tensors.npz,N-N,1.42,sto-6g,12,6,18,1027,1883,jw,random_groups,1,2762517863,1883,554688,0.313046481664064,48,"[51,38,34,36,31,27,132,48,54,50,48,42,80,72,60,62,62,62,58,48,30,32,50,22,32,32,32,32,28,38,24,16,25,16,16,16,42,37,52,36,24,34,26,26,18,16,20,16]","[27,21,39,2,40,34,9,19,14,24,26,43,8,18,35,47,16,15,7,45,10,13,32,12,0,23,33,11,42,6,17,29,4,1,37,31,20,46,30,28,44,3,36,41,25,22,5,38]",9aa24c9428e9035e,4ac03e7c21cd5b80,100,0.01,1.0,188300,2.2554141305135813,0.011277070652567906,1.8508740146340594,5.4959000408416614e-05,0.009861500000624801,7056,17.067134167000404,0.06967016700036766,69.8069156670008,0.9999716080405425,5.678311281154258e-05,1.9997400129660614,0.007535510527824165,2.46853104624023e-09,2.4685309352179274e-09,2.4324180165002844,1.8618200399731446,1e-12
success,,N-N_1.42_sto-6g_as-012-006,hamiltonian_generator/comparable_diatomic_library/N-N/1.42/sto-6g/N-N_1.42_sto-6g_as-012-006.tensors.npz,N-N,1.42,sto-6g,12,6,18,1027,1883,fermionic,random_groups,1,655775863,1027,254142,0.48237926852184015,86,"[15,17,14,15,15,15,12,12,9,14,15,16,16,14,14,12,10,12,17,11,11,11,10,14,12,11,10,9,10,10,15,12,10,8,13,11,9,9,11,9,12,9,9,10,12,9,10,11,11,12,12,11,9,12,10,11,10,11,11,10,10,10,11,11,11,10,15,14,14,19,11,9,8,8,9,18,23,17,27,23,20,16,6,2,1,2]","[50,17,6,80,9,22,66,2,13,29,67,59,47,81,83,42,60,49,31,64,1,38,27,16,52,51,23,72,56,61,11,75,25,84,10,20,82,69,70,34,0,55,78,15,35,26,7,39,40,71,21,63,54,30,73,5,58,37,32,24,12,45,68,43,18,57,44,48,4,33,3,77,36,74,41,65,8,46,76,79,62,85,28,14,19,53]",9c51e3a40235fab6,891b4a1f47040fa6,100,0.01,1.0,188300,2.6578652148234503,0.013289326074117251,2.5703376083849143,5.237500045041088e-05,0.009201958000630839,7056,17.067134167000404,0.06967016700036766,70.93202254199969,0.9999846335089942,3.073274588250019e-05,1.9997686669041057,0.005543733580494776,2.3178126085099393e-12,2.3178126085099393e-12,1.3164985341543765,0.6715862826886146,1e-12
success,,N-N_1.42_sto-6g_as-012-006,hamiltonian_generator/comparable_diatomic_library/N-N/1.42/sto-6g/N-N_1.42_sto-6g_as-012-006.tensors.npz,N-N,1.42,sto-6g,12,6,18,1027,1883,jw,random_groups,2,356889448,1883,554688,0.313046481664064,48,"[51,38,34,36,31,27,132,48,54,50,48,42,80,72,60,62,62,62,58,48,30,32,50,22,32,32,32,32,28,38,24,16,25,16,16,16,42,37,52,36,24,34,26,26,18,16,20,16]","[33,2,4,32,23,27,47,3,13,36,42,40,22,16,39,5,34,38,31,37,8,29,45,9,6,11,30,10,25,18,20,26,19,35,12,7,24,0,46,28,1,15,43,14,44,21,17,41]",0d7e3b68da1300a1,9d8db699d5b0acfb,100,0.01,1.0,188300,4.205933335773755,0.021029666678868776,6.43648903542804,5.370799954107497e-05,0.009261292001610855,7056,17.067134167000404,0.06967016700036766,69.84641241700047,0.9999178213512966,0.00016435054407648586,1.9996392019435882,0.012820191005083553,6.723139045483606e-09,6.723139045483606e-09,7.040283715337376,5.388770030231429,1e-12
success,,N-N_1.42_sto-6g_as-012-006,hamiltonian_generator/comparable_diatomic_library/N-N/1.42/sto-6g/N-N_1.42_sto-6g_as-012-006.tensors.npz,N-N,1.42,sto-6g,12,6,18,1027,1883,fermionic,random_groups,2,3721226621,1027,254142,0.48237926852184015,86,"[15,17,14,15,15,15,12,12,9,14,15,16,16,14,14,12,10,12,17,11,11,11,10,14,12,11,10,9,10,10,15,12,10,8,13,11,9,9,11,9,12,9,9,10,12,9,10,11,11,12,12,11,9,12,10,11,10,11,11,10,10,10,11,11,11,10,15,14,14,19,11,9,8,8,9,18,23,17,27,23,20,16,6,2,1,2]","[62,7,39,28,26,29,72,77,10,53,73,63,14,0,24,38,18,50,27,66,37,65,35,30,51,12,68,70,4,3,43,57,40,13,16,54,44,23,33,41,59,21,64,19,31,47,17,2,45,55,1,56,11,32,76,82,42,79,60,74,67,8,69,75,49,36,71,52,5,46,20,34,6,80,84,22,15,83,48,78,81,58,25,85,61,9]",e0eaf271be0190f6,684d6d3372a8a5fc,100,0.01,1.0,188300,1.8886990070544858,0.009443495035272429,1.297925509384916,5.4959000408416614e-05,0.009389165999891702,7056,17.067134167000404,0.06967016700036766,69.70158149999952,0.9999811557876034,3.768806968884597e-05,1.9997555271040377,0.006139089899426161,2.1790347304317947e-12,2.1790347304317947e-12,1.6144437171403603,0.8235772592794569,1e-12
success,,N-N_1.42_sto-6g_as-012-006,hamiltonian_generator/comparable_diatomic_library/N-N/1.42/sto-6g/N-N_1.42_sto-6g_as-012-006.tensors.npz,N-N,1.42,sto-6g,12,6,18,1027,1883,jw,random_groups,3,127881266,1883,554688,0.313046481664064,48,"[51,38,34,36,31,27,132,48,54,50,48,42,80,72,60,62,62,62,58,48,30,32,50,22,32,32,32,32,28,38,24,16,25,16,16,16,42,37,52,36,24,34,26,26,18,16,20,16]","[38,35,11,18,36,39,14,3,29,19,41,32,20,33,13,44,2,5,16,46,1,9,30,25,27,24,6,4,34,45,7,23,37,42,17,31,10,15,43,0,12,21,8,28,22,47,26,40]",707950e0386f82fe,4a0c4abc9e552993,100,0.01,1.0,188300,3.3691363839824304,0.01684568191991215,4.130108373459138,6.062499960535206e-05,0.009101666999413283,7056,17.067134167000404,0.06967016700036766,69.70626562500001,0.9999469201572588,0.00010615686801263013,1.99971661225537,0.010303382235088249,4.173122736261803e-09,4.1731226252395e-09,4.547441405443259,3.4807000613485672,1e-12
success,,N-N_1.42_sto-6g_as-012-006,hamiltonian_generator/comparable_diatomic_library/N-N/1.42/sto-6g/N-N_1.42_sto-6g_as-012-006.tensors.npz,N-N,1.42,sto-6g,12,6,18,1027,1883,fermionic,random_groups,3,3009769677,1027,254142,0.48237926852184015,86,"[15,17,14,15,15,15,12,12,9,14,15,16,16,14,14,12,10,12,17,11,11,11,10,14,12,11,10,9,10,10,15,12,10,8,13,11,9,9,11,9,12,9,9,10,12,9,10,11,11,12,12,11,9,12,10,11,10,11,11,10,10,10,11,11,11,10,15,14,14,19,11,9,8,8,9,18,23,17,27,23,20,16,6,2,1,2]","[23,46,82,53,21,28,14,20,61,24,57,80,65,16,58,27,70,51,4,55,63,78,2,39,56,84,11,7,52,31,76,64,60,49,66,12,67,37,47,29,10,6,41,79,73,69,43,3,8,38,59,40,32,74,71,72,45,35,68,26,9,48,62,33,83,81,75,42,25,0,36,15,13,22,34,17,30,85,19,50,1,54,77,5,18,44]",7bbc911d0ba33d51,835c915e498c622b,100,0.01,1.0,188300,1.9841617386976051,0.009920808693488025,1.432446483382528,5.8457999330130406e-05,0.009225833000527928,7056,17.067134167000404,0.06967016700036766,69.84376725000038,0.9999795785566588,4.08424696471954e-05,1.9997253632036904,0.006390843972629169,2.2222224060897133e-12,2.2222224060897133e-12,1.7495687377675706,0.8925086769354139,1e-12
success,,N-N_1.42_sto-6g_as-012-006,hamiltonian_generator/comparable_diatomic_library/N-N/1.42/sto-6g/N-N_1.42_sto-6g_as-012-006.tensors.npz,N-N,1.42,sto-6g,12,6,18,1027,1883,jw,random_groups,4,787011875,1883,554688,0.313046481664064,48,"[51,38,34,36,31,27,132,48,54,50,48,42,80,72,60,62,62,62,58,48,30,32,50,22,32,32,32,32,28,38,24,16,25,16,16,16,42,37,52,36,24,34,26,26,18,16,20,16]","[32,17,35,6,2,23,45,26,24,29,10,9,34,31,27,46,1,47,0,41,12,40,30,33,42,4,3,11,36,16,19,44,18,14,38,5,8,25,15,20,7,13,28,39,37,21,22,43]",0a0e8994cebe1dbf,5067acec01905af9,100,0.01,1.0,188300,2.3829875391424635,0.011914937695712318,2.0661783515815078,5.3375000788946636e-05,0.009511042000667658,7056,17.067134167000404,0.06967016700036766,70.22255316700102,0.9999635008292195,7.299700937157816e-05,1.9997167295188998,0.008543906691967557,6.192602874932618e-09,6.19260298595492e-09,3.1269726500441783,2.3934456597540583,1e-12
success,,N-N_1.42_sto-6g_as-012-006,hamiltonian_generator/comparable_diatomic_library/N-N/1.42/sto-6g/N-N_1.42_sto-6g_as-012-006.tensors.npz,N-N,1.42,sto-6g,12,6,18,1027,1883,fermionic,random_groups,4,1642975799,1027,254142,0.48237926852184015,86,"[15,17,14,15,15,15,12,12,9,14,15,16,16,14,14,12,10,12,17,11,11,11,10,14,12,11,10,9,10,10,15,12,10,8,13,11,9,9,11,9,12,9,9,10,12,9,10,11,11,12,12,11,9,12,10,11,10,11,11,10,10,10,11,11,11,10,15,14,14,19,11,9,8,8,9,18,23,17,27,23,20,16,6,2,1,2]","[2,30,73,71,80,66,37,43,56,31,19,79,70,74,82,6,42,62,77,29,81,27,58,50,28,35,83,72,55,59,24,45,64,10,16,84,47,51,76,3,26,21,41,22,67,40,48,54,44,53,7,23,15,68,46,57,49,9,11,34,85,17,61,69,36,33,14,78,13,18,1,12,60,63,0,25,65,32,75,39,8,20,38,4,5,52]",6e926182ff041946,a9dfee3b3091af7f,100,0.01,1.0,188300,2.014364226698781,0.010071821133493905,1.476387176700586,5.425000017567072e-05,0.00937766599963652,7056,17.067134167000404,0.06967016700036766,69.46532541700071,0.9999771835062268,4.563246695410417e-05,1.9997342766953534,0.006755219281892422,2.3006041516282494e-12,2.3008261962331744e-12,1.9547578366283909,0.9971819299449048,1e-12
success,,N-N_1.42_sto-6g_as-012-006,hamiltonian_generator/comparable_diatomic_library/N-N/1.42/sto-6g/N-N_1.42_sto-6g_as-012-006.tensors.npz,N-N,1.42,sto-6g,12,6,18,1027,1883,jw,random_groups,5,2035168904,1883,554688,0.313046481664064,48,"[51,38,34,36,31,27,132,48,54,50,48,42,80,72,60,62,62,62,58,48,30,32,50,22,32,32,32,32,28,38,24,16,25,16,16,16,42,37,52,36,24,34,26,26,18,16,20,16]","[46,41,37,4,44,1,20,0,23,25,16,45,47,10,22,17,32,33,26,35,36,29,14,24,13,30,7,31,21,34,43,11,38,15,39,3,28,19,40,9,42,5,8,27,6,2,18,12]",8f4e5a9b3ee640de,cdc124f0efa88cb4,100,0.01,1.0,188300,3.712754669643799,0.018563773348218994,5.015529279923475,5.91669995628763e-05,0.009445542000321439,7056,17.067134167000404,0.06967016700036766,69.79557970799942,0.9999124355254398,0.000175121281583146,1.9998126477307228,0.013233629476462862,6.179033507081044e-09,6.179033729125649e-09,7.5016697624381585,5.741923880774014,1e-12
success,,N-N_1.42_sto-6g_as-012-006,hamiltonian_generator/comparable_diatomic_library/N-N/1.42/sto-6g/N-N_1.42_sto-6g_as-012-006.tensors.npz,N-N,1.42,sto-6g,12,6,18,1027,1883,fermionic,random_groups,5,798141276,1027,254142,0.48237926852184015,86,"[15,17,14,15,15,15,12,12,9,14,15,16,16,14,14,12,10,12,17,11,11,11,10,14,12,11,10,9,10,10,15,12,10,8,13,11,9,9,11,9,12,9,9,10,12,9,10,11,11,12,12,11,9,12,10,11,10,11,11,10,10,10,11,11,11,10,15,14,14,19,11,9,8,8,9,18,23,17,27,23,20,16,6,2,1,2]","[70,15,14,62,26,33,84,68,31,73,32,45,77,34,81,74,36,9,67,55,50,19,13,56,3,63,24,38,69,54,48,61,12,43,1,21,78,30,49,71,22,65,53,23,25,11,7,60,52,82,29,44,20,4,39,5,47,85,28,80,79,10,66,64,51,75,76,72,40,17,59,42,6,35,18,46,57,8,58,41,83,2,37,27,0,16]",5449802f5d8d26e6,5f298b138f8eba2b,100,0.01,1.0,188300,1.8570997252538786,0.009285498626269394,1.2548583810583158,5.783400047221221e-05,0.009454667000682093,7056,17.067134167000404,0.06967016700036766,69.48749979199965,0.9999824110946325,3.5177501365390995e-05,1.999740546630584,0.005931088494958747,2.330913240200516e-12,2.330691195595591e-12,1.5068985101367482,0.7687151504971437,1e-12
success,,N-N_1.42_sto-6g_as-012-006,hamiltonian_generator/comparable_diatomic_library/N-N/1.42/sto-6g/N-N_1.42_sto-6g_as-012-006.tensors.npz,N-N,1.42,sto-6g,12,6,18,1027,1883,jw,random_groups,6,1711018150,1883,554688,0.313046481664064,48,"[51,38,34,36,31,27,132,48,54,50,48,42,80,72,60,62,62,62,58,48,30,32,50,22,32,32,32,32,28,38,24,16,25,16,16,16,42,37,52,36,24,34,26,26,18,16,20,16]","[26,37,31,3,44,35,33,21,14,7,34,15,6,46,10,4,43,1,5,18,9,27,38,16,32,36,23,41,8,25,47,11,22,0,39,19,13,42,40,45,29,24,30,17,12,2,20,28]",ab7c12188cb56bde,a8f9757c6c12ce54,100,0.01,1.0,188300,3.7864029269435644,0.01893201463471782,5.216484466406696,5.5750000683474354e-05,0.009604165999917313,7056,17.067134167000404,0.06967016700036766,69.33838512500006,0.999900040601628,0.00019990880486275842,1.999736011156462,0.014139264363611027,7.13074066460706e-09,7.130740553584758e-09,8.563492815532445,6.554663889171407,1e-12
success,,N-N_1.42_sto-6g_as-012-006,hamiltonian_generator/comparable_diatomic_library/N-N/1.42/sto-6g/N-N_1.42_sto-6g_as-012-006.tensors.npz,N-N,1.42,sto-6g,12,6,18,1027,1883,fermionic,random_groups,6,1961245444,1027,254142,0.48237926852184015,86,"[15,17,14,15,15,15,12,12,9,14,15,16,16,14,14,12,10,12,17,11,11,11,10,14,12,11,10,9,10,10,15,12,10,8,13,11,9,9,11,9,12,9,9,10,12,9,10,11,11,12,12,11,9,12,10,11,10,11,11,10,10,10,11,11,11,10,15,14,14,19,11,9,8,8,9,18,23,17,27,23,20,16,6,2,1,2]","[76,48,22,58,46,83,66,34,27,60,31,79,84,35,25,18,64,82,53,74,47,59,77,38,32,11,70,41,72,37,54,24,85,81,75,6,51,5,2,39,50,73,15,7,67,44,4,55,56,0,52,78,20,69,65,28,42,61,57,8,49,21,63,14,30,80,13,43,19,9,45,16,23,29,40,10,62,1,17,26,36,71,68,12,3,33]",cc9bf217e1f4e809,f9762220067e60de,100,0.01,1.0,188300,2.2540795380183307,0.011270397690091654,1.8486842334284195,5.458300074678846e-05,0.009212416000082158,7056,17.067134167000404,0.06967016700036766,69.74757354099893,0.999967860492117,6.427798281793962e-05,1.9997044839971256,0.008017419520387405,2.2732926652224705e-12,2.273181642920008e-12,2.753475738280939,1.4046324303225868,1e-12
success,,N-N_1.42_sto-6g_as-012-006,hamiltonian_generator/comparable_diatomic_library/N-N/1.42/sto-6g/N-N_1.42_sto-6g_as-012-006.tensors.npz,N-N,1.42,sto-6g,12,6,18,1027,1883,jw,random_groups,7,4014239043,1883,554688,0.313046481664064,48,"[51,38,34,36,31,27,132,48,54,50,48,42,80,72,60,62,62,62,58,48,30,32,50,22,32,32,32,32,28,38,24,16,25,16,16,16,42,37,52,36,24,34,26,26,18,16,20,16]","[26,39,24,38,0,41,35,16,25,46,42,1,20,31,18,28,47,37,40,5,13,22,8,17,23,9,19,7,33,11,30,27,12,10,34,14,45,21,15,3,43,36,6,29,44,2,4,32]",fd581a008e936772,4d54fe15101b071c,100,0.01,1.0,188300,3.7231284486645984,0.018615642243322992,5.043596138823354,5.833300019730814e-05,0.009592999998858431,7056,17.067134167000404,0.06967016700036766,69.33867162499882,0.999899509184923,0.00020097153175013815,1.9997997574359758,0.014176799009438945,1.5684247234304394e-09,1.5684248344527418e-09,8.60901684370718,6.58950886539715,1e-12
success,,N-N_1.42_sto-6g_as-012-006,hamiltonian_generator/comparable_diatomic_library/N-N/1.42/sto-6g/N-N_1.42_sto-6g_as-012-006.tensors.npz,N-N,1.42,sto-6g,12,6,18,1027,1883,fermionic,random_groups,7,3176632585,1027,254142,0.48237926852184015,86,"[15,17,14,15,15,15,12,12,9,14,15,16,16,14,14,12,10,12,17,11,11,11,10,14,12,11,10,9,10,10,15,12,10,8,13,11,9,9,11,9,12,9,9,10,12,9,10,11,11,12,12,11,9,12,10,11,10,11,11,10,10,10,11,11,11,10,15,14,14,19,11,9,8,8,9,18,23,17,27,23,20,16,6,2,1,2]","[78,6,38,16,10,52,39,55,44,53,80,46,51,77,15,14,69,47,58,2,34,62,24,21,75,26,45,68,43,82,27,31,19,23,71,84,5,74,50,42,70,37,28,54,32,11,48,1,72,8,29,17,63,83,35,41,3,79,7,0,25,22,56,81,30,64,49,67,33,20,60,66,85,76,36,18,4,40,12,9,59,57,73,65,13,61]",a585ed29d53fda42,0fdeb8e923777445,100,0.01,1.0,188300,2.962996858447365,0.014814984292236827,3.1943805007553037,5.07909990119515e-05,0.00960145899989584,7056,17.067134167000404,0.06967016700036766,70.20536812499995,0.9999720094039178,5.598040869081444e-05,1.999741855407029,0.007482058016637049,2.307154467473538e-12,2.307154467473538e-12,2.3980325827242543,1.223309974311836,1e-12
success,,N-N_1.42_sto-6g_as-012-006,hamiltonian_generator/comparable_diatomic_library/N-N/1.42/sto-6g/N-N_1.42_sto-6g_as-012-006.tensors.npz,N-N,1.42,sto-6g,12,6,18,1027,1883,jw,random_groups,8,3505763577,1883,554688,0.313046481664064,48,"[51,38,34,36,31,27,132,48,54,50,48,42,80,72,60,62,62,62,58,48,30,32,50,22,32,32,32,32,28,38,24,16,25,16,16,16,42,37,52,36,24,34,26,26,18,16,20,16]","[18,17,43,20,16,10,13,41,32,22,27,36,42,35,38,12,0,3,7,5,39,23,45,8,25,24,6,21,4,26,28,2,14,15,47,44,30,34,31,19,33,1,37,46,40,11,9,29]",0b25880fe8e94571,1d43766927be5ec0,100,0.01,1.0,188300,3.520025396514098,0.01760012698257049,4.508331659988181,6.116599979577586e-05,0.00910120799926517,7056,17.067134167000404,0.06967016700036766,69.70853620900016,0.9999615365488684,7.692542282611292e-05,1.9997720774180279,0.00877079826829521,2.970340862162857e-09,2.9703409731851593e-09,3.2952540842583673,2.522251541165093,1e-12
success,,N-N_1.42_sto-6g_as-012-006,hamiltonian_generator/comparable_diatomic_library/N-N/1.42/sto-6g/N-N_1.42_sto-6g_as-012-006.tensors.npz,N-N,1.42,sto-6g,12,6,18,1027,1883,fermionic,random_groups,8,1309813757,1027,254142,0.48237926852184015,86,"[15,17,14,15,15,15,12,12,9,14,15,16,16,14,14,12,10,12,17,11,11,11,10,14,12,11,10,9,10,10,15,12,10,8,13,11,9,9,11,9,12,9,9,10,12,9,10,11,11,12,12,11,9,12,10,11,10,11,11,10,10,10,11,11,11,10,15,14,14,19,11,9,8,8,9,18,23,17,27,23,20,16,6,2,1,2]","[25,23,59,71,10,18,70,61,15,38,64,42,80,29,57,74,76,83,50,65,66,44,24,60,21,32,30,26,63,27,45,49,16,52,77,51,68,48,37,22,40,79,69,47,33,43,58,6,81,31,36,20,35,14,0,2,7,11,13,34,19,56,67,41,46,73,55,12,75,39,8,85,84,54,28,72,5,3,82,17,4,78,53,62,1,9]",b8b82b176e6179f6,d37d2e84d3000966,100,0.01,1.0,188300,2.0623736142719937,0.010311868071359968,1.5476008216029529,6.145900078990962e-05,0.00895779200072866,7056,17.067134167000404,0.06967016700036766,70.17925816599927,0.9999755619747767,4.887545322962428e-05,1.9997169415773894,0.006991140854444135,2.3202550991641147e-12,2.319922032256727e-12,2.093677629032494,1.0680491770797245,1e-12
success,,N-N_1.42_sto-6g_as-012-006,hamiltonian_generator/comparable_diatomic_library/N-N/1.42/sto-6g/N-N_1.42_sto-6g_as-012-006.tensors.npz,N-N,1.42,sto-6g,12,6,18,1027,1883,jw,random_groups,9,1660266936,1883,554688,0.313046481664064,48,"[51,38,34,36,31,27,132,48,54,50,48,42,80,72,60,62,62,62,58,48,30,32,50,22,32,32,32,32,28,38,24,16,25,16,16,16,42,37,52,36,24,34,26,26,18,16,20,16]","[1,47,6,31,15,34,30,7,45,26,29,38,20,16,35,43,11,23,39,0,22,33,18,28,19,40,42,46,36,14,9,4,10,44,8,37,3,25,13,27,41,2,17,21,12,32,24,5]",16a7ba7d0b096c49,995b62d7bc8c900a,100,0.01,1.0,188300,2.985041047338966,0.014925205236694829,3.242088600152348,5.933399916102644e-05,0.009379333001561463,7056,17.067134167000404,0.06967016700036766,70.00532399999975,0.9999367585740999,0.00012647885232219824,1.9997841533975456,0.011246459522897385,2.0176476045463687e-09,2.0176476045463687e-09,5.417974180384427,4.147022771854896,1e-12
success,,N-N_1.42_sto-6g_as-012-006,hamiltonian_generator/comparable_diatomic_library/N-N/1.42/sto-6g/N-N_1.42_sto-6g_as-012-006.tensors.npz,N-N,1.42,sto-6g,12,6,18,1027,1883,fermionic,random_groups,9,3136468736,1027,254142,0.48237926852184015,86,"[15,17,14,15,15,15,12,12,9,14,15,16,16,14,14,12,10,12,17,11,11,11,10,14,12,11,10,9,10,10,15,12,10,8,13,11,9,9,11,9,12,9,9,10,12,9,10,11,11,12,12,11,9,12,10,11,10,11,11,10,10,10,11,11,11,10,15,14,14,19,11,9,8,8,9,18,23,17,27,23,20,16,6,2,1,2]","[84,60,71,43,10,27,68,52,73,11,79,33,75,36,5,34,72,41,8,61,74,49,14,42,54,0,64,80,70,31,20,67,32,24,19,44,2,13,53,18,59,82,37,76,65,47,78,35,85,38,16,4,48,17,3,12,63,26,81,9,7,46,23,77,40,83,29,51,69,6,56,57,28,45,15,62,50,25,66,39,22,30,55,58,1,21]",352c4f5e38723a1b,084f9009bab1f9ce,100,0.01,1.0,188300,1.8162823974201026,0.009081411987100513,1.2003033331128596,5.149999924469739e-05,0.009186707999106147,7056,17.067134167000404,0.06967016700036766,69.60156866599937,0.9999839556610052,3.208842056878769e-05,1.9997692895896337,0.005664686927770156,2.2492008255881046e-12,2.2489787809831796e-12,1.3745715662261366,0.7012111175985765,1e-12
success,,N-N_1.42_sto-6g_as-012-006,hamiltonian_generator/comparable_diatomic_library/N-N/1.42/sto-6g/N-N_1.42_sto-6g_as-012-006.tensors.npz,N-N,1.42,sto-6g,12,6,18,1027,1883,jw,random_groups,10,2899134699,1883,554688,0.313046481664064,48,"[51,38,34,36,31,27,132,48,54,50,48,42,80,72,60,62,62,62,58,48,30,32,50,22,32,32,32,32,28,38,24,16,25,16,16,16,42,37,52,36,24,34,26,26,18,16,20,16]","[46,15,8,4,2,47,30,34,35,31,39,14,45,21,16,17,3,27,29,22,24,41,13,19,10,33,42,25,11,28,32,36,6,18,7,0,37,5,40,43,23,26,12,1,9,38,20,44]",f85d9939e07cd644,2502b9ed7c256e9a,100,0.01,1.0,188300,3.000350759461999,0.015001753797309995,3.2754300033466603,5.916599911870435e-05,0.00998608299960324,7056,17.067134167000404,0.06967016700036766,69.26917904200127,0.9999318562855706,0.00013628278529298488,1.999656124992861,0.01167422069599723,8.395148021200782e-09,8.395148021200782e-09,5.837945224766041,4.468476774141534,1e-12
success,,N-N_1.42_sto-6g_as-012-006,hamiltonian_generator/comparable_diatomic_library/N-N/1.42/sto-6g/N-N_1.42_sto-6g_as-012-006.tensors.npz,N-N,1.42,sto-6g,12,6,18,1027,1883,fermionic,random_groups,10,1912219540,1027,254142,0.48237926852184015,86,"[15,17,14,15,15,15,12,12,9,14,15,16,16,14,14,12,10,12,17,11,11,11,10,14,12,11,10,9,10,10,15,12,10,8,13,11,9,9,11,9,12,9,9,10,12,9,10,11,11,12,12,11,9,12,10,11,10,11,11,10,10,10,11,11,11,10,15,14,14,19,11,9,8,8,9,18,23,17,27,23,20,16,6,2,1,2]","[66,17,53,72,8,18,57,80,11,84,76,78,64,33,62,41,22,0,30,3,51,83,73,5,48,37,24,9,36,85,65,61,63,69,34,77,75,58,43,27,35,68,39,59,13,7,50,28,46,31,1,15,19,71,56,40,25,79,55,47,38,29,49,10,82,44,12,60,21,74,70,54,42,81,52,67,20,23,16,2,4,32,14,6,45,26]",e11681f41a7ea72d,6fac0d144ae2e0e3,100,0.01,1.0,188300,2.659682874820163,0.013298414374100816,2.5738544138012385,5.666600009135436e-05,0.009425833000932471,7056,17.067134167000404,0.06967016700036766,70.17636487500022,0.9999822307639333,3.5538156387571185e-05,1.9997405101849937,0.00596141527938912,2.2536417176866053e-12,2.2538637622915303e-12,1.5223478881341108,0.7765963520859965,1e-12
success,,N-N_1.42_sto-6g_as-012-006,hamiltonian_generator/comparable_diatomic_library/N-N/1.42/sto-6g/N-N_1.42_sto-6g_as-012-006.tensors.npz,N-N,1.42,sto-6g,12,6,18,1027,1883,jw,random_groups,11,1080384583,1883,554688,0.313046481664064,48,"[51,38,34,36,31,27,132,48,54,50,48,42,80,72,60,62,62,62,58,48,30,32,50,22,32,32,32,32,28,38,24,16,25,16,16,16,42,37,52,36,24,34,26,26,18,16,20,16]","[40,4,27,35,45,29,23,21,1,25,44,15,24,10,11,38,33,7,32,22,43,47,26,31,14,16,30,20,3,2,34,41,8,6,9,12,42,37,39,0,19,18,46,5,28,36,17,13]",497ddba26c90b2cd,8985a62d7ecd942f,100,0.01,1.0,188300,2.3940811502170236,0.011970405751085118,2.0854606449570205,5.58340016141301e-05,0.008959082999353996,7056,17.067134167000404,0.06967016700036766,70.04230737500075,0.9999597028328805,8.059271037730298e-05,1.9997264536632866,0.008977434724854018,3.955161753665948e-09,3.955161753665948e-09,3.4523496690109634,2.642495555927203,1e-12
success,,N-N_1.42_sto-6g_as-012-006,hamiltonian_generator/comparable_diatomic_library/N-N/1.42/sto-6g/N-N_1.42_sto-6g_as-012-006.tensors.npz,N-N,1.42,sto-6g,12,6,18,1027,1883,fermionic,random_groups,11,1712851842,1027,254142,0.48237926852184015,86,"[15,17,14,15,15,15,12,12,9,14,15,16,16,14,14,12,10,12,17,11,11,11,10,14,12,11,10,9,10,10,15,12,10,8,13,11,9,9,11,9,12,9,9,10,12,9,10,11,11,12,12,11,9,12,10,11,10,11,11,10,10,10,11,11,11,10,15,14,14,19,11,9,8,8,9,18,23,17,27,23,20,16,6,2,1,2]","[64,83,40,45,4,65,19,44,7,20,61,17,29,15,41,68,81,66,10,73,48,72,2,8,56,47,60,0,27,31,23,58,22,43,79,9,1,37,14,69,24,77,53,5,26,11,42,76,46,3,6,62,75,59,21,49,32,80,54,33,12,18,63,55,71,13,28,85,39,82,51,25,38,67,30,84,50,74,35,16,70,34,52,36,78,57]",be4b0346de9b9835,7f253918a905962e,100,0.01,1.0,188300,1.7819136333212706,0.008909568166606353,1.1553074272554695,5.554200106416829e-05,0.009668500000771019,7056,17.067134167000404,0.06967016700036766,70.17654008299905,0.9999836954056126,3.260892293499573e-05,1.999745593866541,0.00571044558460987,2.319033853837027e-12,2.3189228315345645e-12,1.3968683243731839,0.7125853778286503,1e-12
success,,N-N_1.42_sto-6g_as-012-006,hamiltonian_generator/comparable_diatomic_library/N-N/1.42/sto-6g/N-N_1.42_sto-6g_as-012-006.tensors.npz,N-N,1.42,sto-6g,12,6,18,1027,1883,jw,random_groups,12,3061551492,1883,554688,0.313046481664064,48,"[51,38,34,36,31,27,132,48,54,50,48,42,80,72,60,62,62,62,58,48,30,32,50,22,32,32,32,32,28,38,24,16,25,16,16,16,42,37,52,36,24,34,26,26,18,16,20,16]","[1,19,6,20,8,4,45,41,18,2,23,3,14,24,42,12,25,13,43,11,33,35,21,9,30,7,38,39,5,36,47,28,16,31,10,37,34,27,26,17,0,44,46,15,29,40,22,32]",69d56514f6f6c7b9,c9a5c103481e2319,100,0.01,1.0,188300,3.7629453334736747,0.018814726667368373,5.152050156734766,5.604200123343617e-05,0.009892374999253661,7056,17.067134167000404,0.06967016700036766,69.8413459580006,0.9999161017423209,0.00016778947644047193,1.999617608052337,0.012953629428007537,4.5541694859707604e-09,4.554169819037668e-09,7.187597249687772,5.501526673436801,1e-12
success,,N-N_1.42_sto-6g_as-012-006,hamiltonian_generator/comparable_diatomic_library/N-N/1.42/sto-6g/N-N_1.42_sto-6g_as-012-006.tensors.npz,N-N,1.42,sto-6g,12,6,18,1027,1883,fermionic,random_groups,12,1608290837,1027,254142,0.48237926852184015,86,"[15,17,14,15,15,15,12,12,9,14,15,16,16,14,14,12,10,12,17,11,11,11,10,14,12,11,10,9,10,10,15,12,10,8,13,11,9,9,11,9,12,9,9,10,12,9,10,11,11,12,12,11,9,12,10,11,10,11,11,10,10,10,11,11,11,10,15,14,14,19,11,9,8,8,9,18,23,17,27,23,20,16,6,2,1,2]","[51,63,29,14,31,12,80,21,83,70,41,38,46,33,79,75,13,3,1,25,30,72,49,53,9,62,85,58,65,64,52,35,20,37,61,44,32,45,10,48,67,40,56,7,50,47,57,28,2,69,18,42,66,6,19,23,15,24,73,22,4,55,16,27,84,43,59,34,39,71,0,77,26,54,17,5,8,81,68,36,76,11,74,60,78,82]",34a17b932d91f9de,c48c23aea44165ab,100,0.01,1.0,188300,2.6822470009073456,0.013411235004536727,2.617711620200141,0.0001567090002936311,0.011263000000326429,7056,17.067134167000404,0.06967016700036766,69.70935762500085,0.9999778900359857,4.421943917809479e-05,1.9997585746905782,0.006649806615880677,2.417177569213891e-12,2.417177569213891e-12,1.8942279704410996,0.9663037885951513,1e-12
success,,N-N_1.42_sto-6g_as-012-006,hamiltonian_generator/comparable_diatomic_library/N-N/1.42/sto-6g/N-N_1.42_sto-6g_as-012-006.tensors.npz,N-N,1.42,sto-6g,12,6,18,1027,1883,jw,random_groups,13,4085994837,1883,554688,0.313046481664064,48,"[51,38,34,36,31,27,132,48,54,50,48,42,80,72,60,62,62,62,58,48,30,32,50,22,32,32,32,32,28,38,24,16,25,16,16,16,42,37,52,36,24,34,26,26,18,16,20,16]","[20,36,30,0,11,29,18,38,32,44,6,19,37,31,14,42,23,12,17,40,10,45,3,35,7,28,5,34,21,2,4,25,41,1,39,27,46,16,8,9,24,13,15,43,33,22,47,26]",e8b06b96ce38b7d2,988d555e8c0f62fb,100,0.01,1.0,188300,3.165485930722169,0.015827429653610846,3.645902406946326,5.766700087406207e-05,0.00953174999995099,7056,17.067134167000404,0.06967016700036766,69.76490104099867,0.9999725682710474,5.4862705405445134e-05,1.999760975634725,0.007406987100378556,1.7957170195259664e-09,1.795716686459059e-09,2.3501535307698993,1.7988532032403357,1e-12
success,,N-N_1.42_sto-6g_as-012-006,hamiltonian_generator/comparable_diatomic_library/N-N/1.42/sto-6g/N-N_1.42_sto-6g_as-012-006.tensors.npz,N-N,1.42,sto-6g,12,6,18,1027,1883,fermionic,random_groups,13,784840352,1027,254142,0.48237926852184015,86,"[15,17,14,15,15,15,12,12,9,14,15,16,16,14,14,12,10,12,17,11,11,11,10,14,12,11,10,9,10,10,15,12,10,8,13,11,9,9,11,9,12,9,9,10,12,9,10,11,11,12,12,11,9,12,10,11,10,11,11,10,10,10,11,11,11,10,15,14,14,19,11,9,8,8,9,18,23,17,27,23,20,16,6,2,1,2]","[46,20,36,16,6,40,8,15,74,59,27,24,19,5,30,35,67,22,21,23,13,47,84,44,17,52,33,51,61,4,73,80,1,43,60,34,14,2,75,58,32,49,83,37,54,78,25,53,39,11,50,29,48,3,82,41,55,72,45,81,26,71,68,7,9,62,66,77,76,56,12,70,28,65,31,18,10,57,0,85,64,79,42,63,69,38]",3ad15e1f1019a4db,4e2188b28a9a7f7e,100,0.01,1.0,188300,1.4339709918173125,0.007169854959086563,0.7481781073815233,5.6708000556682236e-05,0.009146000000328058,7056,17.067134167000404,0.06967016700036766,69.83354191699982,0.9999936664904435,1.2666978999598122e-05,1.9997677282447959,0.003559075598094989,2.1925794513322217e-12,2.1925794513322217e-12,0.542615337688744,0.27680472717144616,1e-12
success,,N-N_1.42_sto-6g_as-012-006,hamiltonian_generator/comparable_diatomic_library/N-N/1.42/sto-6g/N-N_1.42_sto-6g_as-012-006.tensors.npz,N-N,1.42,sto-6g,12,6,18,1027,1883,jw,random_groups,14,1689819467,1883,554688,0.313046481664064,48,"[51,38,34,36,31,27,132,48,54,50,48,42,80,72,60,62,62,62,58,48,30,32,50,22,32,32,32,32,28,38,24,16,25,16,16,16,42,37,52,36,24,34,26,26,18,16,20,16]","[39,2,23,29,33,16,22,41,1,15,12,21,0,14,45,35,8,28,32,11,25,42,37,47,30,10,31,27,9,46,36,38,4,20,3,34,17,7,26,44,19,6,13,43,24,18,40,5]",c9224f7581453054,6834d1ea21782740,100,0.01,1.0,188300,3.4478234052937253,0.017239117026468628,4.325280638300652,5.329099985829089e-05,0.009274666999772307,7056,17.067134167000404,0.06967016700036766,70.04751108300115,0.9999207359999133,0.00015852171739172416,1.9997675617132307,0.012590790291854736,3.689476057999741e-09,3.6894761690220435e-09,6.790594285838718,5.197652886526451,1e-12
success,,N-N_1.42_sto-6g_as-012-006,hamiltonian_generator/comparable_diatomic_library/N-N/1.42/sto-6g/N-N_1.42_sto-6g_as-012-006.tensors.npz,N-N,1.42,sto-6g,12,6,18,1027,1883,fermionic,random_groups,14,496154559,1027,254142,0.48237926852184015,86,"[15,17,14,15,15,15,12,12,9,14,15,16,16,14,14,12,10,12,17,11,11,11,10,14,12,11,10,9,10,10,15,12,10,8,13,11,9,9,11,9,12,9,9,10,12,9,10,11,11,12,12,11,9,12,10,11,10,11,11,10,10,10,11,11,11,10,15,14,14,19,11,9,8,8,9,18,23,17,27,23,20,16,6,2,1,2]","[9,34,2,1,78,35,11,15,71,40,48,46,42,70,17,29,0,26,24,60,59,62,52,41,7,33,38,4,54,73,36,37,53,82,58,66,13,20,51,27,55,80,57,14,49,64,6,85,32,50,69,8,63,10,56,3,23,84,30,5,83,21,76,25,45,77,28,22,81,75,16,39,43,65,19,72,44,47,31,18,12,74,68,67,61,79]",215e1db257acd3bc,6948afb670de0831,100,0.01,1.0,188300,1.9665372239401262,0.009832686119700632,1.4071118064113988,4.970800000592135e-05,0.009114833001149236,7056,17.067134167000404,0.06967016700036766,70.42634729200108,0.9999777197335136,4.456003656261309e-05,1.9997292172448298,0.006675367628292792,2.2359891715950653e-12,2.2362112161999903e-12,1.9088181394799972,0.9737466813401292,1e-12
success,,N-N_1.42_sto-6g_as-012-006,hamiltonian_generator/comparable_diatomic_library/N-N/1.42/sto-6g/N-N_1.42_sto-6g_as-012-006.tensors.npz,N-N,1.42,sto-6g,12,6,18,1027,1883,jw,random_groups,15,1681282760,1883,554688,0.313046481664064,48,"[51,38,34,36,31,27,132,48,54,50,48,42,80,72,60,62,62,62,58,48,30,32,50,22,32,32,32,32,28,38,24,16,25,16,16,16,42,37,52,36,24,34,26,26,18,16,20,16]","[1,38,11,7,33,35,43,39,45,26,3,0,20,23,27,40,36,8,17,46,19,18,4,25,24,47,34,13,28,37,16,9,21,29,14,42,31,5,44,12,32,10,15,6,2,30,41,22]",980a17343bfdb02e,2d0041e4681fc8bf,100,0.01,1.0,188300,3.548707071738335,0.017743535358691675,4.582100053045058,5.308300023898482e-05,0.009338707999631879,7056,17.067134167000404,0.06967016700036766,69.65551412500099,0.9999014223612663,0.00019714555991645621,1.999784204215975,0.014041199288783394,7.572308335923594e-10,7.572308335923594e-10,8.445123700868084,6.4640618675201,1e-12
success,,N-N_1.42_sto-6g_as-012-006,hamiltonian_generator/comparable_diatomic_library/N-N/1.42/sto-6g/N-N_1.42_sto-6g_as-012-006.tensors.npz,N-N,1.42,sto-6g,12,6,18,1027,1883,fermionic,random_groups,15,3060556930,1027,254142,0.48237926852184015,86,"[15,17,14,15,15,15,12,12,9,14,15,16,16,14,14,12,10,12,17,11,11,11,10,14,12,11,10,9,10,10,15,12,10,8,13,11,9,9,11,9,12,9,9,10,12,9,10,11,11,12,12,11,9,12,10,11,10,11,11,10,10,10,11,11,11,10,15,14,14,19,11,9,8,8,9,18,23,17,27,23,20,16,6,2,1,2]","[58,24,41,10,59,53,22,4,42,14,48,11,30,38,40,45,21,51,47,20,52,0,34,35,31,66,75,13,6,1,23,46,65,56,62,78,74,79,76,18,26,54,19,83,12,81,5,2,82,85,32,15,49,16,43,36,8,44,9,7,27,61,33,72,3,17,71,25,80,57,39,68,55,73,67,70,50,77,28,84,37,64,63,60,29,69]",eae59dd3eaef700b,e21889a9e8ae0d0e,100,0.01,1.0,188300,1.8571936250797467,0.009285968125398733,1.254985282118921,5.375000000640284e-05,0.00908158299898787,7056,17.067134167000404,0.06967016700036766,69.48049179100053,0.9999803864356533,3.9226744001363834e-05,1.9997742263017033,0.006263156448094586,2.201683280134148e-12,2.2015722578316854e-12,1.6803559035982651,0.8572010872889398,1e-12
success,,N-N_1.42_sto-6g_as-012-006,hamiltonian_generator/comparable_diatomic_library/N-N/1.42/sto-6g/N-N_1.42_sto-6g_as-012-006.tensors.npz,N-N,1.42,sto-6g,12,6,18,1027,1883,jw,random_groups,16,2087612198,1883,554688,0.313046481664064,48,"[51,38,34,36,31,27,132,48,54,50,48,42,80,72,60,62,62,62,58,48,30,32,50,22,32,32,32,32,28,38,24,16,25,16,16,16,42,37,52,36,24,34,26,26,18,16,20,16]","[42,20,18,24,35,38,46,14,43,30,41,13,1,44,16,39,23,32,33,11,3,4,12,21,27,15,2,10,45,6,25,8,9,26,36,47,0,37,19,31,7,17,40,5,29,34,28,22]",7cd19c1ec8ac056f,c927f4f694abea24,100,0.01,1.0,188300,3.7560320224958654,0.01878016011247933,5.133136777357976,5.566700019699056e-05,0.009308250000685803,7056,17.067134167000404,0.06967016700036766,70.39573995900173,0.9999587525973084,8.249310403507515e-05,1.999761439291145,0.009082665103550202,1.0409052730864232e-08,1.0409052397797325e-08,3.533756825870251,2.704806176474213,1e-12
success,,N-N_1.42_sto-6g_as-012-006,hamiltonian_generator/comparable_diatomic_library/N-N/1.42/sto-6g/N-N_1.42_sto-6g_as-012-006.tensors.npz,N-N,1.42,sto-6g,12,6,18,1027,1883,fermionic,random_groups,16,1778194441,1027,254142,0.48237926852184015,86,"[15,17,14,15,15,15,12,12,9,14,15,16,16,14,14,12,10,12,17,11,11,11,10,14,12,11,10,9,10,10,15,12,10,8,13,11,9,9,11,9,12,9,9,10,12,9,10,11,11,12,12,11,9,12,10,11,10,11,11,10,10,10,11,11,11,10,15,14,14,19,11,9,8,8,9,18,23,17,27,23,20,16,6,2,1,2]","[53,1,76,0,30,74,69,19,51,20,42,52,67,50,28,24,40,54,82,79,43,41,58,73,17,14,56,6,60,32,15,83,27,47,31,81,59,68,48,26,37,62,5,7,55,75,22,16,10,8,21,3,61,29,25,66,65,49,45,80,11,38,4,39,18,63,44,13,46,78,34,12,72,84,71,9,2,35,64,33,57,23,77,70,85,36]",adb0c48a22ac793e,cd15936aa50f352d,100,0.01,1.0,188300,1.613780619302534,0.00806890309651267,0.947574260310885,5.5374999647028744e-05,0.009181958001136081,7056,17.067134167000404,0.06967016700036766,70.17313524999918,0.999989080714694,2.183845138137297e-05,1.9997532574112453,0.0046731756453304175,2.295608148017436e-12,2.2954971257149737e-12,0.9354936699017868,0.47722401502833645,1e-12
success,,N-N_1.42_sto-6g_as-012-006,hamiltonian_generator/comparable_diatomic_library/N-N/1.42/sto-6g/N-N_1.42_sto-6g_as-012-006.tensors.npz,N-N,1.42,sto-6g,12,6,18,1027,1883,jw,random_groups,17,3177386084,1883,554688,0.313046481664064,48,"[51,38,34,36,31,27,132,48,54,50,48,42,80,72,60,62,62,62,58,48,30,32,50,22,32,32,32,32,28,38,24,16,25,16,16,16,42,37,52,36,24,34,26,26,18,16,20,16]","[5,19,21,42,1,44,28,22,18,12,23,43,30,31,36,25,2,3,6,32,24,39,0,40,13,17,8,10,9,4,11,29,33,38,41,45,14,7,47,20,15,37,35,27,46,16,34,26]",f9323da2219abbd6,83ad8b52bf12b12d,100,0.01,1.0,188300,1.8976789943769212,0.009488394971884606,1.3102970548624302,5.5541999245178886e-05,0.009213916999215144,7056,17.067134167000404,0.06967016700036766,70.18847933299912,0.9999803054117617,3.938878859965911e-05,1.9997645022703419,0.006276079706034721,7.077577302005977e-09,7.077577190983675e-09,1.687297407521767,1.2914902395101513,1e-12
success,,N-N_1.42_sto-6g_as-012-006,hamiltonian_generator/comparable_diatomic_library/N-N/1.42/sto-6g/N-N_1.42_sto-6g_as-012-006.tensors.npz,N-N,1.42,sto-6g,12,6,18,1027,1883,fermionic,random_groups,17,3791310055,1027,254142,0.48237926852184015,86,"[15,17,14,15,15,15,12,12,9,14,15,16,16,14,14,12,10,12,17,11,11,11,10,14,12,11,10,9,10,10,15,12,10,8,13,11,9,9,11,9,12,9,9,10,12,9,10,11,11,12,12,11,9,12,10,11,10,11,11,10,10,10,11,11,11,10,15,14,14,19,11,9,8,8,9,18,23,17,27,23,20,16,6,2,1,2]","[60,37,83,8,70,54,30,22,42,13,57,23,14,59,51,39,1,28,69,58,50,12,84,47,27,85,71,67,72,82,31,43,18,48,21,52,40,4,9,46,6,62,65,41,49,68,44,45,77,34,64,26,76,53,35,38,19,55,75,0,20,25,10,7,11,63,17,24,2,3,16,29,73,74,32,5,81,79,66,80,33,15,61,78,36,56]",37a941a11de1646f,4b412e02b5b86d51,100,0.01,1.0,188300,1.8155567789996727,0.009077783894998364,1.1993444643467643,5.674999920302071e-05,0.009590166000634781,7056,17.067134167000404,0.06967016700036766,69.47145533399998,0.9999825728934351,3.485390942581379e-05,1.9997703148979005,0.005903745686416014,2.325917236589703e-12,2.3258062142872404e-12,1.4930368032867873,0.7616438686585625,1e-12
success,,N-N_1.42_sto-6g_as-012-006,hamiltonian_generator/comparable_diatomic_library/N-N/1.42/sto-6g/N-N_1.42_sto-6g_as-012-006.tensors.npz,N-N,1.42,sto-6g,12,6,18,1027,1883,jw,random_groups,18,3465520178,1883,554688,0.313046481664064,48,"[51,38,34,36,31,27,132,48,54,50,48,42,80,72,60,62,62,62,58,48,30,32,50,22,32,32,32,32,28,38,24,16,25,16,16,16,42,37,52,36,24,34,26,26,18,16,20,16]","[20,18,23,14,47,41,17,3,12,5,28,33,37,45,15,24,8,27,46,39,35,16,4,26,43,40,2,19,11,1,13,21,0,44,9,32,31,30,22,42,7,25,36,10,29,34,6,38]",c218829ae4859520,be8261ba913639a8,100,0.01,1.0,188300,2.3078763910509825,0.011539381955254913,1.9379802777960822,5.124999916006345e-05,0.00901891699868429,7056,17.067134167000404,0.06967016700036766,69.83043012500093,0.9999691583402319,6.16823683281531e-05,1.9997583885971697,0.007853872900432905,5.1835745695782975e-09,5.183574347533693e-09,2.6422874089302715,2.0224581531397807,1e-12
success,,N-N_1.42_sto-6g_as-012-006,hamiltonian_generator/comparable_diatomic_library/N-N/1.42/sto-6g/N-N_1.42_sto-6g_as-012-006.tensors.npz,N-N,1.42,sto-6g,12,6,18,1027,1883,fermionic,random_groups,18,4141611203,1027,254142,0.48237926852184015,86,"[15,17,14,15,15,15,12,12,9,14,15,16,16,14,14,12,10,12,17,11,11,11,10,14,12,11,10,9,10,10,15,12,10,8,13,11,9,9,11,9,12,9,9,10,12,9,10,11,11,12,12,11,9,12,10,11,10,11,11,10,10,10,11,11,11,10,15,14,14,19,11,9,8,8,9,18,23,17,27,23,20,16,6,2,1,2]","[76,16,34,85,58,63,13,9,52,42,36,49,81,83,65,11,12,32,80,66,48,40,33,27,1,56,54,78,62,37,14,67,71,41,29,47,82,10,45,39,61,28,35,5,64,72,30,3,43,51,6,38,44,59,79,17,50,2,23,73,60,19,69,55,77,0,25,53,15,31,84,68,70,22,57,74,21,75,26,4,46,24,8,7,18,20]",f5a180642d3684fb,f93d82292f9f3260,100,0.01,1.0,188300,2.17082896327812,0.0108541448163906,1.7146499801068817,5.329200030246284e-05,0.010162291999222361,7056,17.067134167000404,0.06967016700036766,69.99749049999991,0.9999671996402228,6.55996436906836e-05,1.9997862207139612,0.00809942711272248,2.2607471450442063e-12,2.2606361227417437e-12,2.810091720733956,1.4335139795305456,1e-12
success,,N-N_1.42_sto-6g_as-012-006,hamiltonian_generator/comparable_diatomic_library/N-N/1.42/sto-6g/N-N_1.42_sto-6g_as-012-006.tensors.npz,N-N,1.42,sto-6g,12,6,18,1027,1883,jw,random_groups,19,2340880662,1883,554688,0.313046481664064,48,"[51,38,34,36,31,27,132,48,54,50,48,42,80,72,60,62,62,62,58,48,30,32,50,22,32,32,32,32,28,38,24,16,25,16,16,16,42,37,52,36,24,34,26,26,18,16,20,16]","[34,41,30,45,17,42,25,33,8,24,5,44,28,3,9,23,21,38,47,31,16,32,1,19,18,37,13,46,14,2,12,11,10,4,29,27,26,20,6,22,43,36,39,0,7,40,15,35]",9486ed913b25ef62,efe70f4ecb0a65c3,100,0.01,1.0,188300,2.175613709266693,0.010878068546333466,1.7222168646417748,5.2041999879293144e-05,0.009267333998650429,7056,17.067134167000404,0.06967016700036766,70.36910095899839,0.9999692255183353,6.154801626057083e-05,1.99973571204647,0.007845314737429441,4.214748106079469e-09,4.214748106079469e-09,2.6365321698537203,2.0180529812594243,1e-12
success,,N-N_1.42_sto-6g_as-012-006,hamiltonian_generator/comparable_diatomic_library/N-N/1.42/sto-6g/N-N_1.42_sto-6g_as-012-006.tensors.npz,N-N,1.42,sto-6g,12,6,18,1027,1883,fermionic,random_groups,19,962106099,1027,254142,0.48237926852184015,86,"[15,17,14,15,15,15,12,12,9,14,15,16,16,14,14,12,10,12,17,11,11,11,10,14,12,11,10,9,10,10,15,12,10,8,13,11,9,9,11,9,12,9,9,10,12,9,10,11,11,12,12,11,9,12,10,11,10,11,11,10,10,10,11,11,11,10,15,14,14,19,11,9,8,8,9,18,23,17,27,23,20,16,6,2,1,2]","[44,34,48,77,3,16,31,83,81,40,74,46,64,17,0,15,67,58,6,51,19,71,53,47,49,20,18,55,4,26,73,27,78,65,8,70,21,72,36,76,59,84,35,12,62,13,61,41,29,23,43,37,5,85,56,14,79,2,57,69,38,82,52,22,42,1,50,10,66,54,32,11,25,33,60,45,39,30,68,9,7,75,24,28,63,80]",6fdbc335b587a2e4,4f10c520e37aca03,100,0.01,1.0,188300,1.9493243201004065,0.009746621600502032,1.382586991726754,5.491599949891679e-05,0.009212292001393507,7056,17.067134167000404,0.06967016700036766,69.43158245800078,0.9999696555124293,6.06880543534416e-05,1.999714744884027,0.007790312903942433,2.3107071811523383e-12,2.3104851365474133e-12,2.599693984470198,1.3261836408194299,1e-12
