status,error_message,case_id,tensor_path,molecule,bond_length,basis,active_occupied,active_vacant,n_qubits,number_of_fermionic_terms,number_of_pauli_terms,graph_level,schedule,sample_index,random_seed,graph_vertices,graph_edges,graph_density,number_of_colors,group_sizes,group_order,within_group_order_hash,pauli_order_hash,trotter_steps,trotter_dt,evolution_time,nominal_exponential_count,bch2_hf_state_norm,leading_state_error_norm_estimate,bch_squared_ratio_to_raw,schedule_build_time_seconds,bch_evaluation_time_seconds,exact_sector_dimension,exact_build_time_seconds,exact_evolution_time_seconds,trotter_runtime_seconds,state_overlap_abs,state_infidelity,state_vector_2norm_error,phase_aligned_state_2norm_error,particle_number_leakage,spin_sector_leakage,state_infidelity_ratio_to_raw_jw,state_infidelity_ratio_to_current_coloring,coefficient_tolerance
success,,Li-Li_2.66_sto-6g_as-006-012,hamiltonian_generator/extended_diatomic_20q_library/Li-Li/2.66/sto-6g/Li-Li_2.66_sto-6g_as-006-012.tensors.npz,Li-Li,2.66,sto-6g,6,12,18,1027,1883,baseline,jw_raw,-1,-1,,,,,[],[],4f53cda18c2baa0c,4035c397c6a5d593,100,0.01,1.0,188300,0.3220704750669831,0.0016103523753349155,1.0,1.3875003787688911e-05,0.004568832999211736,7056,6.831192958001338,0.01994737500353949,33.75950404100149,0.9999990293064869,1.9413860840034047e-06,1.835450078540648,0.0013933366521590128,3.4650060598551136e-13,3.467226505904364e-13,1.0,,1e-12
success,,Li-Li_2.66_sto-6g_as-006-012,hamiltonian_generator/extended_diatomic_20q_library/Li-Li/2.66/sto-6g/Li-Li_2.66_sto-6g_as-006-012.tensors.npz,Li-Li,2.66,sto-6g,6,12,18,1027,1883,jw,current,-1,-1,1883,554688,0.313046481664064,48,"[51,38,34,36,31,27,132,48,54,50,48,42,80,72,60,62,62,62,58,48,30,32,50,22,32,32,32,32,28,38,24,16,25,16,16,16,42,37,52,36,24,34,26,26,18,16,20,16]","[0,1,2,3,4,5,6,7,8,9,10,11,12,13,14,15,16,17,18,19,20,21,22,23,24,25,26,27,28,29,30,31,32,33,34,35,36,37,38,39,40,41,42,43,44,45,46,47]",1f587f60df846e23,2dafe084734293a0,100,0.01,1.0,188300,0.7201149650628932,0.003600574825314466,4.999215346382399,2.4291999579872936e-05,0.004913834003673401,7056,6.831192958001338,0.01994737500353949,33.64497891600331,0.9999957869874907,8.42600726913556e-06,1.8354393013082633,0.0029027616193211805,3.8913902111747944e-07,3.8913902122850175e-07,4.3402017448069765,1.0,1e-12
success,,Li-Li_2.66_sto-6g_as-006-012,hamiltonian_generator/extended_diatomic_20q_library/Li-Li/2.66/sto-6g/Li-Li_2.66_sto-6g_as-006-012.tensors.npz,Li-Li,2.66,sto-6g,6,12,18,1027,1883,fermionic,current,-1,-1,1027,253888,0.4818971587792374,87,"[15,17,16,15,13,15,11,12,12,16,15,13,16,13,14,15,13,12,12,11,12,11,9,14,12,11,10,9,10,10,13,12,10,8,10,11,9,11,10,13,10,10,10,10,11,10,11,12,12,9,9,10,10,10,11,9,11,10,10,10,11,14,13,8,13,8,8,14,7,14,12,7,9,14,11,11,13,15,22,16,30,24,12,10,6,4,5]","[0,1,2,3,4,5,6,7,8,9,10,11,12,13,14,15,16,17,18,19,20,21,22,23,24,25,26,27,28,29,30,31,32,33,34,35,36,37,38,39,40,41,42,43,44,45,46,47,48,49,50,51,52,53,54,55,56,57,58,59,60,61,62,63,64,65,66,67,68,69,70,71,72,73,74,75,76,77,78,79,80,81,82,83,84,85,86]",78706dee3bacb584,027f55e07b1c7301,100,0.01,1.0,188300,0.18220271099027344,0.0009110135549513672,0.32004263787733844,2.1584004571195692e-05,0.00495470900204964,7056,6.831192958001338,0.01994737500353949,33.789282541998546,0.9999997773304328,4.453390848313532e-07,1.835435618309612,0.0006673373468181759,5.129230373768223e-13,5.130340596792848e-13,0.22939233391072983,1.0,1e-12
success,,Li-Li_2.66_sto-6g_as-006-012,hamiltonian_generator/extended_diatomic_20q_library/Li-Li/2.66/sto-6g/Li-Li_2.66_sto-6g_as-006-012.tensors.npz,Li-Li,2.66,sto-6g,6,12,18,1027,1883,jw,reverse_groups,-1,-1,1883,554688,0.313046481664064,48,"[51,38,34,36,31,27,132,48,54,50,48,42,80,72,60,62,62,62,58,48,30,32,50,22,32,32,32,32,28,38,24,16,25,16,16,16,42,37,52,36,24,34,26,26,18,16,20,16]","[47,46,45,44,43,42,41,40,39,38,37,36,35,34,33,32,31,30,29,28,27,26,25,24,23,22,21,20,19,18,17,16,15,14,13,12,11,10,9,8,7,6,5,4,3,2,1,0]",52a819f296000a22,fa1959c345bac69e,100,0.01,1.0,188300,0.7201149650628932,0.003600574825314466,4.999215346382399,2.474999928381294e-05,0.005077458998130169,7056,6.831192958001338,0.01994737500353949,33.711564457997156,0.9999957872873669,8.425407519219164e-06,1.835454059411144,0.0029026583102622003,3.8919634681722215e-07,3.8919634670619985e-07,4.33989281608778,0.9999288215761938,1e-12
success,,Li-Li_2.66_sto-6g_as-006-012,hamiltonian_generator/extended_diatomic_20q_library/Li-Li/2.66/sto-6g/Li-Li_2.66_sto-6g_as-006-012.tensors.npz,Li-Li,2.66,sto-6g,6,12,18,1027,1883,fermionic,reverse_groups,-1,-1,1027,253888,0.4818971587792374,87,"[15,17,16,15,13,15,11,12,12,16,15,13,16,13,14,15,13,12,12,11,12,11,9,14,12,11,10,9,10,10,13,12,10,8,10,11,9,11,10,13,10,10,10,10,11,10,11,12,12,9,9,10,10,10,11,9,11,10,10,10,11,14,13,8,13,8,8,14,7,14,12,7,9,14,11,11,13,15,22,16,30,24,12,10,6,4,5]","[86,85,84,83,82,81,80,79,78,77,76,75,74,73,72,71,70,69,68,67,66,65,64,63,62,61,60,59,58,57,56,55,54,53,52,51,50,49,48,47,46,45,44,43,42,41,40,39,38,37,36,35,34,33,32,31,30,29,28,27,26,25,24,23,22,21,20,19,18,17,16,15,14,13,12,11,10,9,8,7,6,5,4,3,2,1,0]",7d8391b607e54055,7d58b2fc5499313a,100,0.01,1.0,188300,0.31946348048674267,0.0015973174024337133,0.9838765509900473,2.1957996068522334e-05,0.0045591250018333085,7056,6.831192958001338,0.01994737500353949,33.65634387500177,0.9999992964483546,1.4071027958362237e-06,1.8354762579662256,0.0011862138469827639,3.6859404417555197e-13,3.6848302187308946e-13,0.7247928721805734,3.1596211600629744,1e-12
success,,Li-Li_2.66_sto-6g_as-006-012,hamiltonian_generator/extended_diatomic_20q_library/Li-Li/2.66/sto-6g/Li-Li_2.66_sto-6g_as-006-012.tensors.npz,Li-Li,2.66,sto-6g,6,12,18,1027,1883,jw,random_groups,0,1210356562,1883,554688,0.313046481664064,48,"[51,38,34,36,31,27,132,48,54,50,48,42,80,72,60,62,62,62,58,48,30,32,50,22,32,32,32,32,28,38,24,16,25,16,16,16,42,37,52,36,24,34,26,26,18,16,20,16]","[32,5,7,26,24,44,45,4,39,9,16,0,47,38,28,30,46,21,33,29,15,10,22,20,11,25,19,3,13,1,27,2,18,14,17,6,35,31,40,23,42,8,34,36,43,41,37,12]",014f1519ad4f6991,266894343e90eb3a,100,0.01,1.0,188300,0.8122334960311768,0.004061167480155884,6.360041703592421,2.2166997950989753e-05,0.004610666001099162,7056,6.831192958001338,0.01994737500353949,33.763726417004364,0.9999985268366391,2.9463245514449454e-06,1.835440139673361,0.0017164867379938925,1.978401060753754e-07,1.978401061863977e-07,1.517639678022838,0.3496703073396724,1e-12
success,,Li-Li_2.66_sto-6g_as-006-012,hamiltonian_generator/extended_diatomic_20q_library/Li-Li/2.66/sto-6g/Li-Li_2.66_sto-6g_as-006-012.tensors.npz,Li-Li,2.66,sto-6g,6,12,18,1027,1883,fermionic,random_groups,0,2141709297,1027,253888,0.4818971587792374,87,"[15,17,16,15,13,15,11,12,12,16,15,13,16,13,14,15,13,12,12,11,12,11,9,14,12,11,10,9,10,10,13,12,10,8,10,11,9,11,10,13,10,10,10,10,11,10,11,12,12,9,9,10,10,10,11,9,11,10,10,10,11,14,13,8,13,8,8,14,7,14,12,7,9,14,11,11,13,15,22,16,30,24,12,10,6,4,5]","[61,0,62,31,37,30,53,4,70,13,19,63,17,83,14,52,82,84,80,48,68,40,34,75,51,67,25,33,54,2,22,85,71,65,29,56,72,21,79,66,23,6,78,49,28,46,50,32,20,81,76,9,69,73,36,39,18,26,59,11,1,10,35,44,8,3,77,7,45,42,47,16,15,38,74,27,41,24,55,5,57,86,60,58,12,64,43]",f1fe062243ff7f6c,063579cbee541b6b,100,0.01,1.0,188300,0.23746219286552034,0.0011873109643276017,0.5436096032752754,2.2000000171829015e-05,0.005176500002562534,7056,6.831192958001338,0.01994737500353949,33.74278950000007,0.9999996725589871,6.548819184715171e-07,1.8354689131653499,0.0008092478147755861,4.729550084903167e-13,4.729550084903167e-13,0.3373269870777381,1.4705242382206725,1e-12
success,,Li-Li_2.66_sto-6g_as-006-012,hamiltonian_generator/extended_diatomic_20q_library/Li-Li/2.66/sto-6g/Li-Li_2.66_sto-6g_as-006-012.tensors.npz,Li-Li,2.66,sto-6g,6,12,18,1027,1883,jw,random_groups,1,2762517863,1883,554688,0.313046481664064,48,"[51,38,34,36,31,27,132,48,54,50,48,42,80,72,60,62,62,62,58,48,30,32,50,22,32,32,32,32,28,38,24,16,25,16,16,16,42,37,52,36,24,34,26,26,18,16,20,16]","[27,21,39,2,40,34,9,19,14,24,26,43,8,18,35,47,16,15,7,45,10,13,32,12,0,23,33,11,42,6,17,29,4,1,37,31,20,46,30,28,44,3,36,41,25,22,5,38]",9a70a5b8ef2c21e9,6ffb661718b18bb6,100,0.01,1.0,188300,1.0730357673799376,0.0053651788368996875,11.100091767405425,2.3332999262493104e-05,0.005161291999684181,7056,6.831192958001338,0.01994737500353949,33.5936096660007,0.9999952248554085,9.550266381053163e-06,1.8354540725694535,0.003090354216434693,4.4306557744899777e-07,4.4306557744899777e-07,4.9193029968357465,1.1334272658458011,1e-12
success,,Li-Li_2.66_sto-6g_as-006-012,hamiltonian_generator/extended_diatomic_20q_library/Li-Li/2.66/sto-6g/Li-Li_2.66_sto-6g_as-006-012.tensors.npz,Li-Li,2.66,sto-6g,6,12,18,1027,1883,fermionic,random_groups,1,655775863,1027,253888,0.4818971587792374,87,"[15,17,16,15,13,15,11,12,12,16,15,13,16,13,14,15,13,12,12,11,12,11,9,14,12,11,10,9,10,10,13,12,10,8,10,11,9,11,10,13,10,10,10,10,11,10,11,12,12,9,9,10,10,10,11,9,11,10,10,10,11,14,13,8,13,8,8,14,7,14,12,7,9,14,11,11,13,15,22,16,30,24,12,10,6,4,5]","[61,51,64,6,9,38,55,47,59,58,22,31,2,49,17,16,42,54,13,73,11,84,67,81,68,27,52,80,23,1,50,29,63,82,25,85,10,20,83,70,71,34,0,66,77,15,35,26,7,39,40,72,21,43,56,30,74,5,60,37,32,24,12,45,69,18,57,44,48,4,33,3,78,36,75,41,65,8,46,76,79,62,86,28,14,19,53]",0b80beb4a269e79e,71484efec1339ed5,100,0.01,1.0,188300,0.18719307943590938,0.0009359653971795469,0.33781408221267895,2.2542000806424767e-05,0.004765417004819028,7056,6.831192958001338,0.01994737500353949,33.62748220899812,0.9999998160423847,3.679151966418104e-07,1.8354616821092962,0.0006065601623117138,3.7547742692822794e-13,3.7536640462576543e-13,0.18951160702827266,0.826146208974982,1e-12
success,,Li-Li_2.66_sto-6g_as-006-012,hamiltonian_generator/extended_diatomic_20q_library/Li-Li/2.66/sto-6g/Li-Li_2.66_sto-6g_as-006-012.tensors.npz,Li-Li,2.66,sto-6g,6,12,18,1027,1883,jw,random_groups,2,356889448,1883,554688,0.313046481664064,48,"[51,38,34,36,31,27,132,48,54,50,48,42,80,72,60,62,62,62,58,48,30,32,50,22,32,32,32,32,28,38,24,16,25,16,16,16,42,37,52,36,24,34,26,26,18,16,20,16]","[33,2,4,32,23,27,47,3,13,36,42,40,22,16,39,5,34,38,31,37,8,29,45,9,6,11,30,10,25,18,20,26,19,35,12,7,24,0,46,28,1,15,43,14,44,21,17,41]",5701abc5bf2f883a,e48038ddf6d2d92b,100,0.01,1.0,188300,1.017693809593757,0.005088469047968785,9.984640621146113,2.4417000531684607e-05,0.004974457995558623,7056,6.831192958001338,0.01994737500353949,33.56195275000209,0.9999963885824735,7.22282201059965e-06,1.8354616064903921,0.0026875332654582402,3.6966973293584005e-07,3.6966973293584005e-07,3.7204459587477823,0.857205765423064,1e-12
success,,Li-Li_2.66_sto-6g_as-006-012,hamiltonian_generator/extended_diatomic_20q_library/Li-Li/2.66/sto-6g/Li-Li_2.66_sto-6g_as-006-012.tensors.npz,Li-Li,2.66,sto-6g,6,12,18,1027,1883,fermionic,random_groups,2,3721226621,1027,253888,0.4818971587792374,87,"[15,17,16,15,13,15,11,12,12,16,15,13,16,13,14,15,13,12,12,11,12,11,9,14,12,11,10,9,10,10,13,12,10,8,10,11,9,11,10,13,10,10,10,10,11,10,11,12,12,9,9,10,10,10,11,9,11,10,10,10,11,14,13,8,13,8,8,14,7,14,12,7,9,14,11,11,13,15,22,16,30,24,12,10,6,4,5]","[62,7,39,28,26,29,72,80,10,53,74,63,14,0,24,38,18,50,27,66,37,65,35,30,51,12,68,70,4,3,43,57,40,13,16,54,44,23,33,41,59,21,64,19,31,47,17,2,45,55,1,56,11,32,77,83,42,79,60,75,67,8,69,76,49,36,71,52,5,46,20,34,6,73,81,85,22,15,84,48,78,82,58,25,86,61,9]",6be135794657ac94,f254aeb01abddf32,100,0.01,1.0,188300,0.12521963363325933,0.0006260981681662967,0.15116213938700948,2.4708999262657017e-05,0.005106124997837469,7056,6.831192958001338,0.01994737500353949,33.545071458000166,0.9999999440769906,1.1184601578229092e-07,1.8354474691107963,0.0003344338782045195,4.178879464689089e-13,4.175548795615214e-13,0.05761142345867087,0.2511479894576202,1e-12
success,,Li-Li_2.66_sto-6g_as-006-012,hamiltonian_generator/extended_diatomic_20q_library/Li-Li/2.66/sto-6g/Li-Li_2.66_sto-6g_as-006-012.tensors.npz,Li-Li,2.66,sto-6g,6,12,18,1027,1883,jw,random_groups,3,127881266,1883,554688,0.313046481664064,48,"[51,38,34,36,31,27,132,48,54,50,48,42,80,72,60,62,62,62,58,48,30,32,50,22,32,32,32,32,28,38,24,16,25,16,16,16,42,37,52,36,24,34,26,26,18,16,20,16]","[38,35,11,18,36,39,14,3,29,19,41,32,20,33,13,44,2,5,16,46,1,9,30,25,27,24,6,4,34,45,7,23,37,42,17,31,10,15,43,0,12,21,8,28,22,47,26,40]",ef7abc0a42888c6a,a7b58266ea75374c,100,0.01,1.0,188300,1.4611202806984638,0.007305601403492319,20.58117237498573,2.3667002096772194e-05,0.00471037499664817,7056,6.831192958001338,0.01994737500353949,33.850466624993715,0.9999925440355664,1.4911873275846865e-05,1.8354292883666785,0.003861596673303314,9.106523457536042e-07,9.106523458646265e-07,7.68104469209779,1.7697436994232147,1e-12
success,,Li-Li_2.66_sto-6g_as-006-012,hamiltonian_generator/extended_diatomic_20q_library/Li-Li/2.66/sto-6g/Li-Li_2.66_sto-6g_as-006-012.tensors.npz,Li-Li,2.66,sto-6g,6,12,18,1027,1883,fermionic,random_groups,3,3009769677,1027,253888,0.4818971587792374,87,"[15,17,16,15,13,15,11,12,12,16,15,13,16,13,14,15,13,12,12,11,12,11,9,14,12,11,10,9,10,10,13,12,10,8,10,11,9,11,10,13,10,10,10,10,11,10,11,12,12,9,9,10,10,10,11,9,11,10,10,10,11,14,13,8,13,8,8,14,7,14,12,7,9,14,11,11,13,15,22,16,30,24,12,10,6,4,5]","[23,46,78,53,21,28,14,20,61,24,57,81,65,16,58,27,70,51,4,55,63,79,2,39,56,85,11,7,52,31,76,64,60,49,66,12,67,37,47,29,10,6,41,80,73,69,43,3,8,38,59,40,32,74,71,72,45,35,68,26,9,48,62,33,84,82,75,42,25,0,36,15,13,22,34,17,30,83,86,19,50,1,54,77,5,18,44]",3a8b9f386be207c5,511ffa3d5770a180,100,0.01,1.0,188300,0.2232796574720744,0.001116398287360372,0.48061407671971745,2.7709000278264284e-05,0.004651540999475401,7056,6.831192958001338,0.01994737500353949,34.37711016700632,0.9999996937817422,6.124364216875122e-07,1.835456333567086,0.0007825832323154885,4.811706588725428e-13,4.810596365700803e-13,0.31546348597728907,1.3752137248843488,1e-12
success,,Li-Li_2.66_sto-6g_as-006-012,hamiltonian_generator/extended_diatomic_20q_library/Li-Li/2.66/sto-6g/Li-Li_2.66_sto-6g_as-006-012.tensors.npz,Li-Li,2.66,sto-6g,6,12,18,1027,1883,jw,random_groups,4,787011875,1883,554688,0.313046481664064,48,"[51,38,34,36,31,27,132,48,54,50,48,42,80,72,60,62,62,62,58,48,30,32,50,22,32,32,32,32,28,38,24,16,25,16,16,16,42,37,52,36,24,34,26,26,18,16,20,16]","[32,17,35,6,2,23,45,26,24,29,10,9,34,31,27,46,1,47,0,41,12,40,30,33,42,4,3,11,36,16,19,44,18,14,38,5,8,25,15,20,7,13,28,39,37,21,22,43]",bc309c585a558907,1d18212904545b5b,100,0.01,1.0,188300,0.6723344706250516,0.0033616723531252578,4.357816395388158,2.4417000531684607e-05,0.005232292001892347,7056,6.831192958001338,0.01994737500353949,33.95024812500196,0.9999990003759048,1.9992471911312037e-06,1.835454315872555,0.001413947732531838,1.7720690315137233e-07,1.7720690326239463e-07,1.0298040186877622,0.23727100241824384,1e-12
success,,Li-Li_2.66_sto-6g_as-006-012,hamiltonian_generator/extended_diatomic_20q_library/Li-Li/2.66/sto-6g/Li-Li_2.66_sto-6g_as-006-012.tensors.npz,Li-Li,2.66,sto-6g,6,12,18,1027,1883,fermionic,random_groups,4,1642975799,1027,253888,0.4818971587792374,87,"[15,17,16,15,13,15,11,12,12,16,15,13,16,13,14,15,13,12,12,11,12,11,9,14,12,11,10,9,10,10,13,12,10,8,10,11,9,11,10,13,10,10,10,10,11,10,11,12,12,9,9,10,10,10,11,9,11,10,10,10,11,14,13,8,13,8,8,14,7,14,12,7,9,14,11,11,13,15,22,16,30,24,12,10,6,4,5]","[2,30,74,72,81,66,37,43,56,31,19,80,71,79,83,6,42,62,78,29,82,27,58,50,28,35,84,73,55,59,24,45,64,10,16,85,47,51,77,3,26,21,41,22,67,40,48,54,44,53,7,23,15,68,46,57,49,9,11,34,86,17,61,69,36,33,14,76,13,18,70,1,12,60,63,0,25,65,32,75,39,8,20,38,4,5,52]",3b94468276ded824,f2873a36675a7a34,100,0.01,1.0,188300,0.27460778352106713,0.0013730389176053357,0.7269823346005627,2.2667001758236438e-05,0.004754250003315974,7056,6.831192958001338,0.01994737500353949,33.800539417003165,0.9999994729660318,1.0540676587122988e-06,1.8354576582734419,0.0010266781075342454,3.078648447285559e-13,3.076428001236309e-13,0.5429459227083088,2.366887826859991,1e-12
success,,Li-Li_2.66_sto-6g_as-006-012,hamiltonian_generator/extended_diatomic_20q_library/Li-Li/2.66/sto-6g/Li-Li_2.66_sto-6g_as-006-012.tensors.npz,Li-Li,2.66,sto-6g,6,12,18,1027,1883,jw,random_groups,5,2035168904,1883,554688,0.313046481664064,48,"[51,38,34,36,31,27,132,48,54,50,48,42,80,72,60,62,62,62,58,48,30,32,50,22,32,32,32,32,28,38,24,16,25,16,16,16,42,37,52,36,24,34,26,26,18,16,20,16]","[46,41,37,4,44,1,20,0,23,25,16,45,47,10,22,17,32,33,26,35,36,29,14,24,13,30,7,31,21,34,43,11,38,15,39,3,28,19,40,9,42,5,8,27,6,2,18,12]",2b6ec34f1eaf2b73,19ec9925f5389257,100,0.01,1.0,188300,0.5712159922641074,0.0028560799613205367,3.145566622499228,2.4708002456463873e-05,0.004750332998810336,7056,6.831192958001338,0.01994737500353949,33.85117637499934,0.9999992541867915,1.4916258608277388e-06,1.8354397824044013,0.0012213215862537901,1.8453638395143912e-08,1.845363828412161e-08,0.768330355882536,0.17702641514345233,1e-12
success,,Li-Li_2.66_sto-6g_as-006-012,hamiltonian_generator/extended_diatomic_20q_library/Li-Li/2.66/sto-6g/Li-Li_2.66_sto-6g_as-006-012.tensors.npz,Li-Li,2.66,sto-6g,6,12,18,1027,1883,fermionic,random_groups,5,798141276,1027,253888,0.4818971587792374,87,"[15,17,16,15,13,15,11,12,12,16,15,13,16,13,14,15,13,12,12,11,12,11,9,14,12,11,10,9,10,10,13,12,10,8,10,11,9,11,10,13,10,10,10,10,11,10,11,12,12,9,9,10,10,10,11,9,11,10,10,10,11,14,13,8,13,8,8,14,7,14,12,7,9,14,11,11,13,15,22,16,30,24,12,10,6,4,5]","[60,15,14,79,26,33,85,69,31,74,32,45,78,34,82,75,36,9,68,56,50,19,13,63,3,64,24,38,70,54,48,62,12,43,1,21,71,30,49,72,22,66,53,23,25,11,7,61,52,83,29,44,20,4,39,55,5,47,86,28,81,80,10,67,65,51,76,77,73,40,17,59,42,6,35,18,46,57,8,58,41,84,2,37,27,0,16]",d15cf446b06a601e,b3c195a1f40eed34,100,0.01,1.0,188300,0.23008639832887787,0.0011504319916443894,0.5103640369579828,4.154100315645337e-05,0.005059707997133955,7056,6.831192958001338,0.01994737500353949,33.86236112500046,0.9999997764632174,4.470735153194738e-07,1.8354507620137994,0.0006686355997697923,3.780309398848658e-13,3.780309398848658e-13,0.23028573193310772,1.0038946289405015,1e-12
success,,Li-Li_2.66_sto-6g_as-006-012,hamiltonian_generator/extended_diatomic_20q_library/Li-Li/2.66/sto-6g/Li-Li_2.66_sto-6g_as-006-012.tensors.npz,Li-Li,2.66,sto-6g,6,12,18,1027,1883,jw,random_groups,6,1711018150,1883,554688,0.313046481664064,48,"[51,38,34,36,31,27,132,48,54,50,48,42,80,72,60,62,62,62,58,48,30,32,50,22,32,32,32,32,28,38,24,16,25,16,16,16,42,37,52,36,24,34,26,26,18,16,20,16]","[26,37,31,3,44,35,33,21,14,7,34,15,6,46,10,4,43,1,5,18,9,27,38,16,32,36,23,41,8,25,47,11,22,0,39,19,13,42,40,45,29,24,30,17,12,2,20,28]",4d6c2cf2b660b8e3,45764da2d096aebe,100,0.01,1.0,188300,1.182766019900734,0.005913830099503669,13.486394218272453,2.4291999579872936e-05,0.004686208005296066,7056,6.831192958001338,0.01994737500353949,33.580013250000775,0.9999962770764578,7.445833224317688e-06,1.8354693549667136,0.0027287079514768434,1.407972730627094e-07,1.407972730627094e-07,3.835318119187997,0.883672774837467,1e-12
success,,Li-Li_2.66_sto-6g_as-006-012,hamiltonian_generator/extended_diatomic_20q_library/Li-Li/2.66/sto-6g/Li-Li_2.66_sto-6g_as-006-012.tensors.npz,Li-Li,2.66,sto-6g,6,12,18,1027,1883,fermionic,random_groups,6,1961245444,1027,253888,0.4818971587792374,87,"[15,17,16,15,13,15,11,12,12,16,15,13,16,13,14,15,13,12,12,11,12,11,9,14,12,11,10,9,10,10,13,12,10,8,10,11,9,11,10,13,10,10,10,10,11,10,11,12,12,9,9,10,10,10,11,9,11,10,10,10,11,14,13,8,13,8,8,14,7,14,12,7,9,14,11,11,13,15,22,16,30,24,12,10,6,4,5]","[50,86,47,84,67,38,63,14,48,46,32,51,58,18,31,85,37,65,60,25,55,69,73,27,77,22,78,75,80,34,11,82,41,24,35,72,76,6,53,5,2,39,52,74,15,7,83,44,4,61,59,0,54,79,20,70,66,28,56,42,64,57,8,49,21,30,81,13,43,19,9,45,16,23,29,40,10,62,1,17,26,36,71,68,12,3,33]",ef883880f9c3e13a,f887fe8332ea5a05,100,0.01,1.0,188300,0.3242411819884048,0.001621205909942024,1.013525127016167,2.079099795082584e-05,0.0053590840034303255,7056,6.831192958001338,0.01994737500353949,33.67658491600014,0.9999991653834702,1.6692323629996508e-06,1.8354717944168266,0.0012919880260875395,5.613287612504791e-13,5.613287612504791e-13,0.8598147358496896,3.748227855706349,1e-12
success,,Li-Li_2.66_sto-6g_as-006-012,hamiltonian_generator/extended_diatomic_20q_library/Li-Li/2.66/sto-6g/Li-Li_2.66_sto-6g_as-006-012.tensors.npz,Li-Li,2.66,sto-6g,6,12,18,1027,1883,jw,random_groups,7,4014239043,1883,554688,0.313046481664064,48,"[51,38,34,36,31,27,132,48,54,50,48,42,80,72,60,62,62,62,58,48,30,32,50,22,32,32,32,32,28,38,24,16,25,16,16,16,42,37,52,36,24,34,26,26,18,16,20,16]","[26,39,24,38,0,41,35,16,25,46,42,1,20,31,18,28,47,37,40,5,13,22,8,17,23,9,19,7,33,11,30,27,12,10,34,14,45,21,15,3,43,36,6,29,44,2,4,32]",4037cbe2dff04fbd,6b26cb0f670a3ba1,100,0.01,1.0,188300,0.2997298158505473,0.0014986490792527367,0.8660801121242572,2.3708002117928118e-05,0.004730958993604872,7056,6.831192958001338,0.01994737500353949,33.675865167002485,0.9999995657094113,8.685809887998275e-07,1.835433843910988,0.000931977026233329,7.910331889515732e-08,7.910331878413501e-08,0.4474025006961491,0.10308334197401385,1e-12
success,,Li-Li_2.66_sto-6g_as-006-012,hamiltonian_generator/extended_diatomic_20q_library/Li-Li/2.66/sto-6g/Li-Li_2.66_sto-6g_as-006-012.tensors.npz,Li-Li,2.66,sto-6g,6,12,18,1027,1883,fermionic,random_groups,7,3176632585,1027,253888,0.4818971587792374,87,"[15,17,16,15,13,15,11,12,12,16,15,13,16,13,14,15,13,12,12,11,12,11,9,14,12,11,10,9,10,10,13,12,10,8,10,11,9,11,10,13,10,10,10,10,11,10,11,12,12,9,9,10,10,10,11,9,11,10,10,10,11,14,13,8,13,8,8,14,7,14,12,7,9,14,11,11,13,15,22,16,30,24,12,10,6,4,5]","[79,6,38,16,10,52,39,55,44,53,81,46,51,78,15,14,69,47,58,2,34,62,24,21,75,26,45,68,43,83,27,31,19,23,71,85,5,74,50,42,70,37,28,54,32,11,48,1,72,8,29,17,63,84,35,41,3,80,7,0,25,22,56,82,30,64,49,67,33,20,60,66,86,76,36,18,4,77,40,12,9,59,57,73,65,13,61]",6e66639817108a3c,6124735e76340e11,100,0.01,1.0,188300,0.2136363759856477,0.0010681818799282384,0.43999584634539013,2.316699828952551e-05,0.004781041003298014,7056,6.831192958001338,0.01994737500353949,33.55102870799601,0.9999998158965698,3.6820682647320524e-07,1.8354513681720253,0.0006068005111525595,5.294653604437372e-13,5.295763827461997e-13,0.18966182435691112,0.8268010579234082,1e-12
success,,Li-Li_2.66_sto-6g_as-006-012,hamiltonian_generator/extended_diatomic_20q_library/Li-Li/2.66/sto-6g/Li-Li_2.66_sto-6g_as-006-012.tensors.npz,Li-Li,2.66,sto-6g,6,12,18,1027,1883,jw,random_groups,8,3505763577,1883,554688,0.313046481664064,48,"[51,38,34,36,31,27,132,48,54,50,48,42,80,72,60,62,62,62,58,48,30,32,50,22,32,32,32,32,28,38,24,16,25,16,16,16,42,37,52,36,24,34,26,26,18,16,20,16]","[18,17,43,20,16,10,13,41,32,22,27,36,42,35,38,12,0,3,7,5,39,23,45,8,25,24,6,21,4,26,28,2,14,15,47,44,30,34,31,19,33,1,37,46,40,11,9,29]",80bfeac115ccb04d,a30c94220df0547f,100,0.01,1.0,188300,1.1673732925553688,0.005836866462776844,13.137649727025105,2.2041996999178082e-05,0.004714415998023469,7056,6.831192958001338,0.01994737500353949,33.72395449999749,0.9999967336954851,6.532598360919906e-06,1.8354516894150954,0.0025558969129679475,4.90351654947041e-07,4.903516548360187e-07,3.3649145910476452,0.7752899033031687,1e-12
success,,Li-Li_2.66_sto-6g_as-006-012,hamiltonian_generator/extended_diatomic_20q_library/Li-Li/2.66/sto-6g/Li-Li_2.66_sto-6g_as-006-012.tensors.npz,Li-Li,2.66,sto-6g,6,12,18,1027,1883,fermionic,random_groups,8,1309813757,1027,253888,0.4818971587792374,87,"[15,17,16,15,13,15,11,12,12,16,15,13,16,13,14,15,13,12,12,11,12,11,9,14,12,11,10,9,10,10,13,12,10,8,10,11,9,11,10,13,10,10,10,10,11,10,11,12,12,9,9,10,10,10,11,9,11,10,10,10,11,14,13,8,13,8,8,14,7,14,12,7,9,14,11,11,13,15,22,16,30,24,12,10,6,4,5]","[24,15,18,10,71,58,57,23,79,50,30,76,47,81,64,38,75,25,77,63,65,67,84,60,29,61,21,45,32,26,42,27,44,16,51,82,52,69,49,37,22,40,80,70,48,33,43,59,6,66,31,36,20,35,14,0,2,7,11,13,34,19,56,68,41,46,74,55,12,73,39,8,86,85,54,28,72,5,3,83,17,4,78,53,62,1,9]",ed86658b772ba57b,047ae5d8b3a6c5d2,100,0.01,1.0,188300,0.2523814802947618,0.001261907401473809,0.614063295244059,2.441599644953385e-05,0.0046907500000088476,7056,6.831192958001338,0.01994737500353949,33.790316416998394,0.9999996352122589,7.295753491343149e-07,1.8354705501853432,0.0008541519081814754,5.009326287108706e-13,5.009326287108706e-13,0.3758012665001854,1.6382468415288542,1e-12
success,,Li-Li_2.66_sto-6g_as-006-012,hamiltonian_generator/extended_diatomic_20q_library/Li-Li/2.66/sto-6g/Li-Li_2.66_sto-6g_as-006-012.tensors.npz,Li-Li,2.66,sto-6g,6,12,18,1027,1883,jw,random_groups,9,1660266936,1883,554688,0.313046481664064,48,"[51,38,34,36,31,27,132,48,54,50,48,42,80,72,60,62,62,62,58,48,30,32,50,22,32,32,32,32,28,38,24,16,25,16,16,16,42,37,52,36,24,34,26,26,18,16,20,16]","[1,47,6,31,15,34,30,7,45,26,29,38,20,16,35,43,11,23,39,0,22,33,18,28,19,40,42,46,36,14,9,4,10,44,8,37,3,25,13,27,41,2,17,21,12,32,24,5]",5153c881ee3b005d,d33240932b4dc404,100,0.01,1.0,188300,0.4655537548345173,0.0023277687741725863,2.0894781772008852,2.2458996681962162e-05,0.005097624998597894,7056,6.831192958001338,0.01994737500353949,33.64694983299705,0.9999986446041129,2.710789937077074e-06,1.8354295679287662,0.0016464482300282365,1.6242586609038767e-08,1.6242586609038767e-08,1.396316765332454,0.3217170185701939,1e-12
success,,Li-Li_2.66_sto-6g_as-006-012,hamiltonian_generator/extended_diatomic_20q_library/Li-Li/2.66/sto-6g/Li-Li_2.66_sto-6g_as-006-012.tensors.npz,Li-Li,2.66,sto-6g,6,12,18,1027,1883,fermionic,random_groups,9,3136468736,1027,253888,0.4818971587792374,87,"[15,17,16,15,13,15,11,12,12,16,15,13,16,13,14,15,13,12,12,11,12,11,9,14,12,11,10,9,10,10,13,12,10,8,10,11,9,11,10,13,10,10,10,10,11,10,11,12,12,9,9,10,10,10,11,9,11,10,10,10,11,14,13,8,13,8,8,14,7,14,12,7,9,14,11,11,13,15,22,16,30,24,12,10,6,4,5]","[85,61,79,44,10,27,69,49,36,11,65,33,63,43,5,34,73,42,8,47,75,80,14,77,83,0,41,81,72,31,20,52,32,24,19,76,74,2,13,54,18,60,71,37,68,59,53,67,35,86,38,16,4,48,17,3,12,64,26,82,9,7,46,23,78,40,84,29,51,70,6,56,57,28,45,15,62,50,25,66,39,22,30,55,58,1,21]",415f3947fa6ec803,3444d22bfe46b519,100,0.01,1.0,188300,0.20044653196348183,0.001002232659817409,0.3873426019737983,2.3041000531520694e-05,0.0047181670015561394,7056,6.831192958001338,0.01994737500353949,33.64910804100509,0.9999998221475138,3.55704940724344e-07,1.8354575144635146,0.0005964100706440999,4.833911049217932e-13,4.836131495267182e-13,0.18322215434388586,0.7987283237424512,1e-12
success,,Li-Li_2.66_sto-6g_as-006-012,hamiltonian_generator/extended_diatomic_20q_library/Li-Li/2.66/sto-6g/Li-Li_2.66_sto-6g_as-006-012.tensors.npz,Li-Li,2.66,sto-6g,6,12,18,1027,1883,jw,random_groups,10,2899134699,1883,554688,0.313046481664064,48,"[51,38,34,36,31,27,132,48,54,50,48,42,80,72,60,62,62,62,58,48,30,32,50,22,32,32,32,32,28,38,24,16,25,16,16,16,42,37,52,36,24,34,26,26,18,16,20,16]","[46,15,8,4,2,47,30,34,35,31,39,14,45,21,16,17,3,27,29,22,24,41,13,19,10,33,42,25,11,28,32,36,6,18,7,0,37,5,40,43,23,26,12,1,9,38,20,44]",99b56c6afdab4895,177cb94fbb622bca,100,0.01,1.0,188300,0.7875332854505879,0.003937666427252939,5.979102646341389,2.1958003344479948e-05,0.004592958997818641,7056,6.831192958001338,0.01994737500353949,33.67288579200249,0.9999979300477102,4.139900294908294e-06,1.8354422171222222,0.00203467554651645,3.7007131370447865e-07,3.7007131359345635e-07,2.132445642327492,0.4913240830058071,1e-12
success,,Li-Li_2.66_sto-6g_as-006-012,hamiltonian_generator/extended_diatomic_20q_library/Li-Li/2.66/sto-6g/Li-Li_2.66_sto-6g_as-006-012.tensors.npz,Li-Li,2.66,sto-6g,6,12,18,1027,1883,fermionic,random_groups,10,1912219540,1027,253888,0.4818971587792374,87,"[15,17,16,15,13,15,11,12,12,16,15,13,16,13,14,15,13,12,12,11,12,11,9,14,12,11,10,9,10,10,13,12,10,8,10,11,9,11,10,13,10,10,10,10,11,10,11,12,12,9,9,10,10,10,11,9,11,10,10,10,11,14,13,8,13,8,8,14,7,14,12,7,9,14,11,11,13,15,22,16,30,24,12,10,6,4,5]","[66,17,53,73,8,18,57,81,11,85,77,79,64,33,62,41,22,0,30,3,51,84,74,5,48,37,24,9,36,86,65,61,63,69,34,78,76,58,43,27,35,68,39,59,13,7,50,28,46,31,1,15,19,72,56,40,25,80,55,47,38,29,49,10,83,44,12,60,21,75,71,70,54,42,82,52,67,20,23,16,2,4,32,14,6,45,26]",482c459e45157797,214f37b1f22dcadd,100,0.01,1.0,188300,0.19515887392115172,0.0009757943696057586,0.367176416790732,2.1915999241173267e-05,0.004666417000407819,7056,6.831192958001338,0.01994737500353949,33.854153000000224,0.9999998650054244,2.6998913305043004e-07,1.835458825150935,0.0005196048029590254,4.4431125445498765e-13,4.440892098500626e-13,0.13907029378395222,0.6062551935064784,1e-12
success,,Li-Li_2.66_sto-6g_as-006-012,hamiltonian_generator/extended_diatomic_20q_library/Li-Li/2.66/sto-6g/Li-Li_2.66_sto-6g_as-006-012.tensors.npz,Li-Li,2.66,sto-6g,6,12,18,1027,1883,jw,random_groups,11,1080384583,1883,554688,0.313046481664064,48,"[51,38,34,36,31,27,132,48,54,50,48,42,80,72,60,62,62,62,58,48,30,32,50,22,32,32,32,32,28,38,24,16,25,16,16,16,42,37,52,36,24,34,26,26,18,16,20,16]","[40,4,27,35,45,29,23,21,1,25,44,15,24,10,11,38,33,7,32,22,43,47,26,31,14,16,30,20,3,2,34,41,8,6,9,12,42,37,39,0,19,18,46,5,28,36,17,13]",04205c5dbf551701,dfc8640d034e5828,100,0.01,1.0,188300,0.9884405567195382,0.004942202783597691,9.418880469634047,2.2791995434090495e-05,0.004721584002254531,7056,6.831192958001338,0.01994737500353949,33.6389254589958,0.9999977612530841,4.477488819709663e-06,1.8354391493088913,0.00211600893941885,3.9497522796860807e-07,3.9497522807963037e-07,2.3063361052204856,0.5313891475160116,1e-12
success,,Li-Li_2.66_sto-6g_as-006-012,hamiltonian_generator/extended_diatomic_20q_library/Li-Li/2.66/sto-6g/Li-Li_2.66_sto-6g_as-006-012.tensors.npz,Li-Li,2.66,sto-6g,6,12,18,1027,1883,fermionic,random_groups,11,1712851842,1027,253888,0.4818971587792374,87,"[15,17,16,15,13,15,11,12,12,16,15,13,16,13,14,15,13,12,12,11,12,11,9,14,12,11,10,9,10,10,13,12,10,8,10,11,9,11,10,13,10,10,10,10,11,10,11,12,12,9,9,10,10,10,11,9,11,10,10,10,11,14,13,8,13,8,8,14,7,14,12,7,9,14,11,11,13,15,22,16,30,24,12,10,6,4,5]","[44,27,43,69,15,47,4,48,20,66,7,65,45,31,82,17,64,85,73,40,19,59,10,29,81,84,41,2,8,61,77,63,0,23,68,22,60,80,9,1,37,14,55,24,75,56,5,26,11,42,53,46,3,6,58,76,62,21,49,32,71,54,33,12,18,72,13,28,86,39,83,51,25,38,67,30,79,50,74,35,16,70,34,52,36,78,57]",d239c097b3446c4b,39dd5713991c3e92,100,0.01,1.0,188300,0.22811851260100632,0.0011405925630050317,0.5016712749861802,3.433399979257956e-05,0.004726999999547843,7056,6.831192958001338,0.01994737500353949,33.845351500000106,0.9999997676447565,4.6471043302354076e-07,1.8354567002416475,0.0006816967705515259,3.4583447217073626e-13,3.4583447217073626e-13,0.23937043582039283,1.0434979745816009,1e-12
success,,Li-Li_2.66_sto-6g_as-006-012,hamiltonian_generator/extended_diatomic_20q_library/Li-Li/2.66/sto-6g/Li-Li_2.66_sto-6g_as-006-012.tensors.npz,Li-Li,2.66,sto-6g,6,12,18,1027,1883,jw,random_groups,12,3061551492,1883,554688,0.313046481664064,48,"[51,38,34,36,31,27,132,48,54,50,48,42,80,72,60,62,62,62,58,48,30,32,50,22,32,32,32,32,28,38,24,16,25,16,16,16,42,37,52,36,24,34,26,26,18,16,20,16]","[1,19,6,20,8,4,45,41,18,2,23,3,14,24,42,12,25,13,43,11,33,35,21,9,30,7,38,39,5,36,47,28,16,31,10,37,34,27,26,17,0,44,46,15,29,40,22,32]",114d08818b987292,86136873056b6d13,100,0.01,1.0,188300,0.972442682435012,0.0048622134121750595,9.116459301713707,2.3749998945277184e-05,0.005151000004843809,7056,6.831192958001338,0.01994737500353949,33.855750292001176,0.9999974863222247,5.027349231911948e-06,1.8354677173045344,0.0022421765208217323,3.10126173630465e-08,3.10126172520242e-08,2.5895669456663994,0.5966466763359098,1e-12
success,,Li-Li_2.66_sto-6g_as-006-012,hamiltonian_generator/extended_diatomic_20q_library/Li-Li/2.66/sto-6g/Li-Li_2.66_sto-6g_as-006-012.tensors.npz,Li-Li,2.66,sto-6g,6,12,18,1027,1883,fermionic,random_groups,12,1608290837,1027,253888,0.4818971587792374,87,"[15,17,16,15,13,15,11,12,12,16,15,13,16,13,14,15,13,12,12,11,12,11,9,14,12,11,10,9,10,10,13,12,10,8,10,11,9,11,10,13,10,10,10,10,11,10,11,12,12,9,9,10,10,10,11,9,11,10,10,10,11,14,13,8,13,8,8,14,7,14,12,7,9,14,11,11,13,15,22,16,30,24,12,10,6,4,5]","[33,14,30,66,41,31,77,37,61,71,12,47,65,25,29,21,81,13,3,1,73,35,64,50,67,9,63,75,62,44,52,53,80,20,38,56,45,32,46,10,49,79,40,57,7,51,48,58,28,2,70,18,42,84,6,19,23,15,24,83,22,4,55,16,27,69,43,59,34,39,72,0,85,26,54,17,5,8,86,68,36,76,11,74,60,78,82]",022d652a74b8f431,06c8668f6523fca6,100,0.01,1.0,188300,0.17211355871795928,0.0008605677935897963,0.2855803628529849,2.74580015684478e-05,0.004736125003546476,7056,6.831192958001338,0.01994737500353949,33.72389262499928,0.9999999018055276,1.9638893522522238e-07,1.8354572185231153,0.0004431579231878436,4.57300863843102e-13,4.571898415406395e-13,0.10115913410703008,0.4409874226503014,1e-12
success,,Li-Li_2.66_sto-6g_as-006-012,hamiltonian_generator/extended_diatomic_20q_library/Li-Li/2.66/sto-6g/Li-Li_2.66_sto-6g_as-006-012.tensors.npz,Li-Li,2.66,sto-6g,6,12,18,1027,1883,jw,random_groups,13,4085994837,1883,554688,0.313046481664064,48,"[51,38,34,36,31,27,132,48,54,50,48,42,80,72,60,62,62,62,58,48,30,32,50,22,32,32,32,32,28,38,24,16,25,16,16,16,42,37,52,36,24,34,26,26,18,16,20,16]","[20,36,30,0,11,29,18,38,32,44,6,19,37,31,14,42,23,12,17,40,10,45,3,35,7,28,5,34,21,2,4,25,41,1,39,27,46,16,8,9,24,13,15,43,33,22,47,26]",5e2f12ea713ea08f,2b0a2ec25c74b634,100,0.01,1.0,188300,0.5722921755418547,0.002861460877709274,3.1574304188385853,2.4499997380189598e-05,0.004954165997332893,7056,6.831192958001338,0.01994737500353949,33.653768790994945,0.9999988699478972,2.2601029285862495e-06,1.8354325746353244,0.0015033642956930873,2.8194592782693206e-07,2.8194592793795437e-07,1.1641697379047895,0.26822940645505966,1e-12
success,,Li-Li_2.66_sto-6g_as-006-012,hamiltonian_generator/extended_diatomic_20q_library/Li-Li/2.66/sto-6g/Li-Li_2.66_sto-6g_as-006-012.tensors.npz,Li-Li,2.66,sto-6g,6,12,18,1027,1883,fermionic,random_groups,13,784840352,1027,253888,0.4818971587792374,87,"[15,17,16,15,13,15,11,12,12,16,15,13,16,13,14,15,13,12,12,11,12,11,9,14,12,11,10,9,10,10,13,12,10,8,10,11,9,11,10,13,10,10,10,10,11,10,11,12,12,9,9,10,10,10,11,9,11,10,10,10,11,14,13,8,13,8,8,14,7,14,12,7,9,14,11,11,13,15,22,16,30,24,12,10,6,4,5]","[46,20,36,16,6,40,8,15,75,60,27,24,19,5,30,35,58,22,21,23,13,47,72,44,17,53,33,51,67,4,84,74,1,43,61,34,14,2,76,59,32,49,81,37,68,82,25,54,39,11,50,29,52,48,3,83,41,55,73,45,80,26,71,85,7,9,62,66,78,77,56,12,70,28,65,31,18,10,57,0,86,64,79,42,63,69,38]",e1a23c71196b02e4,3470692948c4fbf8,100,0.01,1.0,188300,0.24869544816659342,0.001243477240832967,0.5962574868729552,2.5291999918408692e-05,0.004673458999604918,7056,6.831192958001338,0.01994737500353949,33.83445420800126,0.9999997973616584,4.0527664202372193e-07,1.8354649965317718,0.0006366134487284838,4.4220183070819985e-13,4.425348976155874e-13,0.2087563341280297,0.9100405866626267,1e-12
success,,Li-Li_2.66_sto-6g_as-006-012,hamiltonian_generator/extended_diatomic_20q_library/Li-Li/2.66/sto-6g/Li-Li_2.66_sto-6g_as-006-012.tensors.npz,Li-Li,2.66,sto-6g,6,12,18,1027,1883,jw,random_groups,14,1689819467,1883,554688,0.313046481664064,48,"[51,38,34,36,31,27,132,48,54,50,48,42,80,72,60,62,62,62,58,48,30,32,50,22,32,32,32,32,28,38,24,16,25,16,16,16,42,37,52,36,24,34,26,26,18,16,20,16]","[39,2,23,29,33,16,22,41,1,15,12,21,0,14,45,35,8,28,32,11,25,42,37,47,30,10,31,27,9,46,36,38,4,20,3,34,17,7,26,44,19,6,13,43,24,18,40,5]",28c2433590513874,cfe43c66bc57a08f,100,0.01,1.0,188300,0.6651759416038644,0.003325879708019322,4.265512690352429,2.274999860674143e-05,0.0051364169994485565,7056,6.831192958001338,0.01994737500353949,33.723361666998244,0.9999989553813831,2.089236142643891e-06,1.835437047807857,0.001445419397227705,1.8252490807668664e-07,1.8252490807668664e-07,1.0761569580923334,0.24795090674758338,1e-12
success,,Li-Li_2.66_sto-6g_as-006-012,hamiltonian_generator/extended_diatomic_20q_library/Li-Li/2.66/sto-6g/Li-Li_2.66_sto-6g_as-006-012.tensors.npz,Li-Li,2.66,sto-6g,6,12,18,1027,1883,fermionic,random_groups,14,496154559,1027,253888,0.4818971587792374,87,"[15,17,16,15,13,15,11,12,12,16,15,13,16,13,14,15,13,12,12,11,12,11,9,14,12,11,10,9,10,10,13,12,10,8,10,11,9,11,10,13,10,10,10,10,11,10,11,12,12,9,9,10,10,10,11,9,11,10,10,10,11,14,13,8,13,8,8,14,7,14,12,7,9,14,11,11,13,15,22,16,30,24,12,10,6,4,5]","[11,85,2,1,46,86,24,71,36,9,41,33,66,15,17,35,49,0,40,53,29,60,63,26,42,7,34,76,4,55,48,37,38,54,69,59,84,13,20,52,27,56,81,58,14,50,82,6,80,32,51,70,8,64,10,57,3,23,62,30,5,83,21,77,25,45,78,28,22,75,73,16,39,43,65,19,72,44,47,31,18,12,74,68,67,61,79]",4560d1b15bcb61c9,43a7a85ef143cd1a,100,0.01,1.0,188300,0.2205638149945728,0.001102819074972864,0.4689933687861861,2.7499998395796865e-05,0.004560041998047382,7056,6.831192958001338,0.01994737500353949,33.80620358300075,0.9999997446377583,5.107244182012138e-07,1.8354625452462232,0.0007146499026595508,5.084821452783217e-13,5.084821452783217e-13,0.26307205063921646,1.1468214571703752,1e-12
success,,Li-Li_2.66_sto-6g_as-006-012,hamiltonian_generator/extended_diatomic_20q_library/Li-Li/2.66/sto-6g/Li-Li_2.66_sto-6g_as-006-012.tensors.npz,Li-Li,2.66,sto-6g,6,12,18,1027,1883,jw,random_groups,15,1681282760,1883,554688,0.313046481664064,48,"[51,38,34,36,31,27,132,48,54,50,48,42,80,72,60,62,62,62,58,48,30,32,50,22,32,32,32,32,28,38,24,16,25,16,16,16,42,37,52,36,24,34,26,26,18,16,20,16]","[1,38,11,7,33,35,43,39,45,26,3,0,20,23,27,40,36,8,17,46,19,18,4,25,24,47,34,13,28,37,16,9,21,29,14,42,31,5,44,12,32,10,15,6,2,30,41,22]",a247a821ce5b62ec,5569bf2838f04e5c,100,0.01,1.0,188300,0.6095830548150641,0.0030479152740753206,3.5823164240936483,2.5624998670537025e-05,0.0050572909967741,7056,6.831192958001338,0.01994737500353949,33.656563042000926,0.9999984279116366,3.1441742552873464e-06,1.8354167225761644,0.0017731826546509024,1.0463309862984715e-07,1.0463309851882485e-07,1.6195512480462553,0.3731511444102888,1e-12
success,,Li-Li_2.66_sto-6g_as-006-012,hamiltonian_generator/extended_diatomic_20q_library/Li-Li/2.66/sto-6g/Li-Li_2.66_sto-6g_as-006-012.tensors.npz,Li-Li,2.66,sto-6g,6,12,18,1027,1883,fermionic,random_groups,15,3060556930,1027,253888,0.4818971587792374,87,"[15,17,16,15,13,15,11,12,12,16,15,13,16,13,14,15,13,12,12,11,12,11,9,14,12,11,10,9,10,10,13,12,10,8,10,11,9,11,10,13,10,10,10,10,11,10,11,12,12,9,9,10,10,10,11,9,11,10,10,10,11,14,13,8,13,8,8,14,7,14,12,7,9,14,11,11,13,15,22,16,30,24,12,10,6,4,5]","[56,13,82,1,48,4,34,62,24,41,71,52,20,21,35,10,42,11,14,31,22,76,45,40,54,23,78,38,47,0,51,6,74,30,75,66,59,33,79,72,80,53,18,26,46,19,83,12,65,5,2,58,84,32,15,49,16,43,36,8,44,9,7,27,61,3,17,86,25,81,57,39,68,55,73,67,70,50,77,28,85,37,64,63,60,29,69]",4c2ad3aef68870c6,4156966b9aa061de,100,0.01,1.0,188300,0.19624522469755643,0.000981226123487782,0.371275564994464,2.9916998755652457e-05,0.004618999999365769,7056,6.831192958001338,0.01994737500353949,33.68033879200084,0.9999998889877122,2.2202456329001308e-07,1.835454670538215,0.0004711948382712704,5.259126467649367e-13,5.259126467649367e-13,0.11436394085619896,0.49855171228479134,1e-12
success,,Li-Li_2.66_sto-6g_as-006-012,hamiltonian_generator/extended_diatomic_20q_library/Li-Li/2.66/sto-6g/Li-Li_2.66_sto-6g_as-006-012.tensors.npz,Li-Li,2.66,sto-6g,6,12,18,1027,1883,jw,random_groups,16,2087612198,1883,554688,0.313046481664064,48,"[51,38,34,36,31,27,132,48,54,50,48,42,80,72,60,62,62,62,58,48,30,32,50,22,32,32,32,32,28,38,24,16,25,16,16,16,42,37,52,36,24,34,26,26,18,16,20,16]","[42,20,18,24,35,38,46,14,43,30,41,13,1,44,16,39,23,32,33,11,3,4,12,21,27,15,2,10,45,6,25,8,9,26,36,47,0,37,19,31,7,17,40,5,29,34,28,22]",482570241961ee9a,4d4cb158a4b80980,100,0.01,1.0,188300,0.869421905407014,0.00434710952703507,7.287177172941661,2.937500539701432e-05,0.005016250004700851,7056,6.831192958001338,0.01994737500353949,33.676588000002084,0.999996235560788,7.528864253036893e-06,1.8354293708994316,0.002743880176690411,7.354140071358373e-07,7.354140073578819e-07,3.878087061132807,0.893526911686286,1e-12
success,,Li-Li_2.66_sto-6g_as-006-012,hamiltonian_generator/extended_diatomic_20q_library/Li-Li/2.66/sto-6g/Li-Li_2.66_sto-6g_as-006-012.tensors.npz,Li-Li,2.66,sto-6g,6,12,18,1027,1883,fermionic,random_groups,16,1778194441,1027,253888,0.4818971587792374,87,"[15,17,16,15,13,15,11,12,12,16,15,13,16,13,14,15,13,12,12,11,12,11,9,14,12,11,10,9,10,10,13,12,10,8,10,11,9,11,10,13,10,10,10,10,11,10,11,12,12,9,9,10,10,10,11,9,11,10,10,10,11,14,13,8,13,8,8,14,7,14,12,7,9,14,11,11,13,15,22,16,30,24,12,10,6,4,5]","[1,52,73,83,0,32,15,19,65,53,24,69,28,68,40,42,56,62,20,30,80,75,78,58,60,43,47,54,17,14,41,55,6,74,27,59,31,82,51,48,50,26,37,84,5,7,61,76,22,16,10,8,21,3,66,29,25,67,39,49,45,81,11,38,4,18,63,44,13,46,79,34,12,72,85,71,9,2,35,64,33,57,23,77,70,86,36]",6360a5377f776dcb,6ec2f65ff7e919e4,100,0.01,1.0,188300,0.2429597081199791,0.0012147985405998956,0.5690713042076435,2.4499997380189598e-05,0.004598166997311637,7056,6.831192958001338,0.01994737500353949,33.66885295799875,0.9999996033277924,7.933442579544092e-07,1.8354717400091376,0.0008906988353383044,5.514477763313153e-13,5.516698209362403e-13,0.4086483695805753,1.7814386497310093,1e-12
success,,Li-Li_2.66_sto-6g_as-006-012,hamiltonian_generator/extended_diatomic_20q_library/Li-Li/2.66/sto-6g/Li-Li_2.66_sto-6g_as-006-012.tensors.npz,Li-Li,2.66,sto-6g,6,12,18,1027,1883,jw,random_groups,17,3177386084,1883,554688,0.313046481664064,48,"[51,38,34,36,31,27,132,48,54,50,48,42,80,72,60,62,62,62,58,48,30,32,50,22,32,32,32,32,28,38,24,16,25,16,16,16,42,37,52,36,24,34,26,26,18,16,20,16]","[5,19,21,42,1,44,28,22,18,12,23,43,30,31,36,25,2,3,6,32,24,39,0,40,13,17,8,10,9,4,11,29,33,38,41,45,14,7,47,20,15,37,35,27,46,16,34,26]",d293c5bc01ffa1dc,2244677a890d3fe1,100,0.01,1.0,188300,0.9175164277366085,0.004587582138683042,8.11569785363916,2.2334003006108105e-05,0.0051193330000387505,7056,6.831192958001338,0.01994737500353949,33.69436033399688,0.9999962273674,7.545250967244677e-06,1.8354471654232014,0.0027468646126030285,5.809173163617842e-07,5.809173163617842e-07,3.8865277903328392,0.8954716897625888,1e-12
success,,Li-Li_2.66_sto-6g_as-006-012,hamiltonian_generator/extended_diatomic_20q_library/Li-Li/2.66/sto-6g/Li-Li_2.66_sto-6g_as-006-012.tensors.npz,Li-Li,2.66,sto-6g,6,12,18,1027,1883,fermionic,random_groups,17,3791310055,1027,253888,0.4818971587792374,87,"[15,17,16,15,13,15,11,12,12,16,15,13,16,13,14,15,13,12,12,11,12,11,9,14,12,11,10,9,10,10,13,12,10,8,10,11,9,11,10,13,10,10,10,10,11,10,11,12,12,9,9,10,10,10,11,9,11,10,10,10,11,14,13,8,13,8,8,14,7,14,12,7,9,14,11,11,13,15,22,16,30,24,12,10,6,4,5]","[13,27,52,39,67,83,72,86,8,28,23,31,14,43,60,85,42,71,22,1,58,70,59,51,12,37,46,30,57,73,68,40,62,18,49,21,54,47,4,9,48,6,79,64,41,50,69,44,45,84,34,65,26,77,53,35,38,19,55,76,0,20,25,10,7,11,63,17,24,2,3,16,29,74,75,32,5,82,80,66,81,33,15,61,78,36,56]",79307b18de685c22,7fb2ee209d303500,100,0.01,1.0,188300,0.24626515519484968,0.0012313257759742483,0.584660973434594,3.295799979241565e-05,0.005405374999099877,7056,6.831192958001338,0.01994737500353949,34.16434095799923,0.999999746242708,5.07514519521024e-07,1.83546804694264,0.0007124005782661602,4.3665071558507407e-13,4.3665071558507407e-13,0.2614186450097857,1.1396136939411374,1e-12
success,,Li-Li_2.66_sto-6g_as-006-012,hamiltonian_generator/extended_diatomic_20q_library/Li-Li/2.66/sto-6g/Li-Li_2.66_sto-6g_as-006-012.tensors.npz,Li-Li,2.66,sto-6g,6,12,18,1027,1883,jw,random_groups,18,3465520178,1883,554688,0.313046481664064,48,"[51,38,34,36,31,27,132,48,54,50,48,42,80,72,60,62,62,62,58,48,30,32,50,22,32,32,32,32,28,38,24,16,25,16,16,16,42,37,52,36,24,34,26,26,18,16,20,16]","[20,18,23,14,47,41,17,3,12,5,28,33,37,45,15,24,8,27,46,39,35,16,4,26,43,40,2,19,11,1,13,21,0,44,9,32,31,30,22,42,7,25,36,10,29,34,6,38]",c93a560d2240cccb,00baaf4c246648ec,100,0.01,1.0,188300,0.31325043281912746,0.0015662521640956372,0.9459790788382214,3.120899782516062e-05,0.005524374995729886,7056,6.831192958001338,0.01994737500353949,33.75018474999524,0.9999995379797695,9.240402475407805e-07,1.8354563896022886,0.0009612702330961196,1.3935886067351078e-07,1.3935886045146617e-07,0.47596933714250317,0.1096652563932074,1e-12
success,,Li-Li_2.66_sto-6g_as-006-012,hamiltonian_generator/extended_diatomic_20q_library/Li-Li/2.66/sto-6g/Li-Li_2.66_sto-6g_as-006-012.tensors.npz,Li-Li,2.66,sto-6g,6,12,18,1027,1883,fermionic,random_groups,18,4141611203,1027,253888,0.4818971587792374,87,"[15,17,16,15,13,15,11,12,12,16,15,13,16,13,14,15,13,12,12,11,12,11,9,14,12,11,10,9,10,10,13,12,10,8,10,11,9,11,10,13,10,10,10,10,11,10,11,12,12,9,9,10,10,10,11,9,11,10,10,10,11,14,13,8,13,8,8,14,7,14,12,7,9,14,11,11,13,15,22,16,30,24,12,10,6,4,5]","[77,16,34,86,58,64,13,9,52,42,36,49,82,84,66,11,12,32,81,67,48,40,33,27,1,56,54,79,63,37,14,72,69,41,29,47,83,10,45,39,61,28,35,5,65,71,30,3,43,51,6,38,44,59,80,17,50,2,23,76,60,19,62,73,55,78,0,25,53,15,31,85,68,70,22,57,74,21,75,26,4,46,24,8,7,18,20]",54b084ee1dd3cab7,439c7edd8839ee4a,100,0.01,1.0,188300,0.16053009376675959,0.000802650468833798,0.24843403377501214,2.300000051036477e-05,0.0050797500007320195,7056,6.831192958001338,0.01994737500353949,33.709563999997044,0.9999998490486753,3.019026265649316e-07,1.8354489397752682,0.0005494566855763096,4.2099657093785936e-13,4.212186155427844e-13,0.15550880324760902,0.6779163043352909,1e-12
success,,Li-Li_2.66_sto-6g_as-006-012,hamiltonian_generator/extended_diatomic_20q_library/Li-Li/2.66/sto-6g/Li-Li_2.66_sto-6g_as-006-012.tensors.npz,Li-Li,2.66,sto-6g,6,12,18,1027,1883,jw,random_groups,19,2340880662,1883,554688,0.313046481664064,48,"[51,38,34,36,31,27,132,48,54,50,48,42,80,72,60,62,62,62,58,48,30,32,50,22,32,32,32,32,28,38,24,16,25,16,16,16,42,37,52,36,24,34,26,26,18,16,20,16]","[34,41,30,45,17,42,25,33,8,24,5,44,28,3,9,23,21,38,47,31,16,32,1,19,18,37,13,46,14,2,12,11,10,4,29,27,26,20,6,22,43,36,39,0,7,40,15,35]",aa9ae7509381a840,2677033a3a8e4dde,100,0.01,1.0,188300,0.8956354051818761,0.00447817702590938,7.733225578392551,2.3583001166116446e-05,0.005125625000800937,7056,6.831192958001338,0.01994737500353949,33.66677383299975,0.999996775684059,6.4486214857994995e-06,1.8354503957207238,0.002539415657595055,3.166963105094567e-07,3.16696310620479e-07,3.3216584475054836,0.7653235132398688,1e-12
success,,Li-Li_2.66_sto-6g_as-006-012,hamiltonian_generator/extended_diatomic_20q_library/Li-Li/2.66/sto-6g/Li-Li_2.66_sto-6g_as-006-012.tensors.npz,Li-Li,2.66,sto-6g,6,12,18,1027,1883,fermionic,random_groups,19,962106099,1027,253888,0.4818971587792374,87,"[15,17,16,15,13,15,11,12,12,16,15,13,16,13,14,15,13,12,12,11,12,11,9,14,12,11,10,9,10,10,13,12,10,8,10,11,9,11,10,13,10,10,10,10,11,10,11,12,12,9,9,10,10,10,11,9,11,10,10,10,11,14,13,8,13,8,8,14,7,14,12,7,9,14,11,11,13,15,22,16,30,24,12,10,6,4,5]","[76,51,84,40,3,16,49,78,46,48,47,61,74,17,0,15,79,58,6,31,85,19,72,82,65,67,20,18,27,56,4,26,34,44,69,8,71,21,73,36,77,55,64,35,12,53,13,62,41,29,23,43,37,5,81,59,14,86,2,57,70,38,83,52,22,42,1,50,10,66,54,32,11,25,33,60,45,39,30,68,9,7,75,24,28,63,80]",00407394ddf982e7,4f51dbf1816e38ee,100,0.01,1.0,188300,0.2874886375855319,0.0014374431879276594,0.7967820500613709,2.1958003344479948e-05,0.004676249998738058,7056,6.831192958001338,0.01994737500353949,33.63279420899926,0.9999995356147657,9.287702529281461e-07,1.835460326364522,0.0009637273828907517,4.518607710224387e-13,4.517497487199762e-13,0.47840574349482007,2.0855350104288846,1e-12
success,,Li-Li_2.66_sto-6g_as-006-014,hamiltonian_generator/extended_diatomic_20q_library/Li-Li/2.66/sto-6g/Li-Li_2.66_sto-6g_as-006-014.tensors.npz,Li-Li,2.66,sto-6g,6,14,20,1580,2950,baseline,jw_raw,-1,-1,,,,,[],[],4f53cda18c2baa0c,c2dbc90c4fad40a5,100,0.01,1.0,295000,0.5562222388562628,0.002781111194281314,1.0,2.112500078510493e-05,0.013410250001470558,14400,19.27740370799438,0.056077166002069134,105.04657904100168,0.9999968120602055,6.375869425978564e-06,1.9910432241210676,0.002525050413152207,3.674838211509268e-13,3.6759484345338933e-13,1.0,,1e-12
success,,Li-Li_2.66_sto-6g_as-006-014,hamiltonian_generator/extended_diatomic_20q_library/Li-Li/2.66/sto-6g/Li-Li_2.66_sto-6g_as-006-014.tensors.npz,Li-Li,2.66,sto-6g,6,14,20,1580,2950,jw,current,-1,-1,2950,1272112,0.2924546671954297,67,"[58,42,46,44,32,172,37,156,42,37,156,34,26,16,34,34,48,48,40,40,64,64,56,56,64,64,52,52,52,48,40,40,30,26,24,108,24,88,24,24,104,68,56,62,36,30,20,32,28,28,32,20,20,24,16,20,20,20,24,28,28,20,8,16,16,16,16]","[0,1,2,3,4,5,6,7,8,9,10,11,12,13,14,15,16,17,18,19,20,21,22,23,24,25,26,27,28,29,30,31,32,33,34,35,36,37,38,39,40,41,42,43,44,45,46,47,48,49,50,51,52,53,54,55,56,57,58,59,60,61,62,63,64,65,66]",4ab7fc583364cee0,14589ba2fd28a54e,100,0.01,1.0,295000,0.804437008066005,0.004022185040330025,2.0916421572803006,4.804100171895698e-05,0.01335066700266907,14400,19.27740370799438,0.056077166002069134,107.04233050000039,0.9999984089453011,3.1821068663395735e-06,1.9910415782594058,0.001783846797726501,3.2514522185778105e-09,3.2514522185778105e-09,0.4990859526347947,1.0,1e-12
success,,Li-Li_2.66_sto-6g_as-006-014,hamiltonian_generator/extended_diatomic_20q_library/Li-Li/2.66/sto-6g/Li-Li_2.66_sto-6g_as-006-014.tensors.npz,Li-Li,2.66,sto-6g,6,14,20,1580,2950,fermionic,current,-1,-1,1580,581464,0.4661370359384645,126,"[16,17,13,18,12,16,12,16,16,20,14,15,12,10,10,10,10,12,14,10,19,14,10,14,12,12,10,10,12,10,13,8,10,10,13,13,13,10,11,13,12,11,13,10,10,10,12,13,12,14,13,20,17,18,15,16,16,13,10,10,9,9,14,10,14,11,8,10,8,8,10,8,10,10,12,12,10,11,10,10,10,10,12,10,14,11,10,12,11,13,10,10,12,10,12,11,9,14,11,8,12,23,20,30,11,12,14,14,15,23,12,12,11,9,28,42,22,23,12,11,9,5,4,4,2,1]","[0,1,2,3,4,5,6,7,8,9,10,11,12,13,14,15,16,17,18,19,20,21,22,23,24,25,26,27,28,29,30,31,32,33,34,35,36,37,38,39,40,41,42,43,44,45,46,47,48,49,50,51,52,53,54,55,56,57,58,59,60,61,62,63,64,65,66,67,68,69,70,71,72,73,74,75,76,77,78,79,80,81,82,83,84,85,86,87,88,89,90,91,92,93,94,95,96,97,98,99,100,101,102,103,104,105,106,107,108,109,110,111,112,113,114,115,116,117,118,119,120,121,122,123,124,125]",9132f9382d4a39c7,4bc16c9e237ad724,100,0.01,1.0,295000,0.2586161356603475,0.0012930806783017375,0.2161795151256899,4.975000047124922e-05,0.015092165995156392,14400,19.27740370799438,0.056077166002069134,107.26198816700344,0.9999996525677535,6.948643723747594e-07,1.9910494506158656,0.0008335853244005692,2.937650123158164e-13,2.936539900133539e-13,0.10898346969646608,1.0,1e-12
success,,Li-Li_2.66_sto-6g_as-006-014,hamiltonian_generator/extended_diatomic_20q_library/Li-Li/2.66/sto-6g/Li-Li_2.66_sto-6g_as-006-014.tensors.npz,Li-Li,2.66,sto-6g,6,14,20,1580,2950,jw,reverse_groups,-1,-1,2950,1272112,0.2924546671954297,67,"[58,42,46,44,32,172,37,156,42,37,156,34,26,16,34,34,48,48,40,40,64,64,56,56,64,64,52,52,52,48,40,40,30,26,24,108,24,88,24,24,104,68,56,62,36,30,20,32,28,28,32,20,20,24,16,20,20,20,24,28,28,20,8,16,16,16,16]","[66,65,64,63,62,61,60,59,58,57,56,55,54,53,52,51,50,49,48,47,46,45,44,43,42,41,40,39,38,37,36,35,34,33,32,31,30,29,28,27,26,25,24,23,22,21,20,19,18,17,16,15,14,13,12,11,10,9,8,7,6,5,4,3,2,1,0]",dffc3667f07ebc0c,91efb02c9e744f35,100,0.01,1.0,295000,0.804437008066005,0.004022185040330025,2.0916421572803006,6.066600326448679e-05,0.014850874998955987,14400,19.27740370799438,0.056077166002069134,106.99795866700151,0.9999984091737326,3.181650004013825e-06,1.9910482550323962,0.0017837187375724934,3.2518225889788255e-09,3.2518225889788255e-09,0.4990142977285812,0.9998564277238514,1e-12
success,,Li-Li_2.66_sto-6g_as-006-014,hamiltonian_generator/extended_diatomic_20q_library/Li-Li/2.66/sto-6g/Li-Li_2.66_sto-6g_as-006-014.tensors.npz,Li-Li,2.66,sto-6g,6,14,20,1580,2950,fermionic,reverse_groups,-1,-1,1580,581464,0.4661370359384645,126,"[16,17,13,18,12,16,12,16,16,20,14,15,12,10,10,10,10,12,14,10,19,14,10,14,12,12,10,10,12,10,13,8,10,10,13,13,13,10,11,13,12,11,13,10,10,10,12,13,12,14,13,20,17,18,15,16,16,13,10,10,9,9,14,10,14,11,8,10,8,8,10,8,10,10,12,12,10,11,10,10,10,10,12,10,14,11,10,12,11,13,10,10,12,10,12,11,9,14,11,8,12,23,20,30,11,12,14,14,15,23,12,12,11,9,28,42,22,23,12,11,9,5,4,4,2,1]","[125,124,123,122,121,120,119,118,117,116,115,114,113,112,111,110,109,108,107,106,105,104,103,102,101,100,99,98,97,96,95,94,93,92,91,90,89,88,87,86,85,84,83,82,81,80,79,78,77,76,75,74,73,72,71,70,69,68,67,66,65,64,63,62,61,60,59,58,57,56,55,54,53,52,51,50,49,48,47,46,45,44,43,42,41,40,39,38,37,36,35,34,33,32,31,30,29,28,27,26,25,24,23,22,21,20,19,18,17,16,15,14,13,12,11,10,9,8,7,6,5,4,3,2,1,0]",316a7a209f7ab582,ed13ce5f8c3ec287,100,0.01,1.0,295000,0.6273727686513125,0.003136863843256563,1.2721977714483628,6.42910017631948e-05,0.016009958999347873,14400,19.27740370799438,0.056077166002069134,107.4091484160017,0.9999971643862974,5.671219364566937e-06,1.9910349410655535,0.002381433896887791,3.597122599785507e-13,3.597122599785507e-13,0.8894817295754959,8.161620583863082,1e-12
success,,Li-Li_2.66_sto-6g_as-006-014,hamiltonian_generator/extended_diatomic_20q_library/Li-Li/2.66/sto-6g/Li-Li_2.66_sto-6g_as-006-014.tensors.npz,Li-Li,2.66,sto-6g,6,14,20,1580,2950,jw,random_groups,0,3254658578,2950,1272112,0.2924546671954297,67,"[58,42,46,44,32,172,37,156,42,37,156,34,26,16,34,34,48,48,40,40,64,64,56,56,64,64,52,52,52,48,40,40,30,26,24,108,24,88,24,24,104,68,56,62,36,30,20,32,28,28,32,20,20,24,16,20,20,20,24,28,28,20,8,16,16,16,16]","[32,55,36,33,18,45,9,20,65,23,43,27,61,37,47,28,29,64,62,7,11,30,35,53,12,46,38,10,15,22,4,21,48,63,50,56,17,19,2,42,66,0,58,25,13,24,44,14,54,1,51,6,31,52,3,8,26,57,40,39,16,49,41,5,59,60,34]",fdf1644d3e044d17,561c66101b042756,100,0.01,1.0,295000,1.056926841820865,0.005284634209104325,3.610714559784332,5.654200504068285e-05,0.01499558399518719,14400,19.27740370799438,0.056077166002069134,108.0136659580021,0.9999974939492597,5.0120952002075114e-06,1.99104415121086,0.002238772315470494,1.122659583074892e-07,1.122659583074892e-07,0.7861038025317243,1.5750870133324597,1e-12
success,,Li-Li_2.66_sto-6g_as-006-014,hamiltonian_generator/extended_diatomic_20q_library/Li-Li/2.66/sto-6g/Li-Li_2.66_sto-6g_as-006-014.tensors.npz,Li-Li,2.66,sto-6g,6,14,20,1580,2950,fermionic,random_groups,0,1187415456,1580,581464,0.4661370359384645,126,"[16,17,13,18,12,16,12,16,16,20,14,15,12,10,10,10,10,12,14,10,19,14,10,14,12,12,10,10,12,10,13,8,10,10,13,13,13,10,11,13,12,11,13,10,10,10,12,13,12,14,13,20,17,18,15,16,16,13,10,10,9,9,14,10,14,11,8,10,8,8,10,8,10,10,12,12,10,11,10,10,10,10,12,10,14,11,10,12,11,13,10,10,12,10,12,11,9,14,11,8,12,23,20,30,11,12,14,14,15,23,12,12,11,9,28,42,22,23,12,11,9,5,4,4,2,1]","[6,114,89,116,15,98,10,100,82,38,58,14,119,107,4,67,11,46,59,113,63,22,80,26,121,90,42,9,105,32,110,70,111,72,1,78,57,124,75,69,53,12,43,77,99,123,71,102,44,49,34,95,88,125,92,28,94,36,16,96,66,79,23,122,68,19,91,83,18,24,54,21,74,55,20,8,37,33,87,97,48,65,103,106,5,27,101,86,52,3,0,51,30,17,40,109,13,73,60,85,35,29,76,117,61,39,108,50,62,115,2,93,45,120,112,56,104,25,64,47,41,118,7,84,31,81]",c8de29a547711948,73422127b71bc347,100,0.01,1.0,295000,0.512055875457675,0.0025602793772883745,0.8474966882158425,6.304200360318646e-05,0.0152977079997072,14400,19.27740370799438,0.056077166002069134,106.77909870800067,0.9999981659891679,3.668018300539977e-06,1.9910410459744485,0.0019152079950184718,2.7344793096517606e-13,2.7355895326763857e-13,0.575296960379174,5.278754310001829,1e-12
success,,Li-Li_2.66_sto-6g_as-006-014,hamiltonian_generator/extended_diatomic_20q_library/Li-Li/2.66/sto-6g/Li-Li_2.66_sto-6g_as-006-014.tensors.npz,Li-Li,2.66,sto-6g,6,14,20,1580,2950,jw,random_groups,1,2886226909,2950,1272112,0.2924546671954297,67,"[58,42,46,44,32,172,37,156,42,37,156,34,26,16,34,34,48,48,40,40,64,64,56,56,64,64,52,52,52,48,40,40,30,26,24,108,24,88,24,24,104,68,56,62,36,30,20,32,28,28,32,20,20,24,16,20,20,20,24,28,28,20,8,16,16,16,16]","[56,65,60,7,22,21,31,24,49,15,13,5,33,46,32,14,51,45,6,25,28,29,50,34,4,19,1,9,41,23,18,11,66,3,20,37,52,59,38,12,0,48,43,42,26,39,35,47,62,64,58,17,55,30,57,36,16,10,40,2,54,27,44,63,61,8,53]",3429533c6b05f326,f3d04ee808dab136,100,0.01,1.0,295000,0.6325114255193978,0.003162557127596989,1.2931236426878054,6.233300518942997e-05,0.015353541995864362,14400,19.27740370799438,0.056077166002069134,106.53372045799915,0.999998373511855,3.252973644451984e-06,1.9910391625509258,0.0018036009231233519,9.706349346494392e-08,9.706349346494392e-08,0.510200794137612,1.022270395398106,1e-12
success,,Li-Li_2.66_sto-6g_as-006-014,hamiltonian_generator/extended_diatomic_20q_library/Li-Li/2.66/sto-6g/Li-Li_2.66_sto-6g_as-006-014.tensors.npz,Li-Li,2.66,sto-6g,6,14,20,1580,2950,fermionic,random_groups,1,1859980034,1580,581464,0.4661370359384645,126,"[16,17,13,18,12,16,12,16,16,20,14,15,12,10,10,10,10,12,14,10,19,14,10,14,12,12,10,10,12,10,13,8,10,10,13,13,13,10,11,13,12,11,13,10,10,10,12,13,12,14,13,20,17,18,15,16,16,13,10,10,9,9,14,10,14,11,8,10,8,8,10,8,10,10,12,12,10,11,10,10,10,10,12,10,14,11,10,12,11,13,10,10,12,10,12,11,9,14,11,8,12,23,20,30,11,12,14,14,15,23,12,12,11,9,28,42,22,23,12,11,9,5,4,4,2,1]","[12,77,100,36,46,20,4,13,42,124,16,30,105,49,62,94,117,53,101,8,63,39,75,50,84,24,125,6,18,47,57,5,70,98,85,21,123,122,99,71,103,114,37,26,14,93,25,45,33,29,81,82,54,34,60,52,9,97,118,88,73,74,78,79,59,48,23,72,31,40,111,108,0,65,119,116,91,3,96,56,43,41,44,10,51,15,7,121,32,109,113,112,19,64,1,104,69,67,11,80,68,115,102,66,55,110,61,90,107,92,2,106,35,58,17,76,27,28,86,87,89,120,95,83,22,38]",9fd7581fcf44dc4e,cc2afb698e609de0,100,0.01,1.0,295000,0.24507050785908324,0.0012253525392954161,0.1941267589814382,6.254199979593977e-05,0.014415582998481113,14400,19.27740370799438,0.056077166002069134,106.02029670800403,0.9999997001215207,5.997568686133548e-07,1.9910467963474179,0.0007744397707642731,5.319078510979125e-13,5.32018873400375e-13,0.0940666799369569,0.8631279605883858,1e-12
success,,Li-Li_2.66_sto-6g_as-006-014,hamiltonian_generator/extended_diatomic_20q_library/Li-Li/2.66/sto-6g/Li-Li_2.66_sto-6g_as-006-014.tensors.npz,Li-Li,2.66,sto-6g,6,14,20,1580,2950,jw,random_groups,2,730841937,2950,1272112,0.2924546671954297,67,"[58,42,46,44,32,172,37,156,42,37,156,34,26,16,34,34,48,48,40,40,64,64,56,56,64,64,52,52,52,48,40,40,30,26,24,108,24,88,24,24,104,68,56,62,36,30,20,32,28,28,32,20,20,24,16,20,20,20,24,28,28,20,8,16,16,16,16]","[16,1,61,64,60,41,53,34,46,10,4,65,35,32,5,48,50,37,0,66,9,45,11,25,7,63,28,22,24,14,23,17,52,38,18,62,19,13,57,2,58,21,8,27,54,59,31,29,26,15,12,20,56,49,55,36,33,6,42,47,3,40,43,51,39,44,30]",520820ee9ff85452,1f0e256894ef9091,100,0.01,1.0,295000,0.40492224459236714,0.0020246112229618356,0.5299642491767008,6.795799708925188e-05,0.013785082999675069,14400,19.27740370799438,0.056077166002069134,105.39845404200605,0.9999991763812128,1.647236895996329e-06,1.991042492177746,0.0012834475347058784,5.583989148849611e-08,5.5839891377473805e-08,0.25835486675505626,0.5176560578215813,1e-12
success,,Li-Li_2.66_sto-6g_as-006-014,hamiltonian_generator/extended_diatomic_20q_library/Li-Li/2.66/sto-6g/Li-Li_2.66_sto-6g_as-006-014.tensors.npz,Li-Li,2.66,sto-6g,6,14,20,1580,2950,fermionic,random_groups,2,206917096,1580,581464,0.4661370359384645,126,"[16,17,13,18,12,16,12,16,16,20,14,15,12,10,10,10,10,12,14,10,19,14,10,14,12,12,10,10,12,10,13,8,10,10,13,13,13,10,11,13,12,11,13,10,10,10,12,13,12,14,13,20,17,18,15,16,16,13,10,10,9,9,14,10,14,11,8,10,8,8,10,8,10,10,12,12,10,11,10,10,10,10,12,10,14,11,10,12,11,13,10,10,12,10,12,11,9,14,11,8,12,23,20,30,11,12,14,14,15,23,12,12,11,9,28,42,22,23,12,11,9,5,4,4,2,1]","[52,44,58,13,88,108,5,0,41,24,119,42,9,79,4,37,90,59,27,116,124,87,55,74,19,64,113,39,34,103,101,45,67,40,85,2,84,125,112,8,94,72,28,48,38,71,96,50,77,76,109,70,120,15,91,32,97,16,29,25,10,14,7,56,6,36,80,106,43,17,123,83,89,53,1,63,54,23,102,33,20,122,107,46,100,81,30,18,111,105,57,31,104,21,26,99,114,11,78,121,75,86,22,62,60,118,51,61,110,73,65,47,69,35,98,117,68,12,115,93,49,82,92,95,3,66]",3c31416d7d0fae41,0dc57a0f600f75f4,100,0.01,1.0,295000,0.49290097327969723,0.002464504866398486,0.7852765953427243,6.291700265137479e-05,0.013353499998629559,14400,19.27740370799438,0.056077166002069134,105.08179499999824,0.9999984225840076,3.15482949653223e-06,1.9910418151237932,0.0017761846707941358,2.0505819264826641e-13,2.0483614804334138e-13,0.4948077329936895,4.5402090277708815,1e-12
success,,Li-Li_2.66_sto-6g_as-006-014,hamiltonian_generator/extended_diatomic_20q_library/Li-Li/2.66/sto-6g/Li-Li_2.66_sto-6g_as-006-014.tensors.npz,Li-Li,2.66,sto-6g,6,14,20,1580,2950,jw,random_groups,3,2063350619,2950,1272112,0.2924546671954297,67,"[58,42,46,44,32,172,37,156,42,37,156,34,26,16,34,34,48,48,40,40,64,64,56,56,64,64,52,52,52,48,40,40,30,26,24,108,24,88,24,24,104,68,56,62,36,30,20,32,28,28,32,20,20,24,16,20,20,20,24,28,28,20,8,16,16,16,16]","[30,54,66,5,41,37,42,43,12,48,61,20,22,31,57,19,8,26,13,24,0,1,58,2,47,32,65,49,55,4,28,10,38,60,34,25,62,59,33,14,17,35,11,16,64,53,21,46,39,7,36,44,40,9,52,27,6,15,3,56,29,23,18,51,50,45,63]",e91a5dc9047f4f3d,5d2a5851526e1ada,100,0.01,1.0,295000,0.9221560624769986,0.004610780312384993,2.748603871472365,6.629199924645945e-05,0.013941124998382293,14400,19.27740370799438,0.056077166002069134,104.9094997919965,0.9999974556220523,5.088749421511274e-06,1.9910439648245863,0.0022558270978363464,1.6879500286393068e-07,1.6879500308597528e-07,0.798126354466592,1.5991761544341032,1e-12
success,,Li-Li_2.66_sto-6g_as-006-014,hamiltonian_generator/extended_diatomic_20q_library/Li-Li/2.66/sto-6g/Li-Li_2.66_sto-6g_as-006-014.tensors.npz,Li-Li,2.66,sto-6g,6,14,20,1580,2950,fermionic,random_groups,3,37395879,1580,581464,0.4661370359384645,126,"[16,17,13,18,12,16,12,16,16,20,14,15,12,10,10,10,10,12,14,10,19,14,10,14,12,12,10,10,12,10,13,8,10,10,13,13,13,10,11,13,12,11,13,10,10,10,12,13,12,14,13,20,17,18,15,16,16,13,10,10,9,9,14,10,14,11,8,10,8,8,10,8,10,10,12,12,10,11,10,10,10,10,12,10,14,11,10,12,11,13,10,10,12,10,12,11,9,14,11,8,12,23,20,30,11,12,14,14,15,23,12,12,11,9,28,42,22,23,12,11,9,5,4,4,2,1]","[98,50,104,39,61,88,73,119,105,121,80,87,1,99,33,100,14,16,10,0,115,125,22,60,86,3,78,54,108,37,35,36,26,57,29,111,67,30,48,118,21,74,52,83,75,53,46,90,25,18,102,63,64,24,103,49,20,68,70,43,77,6,84,91,15,44,51,97,56,112,27,94,93,38,116,47,101,32,96,55,19,71,12,122,4,106,41,13,76,11,114,95,7,120,31,85,8,34,124,2,28,40,69,81,42,123,59,17,66,79,109,9,110,113,5,45,65,72,92,82,62,23,89,117,58,107]",16fa8a62dca22ea1,4c151780c115979a,100,0.01,1.0,295000,0.3523827036465625,0.0017619135182328125,0.40135850381818616,6.179200136102736e-05,0.014078583000809886,14400,19.27740370799438,0.056077166002069134,104.8396529160018,0.9999993759743969,1.248050816804458e-06,1.9910436186586669,0.001117162121699296,3.340661081097096e-13,3.340661081097096e-13,0.1957459812020708,1.7961070770388412,1e-12
success,,Li-Li_2.66_sto-6g_as-006-014,hamiltonian_generator/extended_diatomic_20q_library/Li-Li/2.66/sto-6g/Li-Li_2.66_sto-6g_as-006-014.tensors.npz,Li-Li,2.66,sto-6g,6,14,20,1580,2950,jw,random_groups,4,4157257306,2950,1272112,0.2924546671954297,67,"[58,42,46,44,32,172,37,156,42,37,156,34,26,16,34,34,48,48,40,40,64,64,56,56,64,64,52,52,52,48,40,40,30,26,24,108,24,88,24,24,104,68,56,62,36,30,20,32,28,28,32,20,20,24,16,20,20,20,24,28,28,20,8,16,16,16,16]","[10,6,36,64,43,38,29,24,40,48,57,37,21,30,11,26,18,41,65,61,7,44,5,28,33,0,56,13,8,3,47,50,19,66,23,45,35,60,9,39,16,14,63,51,1,54,49,52,12,15,59,46,34,42,32,53,4,55,17,20,58,22,31,2,25,62,27]",d393c09f4164850e,2bff7b2d9f7c2e53,100,0.01,1.0,295000,0.760974814774481,0.0038048740738724053,1.871732880229689,6.600000051548705e-05,0.014373207995959092,14400,19.27740370799438,0.056077166002069134,104.79635954200057,0.9999982175962231,3.564804376798847e-06,1.9910436160139318,0.001888069795800212,4.002468578789831e-09,4.002468245722923e-09,0.5591087487259392,1.120265448815519,1e-12
success,,Li-Li_2.66_sto-6g_as-006-014,hamiltonian_generator/extended_diatomic_20q_library/Li-Li/2.66/sto-6g/Li-Li_2.66_sto-6g_as-006-014.tensors.npz,Li-Li,2.66,sto-6g,6,14,20,1580,2950,fermionic,random_groups,4,1833062656,1580,581464,0.4661370359384645,126,"[16,17,13,18,12,16,12,16,16,20,14,15,12,10,10,10,10,12,14,10,19,14,10,14,12,12,10,10,12,10,13,8,10,10,13,13,13,10,11,13,12,11,13,10,10,10,12,13,12,14,13,20,17,18,15,16,16,13,10,10,9,9,14,10,14,11,8,10,8,8,10,8,10,10,12,12,10,11,10,10,10,10,12,10,14,11,10,12,11,13,10,10,12,10,12,11,9,14,11,8,12,23,20,30,11,12,14,14,15,23,12,12,11,9,28,42,22,23,12,11,9,5,4,4,2,1]","[55,73,76,99,48,11,7,71,112,39,49,63,59,16,10,80,17,77,69,102,22,0,45,113,33,32,46,78,107,57,79,72,93,50,29,87,12,119,28,26,52,114,120,101,62,124,5,8,9,94,104,82,56,96,67,84,47,64,14,25,111,42,31,92,51,37,44,20,125,38,116,97,88,13,100,34,68,70,24,91,90,1,89,6,65,35,95,105,118,21,106,121,74,117,123,4,54,75,110,43,40,103,18,122,60,85,66,3,109,30,98,27,23,41,61,115,2,108,81,58,86,15,53,19,83,36]",e5a8334661bf9e75,98ce494fca09e9a0,100,0.01,1.0,295000,0.29430988539608094,0.0014715494269804048,0.2799709697285698,6.28340058028698e-05,0.014027499993972015,14400,19.27740370799438,0.056077166002069134,105.135706999994,0.9999995343795374,9.312407084349772e-07,1.9910412107797704,0.0009650082513955691,4.2654768606098514e-13,4.2665870836344766e-13,0.14605705453135923,1.3401762206520693,1e-12
success,,Li-Li_2.66_sto-6g_as-006-014,hamiltonian_generator/extended_diatomic_20q_library/Li-Li/2.66/sto-6g/Li-Li_2.66_sto-6g_as-006-014.tensors.npz,Li-Li,2.66,sto-6g,6,14,20,1580,2950,jw,random_groups,5,2479830531,2950,1272112,0.2924546671954297,67,"[58,42,46,44,32,172,37,156,42,37,156,34,26,16,34,34,48,48,40,40,64,64,56,56,64,64,52,52,52,48,40,40,30,26,24,108,24,88,24,24,104,68,56,62,36,30,20,32,28,28,32,20,20,24,16,20,20,20,24,28,28,20,8,16,16,16,16]","[31,15,55,10,7,16,57,28,27,17,6,45,37,14,40,42,47,26,58,13,3,35,23,63,29,38,52,2,49,53,46,61,36,30,24,21,4,12,54,50,48,41,0,44,39,1,9,65,64,11,20,8,5,66,56,34,22,25,59,32,51,62,19,18,33,60,43]",6b681330e40022db,53b9886b72ceefe9,100,0.01,1.0,295000,0.5268303724603035,0.0026341518623015175,0.8971083762385513,8.104200242087245e-05,0.014132083000731654,14400,19.27740370799438,0.056077166002069134,105.02135783300037,0.9999989281142234,2.143770404194889e-06,1.9910395040409976,0.0014641624066901518,9.334814765615818e-08,9.334814765615818e-08,0.33623185497809416,0.6736952887634793,1e-12
success,,Li-Li_2.66_sto-6g_as-006-014,hamiltonian_generator/extended_diatomic_20q_library/Li-Li/2.66/sto-6g/Li-Li_2.66_sto-6g_as-006-014.tensors.npz,Li-Li,2.66,sto-6g,6,14,20,1580,2950,fermionic,random_groups,5,4113447832,1580,581464,0.4661370359384645,126,"[16,17,13,18,12,16,12,16,16,20,14,15,12,10,10,10,10,12,14,10,19,14,10,14,12,12,10,10,12,10,13,8,10,10,13,13,13,10,11,13,12,11,13,10,10,10,12,13,12,14,13,20,17,18,15,16,16,13,10,10,9,9,14,10,14,11,8,10,8,8,10,8,10,10,12,12,10,11,10,10,10,10,12,10,14,11,10,12,11,13,10,10,12,10,12,11,9,14,11,8,12,23,20,30,11,12,14,14,15,23,12,12,11,9,28,42,22,23,12,11,9,5,4,4,2,1]","[32,73,30,8,20,96,74,68,57,11,44,78,53,81,71,62,47,110,101,45,69,52,84,92,99,67,28,108,35,102,38,93,58,51,31,111,40,106,6,7,119,77,17,59,105,118,48,54,113,23,103,64,109,22,33,19,16,76,72,49,55,66,29,122,88,36,14,42,70,61,116,10,85,9,95,0,75,37,46,39,1,94,34,89,12,90,91,80,107,114,112,125,97,27,21,60,104,82,15,50,86,65,25,5,117,100,18,56,3,115,13,123,79,87,83,4,43,124,98,2,24,63,120,26,41,121]",6b567c6f81d7713f,d9c6a8da828f2fd1,100,0.01,1.0,295000,0.31656899185940257,0.0015828449592970128,0.32392170424830297,6.44590036245063e-05,0.013375250004173722,14400,19.27740370799438,0.056077166002069134,104.96010279199982,0.9999997279129592,5.441740075218249e-07,1.991045084542056,0.0007376815583798341,4.656275365277907e-13,4.655165142253281e-13,0.08534898868922577,0.7831370108415012,1e-12
success,,Li-Li_2.66_sto-6g_as-006-014,hamiltonian_generator/extended_diatomic_20q_library/Li-Li/2.66/sto-6g/Li-Li_2.66_sto-6g_as-006-014.tensors.npz,Li-Li,2.66,sto-6g,6,14,20,1580,2950,jw,random_groups,6,1195444073,2950,1272112,0.2924546671954297,67,"[58,42,46,44,32,172,37,156,42,37,156,34,26,16,34,34,48,48,40,40,64,64,56,56,64,64,52,52,52,48,40,40,30,26,24,108,24,88,24,24,104,68,56,62,36,30,20,32,28,28,32,20,20,24,16,20,20,20,24,28,28,20,8,16,16,16,16]","[27,10,24,44,59,0,23,16,14,13,32,56,1,20,42,46,18,60,35,22,62,5,9,30,28,36,53,40,52,11,63,33,38,4,65,54,39,31,64,25,55,26,6,51,61,45,8,41,2,3,29,50,34,12,48,47,43,66,49,57,17,21,7,58,19,37,15]",035da33a8d8a6d02,8c5e35de9582b800,100,0.01,1.0,295000,0.2591168927781063,0.0012955844638905315,0.21701750024152194,7.125000411178917e-05,0.014127125003142282,14400,19.27740370799438,0.056077166002069134,104.91647929200553,0.9999994709359961,1.0581277279930745e-06,1.991049012463167,0.0010286534926204737,2.5076153553627023e-07,2.5076153575831484e-07,0.16595818660929898,0.33252425906432714,1e-12
success,,Li-Li_2.66_sto-6g_as-006-014,hamiltonian_generator/extended_diatomic_20q_library/Li-Li/2.66/sto-6g/Li-Li_2.66_sto-6g_as-006-014.tensors.npz,Li-Li,2.66,sto-6g,6,14,20,1580,2950,fermionic,random_groups,6,3578059822,1580,581464,0.4661370359384645,126,"[16,17,13,18,12,16,12,16,16,20,14,15,12,10,10,10,10,12,14,10,19,14,10,14,12,12,10,10,12,10,13,8,10,10,13,13,13,10,11,13,12,11,13,10,10,10,12,13,12,14,13,20,17,18,15,16,16,13,10,10,9,9,14,10,14,11,8,10,8,8,10,8,10,10,12,12,10,11,10,10,10,10,12,10,14,11,10,12,11,13,10,10,12,10,12,11,9,14,11,8,12,23,20,30,11,12,14,14,15,23,12,12,11,9,28,42,22,23,12,11,9,5,4,4,2,1]","[118,93,108,125,50,68,7,5,62,98,36,38,30,63,39,60,51,116,114,109,89,16,4,78,54,83,110,119,64,86,42,59,87,40,120,102,92,19,103,99,6,121,11,26,82,34,27,85,55,73,3,79,122,24,31,75,74,15,37,112,88,52,28,96,84,20,33,18,61,69,101,123,100,1,17,77,9,80,25,48,46,115,49,14,2,53,70,95,117,106,56,111,43,29,44,13,21,10,0,23,32,67,124,105,58,113,72,71,12,22,41,47,76,45,94,8,57,104,107,91,35,65,97,81,90,66]",006ac6edbde93fd3,c0572ad344be33f5,100,0.01,1.0,295000,0.42084713269189883,0.0021042356634594942,0.572469096957534,8.091700146906078e-05,0.014558707996911835,14400,19.27740370799438,0.056077166002069134,104.69379308400676,0.9999988800138583,2.2399710291054475e-06,1.9910427317937551,0.0014966536952265947,2.8899105330992825e-13,2.893241202173158e-13,0.3513200913398032,3.2236089777493584,1e-12
success,,Li-Li_2.66_sto-6g_as-006-014,hamiltonian_generator/extended_diatomic_20q_library/Li-Li/2.66/sto-6g/Li-Li_2.66_sto-6g_as-006-014.tensors.npz,Li-Li,2.66,sto-6g,6,14,20,1580,2950,jw,random_groups,7,2749083311,2950,1272112,0.2924546671954297,67,"[58,42,46,44,32,172,37,156,42,37,156,34,26,16,34,34,48,48,40,40,64,64,56,56,64,64,52,52,52,48,40,40,30,26,24,108,24,88,24,24,104,68,56,62,36,30,20,32,28,28,32,20,20,24,16,20,20,20,24,28,28,20,8,16,16,16,16]","[12,5,16,18,66,32,8,24,26,22,17,29,57,43,7,35,34,65,55,28,38,58,44,20,21,14,60,4,11,31,49,19,13,41,51,63,40,52,59,2,10,54,45,48,42,3,62,27,53,64,1,46,6,61,50,56,25,33,9,37,15,23,30,39,0,47,36]",b0001b1dfcb007a9,e0ec3072ec11ba67,100,0.01,1.0,295000,1.0481159632092185,0.005240579816046092,3.55076535153231,6.783400021959096e-05,0.013901292004447896,14400,19.27740370799438,0.056077166002069134,104.71806862499943,0.9999967191639829,6.5616612703323085e-06,1.9910400608614027,0.0025615760840089403,3.5299650313902475e-08,3.5299650313902475e-08,1.029139844614247,2.062049310707245,1e-12
success,,Li-Li_2.66_sto-6g_as-006-014,hamiltonian_generator/extended_diatomic_20q_library/Li-Li/2.66/sto-6g/Li-Li_2.66_sto-6g_as-006-014.tensors.npz,Li-Li,2.66,sto-6g,6,14,20,1580,2950,fermionic,random_groups,7,3835772758,1580,581464,0.4661370359384645,126,"[16,17,13,18,12,16,12,16,16,20,14,15,12,10,10,10,10,12,14,10,19,14,10,14,12,12,10,10,12,10,13,8,10,10,13,13,13,10,11,13,12,11,13,10,10,10,12,13,12,14,13,20,17,18,15,16,16,13,10,10,9,9,14,10,14,11,8,10,8,8,10,8,10,10,12,12,10,11,10,10,10,10,12,10,14,11,10,12,11,13,10,10,12,10,12,11,9,14,11,8,12,23,20,30,11,12,14,14,15,23,12,12,11,9,28,42,22,23,12,11,9,5,4,4,2,1]","[11,108,125,10,52,19,84,24,55,16,83,109,73,25,105,22,29,7,30,53,78,62,39,28,21,97,107,88,74,9,116,5,33,61,15,58,99,23,41,106,54,8,6,63,90,114,20,103,87,44,82,40,93,36,79,57,91,35,98,31,123,45,101,17,2,0,117,80,70,32,86,1,121,85,118,3,104,4,47,89,120,81,66,115,124,13,46,77,27,18,67,56,42,68,51,38,113,12,72,59,43,26,76,110,92,60,34,48,69,102,95,100,75,96,50,112,65,122,37,94,49,64,119,111,14,71]",824bdae1f54bd302,40697f54d47163a6,100,0.01,1.0,295000,0.2937090561898781,0.0014685452809493904,0.2788290235017282,6.591699639102444e-05,0.014036667002073955,14400,19.27740370799438,0.056077166002069134,104.68337812500249,0.9999995968811333,8.062375709272374e-07,1.9910437691430023,0.0008979074192052809,3.6926017799032707e-13,3.6926017799032707e-13,0.12645139306683598,1.1602804849122577,1e-12
success,,Li-Li_2.66_sto-6g_as-006-014,hamiltonian_generator/extended_diatomic_20q_library/Li-Li/2.66/sto-6g/Li-Li_2.66_sto-6g_as-006-014.tensors.npz,Li-Li,2.66,sto-6g,6,14,20,1580,2950,jw,random_groups,8,432512184,2950,1272112,0.2924546671954297,67,"[58,42,46,44,32,172,37,156,42,37,156,34,26,16,34,34,48,48,40,40,64,64,56,56,64,64,52,52,52,48,40,40,30,26,24,108,24,88,24,24,104,68,56,62,36,30,20,32,28,28,32,20,20,24,16,20,20,20,24,28,28,20,8,16,16,16,16]","[54,34,39,53,38,36,1,66,2,51,48,29,12,3,21,45,61,32,59,52,42,63,43,16,28,18,58,7,44,56,62,46,5,30,15,40,60,10,41,11,17,47,64,26,25,35,50,27,49,14,37,31,4,57,9,6,55,65,0,23,8,19,33,24,13,20,22]",a32b411ecdccf98a,ed44fd47def15ee3,100,0.01,1.0,295000,1.1259317917996363,0.005629658958998181,4.097580236552596,5.983299342915416e-05,0.014091207995079458,14400,19.27740370799438,0.056077166002069134,104.84553025000059,0.9999966392696445,6.7214494163803096e-06,1.9910423249176725,0.0025925780047861982,4.6923466212600573e-07,4.6923466223702803e-07,1.0542012339515103,2.1122638863829537,1e-12
success,,Li-Li_2.66_sto-6g_as-006-014,hamiltonian_generator/extended_diatomic_20q_library/Li-Li/2.66/sto-6g/Li-Li_2.66_sto-6g_as-006-014.tensors.npz,Li-Li,2.66,sto-6g,6,14,20,1580,2950,fermionic,random_groups,8,1485046577,1580,581464,0.4661370359384645,126,"[16,17,13,18,12,16,12,16,16,20,14,15,12,10,10,10,10,12,14,10,19,14,10,14,12,12,10,10,12,10,13,8,10,10,13,13,13,10,11,13,12,11,13,10,10,10,12,13,12,14,13,20,17,18,15,16,16,13,10,10,9,9,14,10,14,11,8,10,8,8,10,8,10,10,12,12,10,11,10,10,10,10,12,10,14,11,10,12,11,13,10,10,12,10,12,11,9,14,11,8,12,23,20,30,11,12,14,14,15,23,12,12,11,9,28,42,22,23,12,11,9,5,4,4,2,1]","[60,98,100,78,76,123,71,122,117,34,64,92,61,125,32,77,94,66,79,50,110,121,111,54,16,88,68,118,55,95,86,104,113,87,72,58,17,80,2,44,57,70,101,12,5,119,42,52,85,27,112,37,93,28,105,47,115,83,84,18,3,15,53,19,120,38,1,81,29,13,22,59,67,96,33,20,14,91,114,51,11,65,49,7,40,4,43,75,46,25,41,31,26,0,39,62,21,74,63,106,45,108,116,109,8,56,9,10,102,82,107,124,23,89,35,73,30,36,24,99,69,90,103,97,48,6]",71e89c393a19fce0,57b9a1b1a235cd59,100,0.01,1.0,295000,0.28425990504155146,0.0014212995252077573,0.2611767513536436,6.504199700430036e-05,0.01481041600345634,14400,19.27740370799438,0.056077166002069134,104.88043416599976,0.9999997071783762,5.856431619655211e-07,1.9910429021256746,0.0007652733156688129,3.3428815271463463e-13,3.3384406350478457e-13,0.09185306706240098,0.8428165052757486,1e-12
success,,Li-Li_2.66_sto-6g_as-006-014,hamiltonian_generator/extended_diatomic_20q_library/Li-Li/2.66/sto-6g/Li-Li_2.66_sto-6g_as-006-014.tensors.npz,Li-Li,2.66,sto-6g,6,14,20,1580,2950,jw,random_groups,9,3378743344,2950,1272112,0.2924546671954297,67,"[58,42,46,44,32,172,37,156,42,37,156,34,26,16,34,34,48,48,40,40,64,64,56,56,64,64,52,52,52,48,40,40,30,26,24,108,24,88,24,24,104,68,56,62,36,30,20,32,28,28,32,20,20,24,16,20,20,20,24,28,28,20,8,16,16,16,16]","[43,30,44,66,19,42,32,20,61,11,46,57,54,63,21,47,6,45,3,51,22,38,23,5,41,7,59,49,26,0,2,62,28,56,13,25,53,29,52,33,4,40,16,58,39,18,31,12,24,1,9,27,10,36,37,48,8,60,34,15,50,65,17,64,55,35,14]",0a9361d1111c74dc,64c6b57a1b3d8b67,100,0.01,1.0,295000,0.7107506465603458,0.003553753232801729,1.6328181875355567,6.712500180583447e-05,0.013998082999023609,14400,19.27740370799438,0.056077166002069134,105.2167056249964,0.9999987140924651,2.571813416230029e-06,1.9910465491391691,0.00160368795898585,3.3570401380966786e-07,3.3570401369864555e-07,0.403366700979029,0.8082108880235143,1e-12
success,,Li-Li_2.66_sto-6g_as-006-014,hamiltonian_generator/extended_diatomic_20q_library/Li-Li/2.66/sto-6g/Li-Li_2.66_sto-6g_as-006-014.tensors.npz,Li-Li,2.66,sto-6g,6,14,20,1580,2950,fermionic,random_groups,9,832073125,1580,581464,0.4661370359384645,126,"[16,17,13,18,12,16,12,16,16,20,14,15,12,10,10,10,10,12,14,10,19,14,10,14,12,12,10,10,12,10,13,8,10,10,13,13,13,10,11,13,12,11,13,10,10,10,12,13,12,14,13,20,17,18,15,16,16,13,10,10,9,9,14,10,14,11,8,10,8,8,10,8,10,10,12,12,10,11,10,10,10,10,12,10,14,11,10,12,11,13,10,10,12,10,12,11,9,14,11,8,12,23,20,30,11,12,14,14,15,23,12,12,11,9,28,42,22,23,12,11,9,5,4,4,2,1]","[108,100,77,48,14,6,68,7,75,122,101,11,1,121,90,84,36,60,53,91,16,124,104,74,65,29,110,31,87,76,37,62,95,78,27,39,51,113,26,9,47,33,115,45,82,99,64,54,116,49,85,52,79,93,57,42,32,20,25,8,55,41,112,24,70,119,118,10,80,92,86,5,58,18,21,89,97,50,19,43,30,13,61,38,83,72,0,46,107,63,69,102,4,35,71,2,40,23,125,117,120,15,56,96,28,44,81,98,34,73,22,17,109,67,59,88,12,3,66,105,123,94,106,103,114,111]",6d37cf73de3458ba,6b5dd710ae2e1f50,100,0.01,1.0,295000,0.4142582477661766,0.002071291238830883,0.5546839889548768,6.379199476214126e-05,0.013862583000445738,14400,19.27740370799438,0.056077166002069134,105.3048042080045,0.9999989495506234,2.100897649737199e-06,1.991045108709977,0.0014494477407577906,3.9035441545820504e-13,3.9035441545820504e-13,0.32950763407686234,3.0234643381660202,1e-12
success,,Li-Li_2.66_sto-6g_as-006-014,hamiltonian_generator/extended_diatomic_20q_library/Li-Li/2.66/sto-6g/Li-Li_2.66_sto-6g_as-006-014.tensors.npz,Li-Li,2.66,sto-6g,6,14,20,1580,2950,jw,random_groups,10,3022715238,2950,1272112,0.2924546671954297,67,"[58,42,46,44,32,172,37,156,42,37,156,34,26,16,34,34,48,48,40,40,64,64,56,56,64,64,52,52,52,48,40,40,30,26,24,108,24,88,24,24,104,68,56,62,36,30,20,32,28,28,32,20,20,24,16,20,20,20,24,28,28,20,8,16,16,16,16]","[24,52,50,3,62,65,4,48,27,20,14,45,17,29,13,23,32,40,47,1,57,21,28,59,8,63,12,60,49,61,18,7,66,2,6,42,54,56,39,44,10,46,36,0,22,30,55,11,19,37,38,41,31,33,64,51,35,58,5,34,43,15,26,9,16,25,53]",d7ae179bb3aabcf6,fea4bf65a74f99d2,100,0.01,1.0,295000,0.6806103357039193,0.0034030516785195962,1.4972708941929478,6.925000343471766e-05,0.014086249997490086,14400,19.27740370799438,0.056077166002069134,105.64052916699438,0.999997986849987,4.026295973291738e-06,1.991046316900233,0.002006564234219744,5.188747597140164e-07,5.188747596029941e-07,0.6314897160356738,1.2652925066351552,1e-12
success,,Li-Li_2.66_sto-6g_as-006-014,hamiltonian_generator/extended_diatomic_20q_library/Li-Li/2.66/sto-6g/Li-Li_2.66_sto-6g_as-006-014.tensors.npz,Li-Li,2.66,sto-6g,6,14,20,1580,2950,fermionic,random_groups,10,2574259014,1580,581464,0.4661370359384645,126,"[16,17,13,18,12,16,12,16,16,20,14,15,12,10,10,10,10,12,14,10,19,14,10,14,12,12,10,10,12,10,13,8,10,10,13,13,13,10,11,13,12,11,13,10,10,10,12,13,12,14,13,20,17,18,15,16,16,13,10,10,9,9,14,10,14,11,8,10,8,8,10,8,10,10,12,12,10,11,10,10,10,10,12,10,14,11,10,12,11,13,10,10,12,10,12,11,9,14,11,8,12,23,20,30,11,12,14,14,15,23,12,12,11,9,28,42,22,23,12,11,9,5,4,4,2,1]","[117,44,0,10,72,3,101,2,103,43,66,114,57,7,54,106,105,102,100,111,78,38,116,55,89,76,47,94,5,22,99,70,85,74,69,28,93,87,49,18,112,56,46,110,30,6,50,21,104,14,36,71,124,24,17,20,95,35,82,121,19,12,68,29,115,32,31,79,26,73,92,88,125,33,108,48,113,62,11,98,45,80,39,60,15,58,9,119,1,81,25,77,41,65,27,91,8,122,86,40,107,97,118,83,16,52,13,34,96,64,109,42,123,90,51,53,59,75,23,63,120,61,67,4,37,84]",8f14a12d06a21505,aa15553236f6e7e1,100,0.01,1.0,295000,0.39343934354286,0.0019671967177143,0.5003326863103325,6.679099897155538e-05,0.0141179580023163,14400,19.27740370799438,0.056077166002069134,105.87930808399688,0.9999990055850826,1.9888288459446457e-06,1.9910432240523432,0.0014102587829261314,1.5309975509580909e-13,1.5343282200319663e-13,0.31193061103810193,2.862182787049004,1e-12
success,,Li-Li_2.66_sto-6g_as-006-014,hamiltonian_generator/extended_diatomic_20q_library/Li-Li/2.66/sto-6g/Li-Li_2.66_sto-6g_as-006-014.tensors.npz,Li-Li,2.66,sto-6g,6,14,20,1580,2950,jw,random_groups,11,1919849586,2950,1272112,0.2924546671954297,67,"[58,42,46,44,32,172,37,156,42,37,156,34,26,16,34,34,48,48,40,40,64,64,56,56,64,64,52,52,52,48,40,40,30,26,24,108,24,88,24,24,104,68,56,62,36,30,20,32,28,28,32,20,20,24,16,20,20,20,24,28,28,20,8,16,16,16,16]","[15,37,56,10,57,46,60,53,4,29,50,12,16,36,31,17,63,32,8,41,21,39,35,58,27,43,9,28,49,22,51,33,19,40,23,64,24,48,2,44,1,11,3,52,13,66,47,65,42,7,61,38,34,18,62,55,6,54,25,59,0,30,5,45,20,26,14]",9a56bcf881134bc4,5bed2c01f2d5b277,100,0.01,1.0,295000,0.8741020994713072,0.004370510497356536,2.469605758057102,7.662499410798773e-05,0.013630917004775256,14400,19.27740370799438,0.056077166002069134,106.22901741600072,0.9999979320795304,4.135836663032855e-06,1.9910446821981884,0.0020336767047096937,2.023616729740496e-07,2.023616728630273e-07,0.6486702262410415,1.2997164572886803,1e-12
success,,Li-Li_2.66_sto-6g_as-006-014,hamiltonian_generator/extended_diatomic_20q_library/Li-Li/2.66/sto-6g/Li-Li_2.66_sto-6g_as-006-014.tensors.npz,Li-Li,2.66,sto-6g,6,14,20,1580,2950,fermionic,random_groups,11,9640577,1580,581464,0.4661370359384645,126,"[16,17,13,18,12,16,12,16,16,20,14,15,12,10,10,10,10,12,14,10,19,14,10,14,12,12,10,10,12,10,13,8,10,10,13,13,13,10,11,13,12,11,13,10,10,10,12,13,12,14,13,20,17,18,15,16,16,13,10,10,9,9,14,10,14,11,8,10,8,8,10,8,10,10,12,12,10,11,10,10,10,10,12,10,14,11,10,12,11,13,10,10,12,10,12,11,9,14,11,8,12,23,20,30,11,12,14,14,15,23,12,12,11,9,28,42,22,23,12,11,9,5,4,4,2,1]","[113,2,119,1,85,111,57,81,72,71,79,69,42,15,4,114,103,68,101,11,30,52,99,46,3,64,29,49,109,122,39,94,56,102,116,67,24,47,78,33,89,83,65,95,50,93,61,40,84,35,23,97,86,62,18,59,21,19,13,12,0,27,77,118,58,38,125,112,66,7,73,10,26,41,36,53,32,75,51,20,6,25,88,28,44,87,76,106,90,105,34,60,22,55,63,80,8,92,96,74,98,17,100,45,123,115,16,108,107,31,9,104,82,91,117,120,48,70,14,121,37,5,54,43,110,124]",d8fdb3143007e523,c267af967b97e84b,100,0.01,1.0,295000,0.3128546552483376,0.001564273276241688,0.3163650836721876,6.620900239795446e-05,0.014278833994467277,14400,19.27740370799438,0.056077166002069134,106.23643370799982,0.9999993725405235,1.2549185592902745e-06,1.991046080623118,0.0011202316514789961,3.808064974464287e-13,3.8047343053904115e-13,0.1968231272392581,1.8059906496594167,1e-12
success,,Li-Li_2.66_sto-6g_as-006-014,hamiltonian_generator/extended_diatomic_20q_library/Li-Li/2.66/sto-6g/Li-Li_2.66_sto-6g_as-006-014.tensors.npz,Li-Li,2.66,sto-6g,6,14,20,1580,2950,jw,random_groups,12,3002488163,2950,1272112,0.2924546671954297,67,"[58,42,46,44,32,172,37,156,42,37,156,34,26,16,34,34,48,48,40,40,64,64,56,56,64,64,52,52,52,48,40,40,30,26,24,108,24,88,24,24,104,68,56,62,36,30,20,32,28,28,32,20,20,24,16,20,20,20,24,28,28,20,8,16,16,16,16]","[53,32,2,46,57,47,4,31,58,55,21,23,27,16,65,54,13,49,59,34,5,37,10,42,56,24,29,64,36,26,62,20,60,43,28,48,33,22,8,7,44,63,12,18,15,40,45,25,35,52,38,14,50,17,0,1,51,19,66,11,9,3,39,6,30,41,61]",b5318f6be1811e34,6b78f2314b608a85,100,0.01,1.0,295000,0.7387672580792923,0.0036938362903964615,1.7640812386023146,5.620900628855452e-05,0.014647250005509704,14400,19.27740370799438,0.056077166002069134,106.76962850000564,0.9999982918280734,3.416340935258333e-06,1.991040708992429,0.0018483354276609227,3.2563013774300487e-07,3.2563013807607177e-07,0.5358235413884743,1.0736097430908103,1e-12
success,,Li-Li_2.66_sto-6g_as-006-014,hamiltonian_generator/extended_diatomic_20q_library/Li-Li/2.66/sto-6g/Li-Li_2.66_sto-6g_as-006-014.tensors.npz,Li-Li,2.66,sto-6g,6,14,20,1580,2950,fermionic,random_groups,12,3563514761,1580,581464,0.4661370359384645,126,"[16,17,13,18,12,16,12,16,16,20,14,15,12,10,10,10,10,12,14,10,19,14,10,14,12,12,10,10,12,10,13,8,10,10,13,13,13,10,11,13,12,11,13,10,10,10,12,13,12,14,13,20,17,18,15,16,16,13,10,10,9,9,14,10,14,11,8,10,8,8,10,8,10,10,12,12,10,11,10,10,10,10,12,10,14,11,10,12,11,13,10,10,12,10,12,11,9,14,11,8,12,23,20,30,11,12,14,14,15,23,12,12,11,9,28,42,22,23,12,11,9,5,4,4,2,1]","[106,59,65,47,115,93,69,60,116,88,79,16,10,82,95,104,29,121,20,41,48,52,33,71,90,125,21,96,9,86,25,3,113,97,124,77,120,11,31,63,110,49,50,46,0,44,78,92,62,35,6,13,119,107,118,111,37,66,73,112,55,100,43,27,39,103,70,117,26,114,40,1,57,123,53,108,64,17,76,23,98,15,4,102,61,32,89,74,42,7,80,91,68,58,14,109,84,2,72,51,19,18,12,99,105,30,94,81,22,67,85,36,122,8,87,34,45,24,83,56,5,38,101,28,75,54]",3d91af4b5b82ff49,a4673c063588ea3c,100,0.01,1.0,295000,0.23105019375727806,0.0011552509687863903,0.1725504024107712,6.616600148845464e-05,0.014474541996605694,14400,19.27740370799438,0.056077166002069134,106.53858354199474,0.999999736477487,5.27044956677436e-07,1.9910451847881157,0.0007259786677763851,4.833911049217932e-13,4.831690603168681e-13,0.08266244514512552,0.7584860839478847,1e-12
success,,Li-Li_2.66_sto-6g_as-006-014,hamiltonian_generator/extended_diatomic_20q_library/Li-Li/2.66/sto-6g/Li-Li_2.66_sto-6g_as-006-014.tensors.npz,Li-Li,2.66,sto-6g,6,14,20,1580,2950,jw,random_groups,13,2314392105,2950,1272112,0.2924546671954297,67,"[58,42,46,44,32,172,37,156,42,37,156,34,26,16,34,34,48,48,40,40,64,64,56,56,64,64,52,52,52,48,40,40,30,26,24,108,24,88,24,24,104,68,56,62,36,30,20,32,28,28,32,20,20,24,16,20,20,20,24,28,28,20,8,16,16,16,16]","[9,58,0,57,3,35,63,51,46,13,14,12,34,50,27,38,32,56,30,55,49,26,6,8,41,59,47,42,15,43,18,2,17,61,64,28,25,37,29,31,44,16,40,5,60,36,22,21,7,52,62,54,20,65,33,4,10,53,23,1,66,19,39,48,45,24,11]",92cd36ec744e230f,7fe1ed9caa835b92,100,0.01,1.0,295000,1.0240061145209554,0.005120030572604777,3.389287439515759,6.954200216569006e-05,0.01434000000153901,14400,19.27740370799438,0.056077166002069134,106.5997465420005,0.9999972396191932,5.52075399395946e-06,1.9910471084410488,0.002349630101450465,3.320519886829132e-07,3.320519885718909e-07,0.8658825369705776,1.7349367025847462,1e-12
success,,Li-Li_2.66_sto-6g_as-006-014,hamiltonian_generator/extended_diatomic_20q_library/Li-Li/2.66/sto-6g/Li-Li_2.66_sto-6g_as-006-014.tensors.npz,Li-Li,2.66,sto-6g,6,14,20,1580,2950,fermionic,random_groups,13,1048599241,1580,581464,0.4661370359384645,126,"[16,17,13,18,12,16,12,16,16,20,14,15,12,10,10,10,10,12,14,10,19,14,10,14,12,12,10,10,12,10,13,8,10,10,13,13,13,10,11,13,12,11,13,10,10,10,12,13,12,14,13,20,17,18,15,16,16,13,10,10,9,9,14,10,14,11,8,10,8,8,10,8,10,10,12,12,10,11,10,10,10,10,12,10,14,11,10,12,11,13,10,10,12,10,12,11,9,14,11,8,12,23,20,30,11,12,14,14,15,23,12,12,11,9,28,42,22,23,12,11,9,5,4,4,2,1]","[63,111,16,103,108,51,68,113,44,34,69,118,88,114,104,47,37,77,93,9,29,1,78,115,30,48,97,82,49,85,33,38,98,124,40,83,102,27,72,75,11,92,18,70,24,123,74,19,64,117,101,41,89,106,23,25,28,58,105,50,13,52,67,110,86,121,112,91,65,14,26,81,31,76,10,5,95,42,116,7,8,3,2,53,57,107,73,21,96,94,56,90,32,22,120,20,99,66,54,12,122,55,79,15,84,71,80,4,46,17,39,60,43,36,6,109,125,61,0,119,45,35,62,87,59,100]",b7709bf83ae504af,3bcc0bea32a7a924,100,0.01,1.0,295000,0.34475561258247467,0.0017237780629123733,0.3841722513549473,6.216699694050476e-05,0.014278000002377667,14400,19.27740370799438,0.056077166002069134,106.95584199999576,0.99999928789476,1.424209972955559e-06,1.9910466436591858,0.001193402899273508,2.575717417130363e-13,2.5768276401549883e-13,0.22337502194643397,2.04962296179929,1e-12
success,,Li-Li_2.66_sto-6g_as-006-014,hamiltonian_generator/extended_diatomic_20q_library/Li-Li/2.66/sto-6g/Li-Li_2.66_sto-6g_as-006-014.tensors.npz,Li-Li,2.66,sto-6g,6,14,20,1580,2950,jw,random_groups,14,1511997294,2950,1272112,0.2924546671954297,67,"[58,42,46,44,32,172,37,156,42,37,156,34,26,16,34,34,48,48,40,40,64,64,56,56,64,64,52,52,52,48,40,40,30,26,24,108,24,88,24,24,104,68,56,62,36,30,20,32,28,28,32,20,20,24,16,20,20,20,24,28,28,20,8,16,16,16,16]","[48,50,61,52,44,19,29,34,23,49,39,55,30,3,21,22,26,58,27,62,15,4,10,24,25,1,40,66,11,37,63,2,8,14,47,53,64,43,12,54,31,32,5,16,46,33,35,59,57,6,42,28,7,17,45,60,0,51,36,18,38,13,41,9,20,65,56]",c4ac88cbc34c208d,ed1872c21a853595,100,0.01,1.0,295000,0.7088030666853681,0.0035440153334268406,1.6238820383489112,6.941700121387839e-05,0.014919124994776212,14400,19.27740370799438,0.056077166002069134,106.9152174999981,0.9999986782036527,2.6435909473709884e-06,1.9910438039679148,0.0016259128803625864,5.43863326818439e-07,5.438633270404836e-07,0.4146243862209038,0.8307674941200047,1e-12
success,,Li-Li_2.66_sto-6g_as-006-014,hamiltonian_generator/extended_diatomic_20q_library/Li-Li/2.66/sto-6g/Li-Li_2.66_sto-6g_as-006-014.tensors.npz,Li-Li,2.66,sto-6g,6,14,20,1580,2950,fermionic,random_groups,14,603156976,1580,581464,0.4661370359384645,126,"[16,17,13,18,12,16,12,16,16,20,14,15,12,10,10,10,10,12,14,10,19,14,10,14,12,12,10,10,12,10,13,8,10,10,13,13,13,10,11,13,12,11,13,10,10,10,12,13,12,14,13,20,17,18,15,16,16,13,10,10,9,9,14,10,14,11,8,10,8,8,10,8,10,10,12,12,10,11,10,10,10,10,12,10,14,11,10,12,11,13,10,10,12,10,12,11,9,14,11,8,12,23,20,30,11,12,14,14,15,23,12,12,11,9,28,42,22,23,12,11,9,5,4,4,2,1]","[77,48,116,35,87,25,28,9,14,49,32,69,72,75,70,104,46,63,18,112,118,115,6,100,16,17,89,105,36,44,33,38,34,73,62,117,125,31,123,92,110,111,43,23,10,91,51,82,11,98,107,79,12,24,58,20,41,7,94,42,66,65,30,95,60,29,54,2,15,59,108,90,8,71,56,76,113,50,47,19,96,27,88,120,4,22,45,0,55,67,119,68,97,40,109,5,57,37,85,3,1,106,124,53,121,103,74,78,86,52,99,83,84,80,101,13,26,122,61,21,102,64,39,93,81,114]",3748ca6af95923aa,1cbb6ba784b2156c,100,0.01,1.0,295000,0.43785292692790584,0.002189264634639529,0.6196690661724824,6.270800076890737e-05,0.014085833994613495,14400,19.27740370799438,0.056077166002069134,106.9848562920015,0.9999985406474747,2.918702920795546e-06,1.9910478670549092,0.0017084218011183228,3.9834802123550617e-13,3.985700658404312e-13,0.4577733209063618,4.200392244634195,1e-12
success,,Li-Li_2.66_sto-6g_as-006-014,hamiltonian_generator/extended_diatomic_20q_library/Li-Li/2.66/sto-6g/Li-Li_2.66_sto-6g_as-006-014.tensors.npz,Li-Li,2.66,sto-6g,6,14,20,1580,2950,jw,random_groups,15,1417518457,2950,1272112,0.2924546671954297,67,"[58,42,46,44,32,172,37,156,42,37,156,34,26,16,34,34,48,48,40,40,64,64,56,56,64,64,52,52,52,48,40,40,30,26,24,108,24,88,24,24,104,68,56,62,36,30,20,32,28,28,32,20,20,24,16,20,20,20,24,28,28,20,8,16,16,16,16]","[48,7,4,34,51,20,1,39,44,59,50,22,21,63,62,0,33,12,43,13,29,41,38,65,8,42,17,40,2,9,52,32,11,24,14,54,58,64,47,26,6,57,31,15,60,61,37,19,56,36,10,30,16,55,66,45,3,18,23,46,5,25,53,49,35,28,27]",b5addbe12424c279,9feafa9fd201a0b2,100,0.01,1.0,295000,0.5854618468909609,0.0029273092344548044,1.1078998388819576,7.449999975506216e-05,0.014368791999004316,14400,19.27740370799438,0.056077166002069134,107.14461208399734,0.9999978945447758,4.210906015433835e-06,1.9910529476832202,0.0020520503035579628,1.577122443752188e-08,1.5771224326499578e-08,0.6604442051897178,1.3233075419235385,1e-12
success,,Li-Li_2.66_sto-6g_as-006-014,hamiltonian_generator/extended_diatomic_20q_library/Li-Li/2.66/sto-6g/Li-Li_2.66_sto-6g_as-006-014.tensors.npz,Li-Li,2.66,sto-6g,6,14,20,1580,2950,fermionic,random_groups,15,2656201148,1580,581464,0.4661370359384645,126,"[16,17,13,18,12,16,12,16,16,20,14,15,12,10,10,10,10,12,14,10,19,14,10,14,12,12,10,10,12,10,13,8,10,10,13,13,13,10,11,13,12,11,13,10,10,10,12,13,12,14,13,20,17,18,15,16,16,13,10,10,9,9,14,10,14,11,8,10,8,8,10,8,10,10,12,12,10,11,10,10,10,10,12,10,14,11,10,12,11,13,10,10,12,10,12,11,9,14,11,8,12,23,20,30,11,12,14,14,15,23,12,12,11,9,28,42,22,23,12,11,9,5,4,4,2,1]","[60,26,32,17,67,25,22,50,97,4,116,35,55,118,30,81,79,24,20,101,40,54,57,10,120,102,51,78,122,0,82,90,16,80,124,61,39,8,103,33,43,106,99,104,85,63,42,64,62,121,76,5,66,59,75,38,48,11,7,125,86,89,9,15,36,117,13,34,93,108,123,94,3,27,23,2,53,109,21,71,69,12,114,113,84,83,73,110,49,46,115,45,65,91,56,19,41,87,47,92,119,100,88,6,111,98,112,29,37,96,44,74,1,68,72,95,28,31,58,107,70,77,18,105,52,14]",5a538de391ae7c87,883437834c834aa0,100,0.01,1.0,295000,0.31805428349322323,0.0015902714174661162,0.3269684136542929,6.633299926761538e-05,0.01507537499855971,14400,19.27740370799438,0.056077166002069134,106.87745441600418,0.9999997355301301,5.289396698415771e-07,1.9910418976532975,0.000727282434674197,4.2676973066591017e-13,4.2665870836344766e-13,0.08295961452510389,0.761212822056022,1e-12
success,,Li-Li_2.66_sto-6g_as-006-014,hamiltonian_generator/extended_diatomic_20q_library/Li-Li/2.66/sto-6g/Li-Li_2.66_sto-6g_as-006-014.tensors.npz,Li-Li,2.66,sto-6g,6,14,20,1580,2950,jw,random_groups,16,3652111456,2950,1272112,0.2924546671954297,67,"[58,42,46,44,32,172,37,156,42,37,156,34,26,16,34,34,48,48,40,40,64,64,56,56,64,64,52,52,52,48,40,40,30,26,24,108,24,88,24,24,104,68,56,62,36,30,20,32,28,28,32,20,20,24,16,20,20,20,24,28,28,20,8,16,16,16,16]","[65,27,53,37,54,63,6,4,11,23,58,20,49,22,47,51,41,44,55,40,17,10,30,62,36,38,32,48,7,9,59,24,64,8,43,3,42,12,5,25,31,34,52,60,29,66,18,14,16,56,39,28,21,19,57,0,45,2,61,26,46,13,1,33,15,35,50]",b9fd9697a2ac337e,f72c1e68e8583b56,100,0.01,1.0,295000,1.0895102313557057,0.005447551156778529,3.8367714368704826,7.270900096045807e-05,0.013294833996042144,14400,19.27740370799438,0.056077166002069134,106.8553061249986,0.999996458249352,7.083488752002154e-06,1.9910363363985424,0.002661484791609379,6.727125890781949e-07,6.727125893002395e-07,1.1109839739095637,2.226037354977459,1e-12
success,,Li-Li_2.66_sto-6g_as-006-014,hamiltonian_generator/extended_diatomic_20q_library/Li-Li/2.66/sto-6g/Li-Li_2.66_sto-6g_as-006-014.tensors.npz,Li-Li,2.66,sto-6g,6,14,20,1580,2950,fermionic,random_groups,16,292815404,1580,581464,0.4661370359384645,126,"[16,17,13,18,12,16,12,16,16,20,14,15,12,10,10,10,10,12,14,10,19,14,10,14,12,12,10,10,12,10,13,8,10,10,13,13,13,10,11,13,12,11,13,10,10,10,12,13,12,14,13,20,17,18,15,16,16,13,10,10,9,9,14,10,14,11,8,10,8,8,10,8,10,10,12,12,10,11,10,10,10,10,12,10,14,11,10,12,11,13,10,10,12,10,12,11,9,14,11,8,12,23,20,30,11,12,14,14,15,23,12,12,11,9,28,42,22,23,12,11,9,5,4,4,2,1]","[12,19,10,34,111,38,7,11,101,1,42,32,57,105,71,66,69,43,113,51,76,92,23,95,67,125,52,77,5,30,116,98,62,58,53,63,84,124,13,16,64,99,75,97,46,120,85,103,2,40,20,60,109,18,3,47,54,74,24,37,8,117,82,49,17,102,65,107,96,80,36,31,121,119,45,112,48,27,72,70,9,22,61,59,94,15,81,21,78,79,118,28,106,88,73,44,33,93,122,90,0,35,115,50,89,41,114,108,87,6,29,14,91,110,56,26,39,86,25,4,68,55,104,83,123,100]",1261d8d813d7622f,93a7a6568c82b8cd,100,0.01,1.0,295000,0.2647636627041107,0.0013238183135205535,0.22657921259800398,6.554200081154704e-05,0.014289750004536472,14400,19.27740370799438,0.056077166002069134,106.89348354099639,0.9999996971151572,6.057695938199714e-07,1.99104813318698,0.0007783120746361278,3.136380044566067e-13,3.1374902675906924e-13,0.09500972390553596,0.8717810523940106,1e-12
success,,Li-Li_2.66_sto-6g_as-006-014,hamiltonian_generator/extended_diatomic_20q_library/Li-Li/2.66/sto-6g/Li-Li_2.66_sto-6g_as-006-014.tensors.npz,Li-Li,2.66,sto-6g,6,14,20,1580,2950,jw,random_groups,17,1106263217,2950,1272112,0.2924546671954297,67,"[58,42,46,44,32,172,37,156,42,37,156,34,26,16,34,34,48,48,40,40,64,64,56,56,64,64,52,52,52,48,40,40,30,26,24,108,24,88,24,24,104,68,56,62,36,30,20,32,28,28,32,20,20,24,16,20,20,20,24,28,28,20,8,16,16,16,16]","[32,49,38,9,8,7,11,37,51,57,27,66,6,35,19,60,43,24,33,50,41,18,61,17,20,1,34,53,22,2,26,63,10,62,13,42,16,31,0,30,40,4,59,44,21,64,39,54,29,28,15,25,48,36,45,5,12,23,58,65,47,56,3,14,52,46,55]",9943667895c3308f,a28903df3e951f78,100,0.01,1.0,295000,0.5978230739005728,0.0029891153695028637,1.1551773074577019,7.070800347719342e-05,0.015431624997290783,14400,19.27740370799438,0.056077166002069134,106.78882370900101,0.9999986260031529,2.7479918063288977e-06,1.9910461693774835,0.001657707360830653,1.6329550189819741e-07,1.6329550212024202e-07,0.43099875840182184,0.8635762159332993,1e-12
success,,Li-Li_2.66_sto-6g_as-006-014,hamiltonian_generator/extended_diatomic_20q_library/Li-Li/2.66/sto-6g/Li-Li_2.66_sto-6g_as-006-014.tensors.npz,Li-Li,2.66,sto-6g,6,14,20,1580,2950,fermionic,random_groups,17,2178110212,1580,581464,0.4661370359384645,126,"[16,17,13,18,12,16,12,16,16,20,14,15,12,10,10,10,10,12,14,10,19,14,10,14,12,12,10,10,12,10,13,8,10,10,13,13,13,10,11,13,12,11,13,10,10,10,12,13,12,14,13,20,17,18,15,16,16,13,10,10,9,9,14,10,14,11,8,10,8,8,10,8,10,10,12,12,10,11,10,10,10,10,12,10,14,11,10,12,11,13,10,10,12,10,12,11,9,14,11,8,12,23,20,30,11,12,14,14,15,23,12,12,11,9,28,42,22,23,12,11,9,5,4,4,2,1]","[36,77,119,44,5,93,43,58,113,23,121,82,48,0,83,94,40,4,101,56,6,20,38,74,72,124,112,61,9,55,116,33,25,104,47,118,15,62,45,8,85,107,46,99,120,69,96,76,86,70,34,28,57,79,71,90,125,63,59,49,106,1,7,75,91,80,18,11,95,21,68,64,100,117,110,52,53,98,89,12,87,115,114,32,78,50,42,29,37,51,65,16,54,88,19,3,97,22,41,14,84,102,66,105,26,60,81,27,73,109,39,30,108,92,31,35,123,13,10,24,67,122,2,103,17,111]",da7edec0da881b8d,ff4295f16ac670ca,100,0.01,1.0,295000,0.29168711439338796,0.0014584355719669399,0.27500322732030696,6.500000017695129e-05,0.01403629199921852,14400,19.27740370799438,0.056077166002069134,106.86720754099952,0.9999994612317792,1.0775361513060133e-06,1.9910485212069298,0.0010380445277681175,2.843281166065026e-13,2.844391389089651e-13,0.16900223001989,1.5507143467774005,1e-12
success,,Li-Li_2.66_sto-6g_as-006-014,hamiltonian_generator/extended_diatomic_20q_library/Li-Li/2.66/sto-6g/Li-Li_2.66_sto-6g_as-006-014.tensors.npz,Li-Li,2.66,sto-6g,6,14,20,1580,2950,jw,random_groups,18,2004198734,2950,1272112,0.2924546671954297,67,"[58,42,46,44,32,172,37,156,42,37,156,34,26,16,34,34,48,48,40,40,64,64,56,56,64,64,52,52,52,48,40,40,30,26,24,108,24,88,24,24,104,68,56,62,36,30,20,32,28,28,32,20,20,24,16,20,20,20,24,28,28,20,8,16,16,16,16]","[44,9,15,46,19,53,11,35,49,5,57,59,16,63,37,64,17,56,20,22,6,3,51,13,45,43,32,14,58,33,26,34,30,41,2,10,61,62,54,66,31,1,38,42,47,60,48,18,55,0,29,36,4,21,50,39,65,23,40,28,7,52,8,25,24,27,12]",e40779d662c988ef,79fb698368c493c6,100,0.01,1.0,295000,0.5150915683190491,0.0025754578415952455,0.8575751422958204,7.491699943784624e-05,0.014347750002343673,14400,19.27740370799438,0.056077166002069134,107.31170945799386,0.9999990601060295,1.8797870576792164e-06,1.991044287946673,0.0013710535879693678,4.8122398177419257e-08,4.8122398177419257e-08,0.2948283492161868,0.5907366209361675,1e-12
success,,Li-Li_2.66_sto-6g_as-006-014,hamiltonian_generator/extended_diatomic_20q_library/Li-Li/2.66/sto-6g/Li-Li_2.66_sto-6g_as-006-014.tensors.npz,Li-Li,2.66,sto-6g,6,14,20,1580,2950,fermionic,random_groups,18,4057069084,1580,581464,0.4661370359384645,126,"[16,17,13,18,12,16,12,16,16,20,14,15,12,10,10,10,10,12,14,10,19,14,10,14,12,12,10,10,12,10,13,8,10,10,13,13,13,10,11,13,12,11,13,10,10,10,12,13,12,14,13,20,17,18,15,16,16,13,10,10,9,9,14,10,14,11,8,10,8,8,10,8,10,10,12,12,10,11,10,10,10,10,12,10,14,11,10,12,11,13,10,10,12,10,12,11,9,14,11,8,12,23,20,30,11,12,14,14,15,23,12,12,11,9,28,42,22,23,12,11,9,5,4,4,2,1]","[7,108,40,3,87,47,109,106,34,113,45,54,90,60,56,96,19,18,15,31,117,46,61,107,94,37,10,24,112,22,32,25,77,84,76,75,21,17,62,118,97,102,71,39,30,13,124,6,101,89,53,105,110,115,20,11,93,63,81,38,68,57,123,16,121,111,36,69,80,35,83,66,73,67,64,65,72,119,27,85,29,122,33,95,55,114,44,78,49,79,9,103,8,2,59,0,58,43,86,51,100,82,70,98,14,4,26,74,50,52,125,48,12,23,41,28,91,42,92,99,104,116,1,88,120,5]",ca8e775b4379f0ad,a65dbb793f257713,100,0.01,1.0,295000,0.30900817953259,0.0015450408976629502,0.3086336345990493,6.737500370945781e-05,0.014043167000636458,14400,19.27740370799438,0.056077166002069134,106.85489579100249,0.9999996400391472,7.199215760200772e-07,1.991039917555786,0.0008484820007419746,4.765077221691172e-13,4.762856775641922e-13,0.11291347546841961,1.0360605675603753,1e-12
success,,Li-Li_2.66_sto-6g_as-006-014,hamiltonian_generator/extended_diatomic_20q_library/Li-Li/2.66/sto-6g/Li-Li_2.66_sto-6g_as-006-014.tensors.npz,Li-Li,2.66,sto-6g,6,14,20,1580,2950,jw,random_groups,19,771460460,2950,1272112,0.2924546671954297,67,"[58,42,46,44,32,172,37,156,42,37,156,34,26,16,34,34,48,48,40,40,64,64,56,56,64,64,52,52,52,48,40,40,30,26,24,108,24,88,24,24,104,68,56,62,36,30,20,32,28,28,32,20,20,24,16,20,20,20,24,28,28,20,8,16,16,16,16]","[14,48,50,55,53,3,5,15,21,54,40,63,22,49,31,8,18,57,65,30,10,62,36,24,38,32,2,6,29,23,44,7,37,25,61,39,64,66,35,34,13,41,52,51,56,11,46,20,33,60,16,1,47,26,4,42,45,0,9,58,43,59,12,17,27,28,19]",fcecc9d786d523b1,843eaa6671ce110f,100,0.01,1.0,295000,1.301167551567007,0.006505837757835035,5.4722981473415135,7.095799810485914e-05,0.01399637499707751,14400,19.27740370799438,0.056077166002069134,106.78798775000178,0.9999957558096608,8.488362665204363e-06,1.9910386269218838,0.0029134825687398393,4.831158499918331e-07,4.831158498808108e-07,1.3313263020441444,2.6675290999791774,1e-12
success,,Li-Li_2.66_sto-6g_as-006-014,hamiltonian_generator/extended_diatomic_20q_library/Li-Li/2.66/sto-6g/Li-Li_2.66_sto-6g_as-006-014.tensors.npz,Li-Li,2.66,sto-6g,6,14,20,1580,2950,fermionic,random_groups,19,1457134939,1580,581464,0.4661370359384645,126,"[16,17,13,18,12,16,12,16,16,20,14,15,12,10,10,10,10,12,14,10,19,14,10,14,12,12,10,10,12,10,13,8,10,10,13,13,13,10,11,13,12,11,13,10,10,10,12,13,12,14,13,20,17,18,15,16,16,13,10,10,9,9,14,10,14,11,8,10,8,8,10,8,10,10,12,12,10,11,10,10,10,10,12,10,14,11,10,12,11,13,10,10,12,10,12,11,9,14,11,8,12,23,20,30,11,12,14,14,15,23,12,12,11,9,28,42,22,23,12,11,9,5,4,4,2,1]","[6,96,4,79,90,10,51,95,15,84,19,2,47,65,53,87,9,8,76,77,102,54,38,75,115,92,46,25,81,28,18,23,32,106,16,50,58,59,12,74,93,123,43,37,103,26,70,120,1,20,72,121,88,52,0,14,40,30,56,125,60,7,85,118,62,108,13,124,24,63,17,68,41,11,35,91,117,112,34,104,29,83,44,67,71,78,110,73,114,116,39,97,105,57,109,113,98,5,3,107,27,42,22,82,69,99,86,36,64,21,101,49,61,48,100,111,33,66,119,122,80,45,89,31,55,94]",b1283b0f0a3d6e5e,274ffb02880961e2,100,0.01,1.0,295000,0.21801782769912362,0.001090089138495618,0.15363399312316853,6.487500650109723e-05,0.013695375004317611,14400,19.27740370799438,0.056077166002069134,106.65107079200243,0.9999998538045658,2.923908469787406e-07,1.9910450209470771,0.0005407317897128344,3.6215475063272606e-13,3.6215475063272606e-13,0.045858976626370396,0.4207883705124634,1e-12
success,,Be-Be_2.04_sto-6g_as-008-010,hamiltonian_generator/extended_diatomic_20q_library/Be-Be/2.04/sto-6g/Be-Be_2.04_sto-6g_as-008-010.tensors.npz,Be-Be,2.04,sto-6g,8,10,18,1027,1883,baseline,jw_raw,-1,-1,,,,,[],[],4f53cda18c2baa0c,4035c397c6a5d593,100,0.01,1.0,188300,0.46349507760735215,0.0023174753880367605,1.0,1.5958001313265413e-05,0.004943542000546586,15876,20.589373457994952,0.08565012500184821,32.627253833001305,0.9999992361616649,1.5276760868543349e-06,1.9170268220651772,0.0012359921805078437,0.0,0.0,1.0,,1e-12
success,,Be-Be_2.04_sto-6g_as-008-010,hamiltonian_generator/extended_diatomic_20q_library/Be-Be/2.04/sto-6g/Be-Be_2.04_sto-6g_as-008-010.tensors.npz,Be-Be,2.04,sto-6g,8,10,18,1027,1883,jw,current,-1,-1,1883,554688,0.313046481664064,51,"[51,38,34,36,31,27,132,48,82,72,64,64,74,64,60,56,37,37,36,36,29,29,35,29,50,15,13,68,33,31,45,24,31,12,12,12,8,12,16,36,32,42,36,32,28,20,24,24,18,6,2]","[0,1,2,3,4,5,6,7,8,9,10,11,12,13,14,15,16,17,18,19,20,21,22,23,24,25,26,27,28,29,30,31,32,33,34,35,36,37,38,39,40,41,42,43,44,45,46,47,48,49,50]",23efab46dbdd42f5,e4ffd7bc2f636987,100,0.01,1.0,188300,0.8381928421946204,0.004190964210973102,3.2703756700442717,3.004199970746413e-05,0.004765917001350317,15876,20.589373457994952,0.08565012500184821,32.76825412499602,0.9999956378313659,8.724318239616835e-06,1.9169487772887028,0.002953698912918062,1.3667126714800304e-06,1.3667126715910527e-06,5.710842969062398,1.0,1e-12
success,,Be-Be_2.04_sto-6g_as-008-010,hamiltonian_generator/extended_diatomic_20q_library/Be-Be/2.04/sto-6g/Be-Be_2.04_sto-6g_as-008-010.tensors.npz,Be-Be,2.04,sto-6g,8,10,18,1027,1883,fermionic,current,-1,-1,1027,254098,0.48229575344831843,86,"[15,17,14,15,15,15,10,12,12,15,16,15,15,12,12,14,10,14,15,16,14,14,12,10,11,9,10,11,8,10,13,12,12,8,13,9,17,9,12,10,11,11,12,11,10,11,12,10,12,10,12,11,12,11,12,11,11,10,11,12,12,11,26,12,13,11,11,24,14,14,14,6,6,5,4,11,16,15,27,19,5,12,8,1,1,3]","[0,1,2,3,4,5,6,7,8,9,10,11,12,13,14,15,16,17,18,19,20,21,22,23,24,25,26,27,28,29,30,31,32,33,34,35,36,37,38,39,40,41,42,43,44,45,46,47,48,49,50,51,52,53,54,55,56,57,58,59,60,61,62,63,64,65,66,67,68,69,70,71,72,73,74,75,76,77,78,79,80,81,82,83,84,85]",fae645e798d24084,b9e196a5ae2192c3,100,0.01,1.0,188300,0.4118675714965805,0.0020593378574829025,0.7896323739553393,2.5624998670537025e-05,0.004941208004311193,15876,20.589373457994952,0.08565012500184821,32.69442433399672,0.9999995417929098,9.164139703754515e-07,1.9170064858146771,0.0009572952419805633,0.0,0.0,0.5998745272385954,1.0,1e-12
success,,Be-Be_2.04_sto-6g_as-008-010,hamiltonian_generator/extended_diatomic_20q_library/Be-Be/2.04/sto-6g/Be-Be_2.04_sto-6g_as-008-010.tensors.npz,Be-Be,2.04,sto-6g,8,10,18,1027,1883,jw,reverse_groups,-1,-1,1883,554688,0.313046481664064,51,"[51,38,34,36,31,27,132,48,82,72,64,64,74,64,60,56,37,37,36,36,29,29,35,29,50,15,13,68,33,31,45,24,31,12,12,12,8,12,16,36,32,42,36,32,28,20,24,24,18,6,2]","[50,49,48,47,46,45,44,43,42,41,40,39,38,37,36,35,34,33,32,31,30,29,28,27,26,25,24,23,22,21,20,19,18,17,16,15,14,13,12,11,10,9,8,7,6,5,4,3,2,1,0]",262f7dcef183a95f,4d7158e93bab311c,100,0.01,1.0,188300,0.8381928421946204,0.004190964210973102,3.2703756700442717,3.0165996577125043e-05,0.004699749995779712,15876,20.589373457994952,0.08565012500184821,32.68625770799554,0.9999956388040577,8.72237286453359e-06,1.9170656515544062,0.0029533695814342948,1.3666280392898855e-06,1.3666280395119301e-06,5.709569547883664,0.9997770169508018,1e-12
success,,Be-Be_2.04_sto-6g_as-008-010,hamiltonian_generator/extended_diatomic_20q_library/Be-Be/2.04/sto-6g/Be-Be_2.04_sto-6g_as-008-010.tensors.npz,Be-Be,2.04,sto-6g,8,10,18,1027,1883,fermionic,reverse_groups,-1,-1,1027,254098,0.48229575344831843,86,"[15,17,14,15,15,15,10,12,12,15,16,15,15,12,12,14,10,14,15,16,14,14,12,10,11,9,10,11,8,10,13,12,12,8,13,9,17,9,12,10,11,11,12,11,10,11,12,10,12,10,12,11,12,11,12,11,11,10,11,12,12,11,26,12,13,11,11,24,14,14,14,6,6,5,4,11,16,15,27,19,5,12,8,1,1,3]","[85,84,83,82,81,80,79,78,77,76,75,74,73,72,71,70,69,68,67,66,65,64,63,62,61,60,59,58,57,56,55,54,53,52,51,50,49,48,47,46,45,44,43,42,41,40,39,38,37,36,35,34,33,32,31,30,29,28,27,26,25,24,23,22,21,20,19,18,17,16,15,14,13,12,11,10,9,8,7,6,5,4,3,2,1,0]",af486376c8333019,e09f674bb427b787,100,0.01,1.0,188300,0.627336616401931,0.0031366830820096546,1.8319390570008784,3.137499879812822e-05,0.005563791994063649,15876,20.589373457994952,0.08565012500184821,32.712348334003764,0.999998697064169,2.60586996436718e-06,1.917060273592293,0.0016142712479658451,0.0,0.0,1.7057738788940353,2.8435511118403887,1e-12
success,,Be-Be_2.04_sto-6g_as-008-010,hamiltonian_generator/extended_diatomic_20q_library/Be-Be/2.04/sto-6g/Be-Be_2.04_sto-6g_as-008-010.tensors.npz,Be-Be,2.04,sto-6g,8,10,18,1027,1883,jw,random_groups,0,1210356562,1883,554688,0.313046481664064,51,"[51,38,34,36,31,27,132,48,82,72,64,64,74,64,60,56,37,37,36,36,29,29,35,29,50,15,13,68,33,31,45,24,31,12,12,12,8,12,16,36,32,42,36,32,28,20,24,24,18,6,2]","[9,38,16,7,30,27,44,50,5,49,42,29,39,21,28,4,40,32,0,2,26,46,33,15,10,22,24,20,11,25,19,3,13,1,48,18,14,17,6,35,31,47,23,45,8,34,36,43,41,37,12]",495e697e3b9cfb75,69f7525043a27bc1,100,0.01,1.0,188300,3.586946356367631,0.017934731781838156,59.89071681193781,3.1167000997811556e-05,0.004716959003417287,15876,20.589373457994952,0.08565012500184821,32.74070929199661,0.9999903207043757,1.935849755996255e-05,1.9169283007786317,0.004399839911711107,1.8500710818880606e-07,1.8500711540525572e-07,12.67186004058228,2.218912358338359,1e-12
success,,Be-Be_2.04_sto-6g_as-008-010,hamiltonian_generator/extended_diatomic_20q_library/Be-Be/2.04/sto-6g/Be-Be_2.04_sto-6g_as-008-010.tensors.npz,Be-Be,2.04,sto-6g,8,10,18,1027,1883,fermionic,random_groups,0,2141709297,1027,254098,0.48229575344831843,86,"[15,17,14,15,15,15,10,12,12,15,16,15,15,12,12,14,10,14,15,16,14,14,12,10,11,9,10,11,8,10,13,12,12,8,13,9,17,9,12,10,11,11,12,11,10,11,12,10,12,10,12,11,12,11,12,11,11,10,11,12,12,11,26,12,13,11,11,24,14,14,14,6,6,5,4,11,16,15,27,19,5,12,8,1,1,3]","[61,0,62,31,37,30,53,4,70,13,19,63,17,82,14,52,81,83,79,48,68,40,34,74,51,67,25,33,54,2,22,84,71,65,29,56,72,21,78,66,23,6,77,49,28,46,50,32,20,80,75,9,69,73,36,39,18,26,59,11,1,10,35,44,8,3,76,7,45,42,47,16,15,38,27,41,24,55,5,57,85,60,58,12,64,43]",ade97489e0f27940,764f1ee5aa456aff,100,0.01,1.0,188300,0.576092541480173,0.0028804627074008647,1.5448782279224165,2.641700120875612e-05,0.004779208000400104,15876,20.589373457994952,0.08565012500184821,32.69775762499921,0.9999985486415828,2.9027147280258347e-06,1.9170927596332605,0.0017037361399148577,0.0,0.0,1.900085203272944,3.1674710576887026,1e-12
success,,Be-Be_2.04_sto-6g_as-008-010,hamiltonian_generator/extended_diatomic_20q_library/Be-Be/2.04/sto-6g/Be-Be_2.04_sto-6g_as-008-010.tensors.npz,Be-Be,2.04,sto-6g,8,10,18,1027,1883,jw,random_groups,1,2762517863,1883,554688,0.313046481664064,51,"[51,38,34,36,31,27,132,48,82,72,64,64,74,64,60,56,37,37,36,36,29,29,35,29,50,15,13,68,33,31,45,24,31,12,12,12,8,12,16,36,32,42,36,32,28,20,24,24,18,6,2]","[45,21,32,2,42,35,9,19,14,24,27,43,8,18,40,44,16,15,7,48,10,13,33,12,0,23,26,34,11,50,6,17,29,4,1,39,31,37,20,49,30,28,47,3,36,41,46,25,22,5,38]",830c111c8a39e590,8ad6eb17c78c919a,100,0.01,1.0,188300,1.6760132954247149,0.008380066477123575,13.075691527981576,3.1249997846316546e-05,0.004870625001785811,15876,20.589373457994952,0.08565012500184821,32.6774193750025,0.9999978795687509,4.240858002102499e-06,1.9169373234781886,0.0020593354506451113,2.943835678559381e-07,2.943835797353245e-07,2.7760191041773297,0.4860962066749131,1e-12
success,,Be-Be_2.04_sto-6g_as-008-010,hamiltonian_generator/extended_diatomic_20q_library/Be-Be/2.04/sto-6g/Be-Be_2.04_sto-6g_as-008-010.tensors.npz,Be-Be,2.04,sto-6g,8,10,18,1027,1883,fermionic,random_groups,1,655775863,1027,254098,0.48229575344831843,86,"[15,17,14,15,15,15,10,12,12,15,16,15,15,12,12,14,10,14,15,16,14,14,12,10,11,9,10,11,8,10,13,12,12,8,13,9,17,9,12,10,11,11,12,11,10,11,12,10,12,10,12,11,12,11,12,11,11,10,11,12,12,11,26,12,13,11,11,24,14,14,14,6,6,5,4,11,16,15,27,19,5,12,8,1,1,3]","[50,17,6,80,9,22,66,2,13,29,67,59,47,81,83,42,60,49,31,64,1,38,27,16,52,51,23,72,56,61,11,75,25,84,10,20,82,69,70,34,0,55,78,15,35,26,7,39,40,71,21,63,54,30,73,5,58,37,32,24,12,45,68,43,18,57,44,48,4,33,3,77,36,74,41,65,8,46,76,79,62,85,28,14,19,53]",58e60749eb70289c,1a90711fb4f3f546,100,0.01,1.0,188300,0.538618730241722,0.00269309365120861,1.350431784022272,2.7457994292490184e-05,0.004666916996939108,15876,20.589373457994952,0.08565012500184821,32.683093125000596,0.999998587149388,2.8256992277153614e-06,1.9169971882641044,0.001680982219982222,0.0,0.0,1.8496717020254008,3.0834309810419875,1e-12
success,,Be-Be_2.04_sto-6g_as-008-010,hamiltonian_generator/extended_diatomic_20q_library/Be-Be/2.04/sto-6g/Be-Be_2.04_sto-6g_as-008-010.tensors.npz,Be-Be,2.04,sto-6g,8,10,18,1027,1883,jw,random_groups,2,356889448,1883,554688,0.313046481664064,51,"[51,38,34,36,31,27,132,48,82,72,64,64,74,64,60,56,37,37,36,36,29,29,35,29,50,15,13,68,33,31,45,24,31,12,12,12,8,12,16,36,32,42,36,32,28,20,24,24,18,6,2]","[35,2,4,32,23,27,47,3,13,39,45,43,22,16,42,5,36,50,31,40,8,29,48,9,6,11,30,10,25,18,20,26,19,34,33,37,12,7,24,38,0,49,28,1,15,46,14,44,21,17,41]",63dc248e38bb5add,49928c95bbd3b12e,100,0.01,1.0,188300,3.9027476113813564,0.01951373805690678,70.90072575485163,2.829200093401596e-05,0.0047783330010133795,15876,20.589373457994952,0.08565012500184821,32.60517733300367,0.9999902883055338,1.9423294615350528e-05,1.9170292896447432,0.004407197401109824,3.6045111839744237e-07,3.6045111828642007e-07,12.71427548188267,2.2263395352945747,1e-12
success,,Be-Be_2.04_sto-6g_as-008-010,hamiltonian_generator/extended_diatomic_20q_library/Be-Be/2.04/sto-6g/Be-Be_2.04_sto-6g_as-008-010.tensors.npz,Be-Be,2.04,sto-6g,8,10,18,1027,1883,fermionic,random_groups,2,3721226621,1027,254098,0.48229575344831843,86,"[15,17,14,15,15,15,10,12,12,15,16,15,15,12,12,14,10,14,15,16,14,14,12,10,11,9,10,11,8,10,13,12,12,8,13,9,17,9,12,10,11,11,12,11,10,11,12,10,12,10,12,11,12,11,12,11,11,10,11,12,12,11,26,12,13,11,11,24,14,14,14,6,6,5,4,11,16,15,27,19,5,12,8,1,1,3]","[62,7,39,28,26,29,72,77,10,53,73,63,14,0,24,38,18,50,27,66,37,65,35,30,51,12,68,70,4,3,43,57,40,13,16,54,44,23,33,41,59,21,64,19,31,47,17,2,45,55,1,56,11,32,76,82,42,79,60,74,67,8,69,75,49,36,71,52,5,46,20,34,6,80,84,22,15,83,48,78,81,58,25,85,61,9]",4a199fe2701d1c9e,337191abf276d8fa,100,0.01,1.0,188300,0.5103427880215797,0.002551713940107899,1.2123658964245236,3.0499999411404133e-05,0.005262708000373095,15876,20.589373457994952,0.08565012500184821,32.58824375000404,0.999999136497353,1.727004548479627e-06,1.9170450070993443,0.0013141557343425514,0.0,0.0,1.1304782233226762,1.8845244663523402,1e-12
success,,Be-Be_2.04_sto-6g_as-008-010,hamiltonian_generator/extended_diatomic_20q_library/Be-Be/2.04/sto-6g/Be-Be_2.04_sto-6g_as-008-010.tensors.npz,Be-Be,2.04,sto-6g,8,10,18,1027,1883,jw,random_groups,3,127881266,1883,554688,0.313046481664064,51,"[51,38,34,36,31,27,132,48,82,72,64,64,74,64,60,56,37,37,36,36,29,29,35,29,50,15,13,68,33,31,45,24,31,12,12,12,8,12,16,36,32,42,36,32,28,20,24,24,18,6,2]","[19,49,20,18,42,41,38,11,3,34,43,48,32,13,47,14,35,25,2,5,16,29,1,9,33,7,27,30,24,6,4,36,37,23,39,44,17,31,10,15,45,0,12,21,8,28,22,46,50,26,40]",93a4abb629c78ffd,fca4083aa1febdbf,100,0.01,1.0,188300,2.92952793529062,0.014647639676453099,39.94891927033866,2.712499554036185e-05,0.0051309580012457445,15876,20.589373457994952,0.08565012500184821,32.63173383299727,0.9999925534119185,1.4893120711345631e-05,1.9169924580937316,0.0038591678070523066,4.214554131021231e-06,4.214555075487958e-06,9.748873363601785,1.707081321691874,1e-12
success,,Be-Be_2.04_sto-6g_as-008-010,hamiltonian_generator/extended_diatomic_20q_library/Be-Be/2.04/sto-6g/Be-Be_2.04_sto-6g_as-008-010.tensors.npz,Be-Be,2.04,sto-6g,8,10,18,1027,1883,fermionic,random_groups,3,3009769677,1027,254098,0.48229575344831843,86,"[15,17,14,15,15,15,10,12,12,15,16,15,15,12,12,14,10,14,15,16,14,14,12,10,11,9,10,11,8,10,13,12,12,8,13,9,17,9,12,10,11,11,12,11,10,11,12,10,12,10,12,11,12,11,12,11,11,10,11,12,12,11,26,12,13,11,11,24,14,14,14,6,6,5,4,11,16,15,27,19,5,12,8,1,1,3]","[23,46,82,53,21,28,14,20,61,24,57,80,65,16,58,27,70,51,4,55,63,78,2,39,56,84,11,7,52,31,76,64,60,49,66,12,67,37,47,29,10,6,41,79,73,69,43,3,8,38,59,40,32,74,71,72,45,35,68,26,9,48,62,33,83,81,75,42,25,0,36,15,13,22,34,17,30,85,19,50,1,54,77,5,18,44]",dc953cfaa1b7e75b,4ee1658234b1706d,100,0.01,1.0,188300,0.5258691271426946,0.002629345635713473,1.2872565114256913,3.375000233063474e-05,0.004767999998875894,15876,20.589373457994952,0.08565012500184821,32.655595707998145,0.999999016357589,1.9672838543760562e-06,1.9170102028739342,0.0014025993091169773,0.0,0.0,1.2877624198640993,2.1467196245055793,1e-12
success,,Be-Be_2.04_sto-6g_as-008-010,hamiltonian_generator/extended_diatomic_20q_library/Be-Be/2.04/sto-6g/Be-Be_2.04_sto-6g_as-008-010.tensors.npz,Be-Be,2.04,sto-6g,8,10,18,1027,1883,jw,random_groups,4,787011875,1883,554688,0.313046481664064,51,"[51,38,34,36,31,27,132,48,82,72,64,64,74,64,60,56,37,37,36,36,29,29,35,29,50,15,13,68,33,31,45,24,31,12,12,12,8,12,16,36,32,42,36,32,28,20,24,24,18,6,2]","[6,41,23,33,47,24,17,2,31,45,26,34,10,9,36,27,29,48,1,49,0,44,12,42,32,35,30,4,3,11,38,16,19,46,18,14,40,5,8,25,15,20,7,50,13,28,39,37,21,22,43]",8c17acf269f3e96d,8f87ab205c7deea9,100,0.01,1.0,188300,1.0347955216283644,0.005173977608141822,4.984468187987182,2.6583002181723714e-05,0.005261749996861909,15876,20.589373457994952,0.08565012500184821,32.653786832997866,0.9999953858606668,9.228257376037163e-06,1.917097907344595,0.0030378082010456184,2.756495235400891e-07,2.7564952520542363e-07,6.040715996961917,1.0577625807059579,1e-12
success,,Be-Be_2.04_sto-6g_as-008-010,hamiltonian_generator/extended_diatomic_20q_library/Be-Be/2.04/sto-6g/Be-Be_2.04_sto-6g_as-008-010.tensors.npz,Be-Be,2.04,sto-6g,8,10,18,1027,1883,fermionic,random_groups,4,1642975799,1027,254098,0.48229575344831843,86,"[15,17,14,15,15,15,10,12,12,15,16,15,15,12,12,14,10,14,15,16,14,14,12,10,11,9,10,11,8,10,13,12,12,8,13,9,17,9,12,10,11,11,12,11,10,11,12,10,12,10,12,11,12,11,12,11,11,10,11,12,12,11,26,12,13,11,11,24,14,14,14,6,6,5,4,11,16,15,27,19,5,12,8,1,1,3]","[2,30,73,71,80,66,37,43,56,31,19,79,70,74,82,6,42,62,77,29,81,27,58,50,28,35,83,72,55,59,24,45,64,10,16,84,47,51,76,3,26,21,41,22,67,40,48,54,44,53,7,23,15,68,46,57,49,9,11,34,85,17,61,69,36,33,14,78,13,18,1,12,60,63,0,25,65,32,75,39,8,20,38,4,5,52]",8c3e8bcd9a2d49ba,2da407048af00d10,100,0.01,1.0,188300,0.5703925506974499,0.0028519627534872496,1.514458711005267,2.887499431381002e-05,0.004805083000974264,15876,20.589373457994952,0.08565012500184821,32.68755783300003,0.9999988113888972,2.3772207927708067e-06,1.917075012175915,0.0015418243108504955,0.0,0.0,1.5561026406231078,2.5940468714121283,1e-12
success,,Be-Be_2.04_sto-6g_as-008-010,hamiltonian_generator/extended_diatomic_20q_library/Be-Be/2.04/sto-6g/Be-Be_2.04_sto-6g_as-008-010.tensors.npz,Be-Be,2.04,sto-6g,8,10,18,1027,1883,jw,random_groups,5,2035168904,1883,554688,0.313046481664064,51,"[51,38,34,36,31,27,132,48,82,72,64,64,74,64,60,56,37,37,36,36,29,29,35,29,50,15,13,68,33,31,45,24,31,12,12,12,8,12,16,36,32,42,36,32,28,20,24,24,18,6,2]","[4,43,0,10,25,24,46,26,1,16,33,29,17,20,48,39,50,49,38,21,34,35,32,22,23,37,47,36,14,30,13,11,7,31,40,15,41,3,28,19,42,9,44,5,8,27,6,45,2,18,12]",39926ce0ee9d1deb,234681d51e2c274a,100,0.01,1.0,188300,1.9668749829066239,0.00983437491453312,18.007907886620696,3.0125003831926733e-05,0.0049633750022621825,15876,20.589373457994952,0.08565012500184821,32.674611333997746,0.9999948433341198,1.0313305169207254e-05,1.916902436988885,0.0032114376469707397,1.0374809900071114e-09,1.0374811010294138e-09,6.750976373822519,1.1821330774449381,1e-12
success,,Be-Be_2.04_sto-6g_as-008-010,hamiltonian_generator/extended_diatomic_20q_library/Be-Be/2.04/sto-6g/Be-Be_2.04_sto-6g_as-008-010.tensors.npz,Be-Be,2.04,sto-6g,8,10,18,1027,1883,fermionic,random_groups,5,798141276,1027,254098,0.48229575344831843,86,"[15,17,14,15,15,15,10,12,12,15,16,15,15,12,12,14,10,14,15,16,14,14,12,10,11,9,10,11,8,10,13,12,12,8,13,9,17,9,12,10,11,11,12,11,10,11,12,10,12,10,12,11,12,11,12,11,11,10,11,12,12,11,26,12,13,11,11,24,14,14,14,6,6,5,4,11,16,15,27,19,5,12,8,1,1,3]","[70,15,14,62,26,33,84,68,31,73,32,45,77,34,81,74,36,9,67,55,50,19,13,56,3,63,24,38,69,54,48,61,12,43,1,21,78,30,49,71,22,65,53,23,25,11,7,60,52,82,29,44,20,4,39,5,47,85,28,80,79,10,66,64,51,75,76,72,40,17,59,42,6,35,18,46,57,8,58,41,83,2,37,27,0,16]",35bcca6ed55db5aa,5c5c554d61443ab3,100,0.01,1.0,188300,0.46808592033358853,0.0023404296016679427,1.0199077777575716,2.5207998987752944e-05,0.00525466600083746,15876,20.589373457994952,0.08565012500184821,32.640041999999085,0.9999990546056351,1.8907878360785446e-06,1.9170468039813997,0.0013750595368230713,0.0,0.0,1.237688965840854,2.0632464117759963,1e-12
success,,Be-Be_2.04_sto-6g_as-008-010,hamiltonian_generator/extended_diatomic_20q_library/Be-Be/2.04/sto-6g/Be-Be_2.04_sto-6g_as-008-010.tensors.npz,Be-Be,2.04,sto-6g,8,10,18,1027,1883,jw,random_groups,6,1711018150,1883,554688,0.313046481664064,51,"[51,38,34,36,31,27,132,48,82,72,64,64,74,64,60,56,37,37,36,36,29,29,35,29,50,15,13,68,33,31,45,24,31,12,12,12,8,12,16,36,32,42,36,32,28,20,24,24,18,6,2]","[27,31,47,6,38,3,34,50,15,49,32,14,36,46,8,37,7,33,10,4,21,1,5,18,9,40,41,16,35,39,26,23,44,25,11,22,0,42,19,13,45,43,48,29,24,30,17,12,2,20,28]",a3f7860cdc3ce47c,d05e65f190e2ac23,100,0.01,1.0,188300,2.1882884767662145,0.010941442383831072,22.290452991286013,2.837499778252095e-05,0.005098749999888241,15876,20.589373457994952,0.08565012500184821,32.636087124999904,0.999993367535337,1.3264885336483623e-05,1.9171827475048702,0.003642105067961847,3.942976789517161e-07,3.942976789517161e-07,8.683048357323957,1.5204495035781966,1e-12
success,,Be-Be_2.04_sto-6g_as-008-010,hamiltonian_generator/extended_diatomic_20q_library/Be-Be/2.04/sto-6g/Be-Be_2.04_sto-6g_as-008-010.tensors.npz,Be-Be,2.04,sto-6g,8,10,18,1027,1883,fermionic,random_groups,6,1961245444,1027,254098,0.48229575344831843,86,"[15,17,14,15,15,15,10,12,12,15,16,15,15,12,12,14,10,14,15,16,14,14,12,10,11,9,10,11,8,10,13,12,12,8,13,9,17,9,12,10,11,11,12,11,10,11,12,10,12,10,12,11,12,11,12,11,11,10,11,12,12,11,26,12,13,11,11,24,14,14,14,6,6,5,4,11,16,15,27,19,5,12,8,1,1,3]","[76,48,22,58,46,83,66,34,27,60,31,79,84,35,25,18,64,82,53,74,47,59,77,38,32,11,70,41,72,37,54,24,85,81,75,6,51,5,2,39,50,73,15,7,67,44,4,55,56,0,52,78,20,69,65,28,42,61,57,8,49,21,63,14,30,80,13,43,19,9,45,16,23,29,40,10,62,1,17,26,36,71,68,12,3,33]",28762f87953b00d8,5fb1722c059ef7c7,100,0.01,1.0,188300,0.5704900517785837,0.0028524502588929187,1.5149765087284517,2.7624999347608536e-05,0.005082083000161219,15876,20.589373457994952,0.08565012500184821,32.612961833001464,0.9999993596884149,1.2806227601691589e-06,1.9170198390178026,0.0011316462212964448,0.0,0.0,0.8382816037960718,1.3974282382933254,1e-12
success,,Be-Be_2.04_sto-6g_as-008-010,hamiltonian_generator/extended_diatomic_20q_library/Be-Be/2.04/sto-6g/Be-Be_2.04_sto-6g_as-008-010.tensors.npz,Be-Be,2.04,sto-6g,8,10,18,1027,1883,jw,random_groups,7,4014239043,1883,554688,0.313046481664064,51,"[51,38,34,36,31,27,132,48,82,72,64,64,74,64,60,56,37,37,36,36,29,29,35,29,50,15,13,68,33,31,45,24,31,12,12,12,8,12,16,36,32,42,36,32,28,20,24,24,18,6,2]","[18,26,41,20,42,0,40,24,39,16,49,45,1,37,28,50,43,33,22,31,5,13,25,8,17,23,9,19,7,35,11,30,27,12,47,10,34,14,48,21,38,15,3,46,36,6,29,44,2,4,32]",85ae5f533083d4b1,cfdfe5a477e7ea64,100,0.01,1.0,188300,0.8876776033658921,0.00443838801682946,3.667923528130819,2.9374998121056706e-05,0.005086749995825812,15876,20.589373457994952,0.08565012500184821,32.52126270800363,0.9999964934647907,7.013058122784521e-06,1.9169122294851193,0.0026482202360482675,4.596278246893348e-09,4.596278246893348e-09,4.590670877898753,0.8038517085425038,1e-12
success,,Be-Be_2.04_sto-6g_as-008-010,hamiltonian_generator/extended_diatomic_20q_library/Be-Be/2.04/sto-6g/Be-Be_2.04_sto-6g_as-008-010.tensors.npz,Be-Be,2.04,sto-6g,8,10,18,1027,1883,fermionic,random_groups,7,3176632585,1027,254098,0.48229575344831843,86,"[15,17,14,15,15,15,10,12,12,15,16,15,15,12,12,14,10,14,15,16,14,14,12,10,11,9,10,11,8,10,13,12,12,8,13,9,17,9,12,10,11,11,12,11,10,11,12,10,12,10,12,11,12,11,12,11,11,10,11,12,12,11,26,12,13,11,11,24,14,14,14,6,6,5,4,11,16,15,27,19,5,12,8,1,1,3]","[78,6,38,16,10,52,39,55,44,53,80,46,51,77,15,14,69,47,58,2,34,62,24,21,75,26,45,68,43,82,27,31,19,23,71,84,5,74,50,42,70,37,28,54,32,11,48,1,72,8,29,17,63,83,35,41,3,79,7,0,25,22,56,81,30,64,49,67,33,20,60,66,85,76,36,18,4,40,12,9,59,57,73,65,13,61]",fdd6a089c2f6427f,130ce4fac73f6f68,100,0.01,1.0,188300,0.46817514885986755,0.002340875744299338,1.020296653123668,2.9791997803840786e-05,0.0056296659968211316,15876,20.589373457994952,0.08565012500184821,32.88872600000468,0.9999992862509972,1.4274974960981623e-06,1.9170138007641013,0.0011947794798955614,0.0,0.0,0.9344241939648005,1.557699404684241,1e-12
success,,Be-Be_2.04_sto-6g_as-008-010,hamiltonian_generator/extended_diatomic_20q_library/Be-Be/2.04/sto-6g/Be-Be_2.04_sto-6g_as-008-010.tensors.npz,Be-Be,2.04,sto-6g,8,10,18,1027,1883,jw,random_groups,8,3505763577,1883,554688,0.313046481664064,51,"[51,38,34,36,31,27,132,48,82,72,64,64,74,64,60,56,37,37,36,36,29,29,35,29,50,15,13,68,33,31,45,24,31,12,12,12,8,12,16,36,32,42,36,32,28,20,24,24,18,6,2]","[18,17,44,20,16,10,13,42,32,22,27,36,43,35,38,12,0,3,7,5,39,23,46,8,25,24,6,21,4,26,28,2,14,15,49,45,30,34,31,19,33,41,1,37,47,40,11,9,29,48,50]",cb0005eef4ec4888,3fc7598f382c9816,100,0.01,1.0,188300,2.6973589935241256,0.013486794967620628,33.86782049693938,2.6833004085347056e-05,0.004776750000019092,15876,20.589373457994952,0.08565012500184821,32.701993333001155,0.999995397847264,9.204284292185783e-06,1.9170380574297519,0.0030338598306483187,4.293546109757074e-07,4.293547530842545e-07,6.025023479380691,1.055014734605787,1e-12
success,,Be-Be_2.04_sto-6g_as-008-010,hamiltonian_generator/extended_diatomic_20q_library/Be-Be/2.04/sto-6g/Be-Be_2.04_sto-6g_as-008-010.tensors.npz,Be-Be,2.04,sto-6g,8,10,18,1027,1883,fermionic,random_groups,8,1309813757,1027,254098,0.48229575344831843,86,"[15,17,14,15,15,15,10,12,12,15,16,15,15,12,12,14,10,14,15,16,14,14,12,10,11,9,10,11,8,10,13,12,12,8,13,9,17,9,12,10,11,11,12,11,10,11,12,10,12,10,12,11,12,11,12,11,11,10,11,12,12,11,26,12,13,11,11,24,14,14,14,6,6,5,4,11,16,15,27,19,5,12,8,1,1,3]","[25,23,59,71,10,18,70,61,15,38,64,42,80,29,57,74,76,83,50,65,66,44,24,60,21,32,30,26,63,27,45,49,16,52,77,51,68,48,37,22,40,79,69,47,33,43,58,6,81,31,36,20,35,14,0,2,7,11,13,34,19,56,67,41,46,73,55,12,75,39,8,85,84,54,28,72,5,3,82,17,4,78,53,62,1,9]",b15fc2b233561634,1d8f3449881cb309,100,0.01,1.0,188300,0.5771453361523327,0.002885726680761663,1.5505298397348877,3.1124996894504875e-05,0.004703833001258317,15876,20.589373457994952,0.08565012500184821,32.69801387500047,0.9999983303225317,3.3393521488012112e-06,1.9170196738196272,0.0018273901982256626,0.0,0.0,2.1859032667568496,3.64393413539199,1e-12
success,,Be-Be_2.04_sto-6g_as-008-010,hamiltonian_generator/extended_diatomic_20q_library/Be-Be/2.04/sto-6g/Be-Be_2.04_sto-6g_as-008-010.tensors.npz,Be-Be,2.04,sto-6g,8,10,18,1027,1883,jw,random_groups,9,1660266936,1883,554688,0.313046481664064,51,"[51,38,34,36,31,27,132,48,82,72,64,64,74,64,60,56,37,37,36,36,29,29,35,29,50,15,13,68,33,31,45,24,31,12,12,12,8,12,16,36,32,42,36,32,28,20,24,24,18,6,2]","[1,50,6,34,16,37,20,7,14,33,15,41,46,35,30,31,22,29,26,11,48,28,23,0,42,38,36,18,39,19,43,45,49,9,4,10,47,8,40,3,25,13,27,44,2,17,21,12,32,24,5]",3a0c6cf9143313b1,ce48509656894395,100,0.01,1.0,188300,1.1706610501237102,0.005853305250618552,6.379286178750687,3.0083996534813195e-05,0.004725665996375028,15876,20.589373457994952,0.08565012500184821,32.6848019579993,0.9999968089198935,6.38215003001541e-06,1.9171115680022224,0.002526293770126703,5.767880006946058e-08,5.7678806730798726e-08,4.177685364675053,0.7315356747343629,1e-12
success,,Be-Be_2.04_sto-6g_as-008-010,hamiltonian_generator/extended_diatomic_20q_library/Be-Be/2.04/sto-6g/Be-Be_2.04_sto-6g_as-008-010.tensors.npz,Be-Be,2.04,sto-6g,8,10,18,1027,1883,fermionic,random_groups,9,3136468736,1027,254098,0.48229575344831843,86,"[15,17,14,15,15,15,10,12,12,15,16,15,15,12,12,14,10,14,15,16,14,14,12,10,11,9,10,11,8,10,13,12,12,8,13,9,17,9,12,10,11,11,12,11,10,11,12,10,12,10,12,11,12,11,12,11,11,10,11,12,12,11,26,12,13,11,11,24,14,14,14,6,6,5,4,11,16,15,27,19,5,12,8,1,1,3]","[84,60,71,43,10,27,68,52,73,11,79,33,75,36,5,34,72,41,8,61,74,49,14,42,54,0,64,80,70,31,20,67,32,24,19,44,2,13,53,18,59,82,37,76,65,47,78,35,85,38,16,4,48,17,3,12,63,26,81,9,7,46,23,77,40,83,29,51,69,6,56,57,28,45,15,62,50,25,66,39,22,30,55,58,1,21]",5e229c92a62f5207,7cb9b6a478022e98,100,0.01,1.0,188300,0.47735064938037836,0.002386753246901892,1.0606809842889189,2.837499778252095e-05,0.004668500005209353,15876,20.589373457994952,0.08565012500184821,32.64931862500089,0.9999993671024665,1.2657946664162978e-06,1.9170007807061524,0.0011250755827875588,0.0,0.0,0.8285752963658142,1.3812476755430805,1e-12
success,,Be-Be_2.04_sto-6g_as-008-010,hamiltonian_generator/extended_diatomic_20q_library/Be-Be/2.04/sto-6g/Be-Be_2.04_sto-6g_as-008-010.tensors.npz,Be-Be,2.04,sto-6g,8,10,18,1027,1883,jw,random_groups,10,2899134699,1883,554688,0.313046481664064,51,"[51,38,34,36,31,27,132,48,82,72,64,64,74,64,60,56,37,37,36,36,29,29,35,29,50,15,13,68,33,31,45,24,31,12,12,12,8,12,16,36,32,42,36,32,28,20,24,24,18,6,2]","[14,17,4,47,8,2,22,32,36,37,48,43,16,15,21,40,27,29,3,49,30,24,50,31,13,19,10,35,45,25,11,28,33,6,34,18,7,0,39,5,42,46,23,41,26,12,1,9,38,20,44]",67228d78041140ff,97c56b7144959960,100,0.01,1.0,188300,2.3097420266403605,0.011548710133201802,24.833429549827827,2.7624999347608536e-05,0.004753875000460539,15876,20.589373457994952,0.08565012500184821,32.71250237499771,0.999995226923885,9.546129447812746e-06,1.9169888086103952,0.0030896848107911106,3.3092641633647446e-06,3.309264834938652e-06,6.248791566456572,1.0941977568475314,1e-12
success,,Be-Be_2.04_sto-6g_as-008-010,hamiltonian_generator/extended_diatomic_20q_library/Be-Be/2.04/sto-6g/Be-Be_2.04_sto-6g_as-008-010.tensors.npz,Be-Be,2.04,sto-6g,8,10,18,1027,1883,fermionic,random_groups,10,1912219540,1027,254098,0.48229575344831843,86,"[15,17,14,15,15,15,10,12,12,15,16,15,15,12,12,14,10,14,15,16,14,14,12,10,11,9,10,11,8,10,13,12,12,8,13,9,17,9,12,10,11,11,12,11,10,11,12,10,12,10,12,11,12,11,12,11,11,10,11,12,12,11,26,12,13,11,11,24,14,14,14,6,6,5,4,11,16,15,27,19,5,12,8,1,1,3]","[66,17,53,72,8,18,57,80,11,84,76,78,64,33,62,41,22,0,30,3,51,83,73,5,48,37,24,9,36,85,65,61,63,69,34,77,75,58,43,27,35,68,39,59,13,7,50,28,46,31,1,15,19,71,56,40,25,79,55,47,38,29,49,10,82,44,12,60,21,74,70,54,42,81,52,67,20,23,16,2,4,32,14,6,45,26]",27a9bdc17d77a6ff,75ae3d6b7e508595,100,0.01,1.0,188300,0.47857236727298963,0.0023928618363649483,1.066117286610546,2.9625000024680048e-05,0.005082625000795815,15876,20.589373457994952,0.08565012500184821,32.58638529199379,0.9999994801653543,1.0396690210967563e-06,1.9170222715444507,0.0010196417465585844,0.0,0.0,0.6805559306996534,1.1344971319793473,1e-12
success,,Be-Be_2.04_sto-6g_as-008-010,hamiltonian_generator/extended_diatomic_20q_library/Be-Be/2.04/sto-6g/Be-Be_2.04_sto-6g_as-008-010.tensors.npz,Be-Be,2.04,sto-6g,8,10,18,1027,1883,jw,random_groups,11,1080384583,1883,554688,0.313046481664064,51,"[51,38,34,36,31,27,132,48,82,72,64,64,74,64,60,56,37,37,36,36,29,29,35,29,50,15,13,68,33,31,45,24,31,12,12,12,8,12,16,36,32,42,36,32,28,20,24,24,18,6,2]","[43,33,23,25,15,32,24,22,10,41,4,31,39,38,2,1,11,27,29,35,7,34,26,46,21,50,30,44,14,16,48,47,20,3,8,6,9,12,45,40,37,42,0,19,18,49,5,28,36,17,13]",909d53f157924748,5e4c7f3073af193c,100,0.01,1.0,188300,3.1726120806027995,0.015863060403014,46.85367866744454,3.4500000765547156e-05,0.004664166997827124,15876,20.589373457994952,0.08565012500184821,32.70694295800058,0.9999935240619217,1.295183421889945e-05,1.9169708251728819,0.003598871511555536,1.5876177474893893e-06,1.5876179031426574e-06,8.478128531532363,1.4845669155081491,1e-12
success,,Be-Be_2.04_sto-6g_as-008-010,hamiltonian_generator/extended_diatomic_20q_library/Be-Be/2.04/sto-6g/Be-Be_2.04_sto-6g_as-008-010.tensors.npz,Be-Be,2.04,sto-6g,8,10,18,1027,1883,fermionic,random_groups,11,1712851842,1027,254098,0.48229575344831843,86,"[15,17,14,15,15,15,10,12,12,15,16,15,15,12,12,14,10,14,15,16,14,14,12,10,11,9,10,11,8,10,13,12,12,8,13,9,17,9,12,10,11,11,12,11,10,11,12,10,12,10,12,11,12,11,12,11,11,10,11,12,12,11,26,12,13,11,11,24,14,14,14,6,6,5,4,11,16,15,27,19,5,12,8,1,1,3]","[64,83,40,45,4,65,19,44,7,20,61,17,29,15,41,68,81,66,10,73,48,72,2,8,56,47,60,0,27,31,23,58,22,43,79,9,1,37,14,69,24,77,53,5,26,11,42,76,46,3,6,62,75,59,21,49,32,80,54,33,12,18,63,55,71,13,28,85,39,82,51,25,38,67,30,84,50,74,35,16,70,34,52,36,78,57]",dd09b1826caecd26,19ee6c82841658bd,100,0.01,1.0,188300,0.592736188049915,0.002963680940249575,1.6354325347232717,2.591600059531629e-05,0.005117833003168926,15876,20.589373457994952,0.08565012500184821,32.62057187499886,0.9999989195864182,2.1608259963556975e-06,1.9170550193063256,0.0014699752255205479,0.0,0.0,1.4144529818523852,2.3579147265404683,1e-12
success,,Be-Be_2.04_sto-6g_as-008-010,hamiltonian_generator/extended_diatomic_20q_library/Be-Be/2.04/sto-6g/Be-Be_2.04_sto-6g_as-008-010.tensors.npz,Be-Be,2.04,sto-6g,8,10,18,1027,1883,jw,random_groups,12,3061551492,1883,554688,0.313046481664064,51,"[51,38,34,36,31,27,132,48,82,72,64,64,74,64,60,56,37,37,36,36,29,29,35,29,50,15,13,68,33,31,45,24,31,12,12,12,8,12,16,36,32,42,36,32,28,20,24,24,18,6,2]","[37,1,45,24,20,12,43,25,14,4,6,8,50,18,2,19,44,3,33,13,46,11,35,30,23,21,9,38,7,41,42,5,36,28,16,31,10,39,34,27,48,26,17,0,47,49,15,29,40,22,32]",0b1e5de3caaa07ca,b75303ef7151f4cf,100,0.01,1.0,188300,1.4263847361001545,0.007131923680500772,9.470722531678087,3.574999573174864e-05,0.005088083002192434,15876,20.589373457994952,0.08565012500184821,32.58721733299899,0.9999942732847642,1.14533976762754e-05,1.9170990682248281,0.003384291723772851,2.4813959106362304e-06,2.481395918185747e-06,7.497268416277495,1.3128129169183569,1e-12
success,,Be-Be_2.04_sto-6g_as-008-010,hamiltonian_generator/extended_diatomic_20q_library/Be-Be/2.04/sto-6g/Be-Be_2.04_sto-6g_as-008-010.tensors.npz,Be-Be,2.04,sto-6g,8,10,18,1027,1883,fermionic,random_groups,12,1608290837,1027,254098,0.48229575344831843,86,"[15,17,14,15,15,15,10,12,12,15,16,15,15,12,12,14,10,14,15,16,14,14,12,10,11,9,10,11,8,10,13,12,12,8,13,9,17,9,12,10,11,11,12,11,10,11,12,10,12,10,12,11,12,11,12,11,11,10,11,12,12,11,26,12,13,11,11,24,14,14,14,6,6,5,4,11,16,15,27,19,5,12,8,1,1,3]","[51,63,29,14,31,12,80,21,83,70,41,38,46,33,79,75,13,3,1,25,30,72,49,53,9,62,85,58,65,64,52,35,20,37,61,44,32,45,10,48,67,40,56,7,50,47,57,28,2,69,18,42,66,6,19,23,15,24,73,22,4,55,16,27,84,43,59,34,39,71,0,77,26,54,17,5,8,81,68,36,76,11,74,60,78,82]",d417666145fd89cd,a86666285a5bc359,100,0.01,1.0,188300,0.5234212406015627,0.0026171062030078134,1.2753002137751746,3.4791999496519566e-05,0.004700958001194522,15876,20.589373457994952,0.08565012500184821,32.63807587500196,0.9999992091958063,1.5816077619801305e-06,1.9170340938969919,0.0012576201284047422,0.0,0.0,1.0353030826298049,1.7258660530154855,1e-12
success,,Be-Be_2.04_sto-6g_as-008-010,hamiltonian_generator/extended_diatomic_20q_library/Be-Be/2.04/sto-6g/Be-Be_2.04_sto-6g_as-008-010.tensors.npz,Be-Be,2.04,sto-6g,8,10,18,1027,1883,jw,random_groups,13,4085994837,1883,554688,0.313046481664064,51,"[51,38,34,36,31,27,132,48,82,72,64,64,74,64,60,56,37,37,36,36,29,29,35,29,50,15,13,68,33,31,45,24,31,12,12,12,8,12,16,36,32,42,36,32,28,20,24,24,18,6,2]","[41,35,32,40,4,18,0,25,2,31,45,39,36,23,6,11,46,19,14,29,12,17,20,38,30,10,28,48,3,37,7,47,5,21,34,44,1,42,27,49,16,8,9,24,13,15,43,33,22,50,26]",2078c9e9c4f7bc84,af5d3a200e2ce292,100,0.01,1.0,188300,1.3728760439178054,0.006864380219589027,8.773490319520823,2.925000444520265e-05,0.004707583000708837,15876,20.589373457994952,0.08565012500184821,32.597219625000434,0.9999983507554444,3.298486391134503e-06,1.9170420468762555,0.0018161743063871687,1.1038440583810427e-06,1.1038440983490716e-06,2.159152990295525,0.3780795588308766,1e-12
success,,Be-Be_2.04_sto-6g_as-008-010,hamiltonian_generator/extended_diatomic_20q_library/Be-Be/2.04/sto-6g/Be-Be_2.04_sto-6g_as-008-010.tensors.npz,Be-Be,2.04,sto-6g,8,10,18,1027,1883,fermionic,random_groups,13,784840352,1027,254098,0.48229575344831843,86,"[15,17,14,15,15,15,10,12,12,15,16,15,15,12,12,14,10,14,15,16,14,14,12,10,11,9,10,11,8,10,13,12,12,8,13,9,17,9,12,10,11,11,12,11,10,11,12,10,12,10,12,11,12,11,12,11,11,10,11,12,12,11,26,12,13,11,11,24,14,14,14,6,6,5,4,11,16,15,27,19,5,12,8,1,1,3]","[46,20,36,16,6,40,8,15,74,59,27,24,19,5,30,35,67,22,21,23,13,47,84,44,17,52,33,51,61,4,73,80,1,43,60,34,14,2,75,58,32,49,83,37,54,78,25,53,39,11,50,29,48,3,82,41,55,72,45,81,26,71,68,7,9,62,66,77,76,56,12,70,28,65,31,18,10,57,0,85,64,79,42,63,69,38]",a289f059033d9908,e7660739dba40ddf,100,0.01,1.0,188300,0.5667327654207477,0.0028336638271037385,1.4950867457410844,2.6292000256944448e-05,0.00497683299909113,15876,20.589373457994952,0.08565012500184821,32.794200541000464,0.9999991969164712,1.6061664126487685e-06,1.917050105423808,0.0012673464631178498,0.0,0.0,1.0513789058229317,1.7526646958368912,1e-12
success,,Be-Be_2.04_sto-6g_as-008-010,hamiltonian_generator/extended_diatomic_20q_library/Be-Be/2.04/sto-6g/Be-Be_2.04_sto-6g_as-008-010.tensors.npz,Be-Be,2.04,sto-6g,8,10,18,1027,1883,jw,random_groups,14,1689819467,1883,554688,0.313046481664064,51,"[51,38,34,36,31,27,132,48,82,72,64,64,74,64,60,56,37,37,36,36,29,29,35,29,50,15,13,68,33,31,45,24,31,12,12,12,8,12,16,36,32,42,36,32,28,20,24,24,18,6,2]","[2,23,30,16,28,14,44,15,42,22,31,12,35,21,1,36,25,48,0,46,8,32,37,11,29,45,49,50,38,10,33,27,9,41,4,20,3,34,17,7,39,26,47,19,6,13,43,24,18,40,5]",9c2a91219a048b18,3289a86679caa4d8,100,0.01,1.0,188300,2.581500602186724,0.012907503010933621,31.02088680095279,3.0832998163532466e-05,0.005061000003479421,15876,20.589373457994952,0.08565012500184821,32.753788292000536,0.9999893549458526,2.128999497763573e-05,1.916817918857728,0.004614120533186057,2.826360919860882e-06,2.8263613616186234e-06,13.936197051741733,2.4403047198529024,1e-12
success,,Be-Be_2.04_sto-6g_as-008-010,hamiltonian_generator/extended_diatomic_20q_library/Be-Be/2.04/sto-6g/Be-Be_2.04_sto-6g_as-008-010.tensors.npz,Be-Be,2.04,sto-6g,8,10,18,1027,1883,fermionic,random_groups,14,496154559,1027,254098,0.48229575344831843,86,"[15,17,14,15,15,15,10,12,12,15,16,15,15,12,12,14,10,14,15,16,14,14,12,10,11,9,10,11,8,10,13,12,12,8,13,9,17,9,12,10,11,11,12,11,10,11,12,10,12,10,12,11,12,11,12,11,11,10,11,12,12,11,26,12,13,11,11,24,14,14,14,6,6,5,4,11,16,15,27,19,5,12,8,1,1,3]","[9,34,2,1,78,35,11,15,71,40,48,46,42,70,17,29,0,26,24,60,59,62,52,41,7,33,38,4,54,73,36,37,53,82,58,66,13,20,51,27,55,80,57,14,49,64,6,85,32,50,69,8,63,10,56,3,23,84,30,5,83,21,76,25,45,77,28,22,81,75,16,39,43,65,19,72,44,47,31,18,12,74,68,67,61,79]",b772899a3dcee11d,eb46008ecfaedfa8,100,0.01,1.0,188300,0.40213834135411525,0.0020106917067705763,0.7527672427644221,2.3959000827744603e-05,0.0049882079983945005,15876,20.589373457994952,0.08565012500184821,32.883224166005675,0.9999994188318496,1.1623359630341668e-06,1.9170330999086929,0.0010781170162667923,0.0,0.0,0.7608523646053487,1.268352513829489,1e-12
success,,Be-Be_2.04_sto-6g_as-008-010,hamiltonian_generator/extended_diatomic_20q_library/Be-Be/2.04/sto-6g/Be-Be_2.04_sto-6g_as-008-010.tensors.npz,Be-Be,2.04,sto-6g,8,10,18,1027,1883,jw,random_groups,15,1681282760,1883,554688,0.313046481664064,51,"[51,38,34,36,31,27,132,48,82,72,64,64,74,64,60,56,37,37,36,36,29,29,35,29,50,15,13,68,33,31,45,24,31,12,12,12,8,12,16,36,32,42,36,32,28,20,24,24,18,6,2]","[49,1,23,33,40,20,7,43,46,42,11,28,3,0,48,26,38,27,13,34,9,8,17,25,44,19,18,4,39,24,35,50,36,16,21,29,14,37,45,31,5,47,12,32,10,15,6,2,30,41,22]",f962c8c8a393c40b,3a759b2dd2a451e9,100,0.01,1.0,188300,1.6570290657483902,0.008285145328741951,12.781152017739712,4.095799522474408e-05,0.0052212500013411045,15876,20.589373457994952,0.08565012500184821,32.79759449999983,0.9999942105791404,1.1578808201795354e-05,1.9168893761176777,0.00340276971292599,2.785975530272822e-07,2.78597571679029e-07,7.579360769885117,1.3271877393486606,1e-12
success,,Be-Be_2.04_sto-6g_as-008-010,hamiltonian_generator/extended_diatomic_20q_library/Be-Be/2.04/sto-6g/Be-Be_2.04_sto-6g_as-008-010.tensors.npz,Be-Be,2.04,sto-6g,8,10,18,1027,1883,fermionic,random_groups,15,3060556930,1027,254098,0.48229575344831843,86,"[15,17,14,15,15,15,10,12,12,15,16,15,15,12,12,14,10,14,15,16,14,14,12,10,11,9,10,11,8,10,13,12,12,8,13,9,17,9,12,10,11,11,12,11,10,11,12,10,12,10,12,11,12,11,12,11,11,10,11,12,12,11,26,12,13,11,11,24,14,14,14,6,6,5,4,11,16,15,27,19,5,12,8,1,1,3]","[58,24,41,10,59,53,22,4,42,14,48,11,30,38,40,45,21,51,47,20,52,0,34,35,31,66,75,13,6,1,23,46,65,56,62,78,74,79,76,18,26,54,19,83,12,81,5,2,82,85,32,15,49,16,43,36,8,44,9,7,27,61,33,72,3,17,71,25,80,57,39,68,55,73,67,70,50,77,28,84,37,64,63,60,29,69]",23d359bc770c1493,d8fc8fc91c051963,100,0.01,1.0,188300,0.4453822712383467,0.0022269113561917335,0.9233696565591949,2.6458001229912043e-05,0.004816667002160102,15876,20.589373457994952,0.08565012500184821,32.752820916997734,0.9999995418930947,9.162136007656585e-07,1.9170046733521313,0.0009571905821714974,0.0,0.0,0.5997433674911089,0.9997813546974728,1e-12
success,,Be-Be_2.04_sto-6g_as-008-010,hamiltonian_generator/extended_diatomic_20q_library/Be-Be/2.04/sto-6g/Be-Be_2.04_sto-6g_as-008-010.tensors.npz,Be-Be,2.04,sto-6g,8,10,18,1027,1883,jw,random_groups,16,2087612198,1883,554688,0.313046481664064,51,"[51,38,34,36,31,27,132,48,82,72,64,64,74,64,60,56,37,37,36,36,29,29,35,29,50,15,13,68,33,31,45,24,31,12,12,12,8,12,16,36,32,42,36,32,28,20,24,24,18,6,2]","[25,32,27,16,18,43,44,33,24,46,41,13,47,42,30,48,14,1,20,8,49,35,2,11,36,3,23,38,4,12,21,10,15,45,6,9,26,39,50,0,37,19,31,7,17,40,5,29,34,28,22]",6f57d4dcd70bb2d7,50e8a01bad5bd906,100,0.01,1.0,188300,1.7746467613051728,0.008873233806525865,14.659987136135676,3.8541998947039247e-05,0.00466683300328441,15876,20.589373457994952,0.08565012500184821,32.71620604200143,0.9999964977401784,7.004507377339486e-06,1.9169519898350946,0.0026466053055177086,1.5656225152982373e-06,1.565622577581749e-06,4.585073653776039,0.802871603827134,1e-12
success,,Be-Be_2.04_sto-6g_as-008-010,hamiltonian_generator/extended_diatomic_20q_library/Be-Be/2.04/sto-6g/Be-Be_2.04_sto-6g_as-008-010.tensors.npz,Be-Be,2.04,sto-6g,8,10,18,1027,1883,fermionic,random_groups,16,1778194441,1027,254098,0.48229575344831843,86,"[15,17,14,15,15,15,10,12,12,15,16,15,15,12,12,14,10,14,15,16,14,14,12,10,11,9,10,11,8,10,13,12,12,8,13,9,17,9,12,10,11,11,12,11,10,11,12,10,12,10,12,11,12,11,12,11,11,10,11,12,12,11,26,12,13,11,11,24,14,14,14,6,6,5,4,11,16,15,27,19,5,12,8,1,1,3]","[53,1,76,0,30,74,69,19,51,20,42,52,67,50,28,24,40,54,82,79,43,41,58,73,17,14,56,6,60,32,15,83,27,47,31,81,59,68,48,26,37,62,5,7,55,75,22,16,10,8,21,3,61,29,25,66,65,49,45,80,11,38,4,39,18,63,44,13,46,78,34,12,72,84,71,9,2,35,64,33,57,23,77,70,85,36]",df972fc99da0e5db,8d9f677230535c3f,100,0.01,1.0,188300,0.6275195806140269,0.0031375979030701345,1.8330077915696066,3.470799856586382e-05,0.004931417002808303,15876,20.589373457994952,0.08565012500184821,32.81397041699529,0.9999990017990021,1.996400999293435e-06,1.9170603357064306,0.0014129409031231985,0.0,0.0,1.3068221833623515,2.178492541395366,1e-12
success,,Be-Be_2.04_sto-6g_as-008-010,hamiltonian_generator/extended_diatomic_20q_library/Be-Be/2.04/sto-6g/Be-Be_2.04_sto-6g_as-008-010.tensors.npz,Be-Be,2.04,sto-6g,8,10,18,1027,1883,jw,random_groups,17,3177386084,1883,554688,0.313046481664064,51,"[51,38,34,36,31,27,132,48,82,72,64,64,74,64,60,56,37,37,36,36,29,29,35,29,50,15,13,68,33,31,45,24,31,12,12,12,8,12,16,36,32,42,36,32,28,20,24,24,18,6,2]","[5,19,24,44,1,36,31,25,18,12,47,30,11,32,38,28,2,3,6,33,46,23,22,21,42,0,43,13,17,8,10,9,4,29,45,41,39,48,14,7,50,40,20,15,37,35,27,49,16,34,26]",7a05dc51c7890900,cfabedfe8ae9db5e,100,0.01,1.0,188300,2.2855340655401193,0.011427670327700597,24.31560865599745,3.4791999496519566e-05,0.005128208002133761,15876,20.589373457994952,0.08565012500184821,32.76045100000192,0.9999978147427003,4.370509823936608e-06,1.9169844487805345,0.0020905775755371775,1.0825841512129841e-06,1.0825842591266621e-06,2.8608877638033876,0.500957175552156,1e-12
success,,Be-Be_2.04_sto-6g_as-008-010,hamiltonian_generator/extended_diatomic_20q_library/Be-Be/2.04/sto-6g/Be-Be_2.04_sto-6g_as-008-010.tensors.npz,Be-Be,2.04,sto-6g,8,10,18,1027,1883,fermionic,random_groups,17,3791310055,1027,254098,0.48229575344831843,86,"[15,17,14,15,15,15,10,12,12,15,16,15,15,12,12,14,10,14,15,16,14,14,12,10,11,9,10,11,8,10,13,12,12,8,13,9,17,9,12,10,11,11,12,11,10,11,12,10,12,10,12,11,12,11,12,11,11,10,11,12,12,11,26,12,13,11,11,24,14,14,14,6,6,5,4,11,16,15,27,19,5,12,8,1,1,3]","[60,37,83,8,70,54,30,22,42,13,57,23,14,59,51,39,1,28,69,58,50,12,84,47,27,85,71,67,72,82,31,43,18,48,21,52,40,4,9,46,6,62,65,41,49,68,44,45,77,34,64,26,76,53,35,38,19,55,75,0,20,25,10,7,11,63,17,24,2,3,16,29,73,74,32,5,81,79,66,80,33,15,61,78,36,56]",2ad0152cb7c12842,473945ec97741fec,100,0.01,1.0,188300,0.6744654395795459,0.003372327197897729,2.117527938839216,2.691699774004519e-05,0.004712959002063144,15876,20.589373457994952,0.08565012500184821,32.891195583004446,0.9999985640077385,2.87198246096132e-06,1.917055466195125,0.0016946930468641115,0.0,0.0,1.879968198543364,3.133935703516915,1e-12
success,,Be-Be_2.04_sto-6g_as-008-010,hamiltonian_generator/extended_diatomic_20q_library/Be-Be/2.04/sto-6g/Be-Be_2.04_sto-6g_as-008-010.tensors.npz,Be-Be,2.04,sto-6g,8,10,18,1027,1883,jw,random_groups,18,3465520178,1883,554688,0.313046481664064,51,"[51,38,34,36,31,27,132,48,82,72,64,64,74,64,60,56,37,37,36,36,29,29,35,29,50,15,13,68,33,31,45,24,31,12,12,12,8,12,16,36,32,42,36,32,28,20,24,24,18,6,2]","[33,35,43,18,24,27,17,3,37,5,39,50,12,14,41,15,26,8,20,49,23,48,40,16,4,28,47,42,2,19,11,1,13,21,0,46,9,32,31,30,22,44,7,25,36,10,29,45,34,6,38]",e6c6345b723079b6,52bee1da472ba4d5,100,0.01,1.0,188300,1.3086084699901457,0.006543042349950729,7.97130086867722,2.787500125123188e-05,0.0046859579961164854,15876,20.589373457994952,0.08565012500184821,32.775428208995436,0.9999965906364132,6.8187155497501095e-06,1.9169294260564353,0.002611269264852465,4.3955511086490873e-07,4.395553169223021e-07,4.4634563625268555,0.781575747522202,1e-12
success,,Be-Be_2.04_sto-6g_as-008-010,hamiltonian_generator/extended_diatomic_20q_library/Be-Be/2.04/sto-6g/Be-Be_2.04_sto-6g_as-008-010.tensors.npz,Be-Be,2.04,sto-6g,8,10,18,1027,1883,fermionic,random_groups,18,4141611203,1027,254098,0.48229575344831843,86,"[15,17,14,15,15,15,10,12,12,15,16,15,15,12,12,14,10,14,15,16,14,14,12,10,11,9,10,11,8,10,13,12,12,8,13,9,17,9,12,10,11,11,12,11,10,11,12,10,12,10,12,11,12,11,12,11,11,10,11,12,12,11,26,12,13,11,11,24,14,14,14,6,6,5,4,11,16,15,27,19,5,12,8,1,1,3]","[76,16,34,85,58,63,13,9,52,42,36,49,81,83,65,11,12,32,80,66,48,40,33,27,1,56,54,78,62,37,14,67,71,41,29,47,82,10,45,39,61,28,35,5,64,72,30,3,43,51,6,38,44,59,79,17,50,2,23,73,60,19,69,55,77,0,25,53,15,31,84,68,70,22,57,74,21,75,26,4,46,24,8,7,18,20]",9de41e893cb330a0,b3ff52021b9a4520,100,0.01,1.0,188300,0.5468862973664036,0.002734431486832018,1.3922070589259188,2.6458998036105186e-05,0.0047873340008663945,15876,20.589373457994952,0.08565012500184821,32.896747000006144,0.9999987134431264,2.573112091952545e-06,1.9169700482048637,0.001604092811274975,0.0,0.0,1.6843309351335638,2.8078053970503642,1e-12
success,,Be-Be_2.04_sto-6g_as-008-010,hamiltonian_generator/extended_diatomic_20q_library/Be-Be/2.04/sto-6g/Be-Be_2.04_sto-6g_as-008-010.tensors.npz,Be-Be,2.04,sto-6g,8,10,18,1027,1883,jw,random_groups,19,2340880662,1883,554688,0.313046481664064,51,"[51,38,34,36,31,27,132,48,82,72,64,64,74,64,60,56,37,37,36,36,29,29,35,29,50,15,13,68,33,31,45,24,31,12,12,12,8,12,16,36,32,42,36,32,28,20,24,24,18,6,2]","[32,37,25,31,34,17,42,30,23,8,28,5,44,47,21,3,9,41,48,50,11,16,33,1,24,19,18,38,13,49,14,2,12,10,4,29,27,26,20,45,6,22,46,43,36,39,0,7,40,15,35]",547a1e62f1c4e5e8,88d8d50bf879d6ae,100,0.01,1.0,188300,2.773756559280772,0.013868782796403861,35.81347245693697,2.5958004698622972e-05,0.0047626250016037375,15876,20.589373457994952,0.08565012500184821,33.062639166004374,0.9999947220099811,1.055595218069083e-05,1.9169728527243735,0.0032489967740599334,4.3004533716306526e-06,4.300454686023691e-06,6.909810444455395,1.2099457964241387,1e-12
success,,Be-Be_2.04_sto-6g_as-008-010,hamiltonian_generator/extended_diatomic_20q_library/Be-Be/2.04/sto-6g/Be-Be_2.04_sto-6g_as-008-010.tensors.npz,Be-Be,2.04,sto-6g,8,10,18,1027,1883,fermionic,random_groups,19,962106099,1027,254098,0.48229575344831843,86,"[15,17,14,15,15,15,10,12,12,15,16,15,15,12,12,14,10,14,15,16,14,14,12,10,11,9,10,11,8,10,13,12,12,8,13,9,17,9,12,10,11,11,12,11,10,11,12,10,12,10,12,11,12,11,12,11,11,10,11,12,12,11,26,12,13,11,11,24,14,14,14,6,6,5,4,11,16,15,27,19,5,12,8,1,1,3]","[44,34,48,77,3,16,31,83,81,40,74,46,64,17,0,15,67,58,6,51,19,71,53,47,49,20,18,55,4,26,73,27,78,65,8,70,21,72,36,76,59,84,35,12,62,13,61,41,29,23,43,37,5,85,56,14,79,2,57,69,38,82,52,22,42,1,50,10,66,54,32,11,25,33,60,45,39,30,68,9,7,75,24,28,63,80]",dbb7e9e0cd209d72,425cf18275f61ea1,100,0.01,1.0,188300,0.5087129063991123,0.002543564531995561,1.2046343969513291,3.8416997995227575e-05,0.00525329200172564,15876,20.589373457994952,0.08565012500184821,33.11379191699962,0.9999993504439703,1.299111637598216e-06,1.9170452548271208,0.0011397859709098746,0.0,0.0,0.8503842200431636,1.4176034844448897,1e-12
success,,Be-Be_2.04_sto-6g_as-008-012,hamiltonian_generator/extended_diatomic_20q_library/Be-Be/2.04/sto-6g/Be-Be_2.04_sto-6g_as-008-012.tensors.npz,Be-Be,2.04,sto-6g,8,12,20,1580,2950,baseline,jw_raw,-1,-1,,,,,[],[],4f53cda18c2baa0c,c2dbc90c4fad40a5,100,0.01,1.0,295000,0.7747129379507508,0.003873564689753754,1.0,2.2250002075452358e-05,0.01362370799324708,44100,82.85546770899964,0.3682324580004206,105.02320754099492,0.9999961796228626,7.640739679515285e-06,1.9928639464801994,0.0027641914323795003,0.0,0.0,1.0,,1e-12
success,,Be-Be_2.04_sto-6g_as-008-012,hamiltonian_generator/extended_diatomic_20q_library/Be-Be/2.04/sto-6g/Be-Be_2.04_sto-6g_as-008-012.tensors.npz,Be-Be,2.04,sto-6g,8,12,20,1580,2950,jw,current,-1,-1,2950,1272112,0.2924546671954297,70,"[58,42,46,44,32,172,37,156,42,37,156,34,26,16,34,34,48,48,40,40,64,64,48,48,64,64,52,52,52,48,40,40,30,26,24,108,24,88,24,24,104,52,56,46,38,36,16,32,32,32,24,20,16,24,24,16,16,16,16,16,16,8,16,16,16,12,36,28,16,28]","[0,1,2,3,4,5,6,7,8,9,10,11,12,13,14,15,16,17,18,19,20,21,22,23,24,25,26,27,28,29,30,31,32,33,34,35,36,37,38,39,40,41,42,43,44,45,46,47,48,49,50,51,52,53,54,55,56,57,58,59,60,61,62,63,64,65,66,67,68,69]",7d2d0e891184893f,385e0861f8787c4f,100,0.01,1.0,295000,2.434305345439695,0.012171526727198474,9.873439917682187,5.012499605072662e-05,0.012573792002513073,44100,82.85546770899964,0.3682324580004206,105.88830491599947,0.9999965496775977,6.900632899986547e-06,1.9928573412096413,0.0026269078409198133,6.037624723509438e-07,6.037626802957163e-07,0.9031367628564871,1.0,1e-12
success,,Be-Be_2.04_sto-6g_as-008-012,hamiltonian_generator/extended_diatomic_20q_library/Be-Be/2.04/sto-6g/Be-Be_2.04_sto-6g_as-008-012.tensors.npz,Be-Be,2.04,sto-6g,8,12,20,1580,2950,fermionic,current,-1,-1,1580,581836,0.46643525384596884,123,"[16,17,13,18,13,16,13,16,12,22,14,15,12,10,10,10,10,12,14,11,21,14,11,14,12,12,12,10,10,10,13,8,10,11,10,11,12,9,10,10,12,10,14,12,10,10,11,12,11,14,12,20,21,14,10,9,13,11,10,11,11,11,12,10,10,8,9,16,8,10,10,9,9,9,10,10,12,11,11,12,10,9,10,11,11,10,10,9,11,11,12,9,11,12,11,10,10,11,9,12,12,10,10,10,11,10,10,15,34,28,13,10,12,22,51,55,33,18,17,12,11,4,4]","[0,1,2,3,4,5,6,7,8,9,10,11,12,13,14,15,16,17,18,19,20,21,22,23,24,25,26,27,28,29,30,31,32,33,34,35,36,37,38,39,40,41,42,43,44,45,46,47,48,49,50,51,52,53,54,55,56,57,58,59,60,61,62,63,64,65,66,67,68,69,70,71,72,73,74,75,76,77,78,79,80,81,82,83,84,85,86,87,88,89,90,91,92,93,94,95,96,97,98,99,100,101,102,103,104,105,106,107,108,109,110,111,112,113,114,115,116,117,118,119,120,121,122]",16c42ac1261a2088,3f821f2981d13812,100,0.01,1.0,295000,0.656493774894692,0.00328246887447346,0.7180912037241329,6.0999998822808266e-05,0.012228290994244162,44100,82.85546770899964,0.3682324580004206,106.9792441660029,0.999998042764977,3.914466215282353e-06,1.9928859076513936,0.001978501970205463,0.0,0.0,0.5123150872129542,1.0,1e-12
success,,Be-Be_2.04_sto-6g_as-008-012,hamiltonian_generator/extended_diatomic_20q_library/Be-Be/2.04/sto-6g/Be-Be_2.04_sto-6g_as-008-012.tensors.npz,Be-Be,2.04,sto-6g,8,12,20,1580,2950,jw,reverse_groups,-1,-1,2950,1272112,0.2924546671954297,70,"[58,42,46,44,32,172,37,156,42,37,156,34,26,16,34,34,48,48,40,40,64,64,48,48,64,64,52,52,52,48,40,40,30,26,24,108,24,88,24,24,104,52,56,46,38,36,16,32,32,32,24,20,16,24,24,16,16,16,16,16,16,8,16,16,16,12,36,28,16,28]","[69,68,67,66,65,64,63,62,61,60,59,58,57,56,55,54,53,52,51,50,49,48,47,46,45,44,43,42,41,40,39,38,37,36,35,34,33,32,31,30,29,28,27,26,25,24,23,22,21,20,19,18,17,16,15,14,13,12,11,10,9,8,7,6,5,4,3,2,1,0]",b80e6b354a856897,f43ad7f04e6fc48b,100,0.01,1.0,295000,2.434305345439695,0.012171526727198474,9.873439917682187,6.516699795611203e-05,0.012132957999710925,44100,82.85546770899964,0.3682324580004206,107.43438633299957,0.9999965516033885,6.896781331477975e-06,1.9928894066309644,0.0026261746367988877,6.030268703272057e-07,6.03027083712071e-07,0.9026326796564144,0.9994418528612672,1e-12
success,,Be-Be_2.04_sto-6g_as-008-012,hamiltonian_generator/extended_diatomic_20q_library/Be-Be/2.04/sto-6g/Be-Be_2.04_sto-6g_as-008-012.tensors.npz,Be-Be,2.04,sto-6g,8,12,20,1580,2950,fermionic,reverse_groups,-1,-1,1580,581836,0.46643525384596884,123,"[16,17,13,18,13,16,13,16,12,22,14,15,12,10,10,10,10,12,14,11,21,14,11,14,12,12,12,10,10,10,13,8,10,11,10,11,12,9,10,10,12,10,14,12,10,10,11,12,11,14,12,20,21,14,10,9,13,11,10,11,11,11,12,10,10,8,9,16,8,10,10,9,9,9,10,10,12,11,11,12,10,9,10,11,11,10,10,9,11,11,12,9,11,12,11,10,10,11,9,12,12,10,10,10,11,10,10,15,34,28,13,10,12,22,51,55,33,18,17,12,11,4,4]","[122,121,120,119,118,117,116,115,114,113,112,111,110,109,108,107,106,105,104,103,102,101,100,99,98,97,96,95,94,93,92,91,90,89,88,87,86,85,84,83,82,81,80,79,78,77,76,75,74,73,72,71,70,69,68,67,66,65,64,63,62,61,60,59,58,57,56,55,54,53,52,51,50,49,48,47,46,45,44,43,42,41,40,39,38,37,36,35,34,33,32,31,30,29,28,27,26,25,24,23,22,21,20,19,18,17,16,15,14,13,12,11,10,9,8,7,6,5,4,3,2,1,0]",1d3000ef45e227bf,afa0ac5b1db56a4e,100,0.01,1.0,295000,1.5024643349424283,0.007512321674712141,3.7612025815452372,5.950000195298344e-05,0.01267925000138348,44100,82.85546770899964,0.3682324580004206,108.11941091599874,0.9999946500077307,1.0699955916182446e-05,1.9928382014965336,0.003271083083417509,0.0,0.0,1.4003822097052825,2.7334393318836328,1e-12
success,,Be-Be_2.04_sto-6g_as-008-012,hamiltonian_generator/extended_diatomic_20q_library/Be-Be/2.04/sto-6g/Be-Be_2.04_sto-6g_as-008-012.tensors.npz,Be-Be,2.04,sto-6g,8,12,20,1580,2950,jw,random_groups,0,3254658578,2950,1272112,0.2924546671954297,70,"[58,42,46,44,32,172,37,156,42,37,156,34,26,16,34,34,48,48,40,40,64,64,48,48,64,64,52,52,52,48,40,40,30,26,24,108,24,88,24,24,104,52,56,46,38,36,16,32,32,32,24,20,16,24,24,16,16,16,16,16,16,8,16,16,16,12,36,28,16,28]","[9,23,58,62,65,20,35,63,28,18,48,38,27,30,56,32,50,55,46,36,64,37,7,11,4,29,33,12,47,45,10,15,22,21,51,66,53,67,17,19,2,42,69,43,0,61,25,13,24,44,14,68,1,54,6,31,52,3,8,26,57,40,39,16,49,41,5,59,60,34]",890e66ece1f3ab7c,c6f8f6a02686ad96,100,0.01,1.0,295000,3.6495546303158903,0.018247773151579452,22.192085668416826,6.674999895039946e-05,0.013134000000718515,44100,82.85546770899964,0.3682324580004206,109.28909766700235,0.9999904436675416,1.9112573593216275e-05,1.9928943653150049,0.00437180339410644,3.283351264204981e-07,3.2833524588049556e-07,2.501403580658142,2.7696841536453176,1e-12
success,,Be-Be_2.04_sto-6g_as-008-012,hamiltonian_generator/extended_diatomic_20q_library/Be-Be/2.04/sto-6g/Be-Be_2.04_sto-6g_as-008-012.tensors.npz,Be-Be,2.04,sto-6g,8,12,20,1580,2950,fermionic,random_groups,0,1187415456,1580,581836,0.46643525384596884,123,"[16,17,13,18,13,16,13,16,12,22,14,15,12,10,10,10,10,12,14,11,21,14,11,14,12,12,12,10,10,10,13,8,10,11,10,11,12,9,10,10,12,10,14,12,10,10,11,12,11,14,12,20,21,14,10,9,13,11,10,11,11,11,12,10,10,8,9,16,8,10,10,9,9,9,10,10,12,11,11,12,10,9,10,11,11,10,10,9,11,11,12,9,11,12,11,10,10,11,9,12,12,10,10,10,11,10,10,15,34,28,13,10,12,22,51,55,33,18,17,12,11,4,4]","[6,110,87,69,15,59,10,98,122,38,57,14,116,105,4,102,11,46,58,111,66,22,79,26,63,88,42,9,103,32,108,53,91,71,1,77,109,121,74,68,86,12,43,100,120,83,70,75,44,49,34,96,115,90,28,92,36,16,94,80,72,23,119,67,19,89,82,18,24,54,21,78,55,20,8,37,33,97,95,48,65,101,113,5,27,99,52,3,0,51,30,17,40,107,13,73,60,85,35,29,76,114,61,39,106,50,62,112,2,93,45,117,56,104,25,64,47,41,118,7,84,31,81]",9aebc5f7ab0ad2c8,ec28a8e24effd252,100,0.01,1.0,295000,0.628058868051735,0.0031402943402586755,0.6572325838994297,6.53750030323863e-05,0.01235150000138674,44100,82.85546770899964,0.3682324580004206,109.19167287500022,0.9999990628027455,1.8743936306409026e-06,1.992882419858487,0.0013690852818354076,0.0,0.0,0.24531572979329808,0.4788376058332391,1e-12
success,,Be-Be_2.04_sto-6g_as-008-012,hamiltonian_generator/extended_diatomic_20q_library/Be-Be/2.04/sto-6g/Be-Be_2.04_sto-6g_as-008-012.tensors.npz,Be-Be,2.04,sto-6g,8,12,20,1580,2950,jw,random_groups,1,2886226909,2950,1272112,0.2924546671954297,70,"[58,42,46,44,32,172,37,156,42,37,156,34,26,16,34,34,48,48,40,40,64,64,48,48,64,64,52,52,52,48,40,40,30,26,24,108,24,88,24,24,104,52,56,46,38,36,16,32,32,32,24,20,16,24,24,16,16,16,16,16,16,8,16,16,16,12,36,28,16,28]","[28,7,13,32,68,33,21,54,25,57,15,67,5,34,37,22,14,31,41,6,29,52,24,45,49,4,19,1,9,43,23,18,11,60,3,20,48,55,2,69,38,12,0,50,51,46,42,26,39,35,47,44,65,64,17,62,30,66,36,58,56,16,59,10,40,27,63,61,8,53]",84cb7e62aebe24ce,f5eb33ba687a95fc,100,0.01,1.0,295000,1.2720812222811064,0.006360406111405532,2.6961749288295347,6.612500146729872e-05,0.012413165997713804,44100,82.85546770899964,0.3682324580004206,109.26404066599935,0.9999913253379098,1.7349248930598193e-05,1.992822201726609,0.004165251994826313,7.298239398378925e-07,7.298239590447508e-07,2.270624266536823,2.5141532931902546,1e-12
success,,Be-Be_2.04_sto-6g_as-008-012,hamiltonian_generator/extended_diatomic_20q_library/Be-Be/2.04/sto-6g/Be-Be_2.04_sto-6g_as-008-012.tensors.npz,Be-Be,2.04,sto-6g,8,12,20,1580,2950,fermionic,random_groups,1,1859980034,1580,581836,0.46643525384596884,123,"[16,17,13,18,13,16,13,16,12,22,14,15,12,10,10,10,10,12,14,11,21,14,11,14,12,12,12,10,10,10,13,8,10,11,10,11,12,9,10,10,12,10,14,12,10,10,11,12,11,14,12,20,21,14,10,9,13,11,10,11,11,11,12,10,10,8,9,16,8,10,10,9,9,9,10,10,12,11,11,12,10,9,10,11,11,10,10,9,11,11,12,9,11,12,11,10,10,11,9,12,12,10,10,10,11,10,10,15,34,28,13,10,12,22,51,55,33,18,17,12,11,4,4]","[12,77,100,36,46,20,4,13,42,121,16,30,104,49,62,94,115,53,101,8,63,39,75,50,84,24,122,6,18,47,57,5,70,98,85,21,120,119,99,71,102,112,37,26,14,93,25,45,33,29,81,82,54,34,60,52,9,97,116,88,73,74,78,79,59,48,23,72,31,40,105,109,0,65,117,114,91,3,96,56,43,41,44,10,51,15,7,118,32,107,111,110,19,64,1,103,69,67,11,80,68,113,66,55,108,61,90,92,2,106,35,58,17,76,27,28,86,87,89,95,83,22,38]",fce66b4d51e86b75,5951ac55d2aa32c2,100,0.01,1.0,295000,0.5913503690340393,0.0029567518451701965,0.5826505041541139,6.14160016993992e-05,0.012894457999209408,44100,82.85546770899964,0.3682324580004206,109.25668016700365,0.9999990967115964,1.8065759913588053e-06,1.9928749376408974,0.0013440895830493242,0.0,0.0,0.23643993476210295,0.46151273047288155,1e-12
success,,Be-Be_2.04_sto-6g_as-008-012,hamiltonian_generator/extended_diatomic_20q_library/Be-Be/2.04/sto-6g/Be-Be_2.04_sto-6g_as-008-012.tensors.npz,Be-Be,2.04,sto-6g,8,12,20,1580,2950,jw,random_groups,2,730841937,2950,1272112,0.2924546671954297,70,"[58,42,46,44,32,172,37,156,42,37,156,34,26,16,34,34,48,48,40,40,64,64,48,48,64,64,52,52,52,48,40,40,30,26,24,108,24,88,24,24,104,52,56,46,38,36,16,32,32,32,24,20,16,24,24,16,16,16,16,16,16,8,16,16,16,12,36,28,16,28]","[25,65,1,68,22,17,24,37,41,38,58,10,64,43,28,7,53,16,57,4,11,34,5,23,54,67,32,0,69,52,9,14,48,56,35,63,18,46,19,13,62,2,66,45,21,8,27,59,50,31,29,55,26,15,12,51,20,61,49,60,36,33,6,42,47,3,40,39,44,30]",e239372327616b8e,852d22b061c12222,100,0.01,1.0,295000,2.6818422034542952,0.013409211017271477,11.98353156008639,6.670800212305039e-05,0.012322082999162376,44100,82.85546770899964,0.3682324580004206,108.51082575000328,0.9999952230287431,9.553919694371693e-06,1.9928574181918182,0.0030909452460023807,1.1725052126987379e-06,1.1725054779310184e-06,1.250391990187235,1.384499049991533,1e-12
success,,Be-Be_2.04_sto-6g_as-008-012,hamiltonian_generator/extended_diatomic_20q_library/Be-Be/2.04/sto-6g/Be-Be_2.04_sto-6g_as-008-012.tensors.npz,Be-Be,2.04,sto-6g,8,12,20,1580,2950,fermionic,random_groups,2,206917096,1580,581836,0.46643525384596884,123,"[16,17,13,18,13,16,13,16,12,22,14,15,12,10,10,10,10,12,14,11,21,14,11,14,12,12,12,10,10,10,13,8,10,11,10,11,12,9,10,10,12,10,14,12,10,10,11,12,11,14,12,20,21,14,10,9,13,11,10,11,11,11,12,10,10,8,9,16,8,10,10,9,9,9,10,10,12,11,11,12,10,9,10,11,11,10,10,9,11,11,12,9,11,12,11,10,10,11,9,12,12,10,10,10,11,10,10,15,34,28,13,10,12,22,51,55,33,18,17,12,11,4,4]","[5,37,39,106,116,50,4,52,0,105,40,9,76,45,121,100,24,71,59,83,110,70,87,41,27,90,67,85,84,55,2,34,64,72,122,8,91,109,28,44,38,42,119,113,74,117,48,58,15,88,32,94,16,29,25,10,14,7,56,6,13,36,19,77,103,43,17,79,80,111,53,1,63,54,23,99,33,20,89,104,46,97,81,30,18,108,102,57,31,101,21,26,96,120,11,78,118,75,86,22,62,60,112,51,61,107,73,65,47,69,35,98,114,68,12,115,93,49,82,92,95,3,66]",bc16044cf7d888e4,ea3b51f8ad1690bd,100,0.01,1.0,295000,0.5886688184163875,0.0029433440920819376,0.5773782850486403,6.24169988441281e-05,0.013011875002121087,44100,82.85546770899964,0.3682324580004206,108.31639187499968,0.9999991448139612,1.7103713462196524e-06,1.9928764688313585,0.001307811942720955,0.0,0.0,0.2238489227430603,0.43693603473756953,1e-12
success,,Be-Be_2.04_sto-6g_as-008-012,hamiltonian_generator/extended_diatomic_20q_library/Be-Be/2.04/sto-6g/Be-Be_2.04_sto-6g_as-008-012.tensors.npz,Be-Be,2.04,sto-6g,8,12,20,1580,2950,jw,random_groups,3,2063350619,2950,1272112,0.2924546671954297,70,"[58,42,46,44,32,172,37,156,42,37,156,34,26,16,34,34,48,48,40,40,64,64,48,48,64,64,52,52,52,48,40,40,30,26,24,108,24,88,24,24,104,52,56,46,38,36,16,32,32,32,24,20,16,24,24,16,16,16,16,16,16,8,16,16,16,12,36,28,16,28]","[31,37,53,5,49,38,43,41,19,59,26,24,12,28,10,62,32,8,30,13,20,64,0,1,22,61,2,47,68,4,48,66,57,42,69,34,25,18,58,33,14,17,35,11,16,67,54,21,46,39,7,36,44,40,9,52,55,27,6,15,60,3,56,29,23,51,50,65,45,63]",a4ba662c268caee6,3f84b8b07037554e,100,0.01,1.0,295000,2.5508207641467577,0.01275410382073379,10.841222789698213,6.195800233399495e-05,0.012556624998978805,44100,82.85546770899964,0.3682324580004206,107.37941520799359,0.999990372330547,1.9255246214044952e-05,1.9928818984498253,0.004388090576322481,2.6214735704410685e-07,2.62147363705445e-07,2.5200761996470047,2.790359448635862,1e-12
success,,Be-Be_2.04_sto-6g_as-008-012,hamiltonian_generator/extended_diatomic_20q_library/Be-Be/2.04/sto-6g/Be-Be_2.04_sto-6g_as-008-012.tensors.npz,Be-Be,2.04,sto-6g,8,12,20,1580,2950,fermionic,random_groups,3,37395879,1580,581836,0.46643525384596884,123,"[16,17,13,18,13,16,13,16,12,22,14,15,12,10,10,10,10,12,14,11,21,14,11,14,12,12,12,10,10,10,13,8,10,11,10,11,12,9,10,10,12,10,14,12,10,10,11,12,11,14,12,20,21,14,10,9,13,11,10,11,11,11,12,10,10,8,9,16,8,10,10,9,9,9,10,10,12,11,11,12,10,9,10,11,11,10,10,9,11,11,12,9,11,12,11,10,10,11,9,12,12,10,10,10,11,10,10,15,34,28,13,10,12,22,51,55,33,18,17,12,11,4,4]","[57,48,103,39,60,75,104,102,61,118,108,86,1,98,33,99,14,16,10,0,112,106,22,80,90,3,77,53,50,37,35,36,26,68,29,109,122,30,74,91,21,64,73,116,46,52,119,25,18,54,97,63,24,70,49,20,67,101,43,87,6,83,84,15,44,51,96,56,78,27,93,115,38,113,47,100,32,95,55,19,71,12,88,4,105,41,13,76,11,111,94,7,120,31,85,8,34,121,2,28,40,69,81,42,114,59,17,66,79,9,110,5,45,65,72,92,82,62,23,89,117,58,107]",6aa0154f7c0890ee,cbe062a88f0d1a15,100,0.01,1.0,295000,0.6482015675144077,0.0032410078375720384,0.7000652750165689,6.416700489353389e-05,0.01278699999966193,44100,82.85546770899964,0.3682324580004206,110.2143897920032,0.999998650489403,2.6990193728870793e-06,1.9928606977170467,0.0016428698043658022,0.0,0.0,0.35324058744248443,0.6894987015981686,1e-12
success,,Be-Be_2.04_sto-6g_as-008-012,hamiltonian_generator/extended_diatomic_20q_library/Be-Be/2.04/sto-6g/Be-Be_2.04_sto-6g_as-008-012.tensors.npz,Be-Be,2.04,sto-6g,8,12,20,1580,2950,jw,random_groups,4,4157257306,2950,1272112,0.2924546671954297,70,"[58,42,46,44,32,172,37,156,42,37,156,34,26,16,34,34,48,48,40,40,64,64,48,48,64,64,52,52,52,48,40,40,30,26,24,108,24,88,24,24,104,52,56,46,38,36,16,32,32,32,24,20,16,24,24,16,16,16,16,16,16,8,16,16,16,12,36,28,16,28]","[29,54,31,6,10,56,67,40,38,41,3,51,50,43,45,11,30,28,37,44,18,24,36,21,7,65,47,5,8,33,26,0,60,13,64,19,69,23,48,35,68,9,39,16,14,66,49,1,57,52,61,12,15,63,46,34,42,32,53,4,59,55,17,20,58,22,2,25,62,27]",64aec124f2690921,3cc1810d8d717170,100,0.01,1.0,295000,2.2487073100670423,0.011243536550335212,8.425278114212027,5.3625000873580575e-05,0.012281332994461991,44100,82.85546770899964,0.3682324580004206,108.4659755419998,0.9999946586309819,1.0682709505993593e-05,1.9928506254757183,0.0032684458135590704,2.5845341000696465e-06,2.584534278593509e-06,1.3981250447039553,1.5480767722065636,1e-12
success,,Be-Be_2.04_sto-6g_as-008-012,hamiltonian_generator/extended_diatomic_20q_library/Be-Be/2.04/sto-6g/Be-Be_2.04_sto-6g_as-008-012.tensors.npz,Be-Be,2.04,sto-6g,8,12,20,1580,2950,fermionic,random_groups,4,1833062656,1580,581836,0.46643525384596884,123,"[16,17,13,18,13,16,13,16,12,22,14,15,12,10,10,10,10,12,14,11,21,14,11,14,12,12,12,10,10,10,13,8,10,11,10,11,12,9,10,10,12,10,14,12,10,10,11,12,11,14,12,20,21,14,10,9,13,11,10,11,11,11,12,10,10,8,9,16,8,10,10,9,9,9,10,10,12,11,11,12,10,9,10,11,11,10,10,9,11,11,12,9,11,12,11,10,10,11,9,12,12,10,10,10,11,10,10,15,34,28,13,10,12,22,51,55,33,18,17,12,11,4,4]","[67,72,84,102,56,11,7,76,110,96,48,39,116,16,10,97,17,69,95,100,22,0,121,62,33,32,45,77,105,50,78,71,92,49,29,12,57,28,26,46,111,117,52,112,82,5,8,9,93,59,87,55,99,79,64,47,63,14,25,109,42,31,73,51,37,44,20,122,38,113,91,80,13,114,34,68,70,24,90,89,1,88,6,65,35,94,103,115,21,104,118,74,106,120,4,54,75,43,40,101,18,119,60,85,66,3,107,30,98,27,23,41,61,2,108,81,58,86,15,53,19,83,36]",1a3d228a1de0c870,11a9db67c5f10223,100,0.01,1.0,295000,0.6492108776880499,0.003246054388440249,0.7022471059391682,6.125000072643161e-05,0.012427082998328842,44100,82.85546770899964,0.3682324580004206,107.35176533299818,0.9999983988637264,3.202269983515471e-06,1.9928586634866454,0.0017894894654988773,0.0,0.0,0.41910470946951794,0.8180604474279488,1e-12
success,,Be-Be_2.04_sto-6g_as-008-012,hamiltonian_generator/extended_diatomic_20q_library/Be-Be/2.04/sto-6g/Be-Be_2.04_sto-6g_as-008-012.tensors.npz,Be-Be,2.04,sto-6g,8,12,20,1580,2950,jw,random_groups,5,2479830531,2950,1272112,0.2924546671954297,70,"[58,42,46,44,32,172,37,156,42,37,156,34,26,16,34,34,48,48,40,40,64,64,48,48,64,64,52,52,52,48,40,40,30,26,24,108,24,88,24,24,104,52,56,46,38,36,16,32,32,32,24,20,16,24,24,16,16,16,16,16,16,8,16,16,16,12,36,28,16,28]","[17,45,23,10,7,65,36,31,35,27,6,49,28,14,47,61,57,15,16,64,29,59,13,3,37,26,18,62,44,56,2,53,42,50,38,30,24,21,4,12,40,58,54,52,41,0,46,48,39,1,9,55,66,11,20,8,5,69,67,34,22,25,63,32,51,19,33,60,43,68]",89d8f9e723f6766c,bc0662caef664b6c,100,0.01,1.0,295000,3.015398794779664,0.01507699397389832,15.149834762442369,6.325000140350312e-05,0.012960124993696809,44100,82.85546770899964,0.3682324580004206,107.76038008299656,0.9999934292828905,1.314139104469092e-05,1.992850345954123,0.0036251116147015257,7.008359740323655e-07,7.008361488924919e-07,1.7199108457945247,1.9043747486866804,1e-12
success,,Be-Be_2.04_sto-6g_as-008-012,hamiltonian_generator/extended_diatomic_20q_library/Be-Be/2.04/sto-6g/Be-Be_2.04_sto-6g_as-008-012.tensors.npz,Be-Be,2.04,sto-6g,8,12,20,1580,2950,fermionic,random_groups,5,4113447832,1580,581836,0.46643525384596884,123,"[16,17,13,18,13,16,13,16,12,22,14,15,12,10,10,10,10,12,14,11,21,14,11,14,12,12,12,10,10,10,13,8,10,11,10,11,12,9,10,10,12,10,14,12,10,10,11,12,11,14,12,20,21,14,10,9,13,11,10,11,11,11,12,10,10,8,9,16,8,10,10,9,9,9,10,10,12,11,11,12,10,9,10,11,11,10,10,9,11,11,12,9,11,12,11,10,10,11,9,12,12,10,10,10,11,10,10,15,34,28,13,10,12,22,51,55,33,18,17,12,11,4,4]","[72,81,28,32,11,85,64,8,20,52,77,54,70,66,84,68,35,44,73,51,90,67,58,94,106,103,30,91,38,108,40,45,97,31,109,57,104,6,7,117,76,17,48,62,96,47,53,111,23,101,59,107,22,33,19,16,74,71,49,55,99,29,118,116,36,14,42,69,61,114,10,78,9,93,0,75,37,46,39,1,92,34,12,88,89,80,105,112,110,119,95,27,21,60,102,82,15,50,86,65,25,5,115,100,18,56,3,113,13,120,79,87,83,4,43,122,98,2,24,63,26,41,121]",c9fbcec596f62c0c,1d8345bcbdbfe5b1,100,0.01,1.0,295000,0.6572143512403971,0.0032860717562019854,0.7196684418626733,6.341699918266386e-05,0.012070666998624802,44100,82.85546770899964,0.3682324580004206,107.51958170800208,0.9999990195428377,1.960913363352468e-06,1.992869063054845,0.0014003265064600416,0.0,0.0,0.25663920583626854,0.5009401679587688,1e-12
success,,Be-Be_2.04_sto-6g_as-008-012,hamiltonian_generator/extended_diatomic_20q_library/Be-Be/2.04/sto-6g/Be-Be_2.04_sto-6g_as-008-012.tensors.npz,Be-Be,2.04,sto-6g,8,12,20,1580,2950,jw,random_groups,6,1195444073,2950,1272112,0.2924546671954297,70,"[58,42,46,44,32,172,37,156,42,37,156,34,26,16,34,34,48,48,40,40,64,64,48,48,64,64,52,52,52,48,40,40,30,26,24,108,24,88,24,24,104,52,56,46,38,36,16,32,32,32,24,20,16,24,24,16,16,16,16,16,16,8,16,16,16,12,36,28,16,28]","[16,39,51,18,67,53,14,63,69,10,30,13,0,59,20,49,32,23,1,24,22,17,54,33,7,5,9,27,28,56,38,42,60,46,11,35,40,44,4,62,36,55,52,31,68,25,61,64,26,6,57,65,45,8,41,2,3,29,50,34,12,48,47,58,43,21,19,37,66,15]",65e673961c8b2dfd,6c2aef6afca8a1dd,100,0.01,1.0,295000,1.8140977868602022,0.009070488934301011,5.48327174066844,6.29579953965731e-05,0.012971417003427632,44100,82.85546770899964,0.3682324580004206,107.16860166699917,0.9999947212824148,1.0557407305489264e-05,1.9928952956886452,0.003249220702000839,1.4467531653794552e-06,1.4467531863626704e-06,1.3817258208382002,1.5299186985457298,1e-12
success,,Be-Be_2.04_sto-6g_as-008-012,hamiltonian_generator/extended_diatomic_20q_library/Be-Be/2.04/sto-6g/Be-Be_2.04_sto-6g_as-008-012.tensors.npz,Be-Be,2.04,sto-6g,8,12,20,1580,2950,fermionic,random_groups,6,3578059822,1580,581836,0.46643525384596884,123,"[16,17,13,18,13,16,13,16,12,22,14,15,12,10,10,10,10,12,14,11,21,14,11,14,12,12,12,10,10,10,13,8,10,11,10,11,12,9,10,10,12,10,14,12,10,10,11,12,11,14,12,20,21,14,10,9,13,11,10,11,11,11,12,10,10,8,9,16,8,10,10,9,9,9,10,10,12,11,11,12,10,9,10,11,11,10,10,9,11,11,12,9,11,12,11,10,10,11,9,12,12,10,10,10,11,10,10,15,34,28,13,10,12,22,51,55,33,18,17,12,11,4,4]","[69,106,99,105,79,7,59,55,50,42,60,95,117,75,16,39,80,122,118,40,113,62,30,100,38,116,87,4,68,5,85,36,64,54,115,19,89,96,6,63,11,26,88,34,27,51,82,83,3,109,111,24,31,86,114,15,37,73,52,28,93,120,84,20,33,18,61,98,78,119,1,17,74,9,77,25,48,46,112,49,14,2,53,70,92,101,103,56,108,43,29,44,13,21,10,0,23,32,67,121,102,58,110,72,71,12,22,41,47,76,45,94,8,57,104,107,91,35,65,97,81,90,66]",2c6574722961a88d,d6345ec7dce8959a,100,0.01,1.0,295000,0.7154217352670117,0.0035771086763350586,0.8527910678766345,6.604200461879373e-05,0.0126549589986098,44100,82.85546770899964,0.3682324580004206,106.48385762500402,0.9999990584290434,1.883141026781665e-06,1.9928676799455893,0.0013722761796718438,0.0,0.0,0.24646056609287967,0.48107223902706053,1e-12
success,,Be-Be_2.04_sto-6g_as-008-012,hamiltonian_generator/extended_diatomic_20q_library/Be-Be/2.04/sto-6g/Be-Be_2.04_sto-6g_as-008-012.tensors.npz,Be-Be,2.04,sto-6g,8,12,20,1580,2950,jw,random_groups,7,2749083311,2950,1272112,0.2924546671954297,70,"[58,42,46,44,32,172,37,156,42,37,156,34,26,16,34,34,48,48,40,40,64,64,48,48,64,64,52,52,52,48,40,40,30,26,24,108,24,88,24,24,104,52,56,46,38,36,16,32,32,32,24,20,16,24,24,16,16,16,16,16,16,8,16,16,16,12,36,28,16,28]","[24,8,5,34,12,39,62,40,26,29,61,18,31,43,16,28,54,22,17,7,51,35,32,41,64,44,65,49,20,21,14,66,4,11,69,56,19,13,45,38,48,53,58,68,59,37,2,10,57,52,55,42,3,30,27,60,67,1,46,6,23,50,63,25,33,9,15,0,47,36]",f2b6a011a2fe1061,9758691309d39478,100,0.01,1.0,295000,2.9697398049088655,0.014848699024544327,14.694512491339143,6.48339992039837e-05,0.012437999997928273,44100,82.85546770899964,0.3682324580004206,107.73950229099864,0.999989565935646,2.0868019838249374e-05,1.9928135944486751,0.00456816469798763,2.329472679196698e-07,2.3294726925193743e-07,2.731151788117614,3.024073319171935,1e-12
success,,Be-Be_2.04_sto-6g_as-008-012,hamiltonian_generator/extended_diatomic_20q_library/Be-Be/2.04/sto-6g/Be-Be_2.04_sto-6g_as-008-012.tensors.npz,Be-Be,2.04,sto-6g,8,12,20,1580,2950,fermionic,random_groups,7,3835772758,1580,581836,0.46643525384596884,123,"[16,17,13,18,13,16,13,16,12,22,14,15,12,10,10,10,10,12,14,11,21,14,11,14,12,12,12,10,10,10,13,8,10,11,10,11,12,9,10,10,12,10,14,12,10,10,11,12,11,14,12,20,21,14,10,9,13,11,10,11,11,11,12,10,10,8,9,16,8,10,10,9,9,9,10,10,12,11,11,12,10,9,10,11,11,10,10,9,11,11,12,9,11,12,11,10,10,11,9,12,12,10,10,10,11,10,10,15,34,28,13,10,12,22,51,55,33,18,17,12,11,4,4]","[11,91,70,10,52,19,82,24,55,16,74,81,108,25,110,22,29,7,30,53,85,61,39,28,21,114,104,86,73,9,122,5,33,106,15,57,58,23,41,103,54,8,6,62,80,120,20,93,99,44,113,40,88,36,78,89,35,63,31,97,45,98,17,2,0,101,79,105,32,84,1,118,83,115,3,90,4,47,87,117,66,109,121,13,46,77,27,18,67,56,42,68,51,38,12,72,59,43,26,76,107,92,60,34,48,69,102,95,100,75,96,50,112,65,116,37,94,49,64,119,111,14,71]",79912ddd11f8d095,f632d00a6363f9fe,100,0.01,1.0,295000,0.6997363543009548,0.003498681771504774,0.8158066819861494,6.258399662328884e-05,0.01212725000368664,44100,82.85546770899964,0.3682324580004206,106.56666637500166,0.9999988986786517,2.2026414837617025e-06,1.9928848588581587,0.0014841302829200532,0.0,0.0,0.28827594920776495,0.5626926795695502,1e-12
success,,Be-Be_2.04_sto-6g_as-008-012,hamiltonian_generator/extended_diatomic_20q_library/Be-Be/2.04/sto-6g/Be-Be_2.04_sto-6g_as-008-012.tensors.npz,Be-Be,2.04,sto-6g,8,12,20,1580,2950,jw,random_groups,8,432512184,2950,1272112,0.2924546671954297,70,"[58,42,46,44,32,172,37,156,42,37,156,34,26,16,34,34,48,48,40,40,64,64,48,48,64,64,52,52,52,48,40,40,30,26,24,108,24,88,24,24,104,52,56,46,38,36,16,32,32,32,24,20,16,24,24,16,16,16,16,16,16,8,16,16,16,12,36,28,16,28]","[1,39,12,43,48,38,65,58,34,49,7,69,51,59,28,2,53,60,3,23,50,21,29,57,47,66,56,63,36,16,41,33,18,32,42,5,30,15,44,8,10,46,40,11,17,45,52,67,26,25,35,64,27,54,14,37,31,4,62,9,6,55,68,0,61,19,24,13,20,22]",5b3597b9e3e707c8,b370541865fcd236,100,0.01,1.0,295000,1.7068176494506615,0.008534088247253307,4.8539202026643045,6.25000029685907e-05,0.012845124998420943,44100,82.85546770899964,0.3682324580004206,106.30021679199854,0.9999957221768896,8.555627921014164e-06,1.9928786101331653,0.0029250036274883966,2.1852182563453226e-06,2.185218265227107e-06,1.1197381771756576,1.2398323523384127,1e-12
success,,Be-Be_2.04_sto-6g_as-008-012,hamiltonian_generator/extended_diatomic_20q_library/Be-Be/2.04/sto-6g/Be-Be_2.04_sto-6g_as-008-012.tensors.npz,Be-Be,2.04,sto-6g,8,12,20,1580,2950,fermionic,random_groups,8,1485046577,1580,581836,0.46643525384596884,123,"[16,17,13,18,13,16,13,16,12,22,14,15,12,10,10,10,10,12,14,11,21,14,11,14,12,12,12,10,10,10,13,8,10,11,10,11,12,9,10,10,12,10,14,12,10,10,11,12,11,14,12,20,21,14,10,9,13,11,10,11,11,11,12,10,10,8,9,16,8,10,10,9,9,9,10,10,12,11,11,12,10,9,10,11,11,10,10,9,11,11,12,9,11,12,11,10,10,11,9,12,12,10,10,10,11,10,10,15,34,28,13,10,12,22,51,55,33,18,17,12,11,4,4]","[120,61,105,60,94,95,110,92,50,112,122,115,84,64,71,78,104,55,44,16,85,76,83,91,101,86,72,57,32,79,34,114,17,77,2,54,58,117,98,12,5,96,42,108,100,27,109,37,118,28,52,47,70,80,81,18,3,15,53,19,66,87,68,38,1,29,13,22,59,67,93,33,20,14,88,111,51,11,65,49,7,40,4,43,75,46,25,41,31,26,0,39,62,21,74,63,119,45,116,113,106,8,56,9,10,102,82,107,121,23,89,35,73,30,36,24,99,69,90,103,97,48,6]",d6aa0857ece87d35,9b8a8a4edfaa17b3,100,0.01,1.0,295000,1.2455899218921678,0.0062279496094608386,2.5850476546414924,5.100000271340832e-05,0.01238579200435197,44100,82.85546770899964,0.3682324580004206,106.24692225000035,0.9999969221099759,6.15577057472283e-06,1.992854684468368,0.0024810844500227874,0.0,0.0,0.8056511323408078,1.5725696011094095,1e-12
success,,Be-Be_2.04_sto-6g_as-008-012,hamiltonian_generator/extended_diatomic_20q_library/Be-Be/2.04/sto-6g/Be-Be_2.04_sto-6g_as-008-012.tensors.npz,Be-Be,2.04,sto-6g,8,12,20,1580,2950,jw,random_groups,9,3378743344,2950,1272112,0.2924546671954297,70,"[58,42,46,44,32,172,37,156,42,37,156,34,26,16,34,34,48,48,40,40,64,64,48,48,64,64,52,52,52,48,40,40,30,26,24,108,24,88,24,24,104,52,56,46,38,36,16,32,32,32,24,20,16,24,24,16,16,16,16,16,16,8,16,16,16,12,36,28,16,28]","[44,19,69,60,23,2,46,54,51,22,47,64,45,11,38,41,20,53,32,6,21,3,30,57,43,49,5,42,7,62,52,26,0,65,28,59,13,25,56,29,66,33,4,40,16,61,39,18,31,58,12,24,1,9,27,10,36,37,48,8,63,34,15,50,68,17,67,55,35,14]",09c0b9e9bdaae8d4,07d1b85cfdb71f71,100,0.01,1.0,295000,2.1294798732031373,0.010647399366015687,7.555539173413167,5.67499955650419e-05,0.012264667006093077,44100,82.85546770899964,0.3682324580004206,106.8714101250007,0.9999958353886942,8.32920526760983e-06,1.9928718417236717,0.0028860392602362396,2.4550999342398683e-06,2.455100192144677e-06,1.0901045732444348,1.2070204846900445,1e-12
success,,Be-Be_2.04_sto-6g_as-008-012,hamiltonian_generator/extended_diatomic_20q_library/Be-Be/2.04/sto-6g/Be-Be_2.04_sto-6g_as-008-012.tensors.npz,Be-Be,2.04,sto-6g,8,12,20,1580,2950,fermionic,random_groups,9,832073125,1580,581836,0.46643525384596884,123,"[16,17,13,18,13,16,13,16,12,22,14,15,12,10,10,10,10,12,14,11,21,14,11,14,12,12,12,10,10,10,13,8,10,11,10,11,12,9,10,10,12,10,14,12,10,10,11,12,11,14,12,20,21,14,10,9,13,11,10,11,11,11,12,10,10,8,9,16,8,10,10,9,9,9,10,10,12,11,11,12,10,9,10,11,11,10,10,9,11,11,12,9,11,12,11,10,10,11,9,12,12,10,10,10,11,10,10,15,34,28,13,10,12,22,51,55,33,18,17,12,11,4,4]","[49,80,39,47,14,119,29,7,37,79,104,11,1,87,110,48,51,116,31,16,57,93,82,54,101,107,115,45,74,36,60,92,76,27,117,53,65,26,9,84,33,85,64,122,97,62,52,113,112,75,77,90,70,42,32,20,25,8,55,41,91,24,68,6,102,10,78,89,83,5,58,18,21,86,118,50,19,43,30,13,61,38,72,0,46,95,63,69,99,4,35,71,2,40,23,108,121,100,15,56,96,28,44,81,98,34,73,22,17,109,67,59,88,12,3,66,105,120,94,106,103,114,111]",a236a5cbc79fd796,4b151717a64e0d2c,100,0.01,1.0,295000,1.0863822661842313,0.005431911330921156,1.9664536645555968,6.408299668692052e-05,0.012361875000351574,44100,82.85546770899964,0.3682324580004206,106.24334975000238,0.9999981228993507,3.754197774985535e-06,1.9928706316943814,0.0019375761400523975,0.0,0.0,0.49133957345130946,0.9590573959557708,1e-12
success,,Be-Be_2.04_sto-6g_as-008-012,hamiltonian_generator/extended_diatomic_20q_library/Be-Be/2.04/sto-6g/Be-Be_2.04_sto-6g_as-008-012.tensors.npz,Be-Be,2.04,sto-6g,8,12,20,1580,2950,jw,random_groups,10,3022715238,2950,1272112,0.2924546671954297,70,"[58,42,46,44,32,172,37,156,42,37,156,34,26,16,34,34,48,48,40,40,64,64,48,48,64,64,52,52,52,48,40,40,30,26,24,108,24,88,24,24,104,52,56,46,38,36,16,32,32,32,24,20,16,24,24,16,16,16,16,16,16,8,16,16,16,12,36,28,16,28]","[23,59,54,62,7,24,12,17,28,3,44,13,68,18,27,20,15,4,34,49,14,57,46,69,1,65,66,21,56,60,40,8,9,29,32,47,39,43,48,2,6,42,61,64,45,55,10,52,36,0,22,30,63,11,19,50,37,38,41,31,33,67,51,58,35,5,26,16,25,53]",0b8c55911cdfc619,cd127f147d5ca497,100,0.01,1.0,295000,2.2441068086651,0.0112205340433255,8.390839790775026,6.916699931025505e-05,0.013172957995266188,44100,82.85546770899964,0.3682324580004206,106.52857504199346,0.9999941656441274,1.1668677705634067e-05,1.9928794107162164,0.0034159496110589874,9.011344956899592e-07,9.011345043496988e-07,1.5271659806599127,1.6909576084907827,1e-12
success,,Be-Be_2.04_sto-6g_as-008-012,hamiltonian_generator/extended_diatomic_20q_library/Be-Be/2.04/sto-6g/Be-Be_2.04_sto-6g_as-008-012.tensors.npz,Be-Be,2.04,sto-6g,8,12,20,1580,2950,fermionic,random_groups,10,2574259014,1580,581836,0.46643525384596884,123,"[16,17,13,18,13,16,13,16,12,22,14,15,12,10,10,10,10,12,14,11,21,14,11,14,12,12,12,10,10,10,13,8,10,11,10,11,12,9,10,10,12,10,14,12,10,10,11,12,11,14,12,20,21,14,10,9,13,11,10,11,11,11,12,10,10,8,9,16,8,10,10,9,9,9,10,10,12,11,11,12,10,9,10,11,11,10,10,9,11,11,12,9,11,12,11,10,10,11,9,12,12,10,10,10,11,10,10,15,34,28,13,10,12,22,51,55,33,18,17,12,11,4,4]","[46,92,0,10,71,3,66,2,122,69,115,49,55,7,104,105,93,101,99,109,111,98,100,76,43,79,5,22,38,56,50,68,73,28,108,118,47,18,110,54,44,112,30,6,74,21,103,14,36,70,121,24,17,20,82,35,88,114,19,12,107,29,113,57,32,31,78,26,72,94,87,102,33,95,48,89,62,11,85,45,80,39,60,15,58,9,117,1,81,25,77,41,65,27,91,8,119,86,40,106,97,116,83,16,52,13,34,96,64,42,120,90,51,53,59,75,23,63,61,67,4,37,84]",e1c02b8fe7faff18,9e852f26131920df,100,0.01,1.0,295000,0.8741967169956778,0.004370983584978389,1.2733175489755686,6.68339998810552e-05,0.012339041000814177,44100,82.85546770899964,0.3682324580004206,105.90916166600073,0.9999974156894526,5.168614416239947e-06,1.9928389601535788,0.0022734601590741754,0.0,0.0,0.6764547194425338,1.3203880508819597,1e-12
success,,Be-Be_2.04_sto-6g_as-008-012,hamiltonian_generator/extended_diatomic_20q_library/Be-Be/2.04/sto-6g/Be-Be_2.04_sto-6g_as-008-012.tensors.npz,Be-Be,2.04,sto-6g,8,12,20,1580,2950,jw,random_groups,11,1919849586,2950,1272112,0.2924546671954297,70,"[58,42,46,44,32,172,37,156,42,37,156,34,26,16,34,34,48,48,40,40,64,64,48,48,64,64,52,52,52,48,40,40,30,26,24,108,24,88,24,24,104,52,56,46,38,36,16,32,32,32,24,20,16,24,24,16,16,16,16,16,16,8,16,16,16,12,36,28,16,28]","[59,12,41,10,16,63,36,0,29,4,17,47,21,15,28,35,60,50,25,8,45,32,43,39,27,40,61,56,51,9,33,65,22,31,53,37,19,44,23,67,24,46,2,48,1,11,3,57,13,49,69,52,68,42,7,30,38,34,18,66,62,55,58,6,54,64,5,20,26,14]",4cf3820d674d7316,7309103a08f65108,100,0.01,1.0,295000,2.9814112746012587,0.014907056373006293,14.810242211912463,6.437499541789293e-05,0.012063166999723762,44100,82.85546770899964,0.3682324580004206,106.36201762500423,0.9999870637211082,2.5872390436165738e-05,1.9929297946189057,0.005086507424896176,7.500004522986714e-07,7.500004772786895e-07,3.386110706732916,3.749277901193117,1e-12
success,,Be-Be_2.04_sto-6g_as-008-012,hamiltonian_generator/extended_diatomic_20q_library/Be-Be/2.04/sto-6g/Be-Be_2.04_sto-6g_as-008-012.tensors.npz,Be-Be,2.04,sto-6g,8,12,20,1580,2950,fermionic,random_groups,11,9640577,1580,581836,0.46643525384596884,123,"[16,17,13,18,13,16,13,16,12,22,14,15,12,10,10,10,10,12,14,11,21,14,11,14,12,12,12,10,10,10,13,8,10,11,10,11,12,9,10,10,12,10,14,12,10,10,11,12,11,14,12,20,21,14,10,9,13,11,10,11,11,11,12,10,10,8,9,16,8,10,10,9,9,9,10,10,12,11,11,12,10,9,10,11,11,10,10,9,11,11,12,9,11,12,11,10,10,11,9,12,12,10,10,10,11,10,10,15,34,28,13,10,12,22,51,55,33,18,17,12,11,4,4]","[111,2,117,1,85,109,57,81,72,71,79,69,42,15,4,112,103,68,101,11,30,52,99,46,3,64,29,49,107,120,39,94,56,102,114,67,24,47,78,33,89,83,65,95,50,93,61,40,84,35,23,97,86,62,18,59,21,19,13,12,0,27,77,116,58,38,108,122,66,7,73,10,26,41,36,53,32,75,51,20,6,25,88,28,44,87,76,106,90,105,34,60,22,55,63,80,8,92,96,74,98,17,100,45,121,113,16,31,9,104,82,91,115,118,48,70,14,119,37,5,54,43,110]",ab001ccb16bf7226,ee94e68bc479a202,100,0.01,1.0,295000,0.5950140639472163,0.0029750703197360816,0.589892458820595,5.308300023898482e-05,0.012346249997790437,44100,82.85546770899964,0.3682324580004206,108.71485958399717,0.9999993156695025,1.3686605266904905e-06,1.9928746568267275,0.001169897856644999,0.0,0.0,0.17912670554133,0.3496416756254386,1e-12
success,,Be-Be_2.04_sto-6g_as-008-012,hamiltonian_generator/extended_diatomic_20q_library/Be-Be/2.04/sto-6g/Be-Be_2.04_sto-6g_as-008-012.tensors.npz,Be-Be,2.04,sto-6g,8,12,20,1580,2950,jw,random_groups,12,3002488163,2950,1272112,0.2924546671954297,70,"[58,42,46,44,32,172,37,156,42,37,156,34,26,16,34,34,48,48,40,40,64,64,48,48,64,64,52,52,52,48,40,40,30,26,24,108,24,88,24,24,104,52,56,46,38,36,16,32,32,32,24,20,16,24,24,16,16,16,16,16,16,8,16,16,16,12,36,28,16,28]","[32,37,2,16,60,42,4,21,69,58,52,27,36,56,55,43,57,13,48,62,29,5,23,10,49,54,24,68,31,34,26,67,20,63,46,28,59,33,22,65,8,7,47,6,44,12,18,15,40,45,25,35,53,38,14,50,17,0,1,51,19,64,11,9,3,39,30,41,66,61]",15656cd4023e79b3,b3fd618493381d52,100,0.01,1.0,295000,2.6875485127137604,0.013437742563568802,12.034581906660511,6.500000017695129e-05,0.012433707997843158,44100,82.85546770899964,0.3682324580004206,107.89437975000328,0.9999934467284017,1.3106500251214293e-05,1.9928497137372227,0.0036202960095174904,1.002913971426267e-06,1.0029142474277108e-06,1.7153444301148795,1.8993185757265603,1e-12
success,,Be-Be_2.04_sto-6g_as-008-012,hamiltonian_generator/extended_diatomic_20q_library/Be-Be/2.04/sto-6g/Be-Be_2.04_sto-6g_as-008-012.tensors.npz,Be-Be,2.04,sto-6g,8,12,20,1580,2950,fermionic,random_groups,12,3563514761,1580,581836,0.46643525384596884,123,"[16,17,13,18,13,16,13,16,12,22,14,15,12,10,10,10,10,12,14,11,21,14,11,14,12,12,12,10,10,10,13,8,10,11,10,11,12,9,10,10,12,10,14,12,10,10,11,12,11,14,12,20,21,14,10,9,13,11,10,11,11,11,12,10,10,8,9,16,8,10,10,9,9,9,10,10,12,11,11,12,10,9,10,11,11,10,10,9,11,11,12,9,11,12,11,10,10,11,9,12,12,10,10,10,11,10,10,15,34,28,13,10,12,22,51,55,33,18,17,12,11,4,4]","[77,10,82,20,41,109,47,48,88,118,65,49,92,91,116,122,112,29,69,44,50,21,70,9,93,3,110,33,25,103,16,73,121,117,11,31,59,115,113,63,86,0,60,66,90,35,6,13,52,79,104,62,37,107,71,98,55,97,43,27,39,96,108,46,89,114,26,78,40,1,57,120,53,105,64,17,76,23,95,15,4,100,61,32,111,74,42,7,80,68,58,14,106,84,2,72,51,19,18,12,99,102,30,94,81,22,67,85,36,119,8,87,34,45,24,83,56,5,38,101,28,75,54]",e1972a9abaf5169a,9df8866b95264694,100,0.01,1.0,295000,0.7197145236176178,0.003598572618088089,0.8630558797919176,6.09580019954592e-05,0.01249029199971119,44100,82.85546770899964,0.3682324580004206,105.74515566699847,0.9999987146650393,2.570668269252785e-06,1.9928707939882058,0.0016033308833100135,0.0,0.0,0.3364423311194216,0.656709785670576,1e-12
success,,Be-Be_2.04_sto-6g_as-008-012,hamiltonian_generator/extended_diatomic_20q_library/Be-Be/2.04/sto-6g/Be-Be_2.04_sto-6g_as-008-012.tensors.npz,Be-Be,2.04,sto-6g,8,12,20,1580,2950,jw,random_groups,13,2314392105,2950,1272112,0.2924546671954297,70,"[58,42,46,44,32,172,37,156,42,37,156,34,26,16,34,34,48,48,40,40,64,64,48,48,64,64,52,52,52,48,40,40,30,26,24,108,24,88,24,24,104,52,56,46,38,36,16,32,32,32,24,20,16,24,24,16,16,16,16,16,16,8,16,16,16,12,36,28,16,28]","[9,61,0,56,3,35,51,54,49,13,14,12,34,41,27,38,32,59,30,58,52,26,6,8,44,62,50,43,15,46,18,2,17,64,65,28,25,37,29,60,66,31,42,47,16,40,5,63,36,22,21,7,55,39,57,20,69,33,4,10,53,23,1,68,19,48,45,24,11,67]",553f2f62ea8fadcb,fd6d25d3467aa263,100,0.01,1.0,295000,3.5138054534313583,0.01756902726715679,20.571871708642703,6.316600047284737e-05,0.01235587499832036,44100,82.85546770899964,0.3682324580004206,106.20927824999671,0.9999909743857565,1.8051147025355263e-05,1.9928903116285348,0.0042486737327172485,9.808319004767085e-07,9.80832023267375e-07,2.3624868510767527,2.615868324975011,1e-12
success,,Be-Be_2.04_sto-6g_as-008-012,hamiltonian_generator/extended_diatomic_20q_library/Be-Be/2.04/sto-6g/Be-Be_2.04_sto-6g_as-008-012.tensors.npz,Be-Be,2.04,sto-6g,8,12,20,1580,2950,fermionic,random_groups,13,1048599241,1580,581836,0.46643525384596884,123,"[16,17,13,18,13,16,13,16,12,22,14,15,12,10,10,10,10,12,14,11,21,14,11,14,12,12,12,10,10,10,13,8,10,11,10,11,12,9,10,10,12,10,14,12,10,10,11,12,11,14,12,20,21,14,10,9,13,11,10,11,11,11,12,10,10,8,9,16,8,10,10,9,9,9,10,10,12,11,11,12,10,9,10,11,11,10,10,9,11,11,12,9,11,12,11,10,10,11,9,12,12,10,10,10,11,10,10,15,34,28,13,10,12,22,51,55,33,18,17,12,11,4,4]","[37,58,16,101,44,30,33,34,76,115,68,116,120,112,99,47,49,40,91,9,96,1,64,107,29,106,81,67,102,111,121,48,38,51,78,27,103,74,11,90,18,69,24,86,85,19,77,83,82,41,88,114,23,25,28,113,70,50,13,63,95,108,72,52,118,110,89,65,14,26,104,31,75,10,5,93,42,98,7,8,3,2,53,57,105,73,21,94,92,56,32,22,117,20,97,66,54,12,119,55,79,15,84,71,80,4,46,17,39,60,43,36,6,109,122,61,0,45,35,62,87,59,100]",205b5f5068367c5a,12ae2db49e3f307c,100,0.01,1.0,295000,0.7013736124575844,0.0035068680622879224,0.8196288323422517,6.479200237663463e-05,0.0124377079991973,44100,82.85546770899964,0.3682324580004206,105.53195362500264,0.9999980579813932,3.884033442203005e-06,1.992897040873556,0.0019707960862632695,0.0,0.0,0.5083321255684242,0.9922255624635268,1e-12
success,,Be-Be_2.04_sto-6g_as-008-012,hamiltonian_generator/extended_diatomic_20q_library/Be-Be/2.04/sto-6g/Be-Be_2.04_sto-6g_as-008-012.tensors.npz,Be-Be,2.04,sto-6g,8,12,20,1580,2950,jw,random_groups,14,1511997294,2950,1272112,0.2924546671954297,70,"[58,42,46,44,32,172,37,156,42,37,156,34,26,16,34,34,48,48,40,40,64,64,48,48,64,64,52,52,52,48,40,40,30,26,24,108,24,88,24,24,104,52,56,46,38,36,16,32,32,32,24,20,16,24,24,16,16,16,16,16,16,8,16,16,16,12,36,28,16,28]","[40,46,64,58,11,39,61,19,29,41,55,37,13,66,3,26,27,69,21,62,53,15,25,22,4,23,24,10,30,54,44,1,34,48,2,8,14,52,59,67,47,12,50,31,43,32,5,16,60,63,33,35,18,49,57,6,42,28,7,17,45,68,0,51,36,38,9,20,65,56]",9a65f6e89d891e2c,a2b32281a243cdcc,100,0.01,1.0,295000,2.002328803938142,0.010011644019690711,6.6801954897677085,6.17500045336783e-05,0.011946833001275081,44100,82.85546770899964,0.3682324580004206,105.38183179200132,0.9999956350788026,8.729823342212839e-06,1.9928637354272067,0.0029546306697707863,1.253924712174559e-06,1.253924717725674e-06,1.1425364177263324,1.2650757501141465,1e-12
success,,Be-Be_2.04_sto-6g_as-008-012,hamiltonian_generator/extended_diatomic_20q_library/Be-Be/2.04/sto-6g/Be-Be_2.04_sto-6g_as-008-012.tensors.npz,Be-Be,2.04,sto-6g,8,12,20,1580,2950,fermionic,random_groups,14,603156976,1580,581836,0.46643525384596884,123,"[16,17,13,18,13,16,13,16,12,22,14,15,12,10,10,10,10,12,14,11,21,14,11,14,12,12,12,10,10,10,13,8,10,11,10,11,12,9,10,10,12,10,14,12,10,10,11,12,11,14,12,20,21,14,10,9,13,11,10,11,11,11,12,10,10,8,9,16,8,10,10,9,9,9,10,10,12,11,11,12,10,9,10,11,11,10,10,9,11,11,12,9,11,12,11,10,10,11,9,12,12,10,10,10,11,10,10,15,34,28,13,10,12,22,51,55,33,18,17,12,11,4,4]","[34,43,9,14,46,96,62,18,70,111,113,44,87,89,63,32,82,25,112,6,98,16,17,65,73,72,28,36,69,33,49,75,58,35,38,31,90,97,79,91,23,10,66,48,51,11,108,76,77,12,24,20,41,7,92,42,117,115,30,120,60,29,110,122,54,2,15,59,109,88,8,71,56,107,104,50,47,19,94,27,105,100,4,22,45,0,55,67,116,68,95,40,106,5,57,37,85,3,1,103,121,53,118,74,78,86,52,99,83,84,80,101,13,26,119,61,21,102,64,39,93,81,114]",a49877da1883982e,751b699a397d4bf2,100,0.01,1.0,295000,0.7672757392518574,0.0038363786962592873,0.9808922763491167,5.891600449103862e-05,0.012082082997949328,44100,82.85546770899964,0.3682324580004206,105.69148349999887,0.9999988398544476,2.3202897588836535e-06,1.99285918590953,0.0015232501780098457,0.0,0.0,0.3036734473632596,0.5927474223241673,1e-12
success,,Be-Be_2.04_sto-6g_as-008-012,hamiltonian_generator/extended_diatomic_20q_library/Be-Be/2.04/sto-6g/Be-Be_2.04_sto-6g_as-008-012.tensors.npz,Be-Be,2.04,sto-6g,8,12,20,1580,2950,jw,random_groups,15,1417518457,2950,1272112,0.2924546671954297,70,"[58,42,46,44,32,172,37,156,42,37,156,34,26,16,34,34,48,48,40,40,64,64,48,48,64,64,52,52,52,48,40,40,30,26,24,108,24,88,24,24,104,52,56,46,38,36,16,32,32,32,24,20,16,24,24,16,16,16,16,16,16,8,16,16,16,12,36,28,16,28]","[4,63,52,20,39,22,66,40,7,1,21,48,32,50,54,38,43,0,68,55,34,29,12,47,13,9,57,42,33,8,41,17,44,2,56,65,11,24,14,58,62,67,51,26,6,61,31,15,64,25,37,19,60,36,10,30,16,59,69,45,3,18,23,46,5,53,49,35,28,27]",4987a90abddfd4e4,57a5aa55fcf5e5ad,100,0.01,1.0,295000,1.8455304243884136,0.009227652121942069,5.674933810284887,6.474999827332795e-05,0.011911875000805594,44100,82.85546770899964,0.3682324580004206,105.49256220799725,0.9999900668547178,1.9866191896977803e-05,1.9929121964061816,0.004457161716202967,8.17242453599043e-07,8.172424820207524e-07,2.600035170709818,2.8788941804188037,1e-12
success,,Be-Be_2.04_sto-6g_as-008-012,hamiltonian_generator/extended_diatomic_20q_library/Be-Be/2.04/sto-6g/Be-Be_2.04_sto-6g_as-008-012.tensors.npz,Be-Be,2.04,sto-6g,8,12,20,1580,2950,fermionic,random_groups,15,2656201148,1580,581836,0.46643525384596884,123,"[16,17,13,18,13,16,13,16,12,22,14,15,12,10,10,10,10,12,14,11,21,14,11,14,12,12,12,10,10,10,13,8,10,11,10,11,12,9,10,10,12,10,14,12,10,10,11,12,11,14,12,20,21,14,10,9,13,11,10,11,11,11,12,10,10,8,9,16,8,10,10,9,9,9,10,10,12,11,11,12,10,9,10,11,11,10,10,9,11,11,12,9,11,12,11,10,10,11,9,12,12,10,10,10,11,10,10,15,34,28,13,10,12,22,51,55,33,18,17,12,11,4,4]","[20,25,43,66,86,24,17,35,26,4,59,82,57,102,80,79,39,30,113,22,75,117,10,32,40,50,118,119,0,78,99,16,60,51,55,54,8,100,33,67,103,64,84,85,62,42,63,61,76,121,5,90,115,101,38,48,11,7,122,81,112,9,15,36,114,13,34,89,120,106,97,3,27,23,2,53,94,21,71,69,12,111,110,83,73,116,49,46,93,45,65,91,56,19,41,87,47,92,104,88,6,108,98,109,29,37,96,44,74,1,68,72,95,28,31,58,107,70,77,18,105,52,14]",72324cb8fa57ee21,848ebc9c9e5e53b3,100,0.01,1.0,295000,0.6372427473679169,0.0031862137368395844,0.6765940666162853,6.183299410622567e-05,0.011953957997320686,44100,82.85546770899964,0.3682324580004206,106.1834877500005,0.9999991606793573,1.6786405808710825e-06,1.9928617072300827,0.0012956238980921862,0.0,0.0,0.21969608326946333,0.4288300086273707,1e-12
success,,Be-Be_2.04_sto-6g_as-008-012,hamiltonian_generator/extended_diatomic_20q_library/Be-Be/2.04/sto-6g/Be-Be_2.04_sto-6g_as-008-012.tensors.npz,Be-Be,2.04,sto-6g,8,12,20,1580,2950,jw,random_groups,16,3652111456,2950,1272112,0.2924546671954297,70,"[58,42,46,44,32,172,37,156,42,37,156,34,26,16,34,34,48,48,40,40,64,64,48,48,64,64,52,52,52,48,40,40,30,26,24,108,24,88,24,24,104,52,56,46,38,36,16,32,32,32,24,20,16,24,24,16,16,16,16,16,16,8,16,16,16,12,36,28,16,28]","[37,62,27,61,30,6,11,68,47,55,56,57,36,4,69,20,42,22,24,66,32,49,7,41,9,58,23,63,17,10,43,65,38,40,67,8,51,3,44,12,5,25,31,34,54,48,29,52,18,14,16,59,39,28,21,53,19,60,0,45,2,64,26,46,13,1,33,15,35,50]",2af700222996b256,05c0b3077bcadea8,100,0.01,1.0,295000,2.6089273807750124,0.013044636903875062,11.340765325776546,6.770899926777929e-05,0.011681416995998006,44100,82.85546770899964,0.3682324580004206,107.29072350000206,0.999987820290574,2.4359270506701947e-05,1.9928254709708364,0.00493552619809053,3.4631799485929093e-06,3.463180595519866e-06,3.188077532860962,3.530005270494745,1e-12
success,,Be-Be_2.04_sto-6g_as-008-012,hamiltonian_generator/extended_diatomic_20q_library/Be-Be/2.04/sto-6g/Be-Be_2.04_sto-6g_as-008-012.tensors.npz,Be-Be,2.04,sto-6g,8,12,20,1580,2950,fermionic,random_groups,16,292815404,1580,581836,0.46643525384596884,123,"[16,17,13,18,13,16,13,16,12,22,14,15,12,10,10,10,10,12,14,11,21,14,11,14,12,12,12,10,10,10,13,8,10,11,10,11,12,9,10,10,12,10,14,12,10,10,11,12,11,14,12,20,21,14,10,9,13,11,10,11,11,11,12,10,10,8,9,16,8,10,10,9,9,9,10,10,12,11,11,12,10,9,10,11,11,10,10,9,11,11,12,9,11,12,11,10,10,11,9,12,12,10,10,10,11,10,10,15,34,28,13,10,12,22,51,55,33,18,17,12,11,4,4]","[12,63,10,34,109,58,7,11,99,1,103,32,95,74,69,64,67,42,108,101,77,53,23,43,65,98,51,75,5,30,38,118,60,57,52,114,71,13,16,62,111,82,46,97,66,121,80,2,40,20,84,107,18,3,47,54,76,24,37,8,105,49,17,19,122,85,94,115,36,31,119,117,45,96,48,27,72,70,9,22,61,59,92,15,81,21,78,79,116,28,120,88,73,44,33,93,102,90,0,35,113,50,89,41,112,106,87,6,29,14,91,110,56,26,39,86,25,4,68,55,104,83,100]",7cc568c781cb7b2e,5460dc2d271c099a,100,0.01,1.0,295000,0.5215231784852754,0.002607615892426377,0.4531746542073694,6.183300138218328e-05,0.011808374998508953,44100,82.85546770899964,0.3682324580004206,107.15261429100065,0.9999991558155503,1.6883681867030376e-06,1.9928774929750068,0.0012993725021544812,0.0,0.0,0.22096920684649535,0.4313150488083225,1e-12
success,,Be-Be_2.04_sto-6g_as-008-012,hamiltonian_generator/extended_diatomic_20q_library/Be-Be/2.04/sto-6g/Be-Be_2.04_sto-6g_as-008-012.tensors.npz,Be-Be,2.04,sto-6g,8,12,20,1580,2950,jw,random_groups,17,1106263217,2950,1272112,0.2924546671954297,70,"[58,42,46,44,32,172,37,156,42,37,156,34,26,16,34,34,48,48,40,40,64,64,48,48,64,64,52,52,52,48,40,40,30,26,24,108,24,88,24,24,104,52,56,46,38,36,16,32,32,32,24,20,16,24,24,16,16,16,16,16,16,8,16,16,16,12,36,28,16,28]","[49,47,11,8,42,24,7,9,69,27,35,19,64,60,6,34,53,32,33,41,37,56,51,18,63,17,20,1,38,44,68,22,2,26,65,10,58,3,13,43,16,31,0,30,40,4,50,57,21,66,39,59,29,28,15,25,54,48,36,45,5,12,62,61,23,14,52,67,46,55]",b0763e6329b8dade,33faf4f414f9d143,100,0.01,1.0,295000,1.9084619443756372,0.009542309721878186,6.068556377121892,5.816599878016859e-05,0.011781667002651375,44100,82.85546770899964,0.3682324580004206,108.34778466600255,0.9999939689137438,1.2062136138357715e-05,1.992907801535027,0.0034730638508919795,1.0343089862363541e-07,1.0343090206532679e-07,1.5786607899620153,1.7479753398244429,1e-12
success,,Be-Be_2.04_sto-6g_as-008-012,hamiltonian_generator/extended_diatomic_20q_library/Be-Be/2.04/sto-6g/Be-Be_2.04_sto-6g_as-008-012.tensors.npz,Be-Be,2.04,sto-6g,8,12,20,1580,2950,fermionic,random_groups,17,2178110212,1580,581836,0.46643525384596884,123,"[16,17,13,18,13,16,13,16,12,22,14,15,12,10,10,10,10,12,14,11,21,14,11,14,12,12,12,10,10,10,13,8,10,11,10,11,12,9,10,10,12,10,14,12,10,10,11,12,11,14,12,20,21,14,10,9,13,11,10,11,11,11,12,10,10,8,9,16,8,10,10,9,9,9,10,10,12,11,11,12,10,9,10,11,11,10,10,9,11,11,12,9,11,12,11,10,10,11,9,12,12,10,10,10,11,10,10,15,34,28,13,10,12,22,51,55,33,18,17,12,11,4,4]","[110,23,33,5,72,45,63,62,104,40,69,0,57,36,83,118,4,101,6,90,116,121,71,55,9,80,47,25,102,43,38,115,15,56,75,8,46,105,44,97,91,117,94,48,98,99,34,28,61,58,59,109,74,49,79,1,7,106,89,82,86,77,70,20,18,11,93,21,68,64,76,114,107,52,53,96,87,12,85,112,122,32,78,50,42,29,37,51,65,16,54,88,19,3,95,22,41,14,84,100,66,113,26,60,81,27,73,39,30,108,92,31,35,120,13,10,24,67,119,2,103,17,111]",6432c2e8a3d6fee0,dd197d6e26942fe4,100,0.01,1.0,295000,0.7934976513247524,0.003967488256623762,1.049082574799526,6.258399662328884e-05,0.012281750001420733,44100,82.85546770899964,0.3682324580004206,107.5869232499972,0.9999987480940227,2.503810387355365e-06,1.9928625382791376,0.0015823438168290761,0.0,0.0,0.3276921466213599,0.6396300924964718,1e-12
success,,Be-Be_2.04_sto-6g_as-008-012,hamiltonian_generator/extended_diatomic_20q_library/Be-Be/2.04/sto-6g/Be-Be_2.04_sto-6g_as-008-012.tensors.npz,Be-Be,2.04,sto-6g,8,12,20,1580,2950,jw,random_groups,18,2004198734,2950,1272112,0.2924546671954297,70,"[58,42,46,44,32,172,37,156,42,37,156,34,26,16,34,34,48,48,40,40,64,64,48,48,64,64,52,52,52,48,40,40,30,26,24,108,24,88,24,24,104,52,56,46,38,36,16,32,32,32,24,20,16,24,24,16,16,16,16,16,16,8,16,16,16,12,36,28,16,28]","[19,11,28,15,20,22,25,65,54,9,5,59,16,33,17,44,63,51,61,60,67,6,3,37,64,13,49,41,32,14,35,34,26,30,46,2,10,58,66,55,69,31,1,43,38,48,42,56,45,7,53,47,18,62,0,29,52,36,4,57,21,50,39,68,23,40,8,24,27,12]",9074c7f0ac67c3ce,cfeb9fd99336a4ad,100,0.01,1.0,295000,1.8553363534058906,0.009276681767029454,5.735399718327512,6.470800144597888e-05,0.012180083002022002,44100,82.85546770899964,0.3682324580004206,110.3704642080047,0.999993610815292,1.2778328594253985e-05,1.9928351732200689,0.0035746845197770047,9.85076192616674e-07,9.850768840635737e-07,1.6723941830543583,1.851761828147516,1e-12
success,,Be-Be_2.04_sto-6g_as-008-012,hamiltonian_generator/extended_diatomic_20q_library/Be-Be/2.04/sto-6g/Be-Be_2.04_sto-6g_as-008-012.tensors.npz,Be-Be,2.04,sto-6g,8,12,20,1580,2950,fermionic,random_groups,18,4057069084,1580,581836,0.46643525384596884,123,"[16,17,13,18,13,16,13,16,12,22,14,15,12,10,10,10,10,12,14,11,21,14,11,14,12,12,12,10,10,10,13,8,10,11,10,11,12,9,10,10,12,10,14,12,10,10,11,12,11,14,12,20,21,14,10,9,13,11,10,11,11,11,12,10,10,8,9,16,8,10,10,9,9,9,10,10,12,11,11,12,10,9,10,11,11,10,10,9,11,11,12,9,11,12,11,10,10,11,9,12,12,10,10,10,11,10,10,15,34,28,13,10,12,22,51,55,33,18,17,12,11,4,4]","[45,115,7,3,110,105,32,114,63,76,95,121,19,54,56,73,18,15,103,106,62,100,94,37,40,10,24,109,22,31,25,60,53,34,46,21,17,47,90,68,117,39,30,13,101,6,80,77,75,102,107,112,20,11,113,61,87,38,69,57,89,16,84,108,36,118,85,35,81,66,71,67,64,65,72,97,27,83,29,119,33,93,55,111,44,78,49,79,9,96,8,2,59,0,58,43,86,51,82,70,98,14,4,26,74,50,52,122,48,12,23,41,28,91,42,92,99,104,116,1,88,120,5]",bfeeea28d9c2f4fe,56fc6f1e1e3f9fc8,100,0.01,1.0,295000,0.6675633444096081,0.0033378167220480402,0.7425117758809625,5.691600381396711e-05,0.012084166999557056,44100,82.85546770899964,0.3682324580004206,106.28387720799947,0.9999987580936728,2.483811112119483e-06,1.992857528641627,0.0015760116289042123,0.0,0.0,0.3250746938517674,0.6345210242005688,1e-12
success,,Be-Be_2.04_sto-6g_as-008-012,hamiltonian_generator/extended_diatomic_20q_library/Be-Be/2.04/sto-6g/Be-Be_2.04_sto-6g_as-008-012.tensors.npz,Be-Be,2.04,sto-6g,8,12,20,1580,2950,jw,random_groups,19,771460460,2950,1272112,0.2924546671954297,70,"[58,42,46,44,32,172,37,156,42,37,156,34,26,16,34,34,48,48,40,40,64,64,48,48,64,64,52,52,52,48,40,40,30,26,24,108,24,88,24,24,104,52,56,46,38,36,16,32,32,32,24,20,16,24,24,16,16,16,16,16,16,8,16,16,16,12,36,28,16,28]","[5,32,3,24,54,22,30,66,15,53,62,14,18,36,49,38,8,63,64,57,21,68,52,10,12,31,39,37,44,29,2,6,23,50,7,40,25,9,61,67,69,35,34,13,41,51,55,48,11,46,56,20,33,43,16,1,47,26,65,4,59,42,60,45,0,58,17,27,28,19]",4c7e00f6001eb971,0aa11fd202aaead3,100,0.01,1.0,295000,3.8225609986677673,0.019112804993338835,24.345978326377207,5.541599966818467e-05,0.012489583001297433,44100,82.85546770899964,0.3682324580004206,106.93309758299438,0.9999844756665903,3.104842581447276e-05,1.9927988944745387,0.00557213305829603,4.856593714963608e-07,4.856598286862024e-07,4.0635366622570785,4.499359155090439,1e-12
success,,Be-Be_2.04_sto-6g_as-008-012,hamiltonian_generator/extended_diatomic_20q_library/Be-Be/2.04/sto-6g/Be-Be_2.04_sto-6g_as-008-012.tensors.npz,Be-Be,2.04,sto-6g,8,12,20,1580,2950,fermionic,random_groups,19,1457134939,1580,581836,0.46643525384596884,123,"[16,17,13,18,13,16,13,16,12,22,14,15,12,10,10,10,10,12,14,11,21,14,11,14,12,12,12,10,10,10,13,8,10,11,10,11,12,9,10,10,12,10,14,12,10,10,11,12,11,14,12,20,21,14,10,9,13,11,10,11,11,11,12,10,10,8,9,16,8,10,10,9,9,9,10,10,12,11,11,12,10,9,10,11,11,10,10,9,11,11,12,9,11,12,11,10,10,11,9,12,12,10,10,10,11,10,10,15,34,28,13,10,12,22,51,55,33,18,17,12,11,4,4]","[6,93,4,59,87,10,79,47,15,65,19,2,46,58,51,70,9,8,84,90,102,52,38,72,92,115,50,25,53,74,18,23,32,83,16,108,54,56,12,81,105,120,43,37,62,112,77,1,20,76,118,85,60,14,40,30,91,7,75,103,0,28,26,13,121,24,63,17,68,41,11,35,88,114,109,34,107,29,117,44,67,71,78,98,73,97,113,39,122,96,57,106,110,95,5,3,104,27,42,22,82,69,99,86,36,64,21,101,49,61,48,100,111,33,66,116,119,80,45,89,31,55,94]",83d7ef030759bdac,04d6a9b3ba61c0e0,100,0.01,1.0,295000,0.7074849529945967,0.0035374247649729833,0.833974549473233,6.274999759625643e-05,0.012366417002340313,44100,82.85546770899964,0.3682324580004206,106.99245854200126,0.9999992608988593,1.4782017352388266e-06,1.9928722722321142,0.0012158134237902436,0.0,0.0,0.19346317205412253,0.3776253654886131,1e-12
success,,F-F_1.28_sto-6g_as-016-002,hamiltonian_generator/extended_diatomic_20q_library/F-F/1.28/sto-6g/F-F_1.28_sto-6g_as-016-002.tensors.npz,F-F,1.28,sto-6g,16,2,18,1027,1883,baseline,jw_raw,-1,-1,,,,,[],[],4f53cda18c2baa0c,4035c397c6a5d593,100,0.01,1.0,188300,5.219383585756371,0.026096917928781854,1.0,3.17919984809123e-05,0.005760749998444226,81,0.1915337080063182,0.0015242910012602806,33.878719000000274,0.9997177778441171,0.0005643646624206022,1.8627711857861127,0.02375803678265173,0.0,0.0,1.0,,1e-12
success,,F-F_1.28_sto-6g_as-016-002,hamiltonian_generator/extended_diatomic_20q_library/F-F/1.28/sto-6g/F-F_1.28_sto-6g_as-016-002.tensors.npz,F-F,1.28,sto-6g,16,2,18,1027,1883,jw,current,-1,-1,1883,554688,0.313046481664064,47,"[51,38,34,36,31,27,132,48,54,50,48,42,42,38,40,30,70,54,41,51,66,52,46,42,20,40,34,34,25,29,26,16,51,36,70,62,53,50,32,16,20,22,22,20,16,20,6]","[0,1,2,3,4,5,6,7,8,9,10,11,12,13,14,15,16,17,18,19,20,21,22,23,24,25,26,27,28,29,30,31,32,33,34,35,36,37,38,39,40,41,42,43,44,45,46]",1317608c6c14637c,7cebcd48ac484f51,100,0.01,1.0,188300,2.4703118860767956,0.012351559430383978,0.22400883383681175,2.2291998902801424e-05,0.0055770839971955866,81,0.1915337080063182,0.0015242910012602806,34.01227716699941,0.9999960534183836,7.89314765725635e-06,1.862644542652045,0.002809477394961064,1.998152587390223e-06,1.998152587390223e-06,0.013985899867298653,1.0,1e-12
success,,F-F_1.28_sto-6g_as-016-002,hamiltonian_generator/extended_diatomic_20q_library/F-F/1.28/sto-6g/F-F_1.28_sto-6g_as-016-002.tensors.npz,F-F,1.28,sto-6g,16,2,18,1027,1883,fermionic,current,-1,-1,1027,254142,0.48237926852184015,84,"[15,17,14,15,15,15,12,12,9,14,15,16,16,12,12,11,12,13,13,12,13,11,12,10,12,14,10,9,9,9,17,8,11,9,9,13,12,11,10,10,10,9,12,12,12,10,12,10,11,12,12,12,12,11,11,11,11,11,12,12,12,12,12,26,8,13,17,18,12,12,7,6,6,16,12,12,25,18,21,24,12,5,6,1]","[0,1,2,3,4,5,6,7,8,9,10,11,12,13,14,15,16,17,18,19,20,21,22,23,24,25,26,27,28,29,30,31,32,33,34,35,36,37,38,39,40,41,42,43,44,45,46,47,48,49,50,51,52,53,54,55,56,57,58,59,60,61,62,63,64,65,66,67,68,69,70,71,72,73,74,75,76,77,78,79,80,81,82,83]",07ad12e20bd5ee9c,d615221fb4dbdd0f,100,0.01,1.0,188300,1.9656696778065468,0.009828348389032734,0.14183474944201951,3.3458003599662334e-05,0.005908082996029407,81,0.1915337080063182,0.0015242910012602806,35.78658133299905,0.9999906371411846,1.872562996763083e-05,1.86259505100457,0.004327322224046856,0.0,0.0,0.03318001854920399,1.0,1e-12
success,,F-F_1.28_sto-6g_as-016-002,hamiltonian_generator/extended_diatomic_20q_library/F-F/1.28/sto-6g/F-F_1.28_sto-6g_as-016-002.tensors.npz,F-F,1.28,sto-6g,16,2,18,1027,1883,jw,reverse_groups,-1,-1,1883,554688,0.313046481664064,47,"[51,38,34,36,31,27,132,48,54,50,48,42,42,38,40,30,70,54,41,51,66,52,46,42,20,40,34,34,25,29,26,16,51,36,70,62,53,50,32,16,20,22,22,20,16,20,6]","[46,45,44,43,42,41,40,39,38,37,36,35,34,33,32,31,30,29,28,27,26,25,24,23,22,21,20,19,18,17,16,15,14,13,12,11,10,9,8,7,6,5,4,3,2,1,0]",d1f90c154f0311df,7328f9bb2a675522,100,0.01,1.0,188300,2.4703118860767956,0.012351559430383978,0.22400883383681175,3.4500000765547156e-05,0.006477375005488284,81,0.1915337080063182,0.0015242910012602806,33.787770791001094,0.9999960717982423,7.856388084537258e-06,1.862550047343322,0.002802927668582447,2.000986169758967e-06,2.0009861695369224e-06,0.013920765433541891,0.9953428499864312,1e-12
success,,F-F_1.28_sto-6g_as-016-002,hamiltonian_generator/extended_diatomic_20q_library/F-F/1.28/sto-6g/F-F_1.28_sto-6g_as-016-002.tensors.npz,F-F,1.28,sto-6g,16,2,18,1027,1883,fermionic,reverse_groups,-1,-1,1027,254142,0.48237926852184015,84,"[15,17,14,15,15,15,12,12,9,14,15,16,16,12,12,11,12,13,13,12,13,11,12,10,12,14,10,9,9,9,17,8,11,9,9,13,12,11,10,10,10,9,12,12,12,10,12,10,11,12,12,12,12,11,11,11,11,11,12,12,12,12,12,26,8,13,17,18,12,12,7,6,6,16,12,12,25,18,21,24,12,5,6,1]","[83,82,81,80,79,78,77,76,75,74,73,72,71,70,69,68,67,66,65,64,63,62,61,60,59,58,57,56,55,54,53,52,51,50,49,48,47,46,45,44,43,42,41,40,39,38,37,36,35,34,33,32,31,30,29,28,27,26,25,24,23,22,21,20,19,18,17,16,15,14,13,12,11,10,9,8,7,6,5,4,3,2,1,0]",e38fb7bc4a21b9b3,ffeb6c9ab7494d3c,100,0.01,1.0,188300,2.6793356805504662,0.013396678402752332,0.2635213607039248,2.5459004973527044e-05,0.005503499996848404,81,0.1915337080063182,0.0015242910012602806,34.594445542003086,0.9999481140640439,0.00010376917976173683,1.8626537474216962,0.010186847987092393,0.0,0.0,0.18386902418139198,5.541558812232886,1e-12
success,,F-F_1.28_sto-6g_as-016-002,hamiltonian_generator/extended_diatomic_20q_library/F-F/1.28/sto-6g/F-F_1.28_sto-6g_as-016-002.tensors.npz,F-F,1.28,sto-6g,16,2,18,1027,1883,jw,random_groups,0,1210356562,1883,554688,0.313046481664064,47,"[51,38,34,36,31,27,132,48,54,50,48,42,42,38,40,30,70,54,41,51,66,52,46,42,20,40,34,34,25,29,26,16,51,36,70,62,53,50,32,16,20,22,22,20,16,20,6]","[46,5,7,28,22,45,30,4,25,9,33,0,16,24,27,38,21,32,26,29,42,20,11,19,3,13,1,2,18,15,40,10,14,17,6,35,31,39,23,44,8,34,36,43,41,37,12]",a21e9297376c4b2c,f9fd4f431557b891,100,0.01,1.0,188300,5.430691455740164,0.027153457278700822,1.0826094839680367,2.474999928381294e-05,0.005841666999913286,81,0.1915337080063182,0.0015242910012602806,33.54601800000091,0.9998360229080501,0.00032792729541319954,1.863992881679006,0.018109505346636582,4.671146738299825e-06,4.671146738299825e-06,0.5810556848238776,41.545820457536806,1e-12
success,,F-F_1.28_sto-6g_as-016-002,hamiltonian_generator/extended_diatomic_20q_library/F-F/1.28/sto-6g/F-F_1.28_sto-6g_as-016-002.tensors.npz,F-F,1.28,sto-6g,16,2,18,1027,1883,fermionic,random_groups,0,2141709297,1027,254142,0.48237926852184015,84,"[15,17,14,15,15,15,12,12,9,14,15,16,16,12,12,11,12,13,13,12,13,11,12,10,12,14,10,9,9,9,17,8,11,9,9,13,12,11,10,10,10,9,12,12,12,10,12,10,11,12,12,12,12,11,11,11,11,11,12,12,12,12,12,26,8,13,17,18,12,12,7,6,6,16,12,12,25,18,21,24,12,5,6,1]","[0,52,31,77,56,53,17,19,14,75,4,40,81,61,72,48,68,37,34,46,65,30,33,2,22,59,69,49,13,79,29,25,51,70,21,76,82,23,62,50,28,66,32,20,78,73,9,67,71,36,39,18,26,54,11,1,10,35,63,8,3,80,6,44,74,7,45,42,47,16,15,38,27,41,24,55,5,57,83,60,58,12,64,43]",ad181c1897a5d482,b900b351c8853f99,100,0.01,1.0,188300,1.7145355935012097,0.008572677967506048,0.10790823274809797,3.895899862982333e-05,0.005750999996962491,81,0.1915337080063182,0.0015242910012602806,33.88519020800595,0.9999910938909505,1.781213878015997e-05,1.8626776288950158,0.00422045235714535,0.0,0.0,0.03156139986469453,0.951217065110764,1e-12
success,,F-F_1.28_sto-6g_as-016-002,hamiltonian_generator/extended_diatomic_20q_library/F-F/1.28/sto-6g/F-F_1.28_sto-6g_as-016-002.tensors.npz,F-F,1.28,sto-6g,16,2,18,1027,1883,jw,random_groups,1,2762517863,1883,554688,0.313046481664064,47,"[51,38,34,36,31,27,132,48,54,50,48,42,42,38,40,30,70,54,41,51,66,52,46,42,20,40,34,34,25,29,26,16,51,36,70,62,53,50,32,16,20,22,22,20,16,20,6]","[26,27,19,2,44,33,9,18,14,16,39,40,8,37,46,24,15,7,21,10,13,34,12,0,23,32,11,35,6,17,29,4,1,42,31,20,45,30,28,43,3,36,41,25,22,5,38]",72a78700637abda2,b9f8f5fd82467ec5,100,0.01,1.0,188300,5.188705226513728,0.02594352613256864,0.9882789994248485,2.454200148349628e-05,0.005672999999660533,81,0.1915337080063182,0.0015242910012602806,33.656725499997265,0.9998176430920134,0.0003646805619313964,1.8641383563754539,0.019097481927553953,9.978788558795415e-07,9.978788559905638e-07,0.6461789445980799,46.20217152483361,1e-12
success,,F-F_1.28_sto-6g_as-016-002,hamiltonian_generator/extended_diatomic_20q_library/F-F/1.28/sto-6g/F-F_1.28_sto-6g_as-016-002.tensors.npz,F-F,1.28,sto-6g,16,2,18,1027,1883,fermionic,random_groups,1,655775863,1027,254142,0.48237926852184015,84,"[15,17,14,15,15,15,12,12,9,14,15,16,16,12,12,11,12,13,13,12,13,11,12,10,12,14,10,9,9,9,17,8,11,9,9,13,12,11,10,10,10,9,12,12,12,10,12,10,11,12,12,12,12,11,11,11,11,11,12,12,12,12,12,26,8,13,17,18,12,12,7,6,6,16,12,12,25,18,21,24,12,5,6,1]","[42,17,6,59,9,79,61,2,13,47,54,22,29,27,81,74,64,66,1,49,56,16,38,58,23,50,71,25,31,10,11,82,78,80,68,69,34,0,52,75,15,35,26,7,39,40,70,21,60,51,63,72,5,55,37,32,24,12,45,67,43,18,20,30,57,44,48,4,33,3,77,36,73,41,65,8,46,76,62,83,28,14,19,53]",e5a68fb5766d1df9,026a395ef9647dba,100,0.01,1.0,188300,1.9596786818891336,0.009798393409445667,0.14097149504813913,2.4082997697405517e-05,0.005143499998666812,81,0.1915337080063182,0.0015242910012602806,33.47613275000185,0.9999837788335756,3.244206972263797e-05,1.8629696094651953,0.0056958171361820836,1.3100631690576847e-14,1.3211653993039363e-14,0.05748423294876668,1.732495503687588,1e-12
success,,F-F_1.28_sto-6g_as-016-002,hamiltonian_generator/extended_diatomic_20q_library/F-F/1.28/sto-6g/F-F_1.28_sto-6g_as-016-002.tensors.npz,F-F,1.28,sto-6g,16,2,18,1027,1883,jw,random_groups,2,356889448,1883,554688,0.313046481664064,47,"[51,38,34,36,31,27,132,48,54,50,48,42,42,38,40,30,70,54,41,51,66,52,46,42,20,40,34,34,25,29,26,16,51,36,70,62,53,50,32,16,20,22,22,20,16,20,6]","[33,2,4,32,23,27,46,3,13,36,42,40,22,16,39,5,34,38,31,37,8,29,44,9,6,11,30,10,25,18,20,26,19,35,12,7,24,0,45,28,1,15,43,14,21,17,41]",09b29327ced706fb,c54c789be6e0bcd6,100,0.01,1.0,188300,3.4118487074362616,0.017059243537181308,0.4273080739921834,2.679199678823352e-05,0.0055959999954211526,81,0.1915337080063182,0.0015242910012602806,36.08099379199848,0.9999840490792565,3.1901587055016556e-05,1.862322141073213,0.005648171517131587,1.7712428667104874e-06,1.7712428668215097e-06,0.056526549550760787,4.041681270929818,1e-12
success,,F-F_1.28_sto-6g_as-016-002,hamiltonian_generator/extended_diatomic_20q_library/F-F/1.28/sto-6g/F-F_1.28_sto-6g_as-016-002.tensors.npz,F-F,1.28,sto-6g,16,2,18,1027,1883,fermionic,random_groups,2,3721226621,1027,254142,0.48237926852184015,84,"[15,17,14,15,15,15,12,12,9,14,15,16,16,12,12,11,12,13,13,12,13,11,12,10,12,14,10,9,9,9,17,8,11,9,9,13,12,11,10,10,10,9,12,12,12,10,12,10,11,12,12,12,12,11,11,11,11,11,12,12,12,12,12,26,8,13,17,18,12,12,7,6,6,16,12,12,25,18,21,24,12,5,6,1]","[44,7,37,26,24,27,71,76,10,30,50,63,40,73,65,0,55,18,51,29,64,28,35,12,67,69,4,3,41,43,38,13,16,56,62,23,33,39,57,21,47,19,31,60,17,2,45,53,1,54,11,32,75,80,42,77,72,59,66,8,68,74,49,14,36,70,52,5,46,20,34,6,78,82,22,15,81,48,79,58,25,83,61,9]",b0a59b1ba425e386,38951394f6be5012,100,0.01,1.0,188300,1.9383442668880428,0.009691721334440214,0.1379187769631407,3.541699697962031e-05,0.006012249999912456,81,0.1915337080063182,0.0015242910012602806,36.613747750001494,0.9999852571688898,2.9485444869470356e-05,1.8629259363513657,0.005430070185595801,0.0,0.0,0.052245377559617355,1.574603627244529,1e-12
success,,F-F_1.28_sto-6g_as-016-002,hamiltonian_generator/extended_diatomic_20q_library/F-F/1.28/sto-6g/F-F_1.28_sto-6g_as-016-002.tensors.npz,F-F,1.28,sto-6g,16,2,18,1027,1883,jw,random_groups,3,127881266,1883,554688,0.313046481664064,47,"[51,38,34,36,31,27,132,48,54,50,48,42,42,38,40,30,70,54,41,51,66,52,46,42,20,40,34,34,25,29,26,16,51,36,70,62,53,50,32,16,20,22,22,20,16,20,6]","[37,43,14,27,38,35,3,11,34,20,13,19,32,44,2,18,5,16,25,1,9,29,30,45,24,6,4,33,39,7,23,36,41,17,31,10,15,42,0,12,21,8,28,22,46,26,40]",095eaa64d6d3f683,0c439f503bc0db40,100,0.01,1.0,188300,3.622934896167546,0.018114674480837728,0.4818175654551553,3.066699719056487e-05,0.006821041999501176,81,0.1915337080063182,0.0015242910012602806,36.64226570800383,0.9999747722115842,5.045494039035425e-05,1.8623967439723992,0.0071032089108865664,4.062967767670678e-06,4.062967767670678e-06,0.08940131044695329,6.3922458544114376,1e-12
success,,F-F_1.28_sto-6g_as-016-002,hamiltonian_generator/extended_diatomic_20q_library/F-F/1.28/sto-6g/F-F_1.28_sto-6g_as-016-002.tensors.npz,F-F,1.28,sto-6g,16,2,18,1027,1883,fermionic,random_groups,3,3009769677,1027,254142,0.48237926852184015,84,"[15,17,14,15,15,15,12,12,9,14,15,16,16,12,12,11,12,13,13,12,13,11,12,10,12,14,10,9,9,9,17,8,11,9,9,13,12,11,10,10,10,9,12,12,12,10,12,10,11,12,12,12,12,11,11,11,11,11,12,12,12,12,12,26,8,13,17,18,12,12,7,6,6,16,12,12,25,18,21,24,12,5,6,1]","[23,47,41,58,21,28,14,20,75,62,49,78,80,16,60,27,53,52,4,51,61,76,2,37,65,82,63,7,31,74,59,56,68,64,12,39,43,29,10,6,46,71,67,3,8,38,55,40,32,72,69,70,45,35,66,26,9,48,33,81,79,57,24,11,73,42,25,0,36,15,13,22,34,17,30,83,19,50,1,54,77,5,18,44]",e6c22e5182569628,c398d695c243ed5b,100,0.01,1.0,188300,1.9532871576668727,0.009766435788334363,0.1400534329358653,3.133300197077915e-05,0.006405041996913496,81,0.1915337080063182,0.0015242910012602806,34.88544074999663,0.9999876537947878,2.4692257995617695e-05,1.8628473065190205,0.004969145844544512,0.0,0.0,0.04375231058888548,1.3186343016657271,1e-12
success,,F-F_1.28_sto-6g_as-016-002,hamiltonian_generator/extended_diatomic_20q_library/F-F/1.28/sto-6g/F-F_1.28_sto-6g_as-016-002.tensors.npz,F-F,1.28,sto-6g,16,2,18,1027,1883,jw,random_groups,4,787011875,1883,554688,0.313046481664064,47,"[51,38,34,36,31,27,132,48,54,50,48,42,42,38,40,30,70,54,41,51,66,52,46,42,20,40,34,34,25,29,26,16,51,36,70,62,53,50,32,16,20,22,22,20,16,20,6]","[29,34,10,2,44,6,23,33,26,9,38,30,24,1,17,0,40,12,42,31,32,41,4,3,11,35,16,19,36,18,45,27,14,46,5,8,25,15,20,7,13,28,39,37,21,22,43]",ed447738d3bc8979,111dd49d8118cf1f,100,0.01,1.0,188300,3.7271558999960663,0.018635779499980333,0.5099371904740462,3.5832999856211245e-05,0.005964584001048934,81,0.1915337080063182,0.0015242910012602806,33.793029500004195,0.9999648021620924,7.039443692746783e-05,1.8631469072183195,0.008390213097129177,3.4545356232262847e-06,3.454535623337307e-06,0.12473218402006395,8.91842392720889,1e-12
success,,F-F_1.28_sto-6g_as-016-002,hamiltonian_generator/extended_diatomic_20q_library/F-F/1.28/sto-6g/F-F_1.28_sto-6g_as-016-002.tensors.npz,F-F,1.28,sto-6g,16,2,18,1027,1883,fermionic,random_groups,4,1642975799,1027,254142,0.48237926852184015,84,"[15,17,14,15,15,15,12,12,9,14,15,16,16,12,12,11,12,13,13,12,13,11,12,10,12,14,10,9,9,9,17,8,11,9,9,13,12,11,10,10,10,9,12,12,12,10,12,10,11,12,12,12,12,11,11,11,11,11,12,12,12,12,12,26,8,13,17,18,12,12,7,6,6,16,12,12,25,18,21,24,12,5,6,1]","[70,69,78,79,30,19,42,2,48,80,64,72,76,6,68,45,28,62,57,55,27,58,81,51,54,37,24,31,35,77,61,29,10,16,82,43,50,71,3,26,21,41,22,74,40,47,53,44,59,7,23,15,66,46,56,49,9,11,34,83,17,67,36,33,14,73,13,18,1,12,60,63,0,25,65,32,75,39,8,20,38,4,5,52]",3db42d0df67a36a1,4dbada691fb94e07,100,0.01,1.0,188300,4.51070717082638,0.0225535358541319,0.7468800128604846,2.858399966498837e-05,0.005930083003477193,81,0.1915337080063182,0.0015242910012602806,33.46898991600028,0.9998223780645051,0.00035521232143775894,1.8610030627677212,0.01884791423446451,0.0,0.0,0.6294021314414455,18.969312223502218,1e-12
success,,F-F_1.28_sto-6g_as-016-002,hamiltonian_generator/extended_diatomic_20q_library/F-F/1.28/sto-6g/F-F_1.28_sto-6g_as-016-002.tensors.npz,F-F,1.28,sto-6g,16,2,18,1027,1883,jw,random_groups,5,2035168904,1883,554688,0.313046481664064,47,"[51,38,34,36,31,27,132,48,54,50,48,42,42,38,40,30,70,54,41,51,66,52,46,42,20,40,34,34,25,29,26,16,51,36,70,62,53,50,32,16,20,22,22,20,16,20,6]","[16,40,45,4,43,1,36,0,22,24,29,44,46,10,31,17,32,25,34,20,35,14,23,13,26,7,30,21,33,42,11,37,15,38,3,28,19,39,9,41,5,8,27,6,2,18,12]",4654319c8a880896,c847dfd2e950fe13,100,0.01,1.0,188300,4.395724080039079,0.021978620400195395,0.7092876808633124,2.837499778252095e-05,0.005500874998688232,81,0.1915337080063182,0.0015242910012602806,35.53230720799911,0.9998478366417186,0.00030430356287514115,1.8639637933606545,0.017444962498176227,4.975175783572539e-07,4.975175784682762e-07,0.5391966987620388,38.55287853324117,1e-12
success,,F-F_1.28_sto-6g_as-016-002,hamiltonian_generator/extended_diatomic_20q_library/F-F/1.28/sto-6g/F-F_1.28_sto-6g_as-016-002.tensors.npz,F-F,1.28,sto-6g,16,2,18,1027,1883,fermionic,random_groups,5,798141276,1027,254142,0.48237926852184015,84,"[15,17,14,15,15,15,12,12,9,14,15,16,16,12,12,11,12,13,13,12,13,11,12,10,12,14,10,9,9,9,17,8,11,9,9,13,12,11,10,10,10,9,12,12,12,10,12,10,11,12,12,12,12,11,11,11,11,11,12,12,12,12,12,26,8,13,17,18,12,12,7,6,6,16,12,12,25,18,21,24,12,5,6,1]","[15,14,69,32,34,38,43,82,72,48,75,33,79,26,55,36,9,65,53,31,19,13,52,3,24,71,67,54,63,68,12,60,45,1,21,56,30,66,22,49,61,23,25,11,7,76,50,80,29,44,20,4,39,5,47,83,28,78,77,10,64,62,51,73,74,70,40,17,59,42,6,35,18,46,57,8,58,41,81,2,37,27,0,16]",5c3e0bcecb0cacb7,f6b2bdbd645e1b0d,100,0.01,1.0,188300,1.7709101739343254,0.008854550869671627,0.11512102164388678,3.129099786747247e-05,0.0056942500013974495,81,0.1915337080063182,0.0015242910012602806,33.10092804200394,0.9999892074513345,2.1584980851918623e-05,1.862945033653974,0.00464597646690965,0.0,0.0,0.03824651380428219,1.1526971797066627,1e-12
success,,F-F_1.28_sto-6g_as-016-002,hamiltonian_generator/extended_diatomic_20q_library/F-F/1.28/sto-6g/F-F_1.28_sto-6g_as-016-002.tensors.npz,F-F,1.28,sto-6g,16,2,18,1027,1883,jw,random_groups,6,1711018150,1883,554688,0.313046481664064,47,"[51,38,34,36,31,27,132,48,54,50,48,42,42,38,40,30,70,54,41,51,66,52,46,42,20,40,34,34,25,29,26,16,51,36,70,62,53,50,32,16,20,22,22,20,16,20,6]","[14,43,37,3,42,32,26,7,33,34,31,18,15,4,21,10,1,5,9,45,27,16,36,35,23,40,8,25,46,11,22,6,0,38,19,13,41,39,44,29,24,30,17,12,2,20,28]",0dd32529fd0bced7,f488451cfec9b05a,100,0.01,1.0,188300,3.1660969548583857,0.015830484774291928,0.36796794658341403,3.550000110408291e-05,0.005579124997893814,81,0.1915337080063182,0.0015242910012602806,31.862321540997073,0.9999824291717145,3.5141347836886716e-05,1.8622526230550815,0.00592803985908707,1.7352214167765112e-06,1.7352214168875335e-06,0.06226709462311628,4.452133592684089,1e-12
success,,F-F_1.28_sto-6g_as-016-002,hamiltonian_generator/extended_diatomic_20q_library/F-F/1.28/sto-6g/F-F_1.28_sto-6g_as-016-002.tensors.npz,F-F,1.28,sto-6g,16,2,18,1027,1883,fermionic,random_groups,6,1961245444,1027,254142,0.48237926852184015,84,"[15,17,14,15,15,15,12,12,9,14,15,16,16,12,12,11,12,13,13,12,13,11,12,10,12,14,10,9,9,9,17,8,11,9,9,13,12,11,10,10,10,9,12,12,12,10,12,10,11,12,12,12,12,11,11,11,11,11,12,12,12,12,12,26,8,13,17,18,12,12,7,6,6,16,12,12,25,18,21,24,12,5,6,1]","[60,41,22,56,80,81,64,34,27,48,31,77,82,35,25,18,74,66,52,39,46,57,75,38,32,11,47,72,70,37,53,24,83,69,73,6,50,5,2,58,79,15,7,65,44,4,54,55,0,51,76,20,67,63,28,42,59,8,49,21,61,14,30,78,13,43,19,9,45,16,23,29,40,10,62,1,17,26,36,71,68,12,3,33]",30dabc4c94b5fc29,494c221bcd1ae69f,100,0.01,1.0,188300,3.06619088558112,0.0153309544279056,0.3451119088345234,3.4332995710428804e-05,0.006306084003881551,81,0.1915337080063182,0.0015242910012602806,31.947609750000993,0.9999322458264741,0.00013550375642379375,1.862398436098479,0.01164080525787553,0.0,0.0,0.2400996473496551,7.236272246008593,1e-12
success,,F-F_1.28_sto-6g_as-016-002,hamiltonian_generator/extended_diatomic_20q_library/F-F/1.28/sto-6g/F-F_1.28_sto-6g_as-016-002.tensors.npz,F-F,1.28,sto-6g,16,2,18,1027,1883,jw,random_groups,7,4014239043,1883,554688,0.313046481664064,47,"[51,38,34,36,31,27,132,48,54,50,48,42,42,38,40,30,70,54,41,51,66,52,46,42,20,40,34,34,25,29,26,16,51,36,70,62,53,50,32,16,20,22,22,20,16,20,6]","[26,39,24,38,0,41,35,16,25,45,42,1,20,31,18,28,46,37,40,5,13,22,8,17,23,9,19,7,33,11,30,27,12,10,34,14,44,21,15,3,43,36,6,29,2,4,32]",a104bbfae317e1fd,267f5433206e95eb,100,0.01,1.0,188300,2.4211747727296506,0.012105873863648253,0.21518591910745372,3.52080023731105e-05,0.005279916993458755,81,0.1915337080063182,0.0015242910012602806,34.10232800000085,0.9999852298854579,2.9540010927919802e-05,1.862735154882463,0.005435092371265702,4.189188491654505e-07,4.189188491654505e-07,0.05234206337657728,3.742488068212306,1e-12
success,,F-F_1.28_sto-6g_as-016-002,hamiltonian_generator/extended_diatomic_20q_library/F-F/1.28/sto-6g/F-F_1.28_sto-6g_as-016-002.tensors.npz,F-F,1.28,sto-6g,16,2,18,1027,1883,fermionic,random_groups,7,3176632585,1027,254142,0.48237926852184015,84,"[15,17,14,15,15,15,12,12,9,14,15,16,16,12,12,11,12,13,13,12,13,11,12,10,12,14,10,9,9,9,17,8,11,9,9,13,12,11,10,10,10,9,12,12,12,10,12,10,11,12,12,12,12,11,11,11,11,11,12,12,12,12,12,26,8,13,17,18,12,12,7,6,6,16,12,12,25,18,21,24,12,5,6,1]","[76,6,72,16,10,50,39,53,31,51,70,44,81,38,15,14,67,45,68,2,69,54,24,21,80,63,43,42,34,71,27,19,23,47,82,5,48,75,58,37,28,52,32,11,46,1,78,8,29,17,55,62,35,41,3,77,7,0,25,22,56,79,30,26,64,49,33,20,60,66,83,74,36,18,4,40,12,9,59,57,73,65,13,61]",9f1174b92dfff417,b0ff5b5ea7ed9d88,100,0.01,1.0,188300,1.9574048472024235,0.009787024236012118,0.14064454358211237,4.254099621903151e-05,0.007170709002821241,81,0.1915337080063182,0.0015242910012602806,33.65888920799625,0.9999875908153999,2.4818215212385475e-05,1.8629498844437882,0.004981803809887335,0.0,0.0,0.04397549468447988,1.3253607625103296,1e-12
success,,F-F_1.28_sto-6g_as-016-002,hamiltonian_generator/extended_diatomic_20q_library/F-F/1.28/sto-6g/F-F_1.28_sto-6g_as-016-002.tensors.npz,F-F,1.28,sto-6g,16,2,18,1027,1883,jw,random_groups,8,3505763577,1883,554688,0.313046481664064,47,"[51,38,34,36,31,27,132,48,54,50,48,42,42,38,40,30,70,54,41,51,66,52,46,42,20,40,34,34,25,29,26,16,51,36,70,62,53,50,32,16,20,22,22,20,16,20,6]","[18,17,42,20,16,10,13,43,41,22,36,27,25,32,35,12,0,3,7,5,38,23,44,8,24,6,21,4,26,28,2,14,15,46,39,30,34,31,19,33,1,37,45,40,11,9,29]",667057434515439c,98feb7decbc6f80b,100,0.01,1.0,188300,3.0651960394625792,0.015325980197312896,0.3448879974360529,4.070900467922911e-05,0.006403332998161204,81,0.1915337080063182,0.0015242910012602806,34.46786783299467,0.999987482347296,2.503514871643464e-05,1.8622819524338714,0.005003529295216956,1.9710402667794114e-06,1.9710402667794114e-06,0.04435988002696167,3.171757301843867,1e-12
success,,F-F_1.28_sto-6g_as-016-002,hamiltonian_generator/extended_diatomic_20q_library/F-F/1.28/sto-6g/F-F_1.28_sto-6g_as-016-002.tensors.npz,F-F,1.28,sto-6g,16,2,18,1027,1883,fermionic,random_groups,8,1309813757,1027,254142,0.48237926852184015,84,"[15,17,14,15,15,15,12,12,9,14,15,16,16,12,12,11,12,13,13,12,13,11,12,10,12,14,10,9,9,9,17,8,11,9,9,13,12,11,10,10,10,9,12,12,12,10,12,10,11,12,12,12,12,11,11,11,11,11,12,12,12,12,12,26,8,13,17,18,12,12,7,6,6,16,12,12,25,18,21,24,12,5,6,1]","[25,23,59,69,63,18,68,52,15,60,42,37,79,29,76,81,74,58,48,50,51,32,24,57,21,45,30,26,38,27,40,16,64,75,47,66,44,22,77,67,43,33,61,6,49,31,36,20,35,14,0,2,7,11,13,34,19,56,65,41,46,71,73,10,55,12,70,39,8,83,82,54,28,72,5,3,80,17,4,78,53,62,1,9]",220845fc27e5137f,124c198c0840cb6e,100,0.01,1.0,188300,1.605478409182512,0.00802739204591256,0.09461729067294018,3.7917001463938504e-05,0.006060959000024013,81,0.1915337080063182,0.0015242910012602806,34.4835297919999,0.9999952774847228,9.445008252173537e-06,1.8623428014045538,0.0030732768430998298,0.0,0.0,0.016735647855170788,0.5043893459659409,1e-12
success,,F-F_1.28_sto-6g_as-016-002,hamiltonian_generator/extended_diatomic_20q_library/F-F/1.28/sto-6g/F-F_1.28_sto-6g_as-016-002.tensors.npz,F-F,1.28,sto-6g,16,2,18,1027,1883,jw,random_groups,9,1660266936,1883,554688,0.313046481664064,47,"[51,38,34,36,31,27,132,48,54,50,48,42,42,38,40,30,70,54,41,51,66,52,46,42,20,40,34,34,25,29,26,16,51,36,70,62,53,50,32,16,20,22,22,20,16,20,6]","[30,31,33,6,1,46,7,29,16,28,34,15,20,11,37,26,22,23,0,42,44,18,38,19,39,41,45,35,14,9,4,10,43,8,36,3,25,13,27,40,2,17,21,12,32,24,5]",3af4a17aa5f57c28,473513d9e14ebea6,100,0.01,1.0,188300,2.148996899294864,0.010744984496474319,0.16952476337854033,3.80830024369061e-05,0.005911292006203439,81,0.1915337080063182,0.0015242910012602806,34.245094165999035,0.9999867103193503,2.6579184683850343e-05,1.8629343424241809,0.0051555175588355205,1.4584122776106767e-07,1.4584122765004537e-07,0.04709576352610426,3.367374568169328,1e-12
success,,F-F_1.28_sto-6g_as-016-002,hamiltonian_generator/extended_diatomic_20q_library/F-F/1.28/sto-6g/F-F_1.28_sto-6g_as-016-002.tensors.npz,F-F,1.28,sto-6g,16,2,18,1027,1883,fermionic,random_groups,9,3136468736,1027,254142,0.48237926852184015,84,"[15,17,14,15,15,15,12,12,9,14,15,16,16,12,12,11,12,13,13,12,13,11,12,10,12,14,10,9,9,9,17,8,11,9,9,13,12,11,10,10,10,9,12,12,12,10,12,10,11,12,12,12,12,11,11,11,11,11,12,12,12,12,12,26,8,13,17,18,12,12,7,6,6,16,12,12,25,18,21,24,12,5,6,1]","[42,82,27,69,43,76,10,5,61,59,33,71,36,73,8,78,72,14,70,31,53,77,32,20,49,0,24,11,34,19,54,63,41,2,13,74,18,68,52,37,47,80,44,64,35,83,38,16,4,48,17,3,12,60,26,79,9,7,46,23,75,40,81,65,29,51,67,6,56,57,28,45,15,62,50,25,66,39,22,30,55,58,1,21]",ec2bc1eb641b10eb,b7a3ff0fbc35b3da,100,0.01,1.0,188300,1.956904163111588,0.00978452081555794,0.14057260191979176,3.866699989885092e-05,0.005822250001074281,81,0.1915337080063182,0.0015242910012602806,34.58264570799656,0.9999919317504485,1.613643400621978e-05,1.8628125253194991,0.004017026151635758,0.0,0.0,0.028592211881249628,0.86172983414247,1e-12
success,,F-F_1.28_sto-6g_as-016-002,hamiltonian_generator/extended_diatomic_20q_library/F-F/1.28/sto-6g/F-F_1.28_sto-6g_as-016-002.tensors.npz,F-F,1.28,sto-6g,16,2,18,1027,1883,jw,random_groups,10,2899134699,1883,554688,0.313046481664064,47,"[51,38,34,36,31,27,132,48,54,50,48,42,42,38,40,30,70,54,41,51,66,52,46,42,20,40,34,34,25,29,26,16,51,36,70,62,53,50,32,16,20,22,22,20,16,20,6]","[43,22,28,4,31,15,34,14,29,46,45,24,16,3,8,33,17,27,21,37,40,13,19,10,32,41,25,11,30,35,6,2,18,7,0,36,5,39,42,23,26,12,1,9,38,20,44]",8df72da228ff1d49,185a649b91502cda,100,0.01,1.0,188300,3.717469142982029,0.018587345714910143,0.5072900145522086,3.425000613788143e-05,0.005319459000020288,81,0.1915337080063182,0.0015242910012602806,34.50212908299727,0.999956350045259,8.72980041635163e-05,1.8620761554143745,0.009343442057512096,2.5550388499384624e-06,2.55503884982744e-06,0.15468368233597163,11.059973530744895,1e-12
success,,F-F_1.28_sto-6g_as-016-002,hamiltonian_generator/extended_diatomic_20q_library/F-F/1.28/sto-6g/F-F_1.28_sto-6g_as-016-002.tensors.npz,F-F,1.28,sto-6g,16,2,18,1027,1883,fermionic,random_groups,10,1912219540,1027,254142,0.48237926852184015,84,"[15,17,14,15,15,15,12,12,9,14,15,16,16,12,12,11,12,13,13,12,13,11,12,10,12,14,10,9,9,9,17,8,11,9,9,13,12,11,10,10,10,9,12,12,12,10,12,10,11,12,12,12,12,11,11,11,11,11,12,12,12,12,12,26,8,13,17,18,12,12,7,6,6,16,12,12,25,18,21,24,12,5,6,1]","[65,17,68,59,8,18,56,78,11,64,74,76,63,33,48,69,22,0,30,3,50,81,71,5,82,34,24,9,36,83,43,66,62,51,75,37,41,70,27,35,73,39,58,13,7,61,28,46,31,1,15,19,53,57,40,25,77,55,47,38,29,49,10,80,44,12,60,21,72,54,42,79,52,67,20,23,16,2,4,32,14,6,45,26]",cf838f760bda7a12,d435a13e5c1839b7,100,0.01,1.0,188300,2.1803959712754075,0.010901979856377038,0.1745148189159777,3.779200051212683e-05,0.005163875001017004,81,0.1915337080063182,0.0015242910012602806,34.62350945799699,0.9999776925422157,4.461441794589849e-05,1.8631815529211313,0.006679439764577512,0.0,0.0,0.07905246539452686,2.3825322845222874,1e-12
success,,F-F_1.28_sto-6g_as-016-002,hamiltonian_generator/extended_diatomic_20q_library/F-F/1.28/sto-6g/F-F_1.28_sto-6g_as-016-002.tensors.npz,F-F,1.28,sto-6g,16,2,18,1027,1883,jw,random_groups,11,1080384583,1883,554688,0.313046481664064,47,"[51,38,34,36,31,27,132,48,54,50,48,42,42,38,40,30,70,54,41,51,66,52,46,42,20,40,34,34,25,29,26,16,51,36,70,62,53,50,32,16,20,22,22,20,16,20,6]","[39,4,27,35,44,29,23,21,1,25,43,15,24,10,11,37,33,7,32,22,42,46,26,31,14,16,30,20,3,2,34,40,8,6,9,12,41,38,0,19,18,45,5,28,36,17,13]",0bc1d430932a743d,5dd64ae8f8b8461f,100,0.01,1.0,188300,3.357060667438139,0.016785303337190697,0.4136946919411272,3.1584000680595636e-05,0.005131666002853308,81,0.1915337080063182,0.0015242910012602806,34.831433583000035,0.9999637840066964,7.243067500906086e-05,1.8621167488527166,0.008510698361898645,1.2133629512245392e-06,1.2133629512245392e-06,0.12834020241168234,9.176399347156986,1e-12
success,,F-F_1.28_sto-6g_as-016-002,hamiltonian_generator/extended_diatomic_20q_library/F-F/1.28/sto-6g/F-F_1.28_sto-6g_as-016-002.tensors.npz,F-F,1.28,sto-6g,16,2,18,1027,1883,fermionic,random_groups,11,1712851842,1027,254142,0.48237926852184015,84,"[15,17,14,15,15,15,12,12,9,14,15,16,16,12,12,11,12,13,13,12,13,11,12,10,12,14,10,9,9,9,17,8,11,9,9,13,12,11,10,10,10,9,12,12,12,10,12,10,11,12,12,12,12,11,11,11,11,11,12,12,12,12,12,26,8,13,17,18,12,12,7,6,6,16,12,12,25,18,21,24,12,5,6,1]","[15,82,20,37,27,19,63,62,17,31,64,79,40,4,59,7,44,10,47,56,81,2,8,66,45,58,0,29,23,71,22,43,41,77,9,1,14,75,24,72,60,5,26,11,42,48,46,3,6,53,73,65,21,49,32,68,54,33,12,18,61,55,69,13,28,83,39,80,51,25,38,67,30,76,50,74,35,16,70,34,52,36,78,57]",288456b423c2f00e,978b0ea336eb2d7a,100,0.01,1.0,188300,1.8263383644845623,0.009131691822422811,0.12244020648728302,3.166699752910063e-05,0.005987083997752052,81,0.1915337080063182,0.0015242910012602806,35.08526724999683,0.9999960764488044,7.847086996970454e-06,1.8627175601579187,0.002801267997034895,0.0,0.0,0.013904284799324094,0.419055968238983,1e-12
success,,F-F_1.28_sto-6g_as-016-002,hamiltonian_generator/extended_diatomic_20q_library/F-F/1.28/sto-6g/F-F_1.28_sto-6g_as-016-002.tensors.npz,F-F,1.28,sto-6g,16,2,18,1027,1883,jw,random_groups,12,3061551492,1883,554688,0.313046481664064,47,"[51,38,34,36,31,27,132,48,54,50,48,42,42,38,40,30,70,54,41,51,66,52,46,42,20,40,34,34,25,29,26,16,51,36,70,62,53,50,32,16,20,22,22,20,16,20,6]","[1,19,6,20,8,4,39,30,18,2,23,3,14,24,41,12,25,13,42,11,35,37,21,9,44,7,38,5,33,46,28,16,31,10,36,34,27,26,17,0,43,45,15,29,40,22,32]",927d0750f03f4b17,1b9342009c01b342,100,0.01,1.0,188300,2.8066683137185064,0.014033341568592532,0.28916368620317845,3.504200140014291e-05,0.005280541998217814,81,0.1915337080063182,0.0015242910012602806,34.6443957090014,0.9999772282371788,4.554300708914383e-05,1.8626637444896916,0.006748594345665193,1.3040948503295624e-06,1.3040948504405847e-06,0.08069783620718998,5.769942368590446,1e-12
success,,F-F_1.28_sto-6g_as-016-002,hamiltonian_generator/extended_diatomic_20q_library/F-F/1.28/sto-6g/F-F_1.28_sto-6g_as-016-002.tensors.npz,F-F,1.28,sto-6g,16,2,18,1027,1883,fermionic,random_groups,12,1608290837,1027,254142,0.48237926852184015,84,"[15,17,14,15,15,15,12,12,9,14,15,16,16,12,12,11,12,13,13,12,13,11,12,10,12,14,10,9,9,9,17,8,11,9,9,13,12,11,10,10,10,9,12,12,12,10,12,10,11,12,12,12,12,11,11,11,11,11,12,12,12,12,12,26,8,13,17,18,12,12,7,6,6,16,12,12,25,18,21,24,12,5,6,1]","[35,14,40,31,80,12,30,58,83,29,37,33,61,70,73,13,3,1,44,21,25,47,51,9,81,72,52,41,38,50,62,20,77,53,49,32,63,10,46,65,56,7,48,45,64,28,2,67,18,42,57,6,19,23,15,24,71,22,4,55,16,27,66,43,59,34,39,69,0,75,26,54,17,5,8,79,68,36,76,11,74,60,78,82]",e242655c8989f8f9,aca4502735854428,100,0.01,1.0,188300,5.106033093293664,0.025530165466468323,0.9570372010683803,3.591700078686699e-05,0.005761000000347849,81,0.1915337080063182,0.0015242910012602806,34.79046212500543,0.999750478377832,0.0004989809832960379,1.8641202300569337,0.02233927582389181,0.0,0.0,0.8841463977490567,26.646953088284754,1e-12
success,,F-F_1.28_sto-6g_as-016-002,hamiltonian_generator/extended_diatomic_20q_library/F-F/1.28/sto-6g/F-F_1.28_sto-6g_as-016-002.tensors.npz,F-F,1.28,sto-6g,16,2,18,1027,1883,jw,random_groups,13,4085994837,1883,554688,0.313046481664064,47,"[51,38,34,36,31,27,132,48,54,50,48,42,42,38,40,30,70,54,41,51,66,52,46,42,20,40,34,34,25,29,26,16,51,36,70,62,53,50,32,16,20,22,22,20,16,20,6]","[20,36,30,0,11,29,18,38,32,43,6,19,37,31,14,42,23,12,17,40,10,44,3,35,7,28,5,34,21,2,4,25,41,1,39,27,45,16,8,9,24,13,15,33,22,46,26]",2d9b4b6046519924,db40e44ce0dcaf44,100,0.01,1.0,188300,5.594841299151616,0.027974206495758082,1.1490452008566427,3.724999987753108e-05,0.005594291003944818,81,0.1915337080063182,0.0015242910012602806,34.84956470799807,0.999751451885741,0.0004970344523529402,1.8643608483972642,0.02229565492462629,1.2584835419326978e-06,1.2584835420437201e-06,0.8806973317945214,62.970373029320584,1e-12
success,,F-F_1.28_sto-6g_as-016-002,hamiltonian_generator/extended_diatomic_20q_library/F-F/1.28/sto-6g/F-F_1.28_sto-6g_as-016-002.tensors.npz,F-F,1.28,sto-6g,16,2,18,1027,1883,fermionic,random_groups,13,784840352,1027,254142,0.48237926852184015,84,"[15,17,14,15,15,15,12,12,9,14,15,16,16,12,12,11,12,13,13,12,13,11,12,10,12,14,10,9,9,9,17,8,11,9,9,13,12,11,10,10,10,9,12,12,12,10,12,10,11,12,12,12,12,11,11,11,11,11,12,12,12,12,12,26,8,13,17,18,12,12,7,6,6,16,12,12,25,18,21,24,12,5,6,1]","[46,20,36,16,6,40,8,15,72,59,27,24,19,5,30,35,66,22,21,23,13,47,68,44,17,52,33,51,61,4,71,78,1,43,60,34,14,2,73,58,32,49,81,37,54,76,25,53,39,11,50,29,48,3,80,41,55,70,45,77,26,82,67,7,9,62,75,74,56,12,28,65,31,18,10,57,0,83,64,79,42,63,69,38]",993f56259e23e1bb,038752317c7e58e5,100,0.01,1.0,188300,1.6181086368900195,0.008090543184450098,0.09611184653203683,3.51249982486479e-05,0.0055255419938475825,81,0.1915337080063182,0.0015242910012602806,34.86840908299928,0.9999974939040374,5.012185644748257e-06,1.8627848382065,0.002238792515013374,0.0,0.0,0.008881111767789674,0.2676644606035863,1e-12
success,,F-F_1.28_sto-6g_as-016-002,hamiltonian_generator/extended_diatomic_20q_library/F-F/1.28/sto-6g/F-F_1.28_sto-6g_as-016-002.tensors.npz,F-F,1.28,sto-6g,16,2,18,1027,1883,jw,random_groups,14,1689819467,1883,554688,0.313046481664064,47,"[51,38,34,36,31,27,132,48,54,50,48,42,42,38,40,30,70,54,41,51,66,52,46,42,20,40,34,34,25,29,26,16,51,36,70,62,53,50,32,16,20,22,22,20,16,20,6]","[39,2,23,29,33,16,22,41,1,15,12,21,0,14,44,35,8,28,32,11,25,42,37,46,30,10,31,27,9,45,36,38,4,20,3,34,17,7,26,43,19,6,13,24,18,40,5]",cc3e8f8a75990498,8029c5c5e73753ec,100,0.01,1.0,188300,5.479471574123764,0.02739735787061882,1.1021454845422596,3.412499791011214e-05,0.006123749997641426,81,0.1915337080063182,0.0015242910012602806,34.90497462499479,0.9997866372775274,0.0004266799212939709,1.8643685625281874,0.020657333926362906,1.0664713514518809e-06,1.0664713513408586e-06,0.7560358571422754,54.0570048631631,1e-12
success,,F-F_1.28_sto-6g_as-016-002,hamiltonian_generator/extended_diatomic_20q_library/F-F/1.28/sto-6g/F-F_1.28_sto-6g_as-016-002.tensors.npz,F-F,1.28,sto-6g,16,2,18,1027,1883,fermionic,random_groups,14,496154559,1027,254142,0.48237926852184015,84,"[15,17,14,15,15,15,12,12,9,14,15,16,16,12,12,11,12,13,13,12,13,11,12,10,12,14,10,9,9,9,17,8,11,9,9,13,12,11,10,10,10,9,12,12,12,10,12,10,11,12,12,12,12,11,11,11,11,11,12,12,12,12,12,26,8,13,17,18,12,12,7,6,6,16,12,12,25,18,21,24,12,5,6,1]","[9,41,2,1,38,11,33,29,50,69,60,76,15,80,17,0,24,58,57,42,26,40,7,46,37,4,52,62,35,36,51,34,66,56,64,13,20,49,27,53,78,55,14,63,6,77,32,48,81,8,82,10,54,3,23,59,30,5,71,21,83,25,45,75,28,22,73,70,16,39,43,65,19,72,44,47,31,18,12,74,68,67,61,79]",24b211366f609c77,591431bb9d2afc18,100,0.01,1.0,188300,1.8257666990095816,0.009128833495047908,0.1223635680225235,3.5832999856211245e-05,0.00548029100173153,81,0.1915337080063182,0.0015242910012602806,34.51504991699767,0.9999943822832642,1.1235401912834675e-05,1.8626189284337258,0.0033519298130465507,0.0,0.0,0.019908053535182723,0.6000012780481201,1e-12
success,,F-F_1.28_sto-6g_as-016-002,hamiltonian_generator/extended_diatomic_20q_library/F-F/1.28/sto-6g/F-F_1.28_sto-6g_as-016-002.tensors.npz,F-F,1.28,sto-6g,16,2,18,1027,1883,jw,random_groups,15,1681282760,1883,554688,0.313046481664064,47,"[51,38,34,36,31,27,132,48,54,50,48,42,42,38,40,30,70,54,41,51,66,52,46,42,20,40,34,34,25,29,26,16,51,36,70,62,53,50,32,16,20,22,22,20,16,20,6]","[1,37,11,7,27,34,42,38,28,25,35,0,20,23,26,44,39,8,17,40,19,18,4,24,46,33,13,36,16,9,21,3,29,14,45,31,5,43,12,32,10,15,6,2,30,41,22]",4249a8a6d12e518c,c99cb84c2c08b188,100,0.01,1.0,188300,3.495588314907646,0.01747794157453823,0.44854097934832454,3.55829979525879e-05,0.00606770900049014,81,0.1915337080063182,0.0015242910012602806,34.43769337500271,0.9999218988626788,0.00015619617485473913,1.8636388699807869,0.012498090839900873,4.129810169395398e-07,4.129810170505621e-07,0.2767646262343961,19.788832242501435,1e-12
success,,F-F_1.28_sto-6g_as-016-002,hamiltonian_generator/extended_diatomic_20q_library/F-F/1.28/sto-6g/F-F_1.28_sto-6g_as-016-002.tensors.npz,F-F,1.28,sto-6g,16,2,18,1027,1883,fermionic,random_groups,15,3060556930,1027,254142,0.48237926852184015,84,"[15,17,14,15,15,15,12,12,9,14,15,16,16,12,12,11,12,13,13,12,13,11,12,10,12,14,10,9,9,9,17,8,11,9,9,13,12,11,10,10,10,9,12,12,12,10,12,10,11,12,12,12,12,11,11,11,11,11,12,12,12,12,12,26,8,13,17,18,12,12,7,6,6,16,12,12,25,18,21,24,12,5,6,1]","[58,24,41,10,59,53,22,4,42,14,48,11,30,38,40,45,21,51,47,20,52,0,34,35,31,66,74,13,6,1,23,46,65,56,62,76,73,77,75,18,26,54,19,81,12,79,5,2,80,83,32,15,49,16,43,36,8,44,9,7,27,61,33,72,3,17,71,25,78,57,39,68,55,67,70,50,28,82,37,64,63,60,29,69]",2a2dec957261a15b,e0202e05f7c6a8db,100,0.01,1.0,188300,1.749792928382304,0.00874896464191152,0.11239186639074229,4.150000313529745e-05,0.006021540997608099,81,0.1915337080063182,0.0015242910012602806,34.49833200000285,0.9999972881739473,5.423644751423318e-06,1.8625588091002616,0.002328873570082672,0.0,0.0,0.009610177802701006,0.2896375054296514,1e-12
success,,F-F_1.28_sto-6g_as-016-002,hamiltonian_generator/extended_diatomic_20q_library/F-F/1.28/sto-6g/F-F_1.28_sto-6g_as-016-002.tensors.npz,F-F,1.28,sto-6g,16,2,18,1027,1883,jw,random_groups,16,2087612198,1883,554688,0.313046481664064,47,"[51,38,34,36,31,27,132,48,54,50,48,42,42,38,40,30,70,54,41,51,66,52,46,42,20,40,34,34,25,29,26,16,51,36,70,62,53,50,32,16,20,22,22,20,16,20,6]","[39,20,18,24,35,37,45,14,42,30,41,13,1,43,16,38,23,32,33,11,3,4,12,21,27,15,2,10,44,6,25,8,9,26,36,46,0,19,31,7,17,40,5,29,34,28,22]",0170adede7efb2db,d784a8e114fbef66,100,0.01,1.0,188300,3.1727120649814715,0.015863560324907357,0.36950718649110637,2.950000634882599e-05,0.005653166001138743,81,0.1915337080063182,0.0015242910012602806,34.329772416000196,0.9999718558538201,5.628750026687168e-05,1.8622232353996282,0.0075025523896750275,1.3638280449423945e-06,1.3638280450534168e-06,0.09973604659343904,7.131185518254597,1e-12
success,,F-F_1.28_sto-6g_as-016-002,hamiltonian_generator/extended_diatomic_20q_library/F-F/1.28/sto-6g/F-F_1.28_sto-6g_as-016-002.tensors.npz,F-F,1.28,sto-6g,16,2,18,1027,1883,fermionic,random_groups,16,1778194441,1027,254142,0.48237926852184015,84,"[15,17,14,15,15,15,12,12,9,14,15,16,16,12,12,11,12,13,13,12,13,11,12,10,12,14,10,9,9,9,17,8,11,9,9,13,12,11,10,10,10,9,12,12,12,10,12,10,11,12,12,12,12,11,11,11,11,11,12,12,12,12,12,26,8,13,17,18,12,12,7,6,6,16,12,12,25,18,21,24,12,5,6,1]","[1,74,0,28,66,52,62,69,19,68,54,81,20,50,61,48,24,72,32,42,40,80,75,17,30,6,78,51,15,27,14,43,56,31,79,47,53,67,26,37,59,5,7,73,22,16,10,8,21,3,58,29,25,65,60,49,45,11,38,4,39,18,55,41,63,44,13,46,76,34,12,82,71,9,2,35,64,33,57,23,77,70,83,36]",35277757c8859669,a19075ccd9972fca,100,0.01,1.0,188300,2.74345531735711,0.01371727658678555,0.2762850284154631,3.9457998354919255e-05,0.005637458001729101,81,0.1915337080063182,0.0015242910012602806,34.22525958299957,0.9999571314687099,8.573522486921004e-05,1.862529133891907,0.009259431007367215,0.0,0.0,0.1519145874610314,4.578496158335509,1e-12
success,,F-F_1.28_sto-6g_as-016-002,hamiltonian_generator/extended_diatomic_20q_library/F-F/1.28/sto-6g/F-F_1.28_sto-6g_as-016-002.tensors.npz,F-F,1.28,sto-6g,16,2,18,1027,1883,jw,random_groups,17,3177386084,1883,554688,0.313046481664064,47,"[51,38,34,36,31,27,132,48,54,50,48,42,42,38,40,30,70,54,41,51,66,52,46,42,20,40,34,34,25,29,26,16,51,36,70,62,53,50,32,16,20,22,22,20,16,20,6]","[41,12,1,21,18,38,23,5,30,19,25,28,42,43,2,33,3,6,24,22,0,39,13,17,8,10,9,31,11,29,32,4,40,36,44,14,7,46,20,15,37,35,27,45,16,34,26]",d95eedc3f00209c1,6b02d640dfa5f452,100,0.01,1.0,188300,3.0386420335193796,0.015193210167596899,0.33893830355840937,4.462499782675877e-05,0.005359374998079147,81,0.1915337080063182,0.0015242910012602806,34.1235045420035,0.9999855510361044,2.8897719018594614e-05,1.8627906720037346,0.0053756792864855145,1.8615527564991297e-06,1.8615527564991297e-06,0.051203983776464915,3.661114712839343,1e-12
success,,F-F_1.28_sto-6g_as-016-002,hamiltonian_generator/extended_diatomic_20q_library/F-F/1.28/sto-6g/F-F_1.28_sto-6g_as-016-002.tensors.npz,F-F,1.28,sto-6g,16,2,18,1027,1883,fermionic,random_groups,17,3791310055,1027,254142,0.48237926852184015,84,"[15,17,14,15,15,15,12,12,9,14,15,16,16,12,12,11,12,13,13,12,13,11,12,10,12,14,10,9,9,9,17,8,11,9,9,13,12,11,10,10,10,9,12,12,12,10,12,10,11,12,12,12,12,11,11,11,11,11,12,12,12,12,12,26,8,13,17,18,12,12,7,6,6,16,12,12,25,18,21,24,12,5,6,1]","[58,82,64,8,68,53,30,22,42,13,37,23,14,57,50,47,1,28,67,83,49,12,52,46,27,54,69,65,70,59,31,40,18,21,51,39,4,9,43,6,60,80,41,48,76,44,45,75,34,62,26,74,35,38,19,55,73,0,20,25,10,7,11,63,17,24,2,3,16,29,71,72,32,5,79,77,66,81,33,15,61,78,36,56]",1af2ac88f0d6ed97,ca6aae5e20583a4b,100,0.01,1.0,188300,2.5161764207975046,0.012580882103987523,0.23240407867164317,3.570800618035719e-05,0.006156707997433841,81,0.1915337080063182,0.0015242910012602806,34.61267316700105,0.9999624618736704,7.507484354818406e-05,1.8625006550665715,0.008664655368745089,0.0,0.0,0.13302541520970224,4.009202557027914,1e-12
success,,F-F_1.28_sto-6g_as-016-002,hamiltonian_generator/extended_diatomic_20q_library/F-F/1.28/sto-6g/F-F_1.28_sto-6g_as-016-002.tensors.npz,F-F,1.28,sto-6g,16,2,18,1027,1883,jw,random_groups,18,3465520178,1883,554688,0.313046481664064,47,"[51,38,34,36,31,27,132,48,54,50,48,42,42,38,40,30,70,54,41,51,66,52,46,42,20,40,34,34,25,29,26,16,51,36,70,62,53,50,32,16,20,22,22,20,16,20,6]","[17,46,26,27,3,24,37,15,5,44,28,12,33,14,23,8,18,45,20,35,16,4,40,42,39,2,19,11,1,13,21,0,43,9,32,31,30,22,41,7,25,36,10,29,34,6,38]",ef6a91961103d1ea,276e4a096fa06916,100,0.01,1.0,188300,3.5884505531415143,0.017942252765707573,0.47268900628596255,4.025000089313835e-05,0.006367791997035965,81,0.1915337080063182,0.0015242910012602806,33.692162749997806,0.9999279201266779,0.00014415455113614417,1.8635233536944629,0.01200665426520973,5.996414258468974e-07,5.996414258468974e-07,0.25542802506070195,18.26325281063501,1e-12
success,,F-F_1.28_sto-6g_as-016-002,hamiltonian_generator/extended_diatomic_20q_library/F-F/1.28/sto-6g/F-F_1.28_sto-6g_as-016-002.tensors.npz,F-F,1.28,sto-6g,16,2,18,1027,1883,fermionic,random_groups,18,4141611203,1027,254142,0.48237926852184015,84,"[15,17,14,15,15,15,12,12,9,14,15,16,16,12,12,11,12,13,13,12,13,11,12,10,12,14,10,9,9,9,17,8,11,9,9,13,12,11,10,10,10,9,12,12,12,10,12,10,11,12,12,12,12,11,11,11,11,11,12,12,12,12,12,26,8,13,17,18,12,12,7,6,6,16,12,12,25,18,21,24,12,5,6,1]","[74,16,34,83,62,54,13,9,47,41,36,48,63,81,64,11,12,32,45,65,42,39,33,27,1,49,66,76,60,37,14,52,67,40,29,78,80,10,51,59,28,35,5,56,69,30,3,43,61,6,38,44,58,77,17,50,2,23,72,19,71,55,73,79,0,25,53,15,31,82,68,70,22,57,21,75,26,4,46,24,8,7,18,20]",0479eba556475322,7fba71bab7b488ce,100,0.01,1.0,188300,1.8356972947694394,0.009178486473847197,0.12369829254739248,2.462499833200127e-05,0.005378374997235369,81,0.1915337080063182,0.0015242910012602806,33.402807833001134,0.9999954634699575,9.07303950492544e-06,1.8627167761584573,0.003012152068707459,0.0,0.0,0.016076554945893485,0.4845251946454735,1e-12
success,,F-F_1.28_sto-6g_as-016-002,hamiltonian_generator/extended_diatomic_20q_library/F-F/1.28/sto-6g/F-F_1.28_sto-6g_as-016-002.tensors.npz,F-F,1.28,sto-6g,16,2,18,1027,1883,jw,random_groups,19,2340880662,1883,554688,0.313046481664064,47,"[51,38,34,36,31,27,132,48,54,50,48,42,42,38,40,30,70,54,41,51,66,52,46,42,20,40,34,34,25,29,26,16,51,36,70,62,53,50,32,16,20,22,22,20,16,20,6]","[8,46,38,25,41,32,5,23,43,34,3,9,17,21,37,24,28,16,33,1,19,18,44,13,45,14,31,12,30,10,11,2,4,29,27,26,20,6,22,42,36,39,0,7,40,15,35]",127ca98165f3b89f,667930420dc07e0f,100,0.01,1.0,188300,3.690166383288646,0.01845083191644323,0.49986584773617243,2.479200338711962e-05,0.005677958994056098,81,0.1915337080063182,0.0015242910012602806,34.06696525000007,0.9999863400745248,2.731966435687294e-05,1.8625049909203901,0.00522683948006741,4.750505554484974e-06,4.750505554373952e-06,0.04840782241697568,3.4611875443325015,1e-12
success,,F-F_1.28_sto-6g_as-016-002,hamiltonian_generator/extended_diatomic_20q_library/F-F/1.28/sto-6g/F-F_1.28_sto-6g_as-016-002.tensors.npz,F-F,1.28,sto-6g,16,2,18,1027,1883,fermionic,random_groups,19,962106099,1027,254142,0.48237926852184015,84,"[15,17,14,15,15,15,12,12,9,14,15,16,16,12,12,11,12,13,13,12,13,11,12,10,12,14,10,9,9,9,17,8,11,9,9,13,12,11,10,10,10,9,12,12,12,10,12,10,11,12,12,12,12,11,11,11,11,11,12,12,12,12,12,26,8,13,17,18,12,12,7,6,6,16,12,12,25,18,21,24,12,5,6,1]","[73,71,46,26,3,16,31,74,72,48,56,34,81,17,0,15,65,55,6,19,69,64,20,18,58,4,79,27,62,44,82,47,8,76,21,70,36,51,59,35,12,49,13,57,41,29,23,43,37,5,78,53,14,77,2,67,38,61,52,22,42,83,40,1,50,10,66,54,32,11,25,33,60,45,39,30,68,9,7,75,24,28,63,80]",8957a087c2420fc1,6bd78cb7e1247587,100,0.01,1.0,188300,2.230186703259652,0.011150933516298261,0.182576136802521,3.745800495380536e-05,0.005680041998857632,81,0.1915337080063182,0.0015242910012602806,34.16885041700152,0.9999819580872836,3.6083499922123785e-05,1.8627781451023313,0.00600698139107674,0.0,0.0,0.06393649766687899,1.926957863874156,1e-12
success,,F-F_1.28_sto-6g_as-018-002,hamiltonian_generator/extended_diatomic_20q_library/F-F/1.28/sto-6g/F-F_1.28_sto-6g_as-018-002.tensors.npz,F-F,1.28,sto-6g,18,2,20,1580,2950,baseline,jw_raw,-1,-1,,,,,[],[],4f53cda18c2baa0c,c2dbc90c4fad40a5,100,0.01,1.0,295000,7.725556627362345,0.03862778313681173,1.0,2.1624997316394e-05,0.01265820900152903,100,0.3096524160064291,0.0016711659991415218,105.93511462499737,0.9994531444018108,0.0010934121453332057,0.8795553001623587,0.03307130472748945,0.0,0.0,1.0,,1e-12
success,,F-F_1.28_sto-6g_as-018-002,hamiltonian_generator/extended_diatomic_20q_library/F-F/1.28/sto-6g/F-F_1.28_sto-6g_as-018-002.tensors.npz,F-F,1.28,sto-6g,18,2,20,1580,2950,jw,current,-1,-1,2950,1272112,0.2924546671954297,70,"[58,42,46,44,32,172,37,156,42,37,156,34,26,16,34,34,48,48,40,40,64,64,48,48,64,64,52,52,52,48,40,40,30,26,24,108,24,88,24,24,104,52,56,46,38,36,16,32,32,32,24,20,16,24,24,16,16,16,16,16,16,8,16,16,16,12,36,28,16,28]","[0,1,2,3,4,5,6,7,8,9,10,11,12,13,14,15,16,17,18,19,20,21,22,23,24,25,26,27,28,29,30,31,32,33,34,35,36,37,38,39,40,41,42,43,44,45,46,47,48,49,50,51,52,53,54,55,56,57,58,59,60,61,62,63,64,65,66,67,68,69]",c1bc104606a9593e,ee375a745b683b22,100,0.01,1.0,295000,21.021691545792024,0.10510845772896012,7.40415937287403,4.9540998588781804e-05,0.013918584001658019,100,0.3096524160064291,0.0016711659991415218,107.64179462500033,0.9999810480329157,3.7903574991671185e-05,0.8781638751324592,0.0061566171042783426,1.428929190772088e-05,1.428929190772088e-05,0.03466540512966451,1.0,1e-12
success,,F-F_1.28_sto-6g_as-018-002,hamiltonian_generator/extended_diatomic_20q_library/F-F/1.28/sto-6g/F-F_1.28_sto-6g_as-018-002.tensors.npz,F-F,1.28,sto-6g,18,2,20,1580,2950,fermionic,current,-1,-1,1580,580828,0.46562717951595706,125,"[16,16,12,14,18,10,17,18,12,20,14,14,15,12,13,14,12,13,14,12,13,15,15,11,11,12,11,11,11,13,12,11,11,13,12,11,12,10,13,11,14,10,10,10,10,11,12,11,10,20,15,15,16,15,13,12,14,10,10,12,10,11,9,9,11,11,10,11,9,9,8,10,9,9,12,10,9,11,13,9,9,10,10,11,11,11,11,11,11,8,11,11,11,14,13,10,9,12,11,10,8,10,10,13,14,12,12,12,12,14,12,16,13,9,4,21,53,38,39,20,12,11,9,8,8]","[0,1,2,3,4,5,6,7,8,9,10,11,12,13,14,15,16,17,18,19,20,21,22,23,24,25,26,27,28,29,30,31,32,33,34,35,36,37,38,39,40,41,42,43,44,45,46,47,48,49,50,51,52,53,54,55,56,57,58,59,60,61,62,63,64,65,66,67,68,69,70,71,72,73,74,75,76,77,78,79,80,81,82,83,84,85,86,87,88,89,90,91,92,93,94,95,96,97,98,99,100,101,102,103,104,105,106,107,108,109,110,111,112,113,114,115,116,117,118,119,120,121,122,123,124]",e687dacdd455d217,1434effe6029ac44,100,0.01,1.0,295000,3.9144588540527625,0.019572294270263812,0.25673430572420525,5.929199687670916e-05,0.014317041997855995,100,0.3096524160064291,0.0016711659991415218,119.87279204200604,0.9999541976880458,9.160252605655561e-05,0.8775463780486138,0.009571030451750574,0.0,0.0,0.08377675924629566,1.0,1e-12
success,,F-F_1.28_sto-6g_as-018-002,hamiltonian_generator/extended_diatomic_20q_library/F-F/1.28/sto-6g/F-F_1.28_sto-6g_as-018-002.tensors.npz,F-F,1.28,sto-6g,18,2,20,1580,2950,jw,reverse_groups,-1,-1,2950,1272112,0.2924546671954297,70,"[58,42,46,44,32,172,37,156,42,37,156,34,26,16,34,34,48,48,40,40,64,64,48,48,64,64,52,52,52,48,40,40,30,26,24,108,24,88,24,24,104,52,56,46,38,36,16,32,32,32,24,20,16,24,24,16,16,16,16,16,16,8,16,16,16,12,36,28,16,28]","[69,68,67,66,65,64,63,62,61,60,59,58,57,56,55,54,53,52,51,50,49,48,47,46,45,44,43,42,41,40,39,38,37,36,35,34,33,32,31,30,29,28,27,26,25,24,23,22,21,20,19,18,17,16,15,14,13,12,11,10,9,8,7,6,5,4,3,2,1,0]",3e5773b3ed4565dd,4cf6345304100097,100,0.01,1.0,295000,21.021691545792024,0.10510845772896012,7.40415937287403,6.84589977026917e-05,0.01682341700507095,100,0.3096524160064291,0.0016711659991415218,129.29529812499823,0.9999810133829165,3.797287367546254e-05,0.8783125798897524,0.0061622426248159915,1.4295358621296828e-05,1.4295358621296828e-05,0.03472878350358063,1.0018282888568315,1e-12
success,,F-F_1.28_sto-6g_as-018-002,hamiltonian_generator/extended_diatomic_20q_library/F-F/1.28/sto-6g/F-F_1.28_sto-6g_as-018-002.tensors.npz,F-F,1.28,sto-6g,18,2,20,1580,2950,fermionic,reverse_groups,-1,-1,1580,580828,0.46562717951595706,125,"[16,16,12,14,18,10,17,18,12,20,14,14,15,12,13,14,12,13,14,12,13,15,15,11,11,12,11,11,11,13,12,11,11,13,12,11,12,10,13,11,14,10,10,10,10,11,12,11,10,20,15,15,16,15,13,12,14,10,10,12,10,11,9,9,11,11,10,11,9,9,8,10,9,9,12,10,9,11,13,9,9,10,10,11,11,11,11,11,11,8,11,11,11,14,13,10,9,12,11,10,8,10,10,13,14,12,12,12,12,14,12,16,13,9,4,21,53,38,39,20,12,11,9,8,8]","[124,123,122,121,120,119,118,117,116,115,114,113,112,111,110,109,108,107,106,105,104,103,102,101,100,99,98,97,96,95,94,93,92,91,90,89,88,87,86,85,84,83,82,81,80,79,78,77,76,75,74,73,72,71,70,69,68,67,66,65,64,63,62,61,60,59,58,57,56,55,54,53,52,51,50,49,48,47,46,45,44,43,42,41,40,39,38,37,36,35,34,33,32,31,30,29,28,27,26,25,24,23,22,21,20,19,18,17,16,15,14,13,12,11,10,9,8,7,6,5,4,3,2,1,0]",437f50c5bc6a249d,795eb52fd60d5081,100,0.01,1.0,295000,6.806729855932668,0.03403364927966334,0.7762783411258994,6.0083002608735114e-05,0.017259542000829242,100,0.3096524160064291,0.0016711659991415218,127.74451024999871,0.9999108140292146,0.00017836398743353854,0.8785444460918549,0.013355595889771721,0.0,0.0,0.16312603458340405,1.947151406320566,1e-12
success,,F-F_1.28_sto-6g_as-018-002,hamiltonian_generator/extended_diatomic_20q_library/F-F/1.28/sto-6g/F-F_1.28_sto-6g_as-018-002.tensors.npz,F-F,1.28,sto-6g,18,2,20,1580,2950,jw,random_groups,0,3254658578,2950,1272112,0.2924546671954297,70,"[58,42,46,44,32,172,37,156,42,37,156,34,26,16,34,34,48,48,40,40,64,64,48,48,64,64,52,52,52,48,40,40,30,26,24,108,24,88,24,24,104,52,56,46,38,36,16,32,32,32,24,20,16,24,24,16,16,16,16,16,16,8,16,16,16,12,36,28,16,28]","[9,23,58,62,65,20,35,63,28,18,48,38,27,30,56,32,50,55,46,36,64,37,7,11,4,29,33,12,47,45,10,15,22,21,51,66,53,67,17,19,2,42,69,43,0,61,25,13,24,44,14,68,1,54,6,31,52,3,8,26,57,40,39,16,49,41,5,59,60,34]",76d2a3a32a48f63d,58a9f9c4f3c6c0b9,100,0.01,1.0,295000,52.521911998037176,0.26260955999018587,46.219101120377985,7.558299694210291e-05,0.01668341599724954,100,0.3096524160064291,0.0016711659991415218,122.6496232080026,0.9999223594817299,0.00015527500849010778,0.8779311206760014,0.012461181185592595,4.606710857446572e-05,4.60671085743547e-05,0.1420095881985922,4.0965795053428975,1e-12
success,,F-F_1.28_sto-6g_as-018-002,hamiltonian_generator/extended_diatomic_20q_library/F-F/1.28/sto-6g/F-F_1.28_sto-6g_as-018-002.tensors.npz,F-F,1.28,sto-6g,18,2,20,1580,2950,fermionic,random_groups,0,1187415456,1580,580828,0.46562717951595706,125,"[16,16,12,14,18,10,17,18,12,20,14,14,15,12,13,14,12,13,14,12,13,15,15,11,11,12,11,11,11,13,12,11,11,13,12,11,12,10,13,11,14,10,10,10,10,11,12,11,10,20,15,15,16,15,13,12,14,10,10,12,10,11,9,9,11,11,10,11,9,9,8,10,9,9,12,10,9,11,13,9,9,10,10,11,11,11,11,11,11,8,11,11,11,14,13,10,9,12,11,10,8,10,10,13,14,12,12,12,12,14,12,16,13,9,4,21,53,38,39,20,12,11,9,8,8]","[6,111,88,69,15,59,10,99,124,38,57,14,120,106,4,103,11,46,58,113,66,22,79,26,63,89,42,9,115,32,109,53,92,71,1,77,94,123,74,68,87,12,43,101,122,83,70,75,44,49,34,97,117,91,28,110,36,16,95,80,72,23,121,67,19,90,82,18,24,54,21,78,55,20,8,37,33,98,96,48,65,102,105,5,27,100,86,52,3,0,51,30,17,40,108,13,73,60,85,35,29,76,116,61,39,107,50,62,114,2,93,45,119,112,56,104,25,64,47,41,118,7,84,31,81]",41a4052196f77b11,ca5de5e68a37db9c,100,0.01,1.0,295000,2.688306405636748,0.013441532028183741,0.12108712655743573,6.208399281604216e-05,0.016993208999338094,100,0.3096524160064291,0.0016711659991415218,125.56081641699711,0.9999933922934606,1.321536941700785e-05,0.8789552104244224,0.0036353009612339854,0.0,0.0,0.01208635689059463,0.14426861338789554,1e-12
success,,F-F_1.28_sto-6g_as-018-002,hamiltonian_generator/extended_diatomic_20q_library/F-F/1.28/sto-6g/F-F_1.28_sto-6g_as-018-002.tensors.npz,F-F,1.28,sto-6g,18,2,20,1580,2950,jw,random_groups,1,2886226909,2950,1272112,0.2924546671954297,70,"[58,42,46,44,32,172,37,156,42,37,156,34,26,16,34,34,48,48,40,40,64,64,48,48,64,64,52,52,52,48,40,40,30,26,24,108,24,88,24,24,104,52,56,46,38,36,16,32,32,32,24,20,16,24,24,16,16,16,16,16,16,8,16,16,16,12,36,28,16,28]","[28,7,13,32,68,33,21,54,25,57,15,67,5,34,37,22,14,31,41,6,29,52,24,45,49,4,19,1,9,43,23,18,11,60,3,20,48,55,2,69,38,12,0,50,51,46,42,26,39,35,47,44,65,64,17,62,30,66,36,58,56,16,59,10,40,27,63,61,8,53]",9a8b02890fa69e52,7c4b876934591fcf,100,0.01,1.0,295000,13.761164426316014,0.06880582213158007,3.1728592559481235,5.745800444856286e-05,0.01694675000180723,100,0.3096524160064291,0.0016711659991415218,125.03419379199477,0.9999424594411153,0.00011507780685360292,0.8785986660318889,0.01072758676354928,8.571971467641326e-06,8.571971467530304e-06,0.10524650502993468,3.036067359843755,1e-12
success,,F-F_1.28_sto-6g_as-018-002,hamiltonian_generator/extended_diatomic_20q_library/F-F/1.28/sto-6g/F-F_1.28_sto-6g_as-018-002.tensors.npz,F-F,1.28,sto-6g,18,2,20,1580,2950,fermionic,random_groups,1,1859980034,1580,580828,0.46562717951595706,125,"[16,16,12,14,18,10,17,18,12,20,14,14,15,12,13,14,12,13,14,12,13,15,15,11,11,12,11,11,11,13,12,11,11,13,12,11,12,10,13,11,14,10,10,10,10,11,12,11,10,20,15,15,16,15,13,12,14,10,10,12,10,11,9,9,11,11,10,11,9,9,8,10,9,9,12,10,9,11,13,9,9,10,10,11,11,11,11,11,11,8,11,11,11,14,13,10,9,12,11,10,8,10,10,13,14,12,12,12,12,14,12,16,13,9,4,21,53,38,39,20,12,11,9,8,8]","[12,77,100,36,46,20,4,13,42,123,16,30,104,49,62,94,116,53,101,8,63,39,75,50,84,24,124,6,18,47,57,5,70,98,85,21,122,121,99,71,102,113,37,26,14,93,25,45,33,29,81,82,54,34,60,52,9,97,117,88,73,74,78,79,59,48,23,72,31,40,105,110,0,65,118,115,91,3,96,56,43,41,44,10,51,15,7,119,32,108,112,111,19,64,1,103,69,67,11,80,68,114,66,55,109,61,90,107,92,2,106,35,58,17,76,27,28,86,87,89,120,95,83,22,38]",b8a1d8f537a75716,0b504c3d0d67aa66,100,0.01,1.0,295000,2.7684826990423326,0.013842413495211663,0.12841745752552908,6.32920055068098e-05,0.016638582994346507,100,0.3096524160064291,0.0016711659991415218,125.10653466599615,0.9999759587832697,4.808185548044186e-05,0.8769608231260115,0.006934149800844375,0.0,0.0,0.04397413700374567,0.5248966109379561,1e-12
success,,F-F_1.28_sto-6g_as-018-002,hamiltonian_generator/extended_diatomic_20q_library/F-F/1.28/sto-6g/F-F_1.28_sto-6g_as-018-002.tensors.npz,F-F,1.28,sto-6g,18,2,20,1580,2950,jw,random_groups,2,730841937,2950,1272112,0.2924546671954297,70,"[58,42,46,44,32,172,37,156,42,37,156,34,26,16,34,34,48,48,40,40,64,64,48,48,64,64,52,52,52,48,40,40,30,26,24,108,24,88,24,24,104,52,56,46,38,36,16,32,32,32,24,20,16,24,24,16,16,16,16,16,16,8,16,16,16,12,36,28,16,28]","[25,65,1,68,22,17,24,37,41,38,58,10,64,43,28,7,53,16,57,4,11,34,5,23,54,67,32,0,69,52,9,14,48,56,35,63,18,46,19,13,62,2,66,45,21,8,27,59,50,31,29,55,26,15,12,51,20,61,49,60,36,33,6,42,47,3,40,39,44,30]",26b5cd997a679e3e,6f4ee6357daefe02,100,0.01,1.0,295000,40.48476459625851,0.20242382298129255,27.461463374137157,5.895800131838769e-05,0.01726862500072457,100,0.3096524160064291,0.0016711659991415218,120.60703333299898,0.9999657773778364,6.844407313932876e-05,0.878377783291226,0.008273164106141142,3.0351833095854097e-05,3.0351833095743075e-05,0.06259677417289997,1.8057418898974162,1e-12
success,,F-F_1.28_sto-6g_as-018-002,hamiltonian_generator/extended_diatomic_20q_library/F-F/1.28/sto-6g/F-F_1.28_sto-6g_as-018-002.tensors.npz,F-F,1.28,sto-6g,18,2,20,1580,2950,fermionic,random_groups,2,206917096,1580,580828,0.46562717951595706,125,"[16,16,12,14,18,10,17,18,12,20,14,14,15,12,13,14,12,13,14,12,13,15,15,11,11,12,11,11,11,13,12,11,11,13,12,11,12,10,13,11,14,10,10,10,10,11,12,11,10,20,15,15,16,15,13,12,14,10,10,12,10,11,9,9,11,11,10,11,9,9,8,10,9,9,12,10,9,11,13,9,9,10,10,11,11,11,11,11,11,8,11,11,11,14,13,10,9,12,11,10,8,10,10,13,14,12,12,12,12,14,12,16,13,9,4,21,53,38,39,20,12,11,9,8,8]","[87,89,5,39,34,55,24,4,64,0,111,40,9,41,74,45,112,123,27,108,19,102,122,37,72,80,67,85,121,42,50,100,58,2,83,107,117,8,118,71,28,70,38,44,77,48,76,52,124,59,119,15,90,32,96,16,29,25,10,14,7,56,6,13,36,79,105,43,17,84,94,88,53,1,63,54,23,101,33,20,91,106,46,99,81,30,18,110,104,57,31,103,21,26,113,97,11,78,120,75,86,22,62,60,114,51,61,109,73,65,47,69,35,98,116,68,12,115,93,49,82,92,95,3,66]",bbf153c4d907c272,90a867b1354a0e48,100,0.01,1.0,295000,3.4352563290146056,0.017176281645073028,0.1977237034740686,7.208299939520657e-05,0.01619620899873553,100,0.3096524160064291,0.0016711659991415218,120.35153204199742,0.9999338931884184,0.00013220925305268416,0.8806141940995225,0.011498418289624876,0.0,0.0,0.1209143812943424,1.443292655172608,1e-12
success,,F-F_1.28_sto-6g_as-018-002,hamiltonian_generator/extended_diatomic_20q_library/F-F/1.28/sto-6g/F-F_1.28_sto-6g_as-018-002.tensors.npz,F-F,1.28,sto-6g,18,2,20,1580,2950,jw,random_groups,3,2063350619,2950,1272112,0.2924546671954297,70,"[58,42,46,44,32,172,37,156,42,37,156,34,26,16,34,34,48,48,40,40,64,64,48,48,64,64,52,52,52,48,40,40,30,26,24,108,24,88,24,24,104,52,56,46,38,36,16,32,32,32,24,20,16,24,24,16,16,16,16,16,16,8,16,16,16,12,36,28,16,28]","[31,37,53,5,49,38,43,41,19,59,26,24,12,28,10,62,32,8,30,13,20,64,0,1,22,61,2,47,68,4,48,66,57,42,69,34,25,18,58,33,14,17,35,11,16,67,54,21,46,39,7,36,44,40,9,52,55,27,6,15,60,3,56,29,23,51,50,65,45,63]",9a6787701783ab6f,a159420de83b17cd,100,0.01,1.0,295000,27.3286827739404,0.136643413869702,12.513472355947647,6.779199611628428e-05,0.017104667000239715,100,0.3096524160064291,0.0016711659991415218,120.64429712499987,0.9999649752791662,7.004821493661328e-05,0.8786398606696242,0.008369554448575107,1.0158209592603384e-05,1.0158209592603384e-05,0.06406387128182743,1.8480635389143494,1e-12
success,,F-F_1.28_sto-6g_as-018-002,hamiltonian_generator/extended_diatomic_20q_library/F-F/1.28/sto-6g/F-F_1.28_sto-6g_as-018-002.tensors.npz,F-F,1.28,sto-6g,18,2,20,1580,2950,fermionic,random_groups,3,37395879,1580,580828,0.46562717951595706,125,"[16,16,12,14,18,10,17,18,12,20,14,14,15,12,13,14,12,13,14,12,13,15,15,11,11,12,11,11,11,13,12,11,11,13,12,11,12,10,13,11,14,10,10,10,10,11,12,11,10,20,15,15,16,15,13,12,14,10,10,12,10,11,9,9,11,11,10,11,9,9,8,10,9,9,12,10,9,11,13,9,9,10,10,11,11,11,11,11,11,8,11,11,11,14,13,10,9,12,11,10,8,10,10,13,14,12,12,12,12,14,12,16,13,9,4,21,53,38,39,20,12,11,9,8,8]","[98,50,104,39,61,88,73,118,105,120,80,87,1,99,33,100,14,16,10,0,114,124,22,60,86,3,78,54,108,37,35,36,26,57,29,111,67,30,48,122,21,74,52,83,75,53,46,90,25,18,102,63,64,24,103,49,20,68,70,43,77,6,84,91,15,44,51,97,56,112,27,94,93,38,115,47,101,32,96,55,19,71,12,121,4,106,41,13,76,11,113,95,7,119,31,85,8,34,123,2,28,40,69,81,42,116,59,17,66,79,109,9,110,5,45,65,72,92,82,62,23,89,117,58,107]",e2f40b3da62676c6,b0c0ff4113364767,100,0.01,1.0,295000,2.7559732392007468,0.013779866196003734,0.12725956430547816,6.862500595161691e-05,0.016055124993727077,100,0.3096524160064291,0.0016711659991415218,120.95587891699688,0.9999874626781827,2.5074486450060718e-05,0.8788991224206636,0.0050074588000849655,0.0,0.0,0.022932328451884476,0.27373138634386207,1e-12
success,,F-F_1.28_sto-6g_as-018-002,hamiltonian_generator/extended_diatomic_20q_library/F-F/1.28/sto-6g/F-F_1.28_sto-6g_as-018-002.tensors.npz,F-F,1.28,sto-6g,18,2,20,1580,2950,jw,random_groups,4,4157257306,2950,1272112,0.2924546671954297,70,"[58,42,46,44,32,172,37,156,42,37,156,34,26,16,34,34,48,48,40,40,64,64,48,48,64,64,52,52,52,48,40,40,30,26,24,108,24,88,24,24,104,52,56,46,38,36,16,32,32,32,24,20,16,24,24,16,16,16,16,16,16,8,16,16,16,12,36,28,16,28]","[29,54,31,6,10,56,67,40,38,41,3,51,50,43,45,11,30,28,37,44,18,24,36,21,7,65,47,5,8,33,26,0,60,13,64,19,69,23,48,35,68,9,39,16,14,66,49,1,57,52,61,12,15,63,46,34,42,32,53,4,59,55,17,20,58,22,2,25,62,27]",836769dd21c90d70,5c7d119319ae0b03,100,0.01,1.0,295000,35.24876492210981,0.17624382461054902,20.81748442435008,6.916699931025505e-05,0.016633791994536296,100,0.3096524160064291,0.0016711659991415218,121.22485216699715,0.9999511375679836,9.772247649553201e-05,0.8780009210716135,0.00988558870441265,2.4296646146337864e-05,2.4296646146337864e-05,0.0893738714286479,2.578186266519853,1e-12
success,,F-F_1.28_sto-6g_as-018-002,hamiltonian_generator/extended_diatomic_20q_library/F-F/1.28/sto-6g/F-F_1.28_sto-6g_as-018-002.tensors.npz,F-F,1.28,sto-6g,18,2,20,1580,2950,fermionic,random_groups,4,1833062656,1580,580828,0.46562717951595706,125,"[16,16,12,14,18,10,17,18,12,20,14,14,15,12,13,14,12,13,14,12,13,15,15,11,11,12,11,11,11,13,12,11,11,13,12,11,12,10,13,11,14,10,10,10,10,11,12,11,10,20,15,15,16,15,13,12,14,10,10,12,10,11,9,9,11,11,10,11,9,9,8,10,9,9,12,10,9,11,13,9,9,10,10,11,11,11,11,11,11,8,11,11,11,14,13,10,9,12,11,10,8,10,10,13,14,12,12,12,12,14,12,16,13,9,4,21,53,38,39,20,12,11,9,8,8]","[55,73,76,99,48,11,7,71,112,39,49,63,59,16,10,80,17,77,69,102,22,0,45,113,33,32,46,78,107,57,79,72,93,50,29,87,12,118,28,26,52,114,119,101,62,123,5,8,9,94,104,82,56,96,67,84,47,64,14,25,111,42,31,92,51,37,44,20,124,38,115,97,88,13,100,34,68,70,24,91,90,1,89,6,65,35,95,105,117,21,106,120,74,116,122,4,54,75,110,43,40,103,18,121,60,85,66,3,109,30,98,27,23,41,61,2,108,81,58,86,15,53,19,83,36]",9f66156a8f638442,5356d316291b6dfa,100,0.01,1.0,295000,3.347375463027116,0.01673687731513558,0.18773675041342777,7.145899871829897e-05,0.016205749998334795,100,0.3096524160064291,0.0016711659991415218,119.43786762500531,0.9999430663060299,0.0001138641464946133,0.8762495136932641,0.010670866316291742,0.0,0.0,0.10413652983515599,1.243024088924287,1e-12
success,,F-F_1.28_sto-6g_as-018-002,hamiltonian_generator/extended_diatomic_20q_library/F-F/1.28/sto-6g/F-F_1.28_sto-6g_as-018-002.tensors.npz,F-F,1.28,sto-6g,18,2,20,1580,2950,jw,random_groups,5,2479830531,2950,1272112,0.2924546671954297,70,"[58,42,46,44,32,172,37,156,42,37,156,34,26,16,34,34,48,48,40,40,64,64,48,48,64,64,52,52,52,48,40,40,30,26,24,108,24,88,24,24,104,52,56,46,38,36,16,32,32,32,24,20,16,24,24,16,16,16,16,16,16,8,16,16,16,12,36,28,16,28]","[17,45,23,10,7,65,36,31,35,27,6,49,28,14,47,61,57,15,16,64,29,59,13,3,37,26,18,62,44,56,2,53,42,50,38,30,24,21,4,12,40,58,54,52,41,0,46,48,39,1,9,55,66,11,20,8,5,69,67,34,22,25,63,32,51,19,33,60,43,68]",a34e1d6fb03c26cb,9e9d77cdec5830c7,100,0.01,1.0,295000,41.67958958542582,0.20839794792712912,29.10632050785803,6.920799933141097e-05,0.016126875001646113,100,0.3096524160064291,0.0016711659991415218,123.05913370900089,0.9999470929112287,0.00010581137838250321,0.87788800074475,0.010286601846213262,3.174120450188944e-05,3.1741204502000464e-05,0.09677172403298878,2.791593626874348,1e-12
success,,F-F_1.28_sto-6g_as-018-002,hamiltonian_generator/extended_diatomic_20q_library/F-F/1.28/sto-6g/F-F_1.28_sto-6g_as-018-002.tensors.npz,F-F,1.28,sto-6g,18,2,20,1580,2950,fermionic,random_groups,5,4113447832,1580,580828,0.46562717951595706,125,"[16,16,12,14,18,10,17,18,12,20,14,14,15,12,13,14,12,13,14,12,13,15,15,11,11,12,11,11,11,13,12,11,11,13,12,11,12,10,13,11,14,10,10,10,10,11,12,11,10,20,15,15,16,15,13,12,14,10,10,12,10,11,9,9,11,11,10,11,9,9,8,10,9,9,12,10,9,11,13,9,9,10,10,11,11,11,11,11,11,8,11,11,11,14,13,10,9,12,11,10,8,10,10,13,14,12,12,12,12,14,12,16,13,9,4,21,53,38,39,20,12,11,9,8,8]","[32,73,30,8,20,95,74,68,57,11,44,78,53,81,71,62,47,109,104,45,69,52,88,91,117,67,28,107,35,101,38,92,58,51,31,110,40,105,6,7,118,77,17,59,85,97,48,54,99,23,102,64,108,22,33,19,16,76,72,49,55,66,29,119,112,36,14,42,70,61,115,10,84,9,94,0,75,37,46,39,1,93,34,12,89,90,80,106,113,111,124,96,27,21,60,103,82,15,50,86,65,25,5,116,100,18,56,3,114,13,122,79,87,83,4,43,123,98,2,24,63,120,26,41,121]",df90edc760b5cdf4,01c00f02db6b904b,100,0.01,1.0,295000,2.8987000419529334,0.014493500209764667,0.1407819554446424,5.816700286231935e-05,0.01751900000090245,100,0.3096524160064291,0.0016711659991415218,122.99508858299669,0.9999738604567929,5.227840313837273e-05,0.8784928953482024,0.007230427816812919,0.0,0.0,0.04781216612738597,0.5707091866232589,1e-12
success,,F-F_1.28_sto-6g_as-018-002,hamiltonian_generator/extended_diatomic_20q_library/F-F/1.28/sto-6g/F-F_1.28_sto-6g_as-018-002.tensors.npz,F-F,1.28,sto-6g,18,2,20,1580,2950,jw,random_groups,6,1195444073,2950,1272112,0.2924546671954297,70,"[58,42,46,44,32,172,37,156,42,37,156,34,26,16,34,34,48,48,40,40,64,64,48,48,64,64,52,52,52,48,40,40,30,26,24,108,24,88,24,24,104,52,56,46,38,36,16,32,32,32,24,20,16,24,24,16,16,16,16,16,16,8,16,16,16,12,36,28,16,28]","[16,39,51,18,67,53,14,63,69,10,30,13,0,59,20,49,32,23,1,24,22,17,54,33,7,5,9,27,28,56,38,42,60,46,11,35,40,44,4,62,36,55,52,31,68,25,61,64,26,6,57,65,45,8,41,2,3,29,50,34,12,48,47,58,43,21,19,37,66,15]",c4c3efa44cad52d3,19b6b2af18249da6,100,0.01,1.0,295000,27.242625988377515,0.13621312994188758,12.434787721940843,7.345899939537048e-05,0.01618291699560359,100,0.3096524160064291,0.0016711659991415218,127.13751970900194,0.9999443521786884,0.00011129254594322013,0.877779350512869,0.010549675000835033,1.640548170889211e-05,1.6405481709114156e-05,0.1017846256951032,2.9362018217984773,1e-12
success,,F-F_1.28_sto-6g_as-018-002,hamiltonian_generator/extended_diatomic_20q_library/F-F/1.28/sto-6g/F-F_1.28_sto-6g_as-018-002.tensors.npz,F-F,1.28,sto-6g,18,2,20,1580,2950,fermionic,random_groups,6,3578059822,1580,580828,0.46562717951595706,125,"[16,16,12,14,18,10,17,18,12,20,14,14,15,12,13,14,12,13,14,12,13,15,15,11,11,12,11,11,11,13,12,11,11,13,12,11,12,10,13,11,14,10,10,10,10,11,12,11,10,20,15,15,16,15,13,12,14,10,10,12,10,11,9,9,11,11,10,11,9,9,8,10,9,9,12,10,9,11,13,9,9,10,10,11,11,11,11,11,11,8,11,11,11,14,13,10,9,12,11,10,8,10,10,13,14,12,12,12,12,14,12,16,13,9,4,21,53,38,39,20,12,11,9,8,8]","[85,92,117,124,50,68,7,5,62,121,36,38,30,63,39,60,51,115,93,108,106,16,4,77,54,82,109,101,64,69,42,59,86,40,119,89,118,19,102,98,6,120,11,26,122,34,27,84,55,88,3,78,96,24,31,74,73,15,37,75,87,52,28,95,83,20,33,18,61,100,80,99,1,17,111,9,79,25,48,46,114,49,14,2,53,70,113,103,105,56,110,43,29,44,13,21,10,0,23,32,67,123,116,58,112,72,71,12,22,41,47,76,45,94,8,57,104,107,91,35,65,97,81,90,66]",deb5536e2200d6f0,af6ac89ab15bc3bb,100,0.01,1.0,295000,3.0164147067459655,0.015082073533729827,0.15244828348177483,7.366700447164476e-05,0.015529457996308338,100,0.3096524160064291,0.0016711659991415218,117.77102587500121,0.9999680157437925,6.396748942238961e-05,0.8785413418922149,0.007998031783825328,0.0,0.0,0.058502632969104434,0.6983157798824886,1e-12
success,,F-F_1.28_sto-6g_as-018-002,hamiltonian_generator/extended_diatomic_20q_library/F-F/1.28/sto-6g/F-F_1.28_sto-6g_as-018-002.tensors.npz,F-F,1.28,sto-6g,18,2,20,1580,2950,jw,random_groups,7,2749083311,2950,1272112,0.2924546671954297,70,"[58,42,46,44,32,172,37,156,42,37,156,34,26,16,34,34,48,48,40,40,64,64,48,48,64,64,52,52,52,48,40,40,30,26,24,108,24,88,24,24,104,52,56,46,38,36,16,32,32,32,24,20,16,24,24,16,16,16,16,16,16,8,16,16,16,12,36,28,16,28]","[24,8,5,34,12,39,62,40,26,29,61,18,31,43,16,28,54,22,17,7,51,35,32,41,64,44,65,49,20,21,14,66,4,11,69,56,19,13,45,38,48,53,58,68,59,37,2,10,57,52,55,42,3,30,27,60,67,1,46,6,23,50,63,25,33,9,15,0,47,36]",75ce31fd13a9404c,9513478f8d27c22e,100,0.01,1.0,295000,42.859495436403385,0.21429747718201692,30.77758558192035,5.2958996093366295e-05,0.015761832997668535,100,0.3096524160064291,0.0016711659991415218,111.78110804199969,0.9999559394397483,8.811917917050938e-05,0.8792053988120283,0.009387285044329518,3.125543679205478e-05,3.125543679205478e-05,0.08059100088343722,2.324825011621527,1e-12
success,,F-F_1.28_sto-6g_as-018-002,hamiltonian_generator/extended_diatomic_20q_library/F-F/1.28/sto-6g/F-F_1.28_sto-6g_as-018-002.tensors.npz,F-F,1.28,sto-6g,18,2,20,1580,2950,fermionic,random_groups,7,3835772758,1580,580828,0.46562717951595706,125,"[16,16,12,14,18,10,17,18,12,20,14,14,15,12,13,14,12,13,14,12,13,15,15,11,11,12,11,11,11,13,12,11,11,13,12,11,12,10,13,11,14,10,10,10,10,11,12,11,10,20,15,15,16,15,13,12,14,10,10,12,10,11,9,9,11,11,10,11,9,9,8,10,9,9,12,10,9,11,13,9,9,10,10,11,11,11,11,11,11,8,11,11,11,14,13,10,9,12,11,10,8,10,10,13,14,12,12,12,12,14,12,16,13,9,4,21,53,38,39,20,12,11,9,8,8]","[11,107,124,10,52,19,84,24,55,16,83,101,73,25,104,22,29,7,30,53,78,62,39,28,21,114,106,88,74,9,115,5,33,61,15,58,98,23,41,105,54,8,6,63,90,113,20,108,87,44,82,40,93,36,79,57,91,35,97,31,99,45,110,17,2,0,116,80,70,32,86,1,120,85,117,3,103,4,47,89,121,81,66,122,123,13,46,77,27,18,67,56,42,68,51,38,12,72,59,43,26,76,109,92,60,34,48,69,102,95,100,75,96,50,112,65,118,37,94,49,64,119,111,14,71]",ecb3912c36c9ea56,55fbb23ec50e9a53,100,0.01,1.0,295000,6.059828880279929,0.030299144401399646,0.61526351282325,6.520799797726795e-05,0.014128666996839456,100,0.3096524160064291,0.0016711659991415218,106.26217758399434,0.9999769075946014,4.618427753788623e-05,0.8778461389452484,0.006795940758798652,0.0,0.0,0.04223867252161541,0.5041812658023421,1e-12
success,,F-F_1.28_sto-6g_as-018-002,hamiltonian_generator/extended_diatomic_20q_library/F-F/1.28/sto-6g/F-F_1.28_sto-6g_as-018-002.tensors.npz,F-F,1.28,sto-6g,18,2,20,1580,2950,jw,random_groups,8,432512184,2950,1272112,0.2924546671954297,70,"[58,42,46,44,32,172,37,156,42,37,156,34,26,16,34,34,48,48,40,40,64,64,48,48,64,64,52,52,52,48,40,40,30,26,24,108,24,88,24,24,104,52,56,46,38,36,16,32,32,32,24,20,16,24,24,16,16,16,16,16,16,8,16,16,16,12,36,28,16,28]","[1,39,12,43,48,38,65,58,34,49,7,69,51,59,28,2,53,60,3,23,50,21,29,57,47,66,56,63,36,16,41,33,18,32,42,5,30,15,44,8,10,46,40,11,17,45,52,67,26,25,35,64,27,54,14,37,31,4,62,9,6,55,68,0,61,19,24,13,20,22]",b68eb93e2c6a9e54,e09cd8a672a29975,100,0.01,1.0,295000,13.454107889372112,0.06727053944686057,3.0328452532384276,6.766599835827947e-05,0.0139488339991658,100,0.3096524160064291,0.0016711659991415218,106.78264145800495,0.9999801391272137,3.972135111829367e-05,0.8786451931631408,0.0063025189862895865,4.401545323440281e-06,4.4015453235513036e-06,0.03632788540700635,1.047957907058158,1e-12
success,,F-F_1.28_sto-6g_as-018-002,hamiltonian_generator/extended_diatomic_20q_library/F-F/1.28/sto-6g/F-F_1.28_sto-6g_as-018-002.tensors.npz,F-F,1.28,sto-6g,18,2,20,1580,2950,fermionic,random_groups,8,1485046577,1580,580828,0.46562717951595706,125,"[16,16,12,14,18,10,17,18,12,20,14,14,15,12,13,14,12,13,14,12,13,15,15,11,11,12,11,11,11,13,12,11,11,13,12,11,12,10,13,11,14,10,10,10,10,11,12,11,10,20,15,15,16,15,13,12,14,10,10,12,10,11,9,9,11,11,10,11,9,9,8,10,9,9,12,10,9,11,13,9,9,10,10,11,11,11,11,11,11,8,11,11,11,14,13,10,9,12,11,10,8,10,10,13,14,12,12,12,12,14,12,16,13,9,4,21,53,38,39,20,12,11,9,8,8]","[57,32,85,87,86,71,76,61,93,64,78,124,91,116,66,34,104,106,60,118,16,117,52,44,55,121,88,96,58,114,50,77,110,17,79,2,94,54,119,100,12,5,98,42,81,84,27,111,37,92,28,122,47,72,109,83,18,3,15,53,19,68,112,70,38,1,80,29,13,22,59,67,95,33,20,14,120,113,51,11,65,49,7,40,4,43,75,46,25,41,31,26,0,39,62,21,74,63,105,45,101,115,108,8,56,9,10,102,82,107,123,23,89,35,73,30,36,24,99,69,90,103,97,48,6]",3e401d28cc7a33e9,786aa0171374469a,100,0.01,1.0,295000,6.461488769433135,0.032307443847165676,0.6995288449468583,6.487499922513962e-05,0.013727290999668185,100,0.3096524160064291,0.0016711659991415218,108.91216216600151,0.9999930774231276,1.3845105822696269e-05,0.878791613174974,0.003720907650668986,0.0,0.0,0.012662293794511602,0.15114327539557446,1e-12
success,,F-F_1.28_sto-6g_as-018-002,hamiltonian_generator/extended_diatomic_20q_library/F-F/1.28/sto-6g/F-F_1.28_sto-6g_as-018-002.tensors.npz,F-F,1.28,sto-6g,18,2,20,1580,2950,jw,random_groups,9,3378743344,2950,1272112,0.2924546671954297,70,"[58,42,46,44,32,172,37,156,42,37,156,34,26,16,34,34,48,48,40,40,64,64,48,48,64,64,52,52,52,48,40,40,30,26,24,108,24,88,24,24,104,52,56,46,38,36,16,32,32,32,24,20,16,24,24,16,16,16,16,16,16,8,16,16,16,12,36,28,16,28]","[44,19,69,60,23,2,46,54,51,22,47,64,45,11,38,41,20,53,32,6,21,3,30,57,43,49,5,42,7,62,52,26,0,65,28,59,13,25,56,29,66,33,4,40,16,61,39,18,31,58,12,24,1,9,27,10,36,37,48,8,63,34,15,50,68,17,67,55,35,14]",cc00c4d0141feae2,44730fb58a17f963,100,0.01,1.0,295000,25.83912058457197,0.12919560292285984,11.186543015643677,6.929200026206672e-05,0.014575332999811508,100,0.3096524160064291,0.0016711659991415218,108.94715662499948,0.9999729756625465,5.404794459218376e-05,0.8782656106668842,0.007351780390285906,1.746836898008919e-05,1.7468368979978166e-05,0.04943053250584959,1.425932635749005,1e-12
success,,F-F_1.28_sto-6g_as-018-002,hamiltonian_generator/extended_diatomic_20q_library/F-F/1.28/sto-6g/F-F_1.28_sto-6g_as-018-002.tensors.npz,F-F,1.28,sto-6g,18,2,20,1580,2950,fermionic,random_groups,9,832073125,1580,580828,0.46562717951595706,125,"[16,16,12,14,18,10,17,18,12,20,14,14,15,12,13,14,12,13,14,12,13,15,15,11,11,12,11,11,11,13,12,11,11,13,12,11,12,10,13,11,14,10,10,10,10,11,12,11,10,20,15,15,16,15,13,12,14,10,10,12,10,11,9,9,11,11,10,11,9,9,8,10,9,9,12,10,9,11,13,9,9,10,10,11,11,11,11,11,11,8,11,11,11,14,13,10,9,12,11,10,8,10,10,13,14,12,12,12,12,14,12,16,13,9,4,21,53,38,39,20,12,11,9,8,8]","[107,95,76,48,14,6,112,7,74,80,100,11,1,70,68,82,36,60,53,90,16,113,119,108,65,29,124,31,86,75,37,62,120,77,27,39,51,117,26,9,47,33,87,45,118,121,64,54,115,49,93,52,78,92,57,42,32,20,25,8,55,41,84,24,89,104,10,79,91,85,5,58,18,21,123,99,50,19,43,30,13,61,38,83,72,0,46,97,63,69,101,4,35,71,2,40,23,110,116,102,15,56,96,28,44,81,98,34,73,22,17,109,67,59,88,12,3,66,105,122,94,106,103,114,111]",618e01fe00830f6c,6b70556fc5efb309,100,0.01,1.0,295000,4.7870342986083045,0.023935171493041522,0.3839489797894008,6.48339992039837e-05,0.013636875002703164,100,0.3096524160064291,0.0016711659991415218,109.2347257500005,0.999861160557009,0.00027765960959103,0.879066482740003,0.0166636996486962,0.0,0.0,0.25393865504065366,3.031134855599968,1e-12
success,,F-F_1.28_sto-6g_as-018-002,hamiltonian_generator/extended_diatomic_20q_library/F-F/1.28/sto-6g/F-F_1.28_sto-6g_as-018-002.tensors.npz,F-F,1.28,sto-6g,18,2,20,1580,2950,jw,random_groups,10,3022715238,2950,1272112,0.2924546671954297,70,"[58,42,46,44,32,172,37,156,42,37,156,34,26,16,34,34,48,48,40,40,64,64,48,48,64,64,52,52,52,48,40,40,30,26,24,108,24,88,24,24,104,52,56,46,38,36,16,32,32,32,24,20,16,24,24,16,16,16,16,16,16,8,16,16,16,12,36,28,16,28]","[23,59,54,62,7,24,12,17,28,3,44,13,68,18,27,20,15,4,34,49,14,57,46,69,1,65,66,21,56,60,40,8,9,29,32,47,39,43,48,2,6,42,61,64,45,55,10,52,36,0,22,30,63,11,19,50,37,38,41,31,33,67,51,58,35,5,26,16,25,53]",fb163c09fe6c792b,39dde4e4e259d2df,100,0.01,1.0,295000,37.266049082094554,0.18633024541047277,23.26843331676517,6.800000119255856e-05,0.014354124999954365,100,0.3096524160064291,0.0016711659991415218,107.66715037500398,0.9999714541007865,5.7090983558660824e-05,0.8779296403036998,0.007555911488831497,1.8391153076779965e-05,1.8391153076779965e-05,0.05221359923824785,1.50621632843883,1e-12
success,,F-F_1.28_sto-6g_as-018-002,hamiltonian_generator/extended_diatomic_20q_library/F-F/1.28/sto-6g/F-F_1.28_sto-6g_as-018-002.tensors.npz,F-F,1.28,sto-6g,18,2,20,1580,2950,fermionic,random_groups,10,2574259014,1580,580828,0.46562717951595706,125,"[16,16,12,14,18,10,17,18,12,20,14,14,15,12,13,14,12,13,14,12,13,15,15,11,11,12,11,11,11,13,12,11,11,13,12,11,12,10,13,11,14,10,10,10,10,11,12,11,10,20,15,15,16,15,13,12,14,10,10,12,10,11,9,9,11,11,10,11,9,9,8,10,9,9,12,10,9,11,13,9,9,10,10,11,11,11,11,11,11,8,11,11,11,14,13,10,9,12,11,10,8,10,10,13,14,12,12,12,12,14,12,16,13,9,4,21,53,38,39,20,12,11,9,8,8]","[117,44,0,10,72,3,101,2,103,43,66,114,57,7,54,106,105,102,100,111,78,38,116,55,89,76,47,94,5,22,99,70,85,74,69,28,93,87,49,18,112,56,46,110,30,6,50,21,104,14,36,71,123,24,17,20,95,35,82,120,19,12,68,29,115,32,31,79,26,73,92,88,124,33,108,48,113,62,11,98,45,80,39,60,15,58,9,119,1,81,25,77,41,65,27,91,8,121,86,40,107,97,118,83,16,52,13,34,96,64,109,42,122,90,51,53,59,75,23,63,61,67,4,37,84]",057cfc1560ff9056,4ff22a0b9b9ade38,100,0.01,1.0,295000,2.670140711907066,0.013350703559535331,0.1194562113721652,6.71660018269904e-05,0.013493166996340733,100,0.3096524160064291,0.0016711659991415218,109.3444332500003,0.999993944943294,1.2110076748395038e-05,0.8782086509569201,0.0034799588233292555,0.0,0.0,0.011075491341560524,0.1322024322879289,1e-12
success,,F-F_1.28_sto-6g_as-018-002,hamiltonian_generator/extended_diatomic_20q_library/F-F/1.28/sto-6g/F-F_1.28_sto-6g_as-018-002.tensors.npz,F-F,1.28,sto-6g,18,2,20,1580,2950,jw,random_groups,11,1919849586,2950,1272112,0.2924546671954297,70,"[58,42,46,44,32,172,37,156,42,37,156,34,26,16,34,34,48,48,40,40,64,64,48,48,64,64,52,52,52,48,40,40,30,26,24,108,24,88,24,24,104,52,56,46,38,36,16,32,32,32,24,20,16,24,24,16,16,16,16,16,16,8,16,16,16,12,36,28,16,28]","[59,12,41,10,16,63,36,0,29,4,17,47,21,15,28,35,60,50,25,8,45,32,43,39,27,40,61,56,51,9,33,65,22,31,53,37,19,44,23,67,24,46,2,48,1,11,3,57,13,49,69,52,68,42,7,30,38,34,18,66,62,55,58,6,54,64,5,20,26,14]",b05a7134275225f1,dfe194937e954932,100,0.01,1.0,295000,29.701137017133064,0.1485056850856653,14.780413704228586,6.345900328597054e-05,0.013797667001199443,100,0.3096524160064291,0.0016711659991415218,109.31478733300173,0.9999810665130874,3.786661534832536e-05,0.8778020574744063,0.006153614695871052,1.6011572517071748e-05,1.6011572516960726e-05,0.034631603014420434,0.9990249034991041,1e-12
success,,F-F_1.28_sto-6g_as-018-002,hamiltonian_generator/extended_diatomic_20q_library/F-F/1.28/sto-6g/F-F_1.28_sto-6g_as-018-002.tensors.npz,F-F,1.28,sto-6g,18,2,20,1580,2950,fermionic,random_groups,11,9640577,1580,580828,0.46562717951595706,125,"[16,16,12,14,18,10,17,18,12,20,14,14,15,12,13,14,12,13,14,12,13,15,15,11,11,12,11,11,11,13,12,11,11,13,12,11,12,10,13,11,14,10,10,10,10,11,12,11,10,20,15,15,16,15,13,12,14,10,10,12,10,11,9,9,11,11,10,11,9,9,8,10,9,9,12,10,9,11,13,9,9,10,10,11,11,11,11,11,11,8,11,11,11,14,13,10,9,12,11,10,8,10,10,13,14,12,12,12,12,14,12,16,13,9,4,21,53,38,39,20,12,11,9,8,8]","[112,2,118,1,85,123,57,81,72,71,79,69,42,15,4,113,103,68,101,11,30,52,99,46,3,64,29,49,108,121,39,94,56,102,115,67,24,47,78,33,89,83,65,95,50,93,61,40,84,35,23,97,86,62,18,59,21,19,13,12,0,27,77,117,58,38,109,111,66,7,73,10,26,41,36,53,32,75,51,20,6,25,88,28,44,87,76,106,90,105,34,60,22,55,63,80,8,92,96,74,98,17,100,45,122,114,16,107,31,9,104,82,91,116,119,48,70,14,120,37,5,54,43,110,124]",77ed29ff69e6dc73,16efac7da2181f57,100,0.01,1.0,295000,3.765455679597049,0.018827278397985245,0.23756120527465993,6.716699863318354e-05,0.014186833002895582,100,0.3096524160064291,0.0016711659991415218,109.81785237500299,0.9999811738766179,3.7651892341283855e-05,0.8780784951103898,0.006136142661657998,0.0,0.0,0.03443522417597606,0.41103552447928665,1e-12
success,,F-F_1.28_sto-6g_as-018-002,hamiltonian_generator/extended_diatomic_20q_library/F-F/1.28/sto-6g/F-F_1.28_sto-6g_as-018-002.tensors.npz,F-F,1.28,sto-6g,18,2,20,1580,2950,jw,random_groups,12,3002488163,2950,1272112,0.2924546671954297,70,"[58,42,46,44,32,172,37,156,42,37,156,34,26,16,34,34,48,48,40,40,64,64,48,48,64,64,52,52,52,48,40,40,30,26,24,108,24,88,24,24,104,52,56,46,38,36,16,32,32,32,24,20,16,24,24,16,16,16,16,16,16,8,16,16,16,12,36,28,16,28]","[32,37,2,16,60,42,4,21,69,58,52,27,36,56,55,43,57,13,48,62,29,5,23,10,49,54,24,68,31,34,26,67,20,63,46,28,59,33,22,65,8,7,47,6,44,12,18,15,40,45,25,35,53,38,14,50,17,0,1,51,19,64,11,9,3,39,30,41,66,61]",f1b7439ac44c4a1b,534a266dc474368e,100,0.01,1.0,295000,25.464612853007235,0.12732306426503617,10.864621356020988,7.083299715304747e-05,0.014584167001885362,100,0.3096524160064291,0.0016711659991415218,110.53526670899737,0.9999726851630611,5.462892777741146e-05,0.8782887858919035,0.00739118893532726,2.3934469159825333e-05,2.393446915960329e-05,0.049961881263687516,1.4412605615542982,1e-12
success,,F-F_1.28_sto-6g_as-018-002,hamiltonian_generator/extended_diatomic_20q_library/F-F/1.28/sto-6g/F-F_1.28_sto-6g_as-018-002.tensors.npz,F-F,1.28,sto-6g,18,2,20,1580,2950,fermionic,random_groups,12,3563514761,1580,580828,0.46562717951595706,125,"[16,16,12,14,18,10,17,18,12,20,14,14,15,12,13,14,12,13,14,12,13,15,15,11,11,12,11,11,11,13,12,11,11,13,12,11,12,10,13,11,14,10,10,10,10,11,12,11,10,20,15,15,16,15,13,12,14,10,10,12,10,11,9,9,11,11,10,11,9,9,8,10,9,9,12,10,9,11,13,9,9,10,10,11,11,11,11,11,11,8,11,11,11,14,13,10,9,12,11,10,8,10,10,13,14,12,12,12,12,14,12,16,13,9,4,21,53,38,39,20,12,11,9,8,8]","[93,59,65,47,114,92,69,60,115,88,79,16,10,82,105,103,29,120,20,41,48,52,33,71,90,124,21,95,9,86,25,3,112,96,123,77,119,11,31,63,109,49,50,46,0,44,78,91,62,35,6,13,118,106,117,110,37,66,73,100,55,102,43,27,39,98,70,116,26,113,40,1,57,122,53,107,64,17,76,23,97,15,4,111,61,32,89,74,42,7,80,68,58,14,108,84,2,72,51,19,18,12,99,104,30,94,81,22,67,85,36,121,8,87,34,45,24,83,56,5,38,101,28,75,54]",3675445cd064039a,ef5d3dfd49bcd04f,100,0.01,1.0,295000,2.506479294678698,0.01253239647339349,0.10526128861234195,6.70830049784854e-05,0.014275207999162376,100,0.3096524160064291,0.0016711659991415218,109.28716545800125,0.9999889268978904,2.214608160555631e-05,0.878959884872616,0.004705975373835085,0.0,0.0,0.020254102444424125,0.24176278274120158,1e-12
success,,F-F_1.28_sto-6g_as-018-002,hamiltonian_generator/extended_diatomic_20q_library/F-F/1.28/sto-6g/F-F_1.28_sto-6g_as-018-002.tensors.npz,F-F,1.28,sto-6g,18,2,20,1580,2950,jw,random_groups,13,2314392105,2950,1272112,0.2924546671954297,70,"[58,42,46,44,32,172,37,156,42,37,156,34,26,16,34,34,48,48,40,40,64,64,48,48,64,64,52,52,52,48,40,40,30,26,24,108,24,88,24,24,104,52,56,46,38,36,16,32,32,32,24,20,16,24,24,16,16,16,16,16,16,8,16,16,16,12,36,28,16,28]","[9,61,0,56,3,35,51,54,49,13,14,12,34,41,27,38,32,59,30,58,52,26,6,8,44,62,50,43,15,46,18,2,17,64,65,28,25,37,29,60,66,31,42,47,16,40,5,63,36,22,21,7,55,39,57,20,69,33,4,10,53,23,1,68,19,48,45,24,11,67]",7998a3ba3f546969,4d1bcc65ac232414,100,0.01,1.0,295000,51.17278998953044,0.2558639499476522,43.87515170757868,6.729100277880207e-05,0.014342292000947054,100,0.3096524160064291,0.0016711659991415218,110.84304566600622,0.9999385252206138,0.0001229457796239064,0.8779389423971756,0.011088262207057338,4.1686994005529776e-05,4.1686994005418754e-05,0.1124423028851943,3.243646005711127,1e-12
success,,F-F_1.28_sto-6g_as-018-002,hamiltonian_generator/extended_diatomic_20q_library/F-F/1.28/sto-6g/F-F_1.28_sto-6g_as-018-002.tensors.npz,F-F,1.28,sto-6g,18,2,20,1580,2950,fermionic,random_groups,13,1048599241,1580,580828,0.46562717951595706,125,"[16,16,12,14,18,10,17,18,12,20,14,14,15,12,13,14,12,13,14,12,13,15,15,11,11,12,11,11,11,13,12,11,11,13,12,11,12,10,13,11,14,10,10,10,10,11,12,11,10,20,15,15,16,15,13,12,14,10,10,12,10,11,9,9,11,11,10,11,9,9,8,10,9,9,12,10,9,11,13,9,9,10,10,11,11,11,11,11,11,8,11,11,11,14,13,10,9,12,11,10,8,10,10,13,14,12,12,12,12,14,12,16,13,9,4,21,53,38,39,20,12,11,9,8,8]","[63,111,16,103,108,51,68,113,44,34,69,118,88,114,104,47,37,77,93,9,29,1,78,115,30,48,97,82,49,85,33,38,98,123,40,83,102,27,72,75,11,92,18,70,24,122,74,19,64,117,101,41,89,106,23,25,28,58,105,50,13,52,67,110,86,120,112,91,65,14,26,81,31,76,10,5,95,42,116,7,8,3,2,53,57,107,73,21,96,94,56,90,32,22,119,20,99,66,54,12,121,55,79,15,84,71,80,4,46,17,39,60,43,36,6,109,124,61,0,45,35,62,87,59,100]",9515c62047f9ec39,b7644bd9820b0b5b,100,0.01,1.0,295000,3.1845391432161083,0.015922695716080543,0.16991574440739862,6.612500146729872e-05,0.014547625003615394,100,0.3096524160064291,0.0016711659991415218,112.5295416670051,0.9999912843630402,1.743119795727388e-05,0.8782148800763598,0.0041750777142014256,0.0,0.0,0.015942019696481336,0.19029167325049332,1e-12
success,,F-F_1.28_sto-6g_as-018-002,hamiltonian_generator/extended_diatomic_20q_library/F-F/1.28/sto-6g/F-F_1.28_sto-6g_as-018-002.tensors.npz,F-F,1.28,sto-6g,18,2,20,1580,2950,jw,random_groups,14,1511997294,2950,1272112,0.2924546671954297,70,"[58,42,46,44,32,172,37,156,42,37,156,34,26,16,34,34,48,48,40,40,64,64,48,48,64,64,52,52,52,48,40,40,30,26,24,108,24,88,24,24,104,52,56,46,38,36,16,32,32,32,24,20,16,24,24,16,16,16,16,16,16,8,16,16,16,12,36,28,16,28]","[40,46,64,58,11,39,61,19,29,41,55,37,13,66,3,26,27,69,21,62,53,15,25,22,4,23,24,10,30,54,44,1,34,48,2,8,14,52,59,67,47,12,50,31,43,32,5,16,60,63,33,35,18,49,57,6,42,28,7,17,45,68,0,51,36,38,9,20,65,56]",c4fa611830a4044c,6e90c78f446c95a7,100,0.01,1.0,295000,34.41406131732149,0.17207030658660746,19.84322678785689,6.104099884396419e-05,0.014159999998810235,100,0.3096524160064291,0.0016711659991415218,112.68844641600299,0.9999731373121111,5.372465417374794e-05,0.8784462225618808,0.007329759598905459,1.7850963231147432e-05,1.7850963231147432e-05,0.049134861363165055,1.4174033500943706,1e-12
success,,F-F_1.28_sto-6g_as-018-002,hamiltonian_generator/extended_diatomic_20q_library/F-F/1.28/sto-6g/F-F_1.28_sto-6g_as-018-002.tensors.npz,F-F,1.28,sto-6g,18,2,20,1580,2950,fermionic,random_groups,14,603156976,1580,580828,0.46562717951595706,125,"[16,16,12,14,18,10,17,18,12,20,14,14,15,12,13,14,12,13,14,12,13,15,15,11,11,12,11,11,11,13,12,11,11,13,12,11,12,10,13,11,14,10,10,10,10,11,12,11,10,20,15,15,16,15,13,12,14,10,10,12,10,11,9,9,11,11,10,11,9,9,8,10,9,9,12,10,9,11,13,9,9,10,10,11,11,11,11,11,11,8,11,11,11,14,13,10,9,12,11,10,8,10,10,13,14,12,12,12,12,14,12,16,13,9,4,21,53,38,39,20,12,11,9,8,8]","[69,49,25,34,107,115,82,9,14,63,46,48,72,73,44,51,18,62,110,28,124,6,109,16,17,66,119,35,43,32,38,33,70,117,36,92,31,116,91,98,112,58,23,10,88,76,90,11,111,77,106,12,24,100,20,41,7,122,42,65,104,30,94,60,29,54,2,15,59,97,89,8,71,56,75,79,50,47,19,95,27,87,113,4,22,45,0,55,67,118,68,96,40,108,5,57,37,85,3,1,105,123,53,120,103,74,78,86,52,99,83,84,80,101,13,26,121,61,21,102,64,39,93,81,114]",be9fe060e10e195d,ce90e7f9b44b56c8,100,0.01,1.0,295000,3.3266773366137,0.0166333866830685,0.18542222948150816,7.054099842207506e-05,0.015120500000193715,100,0.3096524160064291,0.0016711659991415218,113.27601175000018,0.999990213940388,1.9572023457037346e-05,0.8791839679292408,0.0044240387909677365,0.0,0.0,0.01789995066414136,0.2136624861737277,1e-12
success,,F-F_1.28_sto-6g_as-018-002,hamiltonian_generator/extended_diatomic_20q_library/F-F/1.28/sto-6g/F-F_1.28_sto-6g_as-018-002.tensors.npz,F-F,1.28,sto-6g,18,2,20,1580,2950,jw,random_groups,15,1417518457,2950,1272112,0.2924546671954297,70,"[58,42,46,44,32,172,37,156,42,37,156,34,26,16,34,34,48,48,40,40,64,64,48,48,64,64,52,52,52,48,40,40,30,26,24,108,24,88,24,24,104,52,56,46,38,36,16,32,32,32,24,20,16,24,24,16,16,16,16,16,16,8,16,16,16,12,36,28,16,28]","[4,63,52,20,39,22,66,40,7,1,21,48,32,50,54,38,43,0,68,55,34,29,12,47,13,9,57,42,33,8,41,17,44,2,56,65,11,24,14,58,62,67,51,26,6,61,31,15,64,25,37,19,60,36,10,30,16,59,69,45,3,18,23,46,5,53,49,35,28,27]",3e520a03407b7df1,b19ace7d36eaddf7,100,0.01,1.0,295000,25.9508868256323,0.12975443412816148,11.28352633800529,7.100000220816582e-05,0.015022749998024665,100,0.3096524160064291,0.0016711659991415218,113.8208033750052,0.9999795773977386,4.084478744015296e-05,0.8778972477413217,0.006391025310766236,1.2277994602349906e-05,1.2277994602460929e-05,0.03735534456470296,1.0775972305812334,1e-12
success,,F-F_1.28_sto-6g_as-018-002,hamiltonian_generator/extended_diatomic_20q_library/F-F/1.28/sto-6g/F-F_1.28_sto-6g_as-018-002.tensors.npz,F-F,1.28,sto-6g,18,2,20,1580,2950,fermionic,random_groups,15,2656201148,1580,580828,0.46562717951595706,125,"[16,16,12,14,18,10,17,18,12,20,14,14,15,12,13,14,12,13,14,12,13,15,15,11,11,12,11,11,11,13,12,11,11,13,12,11,12,10,13,11,14,10,10,10,10,11,12,11,10,20,15,15,16,15,13,12,14,10,10,12,10,11,9,9,11,11,10,11,9,9,8,10,9,9,12,10,9,11,13,9,9,10,10,11,11,11,11,11,11,8,11,11,11,14,13,10,9,12,11,10,8,10,10,13,14,12,12,12,12,14,12,16,13,9,4,21,53,38,39,20,12,11,9,8,8]","[60,26,32,17,67,25,22,50,86,4,115,35,55,117,30,81,79,24,20,99,40,54,57,10,119,108,51,78,121,0,82,89,16,80,123,61,39,8,102,33,43,122,104,103,84,63,42,64,62,120,76,5,66,59,75,38,48,11,7,124,85,101,9,15,36,116,13,34,90,118,97,93,3,27,23,2,53,114,21,71,69,12,113,112,83,73,109,49,46,94,45,65,91,56,19,41,87,47,92,106,100,88,6,110,98,111,29,37,96,44,74,1,68,72,95,28,31,58,107,70,77,18,105,52,14]",35c21b187e8a4f9b,be01bd27df05845f,100,0.01,1.0,295000,4.01054909322576,0.0200527454661288,0.26949338748353335,6.970800313865766e-05,0.01509920800162945,100,0.3096524160064291,0.0016711659991415218,112.3594452499965,0.9998929132211494,0.00021416209012303788,0.8757281478570192,0.014634669716165727,0.0,0.0,0.1958658416564179,2.3379496105905826,1e-12
success,,F-F_1.28_sto-6g_as-018-002,hamiltonian_generator/extended_diatomic_20q_library/F-F/1.28/sto-6g/F-F_1.28_sto-6g_as-018-002.tensors.npz,F-F,1.28,sto-6g,18,2,20,1580,2950,jw,random_groups,16,3652111456,2950,1272112,0.2924546671954297,70,"[58,42,46,44,32,172,37,156,42,37,156,34,26,16,34,34,48,48,40,40,64,64,48,48,64,64,52,52,52,48,40,40,30,26,24,108,24,88,24,24,104,52,56,46,38,36,16,32,32,32,24,20,16,24,24,16,16,16,16,16,16,8,16,16,16,12,36,28,16,28]","[37,62,27,61,30,6,11,68,47,55,56,57,36,4,69,20,42,22,24,66,32,49,7,41,9,58,23,63,17,10,43,65,38,40,67,8,51,3,44,12,5,25,31,34,54,48,29,52,18,14,16,59,39,28,21,53,19,60,0,45,2,64,26,46,13,1,33,15,35,50]",cfbb0ab3618492d4,65083f89659e2720,100,0.01,1.0,295000,34.608236082456905,0.17304118041228453,20.067781740882044,7.062499935273081e-05,0.015229000004183035,100,0.3096524160064291,0.0016711659991415218,113.64374300000054,0.9999501325026247,9.97325079833411e-05,0.8774536642370283,0.009986740947410656,2.5116778436196086e-05,2.5116778436196086e-05,0.09121218234954641,2.6312163959535746,1e-12
success,,F-F_1.28_sto-6g_as-018-002,hamiltonian_generator/extended_diatomic_20q_library/F-F/1.28/sto-6g/F-F_1.28_sto-6g_as-018-002.tensors.npz,F-F,1.28,sto-6g,18,2,20,1580,2950,fermionic,random_groups,16,292815404,1580,580828,0.46562717951595706,125,"[16,16,12,14,18,10,17,18,12,20,14,14,15,12,13,14,12,13,14,12,13,15,15,11,11,12,11,11,11,13,12,11,11,13,12,11,12,10,13,11,14,10,10,10,10,11,12,11,10,20,15,15,16,15,13,12,14,10,10,12,10,11,9,9,11,11,10,11,9,9,8,10,9,9,12,10,9,11,13,9,9,10,10,11,11,11,11,11,11,8,11,11,11,14,13,10,9,12,11,10,8,10,10,13,14,12,12,12,12,14,12,16,13,9,4,21,53,38,39,20,12,11,9,8,8]","[12,63,10,34,112,58,7,11,124,1,121,32,94,75,106,64,119,42,109,102,71,53,23,43,66,99,51,76,5,30,38,69,60,57,52,115,77,13,16,62,97,74,46,111,67,84,85,2,40,20,82,108,18,3,47,54,122,24,37,8,80,49,17,19,101,65,116,95,92,36,31,120,118,45,98,48,27,72,70,9,22,61,59,96,15,81,21,78,79,117,28,105,88,73,44,33,93,103,90,0,35,114,50,89,41,113,107,87,6,29,14,91,110,56,26,39,86,25,4,68,55,104,83,123,100]",5c8ed9346cadbbcd,9845167576df856b,100,0.01,1.0,295000,6.607491652886644,0.03303745826443322,0.7314989144079189,6.0917001974303275e-05,0.014939959000912495,100,0.3096524160064291,0.0016711659991415218,114.98898445799568,0.9998943264745181,0.00021133588406974102,0.8788249118326379,0.014537780125029615,0.0,0.0,0.19328108341556666,2.307096683548462,1e-12
success,,F-F_1.28_sto-6g_as-018-002,hamiltonian_generator/extended_diatomic_20q_library/F-F/1.28/sto-6g/F-F_1.28_sto-6g_as-018-002.tensors.npz,F-F,1.28,sto-6g,18,2,20,1580,2950,jw,random_groups,17,1106263217,2950,1272112,0.2924546671954297,70,"[58,42,46,44,32,172,37,156,42,37,156,34,26,16,34,34,48,48,40,40,64,64,48,48,64,64,52,52,52,48,40,40,30,26,24,108,24,88,24,24,104,52,56,46,38,36,16,32,32,32,24,20,16,24,24,16,16,16,16,16,16,8,16,16,16,12,36,28,16,28]","[49,47,11,8,42,24,7,9,69,27,35,19,64,60,6,34,53,32,33,41,37,56,51,18,63,17,20,1,38,44,68,22,2,26,65,10,58,3,13,43,16,31,0,30,40,4,50,57,21,66,39,59,29,28,15,25,54,48,36,45,5,12,62,61,23,14,52,67,46,55]",2586b78f7b689112,988c28524960c7a2,100,0.01,1.0,295000,7.3273090647616534,0.036636545323808264,0.899558601092729,7.216599624371156e-05,0.01487808300589677,100,0.3096524160064291,0.0016711659991415218,112.52407695799775,0.9999743863001777,5.12267435830438e-05,0.8779483914639256,0.007157331880295425,3.165794318360504e-06,3.165794318249482e-06,0.046850351719326284,1.3515016352494509,1e-12
success,,F-F_1.28_sto-6g_as-018-002,hamiltonian_generator/extended_diatomic_20q_library/F-F/1.28/sto-6g/F-F_1.28_sto-6g_as-018-002.tensors.npz,F-F,1.28,sto-6g,18,2,20,1580,2950,fermionic,random_groups,17,2178110212,1580,580828,0.46562717951595706,125,"[16,16,12,14,18,10,17,18,12,20,14,14,15,12,13,14,12,13,14,12,13,15,15,11,11,12,11,11,11,13,12,11,11,13,12,11,12,10,13,11,14,10,10,10,10,11,12,11,10,20,15,15,16,15,13,12,14,10,10,12,10,11,9,9,11,11,10,11,9,9,8,10,9,9,12,10,9,11,13,9,9,10,10,11,11,11,11,11,11,8,11,11,11,14,13,10,9,12,11,10,8,10,10,13,14,12,12,12,12,14,12,16,13,9,4,21,53,38,39,20,12,11,9,8,8]","[36,77,118,44,5,93,43,58,112,23,120,82,48,0,83,94,40,4,101,56,6,20,38,74,72,123,124,61,9,55,115,33,25,104,47,117,15,62,45,8,85,107,46,99,119,69,96,76,86,70,34,28,57,79,71,90,110,63,59,49,106,1,7,75,91,80,18,11,95,21,68,64,100,116,109,52,53,98,89,12,87,114,113,32,78,50,42,29,37,51,65,16,54,88,19,3,97,22,41,14,84,102,66,105,26,60,81,27,73,39,30,108,92,31,35,122,13,10,24,67,121,2,103,17,111]",f284e07feccdb149,c06cc4a490a58061,100,0.01,1.0,295000,6.88063677059286,0.0344031838529643,0.7932273931368087,7.2209004429169e-05,0.014274415996624157,100,0.3096524160064291,0.0016711659991415218,114.01817179200589,0.9996240920910814,0.0007516745110812684,0.8782145179037767,0.02741925997975203,0.0,0.0,0.6874576199738512,8.20582732202366,1e-12
success,,F-F_1.28_sto-6g_as-018-002,hamiltonian_generator/extended_diatomic_20q_library/F-F/1.28/sto-6g/F-F_1.28_sto-6g_as-018-002.tensors.npz,F-F,1.28,sto-6g,18,2,20,1580,2950,jw,random_groups,18,2004198734,2950,1272112,0.2924546671954297,70,"[58,42,46,44,32,172,37,156,42,37,156,34,26,16,34,34,48,48,40,40,64,64,48,48,64,64,52,52,52,48,40,40,30,26,24,108,24,88,24,24,104,52,56,46,38,36,16,32,32,32,24,20,16,24,24,16,16,16,16,16,16,8,16,16,16,12,36,28,16,28]","[19,11,28,15,20,22,25,65,54,9,5,59,16,33,17,44,63,51,61,60,67,6,3,37,64,13,49,41,32,14,35,34,26,30,46,2,10,58,66,55,69,31,1,43,38,48,42,56,45,7,53,47,18,62,0,29,52,36,4,57,21,50,39,68,23,40,8,24,27,12]",de2ef30583ca2f23,8dddd5c19408e4aa,100,0.01,1.0,295000,29.31308475174623,0.14656542375873116,14.396717637642743,6.808299804106355e-05,0.014942166999389883,100,0.3096524160064291,0.0016711659991415218,113.02073437500076,0.9999357205091659,0.00012855484981522114,0.8790310309177415,0.011338385320149956,2.117592647621347e-05,2.117592647621347e-05,0.11757218022856826,3.391628621929973,1e-12
success,,F-F_1.28_sto-6g_as-018-002,hamiltonian_generator/extended_diatomic_20q_library/F-F/1.28/sto-6g/F-F_1.28_sto-6g_as-018-002.tensors.npz,F-F,1.28,sto-6g,18,2,20,1580,2950,fermionic,random_groups,18,4057069084,1580,580828,0.46562717951595706,125,"[16,16,12,14,18,10,17,18,12,20,14,14,15,12,13,14,12,13,14,12,13,15,15,11,11,12,11,11,11,13,12,11,11,13,12,11,12,10,13,11,14,10,10,10,10,11,12,11,10,20,15,15,16,15,13,12,14,10,10,12,10,11,9,9,11,11,10,11,9,9,8,10,9,9,12,10,9,11,13,9,9,10,10,11,11,11,11,11,11,8,11,11,11,14,13,10,9,12,11,10,8,10,10,13,14,12,12,12,12,14,12,16,13,9,4,21,53,38,39,20,12,11,9,8,8]","[7,107,40,3,87,47,108,105,34,112,45,54,90,60,56,96,19,18,15,31,123,46,61,106,94,37,10,24,111,22,32,25,77,84,76,75,21,17,62,117,97,101,71,39,30,13,103,6,100,89,53,119,109,114,20,11,93,63,81,38,68,57,122,16,115,110,36,69,80,35,83,66,73,67,64,65,72,118,27,85,29,121,33,95,55,113,44,78,49,79,9,102,8,2,59,0,58,43,86,51,82,70,98,14,4,26,74,50,52,124,48,12,23,41,28,91,42,92,99,104,116,1,88,120,5]",83515ca29ee84a61,25fcf055704dc23b,100,0.01,1.0,295000,3.5117843935975137,0.01755892196798757,0.20663130978504324,6.86249986756593e-05,0.014796791998378467,100,0.3096524160064291,0.0016711659991415218,112.87894375000178,0.9999772075762223,4.558432806078816e-05,0.8792276499802462,0.0067516551715373204,0.0,0.0,0.041689977795972645,0.49763177963721533,1e-12
success,,F-F_1.28_sto-6g_as-018-002,hamiltonian_generator/extended_diatomic_20q_library/F-F/1.28/sto-6g/F-F_1.28_sto-6g_as-018-002.tensors.npz,F-F,1.28,sto-6g,18,2,20,1580,2950,jw,random_groups,19,771460460,2950,1272112,0.2924546671954297,70,"[58,42,46,44,32,172,37,156,42,37,156,34,26,16,34,34,48,48,40,40,64,64,48,48,64,64,52,52,52,48,40,40,30,26,24,108,24,88,24,24,104,52,56,46,38,36,16,32,32,32,24,20,16,24,24,16,16,16,16,16,16,8,16,16,16,12,36,28,16,28]","[5,32,3,24,54,22,30,66,15,53,62,14,18,36,49,38,8,63,64,57,21,68,52,10,12,31,39,37,44,29,2,6,23,50,7,40,25,9,61,67,69,35,34,13,41,51,55,48,11,46,56,20,33,43,16,1,47,26,65,4,59,42,60,45,0,58,17,27,28,19]",3640dfb8b5c28688,2a60f9a904f93950,100,0.01,1.0,295000,49.982998011577244,0.24991499005788623,41.858633194039434,6.754199421266094e-05,0.014959332998842001,100,0.3096524160064291,0.0016711659991415218,113.44391716700193,0.9999396008427941,0.00012079466635361857,0.8787174727306777,0.010990828649915685,4.179709825835598e-05,4.179709825835598e-05,0.11047496304955318,3.1868937529022427,1e-12
success,,F-F_1.28_sto-6g_as-018-002,hamiltonian_generator/extended_diatomic_20q_library/F-F/1.28/sto-6g/F-F_1.28_sto-6g_as-018-002.tensors.npz,F-F,1.28,sto-6g,18,2,20,1580,2950,fermionic,random_groups,19,1457134939,1580,580828,0.46562717951595706,125,"[16,16,12,14,18,10,17,18,12,20,14,14,15,12,13,14,12,13,14,12,13,15,15,11,11,12,11,11,11,13,12,11,11,13,12,11,12,10,13,11,14,10,10,10,10,11,12,11,10,20,15,15,16,15,13,12,14,10,10,12,10,11,9,9,11,11,10,11,9,9,8,10,9,9,12,10,9,11,13,9,9,10,10,11,11,11,11,11,11,8,11,11,11,14,13,10,9,12,11,10,8,10,10,13,14,12,12,12,12,14,12,16,13,9,4,21,53,38,39,20,12,11,9,8,8]","[6,95,4,70,117,10,51,124,15,119,19,2,47,76,53,72,9,8,65,60,109,54,38,74,110,91,46,25,75,28,18,23,32,85,16,50,58,59,12,105,92,122,43,37,81,26,84,79,1,20,83,120,87,52,0,14,40,30,56,93,7,77,88,62,107,13,123,24,63,17,68,41,11,35,90,116,114,34,103,29,102,44,67,71,78,113,73,104,115,39,96,98,57,108,112,97,5,3,106,27,42,22,82,69,99,86,36,64,21,101,49,61,48,100,111,33,66,118,121,80,45,89,31,55,94]",57d6a5833772daab,a8cbe0f1adbf5b31,100,0.01,1.0,295000,2.9811114374215357,0.014905557187107678,0.14890074173135107,6.849999772384763e-05,0.014882209005008917,100,0.3096524160064291,0.0016711659991415218,112.84933399999863,0.9999677513637709,6.449623248361291e-05,0.878177938662836,0.008031019390971724,0.0,0.0,0.05898620456969442,0.7040879248656614,1e-12
