status,error_message,case_id,tensor_path,molecule,bond_length,basis,active_occupied,active_vacant,n_qubits,number_of_fermionic_terms,number_of_pauli_terms,graph_level,schedule,sample_index,random_seed,graph_vertices,graph_edges,graph_density,number_of_colors,group_sizes,group_order,within_group_order_hash,pauli_order_hash,trotter_steps,trotter_dt,evolution_time,nominal_exponential_count,bch2_hf_state_norm,leading_state_error_norm_estimate,bch_squared_ratio_to_raw,schedule_build_time_seconds,bch_evaluation_time_seconds,exact_sector_dimension,exact_build_time_seconds,exact_evolution_time_seconds,trotter_runtime_seconds,state_overlap_abs,state_infidelity,state_vector_2norm_error,phase_aligned_state_2norm_error,particle_number_leakage,spin_sector_leakage,state_infidelity_ratio_to_raw_jw,state_infidelity_ratio_to_current_coloring,coefficient_tolerance
success,,Be-Be_2.04_hgbs-5_as-008-008,hamiltonian_generator/hgbs5_diatomic_basis_transfer/night/Be-Be/2.04/hgbs-5/Be-Be_2.04_hgbs-5_as-008-008.tensors.npz,Be-Be,2.04,hgbs-5,8,8,16,678,1220,baseline,jw_raw,-1,-1,,,,,[],[],4f53cda18c2baa0c,24c51b1ee6b5608e,100,0.01,1.0,122000,0.338606665357716,0.00169303332678858,1.0,8.874998457031325e-06,0.002143583002180094,4900,4.96454837499914,0.017485083000792656,14.557638791997306,0.9999987218624204,2.5562735255224567e-06,1.9997532109568033,0.0015988355634975772,2.8321789358187743e-13,2.8332891588433995e-13,1.0,,1e-12
success,,Be-Be_2.04_hgbs-5_as-008-008,hamiltonian_generator/hgbs5_diatomic_basis_transfer/night/Be-Be/2.04/hgbs-5/Be-Be_2.04_hgbs-5_as-008-008.tensors.npz,Be-Be,2.04,hgbs-5,8,8,16,678,1220,jw,current,-1,-1,1220,253600,0.3410481582592558,49,"[76,40,36,36,40,30,36,30,20,56,34,24,34,24,26,24,28,14,14,88,19,88,20,19,88,20,16,16,16,20,20,22,14,8,12,12,12,8,8,8,8,8,8,8,8,8,8,4,4]","[0,1,2,3,4,5,6,7,8,9,10,11,12,13,14,15,16,17,18,19,20,21,22,23,24,25,26,27,28,29,30,31,32,33,34,35,36,37,38,39,40,41,42,43,44,45,46,47,48]",661ab140eeaeb8bb,5e54770a6d7fc4fa,100,0.01,1.0,122000,0.11453810923047344,0.0005726905461523672,0.11442186273649636,1.3790999219054356e-05,0.0023398329976771493,4900,4.96454837499914,0.017485083000792656,14.592437290997623,0.9999999498440576,1.0031188224512988e-07,1.9997538081729098,0.0003167205152790751,4.133360320679458e-13,4.1300296516055823e-13,0.039241450980730994,1.0,1e-12
success,,Be-Be_2.04_hgbs-5_as-008-008,hamiltonian_generator/hgbs5_diatomic_basis_transfer/night/Be-Be/2.04/hgbs-5/Be-Be_2.04_hgbs-5_as-008-008.tensors.npz,Be-Be,2.04,hgbs-5,8,8,16,678,1220,fermionic,current,-1,-1,678,111893,0.48754482512211167,71,"[14,26,10,17,8,8,7,8,8,8,10,9,12,8,4,7,8,6,11,8,11,8,9,11,11,17,4,8,9,11,8,8,8,8,6,8,14,8,10,4,6,8,6,10,9,10,8,9,8,4,8,8,16,34,28,30,36,8,6,8,4,4,4,4,5,5,4,4,2,2,2]","[0,1,2,3,4,5,6,7,8,9,10,11,12,13,14,15,16,17,18,19,20,21,22,23,24,25,26,27,28,29,30,31,32,33,34,35,36,37,38,39,40,41,42,43,44,45,46,47,48,49,50,51,52,53,54,55,56,57,58,59,60,61,62,63,64,65,66,67,68,69,70]",9a5709a43f691618,0232dcd85fa6b238,100,0.01,1.0,122000,0.1951931373994368,0.000975965686997184,0.332305924198805,1.4125002053333446e-05,0.002455834001011681,4900,4.96454837499914,0.017485083000792656,14.558937833997334,0.9999996152808828,7.694380864675665e-07,1.9997525644120864,0.0008771762847115144,4.0123460109953157e-13,4.0123460109953157e-13,0.3009999042689718,1.0,1e-12
success,,Be-Be_2.04_hgbs-5_as-008-008,hamiltonian_generator/hgbs5_diatomic_basis_transfer/night/Be-Be/2.04/hgbs-5/Be-Be_2.04_hgbs-5_as-008-008.tensors.npz,Be-Be,2.04,hgbs-5,8,8,16,678,1220,jw,reverse_groups,-1,-1,1220,253600,0.3410481582592558,49,"[76,40,36,36,40,30,36,30,20,56,34,24,34,24,26,24,28,14,14,88,19,88,20,19,88,20,16,16,16,20,20,22,14,8,12,12,12,8,8,8,8,8,8,8,8,8,8,4,4]","[48,47,46,45,44,43,42,41,40,39,38,37,36,35,34,33,32,31,30,29,28,27,26,25,24,23,22,21,20,19,18,17,16,15,14,13,12,11,10,9,8,7,6,5,4,3,2,1,0]",f77a60ac8d586339,364c6b5f2dc66d60,100,0.01,1.0,122000,0.11453810923047344,0.0005726905461523672,0.11442186273649636,1.3332999515114352e-05,0.0022368329991877545,4900,4.96454837499914,0.017485083000792656,14.648537291999673,0.9999999498196016,1.0036079423070277e-07,1.9997535502409585,0.0003167977221891214,3.5571545708990016e-13,3.5582647939236267e-13,0.039260585077721996,1.0004875991206441,1e-12
success,,Be-Be_2.04_hgbs-5_as-008-008,hamiltonian_generator/hgbs5_diatomic_basis_transfer/night/Be-Be/2.04/hgbs-5/Be-Be_2.04_hgbs-5_as-008-008.tensors.npz,Be-Be,2.04,hgbs-5,8,8,16,678,1220,fermionic,reverse_groups,-1,-1,678,111893,0.48754482512211167,71,"[14,26,10,17,8,8,7,8,8,8,10,9,12,8,4,7,8,6,11,8,11,8,9,11,11,17,4,8,9,11,8,8,8,8,6,8,14,8,10,4,6,8,6,10,9,10,8,9,8,4,8,8,16,34,28,30,36,8,6,8,4,4,4,4,5,5,4,4,2,2,2]","[70,69,68,67,66,65,64,63,62,61,60,59,58,57,56,55,54,53,52,51,50,49,48,47,46,45,44,43,42,41,40,39,38,37,36,35,34,33,32,31,30,29,28,27,26,25,24,23,22,21,20,19,18,17,16,15,14,13,12,11,10,9,8,7,6,5,4,3,2,1,0]",fb49c5a72d37a7c2,3627d04a2bfe59d1,100,0.01,1.0,122000,0.31158075399708374,0.0015579037699854188,0.846740323538079,1.4458997611654922e-05,0.0028756249994330574,4900,4.96454837499914,0.017485083000792656,14.623356333999254,0.9999992448071034,1.5103852227804637e-06,1.9997549692581162,0.0012289775397060889,2.4635848916432224e-13,2.462474668618597e-13,0.5908543071390484,1.962971744373262,1e-12
success,,Be-Be_2.04_hgbs-5_as-008-008,hamiltonian_generator/hgbs5_diatomic_basis_transfer/night/Be-Be/2.04/hgbs-5/Be-Be_2.04_hgbs-5_as-008-008.tensors.npz,Be-Be,2.04,hgbs-5,8,8,16,678,1220,jw,random_groups,0,170929829,1220,253600,0.3410481582592558,49,"[76,40,36,36,40,30,36,30,20,56,34,24,34,24,26,24,28,14,14,88,19,88,20,19,88,20,16,16,16,20,20,22,14,8,12,12,12,8,8,8,8,8,8,8,8,8,8,4,4]","[3,14,36,22,15,32,0,8,30,16,6,24,18,28,2,25,7,4,17,10,19,38,43,29,35,21,11,41,9,40,27,1,44,26,42,20,45,12,5,23,47,31,39,34,33,37,46,13,48]",9ebc184ec460f1b4,49a8044fee272b4f,100,0.01,1.0,122000,0.4453652669550262,0.002226826334775131,1.7299823931269849,1.3292003131937236e-05,0.002114750001055654,4900,4.96454837499914,0.017485083000792656,14.586927542000922,0.9999987014377325,2.5971228486687536e-06,1.9997510950369644,0.0016115596591459176,4.063416270128073e-13,4.063416270128073e-13,1.0159800282475437,25.890480674285655,1e-12
success,,Be-Be_2.04_hgbs-5_as-008-008,hamiltonian_generator/hgbs5_diatomic_basis_transfer/night/Be-Be/2.04/hgbs-5/Be-Be_2.04_hgbs-5_as-008-008.tensors.npz,Be-Be,2.04,hgbs-5,8,8,16,678,1220,fermionic,random_groups,0,3367589945,678,111893,0.48754482512211167,71,"[14,26,10,17,8,8,7,8,8,8,10,9,12,8,4,7,8,6,11,8,11,8,9,11,11,17,4,8,9,11,8,8,8,8,6,8,14,8,10,4,6,8,6,10,9,10,8,9,8,4,8,8,16,34,28,30,36,8,6,8,4,4,4,4,5,5,4,4,2,2,2]","[22,10,62,36,63,6,33,38,65,24,54,67,64,70,51,35,28,31,17,23,59,26,7,56,49,55,21,1,69,29,61,25,32,16,66,60,14,2,15,37,5,4,53,50,34,68,9,18,42,46,47,27,30,41,0,43,19,20,58,39,40,11,12,8,45,48,3,57,13,44,52]",110054a360fc74ce,488d8ae727e29c8e,100,0.01,1.0,122000,0.35542787059931613,0.0017771393529965806,1.101823304269351,1.3374999980442226e-05,0.002532124999561347,4900,4.96454837499914,0.017485083000792656,14.581174541999644,0.9999995737398404,8.525201374842695e-07,1.9997543680774512,0.0009233202690441593,3.098632461728812e-13,3.100852907778062e-13,0.33350114100564787,1.1079775650281707,1e-12
success,,Be-Be_2.04_hgbs-5_as-008-008,hamiltonian_generator/hgbs5_diatomic_basis_transfer/night/Be-Be/2.04/hgbs-5/Be-Be_2.04_hgbs-5_as-008-008.tensors.npz,Be-Be,2.04,hgbs-5,8,8,16,678,1220,jw,random_groups,1,1497130406,1220,253600,0.3410481582592558,49,"[76,40,36,36,40,30,36,30,20,56,34,24,34,24,26,24,28,14,14,88,19,88,20,19,88,20,16,16,16,20,20,22,14,8,12,12,12,8,8,8,8,8,8,8,8,8,8,4,4]","[2,41,12,45,24,37,5,13,16,3,15,0,30,20,38,4,32,27,23,35,46,26,47,1,28,42,19,17,39,33,10,34,40,14,36,31,6,18,43,21,7,11,48,8,22,25,9,29,44]",ff0d9f4e5cf3de2e,0251d9525cabc2a3,100,0.01,1.0,122000,0.25917604913944625,0.0012958802456972313,0.5858665798793976,1.4290999388322234e-05,0.0023254169973370153,4900,4.96454837499914,0.017485083000792656,14.612640333001764,0.9999993203581528,1.3592832325270976e-06,1.9997536053388554,0.0011658832250662577,4.57300863843102e-13,4.574118861455645e-13,0.5317440481058396,13.550570501762174,1e-12
success,,Be-Be_2.04_hgbs-5_as-008-008,hamiltonian_generator/hgbs5_diatomic_basis_transfer/night/Be-Be/2.04/hgbs-5/Be-Be_2.04_hgbs-5_as-008-008.tensors.npz,Be-Be,2.04,hgbs-5,8,8,16,678,1220,fermionic,random_groups,1,3876896119,678,111893,0.48754482512211167,71,"[14,26,10,17,8,8,7,8,8,8,10,9,12,8,4,7,8,6,11,8,11,8,9,11,11,17,4,8,9,11,8,8,8,8,6,8,14,8,10,4,6,8,6,10,9,10,8,9,8,4,8,8,16,34,28,30,36,8,6,8,4,4,4,4,5,5,4,4,2,2,2]","[56,61,5,2,57,38,34,37,19,11,32,70,20,1,24,69,29,50,6,66,65,36,42,13,0,3,39,14,41,12,35,17,55,18,48,43,58,7,62,33,53,27,67,60,31,30,47,26,9,64,23,49,59,21,8,10,16,46,40,51,52,15,25,45,44,4,68,22,28,54,63]",54ce2d9c3e91eec9,0de47e9e3316a456,100,0.01,1.0,122000,0.18383371869593423,0.0009191685934796712,0.29475375013498717,1.3374999980442226e-05,0.001971083001990337,4900,4.96454837499914,0.017485083000792656,14.595320499996888,0.9999999234261069,1.531477803462522e-07,1.999753485085108,0.00039134101015665895,3.714806240395774e-13,3.715916463420399e-13,0.05991056075071291,0.19903847111252623,1e-12
success,,Be-Be_2.04_hgbs-5_as-008-008,hamiltonian_generator/hgbs5_diatomic_basis_transfer/night/Be-Be/2.04/hgbs-5/Be-Be_2.04_hgbs-5_as-008-008.tensors.npz,Be-Be,2.04,hgbs-5,8,8,16,678,1220,jw,random_groups,2,1277635548,1220,253600,0.3410481582592558,49,"[76,40,36,36,40,30,36,30,20,56,34,24,34,24,26,24,28,14,14,88,19,88,20,19,88,20,16,16,16,20,20,22,14,8,12,12,12,8,8,8,8,8,8,8,8,8,8,4,4]","[44,31,37,17,8,14,10,26,32,28,16,25,30,13,23,9,0,24,2,42,15,39,7,41,21,47,20,11,45,4,27,18,43,29,5,48,34,19,46,36,22,1,33,3,38,35,40,6,12]",766e4c5700c7b2dd,aee18cc5d7277135,100,0.01,1.0,122000,0.1777054597764851,0.0008885272988824255,0.27542955264582525,1.4083001588005573e-05,0.0023064579982019495,4900,4.96454837499914,0.017485083000792656,14.612471624997852,0.9999997208509301,5.582980617813149e-07,1.9997528779545215,0.0007471935088843928,3.735900477863652e-13,3.7347902548390266e-13,0.21840309974935437,5.565622429624185,1e-12
success,,Be-Be_2.04_hgbs-5_as-008-008,hamiltonian_generator/hgbs5_diatomic_basis_transfer/night/Be-Be/2.04/hgbs-5/Be-Be_2.04_hgbs-5_as-008-008.tensors.npz,Be-Be,2.04,hgbs-5,8,8,16,678,1220,fermionic,random_groups,2,4124360246,678,111893,0.48754482512211167,71,"[14,26,10,17,8,8,7,8,8,8,10,9,12,8,4,7,8,6,11,8,11,8,9,11,11,17,4,8,9,11,8,8,8,8,6,8,14,8,10,4,6,8,6,10,9,10,8,9,8,4,8,8,16,34,28,30,36,8,6,8,4,4,4,4,5,5,4,4,2,2,2]","[24,4,9,18,64,60,23,41,37,69,46,25,32,67,50,27,0,58,62,1,44,2,29,54,57,61,7,31,49,10,70,17,40,13,52,47,16,65,42,14,3,55,39,38,11,33,15,68,63,28,48,45,30,66,12,36,35,6,53,20,43,5,51,21,34,59,56,26,19,8,22]",e6837ad049da514b,d02b4cb6ab30d25a,100,0.01,1.0,122000,0.3116176335993049,0.0015580881679965245,0.8469407806844313,1.3749999197898433e-05,0.0023019170002953615,4900,4.96454837499914,0.017485083000792656,14.571069958001317,0.9999989999129956,2.0001730086649516e-06,1.9997527965685924,0.0014142750824591638,3.5793590313915047e-13,3.581579477440755e-13,0.782456567614826,2.5995243072091716,1e-12
success,,Be-Be_2.04_hgbs-5_as-008-008,hamiltonian_generator/hgbs5_diatomic_basis_transfer/night/Be-Be/2.04/hgbs-5/Be-Be_2.04_hgbs-5_as-008-008.tensors.npz,Be-Be,2.04,hgbs-5,8,8,16,678,1220,jw,random_groups,3,310789966,1220,253600,0.3410481582592558,49,"[76,40,36,36,40,30,36,30,20,56,34,24,34,24,26,24,28,14,14,88,19,88,20,19,88,20,16,16,16,20,20,22,14,8,12,12,12,8,8,8,8,8,8,8,8,8,8,4,4]","[42,33,26,14,24,31,4,37,47,43,30,27,8,3,0,40,22,18,19,9,32,6,20,29,7,46,21,5,11,39,1,44,36,10,15,34,28,38,16,25,12,41,45,23,2,48,13,17,35]",6d20bb51b94595dc,e82d46a32965558a,100,0.01,1.0,122000,0.5684677293467865,0.0028423386467339323,2.818516788126867,1.4208999346010387e-05,0.002325041001313366,4900,4.96454837499914,0.017485083000792656,14.633044833000895,0.9999971242097818,5.751572166201591e-06,1.9997495632735645,0.0023982452827773734,3.9601655288379334e-13,3.9612757518625585e-13,2.249983074493592,57.33689805706769,1e-12
success,,Be-Be_2.04_hgbs-5_as-008-008,hamiltonian_generator/hgbs5_diatomic_basis_transfer/night/Be-Be/2.04/hgbs-5/Be-Be_2.04_hgbs-5_as-008-008.tensors.npz,Be-Be,2.04,hgbs-5,8,8,16,678,1220,fermionic,random_groups,3,1422182446,678,111893,0.48754482512211167,71,"[14,26,10,17,8,8,7,8,8,8,10,9,12,8,4,7,8,6,11,8,11,8,9,11,11,17,4,8,9,11,8,8,8,8,6,8,14,8,10,4,6,8,6,10,9,10,8,9,8,4,8,8,16,34,28,30,36,8,6,8,4,4,4,4,5,5,4,4,2,2,2]","[5,67,53,46,51,27,25,10,50,68,19,22,2,65,40,16,41,28,1,13,49,18,4,60,59,14,47,3,24,36,26,69,55,20,15,33,30,43,58,64,23,42,48,57,34,8,0,62,39,21,11,12,56,61,44,7,52,32,6,70,38,66,29,37,45,17,9,63,35,31,54]",39a104326c9a92df,b2c988a8d00f5237,100,0.01,1.0,122000,0.14980553729951612,0.0007490276864975807,0.1957333042225129,1.3542001397581771e-05,0.002292249999300111,4900,4.96454837499914,0.017485083000792656,14.581965458000923,0.9999997943772581,4.112454415894362e-07,1.9997536382484082,0.0006412842457825808,2.298161660974074e-13,2.298161660974074e-13,0.160876931785062,0.5344750264149695,1e-12
success,,Be-Be_2.04_hgbs-5_as-008-008,hamiltonian_generator/hgbs5_diatomic_basis_transfer/night/Be-Be/2.04/hgbs-5/Be-Be_2.04_hgbs-5_as-008-008.tensors.npz,Be-Be,2.04,hgbs-5,8,8,16,678,1220,jw,random_groups,4,2585659375,1220,253600,0.3410481582592558,49,"[76,40,36,36,40,30,36,30,20,56,34,24,34,24,26,24,28,14,14,88,19,88,20,19,88,20,16,16,16,20,20,22,14,8,12,12,12,8,8,8,8,8,8,8,8,8,8,4,4]","[14,0,23,3,28,29,31,9,11,2,17,13,6,34,25,26,43,33,18,45,4,38,46,37,44,48,30,47,42,21,10,20,36,7,12,27,32,1,24,19,40,8,16,39,35,22,15,41,5]",5cd439da3a3d81b2,ac63515b9399349c,100,0.01,1.0,122000,0.328451873174604,0.0016422593658730201,0.9409195244912592,1.2917000276502222e-05,0.002330957999220118,4900,4.96454837499914,0.017485083000792656,14.64533216700147,0.9999991641014824,1.6717963364776267e-06,1.9997519215334825,0.0012929799052003857,4.1378012127779584e-13,4.1378012127779584e-13,0.6539974379838486,16.66598511622278,1e-12
success,,Be-Be_2.04_hgbs-5_as-008-008,hamiltonian_generator/hgbs5_diatomic_basis_transfer/night/Be-Be/2.04/hgbs-5/Be-Be_2.04_hgbs-5_as-008-008.tensors.npz,Be-Be,2.04,hgbs-5,8,8,16,678,1220,fermionic,random_groups,4,1816603139,678,111893,0.48754482512211167,71,"[14,26,10,17,8,8,7,8,8,8,10,9,12,8,4,7,8,6,11,8,11,8,9,11,11,17,4,8,9,11,8,8,8,8,6,8,14,8,10,4,6,8,6,10,9,10,8,9,8,4,8,8,16,34,28,30,36,8,6,8,4,4,4,4,5,5,4,4,2,2,2]","[10,41,0,4,49,70,7,14,9,63,13,6,8,19,32,58,60,3,30,17,23,50,69,12,1,42,68,28,36,47,57,66,51,56,27,52,37,16,35,26,2,21,67,31,25,65,33,18,39,40,64,44,61,46,5,24,53,22,59,43,38,62,20,54,11,45,55,34,29,48,15]",fee78e2cb8abead8,5d23e290e52cba98,100,0.01,1.0,122000,0.14862241696690495,0.0007431120848345248,0.1926538240353544,1.4917000953573734e-05,0.002458833001583116,4900,4.96454837499914,0.017485083000792656,14.590255375002016,0.9999998418338814,3.1633221231341935e-07,1.9997536308667894,0.0005624342070797592,2.873257187729905e-13,2.873257187729905e-13,0.1237474038498156,0.41112107377693924,1e-12
success,,Be-Be_2.04_hgbs-5_as-008-008,hamiltonian_generator/hgbs5_diatomic_basis_transfer/night/Be-Be/2.04/hgbs-5/Be-Be_2.04_hgbs-5_as-008-008.tensors.npz,Be-Be,2.04,hgbs-5,8,8,16,678,1220,jw,random_groups,5,1579864017,1220,253600,0.3410481582592558,49,"[76,40,36,36,40,30,36,30,20,56,34,24,34,24,26,24,28,14,14,88,19,88,20,19,88,20,16,16,16,20,20,22,14,8,12,12,12,8,8,8,8,8,8,8,8,8,8,4,4]","[2,10,11,9,24,12,4,25,0,48,7,41,38,36,39,22,32,5,6,28,35,8,31,15,14,47,16,43,23,19,26,33,1,3,34,44,40,18,29,27,45,30,13,17,46,37,20,42,21]",3bebdfd5e39ef41c,40392824fad10e9c,100,0.01,1.0,122000,0.1600433321081257,0.0008002166605406286,0.2234005119716491,1.375000283587724e-05,0.002300250002008397,4900,4.96454837499914,0.017485083000792656,14.654991583000083,0.9999998842173033,2.315653798712347e-07,1.999753895605058,0.0004812124201482473,3.1186164761720647e-13,3.1163960301228144e-13,0.09058708998048512,2.308454140112371,1e-12
success,,Be-Be_2.04_hgbs-5_as-008-008,hamiltonian_generator/hgbs5_diatomic_basis_transfer/night/Be-Be/2.04/hgbs-5/Be-Be_2.04_hgbs-5_as-008-008.tensors.npz,Be-Be,2.04,hgbs-5,8,8,16,678,1220,fermionic,random_groups,5,3469542081,678,111893,0.48754482512211167,71,"[14,26,10,17,8,8,7,8,8,8,10,9,12,8,4,7,8,6,11,8,11,8,9,11,11,17,4,8,9,11,8,8,8,8,6,8,14,8,10,4,6,8,6,10,9,10,8,9,8,4,8,8,16,34,28,30,36,8,6,8,4,4,4,4,5,5,4,4,2,2,2]","[35,16,34,31,11,13,32,24,1,29,65,15,45,18,9,54,40,70,8,66,69,52,17,33,6,61,28,62,14,67,4,21,64,59,22,7,23,5,51,46,48,57,50,41,55,68,26,30,42,27,39,60,0,53,3,36,43,63,25,58,19,56,2,47,38,20,37,10,49,44,12]",aa515007d6567bc2,e5d7d4fc1d852f39,100,0.01,1.0,122000,0.1345028225169204,0.0006725141125846019,0.15778720761200005,1.4291999832494184e-05,0.002448999999614898,4900,4.96454837499914,0.017485083000792656,14.586203167000349,0.9999998917752986,2.164493911882559e-07,1.999753801768719,0.00046524123080999354,2.8388402739665253e-13,2.8388402739665253e-13,0.08467379919526316,0.28130839244254086,1e-12
success,,Be-Be_2.04_hgbs-5_as-008-008,hamiltonian_generator/hgbs5_diatomic_basis_transfer/night/Be-Be/2.04/hgbs-5/Be-Be_2.04_hgbs-5_as-008-008.tensors.npz,Be-Be,2.04,hgbs-5,8,8,16,678,1220,jw,random_groups,6,3151523025,1220,253600,0.3410481582592558,49,"[76,40,36,36,40,30,36,30,20,56,34,24,34,24,26,24,28,14,14,88,19,88,20,19,88,20,16,16,16,20,20,22,14,8,12,12,12,8,8,8,8,8,8,8,8,8,8,4,4]","[12,46,27,25,26,36,20,37,7,43,17,44,39,32,5,28,24,45,47,22,38,2,35,21,30,42,8,6,34,41,19,16,48,33,18,40,10,15,9,14,4,0,3,31,11,13,29,1,23]",f23834fbbe4146d7,1d799ee22d3052fd,100,0.01,1.0,122000,0.6630695786394474,0.003315347893197237,3.834662978693854,1.5958001313265413e-05,0.0025572089980414603,4900,4.96454837499914,0.017485083000792656,14.572953540999151,0.9999946623613193,1.0675248870994913e-05,1.999754450105545,0.0032673042958113268,3.2529534621517087e-13,3.2518432391270835e-13,4.176098044442675,106.42058181011946,1e-12
success,,Be-Be_2.04_hgbs-5_as-008-008,hamiltonian_generator/hgbs5_diatomic_basis_transfer/night/Be-Be/2.04/hgbs-5/Be-Be_2.04_hgbs-5_as-008-008.tensors.npz,Be-Be,2.04,hgbs-5,8,8,16,678,1220,fermionic,random_groups,6,2189256465,678,111893,0.48754482512211167,71,"[14,26,10,17,8,8,7,8,8,8,10,9,12,8,4,7,8,6,11,8,11,8,9,11,11,17,4,8,9,11,8,8,8,8,6,8,14,8,10,4,6,8,6,10,9,10,8,9,8,4,8,8,16,34,28,30,36,8,6,8,4,4,4,4,5,5,4,4,2,2,2]","[11,8,67,23,49,55,20,33,54,58,66,45,40,4,50,59,68,26,62,53,56,65,17,32,9,63,24,43,13,15,30,46,7,48,3,60,37,6,61,41,44,69,28,39,42,36,27,70,2,21,12,0,16,25,10,34,5,18,29,1,22,57,14,38,47,35,52,51,19,64,31]",c919fad24f2eced5,5ed83a786a01267f,100,0.01,1.0,122000,0.17662911008816137,0.0008831455504408069,0.27210314163791866,1.4500001270789653e-05,0.0024316250019182917,4900,4.96454837499914,0.017485083000792656,14.546143125000526,0.9999997469754933,5.060489493002862e-07,1.9997537568099373,0.0007113712205031595,2.949862576429041e-13,2.948752353404416e-13,0.19796353725365085,0.6576863794506451,1e-12
success,,Be-Be_2.04_hgbs-5_as-008-008,hamiltonian_generator/hgbs5_diatomic_basis_transfer/night/Be-Be/2.04/hgbs-5/Be-Be_2.04_hgbs-5_as-008-008.tensors.npz,Be-Be,2.04,hgbs-5,8,8,16,678,1220,jw,random_groups,7,2179626871,1220,253600,0.3410481582592558,49,"[76,40,36,36,40,30,36,30,20,56,34,24,34,24,26,24,28,14,14,88,19,88,20,19,88,20,16,16,16,20,20,22,14,8,12,12,12,8,8,8,8,8,8,8,8,8,8,4,4]","[33,31,44,29,35,48,39,20,28,34,9,38,46,18,36,3,0,8,2,37,21,19,12,25,45,5,41,4,22,17,11,30,42,40,10,6,15,14,13,43,47,16,32,1,27,7,24,26,23]",a990dd6667d1fc48,7e324e50c840be80,100,0.01,1.0,122000,0.25205578103544984,0.0012602789051772492,0.5541180787288152,1.3917000615037978e-05,0.002274750000651693,4900,4.96454837499914,0.017485083000792656,14.588064332998329,0.9999996187499269,7.625000008060212e-07,1.9997536403990965,0.0008732125435048532,3.892441924335799e-13,3.892441924335799e-13,0.2982857637076141,7.60129292502674,1e-12
success,,Be-Be_2.04_hgbs-5_as-008-008,hamiltonian_generator/hgbs5_diatomic_basis_transfer/night/Be-Be/2.04/hgbs-5/Be-Be_2.04_hgbs-5_as-008-008.tensors.npz,Be-Be,2.04,hgbs-5,8,8,16,678,1220,fermionic,random_groups,7,54865669,678,111893,0.48754482512211167,71,"[14,26,10,17,8,8,7,8,8,8,10,9,12,8,4,7,8,6,11,8,11,8,9,11,11,17,4,8,9,11,8,8,8,8,6,8,14,8,10,4,6,8,6,10,9,10,8,9,8,4,8,8,16,34,28,30,36,8,6,8,4,4,4,4,5,5,4,4,2,2,2]","[62,11,34,13,16,50,40,47,38,49,30,6,46,26,61,44,67,68,7,39,29,69,41,2,3,12,54,66,51,45,56,52,64,23,70,28,17,18,33,57,5,32,42,37,9,63,1,20,24,8,48,27,58,4,65,25,15,53,59,60,14,31,55,43,36,0,10,35,22,21,19]",c3b2525455c7e2d0,36fd87527ee01e8b,100,0.01,1.0,122000,0.17910291315810103,0.0008955145657905052,0.27977847206181594,1.4042001566849649e-05,0.0024487919981766026,4900,4.96454837499914,0.017485083000792656,14.569231583998771,0.9999996937571699,6.124855663758311e-07,1.9997533333627877,0.0007826146307025423,3.4283687000424834e-13,3.427258477017858e-13,0.23960095046974675,0.7960166999111093,1e-12
success,,Be-Be_2.04_hgbs-5_as-008-008,hamiltonian_generator/hgbs5_diatomic_basis_transfer/night/Be-Be/2.04/hgbs-5/Be-Be_2.04_hgbs-5_as-008-008.tensors.npz,Be-Be,2.04,hgbs-5,8,8,16,678,1220,jw,random_groups,8,1984604632,1220,253600,0.3410481582592558,49,"[76,40,36,36,40,30,36,30,20,56,34,24,34,24,26,24,28,14,14,88,19,88,20,19,88,20,16,16,16,20,20,22,14,8,12,12,12,8,8,8,8,8,8,8,8,8,8,4,4]","[9,36,29,8,46,7,2,12,10,37,24,27,39,6,33,45,13,31,44,22,3,32,21,35,41,26,38,34,14,48,16,28,11,17,40,47,1,19,43,15,5,23,30,25,18,4,20,42,0]",15ed2a6a94738430,7947ed64c5a67c96,100,0.01,1.0,122000,0.21197380107387112,0.0010598690053693555,0.39189829095038825,1.3041000784141943e-05,0.0023643339991394896,4900,4.96454837499914,0.017485083000792656,14.5985854999999,0.9999996658574639,6.682849604811025e-07,1.9997539434155738,0.0008174870470958783,3.7825298448979083e-13,3.7836400679225335e-13,0.2614293634107551,6.6620717857534535,1e-12
success,,Be-Be_2.04_hgbs-5_as-008-008,hamiltonian_generator/hgbs5_diatomic_basis_transfer/night/Be-Be/2.04/hgbs-5/Be-Be_2.04_hgbs-5_as-008-008.tensors.npz,Be-Be,2.04,hgbs-5,8,8,16,678,1220,fermionic,random_groups,8,2680923446,678,111893,0.48754482512211167,71,"[14,26,10,17,8,8,7,8,8,8,10,9,12,8,4,7,8,6,11,8,11,8,9,11,11,17,4,8,9,11,8,8,8,8,6,8,14,8,10,4,6,8,6,10,9,10,8,9,8,4,8,8,16,34,28,30,36,8,6,8,4,4,4,4,5,5,4,4,2,2,2]","[8,30,66,55,70,40,46,28,42,29,53,3,33,17,47,13,0,4,7,6,43,54,36,62,50,39,22,45,67,23,9,19,51,32,44,49,31,59,34,2,65,56,25,21,52,60,63,5,20,35,16,14,57,37,61,38,18,1,68,12,69,26,41,64,11,24,10,48,58,15,27]",b37c70bfff716c66,1e407d5f0f997138,100,0.01,1.0,122000,0.2022014869348619,0.0010110074346743095,0.3565969992692171,1.3624998246086761e-05,0.002175124998757383,4900,4.96454837499914,0.017485083000792656,14.57058991699887,0.9999996505966614,6.98806555066156e-07,1.999753780040194,0.0008359465755601184,3.58046925441613e-13,3.5782488083668795e-13,0.2733692416281362,0.908203749406694,1e-12
success,,Be-Be_2.04_hgbs-5_as-008-008,hamiltonian_generator/hgbs5_diatomic_basis_transfer/night/Be-Be/2.04/hgbs-5/Be-Be_2.04_hgbs-5_as-008-008.tensors.npz,Be-Be,2.04,hgbs-5,8,8,16,678,1220,jw,random_groups,9,3375276032,1220,253600,0.3410481582592558,49,"[76,40,36,36,40,30,36,30,20,56,34,24,34,24,26,24,28,14,14,88,19,88,20,19,88,20,16,16,16,20,20,22,14,8,12,12,12,8,8,8,8,8,8,8,8,8,8,4,4]","[38,1,41,26,4,47,20,32,5,34,15,13,11,12,46,44,36,33,43,39,35,16,21,3,0,24,19,37,25,29,31,6,45,2,40,17,9,30,7,48,27,23,8,42,22,18,14,10,28]",c257b29c7ca11474,a05bfdcc7285adf4,100,0.01,1.0,122000,0.2911664783840188,0.001455832391920094,0.7394209341032107,1.3500000932253897e-05,0.0023995000010472722,4900,4.96454837499914,0.017485083000792656,14.589351917002205,0.9999993166474469,1.3667046392384918e-06,1.9997527425342354,0.0011690616349013835,3.737010700888277e-13,3.737010700888277e-13,0.5346472611764665,13.62455382801717,1e-12
success,,Be-Be_2.04_hgbs-5_as-008-008,hamiltonian_generator/hgbs5_diatomic_basis_transfer/night/Be-Be/2.04/hgbs-5/Be-Be_2.04_hgbs-5_as-008-008.tensors.npz,Be-Be,2.04,hgbs-5,8,8,16,678,1220,fermionic,random_groups,9,1198809176,678,111893,0.48754482512211167,71,"[14,26,10,17,8,8,7,8,8,8,10,9,12,8,4,7,8,6,11,8,11,8,9,11,11,17,4,8,9,11,8,8,8,8,6,8,14,8,10,4,6,8,6,10,9,10,8,9,8,4,8,8,16,34,28,30,36,8,6,8,4,4,4,4,5,5,4,4,2,2,2]","[41,57,53,10,18,59,25,21,16,51,2,67,32,46,54,7,4,1,14,40,23,61,13,6,44,38,27,49,42,26,35,22,62,69,19,45,36,68,15,33,47,58,5,64,12,65,9,28,48,34,50,20,0,24,70,31,56,39,3,37,17,63,43,52,60,30,8,11,66,55,29]",85a826c3efaaf3ab,f4aee4fdede4b542,100,0.01,1.0,122000,0.19047561702100752,0.0009523780851050375,0.31643737456781473,1.5957997675286606e-05,0.002254834002087591,4900,4.96454837499914,0.017485083000792656,14.56583804100228,0.9999996022609192,7.954780033569975e-07,1.9997538431587165,0.0008918958243896978,3.419486915845482e-13,3.419486915845482e-13,0.3111865750729535,1.0338427709095845,1e-12
success,,Be-Be_2.04_hgbs-5_as-008-008,hamiltonian_generator/hgbs5_diatomic_basis_transfer/night/Be-Be/2.04/hgbs-5/Be-Be_2.04_hgbs-5_as-008-008.tensors.npz,Be-Be,2.04,hgbs-5,8,8,16,678,1220,jw,random_groups,10,587745067,1220,253600,0.3410481582592558,49,"[76,40,36,36,40,30,36,30,20,56,34,24,34,24,26,24,28,14,14,88,19,88,20,19,88,20,16,16,16,20,20,22,14,8,12,12,12,8,8,8,8,8,8,8,8,8,8,4,4]","[36,21,26,37,19,45,4,22,12,32,30,13,17,42,41,24,47,9,8,34,6,40,28,7,1,46,43,16,29,23,25,44,10,5,0,2,11,31,14,3,48,33,15,35,18,38,27,39,20]",a73fd1e8244052e6,fccb5045569ddad6,100,0.01,1.0,122000,0.4763249299318512,0.0023816246496592562,1.9788625014452768,1.4083001588005573e-05,0.002376374999585096,4900,4.96454837499914,0.017485083000792656,14.58406012499836,0.9999981369643133,3.726067902554142e-06,1.999750999418261,0.0019303034407689337,2.0450308113595383e-13,2.0439205883349132e-13,1.4576170606753047,37.14483089300263,1e-12
success,,Be-Be_2.04_hgbs-5_as-008-008,hamiltonian_generator/hgbs5_diatomic_basis_transfer/night/Be-Be/2.04/hgbs-5/Be-Be_2.04_hgbs-5_as-008-008.tensors.npz,Be-Be,2.04,hgbs-5,8,8,16,678,1220,fermionic,random_groups,10,3391352111,678,111893,0.48754482512211167,71,"[14,26,10,17,8,8,7,8,8,8,10,9,12,8,4,7,8,6,11,8,11,8,9,11,11,17,4,8,9,11,8,8,8,8,6,8,14,8,10,4,6,8,6,10,9,10,8,9,8,4,8,8,16,34,28,30,36,8,6,8,4,4,4,4,5,5,4,4,2,2,2]","[54,63,43,51,47,33,40,25,4,13,48,67,5,46,24,69,36,70,52,29,14,61,17,30,55,23,19,26,2,6,42,18,37,58,22,8,3,0,10,20,21,15,49,32,7,62,59,31,56,34,57,68,27,65,41,66,50,9,38,53,39,64,35,12,16,44,28,60,11,1,45]",5ac3f96a4308adf1,fc15073f8bbe0dca,100,0.01,1.0,122000,0.34869041512457866,0.0017434520756228933,1.0604471116031353,1.2958000297658145e-05,0.0022758750019420404,4900,4.96454837499914,0.017485083000792656,14.58409570799995,0.9999992336275931,1.532744226429017e-06,1.999754448228568,0.0012380407157024347,3.275157922644212e-13,3.2729374765949615e-13,0.5996010251351139,1.9920306173895455,1e-12
success,,Be-Be_2.04_hgbs-5_as-008-008,hamiltonian_generator/hgbs5_diatomic_basis_transfer/night/Be-Be/2.04/hgbs-5/Be-Be_2.04_hgbs-5_as-008-008.tensors.npz,Be-Be,2.04,hgbs-5,8,8,16,678,1220,jw,random_groups,11,2176002116,1220,253600,0.3410481582592558,49,"[76,40,36,36,40,30,36,30,20,56,34,24,34,24,26,24,28,14,14,88,19,88,20,19,88,20,16,16,16,20,20,22,14,8,12,12,12,8,8,8,8,8,8,8,8,8,8,4,4]","[46,9,45,19,6,41,31,25,7,2,8,39,40,18,26,14,27,35,23,47,43,22,44,17,12,34,29,20,30,11,13,33,1,16,32,42,21,38,10,0,4,24,15,48,37,3,36,5,28]",f21608692dcfc7f3,5c96a97a5808c4ed,100,0.01,1.0,122000,0.46099168233913557,0.0023049584116956777,1.8535110240079982,1.2792002962669358e-05,0.0019690840017574374,4900,4.96454837499914,0.017485083000792656,14.5973868330002,0.9999981008739445,3.7982485043830394e-06,1.999752526339376,0.0019489104933407171,3.4228175849193576e-13,3.4228175849193576e-13,1.4858537110604175,37.86439272569271,1e-12
success,,Be-Be_2.04_hgbs-5_as-008-008,hamiltonian_generator/hgbs5_diatomic_basis_transfer/night/Be-Be/2.04/hgbs-5/Be-Be_2.04_hgbs-5_as-008-008.tensors.npz,Be-Be,2.04,hgbs-5,8,8,16,678,1220,fermionic,random_groups,11,3910489929,678,111893,0.48754482512211167,71,"[14,26,10,17,8,8,7,8,8,8,10,9,12,8,4,7,8,6,11,8,11,8,9,11,11,17,4,8,9,11,8,8,8,8,6,8,14,8,10,4,6,8,6,10,9,10,8,9,8,4,8,8,16,34,28,30,36,8,6,8,4,4,4,4,5,5,4,4,2,2,2]","[52,11,15,64,66,13,23,32,18,31,21,57,36,69,27,42,7,20,67,41,45,17,61,0,14,65,37,35,6,12,58,16,51,22,1,2,38,19,34,70,49,10,33,4,59,63,26,30,24,48,25,9,62,54,46,29,56,5,50,68,39,60,44,8,40,3,28,53,47,43,55]",7414ac654c818c9d,906226487a2b1246,100,0.01,1.0,122000,0.24345520285366426,0.0012172760142683213,0.5169483040596758,1.3083001249469817e-05,0.002292207998834783,4900,4.96454837499914,0.017485083000792656,14.577193583001645,0.9999995853862641,8.29227299936619e-07,1.9997536918312229,0.0009106192792814916,3.305133944309091e-13,3.305133944309091e-13,0.32438911237682977,1.077705035038674,1e-12
success,,Be-Be_2.04_hgbs-5_as-008-008,hamiltonian_generator/hgbs5_diatomic_basis_transfer/night/Be-Be/2.04/hgbs-5/Be-Be_2.04_hgbs-5_as-008-008.tensors.npz,Be-Be,2.04,hgbs-5,8,8,16,678,1220,jw,random_groups,12,3643636399,1220,253600,0.3410481582592558,49,"[76,40,36,36,40,30,36,30,20,56,34,24,34,24,26,24,28,14,14,88,19,88,20,19,88,20,16,16,16,20,20,22,14,8,12,12,12,8,8,8,8,8,8,8,8,8,8,4,4]","[7,24,45,34,35,43,8,4,33,18,38,12,2,21,17,44,26,16,14,3,31,23,11,48,9,10,36,1,13,19,47,41,22,6,20,0,40,39,25,42,5,30,28,29,37,15,32,27,46]",7d0de84febf0c9ab,8063063fbdb228e1,100,0.01,1.0,122000,0.42626924469680016,0.002131346223484001,1.584809235200377,1.3208002201281488e-05,0.002435125003103167,4900,4.96454837499914,0.017485083000792656,14.579346750000695,0.9999980146103782,3.970775301898044e-06,1.9997527343107337,0.001992681420507019,3.248512570053208e-13,3.248512570053208e-13,1.5533452356537192,39.584296625944575,1e-12
success,,Be-Be_2.04_hgbs-5_as-008-008,hamiltonian_generator/hgbs5_diatomic_basis_transfer/night/Be-Be/2.04/hgbs-5/Be-Be_2.04_hgbs-5_as-008-008.tensors.npz,Be-Be,2.04,hgbs-5,8,8,16,678,1220,fermionic,random_groups,12,2865866506,678,111893,0.48754482512211167,71,"[14,26,10,17,8,8,7,8,8,8,10,9,12,8,4,7,8,6,11,8,11,8,9,11,11,17,4,8,9,11,8,8,8,8,6,8,14,8,10,4,6,8,6,10,9,10,8,9,8,4,8,8,16,34,28,30,36,8,6,8,4,4,4,4,5,5,4,4,2,2,2]","[59,57,58,21,2,7,19,20,45,68,9,53,41,69,27,12,22,29,67,48,33,38,15,10,62,24,40,66,55,46,18,13,63,42,5,11,30,28,26,0,4,16,36,70,61,25,52,54,31,14,32,47,50,8,44,43,17,51,39,37,35,6,65,1,23,3,49,34,60,56,64]",0ace41ef64c335ca,2d088399dfea5491,100,0.01,1.0,122000,0.15650177669578613,0.0007825088834789306,0.21362276840929645,1.3749999197898433e-05,0.0023082910010998603,4900,4.96454837499914,0.017485083000792656,14.572125250000681,0.9999998008796996,3.9824056108361816e-07,1.9997542317058388,0.0006310630719021516,3.3517633113433476e-13,3.3506530883187224e-13,0.15578949478899168,0.5175732369993682,1e-12
success,,Be-Be_2.04_hgbs-5_as-008-008,hamiltonian_generator/hgbs5_diatomic_basis_transfer/night/Be-Be/2.04/hgbs-5/Be-Be_2.04_hgbs-5_as-008-008.tensors.npz,Be-Be,2.04,hgbs-5,8,8,16,678,1220,jw,random_groups,13,798067061,1220,253600,0.3410481582592558,49,"[76,40,36,36,40,30,36,30,20,56,34,24,34,24,26,24,28,14,14,88,19,88,20,19,88,20,16,16,16,20,20,22,14,8,12,12,12,8,8,8,8,8,8,8,8,8,8,4,4]","[42,5,46,15,36,44,1,14,30,33,29,38,18,48,26,31,47,45,28,0,20,7,34,4,39,6,17,16,13,24,23,37,32,9,25,21,8,43,11,40,3,10,41,2,12,19,22,35,27]",7a850d4e10a926a1,15a7dbac3f842709,100,0.01,1.0,122000,0.42602154269633924,0.002130107713481696,1.5829679277836726,1.5124998753890395e-05,0.002271166998980334,4900,4.96454837499914,0.017485083000792656,14.565869458001544,0.9999995768704191,8.462589827784583e-07,1.9997538330528943,0.0009199234543468452,3.1952218648712005e-13,3.1952218648712005e-13,0.33105181207300505,8.436278572766428,1e-12
success,,Be-Be_2.04_hgbs-5_as-008-008,hamiltonian_generator/hgbs5_diatomic_basis_transfer/night/Be-Be/2.04/hgbs-5/Be-Be_2.04_hgbs-5_as-008-008.tensors.npz,Be-Be,2.04,hgbs-5,8,8,16,678,1220,fermionic,random_groups,13,149417118,678,111893,0.48754482512211167,71,"[14,26,10,17,8,8,7,8,8,8,10,9,12,8,4,7,8,6,11,8,11,8,9,11,11,17,4,8,9,11,8,8,8,8,6,8,14,8,10,4,6,8,6,10,9,10,8,9,8,4,8,8,16,34,28,30,36,8,6,8,4,4,4,4,5,5,4,4,2,2,2]","[15,50,42,24,47,43,46,1,52,60,69,39,62,22,58,55,70,18,67,63,37,61,65,23,0,26,64,56,9,12,45,48,29,27,36,16,19,6,28,8,13,57,20,11,5,49,66,7,3,14,31,25,51,33,59,41,17,21,68,34,10,53,40,4,54,44,38,30,35,2,32]",6b500e92573cec21,852d58ab6617d652,100,0.01,1.0,122000,0.28235884148650847,0.0014117942074325423,0.6953633182035243,1.3916000170866027e-05,0.002135040998837212,4900,4.96454837499914,0.017485083000792656,14.582017208002071,0.999999174633151,1.650733016722583e-06,1.999753714729417,0.0012848088176672166,3.1796787425264483e-13,3.1796787425264483e-13,0.6457575843278363,2.1453747166337664,1e-12
success,,Be-Be_2.04_hgbs-5_as-008-008,hamiltonian_generator/hgbs5_diatomic_basis_transfer/night/Be-Be/2.04/hgbs-5/Be-Be_2.04_hgbs-5_as-008-008.tensors.npz,Be-Be,2.04,hgbs-5,8,8,16,678,1220,jw,random_groups,14,3809075065,1220,253600,0.3410481582592558,49,"[76,40,36,36,40,30,36,30,20,56,34,24,34,24,26,24,28,14,14,88,19,88,20,19,88,20,16,16,16,20,20,22,14,8,12,12,12,8,8,8,8,8,8,8,8,8,8,4,4]","[14,8,31,6,12,1,32,42,18,25,44,4,38,48,35,10,39,46,30,28,45,5,41,17,7,43,36,9,15,3,13,11,20,40,34,22,47,27,33,24,2,16,19,37,0,26,23,21,29]",f9a9f2c641507adc,8733f149a0c19354,100,0.01,1.0,122000,0.2632259906444254,0.0013161299532221272,0.604319394083942,1.3875000149710104e-05,0.0023777080023137387,4900,4.96454837499914,0.017485083000792656,14.576738957999623,0.9999992922968203,1.415405858629093e-06,1.9997531200014762,0.0011897085186930029,2.892130979148533e-13,2.892130979148533e-13,0.5536989076080227,14.110051839823896,1e-12
success,,Be-Be_2.04_hgbs-5_as-008-008,hamiltonian_generator/hgbs5_diatomic_basis_transfer/night/Be-Be/2.04/hgbs-5/Be-Be_2.04_hgbs-5_as-008-008.tensors.npz,Be-Be,2.04,hgbs-5,8,8,16,678,1220,fermionic,random_groups,14,3019720038,678,111893,0.48754482512211167,71,"[14,26,10,17,8,8,7,8,8,8,10,9,12,8,4,7,8,6,11,8,11,8,9,11,11,17,4,8,9,11,8,8,8,8,6,8,14,8,10,4,6,8,6,10,9,10,8,9,8,4,8,8,16,34,28,30,36,8,6,8,4,4,4,4,5,5,4,4,2,2,2]","[29,34,21,43,5,67,66,20,41,23,60,1,26,31,28,50,38,65,13,35,54,55,61,52,36,24,69,17,14,2,18,49,25,12,57,42,0,59,10,15,64,40,37,39,58,16,19,3,70,9,44,4,56,45,51,47,46,68,6,53,27,30,32,33,11,48,22,62,8,63,7]",f53c5c5c65d69225,89f33c0fc412c165,100,0.01,1.0,122000,0.3807153411939474,0.001903576705969737,1.2641824272995226,1.3540997315431014e-05,0.0019493750005494803,4900,4.96454837499914,0.017485083000792656,14.582450958001573,0.9999993985724668,1.2028547047293614e-06,1.999753089099184,0.0010967474943851126,3.4083846855992306e-13,3.4072744625746054e-13,0.4705500771806176,1.5632897901526797,1e-12
success,,Be-Be_2.04_hgbs-5_as-008-008,hamiltonian_generator/hgbs5_diatomic_basis_transfer/night/Be-Be/2.04/hgbs-5/Be-Be_2.04_hgbs-5_as-008-008.tensors.npz,Be-Be,2.04,hgbs-5,8,8,16,678,1220,jw,random_groups,15,2689661021,1220,253600,0.3410481582592558,49,"[76,40,36,36,40,30,36,30,20,56,34,24,34,24,26,24,28,14,14,88,19,88,20,19,88,20,16,16,16,20,20,22,14,8,12,12,12,8,8,8,8,8,8,8,8,8,8,4,4]","[31,43,44,18,29,2,46,26,36,42,20,48,24,10,12,3,25,40,7,8,35,39,30,47,16,11,5,33,45,1,6,22,38,34,9,28,4,15,21,32,0,14,13,17,41,37,23,19,27]",5f22d958c69525a1,cc19fe27edf98fa5,100,0.01,1.0,122000,0.40853927116928007,0.0020426963558464,1.4557158610553125,1.2833002983825281e-05,0.0023096249969967175,4900,4.96454837499914,0.017485083000792656,14.573611208001239,0.9999982008973967,3.5982019699343226e-06,1.9997548945632517,0.001896893567567387,2.998712389512548e-13,2.999822612537173e-13,1.4075966182839978,35.870147079300914,1e-12
success,,Be-Be_2.04_hgbs-5_as-008-008,hamiltonian_generator/hgbs5_diatomic_basis_transfer/night/Be-Be/2.04/hgbs-5/Be-Be_2.04_hgbs-5_as-008-008.tensors.npz,Be-Be,2.04,hgbs-5,8,8,16,678,1220,fermionic,random_groups,15,2656123937,678,111893,0.48754482512211167,71,"[14,26,10,17,8,8,7,8,8,8,10,9,12,8,4,7,8,6,11,8,11,8,9,11,11,17,4,8,9,11,8,8,8,8,6,8,14,8,10,4,6,8,6,10,9,10,8,9,8,4,8,8,16,34,28,30,36,8,6,8,4,4,4,4,5,5,4,4,2,2,2]","[29,23,1,65,8,40,11,35,45,51,22,50,64,21,13,70,58,38,49,68,36,33,34,3,26,30,53,44,6,41,31,4,2,28,10,59,14,37,67,16,57,55,18,17,52,47,54,42,66,7,69,19,24,5,60,0,48,25,46,43,62,12,61,27,39,20,56,9,32,63,15]",e543b41fcbaec3a6,0ba6082ac474cf78,100,0.01,1.0,122000,0.2815204438493121,0.0014076022192465603,0.69124001586111,1.4083001588005573e-05,0.002359250000154134,4900,4.96454837499914,0.017485083000792656,14.584717666999495,0.9999991593901044,1.6812190845039154e-06,1.9997529323181165,0.0012966185989568676,3.858025010572419e-13,3.8602454566216693e-13,0.6576835646569958,2.184995926341869,1e-12
success,,Be-Be_2.04_hgbs-5_as-008-008,hamiltonian_generator/hgbs5_diatomic_basis_transfer/night/Be-Be/2.04/hgbs-5/Be-Be_2.04_hgbs-5_as-008-008.tensors.npz,Be-Be,2.04,hgbs-5,8,8,16,678,1220,jw,random_groups,16,300390204,1220,253600,0.3410481582592558,49,"[76,40,36,36,40,30,36,30,20,56,34,24,34,24,26,24,28,14,14,88,19,88,20,19,88,20,16,16,16,20,20,22,14,8,12,12,12,8,8,8,8,8,8,8,8,8,8,4,4]","[19,43,21,5,23,31,4,45,7,29,39,48,37,33,41,35,47,12,8,10,46,44,0,30,11,40,27,24,38,14,17,2,6,18,20,32,42,1,22,28,9,34,25,13,26,3,36,16,15]",2049997dce79e69b,9a54fb617145c282,100,0.01,1.0,122000,0.3521379027717331,0.0017606895138586656,1.0815199654406424,1.2833999790018424e-05,0.002286792001541471,4900,4.96454837499914,0.017485083000792656,14.587379833999876,0.9999996331118409,7.337761835923828e-07,1.999753862285196,0.000856607446939036,3.6548541970660153e-13,3.652633751016765e-13,0.28704916600910774,7.314947812456261,1e-12
success,,Be-Be_2.04_hgbs-5_as-008-008,hamiltonian_generator/hgbs5_diatomic_basis_transfer/night/Be-Be/2.04/hgbs-5/Be-Be_2.04_hgbs-5_as-008-008.tensors.npz,Be-Be,2.04,hgbs-5,8,8,16,678,1220,fermionic,random_groups,16,278060400,678,111893,0.48754482512211167,71,"[14,26,10,17,8,8,7,8,8,8,10,9,12,8,4,7,8,6,11,8,11,8,9,11,11,17,4,8,9,11,8,8,8,8,6,8,14,8,10,4,6,8,6,10,9,10,8,9,8,4,8,8,16,34,28,30,36,8,6,8,4,4,4,4,5,5,4,4,2,2,2]","[51,59,16,54,35,38,1,53,32,45,68,62,17,34,47,46,31,36,33,21,69,52,40,50,41,15,20,57,18,7,55,60,65,19,26,9,24,5,56,44,49,66,4,58,8,37,27,43,22,23,39,25,61,29,63,10,70,11,67,2,28,64,42,14,3,6,12,0,13,30,48]",b23fe8b4ab0ca3ec,35c0041612d31dfc,100,0.01,1.0,122000,0.23557601495792582,0.0011778800747896292,0.4840287253711577,1.3500000932253897e-05,0.0023172090004663914,4900,4.96454837499914,0.017485083000792656,14.580181082998024,0.9999995132356054,9.735285522172177e-07,1.9997543682858203,0.0009866756250859808,2.9609648066752925e-13,2.9609648066752925e-13,0.38083896050139854,1.2652461183545196,1e-12
success,,Be-Be_2.04_hgbs-5_as-008-008,hamiltonian_generator/hgbs5_diatomic_basis_transfer/night/Be-Be/2.04/hgbs-5/Be-Be_2.04_hgbs-5_as-008-008.tensors.npz,Be-Be,2.04,hgbs-5,8,8,16,678,1220,jw,random_groups,17,2871051818,1220,253600,0.3410481582592558,49,"[76,40,36,36,40,30,36,30,20,56,34,24,34,24,26,24,28,14,14,88,19,88,20,19,88,20,16,16,16,20,20,22,14,8,12,12,12,8,8,8,8,8,8,8,8,8,8,4,4]","[32,25,33,36,8,12,44,47,18,41,19,42,35,38,3,21,37,45,0,46,31,11,30,43,23,10,14,29,17,28,2,7,5,22,40,15,48,27,13,26,9,1,24,34,16,20,39,4,6]",67c88f30d72391bd,cbdd39bb98398282,100,0.01,1.0,122000,0.5162587923878257,0.0025812939619391283,2.324576894620779,2.1083000319777057e-05,0.002381583999522263,4900,4.96454837499914,0.017485083000792656,14.560297959000309,0.9999975146018989,4.9707900250384185e-06,1.9997537311731308,0.0022295282465598647,2.892130979148533e-13,2.8910207561239076e-13,1.9445454390576133,49.55335214318291,1e-12
success,,Be-Be_2.04_hgbs-5_as-008-008,hamiltonian_generator/hgbs5_diatomic_basis_transfer/night/Be-Be/2.04/hgbs-5/Be-Be_2.04_hgbs-5_as-008-008.tensors.npz,Be-Be,2.04,hgbs-5,8,8,16,678,1220,fermionic,random_groups,17,3881362396,678,111893,0.48754482512211167,71,"[14,26,10,17,8,8,7,8,8,8,10,9,12,8,4,7,8,6,11,8,11,8,9,11,11,17,4,8,9,11,8,8,8,8,6,8,14,8,10,4,6,8,6,10,9,10,8,9,8,4,8,8,16,34,28,30,36,8,6,8,4,4,4,4,5,5,4,4,2,2,2]","[19,37,33,28,17,9,5,39,70,58,11,47,20,55,45,10,69,4,0,54,64,51,56,42,3,41,27,38,68,43,13,46,50,36,29,14,21,18,6,53,32,62,44,40,60,52,66,7,23,25,30,35,2,34,61,31,48,65,49,16,59,8,12,57,1,24,15,63,26,67,22]",970abf2786c3a3e5,a762e4d51a7d5451,100,0.01,1.0,122000,0.2767333375940374,0.001383666687970187,0.6679315475560282,1.341600000159815e-05,0.0022769159986637533,4900,4.96454837499914,0.017485083000792656,14.614218249997066,0.9999991911746537,1.6176500382547587e-06,1.9997536343117568,0.0012718689761564228,3.540501225529624e-13,3.5416114485542494e-13,0.6328157069670938,2.102378432657617,1e-12
success,,Be-Be_2.04_hgbs-5_as-008-008,hamiltonian_generator/hgbs5_diatomic_basis_transfer/night/Be-Be/2.04/hgbs-5/Be-Be_2.04_hgbs-5_as-008-008.tensors.npz,Be-Be,2.04,hgbs-5,8,8,16,678,1220,jw,random_groups,18,477683903,1220,253600,0.3410481582592558,49,"[76,40,36,36,40,30,36,30,20,56,34,24,34,24,26,24,28,14,14,88,19,88,20,19,88,20,16,16,16,20,20,22,14,8,12,12,12,8,8,8,8,8,8,8,8,8,8,4,4]","[46,42,47,43,0,19,30,38,7,45,12,33,40,5,3,34,2,4,14,32,8,37,11,13,6,9,18,10,44,28,27,22,1,36,39,41,21,35,23,26,31,48,16,20,17,25,24,15,29]",89dd99b089130ccb,a0e649472646eefb,100,0.01,1.0,122000,0.39433824467599743,0.001971691223379987,1.3562719885831833,1.2541000614874065e-05,0.002154334000806557,4900,4.96454837499914,0.017485083000792656,14.58761579199927,0.9999995032077753,9.935842025798891e-07,1.9997529968552097,0.0009967870632098248,3.723688024592775e-13,3.72257780156815e-13,0.3886846194899344,9.904950244597044,1e-12
success,,Be-Be_2.04_hgbs-5_as-008-008,hamiltonian_generator/hgbs5_diatomic_basis_transfer/night/Be-Be/2.04/hgbs-5/Be-Be_2.04_hgbs-5_as-008-008.tensors.npz,Be-Be,2.04,hgbs-5,8,8,16,678,1220,fermionic,random_groups,18,60323174,678,111893,0.48754482512211167,71,"[14,26,10,17,8,8,7,8,8,8,10,9,12,8,4,7,8,6,11,8,11,8,9,11,11,17,4,8,9,11,8,8,8,8,6,8,14,8,10,4,6,8,6,10,9,10,8,9,8,4,8,8,16,34,28,30,36,8,6,8,4,4,4,4,5,5,4,4,2,2,2]","[4,59,2,1,7,67,19,64,44,57,9,55,46,21,35,66,10,18,54,29,42,37,15,12,56,48,63,47,51,14,22,23,6,70,38,28,40,39,45,24,32,49,26,30,50,34,36,68,13,65,43,33,52,3,16,31,0,53,5,25,11,58,41,62,27,60,61,8,69,20,17]",e14e9ef7b3a51350,f225a89643af6861,100,0.01,1.0,122000,0.158403115134026,0.00079201557567013,0.21884490022197542,1.3583001418737695e-05,0.0024380419999943115,4900,4.96454837499914,0.017485083000792656,14.56571883399738,0.9999997770563674,4.4588721537230924e-07,1.9997538664990742,0.0006677479053582278,2.9598545836506673e-13,2.9598545836506673e-13,0.17442860121206233,0.579497198298754,1e-12
success,,Be-Be_2.04_hgbs-5_as-008-008,hamiltonian_generator/hgbs5_diatomic_basis_transfer/night/Be-Be/2.04/hgbs-5/Be-Be_2.04_hgbs-5_as-008-008.tensors.npz,Be-Be,2.04,hgbs-5,8,8,16,678,1220,jw,random_groups,19,241670715,1220,253600,0.3410481582592558,49,"[76,40,36,36,40,30,36,30,20,56,34,24,34,24,26,24,28,14,14,88,19,88,20,19,88,20,16,16,16,20,20,22,14,8,12,12,12,8,8,8,8,8,8,8,8,8,8,4,4]","[30,28,39,47,48,37,12,25,33,36,41,34,4,26,9,10,23,21,22,38,19,14,31,2,1,5,40,18,20,13,35,0,24,46,29,43,8,3,15,27,32,16,45,6,42,11,44,17,7]",f0b025da30b14433,0cfc1d0e32fc8753,100,0.01,1.0,122000,0.4140073628051429,0.0020700368140257144,1.4949446867548706,1.5875000826781616e-05,0.0023465419981221203,4900,4.96454837499914,0.017485083000792656,14.554316749999998,0.999998582178746,2.8356404977447625e-06,1.9997509732536607,0.0016839366104205262,3.2107649872159527e-13,3.207434318142077e-13,1.109286807312691,28.26824135166133,1e-12
success,,Be-Be_2.04_hgbs-5_as-008-008,hamiltonian_generator/hgbs5_diatomic_basis_transfer/night/Be-Be/2.04/hgbs-5/Be-Be_2.04_hgbs-5_as-008-008.tensors.npz,Be-Be,2.04,hgbs-5,8,8,16,678,1220,fermionic,random_groups,19,4064277062,678,111893,0.48754482512211167,71,"[14,26,10,17,8,8,7,8,8,8,10,9,12,8,4,7,8,6,11,8,11,8,9,11,11,17,4,8,9,11,8,8,8,8,6,8,14,8,10,4,6,8,6,10,9,10,8,9,8,4,8,8,16,34,28,30,36,8,6,8,4,4,4,4,5,5,4,4,2,2,2]","[13,52,46,28,47,37,51,1,36,59,34,30,56,29,41,48,10,33,9,62,31,17,12,6,7,20,50,54,24,45,66,18,11,53,4,0,5,65,49,26,61,58,32,22,39,19,63,60,67,68,27,69,35,38,15,40,64,2,44,3,21,8,55,57,14,23,43,70,25,42,16]",f444ae57e005d883,e5e0d97897e0b5c7,100,0.01,1.0,122000,0.17418461592333184,0.0008709230796166592,0.2646236070190727,1.3249999028630555e-05,0.0023067500005709007,4900,4.96454837499914,0.017485083000792656,14.61742966699967,0.9999997575264943,4.849469525947114e-07,1.9997536384749006,0.0006963813692485834,3.623767952376511e-13,3.624878175401136e-13,0.1897085533894879,0.63026117516624,1e-12
success,,Be-Be_2.04_hgbs-5_as-008-010,hamiltonian_generator/hgbs5_diatomic_basis_transfer/night/Be-Be/2.04/hgbs-5/Be-Be_2.04_hgbs-5_as-008-010.tensors.npz,Be-Be,2.04,hgbs-5,8,10,18,1109,2051,baseline,jw_raw,-1,-1,,,,,[],[],4f53cda18c2baa0c,e749fef7993cabb4,100,0.01,1.0,205100,0.2981268162455641,0.0014906340812278205,1.0,1.5458997950190678e-05,0.006455541999457637,15876,22.897035624999262,0.09374995799953467,36.94455370799915,0.9999990344172062,1.931164655299966e-06,1.9999950825981017,0.001389663839806326,2.4236168627567167e-13,2.424727085781342e-13,1.0,,1e-12
success,,Be-Be_2.04_hgbs-5_as-008-010,hamiltonian_generator/hgbs5_diatomic_basis_transfer/night/Be-Be/2.04/hgbs-5/Be-Be_2.04_hgbs-5_as-008-010.tensors.npz,Be-Be,2.04,hgbs-5,8,10,18,1109,2051,jw,current,-1,-1,2051,663836,0.31577029646454435,67,"[43,32,34,26,22,30,24,92,29,73,66,28,41,58,19,45,21,42,38,27,50,103,93,28,81,91,46,15,39,36,70,27,17,34,44,19,18,28,24,20,22,18,16,22,20,14,18,30,20,12,16,26,14,14,12,18,14,12,8,8,8,8,8,8,4,4,4]","[0,1,2,3,4,5,6,7,8,9,10,11,12,13,14,15,16,17,18,19,20,21,22,23,24,25,26,27,28,29,30,31,32,33,34,35,36,37,38,39,40,41,42,43,44,45,46,47,48,49,50,51,52,53,54,55,56,57,58,59,60,61,62,63,64,65,66]",ab025b46d1c9ce8e,544b5ede9a37ff02,100,0.01,1.0,205100,1.6278434018118153,0.008139217009059077,29.81420014957423,2.7999998565064743e-05,0.006968999998207437,15876,22.897035624999262,0.09374995799953467,36.921273167001345,0.9999996513793102,6.972412579520082e-07,1.9999953626125122,0.000835009808039061,1.434846951253732e-07,1.434846950143509e-07,0.36104702726329996,1.0,1e-12
success,,Be-Be_2.04_hgbs-5_as-008-010,hamiltonian_generator/hgbs5_diatomic_basis_transfer/night/Be-Be/2.04/hgbs-5/Be-Be_2.04_hgbs-5_as-008-010.tensors.npz,Be-Be,2.04,hgbs-5,8,10,18,1109,2051,fermionic,current,-1,-1,1109,288581,0.46970634096480063,93,"[19,12,12,12,19,13,35,12,13,14,10,12,13,11,14,11,12,12,10,11,10,11,12,12,10,15,12,10,11,12,11,10,11,9,15,12,12,11,11,10,10,12,16,10,10,16,17,22,12,16,10,11,11,10,9,17,9,11,15,11,15,12,9,12,13,9,22,15,11,9,10,8,9,8,14,21,14,14,9,10,14,11,8,12,10,11,6,12,5,4,4,6,3]","[0,1,2,3,4,5,6,7,8,9,10,11,12,13,14,15,16,17,18,19,20,21,22,23,24,25,26,27,28,29,30,31,32,33,34,35,36,37,38,39,40,41,42,43,44,45,46,47,48,49,50,51,52,53,54,55,56,57,58,59,60,61,62,63,64,65,66,67,68,69,70,71,72,73,74,75,76,77,78,79,80,81,82,83,84,85,86,87,88,89,90,91,92]",ece62fee65ce7c60,2aa00869f1a18d6d,100,0.01,1.0,205100,0.2097136374880573,0.0010485681874402865,0.49482457682849545,2.62079993262887e-05,0.006919583000126295,15876,22.897035624999262,0.09374995799953467,37.79821250000168,0.999999593824228,8.123513790536663e-07,1.9999953466929732,0.0009013054665499415,2.717825964282383e-13,2.7211566333562587e-13,0.4206536075648528,1.0,1e-12
success,,Be-Be_2.04_hgbs-5_as-008-010,hamiltonian_generator/hgbs5_diatomic_basis_transfer/night/Be-Be/2.04/hgbs-5/Be-Be_2.04_hgbs-5_as-008-010.tensors.npz,Be-Be,2.04,hgbs-5,8,10,18,1109,2051,jw,reverse_groups,-1,-1,2051,663836,0.31577029646454435,67,"[43,32,34,26,22,30,24,92,29,73,66,28,41,58,19,45,21,42,38,27,50,103,93,28,81,91,46,15,39,36,70,27,17,34,44,19,18,28,24,20,22,18,16,22,20,14,18,30,20,12,16,26,14,14,12,18,14,12,8,8,8,8,8,8,4,4,4]","[66,65,64,63,62,61,60,59,58,57,56,55,54,53,52,51,50,49,48,47,46,45,44,43,42,41,40,39,38,37,36,35,34,33,32,31,30,29,28,27,26,25,24,23,22,21,20,19,18,17,16,15,14,13,12,11,10,9,8,7,6,5,4,3,2,1,0]",780841287184622e,32bd7f901e8c78c7,100,0.01,1.0,205100,1.6278434018118153,0.008139217009059077,29.81420014957423,3.9541999285575e-05,0.007622541997989174,15876,22.897035624999262,0.09374995799953467,38.56971516699923,0.9999996513361319,6.973276146515772e-07,1.9999953850805783,0.0008350615164291781,1.4346286669741914e-07,1.4346286691946375e-07,0.3610917446825692,1.0001238548330067,1e-12
success,,Be-Be_2.04_hgbs-5_as-008-010,hamiltonian_generator/hgbs5_diatomic_basis_transfer/night/Be-Be/2.04/hgbs-5/Be-Be_2.04_hgbs-5_as-008-010.tensors.npz,Be-Be,2.04,hgbs-5,8,10,18,1109,2051,fermionic,reverse_groups,-1,-1,1109,288581,0.46970634096480063,93,"[19,12,12,12,19,13,35,12,13,14,10,12,13,11,14,11,12,12,10,11,10,11,12,12,10,15,12,10,11,12,11,10,11,9,15,12,12,11,11,10,10,12,16,10,10,16,17,22,12,16,10,11,11,10,9,17,9,11,15,11,15,12,9,12,13,9,22,15,11,9,10,8,9,8,14,21,14,14,9,10,14,11,8,12,10,11,6,12,5,4,4,6,3]","[92,91,90,89,88,87,86,85,84,83,82,81,80,79,78,77,76,75,74,73,72,71,70,69,68,67,66,65,64,63,62,61,60,59,58,57,56,55,54,53,52,51,50,49,48,47,46,45,44,43,42,41,40,39,38,37,36,35,34,33,32,31,30,29,28,27,26,25,24,23,22,21,20,19,18,17,16,15,14,13,12,11,10,9,8,7,6,5,4,3,2,1,0]",6766b553e33d46f7,5add397ed3ab6a00,100,0.01,1.0,205100,0.4468791612145952,0.002234395806072976,2.2468709124788733,2.62079993262887e-05,0.007322833000216633,15876,22.897035624999262,0.09374995799953467,39.306136583996704,0.9999987230813581,2.5538356533960638e-06,1.9999950007602583,0.0015980729907828358,3.184119634624949e-13,3.183009411600324e-13,1.3224328885614254,3.14375739273208,1e-12
success,,Be-Be_2.04_hgbs-5_as-008-010,hamiltonian_generator/hgbs5_diatomic_basis_transfer/night/Be-Be/2.04/hgbs-5/Be-Be_2.04_hgbs-5_as-008-010.tensors.npz,Be-Be,2.04,hgbs-5,8,10,18,1109,2051,jw,random_groups,0,1210356562,2051,663836,0.31577029646454435,67,"[43,32,34,26,22,30,24,92,29,73,66,28,41,58,19,45,21,42,38,27,50,103,93,28,81,91,46,15,39,36,70,27,17,34,44,19,18,28,24,20,22,18,16,22,20,14,18,30,20,12,16,26,14,14,12,18,14,12,8,8,8,8,8,8,4,4,4]","[37,62,12,29,44,41,50,11,39,5,4,7,16,66,36,9,38,30,24,10,63,21,52,55,53,46,0,27,51,3,54,25,48,32,28,26,19,2,60,33,15,22,20,65,57,13,1,59,18,47,40,42,14,49,45,17,6,35,31,61,23,64,58,8,34,43,56]",f839a6a109171c27,6d9d0c75c72a9d43,100,0.01,1.0,205100,1.235671491309573,0.006178357456547865,17.17924089546204,3.1792002118891105e-05,0.007408500001474749,15876,22.897035624999262,0.09374995799953467,39.701901332999114,0.9999997241995374,5.516008491079916e-07,1.99999533338472,0.0007426984079411163,8.362187653432329e-08,8.36218766453456e-08,0.28563118509556185,0.7911190607512196,1e-12
success,,Be-Be_2.04_hgbs-5_as-008-010,hamiltonian_generator/hgbs5_diatomic_basis_transfer/night/Be-Be/2.04/hgbs-5/Be-Be_2.04_hgbs-5_as-008-010.tensors.npz,Be-Be,2.04,hgbs-5,8,10,18,1109,2051,fermionic,random_groups,0,2141709297,1109,288581,0.46970634096480063,93,"[19,12,12,12,19,13,35,12,13,14,10,12,13,11,14,11,12,12,10,11,10,11,12,12,10,15,12,10,11,12,11,10,11,9,15,12,12,11,11,10,10,12,16,10,10,16,17,22,12,16,10,11,11,10,9,17,9,11,15,11,15,12,9,12,13,9,22,15,11,9,10,8,9,8,14,21,14,14,9,10,14,11,8,12,10,11,6,12,5,4,4,6,3]","[68,40,50,13,17,46,86,0,69,14,59,91,49,4,67,66,19,76,63,31,65,90,53,52,33,80,89,2,30,37,81,56,73,25,34,22,77,71,29,61,78,21,85,72,23,6,88,48,54,28,51,84,32,20,87,82,9,75,79,36,39,18,26,11,62,1,10,35,44,8,3,70,83,7,45,42,47,16,15,38,74,27,41,24,55,5,57,92,60,58,12,64,43]",884f865f3b855b0e,8b29911244665ea9,100,0.01,1.0,205100,0.15133880203246625,0.0007566940101623312,0.25769055408081326,2.7625002985587344e-05,0.007973915999173187,15876,22.897035624999262,0.09374995799953467,39.8063934999991,0.9999998339668964,3.3206617966463625e-07,1.9999955233841764,0.0005762518609064679,1.7552626019323725e-13,1.7552626019323725e-13,0.1719512516725596,0.40877160823124425,1e-12
success,,Be-Be_2.04_hgbs-5_as-008-010,hamiltonian_generator/hgbs5_diatomic_basis_transfer/night/Be-Be/2.04/hgbs-5/Be-Be_2.04_hgbs-5_as-008-010.tensors.npz,Be-Be,2.04,hgbs-5,8,10,18,1109,2051,jw,random_groups,1,2762517863,2051,663836,0.31577029646454435,67,"[43,32,34,26,22,30,24,92,29,73,66,28,41,58,19,45,21,42,38,27,50,103,93,28,81,91,46,15,39,36,70,27,17,34,44,19,18,28,24,20,22,18,16,22,20,14,18,30,20,12,16,26,14,14,12,18,14,12,8,8,8,8,8,8,4,4,4]","[39,64,53,19,15,46,61,17,9,65,13,54,47,56,35,45,34,22,23,58,44,2,62,50,48,33,18,43,14,16,21,24,59,32,8,7,38,10,63,12,0,26,27,49,11,55,6,29,4,1,57,31,66,42,37,20,40,5,30,28,25,3,51,36,60,41,52]",04dc6f7916ed3e35,88cce916f5cea1a4,100,0.01,1.0,205100,1.1980643199148189,0.005990321599574094,16.14946666987726,2.5875000574160367e-05,0.007636250000359723,15876,22.897035624999262,0.09374995799953467,39.84671941600027,0.9999995097883753,9.804230092225197e-07,1.999995314992092,0.00099016324385163,7.623884235030687e-08,7.623884223928457e-08,0.507684834916488,1.4061460047592351,1e-12
success,,Be-Be_2.04_hgbs-5_as-008-010,hamiltonian_generator/hgbs5_diatomic_basis_transfer/night/Be-Be/2.04/hgbs-5/Be-Be_2.04_hgbs-5_as-008-010.tensors.npz,Be-Be,2.04,hgbs-5,8,10,18,1109,2051,fermionic,random_groups,1,655775863,1109,288581,0.46970634096480063,93,"[19,12,12,12,19,13,35,12,13,14,10,12,13,11,14,11,12,12,10,11,10,11,12,12,10,15,12,10,11,12,11,10,11,9,15,12,12,11,11,10,10,12,16,10,10,16,17,22,12,16,10,11,11,10,9,17,9,11,15,11,15,12,9,12,13,9,22,15,11,9,10,8,9,8,14,21,14,14,9,10,14,11,8,12,10,11,6,12,5,4,4,6,3]","[66,6,29,9,68,67,37,17,47,77,38,63,27,51,58,81,42,2,22,16,61,32,23,13,59,11,90,70,12,56,69,78,89,1,31,50,52,25,91,10,20,88,74,60,75,34,0,71,5,82,15,35,87,72,49,26,7,64,55,39,40,84,21,43,54,30,24,45,73,18,57,44,48,4,33,3,83,36,80,85,41,65,8,46,76,79,62,92,28,86,14,19,53]",ddccab6e21f98367,5c8658ac8e7deb0d,100,0.01,1.0,205100,0.14510432062404696,0.0007255216031202348,0.23689647797447183,3.5832999856211245e-05,0.0075575420014502015,15876,22.897035624999262,0.09374995799953467,39.891668749998644,0.9999998571922664,2.8561544684890805e-07,1.9999955167406336,0.000534430039646923,2.169375790117556e-13,2.1682655670929307e-13,0.1478980293394732,0.3515910161704046,1e-12
success,,Be-Be_2.04_hgbs-5_as-008-010,hamiltonian_generator/hgbs5_diatomic_basis_transfer/night/Be-Be/2.04/hgbs-5/Be-Be_2.04_hgbs-5_as-008-010.tensors.npz,Be-Be,2.04,hgbs-5,8,10,18,1109,2051,jw,random_groups,2,356889448,2051,663836,0.31577029646454435,67,"[43,32,34,26,22,30,24,92,29,73,66,28,41,58,19,45,21,42,38,27,50,103,93,28,81,91,46,15,39,36,70,27,17,34,44,19,18,28,24,20,22,18,16,22,20,14,18,30,20,12,16,26,14,14,12,18,14,12,8,8,8,8,8,8,4,4,4]","[13,3,2,32,4,37,23,53,51,16,50,30,48,22,21,63,66,59,34,35,60,43,58,29,27,11,5,47,64,31,54,8,40,57,39,9,6,20,10,25,18,26,19,45,36,33,56,12,42,7,24,38,52,46,0,65,49,28,1,15,62,14,61,44,55,17,41]",14e8e2e0c0175ee5,87f1673bc2b0ac16,100,0.01,1.0,205100,0.5699511767216185,0.0028497558836080928,3.6548808623367846,2.7999998565064743e-05,0.007727125001110835,15876,22.897035624999262,0.09374995799953467,39.900894792001054,0.9999994480580316,1.1038836320587109e-06,1.9999953919632931,0.0010506588107963065,1.4885518040408385e-08,1.4885518151430688e-08,0.5716154906984073,1.5832161672433507,1e-12
success,,Be-Be_2.04_hgbs-5_as-008-010,hamiltonian_generator/hgbs5_diatomic_basis_transfer/night/Be-Be/2.04/hgbs-5/Be-Be_2.04_hgbs-5_as-008-010.tensors.npz,Be-Be,2.04,hgbs-5,8,10,18,1109,2051,fermionic,random_groups,2,3721226621,1109,288581,0.46970634096480063,93,"[19,12,12,12,19,13,35,12,13,14,10,12,13,11,14,11,12,12,10,11,10,11,12,12,10,15,12,10,11,12,11,10,11,9,15,12,12,11,11,10,10,12,16,10,10,16,17,22,12,16,10,11,11,10,9,17,9,11,15,11,15,12,9,12,13,9,22,15,11,9,10,8,9,8,14,21,14,14,9,10,14,11,8,12,10,11,6,12,5,4,4,6,3]","[39,50,83,24,71,4,26,38,69,7,30,77,10,18,40,56,14,0,66,75,41,62,57,12,35,27,54,29,28,68,65,67,37,3,55,13,16,79,80,23,33,43,63,21,47,53,19,44,31,51,17,2,45,59,1,60,11,32,82,89,42,84,64,8,70,72,85,49,36,76,52,5,46,20,86,74,34,6,73,87,91,22,15,90,48,81,78,88,58,25,92,61,9]",42f1498bbdc2a4cf,d2dd33ad11781a14,100,0.01,1.0,205100,0.27417253240471334,0.0013708626620235666,0.8457573924625601,2.6957997761201113e-05,0.007365207999100676,15876,22.897035624999262,0.09374995799953467,39.90644858399901,0.999999737041341,5.25917248750396e-07,1.9999954596074272,0.0007252015705424875,2.788880237858393e-13,2.787770014833768e-13,0.27233164572841967,0.6474011890803382,1e-12
success,,Be-Be_2.04_hgbs-5_as-008-010,hamiltonian_generator/hgbs5_diatomic_basis_transfer/night/Be-Be/2.04/hgbs-5/Be-Be_2.04_hgbs-5_as-008-010.tensors.npz,Be-Be,2.04,hgbs-5,8,10,18,1109,2051,jw,random_groups,3,127881266,2051,663836,0.31577029646454435,67,"[43,32,34,26,22,30,24,92,29,73,66,28,41,58,19,45,21,42,38,27,50,103,93,28,81,91,46,15,39,36,70,27,17,34,44,19,18,28,24,20,22,18,16,22,20,14,18,30,20,12,16,26,14,14,12,18,14,12,8,8,8,8,8,8,4,4,4]","[11,21,40,50,62,43,34,45,24,22,55,66,25,56,48,61,37,32,18,58,33,20,42,64,3,63,14,53,35,19,41,6,13,51,54,30,29,2,5,16,47,1,9,27,7,65,36,38,4,49,57,44,59,23,60,8,17,31,10,39,15,52,28,0,12,46,26]",9e451d7fbe8836d4,1194e0df4031ffdd,100,0.01,1.0,205100,0.24858263191731986,0.0012429131595865994,0.6952475696202414,2.9708000511163846e-05,0.007682249997742474,15876,22.897035624999262,0.09374995799953467,39.971884875001706,0.9999998300242594,3.399514523216851e-07,1.9999954155122865,0.0005830535834616608,8.272985629886875e-10,8.272987850332925e-10,0.1760344211917449,0.4875664605967484,1e-12
success,,Be-Be_2.04_hgbs-5_as-008-010,hamiltonian_generator/hgbs5_diatomic_basis_transfer/night/Be-Be/2.04/hgbs-5/Be-Be_2.04_hgbs-5_as-008-010.tensors.npz,Be-Be,2.04,hgbs-5,8,10,18,1109,2051,fermionic,random_groups,3,3009769677,1109,288581,0.46970634096480063,93,"[19,12,12,12,19,13,35,12,13,14,10,12,13,11,14,11,12,12,10,11,10,11,12,12,10,15,12,10,11,12,11,10,11,9,15,12,12,11,11,10,10,12,16,10,10,16,17,22,12,16,10,11,11,10,9,17,9,11,15,11,15,12,9,12,13,9,22,15,11,9,10,8,9,8,14,21,14,14,9,10,14,11,8,12,10,11,6,12,5,4,4,6,3]","[16,2,71,51,24,28,62,84,31,53,76,27,39,11,14,57,86,83,21,63,85,59,64,7,87,33,48,55,20,23,66,49,4,65,56,74,91,82,70,69,47,72,67,12,60,52,37,58,29,10,46,73,6,41,61,79,75,43,3,8,38,68,40,32,80,78,45,35,26,9,90,88,81,42,25,0,36,15,13,22,34,17,30,89,92,19,50,1,54,77,5,18,44]",18d5408b54584569,f187dcae152bde83,100,0.01,1.0,205100,0.29506837005615777,0.001475341850280789,0.9795874915456819,2.7624999347608536e-05,0.007740666998870438,15876,22.897035624999262,0.09374995799953467,39.96363020799981,0.9999996613153872,6.773691109129842e-07,1.999995374880841,0.0008230244380326885,4.304334666471732e-13,4.306555112520982e-13,0.3507567876483163,0.8338375835615284,1e-12
success,,Be-Be_2.04_hgbs-5_as-008-010,hamiltonian_generator/hgbs5_diatomic_basis_transfer/night/Be-Be/2.04/hgbs-5/Be-Be_2.04_hgbs-5_as-008-010.tensors.npz,Be-Be,2.04,hgbs-5,8,10,18,1109,2051,jw,random_groups,4,787011875,2051,663836,0.31577029646454435,67,"[43,32,34,26,22,30,24,92,29,73,66,28,41,58,19,45,21,42,38,27,50,103,93,28,81,91,46,15,39,36,70,27,17,34,44,19,18,28,24,20,22,18,16,22,20,14,18,30,20,12,16,26,14,14,12,18,14,12,8,8,8,8,8,8,4,4,4]","[41,0,23,36,53,6,55,12,24,51,54,56,22,26,21,47,2,29,46,66,38,64,60,65,52,34,17,27,10,1,48,35,63,37,9,44,13,33,32,61,57,30,4,3,11,40,31,16,19,58,18,14,49,62,42,5,50,8,25,15,20,7,59,45,43,28,39]",a0743a443d507002,c3baf46cc6bc35f7,100,0.01,1.0,205100,1.2249094949246615,0.006124547474623308,16.881301164564707,2.9958002414787188e-05,0.007550459002231946,15876,22.897035624999262,0.09374995799953467,39.96544533300039,0.9999990235452172,1.9529086121572448e-06,1.9999952484979528,0.0013974654076637383,8.140591611915937e-08,8.140591589711477e-08,1.0112595043605441,2.8009079925842046,1e-12
success,,Be-Be_2.04_hgbs-5_as-008-010,hamiltonian_generator/hgbs5_diatomic_basis_transfer/night/Be-Be/2.04/hgbs-5/Be-Be_2.04_hgbs-5_as-008-010.tensors.npz,Be-Be,2.04,hgbs-5,8,10,18,1109,2051,fermionic,random_groups,4,1642975799,1109,288581,0.46970634096480063,93,"[19,12,12,12,19,13,35,12,13,14,10,12,13,11,14,11,12,12,10,11,10,11,12,12,10,15,12,10,11,12,11,10,11,9,15,12,12,11,11,10,10,12,16,10,10,16,17,22,12,16,10,11,11,10,9,17,9,11,15,11,15,12,9,12,13,9,22,15,11,9,10,8,9,8,14,21,14,14,9,10,14,11,8,12,10,11,6,12,5,4,4,6,3]","[30,58,76,51,2,24,31,78,45,69,77,87,55,72,28,81,19,49,6,54,29,89,27,17,84,35,88,64,66,42,59,34,43,90,83,86,47,48,10,16,91,67,37,53,79,71,3,26,50,21,41,22,73,40,56,80,44,62,57,7,23,15,74,46,68,9,11,92,61,85,36,33,14,82,13,18,70,1,12,60,63,0,25,65,32,75,39,8,20,38,4,5,52]",de4938033e5d3d30,6001f6552166d465,100,0.01,1.0,205100,0.2983557937220594,0.001491778968610297,1.001536697791274,2.4832999770296738e-05,0.007393667001451831,15876,22.897035624999262,0.09374995799953467,40.068896916000085,0.9999991874480343,1.6251032711744884e-06,1.9999951943391754,0.001274795643004839,2.9554136915521667e-13,2.9554136915521667e-13,0.84151460970171,2.000493029343561,1e-12
success,,Be-Be_2.04_hgbs-5_as-008-010,hamiltonian_generator/hgbs5_diatomic_basis_transfer/night/Be-Be/2.04/hgbs-5/Be-Be_2.04_hgbs-5_as-008-010.tensors.npz,Be-Be,2.04,hgbs-5,8,10,18,1109,2051,jw,random_groups,5,2035168904,2051,663836,0.31577029646454435,67,"[43,32,34,26,22,30,24,92,29,73,66,28,41,58,19,45,21,42,38,27,50,103,93,28,81,91,46,15,39,36,70,27,17,34,44,19,18,28,24,20,22,18,16,22,20,14,18,30,20,12,16,26,14,14,12,18,14,12,8,8,8,8,8,8,4,4,4]","[33,44,0,37,26,29,10,1,25,21,60,20,32,47,52,4,53,64,16,11,56,36,38,54,17,2,63,40,30,24,18,34,12,42,66,50,39,65,22,23,35,48,14,13,46,7,49,31,41,43,61,15,58,3,28,51,19,59,9,62,5,57,8,27,6,45,55]",a7fe3818e18558c0,f90b8fd92b458b63,100,0.01,1.0,205100,1.6431943094814718,0.00821597154740736,30.37915992325577,2.920899714808911e-05,0.007553874998848187,15876,22.897035624999262,0.09374995799953467,40.09695229200224,0.9999990120939471,1.9758111297063508e-06,1.9999951622262329,0.0014056358368024812,1.48398563104557e-07,1.4839856332660162e-07,1.023118937209137,2.83375532811965,1e-12
success,,Be-Be_2.04_hgbs-5_as-008-010,hamiltonian_generator/hgbs5_diatomic_basis_transfer/night/Be-Be/2.04/hgbs-5/Be-Be_2.04_hgbs-5_as-008-010.tensors.npz,Be-Be,2.04,hgbs-5,8,10,18,1109,2051,fermionic,random_groups,5,798141276,1109,288581,0.46970634096480063,93,"[19,12,12,12,19,13,35,12,13,14,10,12,13,11,14,11,12,12,10,11,10,11,12,12,10,15,12,10,11,12,11,10,11,9,15,12,12,11,11,10,10,12,16,10,10,16,17,22,12,16,10,11,11,10,9,17,9,11,15,11,15,12,9,12,13,9,22,15,11,9,10,8,9,8,14,21,14,14,9,10,14,11,8,12,10,11,6,12,5,4,4,6,3]","[68,31,76,34,92,66,36,14,81,65,39,15,45,48,78,32,24,91,60,84,55,61,88,26,33,9,74,5,72,19,13,49,3,52,80,85,12,54,1,21,75,28,30,43,38,77,50,69,22,56,64,23,25,70,63,11,7,67,62,89,29,44,20,53,4,47,87,86,10,73,71,51,82,83,79,40,17,59,42,6,35,18,46,57,8,58,41,90,2,37,27,0,16]",b19574497a7bcb40,57e76341330b8542,100,0.01,1.0,205100,0.3459422831621101,0.0017297114158105506,1.3464964425134442,3.0042003345442936e-05,0.007581750000099419,15876,22.897035624999262,0.09374995799953467,39.99824491600157,0.9999993311100305,1.337779491628055e-06,1.9999952353210289,0.0011566243724943435,2.7056135110115065e-13,2.707833957060757e-13,0.6927319677048764,1.6467990651859008,1e-12
success,,Be-Be_2.04_hgbs-5_as-008-010,hamiltonian_generator/hgbs5_diatomic_basis_transfer/night/Be-Be/2.04/hgbs-5/Be-Be_2.04_hgbs-5_as-008-010.tensors.npz,Be-Be,2.04,hgbs-5,8,10,18,1109,2051,jw,random_groups,6,1711018150,2051,663836,0.31577029646454435,67,"[43,32,34,26,22,30,24,92,29,73,66,28,41,58,19,45,21,42,38,27,50,103,93,28,81,91,46,15,39,36,70,27,17,34,44,19,18,28,24,20,22,18,16,22,20,14,18,30,20,12,16,26,14,14,12,18,14,12,8,8,8,8,8,8,4,4,4]","[9,31,55,43,5,36,57,32,6,21,27,63,4,3,16,42,39,53,23,34,35,14,61,64,15,49,41,8,52,7,48,20,50,45,10,1,33,37,18,66,47,54,26,60,40,25,11,22,38,0,44,51,58,19,13,62,46,59,65,29,24,56,30,17,12,2,28]",10a4a753b94b8459,83aeaeb77dbc0453,100,0.01,1.0,205100,1.1003932009441928,0.005501966004720964,13.623657354871304,4.11669971072115e-05,0.009660499999881722,15876,22.897035624999262,0.09374995799953467,40.223052249999455,0.9999996159145462,7.681707600015741e-07,1.9999953343149666,0.0008764535969178369,6.488332915388639e-08,6.4883329375931e-08,0.3977759006169543,1.101728779300734,1e-12
success,,Be-Be_2.04_hgbs-5_as-008-010,hamiltonian_generator/hgbs5_diatomic_basis_transfer/night/Be-Be/2.04/hgbs-5/Be-Be_2.04_hgbs-5_as-008-010.tensors.npz,Be-Be,2.04,hgbs-5,8,10,18,1109,2051,fermionic,random_groups,6,1961245444,1109,288581,0.46970634096480063,93,"[19,12,12,12,19,13,35,12,13,14,10,12,13,11,14,11,12,12,10,11,10,11,12,12,10,15,12,10,11,12,11,10,11,9,15,12,12,11,11,10,10,12,16,10,10,16,17,22,12,16,10,11,11,10,9,17,9,11,15,11,15,12,9,12,13,9,22,15,11,9,10,8,9,8,14,21,14,14,9,10,14,11,8,12,10,11,6,12,5,4,4,6,3]","[14,72,76,90,37,25,53,32,47,79,41,84,52,22,65,50,35,55,18,48,91,81,11,70,46,60,74,61,34,31,27,51,67,92,86,54,24,38,77,82,6,66,5,2,39,63,80,15,7,78,44,89,4,83,64,0,58,85,20,59,75,88,28,56,42,69,57,8,49,21,30,87,13,43,19,9,45,16,73,23,29,40,10,62,1,17,26,36,71,68,12,3,33]",767745e744068853,3ac3ab3da4c04cd8,100,0.01,1.0,205100,0.14422752927802604,0.0007211376463901302,0.2340422384614789,3.3250002161366865e-05,0.007610790999024175,15876,22.897035624999262,0.09374995799953467,40.02618912500111,0.9999998274137831,3.4517240399267735e-07,1.9999955066383492,0.0005875137732399594,2.2737367544323206e-13,2.2737367544323206e-13,0.17873794606035912,0.4249052970092567,1e-12
success,,Be-Be_2.04_hgbs-5_as-008-010,hamiltonian_generator/hgbs5_diatomic_basis_transfer/night/Be-Be/2.04/hgbs-5/Be-Be_2.04_hgbs-5_as-008-010.tensors.npz,Be-Be,2.04,hgbs-5,8,10,18,1109,2051,jw,random_groups,7,4014239043,2051,663836,0.31577029646454435,67,"[43,32,34,26,22,30,24,92,29,73,66,28,41,58,19,45,21,42,38,27,50,103,93,28,81,91,46,15,39,36,70,27,17,34,44,19,18,28,24,20,22,18,16,22,20,14,18,30,20,12,16,26,14,14,12,18,14,12,8,8,8,8,8,8,4,4,4]","[18,31,62,46,65,63,28,24,66,47,9,59,35,57,61,60,45,25,16,33,8,32,0,1,53,26,20,54,64,58,50,23,43,41,39,5,13,22,17,19,7,51,30,11,27,12,49,52,40,37,48,10,34,42,14,2,56,21,38,15,3,29,55,36,6,44,4]",f630af558c1ef348,f9400654581fb54d,100,0.01,1.0,205100,0.5314207559683922,0.002657103779841961,3.1774223155203196,3.3375003113178536e-05,0.007696583001234103,15876,22.897035624999262,0.09374995799953467,40.10404287500205,0.9999992006132877,1.5987727854938072e-06,1.9999951827172,0.0012644261245870318,9.838162506881076e-09,9.838162728925681e-09,0.8278800987300957,2.2929979648505716,1e-12
success,,Be-Be_2.04_hgbs-5_as-008-010,hamiltonian_generator/hgbs5_diatomic_basis_transfer/night/Be-Be/2.04/hgbs-5/Be-Be_2.04_hgbs-5_as-008-010.tensors.npz,Be-Be,2.04,hgbs-5,8,10,18,1109,2051,fermionic,random_groups,7,3176632585,1109,288581,0.46970634096480063,93,"[19,12,12,12,19,13,35,12,13,14,10,12,13,11,14,11,12,12,10,11,10,11,12,12,10,15,12,10,11,12,11,10,11,9,15,12,12,11,11,10,10,12,16,10,10,16,17,22,12,16,10,11,11,10,9,17,9,11,15,11,15,12,9,12,13,9,22,15,11,9,10,8,9,8,14,21,14,14,9,10,14,11,8,12,10,11,6,12,5,4,4,6,3]","[71,34,15,92,16,6,76,83,85,10,26,82,44,50,75,74,63,14,52,55,88,2,38,68,24,69,43,21,79,27,53,54,46,39,81,31,19,23,86,89,5,78,58,47,42,25,37,28,62,45,32,11,56,48,51,1,22,8,29,17,84,70,35,41,3,7,0,30,64,49,67,33,20,60,72,66,91,80,36,18,4,77,40,12,9,59,57,73,65,13,61,90,87]",e181e12278abf0c6,954824ca3cf2afbf,100,0.01,1.0,205100,0.28297005984850643,0.001414850299242532,0.900904775265879,4.208299651509151e-05,0.007707084001594922,15876,22.897035624999262,0.09374995799953467,40.093142999998236,0.9999997710279503,4.579440469054674e-07,1.9999954219983427,0.0006767156709490288,2.9387603461827894e-13,2.9409807922320397e-13,0.23713361035718383,0.5637265581292431,1e-12
success,,Be-Be_2.04_hgbs-5_as-008-010,hamiltonian_generator/hgbs5_diatomic_basis_transfer/night/Be-Be/2.04/hgbs-5/Be-Be_2.04_hgbs-5_as-008-010.tensors.npz,Be-Be,2.04,hgbs-5,8,10,18,1109,2051,jw,random_groups,8,3505763577,2051,663836,0.31577029646454435,67,"[43,32,34,26,22,30,24,92,29,73,66,28,41,58,19,45,21,42,38,27,50,103,93,28,81,91,46,15,39,36,70,27,17,34,44,19,18,28,24,20,22,18,16,22,20,14,18,30,20,12,16,26,14,14,12,18,14,12,8,8,8,8,8,8,4,4,4]","[66,60,13,0,21,10,44,38,39,51,55,53,35,59,16,61,27,5,47,22,7,65,25,18,17,49,43,36,20,12,57,28,2,32,3,23,58,54,8,63,62,24,6,4,26,52,14,15,29,56,30,45,34,31,19,46,33,42,41,1,37,64,40,11,9,48,50]",033c3a92379afd17,4b732e96c4999f85,100,0.01,1.0,205100,0.7050148367171395,0.0035250741835856974,5.592351090890431,2.8958998882444575e-05,0.008150582998496247,15876,22.897035624999262,0.09374995799953467,40.14026116700188,0.9999992253074612,1.5493844773839527e-06,1.9999951867154326,0.0012447429765098173,2.340817084611757e-08,2.3408170957139873e-08,0.8023057345896216,2.2221640783778724,1e-12
success,,Be-Be_2.04_hgbs-5_as-008-010,hamiltonian_generator/hgbs5_diatomic_basis_transfer/night/Be-Be/2.04/hgbs-5/Be-Be_2.04_hgbs-5_as-008-010.tensors.npz,Be-Be,2.04,hgbs-5,8,10,18,1109,2051,fermionic,random_groups,8,1309813757,1109,288581,0.46970634096480063,93,"[19,12,12,12,19,13,35,12,13,14,10,12,13,11,14,11,12,12,10,11,10,11,12,12,10,15,12,10,11,12,11,10,11,9,15,12,12,11,11,10,10,12,16,10,10,16,17,22,12,16,10,11,11,10,9,17,9,11,15,11,15,12,9,12,13,9,22,15,11,9,10,8,9,8,14,21,14,14,9,10,14,11,8,12,10,11,6,12,5,4,4,6,3]","[15,86,71,25,58,24,19,65,10,32,75,66,26,52,11,76,90,80,23,59,87,44,18,70,30,60,82,81,45,64,69,2,29,21,38,48,27,50,16,68,83,61,73,57,37,42,22,40,85,74,67,33,47,43,49,13,6,63,51,31,36,20,35,14,0,7,34,56,41,46,79,55,12,77,39,8,92,91,88,54,28,72,5,3,89,17,4,84,78,53,62,1,9]",35ac055949e5b7b8,7bb823d80b986fc5,100,0.01,1.0,205100,0.3692099103553994,0.0018460495517769971,1.5337148243911751,2.545899769756943e-05,0.007717874999798369,15876,22.897035624999262,0.09374995799953467,40.107884250002826,0.999999463480825,1.0730380620715962e-06,1.999995265038213,0.0010358756440579278,2.877698079828406e-13,2.8754776337791554e-13,0.5556429686752538,1.3209038474479013,1e-12
success,,Be-Be_2.04_hgbs-5_as-008-010,hamiltonian_generator/hgbs5_diatomic_basis_transfer/night/Be-Be/2.04/hgbs-5/Be-Be_2.04_hgbs-5_as-008-010.tensors.npz,Be-Be,2.04,hgbs-5,8,10,18,1109,2051,jw,random_groups,9,1660266936,2051,663836,0.31577029646454435,67,"[43,32,34,26,22,30,24,92,29,73,66,28,41,58,19,45,21,42,38,27,50,103,93,28,81,91,46,15,39,36,70,27,17,34,44,19,18,28,24,20,22,18,16,22,20,14,18,30,20,12,16,26,14,14,12,18,14,12,8,8,8,8,8,8,4,4,4]","[66,16,7,1,43,55,51,6,15,33,46,14,63,23,30,19,22,57,42,20,31,50,44,37,52,48,28,36,26,65,59,0,11,58,29,39,41,38,32,40,18,53,34,62,24,35,9,4,10,64,8,54,45,3,25,47,13,56,49,27,61,2,17,21,12,60,5]",547e7333ed626574,0e359b4cc11af922,100,0.01,1.0,205100,1.395741474290442,0.00697870737145221,21.918351280985828,2.8416998247848824e-05,0.0075832080001418944,15876,22.897035624999262,0.09374995799953467,40.12859658400339,0.9999986736387275,2.6527207857007795e-06,1.999994619534237,0.001628718067978674,1.0082896839680444e-07,1.0082896861884905e-07,1.3736378088841599,3.804595260889408,1e-12
success,,Be-Be_2.04_hgbs-5_as-008-010,hamiltonian_generator/hgbs5_diatomic_basis_transfer/night/Be-Be/2.04/hgbs-5/Be-Be_2.04_hgbs-5_as-008-010.tensors.npz,Be-Be,2.04,hgbs-5,8,10,18,1109,2051,fermionic,random_groups,9,3136468736,1109,288581,0.46970634096480063,93,"[19,12,12,12,19,13,35,12,13,14,10,12,13,11,14,11,12,12,10,11,10,11,12,12,10,15,12,10,11,12,11,10,11,9,15,12,12,11,11,10,10,12,16,10,10,16,17,22,12,16,10,11,11,10,9,17,9,11,15,11,15,12,9,12,13,9,22,15,11,9,10,8,9,8,14,21,14,14,9,10,14,11,8,12,10,11,6,12,5,4,4,6,3]","[60,73,34,14,63,3,91,10,79,72,44,33,27,20,7,11,42,23,69,43,41,87,85,5,31,0,47,65,53,77,8,83,80,67,78,86,82,61,36,32,24,19,54,52,2,13,64,18,9,12,37,59,88,49,75,71,35,92,38,16,89,4,48,70,17,68,26,46,84,40,90,29,51,74,6,56,57,28,45,81,15,76,62,50,25,66,39,22,30,55,58,1,21]",ffc7574a05772803,b0d8c114db254d00,100,0.01,1.0,205100,0.15896199628958088,0.0007948099814479044,0.2843050224396496,2.89999989036005e-05,0.007705290998273995,15876,22.897035624999262,0.09374995799953467,40.010248209000565,0.9999997830341701,4.3393161264226876e-07,1.9999955252629584,0.0006587348933491568,2.920996777788787e-13,2.9198865547641617e-13,0.2246994379538634,0.5341673859749821,1e-12
success,,Be-Be_2.04_hgbs-5_as-008-010,hamiltonian_generator/hgbs5_diatomic_basis_transfer/night/Be-Be/2.04/hgbs-5/Be-Be_2.04_hgbs-5_as-008-010.tensors.npz,Be-Be,2.04,hgbs-5,8,10,18,1109,2051,jw,random_groups,10,2899134699,2051,663836,0.31577029646454435,67,"[43,32,34,26,22,30,24,92,29,73,66,28,41,58,19,45,21,42,38,27,50,103,93,28,81,91,46,15,39,36,70,27,17,34,44,19,18,28,24,20,22,18,16,22,20,14,18,30,20,12,16,26,14,14,12,18,14,12,8,8,8,8,8,8,4,4,4]","[8,21,60,4,36,35,19,15,64,39,16,2,32,17,14,45,46,52,50,33,22,24,3,66,29,63,27,31,49,11,55,28,10,40,13,30,43,57,25,54,37,6,34,18,62,7,0,48,5,53,65,42,47,23,41,59,26,12,1,51,9,61,38,20,44,58,56]",0004fc866d713309,c7b157621956c9b1,100,0.01,1.0,205100,1.5385078200948301,0.007692539100474151,26.63160444822944,2.9584000003524125e-05,0.007590417000756133,15876,22.897035624999262,0.09374995799953467,39.98795237500235,0.9999997069601027,5.860797088752534e-07,1.9999954047663442,0.000765558485483306,1.3117564734432818e-07,1.311756475663728e-07,0.30348510535691126,0.8405694617050241,1e-12
success,,Be-Be_2.04_hgbs-5_as-008-010,hamiltonian_generator/hgbs5_diatomic_basis_transfer/night/Be-Be/2.04/hgbs-5/Be-Be_2.04_hgbs-5_as-008-010.tensors.npz,Be-Be,2.04,hgbs-5,8,10,18,1109,2051,fermionic,random_groups,10,1912219540,1109,288581,0.46970634096480063,93,"[19,12,12,12,19,13,35,12,13,14,10,12,13,11,14,11,12,12,10,11,10,11,12,12,10,15,12,10,11,12,11,10,11,9,15,12,12,11,11,10,10,12,16,10,10,16,17,22,12,16,10,11,11,10,9,17,9,11,15,11,15,12,9,12,13,9,22,15,11,9,10,8,9,8,14,21,14,14,9,10,14,11,8,12,10,11,6,12,5,4,4,6,3]","[82,63,65,8,79,74,59,48,91,68,37,9,87,85,17,30,24,11,18,51,61,43,33,36,64,0,22,50,3,57,90,66,5,73,41,83,92,29,81,58,34,84,69,77,49,27,35,76,39,53,13,7,56,28,46,31,1,15,19,71,62,40,25,86,55,47,38,10,89,44,12,60,21,80,75,70,72,54,42,88,52,67,20,78,23,16,2,4,32,14,6,45,26]",c8afe6076ec5fb9b,41d5bcee3d96cbb2,100,0.01,1.0,205100,0.271804778011574,0.0013590238900578699,0.8312125453191375,2.7375001081964e-05,0.007484125002520159,15876,22.897035624999262,0.09374995799953467,41.18640241700268,0.9999994104857731,1.1790281062573627e-06,1.9999954357070804,0.0010858307666285615,1.9473311851925246e-13,1.9462209621678994e-13,0.6105269703552156,1.4513769984989127,1e-12
success,,Be-Be_2.04_hgbs-5_as-008-010,hamiltonian_generator/hgbs5_diatomic_basis_transfer/night/Be-Be/2.04/hgbs-5/Be-Be_2.04_hgbs-5_as-008-010.tensors.npz,Be-Be,2.04,hgbs-5,8,10,18,1109,2051,jw,random_groups,11,1080384583,2051,663836,0.31577029646454435,67,"[43,32,34,26,22,30,24,92,29,73,66,28,41,58,19,45,21,42,38,27,50,103,93,28,81,91,46,15,39,36,70,27,17,34,44,19,18,28,24,20,22,18,16,22,20,14,18,30,20,12,16,26,14,14,12,18,14,12,8,8,8,8,8,8,4,4,4]","[24,21,35,1,4,38,15,62,40,29,47,31,59,10,32,64,30,52,2,55,23,11,48,22,60,27,33,49,42,7,25,41,50,26,61,66,14,16,20,3,34,8,6,39,43,9,12,44,63,56,45,37,53,0,19,18,51,46,65,57,54,5,28,58,36,17,13]",e8c13e16607037ab,877509224a79772b,100,0.01,1.0,205100,0.5308459948003953,0.0026542299740019764,3.1705529136749506,4.3415999243734404e-05,0.00980258400159073,15876,22.897035624999262,0.09374995799953467,40.13829950000218,0.9999992668729106,1.4662536412801686e-06,1.9999953339438319,0.0012108898293152581,1.2064297227887266e-08,1.2064296894820359e-08,0.7592587391531441,2.102935855498517,1e-12
success,,Be-Be_2.04_hgbs-5_as-008-010,hamiltonian_generator/hgbs5_diatomic_basis_transfer/night/Be-Be/2.04/hgbs-5/Be-Be_2.04_hgbs-5_as-008-010.tensors.npz,Be-Be,2.04,hgbs-5,8,10,18,1109,2051,fermionic,random_groups,11,1712851842,1109,288581,0.46970634096480063,93,"[19,12,12,12,19,13,35,12,13,14,10,12,13,11,14,11,12,12,10,11,10,11,12,12,10,15,12,10,11,12,11,10,11,9,15,12,12,11,11,10,10,12,16,10,10,16,17,22,12,16,10,11,11,10,9,17,9,11,15,11,15,12,9,12,13,9,22,15,11,9,10,8,9,8,14,21,14,14,9,10,14,11,8,12,10,11,6,12,5,4,4,6,3]","[66,31,87,53,17,68,4,84,15,47,73,7,29,82,69,48,90,55,27,64,41,40,20,19,45,88,10,43,56,91,44,2,8,12,0,23,62,22,59,75,86,9,1,37,14,60,24,80,61,5,26,65,11,42,71,46,3,6,58,63,81,33,21,49,32,76,54,18,77,13,28,92,39,89,83,72,51,25,38,67,30,85,50,74,79,35,16,70,34,52,36,78,57]",d2ffc1fa88c95fb8,a8e86d43d1c30c51,100,0.01,1.0,205100,0.24242851193968898,0.001212142559698445,0.6612494245065506,2.5915996957337484e-05,0.007924916000774829,15876,22.897035624999262,0.09374995799953467,40.18204029200206,0.9999995631174141,8.737649809242853e-07,1.9999953884838535,0.0009347540702086423,3.731459585765151e-13,3.730349362740526e-13,0.4524549362097579,1.0755998001039424,1e-12
success,,Be-Be_2.04_hgbs-5_as-008-010,hamiltonian_generator/hgbs5_diatomic_basis_transfer/night/Be-Be/2.04/hgbs-5/Be-Be_2.04_hgbs-5_as-008-010.tensors.npz,Be-Be,2.04,hgbs-5,8,10,18,1109,2051,jw,random_groups,12,3061551492,2051,663836,0.31577029646454435,67,"[43,32,34,26,22,30,24,92,29,73,66,28,41,58,19,45,21,42,38,27,50,103,93,28,81,91,46,15,39,36,70,27,17,34,44,19,18,28,24,20,22,18,16,22,20,14,18,30,20,12,16,26,14,14,12,18,14,12,8,8,8,8,8,8,4,4,4]","[25,13,47,50,38,20,12,59,37,21,64,61,14,63,1,66,3,43,53,9,19,11,56,44,30,33,42,24,62,2,4,6,8,36,18,35,57,7,46,45,23,52,41,49,39,58,5,51,28,16,31,10,54,34,27,65,26,55,17,0,29,22,60,15,48,40,32]",a9bb084430cd4160,d07ed39cf23088a4,100,0.01,1.0,205100,0.21443520031417362,0.0010721760015708682,0.5173566923831046,2.9041999368928373e-05,0.007858207998651778,15876,22.897035624999262,0.09374995799953467,39.97424079100165,0.999999850640664,2.9871864970498763e-07,1.9999955167970316,0.0005465516188069251,1.1934780941302847e-09,1.1934779831079823e-09,0.15468315914190545,0.42842939412737496,1e-12
success,,Be-Be_2.04_hgbs-5_as-008-010,hamiltonian_generator/hgbs5_diatomic_basis_transfer/night/Be-Be/2.04/hgbs-5/Be-Be_2.04_hgbs-5_as-008-010.tensors.npz,Be-Be,2.04,hgbs-5,8,10,18,1109,2051,fermionic,random_groups,12,1608290837,1109,288581,0.46970634096480063,93,"[19,12,12,12,19,13,35,12,13,14,10,12,13,11,14,11,12,12,10,11,10,11,12,12,10,15,12,10,11,12,11,10,11,9,15,12,12,11,11,10,10,12,16,10,10,16,17,22,12,16,10,11,11,10,9,17,9,11,15,11,15,12,9,12,13,9,22,15,11,9,10,8,9,8,14,21,14,14,9,10,14,11,8,12,10,11,6,12,5,4,4,6,3]","[21,63,30,86,41,1,83,79,25,33,4,16,81,50,51,38,9,12,29,77,14,90,35,49,44,69,58,92,13,3,85,55,31,65,46,64,47,20,70,23,52,37,32,53,10,57,75,40,15,48,7,45,89,56,67,24,28,2,87,18,42,66,22,6,62,19,61,80,27,73,43,59,34,39,71,72,91,0,84,26,54,17,5,8,88,68,36,76,11,74,60,78,82]",5a9cd4abaeac55f5,ae0d283ac2853c12,100,0.01,1.0,205100,0.26560658583624525,0.0013280329291812261,0.793735115581323,2.8665999707300216e-05,0.007866416999604553,15876,22.897035624999262,0.09374995799953467,40.02489429200068,0.9999997619566657,4.760866119113416e-07,1.999995504820345,0.000689990339448833,2.859934511434403e-13,2.857714065385153e-13,0.24652823393631937,0.5860599540877863,1e-12
success,,Be-Be_2.04_hgbs-5_as-008-010,hamiltonian_generator/hgbs5_diatomic_basis_transfer/night/Be-Be/2.04/hgbs-5/Be-Be_2.04_hgbs-5_as-008-010.tensors.npz,Be-Be,2.04,hgbs-5,8,10,18,1109,2051,jw,random_groups,13,4085994837,2051,663836,0.31577029646454435,67,"[43,32,34,26,22,30,24,92,29,73,66,28,41,58,19,45,21,42,38,27,50,103,93,28,81,91,46,15,39,36,70,27,17,34,44,19,18,28,24,20,22,18,16,22,20,14,18,30,20,12,16,26,14,14,12,18,14,12,8,8,8,8,8,8,4,4,4]","[32,37,57,56,45,48,39,20,11,63,2,6,59,4,28,55,47,66,54,52,38,30,23,0,64,18,25,40,19,51,12,62,65,53,14,31,22,17,44,10,3,29,35,46,7,5,41,21,34,36,61,1,58,27,26,42,16,8,9,24,50,13,15,43,33,49,60]",17bdc3387bc092d9,da7f7eb0a7ab6549,100,0.01,1.0,205100,0.267444552542756,0.00133722276271378,0.8047582329336691,2.6875000912696123e-05,0.0076640000006591436,15876,22.897035624999262,0.09374995799953467,39.96619458400164,0.9999998422906421,3.154186909437584e-07,1.9999954121236885,0.0005616215058317783,1.3601428872078714e-09,1.3601427761855689e-09,0.16333081183839535,0.45238099057739495,1e-12
success,,Be-Be_2.04_hgbs-5_as-008-010,hamiltonian_generator/hgbs5_diatomic_basis_transfer/night/Be-Be/2.04/hgbs-5/Be-Be_2.04_hgbs-5_as-008-010.tensors.npz,Be-Be,2.04,hgbs-5,8,10,18,1109,2051,fermionic,random_groups,13,784840352,1109,288581,0.46970634096480063,93,"[19,12,12,12,19,13,35,12,13,14,10,12,13,11,14,11,12,12,10,11,10,11,12,12,10,15,12,10,11,12,11,10,11,9,15,12,12,11,11,10,10,12,16,10,10,16,17,22,12,16,10,11,11,10,9,17,9,11,15,11,15,12,9,12,13,9,22,15,11,9,10,8,9,8,14,21,14,14,9,10,14,11,8,12,10,11,6,12,5,4,4,6,3]","[46,44,36,33,21,8,19,6,20,54,15,88,74,16,22,24,75,23,5,81,35,77,58,27,13,53,47,90,17,40,45,80,4,72,30,67,91,1,43,49,71,34,14,2,82,51,32,87,68,37,61,85,25,60,39,11,50,29,52,48,3,89,41,59,55,86,26,76,7,9,62,66,78,84,83,56,12,73,70,28,65,31,18,10,57,0,92,64,79,42,63,69,38]",78521ec9353019ef,9ca32b3a0cce5140,100,0.01,1.0,205100,0.14150821667456878,0.0007075410833728439,0.22530002058724552,2.5666002329671755e-05,0.007531750001362525,15876,22.897035624999262,0.09374995799953467,40.21445241699985,0.9999998620413665,2.759172480493177e-07,1.9999954932639117,0.0005252782758063876,3.241851231905457e-13,3.239630785856207e-13,0.14287608635135243,0.33965258773948587,1e-12
success,,Be-Be_2.04_hgbs-5_as-008-010,hamiltonian_generator/hgbs5_diatomic_basis_transfer/night/Be-Be/2.04/hgbs-5/Be-Be_2.04_hgbs-5_as-008-010.tensors.npz,Be-Be,2.04,hgbs-5,8,10,18,1109,2051,jw,random_groups,14,1689819467,2051,663836,0.31577029646454435,67,"[43,32,34,26,22,30,24,92,29,73,66,28,41,58,19,45,21,42,38,27,50,103,93,28,81,91,46,15,39,36,70,27,17,34,44,19,18,28,24,20,22,18,16,22,20,14,18,30,20,12,16,26,14,14,12,18,14,12,8,8,8,8,8,8,4,4,4]","[41,11,52,63,12,15,2,66,18,36,22,16,65,48,51,42,33,1,60,25,28,21,35,14,53,32,56,29,30,0,31,47,62,8,45,23,40,61,55,37,10,50,27,9,57,4,46,20,3,34,44,49,38,17,54,7,39,26,64,19,6,13,59,43,24,5,58]",f879607576b0e4c7,16fe4678a2313040,100,0.01,1.0,205100,0.159535829292968,0.00079767914646484,0.28636133870094804,2.9500002710847184e-05,0.007544291001977399,15876,22.897035624999262,0.09374995799953467,39.97619033400042,0.9999998954140576,2.0917187371072288e-07,1.9999954699076887,0.000457353129104777,5.569977812314164e-11,5.569966710083918e-11,0.1083138473649376,0.29999927761750494,1e-12
success,,Be-Be_2.04_hgbs-5_as-008-010,hamiltonian_generator/hgbs5_diatomic_basis_transfer/night/Be-Be/2.04/hgbs-5/Be-Be_2.04_hgbs-5_as-008-010.tensors.npz,Be-Be,2.04,hgbs-5,8,10,18,1109,2051,fermionic,random_groups,14,496154559,1109,288581,0.46970634096480063,93,"[19,12,12,12,19,13,35,12,13,14,10,12,13,11,14,11,12,12,10,11,10,11,12,12,10,15,12,10,11,12,11,10,11,9,15,12,12,11,11,10,10,12,16,10,10,16,17,22,12,16,10,11,11,10,9,17,9,11,15,11,15,12,9,12,13,9,22,15,11,9,10,8,9,8,14,21,14,14,9,10,14,11,8,12,10,11,6,12,5,4,4,6,3]","[2,11,57,58,82,50,69,55,41,15,34,1,17,40,29,63,5,42,91,46,4,9,35,59,73,54,76,60,52,0,53,33,26,24,85,38,56,7,71,36,23,62,51,10,88,90,81,89,37,49,13,20,48,92,27,66,87,21,14,64,70,6,86,32,75,8,3,30,83,25,45,84,28,22,80,78,16,39,43,65,19,72,77,44,47,31,18,12,74,68,67,61,79]",39ea75ce8eb75b32,126a967fc33bf7e0,100,0.01,1.0,205100,0.22510788796970588,0.0011255394398485294,0.5701371523329335,3.016600021510385e-05,0.0079032499997993,15876,22.897035624999262,0.09374995799953467,39.94924616700155,0.9999997871975992,4.256047563266918e-07,1.9999954158280693,0.0006523839372821737,3.1508129438861943e-13,3.1530333899354446e-13,0.2203876065972132,0.523917072464987,1e-12
success,,Be-Be_2.04_hgbs-5_as-008-010,hamiltonian_generator/hgbs5_diatomic_basis_transfer/night/Be-Be/2.04/hgbs-5/Be-Be_2.04_hgbs-5_as-008-010.tensors.npz,Be-Be,2.04,hgbs-5,8,10,18,1109,2051,jw,random_groups,15,1681282760,2051,663836,0.31577029646454435,67,"[43,32,34,26,22,30,24,92,29,73,66,28,41,58,19,45,21,42,38,27,50,103,93,28,81,91,46,15,39,36,70,27,17,34,44,19,18,28,24,20,22,18,16,22,20,14,18,30,20,12,16,26,14,14,12,18,14,12,8,8,8,8,8,8,4,4,4]","[58,24,8,45,40,23,27,56,42,7,46,55,17,63,62,39,33,1,25,30,0,26,11,57,28,66,3,20,34,43,49,38,47,53,4,13,9,19,59,18,36,48,61,52,16,51,21,35,29,44,14,65,37,60,31,5,64,12,32,10,15,50,54,6,2,41,22]",dad1f6f6bc797033,45755d781f7bc9ec,100,0.01,1.0,205100,0.49667979065158196,0.0024833989532579096,2.775561753489189,2.7000001864507794e-05,0.007727000000159023,15876,22.897035624999262,0.09374995799953467,39.9586895839966,0.9999985616167598,2.8767644114635615e-06,1.9999946342155543,0.0016961033224317933,6.294595511491252e-09,6.294595511491252e-09,1.4896525801507672,4.1259239591091035,1e-12
success,,Be-Be_2.04_hgbs-5_as-008-010,hamiltonian_generator/hgbs5_diatomic_basis_transfer/night/Be-Be/2.04/hgbs-5/Be-Be_2.04_hgbs-5_as-008-010.tensors.npz,Be-Be,2.04,hgbs-5,8,10,18,1109,2051,fermionic,random_groups,15,3060556930,1109,288581,0.46970634096480063,93,"[19,12,12,12,19,13,35,12,13,14,10,12,13,11,14,11,12,12,10,11,10,11,12,12,10,15,12,10,11,12,11,10,11,9,15,12,12,11,11,10,10,12,16,10,10,16,17,22,12,16,10,11,11,10,9,17,9,11,15,11,15,12,9,12,13,9,22,15,11,9,10,8,9,8,14,21,14,14,9,10,14,11,8,12,10,11,6,12,5,4,4,6,3]","[13,62,59,1,82,4,75,79,88,9,34,48,47,35,22,24,20,10,21,40,11,14,6,86,45,51,46,76,23,74,31,54,0,56,58,30,41,71,80,65,38,33,83,72,42,87,90,18,26,52,81,19,27,12,53,92,5,2,36,66,32,15,49,16,43,8,44,7,61,3,17,78,25,85,57,39,68,55,73,67,70,50,77,28,91,37,64,84,63,89,60,29,69]",9b146b682d502176,8bf72ec6f6e62ad1,100,0.01,1.0,205100,0.30876913613061735,0.0015438456806530867,1.0726688797702943,2.7416001103119925e-05,0.007367209000221919,15876,22.897035624999262,0.09374995799953467,39.96380558399687,0.9999994821401873,1.0357193571675083e-06,1.9999953283979228,0.001017703112600817,3.6204372833026355e-13,3.6193270602780103e-13,0.5363185134551,1.2749647306243888,1e-12
success,,Be-Be_2.04_hgbs-5_as-008-010,hamiltonian_generator/hgbs5_diatomic_basis_transfer/night/Be-Be/2.04/hgbs-5/Be-Be_2.04_hgbs-5_as-008-010.tensors.npz,Be-Be,2.04,hgbs-5,8,10,18,1109,2051,jw,random_groups,16,2087612198,2051,663836,0.31577029646454435,67,"[43,32,34,26,22,30,24,92,29,73,66,28,41,58,19,45,21,42,38,27,50,103,93,28,81,91,46,15,39,36,70,27,17,34,44,19,18,28,24,20,22,18,16,22,20,14,18,30,20,12,16,26,14,14,12,18,14,12,8,8,8,8,8,8,4,4,4]","[38,32,29,66,53,65,44,27,35,10,62,30,61,39,60,55,48,18,41,13,2,14,43,33,20,49,52,54,64,16,24,47,21,8,56,28,25,1,45,46,36,50,11,3,23,63,4,12,51,15,34,42,57,6,40,9,26,59,22,0,37,19,31,58,7,17,5]",e295a1d93e412b6c,1d8f3755937bfc99,100,0.01,1.0,205100,0.5285808695960464,0.002642904347980232,3.14355307871326,2.8667000151472166e-05,0.008021958001336316,15876,22.897035624999262,0.09374995799953467,39.99810695800261,0.9999987470768132,2.5058448036574532e-06,1.9999950025472006,0.0015829865361122976,2.0494087538125427e-09,2.0494089758571477e-09,1.2975821594395442,3.593942233163048,1e-12
success,,Be-Be_2.04_hgbs-5_as-008-010,hamiltonian_generator/hgbs5_diatomic_basis_transfer/night/Be-Be/2.04/hgbs-5/Be-Be_2.04_hgbs-5_as-008-010.tensors.npz,Be-Be,2.04,hgbs-5,8,10,18,1109,2051,fermionic,random_groups,16,1778194441,1109,288581,0.46970634096480063,93,"[19,12,12,12,19,13,35,12,13,14,10,12,13,11,14,11,12,12,10,11,10,11,12,12,10,15,12,10,11,12,11,10,11,9,15,12,12,11,11,10,10,12,16,10,10,16,17,22,12,16,10,11,11,10,9,17,9,11,15,11,15,12,9,12,13,9,22,15,11,9,10,8,9,8,14,21,14,14,9,10,14,11,8,12,10,11,6,12,5,4,4,6,3]","[78,45,49,52,28,90,76,0,43,73,1,83,39,81,62,40,32,20,24,89,19,48,47,15,66,84,67,86,80,14,54,50,30,29,65,60,55,17,6,42,27,58,31,88,61,87,41,59,26,37,75,69,5,7,79,82,53,22,16,10,51,8,21,3,68,56,25,11,38,4,18,63,44,13,74,46,85,34,12,72,91,71,9,2,35,64,33,57,23,77,70,92,36]",24ae949c97b4cfd4,176f77242612ed08,100,0.01,1.0,205100,0.35433579300631046,0.0017716789650315523,1.4126285022989922,2.7624999347608536e-05,0.007845749998523388,15876,22.897035624999262,0.09374995799953467,40.25436316700143,0.9999997001539018,5.996921064177485e-07,1.9999954432418268,0.0007743979573486835,3.084199562408685e-13,3.084199562408685e-13,0.31053390749045107,0.7382176258706531,1e-12
success,,Be-Be_2.04_hgbs-5_as-008-010,hamiltonian_generator/hgbs5_diatomic_basis_transfer/night/Be-Be/2.04/hgbs-5/Be-Be_2.04_hgbs-5_as-008-010.tensors.npz,Be-Be,2.04,hgbs-5,8,10,18,1109,2051,jw,random_groups,17,3177386084,2051,663836,0.31577029646454435,67,"[43,32,34,26,22,30,24,92,29,73,66,28,41,58,19,45,21,42,38,27,50,103,93,28,81,91,46,15,39,36,70,27,17,34,44,19,18,28,24,20,22,18,16,22,20,14,18,30,20,12,16,26,14,14,12,18,14,12,8,8,8,8,8,8,4,4,4]","[22,12,58,5,48,50,63,45,65,25,17,33,52,38,9,18,24,1,28,6,59,61,32,19,10,11,44,30,2,23,3,62,46,47,8,39,60,21,0,13,31,57,42,41,4,43,29,53,36,56,55,64,51,49,14,7,66,40,20,15,37,35,27,34,16,54,26]",8c86a5931fd715cc,43ee10e10bd29289,100,0.01,1.0,205100,1.1169788140255072,0.0055848940701275366,14.037435937262671,3.183300214004703e-05,0.008178167001460679,15876,22.897035624999262,0.09374995799953467,40.84199224999975,0.9999995076867135,9.846263305801628e-07,1.9999953600460734,0.0009922835143958853,6.714894718040654e-08,6.714894729142884e-08,0.5098614081807652,1.41217450825025,1e-12
success,,Be-Be_2.04_hgbs-5_as-008-010,hamiltonian_generator/hgbs5_diatomic_basis_transfer/night/Be-Be/2.04/hgbs-5/Be-Be_2.04_hgbs-5_as-008-010.tensors.npz,Be-Be,2.04,hgbs-5,8,10,18,1109,2051,fermionic,random_groups,17,3791310055,1109,288581,0.46970634096480063,93,"[19,12,12,12,19,13,35,12,13,14,10,12,13,11,14,11,12,12,10,11,10,11,12,12,10,15,12,10,11,12,11,10,11,9,15,12,12,11,11,10,10,12,16,10,10,16,17,22,12,16,10,11,11,10,9,17,9,11,15,11,15,12,9,12,13,9,22,15,11,9,10,8,9,8,14,21,14,14,9,10,14,11,8,12,10,11,6,12,5,4,4,6,3]","[52,84,31,13,14,51,49,72,89,58,28,77,90,48,43,8,39,20,22,47,91,40,76,27,1,57,75,65,23,92,30,12,42,73,71,37,62,67,18,54,21,59,46,4,9,50,6,68,69,41,64,74,44,45,83,34,70,26,60,85,53,35,38,19,55,81,0,25,10,7,11,63,17,24,2,3,16,29,79,80,32,5,88,86,66,82,87,33,15,61,78,36,56]",f7f40d797bb7800c,34b49b3bfb2ebec9,100,0.01,1.0,205100,0.35487660961045403,0.00177438304805227,1.4169439340672898,2.8416998247848824e-05,0.007631917000253452,15876,22.897035624999262,0.09374995799953467,40.055462750002334,0.9999996378973274,7.242052141309685e-07,1.9999953906230605,0.0008510025530210281,1.7552626019323725e-13,1.7563728249569976e-13,0.3750095633448088,0.8914925644302075,1e-12
success,,Be-Be_2.04_hgbs-5_as-008-010,hamiltonian_generator/hgbs5_diatomic_basis_transfer/night/Be-Be/2.04/hgbs-5/Be-Be_2.04_hgbs-5_as-008-010.tensors.npz,Be-Be,2.04,hgbs-5,8,10,18,1109,2051,jw,random_groups,18,3465520178,2051,663836,0.31577029646454435,67,"[43,32,34,26,22,30,24,92,29,73,66,28,41,58,19,45,21,42,38,27,50,103,93,28,81,91,46,15,39,36,70,27,17,34,44,19,18,28,24,20,22,18,16,22,20,14,18,30,20,12,16,26,14,14,12,18,14,12,8,8,8,8,8,8,4,4,4]","[44,18,3,35,28,15,59,54,52,5,56,24,8,42,40,17,20,38,4,47,53,63,23,45,34,27,51,46,50,1,12,14,65,41,26,37,6,16,49,64,43,10,39,2,19,11,33,13,21,0,29,48,9,32,31,30,22,57,36,7,25,58,62,55,61,66,60]",eeec3fa674b29561,3d92f554a13b9653,100,0.01,1.0,205100,1.4641998698716536,0.007320999349358268,24.121185216325348,2.7750000299420208e-05,0.007434292001562426,15876,22.897035624999262,0.09374995799953467,40.02762995900048,0.9999994116006644,1.176798325008832e-06,1.9999953662575398,0.0010848035173137904,1.1744508843225532e-07,1.1744508843225532e-07,0.6093723400431855,1.687792154562707,1e-12
success,,Be-Be_2.04_hgbs-5_as-008-010,hamiltonian_generator/hgbs5_diatomic_basis_transfer/night/Be-Be/2.04/hgbs-5/Be-Be_2.04_hgbs-5_as-008-010.tensors.npz,Be-Be,2.04,hgbs-5,8,10,18,1109,2051,fermionic,random_groups,18,4141611203,1109,288581,0.46970634096480063,93,"[19,12,12,12,19,13,35,12,13,14,10,12,13,11,14,11,12,12,10,11,10,11,12,12,10,15,12,10,11,12,11,10,11,9,15,12,12,11,11,10,10,12,16,10,10,16,17,22,12,16,10,11,11,10,9,17,9,11,15,11,15,12,9,12,13,9,22,15,11,9,10,8,9,8,14,21,14,14,9,10,14,11,8,12,10,11,6,12,5,4,4,6,3]","[13,61,34,90,27,37,88,42,72,48,9,92,52,40,64,11,16,77,71,12,54,14,65,83,47,60,33,32,1,85,69,36,59,58,41,82,45,29,87,51,89,10,73,39,19,28,35,5,63,76,30,3,43,49,56,6,38,44,79,86,78,17,50,2,23,66,67,62,84,55,81,0,25,53,15,31,91,68,70,22,57,80,74,21,75,26,4,46,24,8,7,18,20]",9eb35ceb3614e576,2399ed6de603819e,100,0.01,1.0,205100,0.264519969408719,0.001322599847043595,0.7872539406784276,2.7207999664824456e-05,0.00756287499825703,15876,22.897035624999262,0.09374995799953467,40.04480025000157,0.9999995454950986,9.090095961505895e-07,1.9999953572343547,0.0009534200557797672,3.3162361745553426e-13,3.318456620604593e-13,0.4707053816751808,1.1189857241450412,1e-12
success,,Be-Be_2.04_hgbs-5_as-008-010,hamiltonian_generator/hgbs5_diatomic_basis_transfer/night/Be-Be/2.04/hgbs-5/Be-Be_2.04_hgbs-5_as-008-010.tensors.npz,Be-Be,2.04,hgbs-5,8,10,18,1109,2051,jw,random_groups,19,2340880662,2051,663836,0.31577029646454435,67,"[43,32,34,26,22,30,24,92,29,73,66,28,41,58,19,45,21,42,38,27,50,103,93,28,81,91,46,15,39,36,70,27,17,34,44,19,18,28,24,20,22,18,16,22,20,14,18,30,20,12,16,26,14,14,12,18,14,12,8,8,8,8,8,8,4,4,4]","[19,9,45,60,16,54,64,57,55,37,50,30,3,28,38,47,44,21,11,18,41,46,32,17,1,63,8,13,14,42,66,31,23,5,25,35,53,33,24,48,59,2,12,10,56,34,4,29,27,65,26,20,58,6,22,61,43,36,39,51,49,0,62,52,7,40,15]",ef0ee9ca53b9f1ba,bb526e03e172af3e,100,0.01,1.0,205100,1.138793200748046,0.0056939660037402294,14.591086987478882,2.8665999707300216e-05,0.007623124998644926,15876,22.897035624999262,0.09374995799953467,39.9976475830008,0.999999476951998,1.0460957304836427e-06,1.9999952893270316,0.001022788347627502,6.616366843292809e-08,6.616366821088349e-08,0.5416916302878139,1.500335383990783,1e-12
success,,Be-Be_2.04_hgbs-5_as-008-010,hamiltonian_generator/hgbs5_diatomic_basis_transfer/night/Be-Be/2.04/hgbs-5/Be-Be_2.04_hgbs-5_as-008-010.tensors.npz,Be-Be,2.04,hgbs-5,8,10,18,1109,2051,fermionic,random_groups,19,962106099,1109,288581,0.46970634096480063,93,"[19,12,12,12,19,13,35,12,13,14,10,12,13,11,14,11,12,12,10,11,10,11,12,12,10,15,12,10,11,12,11,10,11,9,15,12,12,11,11,10,10,12,16,10,10,16,17,22,12,16,10,11,11,10,9,17,9,11,15,11,15,12,9,12,13,9,22,15,11,9,10,8,9,8,14,21,14,14,9,10,14,11,8,12,10,11,6,12,5,4,4,6,3]","[55,49,47,81,40,44,90,51,17,0,27,31,34,85,56,3,53,46,65,71,58,92,16,15,74,57,67,6,59,82,19,78,84,48,52,20,18,14,4,26,61,76,64,72,8,77,21,79,73,36,83,88,70,35,12,91,13,69,41,29,23,43,37,5,62,87,86,2,38,89,22,42,1,50,10,66,54,32,11,25,33,60,45,39,30,68,9,7,75,24,28,63,80]",76a16b1edcb3c85a,f215c37e614f88e2,100,0.01,1.0,205100,0.18695021287933117,0.0009347510643966558,0.39323289776313114,2.712499917834066e-05,0.007531582999945385,15876,22.897035624999262,0.09374995799953467,39.99819629099875,0.9999998553458965,2.8930818607442177e-07,1.9999955044829807,0.0005378737834721215,2.44804176929847e-13,2.452482661396971e-13,0.1498102118224009,0.3561367574847303,1e-12
success,,Be-Be_2.04_hgbs-5_as-008-012,hamiltonian_generator/hgbs5_diatomic_basis_transfer/night/Be-Be/2.04/hgbs-5/Be-Be_2.04_hgbs-5_as-008-012.tensors.npz,Be-Be,2.04,hgbs-5,8,12,20,1580,2950,baseline,jw_raw,-1,-1,,,,,[],[],4f53cda18c2baa0c,c2dbc90c4fad40a5,100,0.01,1.0,295000,0.2594966878054143,0.0012974834390270715,1.0,2.0874998881481588e-05,0.012213250000058906,44100,83.3420510420001,0.3894791669990809,103.84390600000188,0.9999992950385915,1.4099223200059186e-06,1.9971823815437402,0.001187401708328628,4.1300296516055823e-14,4.1300296516055823e-14,1.0,,1e-12
success,,Be-Be_2.04_hgbs-5_as-008-012,hamiltonian_generator/hgbs5_diatomic_basis_transfer/night/Be-Be/2.04/hgbs-5/Be-Be_2.04_hgbs-5_as-008-012.tensors.npz,Be-Be,2.04,hgbs-5,8,12,20,1580,2950,jw,current,-1,-1,2950,1272112,0.2924546671954297,67,"[58,42,46,44,32,172,37,156,42,37,156,34,26,16,34,34,48,48,40,40,64,64,56,56,64,64,52,52,52,48,40,40,30,26,24,108,24,88,24,24,104,68,56,62,36,30,20,32,28,28,32,20,20,24,16,20,20,20,24,28,28,20,8,16,16,16,16]","[0,1,2,3,4,5,6,7,8,9,10,11,12,13,14,15,16,17,18,19,20,21,22,23,24,25,26,27,28,29,30,31,32,33,34,35,36,37,38,39,40,41,42,43,44,45,46,47,48,49,50,51,52,53,54,55,56,57,58,59,60,61,62,63,64,65,66]",abeb72182c5ac2b4,3ad4b575495b88d9,100,0.01,1.0,295000,1.0635062870931893,0.005317531435465947,16.796410705624115,5.7249999372288585e-05,0.013736082997638732,44100,83.3420510420001,0.3894791669990809,120.56996233300015,0.9999998047282794,3.9054340306154955e-07,1.9971817740952296,0.000624934749507658,6.247621520127922e-08,6.247621564536843e-08,0.27699639726244646,1.0,1e-12
success,,Be-Be_2.04_hgbs-5_as-008-012,hamiltonian_generator/hgbs5_diatomic_basis_transfer/night/Be-Be/2.04/hgbs-5/Be-Be_2.04_hgbs-5_as-008-012.tensors.npz,Be-Be,2.04,hgbs-5,8,12,20,1580,2950,fermionic,current,-1,-1,1580,553355,0.4436031457179275,120,"[16,16,14,21,12,17,21,18,15,11,15,12,15,16,10,13,16,12,16,12,16,10,14,14,11,11,15,16,15,10,11,12,11,15,12,14,14,9,10,11,18,15,13,13,13,14,11,14,11,14,16,11,8,11,13,14,14,13,15,12,11,11,13,12,13,10,12,15,9,14,10,15,15,11,14,14,12,14,12,16,9,16,14,11,15,14,13,10,15,12,12,13,22,14,21,16,18,17,16,15,14,15,17,20,17,16,18,10,10,10,10,9,15,11,5,5,12,5,2,1]","[0,1,2,3,4,5,6,7,8,9,10,11,12,13,14,15,16,17,18,19,20,21,22,23,24,25,26,27,28,29,30,31,32,33,34,35,36,37,38,39,40,41,42,43,44,45,46,47,48,49,50,51,52,53,54,55,56,57,58,59,60,61,62,63,64,65,66,67,68,69,70,71,72,73,74,75,76,77,78,79,80,81,82,83,84,85,86,87,88,89,90,91,92,93,94,95,96,97,98,99,100,101,102,103,104,105,106,107,108,109,110,111,112,113,114,115,116,117,118,119]",fa957800b3c8ee61,0e68340d9822ba6e,100,0.01,1.0,295000,0.22868194949118364,0.0011434097474559183,0.7766049134199584,6.995799776632339e-05,0.016487500000948785,44100,83.3420510420001,0.3894791669990809,126.28341354100121,0.9999998627584419,2.7448309736222143e-07,1.997183373650499,0.0005239113629575263,9.325873406851315e-15,9.43689570931383e-15,0.19467958870320545,1.0,1e-12
success,,Be-Be_2.04_hgbs-5_as-008-012,hamiltonian_generator/hgbs5_diatomic_basis_transfer/night/Be-Be/2.04/hgbs-5/Be-Be_2.04_hgbs-5_as-008-012.tensors.npz,Be-Be,2.04,hgbs-5,8,12,20,1580,2950,jw,reverse_groups,-1,-1,2950,1272112,0.2924546671954297,67,"[58,42,46,44,32,172,37,156,42,37,156,34,26,16,34,34,48,48,40,40,64,64,56,56,64,64,52,52,52,48,40,40,30,26,24,108,24,88,24,24,104,68,56,62,36,30,20,32,28,28,32,20,20,24,16,20,20,20,24,28,28,20,8,16,16,16,16]","[66,65,64,63,62,61,60,59,58,57,56,55,54,53,52,51,50,49,48,47,46,45,44,43,42,41,40,39,38,37,36,35,34,33,32,31,30,29,28,27,26,25,24,23,22,21,20,19,18,17,16,15,14,13,12,11,10,9,8,7,6,5,4,3,2,1,0]",2fc078374884b520,b2ac4263e88b4e4a,100,0.01,1.0,295000,1.0635062870931893,0.005317531435465947,16.796410705624115,7.416700100293383e-05,0.015965583002980566,44100,83.3420510420001,0.3894791669990809,126.81812800000262,0.9999998047435935,3.9051277489488e-07,1.9971841691932548,0.0006249102439355029,6.249319650653007e-08,6.249319695061928e-08,0.27697467396164116,0.9999215755113786,1e-12
success,,Be-Be_2.04_hgbs-5_as-008-012,hamiltonian_generator/hgbs5_diatomic_basis_transfer/night/Be-Be/2.04/hgbs-5/Be-Be_2.04_hgbs-5_as-008-012.tensors.npz,Be-Be,2.04,hgbs-5,8,12,20,1580,2950,fermionic,reverse_groups,-1,-1,1580,553355,0.4436031457179275,120,"[16,16,14,21,12,17,21,18,15,11,15,12,15,16,10,13,16,12,16,12,16,10,14,14,11,11,15,16,15,10,11,12,11,15,12,14,14,9,10,11,18,15,13,13,13,14,11,14,11,14,16,11,8,11,13,14,14,13,15,12,11,11,13,12,13,10,12,15,9,14,10,15,15,11,14,14,12,14,12,16,9,16,14,11,15,14,13,10,15,12,12,13,22,14,21,16,18,17,16,15,14,15,17,20,17,16,18,10,10,10,10,9,15,11,5,5,12,5,2,1]","[119,118,117,116,115,114,113,112,111,110,109,108,107,106,105,104,103,102,101,100,99,98,97,96,95,94,93,92,91,90,89,88,87,86,85,84,83,82,81,80,79,78,77,76,75,74,73,72,71,70,69,68,67,66,65,64,63,62,61,60,59,58,57,56,55,54,53,52,51,50,49,48,47,46,45,44,43,42,41,40,39,38,37,36,35,34,33,32,31,30,29,28,27,26,25,24,23,22,21,20,19,18,17,16,15,14,13,12,11,10,9,8,7,6,5,4,3,2,1,0]",a362edad6ef45e74,c56191d42a234e33,100,0.01,1.0,295000,0.36722280157076387,0.0018361140078538194,2.002606591307528,7.550000009359792e-05,0.015164458000072045,44100,83.3420510420001,0.3894791669990809,128.00534866700036,0.9999991643602724,1.67127875694284e-06,1.9971809687173507,0.001292779739659128,4.2521541843143495e-14,4.2521541843143495e-14,1.1853693875388995,6.088822127860712,1e-12
success,,Be-Be_2.04_hgbs-5_as-008-012,hamiltonian_generator/hgbs5_diatomic_basis_transfer/night/Be-Be/2.04/hgbs-5/Be-Be_2.04_hgbs-5_as-008-012.tensors.npz,Be-Be,2.04,hgbs-5,8,12,20,1580,2950,jw,random_groups,0,3254658578,2950,1272112,0.2924546671954297,67,"[58,42,46,44,32,172,37,156,42,37,156,34,26,16,34,34,48,48,40,40,64,64,56,56,64,64,52,52,52,48,40,40,30,26,24,108,24,88,24,24,104,68,56,62,36,30,20,32,28,28,32,20,20,24,16,20,20,20,24,28,28,20,8,16,16,16,16]","[32,55,36,33,18,45,9,20,65,23,43,27,61,37,47,28,29,64,62,7,11,30,35,53,12,46,38,10,15,22,4,21,48,63,50,56,17,19,2,42,66,0,58,25,13,24,44,14,54,1,51,6,31,52,3,8,26,57,40,39,16,49,41,5,59,60,34]",b38b95c22a0c9159,a71df948cc41ef0f,100,0.01,1.0,295000,1.177439437906359,0.005887197189531795,20.587969617398166,7.625000216648914e-05,0.015917166998406174,44100,83.3420510420001,0.3894791669990809,128.23986608400082,0.9999981494817838,3.701033008063348e-06,1.9971879642848394,0.0019238077950864128,6.062566115794255e-08,6.062566149100945e-08,2.6249907215085524,9.476624055227138,1e-12
success,,Be-Be_2.04_hgbs-5_as-008-012,hamiltonian_generator/hgbs5_diatomic_basis_transfer/night/Be-Be/2.04/hgbs-5/Be-Be_2.04_hgbs-5_as-008-012.tensors.npz,Be-Be,2.04,hgbs-5,8,12,20,1580,2950,fermionic,random_groups,0,1187415456,1580,553355,0.4436031457179275,120,"[16,16,14,21,12,17,21,18,15,11,15,12,15,16,10,13,16,12,16,12,16,10,14,14,11,11,15,16,15,10,11,12,11,15,12,14,14,9,10,11,18,15,13,13,13,14,11,14,11,14,16,11,8,11,13,14,14,13,15,12,11,11,13,12,13,10,12,15,9,14,10,15,15,11,14,14,12,14,12,16,9,16,14,11,15,14,13,10,15,12,12,13,22,14,21,16,18,17,16,15,14,15,17,20,17,16,18,10,10,10,10,9,15,11,5,5,12,5,2,1]","[67,53,95,6,43,58,14,10,91,77,4,22,15,38,42,11,57,101,63,46,79,26,94,86,32,9,103,114,106,89,96,108,69,1,75,118,72,66,49,12,109,74,82,119,68,98,44,34,117,100,88,28,90,36,16,92,113,70,23,116,78,19,87,59,80,18,24,54,21,71,55,20,8,37,33,83,107,48,65,99,102,5,27,97,52,3,0,51,30,17,40,105,13,73,60,85,35,29,76,112,61,39,111,50,62,110,2,93,45,115,56,104,25,64,47,41,7,84,31,81]",9e2ac2fe3678c267,b86355e9a014d755,100,0.01,1.0,295000,0.16975949094889095,0.0008487974547444548,0.4279612926949383,7.554100011475384e-05,0.014705833000334678,44100,83.3420510420001,0.3894791669990809,128.19714537500113,0.9999998397869042,3.2042616593397355e-07,1.9971818613374204,0.0005660620033001027,2.7200464103316335e-14,2.708944180085382e-14,0.22726512048736733,1.1673803196381283,1e-12
success,,Be-Be_2.04_hgbs-5_as-008-012,hamiltonian_generator/hgbs5_diatomic_basis_transfer/night/Be-Be/2.04/hgbs-5/Be-Be_2.04_hgbs-5_as-008-012.tensors.npz,Be-Be,2.04,hgbs-5,8,12,20,1580,2950,jw,random_groups,1,2886226909,2950,1272112,0.2924546671954297,67,"[58,42,46,44,32,172,37,156,42,37,156,34,26,16,34,34,48,48,40,40,64,64,56,56,64,64,52,52,52,48,40,40,30,26,24,108,24,88,24,24,104,68,56,62,36,30,20,32,28,28,32,20,20,24,16,20,20,20,24,28,28,20,8,16,16,16,16]","[56,65,60,7,22,21,31,24,49,15,13,5,33,46,32,14,51,45,6,25,28,29,50,34,4,19,1,9,41,23,18,11,66,3,20,37,52,59,38,12,0,48,43,42,26,39,35,47,62,64,58,17,55,30,57,36,16,10,40,2,54,27,44,63,61,8,53]",a5e697136329efe5,0a7be5cef4513a93,100,0.01,1.0,295000,0.5902240555572389,0.0029511202777861944,5.173329900108077,7.116600318113342e-05,0.016546584000025177,44100,83.3420510420001,0.3894791669990809,127.96286041699932,0.9999977486222783,4.502750374668629e-06,1.9971772904801308,0.0021219697084058123,6.8363699146090084e-09,6.836370025631311e-09,3.1936159253438356,11.52944932463498,1e-12
success,,Be-Be_2.04_hgbs-5_as-008-012,hamiltonian_generator/hgbs5_diatomic_basis_transfer/night/Be-Be/2.04/hgbs-5/Be-Be_2.04_hgbs-5_as-008-012.tensors.npz,Be-Be,2.04,hgbs-5,8,12,20,1580,2950,fermionic,random_groups,1,1859980034,1580,553355,0.4436031457179275,120,"[16,16,14,21,12,17,21,18,15,11,15,12,15,16,10,13,16,12,16,12,16,10,14,14,11,11,15,16,15,10,11,12,11,15,12,14,14,9,10,11,18,15,13,13,13,14,11,14,11,14,16,11,8,11,13,14,14,13,15,12,11,11,13,12,13,10,12,15,9,14,10,15,15,11,14,14,12,14,12,16,9,16,14,11,15,14,13,10,15,12,12,13,22,14,21,16,18,17,16,15,14,15,17,20,17,16,18,10,10,10,10,9,15,11,5,5,12,5,2,1]","[46,30,13,118,101,36,72,91,112,4,16,8,47,52,24,12,73,20,119,54,6,18,57,49,5,53,45,116,97,70,74,21,96,77,39,50,60,109,37,26,98,81,25,33,29,78,79,34,104,103,117,94,59,62,99,9,14,42,63,48,23,85,71,82,75,31,40,102,114,0,65,84,111,88,3,93,56,43,41,44,10,51,15,7,113,32,115,108,107,19,64,1,100,69,67,11,80,68,110,66,55,105,61,90,92,2,106,35,58,17,76,27,28,86,87,89,95,83,22,38]",512e23b3a0a7a9e0,07436c480e2c2722,100,0.01,1.0,295000,0.2763284070660964,0.001381642035330482,1.1339330905825522,7.070900028338656e-05,0.014729082999110688,44100,83.3420510420001,0.3894791669990809,128.42769566599964,0.9999997230899725,5.538199782106901e-07,1.9971827221704594,0.000744190872644311,1.709743457922741e-14,1.709743457922741e-14,0.39280176670184586,2.017683360224699,1e-12
success,,Be-Be_2.04_hgbs-5_as-008-012,hamiltonian_generator/hgbs5_diatomic_basis_transfer/night/Be-Be/2.04/hgbs-5/Be-Be_2.04_hgbs-5_as-008-012.tensors.npz,Be-Be,2.04,hgbs-5,8,12,20,1580,2950,jw,random_groups,2,730841937,2950,1272112,0.2924546671954297,67,"[58,42,46,44,32,172,37,156,42,37,156,34,26,16,34,34,48,48,40,40,64,64,56,56,64,64,52,52,52,48,40,40,30,26,24,108,24,88,24,24,104,68,56,62,36,30,20,32,28,28,32,20,20,24,16,20,20,20,24,28,28,20,8,16,16,16,16]","[16,1,61,64,60,41,53,34,46,10,4,65,35,32,5,48,50,37,0,66,9,45,11,25,7,63,28,22,24,14,23,17,52,38,18,62,19,13,57,2,58,21,8,27,54,59,31,29,26,15,12,20,56,49,55,36,33,6,42,47,3,40,43,51,39,44,30]",71114bfb2c997a25,36923a336fa28af0,100,0.01,1.0,295000,0.21401589045010075,0.0010700794522505038,0.6801871186855272,7.225000081234612e-05,0.01626849999956903,44100,83.3420510420001,0.3894791669990809,128.2518102089998,0.9999997694709066,4.610581335606767e-07,1.9971814728863164,0.0006790126558027911,7.523770495510007e-11,7.523759393279761e-11,0.3270095997620218,1.1805554259689135,1e-12
success,,Be-Be_2.04_hgbs-5_as-008-012,hamiltonian_generator/hgbs5_diatomic_basis_transfer/night/Be-Be/2.04/hgbs-5/Be-Be_2.04_hgbs-5_as-008-012.tensors.npz,Be-Be,2.04,hgbs-5,8,12,20,1580,2950,fermionic,random_groups,2,206917096,1580,553355,0.4436031457179275,120,"[16,16,14,21,12,17,21,18,15,11,15,12,15,16,10,13,16,12,16,12,16,10,14,14,11,11,15,16,15,10,11,12,11,15,12,14,14,9,10,11,18,15,13,13,13,14,11,14,11,14,16,11,8,11,13,14,14,13,15,12,11,11,13,12,13,10,12,15,9,14,10,15,15,11,14,14,12,14,12,16,9,16,14,11,15,14,13,10,15,12,12,13,22,14,21,16,18,17,16,15,14,15,17,20,17,16,18,10,10,10,10,9,15,11,5,5,12,5,2,1]","[64,5,41,24,4,108,0,85,119,9,59,50,118,34,81,37,70,56,58,80,27,55,71,52,88,45,90,107,2,48,114,77,103,8,89,111,28,42,38,40,74,44,104,83,67,72,15,96,32,109,16,29,25,10,14,7,6,13,36,19,76,101,116,39,43,17,91,79,84,53,1,63,54,23,97,33,20,87,102,46,117,30,18,106,100,57,31,99,21,26,94,113,11,78,115,75,86,22,62,60,110,51,61,105,73,65,47,69,35,98,112,68,12,93,49,82,92,95,3,66]",7ea5e39feb396868,f1cd635ce470e1be,100,0.01,1.0,295000,0.13361101720831192,0.0006680550860415596,0.26510682159396787,7.524999818997458e-05,0.015052665999974124,44100,83.3420510420001,0.3894791669990809,128.118171291997,0.9999999265111048,1.4697778494277003e-07,1.997181803506237,0.00038337682556834713,9.536815781530095e-14,9.547918011776346e-14,0.10424530689190951,0.5354711687357961,1e-12
success,,Be-Be_2.04_hgbs-5_as-008-012,hamiltonian_generator/hgbs5_diatomic_basis_transfer/night/Be-Be/2.04/hgbs-5/Be-Be_2.04_hgbs-5_as-008-012.tensors.npz,Be-Be,2.04,hgbs-5,8,12,20,1580,2950,jw,random_groups,3,2063350619,2950,1272112,0.2924546671954297,67,"[58,42,46,44,32,172,37,156,42,37,156,34,26,16,34,34,48,48,40,40,64,64,56,56,64,64,52,52,52,48,40,40,30,26,24,108,24,88,24,24,104,68,56,62,36,30,20,32,28,28,32,20,20,24,16,20,20,20,24,28,28,20,8,16,16,16,16]","[30,54,66,5,41,37,42,43,12,48,61,20,22,31,57,19,8,26,13,24,0,1,58,2,47,32,65,49,55,4,28,10,38,60,34,25,62,59,33,14,17,35,11,16,64,53,21,46,39,7,36,44,40,9,52,27,6,15,3,56,29,23,18,51,50,45,63]",c2e9a3281a3a7a26,28e0cfe6ec379ee9,100,0.01,1.0,295000,1.2488114633942973,0.006244057316971486,23.159549939132564,6.675000258837827e-05,0.01633650000076159,44100,83.3420510420001,0.3894791669990809,127.56654829200124,0.9999985952172024,2.8095636218639086e-06,1.9971820720566487,0.0016761758843526341,7.924897238442696e-08,7.924897271749387e-08,1.9927080960404362,7.193985610406334,1e-12
success,,Be-Be_2.04_hgbs-5_as-008-012,hamiltonian_generator/hgbs5_diatomic_basis_transfer/night/Be-Be/2.04/hgbs-5/Be-Be_2.04_hgbs-5_as-008-012.tensors.npz,Be-Be,2.04,hgbs-5,8,12,20,1580,2950,fermionic,random_groups,3,37395879,1580,553355,0.4436031457179275,120,"[16,16,14,21,12,17,21,18,15,11,15,12,15,16,10,13,16,12,16,12,16,10,14,14,11,11,15,16,15,10,11,12,11,15,12,14,14,9,10,11,18,15,13,13,13,14,11,14,11,14,16,11,8,11,13,14,14,13,15,12,11,11,13,12,13,10,12,15,9,14,10,15,15,11,14,14,12,14,12,16,9,16,14,11,15,14,13,10,15,12,12,13,22,14,21,16,18,17,16,15,14,15,17,20,17,16,18,10,10,10,10,9,15,11,5,5,12,5,2,1]","[105,48,101,39,95,73,70,106,60,115,77,84,1,96,33,97,14,16,10,0,109,104,22,57,83,3,75,52,53,37,35,36,26,54,29,119,64,30,102,116,21,99,50,80,46,63,87,25,18,78,61,24,68,49,20,67,43,74,6,100,113,15,44,51,94,56,88,27,91,90,38,110,47,98,32,93,55,19,71,12,86,4,103,41,13,76,11,108,112,7,114,31,85,8,34,118,2,28,40,69,81,42,111,59,17,66,79,9,5,45,65,72,92,82,62,23,89,117,58,107]",72729db4f1366163,e9a825b48ad2f4fe,100,0.01,1.0,295000,0.20702114717429365,0.0010351057358714683,0.6364521879580208,7.48329985071905e-05,0.014677374998427695,44100,83.3420510420001,0.3894791669990809,127.9547568750022,0.9999997976454875,4.0470898399203037e-07,1.997182610762745,0.0006361674504085068,0.0,0.0,0.28704346207550746,1.474440458743281,1e-12
success,,Be-Be_2.04_hgbs-5_as-008-012,hamiltonian_generator/hgbs5_diatomic_basis_transfer/night/Be-Be/2.04/hgbs-5/Be-Be_2.04_hgbs-5_as-008-012.tensors.npz,Be-Be,2.04,hgbs-5,8,12,20,1580,2950,jw,random_groups,4,4157257306,2950,1272112,0.2924546671954297,67,"[58,42,46,44,32,172,37,156,42,37,156,34,26,16,34,34,48,48,40,40,64,64,56,56,64,64,52,52,52,48,40,40,30,26,24,108,24,88,24,24,104,68,56,62,36,30,20,32,28,28,32,20,20,24,16,20,20,20,24,28,28,20,8,16,16,16,16]","[10,6,36,64,43,38,29,24,40,48,57,37,21,30,11,26,18,41,65,61,7,44,5,28,33,0,56,13,8,3,47,50,19,66,23,45,35,60,9,39,16,14,63,51,1,54,49,52,12,15,59,46,34,42,32,53,4,55,17,20,58,22,31,2,25,62,27]",57357a4def14d9c6,7e37e9445160b48a,100,0.01,1.0,295000,1.1395347280705603,0.0056976736403528015,19.283749994877766,7.316699702641927e-05,0.01615454200145905,44100,83.3420510420001,0.3894791669990809,127.91892404200189,0.9999995171473771,9.657050126232747e-07,1.997183184910167,0.0009827030303047354,6.945404318337012e-08,6.945404340541472e-08,0.6849349066402615,2.4727213545355413,1e-12
success,,Be-Be_2.04_hgbs-5_as-008-012,hamiltonian_generator/hgbs5_diatomic_basis_transfer/night/Be-Be/2.04/hgbs-5/Be-Be_2.04_hgbs-5_as-008-012.tensors.npz,Be-Be,2.04,hgbs-5,8,12,20,1580,2950,fermionic,random_groups,4,1833062656,1580,553355,0.4436031457179275,120,"[16,16,14,21,12,17,21,18,15,11,15,12,15,16,10,13,16,12,16,12,16,10,14,14,11,11,15,16,15,10,11,12,11,15,12,14,14,9,10,11,18,15,13,13,13,14,11,14,11,14,16,11,8,11,13,14,14,13,15,12,11,11,13,12,13,10,12,15,9,14,10,15,15,11,14,14,12,14,12,16,9,16,14,11,15,14,13,10,15,12,12,13,22,14,21,16,18,17,16,15,14,15,17,20,17,16,18,10,10,10,10,9,15,11,5,5,12,5,2,1]","[11,88,29,48,52,93,89,32,17,67,107,0,99,73,33,97,84,59,76,69,39,102,50,12,7,10,111,49,16,22,94,63,57,92,82,118,45,96,80,5,8,9,90,55,79,46,64,56,109,14,62,106,42,31,113,51,37,26,71,44,77,47,25,28,20,119,38,110,72,78,13,95,34,68,70,24,87,114,1,100,6,65,35,91,112,21,101,115,74,103,117,4,54,75,43,40,105,18,116,60,85,66,3,104,30,98,27,23,41,61,2,108,81,58,86,15,53,19,83,36]",23deb278cb1db500,499b8d2d6cb8d4dd,100,0.01,1.0,295000,0.21102862764621666,0.0010551431382310834,0.6613313512610234,7.570800153189339e-05,0.01594637500238605,44100,83.3420510420001,0.3894791669990809,127.97258108400274,0.9999996345419447,7.309159769652851e-07,1.9971823694919568,0.0008549363195730515,1.4444001550373287e-13,1.4432899320127035e-13,0.5184086857793817,2.6628815544176563,1e-12
success,,Be-Be_2.04_hgbs-5_as-008-012,hamiltonian_generator/hgbs5_diatomic_basis_transfer/night/Be-Be/2.04/hgbs-5/Be-Be_2.04_hgbs-5_as-008-012.tensors.npz,Be-Be,2.04,hgbs-5,8,12,20,1580,2950,jw,random_groups,5,2479830531,2950,1272112,0.2924546671954297,67,"[58,42,46,44,32,172,37,156,42,37,156,34,26,16,34,34,48,48,40,40,64,64,56,56,64,64,52,52,52,48,40,40,30,26,24,108,24,88,24,24,104,68,56,62,36,30,20,32,28,28,32,20,20,24,16,20,20,20,24,28,28,20,8,16,16,16,16]","[31,15,55,10,7,16,57,28,27,17,6,45,37,14,40,42,47,26,58,13,3,35,23,63,29,38,52,2,49,53,46,61,36,30,24,21,4,12,54,50,48,41,0,44,39,1,9,65,64,11,20,8,5,66,56,34,22,25,59,32,51,62,19,18,33,60,43]",d857dec0e6de3690,da10873eb718205b,100,0.01,1.0,295000,1.1069476948096277,0.005534738474048138,18.19661316003819,7.15000023774337e-05,0.015776667001773603,44100,83.3420510420001,0.3894791669990809,128.18927454200093,0.9999995583441444,8.833115160422622e-07,1.9971847777010896,0.0009398466423350395,6.683941922158709e-08,6.6839419554654e-08,0.6264965831866214,2.2617499338557576,1e-12
success,,Be-Be_2.04_hgbs-5_as-008-012,hamiltonian_generator/hgbs5_diatomic_basis_transfer/night/Be-Be/2.04/hgbs-5/Be-Be_2.04_hgbs-5_as-008-012.tensors.npz,Be-Be,2.04,hgbs-5,8,12,20,1580,2950,fermionic,random_groups,5,4113447832,1580,553355,0.4436031457179275,120,"[16,16,14,21,12,17,21,18,15,11,15,12,15,16,10,13,16,12,16,12,16,10,14,14,11,11,15,16,15,10,11,12,11,15,12,14,14,9,10,11,18,15,13,13,13,14,11,14,11,14,16,11,8,11,13,14,14,13,15,12,11,11,13,12,13,10,12,15,9,14,10,15,15,11,14,14,12,14,12,16,9,16,14,11,15,14,13,10,15,12,12,13,22,14,21,16,18,17,16,15,14,15,17,20,17,16,18,10,10,10,10,9,15,11,5,5,12,5,2,1]","[11,72,92,8,66,20,54,71,28,31,89,69,53,40,32,57,48,85,88,75,38,104,114,35,30,81,97,47,51,78,106,107,67,102,6,7,115,74,17,45,59,94,44,95,77,23,99,52,105,62,33,19,16,73,70,49,55,64,29,116,84,36,22,58,14,42,68,61,112,10,76,9,91,0,37,46,39,1,90,34,12,96,109,80,103,110,108,117,93,27,21,60,101,82,15,50,86,65,25,5,113,100,18,56,3,111,13,118,79,87,83,4,43,119,98,2,24,63,26,41]",1779ddc9011e889f,914af60f47466d21,100,0.01,1.0,295000,0.1595632816098955,0.0007978164080494775,0.37809617267908413,7.237499812617898e-05,0.01549712500127498,44100,83.3420510420001,0.3894791669990809,127.74366675000056,0.9999998775115919,2.449768011780762e-07,1.997181540753271,0.0004949513270677098,1.2068124277675452e-13,1.2101430968414206e-13,0.1737519845611408,0.8925023199326285,1e-12
success,,Be-Be_2.04_hgbs-5_as-008-012,hamiltonian_generator/hgbs5_diatomic_basis_transfer/night/Be-Be/2.04/hgbs-5/Be-Be_2.04_hgbs-5_as-008-012.tensors.npz,Be-Be,2.04,hgbs-5,8,12,20,1580,2950,jw,random_groups,6,1195444073,2950,1272112,0.2924546671954297,67,"[58,42,46,44,32,172,37,156,42,37,156,34,26,16,34,34,48,48,40,40,64,64,56,56,64,64,52,52,52,48,40,40,30,26,24,108,24,88,24,24,104,68,56,62,36,30,20,32,28,28,32,20,20,24,16,20,20,20,24,28,28,20,8,16,16,16,16]","[27,10,24,44,59,0,23,16,14,13,32,56,1,20,42,46,18,60,35,22,62,5,9,30,28,36,53,40,52,11,63,33,38,4,65,54,39,31,64,25,55,26,6,51,61,45,8,41,2,3,29,50,34,12,48,47,43,66,49,57,17,21,7,58,19,37,15]",dcd96cf14cb82fd5,8b6b42a911702260,100,0.01,1.0,295000,0.3128314847317885,0.0015641574236589426,1.4533066939889565,7.258299956447445e-05,0.01606470800106763,44100,83.3420510420001,0.3894791669990809,127.94247470799746,0.9999995664396489,8.671205141697058e-07,1.9971823040616576,0.0009311931604830782,3.3871483395842006e-09,3.3871481175395957e-09,0.6150129704777394,2.22029230905495,1e-12
success,,Be-Be_2.04_hgbs-5_as-008-012,hamiltonian_generator/hgbs5_diatomic_basis_transfer/night/Be-Be/2.04/hgbs-5/Be-Be_2.04_hgbs-5_as-008-012.tensors.npz,Be-Be,2.04,hgbs-5,8,12,20,1580,2950,fermionic,random_groups,6,3578059822,1580,553355,0.4436031457179275,120,"[16,16,14,21,12,17,21,18,15,11,15,12,15,16,10,13,16,12,16,12,16,10,14,14,11,11,15,16,15,10,11,12,11,15,12,14,14,9,10,11,18,15,13,13,13,14,11,14,11,14,16,11,8,11,13,14,14,13,15,12,11,11,13,12,13,10,12,15,9,14,10,15,15,11,14,14,12,14,12,16,9,16,14,11,15,14,13,10,15,12,12,13,22,14,21,16,18,17,16,15,14,15,17,20,17,16,18,10,10,10,10,9,15,11,5,5,12,5,2,1]","[119,103,87,102,85,7,110,79,73,42,82,92,114,83,16,39,77,59,63,40,55,60,30,116,38,88,54,4,115,5,50,36,62,84,111,19,86,93,6,64,11,26,51,34,27,106,95,3,113,24,31,69,68,15,37,80,52,28,96,78,117,20,33,18,61,75,108,1,17,101,9,74,25,48,46,109,49,14,2,53,70,89,98,100,56,105,43,29,44,13,21,10,0,23,32,67,118,99,58,112,72,71,12,22,41,47,76,45,94,8,57,104,107,91,35,65,97,81,90,66]",e049a79ed18e800c,8bc0f73b4922cd83,100,0.01,1.0,295000,0.22855435966141205,0.0011427717983070603,0.7757385639169408,7.770899901515804e-05,0.015457749999768566,44100,83.3420510420001,0.3894791669990809,127.61707062499772,0.999999539235595,9.215285976527099e-07,1.9971804014109247,0.0009599629211210984,9.425793479067579e-14,9.43689570931383e-14,0.6536023897038821,3.3573236622166767,1e-12
success,,Be-Be_2.04_hgbs-5_as-008-012,hamiltonian_generator/hgbs5_diatomic_basis_transfer/night/Be-Be/2.04/hgbs-5/Be-Be_2.04_hgbs-5_as-008-012.tensors.npz,Be-Be,2.04,hgbs-5,8,12,20,1580,2950,jw,random_groups,7,2749083311,2950,1272112,0.2924546671954297,67,"[58,42,46,44,32,172,37,156,42,37,156,34,26,16,34,34,48,48,40,40,64,64,56,56,64,64,52,52,52,48,40,40,30,26,24,108,24,88,24,24,104,68,56,62,36,30,20,32,28,28,32,20,20,24,16,20,20,20,24,28,28,20,8,16,16,16,16]","[12,5,16,18,66,32,8,24,26,22,17,29,57,43,7,35,34,65,55,28,38,58,44,20,21,14,60,4,11,31,49,19,13,41,51,63,40,52,59,2,10,54,45,48,42,3,62,27,53,64,1,46,6,61,50,56,25,33,9,37,15,23,30,39,0,47,36]",ddeff5d99b114aac,714c021476c719e0,100,0.01,1.0,295000,1.2335664243149822,0.006167832121574911,22.597554490822557,6.595800005015917e-05,0.01589037499797996,44100,83.3420510420001,0.3894791669990809,127.42987870900106,0.9999987825330091,2.4349324995176502e-06,1.9971775944804986,0.0015604274996860348,7.114754074777352e-08,7.114754108084043e-08,1.7269976260163247,6.234729559966233,1e-12
success,,Be-Be_2.04_hgbs-5_as-008-012,hamiltonian_generator/hgbs5_diatomic_basis_transfer/night/Be-Be/2.04/hgbs-5/Be-Be_2.04_hgbs-5_as-008-012.tensors.npz,Be-Be,2.04,hgbs-5,8,12,20,1580,2950,fermionic,random_groups,7,3835772758,1580,553355,0.4436031457179275,120,"[16,16,14,21,12,17,21,18,15,11,15,12,15,16,10,13,16,12,16,12,16,10,14,14,11,11,15,16,15,10,11,12,11,15,12,14,14,9,10,11,18,15,13,13,13,14,11,14,11,14,16,11,8,11,13,14,14,13,15,12,11,11,13,12,13,10,12,15,9,14,10,15,15,11,14,14,12,14,12,16,9,16,14,11,15,14,13,10,15,12,12,13,22,14,21,16,18,17,16,15,14,15,17,20,17,16,18,10,10,10,10,9,15,11,5,5,12,5,2,1]","[11,87,104,10,99,19,81,24,54,16,73,74,119,25,58,22,29,7,30,52,70,101,39,28,21,93,98,85,112,9,63,5,33,103,15,88,57,23,41,105,53,8,6,61,117,20,107,80,44,110,40,79,36,84,55,35,62,31,109,45,97,17,2,0,91,78,90,32,83,1,116,82,113,3,89,4,47,86,115,66,108,118,13,46,77,27,18,67,56,42,68,51,38,12,72,59,43,26,76,106,92,60,34,48,69,102,95,100,75,96,50,65,114,37,94,49,64,111,14,71]",38de09e86cc13970,ed263e41f1bf5e48,100,0.01,1.0,295000,0.30648716093373213,0.0015324358046686607,1.3949573661230543,7.729199933237396e-05,0.016014832999644568,44100,83.3420510420001,0.3894791669990809,127.53281137500016,0.9999990731703956,1.8536583498152126e-06,1.9971823465606988,0.0013614915382751253,1.5065726444163374e-13,1.504352198367087e-13,1.31472374294169,6.753269573350208,1e-12
success,,Be-Be_2.04_hgbs-5_as-008-012,hamiltonian_generator/hgbs5_diatomic_basis_transfer/night/Be-Be/2.04/hgbs-5/Be-Be_2.04_hgbs-5_as-008-012.tensors.npz,Be-Be,2.04,hgbs-5,8,12,20,1580,2950,jw,random_groups,8,432512184,2950,1272112,0.2924546671954297,67,"[58,42,46,44,32,172,37,156,42,37,156,34,26,16,34,34,48,48,40,40,64,64,56,56,64,64,52,52,52,48,40,40,30,26,24,108,24,88,24,24,104,68,56,62,36,30,20,32,28,28,32,20,20,24,16,20,20,20,24,28,28,20,8,16,16,16,16]","[54,34,39,53,38,36,1,66,2,51,48,29,12,3,21,45,61,32,59,52,42,63,43,16,28,18,58,7,44,56,62,46,5,30,15,40,60,10,41,11,17,47,64,26,25,35,50,27,49,14,37,31,4,57,9,6,55,65,0,23,8,19,33,24,13,20,22]",fd469ba2278eea1d,db1eaee56001675d,100,0.01,1.0,295000,1.4518635188948865,0.007259317594474433,31.30314318947505,6.937500074855052e-05,0.016087209001852898,44100,83.3420510420001,0.3894791669990809,127.24818912500268,0.9999990526065938,1.894785914835495e-06,1.9971811061339382,0.0013765125543705689,1.1355181805949854e-07,1.1355181905869927e-07,1.3438938358161046,4.851665397448481,1e-12
success,,Be-Be_2.04_hgbs-5_as-008-012,hamiltonian_generator/hgbs5_diatomic_basis_transfer/night/Be-Be/2.04/hgbs-5/Be-Be_2.04_hgbs-5_as-008-012.tensors.npz,Be-Be,2.04,hgbs-5,8,12,20,1580,2950,fermionic,random_groups,8,1485046577,1580,553355,0.4436031457179275,120,"[16,16,14,21,12,17,21,18,15,11,15,12,15,16,10,13,16,12,16,12,16,10,14,14,11,11,15,16,15,10,11,12,11,15,12,14,14,9,10,11,18,15,13,13,13,14,11,14,11,14,16,11,8,11,13,14,14,13,15,12,11,11,13,12,13,10,12,15,9,14,10,15,15,11,14,14,12,14,12,16,9,16,14,11,15,14,13,10,15,12,12,13,22,14,21,16,18,17,16,15,14,15,17,20,17,16,18,10,10,10,10,9,15,11,5,5,12,5,2,1]","[87,107,55,57,93,83,84,100,105,71,119,112,114,61,72,42,116,52,58,16,81,109,92,44,113,70,54,111,32,34,17,98,2,60,50,76,96,12,5,94,95,80,27,106,37,88,28,77,47,68,78,79,18,3,15,53,19,64,85,66,38,115,1,29,13,22,59,67,91,33,20,14,86,108,51,11,65,49,7,40,4,43,75,46,25,41,31,26,0,39,62,21,74,63,101,45,117,110,104,8,56,9,10,102,82,118,23,89,35,73,30,36,24,99,69,90,103,97,48,6]",2b3440bff6d64469,d40cbb898445fd87,100,0.01,1.0,295000,0.24425425774842233,0.0012212712887421117,0.8859733284677296,7.904200174380094e-05,0.0159475830005249,44100,83.3420510420001,0.3894791669990809,127.64156383299996,0.9999998228201817,3.5435960510366016e-07,1.9971818564018513,0.0005952811407418949,1.2601031329495527e-13,1.2601031329495527e-13,0.2513327153386526,1.2910070183157025,1e-12
success,,Be-Be_2.04_hgbs-5_as-008-012,hamiltonian_generator/hgbs5_diatomic_basis_transfer/night/Be-Be/2.04/hgbs-5/Be-Be_2.04_hgbs-5_as-008-012.tensors.npz,Be-Be,2.04,hgbs-5,8,12,20,1580,2950,jw,random_groups,9,3378743344,2950,1272112,0.2924546671954297,67,"[58,42,46,44,32,172,37,156,42,37,156,34,26,16,34,34,48,48,40,40,64,64,56,56,64,64,52,52,52,48,40,40,30,26,24,108,24,88,24,24,104,68,56,62,36,30,20,32,28,28,32,20,20,24,16,20,20,20,24,28,28,20,8,16,16,16,16]","[43,30,44,66,19,42,32,20,61,11,46,57,54,63,21,47,6,45,3,51,22,38,23,5,41,7,59,49,26,0,2,62,28,56,13,25,53,29,52,33,4,40,16,58,39,18,31,12,24,1,9,27,10,36,37,48,8,60,34,15,50,65,17,64,55,35,14]",471f2ef5a3d94372,67eb76f5ff3618aa,100,0.01,1.0,295000,1.1840988487609414,0.005920494243804707,20.821512783107448,6.541600305354223e-05,0.016003208002075553,44100,83.3420510420001,0.3894791669990809,127.57422987500104,0.9999982995156476,3.4009658131939347e-06,1.9971800666157218,0.0018441715497428174,7.263341139651658e-08,7.263341206265039e-08,2.4121653831110765,8.708291540794361,1e-12
success,,Be-Be_2.04_hgbs-5_as-008-012,hamiltonian_generator/hgbs5_diatomic_basis_transfer/night/Be-Be/2.04/hgbs-5/Be-Be_2.04_hgbs-5_as-008-012.tensors.npz,Be-Be,2.04,hgbs-5,8,12,20,1580,2950,fermionic,random_groups,9,832073125,1580,553355,0.4436031457179275,120,"[16,16,14,21,12,17,21,18,15,11,15,12,15,16,10,13,16,12,16,12,16,10,14,14,11,11,15,16,15,10,11,12,11,15,12,14,14,9,10,11,18,15,13,13,13,14,11,14,11,14,16,11,8,11,13,14,14,13,15,12,11,11,13,12,13,10,12,15,9,14,10,15,15,11,14,14,12,14,12,16,9,16,14,11,15,14,13,10,15,12,12,13,22,14,21,16,18,17,16,15,14,15,17,20,17,16,18,10,10,10,10,9,15,11,5,5,12,5,2,1]","[113,102,11,78,90,39,45,7,60,14,68,29,37,80,1,108,51,31,16,54,57,99,48,74,62,118,87,101,75,112,27,65,36,92,64,26,9,83,33,84,55,95,79,49,110,53,47,76,89,52,42,32,20,25,8,41,70,24,107,6,100,86,104,91,10,77,109,82,5,58,18,21,85,93,50,19,43,30,13,61,38,72,0,46,115,63,69,97,4,35,71,2,40,23,116,119,15,56,96,28,44,81,98,34,73,22,17,67,59,88,12,3,66,105,117,94,106,103,114,111]",e345d71e3aa06da1,f73ccb67007c3ab8,100,0.01,1.0,295000,0.16564949313187358,0.0008282474656593679,0.407489652279307,7.716600157436915e-05,0.015410542000608984,44100,83.3420510420001,0.3894791669990809,127.41862916600076,0.9999998823693277,2.3526133074991407e-07,1.9971831499077002,0.00048503746724114195,5.717648576819556e-14,5.739853037312059e-14,0.16686120037373867,0.8571068055219867,1e-12
success,,Be-Be_2.04_hgbs-5_as-008-012,hamiltonian_generator/hgbs5_diatomic_basis_transfer/night/Be-Be/2.04/hgbs-5/Be-Be_2.04_hgbs-5_as-008-012.tensors.npz,Be-Be,2.04,hgbs-5,8,12,20,1580,2950,jw,random_groups,10,3022715238,2950,1272112,0.2924546671954297,67,"[58,42,46,44,32,172,37,156,42,37,156,34,26,16,34,34,48,48,40,40,64,64,56,56,64,64,52,52,52,48,40,40,30,26,24,108,24,88,24,24,104,68,56,62,36,30,20,32,28,28,32,20,20,24,16,20,20,20,24,28,28,20,8,16,16,16,16]","[24,52,50,3,62,65,4,48,27,20,14,45,17,29,13,23,32,40,47,1,57,21,28,59,8,63,12,60,49,61,18,7,66,2,6,42,54,56,39,44,10,46,36,0,22,30,55,11,19,37,38,41,31,33,64,51,35,58,5,34,43,15,26,9,16,25,53]",5e3dcb97ee7163c9,e299d8a6b5fa2caf,100,0.01,1.0,295000,1.1276028634454665,0.005638014317227332,18.8820308240858,7.183300112956204e-05,0.01596245899781934,44100,83.3420510420001,0.3894791669990809,127.3559611669989,0.9999992659730559,1.4680533494404457e-06,1.9971833646586516,0.0012116327365302077,6.340502167745399e-08,6.34050221215432e-08,1.0412299518985437,3.759001785543106,1e-12
success,,Be-Be_2.04_hgbs-5_as-008-012,hamiltonian_generator/hgbs5_diatomic_basis_transfer/night/Be-Be/2.04/hgbs-5/Be-Be_2.04_hgbs-5_as-008-012.tensors.npz,Be-Be,2.04,hgbs-5,8,12,20,1580,2950,fermionic,random_groups,10,2574259014,1580,553355,0.4436031457179275,120,"[16,16,14,21,12,17,21,18,15,11,15,12,15,16,10,13,16,12,16,12,16,10,14,14,11,11,15,16,15,10,11,12,11,15,12,14,14,9,10,11,18,15,13,13,13,14,11,14,11,14,16,11,8,11,13,14,14,13,15,12,11,11,13,12,13,10,12,15,9,14,10,15,15,11,14,14,12,14,12,16,9,16,14,11,15,14,13,10,15,12,12,13,22,14,21,16,18,17,16,15,14,15,17,20,17,16,18,10,10,10,10,9,15,11,5,5,12,5,2,1]","[105,10,104,47,102,38,3,69,73,46,98,95,101,2,22,112,79,109,44,5,66,49,71,7,85,43,50,74,28,0,55,93,18,107,72,87,30,6,106,21,100,14,36,68,118,24,17,20,54,35,78,99,19,12,89,29,111,57,32,110,115,108,31,56,76,26,70,88,119,80,33,92,48,94,62,11,82,45,39,60,15,58,9,114,1,81,25,77,41,65,27,91,8,116,86,40,103,97,113,83,16,52,13,34,96,64,42,117,90,51,53,59,75,23,63,61,67,4,37,84]",692fb58bec9a64a4,ac252bec60c6af67,100,0.01,1.0,295000,0.2694949484906229,0.0013474747424531144,1.0785433867186403,7.458300024154596e-05,0.014694583998789312,44100,83.3420510420001,0.3894791669990809,127.52694679199703,0.9999993425913367,1.3148168943599714e-06,1.997180960801665,0.0011466548419510531,0.0,0.0,0.9325456273041001,4.790156140743611,1e-12
success,,Be-Be_2.04_hgbs-5_as-008-012,hamiltonian_generator/hgbs5_diatomic_basis_transfer/night/Be-Be/2.04/hgbs-5/Be-Be_2.04_hgbs-5_as-008-012.tensors.npz,Be-Be,2.04,hgbs-5,8,12,20,1580,2950,jw,random_groups,11,1919849586,2950,1272112,0.2924546671954297,67,"[58,42,46,44,32,172,37,156,42,37,156,34,26,16,34,34,48,48,40,40,64,64,56,56,64,64,52,52,52,48,40,40,30,26,24,108,24,88,24,24,104,68,56,62,36,30,20,32,28,28,32,20,20,24,16,20,20,20,24,28,28,20,8,16,16,16,16]","[15,37,56,10,57,46,60,53,4,29,50,12,16,36,31,17,63,32,8,41,21,39,35,58,27,43,9,28,49,22,51,33,19,40,23,64,24,48,2,44,1,11,3,52,13,66,47,65,42,7,61,38,34,18,62,55,6,54,25,59,0,30,5,45,20,26,14]",672212106dd1faf4,5be42ed505b6391a,100,0.01,1.0,295000,0.36656256020968114,0.0018328128010484056,1.995411966789595,6.779199975426309e-05,0.016035749998991378,44100,83.3420510420001,0.3894791669990809,127.30360899999869,0.9999997199334647,5.601329922111375e-07,1.9971851538253624,0.0007484203836032815,9.123569677527144e-10,9.123570787750168e-10,0.39727932827447276,1.4342400558302626,1e-12
success,,Be-Be_2.04_hgbs-5_as-008-012,hamiltonian_generator/hgbs5_diatomic_basis_transfer/night/Be-Be/2.04/hgbs-5/Be-Be_2.04_hgbs-5_as-008-012.tensors.npz,Be-Be,2.04,hgbs-5,8,12,20,1580,2950,fermionic,random_groups,11,9640577,1580,553355,0.4436031457179275,120,"[16,16,14,21,12,17,21,18,15,11,15,12,15,16,10,13,16,12,16,12,16,10,14,14,11,11,15,16,15,10,11,12,11,15,12,14,14,9,10,11,18,15,13,13,13,14,11,14,11,14,16,11,8,11,13,14,14,13,15,12,11,11,13,12,13,10,12,15,9,14,10,15,15,11,14,14,12,14,12,16,9,16,14,11,15,14,13,10,15,12,12,13,22,14,21,16,18,17,16,15,14,15,17,20,17,16,18,10,10,10,10,9,15,11,5,5,12,5,2,1]","[117,58,114,1,83,39,84,79,65,69,77,67,30,15,4,109,68,64,99,11,106,107,3,52,42,72,29,111,47,57,50,87,94,101,24,46,33,59,62,78,100,95,108,40,35,23,90,97,89,56,21,19,61,12,0,27,73,113,2,81,18,13,38,49,105,93,66,7,71,10,26,41,36,53,32,75,51,20,6,25,86,28,44,85,76,103,88,102,34,60,22,55,63,80,8,92,96,74,98,17,45,118,119,16,31,9,104,82,91,112,115,48,70,14,116,37,5,54,43,110]",01bb3243059290cd,372ffcf6afd4294c,100,0.01,1.0,295000,0.20508146445318653,0.0010254073222659326,0.6245815946522232,7.48330021451693e-05,0.015129958002944477,44100,83.3420510420001,0.3894791669990809,127.34567366600095,0.9999997670352964,4.6592935298850335e-07,1.9971830743649344,0.0006825902191493878,2.2870594307278225e-14,2.2870594307278225e-14,0.33046455565477356,1.697479216265328,1e-12
success,,Be-Be_2.04_hgbs-5_as-008-012,hamiltonian_generator/hgbs5_diatomic_basis_transfer/night/Be-Be/2.04/hgbs-5/Be-Be_2.04_hgbs-5_as-008-012.tensors.npz,Be-Be,2.04,hgbs-5,8,12,20,1580,2950,jw,random_groups,12,3002488163,2950,1272112,0.2924546671954297,67,"[58,42,46,44,32,172,37,156,42,37,156,34,26,16,34,34,48,48,40,40,64,64,56,56,64,64,52,52,52,48,40,40,30,26,24,108,24,88,24,24,104,68,56,62,36,30,20,32,28,28,32,20,20,24,16,20,20,20,24,28,28,20,8,16,16,16,16]","[53,32,2,46,57,47,4,31,58,55,21,23,27,16,65,54,13,49,59,34,5,37,10,42,56,24,29,64,36,26,62,20,60,43,28,48,33,22,8,7,44,63,12,18,15,40,45,25,35,52,38,14,50,17,0,1,51,19,66,11,9,3,39,6,30,41,61]",d38b2c22516958c9,be4a07ff1eaf929c,100,0.01,1.0,295000,1.4348722180494635,0.007174361090247317,30.57474304987621,6.52089984214399e-05,0.01626816600037273,44100,83.3420510420001,0.3894791669990809,127.79876024999976,0.9999983349792003,3.330038827020765e-06,1.9971798942925054,0.0018248401572079347,1.0777996106714482e-07,1.0777996128918943e-07,2.3618597845920943,8.526680519798592,1e-12
success,,Be-Be_2.04_hgbs-5_as-008-012,hamiltonian_generator/hgbs5_diatomic_basis_transfer/night/Be-Be/2.04/hgbs-5/Be-Be_2.04_hgbs-5_as-008-012.tensors.npz,Be-Be,2.04,hgbs-5,8,12,20,1580,2950,fermionic,random_groups,12,3563514761,1580,553355,0.4436031457179275,120,"[16,16,14,21,12,17,21,18,15,11,15,12,15,16,10,13,16,12,16,12,16,10,14,14,11,11,15,16,15,10,11,12,11,15,12,14,14,9,10,11,18,15,13,13,13,14,11,14,11,14,16,11,8,11,13,14,14,13,15,12,11,11,13,12,13,10,12,15,9,14,10,15,15,11,14,14,12,14,12,16,9,16,14,11,15,14,13,10,15,12,12,13,22,14,21,16,18,17,16,15,14,15,17,20,17,16,18,10,10,10,10,9,15,11,5,5,12,5,2,1]","[21,98,10,48,89,52,78,73,109,115,62,47,66,33,20,91,108,118,49,113,9,82,3,107,50,25,92,16,76,112,29,119,114,11,31,88,106,44,110,41,0,59,65,69,35,6,13,60,77,79,86,37,63,70,96,55,95,43,27,39,100,105,46,90,111,26,71,40,1,57,117,53,102,64,17,23,93,15,4,97,61,32,104,74,42,7,80,68,58,14,103,84,2,72,51,19,18,12,99,30,94,81,22,67,85,36,116,8,87,34,45,24,83,56,5,38,101,28,75,54]",156ca52c537414f9,69a46af1a4bd2017,100,0.01,1.0,295000,0.15604846057323776,0.0007802423028661888,0.361622412787614,7.250000271596946e-05,0.01610400000208756,44100,83.3420510420001,0.3894791669990809,127.85027391699623,0.9999997520500205,4.958998975901352e-07,1.9971845339010448,0.0007042016466158616,2.219335826225688e-13,2.2182256032010628e-13,0.35172143213397283,1.8066682515452719,1e-12
success,,Be-Be_2.04_hgbs-5_as-008-012,hamiltonian_generator/hgbs5_diatomic_basis_transfer/night/Be-Be/2.04/hgbs-5/Be-Be_2.04_hgbs-5_as-008-012.tensors.npz,Be-Be,2.04,hgbs-5,8,12,20,1580,2950,jw,random_groups,13,2314392105,2950,1272112,0.2924546671954297,67,"[58,42,46,44,32,172,37,156,42,37,156,34,26,16,34,34,48,48,40,40,64,64,56,56,64,64,52,52,52,48,40,40,30,26,24,108,24,88,24,24,104,68,56,62,36,30,20,32,28,28,32,20,20,24,16,20,20,20,24,28,28,20,8,16,16,16,16]","[9,58,0,57,3,35,63,51,46,13,14,12,34,50,27,38,32,56,30,55,49,26,6,8,41,59,47,42,15,43,18,2,17,61,64,28,25,37,29,31,44,16,40,5,60,36,22,21,7,52,62,54,20,65,33,4,10,53,23,1,66,19,39,48,45,24,11]",6f404d515fe8a80c,4007264b992d380e,100,0.01,1.0,295000,1.5089494434201238,0.007544747217100619,33.81315852297391,7.449999975506216e-05,0.01592379199428251,44100,83.3420510420001,0.3894791669990809,127.51191616699361,0.9999984207719895,3.1584535269413294e-06,1.99718333269453,0.0017772045523648458,1.1258663279445358e-07,1.1258663301649818e-07,2.240161377775813,8.08733037655115,1e-12
success,,Be-Be_2.04_hgbs-5_as-008-012,hamiltonian_generator/hgbs5_diatomic_basis_transfer/night/Be-Be/2.04/hgbs-5/Be-Be_2.04_hgbs-5_as-008-012.tensors.npz,Be-Be,2.04,hgbs-5,8,12,20,1580,2950,fermionic,random_groups,13,1048599241,1580,553355,0.4436031457179275,120,"[16,16,14,21,12,17,21,18,15,11,15,12,15,16,10,13,16,12,16,12,16,10,14,14,11,11,15,16,15,10,11,12,11,15,12,14,14,9,10,11,18,15,13,13,13,14,11,14,11,14,16,11,8,11,13,14,14,13,15,12,11,11,13,12,13,10,12,15,9,14,10,15,15,11,14,14,12,14,12,16,9,16,14,11,15,14,13,10,15,12,12,13,22,14,21,16,18,17,16,15,14,15,17,20,17,16,18,10,10,10,10,9,15,11,5,5,12,5,2,1]","[112,63,33,29,113,58,44,110,97,16,74,30,98,93,106,65,9,38,1,104,37,82,78,96,81,49,118,34,47,103,75,27,68,111,11,117,18,92,24,83,70,19,64,48,41,85,76,23,25,28,51,67,50,13,101,105,69,52,115,107,108,99,88,40,86,14,26,77,31,72,10,5,90,42,95,7,8,3,2,53,57,102,73,21,91,89,56,32,22,114,20,94,66,54,12,116,55,79,15,84,71,80,4,46,17,39,60,43,36,6,109,119,61,0,45,35,62,87,59,100]",91da5f6f488056d1,6beceaf574da52d2,100,0.01,1.0,295000,0.1607108370765319,0.0008035541853826595,0.38355415209088795,6.850000499980524e-05,0.01654545899509685,44100,83.3420510420001,0.3894791669990809,128.0396729169952,0.9999998616655053,2.766689704003511e-07,1.9971816098689283,0.0005259933359807776,1.5087930904655877e-13,1.5076828674409626e-13,0.1962299386814372,1.0079635979742865,1e-12
success,,Be-Be_2.04_hgbs-5_as-008-012,hamiltonian_generator/hgbs5_diatomic_basis_transfer/night/Be-Be/2.04/hgbs-5/Be-Be_2.04_hgbs-5_as-008-012.tensors.npz,Be-Be,2.04,hgbs-5,8,12,20,1580,2950,jw,random_groups,14,1511997294,2950,1272112,0.2924546671954297,67,"[58,42,46,44,32,172,37,156,42,37,156,34,26,16,34,34,48,48,40,40,64,64,56,56,64,64,52,52,52,48,40,40,30,26,24,108,24,88,24,24,104,68,56,62,36,30,20,32,28,28,32,20,20,24,16,20,20,20,24,28,28,20,8,16,16,16,16]","[48,50,61,52,44,19,29,34,23,49,39,55,30,3,21,22,26,58,27,62,15,4,10,24,25,1,40,66,11,37,63,2,8,14,47,53,64,43,12,54,31,32,5,16,46,33,35,59,57,6,42,28,7,17,45,60,0,51,36,18,38,13,41,9,20,65,56]",c0e5f1a478fb771e,a8fb488634cf613a,100,0.01,1.0,295000,0.4033412056987652,0.002016706028493826,2.41591442287428,7.324999751290306e-05,0.01593983400380239,44100,83.3420510420001,0.3894791669990809,127.46575658400252,0.9999996770251256,6.459496444399804e-07,1.9971844667810756,0.000803709990482229,5.6705309336990695e-09,5.6705307116544645e-09,0.45814555544965685,1.653976585896085,1e-12
success,,Be-Be_2.04_hgbs-5_as-008-012,hamiltonian_generator/hgbs5_diatomic_basis_transfer/night/Be-Be/2.04/hgbs-5/Be-Be_2.04_hgbs-5_as-008-012.tensors.npz,Be-Be,2.04,hgbs-5,8,12,20,1580,2950,fermionic,random_groups,14,603156976,1580,553355,0.4436031457179275,120,"[16,16,14,21,12,17,21,18,15,11,15,12,15,16,10,13,16,12,16,12,16,10,14,14,11,11,15,16,15,10,11,12,11,15,12,14,14,9,10,11,18,15,13,13,13,14,11,14,11,14,16,11,8,11,13,14,14,13,15,12,11,11,13,12,13,10,12,15,9,14,10,15,15,11,14,14,12,14,12,16,9,16,14,11,15,14,13,10,15,12,12,13,22,14,21,16,18,17,16,15,14,15,17,20,17,16,18,10,10,10,10,9,15,11,5,5,12,5,2,1]","[110,63,9,14,106,82,73,18,69,51,25,43,70,44,38,60,79,28,109,6,95,16,17,104,88,33,35,119,32,96,48,58,34,87,62,36,94,77,112,23,10,65,46,49,11,107,75,12,24,20,41,7,89,42,71,30,90,29,108,111,54,66,31,98,2,15,59,97,117,8,56,72,76,50,47,19,91,27,105,4,22,45,0,55,67,113,68,92,40,103,5,57,37,85,3,1,100,118,53,115,74,78,86,52,99,83,84,80,101,13,26,116,61,21,102,64,39,93,81,114]",192818bc803da3c7,8da09a8d0d87b6c8,100,0.01,1.0,295000,0.14803281954647876,0.0007401640977323938,0.32542610216347473,7.862499478505924e-05,0.016546792001463473,44100,83.3420510420001,0.3894791669990809,127.53882654100016,0.9999998816156791,2.3676862781485397e-07,1.9971829695628796,0.0004865887810088351,2.275957200481571e-14,2.2648549702353193e-14,0.16793026428141095,0.862598207649932,1e-12
success,,Be-Be_2.04_hgbs-5_as-008-012,hamiltonian_generator/hgbs5_diatomic_basis_transfer/night/Be-Be/2.04/hgbs-5/Be-Be_2.04_hgbs-5_as-008-012.tensors.npz,Be-Be,2.04,hgbs-5,8,12,20,1580,2950,jw,random_groups,15,1417518457,2950,1272112,0.2924546671954297,67,"[58,42,46,44,32,172,37,156,42,37,156,34,26,16,34,34,48,48,40,40,64,64,56,56,64,64,52,52,52,48,40,40,30,26,24,108,24,88,24,24,104,68,56,62,36,30,20,32,28,28,32,20,20,24,16,20,20,20,24,28,28,20,8,16,16,16,16]","[48,7,4,34,51,20,1,39,44,59,50,22,21,63,62,0,33,12,43,13,29,41,38,65,8,42,17,40,2,9,52,32,11,24,14,54,58,64,47,26,6,57,31,15,60,61,37,19,56,36,10,30,16,55,66,45,3,18,23,46,5,25,53,49,35,28,27]",675ebeeff1ecfc0b,cda8f6b23f078cdb,100,0.01,1.0,295000,0.6567121858504241,0.0032835609292521206,6.404518909981082,7.395799912046641e-05,0.014962542001740076,44100,83.3420510420001,0.3894791669990809,127.34859758400125,0.9999973698507887,5.26029150493823e-06,1.9971909731000839,0.0022935340465375428,5.904227662334449e-09,5.9042279954013566e-09,3.7309087389411273,13.469159800682153,1e-12
success,,Be-Be_2.04_hgbs-5_as-008-012,hamiltonian_generator/hgbs5_diatomic_basis_transfer/night/Be-Be/2.04/hgbs-5/Be-Be_2.04_hgbs-5_as-008-012.tensors.npz,Be-Be,2.04,hgbs-5,8,12,20,1580,2950,fermionic,random_groups,15,2656201148,1580,553355,0.4436031457179275,120,"[16,16,14,21,12,17,21,18,15,11,15,12,15,16,10,13,16,12,16,12,16,10,14,14,11,11,15,16,15,10,11,12,11,15,12,14,14,9,10,11,18,15,13,13,13,14,11,14,11,14,16,11,8,11,13,14,14,13,15,12,11,11,13,12,13,10,12,15,9,14,10,15,15,11,14,14,12,14,12,16,9,16,14,11,15,14,13,10,15,12,12,13,22,14,21,16,18,17,16,15,14,15,17,20,17,16,18,10,10,10,10,9,15,11,5,5,12,5,2,1]","[22,110,4,32,63,109,57,54,78,83,24,79,17,43,103,40,26,20,50,99,10,30,67,81,76,116,0,114,86,16,35,118,51,8,97,33,62,100,61,80,66,59,42,60,112,75,84,5,64,55,82,38,48,11,7,119,115,85,9,15,36,111,39,25,13,34,94,102,93,89,3,27,23,2,53,91,21,71,69,12,108,113,73,104,49,46,90,45,65,56,19,41,87,47,92,101,88,6,117,98,106,29,37,96,44,74,1,68,72,95,28,31,58,107,70,77,18,105,52,14]",f7cb015873ecfc93,5a0ceabd9f477925,100,0.01,1.0,295000,0.1423699727040843,0.0007118498635204215,0.30100462294292724,7.612499757669866e-05,0.015711917003500275,44100,83.3420510420001,0.3894791669990809,127.71617754099861,0.9999998805570208,2.3888594402610153e-07,1.9971817733643848,0.0004887596120261764,1.3700152123874432e-13,1.3700152123874432e-13,0.16943198971777307,0.8703120385983398,1e-12
success,,Be-Be_2.04_hgbs-5_as-008-012,hamiltonian_generator/hgbs5_diatomic_basis_transfer/night/Be-Be/2.04/hgbs-5/Be-Be_2.04_hgbs-5_as-008-012.tensors.npz,Be-Be,2.04,hgbs-5,8,12,20,1580,2950,jw,random_groups,16,3652111456,2950,1272112,0.2924546671954297,67,"[58,42,46,44,32,172,37,156,42,37,156,34,26,16,34,34,48,48,40,40,64,64,56,56,64,64,52,52,52,48,40,40,30,26,24,108,24,88,24,24,104,68,56,62,36,30,20,32,28,28,32,20,20,24,16,20,20,20,24,28,28,20,8,16,16,16,16]","[65,27,53,37,54,63,6,4,11,23,58,20,49,22,47,51,41,44,55,40,17,10,30,62,36,38,32,48,7,9,59,24,64,8,43,3,42,12,5,25,31,34,52,60,29,66,18,14,16,56,39,28,21,19,57,0,45,2,61,26,46,13,1,33,15,35,50]",322f7d08ad9eb917,da69b1aa5282dbfb,100,0.01,1.0,295000,0.4746081751358135,0.0023730408756790673,3.345082178374566,7.233300129882991e-05,0.01598099999682745,44100,83.3420510420001,0.3894791669990809,127.71788037499937,0.999998575705443,2.8485870853245387e-06,1.9971795117390683,0.0016877763814925392,1.875302912957011e-09,1.875302690912406e-09,2.020385836088176,7.293906549166834,1e-12
success,,Be-Be_2.04_hgbs-5_as-008-012,hamiltonian_generator/hgbs5_diatomic_basis_transfer/night/Be-Be/2.04/hgbs-5/Be-Be_2.04_hgbs-5_as-008-012.tensors.npz,Be-Be,2.04,hgbs-5,8,12,20,1580,2950,fermionic,random_groups,16,292815404,1580,553355,0.4436031457179275,120,"[16,16,14,21,12,17,21,18,15,11,15,12,15,16,10,13,16,12,16,12,16,10,14,14,11,11,15,16,15,10,11,12,11,15,12,14,14,9,10,11,18,15,13,13,13,14,11,14,11,14,16,11,8,11,13,14,14,13,15,12,11,11,13,12,13,10,12,15,9,14,10,15,15,11,14,14,12,14,12,16,9,16,14,11,15,14,13,10,15,12,12,13,22,14,21,16,18,17,16,15,14,15,17,20,17,16,18,10,10,10,10,9,15,11,5,5,12,5,2,1]","[7,12,38,10,106,62,67,11,32,60,80,23,65,97,42,111,30,53,51,46,101,63,96,58,5,84,66,34,57,107,74,54,99,115,69,13,16,85,112,71,108,43,64,82,52,2,40,20,94,105,18,3,47,75,24,37,8,77,49,17,19,98,1,118,92,76,36,31,116,114,45,103,48,27,72,70,9,22,61,59,95,15,81,21,78,79,113,28,102,88,73,44,33,93,119,90,0,35,110,50,89,41,109,117,87,6,29,14,91,56,26,39,86,25,4,68,55,104,83,100]",d980e59a37628cfb,7176fc3e6e69d813,100,0.01,1.0,295000,0.16114884976076777,0.0008057442488038388,0.38564773244262823,7.770799857098609e-05,0.015149500002735294,44100,83.3420510420001,0.3894791669990809,127.43170012499468,0.9999998143737961,3.712523732879447e-07,1.9971818682675915,0.0006093048561310327,1.1357581541915351e-13,1.1357581541915351e-13,0.2633140620728568,1.3525509470552999,1e-12
success,,Be-Be_2.04_hgbs-5_as-008-012,hamiltonian_generator/hgbs5_diatomic_basis_transfer/night/Be-Be/2.04/hgbs-5/Be-Be_2.04_hgbs-5_as-008-012.tensors.npz,Be-Be,2.04,hgbs-5,8,12,20,1580,2950,jw,random_groups,17,1106263217,2950,1272112,0.2924546671954297,67,"[58,42,46,44,32,172,37,156,42,37,156,34,26,16,34,34,48,48,40,40,64,64,56,56,64,64,52,52,52,48,40,40,30,26,24,108,24,88,24,24,104,68,56,62,36,30,20,32,28,28,32,20,20,24,16,20,20,20,24,28,28,20,8,16,16,16,16]","[32,49,38,9,8,7,11,37,51,57,27,66,6,35,19,60,43,24,33,50,41,18,61,17,20,1,34,53,22,2,26,63,10,62,13,42,16,31,0,30,40,4,59,44,21,64,39,54,29,28,15,25,48,36,45,5,12,23,58,65,47,56,3,14,52,46,55]",8b15a438c69b1236,8b6d9005bb33b7c2,100,0.01,1.0,295000,1.2376290154487253,0.006188145077243626,22.746643824030862,8.20420027594082e-05,0.015897958001005463,44100,83.3420510420001,0.3894791669990809,127.39634412499436,0.9999981420690174,3.715858513331227e-06,1.9971889484246488,0.0019276571181713453,7.617589337094444e-08,7.617589337094444e-08,2.6355058435528766,9.514585278363052,1e-12
success,,Be-Be_2.04_hgbs-5_as-008-012,hamiltonian_generator/hgbs5_diatomic_basis_transfer/night/Be-Be/2.04/hgbs-5/Be-Be_2.04_hgbs-5_as-008-012.tensors.npz,Be-Be,2.04,hgbs-5,8,12,20,1580,2950,fermionic,random_groups,17,2178110212,1580,553355,0.4436031457179275,120,"[16,16,14,21,12,17,21,18,15,11,15,12,15,16,10,13,16,12,16,12,16,10,14,14,11,11,15,16,15,10,11,12,11,15,12,14,14,9,10,11,18,15,13,13,13,14,11,14,11,14,16,11,8,11,13,14,14,13,15,12,11,11,13,12,13,10,12,15,9,14,10,15,15,11,14,14,12,14,12,16,9,16,14,11,15,14,13,10,15,12,12,13,22,14,21,16,18,17,16,15,14,15,17,20,17,16,18,10,10,10,10,9,15,11,5,5,12,5,2,1]","[33,62,44,0,48,36,70,90,46,4,115,80,38,61,102,79,6,72,25,118,69,89,9,100,43,59,112,15,63,5,23,113,55,40,8,45,110,104,95,114,97,107,47,82,86,34,28,99,57,58,106,56,49,77,1,7,71,87,76,96,75,68,20,18,11,91,21,64,74,119,105,52,53,94,85,12,83,109,108,32,78,50,42,29,37,51,65,16,54,88,19,3,93,22,41,14,84,98,66,101,26,60,81,27,73,39,30,92,31,35,117,13,10,24,67,116,2,103,17,111]",0c8198124390b904,ad8c84ad19665fdd,100,0.01,1.0,295000,0.35093749900445015,0.0017546874950222508,1.8289250806563404,7.345800258917734e-05,0.014822500001173466,44100,83.3420510420001,0.3894791669990809,127.5631484580008,0.9999996925268867,6.149461320159588e-07,1.9971808578317212,0.000784185071655257,9.348077867343818e-14,9.336975637097567e-14,0.43615603731514613,2.2403788718707354,1e-12
success,,Be-Be_2.04_hgbs-5_as-008-012,hamiltonian_generator/hgbs5_diatomic_basis_transfer/night/Be-Be/2.04/hgbs-5/Be-Be_2.04_hgbs-5_as-008-012.tensors.npz,Be-Be,2.04,hgbs-5,8,12,20,1580,2950,jw,random_groups,18,2004198734,2950,1272112,0.2924546671954297,67,"[58,42,46,44,32,172,37,156,42,37,156,34,26,16,34,34,48,48,40,40,64,64,56,56,64,64,52,52,52,48,40,40,30,26,24,108,24,88,24,24,104,68,56,62,36,30,20,32,28,28,32,20,20,24,16,20,20,20,24,28,28,20,8,16,16,16,16]","[44,9,15,46,19,53,11,35,49,5,57,59,16,63,37,64,17,56,20,22,6,3,51,13,45,43,32,14,58,33,26,34,30,41,2,10,61,62,54,66,31,1,38,42,47,60,48,18,55,0,29,36,4,21,50,39,65,23,40,28,7,52,8,25,24,27,12]",aedff0d42ff74e2f,50c1395234833def,100,0.01,1.0,295000,1.101597219839652,0.00550798609919826,18.021130206763488,7.395799912046641e-05,0.014795666000281926,44100,83.3420510420001,0.3894791669990809,127.43099808400439,0.9999971699093058,5.660173379107292e-06,1.9971782984804527,0.0023791135720007644,5.729399632503629e-08,5.72939967691255e-08,4.01452853025515,14.493071281542681,1e-12
success,,Be-Be_2.04_hgbs-5_as-008-012,hamiltonian_generator/hgbs5_diatomic_basis_transfer/night/Be-Be/2.04/hgbs-5/Be-Be_2.04_hgbs-5_as-008-012.tensors.npz,Be-Be,2.04,hgbs-5,8,12,20,1580,2950,fermionic,random_groups,18,4057069084,1580,553355,0.4436031457179275,120,"[16,16,14,21,12,17,21,18,15,11,15,12,15,16,10,13,16,12,16,12,16,10,14,14,11,11,15,16,15,10,11,12,11,15,12,14,14,9,10,11,18,15,13,13,13,14,11,14,11,14,16,11,8,11,13,14,14,13,15,12,11,11,13,12,13,10,12,15,9,14,10,15,15,11,14,14,12,14,12,16,9,16,14,11,15,14,13,10,15,12,12,13,22,14,21,16,18,17,16,15,14,15,17,20,17,16,18,10,10,10,10,9,15,11,5,5,12,5,2,1]","[18,31,39,3,15,34,19,46,25,87,57,56,37,112,73,7,53,108,40,32,10,107,22,24,93,62,61,101,115,103,21,102,17,90,63,68,30,60,114,6,83,75,45,100,105,110,20,11,89,54,77,38,97,84,113,96,106,36,16,71,13,80,47,118,76,35,85,66,69,67,64,65,72,95,27,81,29,117,33,111,55,109,44,78,49,79,9,94,8,2,59,0,58,43,86,51,82,70,98,14,4,26,74,50,52,119,48,12,23,41,28,91,42,92,99,104,116,1,88,5]",fedae91a9f8a2909,4e2705ba205d7693,100,0.01,1.0,295000,0.19315867846342485,0.0009657933923171243,0.5540702257927298,7.449999975506216e-05,0.016341707996616606,44100,83.3420510420001,0.3894791669990809,127.67504629200266,0.999999811521051,3.7695786248015395e-07,1.9971815057523286,0.0006139689715346295,1.2401191185062999e-13,1.2390088954816747e-13,0.267360731248351,1.3733372513743598,1e-12
success,,Be-Be_2.04_hgbs-5_as-008-012,hamiltonian_generator/hgbs5_diatomic_basis_transfer/night/Be-Be/2.04/hgbs-5/Be-Be_2.04_hgbs-5_as-008-012.tensors.npz,Be-Be,2.04,hgbs-5,8,12,20,1580,2950,jw,random_groups,19,771460460,2950,1272112,0.2924546671954297,67,"[58,42,46,44,32,172,37,156,42,37,156,34,26,16,34,34,48,48,40,40,64,64,56,56,64,64,52,52,52,48,40,40,30,26,24,108,24,88,24,24,104,68,56,62,36,30,20,32,28,28,32,20,20,24,16,20,20,20,24,28,28,20,8,16,16,16,16]","[14,48,50,55,53,3,5,15,21,54,40,63,22,49,31,8,18,57,65,30,10,62,36,24,38,32,2,6,29,23,44,7,37,25,61,39,64,66,35,34,13,41,52,51,56,11,46,20,33,60,16,1,47,26,4,42,45,0,9,58,43,59,12,17,27,28,19]",94cd91e14f20d35a,c4e9c29b4c34c4f9,100,0.01,1.0,295000,0.6990403004532877,0.0034952015022664384,7.256727085249072,7.391699909931049e-05,0.016065041003457736,44100,83.3420510420001,0.3894791669990809,128.0839399999968,0.9999963966430203,7.20670097520415e-06,1.9971734728117847,0.002684532353944248,1.295999529915548e-09,1.2959994188932455e-09,5.111417042588487,18.453009111687326,1e-12
success,,Be-Be_2.04_hgbs-5_as-008-012,hamiltonian_generator/hgbs5_diatomic_basis_transfer/night/Be-Be/2.04/hgbs-5/Be-Be_2.04_hgbs-5_as-008-012.tensors.npz,Be-Be,2.04,hgbs-5,8,12,20,1580,2950,fermionic,random_groups,19,1457134939,1580,553355,0.4436031457179275,120,"[16,16,14,21,12,17,21,18,15,11,15,12,15,16,10,13,16,12,16,12,16,10,14,14,11,11,15,16,15,10,11,12,11,15,12,14,14,9,10,11,18,15,13,13,13,14,11,14,11,14,16,11,8,11,13,14,14,13,15,12,11,11,13,12,13,10,12,15,9,14,10,15,15,11,14,14,12,14,12,16,9,16,14,11,15,14,13,10,15,12,12,13,22,14,21,16,18,17,16,15,14,15,17,20,17,16,18,10,10,10,10,9,15,11,5,5,12,5,2,1]","[19,91,6,103,25,90,4,77,2,88,15,9,10,8,56,68,72,62,97,59,87,70,46,81,43,51,18,65,50,52,32,106,16,85,38,54,12,74,53,117,47,37,60,79,75,1,20,76,115,83,58,14,40,30,112,7,98,84,0,28,26,13,118,23,24,63,17,41,11,35,105,111,107,34,109,29,114,44,67,71,78,96,73,95,110,39,92,119,57,104,108,93,5,3,102,27,42,22,82,69,99,86,36,64,21,101,49,61,48,100,33,66,113,116,80,45,89,31,55,94]",1614b2b804b128e7,b5e8b3bbc0d76a58,100,0.01,1.0,295000,0.1798234496878019,0.0008991172484390094,0.48020758080205894,7.79999973019585e-05,0.014813624999078456,44100,83.3420510420001,0.3894791669990809,127.76943204100098,0.999999741404694,5.171905450573888e-07,1.9971816075592277,0.0007191596567472447,8.004708007547379e-14,8.004708007547379e-14,0.36682201403494186,1.8842345850348616,1e-12
