status,error_message,case_id,tensor_path,molecule,bond_length,basis,active_occupied,active_vacant,n_qubits,number_of_fermionic_terms,number_of_pauli_terms,graph_level,schedule,sample_index,random_seed,graph_vertices,graph_edges,graph_density,number_of_colors,group_sizes,group_order,within_group_order_hash,pauli_order_hash,trotter_steps,trotter_dt,evolution_time,nominal_exponential_count,bch2_hf_state_norm,leading_state_error_norm_estimate,bch_squared_ratio_to_raw,schedule_build_time_seconds,bch_evaluation_time_seconds,exact_sector_dimension,exact_build_time_seconds,exact_evolution_time_seconds,trotter_runtime_seconds,state_overlap_abs,state_infidelity,state_vector_2norm_error,phase_aligned_state_2norm_error,particle_number_leakage,spin_sector_leakage,state_infidelity_ratio_to_raw_jw,state_infidelity_ratio_to_current_coloring,coefficient_tolerance
success,,Li-Li_2.66_hgbs-5_as-006-010,hamiltonian_generator/hgbs5_diatomic_basis_transfer/night/Li-Li/2.66/hgbs-5/Li-Li_2.66_hgbs-5_as-006-010.tensors.npz,Li-Li,2.66,hgbs-5,6,10,16,656,1176,baseline,jw_raw,-1,-1,,,,,[],[],4f53cda18c2baa0c,5b3a4ea00434804c,100,0.01,1.0,117600,0.06109869084808307,0.00030549345424041535,1.0,9.875002433545887e-06,0.0019933749972551595,3136,2.207533708999108,0.007277458997123176,13.890962042001775,0.9999999721561835,5.568763217222994e-08,1.7019861992924585,0.00023598227253204013,6.508127370352668e-13,6.508127370352668e-13,1.0,,1e-12
success,,Li-Li_2.66_hgbs-5_as-006-010,hamiltonian_generator/hgbs5_diatomic_basis_transfer/night/Li-Li/2.66/hgbs-5/Li-Li_2.66_hgbs-5_as-006-010.tensors.npz,Li-Li,2.66,hgbs-5,6,10,16,656,1176,jw,current,-1,-1,1176,230944,0.3342654508611955,26,"[48,36,56,56,48,48,64,64,56,56,28,24,24,24,108,36,32,32,56,72,72,32,32,32,32,8]","[0,1,2,3,4,5,6,7,8,9,10,11,12,13,14,15,16,17,18,19,20,21,22,23,24,25]",75a3815591a51156,48661749da8aa292,100,0.01,1.0,117600,0.028166869767875153,0.00014083434883937576,0.21252663306358635,1.2875003449153155e-05,0.0021648340007232036,3136,2.207533708999108,0.007277458997123176,13.921518540999386,0.999999993591766,1.2816468109022594e-08,1.7019852429626106,0.00011320984104318226,4.765310368526343e-10,4.765312588972392e-10,0.23014927388875142,1.0,1e-12
success,,Li-Li_2.66_hgbs-5_as-006-010,hamiltonian_generator/hgbs5_diatomic_basis_transfer/night/Li-Li/2.66/hgbs-5/Li-Li_2.66_hgbs-5_as-006-010.tensors.npz,Li-Li,2.66,hgbs-5,6,10,16,656,1176,fermionic,current,-1,-1,656,86311,0.40174548501210205,41,"[16,14,12,11,11,13,12,11,12,10,12,8,10,14,16,10,10,14,18,8,24,19,14,12,17,16,35,45,23,37,15,29,12,13,47,6,9,10,16,6,9]","[0,1,2,3,4,5,6,7,8,9,10,11,12,13,14,15,16,17,18,19,20,21,22,23,24,25,26,27,28,29,30,31,32,33,34,35,36,37,38,39,40]",f9da11ac053e7ff9,8ee1e451df0085d8,100,0.01,1.0,117600,0.0175862540629068,8.7931270314534e-05,0.08284816169904823,1.2667002010857686e-05,0.0019631659997685347,3136,2.207533708999108,0.007277458997123176,13.899522874999093,0.9999999982921053,3.4157894290842705e-09,1.701986360944572,5.844475535994886e-05,5.414557691096888e-13,5.414557691096888e-13,0.06133838512867568,1.0,1e-12
success,,Li-Li_2.66_hgbs-5_as-006-010,hamiltonian_generator/hgbs5_diatomic_basis_transfer/night/Li-Li/2.66/hgbs-5/Li-Li_2.66_hgbs-5_as-006-010.tensors.npz,Li-Li,2.66,hgbs-5,6,10,16,656,1176,jw,reverse_groups,-1,-1,1176,230944,0.3342654508611955,26,"[48,36,56,56,48,48,64,64,56,56,28,24,24,24,108,36,32,32,56,72,72,32,32,32,32,8]","[25,24,23,22,21,20,19,18,17,16,15,14,13,12,11,10,9,8,7,6,5,4,3,2,1,0]",ee5a664792dfa650,c5b644d003ae3e95,100,0.01,1.0,117600,0.028166869767875153,0.00014083434883937576,0.21252663306358635,1.3167002180125564e-05,0.002153582998289494,3136,2.207533708999108,0.007277458997123176,13.911954915998649,0.9999999935920512,1.2815897676432542e-08,1.701987031015826,0.00011320732165559143,4.766024241931177e-10,4.766024241931177e-10,0.2301390304546566,0.9999554922163266,1e-12
success,,Li-Li_2.66_hgbs-5_as-006-010,hamiltonian_generator/hgbs5_diatomic_basis_transfer/night/Li-Li/2.66/hgbs-5/Li-Li_2.66_hgbs-5_as-006-010.tensors.npz,Li-Li,2.66,hgbs-5,6,10,16,656,1176,fermionic,reverse_groups,-1,-1,656,86311,0.40174548501210205,41,"[16,14,12,11,11,13,12,11,12,10,12,8,10,14,16,10,10,14,18,8,24,19,14,12,17,16,35,45,23,37,15,29,12,13,47,6,9,10,16,6,9]","[40,39,38,37,36,35,34,33,32,31,30,29,28,27,26,25,24,23,22,21,20,19,18,17,16,15,14,13,12,11,10,9,8,7,6,5,4,3,2,1,0]",fcca348a548ac1f5,4398b703453b4329,100,0.01,1.0,117600,0.017707707318390473,8.853853659195236e-05,0.08399643629538683,1.2917000276502222e-05,0.0018927079981949646,3136,2.207533708999108,0.007277458997123176,13.919300666999334,0.9999999979221352,4.155729538268815e-09,1.7019866068964582,6.446494813671081e-05,4.981570711493077e-13,4.981570711493077e-13,0.07462571806637482,1.216623455440259,1e-12
success,,Li-Li_2.66_hgbs-5_as-006-010,hamiltonian_generator/hgbs5_diatomic_basis_transfer/night/Li-Li/2.66/hgbs-5/Li-Li_2.66_hgbs-5_as-006-010.tensors.npz,Li-Li,2.66,hgbs-5,6,10,16,656,1176,jw,random_groups,0,170929829,1176,230944,0.3342654508611955,26,"[48,36,56,56,48,48,64,64,56,56,28,24,24,24,108,36,32,32,56,72,72,32,32,32,32,8]","[8,0,6,20,23,18,25,3,9,21,11,10,19,4,15,12,22,17,24,7,2,1,5,14,13,16]",f2a73449631b0937,3aa3a6752a17d44b,100,0.01,1.0,117600,0.020788034603416855,0.00010394017301708427,0.1157612086550877,1.2207998224766925e-05,0.0023112919989216607,3136,2.207533708999108,0.007277458997123176,13.937348499999644,0.9999999961674998,7.665000412160339e-09,1.7019861414678852,8.754998807630038e-05,3.643587653812119e-10,3.643587653812119e-10,0.13764277835434144,0.5980587121942197,1e-12
success,,Li-Li_2.66_hgbs-5_as-006-010,hamiltonian_generator/hgbs5_diatomic_basis_transfer/night/Li-Li/2.66/hgbs-5/Li-Li_2.66_hgbs-5_as-006-010.tensors.npz,Li-Li,2.66,hgbs-5,6,10,16,656,1176,fermionic,random_groups,0,3367589945,656,86311,0.40174548501210205,41,"[16,14,12,11,11,13,12,11,12,10,12,8,10,14,16,10,10,14,18,8,24,19,14,12,17,16,35,45,23,37,15,29,12,13,47,6,9,10,16,6,9]","[31,7,16,39,21,23,1,36,30,37,32,22,6,26,5,25,4,33,2,40,29,28,18,38,17,10,14,15,27,9,0,34,19,20,11,12,8,3,24,35,13]",b6213ebcce8f6b8a,950f228898a0e2f2,100,0.01,1.0,117600,0.057829958510992985,0.0002891497925549649,0.8958637254966001,1.279199932469055e-05,0.002078458001051331,3136,2.207533708999108,0.007277458997123176,13.88529095800186,0.9999999734060678,5.318786366892425e-08,1.7019867096294699,0.00023062494300282887,4.793943020331426e-13,4.792832797306801e-13,0.9551108853834108,15.571177548606455,1e-12
success,,Li-Li_2.66_hgbs-5_as-006-010,hamiltonian_generator/hgbs5_diatomic_basis_transfer/night/Li-Li/2.66/hgbs-5/Li-Li_2.66_hgbs-5_as-006-010.tensors.npz,Li-Li,2.66,hgbs-5,6,10,16,656,1176,jw,random_groups,1,1497130406,1176,230944,0.3342654508611955,26,"[48,36,56,56,48,48,64,64,56,56,28,24,24,24,108,36,32,32,56,72,72,32,32,32,32,8]","[17,0,4,15,13,3,19,10,5,25,22,1,14,24,6,2,20,16,7,11,8,21,18,23,9,12]",85f14d13d60e8e38,d1298a23081ea6df,100,0.01,1.0,117600,0.11947567601366914,0.0005973783800683457,3.8238001284844607,1.1916999937966466e-05,0.0020476669997151475,3136,2.207533708999108,0.007277458997123176,13.914944624997588,0.9999998881818664,2.236362547369808e-07,1.7019858871609415,0.00047290196371182575,1.604971711088865e-11,1.604971711088865e-11,4.015905256041802,17.449132852719725,1e-12
success,,Li-Li_2.66_hgbs-5_as-006-010,hamiltonian_generator/hgbs5_diatomic_basis_transfer/night/Li-Li/2.66/hgbs-5/Li-Li_2.66_hgbs-5_as-006-010.tensors.npz,Li-Li,2.66,hgbs-5,6,10,16,656,1176,fermionic,random_groups,1,3876896119,656,86311,0.40174548501210205,41,"[16,14,12,11,11,13,12,11,12,10,12,8,10,14,16,10,10,14,18,8,24,19,14,12,17,16,35,45,23,37,15,29,12,13,47,6,9,10,16,6,9]","[38,33,34,37,5,0,6,3,36,11,18,26,24,2,31,27,40,7,1,32,9,12,17,30,21,29,10,16,14,8,19,20,15,35,4,25,13,39,22,28,23]",b9f0ddbaae4c91c9,4d8701742ad1af24,100,0.01,1.0,117600,0.2590673057039455,0.0012953365285197273,17.978829232103113,1.3249999028630555e-05,0.002220957998360973,3136,2.207533708999108,0.007277458997123176,13.897262791997491,0.9999994768716132,1.0462564999924595e-06,1.7019861278743331,0.0010228669383954274,5.678790770957676e-13,5.678790770957676e-13,18.78795091801734,306.30005792627196,1e-12
success,,Li-Li_2.66_hgbs-5_as-006-010,hamiltonian_generator/hgbs5_diatomic_basis_transfer/night/Li-Li/2.66/hgbs-5/Li-Li_2.66_hgbs-5_as-006-010.tensors.npz,Li-Li,2.66,hgbs-5,6,10,16,656,1176,jw,random_groups,2,1277635548,1176,230944,0.3342654508611955,26,"[48,36,56,56,48,48,64,64,56,56,28,24,24,24,108,36,32,32,56,72,72,32,32,32,32,8]","[17,7,0,15,10,16,11,25,13,23,5,14,2,19,9,21,4,20,1,22,18,24,3,8,6,12]",8b800dbc02ed7e16,135e26d6d130aca1,100,0.01,1.0,117600,0.11535528635691963,0.0005767764317845982,3.564603208436737,1.2750002497341484e-05,0.0021235000021988526,3136,2.207533708999108,0.007277458997123176,13.898264499999641,0.999999901855292,1.962894063956e-07,1.7019861511874985,0.0004430456139660343,5.432321259490891e-13,5.434541705540141e-13,3.524829459232866,15.315405517797474,1e-12
success,,Li-Li_2.66_hgbs-5_as-006-010,hamiltonian_generator/hgbs5_diatomic_basis_transfer/night/Li-Li/2.66/hgbs-5/Li-Li_2.66_hgbs-5_as-006-010.tensors.npz,Li-Li,2.66,hgbs-5,6,10,16,656,1176,fermionic,random_groups,2,4124360246,656,86311,0.40174548501210205,41,"[16,14,12,11,11,13,12,11,12,10,12,8,10,14,16,10,10,14,18,8,24,19,14,12,17,16,35,45,23,37,15,29,12,13,47,6,9,10,16,6,9]","[30,15,36,10,14,31,39,28,9,7,40,1,17,38,35,0,13,23,12,4,3,6,34,20,11,5,32,21,2,27,24,33,37,26,29,18,16,19,25,8,22]",327b4cf870791ce0,9354fcff9716ba62,100,0.01,1.0,117600,0.18535017577953145,0.0009267508788976572,9.202846853543384,1.354100095340982e-05,0.002191583000239916,3136,2.207533708999108,0.007277458997123176,13.913199957998586,0.9999997314301742,5.371395794817602e-07,1.701986407435587,0.0007328981181898728,6.463718449367661e-13,6.463718449367661e-13,9.645581227452844,157.25195906638788,1e-12
success,,Li-Li_2.66_hgbs-5_as-006-010,hamiltonian_generator/hgbs5_diatomic_basis_transfer/night/Li-Li/2.66/hgbs-5/Li-Li_2.66_hgbs-5_as-006-010.tensors.npz,Li-Li,2.66,hgbs-5,6,10,16,656,1176,jw,random_groups,3,310789966,1176,230944,0.3342654508611955,26,"[48,36,56,56,48,48,64,64,56,56,28,24,24,24,108,36,32,32,56,72,72,32,32,32,32,8]","[10,6,18,1,7,4,8,20,11,19,23,15,5,0,24,16,12,9,21,2,14,25,13,22,17,3]",a184bdc5fa1081e3,31469e835ef7a712,100,0.01,1.0,117600,0.04166328461135532,0.00020831642305677662,0.46498955914050516,1.341600000159815e-05,0.0022143330024846364,3136,2.207533708999108,0.007277458997123176,13.91784083300081,0.999999988004529,2.3990941788731845e-08,1.701986149257571,0.00015489009619647782,1.6095014210293357e-11,1.6094903187990894e-11,0.430812746976438,1.8718840155223884,1e-12
success,,Li-Li_2.66_hgbs-5_as-006-010,hamiltonian_generator/hgbs5_diatomic_basis_transfer/night/Li-Li/2.66/hgbs-5/Li-Li_2.66_hgbs-5_as-006-010.tensors.npz,Li-Li,2.66,hgbs-5,6,10,16,656,1176,fermionic,random_groups,3,1422182446,656,86311,0.40174548501210205,41,"[16,14,12,11,11,13,12,11,12,10,12,8,10,14,16,10,10,14,18,8,24,19,14,12,17,16,35,45,23,37,15,29,12,13,47,6,9,10,16,6,9]","[33,3,1,30,15,14,25,19,36,10,32,23,16,2,8,38,24,26,11,21,28,12,7,40,0,27,22,6,34,29,5,13,17,4,37,9,18,39,31,35,20]",1ef96c83713b21b9,4cafb9b6127219b8,100,0.01,1.0,117600,0.19014610575133417,0.0009507305287566708,9.685255034422372,1.3458000466926023e-05,0.0021154169990040828,3136,2.207533708999108,0.007277458997123176,13.995503999998618,0.9999997170059176,5.659880847330712e-07,1.7019866762564173,0.0007523218491976365,5.164757510556228e-13,5.162537064506978e-13,10.163622740909346,165.69759245516644,1e-12
success,,Li-Li_2.66_hgbs-5_as-006-010,hamiltonian_generator/hgbs5_diatomic_basis_transfer/night/Li-Li/2.66/hgbs-5/Li-Li_2.66_hgbs-5_as-006-010.tensors.npz,Li-Li,2.66,hgbs-5,6,10,16,656,1176,jw,random_groups,4,2585659375,1176,230944,0.3342654508611955,26,"[48,36,56,56,48,48,64,64,56,56,28,24,24,24,108,36,32,32,56,72,72,32,32,32,32,8]","[21,25,24,19,23,12,11,10,4,20,6,0,14,1,17,2,13,18,8,16,7,3,22,15,9,5]",feb87f01f36e0819,14bc0a24a51e5494,100,0.01,1.0,117600,0.02328439583377218,0.00011642197916886089,0.14523327733425587,1.279199932469055e-05,0.0021654169977409765,3136,2.207533708999108,0.007277458997123176,13.95513149999897,0.999999994984573,1.0030853925258043e-08,1.7019868688403088,0.00010015415081392305,5.840883332552949e-13,5.839773109528323e-13,0.18012714015626946,0.7826535235707003,1e-12
success,,Li-Li_2.66_hgbs-5_as-006-010,hamiltonian_generator/hgbs5_diatomic_basis_transfer/night/Li-Li/2.66/hgbs-5/Li-Li_2.66_hgbs-5_as-006-010.tensors.npz,Li-Li,2.66,hgbs-5,6,10,16,656,1176,fermionic,random_groups,4,1816603139,656,86311,0.40174548501210205,41,"[16,14,12,11,11,13,12,11,12,10,12,8,10,14,16,10,10,14,18,8,24,19,14,12,17,16,35,45,23,37,15,29,12,13,47,6,9,10,16,6,9]","[31,9,21,27,40,6,38,16,28,25,39,4,0,3,10,30,17,2,13,19,1,33,18,7,8,36,12,23,37,26,14,5,24,22,35,20,11,34,32,29,15]",ccfac63a39decf0b,f033784af9a646ff,100,0.01,1.0,117600,0.020366401669018448,0.00010183200834509223,0.11111298116803962,1.2166001397417858e-05,0.002133291996869957,3136,2.207533708999108,0.007277458997123176,13.891741999999795,0.9999999977916715,4.416657040096084e-09,1.701986457520064,6.645793436525156e-05,5.668798763736049e-13,5.668798763736049e-13,0.079311273757094,1.293012093336249,1e-12
success,,Li-Li_2.66_hgbs-5_as-006-010,hamiltonian_generator/hgbs5_diatomic_basis_transfer/night/Li-Li/2.66/hgbs-5/Li-Li_2.66_hgbs-5_as-006-010.tensors.npz,Li-Li,2.66,hgbs-5,6,10,16,656,1176,jw,random_groups,5,1579864017,1176,230944,0.3342654508611955,26,"[48,36,56,56,48,48,64,64,56,56,28,24,24,24,108,36,32,32,56,72,72,32,32,32,32,8]","[7,3,0,1,16,8,9,6,15,4,14,2,12,18,19,23,24,11,13,17,22,5,20,10,25,21]",f614b06c7a4475dc,9b80beb9656aad28,100,0.01,1.0,117600,0.03308768412487269,0.00016543842062436345,0.29327087338760144,1.2958000297658145e-05,0.002116125000611646,3136,2.207533708999108,0.007277458997123176,13.888611540998681,0.9999999892670242,2.146595157181963e-08,1.7019849024629383,0.00014651263318513503,1.6174006578495437e-10,1.6174006578495437e-10,0.3854707182634383,1.6748726239725853,1e-12
success,,Li-Li_2.66_hgbs-5_as-006-010,hamiltonian_generator/hgbs5_diatomic_basis_transfer/night/Li-Li/2.66/hgbs-5/Li-Li_2.66_hgbs-5_as-006-010.tensors.npz,Li-Li,2.66,hgbs-5,6,10,16,656,1176,fermionic,random_groups,5,3469542081,656,86311,0.40174548501210205,41,"[16,14,12,11,11,13,12,11,12,10,12,8,10,14,16,10,10,14,18,8,24,19,14,12,17,16,35,45,23,37,15,29,12,13,47,6,9,10,16,6,9]","[6,22,8,16,1,17,32,40,34,29,36,39,23,14,35,9,27,28,18,37,7,30,0,21,3,4,11,15,25,26,19,24,2,31,5,20,38,10,13,33,12]",d126cbc92cc95158,f38b7ca9f00657dd,100,0.01,1.0,117600,0.05794774740134132,0.00028973873700670664,0.8995168583025337,1.270900247618556e-05,0.0018970000019180588,3136,2.207533708999108,0.007277458997123176,13.89213374999963,0.9999999740166579,5.196668362295043e-08,1.7019867555091979,0.00022796202378704274,5.35682609381638e-13,5.35682609381638e-13,0.9331817783566122,15.213667206904505,1e-12
success,,Li-Li_2.66_hgbs-5_as-006-010,hamiltonian_generator/hgbs5_diatomic_basis_transfer/night/Li-Li/2.66/hgbs-5/Li-Li_2.66_hgbs-5_as-006-010.tensors.npz,Li-Li,2.66,hgbs-5,6,10,16,656,1176,jw,random_groups,6,3151523025,1176,230944,0.3342654508611955,26,"[48,36,56,56,48,48,64,64,56,56,28,24,24,24,108,36,32,32,56,72,72,32,32,32,32,8]","[19,7,21,2,16,17,20,24,10,25,8,5,6,14,9,12,4,0,3,18,22,11,15,13,1,23]",763bd30797ede7d0,490df91b21eda34e,100,0.01,1.0,117600,0.05242205293457272,0.0002621102646728636,0.7361464798720606,1.2166998203611001e-05,0.0022341250005410984,3136,2.207533708999108,0.007277458997123176,13.912581709002552,0.9999999853101895,2.9379620736236234e-08,1.7019865843223108,0.00017140484520071432,1.0367928737764487e-10,1.0367939839994733e-10,0.5275789181585482,2.292333620020748,1e-12
success,,Li-Li_2.66_hgbs-5_as-006-010,hamiltonian_generator/hgbs5_diatomic_basis_transfer/night/Li-Li/2.66/hgbs-5/Li-Li_2.66_hgbs-5_as-006-010.tensors.npz,Li-Li,2.66,hgbs-5,6,10,16,656,1176,fermionic,random_groups,6,2189256465,656,86311,0.40174548501210205,41,"[16,14,12,11,11,13,12,11,12,10,12,8,10,14,16,10,10,14,18,8,24,19,14,12,17,16,35,45,23,37,15,29,12,13,47,6,9,10,16,6,9]","[33,23,9,36,37,13,32,39,26,8,17,20,3,34,15,6,11,7,27,4,28,40,12,38,16,25,24,10,2,5,18,29,1,22,14,21,19,30,0,31,35]",8b3d755e1690c1f7,f8c3612d2a84d818,100,0.01,1.0,117600,0.28480280862655843,0.0014240140431327922,21.728248829838737,1.3541997759602964e-05,0.002166082998883212,3136,2.207533708999108,0.007277458997123176,13.891300999999658,0.9999993644327616,1.2711340728888132e-06,1.701986892212004,0.0011274459972823309,5.794253965518692e-13,5.794253965518692e-13,22.826146907404276,372.13478736878346,1e-12
success,,Li-Li_2.66_hgbs-5_as-006-010,hamiltonian_generator/hgbs5_diatomic_basis_transfer/night/Li-Li/2.66/hgbs-5/Li-Li_2.66_hgbs-5_as-006-010.tensors.npz,Li-Li,2.66,hgbs-5,6,10,16,656,1176,jw,random_groups,7,2179626871,1176,230944,0.3342654508611955,26,"[48,36,56,56,48,48,64,64,56,56,28,24,24,24,108,36,32,32,56,72,72,32,32,32,32,8]","[8,19,12,3,10,9,4,11,18,20,25,6,15,5,2,14,17,13,22,16,0,21,1,7,24,23]",ccb6c2bdf5988bd4,47f425987c8956e0,100,0.01,1.0,117600,0.055204595668846106,0.0002760229783442305,0.8163692862133809,1.2583001080201939e-05,0.002258500000607455,3136,2.207533708999108,0.007277458997123176,13.871883250001702,0.9999999889956166,2.200876669800067e-08,1.7019866631203404,0.00014835351970554313,1.3082812611031613e-10,1.308282371326186e-10,0.3952182170348393,1.7172255656382307,1e-12
success,,Li-Li_2.66_hgbs-5_as-006-010,hamiltonian_generator/hgbs5_diatomic_basis_transfer/night/Li-Li/2.66/hgbs-5/Li-Li_2.66_hgbs-5_as-006-010.tensors.npz,Li-Li,2.66,hgbs-5,6,10,16,656,1176,fermionic,random_groups,7,54865669,656,86311,0.40174548501210205,41,"[16,14,12,11,11,13,12,11,12,10,12,8,10,14,16,10,10,14,18,8,24,19,14,12,17,16,35,45,23,37,15,29,12,13,47,6,9,10,16,6,9]","[40,7,12,6,13,18,3,24,2,17,37,20,29,34,5,9,30,1,8,16,26,25,31,33,15,39,27,28,14,23,11,4,32,0,36,10,35,22,21,38,19]",9ccfd67de3cdcc9d,e293d8f4ed72c20e,100,0.01,1.0,117600,0.010440706561884047,5.2203532809420236e-05,0.02920088207485536,1.300000076298602e-05,0.002066249999188585,3136,2.207533708999108,0.007277458997123176,13.894259917000454,0.9999999992806413,1.4387173674634823e-09,1.70198628776375,3.793042798945831e-05,5.067057884389214e-13,5.065947661364589e-13,0.025835491855962508,0.4211961531390956,1e-12
success,,Li-Li_2.66_hgbs-5_as-006-010,hamiltonian_generator/hgbs5_diatomic_basis_transfer/night/Li-Li/2.66/hgbs-5/Li-Li_2.66_hgbs-5_as-006-010.tensors.npz,Li-Li,2.66,hgbs-5,6,10,16,656,1176,jw,random_groups,8,1984604632,1176,230944,0.3342654508611955,26,"[48,36,56,56,48,48,64,64,56,56,28,24,24,24,108,36,32,32,56,72,72,32,32,32,32,8]","[2,21,13,8,7,24,11,6,22,25,12,17,1,3,16,9,15,5,14,23,18,4,19,20,10,0]",b575d6494f0a8103,0b9ce872a0645dc8,100,0.01,1.0,117600,0.04128033616674703,0.00020640168083373514,0.4564809320477844,1.2874999811174348e-05,0.0021411249981611036,3136,2.207533708999108,0.007277458997123176,13.890660958000808,0.999999996038097,7.923806055742943e-09,1.7019867691814508,8.901576296220206e-05,1.2474832278286385e-10,1.2474843380516631e-10,0.14229023118160788,0.6182519230992123,1e-12
success,,Li-Li_2.66_hgbs-5_as-006-010,hamiltonian_generator/hgbs5_diatomic_basis_transfer/night/Li-Li/2.66/hgbs-5/Li-Li_2.66_hgbs-5_as-006-010.tensors.npz,Li-Li,2.66,hgbs-5,6,10,16,656,1176,fermionic,random_groups,8,2680923446,656,86311,0.40174548501210205,41,"[16,14,12,11,11,13,12,11,12,10,12,8,10,14,16,10,10,14,18,8,24,19,14,12,17,16,35,45,23,37,15,29,12,13,47,6,9,10,16,6,9]","[23,7,13,19,17,0,4,35,28,38,8,2,30,40,20,31,22,3,16,37,25,21,5,6,18,1,29,12,36,26,39,34,11,24,32,10,15,14,27,9,33]",9c1803cf44ec82a3,823c50f0cb089181,100,0.01,1.0,117600,0.0607895070424701,0.0003039475352123505,0.9899048079593392,1.2959000741830096e-05,0.002276541999890469,3136,2.207533708999108,0.007277458997123176,13.885282457998983,0.9999999713561569,5.728768537327511e-08,1.7019868435944914,0.00023934846176742233,4.843903056439558e-13,4.843903056439558e-13,1.028732649219068,16.771433533194465,1e-12
success,,Li-Li_2.66_hgbs-5_as-006-010,hamiltonian_generator/hgbs5_diatomic_basis_transfer/night/Li-Li/2.66/hgbs-5/Li-Li_2.66_hgbs-5_as-006-010.tensors.npz,Li-Li,2.66,hgbs-5,6,10,16,656,1176,jw,random_groups,9,3375276032,1176,230944,0.3342654508611955,26,"[48,36,56,56,48,48,64,64,56,56,28,24,24,24,108,36,32,32,56,72,72,32,32,32,32,8]","[12,19,16,21,5,2,20,6,1,22,3,0,9,4,11,24,7,15,23,8,25,13,17,18,14,10]",ccd60410e2552930,5cdfdb1d9d820e06,100,0.01,1.0,117600,0.2525282899750212,0.001262641449875106,17.082690250287,1.208300091093406e-05,0.002221833998191869,3136,2.207533708999108,0.007277458997123176,13.886542249998456,0.9999995005566694,9.988864116960983e-07,1.7019855063922615,0.0009994431755548747,8.018008479382388e-11,8.018008479382388e-11,17.937311620769872,77.93772849111978,1e-12
success,,Li-Li_2.66_hgbs-5_as-006-010,hamiltonian_generator/hgbs5_diatomic_basis_transfer/night/Li-Li/2.66/hgbs-5/Li-Li_2.66_hgbs-5_as-006-010.tensors.npz,Li-Li,2.66,hgbs-5,6,10,16,656,1176,fermionic,random_groups,9,1198809176,656,86311,0.40174548501210205,41,"[16,14,12,11,11,13,12,11,12,10,12,8,10,14,16,10,10,14,18,8,24,19,14,12,17,16,35,45,23,37,15,29,12,13,47,6,9,10,16,6,9]","[10,26,36,19,23,13,6,31,21,14,4,35,22,1,25,15,32,5,33,28,12,9,16,37,18,20,0,34,39,40,24,38,3,17,30,8,11,2,7,27,29]",646fd83ffd2587b9,093a7f7cea47ac7d,100,0.01,1.0,117600,0.05390494082002971,0.00026952470410014856,0.7783829915580959,1.279199932469055e-05,0.0020898750008200295,3136,2.207533708999108,0.007277458997123176,13.883423290997598,0.999999977764292,4.4471415661107017e-08,1.7019864788965358,0.00021088246988594435,5.593303598061539e-13,5.595524044110789e-13,0.7985869380038719,13.01936685044114,1e-12
success,,Li-Li_2.66_hgbs-5_as-006-010,hamiltonian_generator/hgbs5_diatomic_basis_transfer/night/Li-Li/2.66/hgbs-5/Li-Li_2.66_hgbs-5_as-006-010.tensors.npz,Li-Li,2.66,hgbs-5,6,10,16,656,1176,jw,random_groups,10,587745067,1176,230944,0.3342654508611955,26,"[48,36,56,56,48,48,64,64,56,56,28,24,24,24,108,36,32,32,56,72,72,32,32,32,32,8]","[22,4,24,23,9,8,10,17,16,5,0,2,11,12,21,13,25,1,19,14,15,3,18,6,7,20]",7f74506829f44744,522ba4e5e96d6fbd,100,0.01,1.0,117600,0.042031146040146905,0.00021015573020073452,0.47323695809010025,1.2208998668938875e-05,0.002171375002944842,3136,2.207533708999108,0.007277458997123176,13.87856599999941,0.9999999972224655,5.555069071405683e-09,1.7019860245799256,7.453233574366017e-05,1.4803047676537062e-11,1.4803269721141987e-11,0.09975408999659102,0.43343212998712183,1e-12
success,,Li-Li_2.66_hgbs-5_as-006-010,hamiltonian_generator/hgbs5_diatomic_basis_transfer/night/Li-Li/2.66/hgbs-5/Li-Li_2.66_hgbs-5_as-006-010.tensors.npz,Li-Li,2.66,hgbs-5,6,10,16,656,1176,fermionic,random_groups,10,3391352111,656,86311,0.40174548501210205,41,"[16,14,12,11,11,13,12,11,12,10,12,8,10,14,16,10,10,14,18,8,24,19,14,12,17,16,35,45,23,37,15,29,12,13,47,6,9,10,16,6,9]","[27,24,13,19,34,10,14,4,5,38,40,0,39,32,20,15,22,2,25,37,33,23,18,9,6,21,7,30,3,36,16,12,35,29,8,28,31,11,1,26,17]",5efd3089dce6402a,3b4bf2844759ee0e,100,0.01,1.0,117600,0.01735990784955591,8.679953924777955e-05,0.08072926927313437,1.3167002180125564e-05,0.0021213750005699694,3136,2.207533708999108,0.007277458997123176,13.953751749999356,0.9999999982958412,3.4083176281285432e-09,1.7019864600277326,5.838079845401691e-05,6.470379787515412e-13,6.471490010540037e-13,0.06120421169259532,0.9978125697995001,1e-12
success,,Li-Li_2.66_hgbs-5_as-006-010,hamiltonian_generator/hgbs5_diatomic_basis_transfer/night/Li-Li/2.66/hgbs-5/Li-Li_2.66_hgbs-5_as-006-010.tensors.npz,Li-Li,2.66,hgbs-5,6,10,16,656,1176,jw,random_groups,11,2176002116,1176,230944,0.3342654508611955,26,"[48,36,56,56,48,48,64,64,56,56,28,24,24,24,108,36,32,32,56,72,72,32,32,32,32,8]","[19,12,6,2,20,8,1,14,9,21,7,22,11,16,23,13,10,0,24,18,15,17,25,3,4,5]",de2b0c81e7248c96,33397432745edf44,100,0.01,1.0,117600,0.04734384685320704,0.0002367192342660352,0.6004312347383707,1.2290998711250722e-05,0.002128708998498041,3136,2.207533708999108,0.007277458997123176,13.89881037500163,0.999999983020563,3.395887360202465e-08,1.7019856812290919,0.00018427933670135552,5.003775171985581e-13,5.004885395010206e-13,0.6098099753459999,2.649628065482263,1e-12
success,,Li-Li_2.66_hgbs-5_as-006-010,hamiltonian_generator/hgbs5_diatomic_basis_transfer/night/Li-Li/2.66/hgbs-5/Li-Li_2.66_hgbs-5_as-006-010.tensors.npz,Li-Li,2.66,hgbs-5,6,10,16,656,1176,fermionic,random_groups,11,3910489929,656,86311,0.40174548501210205,41,"[16,14,12,11,11,13,12,11,12,10,12,8,10,14,16,10,10,14,18,8,24,19,14,12,17,16,35,45,23,37,15,29,12,13,47,6,9,10,16,6,9]","[36,20,17,0,6,11,26,33,13,34,2,19,22,35,10,1,21,4,32,16,9,31,23,14,25,24,5,38,15,7,37,12,8,3,40,27,39,28,18,29,30]",7a0b10d919ed3b34,6d3c06d19ea3cefd,100,0.01,1.0,117600,0.1418927433057684,0.000709463716528842,5.393324621128714,1.3249999028630555e-05,0.001889833998575341,3136,2.207533708999108,0.007277458997123176,13.902505874997587,0.9999998413705176,3.172589396749359e-07,1.7019869063541895,0.0005632574587850556,5.541123115904156e-13,5.540012892879531e-13,5.697116707956298,92.88012222696906,1e-12
success,,Li-Li_2.66_hgbs-5_as-006-010,hamiltonian_generator/hgbs5_diatomic_basis_transfer/night/Li-Li/2.66/hgbs-5/Li-Li_2.66_hgbs-5_as-006-010.tensors.npz,Li-Li,2.66,hgbs-5,6,10,16,656,1176,jw,random_groups,12,3643636399,1176,230944,0.3342654508611955,26,"[48,36,56,56,48,48,64,64,56,56,28,24,24,24,108,36,32,32,56,72,72,32,32,32,32,8]","[16,25,7,9,22,12,2,17,1,3,20,13,8,6,10,4,24,23,21,11,19,5,15,18,0,14]",fcf0caebe66c09f0,024ddedcd08acab2,100,0.01,1.0,117600,0.05435946763421935,0.00027179733817109676,0.7915649945736037,1.3167002180125564e-05,0.0021506250013771933,3136,2.207533708999108,0.007277458997123176,13.895163875000435,0.999999975999474,4.800105146696154e-08,1.7019870100551726,0.00021909142388982974,6.359357485052897e-13,6.359357485052897e-13,0.8619696976611351,3.745263598258365,1e-12
success,,Li-Li_2.66_hgbs-5_as-006-010,hamiltonian_generator/hgbs5_diatomic_basis_transfer/night/Li-Li/2.66/hgbs-5/Li-Li_2.66_hgbs-5_as-006-010.tensors.npz,Li-Li,2.66,hgbs-5,6,10,16,656,1176,fermionic,random_groups,12,2865866506,656,86311,0.40174548501210205,41,"[16,14,12,11,11,13,12,11,12,10,12,8,10,14,16,10,10,14,18,8,24,19,14,12,17,16,35,45,23,37,15,29,12,13,47,6,9,10,16,6,9]","[22,20,13,25,29,28,37,2,10,24,16,4,27,30,9,32,26,33,36,40,15,38,8,12,11,17,19,7,5,31,6,39,1,23,14,3,34,21,18,35,0]",30239b88d558a3e7,f5d762ff05d958e8,100,0.01,1.0,117600,0.016745462521568253,8.372731260784127e-05,0.07511565966363272,1.308299761149101e-05,0.0021299170002748724,3136,2.207533708999108,0.007277458997123176,13.890563250002742,0.9999999975921978,4.8156043597202824e-09,1.7019866962986057,6.939455569221755e-05,5.309086503757499e-13,5.306866057708248e-13,0.08647529391852482,1.4098071499130098,1e-12
success,,Li-Li_2.66_hgbs-5_as-006-010,hamiltonian_generator/hgbs5_diatomic_basis_transfer/night/Li-Li/2.66/hgbs-5/Li-Li_2.66_hgbs-5_as-006-010.tensors.npz,Li-Li,2.66,hgbs-5,6,10,16,656,1176,jw,random_groups,13,798067061,1176,230944,0.3342654508611955,26,"[48,36,56,56,48,48,64,64,56,56,28,24,24,24,108,36,32,32,56,72,72,32,32,32,32,8]","[4,17,13,1,6,24,23,7,15,0,16,20,5,8,21,14,11,18,25,10,9,2,12,19,22,3]",7b8d3bffb560cef9,3086de4829c68380,100,0.01,1.0,117600,0.05766909917901755,0.00028834549589508776,0.8908868028334701,1.1833999451482669e-05,0.0020692079997388646,3136,2.207533708999108,0.007277458997123176,13.928866833997745,0.9999999768651556,4.6269688191991065e-08,1.7019851680495846,0.0002151039022126344,5.028200078527334e-13,5.027089855502709e-13,0.8308790729131527,3.6101746439346987,1e-12
success,,Li-Li_2.66_hgbs-5_as-006-010,hamiltonian_generator/hgbs5_diatomic_basis_transfer/night/Li-Li/2.66/hgbs-5/Li-Li_2.66_hgbs-5_as-006-010.tensors.npz,Li-Li,2.66,hgbs-5,6,10,16,656,1176,fermionic,random_groups,13,149417118,656,86311,0.40174548501210205,41,"[16,14,12,11,11,13,12,11,12,10,12,8,10,14,16,10,10,14,18,8,24,19,14,12,17,16,35,45,23,37,15,29,12,13,47,6,9,10,16,6,9]","[33,29,15,28,34,23,22,37,31,18,0,36,40,12,24,16,8,13,11,5,26,6,27,7,3,14,25,19,1,38,9,17,21,10,4,39,20,30,35,2,32]",e8f0b3607e527ad2,9922b87880977a7f,100,0.01,1.0,117600,0.26685151089476566,0.0013342575544738283,19.075482091430274,1.2666001566685736e-05,0.002161541997338645,3136,2.207533708999108,0.007277458997123176,13.98430183399978,0.9999994437925914,1.112414507731252e-06,1.7019861036133566,0.0010547107741700607,5.359046539865631e-13,5.357936316841005e-13,19.975970683953516,325.668350121183,1e-12
success,,Li-Li_2.66_hgbs-5_as-006-010,hamiltonian_generator/hgbs5_diatomic_basis_transfer/night/Li-Li/2.66/hgbs-5/Li-Li_2.66_hgbs-5_as-006-010.tensors.npz,Li-Li,2.66,hgbs-5,6,10,16,656,1176,jw,random_groups,14,3809075065,1176,230944,0.3342654508611955,26,"[48,36,56,56,48,48,64,64,56,56,28,24,24,24,108,36,32,32,56,72,72,32,32,32,32,8]","[22,7,9,12,3,4,11,14,18,6,24,20,1,8,15,13,2,10,16,17,19,5,0,23,25,21]",8f565fac6d5a4672,ce9b8d4ed987734c,100,0.01,1.0,117600,0.0171051406778049,8.552570338902451e-05,0.07837715427798136,1.2458000128390267e-05,0.0021218330002739094,3136,2.207533708999108,0.007277458997123176,13.89320916699944,0.9999999995076466,9.847067605761595e-10,1.7019861357953234,3.1380037612726974e-05,3.2862179644155276e-10,3.286216854192503e-10,0.01768268324878084,0.07683136666044066,1e-12
success,,Li-Li_2.66_hgbs-5_as-006-010,hamiltonian_generator/hgbs5_diatomic_basis_transfer/night/Li-Li/2.66/hgbs-5/Li-Li_2.66_hgbs-5_as-006-010.tensors.npz,Li-Li,2.66,hgbs-5,6,10,16,656,1176,fermionic,random_groups,14,3019720038,656,86311,0.40174548501210205,41,"[16,14,12,11,11,13,12,11,12,10,12,8,10,14,16,10,10,14,18,8,24,19,14,12,17,16,35,45,23,37,15,29,12,13,47,6,9,10,16,6,9]","[28,20,24,38,2,30,29,5,34,10,25,39,26,18,3,40,9,12,4,23,13,19,15,36,37,6,21,0,1,32,35,31,11,27,22,17,14,8,16,33,7]",c406e1525d70dbc3,eb497e03daa740f2,100,0.01,1.0,117600,0.27472500672230526,0.0013736250336115264,20.21773853725344,1.3542001397581771e-05,0.0018912080013251398,3136,2.207533708999108,0.007277458997123176,13.891553584002395,0.9999994106437463,1.1787121599882155e-06,1.7019861316894067,0.0010856852708667462,5.374589662210383e-13,5.373479439185758e-13,21.16649808960652,345.07752437895834,1e-12
success,,Li-Li_2.66_hgbs-5_as-006-010,hamiltonian_generator/hgbs5_diatomic_basis_transfer/night/Li-Li/2.66/hgbs-5/Li-Li_2.66_hgbs-5_as-006-010.tensors.npz,Li-Li,2.66,hgbs-5,6,10,16,656,1176,jw,random_groups,15,2689661021,1176,230944,0.3342654508611955,26,"[48,36,56,56,48,48,64,64,56,56,28,24,24,24,108,36,32,32,56,72,72,32,32,32,32,8]","[3,11,24,2,1,7,12,15,20,6,4,22,21,18,16,8,0,10,14,13,17,9,5,25,19,23]",4f440ee372979688,4cffe62bc002f419,100,0.01,1.0,117600,0.08082161655214863,0.00040410808276074317,1.7498114574530463,1.2083997717127204e-05,0.002272416000778321,3136,2.207533708999108,0.007277458997123176,13.886616541996773,0.9999999498987241,1.0020254925802163e-07,1.7019860555778432,0.0003165478665408039,1.6263212998524068e-11,1.626332402082653e-11,1.7993681065145053,7.818265407103897,1e-12
success,,Li-Li_2.66_hgbs-5_as-006-010,hamiltonian_generator/hgbs5_diatomic_basis_transfer/night/Li-Li/2.66/hgbs-5/Li-Li_2.66_hgbs-5_as-006-010.tensors.npz,Li-Li,2.66,hgbs-5,6,10,16,656,1176,fermionic,random_groups,15,2656123937,656,86311,0.40174548501210205,41,"[16,14,12,11,11,13,12,11,12,10,12,8,10,14,16,10,10,14,18,8,24,19,14,12,17,16,35,45,23,37,15,29,12,13,47,6,9,10,16,6,9]","[4,17,8,40,3,21,22,13,24,30,37,26,29,6,2,1,18,23,35,10,33,7,36,19,5,34,0,16,25,14,11,38,12,27,31,39,20,9,32,28,15]",97425cbcadabad04,c76b629d74fee802,100,0.01,1.0,117600,0.058622895806253864,0.0002931144790312693,0.9205994806432378,1.1832999007310718e-05,0.002108042001054855,3136,2.207533708999108,0.007277458997123176,13.884613750000426,0.9999999730322239,5.393555146948614e-08,1.7019865883262002,0.00023224028988666514,5.616618281578667e-13,5.616618281578667e-13,0.9685373460066503,15.790069203400977,1e-12
success,,Li-Li_2.66_hgbs-5_as-006-010,hamiltonian_generator/hgbs5_diatomic_basis_transfer/night/Li-Li/2.66/hgbs-5/Li-Li_2.66_hgbs-5_as-006-010.tensors.npz,Li-Li,2.66,hgbs-5,6,10,16,656,1176,jw,random_groups,16,300390204,1176,230944,0.3342654508611955,26,"[48,36,56,56,48,48,64,64,56,56,28,24,24,24,108,36,32,32,56,72,72,32,32,32,32,8]","[10,7,25,22,21,8,5,18,0,24,1,6,12,9,2,14,11,13,3,20,23,4,19,16,17,15]",edb7bcc9fb3d3117,6fd7e14562d0f6d7,100,0.01,1.0,117600,0.04016492930750244,0.00020082464653751222,0.43214570825095455,1.2166998203611001e-05,0.002245084000605857,3136,2.207533708999108,0.007277458997123176,14.016654167000524,0.9999999926182632,1.4763473554779694e-08,1.7019871379979357,0.00012150503510052451,1.668331028881198e-10,1.6683299186581735e-10,0.26511225165974783,1.1519143518475607,1e-12
success,,Li-Li_2.66_hgbs-5_as-006-010,hamiltonian_generator/hgbs5_diatomic_basis_transfer/night/Li-Li/2.66/hgbs-5/Li-Li_2.66_hgbs-5_as-006-010.tensors.npz,Li-Li,2.66,hgbs-5,6,10,16,656,1176,fermionic,random_groups,16,278060400,656,86311,0.40174548501210205,41,"[16,14,12,11,11,13,12,11,12,10,12,8,10,14,16,10,10,14,18,8,24,19,14,12,17,16,35,45,23,37,15,29,12,13,47,6,9,10,16,6,9]","[23,24,15,19,29,38,21,1,9,22,18,34,17,20,35,4,26,8,5,25,7,39,32,31,16,36,37,27,2,28,33,10,14,3,6,12,11,0,13,40,30]",458ce4825f304bbb,8ddf25392d8cabef,100,0.01,1.0,117600,0.02001669979159775,0.00010008349895798876,0.10733000309152932,1.3332999515114352e-05,0.0021234590021776967,3136,2.207533708999108,0.007277458997123176,13.895208041998558,0.9999999967389167,6.522166584588263e-09,1.701986761988559,8.0759931801533e-05,5.322409180053e-13,5.323519403077626e-13,0.1171205585544847,1.9094170527768077,1e-12
success,,Li-Li_2.66_hgbs-5_as-006-010,hamiltonian_generator/hgbs5_diatomic_basis_transfer/night/Li-Li/2.66/hgbs-5/Li-Li_2.66_hgbs-5_as-006-010.tensors.npz,Li-Li,2.66,hgbs-5,6,10,16,656,1176,jw,random_groups,17,2871051818,1176,230944,0.3342654508611955,26,"[48,36,56,56,48,48,64,64,56,56,28,24,24,24,108,36,32,32,56,72,72,32,32,32,32,8]","[3,0,8,22,17,23,24,5,15,19,25,12,11,21,13,10,9,1,2,16,14,20,7,4,18,6]",c4476ddba9cc59ee,d3b803818591df3a,100,0.01,1.0,117600,0.12151010901873441,0.000607550545093672,3.9551322648755964,1.1874999472638592e-05,0.002103666000039084,3136,2.207533708999108,0.007277458997123176,13.95708674999696,0.9999998919670061,2.1606597611079081e-07,1.701986034560439,0.00046482898765904496,1.6070256236844216e-11,1.6070145214541753e-11,3.8799634260358737,16.85846477148285,1e-12
success,,Li-Li_2.66_hgbs-5_as-006-010,hamiltonian_generator/hgbs5_diatomic_basis_transfer/night/Li-Li/2.66/hgbs-5/Li-Li_2.66_hgbs-5_as-006-010.tensors.npz,Li-Li,2.66,hgbs-5,6,10,16,656,1176,fermionic,random_groups,17,3881362396,656,86311,0.40174548501210205,41,"[16,14,12,11,11,13,12,11,12,10,12,8,10,14,16,10,10,14,18,8,24,19,14,12,17,16,35,45,23,37,15,29,12,13,47,6,9,10,16,6,9]","[40,4,34,14,5,36,10,27,29,11,31,0,18,13,6,35,7,38,39,2,32,23,28,16,8,12,33,30,37,9,1,20,24,25,21,15,26,17,3,19,22]",096d4752dcc89049,3f63d4a1094e97d8,100,0.01,1.0,117600,0.013898480982963726,6.949240491481863e-05,0.051745294712251595,1.2750002497341484e-05,0.0020643749994633254,3136,2.207533708999108,0.007277458997123176,14.205163167000137,0.9999999988283987,2.343202520904697e-09,1.7019865369440776,4.8406637157570625e-05,5.558886684298159e-13,5.557776461273534e-13,0.042077610943443824,0.6859915019799331,1e-12
success,,Li-Li_2.66_hgbs-5_as-006-010,hamiltonian_generator/hgbs5_diatomic_basis_transfer/night/Li-Li/2.66/hgbs-5/Li-Li_2.66_hgbs-5_as-006-010.tensors.npz,Li-Li,2.66,hgbs-5,6,10,16,656,1176,jw,random_groups,18,477683903,1176,230944,0.3342654508611955,26,"[48,36,56,56,48,48,64,64,56,56,28,24,24,24,108,36,32,32,56,72,72,32,32,32,32,8]","[14,22,7,0,25,18,24,4,5,12,8,21,11,6,9,2,10,1,3,23,17,20,13,16,15,19]",5d39dea41e229d60,1b519422ba4db44a,100,0.01,1.0,117600,0.20191486735886655,0.0010095743367943327,10.921261007900045,1.8207996618002653e-05,0.002138542000466259,3136,2.207533708999108,0.007277458997123176,14.10492104199875,0.9999996885003037,6.229992954853714e-07,1.7019862682802054,0.0007893031056057386,5.546132442191265e-10,5.546132442191265e-10,11.187390650020237,48.60928066811086,1e-12
success,,Li-Li_2.66_hgbs-5_as-006-010,hamiltonian_generator/hgbs5_diatomic_basis_transfer/night/Li-Li/2.66/hgbs-5/Li-Li_2.66_hgbs-5_as-006-010.tensors.npz,Li-Li,2.66,hgbs-5,6,10,16,656,1176,fermionic,random_groups,18,60323174,656,86311,0.40174548501210205,41,"[16,14,12,11,11,13,12,11,12,10,12,8,10,14,16,10,10,14,18,8,24,19,14,12,17,16,35,45,23,37,15,29,12,13,47,6,9,10,16,6,9]","[7,6,23,35,29,12,14,22,31,34,24,40,38,18,2,15,4,13,19,28,1,37,3,36,0,21,5,25,11,26,9,30,33,27,8,32,16,39,10,20,17]",aedea3420a1f0af5,6a752aa983d3e26e,100,0.01,1.0,117600,0.06348935922879755,0.00031744679614398774,1.0797869597435539,2.0291998225729913e-05,0.0022907919992576353,3136,2.207533708999108,0.007277458997123176,14.004395416999614,0.9999999690635059,6.18729872892132e-08,1.7019860737775225,0.000248742815551352,4.675149156696534e-13,4.674038933671909e-13,1.1110723310672157,18.113817778808617,1e-12
success,,Li-Li_2.66_hgbs-5_as-006-010,hamiltonian_generator/hgbs5_diatomic_basis_transfer/night/Li-Li/2.66/hgbs-5/Li-Li_2.66_hgbs-5_as-006-010.tensors.npz,Li-Li,2.66,hgbs-5,6,10,16,656,1176,jw,random_groups,19,241670715,1176,230944,0.3342654508611955,26,"[48,36,56,56,48,48,64,64,56,56,28,24,24,24,108,36,32,32,56,72,72,32,32,32,32,8]","[20,13,2,4,9,5,19,25,23,3,1,15,8,21,0,24,16,22,14,6,10,18,11,12,17,7]",53caae1ee600c955,677d9e0214cd92ee,100,0.01,1.0,117600,0.051777002858222704,0.0002588850142911135,0.7181414682932359,1.7124999430961907e-05,0.0021272089979902375,3136,2.207533708999108,0.007277458997123176,13.99343266699725,0.9999999855354088,2.892918216090834e-08,1.7019863588990705,0.00017008580888173164,5.921929613350585e-13,5.92303983637521e-13,0.519490253624657,2.2571883232434873,1e-12
success,,Li-Li_2.66_hgbs-5_as-006-010,hamiltonian_generator/hgbs5_diatomic_basis_transfer/night/Li-Li/2.66/hgbs-5/Li-Li_2.66_hgbs-5_as-006-010.tensors.npz,Li-Li,2.66,hgbs-5,6,10,16,656,1176,fermionic,random_groups,19,4064277062,656,86311,0.40174548501210205,41,"[16,14,12,11,11,13,12,11,12,10,12,8,10,14,16,10,10,14,18,8,24,19,14,12,17,16,35,45,23,37,15,29,12,13,47,6,9,10,16,6,9]","[17,1,24,39,29,13,12,31,27,28,22,11,9,4,37,18,5,30,20,0,7,19,32,26,38,10,34,33,6,15,35,36,2,3,21,8,14,23,40,25,16]",c91e10bb3d7db88b,d3ac5f7378e2283b,100,0.01,1.0,117600,0.024055302021891222,0.00012027651010945611,0.15500932260349942,1.4999997802078724e-05,0.0022220840000954922,3136,2.207533708999108,0.007277458997123176,13.918779457999335,0.9999999971572069,5.685586224046801e-09,1.701986601392428,7.540282636643537e-05,5.980771433655718e-13,5.977440764581843e-13,0.10209782679325453,1.664501381623818,1e-12
success,,Li-Li_2.66_hgbs-5_as-006-012,hamiltonian_generator/hgbs5_diatomic_basis_transfer/night/Li-Li/2.66/hgbs-5/Li-Li_2.66_hgbs-5_as-006-012.tensors.npz,Li-Li,2.66,hgbs-5,6,12,18,1027,1883,baseline,jw_raw,-1,-1,,,,,[],[],4f53cda18c2baa0c,4035c397c6a5d593,100,0.01,1.0,188300,0.0560100566533344,0.000280050283266672,1.0,1.3583001418737695e-05,0.005380541002523387,7056,6.927164832999551,0.023445791000995087,33.71709841699703,0.9999999768402411,4.631951722178229e-08,1.7681239061928584,0.00021521969653564194,8.542055951465954e-13,8.544276397515205e-13,1.0,,1e-12
success,,Li-Li_2.66_hgbs-5_as-006-012,hamiltonian_generator/hgbs5_diatomic_basis_transfer/night/Li-Li/2.66/hgbs-5/Li-Li_2.66_hgbs-5_as-006-012.tensors.npz,Li-Li,2.66,hgbs-5,6,12,18,1027,1883,jw,current,-1,-1,1883,554688,0.313046481664064,48,"[51,38,34,36,31,27,132,48,54,50,48,42,80,72,60,62,62,62,58,48,30,32,50,22,32,32,32,32,28,38,24,16,25,16,16,16,42,37,52,36,24,34,26,26,18,16,20,16]","[0,1,2,3,4,5,6,7,8,9,10,11,12,13,14,15,16,17,18,19,20,21,22,23,24,25,26,27,28,29,30,31,32,33,34,35,36,37,38,39,40,41,42,43,44,45,46,47]",54f4b625e44e4f3e,24d0c6c4d2cacb79,100,0.01,1.0,188300,0.24566544804444637,0.0012283272402222318,19.237832263303055,2.254199716844596e-05,0.005659500002366258,7056,6.927164832999551,0.023445791000995087,33.64920437500041,0.999999526033558,9.479326593675452e-07,1.768123262739329,0.0009736184488626246,5.10132491804427e-10,5.101326028267295e-10,20.465080731061008,1.0,1e-12
success,,Li-Li_2.66_hgbs-5_as-006-012,hamiltonian_generator/hgbs5_diatomic_basis_transfer/night/Li-Li/2.66/hgbs-5/Li-Li_2.66_hgbs-5_as-006-012.tensors.npz,Li-Li,2.66,hgbs-5,6,12,18,1027,1883,fermionic,current,-1,-1,1027,198648,0.3770477801124037,68,"[19,17,18,14,13,14,14,15,13,13,14,15,17,11,10,13,12,12,13,12,11,18,11,17,15,18,27,14,26,15,23,18,16,12,22,16,10,21,12,34,16,13,26,9,32,16,10,21,10,50,20,20,10,8,13,10,13,11,16,19,4,6,13,11,9,3,2,1]","[0,1,2,3,4,5,6,7,8,9,10,11,12,13,14,15,16,17,18,19,20,21,22,23,24,25,26,27,28,29,30,31,32,33,34,35,36,37,38,39,40,41,42,43,44,45,46,47,48,49,50,51,52,53,54,55,56,57,58,59,60,61,62,63,64,65,66,67]",1dad776022f3d30d,d9d344f786e04dfa,100,0.01,1.0,188300,0.03057357474961501,0.00015286787374807506,0.297961682121502,2.316699828952551e-05,0.0056871659980970435,7056,6.927164832999551,0.023445791000995087,33.775261916998716,0.9999999930018996,1.3996200864951902e-08,1.768124135016587,0.00011830554029694426,9.197087535994797e-13,9.199307982044047e-13,0.3021663804900373,1.0,1e-12
success,,Li-Li_2.66_hgbs-5_as-006-012,hamiltonian_generator/hgbs5_diatomic_basis_transfer/night/Li-Li/2.66/hgbs-5/Li-Li_2.66_hgbs-5_as-006-012.tensors.npz,Li-Li,2.66,hgbs-5,6,12,18,1027,1883,jw,reverse_groups,-1,-1,1883,554688,0.313046481664064,48,"[51,38,34,36,31,27,132,48,54,50,48,42,80,72,60,62,62,62,58,48,30,32,50,22,32,32,32,32,28,38,24,16,25,16,16,16,42,37,52,36,24,34,26,26,18,16,20,16]","[47,46,45,44,43,42,41,40,39,38,37,36,35,34,33,32,31,30,29,28,27,26,25,24,23,22,21,20,19,18,17,16,15,14,13,12,11,10,9,8,7,6,5,4,3,2,1,0]",802979d204226306,798acd1f17969597,100,0.01,1.0,188300,0.24566544804444637,0.0012283272402222318,19.237832263303055,2.5166002160403877e-05,0.005773082997620804,7056,6.927164832999551,0.023445791000995087,33.72626562500227,0.9999995260327834,9.479342085727538e-07,1.7681241535217698,0.0009736192444538428,5.101070676971631e-10,5.101070676971631e-10,20.465114177117908,1.000001634298801,1e-12
success,,Li-Li_2.66_hgbs-5_as-006-012,hamiltonian_generator/hgbs5_diatomic_basis_transfer/night/Li-Li/2.66/hgbs-5/Li-Li_2.66_hgbs-5_as-006-012.tensors.npz,Li-Li,2.66,hgbs-5,6,12,18,1027,1883,fermionic,reverse_groups,-1,-1,1027,198648,0.3770477801124037,68,"[19,17,18,14,13,14,14,15,13,13,14,15,17,11,10,13,12,12,13,12,11,18,11,17,15,18,27,14,26,15,23,18,16,12,22,16,10,21,12,34,16,13,26,9,32,16,10,21,10,50,20,20,10,8,13,10,13,11,16,19,4,6,13,11,9,3,2,1]","[67,66,65,64,63,62,61,60,59,58,57,56,55,54,53,52,51,50,49,48,47,46,45,44,43,42,41,40,39,38,37,36,35,34,33,32,31,30,29,28,27,26,25,24,23,22,21,20,19,18,17,16,15,14,13,12,11,10,9,8,7,6,5,4,3,2,1,0]",24159a6b49733bc8,8b5e41b5315a6351,100,0.01,1.0,188300,0.18626736490627951,0.0009313368245313975,11.059653419434909,2.2374999389285222e-05,0.005592957997578196,7056,6.927164832999551,0.023445791000995087,33.73288366699853,0.9999997289932967,5.420133331046628e-07,1.7681240306434811,0.0007362155979069087,1.0612621892391871e-12,1.0612621892391871e-12,11.701618790831757,38.72574696051459,1e-12
success,,Li-Li_2.66_hgbs-5_as-006-012,hamiltonian_generator/hgbs5_diatomic_basis_transfer/night/Li-Li/2.66/hgbs-5/Li-Li_2.66_hgbs-5_as-006-012.tensors.npz,Li-Li,2.66,hgbs-5,6,12,18,1027,1883,jw,random_groups,0,1210356562,1883,554688,0.313046481664064,48,"[51,38,34,36,31,27,132,48,54,50,48,42,80,72,60,62,62,62,58,48,30,32,50,22,32,32,32,32,28,38,24,16,25,16,16,16,42,37,52,36,24,34,26,26,18,16,20,16]","[32,5,7,26,24,44,45,4,39,9,16,0,47,38,28,30,46,21,33,29,15,10,22,20,11,25,19,3,13,1,27,2,18,14,17,6,35,31,40,23,42,8,34,36,43,41,37,12]",0b7553744053583b,4ddc6e18b66fe91a,100,0.01,1.0,188300,0.12685630526954,0.0006342815263477,5.129701483843187,2.3042000975692645e-05,0.005923124997934792,7056,6.927164832999551,0.023445791000995087,33.70332408299873,0.9999999720705701,5.5858858982738013e-08,1.7681237720454854,0.00023634478999947118,3.769676792941823e-10,3.7696756827187983e-10,1.205946485048202,0.05892703287594996,1e-12
success,,Li-Li_2.66_hgbs-5_as-006-012,hamiltonian_generator/hgbs5_diatomic_basis_transfer/night/Li-Li/2.66/hgbs-5/Li-Li_2.66_hgbs-5_as-006-012.tensors.npz,Li-Li,2.66,hgbs-5,6,12,18,1027,1883,fermionic,random_groups,0,2141709297,1027,198648,0.3770477801124037,68,"[19,17,18,14,13,14,14,15,13,13,14,15,17,11,10,13,12,12,13,12,11,18,11,17,15,18,27,14,26,15,23,18,16,12,22,16,10,21,12,34,16,13,26,9,32,16,10,21,10,50,20,20,10,8,13,10,13,11,16,19,4,6,13,11,9,3,2,1]","[61,17,39,65,37,53,23,29,2,66,48,22,46,28,14,30,47,19,54,31,21,25,0,63,33,32,9,36,50,4,45,18,26,34,11,1,51,35,8,3,6,59,7,44,13,62,16,15,52,56,40,10,38,27,41,20,24,55,5,49,57,67,42,60,58,12,64,43]",5c55a54abd0c713b,8a433baf4c65e895,100,0.01,1.0,188300,0.049828496759822316,0.0002491424837991116,0.7914501158422506,2.1791998733533546e-05,0.005699500001355773,7056,6.927164832999551,0.023445791000995087,33.802265458001784,0.9999999800174098,3.996518005422445e-08,1.7681246657544591,0.0001999129322938205,9.158229730132916e-13,9.157119507108291e-13,0.8628151252714343,2.855430587188975,1e-12
success,,Li-Li_2.66_hgbs-5_as-006-012,hamiltonian_generator/hgbs5_diatomic_basis_transfer/night/Li-Li/2.66/hgbs-5/Li-Li_2.66_hgbs-5_as-006-012.tensors.npz,Li-Li,2.66,hgbs-5,6,12,18,1027,1883,jw,random_groups,1,2762517863,1883,554688,0.313046481664064,48,"[51,38,34,36,31,27,132,48,54,50,48,42,80,72,60,62,62,62,58,48,30,32,50,22,32,32,32,32,28,38,24,16,25,16,16,16,42,37,52,36,24,34,26,26,18,16,20,16]","[27,21,39,2,40,34,9,19,14,24,26,43,8,18,35,47,16,15,7,45,10,13,32,12,0,23,33,11,42,6,17,29,4,1,37,31,20,46,30,28,44,3,36,41,25,22,5,38]",9aa24c9428e9035e,4ac03e7c21cd5b80,100,0.01,1.0,188300,0.24582804752780016,0.0012291402376390008,19.263306718929734,2.1666997781721875e-05,0.005629416998999659,7056,6.927164832999551,0.023445791000995087,33.69722299999921,0.9999995820352596,8.359293059978512e-07,1.7681237088910087,0.0009142917919061481,1.0733240962679247e-09,1.0733239852456222e-09,18.04702112924324,0.8818446096746767,1e-12
success,,Li-Li_2.66_hgbs-5_as-006-012,hamiltonian_generator/hgbs5_diatomic_basis_transfer/night/Li-Li/2.66/hgbs-5/Li-Li_2.66_hgbs-5_as-006-012.tensors.npz,Li-Li,2.66,hgbs-5,6,12,18,1027,1883,fermionic,random_groups,1,655775863,1027,198648,0.3770477801124037,68,"[19,17,18,14,13,14,14,15,13,13,14,15,17,11,10,13,12,12,13,12,11,18,11,17,15,18,27,14,26,15,23,18,16,12,22,16,10,21,12,34,16,13,26,9,32,16,10,21,10,50,20,20,10,8,13,10,13,11,16,19,4,6,13,11,9,3,2,1]","[29,6,13,26,49,10,63,42,37,38,2,0,35,25,45,34,51,47,61,16,17,23,43,7,56,65,21,11,55,48,9,5,50,32,24,59,40,18,20,30,4,33,27,58,66,31,3,57,39,54,52,60,41,1,36,22,8,46,64,12,15,44,62,67,28,14,19,53]",85a07bc8e9415809,105640f54899eef1,100,0.01,1.0,188300,0.0686455037314763,0.0003432275186573815,1.5020769048347404,2.2291998902801424e-05,0.005751999997301027,7056,6.927164832999551,0.023445791000995087,33.68408779199672,0.9999999638155499,7.236889887352049e-08,1.7681242505268688,0.00026901468399659546,9.270362255620057e-13,9.270362255620057e-13,1.562384567330684,5.170610194280688,1e-12
success,,Li-Li_2.66_hgbs-5_as-006-012,hamiltonian_generator/hgbs5_diatomic_basis_transfer/night/Li-Li/2.66/hgbs-5/Li-Li_2.66_hgbs-5_as-006-012.tensors.npz,Li-Li,2.66,hgbs-5,6,12,18,1027,1883,jw,random_groups,2,356889448,1883,554688,0.313046481664064,48,"[51,38,34,36,31,27,132,48,54,50,48,42,80,72,60,62,62,62,58,48,30,32,50,22,32,32,32,32,28,38,24,16,25,16,16,16,42,37,52,36,24,34,26,26,18,16,20,16]","[33,2,4,32,23,27,47,3,13,36,42,40,22,16,39,5,34,38,31,37,8,29,45,9,6,11,30,10,25,18,20,26,19,35,12,7,24,0,46,28,1,15,43,14,44,21,17,41]",0d7e3b68da1300a1,9d8db699d5b0acfb,100,0.01,1.0,188300,0.2351813562428875,0.0011759067812144375,17.63087056605788,2.2500000341096893e-05,0.005560707999393344,7056,6.927164832999551,0.023445791000995087,33.7026554160002,0.9999997599115737,4.801767948814373e-07,1.768123589264827,0.0006929479435729731,1.2883917266393041e-09,1.2883917266393041e-09,10.366619163630414,0.5065515890145701,1e-12
success,,Li-Li_2.66_hgbs-5_as-006-012,hamiltonian_generator/hgbs5_diatomic_basis_transfer/night/Li-Li/2.66/hgbs-5/Li-Li_2.66_hgbs-5_as-006-012.tensors.npz,Li-Li,2.66,hgbs-5,6,12,18,1027,1883,fermionic,random_groups,2,3721226621,1027,198648,0.3770477801124037,68,"[19,17,18,14,13,14,14,15,13,13,14,15,17,11,10,13,12,12,13,12,11,18,11,17,15,18,27,14,26,15,23,18,16,12,22,16,10,21,12,34,16,13,26,9,32,16,10,21,10,50,20,20,10,8,13,10,13,11,16,19,4,6,13,11,9,3,2,1]","[46,4,41,51,7,3,27,37,63,32,35,47,23,18,40,28,19,12,31,59,2,43,1,56,24,11,0,38,64,49,16,45,33,8,53,60,36,42,55,21,5,54,50,13,26,20,39,52,44,10,34,6,57,22,66,15,29,65,48,17,14,62,58,30,25,67,61,9]",05e20cd67ec4a6e3,fbca81fc3e53ad8e,100,0.01,1.0,188300,0.020275187330317367,0.00010137593665158684,0.13103814217084814,2.1708001440856606e-05,0.005652375002682675,7056,6.927164832999551,0.023445791000995087,33.89646949999951,0.9999999977559848,4.488030391769371e-09,1.7681243295868538,6.699276372690837e-05,9.036105197424149e-13,9.033884751374899e-13,0.09689285771870745,0.3206606160538833,1e-12
success,,Li-Li_2.66_hgbs-5_as-006-012,hamiltonian_generator/hgbs5_diatomic_basis_transfer/night/Li-Li/2.66/hgbs-5/Li-Li_2.66_hgbs-5_as-006-012.tensors.npz,Li-Li,2.66,hgbs-5,6,12,18,1027,1883,jw,random_groups,3,127881266,1883,554688,0.313046481664064,48,"[51,38,34,36,31,27,132,48,54,50,48,42,80,72,60,62,62,62,58,48,30,32,50,22,32,32,32,32,28,38,24,16,25,16,16,16,42,37,52,36,24,34,26,26,18,16,20,16]","[38,35,11,18,36,39,14,3,29,19,41,32,20,33,13,44,2,5,16,46,1,9,30,25,27,24,6,4,34,45,7,23,37,42,17,31,10,15,43,0,12,21,8,28,22,47,26,40]",707950e0386f82fe,4a0c4abc9e552993,100,0.01,1.0,188300,0.28496216804322844,0.0014248108402161422,25.884655465965846,2.2791999072069302e-05,0.005531875001906883,7056,6.927164832999551,0.023445791000995087,33.839053125000646,0.999999526908238,9.461833001545017e-07,1.7681239347728779,0.0009727196533305285,2.7625476350934264e-09,2.7625478571380313e-09,20.427313515036982,0.9981545532841851,1e-12
success,,Li-Li_2.66_hgbs-5_as-006-012,hamiltonian_generator/hgbs5_diatomic_basis_transfer/night/Li-Li/2.66/hgbs-5/Li-Li_2.66_hgbs-5_as-006-012.tensors.npz,Li-Li,2.66,hgbs-5,6,12,18,1027,1883,fermionic,random_groups,3,3009769677,1027,198648,0.3770477801124037,68,"[19,17,18,14,13,14,14,15,13,13,14,15,17,11,10,13,12,12,13,12,11,18,11,17,15,18,27,14,26,15,23,18,16,12,22,16,10,21,12,34,16,13,26,9,32,16,10,21,10,50,20,20,10,8,13,10,13,11,16,19,4,6,13,11,9,3,2,1]","[4,35,7,2,45,64,28,56,43,23,52,62,66,12,16,40,38,39,27,21,14,10,29,37,51,47,41,3,46,6,48,8,32,49,60,58,26,9,33,65,24,11,53,42,63,59,31,0,36,15,55,22,34,17,30,13,20,57,67,19,61,50,1,25,54,5,18,44]",8ae524da55b8873a,73d413b52f798213,100,0.01,1.0,188300,0.030978882110972973,0.00015489441055486486,0.30591407559439215,2.229100209660828e-05,0.005613666999124689,7056,6.927164832999551,0.023445791000995087,33.82268375000058,0.9999999935661815,1.2867636955959938e-08,1.7681239245780436,0.00011343560709036619,8.452127886471317e-13,8.454348332520567e-13,0.27780162073685827,0.919366410936698,1e-12
success,,Li-Li_2.66_hgbs-5_as-006-012,hamiltonian_generator/hgbs5_diatomic_basis_transfer/night/Li-Li/2.66/hgbs-5/Li-Li_2.66_hgbs-5_as-006-012.tensors.npz,Li-Li,2.66,hgbs-5,6,12,18,1027,1883,jw,random_groups,4,787011875,1883,554688,0.313046481664064,48,"[51,38,34,36,31,27,132,48,54,50,48,42,80,72,60,62,62,62,58,48,30,32,50,22,32,32,32,32,28,38,24,16,25,16,16,16,42,37,52,36,24,34,26,26,18,16,20,16]","[32,17,35,6,2,23,45,26,24,29,10,9,34,31,27,46,1,47,0,41,12,40,30,33,42,4,3,11,36,16,19,44,18,14,38,5,8,25,15,20,7,13,28,39,37,21,22,43]",0a0e8994cebe1dbf,5067acec01905af9,100,0.01,1.0,188300,0.042026493128068915,0.00021013246564034456,0.563007629711985,2.641600076458417e-05,0.005627291000564583,7056,6.927164832999551,0.023445791000995087,34.00681599999734,0.9999999899207269,2.0158546054638293e-08,1.7681230254977194,0.00014198079505926353,3.246214408392234e-10,3.246216628838283e-10,0.4352063074862642,0.021265799690969558,1e-12
success,,Li-Li_2.66_hgbs-5_as-006-012,hamiltonian_generator/hgbs5_diatomic_basis_transfer/night/Li-Li/2.66/hgbs-5/Li-Li_2.66_hgbs-5_as-006-012.tensors.npz,Li-Li,2.66,hgbs-5,6,12,18,1027,1883,fermionic,random_groups,4,1642975799,1027,198648,0.3770477801124037,68,"[19,17,18,14,13,14,14,15,13,13,14,15,17,11,10,13,12,12,13,12,11,18,11,17,15,18,27,14,26,15,23,18,16,12,22,16,10,21,12,34,16,13,26,9,32,16,10,21,10,50,20,20,10,8,13,10,13,11,16,19,4,6,13,11,9,3,2,1]","[64,31,51,62,58,16,65,19,50,41,47,29,2,10,26,55,53,66,30,67,3,43,21,42,22,61,28,44,54,35,45,27,7,23,15,48,37,9,63,34,17,49,36,46,14,56,33,24,13,18,60,6,57,40,12,0,25,1,32,11,39,8,20,59,38,4,5,52]",6469345c224d00b0,13bbc6ea445bc342,100,0.01,1.0,188300,0.05524277966772611,0.00027621389833863057,0.972789830963553,2.5332999939564615e-05,0.005963792002148693,7056,6.927164832999551,0.023445791000995087,33.94778070800021,0.9999999757335624,4.853287471906498e-08,1.7681245946831745,0.00022030178227644117,9.457989946781709e-13,9.456879723757083e-13,1.0477845545471667,3.4675748931695374,1e-12
success,,Li-Li_2.66_hgbs-5_as-006-012,hamiltonian_generator/hgbs5_diatomic_basis_transfer/night/Li-Li/2.66/hgbs-5/Li-Li_2.66_hgbs-5_as-006-012.tensors.npz,Li-Li,2.66,hgbs-5,6,12,18,1027,1883,jw,random_groups,5,2035168904,1883,554688,0.313046481664064,48,"[51,38,34,36,31,27,132,48,54,50,48,42,80,72,60,62,62,62,58,48,30,32,50,22,32,32,32,32,28,38,24,16,25,16,16,16,42,37,52,36,24,34,26,26,18,16,20,16]","[46,41,37,4,44,1,20,0,23,25,16,45,47,10,22,17,32,33,26,35,36,29,14,24,13,30,7,31,21,34,43,11,38,15,39,3,28,19,40,9,42,5,8,27,6,2,18,12]",8f4e5a9b3ee640de,cdc124f0efa88cb4,100,0.01,1.0,188300,0.05727037107765573,0.00028635185538827867,1.0455094684597745,2.9208000341895968e-05,0.005575791998126078,7056,6.927164832999551,0.023445791000995087,33.83393699999942,0.999999993787075,1.2425849904573738e-08,1.7681240881113172,0.00011147129632588713,1.0599865429838928e-10,1.0599876532069175e-10,0.2682638043284773,0.013108367753532395,1e-12
success,,Li-Li_2.66_hgbs-5_as-006-012,hamiltonian_generator/hgbs5_diatomic_basis_transfer/night/Li-Li/2.66/hgbs-5/Li-Li_2.66_hgbs-5_as-006-012.tensors.npz,Li-Li,2.66,hgbs-5,6,12,18,1027,1883,fermionic,random_groups,5,798141276,1027,198648,0.3770477801124037,68,"[19,17,18,14,13,14,14,15,13,13,14,15,17,11,10,13,12,12,13,12,11,18,11,17,15,18,27,14,26,15,23,18,16,12,22,16,10,21,12,34,16,13,26,9,32,16,10,21,10,50,20,20,10,8,13,10,13,11,16,19,4,6,13,11,9,3,2,1]","[62,52,63,15,30,3,44,66,13,54,14,48,45,12,56,39,1,49,57,31,43,64,26,9,22,32,36,55,25,19,21,11,7,51,53,20,4,5,67,28,60,59,10,50,40,17,29,38,24,42,6,35,18,46,47,23,34,8,58,41,65,61,2,33,37,27,0,16]",ae3ad1709639812d,f1adaa2543cc9200,100,0.01,1.0,188300,0.16066289353481297,0.0008033144676740649,8.228092109370515,2.425000275252387e-05,0.005700667003111448,7056,6.927164832999551,0.023445791000995087,33.93867825000052,0.9999997978143635,4.043712320545012e-07,1.7681242830732695,0.000635901936552098,9.100498132852408e-13,9.103828801926284e-13,8.730039868903058,28.89149962595159,1e-12
success,,Li-Li_2.66_hgbs-5_as-006-012,hamiltonian_generator/hgbs5_diatomic_basis_transfer/night/Li-Li/2.66/hgbs-5/Li-Li_2.66_hgbs-5_as-006-012.tensors.npz,Li-Li,2.66,hgbs-5,6,12,18,1027,1883,jw,random_groups,6,1711018150,1883,554688,0.313046481664064,48,"[51,38,34,36,31,27,132,48,54,50,48,42,80,72,60,62,62,62,58,48,30,32,50,22,32,32,32,32,28,38,24,16,25,16,16,16,42,37,52,36,24,34,26,26,18,16,20,16]","[26,37,31,3,44,35,33,21,14,7,34,15,6,46,10,4,43,1,5,18,9,27,38,16,32,36,23,41,8,25,47,11,22,0,39,19,13,42,40,45,29,24,30,17,12,2,20,28]",ab7c12188cb56bde,a8f9757c6c12ce54,100,0.01,1.0,188300,0.22907973475956675,0.0011453986737978337,16.727895982402593,2.6500001695239916e-05,0.005683542000042507,7056,6.927164832999551,0.023445791000995087,33.882183417001215,0.9999998285047581,3.429904543716944e-07,1.7681242500912682,0.0005856538942008364,6.026087406851843e-10,6.026088517074868e-10,7.404879734160941,0.3618299791469739,1e-12
success,,Li-Li_2.66_hgbs-5_as-006-012,hamiltonian_generator/hgbs5_diatomic_basis_transfer/night/Li-Li/2.66/hgbs-5/Li-Li_2.66_hgbs-5_as-006-012.tensors.npz,Li-Li,2.66,hgbs-5,6,12,18,1027,1883,fermionic,random_groups,6,1961245444,1027,198648,0.3770477801124037,68,"[19,17,18,14,13,14,14,15,13,13,14,15,17,11,10,13,12,12,13,12,11,18,11,17,15,18,27,14,26,15,23,18,16,12,22,16,10,21,12,34,16,13,26,9,32,16,10,21,10,50,20,20,10,8,13,10,13,11,16,19,4,6,13,11,9,3,2,1]","[42,22,35,66,49,43,6,63,59,5,27,56,2,37,47,41,15,7,11,65,55,50,31,0,62,61,20,44,4,28,24,58,34,8,21,38,14,30,60,13,25,39,46,19,48,45,16,52,9,23,51,29,32,18,67,57,53,40,10,1,64,17,26,54,36,12,3,33]",a0cebc8d46f6fa05,517de6839efa9c04,100,0.01,1.0,188300,0.05664804518240208,0.0002832402259120104,1.0229109594107324,2.341700019314885e-05,0.005717708001611754,7056,6.927164832999551,0.023445791000995087,33.78736637499969,0.9999999757496465,4.8500706451015674e-08,1.768124086188895,0.00022022876062432713,9.36362098968857e-13,9.362510766663945e-13,1.0470900682921551,3.4652765360396494,1e-12
success,,Li-Li_2.66_hgbs-5_as-006-012,hamiltonian_generator/hgbs5_diatomic_basis_transfer/night/Li-Li/2.66/hgbs-5/Li-Li_2.66_hgbs-5_as-006-012.tensors.npz,Li-Li,2.66,hgbs-5,6,12,18,1027,1883,jw,random_groups,7,4014239043,1883,554688,0.313046481664064,48,"[51,38,34,36,31,27,132,48,54,50,48,42,80,72,60,62,62,62,58,48,30,32,50,22,32,32,32,32,28,38,24,16,25,16,16,16,42,37,52,36,24,34,26,26,18,16,20,16]","[26,39,24,38,0,41,35,16,25,46,42,1,20,31,18,28,47,37,40,5,13,22,8,17,23,9,19,7,33,11,30,27,12,10,34,14,45,21,15,3,43,36,6,29,44,2,4,32]",fd581a008e936772,4d54fe15101b071c,100,0.01,1.0,188300,0.030768196377566656,0.00015384098188783328,0.3017672142103512,2.829200093401596e-05,0.005613999997876817,7056,6.927164832999551,0.023445791000995087,33.80497466599991,0.9999999924327261,1.5134547726169956e-08,1.7681233589359526,0.00012302255011660367,2.2574409008768725e-10,2.257439790653848e-10,0.3267423460763697,0.015965846916032655,1e-12
success,,Li-Li_2.66_hgbs-5_as-006-012,hamiltonian_generator/hgbs5_diatomic_basis_transfer/night/Li-Li/2.66/hgbs-5/Li-Li_2.66_hgbs-5_as-006-012.tensors.npz,Li-Li,2.66,hgbs-5,6,12,18,1027,1883,fermionic,random_groups,7,3176632585,1027,198648,0.3770477801124037,68,"[19,17,18,14,13,14,14,15,13,13,14,15,17,11,10,13,12,12,13,12,11,18,11,17,15,18,27,14,26,15,23,18,16,12,22,16,10,21,12,34,16,13,26,9,32,16,10,21,10,50,20,20,10,8,13,10,13,11,16,19,4,6,13,11,9,3,2,1]","[24,23,28,52,32,6,60,15,43,27,45,34,48,49,55,14,53,10,5,63,58,39,11,31,62,21,16,19,1,56,51,46,17,37,42,35,47,67,7,44,25,22,30,26,0,50,29,3,33,20,38,8,2,64,36,18,41,4,66,40,12,9,59,54,57,65,13,61]",9cb78715c9a683b5,5d0ebfecf3d75cb4,100,0.01,1.0,188300,0.05001302952890978,0.0002500651476445489,0.7973230169290559,2.3584001610288396e-05,0.005600332999165403,7056,6.927164832999551,0.023445791000995087,33.79459612500068,0.9999999799116439,4.01767117352847e-08,1.7681244935316585,0.00020044129359833495,1.0873524303178783e-12,1.0873524303178783e-12,0.8673819190065118,2.8705440942828857,1e-12
success,,Li-Li_2.66_hgbs-5_as-006-012,hamiltonian_generator/hgbs5_diatomic_basis_transfer/night/Li-Li/2.66/hgbs-5/Li-Li_2.66_hgbs-5_as-006-012.tensors.npz,Li-Li,2.66,hgbs-5,6,12,18,1027,1883,jw,random_groups,8,3505763577,1883,554688,0.313046481664064,48,"[51,38,34,36,31,27,132,48,54,50,48,42,80,72,60,62,62,62,58,48,30,32,50,22,32,32,32,32,28,38,24,16,25,16,16,16,42,37,52,36,24,34,26,26,18,16,20,16]","[18,17,43,20,16,10,13,41,32,22,27,36,42,35,38,12,0,3,7,5,39,23,45,8,25,24,6,21,4,26,28,2,14,15,47,44,30,34,31,19,33,1,37,46,40,11,9,29]",0b25880fe8e94571,1d43766927be5ec0,100,0.01,1.0,188300,0.18604984311313416,0.0009302492155656709,11.033837722142085,2.3791999410605058e-05,0.005749749998358311,7056,6.927164832999551,0.023445791000995087,34.072426124999765,0.999999870701287,2.585974091529053e-07,1.768123107154277,0.0005085247544783567,2.0150322521672592e-09,2.0150320301226543e-09,5.582903809526254,0.272801455459336,1e-12
success,,Li-Li_2.66_hgbs-5_as-006-012,hamiltonian_generator/hgbs5_diatomic_basis_transfer/night/Li-Li/2.66/hgbs-5/Li-Li_2.66_hgbs-5_as-006-012.tensors.npz,Li-Li,2.66,hgbs-5,6,12,18,1027,1883,fermionic,random_groups,8,1309813757,1027,198648,0.3770477801124037,68,"[19,17,18,14,13,14,14,15,13,13,14,15,17,11,10,13,12,12,13,12,11,18,11,17,15,18,27,14,26,15,23,18,16,12,22,16,10,21,12,34,16,13,26,9,32,16,10,21,10,50,20,20,10,8,13,10,13,11,16,19,4,6,13,11,9,3,2,1]","[25,40,38,48,18,65,16,31,29,30,22,21,56,43,33,42,47,24,35,26,45,15,36,23,59,50,6,32,46,60,51,57,58,0,2,7,11,13,34,19,52,41,54,10,12,49,39,55,67,66,37,61,44,63,28,8,5,3,64,17,4,20,27,14,53,62,1,9]",e5300b083ca2f2de,a87c6515b1004b8b,100,0.01,1.0,188300,0.03634057196267877,0.00018170285981339385,0.42097033485154195,2.9082999390084296e-05,0.005699499997717794,7056,6.927164832999551,0.023445791000995087,33.92359933300031,0.9999999890947384,2.1810523054277553e-08,1.7681244920829717,0.00014768386223721215,8.757439218243235e-13,8.75854944126786e-13,0.4708711222063623,1.5583173794607088,1e-12
success,,Li-Li_2.66_hgbs-5_as-006-012,hamiltonian_generator/hgbs5_diatomic_basis_transfer/night/Li-Li/2.66/hgbs-5/Li-Li_2.66_hgbs-5_as-006-012.tensors.npz,Li-Li,2.66,hgbs-5,6,12,18,1027,1883,jw,random_groups,9,1660266936,1883,554688,0.313046481664064,48,"[51,38,34,36,31,27,132,48,54,50,48,42,80,72,60,62,62,62,58,48,30,32,50,22,32,32,32,32,28,38,24,16,25,16,16,16,42,37,52,36,24,34,26,26,18,16,20,16]","[1,47,6,31,15,34,30,7,45,26,29,38,20,16,35,43,11,23,39,0,22,33,18,28,19,40,42,46,36,14,9,4,10,44,8,37,3,25,13,27,41,2,17,21,12,32,24,5]",16a7ba7d0b096c49,995b62d7bc8c900a,100,0.01,1.0,188300,0.14808434390590017,0.0007404217195295009,6.9901463282860155,2.3790998966433108e-05,0.005580999997619074,7056,6.927164832999551,0.023445791000995087,33.739788625000074,0.9999998337924472,3.3241507801928805e-07,1.7681237315241514,0.0005765545123089761,7.288358805368489e-11,7.288347703138243e-11,7.176566120662544,0.35067372638165384,1e-12
success,,Li-Li_2.66_hgbs-5_as-006-012,hamiltonian_generator/hgbs5_diatomic_basis_transfer/night/Li-Li/2.66/hgbs-5/Li-Li_2.66_hgbs-5_as-006-012.tensors.npz,Li-Li,2.66,hgbs-5,6,12,18,1027,1883,fermionic,random_groups,9,3136468736,1027,198648,0.3770477801124037,68,"[19,17,18,14,13,14,14,15,13,13,14,15,17,11,10,13,12,12,13,12,11,18,11,17,15,18,27,14,26,15,23,18,16,12,22,16,10,21,12,34,16,13,26,9,32,16,10,21,10,50,20,20,10,8,13,10,13,11,16,19,4,6,13,11,9,3,2,1]","[44,11,64,18,20,66,60,19,62,0,8,61,10,56,52,59,13,53,38,48,5,27,32,24,33,67,57,47,42,4,16,36,17,3,51,41,26,63,9,7,23,65,40,29,14,46,6,37,34,28,45,54,15,35,12,31,49,50,25,2,39,22,43,30,55,58,1,21]",581a401c4f55a6ca,d5335f3153945ca0,100,0.01,1.0,188300,0.16997538290562914,0.0008498769145281457,9.209584404192919,2.2833999537397176e-05,0.005692708000424318,7056,6.927164832999551,0.023445791000995087,33.79409237499931,0.9999997750344102,4.4993112902069754e-07,1.7681241530593377,0.0006707690956259594,8.855138844410249e-13,8.855138844410249e-13,9.71364029694835,32.14666132345791,1e-12
success,,Li-Li_2.66_hgbs-5_as-006-012,hamiltonian_generator/hgbs5_diatomic_basis_transfer/night/Li-Li/2.66/hgbs-5/Li-Li_2.66_hgbs-5_as-006-012.tensors.npz,Li-Li,2.66,hgbs-5,6,12,18,1027,1883,jw,random_groups,10,2899134699,1883,554688,0.313046481664064,48,"[51,38,34,36,31,27,132,48,54,50,48,42,80,72,60,62,62,62,58,48,30,32,50,22,32,32,32,32,28,38,24,16,25,16,16,16,42,37,52,36,24,34,26,26,18,16,20,16]","[46,15,8,4,2,47,30,34,35,31,39,14,45,21,16,17,3,27,29,22,24,41,13,19,10,33,42,25,11,28,32,36,6,18,7,0,37,5,40,43,23,26,12,1,9,38,20,44]",f85d9939e07cd644,2502b9ed7c256e9a,100,0.01,1.0,188300,0.19208014296764153,0.0009604007148382076,11.76069309092394,2.641700120875612e-05,0.005560292000154732,7056,6.927164832999551,0.023445791000995087,33.60475595800017,0.9999998073917717,3.852164194295682e-07,1.7681238857068926,0.0006206580834171236,1.2002282501200057e-09,1.2002284721646106e-09,8.316503334547185,0.40637530063220123,1e-12
success,,Li-Li_2.66_hgbs-5_as-006-012,hamiltonian_generator/hgbs5_diatomic_basis_transfer/night/Li-Li/2.66/hgbs-5/Li-Li_2.66_hgbs-5_as-006-012.tensors.npz,Li-Li,2.66,hgbs-5,6,12,18,1027,1883,fermionic,random_groups,10,1912219540,1027,198648,0.3770477801124037,68,"[19,17,18,14,13,14,14,15,13,13,14,15,17,11,10,13,12,12,13,12,11,18,11,17,15,18,27,14,26,15,23,18,16,12,22,16,10,21,12,34,16,13,26,9,32,16,10,21,10,50,20,20,10,8,13,10,13,11,16,19,4,6,13,11,9,3,2,1]","[59,0,44,11,24,17,5,39,34,46,57,22,30,67,63,54,9,37,51,48,56,50,33,53,43,27,13,7,62,28,41,1,15,19,35,47,25,58,38,29,10,55,12,21,66,65,8,60,42,36,18,61,52,3,20,64,23,16,2,4,49,32,31,40,14,6,45,26]",be1824ab86e4c3a5,c688e39fb00aff6c,100,0.01,1.0,188300,0.061293738278487886,0.00030646869139243946,1.1975680344574955,2.4291999579872936e-05,0.005637792000925401,7056,6.927164832999551,0.023445791000995087,33.654605083000206,0.9999999722442054,5.551158832606262e-08,1.768124205265829,0.00023560897500566217,9.205969320191798e-13,9.205969320191798e-13,1.1984491992925534,3.9661897440376146,1e-12
success,,Li-Li_2.66_hgbs-5_as-006-012,hamiltonian_generator/hgbs5_diatomic_basis_transfer/night/Li-Li/2.66/hgbs-5/Li-Li_2.66_hgbs-5_as-006-012.tensors.npz,Li-Li,2.66,hgbs-5,6,12,18,1027,1883,jw,random_groups,11,1080384583,1883,554688,0.313046481664064,48,"[51,38,34,36,31,27,132,48,54,50,48,42,80,72,60,62,62,62,58,48,30,32,50,22,32,32,32,32,28,38,24,16,25,16,16,16,42,37,52,36,24,34,26,26,18,16,20,16]","[40,4,27,35,45,29,23,21,1,25,44,15,24,10,11,38,33,7,32,22,43,47,26,31,14,16,30,20,3,2,34,41,8,6,9,12,42,37,39,0,19,18,46,5,28,36,17,13]",497ddba26c90b2cd,8985a62d7ecd942f,100,0.01,1.0,188300,0.14843709767216115,0.0007421854883608057,7.023488642369925,2.6666999474400654e-05,0.005543458002648549,7056,6.927164832999551,0.023445791000995087,33.826263374998234,0.9999999757608165,4.8478366543314166e-08,1.7681238077969157,0.00022017803500446105,6.30350105446098e-10,6.30350105446098e-10,1.0466077681940227,0.05114115023282206,1e-12
success,,Li-Li_2.66_hgbs-5_as-006-012,hamiltonian_generator/hgbs5_diatomic_basis_transfer/night/Li-Li/2.66/hgbs-5/Li-Li_2.66_hgbs-5_as-006-012.tensors.npz,Li-Li,2.66,hgbs-5,6,12,18,1027,1883,fermionic,random_groups,11,1712851842,1027,198648,0.3770477801124037,68,"[19,17,18,14,13,14,14,15,13,13,14,15,17,11,10,13,12,12,13,12,11,18,11,17,15,18,27,14,26,15,23,18,16,12,22,16,10,21,12,34,16,13,26,9,32,16,10,21,10,50,20,20,10,8,13,10,13,11,16,19,4,6,13,11,9,3,2,1]","[17,23,20,31,2,47,44,4,0,60,56,22,37,45,65,7,58,9,41,42,40,27,14,53,48,1,5,26,19,11,66,46,64,59,61,54,21,32,33,12,18,49,13,28,62,29,55,8,24,25,63,3,30,67,50,10,15,35,16,51,43,6,39,38,34,52,36,57]",b3afb0479cb8736c,39fc85f9c7441a86,100,0.01,1.0,188300,0.04105280677836747,0.00020526403389183737,0.5372218726996065,2.3958000383572653e-05,0.005726332998165162,7056,6.927164832999551,0.023445791000995087,33.97717666700191,0.9999999879628734,2.4074253146544322e-08,1.7681242699429045,0.00015515880012930824,8.983924715266767e-13,8.985034938291392e-13,0.5197431793443461,1.720056276616394,1e-12
success,,Li-Li_2.66_hgbs-5_as-006-012,hamiltonian_generator/hgbs5_diatomic_basis_transfer/night/Li-Li/2.66/hgbs-5/Li-Li_2.66_hgbs-5_as-006-012.tensors.npz,Li-Li,2.66,hgbs-5,6,12,18,1027,1883,jw,random_groups,12,3061551492,1883,554688,0.313046481664064,48,"[51,38,34,36,31,27,132,48,54,50,48,42,80,72,60,62,62,62,58,48,30,32,50,22,32,32,32,32,28,38,24,16,25,16,16,16,42,37,52,36,24,34,26,26,18,16,20,16]","[1,19,6,20,8,4,45,41,18,2,23,3,14,24,42,12,25,13,43,11,33,35,21,9,30,7,38,39,5,36,47,28,16,31,10,37,34,27,26,17,0,44,46,15,29,40,22,32]",69d56514f6f6c7b9,c9a5c103481e2319,100,0.01,1.0,188300,0.1147658546444925,0.0005738292732224625,4.198492352061344,2.8500002372311428e-05,0.005931666997639695,7056,6.927164832999551,0.023445791000995087,33.98148508400118,0.9999999087952018,1.824095879898735e-07,1.7681243685727328,0.0004270943646508886,7.735612150838733e-11,7.735601048608487e-11,3.938071874032687,0.19242884627646023,1e-12
success,,Li-Li_2.66_hgbs-5_as-006-012,hamiltonian_generator/hgbs5_diatomic_basis_transfer/night/Li-Li/2.66/hgbs-5/Li-Li_2.66_hgbs-5_as-006-012.tensors.npz,Li-Li,2.66,hgbs-5,6,12,18,1027,1883,fermionic,random_groups,12,1608290837,1027,198648,0.3770477801124037,68,"[19,17,18,14,13,14,14,15,13,13,14,15,17,11,10,13,12,12,13,12,11,18,11,17,15,18,27,14,26,15,23,18,16,12,22,16,10,21,12,34,16,13,26,9,32,16,10,21,10,50,20,20,10,8,13,10,13,11,16,19,4,6,13,11,9,3,2,1]","[59,21,12,14,44,1,3,33,65,56,42,9,47,37,61,58,38,10,30,29,32,52,20,45,46,50,51,48,31,62,40,28,2,53,18,57,6,19,23,15,24,22,4,16,27,49,43,25,34,39,7,13,63,55,0,64,67,41,54,17,26,5,35,8,66,36,11,60]",4f52644cfc198e61,ac7e9c7ed48966ce,100,0.01,1.0,188300,0.060693444997748605,0.00030346722498874305,1.1742256261388335,2.591700103948824e-05,0.005874082999071106,7056,6.927164832999551,0.023445791000995087,33.83829154200066,0.9999999712023881,5.7595222924256007e-08,1.768124515448632,0.00023999004917165238,1.0310641229693829e-12,1.0311751452718454e-12,1.2434331439268798,4.115061185530787,1e-12
success,,Li-Li_2.66_hgbs-5_as-006-012,hamiltonian_generator/hgbs5_diatomic_basis_transfer/night/Li-Li/2.66/hgbs-5/Li-Li_2.66_hgbs-5_as-006-012.tensors.npz,Li-Li,2.66,hgbs-5,6,12,18,1027,1883,jw,random_groups,13,4085994837,1883,554688,0.313046481664064,48,"[51,38,34,36,31,27,132,48,54,50,48,42,80,72,60,62,62,62,58,48,30,32,50,22,32,32,32,32,28,38,24,16,25,16,16,16,42,37,52,36,24,34,26,26,18,16,20,16]","[20,36,30,0,11,29,18,38,32,44,6,19,37,31,14,42,23,12,17,40,10,45,3,35,7,28,5,34,21,2,4,25,41,1,39,27,46,16,8,9,24,13,15,43,33,22,47,26]",e8b06b96ce38b7d2,988d555e8c0f62fb,100,0.01,1.0,188300,0.13376238148661893,0.0006688119074330947,5.703427964154575,2.4709002900635824e-05,0.005519167003512848,7056,6.927164832999551,0.023445791000995087,33.818429124999966,0.9999999670103823,6.597923429829677e-08,1.7681238352982995,0.00025686423536280757,4.3392345272508237e-10,4.3392323068047745e-10,1.424437003140207,0.06960329264561653,1e-12
success,,Li-Li_2.66_hgbs-5_as-006-012,hamiltonian_generator/hgbs5_diatomic_basis_transfer/night/Li-Li/2.66/hgbs-5/Li-Li_2.66_hgbs-5_as-006-012.tensors.npz,Li-Li,2.66,hgbs-5,6,12,18,1027,1883,fermionic,random_groups,13,784840352,1027,198648,0.3770477801124037,68,"[19,17,18,14,13,14,14,15,13,13,14,15,17,11,10,13,12,12,13,12,11,18,11,17,15,18,27,14,26,15,23,18,16,12,22,16,10,21,12,34,16,13,26,9,32,16,10,21,10,50,20,20,10,8,13,10,13,11,16,19,4,6,13,11,9,3,2,1]","[17,51,30,50,27,4,25,14,34,65,22,19,21,5,8,41,61,60,59,11,56,53,16,3,35,33,23,13,36,26,45,62,7,66,2,52,49,43,39,40,58,47,48,12,9,37,46,24,15,6,28,1,31,20,44,32,18,10,57,55,29,0,67,54,64,42,63,38]",7855adc7f94465ee,a679403f66bc8e47,100,0.01,1.0,188300,0.17859475118377985,0.0008929737559188992,10.167293443946546,2.154100002371706e-05,0.0057324580011481885,7056,6.927164832999551,0.023445791000995087,33.79765866699745,0.9999997510903775,4.978191829874135e-07,1.7681241905434724,0.000705563069426014,8.965050923848139e-13,8.966161146872764e-13,10.747503705701583,35.56816508928576,1e-12
success,,Li-Li_2.66_hgbs-5_as-006-012,hamiltonian_generator/hgbs5_diatomic_basis_transfer/night/Li-Li/2.66/hgbs-5/Li-Li_2.66_hgbs-5_as-006-012.tensors.npz,Li-Li,2.66,hgbs-5,6,12,18,1027,1883,jw,random_groups,14,1689819467,1883,554688,0.313046481664064,48,"[51,38,34,36,31,27,132,48,54,50,48,42,80,72,60,62,62,62,58,48,30,32,50,22,32,32,32,32,28,38,24,16,25,16,16,16,42,37,52,36,24,34,26,26,18,16,20,16]","[39,2,23,29,33,16,22,41,1,15,12,21,0,14,45,35,8,28,32,11,25,42,37,47,30,10,31,27,9,46,36,38,4,20,3,34,17,7,26,44,19,6,13,43,24,18,40,5]",c9224f7581453054,6834d1ea21782740,100,0.01,1.0,188300,0.062922373857248,0.00031461186928624,1.2620546859016821,2.2958000045036897e-05,0.0056054169981507584,7056,6.927164832999551,0.023445791000995087,33.87606729199979,0.9999999939508403,1.2098319457365392e-08,1.7681239511203335,0.00010999236090458915,4.982163570588227e-10,4.982164680811252e-10,0.2611926933399905,0.012762846957332723,1e-12
success,,Li-Li_2.66_hgbs-5_as-006-012,hamiltonian_generator/hgbs5_diatomic_basis_transfer/night/Li-Li/2.66/hgbs-5/Li-Li_2.66_hgbs-5_as-006-012.tensors.npz,Li-Li,2.66,hgbs-5,6,12,18,1027,1883,fermionic,random_groups,14,496154559,1027,198648,0.3770477801124037,68,"[19,17,18,14,13,14,14,15,13,13,14,15,17,11,10,13,12,12,13,12,11,18,11,17,15,18,27,14,26,15,23,18,16,12,22,16,10,21,12,34,16,13,26,9,32,16,10,21,10,50,20,20,10,8,13,10,13,11,16,19,4,6,13,11,9,3,2,1]","[26,54,9,27,46,17,49,24,7,2,4,33,62,15,20,40,56,32,50,64,35,66,37,14,29,58,6,48,0,38,11,57,63,10,36,3,23,41,30,5,45,21,25,28,52,22,55,42,65,59,16,39,51,43,1,19,67,8,13,53,60,44,34,47,31,18,12,61]",1e6279d7a49e6253,5cfadfa2963e5c3c,100,0.01,1.0,188300,0.023264554180612743,0.00011632277090306372,0.1725271488050275,2.4249999114545062e-05,0.005863041998964036,7056,6.927164832999551,0.023445791000995087,33.66301291700074,0.9999999961137731,7.772453791687894e-09,1.7681242165721873,8.816152103774012e-05,1.0057510380079293e-12,1.0059730826128543e-12,0.16780083770028603,0.5553259678596792,1e-12
success,,Li-Li_2.66_hgbs-5_as-006-012,hamiltonian_generator/hgbs5_diatomic_basis_transfer/night/Li-Li/2.66/hgbs-5/Li-Li_2.66_hgbs-5_as-006-012.tensors.npz,Li-Li,2.66,hgbs-5,6,12,18,1027,1883,jw,random_groups,15,1681282760,1883,554688,0.313046481664064,48,"[51,38,34,36,31,27,132,48,54,50,48,42,80,72,60,62,62,62,58,48,30,32,50,22,32,32,32,32,28,38,24,16,25,16,16,16,42,37,52,36,24,34,26,26,18,16,20,16]","[1,38,11,7,33,35,43,39,45,26,3,0,20,23,27,40,36,8,17,46,19,18,4,25,24,47,34,13,28,37,16,9,21,29,14,42,31,5,44,12,32,10,15,6,2,30,41,22]",980a17343bfdb02e,2d0041e4681fc8bf,100,0.01,1.0,188300,0.10612591205677202,0.0005306295602838601,3.5901355596075133,2.3124997824197635e-05,0.005686583001079271,7056,6.927164832999551,0.023445791000995087,33.770707917003165,0.999999986370818,2.725836378836277e-08,1.7681239899721766,0.00016510107210556622,5.031851602055326e-10,5.031851602055326e-10,0.5884854899900427,0.028755590936754286,1e-12
success,,Li-Li_2.66_hgbs-5_as-006-012,hamiltonian_generator/hgbs5_diatomic_basis_transfer/night/Li-Li/2.66/hgbs-5/Li-Li_2.66_hgbs-5_as-006-012.tensors.npz,Li-Li,2.66,hgbs-5,6,12,18,1027,1883,fermionic,random_groups,15,3060556930,1027,198648,0.3770477801124037,68,"[19,17,18,14,13,14,14,15,13,13,14,15,17,11,10,13,12,12,13,12,11,18,11,17,15,18,27,14,26,15,23,18,16,12,22,16,10,21,12,34,16,13,26,9,32,16,10,21,10,50,20,20,10,8,13,10,13,11,16,19,4,6,13,11,9,3,2,1]","[34,44,66,51,42,59,20,58,11,40,35,45,38,43,31,36,56,53,1,22,10,0,46,62,24,18,19,12,21,41,5,26,2,32,15,16,8,52,7,27,33,55,17,30,48,14,47,25,65,61,39,4,9,57,49,3,6,50,13,28,54,67,23,37,64,63,60,29]",58c893e9336c422c,79a9bf8be2690eed,100,0.01,1.0,188300,0.16584634905431198,0.0008292317452715599,8.767581404632075,2.5208999431924894e-05,0.005802416999358684,7056,6.927164832999551,0.023445791000995087,34.007227374997456,0.9999997851081022,4.297837494782186e-07,1.7681241412365312,0.0006555789774416935,9.328093852900565e-13,9.325873406851315e-13,9.278675065207887,30.707172155155803,1e-12
success,,Li-Li_2.66_hgbs-5_as-006-012,hamiltonian_generator/hgbs5_diatomic_basis_transfer/night/Li-Li/2.66/hgbs-5/Li-Li_2.66_hgbs-5_as-006-012.tensors.npz,Li-Li,2.66,hgbs-5,6,12,18,1027,1883,jw,random_groups,16,2087612198,1883,554688,0.313046481664064,48,"[51,38,34,36,31,27,132,48,54,50,48,42,80,72,60,62,62,62,58,48,30,32,50,22,32,32,32,32,28,38,24,16,25,16,16,16,42,37,52,36,24,34,26,26,18,16,20,16]","[42,20,18,24,35,38,46,14,43,30,41,13,1,44,16,39,23,32,33,11,3,4,12,21,27,15,2,10,45,6,25,8,9,26,36,47,0,37,19,31,7,17,40,5,29,34,28,22]",7cd19c1ec8ac056f,c927f4f694abea24,100,0.01,1.0,188300,0.2373457081626835,0.0011867285408134174,17.95687427566442,2.2832999093225226e-05,0.005563334001635667,7056,6.927164832999551,0.023445791000995087,33.84983099999954,0.9999996821703689,6.356591610856555e-07,1.7681238550402614,0.0007972824230571942,2.1049374465675896e-09,2.104937335545287e-09,13.72335462915251,0.6705741750788113,1e-12
success,,Li-Li_2.66_hgbs-5_as-006-012,hamiltonian_generator/hgbs5_diatomic_basis_transfer/night/Li-Li/2.66/hgbs-5/Li-Li_2.66_hgbs-5_as-006-012.tensors.npz,Li-Li,2.66,hgbs-5,6,12,18,1027,1883,fermionic,random_groups,16,1778194441,1027,198648,0.3770477801124037,68,"[19,17,18,14,13,14,14,15,13,13,14,15,17,11,10,13,12,12,13,12,11,18,11,17,15,18,27,14,26,15,23,18,16,12,22,16,10,21,12,34,16,13,26,9,32,16,10,21,10,50,20,20,10,8,13,10,13,11,16,19,4,6,13,11,9,3,2,1]","[61,26,60,55,50,30,24,17,19,1,56,6,45,15,43,65,20,42,31,63,49,32,37,14,40,5,64,52,59,51,53,16,48,54,47,3,29,25,11,38,4,39,18,41,58,13,10,21,46,28,62,34,12,22,8,27,66,7,44,9,2,35,0,33,57,23,67,36]",07115020b277a520,e4e56250a5082470,100,0.01,1.0,188300,0.03685555101263732,0.00018427775506318661,0.43298593910454175,3.912499960279092e-05,0.006189458999870112,7056,6.927164832999551,0.023445791000995087,33.92809408299945,0.999999989900956,2.0198087979927948e-08,1.768124074931684,0.00014211997780379172,8.731904088676856e-13,8.729683642627606e-13,0.43605998489184516,1.4431121827142597,1e-12
success,,Li-Li_2.66_hgbs-5_as-006-012,hamiltonian_generator/hgbs5_diatomic_basis_transfer/night/Li-Li/2.66/hgbs-5/Li-Li_2.66_hgbs-5_as-006-012.tensors.npz,Li-Li,2.66,hgbs-5,6,12,18,1027,1883,jw,random_groups,17,3177386084,1883,554688,0.313046481664064,48,"[51,38,34,36,31,27,132,48,54,50,48,42,80,72,60,62,62,62,58,48,30,32,50,22,32,32,32,32,28,38,24,16,25,16,16,16,42,37,52,36,24,34,26,26,18,16,20,16]","[5,19,21,42,1,44,28,22,18,12,23,43,30,31,36,25,2,3,6,32,24,39,0,40,13,17,8,10,9,4,11,29,33,38,41,45,14,7,47,20,15,37,35,27,46,16,34,26]",f9323da2219abbd6,83ad8b52bf12b12d,100,0.01,1.0,188300,0.21326163130739498,0.001066308156536975,14.497510433916684,2.829200093401596e-05,0.005722957997932099,7056,6.927164832999551,0.023445791000995087,33.85122466700341,0.9999996592319775,6.815359288037115e-07,1.7681228602083972,0.0008255519637993964,7.212982433557613e-10,7.212983543780638e-10,14.713796034195523,0.7189708277995486,1e-12
success,,Li-Li_2.66_hgbs-5_as-006-012,hamiltonian_generator/hgbs5_diatomic_basis_transfer/night/Li-Li/2.66/hgbs-5/Li-Li_2.66_hgbs-5_as-006-012.tensors.npz,Li-Li,2.66,hgbs-5,6,12,18,1027,1883,fermionic,random_groups,17,3791310055,1027,198648,0.3770477801124037,68,"[19,17,18,14,13,14,14,15,13,13,14,15,17,11,10,13,12,12,13,12,11,18,11,17,15,18,27,14,26,15,23,18,16,12,22,16,10,21,12,34,16,13,26,9,32,16,10,21,10,50,20,20,10,8,13,10,13,11,16,19,4,6,13,11,9,3,2,1]","[44,37,57,58,47,67,66,8,41,27,34,50,14,4,63,53,22,23,6,55,39,60,9,45,28,12,13,1,43,40,26,21,54,19,52,0,20,25,10,7,11,17,24,59,3,42,16,29,49,51,31,32,5,30,64,38,46,65,35,2,18,62,33,48,15,61,36,56]",235f4bb057d7b4e7,2a243e507e2772a1,100,0.01,1.0,188300,0.03518568518603623,0.00017592842593018115,0.3946389994790213,3.645799733931199e-05,0.0059624999994412065,7056,6.927164832999551,0.023445791000995087,33.98371762500028,0.9999999919843975,1.6031204919109143e-08,1.7681239647087021,0.00012661439503520698,1.0068612610325545e-12,1.0068612610325545e-12,0.34610043197018214,1.1453968883265404,1e-12
success,,Li-Li_2.66_hgbs-5_as-006-012,hamiltonian_generator/hgbs5_diatomic_basis_transfer/night/Li-Li/2.66/hgbs-5/Li-Li_2.66_hgbs-5_as-006-012.tensors.npz,Li-Li,2.66,hgbs-5,6,12,18,1027,1883,jw,random_groups,18,3465520178,1883,554688,0.313046481664064,48,"[51,38,34,36,31,27,132,48,54,50,48,42,80,72,60,62,62,62,58,48,30,32,50,22,32,32,32,32,28,38,24,16,25,16,16,16,42,37,52,36,24,34,26,26,18,16,20,16]","[20,18,23,14,47,41,17,3,12,5,28,33,37,45,15,24,8,27,46,39,35,16,4,26,43,40,2,19,11,1,13,21,0,44,9,32,31,30,22,42,7,25,36,10,29,34,6,38]",c218829ae4859520,be8261ba913639a8,100,0.01,1.0,188300,0.062377713578200024,0.00031188856789100014,1.2403003888545852,2.350000067963265e-05,0.005782459000329254,7056,6.927164832999551,0.023445791000995087,33.7528740830021,0.9999999730672672,5.3865464866298396e-08,1.7681241676309052,0.00023208934840585535,4.3931647208950153e-10,4.3931647208950153e-10,1.1629107576485607,0.05682414708892623,1e-12
success,,Li-Li_2.66_hgbs-5_as-006-012,hamiltonian_generator/hgbs5_diatomic_basis_transfer/night/Li-Li/2.66/hgbs-5/Li-Li_2.66_hgbs-5_as-006-012.tensors.npz,Li-Li,2.66,hgbs-5,6,12,18,1027,1883,fermionic,random_groups,18,4141611203,1027,198648,0.3770477801124037,68,"[19,17,18,14,13,14,14,15,13,13,14,15,17,11,10,13,12,12,13,12,11,18,11,17,15,18,27,14,26,15,23,18,16,12,22,16,10,21,12,34,16,13,26,9,32,16,10,21,10,50,20,20,10,8,13,10,13,11,16,19,4,6,13,11,9,3,2,1]","[1,32,41,50,54,30,27,13,40,45,14,9,44,35,67,64,56,55,65,59,39,5,34,47,3,58,52,28,29,49,12,53,48,17,2,23,51,19,62,63,0,37,25,38,43,15,31,66,60,6,42,22,33,36,57,16,10,21,11,26,4,46,61,24,8,7,18,20]",bf72cd510e2a8f33,3f3520f32dfe1d5f,100,0.01,1.0,188300,0.0229825039913424,0.00011491251995671199,0.1683692062630747,2.1791001927340403e-05,0.0055617500001972076,7056,6.927164832999551,0.023445791000995087,33.704356250000274,0.999999997075669,5.848661999152682e-09,1.7681241570073005,7.647654541853131e-05,9.063860773039778e-13,9.064970996064403e-13,0.1262677668065651,0.4178749687565863,1e-12
success,,Li-Li_2.66_hgbs-5_as-006-012,hamiltonian_generator/hgbs5_diatomic_basis_transfer/night/Li-Li/2.66/hgbs-5/Li-Li_2.66_hgbs-5_as-006-012.tensors.npz,Li-Li,2.66,hgbs-5,6,12,18,1027,1883,jw,random_groups,19,2340880662,1883,554688,0.313046481664064,48,"[51,38,34,36,31,27,132,48,54,50,48,42,80,72,60,62,62,62,58,48,30,32,50,22,32,32,32,32,28,38,24,16,25,16,16,16,42,37,52,36,24,34,26,26,18,16,20,16]","[34,41,30,45,17,42,25,33,8,24,5,44,28,3,9,23,21,38,47,31,16,32,1,19,18,37,13,46,14,2,12,11,10,4,29,27,26,20,6,22,43,36,39,0,7,40,15,35]",9486ed913b25ef62,efe70f4ecb0a65c3,100,0.01,1.0,188300,0.2264883771335112,0.0011324418856675559,16.35158348077215,2.3749998945277184e-05,0.005695708001439925,7056,6.927164832999551,0.023445791000995087,33.7846386659985,0.9999996798175725,6.403647524466649e-07,1.7681239676435034,0.0008002280018346334,4.724169944125833e-10,4.724169944125833e-10,13.82494444794269,0.6755382316650133,1e-12
success,,Li-Li_2.66_hgbs-5_as-006-012,hamiltonian_generator/hgbs5_diatomic_basis_transfer/night/Li-Li/2.66/hgbs-5/Li-Li_2.66_hgbs-5_as-006-012.tensors.npz,Li-Li,2.66,hgbs-5,6,12,18,1027,1883,fermionic,random_groups,19,962106099,1027,198648,0.3770477801124037,68,"[19,17,18,14,13,14,14,15,13,13,14,15,17,11,10,13,12,12,13,12,11,18,11,17,15,18,27,14,26,15,23,18,16,12,22,16,10,21,12,34,16,13,26,9,32,16,10,21,10,50,20,20,10,8,13,10,13,11,16,19,4,6,13,11,9,3,2,1]","[19,18,52,27,16,34,15,6,55,58,51,54,49,35,53,59,31,48,8,0,66,21,17,20,26,61,37,56,44,3,12,36,13,43,60,57,5,64,47,14,62,50,38,67,22,42,65,40,1,10,2,41,32,11,25,33,45,23,39,30,29,4,9,46,7,24,28,63]",c3464f11f16a4879,adc4eff172ca3472,100,0.01,1.0,188300,0.05351684149840624,0.0002675842074920312,0.9129540593859659,2.2000000171829015e-05,0.005696333999367198,7056,6.927164832999551,0.023445791000995087,33.77807699999903,0.999999978637188,4.27256234836193e-08,1.7681243447395096,0.0002067017753375827,8.913980664715382e-13,8.912870441690757e-13,0.9224108118192363,3.052658639003187,1e-12
success,,Li-Li_2.66_hgbs-5_as-006-014,hamiltonian_generator/hgbs5_diatomic_basis_transfer/night/Li-Li/2.66/hgbs-5/Li-Li_2.66_hgbs-5_as-006-014.tensors.npz,Li-Li,2.66,hgbs-5,6,14,20,1580,2950,baseline,jw_raw,-1,-1,,,,,[],[],4f53cda18c2baa0c,c2dbc90c4fad40a5,100,0.01,1.0,295000,0.07508127867982178,0.0003754063933991089,1.0,2.1708001440856606e-05,0.012275416000193218,14400,18.94232108399956,0.06028558300022269,105.15941975000169,0.9999999607062191,7.85875602371533e-08,1.8338902121361185,0.00028033473168957414,3.0730973321624333e-13,3.071987109137808e-13,1.0,,1e-12
success,,Li-Li_2.66_hgbs-5_as-006-014,hamiltonian_generator/hgbs5_diatomic_basis_transfer/night/Li-Li/2.66/hgbs-5/Li-Li_2.66_hgbs-5_as-006-014.tensors.npz,Li-Li,2.66,hgbs-5,6,14,20,1580,2950,jw,current,-1,-1,2950,1272112,0.2924546671954297,67,"[58,42,46,44,32,172,37,156,42,37,156,34,26,16,34,34,48,48,40,40,64,64,56,56,64,64,52,52,52,48,40,40,30,26,24,108,24,88,24,24,104,68,56,62,36,30,20,32,28,28,32,20,20,24,16,20,20,20,24,28,28,20,8,16,16,16,16]","[0,1,2,3,4,5,6,7,8,9,10,11,12,13,14,15,16,17,18,19,20,21,22,23,24,25,26,27,28,29,30,31,32,33,34,35,36,37,38,39,40,41,42,43,44,45,46,47,48,49,50,51,52,53,54,55,56,57,58,59,60,61,62,63,64,65,66]",aade07fe7a8e060e,7f742d279494bebe,100,0.01,1.0,295000,0.14734388579048796,0.0007367194289524398,3.851242959316721,5.2292001782916486e-05,0.012977041998965433,14400,18.94232108399956,0.06028558300022269,106.09944029100006,0.9999998606211469,2.787576868223951e-07,1.833890198920709,0.0005279751000296302,3.221911626383189e-11,3.221933830843682e-11,3.547096843077828,1.0,1e-12
success,,Li-Li_2.66_hgbs-5_as-006-014,hamiltonian_generator/hgbs5_diatomic_basis_transfer/night/Li-Li/2.66/hgbs-5/Li-Li_2.66_hgbs-5_as-006-014.tensors.npz,Li-Li,2.66,hgbs-5,6,14,20,1580,2950,fermionic,current,-1,-1,1580,457707,0.366925870403476,98,"[18,16,18,22,22,17,18,15,15,16,14,18,17,12,13,22,19,12,18,12,10,15,12,17,19,11,15,15,16,17,16,16,15,10,13,15,10,20,12,13,10,10,14,10,23,22,14,11,14,20,63,22,16,27,16,24,14,14,15,50,22,39,50,10,8,10,16,12,12,33,10,10,11,12,12,16,15,52,12,8,8,25,13,7,21,9,6,6,14,11,12,6,9,11,7,7,6,2]","[0,1,2,3,4,5,6,7,8,9,10,11,12,13,14,15,16,17,18,19,20,21,22,23,24,25,26,27,28,29,30,31,32,33,34,35,36,37,38,39,40,41,42,43,44,45,46,47,48,49,50,51,52,53,54,55,56,57,58,59,60,61,62,63,64,65,66,67,68,69,70,71,72,73,74,75,76,77,78,79,80,81,82,83,84,85,86,87,88,89,90,91,92,93,94,95,96,97]",024494a373a208c8,fc329e1019d35e0f,100,0.01,1.0,295000,0.10437412775949514,0.0005218706387974758,1.932512882589779,5.2041999879293144e-05,0.014303874999313848,14400,18.94232108399956,0.06028558300022269,159.38136904199928,0.9999999185279944,1.6294400451144497e-07,1.833890692322505,0.00040366323980860967,1.1324274851176597e-13,1.1313172620930345e-13,2.0734070891083736,1.0,1e-12
success,,Li-Li_2.66_hgbs-5_as-006-014,hamiltonian_generator/hgbs5_diatomic_basis_transfer/night/Li-Li/2.66/hgbs-5/Li-Li_2.66_hgbs-5_as-006-014.tensors.npz,Li-Li,2.66,hgbs-5,6,14,20,1580,2950,jw,reverse_groups,-1,-1,2950,1272112,0.2924546671954297,67,"[58,42,46,44,32,172,37,156,42,37,156,34,26,16,34,34,48,48,40,40,64,64,56,56,64,64,52,52,52,48,40,40,30,26,24,108,24,88,24,24,104,68,56,62,36,30,20,32,28,28,32,20,20,24,16,20,20,20,24,28,28,20,8,16,16,16,16]","[66,65,64,63,62,61,60,59,58,57,56,55,54,53,52,51,50,49,48,47,46,45,44,43,42,41,40,39,38,37,36,35,34,33,32,31,30,29,28,27,26,25,24,23,22,21,20,19,18,17,16,15,14,13,12,11,10,9,8,7,6,5,4,3,2,1,0]",e08c4490509870a7,2f6c60de627bd46e,100,0.01,1.0,295000,0.14734388579048796,0.0007367194289524398,3.851242959316721,8.999999772640876e-05,0.02620766600011848,14400,18.94232108399956,0.06028558300022269,284.06299858299826,0.9999998606204867,2.78759007099616e-07,1.8338898318158834,0.0005279763503496335,3.231248602020287e-11,3.231248602020287e-11,3.547113643156834,1.0000047362899152,1e-12
success,,Li-Li_2.66_hgbs-5_as-006-014,hamiltonian_generator/hgbs5_diatomic_basis_transfer/night/Li-Li/2.66/hgbs-5/Li-Li_2.66_hgbs-5_as-006-014.tensors.npz,Li-Li,2.66,hgbs-5,6,14,20,1580,2950,fermionic,reverse_groups,-1,-1,1580,457707,0.366925870403476,98,"[18,16,18,22,22,17,18,15,15,16,14,18,17,12,13,22,19,12,18,12,10,15,12,17,19,11,15,15,16,17,16,16,15,10,13,15,10,20,12,13,10,10,14,10,23,22,14,11,14,20,63,22,16,27,16,24,14,14,15,50,22,39,50,10,8,10,16,12,12,33,10,10,11,12,12,16,15,52,12,8,8,25,13,7,21,9,6,6,14,11,12,6,9,11,7,7,6,2]","[97,96,95,94,93,92,91,90,89,88,87,86,85,84,83,82,81,80,79,78,77,76,75,74,73,72,71,70,69,68,67,66,65,64,63,62,61,60,59,58,57,56,55,54,53,52,51,50,49,48,47,46,45,44,43,42,41,40,39,38,37,36,35,34,33,32,31,30,29,28,27,26,25,24,23,22,21,20,19,18,17,16,15,14,13,12,11,10,9,8,7,6,5,4,3,2,1,0]",bb9a6b68bba60b34,ba7424762714c0e1,100,0.01,1.0,295000,0.3635212169463114,0.001817606084731557,23.44208338985745,2.9542003176175058e-05,0.011519083000166574,14400,18.792964958000084,0.06016812500092783,111.76624541600177,0.9999989547220953,2.0905547167826555e-06,1.8338898304627103,0.0014458754473858162,2.1471713296250527e-13,2.142730437526552e-13,26.601598401502716,12.829896522125903,1e-12
success,,Li-Li_2.66_hgbs-5_as-006-014,hamiltonian_generator/hgbs5_diatomic_basis_transfer/night/Li-Li/2.66/hgbs-5/Li-Li_2.66_hgbs-5_as-006-014.tensors.npz,Li-Li,2.66,hgbs-5,6,14,20,1580,2950,jw,random_groups,0,3254658578,2950,1272112,0.2924546671954297,67,"[58,42,46,44,32,172,37,156,42,37,156,34,26,16,34,34,48,48,40,40,64,64,56,56,64,64,52,52,52,48,40,40,30,26,24,108,24,88,24,24,104,68,56,62,36,30,20,32,28,28,32,20,20,24,16,20,20,20,24,28,28,20,8,16,16,16,16]","[32,55,36,33,18,45,9,20,65,23,43,27,61,37,47,28,29,64,62,7,11,30,35,53,12,46,38,10,15,22,4,21,48,63,50,56,17,19,2,42,66,0,58,25,13,24,44,14,54,1,51,6,31,52,3,8,26,57,40,39,16,49,41,5,59,60,34]",f18697ec4bfda802,3e50d46b363d864c,100,0.01,1.0,295000,0.12106908811408384,0.0006053454405704192,2.600178853996335,6.950000170036219e-05,0.013727040997764561,14400,18.792964958000084,0.06016812500092783,115.06316725000215,0.9999999090996871,1.8180061767125721e-07,1.8338887481326747,0.0004263808460600776,3.1593860860823497e-10,3.1593860860823497e-10,2.3133510840982767,0.6521815406908863,1e-12
success,,Li-Li_2.66_hgbs-5_as-006-014,hamiltonian_generator/hgbs5_diatomic_basis_transfer/night/Li-Li/2.66/hgbs-5/Li-Li_2.66_hgbs-5_as-006-014.tensors.npz,Li-Li,2.66,hgbs-5,6,14,20,1580,2950,fermionic,random_groups,0,1187415456,1580,457707,0.366925870403476,98,"[18,16,18,22,22,17,18,15,15,16,14,18,17,12,13,22,19,12,18,12,10,15,12,17,19,11,15,15,16,17,16,16,15,10,13,15,10,20,12,13,10,10,14,10,23,22,14,11,14,20,63,22,16,27,16,24,14,14,15,50,22,39,50,10,8,10,16,12,12,33,10,10,11,12,12,16,15,52,12,8,8,25,13,7,21,9,6,6,14,11,12,6,9,11,7,7,6,2]","[66,78,71,63,67,54,57,6,97,10,32,14,36,68,96,80,26,34,53,72,22,88,82,12,70,86,75,58,83,28,55,4,16,74,23,94,38,19,46,44,11,42,59,92,24,20,18,87,8,21,37,33,15,91,9,48,1,79,43,49,69,65,5,27,77,52,3,0,51,30,17,40,85,13,73,60,35,29,76,90,61,39,95,50,62,89,2,45,93,56,25,64,47,41,7,84,31,81]",ff18e5e8a684c093,031374419145bc99,100,0.01,1.0,295000,0.30065178094454736,0.0015032589047227368,16.034825606579616,7.175000064307824e-05,0.016018374997656792,14400,18.792964958000084,0.06016812500092783,120.6898925409987,0.9999992997949618,1.4004095860720156e-06,1.833890183512921,0.0011833892328167023,2.510214258677479e-13,2.510214258677479e-13,17.819736124216178,8.594422300291832,1e-12
success,,Li-Li_2.66_hgbs-5_as-006-014,hamiltonian_generator/hgbs5_diatomic_basis_transfer/night/Li-Li/2.66/hgbs-5/Li-Li_2.66_hgbs-5_as-006-014.tensors.npz,Li-Li,2.66,hgbs-5,6,14,20,1580,2950,jw,random_groups,1,2886226909,2950,1272112,0.2924546671954297,67,"[58,42,46,44,32,172,37,156,42,37,156,34,26,16,34,34,48,48,40,40,64,64,56,56,64,64,52,52,52,48,40,40,30,26,24,108,24,88,24,24,104,68,56,62,36,30,20,32,28,28,32,20,20,24,16,20,20,20,24,28,28,20,8,16,16,16,16]","[56,65,60,7,22,21,31,24,49,15,13,5,33,46,32,14,51,45,6,25,28,29,50,34,4,19,1,9,41,23,18,11,66,3,20,37,52,59,38,12,0,48,43,42,26,39,35,47,62,64,58,17,55,30,57,36,16,10,40,2,54,27,44,63,61,8,53]",522f5f5cee0b57ee,de6dff34e4a43e42,100,0.01,1.0,295000,0.17212422556026583,0.0008606211278013291,5.25558032189198,7.458300024154596e-05,0.014638249998824904,14400,18.792964958000084,0.06016812500092783,122.34215491600116,0.9999998282601252,3.434797199997064e-07,1.8338907387745584,0.0005860714542883307,1.9695334252389785e-10,1.9695323150159538e-10,4.3706627227412245,1.2321802634936758,1e-12
success,,Li-Li_2.66_hgbs-5_as-006-014,hamiltonian_generator/hgbs5_diatomic_basis_transfer/night/Li-Li/2.66/hgbs-5/Li-Li_2.66_hgbs-5_as-006-014.tensors.npz,Li-Li,2.66,hgbs-5,6,14,20,1580,2950,fermionic,random_groups,1,1859980034,1580,457707,0.366925870403476,98,"[18,16,18,22,22,17,18,15,15,16,14,18,17,12,13,22,19,12,18,12,10,15,12,17,19,11,15,15,16,17,16,16,15,10,13,15,10,20,12,13,10,10,14,10,23,22,14,11,14,20,63,22,16,27,16,24,14,14,15,50,22,39,50,10,8,10,16,12,12,33,10,10,11,12,12,16,15,52,12,8,8,25,13,7,21,9,6,6,14,11,12,6,9,11,7,7,6,2]","[34,4,70,78,75,18,6,59,33,25,49,54,63,42,88,13,45,53,12,21,95,84,20,46,26,81,39,16,60,8,24,48,9,14,97,23,79,47,65,62,31,40,30,73,0,74,36,57,90,91,71,96,3,50,5,29,77,56,52,43,37,41,44,10,51,15,7,80,32,72,93,92,19,64,1,82,69,67,11,68,94,66,55,85,61,2,35,58,17,76,27,28,86,87,89,83,22,38]",9e42f7e655d339d6,0581d2d0678a92eb,100,0.01,1.0,295000,0.05366777593252373,0.00026833887966261864,0.5109329076222375,7.399999958579428e-05,0.016774707997683436,14400,18.792964958000084,0.06016812500092783,129.6543717090026,0.9999999825404515,3.4919096614238754e-08,1.8338904351923204,0.00018686652174026695,2.1038726316646716e-13,2.1027624086400465e-13,0.444333638922796,0.21430120561315946,1e-12
success,,Li-Li_2.66_hgbs-5_as-006-014,hamiltonian_generator/hgbs5_diatomic_basis_transfer/night/Li-Li/2.66/hgbs-5/Li-Li_2.66_hgbs-5_as-006-014.tensors.npz,Li-Li,2.66,hgbs-5,6,14,20,1580,2950,jw,random_groups,2,730841937,2950,1272112,0.2924546671954297,67,"[58,42,46,44,32,172,37,156,42,37,156,34,26,16,34,34,48,48,40,40,64,64,56,56,64,64,52,52,52,48,40,40,30,26,24,108,24,88,24,24,104,68,56,62,36,30,20,32,28,28,32,20,20,24,16,20,20,20,24,28,28,20,8,16,16,16,16]","[16,1,61,64,60,41,53,34,46,10,4,65,35,32,5,48,50,37,0,66,9,45,11,25,7,63,28,22,24,14,23,17,52,38,18,62,19,13,57,2,58,21,8,27,54,59,31,29,26,15,12,20,56,49,55,36,33,6,42,47,3,40,43,51,39,44,30]",6e9034c28e673ba3,8759f2e57c2547d8,100,0.01,1.0,295000,0.12212549896427952,0.0006106274948213976,2.645753513941754,7.683299918426201e-05,0.0181776669996907,14400,18.792964958000084,0.06016812500092783,133.4920073329995,0.9999998887852751,2.2242943742423193e-07,1.8338904841327823,0.00047162426755597246,5.915978817938594e-11,5.915978817938594e-11,2.8303390098001224,0.7979311349571803,1e-12
success,,Li-Li_2.66_hgbs-5_as-006-014,hamiltonian_generator/hgbs5_diatomic_basis_transfer/night/Li-Li/2.66/hgbs-5/Li-Li_2.66_hgbs-5_as-006-014.tensors.npz,Li-Li,2.66,hgbs-5,6,14,20,1580,2950,fermionic,random_groups,2,206917096,1580,457707,0.366925870403476,98,"[18,16,18,22,22,17,18,15,15,16,14,18,17,12,13,22,19,12,18,12,10,15,12,17,19,11,15,15,16,17,16,16,15,10,13,15,10,20,12,13,10,10,14,10,23,22,14,11,14,20,63,22,16,27,16,24,14,14,15,50,22,39,50,10,8,10,16,12,12,33,10,10,11,12,12,16,15,52,12,8,8,25,13,7,21,9,6,6,14,11,12,6,9,11,7,7,6,2]","[88,96,44,67,45,0,4,84,40,27,5,42,48,38,2,53,56,24,9,74,8,52,55,37,97,59,28,70,63,50,94,15,71,32,81,16,29,78,10,14,7,6,13,36,19,64,76,39,43,17,90,83,87,1,54,41,34,23,58,77,33,20,25,72,93,46,30,18,86,80,57,31,79,21,26,11,75,22,62,60,89,51,61,85,73,65,47,69,35,91,68,12,49,82,92,95,3,66]",4f35767f2ed3db52,bc51cc2477fb13e8,100,0.01,1.0,295000,0.19650442937031276,0.0009825221468515639,6.849854833209979,7.566700151073746e-05,0.01849199999924167,14400,18.792964958000084,0.06016812500092783,130.84371633299816,0.9999997050369989,5.899259152286618e-07,1.8338905430620873,0.0007680664048571236,2.1960211427085596e-13,2.1960211427085596e-13,7.506606814722906,3.6204211194970735,1e-12
success,,Li-Li_2.66_hgbs-5_as-006-014,hamiltonian_generator/hgbs5_diatomic_basis_transfer/night/Li-Li/2.66/hgbs-5/Li-Li_2.66_hgbs-5_as-006-014.tensors.npz,Li-Li,2.66,hgbs-5,6,14,20,1580,2950,jw,random_groups,3,2063350619,2950,1272112,0.2924546671954297,67,"[58,42,46,44,32,172,37,156,42,37,156,34,26,16,34,34,48,48,40,40,64,64,56,56,64,64,52,52,52,48,40,40,30,26,24,108,24,88,24,24,104,68,56,62,36,30,20,32,28,28,32,20,20,24,16,20,20,20,24,28,28,20,8,16,16,16,16]","[30,54,66,5,41,37,42,43,12,48,61,20,22,31,57,19,8,26,13,24,0,1,58,2,47,32,65,49,55,4,28,10,38,60,34,25,62,59,33,14,17,35,11,16,64,53,21,46,39,7,36,44,40,9,52,27,6,15,3,56,29,23,18,51,50,45,63]",0c975b793f04f0a3,748478e1e3469d8e,100,0.01,1.0,295000,0.1797762519184807,0.0008988812595924035,5.73325585043471,7.62919989938382e-05,0.01828758299961919,14400,18.792964958000084,0.06016812500092783,129.0718520829978,0.9999998594080712,2.811838377692055e-07,1.8338908672169543,0.0005302677225055051,7.48873962841401e-10,7.488740738637034e-10,3.5779687894709853,1.0087034405202113,1e-12
success,,Li-Li_2.66_hgbs-5_as-006-014,hamiltonian_generator/hgbs5_diatomic_basis_transfer/night/Li-Li/2.66/hgbs-5/Li-Li_2.66_hgbs-5_as-006-014.tensors.npz,Li-Li,2.66,hgbs-5,6,14,20,1580,2950,fermionic,random_groups,3,37395879,1580,457707,0.366925870403476,98,"[18,16,18,22,22,17,18,15,15,16,14,18,17,12,13,22,19,12,18,12,10,15,12,17,19,11,15,15,16,17,16,16,15,10,13,15,10,20,12,13,10,10,14,10,23,22,14,11,14,20,63,22,16,27,16,24,14,14,15,50,22,39,50,10,8,10,16,12,12,33,10,10,11,12,12,16,15,52,12,8,8,25,13,7,21,9,6,6,14,11,12,6,9,11,7,7,6,2]","[29,93,16,22,10,54,95,0,43,51,84,39,35,78,3,56,48,26,60,85,87,77,61,21,37,33,49,30,81,14,70,25,18,52,24,96,20,44,57,6,90,50,75,68,63,53,64,67,38,46,15,1,47,73,86,32,74,55,76,36,19,71,12,27,80,4,83,41,13,11,88,7,94,31,8,34,97,2,28,40,69,42,91,59,17,66,79,9,5,45,65,72,92,82,62,23,89,58]",17933da48ac153b5,c2e774c3473d4975,100,0.01,1.0,295000,0.07765244439020773,0.00038826222195103866,1.0696629217460594,7.633399945916608e-05,0.018002083997998852,14400,18.792964958000084,0.06016812500092783,128.57751333299893,0.9999999555220107,8.89559765848702e-08,1.8338904671384069,0.0002982548886158811,6.983302824892235e-14,7.005507285384738e-14,1.1319345748414658,0.545929731207889,1e-12
success,,Li-Li_2.66_hgbs-5_as-006-014,hamiltonian_generator/hgbs5_diatomic_basis_transfer/night/Li-Li/2.66/hgbs-5/Li-Li_2.66_hgbs-5_as-006-014.tensors.npz,Li-Li,2.66,hgbs-5,6,14,20,1580,2950,jw,random_groups,4,4157257306,2950,1272112,0.2924546671954297,67,"[58,42,46,44,32,172,37,156,42,37,156,34,26,16,34,34,48,48,40,40,64,64,56,56,64,64,52,52,52,48,40,40,30,26,24,108,24,88,24,24,104,68,56,62,36,30,20,32,28,28,32,20,20,24,16,20,20,20,24,28,28,20,8,16,16,16,16]","[10,6,36,64,43,38,29,24,40,48,57,37,21,30,11,26,18,41,65,61,7,44,5,28,33,0,56,13,8,3,47,50,19,66,23,45,35,60,9,39,16,14,63,51,1,54,49,52,12,15,59,46,34,42,32,53,4,55,17,20,58,22,31,2,25,62,27]",c5fd26972ae98711,43b32f09e4d78c8e,100,0.01,1.0,295000,0.19379182657905628,0.0009689591328952814,6.6620454575872,7.80829977884423e-05,0.019310540999867953,14400,18.792964958000084,0.06016812500092783,127.71796420899773,0.9999997840212693,4.319574147260141e-07,1.8338899143081158,0.0006572347079661733,3.3251956743640676e-11,3.32521787882456e-11,5.496511323452443,1.5495802811752675,1e-12
success,,Li-Li_2.66_hgbs-5_as-006-014,hamiltonian_generator/hgbs5_diatomic_basis_transfer/night/Li-Li/2.66/hgbs-5/Li-Li_2.66_hgbs-5_as-006-014.tensors.npz,Li-Li,2.66,hgbs-5,6,14,20,1580,2950,fermionic,random_groups,4,1833062656,1580,457707,0.366925870403476,98,"[18,16,18,22,22,17,18,15,15,16,14,18,17,12,13,22,19,12,18,12,10,15,12,17,19,11,15,15,16,17,16,16,15,10,13,15,10,20,12,13,10,10,14,10,23,22,14,11,14,20,63,22,16,27,16,24,14,14,15,50,22,39,50,10,8,10,16,12,12,33,10,10,11,12,12,16,15,52,12,8,8,25,13,7,21,9,6,6,14,11,12,6,9,11,7,7,6,2]","[22,12,52,82,11,47,10,0,92,16,56,75,49,17,74,45,55,46,37,78,8,9,71,88,62,50,33,42,5,63,72,14,87,85,31,26,25,28,20,29,7,51,38,59,97,32,77,80,44,13,39,48,76,34,67,64,91,70,24,89,1,68,69,57,6,65,35,73,21,90,93,96,95,4,54,43,40,79,18,94,60,66,3,84,30,27,23,41,61,2,81,58,86,15,53,19,83,36]",14256c6b17d6504b,fdc353cf57035303,100,0.01,1.0,295000,0.19187998507188114,0.0009593999253594057,6.531245843262907,6.999999823165126e-05,0.019827666001219768,14400,18.792964958000084,0.06016812500092783,128.1783984169997,0.9999997149268489,5.701462209017905e-07,1.8338908135344292,0.000755080328289723,1.5720758028692217e-13,1.5720758028692217e-13,7.254916925544743,3.4990316005259596,1e-12
success,,Li-Li_2.66_hgbs-5_as-006-014,hamiltonian_generator/hgbs5_diatomic_basis_transfer/night/Li-Li/2.66/hgbs-5/Li-Li_2.66_hgbs-5_as-006-014.tensors.npz,Li-Li,2.66,hgbs-5,6,14,20,1580,2950,jw,random_groups,5,2479830531,2950,1272112,0.2924546671954297,67,"[58,42,46,44,32,172,37,156,42,37,156,34,26,16,34,34,48,48,40,40,64,64,56,56,64,64,52,52,52,48,40,40,30,26,24,108,24,88,24,24,104,68,56,62,36,30,20,32,28,28,32,20,20,24,16,20,20,20,24,28,28,20,8,16,16,16,16]","[31,15,55,10,7,16,57,28,27,17,6,45,37,14,40,42,47,26,58,13,3,35,23,63,29,38,52,2,49,53,46,61,36,30,24,21,4,12,54,50,48,41,0,44,39,1,9,65,64,11,20,8,5,66,56,34,22,25,59,32,51,62,19,18,33,60,43]",617e5b0838ec0aa0,79692653b4c76773,100,0.01,1.0,295000,0.10585914530270518,0.0005292957265135259,1.9878950203215044,7.60000002628658e-05,0.01859070800128393,14400,18.792964958000084,0.06016812500092783,128.11535058400113,0.9999999227306781,1.5453863788650324e-07,1.8338898386465108,0.00039311403419581395,3.017139871275276e-10,3.017139871275276e-10,1.9664516549458049,0.5543834132364732,1e-12
success,,Li-Li_2.66_hgbs-5_as-006-014,hamiltonian_generator/hgbs5_diatomic_basis_transfer/night/Li-Li/2.66/hgbs-5/Li-Li_2.66_hgbs-5_as-006-014.tensors.npz,Li-Li,2.66,hgbs-5,6,14,20,1580,2950,fermionic,random_groups,5,4113447832,1580,457707,0.366925870403476,98,"[18,16,18,22,22,17,18,15,15,16,14,18,17,12,13,22,19,12,18,12,10,15,12,17,19,11,15,15,16,17,16,16,15,10,13,15,10,20,12,13,10,10,14,10,23,22,14,11,14,20,63,22,16,27,16,24,14,14,15,50,22,39,50,10,8,10,16,12,12,33,10,10,11,12,12,16,15,52,12,8,8,25,13,7,21,9,6,6,14,11,12,6,9,11,7,7,6,2]","[58,77,35,8,32,78,54,55,81,28,61,38,89,53,85,49,52,6,7,93,31,76,17,30,74,51,71,40,66,64,23,88,73,84,69,33,19,16,57,44,29,94,59,22,14,42,86,48,91,10,62,75,45,20,9,67,68,0,11,36,37,46,39,47,1,72,34,12,70,82,95,27,21,60,80,15,50,65,25,5,92,18,56,3,90,13,96,79,87,83,4,43,97,2,24,63,26,41]",16de9f5e74a852ec,f5037bd866bc9bd1,100,0.01,1.0,295000,0.027470339313684346,0.00013735169656842172,0.13386428636459877,7.099999857018702e-05,0.01827324999976554,14400,18.792964958000084,0.06016812500092783,128.35092295800132,0.9999999964208137,7.158372561377746e-09,1.83389039856842,8.460716613489513e-05,1.346700528870315e-13,1.34781075189494e-13,0.09108785843174111,0.043931487892670214,1e-12
success,,Li-Li_2.66_hgbs-5_as-006-014,hamiltonian_generator/hgbs5_diatomic_basis_transfer/night/Li-Li/2.66/hgbs-5/Li-Li_2.66_hgbs-5_as-006-014.tensors.npz,Li-Li,2.66,hgbs-5,6,14,20,1580,2950,jw,random_groups,6,1195444073,2950,1272112,0.2924546671954297,67,"[58,42,46,44,32,172,37,156,42,37,156,34,26,16,34,34,48,48,40,40,64,64,56,56,64,64,52,52,52,48,40,40,30,26,24,108,24,88,24,24,104,68,56,62,36,30,20,32,28,28,32,20,20,24,16,20,20,20,24,28,28,20,8,16,16,16,16]","[27,10,24,44,59,0,23,16,14,13,32,56,1,20,42,46,18,60,35,22,62,5,9,30,28,36,53,40,52,11,63,33,38,4,65,54,39,31,64,25,55,26,6,51,61,45,8,41,2,3,29,50,34,12,48,47,43,66,49,57,17,21,7,58,19,37,15]",838f5f37bea8a715,56860d758e2c7168,100,0.01,1.0,295000,0.03529284343371325,0.00017646421716856626,0.22095812626097908,7.841600017854944e-05,0.017781999998987885,14400,18.792964958000084,0.06016812500092783,128.29482358300083,0.9999999879823264,2.4035347157003173e-08,1.8338894836156363,0.00015503337469082416,1.4094070355241684e-10,1.4094070355241684e-10,0.30584162537266485,0.08622308296135638,1e-12
success,,Li-Li_2.66_hgbs-5_as-006-014,hamiltonian_generator/hgbs5_diatomic_basis_transfer/night/Li-Li/2.66/hgbs-5/Li-Li_2.66_hgbs-5_as-006-014.tensors.npz,Li-Li,2.66,hgbs-5,6,14,20,1580,2950,fermionic,random_groups,6,3578059822,1580,457707,0.366925870403476,98,"[18,16,18,22,22,17,18,15,15,16,14,18,17,12,13,22,19,12,18,12,10,15,12,17,19,11,15,15,16,17,16,16,15,10,13,15,10,20,12,13,10,10,14,10,23,22,14,11,14,20,63,22,16,27,16,24,14,14,15,50,22,39,50,10,8,10,16,12,12,33,10,10,11,12,12,16,15,52,12,8,8,25,13,7,21,9,6,6,14,11,12,6,9,11,7,7,6,2]","[75,88,64,33,31,7,84,24,51,4,27,6,85,60,11,59,70,83,68,92,74,62,38,15,34,54,26,86,28,69,63,94,40,18,5,3,97,16,39,79,61,42,77,73,1,17,93,50,9,55,78,19,37,25,48,36,46,52,96,49,30,20,14,2,53,82,80,56,87,43,29,44,13,21,10,0,23,32,67,95,58,89,72,71,12,22,41,47,76,45,8,57,91,35,65,81,90,66]",4ff2058a361936ab,6523329a4136e13c,100,0.01,1.0,295000,0.27488953767148194,0.0013744476883574097,13.404576608721623,7.445799928973429e-05,0.018607125002745306,14400,18.792964958000084,0.06016812500092783,128.40142420799748,0.999999428316266,1.1433671411875679e-06,1.8338906195890452,0.0010692836237580871,1.6298074001497298e-13,1.630917623174355e-13,14.548958355969246,7.01693286976545,1e-12
success,,Li-Li_2.66_hgbs-5_as-006-014,hamiltonian_generator/hgbs5_diatomic_basis_transfer/night/Li-Li/2.66/hgbs-5/Li-Li_2.66_hgbs-5_as-006-014.tensors.npz,Li-Li,2.66,hgbs-5,6,14,20,1580,2950,jw,random_groups,7,2749083311,2950,1272112,0.2924546671954297,67,"[58,42,46,44,32,172,37,156,42,37,156,34,26,16,34,34,48,48,40,40,64,64,56,56,64,64,52,52,52,48,40,40,30,26,24,108,24,88,24,24,104,68,56,62,36,30,20,32,28,28,32,20,20,24,16,20,20,20,24,28,28,20,8,16,16,16,16]","[12,5,16,18,66,32,8,24,26,22,17,29,57,43,7,35,34,65,55,28,38,58,44,20,21,14,60,4,11,31,49,19,13,41,51,63,40,52,59,2,10,54,45,48,42,3,62,27,53,64,1,46,6,61,50,56,25,33,9,37,15,23,30,39,0,47,36]",daa6983acdd119b5,18a04c16d79cead5,100,0.01,1.0,295000,0.2329557909618419,0.0011647789548092096,9.626838832521063,7.383299816865474e-05,0.0187218329992902,14400,18.792964958000084,0.06016812500092783,128.23163362500054,0.9999996059138297,7.881721851843437e-07,1.8338915416304133,0.0008877907076020479,4.83557416330882e-10,4.835569722416722e-10,10.029223235915206,2.827445564528995,1e-12
success,,Li-Li_2.66_hgbs-5_as-006-014,hamiltonian_generator/hgbs5_diatomic_basis_transfer/night/Li-Li/2.66/hgbs-5/Li-Li_2.66_hgbs-5_as-006-014.tensors.npz,Li-Li,2.66,hgbs-5,6,14,20,1580,2950,fermionic,random_groups,7,3835772758,1580,457707,0.366925870403476,98,"[18,16,18,22,22,17,18,15,15,16,14,18,17,12,13,22,19,12,18,12,10,15,12,17,19,11,15,15,16,17,16,16,15,10,13,15,10,20,12,13,10,10,14,10,23,22,14,11,14,20,63,22,16,27,16,24,14,14,15,50,22,39,50,10,8,10,16,12,12,33,10,10,11,12,12,16,15,52,12,8,8,25,13,7,21,9,6,6,14,11,12,6,9,11,7,7,6,2]","[10,21,81,11,25,87,90,62,89,57,45,16,28,24,52,79,22,74,9,88,5,29,80,78,40,61,15,44,30,23,33,63,39,8,6,91,20,95,36,77,82,35,92,31,83,84,17,2,55,86,53,32,7,97,1,0,70,19,54,41,93,3,58,85,4,47,73,94,66,96,13,46,27,18,67,56,42,68,51,38,12,72,59,43,26,76,60,34,48,69,75,50,65,37,49,64,14,71]",de3b11628b0c8e96,d076198bfd031d54,100,0.01,1.0,295000,0.2295212890356291,0.0011476064451781454,9.345071488698123,7.491599899367429e-05,0.018525791998399654,14400,18.792964958000084,0.06016812500092783,128.4277268750011,0.9999995930086573,8.139825198316686e-07,1.8338909792082525,0.0009022098899241483,1.8274270985330077e-13,1.8285373215576328e-13,10.35765097396226,4.99547388854369,1e-12
success,,Li-Li_2.66_hgbs-5_as-006-014,hamiltonian_generator/hgbs5_diatomic_basis_transfer/night/Li-Li/2.66/hgbs-5/Li-Li_2.66_hgbs-5_as-006-014.tensors.npz,Li-Li,2.66,hgbs-5,6,14,20,1580,2950,jw,random_groups,8,432512184,2950,1272112,0.2924546671954297,67,"[58,42,46,44,32,172,37,156,42,37,156,34,26,16,34,34,48,48,40,40,64,64,56,56,64,64,52,52,52,48,40,40,30,26,24,108,24,88,24,24,104,68,56,62,36,30,20,32,28,28,32,20,20,24,16,20,20,20,24,28,28,20,8,16,16,16,16]","[54,34,39,53,38,36,1,66,2,51,48,29,12,3,21,45,61,32,59,52,42,63,43,16,28,18,58,7,44,56,62,46,5,30,15,40,60,10,41,11,17,47,64,26,25,35,50,27,49,14,37,31,4,57,9,6,55,65,0,23,8,19,33,24,13,20,22]",fe0a613323ebc2f1,03013c94c384a102,100,0.01,1.0,295000,0.21157455121361485,0.0010578727560680743,7.9407868022085975,7.870800254750066e-05,0.017921250000654254,14400,18.792964958000084,0.06016812500092783,131.03175645800002,0.9999997723135542,4.553728397693746e-07,1.833890363140212,0.0006748132272094182,1.368021140812914e-09,1.3680213628575189e-09,5.794464650578262,1.6335794896285902,1e-12
success,,Li-Li_2.66_hgbs-5_as-006-014,hamiltonian_generator/hgbs5_diatomic_basis_transfer/night/Li-Li/2.66/hgbs-5/Li-Li_2.66_hgbs-5_as-006-014.tensors.npz,Li-Li,2.66,hgbs-5,6,14,20,1580,2950,fermionic,random_groups,8,1485046577,1580,457707,0.366925870403476,98,"[18,16,18,22,22,17,18,15,15,16,14,18,17,12,13,22,19,12,18,12,10,15,12,17,19,11,15,15,16,17,16,16,15,10,13,15,10,20,12,13,10,10,14,10,23,22,14,11,14,20,63,22,16,27,16,24,14,14,15,50,22,39,50,10,8,10,16,12,12,33,10,10,11,12,12,16,15,52,12,8,8,25,13,7,21,9,6,6,14,11,12,6,9,11,7,7,6,2]","[59,32,27,28,55,34,92,2,93,60,17,83,97,58,12,87,78,85,38,65,5,88,72,68,80,52,76,86,95,79,61,42,19,37,54,57,29,13,77,18,15,3,75,33,53,67,94,71,20,14,66,16,70,47,89,51,11,1,49,50,44,64,7,22,40,4,43,46,25,41,31,26,0,39,62,21,74,63,84,45,81,91,8,56,9,10,82,96,23,35,73,30,36,24,69,90,48,6]",cd79d69dd28d71e5,da64f0b80504ddcc,100,0.01,1.0,295000,0.1980557757022522,0.000990278878511261,6.958437054828884,7.31250001990702e-05,0.019668249999085674,14400,18.792964958000084,0.06016812500092783,134.6656054999985,0.9999997035447792,5.929103537027913e-07,1.8338906255120455,0.0007700067802509631,1.6842083283563625e-13,1.6842083283563625e-13,7.544582780195347,3.6387368500026405,1e-12
success,,Li-Li_2.66_hgbs-5_as-006-014,hamiltonian_generator/hgbs5_diatomic_basis_transfer/night/Li-Li/2.66/hgbs-5/Li-Li_2.66_hgbs-5_as-006-014.tensors.npz,Li-Li,2.66,hgbs-5,6,14,20,1580,2950,jw,random_groups,9,3378743344,2950,1272112,0.2924546671954297,67,"[58,42,46,44,32,172,37,156,42,37,156,34,26,16,34,34,48,48,40,40,64,64,56,56,64,64,52,52,52,48,40,40,30,26,24,108,24,88,24,24,104,68,56,62,36,30,20,32,28,28,32,20,20,24,16,20,20,20,24,28,28,20,8,16,16,16,16]","[43,30,44,66,19,42,32,20,61,11,46,57,54,63,21,47,6,45,3,51,22,38,23,5,41,7,59,49,26,0,2,62,28,56,13,25,53,29,52,33,4,40,16,58,39,18,31,12,24,1,9,27,10,36,37,48,8,60,34,15,50,65,17,64,55,35,14]",edcad7bb54e11d83,9a7ed2bca61e72ac,100,0.01,1.0,295000,0.16026093871592992,0.0008013046935796496,4.556087371479514,7.579199882457033e-05,0.017888333000882994,14400,18.792964958000084,0.06016812500092783,129.5721188330026,0.9999998958899541,2.0822008095500166e-07,1.8338901675587287,0.00045631139787998643,5.522597934515261e-10,5.522594603846187e-10,2.649529777062132,0.7469572707699534,1e-12
success,,Li-Li_2.66_hgbs-5_as-006-014,hamiltonian_generator/hgbs5_diatomic_basis_transfer/night/Li-Li/2.66/hgbs-5/Li-Li_2.66_hgbs-5_as-006-014.tensors.npz,Li-Li,2.66,hgbs-5,6,14,20,1580,2950,fermionic,random_groups,9,832073125,1580,457707,0.366925870403476,98,"[18,16,18,22,22,17,18,15,15,16,14,18,17,12,13,22,19,12,18,12,10,15,12,17,19,11,15,15,16,17,16,16,15,10,13,15,10,20,12,13,10,10,14,10,23,22,14,11,14,20,63,22,16,27,16,24,14,14,15,50,22,39,50,10,8,10,16,12,12,33,10,10,11,12,12,16,15,52,12,8,8,25,13,7,21,9,6,6,14,11,12,6,9,11,7,7,6,2]","[52,16,93,7,60,49,53,65,82,54,84,55,62,89,45,29,1,27,91,9,31,39,96,48,33,97,70,26,75,85,11,86,87,47,20,58,8,51,24,72,6,92,77,10,57,74,68,32,41,76,5,18,36,42,37,14,21,64,25,79,50,19,43,78,30,13,61,38,0,46,80,63,69,83,4,35,71,2,40,23,90,95,15,56,28,44,81,34,73,22,17,67,59,88,12,3,66,94]",80566d457c778656,036b6093e101cc0f,100,0.01,1.0,295000,0.19087969319484036,0.0009543984659742018,6.463327106098678,7.625000216648914e-05,0.018106625000655185,14400,18.792964958000084,0.06016812500092783,133.29087370900015,0.9999997165545537,5.668908122924421e-07,1.833890028071018,0.0007529215713954469,2.2382096176443156e-13,2.2393198406689407e-13,7.213492957177172,3.479052905273507,1e-12
success,,Li-Li_2.66_hgbs-5_as-006-014,hamiltonian_generator/hgbs5_diatomic_basis_transfer/night/Li-Li/2.66/hgbs-5/Li-Li_2.66_hgbs-5_as-006-014.tensors.npz,Li-Li,2.66,hgbs-5,6,14,20,1580,2950,jw,random_groups,10,3022715238,2950,1272112,0.2924546671954297,67,"[58,42,46,44,32,172,37,156,42,37,156,34,26,16,34,34,48,48,40,40,64,64,56,56,64,64,52,52,52,48,40,40,30,26,24,108,24,88,24,24,104,68,56,62,36,30,20,32,28,28,32,20,20,24,16,20,20,20,24,28,28,20,8,16,16,16,16]","[24,52,50,3,62,65,4,48,27,20,14,45,17,29,13,23,32,40,47,1,57,21,28,59,8,63,12,60,49,61,18,7,66,2,6,42,54,56,39,44,10,46,36,0,22,30,55,11,19,37,38,41,31,33,64,51,35,58,5,34,43,15,26,9,16,25,53]",2c4867b238278f9b,52398a3c95f3ae31,100,0.01,1.0,295000,0.1876966656538402,0.0009384833282692009,6.249565075861337,8.225000055972487e-05,0.019620708000729792,14400,18.792964958000084,0.06016812500092783,129.18097341700195,0.9999997391827075,5.216345170255821e-07,1.8338894920742521,0.0007222427466456506,7.05359992636545e-10,7.053598816142426e-10,6.637621977975243,1.8712829876434263,1e-12
success,,Li-Li_2.66_hgbs-5_as-006-014,hamiltonian_generator/hgbs5_diatomic_basis_transfer/night/Li-Li/2.66/hgbs-5/Li-Li_2.66_hgbs-5_as-006-014.tensors.npz,Li-Li,2.66,hgbs-5,6,14,20,1580,2950,fermionic,random_groups,10,2574259014,1580,457707,0.366925870403476,98,"[18,16,18,22,22,17,18,15,15,16,14,18,17,12,13,22,19,12,18,12,10,15,12,17,19,11,15,15,16,17,16,16,15,10,13,15,10,20,12,13,10,10,14,10,23,22,14,11,14,20,63,22,16,27,16,24,14,14,15,50,22,39,50,10,8,10,16,12,12,33,10,10,11,12,12,16,15,52,12,8,8,25,13,7,21,9,6,6,14,11,12,6,9,11,7,7,6,2]","[22,62,69,57,44,79,35,10,2,82,49,24,6,28,96,89,14,86,76,5,17,20,3,7,32,55,50,38,43,46,0,21,97,74,31,36,93,29,26,56,77,73,70,78,66,72,47,88,33,90,12,54,81,71,48,19,87,11,85,30,68,45,18,80,39,60,15,58,9,92,1,25,41,65,27,8,94,40,83,91,16,52,13,34,64,42,95,51,53,59,75,23,63,61,67,4,37,84]",400f6a2d463cbbcc,42206dd2bbcc28dd,100,0.01,1.0,295000,0.17033563359453005,0.0008516781679726502,5.146923342251064,7.758300125715323e-05,0.019080500002019107,14400,18.792964958000084,0.06016812500092783,128.967321250002,0.999999771526195,4.569475577920201e-07,1.8338911222169656,0.0006759790011328031,2.0861090632706691e-13,2.0838886172214188e-13,5.814502402327947,2.8043226209033345,1e-12
success,,Li-Li_2.66_hgbs-5_as-006-014,hamiltonian_generator/hgbs5_diatomic_basis_transfer/night/Li-Li/2.66/hgbs-5/Li-Li_2.66_hgbs-5_as-006-014.tensors.npz,Li-Li,2.66,hgbs-5,6,14,20,1580,2950,jw,random_groups,11,1919849586,2950,1272112,0.2924546671954297,67,"[58,42,46,44,32,172,37,156,42,37,156,34,26,16,34,34,48,48,40,40,64,64,56,56,64,64,52,52,52,48,40,40,30,26,24,108,24,88,24,24,104,68,56,62,36,30,20,32,28,28,32,20,20,24,16,20,20,20,24,28,28,20,8,16,16,16,16]","[15,37,56,10,57,46,60,53,4,29,50,12,16,36,31,17,63,32,8,41,21,39,35,58,27,43,9,28,49,22,51,33,19,40,23,64,24,48,2,44,1,11,3,52,13,66,47,65,42,7,61,38,34,18,62,55,6,54,25,59,0,30,5,45,20,26,14]",4fbb83ce43663b29,8acecd27345f3549,100,0.01,1.0,295000,0.2031985783760494,0.001015992891880247,7.324500445825735,7.949999780976214e-05,0.018124124999303604,14400,18.792964958000084,0.06016812500092783,128.8881527500016,0.9999997646673686,4.7066520736382955e-07,1.833889261946326,0.0006860504812067101,3.196891640300237e-10,3.1968894198541875e-10,5.9890548318780406,1.6884384883840153,1e-12
success,,Li-Li_2.66_hgbs-5_as-006-014,hamiltonian_generator/hgbs5_diatomic_basis_transfer/night/Li-Li/2.66/hgbs-5/Li-Li_2.66_hgbs-5_as-006-014.tensors.npz,Li-Li,2.66,hgbs-5,6,14,20,1580,2950,fermionic,random_groups,11,9640577,1580,457707,0.366925870403476,98,"[18,16,18,22,22,17,18,15,15,16,14,18,17,12,13,22,19,12,18,12,10,15,12,17,19,11,15,15,16,17,16,16,15,10,13,15,10,20,12,13,10,10,14,10,23,22,14,11,14,20,63,22,16,27,16,24,14,14,15,50,22,39,50,10,8,10,16,12,12,33,10,10,11,12,12,16,15,52,12,8,8,25,13,7,21,9,6,6,14,11,12,6,9,11,7,7,6,2]","[33,77,4,81,75,24,46,39,76,15,53,87,1,93,79,69,64,52,40,65,3,61,85,90,50,30,21,58,57,12,29,0,27,92,42,67,18,13,38,68,78,66,2,7,86,49,35,10,26,41,59,47,32,11,23,51,72,56,19,36,62,96,80,20,6,25,71,28,44,88,84,73,83,34,60,22,55,63,8,74,17,45,97,89,16,31,9,82,91,94,48,70,14,95,37,5,54,43]",2dca45671393c8a3,c2eb305b0c29bd7c,100,0.01,1.0,295000,0.0661152315758274,0.00033057615787913697,0.775424870618192,7.512500087614171e-05,0.018700083001021994,14400,18.792964958000084,0.06016812500092783,129.2104928330009,0.9999999694704609,6.105907734976768e-08,1.8338905275708255,0.00024710135215725974,1.921796055626146e-13,1.9206858326015208e-13,0.7769560114286536,0.37472429582690764,1e-12
success,,Li-Li_2.66_hgbs-5_as-006-014,hamiltonian_generator/hgbs5_diatomic_basis_transfer/night/Li-Li/2.66/hgbs-5/Li-Li_2.66_hgbs-5_as-006-014.tensors.npz,Li-Li,2.66,hgbs-5,6,14,20,1580,2950,jw,random_groups,12,3002488163,2950,1272112,0.2924546671954297,67,"[58,42,46,44,32,172,37,156,42,37,156,34,26,16,34,34,48,48,40,40,64,64,56,56,64,64,52,52,52,48,40,40,30,26,24,108,24,88,24,24,104,68,56,62,36,30,20,32,28,28,32,20,20,24,16,20,20,20,24,28,28,20,8,16,16,16,16]","[53,32,2,46,57,47,4,31,58,55,21,23,27,16,65,54,13,49,59,34,5,37,10,42,56,24,29,64,36,26,62,20,60,43,28,48,33,22,8,7,44,63,12,18,15,40,45,25,35,52,38,14,50,17,0,1,51,19,66,11,9,3,39,6,30,41,61]",0230f2a0d6cb99b6,ab9dca1a8d6947bd,100,0.01,1.0,295000,0.15591533249976783,0.0007795766624988391,4.3123532556818525,7.94160005170852e-05,0.01886079200266977,14400,18.792964958000084,0.06016812500092783,128.7693962500016,0.999999831994741,3.360104898764149e-07,1.833891137876432,0.0005796641424791426,3.044320351364149e-10,3.0443192411411246e-10,4.275619307463391,1.2053855579971766,1e-12
success,,Li-Li_2.66_hgbs-5_as-006-014,hamiltonian_generator/hgbs5_diatomic_basis_transfer/night/Li-Li/2.66/hgbs-5/Li-Li_2.66_hgbs-5_as-006-014.tensors.npz,Li-Li,2.66,hgbs-5,6,14,20,1580,2950,fermionic,random_groups,12,3563514761,1580,457707,0.366925870403476,98,"[18,16,18,22,22,17,18,15,15,16,14,18,17,12,13,22,19,12,18,12,10,15,12,17,19,11,15,15,16,17,16,16,15,10,13,15,10,20,12,13,10,10,14,10,23,22,14,11,14,20,63,22,16,27,16,24,14,14,15,50,22,39,50,10,8,10,16,12,12,33,10,10,11,12,12,16,15,52,12,8,8,25,13,7,21,9,6,6,14,11,12,6,9,11,7,7,6,2]","[21,55,63,16,60,49,59,10,33,96,65,44,50,46,74,93,29,9,57,80,31,25,37,97,53,73,89,52,94,11,3,6,13,62,92,76,78,77,27,39,85,47,90,70,20,48,66,40,26,43,1,95,91,88,0,17,64,71,23,35,86,41,15,4,79,61,32,69,42,7,68,58,14,84,2,72,51,19,18,12,82,30,81,22,67,36,8,87,34,45,24,83,56,5,38,28,75,54]",0c0f071c02ae32b3,c77101ec29289fb7,100,0.01,1.0,295000,0.20872829797654469,0.0010436414898827235,7.728573525606911,7.65410004532896e-05,0.01877391699963482,14400,18.792964958000084,0.06016812500092783,129.11592470899996,0.9999996578670042,6.842658746286645e-07,1.8338910723211042,0.0008272037183464369,1.3700152123874432e-13,1.3677947663381929e-13,8.707050741411983,4.199392771033822,1e-12
success,,Li-Li_2.66_hgbs-5_as-006-014,hamiltonian_generator/hgbs5_diatomic_basis_transfer/night/Li-Li/2.66/hgbs-5/Li-Li_2.66_hgbs-5_as-006-014.tensors.npz,Li-Li,2.66,hgbs-5,6,14,20,1580,2950,jw,random_groups,13,2314392105,2950,1272112,0.2924546671954297,67,"[58,42,46,44,32,172,37,156,42,37,156,34,26,16,34,34,48,48,40,40,64,64,56,56,64,64,52,52,52,48,40,40,30,26,24,108,24,88,24,24,104,68,56,62,36,30,20,32,28,28,32,20,20,24,16,20,20,20,24,28,28,20,8,16,16,16,16]","[9,58,0,57,3,35,63,51,46,13,14,12,34,50,27,38,32,56,30,55,49,26,6,8,41,59,47,42,15,43,18,2,17,61,64,28,25,37,29,31,44,16,40,5,60,36,22,21,7,52,62,54,20,65,33,4,10,53,23,1,66,19,39,48,45,24,11]",faa547d2bc8f7834,ea42ffe0acafdef2,100,0.01,1.0,295000,0.14730486959265449,0.0007365243479632725,3.8492036352945793,7.620800170116127e-05,0.02011100000163424,14400,18.792964958000084,0.06016812500092783,129.31745841700103,0.9999998528854207,2.942291369434358e-07,1.8338890660997405,0.0005424289433582842,1.0622780433067192e-10,1.0622780433067192e-10,3.7439657886762476,1.0555014295655927,1e-12
success,,Li-Li_2.66_hgbs-5_as-006-014,hamiltonian_generator/hgbs5_diatomic_basis_transfer/night/Li-Li/2.66/hgbs-5/Li-Li_2.66_hgbs-5_as-006-014.tensors.npz,Li-Li,2.66,hgbs-5,6,14,20,1580,2950,fermionic,random_groups,13,1048599241,1580,457707,0.366925870403476,98,"[18,16,18,22,22,17,18,15,15,16,14,18,17,12,13,22,19,12,18,12,10,15,12,17,19,11,15,15,16,17,16,16,15,10,13,15,10,20,12,13,10,10,14,10,23,22,14,11,14,20,63,22,16,27,16,24,14,14,15,50,22,39,50,10,8,10,16,12,12,33,10,10,11,12,12,16,15,52,12,8,8,25,13,7,21,9,6,6,14,11,12,6,9,11,7,7,6,2]","[90,34,85,84,91,64,67,47,27,33,68,30,63,82,97,49,11,92,24,16,18,65,52,19,37,29,51,41,9,86,58,23,25,28,38,48,44,50,77,89,74,70,40,75,13,1,14,26,96,31,78,69,10,94,5,72,42,7,8,88,3,2,53,57,83,21,73,81,56,32,22,93,20,76,66,54,12,95,55,79,15,71,80,4,46,17,39,60,43,36,6,61,0,45,35,62,87,59]",ca4649a4d728f730,a377dd39db8e2bb8,100,0.01,1.0,295000,0.27128396389107046,0.0013564198194553523,13.05524193674592,7.895900125731714e-05,0.018806292002409464,14400,18.792964958000084,0.06016812500092783,129.0749779589969,0.9999994203675883,1.1592644875157987e-06,1.8338900434776648,0.0010766916101973146,1.4033219031261979e-13,1.404432126150823e-13,14.75124668608482,7.114496117802073,1e-12
success,,Li-Li_2.66_hgbs-5_as-006-014,hamiltonian_generator/hgbs5_diatomic_basis_transfer/night/Li-Li/2.66/hgbs-5/Li-Li_2.66_hgbs-5_as-006-014.tensors.npz,Li-Li,2.66,hgbs-5,6,14,20,1580,2950,jw,random_groups,14,1511997294,2950,1272112,0.2924546671954297,67,"[58,42,46,44,32,172,37,156,42,37,156,34,26,16,34,34,48,48,40,40,64,64,56,56,64,64,52,52,52,48,40,40,30,26,24,108,24,88,24,24,104,68,56,62,36,30,20,32,28,28,32,20,20,24,16,20,20,20,24,28,28,20,8,16,16,16,16]","[48,50,61,52,44,19,29,34,23,49,39,55,30,3,21,22,26,58,27,62,15,4,10,24,25,1,40,66,11,37,63,2,8,14,47,53,64,43,12,54,31,32,5,16,46,33,35,59,57,6,42,28,7,17,45,60,0,51,36,18,38,13,41,9,20,65,56]",81842dc494528599,8251c76869681829,100,0.01,1.0,295000,0.058819286416425004,0.000294096432082125,0.6137283458937103,8.199999865610152e-05,0.020631583996873815,14400,18.792964958000084,0.06016812500092783,128.95202599999902,0.9999999798482868,4.0303425929977266e-08,1.8338900774450198,0.00020075713280993647,7.111765620848587e-10,7.111766731071612e-10,0.5128473998728783,0.1445822943553689,1e-12
success,,Li-Li_2.66_hgbs-5_as-006-014,hamiltonian_generator/hgbs5_diatomic_basis_transfer/night/Li-Li/2.66/hgbs-5/Li-Li_2.66_hgbs-5_as-006-014.tensors.npz,Li-Li,2.66,hgbs-5,6,14,20,1580,2950,fermionic,random_groups,14,603156976,1580,457707,0.366925870403476,98,"[18,16,18,22,22,17,18,15,15,16,14,18,17,12,13,22,19,12,18,12,10,15,12,17,19,11,15,15,16,17,16,16,15,10,13,15,10,20,12,13,10,10,14,10,23,22,14,11,14,20,63,22,16,27,16,24,14,14,15,50,22,39,50,10,8,10,16,12,12,33,10,10,11,12,12,16,15,52,12,8,8,25,13,7,21,9,6,6,14,11,12,6,9,11,7,7,6,2]","[6,82,89,34,66,97,90,69,79,73,23,62,25,63,18,46,48,32,72,87,14,10,28,59,35,51,54,65,41,92,12,44,24,76,49,38,30,75,58,43,2,15,91,31,70,9,8,11,36,7,88,33,16,50,47,19,20,56,29,60,27,71,42,17,4,22,45,0,55,67,96,68,77,40,85,5,57,37,3,1,86,53,94,74,78,52,83,84,80,13,26,95,61,21,64,39,93,81]",482f67e46d560c50,9fa98501285adc3e,100,0.01,1.0,295000,0.22337596424933143,0.0011168798212466571,8.85135093555755,7.81660019129049e-05,0.01878141700217384,14400,18.792964958000084,0.06016812500092783,129.27238845900138,0.9999996135442666,7.729113175036773e-07,1.8338902575932428,0.0008791538357015079,1.7608137170554983e-13,1.7619239400801234e-13,9.835033880314729,4.7434167327671695,1e-12
success,,Li-Li_2.66_hgbs-5_as-006-014,hamiltonian_generator/hgbs5_diatomic_basis_transfer/night/Li-Li/2.66/hgbs-5/Li-Li_2.66_hgbs-5_as-006-014.tensors.npz,Li-Li,2.66,hgbs-5,6,14,20,1580,2950,jw,random_groups,15,1417518457,2950,1272112,0.2924546671954297,67,"[58,42,46,44,32,172,37,156,42,37,156,34,26,16,34,34,48,48,40,40,64,64,56,56,64,64,52,52,52,48,40,40,30,26,24,108,24,88,24,24,104,68,56,62,36,30,20,32,28,28,32,20,20,24,16,20,20,20,24,28,28,20,8,16,16,16,16]","[48,7,4,34,51,20,1,39,44,59,50,22,21,63,62,0,33,12,43,13,29,41,38,65,8,42,17,40,2,9,52,32,11,24,14,54,58,64,47,26,6,57,31,15,60,61,37,19,56,36,10,30,16,55,66,45,3,18,23,46,5,25,53,49,35,28,27]",b2b4c014ad4c60a4,eaef67f37bd0b64d,100,0.01,1.0,295000,0.19390370390932168,0.0009695185195466084,6.669739765604424,7.870799890952185e-05,0.018779833997541573,14400,18.792964958000084,0.06016812500092783,129.15950370800056,0.9999997080044035,5.839911076943594e-07,1.8338879932377052,0.000764193164690373,4.3157832863016665e-10,4.315785506747716e-10,7.43108840549385,2.094977592730699,1e-12
success,,Li-Li_2.66_hgbs-5_as-006-014,hamiltonian_generator/hgbs5_diatomic_basis_transfer/night/Li-Li/2.66/hgbs-5/Li-Li_2.66_hgbs-5_as-006-014.tensors.npz,Li-Li,2.66,hgbs-5,6,14,20,1580,2950,fermionic,random_groups,15,2656201148,1580,457707,0.366925870403476,98,"[18,16,18,22,22,17,18,15,15,16,14,18,17,12,13,22,19,12,18,12,10,15,12,17,19,11,15,15,16,17,16,16,15,10,13,15,10,20,12,13,10,10,14,10,23,22,14,11,14,20,63,22,16,27,16,24,14,14,15,50,22,39,50,10,8,10,16,12,12,33,10,10,11,12,12,16,15,52,12,8,8,25,13,7,21,9,6,6,14,11,12,6,9,11,7,7,6,2]","[69,24,61,95,26,48,71,79,64,60,35,75,0,16,32,89,96,80,90,42,82,22,40,10,4,54,38,55,59,5,20,30,93,50,62,57,7,97,92,9,15,36,91,39,63,13,81,34,66,73,84,78,8,51,17,43,3,11,27,33,67,23,2,25,53,94,21,12,88,85,49,46,76,45,65,56,19,41,47,83,6,86,87,29,37,44,74,1,68,72,28,31,58,70,77,18,52,14]",3e2cdfb57b72176c,d04c794b6b27e682,100,0.01,1.0,295000,0.2359227559117872,0.001179613779558936,9.873618547127606,7.183300112956204e-05,0.018259917000250425,14400,18.792964958000084,0.06016812500092783,130.27783099999942,0.9999995653884801,8.692228509188382e-07,1.833890878942923,0.0009323213178769296,2.602362769721367e-13,2.602362769721367e-13,11.060565416406726,5.334488087027376,1e-12
success,,Li-Li_2.66_hgbs-5_as-006-014,hamiltonian_generator/hgbs5_diatomic_basis_transfer/night/Li-Li/2.66/hgbs-5/Li-Li_2.66_hgbs-5_as-006-014.tensors.npz,Li-Li,2.66,hgbs-5,6,14,20,1580,2950,jw,random_groups,16,3652111456,2950,1272112,0.2924546671954297,67,"[58,42,46,44,32,172,37,156,42,37,156,34,26,16,34,34,48,48,40,40,64,64,56,56,64,64,52,52,52,48,40,40,30,26,24,108,24,88,24,24,104,68,56,62,36,30,20,32,28,28,32,20,20,24,16,20,20,20,24,28,28,20,8,16,16,16,16]","[65,27,53,37,54,63,6,4,11,23,58,20,49,22,47,51,41,44,55,40,17,10,30,62,36,38,32,48,7,9,59,24,64,8,43,3,42,12,5,25,31,34,52,60,29,66,18,14,16,56,39,28,21,19,57,0,45,2,61,26,46,13,1,33,15,35,50]",01e5a046205c7e27,b66f7fbcff94a794,100,0.01,1.0,295000,0.19499422959930565,0.0009749711479965283,6.744972737120229,7.179099702625535e-05,0.01934320899817976,14400,18.792964958000084,0.06016812500092783,128.05583983299948,0.9999998491966189,3.016067394723265e-07,1.833890411204057,0.0005491873653243477,4.020125343728864e-10,4.020125343728864e-10,3.837843273950347,1.0819674352674953,1e-12
success,,Li-Li_2.66_hgbs-5_as-006-014,hamiltonian_generator/hgbs5_diatomic_basis_transfer/night/Li-Li/2.66/hgbs-5/Li-Li_2.66_hgbs-5_as-006-014.tensors.npz,Li-Li,2.66,hgbs-5,6,14,20,1580,2950,fermionic,random_groups,16,292815404,1580,457707,0.366925870403476,98,"[18,16,18,22,22,17,18,15,15,16,14,18,17,12,13,22,19,12,18,12,10,15,12,17,19,11,15,15,16,17,16,16,15,10,13,15,10,20,12,13,10,10,14,10,23,22,14,11,14,20,63,22,16,27,16,24,14,14,15,50,22,39,50,10,8,10,16,12,12,33,10,10,11,12,12,16,15,52,12,8,8,25,13,7,21,9,6,6,14,11,12,6,9,11,7,7,6,2]","[54,53,57,12,91,78,10,52,7,46,34,42,11,30,71,80,97,88,84,43,67,81,62,5,58,13,16,87,32,51,23,60,74,65,38,47,76,72,40,2,20,66,92,18,3,64,24,70,8,69,49,17,19,82,1,63,79,95,36,31,96,37,94,77,45,75,48,27,9,22,61,59,15,21,93,28,85,73,44,33,0,35,90,50,41,89,6,29,14,56,26,39,86,25,4,68,55,83]",d35db3f2e3f551ba,31456361303382a9,100,0.01,1.0,295000,0.18343505314986866,0.0009171752657493433,5.96899670502406,7.533300231443718e-05,0.018151874999603024,14400,18.792964958000084,0.06016812500092783,127.9241703330008,0.9999997427778666,5.144442005722283e-07,1.8338903074064032,0.0007172477024999944,2.4724666758402236e-13,2.4702462297909733e-13,6.5461276443726275,3.1571839793350263,1e-12
success,,Li-Li_2.66_hgbs-5_as-006-014,hamiltonian_generator/hgbs5_diatomic_basis_transfer/night/Li-Li/2.66/hgbs-5/Li-Li_2.66_hgbs-5_as-006-014.tensors.npz,Li-Li,2.66,hgbs-5,6,14,20,1580,2950,jw,random_groups,17,1106263217,2950,1272112,0.2924546671954297,67,"[58,42,46,44,32,172,37,156,42,37,156,34,26,16,34,34,48,48,40,40,64,64,56,56,64,64,52,52,52,48,40,40,30,26,24,108,24,88,24,24,104,68,56,62,36,30,20,32,28,28,32,20,20,24,16,20,20,20,24,28,28,20,8,16,16,16,16]","[32,49,38,9,8,7,11,37,51,57,27,66,6,35,19,60,43,24,33,50,41,18,61,17,20,1,34,53,22,2,26,63,10,62,13,42,16,31,0,30,40,4,59,44,21,64,39,54,29,28,15,25,48,36,45,5,12,23,58,65,47,56,3,14,52,46,55]",75671f7bf7be7619,d939c473a9d5d59e,100,0.01,1.0,295000,0.19379502312610147,0.0009689751156305074,6.662265236901225,7.724999886704609e-05,0.01794487499864772,14400,18.792964958000084,0.06016812500092783,128.30652683399967,0.9999997312748582,5.374502114463553e-07,1.8338883043703542,0.000733110007850699,1.9131896067392518e-10,1.9131896067392518e-10,6.8388713153137015,1.9280193402838106,1e-12
success,,Li-Li_2.66_hgbs-5_as-006-014,hamiltonian_generator/hgbs5_diatomic_basis_transfer/night/Li-Li/2.66/hgbs-5/Li-Li_2.66_hgbs-5_as-006-014.tensors.npz,Li-Li,2.66,hgbs-5,6,14,20,1580,2950,fermionic,random_groups,17,2178110212,1580,457707,0.366925870403476,98,"[18,16,18,22,22,17,18,15,15,16,14,18,17,12,13,22,19,12,18,12,10,15,12,17,19,11,15,15,16,17,16,16,15,10,13,15,10,20,12,13,10,10,14,10,23,22,14,11,14,20,63,22,16,27,16,24,14,14,15,50,22,39,50,10,8,10,16,12,12,33,10,10,11,12,12,16,15,52,12,8,8,25,13,7,21,9,6,6,14,11,12,6,9,11,7,7,6,2]","[44,55,70,23,97,63,86,36,38,93,25,56,9,34,64,6,79,15,45,5,72,8,62,85,78,46,48,75,33,92,47,95,28,43,40,57,88,61,1,7,71,84,68,59,20,18,11,74,21,4,0,49,58,91,87,52,53,77,69,12,94,90,89,82,32,50,42,29,37,51,65,16,54,19,3,76,22,41,14,80,66,83,26,60,81,27,73,39,30,31,35,13,10,24,67,96,2,17]",7e6f8b523ba9201f,9bb94558edf1b0d2,100,0.01,1.0,295000,0.338107407411194,0.00169053703705597,20.27897736934203,7.20409989298787e-05,0.017725458998029353,14400,18.792964958000084,0.06016812500092783,128.3695399169992,0.9999991072780144,1.7854431741959331e-06,1.833890659614425,0.0013362050632721087,2.8899105330992825e-13,2.8910207561239076e-13,22.71915769885221,10.95740330888042,1e-12
success,,Li-Li_2.66_hgbs-5_as-006-014,hamiltonian_generator/hgbs5_diatomic_basis_transfer/night/Li-Li/2.66/hgbs-5/Li-Li_2.66_hgbs-5_as-006-014.tensors.npz,Li-Li,2.66,hgbs-5,6,14,20,1580,2950,jw,random_groups,18,2004198734,2950,1272112,0.2924546671954297,67,"[58,42,46,44,32,172,37,156,42,37,156,34,26,16,34,34,48,48,40,40,64,64,56,56,64,64,52,52,52,48,40,40,30,26,24,108,24,88,24,24,104,68,56,62,36,30,20,32,28,28,32,20,20,24,16,20,20,20,24,28,28,20,8,16,16,16,16]","[44,9,15,46,19,53,11,35,49,5,57,59,16,63,37,64,17,56,20,22,6,3,51,13,45,43,32,14,58,33,26,34,30,41,2,10,61,62,54,66,31,1,38,42,47,60,48,18,55,0,29,36,4,21,50,39,65,23,40,28,7,52,8,25,24,27,12]",e75cc56e67d8a343,dc992c7d33bbc4d9,100,0.01,1.0,295000,0.13702199627498615,0.0006851099813749308,3.3305599880751964,7.920899952296168e-05,0.017778708999685477,14400,18.792964958000084,0.06016812500092783,128.34994058300072,0.9999999246008275,1.5079833926012753e-07,1.8338909685278562,0.0003883276257521025,9.181067017749456e-11,9.181089222209948e-11,1.9188576258769723,0.5409656715805856,1e-12
success,,Li-Li_2.66_hgbs-5_as-006-014,hamiltonian_generator/hgbs5_diatomic_basis_transfer/night/Li-Li/2.66/hgbs-5/Li-Li_2.66_hgbs-5_as-006-014.tensors.npz,Li-Li,2.66,hgbs-5,6,14,20,1580,2950,fermionic,random_groups,18,4057069084,1580,457707,0.366925870403476,98,"[18,16,18,22,22,17,18,15,15,16,14,18,17,12,13,22,19,12,18,12,10,15,12,17,19,11,15,15,16,17,16,16,15,10,13,15,10,20,12,13,10,10,14,10,23,22,14,11,14,20,63,22,16,27,16,24,14,14,15,50,22,39,50,10,8,10,16,12,12,33,10,10,11,12,12,16,15,52,12,8,8,25,13,7,21,9,6,6,14,11,12,6,9,11,7,7,6,2]","[22,21,96,94,18,47,10,15,24,65,56,57,17,62,19,79,53,31,63,7,37,80,6,32,71,81,82,86,20,69,46,34,85,39,40,16,76,77,54,61,36,87,67,13,45,11,73,83,35,30,3,66,64,60,72,78,27,89,68,84,93,29,38,25,95,33,75,55,90,44,49,9,8,2,59,0,58,43,51,70,14,4,26,74,50,52,97,48,12,23,41,28,91,42,92,1,88,5]",398e68c719c9002a,09db07be5de9024a,100,0.01,1.0,295000,0.2716113239493607,0.0013580566197468036,13.086768631427185,7.479199848603457e-05,0.01857029199891258,14400,18.792964958000084,0.06016812500092783,128.62887825000143,0.9999994330869497,1.1338257791537742e-06,1.8338906198734826,0.0010648127068002805,1.616484723854228e-13,1.6187051699034782e-13,14.427547766239767,6.958376790562649,1e-12
success,,Li-Li_2.66_hgbs-5_as-006-014,hamiltonian_generator/hgbs5_diatomic_basis_transfer/night/Li-Li/2.66/hgbs-5/Li-Li_2.66_hgbs-5_as-006-014.tensors.npz,Li-Li,2.66,hgbs-5,6,14,20,1580,2950,jw,random_groups,19,771460460,2950,1272112,0.2924546671954297,67,"[58,42,46,44,32,172,37,156,42,37,156,34,26,16,34,34,48,48,40,40,64,64,56,56,64,64,52,52,52,48,40,40,30,26,24,108,24,88,24,24,104,68,56,62,36,30,20,32,28,28,32,20,20,24,16,20,20,20,24,28,28,20,8,16,16,16,16]","[14,48,50,55,53,3,5,15,21,54,40,63,22,49,31,8,18,57,65,30,10,62,36,24,38,32,2,6,29,23,44,7,37,25,61,39,64,66,35,34,13,41,52,51,56,11,46,20,33,60,16,1,47,26,4,42,45,0,9,58,43,59,12,17,27,28,19]",fa15c2f7ceed3221,1e43d0b7b6685c4d,100,0.01,1.0,295000,0.19298775880844718,0.0009649387940422359,6.606876741423614,7.199999890872277e-05,0.01836666699819034,14400,18.792964958000084,0.06016812500092783,129.28189349999957,0.9999997534076679,4.931846033784382e-07,1.8338916766748192,0.0007022710760231123,1.1679077704940255e-09,1.1679079925386304e-09,6.275606494083254,1.7692233315620132,1e-12
success,,Li-Li_2.66_hgbs-5_as-006-014,hamiltonian_generator/hgbs5_diatomic_basis_transfer/night/Li-Li/2.66/hgbs-5/Li-Li_2.66_hgbs-5_as-006-014.tensors.npz,Li-Li,2.66,hgbs-5,6,14,20,1580,2950,fermionic,random_groups,19,1457134939,1580,457707,0.366925870403476,98,"[18,16,18,22,22,17,18,15,15,16,14,18,17,12,13,22,19,12,18,12,10,15,12,17,19,11,15,15,16,17,16,16,15,10,13,15,10,20,12,13,10,10,14,10,23,22,14,11,14,20,63,22,16,27,16,24,14,14,15,50,22,39,50,10,8,10,16,12,12,33,10,10,11,12,12,16,15,52,12,8,8,25,13,7,21,9,6,6,14,11,12,6,9,11,7,7,6,2]","[93,85,58,18,73,86,8,15,47,60,32,96,54,37,56,92,65,16,10,6,25,62,83,53,95,12,46,1,19,20,9,63,90,40,14,30,72,7,51,67,0,28,26,13,50,24,17,4,41,11,23,71,35,59,2,52,68,34,70,81,29,38,74,43,44,79,78,88,39,75,77,57,84,87,76,5,3,82,27,42,22,69,36,64,21,49,61,48,33,66,91,97,80,45,89,31,55,94]",c9e19fc183cf524a,09d6c4d484be4b9c,100,0.01,1.0,295000,0.19454075351207312,0.0009727037675603656,6.713637171615797,6.86250023136381e-05,0.017910292001033667,14400,18.792964958000084,0.06016812500092783,129.9172380830023,0.999999710208973,5.795819699727645e-07,1.8338904020870472,0.0007613028660826288,8.58202398035246e-14,8.604228440844963e-14,7.374983626209578,3.5569395247804616,1e-12
