status,error_message,case_id,tensor_path,molecule,bond_length,basis,active_occupied,active_vacant,n_qubits,number_of_fermionic_terms,number_of_pauli_terms,graph_level,schedule,sample_index,random_seed,graph_vertices,graph_edges,graph_density,number_of_colors,group_sizes,group_order,within_group_order_hash,pauli_order_hash,trotter_steps,trotter_dt,evolution_time,nominal_exponential_count,bch2_hf_state_norm,leading_state_error_norm_estimate,bch_squared_ratio_to_raw,schedule_build_time_seconds,bch_evaluation_time_seconds,exact_sector_dimension,exact_build_time_seconds,exact_evolution_time_seconds,trotter_runtime_seconds,state_overlap_abs,state_infidelity,state_vector_2norm_error,phase_aligned_state_2norm_error,particle_number_leakage,spin_sector_leakage,state_infidelity_ratio_to_raw_jw,state_infidelity_ratio_to_current_coloring,coefficient_tolerance
success,,F-F_1.28_hgbs-5_as-014-002,hamiltonian_generator/hgbs5_diatomic_basis_transfer/night/F-F/1.28/hgbs-5/F-F_1.28_hgbs-5_as-014-002.tensors.npz,F-F,1.28,hgbs-5,14,2,16,656,1176,baseline,jw_raw,-1,-1,,,,,[],[],4f53cda18c2baa0c,5b3a4ea00434804c,100,0.01,1.0,117600,0.38093779508634507,0.0019046889754317253,1.0,9.249997674487531e-06,0.0021144580023246817,64,0.11359604100289289,0.00035391699930187315,14.023444833001122,0.9999984600722464,3.079853135967703e-06,1.7533045026011893,0.0017549517108151611,6.875611191503594e-13,6.875611191503594e-13,1.0,,1e-12
success,,F-F_1.28_hgbs-5_as-014-002,hamiltonian_generator/hgbs5_diatomic_basis_transfer/night/F-F/1.28/hgbs-5/F-F_1.28_hgbs-5_as-014-002.tensors.npz,F-F,1.28,hgbs-5,14,2,16,656,1176,jw,current,-1,-1,1176,230944,0.3342654508611955,26,"[48,36,56,56,48,48,64,64,56,56,28,24,24,24,108,36,32,32,56,72,72,32,32,32,32,8]","[0,1,2,3,4,5,6,7,8,9,10,11,12,13,14,15,16,17,18,19,20,21,22,23,24,25]",4ecedd81fc4cb891,e7caef06750cda7f,100,0.01,1.0,117600,1.845378926059382,0.00922689463029691,23.467292475154885,1.2249998690094799e-05,0.0021912080046604387,64,0.11359604100289289,0.00035391699930187315,14.056960249996337,0.9999999499986211,1.0000275529886693e-07,1.7533043117124825,0.0003162321265342595,9.677010026631905e-08,9.677010026631905e-08,0.032469975315055286,1.0,1e-12
success,,F-F_1.28_hgbs-5_as-014-002,hamiltonian_generator/hgbs5_diatomic_basis_transfer/night/F-F/1.28/hgbs-5/F-F_1.28_hgbs-5_as-014-002.tensors.npz,F-F,1.28,hgbs-5,14,2,16,656,1176,fermionic,current,-1,-1,656,107059,0.4983196797616831,53,"[12,12,12,12,12,12,12,12,12,12,12,12,12,12,12,14,14,12,16,12,8,12,12,12,10,16,13,14,14,14,16,16,12,10,10,8,12,8,12,8,13,8,13,20,14,14,26,23,14,11,9,5,1]","[0,1,2,3,4,5,6,7,8,9,10,11,12,13,14,15,16,17,18,19,20,21,22,23,24,25,26,27,28,29,30,31,32,33,34,35,36,37,38,39,40,41,42,43,44,45,46,47,48,49,50,51,52]",937ddf483dddc372,f6df69bcb035b456,100,0.01,1.0,117600,0.1438684217268042,0.000719342108634021,0.14263392431043748,1.2832999345846474e-05,0.0021481670046341605,64,0.11359604100289289,0.00035391699930187315,14.024770083000476,0.9999997804898277,4.3902029633891004e-07,1.7533042659904434,0.0006625861034783248,7.636113963371827e-13,7.636113963371827e-13,0.1425458542850187,1.0,1e-12
success,,F-F_1.28_hgbs-5_as-014-002,hamiltonian_generator/hgbs5_diatomic_basis_transfer/night/F-F/1.28/hgbs-5/F-F_1.28_hgbs-5_as-014-002.tensors.npz,F-F,1.28,hgbs-5,14,2,16,656,1176,jw,reverse_groups,-1,-1,1176,230944,0.3342654508611955,26,"[48,36,56,56,48,48,64,64,56,56,28,24,24,24,108,36,32,32,56,72,72,32,32,32,32,8]","[25,24,23,22,21,20,19,18,17,16,15,14,13,12,11,10,9,8,7,6,5,4,3,2,1,0]",b1aebad68f5cf84a,dc0bf884546cdca2,100,0.01,1.0,117600,1.845378926059382,0.00922689463029691,23.467292475154885,1.2625001545529813e-05,0.002092916998662986,64,0.11359604100289289,0.00035391699930187315,14.040953625000839,0.9999999499986705,1.0000265648901774e-07,1.7533043427900377,0.0003162319703042858,9.67754947289734e-08,9.67754948399957e-08,0.03246994323240562,0.9999990119287324,1e-12
success,,F-F_1.28_hgbs-5_as-014-002,hamiltonian_generator/hgbs5_diatomic_basis_transfer/night/F-F/1.28/hgbs-5/F-F_1.28_hgbs-5_as-014-002.tensors.npz,F-F,1.28,hgbs-5,14,2,16,656,1176,fermionic,reverse_groups,-1,-1,656,107059,0.4983196797616831,53,"[12,12,12,12,12,12,12,12,12,12,12,12,12,12,12,14,14,12,16,12,8,12,12,12,10,16,13,14,14,14,16,16,12,10,10,8,12,8,12,8,13,8,13,20,14,14,26,23,14,11,9,5,1]","[52,51,50,49,48,47,46,45,44,43,42,41,40,39,38,37,36,35,34,33,32,31,30,29,28,27,26,25,24,23,22,21,20,19,18,17,16,15,14,13,12,11,10,9,8,7,6,5,4,3,2,1,0]",28ae43753f51f041,349da367e318aab7,100,0.01,1.0,117600,0.030309163251665848,0.00015154581625832924,0.0063305255567594285,1.3000004400964826e-05,0.00215070899866987,64,0.11359604100289289,0.00035391699930187315,14.043796915997518,0.9999999904223892,1.9155221520072985e-08,1.7533041005353276,0.00013840239026510808,7.153166947659884e-13,7.152056724635258e-13,0.0062195243326283916,0.04363174477310668,1e-12
success,,F-F_1.28_hgbs-5_as-014-002,hamiltonian_generator/hgbs5_diatomic_basis_transfer/night/F-F/1.28/hgbs-5/F-F_1.28_hgbs-5_as-014-002.tensors.npz,F-F,1.28,hgbs-5,14,2,16,656,1176,jw,random_groups,0,170929829,1176,230944,0.3342654508611955,26,"[48,36,56,56,48,48,64,64,56,56,28,24,24,24,108,36,32,32,56,72,72,32,32,32,32,8]","[8,0,6,20,23,18,25,3,9,21,11,10,19,4,15,12,22,17,24,7,2,1,5,14,13,16]",0c7491e625c19cae,72218709092454a5,100,0.01,1.0,117600,1.4280027759766438,0.007140013879883219,14.052382932050577,1.2416996469255537e-05,0.002329458002350293,64,0.11359604100289289,0.00035391699930187315,14.016130541996972,0.9999995775924024,8.448150167206236e-07,1.7533144895318682,0.000919138289450213,8.244690439251912e-07,8.244690439251912e-07,0.27430366950116897,8.447917401833784,1e-12
success,,F-F_1.28_hgbs-5_as-014-002,hamiltonian_generator/hgbs5_diatomic_basis_transfer/night/F-F/1.28/hgbs-5/F-F_1.28_hgbs-5_as-014-002.tensors.npz,F-F,1.28,hgbs-5,14,2,16,656,1176,fermionic,random_groups,0,3367589945,656,107059,0.4983196797616831,53,"[12,12,12,12,12,12,12,12,12,12,12,12,12,12,12,14,14,12,16,12,8,12,12,12,10,16,13,14,14,14,16,16,12,10,10,8,12,8,12,8,13,8,13,20,14,14,26,23,14,11,9,5,1]","[17,41,6,22,51,26,25,7,43,21,36,1,29,32,42,28,37,16,47,23,14,31,15,48,5,10,4,38,33,34,49,2,50,9,18,27,30,0,19,20,46,40,11,12,8,45,39,3,24,35,13,44,52]",f1e806f94a0baa26,f5cc5dfc7058c9d9,100,0.01,1.0,117600,0.05736408862071636,0.0002868204431035818,0.02267629346119608,1.345800410490483e-05,0.0023815419990569353,64,0.11359604100289289,0.00035391699930187315,14.007352542001172,0.9999999654019911,6.919601658328389e-08,1.7533041403296887,0.00026305135963254254,7.169820293029261e-13,7.170930516053886e-13,0.022467310462043255,0.15761461864138215,1e-12
success,,F-F_1.28_hgbs-5_as-014-002,hamiltonian_generator/hgbs5_diatomic_basis_transfer/night/F-F/1.28/hgbs-5/F-F_1.28_hgbs-5_as-014-002.tensors.npz,F-F,1.28,hgbs-5,14,2,16,656,1176,jw,random_groups,1,1497130406,1176,230944,0.3342654508611955,26,"[48,36,56,56,48,48,64,64,56,56,28,24,24,24,108,36,32,32,56,72,72,32,32,32,32,8]","[17,0,4,15,13,3,19,10,5,25,22,1,14,24,6,2,20,16,7,11,8,21,18,23,9,12]",ecca4641cc4b3e3f,a34fa61e3a9e7d8e,100,0.01,1.0,117600,0.829237953241021,0.004146189766205105,4.738601795027478,1.341600000159815e-05,0.002057416997558903,64,0.11359604100289289,0.00035391699930187315,14.014400375002879,0.9999997736583603,4.526832281248616e-07,1.7533072550729525,0.0006728174189972664,3.0619501822926054e-07,3.0619501811823824e-07,0.14698208263188065,4.526707556926591,1e-12
success,,F-F_1.28_hgbs-5_as-014-002,hamiltonian_generator/hgbs5_diatomic_basis_transfer/night/F-F/1.28/hgbs-5/F-F_1.28_hgbs-5_as-014-002.tensors.npz,F-F,1.28,hgbs-5,14,2,16,656,1176,fermionic,random_groups,1,3876896119,656,107059,0.4983196797616831,53,"[12,12,12,12,12,12,12,12,12,12,12,12,12,12,12,14,14,12,16,12,8,12,12,12,10,16,13,14,14,14,16,16,12,10,10,8,12,8,12,8,13,8,13,20,14,14,26,23,14,11,9,5,1]","[37,29,41,33,24,48,19,46,5,39,6,0,3,2,14,11,12,20,17,42,18,36,32,49,7,45,1,34,38,27,50,43,31,30,35,26,9,52,21,8,10,16,40,15,47,44,4,25,13,51,22,28,23]",0c865401d9c551b0,9b6dd7f3a21e1b8d,100,0.01,1.0,117600,0.15904952858963256,0.0007952476429481628,0.17432378422963338,2.1792002371512353e-05,0.0023589999982505105,64,0.11359604100289289,0.00035391699930187315,14.05254750000313,0.9999997325188675,5.349621934325199e-07,1.7533041877172755,0.0007314111462993182,8.032463583163008e-13,8.031353360138382e-13,0.17369730627250593,1.2185363590104858,1e-12
success,,F-F_1.28_hgbs-5_as-014-002,hamiltonian_generator/hgbs5_diatomic_basis_transfer/night/F-F/1.28/hgbs-5/F-F_1.28_hgbs-5_as-014-002.tensors.npz,F-F,1.28,hgbs-5,14,2,16,656,1176,jw,random_groups,2,1277635548,1176,230944,0.3342654508611955,26,"[48,36,56,56,48,48,64,64,56,56,28,24,24,24,108,36,32,32,56,72,72,32,32,32,32,8]","[17,7,0,15,10,16,11,25,13,23,5,14,2,19,9,21,4,20,1,22,18,24,3,8,6,12]",8d68c2826476bada,2e2b5f8754063cff,100,0.01,1.0,117600,2.471327668048789,0.012356638340243944,42.08744243184221,1.2916003470309079e-05,0.0021551249956246465,64,0.11359604100289289,0.00035391699930187315,14.042042834000313,0.9999974187089524,5.162575432038352e-06,1.7533051299897198,0.002272131619240588,4.993251137452859e-06,4.9932511373418365e-06,1.6762407829606618,51.624331915751185,1e-12
success,,F-F_1.28_hgbs-5_as-014-002,hamiltonian_generator/hgbs5_diatomic_basis_transfer/night/F-F/1.28/hgbs-5/F-F_1.28_hgbs-5_as-014-002.tensors.npz,F-F,1.28,hgbs-5,14,2,16,656,1176,fermionic,random_groups,2,4124360246,656,107059,0.4983196797616831,53,"[12,12,12,12,12,12,12,12,12,12,12,12,12,12,12,14,14,12,16,12,8,12,12,12,10,16,13,14,14,14,16,16,12,10,10,8,12,8,12,8,13,8,13,20,14,14,26,23,14,11,9,5,1]","[0,27,50,48,2,52,9,40,38,24,51,10,41,32,37,17,13,46,33,14,3,31,4,45,7,23,36,11,1,15,42,39,28,30,12,35,6,20,5,21,34,43,47,26,29,18,16,19,25,8,49,44,22]",eaa79014d1c051ba,bdffb3327c23028f,100,0.01,1.0,117600,0.19895412714037966,0.0009947706357018983,0.27277073747775676,1.4917000953573734e-05,0.002170416002627462,64,0.11359604100289289,0.00035391699930187315,14.011143208001158,0.9999995800849348,8.398299540246512e-07,1.7533042456038677,0.0009164224628019916,6.539213615042172e-13,6.540323838066797e-13,0.2726850654717252,1.9129638447884618,1e-12
success,,F-F_1.28_hgbs-5_as-014-002,hamiltonian_generator/hgbs5_diatomic_basis_transfer/night/F-F/1.28/hgbs-5/F-F_1.28_hgbs-5_as-014-002.tensors.npz,F-F,1.28,hgbs-5,14,2,16,656,1176,jw,random_groups,3,310789966,1176,230944,0.3342654508611955,26,"[48,36,56,56,48,48,64,64,56,56,28,24,24,24,108,36,32,32,56,72,72,32,32,32,32,8]","[10,6,18,1,7,4,8,20,11,19,23,15,5,0,24,16,12,9,21,2,14,25,13,22,17,3]",f6ee1809b29e8625,fcc78df7e6b36091,100,0.01,1.0,117600,1.3041793258155108,0.006520896629077554,11.721049372497168,1.3083001249469817e-05,0.002175583998905495,64,0.11359604100289289,0.00035391699930187315,14.01935620799486,0.999999302775273,1.3944489677397698e-06,1.7533109704710494,0.0011808680933560836,1.2619226501531244e-06,1.2619226500421021e-06,0.4527647605838283,13.944105475617524,1e-12
success,,F-F_1.28_hgbs-5_as-014-002,hamiltonian_generator/hgbs5_diatomic_basis_transfer/night/F-F/1.28/hgbs-5/F-F_1.28_hgbs-5_as-014-002.tensors.npz,F-F,1.28,hgbs-5,14,2,16,656,1176,fermionic,random_groups,3,1422182446,656,107059,0.4983196797616831,53,"[12,12,12,12,12,12,12,12,12,12,12,12,12,12,12,14,14,12,16,12,8,12,12,12,10,16,13,14,14,14,16,16,12,10,10,8,12,8,12,8,13,8,13,20,14,14,26,23,14,11,9,5,1]","[16,50,14,10,36,42,30,26,3,22,15,13,1,43,34,23,19,5,33,46,25,41,27,24,48,28,2,8,0,49,21,52,11,12,39,7,32,6,38,44,29,37,17,4,45,9,18,40,47,51,31,35,20]",d4eb900c71b8ad23,e095b274056ac336,100,0.01,1.0,117600,0.21472509013758528,0.0010736254506879264,0.31772944197493364,1.687500480329618e-05,0.0020511670009000227,64,0.11359604100289289,0.00035391699930187315,14.017263458998059,0.9999995109191098,9.781615412096656e-07,1.7533042595457593,0.0009890206168036778,7.592815265411446e-13,7.593925488436071e-13,0.31760006014128433,2.2280553982737854,1e-12
success,,F-F_1.28_hgbs-5_as-014-002,hamiltonian_generator/hgbs5_diatomic_basis_transfer/night/F-F/1.28/hgbs-5/F-F_1.28_hgbs-5_as-014-002.tensors.npz,F-F,1.28,hgbs-5,14,2,16,656,1176,jw,random_groups,4,2585659375,1176,230944,0.3342654508611955,26,"[48,36,56,56,48,48,64,64,56,56,28,24,24,24,108,36,32,32,56,72,72,32,32,32,32,8]","[21,25,24,19,23,12,11,10,4,20,6,0,14,1,17,2,13,18,8,16,7,3,22,15,9,5]",f4396819c20d184b,f7cae3bb8eee0326,100,0.01,1.0,117600,3.1868448427378624,0.015934224213689313,69.98640920608615,1.279199932469055e-05,0.0021928329952061176,64,0.11359604100289289,0.00035391699930187315,14.00914908300183,0.9999997134121116,5.731756946847355e-07,1.7533119451244574,0.0007570837317240672,5.720926383734337e-07,5.720926383734337e-07,0.18610487883041257,5.731599024164385,1e-12
success,,F-F_1.28_hgbs-5_as-014-002,hamiltonian_generator/hgbs5_diatomic_basis_transfer/night/F-F/1.28/hgbs-5/F-F_1.28_hgbs-5_as-014-002.tensors.npz,F-F,1.28,hgbs-5,14,2,16,656,1176,fermionic,random_groups,4,1816603139,656,107059,0.4983196797616831,53,"[12,12,12,12,12,12,12,12,12,12,12,12,12,12,12,14,14,12,16,12,8,12,12,12,10,16,13,14,14,14,16,16,12,10,10,8,12,8,12,8,13,8,13,20,14,14,26,23,14,11,9,5,1]","[40,9,7,0,6,4,52,23,50,14,8,17,43,49,13,12,41,19,36,35,51,37,42,10,1,27,28,39,16,3,26,30,2,21,31,25,33,18,46,44,5,24,22,38,47,20,11,45,34,32,29,48,15]",ffac6b1d19acfc21,485c79880e9c9c0c,100,0.01,1.0,117600,0.23299081375050548,0.0011649540687525275,0.3740842891263579,1.3124998076818883e-05,0.0020562919962685555,64,0.11359604100289289,0.00035391699930187315,14.031398291997903,0.9999994246058965,1.1507878758809653e-06,1.753304322715092,0.0010727479699116057,7.502887200416808e-13,7.502887200416808e-13,0.373650244046258,2.6212634939150803,1e-12
success,,F-F_1.28_hgbs-5_as-014-002,hamiltonian_generator/hgbs5_diatomic_basis_transfer/night/F-F/1.28/hgbs-5/F-F_1.28_hgbs-5_as-014-002.tensors.npz,F-F,1.28,hgbs-5,14,2,16,656,1176,jw,random_groups,5,1579864017,1176,230944,0.3342654508611955,26,"[48,36,56,56,48,48,64,64,56,56,28,24,24,24,108,36,32,32,56,72,72,32,32,32,32,8]","[7,3,0,1,16,8,9,6,15,4,14,2,12,18,19,23,24,11,13,17,22,5,20,10,25,21]",945ca7895fd92584,379f11a786ae53e2,100,0.01,1.0,117600,1.2219925978717365,0.006109962989358683,10.29032338057444,1.3625001884065568e-05,0.0021855410013813525,64,0.11359604100289289,0.00035391699930187315,14.014015916996868,0.9999996188572128,7.622854292232972e-07,1.7533116534252686,0.000873089671477374,7.608895452593245e-07,7.608895452593245e-07,0.24750707113954118,7.622644265601892,1e-12
success,,F-F_1.28_hgbs-5_as-014-002,hamiltonian_generator/hgbs5_diatomic_basis_transfer/night/F-F/1.28/hgbs-5/F-F_1.28_hgbs-5_as-014-002.tensors.npz,F-F,1.28,hgbs-5,14,2,16,656,1176,fermionic,random_groups,5,3469542081,656,107059,0.4983196797616831,53,"[12,12,12,12,12,12,12,12,12,12,12,12,12,12,12,14,14,12,16,12,8,12,12,12,10,16,13,14,14,14,16,16,12,10,10,8,12,8,12,8,13,8,13,20,14,14,26,23,14,11,9,5,1]","[11,46,47,28,17,8,21,43,42,1,18,6,16,41,14,22,51,45,52,48,23,49,24,39,35,32,7,29,9,15,4,34,26,30,27,40,0,3,36,25,19,2,38,31,5,20,37,50,10,44,13,33,12]",903813fe45a6a628,7b97bd3549d00b5f,100,0.01,1.0,117600,0.13501326751480017,0.0006750663375740009,0.12561594459149708,1.3208002201281488e-05,0.0022032089982531033,64,0.11359604100289289,0.00035391699930187315,14.006210459003341,0.9999998068393312,3.8632130028304346e-07,1.7533040495247456,0.0006215475344545557,7.691625114603085e-13,7.691625114603085e-13,0.12543497473026735,0.8799622785202974,1e-12
success,,F-F_1.28_hgbs-5_as-014-002,hamiltonian_generator/hgbs5_diatomic_basis_transfer/night/F-F/1.28/hgbs-5/F-F_1.28_hgbs-5_as-014-002.tensors.npz,F-F,1.28,hgbs-5,14,2,16,656,1176,jw,random_groups,6,3151523025,1176,230944,0.3342654508611955,26,"[48,36,56,56,48,48,64,64,56,56,28,24,24,24,108,36,32,32,56,72,72,32,32,32,32,8]","[19,7,21,2,16,17,20,24,10,25,8,5,6,14,9,12,4,0,3,18,22,11,15,13,1,23]",d5a0842bd0a303a4,c630ee1149337a9c,100,0.01,1.0,117600,3.335653575209749,0.016678267876048744,76.67499454342217,1.2459000572562218e-05,0.0021775419954792596,64,0.11359604100289289,0.00035391699930187315,14.006415582996851,0.9999953479361356,9.304106087015818e-06,1.7533114269724575,0.003050266829099425,8.864132768127142e-06,8.864132768349187e-06,3.020957713326947,93.03849738149401,1e-12
success,,F-F_1.28_hgbs-5_as-014-002,hamiltonian_generator/hgbs5_diatomic_basis_transfer/night/F-F/1.28/hgbs-5/F-F_1.28_hgbs-5_as-014-002.tensors.npz,F-F,1.28,hgbs-5,14,2,16,656,1176,fermionic,random_groups,6,2189256465,656,107059,0.4983196797616831,53,"[12,12,12,12,12,12,12,12,12,12,12,12,12,12,12,14,14,12,16,12,8,12,12,12,10,16,13,14,14,14,16,16,12,10,10,8,12,8,12,8,13,8,13,20,14,14,26,23,14,11,9,5,1]","[44,28,47,33,26,32,41,40,17,9,23,8,42,43,37,13,15,24,48,3,51,6,11,50,7,39,36,4,27,20,2,46,12,49,16,25,10,34,5,18,29,1,22,14,38,52,21,19,30,0,45,31,35]",164c522841a8d0b2,006bd60f0dfcf2ed,100,0.01,1.0,117600,0.21145450205649652,0.0010572725102824827,0.30812415440125906,1.333300315309316e-05,0.0022972920050960965,64,0.11359604100289289,0.00035391699930187315,14.017709790998197,0.9999995259986196,9.48002536027559e-07,1.7533039665054322,0.0009736543332911836,7.55062679047569e-13,7.549516567451064e-13,0.3078077084119443,2.1593592458780777,1e-12
success,,F-F_1.28_hgbs-5_as-014-002,hamiltonian_generator/hgbs5_diatomic_basis_transfer/night/F-F/1.28/hgbs-5/F-F_1.28_hgbs-5_as-014-002.tensors.npz,F-F,1.28,hgbs-5,14,2,16,656,1176,jw,random_groups,7,2179626871,1176,230944,0.3342654508611955,26,"[48,36,56,56,48,48,64,64,56,56,28,24,24,24,108,36,32,32,56,72,72,32,32,32,32,8]","[8,19,12,3,10,9,4,11,18,20,25,6,15,5,2,14,17,13,22,16,0,21,1,7,24,23]",c819c01fcc56ada6,0c5dff9d9197c5db,100,0.01,1.0,117600,4.736558630054187,0.023682793150270935,154.60292543226018,1.3124998076818883e-05,0.002162500000849832,64,0.11359604100289289,0.00035391699930187315,14.059631750002154,0.9999966425118842,6.714964958742797e-06,1.7533201173931734,0.002591327117811123,6.70308332162417e-06,6.703083321402126e-06,2.1802873910846166,67.14779946487015,1e-12
success,,F-F_1.28_hgbs-5_as-014-002,hamiltonian_generator/hgbs5_diatomic_basis_transfer/night/F-F/1.28/hgbs-5/F-F_1.28_hgbs-5_as-014-002.tensors.npz,F-F,1.28,hgbs-5,14,2,16,656,1176,fermionic,random_groups,7,54865669,656,107059,0.4983196797616831,53,"[12,12,12,12,12,12,12,12,12,12,12,12,12,12,12,14,14,12,16,12,8,12,12,12,10,16,13,14,14,14,16,16,12,10,10,8,12,8,12,8,13,8,13,20,14,14,26,23,14,11,9,5,1]","[49,33,12,16,52,6,23,34,13,3,42,37,28,2,50,7,51,44,30,17,18,29,48,26,43,46,5,9,11,1,20,24,8,27,39,4,45,25,15,40,41,14,31,36,32,0,47,10,35,22,21,38,19]",5f6dce4b9b20694e,d821237303d4c732,100,0.01,1.0,117600,0.3582820151054672,0.001791410075527336,0.8845897217953362,1.3207994925323874e-05,0.0021901669970247895,64,0.11359604100289289,0.00035391699930187315,14.021390999994765,0.9999986378335683,2.7243310077862404e-06,1.7533034316491347,0.001650555319673346,7.787104294720848e-13,7.787104294720848e-13,0.8845652333127385,6.205478494969493,1e-12
success,,F-F_1.28_hgbs-5_as-014-002,hamiltonian_generator/hgbs5_diatomic_basis_transfer/night/F-F/1.28/hgbs-5/F-F_1.28_hgbs-5_as-014-002.tensors.npz,F-F,1.28,hgbs-5,14,2,16,656,1176,jw,random_groups,8,1984604632,1176,230944,0.3342654508611955,26,"[48,36,56,56,48,48,64,64,56,56,28,24,24,24,108,36,32,32,56,72,72,32,32,32,32,8]","[2,21,13,8,7,24,11,6,22,25,12,17,1,3,16,9,15,5,14,23,18,4,19,20,10,0]",d096a362b292dc4f,7992394dae26e5d1,100,0.01,1.0,117600,4.110094798693914,0.02055047399346957,116.41141023714937,1.2958000297658145e-05,0.0020819159981328994,64,0.11359604100289289,0.00035391699930187315,14.082010582998919,0.9999991011953364,1.7976085193716074e-06,1.7533201930269253,0.0013407495393136931,1.7202766834367722e-06,1.7202766834367722e-06,0.5836669607321361,17.97558991249089,1e-12
success,,F-F_1.28_hgbs-5_as-014-002,hamiltonian_generator/hgbs5_diatomic_basis_transfer/night/F-F/1.28/hgbs-5/F-F_1.28_hgbs-5_as-014-002.tensors.npz,F-F,1.28,hgbs-5,14,2,16,656,1176,fermionic,random_groups,8,2680923446,656,107059,0.4983196797616831,53,"[12,12,12,12,12,12,12,12,12,12,12,12,12,12,12,14,14,12,16,12,8,12,12,12,10,16,13,14,14,14,16,16,12,10,10,8,12,8,12,8,13,8,13,20,14,14,26,23,14,11,9,5,1]","[30,17,46,23,31,13,29,34,50,6,4,7,51,19,0,8,36,28,3,52,39,22,2,47,45,37,25,21,35,40,43,5,20,16,49,38,42,18,1,12,48,26,41,44,11,24,32,10,15,14,27,9,33]",45c561905f81f7db,58f1928e4dca3a34,100,0.01,1.0,117600,0.13981390816977193,0.0006990695408488597,0.13470776285534805,1.3624994608107954e-05,0.001877459006209392,64,0.11359604100289289,0.00035391699930187315,14.005027833001805,0.9999997929607558,4.140784455319846e-07,1.753304189305897,0.0006434893071268499,6.982192601867609e-13,6.982192601867609e-13,0.13444746461973078,0.9431874767182264,1e-12
success,,F-F_1.28_hgbs-5_as-014-002,hamiltonian_generator/hgbs5_diatomic_basis_transfer/night/F-F/1.28/hgbs-5/F-F_1.28_hgbs-5_as-014-002.tensors.npz,F-F,1.28,hgbs-5,14,2,16,656,1176,jw,random_groups,9,3375276032,1176,230944,0.3342654508611955,26,"[48,36,56,56,48,48,64,64,56,56,28,24,24,24,108,36,32,32,56,72,72,32,32,32,32,8]","[12,19,16,21,5,2,20,6,1,22,3,0,9,4,11,24,7,15,23,8,25,13,17,18,14,10]",5335b3217d303b4d,1099dfb701596af4,100,0.01,1.0,117600,1.323481671326575,0.006617408356632874,12.070568777644159,1.1749994882848114e-05,0.0020871250017080456,64,0.11359604100289289,0.00035391699930187315,13.99715812499926,0.9999988246028354,2.350792947636293e-06,1.7533117186144949,0.0015332300314035807,1.1832586720439409e-06,1.1832586720439409e-06,0.7632808591367017,23.507281780494388,1e-12
success,,F-F_1.28_hgbs-5_as-014-002,hamiltonian_generator/hgbs5_diatomic_basis_transfer/night/F-F/1.28/hgbs-5/F-F_1.28_hgbs-5_as-014-002.tensors.npz,F-F,1.28,hgbs-5,14,2,16,656,1176,fermionic,random_groups,9,1198809176,656,107059,0.4983196797616831,53,"[12,12,12,12,12,12,12,12,12,12,12,12,12,12,12,14,14,12,16,12,8,12,12,12,10,16,13,14,14,14,16,16,12,10,10,8,12,8,12,8,13,8,13,20,14,14,26,23,14,11,9,5,1]","[34,48,21,49,36,25,33,32,35,10,6,52,14,38,13,16,22,26,50,23,4,45,15,19,1,46,5,41,18,12,40,44,9,28,20,0,24,51,31,3,37,17,42,43,30,8,39,11,2,7,27,29,47]",6d9bb4bfb06f8187,f3998f2636bf43b0,100,0.01,1.0,117600,0.19515200129663793,0.0009757600064831896,0.26244475109439536,1.3000004400964826e-05,0.0018595000001369044,64,0.11359604100289289,0.00035391699930187315,14.024450124998111,0.9999995960021408,8.079955551298923e-07,1.753304232554079,0.0008988858205204246,7.597256157509946e-13,7.596145934485321e-13,0.2623487288058678,1.840451482238864,1e-12
success,,F-F_1.28_hgbs-5_as-014-002,hamiltonian_generator/hgbs5_diatomic_basis_transfer/night/F-F/1.28/hgbs-5/F-F_1.28_hgbs-5_as-014-002.tensors.npz,F-F,1.28,hgbs-5,14,2,16,656,1176,jw,random_groups,10,587745067,1176,230944,0.3342654508611955,26,"[48,36,56,56,48,48,64,64,56,56,28,24,24,24,108,36,32,32,56,72,72,32,32,32,32,8]","[22,4,24,23,9,8,10,17,16,5,0,2,11,12,21,13,25,1,19,14,15,3,18,6,7,20]",d74106ee5af0316b,caca8541b43101f0,100,0.01,1.0,117600,3.769350622289527,0.018846753111447637,97.90952570274153,1.2582997442223132e-05,0.002340416998777073,64,0.11359604100289289,0.00035391699930187315,14.059412999995402,0.9999973912018729,5.217589448380799e-06,1.7533087719972602,0.002284205825699375,5.166882990348398e-06,5.166882990237376e-06,1.694103328320365,52.174456921587606,1e-12
success,,F-F_1.28_hgbs-5_as-014-002,hamiltonian_generator/hgbs5_diatomic_basis_transfer/night/F-F/1.28/hgbs-5/F-F_1.28_hgbs-5_as-014-002.tensors.npz,F-F,1.28,hgbs-5,14,2,16,656,1176,fermionic,random_groups,10,3391352111,656,107059,0.4983196797616831,53,"[12,12,12,12,12,12,12,12,12,12,12,12,12,12,12,14,14,12,16,12,8,12,12,12,10,16,13,14,14,14,16,16,12,10,10,8,12,8,12,8,13,8,13,20,14,14,26,23,14,11,9,5,1]","[5,4,14,13,37,48,30,34,23,42,33,24,25,22,19,6,43,38,50,10,18,20,21,51,15,46,0,7,3,39,32,2,36,47,27,41,9,40,35,12,16,44,29,8,28,49,31,11,1,52,26,17,45]",690600598fd6ffc3,8fae03fc67764e85,100,0.01,1.0,117600,0.3642934326276539,0.0018214671631382696,0.9145228403734471,1.333300315309316e-05,0.00221462499757763,64,0.11359604100289289,0.00035391699930187315,14.018173541000579,0.9999985912742905,2.8174494345334367e-06,1.7533035052466965,0.0016785265619158646,7.324141293452158e-13,7.325251516476783e-13,0.9147999304350537,6.417583555996813,1e-12
success,,F-F_1.28_hgbs-5_as-014-002,hamiltonian_generator/hgbs5_diatomic_basis_transfer/night/F-F/1.28/hgbs-5/F-F_1.28_hgbs-5_as-014-002.tensors.npz,F-F,1.28,hgbs-5,14,2,16,656,1176,jw,random_groups,11,2176002116,1176,230944,0.3342654508611955,26,"[48,36,56,56,48,48,64,64,56,56,28,24,24,24,108,36,32,32,56,72,72,32,32,32,32,8]","[19,12,6,2,20,8,1,14,9,21,7,22,11,16,23,13,10,0,24,18,15,17,25,3,4,5]",1077621dfddbbd8c,40212758e2075056,100,0.01,1.0,117600,0.34135389533374616,0.0017067694766687309,0.8029742137762792,1.2832999345846474e-05,0.0022642909971182235,64,0.11359604100289289,0.00035391699930187315,14.019608582995716,0.9999998871487543,2.257024785956574e-07,1.7533043380172826,0.0004750815628533928,3.653534363934341e-08,3.653534363934341e-08,0.0732835199054843,2.256962599891632,1e-12
success,,F-F_1.28_hgbs-5_as-014-002,hamiltonian_generator/hgbs5_diatomic_basis_transfer/night/F-F/1.28/hgbs-5/F-F_1.28_hgbs-5_as-014-002.tensors.npz,F-F,1.28,hgbs-5,14,2,16,656,1176,fermionic,random_groups,11,3910489929,656,107059,0.4983196797616831,53,"[12,12,12,12,12,12,12,12,12,12,12,12,12,12,12,14,14,12,16,12,8,12,12,12,10,16,13,14,14,14,16,16,12,10,10,8,12,8,12,8,13,8,13,20,14,14,26,23,14,11,9,5,1]","[21,14,38,16,11,35,20,41,15,13,46,0,50,48,44,22,37,23,6,7,19,31,17,2,32,34,10,1,12,4,33,39,26,42,24,25,9,45,5,8,40,3,52,36,27,51,28,47,18,49,43,29,30]",bb3150e75c17ed91,4f450ccd3a79cdda,100,0.01,1.0,117600,0.181895636092359,0.000909478180461795,0.22800083231402607,1.3208002201281488e-05,0.0020710419994429685,64,0.11359604100289289,0.00035391699930187315,14.042179208001471,0.9999996498312661,7.003373452274531e-07,1.7533042288748655,0.000836861677815441,7.783773625646973e-13,7.783773625646973e-13,0.22739309775802155,1.5952277174147191,1e-12
success,,F-F_1.28_hgbs-5_as-014-002,hamiltonian_generator/hgbs5_diatomic_basis_transfer/night/F-F/1.28/hgbs-5/F-F_1.28_hgbs-5_as-014-002.tensors.npz,F-F,1.28,hgbs-5,14,2,16,656,1176,jw,random_groups,12,3643636399,1176,230944,0.3342654508611955,26,"[48,36,56,56,48,48,64,64,56,56,28,24,24,24,108,36,32,32,56,72,72,32,32,32,32,8]","[16,25,7,9,22,12,2,17,1,3,20,13,8,6,10,4,24,23,21,11,19,5,15,18,0,14]",4e0d33414413d06c,be0b7b72f009e31a,100,0.01,1.0,117600,0.2850558516766462,0.001425279258383231,0.5599532813542927,1.2417003745213151e-05,0.0018649580015335232,64,0.11359604100289289,0.00035391699930187315,14.029829500002961,0.999999953880076,9.223984587247713e-08,1.753304395388964,0.0003037101380953571,2.5827346594731182e-08,2.5827346705753484e-08,0.029949429989133226,0.9223730445907249,1e-12
success,,F-F_1.28_hgbs-5_as-014-002,hamiltonian_generator/hgbs5_diatomic_basis_transfer/night/F-F/1.28/hgbs-5/F-F_1.28_hgbs-5_as-014-002.tensors.npz,F-F,1.28,hgbs-5,14,2,16,656,1176,fermionic,random_groups,12,2865866506,656,107059,0.4983196797616831,53,"[12,12,12,12,12,12,12,12,12,12,12,12,12,12,12,14,14,12,16,12,8,12,12,12,10,16,13,14,14,14,16,16,12,10,10,8,12,8,12,8,13,8,13,20,14,14,26,23,14,11,9,5,1]","[12,20,26,7,38,22,30,9,2,15,28,10,42,50,39,27,49,19,24,43,5,33,47,11,13,40,52,29,16,4,44,41,25,36,31,45,32,8,17,37,51,6,46,1,23,14,3,34,48,21,18,35,0]",0369b17f8753a6d1,68c6fb5356eb772e,100,0.01,1.0,117600,0.2358214792609195,0.0011791073963045976,0.383229198732477,1.4042001566849649e-05,0.0022072080028010532,64,0.11359604100289289,0.00035391699930187315,14.020689833996585,0.9999994095976307,1.1808043900440879e-06,1.7533043297101096,0.0010866483969776597,8.231193504570911e-13,8.232303727595536e-13,0.38339633025166125,2.6896350804076348,1e-12
success,,F-F_1.28_hgbs-5_as-014-002,hamiltonian_generator/hgbs5_diatomic_basis_transfer/night/F-F/1.28/hgbs-5/F-F_1.28_hgbs-5_as-014-002.tensors.npz,F-F,1.28,hgbs-5,14,2,16,656,1176,jw,random_groups,13,798067061,1176,230944,0.3342654508611955,26,"[48,36,56,56,48,48,64,64,56,56,28,24,24,24,108,36,32,32,56,72,72,32,32,32,32,8]","[4,17,13,1,6,24,23,7,15,0,16,20,5,8,21,14,11,18,25,10,9,2,12,19,22,3]",69772b6eb3c7b3f7,b258756305842bec,100,0.01,1.0,117600,2.89220644768803,0.01446103223844015,57.64351460725892,1.308399805566296e-05,0.002147582999896258,64,0.11359604100289289,0.00035391699930187315,14.126066666001861,0.9999966067299135,6.786528658708768e-06,1.7533083247789198,0.002605098879686293,6.7165250444700675e-06,6.7165250444700675e-06,2.2035234665747825,67.86341674713499,1e-12
success,,F-F_1.28_hgbs-5_as-014-002,hamiltonian_generator/hgbs5_diatomic_basis_transfer/night/F-F/1.28/hgbs-5/F-F_1.28_hgbs-5_as-014-002.tensors.npz,F-F,1.28,hgbs-5,14,2,16,656,1176,fermionic,random_groups,13,149417118,656,107059,0.4983196797616831,53,"[12,12,12,12,12,12,12,12,12,12,12,12,12,12,12,14,14,12,16,12,8,12,12,12,10,16,13,14,14,14,16,16,12,10,10,8,12,8,12,8,13,8,13,20,14,14,26,23,14,11,9,5,1]","[26,18,49,47,43,41,24,0,22,12,1,9,15,27,37,39,16,28,29,8,13,48,46,11,5,52,36,23,6,19,7,3,14,31,25,33,45,17,21,50,34,10,40,4,51,42,20,44,38,30,35,2,32]",0e2d5ef744e6a798,5d02225ab01779e9,100,0.01,1.0,117600,0.0926603262817973,0.00046330163140898646,0.059166996382403206,1.2999997125007212e-05,0.0018882499934989028,64,0.11359604100289289,0.00035391699930187315,14.066774792001524,0.9999999096368395,1.8072631280396934e-07,1.7533041830319158,0.000425119184487856,7.512879207638434e-13,7.512879207638434e-13,0.05868017234113482,0.4116582178798728,1e-12
success,,F-F_1.28_hgbs-5_as-014-002,hamiltonian_generator/hgbs5_diatomic_basis_transfer/night/F-F/1.28/hgbs-5/F-F_1.28_hgbs-5_as-014-002.tensors.npz,F-F,1.28,hgbs-5,14,2,16,656,1176,jw,random_groups,14,3809075065,1176,230944,0.3342654508611955,26,"[48,36,56,56,48,48,64,64,56,56,28,24,24,24,108,36,32,32,56,72,72,32,32,32,32,8]","[22,7,9,12,3,4,11,14,18,6,24,20,1,8,15,13,2,10,16,17,19,5,0,23,25,21]",f6844c8149303cc5,83289cf4589ff187,100,0.01,1.0,117600,1.095856175490216,0.00547928087745108,8.275590478986333,1.2208001862745732e-05,0.0019673749993671663,64,0.11359604100289289,0.00035391699930187315,14.013210375000199,0.9999999244653887,1.510692170247907e-07,1.7533111426458035,0.0003886762440475725,1.4780210066955846e-07,1.4780210066955846e-07,0.049050785980846494,1.5106505473104936,1e-12
success,,F-F_1.28_hgbs-5_as-014-002,hamiltonian_generator/hgbs5_diatomic_basis_transfer/night/F-F/1.28/hgbs-5/F-F_1.28_hgbs-5_as-014-002.tensors.npz,F-F,1.28,hgbs-5,14,2,16,656,1176,fermionic,random_groups,14,3019720038,656,107059,0.4983196797616831,53,"[12,12,12,12,12,12,12,12,12,12,12,12,12,12,12,14,14,12,16,12,8,12,12,12,10,16,13,14,14,14,16,16,12,10,10,8,12,8,12,8,13,8,13,20,14,14,26,23,14,11,9,5,1]","[47,24,31,38,34,1,23,37,29,12,21,40,2,18,26,42,13,0,28,10,25,41,35,5,39,15,45,36,52,19,20,3,51,9,4,48,6,44,30,32,50,43,46,11,27,22,17,14,8,16,33,7,49]",7c9af17450b275bf,26a2dcc91a4d8fc2,100,0.01,1.0,117600,0.09616115630916769,0.00048080578154583846,0.0637222682459469,1.3666001905221492e-05,0.0020907500002067536,64,0.11359604100289289,0.00035391699930187315,14.03914604199963,0.9999999027130071,1.9457397637534513e-07,1.753304017384661,0.0004411054134923316,7.031042414951116e-13,7.031042414951116e-13,0.06317638140047517,0.4432004123680424,1e-12
success,,F-F_1.28_hgbs-5_as-014-002,hamiltonian_generator/hgbs5_diatomic_basis_transfer/night/F-F/1.28/hgbs-5/F-F_1.28_hgbs-5_as-014-002.tensors.npz,F-F,1.28,hgbs-5,14,2,16,656,1176,jw,random_groups,15,2689661021,1176,230944,0.3342654508611955,26,"[48,36,56,56,48,48,64,64,56,56,28,24,24,24,108,36,32,32,56,72,72,32,32,32,32,8]","[3,11,24,2,1,7,12,15,20,6,4,22,21,18,16,8,0,10,14,13,17,9,5,25,19,23]",4d39f4effcb99250,77d73931e0180380,100,0.01,1.0,117600,0.46278775214174356,0.002313938760708718,1.4758954228572236,1.2583994248416275e-05,0.0022221249964786693,64,0.11359604100289289,0.00035391699930187315,14.01191891599592,0.9999998129019274,3.7419611020883536e-07,1.7533052920792596,0.0006117157388696654,9.795821132030369e-08,9.795821132030369e-08,0.12149803698066966,3.7418580027172026,1e-12
success,,F-F_1.28_hgbs-5_as-014-002,hamiltonian_generator/hgbs5_diatomic_basis_transfer/night/F-F/1.28/hgbs-5/F-F_1.28_hgbs-5_as-014-002.tensors.npz,F-F,1.28,hgbs-5,14,2,16,656,1176,fermionic,random_groups,15,2656123937,656,107059,0.4983196797616831,53,"[12,12,12,12,12,12,12,12,12,12,12,12,12,12,12,14,14,12,16,12,8,12,12,12,10,16,13,14,14,14,16,16,12,10,10,8,12,8,12,8,13,8,13,20,14,14,26,23,14,11,9,5,1]","[34,36,3,1,46,48,13,6,52,23,4,29,2,8,21,50,10,47,11,41,14,38,49,16,40,35,22,30,17,33,18,26,37,45,7,44,19,24,5,42,0,25,43,12,27,39,31,51,20,9,32,28,15]",f7cf8895c720c34b,139442d92b9d104e,100,0.01,1.0,117600,0.012668553788341311,6.334276894170656e-05,0.0011059766346370136,1.3040997146163136e-05,0.0020668750003096648,64,0.11359604100289289,0.00035391699930187315,14.011901833000593,0.999999998412658,3.1746840711832647e-09,1.7533040887880884,5.6344334863260786e-05,7.062128659640621e-13,7.061018436615996e-13,0.0010307907328788149,0.007231292260648713,1e-12
success,,F-F_1.28_hgbs-5_as-014-002,hamiltonian_generator/hgbs5_diatomic_basis_transfer/night/F-F/1.28/hgbs-5/F-F_1.28_hgbs-5_as-014-002.tensors.npz,F-F,1.28,hgbs-5,14,2,16,656,1176,jw,random_groups,16,300390204,1176,230944,0.3342654508611955,26,"[48,36,56,56,48,48,64,64,56,56,28,24,24,24,108,36,32,32,56,72,72,32,32,32,32,8]","[10,7,25,22,21,8,5,18,0,24,1,6,12,9,2,14,11,13,3,20,23,4,19,16,17,15]",e5e8e3e2e07003e9,69db62823af02c32,100,0.01,1.0,117600,2.789416299052681,0.013947081495263405,53.618979128605844,1.245799649041146e-05,0.0019773339954554103,64,0.11359604100289289,0.00035391699930187315,14.028325917002803,0.9999989597995821,2.080399753801032e-06,1.7533086059252732,0.0014423594683103072,2.070321574176859e-06,2.070321574176859e-06,0.6754866748369681,20.80342434149516,1e-12
success,,F-F_1.28_hgbs-5_as-014-002,hamiltonian_generator/hgbs5_diatomic_basis_transfer/night/F-F/1.28/hgbs-5/F-F_1.28_hgbs-5_as-014-002.tensors.npz,F-F,1.28,hgbs-5,14,2,16,656,1176,fermionic,random_groups,16,278060400,656,107059,0.4983196797616831,53,"[12,12,12,12,12,12,12,12,12,12,12,12,12,12,12,14,14,12,16,12,8,12,12,12,10,16,13,14,14,14,16,16,12,10,10,8,12,8,12,8,13,8,13,20,14,14,26,23,14,11,9,5,1]","[33,19,16,21,38,1,18,17,52,37,32,15,43,27,31,42,9,26,20,51,24,44,4,36,8,5,35,22,23,7,25,39,29,40,10,45,49,2,28,41,14,3,34,6,12,11,0,13,50,46,30,48,47]",2d65d2f73e024508,e39cfcba119f6405,100,0.01,1.0,117600,0.24697205965567526,0.0012348602982783763,0.42032722422118957,1.3292003131937236e-05,0.0022668329984298907,64,0.11359604100289289,0.00035391699930187315,14.029754250004771,0.9999993527386992,1.2945221825599873e-06,1.7533043432972026,0.0011377708915059116,7.464029394554927e-13,7.462919171530302e-13,0.4203194520680425,2.948661356559826,1e-12
success,,F-F_1.28_hgbs-5_as-014-002,hamiltonian_generator/hgbs5_diatomic_basis_transfer/night/F-F/1.28/hgbs-5/F-F_1.28_hgbs-5_as-014-002.tensors.npz,F-F,1.28,hgbs-5,14,2,16,656,1176,jw,random_groups,17,2871051818,1176,230944,0.3342654508611955,26,"[48,36,56,56,48,48,64,64,56,56,28,24,24,24,108,36,32,32,56,72,72,32,32,32,32,8]","[3,0,8,22,17,23,24,5,15,19,25,12,11,21,13,10,9,1,2,16,14,20,7,4,18,6]",6af3d3db5e97a126,f6a6d6d3548a9575,100,0.01,1.0,117600,2.4075305009097763,0.012037652504548881,39.9425206459984,1.2791002518497407e-05,0.0022314160014502704,64,0.11359604100289289,0.00035391699930187315,14.020578542003932,0.9999975001772304,4.999639290015345e-06,1.7533036719641608,0.0022359887162344276,4.734743978995759e-06,4.734743978884737e-06,1.6233369155261481,49.99501538806094,1e-12
success,,F-F_1.28_hgbs-5_as-014-002,hamiltonian_generator/hgbs5_diatomic_basis_transfer/night/F-F/1.28/hgbs-5/F-F_1.28_hgbs-5_as-014-002.tensors.npz,F-F,1.28,hgbs-5,14,2,16,656,1176,fermionic,random_groups,17,3881362396,656,107059,0.4983196797616831,53,"[12,12,12,12,12,12,12,12,12,12,12,12,12,12,12,14,14,12,16,12,8,12,12,12,10,16,13,14,14,14,16,16,12,10,10,8,12,8,12,8,13,8,13,20,14,14,26,23,14,11,9,5,1]","[39,40,10,4,13,28,9,14,20,11,34,5,18,35,6,47,0,51,38,44,41,36,32,52,45,7,27,23,29,43,30,49,2,46,31,42,16,8,12,1,48,33,24,25,21,15,37,26,17,3,50,19,22]",97846756e00e4a9b,ee350a4e920294fe,100,0.01,1.0,117600,0.10026474484068884,0.0005013237242034442,0.06927688927774495,1.4083001588005573e-05,0.0019353329989826307,64,0.11359604100289289,0.00035391699930187315,14.02774679200229,0.9999998936904841,2.1261902038993696e-07,1.7533041295287397,0.00046110631281106077,7.643885524544203e-13,7.643885524544203e-13,0.0690354413029929,0.4843033959090622,1e-12
success,,F-F_1.28_hgbs-5_as-014-002,hamiltonian_generator/hgbs5_diatomic_basis_transfer/night/F-F/1.28/hgbs-5/F-F_1.28_hgbs-5_as-014-002.tensors.npz,F-F,1.28,hgbs-5,14,2,16,656,1176,jw,random_groups,18,477683903,1176,230944,0.3342654508611955,26,"[48,36,56,56,48,48,64,64,56,56,28,24,24,24,108,36,32,32,56,72,72,32,32,32,32,8]","[14,22,7,0,25,18,24,4,5,12,8,21,11,6,9,2,10,1,3,23,17,20,13,16,15,19]",bf9ead1701851db7,f3ed1cff6582683b,100,0.01,1.0,117600,3.110154732340222,0.01555077366170111,66.65855034110356,1.18750031106174e-05,0.002155665999453049,64,0.11359604100289289,0.00035391699930187315,14.017984582998906,0.9999989383554172,2.12328803850248e-06,1.7533298223711296,0.0014571510441957947,1.5898073275621982e-06,1.5898073275621982e-06,0.689412106605315,21.232295371830997,1e-12
success,,F-F_1.28_hgbs-5_as-014-002,hamiltonian_generator/hgbs5_diatomic_basis_transfer/night/F-F/1.28/hgbs-5/F-F_1.28_hgbs-5_as-014-002.tensors.npz,F-F,1.28,hgbs-5,14,2,16,656,1176,fermionic,random_groups,18,60323174,656,107059,0.4983196797616831,53,"[12,12,12,12,12,12,12,12,12,12,12,12,12,12,12,14,14,12,16,12,8,12,12,12,10,16,13,14,14,14,16,16,12,10,10,8,12,8,12,8,13,8,13,20,14,14,26,23,14,11,9,5,1]","[18,40,37,15,23,7,36,24,47,12,50,21,44,38,35,1,43,6,52,22,9,28,30,19,46,14,39,29,26,34,2,4,49,13,42,33,3,48,31,0,5,25,11,41,45,27,8,32,16,51,10,20,17]",206e127a7b1242d0,86114991543b4aa2,100,0.01,1.0,117600,0.033508630723342196,0.000167543153616711,0.007737581481879826,1.274999522138387e-05,0.0022753340017516166,64,0.11359604100289289,0.00035391699930187315,14.070192832994508,0.9999999890325014,2.1934997040951032e-08,1.753304105550601,0.0001481046830858948,7.840394999902855e-13,7.840394999902855e-13,0.007122091889637771,0.04996351472556498,1e-12
success,,F-F_1.28_hgbs-5_as-014-002,hamiltonian_generator/hgbs5_diatomic_basis_transfer/night/F-F/1.28/hgbs-5/F-F_1.28_hgbs-5_as-014-002.tensors.npz,F-F,1.28,hgbs-5,14,2,16,656,1176,jw,random_groups,19,241670715,1176,230944,0.3342654508611955,26,"[48,36,56,56,48,48,64,64,56,56,28,24,24,24,108,36,32,32,56,72,72,32,32,32,32,8]","[20,13,2,4,9,5,19,25,23,3,1,15,8,21,0,24,16,22,14,6,10,18,11,12,17,7]",2bcb3d2526bc6059,5a9de264cddf25b0,100,0.01,1.0,117600,2.395152869521377,0.011975764347606886,39.53287025548819,1.420799526385963e-05,0.002257250002003275,64,0.11359604100289289,0.00035391699930187315,13.999428750001243,0.9999976130852123,4.773823878090333e-06,1.7533027132085146,0.0021849095119528014,4.7435495184044996e-06,4.743549518515522e-06,1.5500167272068242,47.73692348599141,1e-12
success,,F-F_1.28_hgbs-5_as-014-002,hamiltonian_generator/hgbs5_diatomic_basis_transfer/night/F-F/1.28/hgbs-5/F-F_1.28_hgbs-5_as-014-002.tensors.npz,F-F,1.28,hgbs-5,14,2,16,656,1176,fermionic,random_groups,19,4064277062,656,107059,0.4983196797616831,53,"[12,12,12,12,12,12,12,12,12,12,12,12,12,12,12,14,14,12,16,12,8,12,12,12,10,16,13,14,14,14,16,16,12,10,10,8,12,8,12,8,13,8,13,20,14,14,26,23,14,11,9,5,1]","[18,10,41,24,12,17,32,33,1,9,6,37,29,20,34,39,31,11,13,38,4,28,26,5,45,46,30,0,36,22,7,19,47,51,48,49,27,35,15,44,2,3,21,8,14,23,43,50,52,25,40,42,16]",19cc21f23b06f9b2,aa5b24e80a9f448a,100,0.01,1.0,117600,0.05362821974339033,0.00026814109871695167,0.01981885832213682,1.2958000297658145e-05,0.0019254579965490848,64,0.11359604100289289,0.00035391699930187315,14.017889249997097,0.9999999705722825,5.8855434081905855e-08,1.7533041194631294,0.00024260139111325038,7.004397062360113e-13,7.005507285384738e-13,0.019109818385354024,0.1340608499714357,1e-12
success,,F-F_1.28_hgbs-5_as-016-002,hamiltonian_generator/hgbs5_diatomic_basis_transfer/night/F-F/1.28/hgbs-5/F-F_1.28_hgbs-5_as-016-002.tensors.npz,F-F,1.28,hgbs-5,16,2,18,1027,1883,baseline,jw_raw,-1,-1,,,,,[],[],4f53cda18c2baa0c,4035c397c6a5d593,100,0.01,1.0,188300,0.5777180608434551,0.0028885903042172754,1.0,1.4125005691312253e-05,0.005503584005055018,81,0.18570054200245067,0.0014914580024196766,34.65789979099645,0.9999966321485025,6.735691652548503e-06,0.13134502163097794,0.0025953232929482968,6.27609075820601e-13,6.27609075820601e-13,1.0,,1e-12
success,,F-F_1.28_hgbs-5_as-016-002,hamiltonian_generator/hgbs5_diatomic_basis_transfer/night/F-F/1.28/hgbs-5/F-F_1.28_hgbs-5_as-016-002.tensors.npz,F-F,1.28,hgbs-5,16,2,18,1027,1883,jw,current,-1,-1,1883,554688,0.313046481664064,48,"[51,38,34,36,31,27,132,48,54,50,48,42,80,72,60,62,62,62,58,48,30,32,50,22,32,32,32,32,28,38,24,16,25,16,16,16,42,37,52,36,24,34,26,26,18,16,20,16]","[0,1,2,3,4,5,6,7,8,9,10,11,12,13,14,15,16,17,18,19,20,21,22,23,24,25,26,27,28,29,30,31,32,33,34,35,36,37,38,39,40,41,42,43,44,45,46,47]",7b9148a0c001ca09,1cf2dd5e11ad4f15,100,0.01,1.0,188300,2.1524103996574193,0.010762051998287097,13.880920720405074,2.6792004064191133e-05,0.0056470420022378676,81,0.18570054200245067,0.0014914580024196766,34.87195941700338,0.9999996349744463,7.300509741181571e-07,0.1313175039110465,0.0008544302823196988,6.634951292827651e-07,6.634951292827651e-07,0.10838545048925101,1.0,1e-12
success,,F-F_1.28_hgbs-5_as-016-002,hamiltonian_generator/hgbs5_diatomic_basis_transfer/night/F-F/1.28/hgbs-5/F-F_1.28_hgbs-5_as-016-002.tensors.npz,F-F,1.28,hgbs-5,16,2,18,1027,1883,fermionic,current,-1,-1,1027,252892,0.48000668120588175,84,"[15,17,16,15,14,15,16,14,16,16,12,11,12,13,9,11,12,10,12,12,12,16,10,12,11,8,11,9,15,13,10,9,13,10,8,9,10,10,12,10,11,10,10,10,12,12,12,12,12,12,11,10,10,10,11,10,11,11,13,9,12,12,10,10,13,11,22,10,16,10,9,10,9,11,20,24,21,27,23,14,15,6,5,2]","[0,1,2,3,4,5,6,7,8,9,10,11,12,13,14,15,16,17,18,19,20,21,22,23,24,25,26,27,28,29,30,31,32,33,34,35,36,37,38,39,40,41,42,43,44,45,46,47,48,49,50,51,52,53,54,55,56,57,58,59,60,61,62,63,64,65,66,67,68,69,70,71,72,73,74,75,76,77,78,79,80,81,82,83]",bb0be851b109e5d0,c14481bcf1d9c319,100,0.01,1.0,188300,0.38713120026163805,0.0019356560013081903,0.44903940983136414,3.329200262669474e-05,0.005503915999724995,81,0.18570054200245067,0.0014914580024196766,35.259334249996755,0.9999985840151764,2.8319676421695306e-06,0.1313290198792545,0.001682845699175154,5.448974604860268e-13,5.447864381835643e-13,0.4204419959007525,1.0,1e-12
success,,F-F_1.28_hgbs-5_as-016-002,hamiltonian_generator/hgbs5_diatomic_basis_transfer/night/F-F/1.28/hgbs-5/F-F_1.28_hgbs-5_as-016-002.tensors.npz,F-F,1.28,hgbs-5,16,2,18,1027,1883,jw,reverse_groups,-1,-1,1883,554688,0.313046481664064,48,"[51,38,34,36,31,27,132,48,54,50,48,42,80,72,60,62,62,62,58,48,30,32,50,22,32,32,32,32,28,38,24,16,25,16,16,16,42,37,52,36,24,34,26,26,18,16,20,16]","[47,46,45,44,43,42,41,40,39,38,37,36,35,34,33,32,31,30,29,28,27,26,25,24,23,22,21,20,19,18,17,16,15,14,13,12,11,10,9,8,7,6,5,4,3,2,1,0]",43fd17027e6752b6,f8ec7047e950327a,100,0.01,1.0,188300,2.1524103996574193,0.010762051998287097,13.880920720405074,2.5332999939564615e-05,0.005643040996801574,81,0.18570054200245067,0.0014914580024196766,35.77379912500328,0.9999996349715126,7.300568416468423e-07,0.13131749974641774,0.0008544337159040514,6.635403784205351e-07,6.635403785315575e-07,0.10838632159929995,1.000008037149313,1e-12
success,,F-F_1.28_hgbs-5_as-016-002,hamiltonian_generator/hgbs5_diatomic_basis_transfer/night/F-F/1.28/hgbs-5/F-F_1.28_hgbs-5_as-016-002.tensors.npz,F-F,1.28,hgbs-5,16,2,18,1027,1883,fermionic,reverse_groups,-1,-1,1027,252892,0.48000668120588175,84,"[15,17,16,15,14,15,16,14,16,16,12,11,12,13,9,11,12,10,12,12,12,16,10,12,11,8,11,9,15,13,10,9,13,10,8,9,10,10,12,10,11,10,10,10,12,12,12,12,12,12,11,10,10,10,11,10,11,11,13,9,12,12,10,10,13,11,22,10,16,10,9,10,9,11,20,24,21,27,23,14,15,6,5,2]","[83,82,81,80,79,78,77,76,75,74,73,72,71,70,69,68,67,66,65,64,63,62,61,60,59,58,57,56,55,54,53,52,51,50,49,48,47,46,45,44,43,42,41,40,39,38,37,36,35,34,33,32,31,30,29,28,27,26,25,24,23,22,21,20,19,18,17,16,15,14,13,12,11,10,9,8,7,6,5,4,3,2,1,0]",4d1214144e96aa5b,7359138135fc5f7b,100,0.01,1.0,188300,0.5348624616689079,0.00267431230834454,0.8571411550418548,2.4041997676249593e-05,0.005854165996424854,81,0.18570054200245067,0.0014914580024196766,36.396812083999976,0.9999998527125131,2.945749520977259e-07,0.13131699729766058,0.0005427476151463725,6.137312880127865e-13,6.13620265710324e-13,0.043733437825389625,0.10401776761547182,1e-12
success,,F-F_1.28_hgbs-5_as-016-002,hamiltonian_generator/hgbs5_diatomic_basis_transfer/night/F-F/1.28/hgbs-5/F-F_1.28_hgbs-5_as-016-002.tensors.npz,F-F,1.28,hgbs-5,16,2,18,1027,1883,jw,random_groups,0,1210356562,1883,554688,0.313046481664064,48,"[51,38,34,36,31,27,132,48,54,50,48,42,80,72,60,62,62,62,58,48,30,32,50,22,32,32,32,32,28,38,24,16,25,16,16,16,42,37,52,36,24,34,26,26,18,16,20,16]","[32,5,7,26,24,44,45,4,39,9,16,0,47,38,28,30,46,21,33,29,15,10,22,20,11,25,19,3,13,1,27,2,18,14,17,6,35,31,40,23,42,8,34,36,43,41,37,12]",d74c52fa7133b818,642ce3d83d59f11b,100,0.01,1.0,188300,3.1638699070406666,0.015819349535203333,29.991994364777295,2.3833999875932932e-05,0.005894166002690326,81,0.18570054200245067,0.0014914580024196766,36.39615770799719,0.999997123476116,5.7530394935723095e-06,0.13134043500090306,0.0023985511810160503,5.688925188152005e-06,5.688925188152005e-06,0.8541126569230052,7.88032575467969,1e-12
success,,F-F_1.28_hgbs-5_as-016-002,hamiltonian_generator/hgbs5_diatomic_basis_transfer/night/F-F/1.28/hgbs-5/F-F_1.28_hgbs-5_as-016-002.tensors.npz,F-F,1.28,hgbs-5,16,2,18,1027,1883,fermionic,random_groups,0,2141709297,1027,252892,0.48000668120588175,84,"[15,17,16,15,14,15,16,14,16,16,12,11,12,13,9,11,12,10,12,12,12,16,10,12,11,8,11,9,15,13,10,9,13,10,8,9,10,10,12,10,11,10,10,10,12,12,12,12,12,12,11,10,10,10,11,10,11,11,13,9,12,12,10,10,13,11,22,10,16,10,9,10,9,11,20,24,21,27,23,14,15,6,5,2]","[0,52,31,77,56,53,17,19,14,75,4,40,81,61,72,48,68,37,34,46,65,30,33,2,22,59,69,49,13,79,29,25,51,70,21,76,82,23,62,50,28,66,32,20,78,73,9,67,71,36,39,18,26,54,11,1,10,35,63,8,3,80,6,44,74,7,45,42,47,16,15,38,27,41,24,55,5,57,83,60,58,12,64,43]",d805aadcf7f2fc60,8912f1debcd71b2a,100,0.01,1.0,188300,0.22802423006562048,0.0011401211503281024,0.15578660259841487,3.362499410286546e-05,0.00713920799898915,81,0.18570054200245067,0.0014914580024196766,36.50936695800192,0.999999536874715,9.262503555262924e-07,0.13132042306086314,0.0009624191238859402,5.101474798152594e-13,5.101474798152594e-13,0.1375137704196774,0.3270695405321457,1e-12
success,,F-F_1.28_hgbs-5_as-016-002,hamiltonian_generator/hgbs5_diatomic_basis_transfer/night/F-F/1.28/hgbs-5/F-F_1.28_hgbs-5_as-016-002.tensors.npz,F-F,1.28,hgbs-5,16,2,18,1027,1883,jw,random_groups,1,2762517863,1883,554688,0.313046481664064,48,"[51,38,34,36,31,27,132,48,54,50,48,42,80,72,60,62,62,62,58,48,30,32,50,22,32,32,32,32,28,38,24,16,25,16,16,16,42,37,52,36,24,34,26,26,18,16,20,16]","[27,21,39,2,40,34,9,19,14,24,26,43,8,18,35,47,16,15,7,45,10,13,32,12,0,23,33,11,42,6,17,29,4,1,37,31,20,46,30,28,44,3,36,41,25,22,5,38]",0142464f85623538,e84f1e582d29dd65,100,0.01,1.0,188300,1.6685944810026834,0.008342972405013417,8.34199097987226,2.5916997401509434e-05,0.005910291001782753,81,0.18570054200245067,0.0014914580024196766,36.43782658300188,0.9999998189684838,3.620629996925473e-07,0.13132627834381957,0.0006017167377131257,3.4492821909815063e-07,3.4492821909815063e-07,0.05375290591806676,0.49594208148258456,1e-12
success,,F-F_1.28_hgbs-5_as-016-002,hamiltonian_generator/hgbs5_diatomic_basis_transfer/night/F-F/1.28/hgbs-5/F-F_1.28_hgbs-5_as-016-002.tensors.npz,F-F,1.28,hgbs-5,16,2,18,1027,1883,fermionic,random_groups,1,655775863,1027,252892,0.48000668120588175,84,"[15,17,16,15,14,15,16,14,16,16,12,11,12,13,9,11,12,10,12,12,12,16,10,12,11,8,11,9,15,13,10,9,13,10,8,9,10,10,12,10,11,10,10,10,12,12,12,12,12,12,11,10,10,10,11,10,11,11,13,9,12,12,10,10,13,11,22,10,16,10,9,10,9,11,20,24,21,27,23,14,15,6,5,2]","[42,17,6,59,9,79,61,2,13,47,54,22,29,27,81,74,64,66,1,49,56,16,38,58,23,50,71,25,31,10,11,82,78,80,68,69,34,0,52,75,15,35,26,7,39,40,70,21,60,51,63,72,5,55,37,32,24,12,45,67,43,18,20,30,57,44,48,4,33,3,77,36,73,41,65,8,46,76,62,83,28,14,19,53]",bc7b77d558050ac5,9cb7a34a9cb72610,100,0.01,1.0,188300,0.6813824768989731,0.003406912384494866,1.3910733533854294,2.5374996766913682e-05,0.0056471249990863726,81,0.18570054200245067,0.0014914580024196766,36.51583516700339,0.9999997381100448,5.237798417212502e-07,0.13131841791362658,0.0007237264057176809,4.96713781217295e-13,4.96713781217295e-13,0.07776184967182605,0.18495262231174006,1e-12
success,,F-F_1.28_hgbs-5_as-016-002,hamiltonian_generator/hgbs5_diatomic_basis_transfer/night/F-F/1.28/hgbs-5/F-F_1.28_hgbs-5_as-016-002.tensors.npz,F-F,1.28,hgbs-5,16,2,18,1027,1883,jw,random_groups,2,356889448,1883,554688,0.313046481664064,48,"[51,38,34,36,31,27,132,48,54,50,48,42,80,72,60,62,62,62,58,48,30,32,50,22,32,32,32,32,28,38,24,16,25,16,16,16,42,37,52,36,24,34,26,26,18,16,20,16]","[33,2,4,32,23,27,47,3,13,36,42,40,22,16,39,5,34,38,31,37,8,29,45,9,6,11,30,10,25,18,20,26,19,35,12,7,24,0,46,28,1,15,43,14,44,21,17,41]",2a5f73e910d5ba77,1df9f7c3e65710c8,100,0.01,1.0,188300,2.8385818363732493,0.014192909181866246,24.14187234943832,2.5332999939564615e-05,0.006060541003535036,81,0.18570054200245067,0.0014914580024196766,36.464948542001366,0.999998067977481,3.864041305257082e-06,0.13134358900615106,0.0019657174359347562,3.8070997343542246e-06,3.8070997342432022e-06,0.5736665964801241,5.292837681539338,1e-12
success,,F-F_1.28_hgbs-5_as-016-002,hamiltonian_generator/hgbs5_diatomic_basis_transfer/night/F-F/1.28/hgbs-5/F-F_1.28_hgbs-5_as-016-002.tensors.npz,F-F,1.28,hgbs-5,16,2,18,1027,1883,fermionic,random_groups,2,3721226621,1027,252892,0.48000668120588175,84,"[15,17,16,15,14,15,16,14,16,16,12,11,12,13,9,11,12,10,12,12,12,16,10,12,11,8,11,9,15,13,10,9,13,10,8,9,10,10,12,10,11,10,10,10,12,12,12,12,12,12,11,10,10,10,11,10,11,11,13,9,12,12,10,10,13,11,22,10,16,10,9,10,9,11,20,24,21,27,23,14,15,6,5,2]","[44,7,37,26,24,27,71,76,10,30,50,63,40,73,65,0,55,18,51,29,64,28,35,12,67,69,4,3,41,43,38,13,16,56,62,23,33,39,57,21,47,19,31,60,17,2,45,53,1,54,11,32,75,80,42,77,72,59,66,8,68,74,49,14,36,70,52,5,46,20,34,6,78,82,22,15,81,48,79,58,25,83,61,9]",e9cc85e3649a3324,2d16b18c68d23257,100,0.01,1.0,188300,0.36478709502681006,0.0018239354751340502,0.3987007405763019,2.5791996449697763e-05,0.006226833000255283,81,0.18570054200245067,0.0014914580024196766,36.722981165999954,0.999998667947398,2.6641034296392974e-06,0.13132765575647318,0.001632208688862345,5.420108806220014e-13,5.420108806220014e-13,0.3955203959835828,0.94072523639372,1e-12
success,,F-F_1.28_hgbs-5_as-016-002,hamiltonian_generator/hgbs5_diatomic_basis_transfer/night/F-F/1.28/hgbs-5/F-F_1.28_hgbs-5_as-016-002.tensors.npz,F-F,1.28,hgbs-5,16,2,18,1027,1883,jw,random_groups,3,127881266,1883,554688,0.313046481664064,48,"[51,38,34,36,31,27,132,48,54,50,48,42,80,72,60,62,62,62,58,48,30,32,50,22,32,32,32,32,28,38,24,16,25,16,16,16,42,37,52,36,24,34,26,26,18,16,20,16]","[38,35,11,18,36,39,14,3,29,19,41,32,20,33,13,44,2,5,16,46,1,9,30,25,27,24,6,4,34,45,7,23,37,42,17,31,10,15,43,0,12,21,8,28,22,47,26,40]",5e8eb28c8035359f,2d0a51f6907ca56a,100,0.01,1.0,188300,2.574694104035052,0.01287347052017526,19.86183580517664,2.5167006242554635e-05,0.005980292000458576,81,0.18570054200245067,0.0014914580024196766,36.501952375001565,0.9999994169273327,1.1661449945687963e-06,0.1313163472938149,0.0010798820928782393,1.1459449901218832e-06,1.1459449903439278e-06,0.17312921296324127,1.5973473578025228,1e-12
success,,F-F_1.28_hgbs-5_as-016-002,hamiltonian_generator/hgbs5_diatomic_basis_transfer/night/F-F/1.28/hgbs-5/F-F_1.28_hgbs-5_as-016-002.tensors.npz,F-F,1.28,hgbs-5,16,2,18,1027,1883,fermionic,random_groups,3,3009769677,1027,252892,0.48000668120588175,84,"[15,17,16,15,14,15,16,14,16,16,12,11,12,13,9,11,12,10,12,12,12,16,10,12,11,8,11,9,15,13,10,9,13,10,8,9,10,10,12,10,11,10,10,10,12,12,12,12,12,12,11,10,10,10,11,10,11,11,13,9,12,12,10,10,13,11,22,10,16,10,9,10,9,11,20,24,21,27,23,14,15,6,5,2]","[23,47,41,58,21,28,14,20,75,62,49,78,80,16,60,27,53,52,4,51,61,76,2,37,65,82,63,7,31,74,59,56,68,64,12,39,43,29,10,6,46,71,67,3,8,38,55,40,32,72,69,70,45,35,66,26,9,48,33,81,79,57,24,11,73,42,25,0,36,15,13,22,34,17,30,83,19,50,1,54,77,5,18,44]",ce24d67c5b17e7e4,eae9b255979ecdc3,100,0.01,1.0,188300,0.7681499727087469,0.0038407498635437344,1.7679099873337751,2.487500023562461e-05,0.00584720799815841,81,0.18570054200245067,0.0014914580024196766,36.5494877500023,0.9999937611675757,1.2477625925710889e-05,0.1313657067519684,0.00353237382629399,5.544453784978032e-13,5.544453784978032e-13,1.8524639442172028,4.405991699874069,1e-12
success,,F-F_1.28_hgbs-5_as-016-002,hamiltonian_generator/hgbs5_diatomic_basis_transfer/night/F-F/1.28/hgbs-5/F-F_1.28_hgbs-5_as-016-002.tensors.npz,F-F,1.28,hgbs-5,16,2,18,1027,1883,jw,random_groups,4,787011875,1883,554688,0.313046481664064,48,"[51,38,34,36,31,27,132,48,54,50,48,42,80,72,60,62,62,62,58,48,30,32,50,22,32,32,32,32,28,38,24,16,25,16,16,16,42,37,52,36,24,34,26,26,18,16,20,16]","[32,17,35,6,2,23,45,26,24,29,10,9,34,31,27,46,1,47,0,41,12,40,30,33,42,4,3,11,36,16,19,44,18,14,38,5,8,25,15,20,7,13,28,39,37,21,22,43]",7b54fab85bfba9f5,d184c3389a496154,100,0.01,1.0,188300,2.7857588526705452,0.013928794263352726,23.251723450930076,2.4583998310845345e-05,0.006127249995188322,81,0.18570054200245067,0.0014914580024196766,36.51169270800165,0.9999986976056171,2.6047870695933284e-06,0.13132521976865252,0.0016139357997739766,2.602643757732004e-06,2.6026437576209815e-06,0.3867141199386385,3.5679523237945157,1e-12
success,,F-F_1.28_hgbs-5_as-016-002,hamiltonian_generator/hgbs5_diatomic_basis_transfer/night/F-F/1.28/hgbs-5/F-F_1.28_hgbs-5_as-016-002.tensors.npz,F-F,1.28,hgbs-5,16,2,18,1027,1883,fermionic,random_groups,4,1642975799,1027,252892,0.48000668120588175,84,"[15,17,16,15,14,15,16,14,16,16,12,11,12,13,9,11,12,10,12,12,12,16,10,12,11,8,11,9,15,13,10,9,13,10,8,9,10,10,12,10,11,10,10,10,12,12,12,12,12,12,11,10,10,10,11,10,11,11,13,9,12,12,10,10,13,11,22,10,16,10,9,10,9,11,20,24,21,27,23,14,15,6,5,2]","[70,69,78,79,30,19,42,2,48,80,64,72,76,6,68,45,28,62,57,55,27,58,81,51,54,37,24,31,35,77,61,29,10,16,82,43,50,71,3,26,21,41,22,74,40,47,53,44,59,7,23,15,66,46,56,49,9,11,34,83,17,67,36,33,14,73,13,18,1,12,60,63,0,25,65,32,75,39,8,20,38,4,5,52]",dc57ec9c1b678db0,fdeda7405d1968c1,100,0.01,1.0,188300,0.12498812606548206,0.0006249406303274103,0.04680644140409287,2.9666996852029115e-05,0.0065487909960211255,81,0.18570054200245067,0.0014914580024196766,36.69946045799588,0.9999998376918193,3.2461633503455545e-07,0.1313170509035694,0.0005697511398381237,6.128431095930864e-13,6.128431095930864e-13,0.04819346724574814,0.11462572177762294,1e-12
success,,F-F_1.28_hgbs-5_as-016-002,hamiltonian_generator/hgbs5_diatomic_basis_transfer/night/F-F/1.28/hgbs-5/F-F_1.28_hgbs-5_as-016-002.tensors.npz,F-F,1.28,hgbs-5,16,2,18,1027,1883,jw,random_groups,5,2035168904,1883,554688,0.313046481664064,48,"[51,38,34,36,31,27,132,48,54,50,48,42,80,72,60,62,62,62,58,48,30,32,50,22,32,32,32,32,28,38,24,16,25,16,16,16,42,37,52,36,24,34,26,26,18,16,20,16]","[46,41,37,4,44,1,20,0,23,25,16,45,47,10,22,17,32,33,26,35,36,29,14,24,13,30,7,31,21,34,43,11,38,15,39,3,28,19,40,9,42,5,8,27,6,2,18,12]",d4bca2b426a7560f,2a6798e04d579b7d,100,0.01,1.0,188300,2.2451373772669387,0.011225686886334693,15.102677566455869,2.6458001229912043e-05,0.006009166994772386,81,0.18570054200245067,0.0014914580024196766,36.601243875004,0.9999987336512028,2.532695990709044e-06,0.1313213815284058,0.0015914451276481953,2.4747977473982274e-06,2.4747977473982274e-06,0.376011272688051,3.469204316545618,1e-12
success,,F-F_1.28_hgbs-5_as-016-002,hamiltonian_generator/hgbs5_diatomic_basis_transfer/night/F-F/1.28/hgbs-5/F-F_1.28_hgbs-5_as-016-002.tensors.npz,F-F,1.28,hgbs-5,16,2,18,1027,1883,fermionic,random_groups,5,798141276,1027,252892,0.48000668120588175,84,"[15,17,16,15,14,15,16,14,16,16,12,11,12,13,9,11,12,10,12,12,12,16,10,12,11,8,11,9,15,13,10,9,13,10,8,9,10,10,12,10,11,10,10,10,12,12,12,12,12,12,11,10,10,10,11,10,11,11,13,9,12,12,10,10,13,11,22,10,16,10,9,10,9,11,20,24,21,27,23,14,15,6,5,2]","[15,14,69,32,34,38,43,82,72,48,75,33,79,26,55,36,9,65,53,31,19,13,52,3,24,71,67,54,63,68,12,60,45,1,21,56,30,66,22,49,61,23,25,11,7,76,50,80,29,44,20,4,39,5,47,83,28,78,77,10,64,62,51,73,74,70,40,17,59,42,6,35,18,46,57,8,58,41,81,2,37,27,0,16]",0a78404503253aaf,6605582e21e62be9,100,0.01,1.0,188300,0.1374185771146467,0.0006870928855732335,0.05657948695333834,2.5458000891376287e-05,0.0063736249940120615,81,0.18570054200245067,0.0014914580024196766,36.57048358299653,0.9999998654140961,2.6917178963525856e-07,0.13131721832799997,0.0005188177018297408,5.383471446407384e-13,5.383471446407384e-13,0.03996201184972819,0.09504762188209533,1e-12
success,,F-F_1.28_hgbs-5_as-016-002,hamiltonian_generator/hgbs5_diatomic_basis_transfer/night/F-F/1.28/hgbs-5/F-F_1.28_hgbs-5_as-016-002.tensors.npz,F-F,1.28,hgbs-5,16,2,18,1027,1883,jw,random_groups,6,1711018150,1883,554688,0.313046481664064,48,"[51,38,34,36,31,27,132,48,54,50,48,42,80,72,60,62,62,62,58,48,30,32,50,22,32,32,32,32,28,38,24,16,25,16,16,16,42,37,52,36,24,34,26,26,18,16,20,16]","[26,37,31,3,44,35,33,21,14,7,34,15,6,46,10,4,43,1,5,18,9,27,38,16,32,36,23,41,8,25,47,11,22,0,39,19,13,42,40,45,29,24,30,17,12,2,20,28]",a92ea6542cdc123a,d5676dc76a9c856b,100,0.01,1.0,188300,2.5683375849593,0.0128416879247965,19.763885303378093,3.158300387440249e-05,0.006105292006395757,81,0.18570054200245067,0.0014914580024196766,36.62855508299981,0.9999987177554149,2.564487526002246e-06,0.13132768406900844,0.001601402251194722,2.5525205270549023e-06,2.5525205270549023e-06,0.38073113472050807,3.5127513241112247,1e-12
success,,F-F_1.28_hgbs-5_as-016-002,hamiltonian_generator/hgbs5_diatomic_basis_transfer/night/F-F/1.28/hgbs-5/F-F_1.28_hgbs-5_as-016-002.tensors.npz,F-F,1.28,hgbs-5,16,2,18,1027,1883,fermionic,random_groups,6,1961245444,1027,252892,0.48000668120588175,84,"[15,17,16,15,14,15,16,14,16,16,12,11,12,13,9,11,12,10,12,12,12,16,10,12,11,8,11,9,15,13,10,9,13,10,8,9,10,10,12,10,11,10,10,10,12,12,12,12,12,12,11,10,10,10,11,10,11,11,13,9,12,12,10,10,13,11,22,10,16,10,9,10,9,11,20,24,21,27,23,14,15,6,5,2]","[60,41,22,56,80,81,64,34,27,48,31,77,82,35,25,18,74,66,52,39,46,57,75,38,32,11,47,72,70,37,53,24,83,69,73,6,50,5,2,58,79,15,7,65,44,4,54,55,0,51,76,20,67,63,28,42,59,8,49,21,61,14,30,78,13,43,19,9,45,16,23,29,40,10,62,1,17,26,36,71,68,12,3,33]",ff863dfe76c2d878,7e642ba03bb9fcea,100,0.01,1.0,188300,0.5456640569443054,0.002728320284721527,0.8921108175497705,2.5041001208592206e-05,0.005897666997043416,81,0.18570054200245067,0.0014914580024196766,36.77036395799951,0.9999968540295812,6.291930940593993e-06,0.13133905098051046,0.0025083741422836318,6.336042801535768e-13,6.336042801535768e-13,0.9341180186318936,2.2217524123170533,1e-12
success,,F-F_1.28_hgbs-5_as-016-002,hamiltonian_generator/hgbs5_diatomic_basis_transfer/night/F-F/1.28/hgbs-5/F-F_1.28_hgbs-5_as-016-002.tensors.npz,F-F,1.28,hgbs-5,16,2,18,1027,1883,jw,random_groups,7,4014239043,1883,554688,0.313046481664064,48,"[51,38,34,36,31,27,132,48,54,50,48,42,80,72,60,62,62,62,58,48,30,32,50,22,32,32,32,32,28,38,24,16,25,16,16,16,42,37,52,36,24,34,26,26,18,16,20,16]","[26,39,24,38,0,41,35,16,25,46,42,1,20,31,18,28,47,37,40,5,13,22,8,17,23,9,19,7,33,11,30,27,12,10,34,14,45,21,15,3,43,36,6,29,44,2,4,32]",e5604d0ab5b69e0c,fa7d352efaddf8d7,100,0.01,1.0,188300,1.4380491084964648,0.007190245542482324,6.196059002499376,2.516699896659702e-05,0.005941417002759408,81,0.18570054200245067,0.0014914580024196766,36.668308125001204,0.9999993333375877,1.3333243801261219e-06,0.13131707338817267,0.001154696853961419,1.324501380239873e-06,1.324501380239873e-06,0.1979491415141677,1.826344224438123,1e-12
success,,F-F_1.28_hgbs-5_as-016-002,hamiltonian_generator/hgbs5_diatomic_basis_transfer/night/F-F/1.28/hgbs-5/F-F_1.28_hgbs-5_as-016-002.tensors.npz,F-F,1.28,hgbs-5,16,2,18,1027,1883,fermionic,random_groups,7,3176632585,1027,252892,0.48000668120588175,84,"[15,17,16,15,14,15,16,14,16,16,12,11,12,13,9,11,12,10,12,12,12,16,10,12,11,8,11,9,15,13,10,9,13,10,8,9,10,10,12,10,11,10,10,10,12,12,12,12,12,12,11,10,10,10,11,10,11,11,13,9,12,12,10,10,13,11,22,10,16,10,9,10,9,11,20,24,21,27,23,14,15,6,5,2]","[76,6,72,16,10,50,39,53,31,51,70,44,81,38,15,14,67,45,68,2,69,54,24,21,80,63,43,42,34,71,27,19,23,47,82,5,48,75,58,37,28,52,32,11,46,1,78,8,29,17,55,62,35,41,3,77,7,0,25,22,56,79,30,26,64,49,33,20,60,66,83,74,36,18,4,40,12,9,59,57,73,65,13,61]",c0588739dc8cee0d,4afcdf3f7695e03c,100,0.01,1.0,188300,0.5629941415468006,0.002814970707734003,0.9496768722653255,2.504199801478535e-05,0.0059449999971548095,81,0.18570054200245067,0.0014914580024196766,36.80336800000077,0.9999985695318796,2.86093419454847e-06,0.13132888614572485,0.001691430235274434,5.736522368238184e-13,5.735412145213559e-13,0.4247424529099417,1.0102284192614392,1e-12
success,,F-F_1.28_hgbs-5_as-016-002,hamiltonian_generator/hgbs5_diatomic_basis_transfer/night/F-F/1.28/hgbs-5/F-F_1.28_hgbs-5_as-016-002.tensors.npz,F-F,1.28,hgbs-5,16,2,18,1027,1883,jw,random_groups,8,3505763577,1883,554688,0.313046481664064,48,"[51,38,34,36,31,27,132,48,54,50,48,42,80,72,60,62,62,62,58,48,30,32,50,22,32,32,32,32,28,38,24,16,25,16,16,16,42,37,52,36,24,34,26,26,18,16,20,16]","[18,17,43,20,16,10,13,41,32,22,27,36,42,35,38,12,0,3,7,5,39,23,45,8,25,24,6,21,4,26,28,2,14,15,47,44,30,34,31,19,33,1,37,46,40,11,9,29]",2fc4f8e84629949f,925a0e92837b5c53,100,0.01,1.0,188300,2.928876584225109,0.014644382921125545,25.702197368093007,2.7582995244301856e-05,0.006031249999068677,81,0.18570054200245067,0.0014914580024196766,36.53116349999618,0.9999990408947624,1.918209555196171e-06,0.13133841625967851,0.0013849947563536005,1.9081141738874763e-06,1.9081141738874763e-06,0.28478286331150576,2.627500850215581,1e-12
success,,F-F_1.28_hgbs-5_as-016-002,hamiltonian_generator/hgbs5_diatomic_basis_transfer/night/F-F/1.28/hgbs-5/F-F_1.28_hgbs-5_as-016-002.tensors.npz,F-F,1.28,hgbs-5,16,2,18,1027,1883,fermionic,random_groups,8,1309813757,1027,252892,0.48000668120588175,84,"[15,17,16,15,14,15,16,14,16,16,12,11,12,13,9,11,12,10,12,12,12,16,10,12,11,8,11,9,15,13,10,9,13,10,8,9,10,10,12,10,11,10,10,10,12,12,12,12,12,12,11,10,10,10,11,10,11,11,13,9,12,12,10,10,13,11,22,10,16,10,9,10,9,11,20,24,21,27,23,14,15,6,5,2]","[25,23,59,69,63,18,68,52,15,60,42,37,79,29,76,81,74,58,48,50,51,32,24,57,21,45,30,26,38,27,40,16,64,75,47,66,44,22,77,67,43,33,61,6,49,31,36,20,35,14,0,2,7,11,13,34,19,56,65,41,46,71,73,10,55,12,70,39,8,83,82,54,28,72,5,3,80,17,4,78,53,62,1,9]",fd22f5ae386d9aab,d9d1b69de4403465,100,0.01,1.0,188300,0.47293970865116214,0.0023646985432558107,0.6701618006188501,2.4665998353157192e-05,0.005980084002658259,81,0.18570054200245067,0.0014914580024196766,36.53572770799656,0.9999978004996346,4.3989958929957496e-06,0.13133499620071035,0.0020973794913635873,6.639133687258436e-13,6.639133687258436e-13,0.653087480827801,1.5533355069077486,1e-12
success,,F-F_1.28_hgbs-5_as-016-002,hamiltonian_generator/hgbs5_diatomic_basis_transfer/night/F-F/1.28/hgbs-5/F-F_1.28_hgbs-5_as-016-002.tensors.npz,F-F,1.28,hgbs-5,16,2,18,1027,1883,jw,random_groups,9,1660266936,1883,554688,0.313046481664064,48,"[51,38,34,36,31,27,132,48,54,50,48,42,80,72,60,62,62,62,58,48,30,32,50,22,32,32,32,32,28,38,24,16,25,16,16,16,42,37,52,36,24,34,26,26,18,16,20,16]","[1,47,6,31,15,34,30,7,45,26,29,38,20,16,35,43,11,23,39,0,22,33,18,28,19,40,42,46,36,14,9,4,10,44,8,37,3,25,13,27,41,2,17,21,12,32,24,5]",9a806435d274a459,39f79992d6f247a3,100,0.01,1.0,188300,2.1413324378705965,0.010706662189352982,13.738404596195279,2.7166999643668532e-05,0.006073459000617731,81,0.18570054200245067,0.0014914580024196766,36.57677550000517,0.9999994777510826,1.0444975621082264e-06,0.13131995231575377,0.0010220067685147802,1.0276605519887738e-06,1.0276605518777515e-06,0.1550690880739816,1.4307186746376108,1e-12
success,,F-F_1.28_hgbs-5_as-016-002,hamiltonian_generator/hgbs5_diatomic_basis_transfer/night/F-F/1.28/hgbs-5/F-F_1.28_hgbs-5_as-016-002.tensors.npz,F-F,1.28,hgbs-5,16,2,18,1027,1883,fermionic,random_groups,9,3136468736,1027,252892,0.48000668120588175,84,"[15,17,16,15,14,15,16,14,16,16,12,11,12,13,9,11,12,10,12,12,12,16,10,12,11,8,11,9,15,13,10,9,13,10,8,9,10,10,12,10,11,10,10,10,12,12,12,12,12,12,11,10,10,10,11,10,11,11,13,9,12,12,10,10,13,11,22,10,16,10,9,10,9,11,20,24,21,27,23,14,15,6,5,2]","[42,82,27,69,43,76,10,5,61,59,33,71,36,73,8,78,72,14,70,31,53,77,32,20,49,0,24,11,34,19,54,63,41,2,13,74,18,68,52,37,47,80,44,64,35,83,38,16,4,48,17,3,12,60,26,79,9,7,46,23,75,40,81,65,29,51,67,6,56,57,28,45,15,62,50,25,66,39,22,30,55,58,1,21]",681eb1c6ca21d359,a0834df85b43bc56,100,0.01,1.0,188300,0.4573088314181122,0.0022865441570905608,0.6265955225065322,2.600000152597204e-05,0.006322041997918859,81,0.18570054200245067,0.0014914580024196766,36.606921499995224,0.9999997516618025,4.966763332836521e-07,0.13131823728434366,0.0007047527189738468,6.156186671546493e-13,6.156186671546493e-13,0.07373798548152521,0.17538206506595372,1e-12
success,,F-F_1.28_hgbs-5_as-016-002,hamiltonian_generator/hgbs5_diatomic_basis_transfer/night/F-F/1.28/hgbs-5/F-F_1.28_hgbs-5_as-016-002.tensors.npz,F-F,1.28,hgbs-5,16,2,18,1027,1883,jw,random_groups,10,2899134699,1883,554688,0.313046481664064,48,"[51,38,34,36,31,27,132,48,54,50,48,42,80,72,60,62,62,62,58,48,30,32,50,22,32,32,32,32,28,38,24,16,25,16,16,16,42,37,52,36,24,34,26,26,18,16,20,16]","[46,15,8,4,2,47,30,34,35,31,39,14,45,21,16,17,3,27,29,22,24,41,13,19,10,33,42,25,11,28,32,36,6,18,7,0,37,5,40,43,23,26,12,1,9,38,20,44]",847ae27e0c9bba7a,acd463beb06d4f59,100,0.01,1.0,188300,2.3335189380605814,0.011667594690302907,16.31513869137265,2.4957997084129602e-05,0.006056208003428765,81,0.18570054200245067,0.0014914580024196766,36.69572691700159,0.9999989792346,2.041529758023408e-06,0.1313373734248113,0.001428821472391746,1.969839694027087e-06,1.969839694027087e-06,0.3030913324618978,2.7964208396398784,1e-12
success,,F-F_1.28_hgbs-5_as-016-002,hamiltonian_generator/hgbs5_diatomic_basis_transfer/night/F-F/1.28/hgbs-5/F-F_1.28_hgbs-5_as-016-002.tensors.npz,F-F,1.28,hgbs-5,16,2,18,1027,1883,fermionic,random_groups,10,1912219540,1027,252892,0.48000668120588175,84,"[15,17,16,15,14,15,16,14,16,16,12,11,12,13,9,11,12,10,12,12,12,16,10,12,11,8,11,9,15,13,10,9,13,10,8,9,10,10,12,10,11,10,10,10,12,12,12,12,12,12,11,10,10,10,11,10,11,11,13,9,12,12,10,10,13,11,22,10,16,10,9,10,9,11,20,24,21,27,23,14,15,6,5,2]","[65,17,68,59,8,18,56,78,11,64,74,76,63,33,48,69,22,0,30,3,50,81,71,5,82,34,24,9,36,83,43,66,62,51,75,37,41,70,27,35,73,39,58,13,7,61,28,46,31,1,15,19,53,57,40,25,77,55,47,38,29,49,10,80,44,12,60,21,72,54,42,79,52,67,20,23,16,2,4,32,14,6,45,26]",4a21fa2f6c78a9de,61876885c4ec75a2,100,0.01,1.0,188300,0.25067843339529394,0.0012533921669764696,0.188279074222719,3.162500070175156e-05,0.0060284999999566935,81,0.18570054200245067,0.0014914580024196766,36.709662249995745,0.9999993853974514,1.2292047195661127e-06,0.13132132224807264,0.0011086952228922002,5.966338534335591e-13,5.966338534335591e-13,0.1824912396488686,0.4340461738554457,1e-12
success,,F-F_1.28_hgbs-5_as-016-002,hamiltonian_generator/hgbs5_diatomic_basis_transfer/night/F-F/1.28/hgbs-5/F-F_1.28_hgbs-5_as-016-002.tensors.npz,F-F,1.28,hgbs-5,16,2,18,1027,1883,jw,random_groups,11,1080384583,1883,554688,0.313046481664064,48,"[51,38,34,36,31,27,132,48,54,50,48,42,80,72,60,62,62,62,58,48,30,32,50,22,32,32,32,32,28,38,24,16,25,16,16,16,42,37,52,36,24,34,26,26,18,16,20,16]","[40,4,27,35,45,29,23,21,1,25,44,15,24,10,11,38,33,7,32,22,43,47,26,31,14,16,30,20,3,2,34,41,8,6,9,12,42,37,39,0,19,18,46,5,28,36,17,13]",a544a5d7fc5ef025,bc3705bbdd6ee03b,100,0.01,1.0,188300,3.240329856972735,0.016201649284863676,31.45911893336562,2.6249996153637767e-05,0.005793791999167297,81,0.18570054200245067,0.0014914580024196766,36.50671829199564,0.9999979588593316,4.082277170525117e-06,0.13134247561161783,0.0020204656237481594,4.0339046782911225e-06,4.033904678402145e-06,0.6060665156755735,5.591770047915051,1e-12
success,,F-F_1.28_hgbs-5_as-016-002,hamiltonian_generator/hgbs5_diatomic_basis_transfer/night/F-F/1.28/hgbs-5/F-F_1.28_hgbs-5_as-016-002.tensors.npz,F-F,1.28,hgbs-5,16,2,18,1027,1883,fermionic,random_groups,11,1712851842,1027,252892,0.48000668120588175,84,"[15,17,16,15,14,15,16,14,16,16,12,11,12,13,9,11,12,10,12,12,12,16,10,12,11,8,11,9,15,13,10,9,13,10,8,9,10,10,12,10,11,10,10,10,12,12,12,12,12,12,11,10,10,10,11,10,11,11,13,9,12,12,10,10,13,11,22,10,16,10,9,10,9,11,20,24,21,27,23,14,15,6,5,2]","[15,82,20,37,27,19,63,62,17,31,64,79,40,4,59,7,44,10,47,56,81,2,8,66,45,58,0,29,23,71,22,43,41,77,9,1,14,75,24,72,60,5,26,11,42,48,46,3,6,53,73,65,21,49,32,68,54,33,12,18,61,55,69,13,28,83,39,80,51,25,38,67,30,76,50,74,35,16,70,34,52,36,78,57]",a3dba70d5052b439,81ea658dfcdb9782,100,0.01,1.0,188300,0.5764572470575868,0.002882286235287934,0.9956399563414577,2.8541995561681688e-05,0.005912000000535045,81,0.18570054200245067,0.0014914580024196766,36.52255679100199,0.9999984546476589,3.090702294095138e-06,0.13132942626507138,0.001758040011542645,5.336842079373127e-13,5.335731856348502e-13,0.45885448050843386,1.0913621497904524,1e-12
success,,F-F_1.28_hgbs-5_as-016-002,hamiltonian_generator/hgbs5_diatomic_basis_transfer/night/F-F/1.28/hgbs-5/F-F_1.28_hgbs-5_as-016-002.tensors.npz,F-F,1.28,hgbs-5,16,2,18,1027,1883,jw,random_groups,12,3061551492,1883,554688,0.313046481664064,48,"[51,38,34,36,31,27,132,48,54,50,48,42,80,72,60,62,62,62,58,48,30,32,50,22,32,32,32,32,28,38,24,16,25,16,16,16,42,37,52,36,24,34,26,26,18,16,20,16]","[1,19,6,20,8,4,45,41,18,2,23,3,14,24,42,12,25,13,43,11,33,35,21,9,30,7,38,39,5,36,47,28,16,31,10,37,34,27,26,17,0,44,46,15,29,40,22,32]",f8dd56ba29cc0366,594208c14bec4f23,100,0.01,1.0,188300,2.2780651571983648,0.011390325785991823,15.548925887727945,2.7375004719942808e-05,0.0059809169979416765,81,0.18570054200245067,0.0014914580024196766,36.463082624999515,0.999999114445792,1.7711076317761254e-06,0.1313254402061641,0.0013308299725835182,1.7554467541813779e-06,1.7554467541813779e-06,0.26294369207147605,2.4260054360114798,1e-12
success,,F-F_1.28_hgbs-5_as-016-002,hamiltonian_generator/hgbs5_diatomic_basis_transfer/night/F-F/1.28/hgbs-5/F-F_1.28_hgbs-5_as-016-002.tensors.npz,F-F,1.28,hgbs-5,16,2,18,1027,1883,fermionic,random_groups,12,1608290837,1027,252892,0.48000668120588175,84,"[15,17,16,15,14,15,16,14,16,16,12,11,12,13,9,11,12,10,12,12,12,16,10,12,11,8,11,9,15,13,10,9,13,10,8,9,10,10,12,10,11,10,10,10,12,12,12,12,12,12,11,10,10,10,11,10,11,11,13,9,12,12,10,10,13,11,22,10,16,10,9,10,9,11,20,24,21,27,23,14,15,6,5,2]","[35,14,40,31,80,12,30,58,83,29,37,33,61,70,73,13,3,1,44,21,25,47,51,9,81,72,52,41,38,50,62,20,77,53,49,32,63,10,46,65,56,7,48,45,64,28,2,67,18,42,57,6,19,23,15,24,71,22,4,55,16,27,66,43,59,34,39,69,0,75,26,54,17,5,8,79,68,36,76,11,74,60,78,82]",77e40c42c916d38e,a13858740bddb227,100,0.01,1.0,188300,0.3180328474071684,0.0015901642370358422,0.30304844888024873,2.5791996449697763e-05,0.005884042002435308,81,0.18570054200245067,0.0014914580024196766,36.5081202500005,0.9999989446355331,2.1107278200815927e-06,0.13132282366377107,0.0014528347923481633,6.433742427702782e-13,6.433742427702782e-13,0.31336467418056196,0.7453220116825183,1e-12
success,,F-F_1.28_hgbs-5_as-016-002,hamiltonian_generator/hgbs5_diatomic_basis_transfer/night/F-F/1.28/hgbs-5/F-F_1.28_hgbs-5_as-016-002.tensors.npz,F-F,1.28,hgbs-5,16,2,18,1027,1883,jw,random_groups,13,4085994837,1883,554688,0.313046481664064,48,"[51,38,34,36,31,27,132,48,54,50,48,42,80,72,60,62,62,62,58,48,30,32,50,22,32,32,32,32,28,38,24,16,25,16,16,16,42,37,52,36,24,34,26,26,18,16,20,16]","[20,36,30,0,11,29,18,38,32,44,6,19,37,31,14,42,23,12,17,40,10,45,3,35,7,28,5,34,21,2,4,25,41,1,39,27,46,16,8,9,24,13,15,43,33,22,47,26]",b855752204edddde,ceedb13d94431695,100,0.01,1.0,188300,1.734278141901601,0.008671390709508004,9.011676877295137,2.6875000912696123e-05,0.006249875004868954,81,0.18570054200245067,0.0014914580024196766,36.629183416996966,0.9999997577910748,4.844177918794657e-07,0.1313160326061463,0.0006960013293803694,4.5852105023946876e-07,4.5852105023946876e-07,0.07191804745043254,0.6635396829168038,1e-12
success,,F-F_1.28_hgbs-5_as-016-002,hamiltonian_generator/hgbs5_diatomic_basis_transfer/night/F-F/1.28/hgbs-5/F-F_1.28_hgbs-5_as-016-002.tensors.npz,F-F,1.28,hgbs-5,16,2,18,1027,1883,fermionic,random_groups,13,784840352,1027,252892,0.48000668120588175,84,"[15,17,16,15,14,15,16,14,16,16,12,11,12,13,9,11,12,10,12,12,12,16,10,12,11,8,11,9,15,13,10,9,13,10,8,9,10,10,12,10,11,10,10,10,12,12,12,12,12,12,11,10,10,10,11,10,11,11,13,9,12,12,10,10,13,11,22,10,16,10,9,10,9,11,20,24,21,27,23,14,15,6,5,2]","[46,20,36,16,6,40,8,15,72,59,27,24,19,5,30,35,66,22,21,23,13,47,68,44,17,52,33,51,61,4,71,78,1,43,60,34,14,2,73,58,32,49,81,37,54,76,25,53,39,11,50,29,48,3,80,41,55,70,45,77,26,82,67,7,9,62,75,74,56,12,28,65,31,18,10,57,0,83,64,79,42,63,69,38]",7108bbc7d7d1dbce,86c4e924181e4944,100,0.01,1.0,188300,0.20262868270954829,0.0010131434135477414,0.12301836552612203,2.800000220304355e-05,0.006131875001301523,81,0.18570054200245067,0.0014914580024196766,36.54799212500075,0.999999675486784,6.49026326571267e-07,0.13131896371446058,0.0008056217672899809,6.095124405192109e-13,6.095124405192109e-13,0.09635630014709813,0.22917858131813154,1e-12
success,,F-F_1.28_hgbs-5_as-016-002,hamiltonian_generator/hgbs5_diatomic_basis_transfer/night/F-F/1.28/hgbs-5/F-F_1.28_hgbs-5_as-016-002.tensors.npz,F-F,1.28,hgbs-5,16,2,18,1027,1883,jw,random_groups,14,1689819467,1883,554688,0.313046481664064,48,"[51,38,34,36,31,27,132,48,54,50,48,42,80,72,60,62,62,62,58,48,30,32,50,22,32,32,32,32,28,38,24,16,25,16,16,16,42,37,52,36,24,34,26,26,18,16,20,16]","[39,2,23,29,33,16,22,41,1,15,12,21,0,14,45,35,8,28,32,11,25,42,37,47,30,10,31,27,9,46,36,38,4,20,3,34,17,7,26,44,19,6,13,43,24,18,40,5]",ad796a3454119e7e,3c9b3e224fb600e3,100,0.01,1.0,188300,2.472427350485547,0.012362136752427734,18.315348584346083,2.5584005925338715e-05,0.007107291006832384,81,0.18570054200245067,0.0014914580024196766,36.65766320900002,0.9999982779914137,3.444014207265589e-06,0.13133147255545774,0.0018558063402629773,3.429992331271947e-06,3.4299923310499025e-06,0.511308175154146,4.717498269796408,1e-12
success,,F-F_1.28_hgbs-5_as-016-002,hamiltonian_generator/hgbs5_diatomic_basis_transfer/night/F-F/1.28/hgbs-5/F-F_1.28_hgbs-5_as-016-002.tensors.npz,F-F,1.28,hgbs-5,16,2,18,1027,1883,fermionic,random_groups,14,496154559,1027,252892,0.48000668120588175,84,"[15,17,16,15,14,15,16,14,16,16,12,11,12,13,9,11,12,10,12,12,12,16,10,12,11,8,11,9,15,13,10,9,13,10,8,9,10,10,12,10,11,10,10,10,12,12,12,12,12,12,11,10,10,10,11,10,11,11,13,9,12,12,10,10,13,11,22,10,16,10,9,10,9,11,20,24,21,27,23,14,15,6,5,2]","[9,41,2,1,38,11,33,29,50,69,60,76,15,80,17,0,24,58,57,42,26,40,7,46,37,4,52,62,35,36,51,34,66,56,64,13,20,49,27,53,78,55,14,63,6,77,32,48,81,8,82,10,54,3,23,59,30,5,71,21,83,25,45,75,28,22,73,70,16,39,43,65,19,72,44,47,31,18,12,74,68,67,61,79]",e0e8cc07b3337f39,5f2e766682b478a2,100,0.01,1.0,188300,0.27158123354271685,0.0013579061677135842,0.22098745658620852,2.566599869169295e-05,0.00565591699705692,81,0.18570054200245067,0.0014914580024196766,36.49970329200005,0.9999992272893777,1.5454206474529997e-06,0.13132301145335262,0.00124314972731805,5.521139101460903e-13,5.520028878436278e-13,0.2294375584826953,0.5457056162792434,1e-12
success,,F-F_1.28_hgbs-5_as-016-002,hamiltonian_generator/hgbs5_diatomic_basis_transfer/night/F-F/1.28/hgbs-5/F-F_1.28_hgbs-5_as-016-002.tensors.npz,F-F,1.28,hgbs-5,16,2,18,1027,1883,jw,random_groups,15,1681282760,1883,554688,0.313046481664064,48,"[51,38,34,36,31,27,132,48,54,50,48,42,80,72,60,62,62,62,58,48,30,32,50,22,32,32,32,32,28,38,24,16,25,16,16,16,42,37,52,36,24,34,26,26,18,16,20,16]","[1,38,11,7,33,35,43,39,45,26,3,0,20,23,27,40,36,8,17,46,19,18,4,25,24,47,34,13,28,37,16,9,21,29,14,42,31,5,44,12,32,10,15,6,2,30,41,22]",1e64ac7d1b54ccc8,63b308395e7d5fb7,100,0.01,1.0,188300,1.1806373191501423,0.005903186595750711,4.176390738895629,3.095899592153728e-05,0.005981875001452863,81,0.18570054200245067,0.0014914580024196766,36.53777533299581,0.9999998453568221,3.092863319897887e-07,0.13132293143758025,0.0005561351956670102,3.0379865556540153e-07,3.0379865556540153e-07,0.04591753125646239,0.42365032436725636,1e-12
success,,F-F_1.28_hgbs-5_as-016-002,hamiltonian_generator/hgbs5_diatomic_basis_transfer/night/F-F/1.28/hgbs-5/F-F_1.28_hgbs-5_as-016-002.tensors.npz,F-F,1.28,hgbs-5,16,2,18,1027,1883,fermionic,random_groups,15,3060556930,1027,252892,0.48000668120588175,84,"[15,17,16,15,14,15,16,14,16,16,12,11,12,13,9,11,12,10,12,12,12,16,10,12,11,8,11,9,15,13,10,9,13,10,8,9,10,10,12,10,11,10,10,10,12,12,12,12,12,12,11,10,10,10,11,10,11,11,13,9,12,12,10,10,13,11,22,10,16,10,9,10,9,11,20,24,21,27,23,14,15,6,5,2]","[58,24,41,10,59,53,22,4,42,14,48,11,30,38,40,45,21,51,47,20,52,0,34,35,31,66,74,13,6,1,23,46,65,56,62,76,73,77,75,18,26,54,19,81,12,79,5,2,80,83,32,15,49,16,43,36,8,44,9,7,27,61,33,72,3,17,71,25,78,57,39,68,55,67,70,50,28,82,37,64,63,60,29,69]",c1cf5d056d62d64d,b7e24452590c7728,100,0.01,1.0,188300,0.5258968464183936,0.002629484232091968,0.8286463913731658,3.320900577818975e-05,0.005835833995661233,81,0.18570054200245067,0.0014914580024196766,36.48352295899531,0.9999970710115805,5.857968259914692e-06,0.13133685524418537,0.0024203257712425968,5.024869409453459e-13,5.024869409453459e-13,0.8696906809411744,2.0685152516174177,1e-12
success,,F-F_1.28_hgbs-5_as-016-002,hamiltonian_generator/hgbs5_diatomic_basis_transfer/night/F-F/1.28/hgbs-5/F-F_1.28_hgbs-5_as-016-002.tensors.npz,F-F,1.28,hgbs-5,16,2,18,1027,1883,jw,random_groups,16,2087612198,1883,554688,0.313046481664064,48,"[51,38,34,36,31,27,132,48,54,50,48,42,80,72,60,62,62,62,58,48,30,32,50,22,32,32,32,32,28,38,24,16,25,16,16,16,42,37,52,36,24,34,26,26,18,16,20,16]","[42,20,18,24,35,38,46,14,43,30,41,13,1,44,16,39,23,32,33,11,3,4,12,21,27,15,2,10,45,6,25,8,9,26,36,47,0,37,19,31,7,17,40,5,29,34,28,22]",0c0822f7071d6597,3b6f231b401c679e,100,0.01,1.0,188300,3.903046009890339,0.019515230049451694,45.643133503035244,3.1541996577288955e-05,0.006039208004949614,81,0.18570054200245067,0.0014914580024196766,36.48378437499923,0.999995207119424,9.585738180217795e-06,0.13136297018471182,0.003096088040084361,9.556301306501425e-06,9.556301306501425e-06,1.4231260388220048,13.130231340074022,1e-12
success,,F-F_1.28_hgbs-5_as-016-002,hamiltonian_generator/hgbs5_diatomic_basis_transfer/night/F-F/1.28/hgbs-5/F-F_1.28_hgbs-5_as-016-002.tensors.npz,F-F,1.28,hgbs-5,16,2,18,1027,1883,fermionic,random_groups,16,1778194441,1027,252892,0.48000668120588175,84,"[15,17,16,15,14,15,16,14,16,16,12,11,12,13,9,11,12,10,12,12,12,16,10,12,11,8,11,9,15,13,10,9,13,10,8,9,10,10,12,10,11,10,10,10,12,12,12,12,12,12,11,10,10,10,11,10,11,11,13,9,12,12,10,10,13,11,22,10,16,10,9,10,9,11,20,24,21,27,23,14,15,6,5,2]","[1,74,0,28,66,52,62,69,19,68,54,81,20,50,61,48,24,72,32,42,40,80,75,17,30,6,78,51,15,27,14,43,56,31,79,47,53,67,26,37,59,5,7,73,22,16,10,8,21,3,58,29,25,65,60,49,45,11,38,4,39,18,55,41,63,44,13,46,76,34,12,82,71,9,2,35,64,33,57,23,77,70,83,36]",fc1fb035e1151c4a,7481a4dc2982e444,100,0.01,1.0,188300,0.19400542056805353,0.0009700271028402677,0.11277058650819113,2.516699896659702e-05,0.005868749998626299,81,0.18570054200245067,0.0014914580024196766,36.48468895800033,0.9999997414858116,5.170283099431572e-07,0.1313186272701873,0.0007190468529787077,5.274669589994119e-13,5.275779813018744e-13,0.07675949800159504,0.1825685796138084,1e-12
success,,F-F_1.28_hgbs-5_as-016-002,hamiltonian_generator/hgbs5_diatomic_basis_transfer/night/F-F/1.28/hgbs-5/F-F_1.28_hgbs-5_as-016-002.tensors.npz,F-F,1.28,hgbs-5,16,2,18,1027,1883,jw,random_groups,17,3177386084,1883,554688,0.313046481664064,48,"[51,38,34,36,31,27,132,48,54,50,48,42,80,72,60,62,62,62,58,48,30,32,50,22,32,32,32,32,28,38,24,16,25,16,16,16,42,37,52,36,24,34,26,26,18,16,20,16]","[5,19,21,42,1,44,28,22,18,12,23,43,30,31,36,25,2,3,6,32,24,39,0,40,13,17,8,10,9,4,11,29,33,38,41,45,14,7,47,20,15,37,35,27,46,16,34,26]",20d33d267b0e0956,ac9dfa3f66484782,100,0.01,1.0,188300,2.4339275643692657,0.01216963782184633,17.749389040275027,2.5499997718725353e-05,0.006143875005363952,81,0.18570054200245067,0.0014914580024196766,36.49027612499776,0.9999994501791877,1.0996413223329782e-06,0.13131983393313598,0.0010486379855062984,1.0989450122123046e-06,1.0989450122123046e-06,0.1632558880448335,1.5062527978423101,1e-12
success,,F-F_1.28_hgbs-5_as-016-002,hamiltonian_generator/hgbs5_diatomic_basis_transfer/night/F-F/1.28/hgbs-5/F-F_1.28_hgbs-5_as-016-002.tensors.npz,F-F,1.28,hgbs-5,16,2,18,1027,1883,fermionic,random_groups,17,3791310055,1027,252892,0.48000668120588175,84,"[15,17,16,15,14,15,16,14,16,16,12,11,12,13,9,11,12,10,12,12,12,16,10,12,11,8,11,9,15,13,10,9,13,10,8,9,10,10,12,10,11,10,10,10,12,12,12,12,12,12,11,10,10,10,11,10,11,11,13,9,12,12,10,10,13,11,22,10,16,10,9,10,9,11,20,24,21,27,23,14,15,6,5,2]","[58,82,64,8,68,53,30,22,42,13,37,23,14,57,50,47,1,28,67,83,49,12,52,46,27,54,69,65,70,59,31,40,18,21,51,39,4,9,43,6,60,80,41,48,76,44,45,75,34,62,26,74,35,38,19,55,73,0,20,25,10,7,11,63,17,24,2,3,16,29,71,72,32,5,79,77,66,81,33,15,61,78,36,56]",9a9ab5bdd19bfa98,7c4b3519bd899c30,100,0.01,1.0,188300,0.5691509704492629,0.0028457548522463146,0.970561526569354,2.3458000214304775e-05,0.005589874999714084,81,0.18570054200245067,0.0014914580024196766,36.483292750002875,0.9999991773445712,1.6453101807645254e-06,0.1313211215377389,0.001282696713006033,5.616618281578667e-13,5.615508058554042e-13,0.24426744358792152,0.5809777471553582,1e-12
success,,F-F_1.28_hgbs-5_as-016-002,hamiltonian_generator/hgbs5_diatomic_basis_transfer/night/F-F/1.28/hgbs-5/F-F_1.28_hgbs-5_as-016-002.tensors.npz,F-F,1.28,hgbs-5,16,2,18,1027,1883,jw,random_groups,18,3465520178,1883,554688,0.313046481664064,48,"[51,38,34,36,31,27,132,48,54,50,48,42,80,72,60,62,62,62,58,48,30,32,50,22,32,32,32,32,28,38,24,16,25,16,16,16,42,37,52,36,24,34,26,26,18,16,20,16]","[20,18,23,14,47,41,17,3,12,5,28,33,37,45,15,24,8,27,46,39,35,16,4,26,43,40,2,19,11,1,13,21,0,44,9,32,31,30,22,42,7,25,36,10,29,34,6,38]",7d9f7b4fb17e0ddb,527858df401139ad,100,0.01,1.0,188300,3.3663712270467894,0.016831856135233948,33.95409212511266,2.6041998353321105e-05,0.00603508300264366,81,0.18570054200245067,0.0014914580024196766,36.51953616699757,0.9999990888894643,1.8222202412543353e-06,0.13134174340518276,0.0013498966891462808,1.81346331884491e-06,1.8134633187338878e-06,0.27053201590142323,2.4960178204753865,1e-12
success,,F-F_1.28_hgbs-5_as-016-002,hamiltonian_generator/hgbs5_diatomic_basis_transfer/night/F-F/1.28/hgbs-5/F-F_1.28_hgbs-5_as-016-002.tensors.npz,F-F,1.28,hgbs-5,16,2,18,1027,1883,fermionic,random_groups,18,4141611203,1027,252892,0.48000668120588175,84,"[15,17,16,15,14,15,16,14,16,16,12,11,12,13,9,11,12,10,12,12,12,16,10,12,11,8,11,9,15,13,10,9,13,10,8,9,10,10,12,10,11,10,10,10,12,12,12,12,12,12,11,10,10,10,11,10,11,11,13,9,12,12,10,10,13,11,22,10,16,10,9,10,9,11,20,24,21,27,23,14,15,6,5,2]","[74,16,34,83,62,54,13,9,47,41,36,48,63,81,64,11,12,32,45,65,42,39,33,27,1,49,66,76,60,37,14,52,67,40,29,78,80,10,51,59,28,35,5,56,69,30,3,43,61,6,38,44,58,77,17,50,2,23,72,19,71,55,73,79,0,25,53,15,31,82,68,70,22,57,21,75,26,4,46,24,8,7,18,20]",959ce9b04a555ffe,ebe45f54eea7d010,100,0.01,1.0,188300,0.7863952281543707,0.003931976140771854,1.8528909042838602,2.670799585757777e-05,0.006142917001852766,81,0.18570054200245067,0.0014914580024196766,36.405433832995186,0.9999976122484504,4.775497397857542e-06,0.1313366903402114,0.002185292451637959,4.939382236557321e-13,4.939382236557321e-13,0.7089839684170658,1.6862824725635286,1e-12
success,,F-F_1.28_hgbs-5_as-016-002,hamiltonian_generator/hgbs5_diatomic_basis_transfer/night/F-F/1.28/hgbs-5/F-F_1.28_hgbs-5_as-016-002.tensors.npz,F-F,1.28,hgbs-5,16,2,18,1027,1883,jw,random_groups,19,2340880662,1883,554688,0.313046481664064,48,"[51,38,34,36,31,27,132,48,54,50,48,42,80,72,60,62,62,62,58,48,30,32,50,22,32,32,32,32,28,38,24,16,25,16,16,16,42,37,52,36,24,34,26,26,18,16,20,16]","[34,41,30,45,17,42,25,33,8,24,5,44,28,3,9,23,21,38,47,31,16,32,1,19,18,37,13,46,14,2,12,11,10,4,29,27,26,20,6,22,43,36,39,0,7,40,15,35]",40cec1a0c2b36594,49b7832d9ea80810,100,0.01,1.0,188300,2.5302180789371143,0.012651090394685571,19.181564186192343,2.9499999072868377e-05,0.005730042001232505,81,0.18570054200245067,0.0014914580024196766,36.68224974999612,0.9999990095576057,1.980883807650713e-06,0.13132973763294445,0.0014074390887863593,1.9476660401140933e-06,1.9476660401140933e-06,0.2940876616436605,2.713349995927971,1e-12
success,,F-F_1.28_hgbs-5_as-016-002,hamiltonian_generator/hgbs5_diatomic_basis_transfer/night/F-F/1.28/hgbs-5/F-F_1.28_hgbs-5_as-016-002.tensors.npz,F-F,1.28,hgbs-5,16,2,18,1027,1883,fermionic,random_groups,19,962106099,1027,252892,0.48000668120588175,84,"[15,17,16,15,14,15,16,14,16,16,12,11,12,13,9,11,12,10,12,12,12,16,10,12,11,8,11,9,15,13,10,9,13,10,8,9,10,10,12,10,11,10,10,10,12,12,12,12,12,12,11,10,10,10,11,10,11,11,13,9,12,12,10,10,13,11,22,10,16,10,9,10,9,11,20,24,21,27,23,14,15,6,5,2]","[73,71,46,26,3,16,31,74,72,48,56,34,81,17,0,15,65,55,6,19,69,64,20,18,58,4,79,27,62,44,82,47,8,76,21,70,36,51,59,35,12,49,13,57,41,29,23,43,37,5,78,53,14,77,2,67,38,61,52,22,42,83,40,1,50,10,66,54,32,11,25,33,60,45,39,30,68,9,7,75,24,28,63,80]",344635a0654547b5,fca22880cccfbf50,100,0.01,1.0,188300,0.46303783975102086,0.0023151891987551044,0.6423934097631538,2.4208005925174803e-05,0.006688250003207941,81,0.18570054200245067,0.0014914580024196766,36.495384583002306,0.9999978125385535,4.374918108118742e-06,0.13133276818856723,0.002091631634171982,5.870859354217828e-13,5.870859354217828e-13,0.6495128241898449,1.5448333670815455,1e-12
success,,F-F_1.28_hgbs-5_as-018-002,hamiltonian_generator/hgbs5_diatomic_basis_transfer/night/F-F/1.28/hgbs-5/F-F_1.28_hgbs-5_as-018-002.tensors.npz,F-F,1.28,hgbs-5,18,2,20,1580,2950,baseline,jw_raw,-1,-1,,,,,[],[],4f53cda18c2baa0c,c2dbc90c4fad40a5,100,0.01,1.0,295000,0.8197901978282487,0.004098950989141243,1.0,2.1667001419700682e-05,0.012240750002092682,100,0.29072454199922504,0.0014975000012782402,120.09845491699525,0.9999934464956446,1.3106965762399447e-05,0.5325718109188635,0.0036203603012437925,8.772982340587987e-13,8.774092563612612e-13,1.0,,1e-12
success,,F-F_1.28_hgbs-5_as-018-002,hamiltonian_generator/hgbs5_diatomic_basis_transfer/night/F-F/1.28/hgbs-5/F-F_1.28_hgbs-5_as-018-002.tensors.npz,F-F,1.28,hgbs-5,18,2,20,1580,2950,jw,current,-1,-1,2950,1272112,0.2924546671954297,67,"[58,42,46,44,32,172,37,156,42,37,156,34,26,16,34,34,48,48,40,40,64,64,56,56,64,64,52,52,52,48,40,40,30,26,24,108,24,88,24,24,104,68,56,62,36,30,20,32,28,28,32,20,20,24,16,20,20,20,24,28,28,20,8,16,16,16,16]","[0,1,2,3,4,5,6,7,8,9,10,11,12,13,14,15,16,17,18,19,20,21,22,23,24,25,26,27,28,29,30,31,32,33,34,35,36,37,38,39,40,41,42,43,44,45,46,47,48,49,50,51,52,53,54,55,56,57,58,59,60,61,62,63,64,65,66]",4ab7fc583364cee0,14589ba2fd28a54e,100,0.01,1.0,295000,21.333037839166817,0.10666518919583408,677.1735165054293,7.208299939520657e-05,0.01840295900183264,100,0.29072454199922504,0.0014975000012782402,126.84691158299393,0.9999943093124838,1.1381342648553172e-05,0.5325613365055175,0.003373629356112869,1.1333909337607473e-05,1.133390933749645e-05,0.8683430516926618,1.0,1e-12
success,,F-F_1.28_hgbs-5_as-018-002,hamiltonian_generator/hgbs5_diatomic_basis_transfer/night/F-F/1.28/hgbs-5/F-F_1.28_hgbs-5_as-018-002.tensors.npz,F-F,1.28,hgbs-5,18,2,20,1580,2950,fermionic,current,-1,-1,1580,573636,0.4598616333042063,127,"[16,16,15,16,16,14,18,16,26,18,11,11,12,13,12,12,12,8,14,14,10,10,16,12,12,10,12,14,11,14,12,9,11,11,15,14,12,11,15,11,9,11,14,15,13,12,13,12,20,20,12,14,12,9,11,11,11,11,11,12,15,13,15,14,12,12,10,12,10,12,12,11,11,10,10,10,15,20,9,10,10,10,11,10,9,10,11,12,13,11,11,10,16,6,26,9,11,10,15,22,13,11,16,13,14,18,6,19,6,11,10,9,8,9,6,7,4,7,10,8,13,24,25,15,14,8,5]","[0,1,2,3,4,5,6,7,8,9,10,11,12,13,14,15,16,17,18,19,20,21,22,23,24,25,26,27,28,29,30,31,32,33,34,35,36,37,38,39,40,41,42,43,44,45,46,47,48,49,50,51,52,53,54,55,56,57,58,59,60,61,62,63,64,65,66,67,68,69,70,71,72,73,74,75,76,77,78,79,80,81,82,83,84,85,86,87,88,89,90,91,92,93,94,95,96,97,98,99,100,101,102,103,104,105,106,107,108,109,110,111,112,113,114,115,116,117,118,119,120,121,122,123,124,125,126]",3807023e152637e4,4ac7ebf41f73feb4,100,0.01,1.0,295000,1.241713320112439,0.006208566600562195,2.2942314951663976,7.720800203969702e-05,0.018222040998807643,100,0.29072454199922504,0.0014975000012782402,127.38870137499907,0.9999948946901134,1.0210593709092386e-05,0.532570095349332,0.003195406041998923,1.1964873536385312e-12,1.1965983759409937e-12,0.7790203998536399,1.0,1e-12
success,,F-F_1.28_hgbs-5_as-018-002,hamiltonian_generator/hgbs5_diatomic_basis_transfer/night/F-F/1.28/hgbs-5/F-F_1.28_hgbs-5_as-018-002.tensors.npz,F-F,1.28,hgbs-5,18,2,20,1580,2950,jw,reverse_groups,-1,-1,2950,1272112,0.2924546671954297,67,"[58,42,46,44,32,172,37,156,42,37,156,34,26,16,34,34,48,48,40,40,64,64,56,56,64,64,52,52,52,48,40,40,30,26,24,108,24,88,24,24,104,68,56,62,36,30,20,32,28,28,32,20,20,24,16,20,20,20,24,28,28,20,8,16,16,16,16]","[66,65,64,63,62,61,60,59,58,57,56,55,54,53,52,51,50,49,48,47,46,45,44,43,42,41,40,39,38,37,36,35,34,33,32,31,30,29,28,27,26,25,24,23,22,21,20,19,18,17,16,15,14,13,12,11,10,9,8,7,6,5,4,3,2,1,0]",dffc3667f07ebc0c,91efb02c9e744f35,100,0.01,1.0,295000,21.333037839166817,0.10666518919583408,677.1735165054293,7.212499622255564e-05,0.018889833001594525,100,0.29072454199922504,0.0014975000012782402,127.44249654199666,0.9999943093127045,1.1381342207128498e-05,0.5325613380427439,0.0033736292906900514,1.1333944283542507e-05,1.1333944283542507e-05,0.86834301801403,0.9999999612150615,1e-12
success,,F-F_1.28_hgbs-5_as-018-002,hamiltonian_generator/hgbs5_diatomic_basis_transfer/night/F-F/1.28/hgbs-5/F-F_1.28_hgbs-5_as-018-002.tensors.npz,F-F,1.28,hgbs-5,18,2,20,1580,2950,fermionic,reverse_groups,-1,-1,1580,573636,0.4598616333042063,127,"[16,16,15,16,16,14,18,16,26,18,11,11,12,13,12,12,12,8,14,14,10,10,16,12,12,10,12,14,11,14,12,9,11,11,15,14,12,11,15,11,9,11,14,15,13,12,13,12,20,20,12,14,12,9,11,11,11,11,11,12,15,13,15,14,12,12,10,12,10,12,12,11,11,10,10,10,15,20,9,10,10,10,11,10,9,10,11,12,13,11,11,10,16,6,26,9,11,10,15,22,13,11,16,13,14,18,6,19,6,11,10,9,8,9,6,7,4,7,10,8,13,24,25,15,14,8,5]","[126,125,124,123,122,121,120,119,118,117,116,115,114,113,112,111,110,109,108,107,106,105,104,103,102,101,100,99,98,97,96,95,94,93,92,91,90,89,88,87,86,85,84,83,82,81,80,79,78,77,76,75,74,73,72,71,70,69,68,67,66,65,64,63,62,61,60,59,58,57,56,55,54,53,52,51,50,49,48,47,46,45,44,43,42,41,40,39,38,37,36,35,34,33,32,31,30,29,28,27,26,25,24,23,22,21,20,19,18,17,16,15,14,13,12,11,10,9,8,7,6,5,4,3,2,1,0]",5db8228e0cbe2dc8,787d9316e886b874,100,0.01,1.0,295000,0.1052151699639662,0.000526075849819831,0.016472187600671456,7.779199950164184e-05,0.02072345800115727,100,0.29072454199922504,0.0014975000012782402,127.54398933299672,0.9999998848429017,2.303141833914779e-07,0.5325679237969454,0.0004799106131386676,9.07496300328603e-13,9.072742557236779e-13,0.017571891738070358,0.02255639485355161,1e-12
success,,F-F_1.28_hgbs-5_as-018-002,hamiltonian_generator/hgbs5_diatomic_basis_transfer/night/F-F/1.28/hgbs-5/F-F_1.28_hgbs-5_as-018-002.tensors.npz,F-F,1.28,hgbs-5,18,2,20,1580,2950,jw,random_groups,0,3254658578,2950,1272112,0.2924546671954297,67,"[58,42,46,44,32,172,37,156,42,37,156,34,26,16,34,34,48,48,40,40,64,64,56,56,64,64,52,52,52,48,40,40,30,26,24,108,24,88,24,24,104,68,56,62,36,30,20,32,28,28,32,20,20,24,16,20,20,20,24,28,28,20,8,16,16,16,16]","[32,55,36,33,18,45,9,20,65,23,43,27,61,37,47,28,29,64,62,7,11,30,35,53,12,46,38,10,15,22,4,21,48,63,50,56,17,19,2,42,66,0,58,25,13,24,44,14,54,1,51,6,31,52,3,8,26,57,40,39,16,49,41,5,59,60,34]",fdf1644d3e044d17,561c66101b042756,100,0.01,1.0,295000,52.90250017612195,0.26451250088060974,4164.347399990117,6.875000690342858e-05,0.0205651670039515,100,0.29072454199922504,0.0014975000012782402,127.92396258300141,0.9999718851352086,5.622893913714844e-05,0.5325766020582737,0.0074986485170826815,5.5943004116709716e-05,5.594300411704278e-05,4.290004273792716,4.940448668795366,1e-12
success,,F-F_1.28_hgbs-5_as-018-002,hamiltonian_generator/hgbs5_diatomic_basis_transfer/night/F-F/1.28/hgbs-5/F-F_1.28_hgbs-5_as-018-002.tensors.npz,F-F,1.28,hgbs-5,18,2,20,1580,2950,fermionic,random_groups,0,1187415456,1580,573636,0.4598616333042063,127,"[16,16,15,16,16,14,18,16,26,18,11,11,12,13,12,12,12,8,14,14,10,10,16,12,12,10,12,14,11,14,12,9,11,11,15,14,12,11,15,11,9,11,14,15,13,12,13,12,20,20,12,14,12,9,11,11,11,11,11,12,15,13,15,14,12,12,10,12,10,12,12,11,11,10,10,10,15,20,9,10,10,10,11,10,9,10,11,12,13,11,11,10,16,6,26,9,11,10,15,22,13,11,16,13,14,18,6,19,6,11,10,9,8,9,6,7,4,7,10,8,13,24,25,15,14,8,5]","[10,38,90,105,113,126,6,15,43,22,26,57,114,14,4,111,108,11,42,68,58,63,123,119,120,32,23,83,71,82,91,106,9,101,53,94,80,1,79,99,125,103,70,96,12,46,78,88,100,72,77,44,49,34,59,89,66,115,28,95,36,16,97,67,74,69,19,92,124,18,24,54,21,75,55,20,8,37,33,87,98,48,65,117,107,5,27,102,86,52,3,0,51,30,17,40,110,13,73,60,85,35,29,76,122,61,39,109,50,62,116,2,93,45,121,112,56,104,25,64,47,41,118,7,84,31,81]",8db6b58045aa0d7d,3bd4140fd5a23f1e,100,0.01,1.0,295000,1.0514756581651736,0.005257378290825868,1.645102657528821,7.779099541949108e-05,0.019129500004055444,100,0.29072454199922504,0.0014975000012782402,127.44251566599996,0.9999937273454004,1.254526985305926e-05,0.5325717188326672,0.003541935798296213,9.808820422563258e-13,9.808820422563258e-13,0.9571452371569055,1.2286523399602003,1e-12
success,,F-F_1.28_hgbs-5_as-018-002,hamiltonian_generator/hgbs5_diatomic_basis_transfer/night/F-F/1.28/hgbs-5/F-F_1.28_hgbs-5_as-018-002.tensors.npz,F-F,1.28,hgbs-5,18,2,20,1580,2950,jw,random_groups,1,2886226909,2950,1272112,0.2924546671954297,67,"[58,42,46,44,32,172,37,156,42,37,156,34,26,16,34,34,48,48,40,40,64,64,56,56,64,64,52,52,52,48,40,40,30,26,24,108,24,88,24,24,104,68,56,62,36,30,20,32,28,28,32,20,20,24,16,20,20,20,24,28,28,20,8,16,16,16,16]","[56,65,60,7,22,21,31,24,49,15,13,5,33,46,32,14,51,45,6,25,28,29,50,34,4,19,1,9,41,23,18,11,66,3,20,37,52,59,38,12,0,48,43,42,26,39,35,47,62,64,58,17,55,30,57,36,16,10,40,2,54,27,44,63,61,8,53]",3429533c6b05f326,f3d04ee808dab136,100,0.01,1.0,295000,14.364984137393272,0.07182492068696636,307.0470004780439,7.779099541949108e-05,0.018883582997659687,100,0.29072454199922504,0.0014975000012782402,127.624493041003,0.9999857819772061,2.8435843435592467e-05,0.5326262204486687,0.005332545882388294,2.7497604030424228e-05,2.7497604030313205e-05,2.1695214553140647,2.498461237278302,1e-12
success,,F-F_1.28_hgbs-5_as-018-002,hamiltonian_generator/hgbs5_diatomic_basis_transfer/night/F-F/1.28/hgbs-5/F-F_1.28_hgbs-5_as-018-002.tensors.npz,F-F,1.28,hgbs-5,18,2,20,1580,2950,fermionic,random_groups,1,1859980034,1580,573636,0.4598616333042063,127,"[16,16,15,16,16,14,18,16,26,18,11,11,12,13,12,12,12,8,14,14,10,10,16,12,12,10,12,14,11,14,12,9,11,11,15,14,12,11,15,11,9,11,14,15,13,12,13,12,20,20,12,14,12,9,11,11,11,11,11,12,15,13,15,14,12,12,10,12,10,12,12,11,11,10,10,10,15,20,9,10,10,10,11,10,9,10,11,12,13,11,11,10,16,6,26,9,11,10,15,22,13,11,16,13,14,18,6,19,6,11,10,9,8,9,6,7,4,7,10,8,13,24,25,15,14,8,5]","[12,78,79,81,47,20,4,13,126,125,16,30,112,50,85,123,118,96,36,8,72,94,103,42,54,24,39,6,18,46,74,5,63,99,119,77,21,84,49,57,60,98,115,37,26,14,71,25,45,33,29,82,124,53,100,34,62,52,9,101,122,121,104,75,70,59,48,23,73,31,40,109,91,0,65,88,117,110,3,97,56,43,41,44,10,51,15,7,108,32,93,114,113,19,64,1,105,69,67,11,80,68,116,102,66,55,111,61,90,107,92,2,106,35,58,17,76,27,28,86,87,89,120,95,83,22,38]",7bcec2425c91d12e,881364c413d4565b,100,0.01,1.0,295000,0.44757748514460194,0.00223788742572301,0.29807875327528877,7.658299728063866e-05,0.020225957996444777,100,0.29072454199922504,0.0014975000012782402,127.6946085419986,0.9999993972194424,1.205560751782464e-06,0.5325677429208107,0.0010979804712099664,9.784395516021505e-13,9.78550573904613e-13,0.0919786298092661,0.11806960360286685,1e-12
success,,F-F_1.28_hgbs-5_as-018-002,hamiltonian_generator/hgbs5_diatomic_basis_transfer/night/F-F/1.28/hgbs-5/F-F_1.28_hgbs-5_as-018-002.tensors.npz,F-F,1.28,hgbs-5,18,2,20,1580,2950,jw,random_groups,2,730841937,2950,1272112,0.2924546671954297,67,"[58,42,46,44,32,172,37,156,42,37,156,34,26,16,34,34,48,48,40,40,64,64,56,56,64,64,52,52,52,48,40,40,30,26,24,108,24,88,24,24,104,68,56,62,36,30,20,32,28,28,32,20,20,24,16,20,20,20,24,28,28,20,8,16,16,16,16]","[16,1,61,64,60,41,53,34,46,10,4,65,35,32,5,48,50,37,0,66,9,45,11,25,7,63,28,22,24,14,23,17,52,38,18,62,19,13,57,2,58,21,8,27,54,59,31,29,26,15,12,20,56,49,55,36,33,6,42,47,3,40,43,51,39,44,30]",520820ee9ff85452,1f0e256894ef9091,100,0.01,1.0,295000,4.288739071599394,0.021443695357996968,27.368677145357694,7.908300176495686e-05,0.018178958001954015,100,0.29072454199922504,0.0014975000012782402,127.30530083399935,0.9999992863832599,1.427232971029646e-06,0.5324691701358215,0.0011946687743006207,8.515955954857546e-07,8.5159559526371e-07,0.10889118022448907,0.1254011073299054,1e-12
success,,F-F_1.28_hgbs-5_as-018-002,hamiltonian_generator/hgbs5_diatomic_basis_transfer/night/F-F/1.28/hgbs-5/F-F_1.28_hgbs-5_as-018-002.tensors.npz,F-F,1.28,hgbs-5,18,2,20,1580,2950,fermionic,random_groups,2,206917096,1580,573636,0.4598616333042063,127,"[16,16,15,16,16,14,18,16,26,18,11,11,12,13,12,12,12,8,14,14,10,10,16,12,12,10,12,14,11,14,12,9,11,11,15,14,12,11,15,11,9,11,14,15,13,12,13,12,20,20,12,14,12,9,11,11,11,11,11,12,15,13,15,14,12,12,10,12,10,12,12,11,11,10,10,10,15,20,9,10,10,10,11,10,9,10,11,12,13,11,11,10,16,6,26,9,11,10,15,22,13,11,16,13,14,18,6,19,6,11,10,9,8,9,6,7,4,7,10,8,13,24,25,15,14,8,5]","[72,39,56,13,48,37,5,0,42,24,94,59,9,34,4,45,58,96,27,44,125,88,80,85,19,109,126,40,113,114,64,87,50,52,41,71,2,91,67,70,8,124,110,28,74,38,89,79,117,97,55,77,104,121,15,123,32,119,16,29,25,10,14,7,76,6,36,102,107,43,17,83,84,90,53,1,63,54,23,103,33,20,120,108,46,101,81,30,18,112,106,57,31,105,21,26,100,99,11,78,122,75,86,22,62,60,116,51,61,111,73,65,47,69,35,98,118,68,12,115,93,49,82,92,95,3,66]",627093cb5aa8eda7,21364d6ddf55d586,100,0.01,1.0,295000,0.4420097506270514,0.002210048753135257,0.290708852863032,8.33750018500723e-05,0.017985958002100233,100,0.29072454199922504,0.0014975000012782402,127.51117079100368,0.9999979467238331,4.106548117777109e-06,0.5325684979488493,0.0020264630107006696,9.502398867766715e-13,9.502398867766715e-13,0.3133103566622377,0.4021850476843758,1e-12
success,,F-F_1.28_hgbs-5_as-018-002,hamiltonian_generator/hgbs5_diatomic_basis_transfer/night/F-F/1.28/hgbs-5/F-F_1.28_hgbs-5_as-018-002.tensors.npz,F-F,1.28,hgbs-5,18,2,20,1580,2950,jw,random_groups,3,2063350619,2950,1272112,0.2924546671954297,67,"[58,42,46,44,32,172,37,156,42,37,156,34,26,16,34,34,48,48,40,40,64,64,56,56,64,64,52,52,52,48,40,40,30,26,24,108,24,88,24,24,104,68,56,62,36,30,20,32,28,28,32,20,20,24,16,20,20,20,24,28,28,20,8,16,16,16,16]","[30,54,66,5,41,37,42,43,12,48,61,20,22,31,57,19,8,26,13,24,0,1,58,2,47,32,65,49,55,4,28,10,38,60,34,25,62,59,33,14,17,35,11,16,64,53,21,46,39,7,36,44,40,9,52,27,6,15,3,56,29,23,18,51,50,45,63]",e91a5dc9047f4f3d,5d2a5851526e1ada,100,0.01,1.0,295000,37.15545143332231,0.18577725716661156,2054.1854190910863,6.729199958499521e-05,0.01802362499438459,100,0.29072454199922504,0.0014975000012782402,127.14423275000445,0.9999847025671077,3.059463177312871e-05,0.5325452793948964,0.005531262585034774,3.0390757974285698e-05,3.0390757974285698e-05,2.334226878115218,2.6881390638931326,1e-12
success,,F-F_1.28_hgbs-5_as-018-002,hamiltonian_generator/hgbs5_diatomic_basis_transfer/night/F-F/1.28/hgbs-5/F-F_1.28_hgbs-5_as-018-002.tensors.npz,F-F,1.28,hgbs-5,18,2,20,1580,2950,fermionic,random_groups,3,37395879,1580,573636,0.4598616333042063,127,"[16,16,15,16,16,14,18,16,26,18,11,11,12,13,12,12,12,8,14,14,10,10,16,12,12,10,12,14,11,14,12,9,11,11,15,14,12,11,15,11,9,11,14,15,13,12,13,12,20,20,12,14,12,9,11,11,11,11,11,12,15,13,15,14,12,12,10,12,10,12,12,11,11,10,10,10,15,20,9,10,10,10,11,10,9,10,11,12,13,11,11,10,16,6,26,9,11,10,15,22,13,11,16,13,14,18,6,19,6,11,10,9,8,9,6,7,4,7,10,8,13,24,25,15,14,8,5]","[33,83,104,88,87,70,37,77,73,36,63,101,122,52,1,100,123,111,14,39,16,50,10,0,35,108,64,22,61,105,74,3,114,26,57,29,112,68,30,67,93,21,116,53,84,48,54,46,91,25,18,99,60,75,24,106,49,20,103,120,43,78,6,119,86,15,44,51,98,56,80,27,95,94,38,124,47,102,32,97,55,19,71,12,90,4,126,41,13,76,11,115,96,7,121,31,85,8,34,125,2,28,40,69,81,42,118,59,17,66,79,109,9,110,113,5,45,65,72,92,82,62,23,89,117,58,107]",1d80b807cb8a2e31,545d7227bb2691ad,100,0.01,1.0,295000,0.6640108769815644,0.003320054384907822,0.656062092214223,7.841699698474258e-05,0.01870966600108659,100,0.29072454199922504,0.0014975000012782402,127.61263904199586,0.9999956106400476,8.778700638312209e-06,0.5325748057996786,0.0029628904645277575,8.184564137536654e-13,8.182343691487404e-13,0.6697736758797425,0.8597639753793066,1e-12
success,,F-F_1.28_hgbs-5_as-018-002,hamiltonian_generator/hgbs5_diatomic_basis_transfer/night/F-F/1.28/hgbs-5/F-F_1.28_hgbs-5_as-018-002.tensors.npz,F-F,1.28,hgbs-5,18,2,20,1580,2950,jw,random_groups,4,4157257306,2950,1272112,0.2924546671954297,67,"[58,42,46,44,32,172,37,156,42,37,156,34,26,16,34,34,48,48,40,40,64,64,56,56,64,64,52,52,52,48,40,40,30,26,24,108,24,88,24,24,104,68,56,62,36,30,20,32,28,28,32,20,20,24,16,20,20,20,24,28,28,20,8,16,16,16,16]","[10,6,36,64,43,38,29,24,40,48,57,37,21,30,11,26,18,41,65,61,7,44,5,28,33,0,56,13,8,3,47,50,19,66,23,45,35,60,9,39,16,14,63,51,1,54,49,52,12,15,59,46,34,42,32,53,4,55,17,20,58,22,31,2,25,62,27]",d393c09f4164850e,2bff7b2d9f7c2e53,100,0.01,1.0,295000,35.92761520113517,0.17963807600567583,1920.6637462170424,7.462500070687383e-05,0.017250083001272287,100,0.29072454199922504,0.0014975000012782402,127.51230979200045,0.9999843672655797,3.126522445817681e-05,0.532554350262577,0.00559155334773621,3.054763713761233e-05,3.054763713761233e-05,2.3853899540860013,2.7470594132539654,1e-12
success,,F-F_1.28_hgbs-5_as-018-002,hamiltonian_generator/hgbs5_diatomic_basis_transfer/night/F-F/1.28/hgbs-5/F-F_1.28_hgbs-5_as-018-002.tensors.npz,F-F,1.28,hgbs-5,18,2,20,1580,2950,fermionic,random_groups,4,1833062656,1580,573636,0.4598616333042063,127,"[16,16,15,16,16,14,18,16,26,18,11,11,12,13,12,12,12,8,14,14,10,10,16,12,12,10,12,14,11,14,12,9,11,11,15,14,12,11,15,11,9,11,14,15,13,12,13,12,20,20,12,14,12,9,11,11,11,11,11,12,15,13,15,14,12,12,10,12,10,12,12,11,11,10,10,10,15,20,9,10,10,10,11,10,9,10,11,12,13,11,11,10,16,6,26,9,11,10,15,22,13,11,16,13,14,18,6,19,6,11,10,9,8,9,6,7,4,7,10,8,13,24,25,15,14,8,5]","[56,93,69,100,48,11,7,72,113,39,49,64,105,16,10,67,17,71,78,103,22,0,45,114,33,32,46,79,118,120,80,73,94,50,29,121,12,59,28,26,102,62,87,97,63,84,5,8,9,95,116,125,52,57,55,77,89,47,88,14,25,112,42,31,99,51,37,44,20,126,38,117,76,82,13,101,34,68,70,24,92,91,1,90,6,65,35,96,106,119,21,107,122,74,109,124,4,54,75,111,43,40,104,18,123,60,85,66,3,110,30,98,27,23,41,61,115,2,108,81,58,86,15,53,19,83,36]",775cfd1c69adcacf,72817df80cb2db2b,100,0.01,1.0,295000,0.21870277143916567,0.0010935138571958284,0.07117101027331293,7.908300176495686e-05,0.016961375004029833,100,0.29072454199922504,0.0014975000012782402,127.66076279099798,0.9999996875562585,6.248873855030368e-07,0.5325674339693646,0.0007904982498978986,9.169331960379168e-13,9.169331960379168e-13,0.04767597602914931,0.06119990700899044,1e-12
success,,F-F_1.28_hgbs-5_as-018-002,hamiltonian_generator/hgbs5_diatomic_basis_transfer/night/F-F/1.28/hgbs-5/F-F_1.28_hgbs-5_as-018-002.tensors.npz,F-F,1.28,hgbs-5,18,2,20,1580,2950,jw,random_groups,5,2479830531,2950,1272112,0.2924546671954297,67,"[58,42,46,44,32,172,37,156,42,37,156,34,26,16,34,34,48,48,40,40,64,64,56,56,64,64,52,52,52,48,40,40,30,26,24,108,24,88,24,24,104,68,56,62,36,30,20,32,28,28,32,20,20,24,16,20,20,20,24,28,28,20,8,16,16,16,16]","[31,15,55,10,7,16,57,28,27,17,6,45,37,14,40,42,47,26,58,13,3,35,23,63,29,38,52,2,49,53,46,61,36,30,24,21,4,12,54,50,48,41,0,44,39,1,9,65,64,11,20,8,5,66,56,34,22,25,59,32,51,62,19,18,33,60,43]",6b681330e40022db,53b9886b72ceefe9,100,0.01,1.0,295000,22.240761637084535,0.11120380818542268,736.0272081722119,7.38749949960038e-05,0.01916808299574768,100,0.29072454199922504,0.0014975000012782402,126.91640558400104,0.9999901320025448,1.973589753301308e-05,0.5325579105367292,0.0044425212335273655,1.9685404317404398e-05,1.968540431751542e-05,1.5057563963148781,1.734057056574249,1e-12
success,,F-F_1.28_hgbs-5_as-018-002,hamiltonian_generator/hgbs5_diatomic_basis_transfer/night/F-F/1.28/hgbs-5/F-F_1.28_hgbs-5_as-018-002.tensors.npz,F-F,1.28,hgbs-5,18,2,20,1580,2950,fermionic,random_groups,5,4113447832,1580,573636,0.4598616333042063,127,"[16,16,15,16,16,14,18,16,26,18,11,11,12,13,12,12,12,8,14,14,10,10,16,12,12,10,12,14,11,14,12,9,11,11,15,14,12,11,15,11,9,11,14,15,13,12,13,12,20,20,12,14,12,9,11,11,11,11,11,12,15,13,15,14,12,12,10,12,10,12,12,11,11,10,10,10,15,20,9,10,10,10,11,10,9,10,11,12,13,11,11,10,16,6,26,9,11,10,15,22,13,11,16,13,14,18,6,19,6,11,10,9,8,9,6,7,4,7,10,8,13,24,25,15,14,8,5]","[32,73,30,8,20,97,74,68,57,11,44,78,53,81,71,62,47,111,102,45,69,52,84,93,106,67,28,109,35,103,38,94,58,51,31,112,40,107,6,7,123,77,17,59,114,99,48,54,88,23,104,64,110,22,33,19,16,76,72,49,55,66,29,126,89,36,14,42,70,61,117,10,85,9,96,0,75,37,46,39,1,95,34,90,12,91,101,92,80,108,115,113,122,119,27,21,60,105,82,15,50,86,65,25,5,118,100,18,56,3,116,13,124,79,87,83,4,43,125,98,2,24,63,120,26,41,121]",309b14f04e4b8e9b,4add0d0934f7f3c6,100,0.01,1.0,295000,0.4865270396219122,0.0024326351981095607,0.35221554661189364,7.691700011491776e-05,0.01856095899711363,100,0.29072454199922504,0.0014975000012782402,126.83597349999764,0.9999978245119898,4.350971287592209e-06,0.5325683574490627,0.002085899331310584,1.08213438210214e-12,1.08213438210214e-12,0.33195869787605914,0.4261232413662422,1e-12
success,,F-F_1.28_hgbs-5_as-018-002,hamiltonian_generator/hgbs5_diatomic_basis_transfer/night/F-F/1.28/hgbs-5/F-F_1.28_hgbs-5_as-018-002.tensors.npz,F-F,1.28,hgbs-5,18,2,20,1580,2950,jw,random_groups,6,1195444073,2950,1272112,0.2924546671954297,67,"[58,42,46,44,32,172,37,156,42,37,156,34,26,16,34,34,48,48,40,40,64,64,56,56,64,64,52,52,52,48,40,40,30,26,24,108,24,88,24,24,104,68,56,62,36,30,20,32,28,28,32,20,20,24,16,20,20,20,24,28,28,20,8,16,16,16,16]","[27,10,24,44,59,0,23,16,14,13,32,56,1,20,42,46,18,60,35,22,62,5,9,30,28,36,53,40,52,11,63,33,38,4,65,54,39,31,64,25,55,26,6,51,61,45,8,41,2,3,29,50,34,12,48,47,43,66,49,57,17,21,7,58,19,37,15]",035da33a8d8a6d02,8c5e35de9582b800,100,0.01,1.0,295000,5.834121428789425,0.029170607143947126,50.64603908524755,7.587499567307532e-05,0.018318709000595845,100,0.29072454199922504,0.0014975000012782402,126.19628949999606,0.9999954605113941,9.078956604846589e-06,0.5325187475871163,0.003013134117792829,8.625012249630082e-06,8.625012249852126e-06,0.6926817975592647,0.7977052343644826,1e-12
success,,F-F_1.28_hgbs-5_as-018-002,hamiltonian_generator/hgbs5_diatomic_basis_transfer/night/F-F/1.28/hgbs-5/F-F_1.28_hgbs-5_as-018-002.tensors.npz,F-F,1.28,hgbs-5,18,2,20,1580,2950,fermionic,random_groups,6,3578059822,1580,573636,0.4598616333042063,127,"[16,16,15,16,16,14,18,16,26,18,11,11,12,13,12,12,12,8,14,14,10,10,16,12,12,10,12,14,11,14,12,9,11,11,15,14,12,11,15,11,9,11,14,15,13,12,13,12,20,20,12,14,12,9,11,11,11,11,11,12,15,13,15,14,12,12,10,12,10,12,12,11,11,10,10,10,15,20,9,10,10,10,11,10,9,10,11,12,13,11,11,10,16,6,26,9,11,10,15,22,13,11,16,13,14,18,6,19,6,11,10,9,8,9,6,7,4,7,10,8,13,24,25,15,14,8,5]","[108,115,109,126,50,68,7,5,62,99,36,38,30,63,39,60,51,117,95,110,103,16,4,78,54,83,111,92,64,86,42,59,87,40,121,120,93,19,118,100,6,122,11,26,82,34,27,85,55,73,3,79,98,24,31,75,74,15,37,113,88,52,28,123,84,20,33,18,61,69,102,124,101,1,17,77,9,80,25,48,46,116,49,14,2,53,70,96,105,89,119,56,112,43,29,44,13,21,10,0,23,32,67,125,106,58,114,72,71,12,22,41,47,76,45,94,8,57,104,107,91,35,65,97,81,90,66]",f15f5c2b124a5213,7169e1db7724e3f3,100,0.01,1.0,295000,0.04298670692083243,0.00021493353460416215,0.00274955815978369,7.604099664604291e-05,0.01872041600290686,100,0.29072454199922504,0.0014975000012782402,125.94473504200141,0.9999999921153423,1.5769315298008735e-08,0.5325678274121737,0.00012557593483239945,8.251177519014163e-13,8.250067295989538e-13,0.0012031247798973345,0.0015444072839727613,1e-12
success,,F-F_1.28_hgbs-5_as-018-002,hamiltonian_generator/hgbs5_diatomic_basis_transfer/night/F-F/1.28/hgbs-5/F-F_1.28_hgbs-5_as-018-002.tensors.npz,F-F,1.28,hgbs-5,18,2,20,1580,2950,jw,random_groups,7,2749083311,2950,1272112,0.2924546671954297,67,"[58,42,46,44,32,172,37,156,42,37,156,34,26,16,34,34,48,48,40,40,64,64,56,56,64,64,52,52,52,48,40,40,30,26,24,108,24,88,24,24,104,68,56,62,36,30,20,32,28,28,32,20,20,24,16,20,20,20,24,28,28,20,8,16,16,16,16]","[12,5,16,18,66,32,8,24,26,22,17,29,57,43,7,35,34,65,55,28,38,58,44,20,21,14,60,4,11,31,49,19,13,41,51,63,40,52,59,2,10,54,45,48,42,3,62,27,53,64,1,46,6,61,50,56,25,33,9,37,15,23,30,39,0,47,36]",b0001b1dfcb007a9,e0ec3072ec11ba67,100,0.01,1.0,295000,43.86916832953903,0.21934584164769513,2863.6066343535394,7.724999886704609e-05,0.017900165999890305,100,0.29072454199922504,0.0014975000012782402,125.53330062500027,0.9999804043915534,3.919083290526704e-05,0.5325019999672513,0.0062602888825603374,3.878840731841304e-05,3.878840731841304e-05,2.990076697819382,3.443427907888274,1e-12
success,,F-F_1.28_hgbs-5_as-018-002,hamiltonian_generator/hgbs5_diatomic_basis_transfer/night/F-F/1.28/hgbs-5/F-F_1.28_hgbs-5_as-018-002.tensors.npz,F-F,1.28,hgbs-5,18,2,20,1580,2950,fermionic,random_groups,7,3835772758,1580,573636,0.4598616333042063,127,"[16,16,15,16,16,14,18,16,26,18,11,11,12,13,12,12,12,8,14,14,10,10,16,12,12,10,12,14,11,14,12,9,11,11,15,14,12,11,15,11,9,11,14,15,13,12,13,12,20,20,12,14,12,9,11,11,11,11,11,12,15,13,15,14,12,12,10,12,10,12,12,11,11,10,10,10,15,20,9,10,10,10,11,10,9,10,11,12,13,11,11,10,16,6,26,9,11,10,15,22,13,11,16,13,14,18,6,19,6,11,10,9,8,9,6,7,4,7,10,8,13,24,25,15,14,8,5]","[110,108,22,99,11,10,85,115,16,29,74,53,25,106,89,41,30,103,19,88,28,45,7,54,5,24,118,70,39,33,21,98,55,101,9,83,84,116,62,15,117,52,31,23,79,107,61,8,6,91,17,63,57,20,97,78,44,58,40,109,36,80,73,105,35,2,0,104,82,126,32,87,1,122,86,123,3,93,4,47,90,121,81,66,113,125,13,46,77,27,18,67,56,42,68,51,38,114,12,72,59,43,26,76,124,92,60,34,48,69,102,95,100,75,96,50,112,65,120,37,94,49,64,119,111,14,71]",97e963cbcf7ebfed,a0fff4d43ed5ccbb,100,0.01,1.0,295000,0.9100338251695105,0.004550169125847553,1.2322806459946796,7.575000199722126e-05,0.018637708999449387,100,0.29072454199922504,0.0014975000012782402,126.23343008300435,0.9999992125999,1.5747995800730052e-06,0.5325673654938466,0.001254910435059627,9.829914660031136e-13,9.82880443700651e-13,0.12014982022694412,0.15423193057526802,1e-12
success,,F-F_1.28_hgbs-5_as-018-002,hamiltonian_generator/hgbs5_diatomic_basis_transfer/night/F-F/1.28/hgbs-5/F-F_1.28_hgbs-5_as-018-002.tensors.npz,F-F,1.28,hgbs-5,18,2,20,1580,2950,jw,random_groups,8,432512184,2950,1272112,0.2924546671954297,67,"[58,42,46,44,32,172,37,156,42,37,156,34,26,16,34,34,48,48,40,40,64,64,56,56,64,64,52,52,52,48,40,40,30,26,24,108,24,88,24,24,104,68,56,62,36,30,20,32,28,28,32,20,20,24,16,20,20,20,24,28,28,20,8,16,16,16,16]","[54,34,39,53,38,36,1,66,2,51,48,29,12,3,21,45,61,32,59,52,42,63,43,16,28,18,58,7,44,56,62,46,5,30,15,40,60,10,41,11,17,47,64,26,25,35,50,27,49,14,37,31,4,57,9,6,55,65,0,23,8,19,33,24,13,20,22]",a32b411ecdccf98a,ed44fd47def15ee3,100,0.01,1.0,295000,45.198128570687366,0.22599064285343684,3039.733180240814,7.087499398039654e-05,0.017224208000698127,100,0.29072454199922504,0.0014975000012782402,125.40294549999817,0.9999773048052132,4.538987450175558e-05,0.532551661096607,0.0067372390171070535,4.493677680250663e-05,4.4936776802395606e-05,3.463034490558264,3.9880948938415157,1e-12
success,,F-F_1.28_hgbs-5_as-018-002,hamiltonian_generator/hgbs5_diatomic_basis_transfer/night/F-F/1.28/hgbs-5/F-F_1.28_hgbs-5_as-018-002.tensors.npz,F-F,1.28,hgbs-5,18,2,20,1580,2950,fermionic,random_groups,8,1485046577,1580,573636,0.4598616333042063,127,"[16,16,15,16,16,14,18,16,26,18,11,11,12,13,12,12,12,8,14,14,10,10,16,12,12,10,12,14,11,14,12,9,11,11,15,14,12,11,15,11,9,11,14,15,13,12,13,12,20,20,12,14,12,9,11,11,11,11,11,12,15,13,15,14,12,12,10,12,10,12,12,11,11,10,10,10,15,20,9,10,10,10,11,10,9,10,11,12,13,11,11,10,16,6,26,9,11,10,15,22,13,11,16,13,14,18,6,19,6,11,10,9,8,9,6,7,4,7,10,8,13,24,25,15,14,8,5]","[60,118,61,105,52,106,121,64,114,126,50,87,34,79,77,80,68,54,96,72,116,66,88,108,93,78,83,55,16,44,32,119,112,122,76,95,91,17,81,2,101,58,71,109,12,5,100,42,120,86,27,113,37,94,28,57,47,98,84,85,18,3,15,53,19,70,38,1,104,29,13,22,59,67,124,33,20,14,92,115,51,11,65,49,7,40,4,43,75,46,25,41,31,26,0,39,62,21,74,63,111,45,123,117,110,8,56,9,10,102,82,107,125,23,89,35,73,30,36,24,99,69,90,103,97,48,6]",28453b8234c13f63,9d5ac1a970eae08e,100,0.01,1.0,295000,0.26232710304242407,0.0013116355152121204,0.10239550308407057,7.379100134130567e-05,0.017494499996246304,100,0.29072454199922504,0.0014975000012782402,125.55062837500009,0.9999994328904197,1.1342188389606989e-06,0.5325679294657364,0.0010649972584905133,9.986456106503283e-13,9.987566329527908e-13,0.0865355765416344,0.11108255516529791,1e-12
success,,F-F_1.28_hgbs-5_as-018-002,hamiltonian_generator/hgbs5_diatomic_basis_transfer/night/F-F/1.28/hgbs-5/F-F_1.28_hgbs-5_as-018-002.tensors.npz,F-F,1.28,hgbs-5,18,2,20,1580,2950,jw,random_groups,9,3378743344,2950,1272112,0.2924546671954297,67,"[58,42,46,44,32,172,37,156,42,37,156,34,26,16,34,34,48,48,40,40,64,64,56,56,64,64,52,52,52,48,40,40,30,26,24,108,24,88,24,24,104,68,56,62,36,30,20,32,28,28,32,20,20,24,16,20,20,20,24,28,28,20,8,16,16,16,16]","[43,30,44,66,19,42,32,20,61,11,46,57,54,63,21,47,6,45,3,51,22,38,23,5,41,7,59,49,26,0,2,62,28,56,13,25,53,29,52,33,4,40,16,58,39,18,31,12,24,1,9,27,10,36,37,48,8,60,34,15,50,65,17,64,55,35,14]",0a9361d1111c74dc,64c6b57a1b3d8b67,100,0.01,1.0,295000,25.862189405065255,0.12931094702532628,995.2338379805301,7.720899884589016e-05,0.017569042000104673,100,0.29072454199922504,0.0014975000012782402,125.61716099999467,0.9999910872743344,1.782537189454203e-05,0.5325896854612214,0.0042220198165358585,1.6977969032661022e-05,1.6977969032772044e-05,1.3599922527972486,1.5661923592826759,1e-12
success,,F-F_1.28_hgbs-5_as-018-002,hamiltonian_generator/hgbs5_diatomic_basis_transfer/night/F-F/1.28/hgbs-5/F-F_1.28_hgbs-5_as-018-002.tensors.npz,F-F,1.28,hgbs-5,18,2,20,1580,2950,fermionic,random_groups,9,832073125,1580,573636,0.4598616333042063,127,"[16,16,15,16,16,14,18,16,26,18,11,11,12,13,12,12,12,8,14,14,10,10,16,12,12,10,12,14,11,14,12,9,11,11,15,14,12,11,15,11,9,11,14,15,13,12,13,12,20,20,12,14,12,9,11,11,11,11,11,12,15,13,15,14,12,12,10,12,10,12,12,11,11,10,10,10,15,20,9,10,10,10,11,10,9,10,11,12,13,11,11,10,16,6,26,9,11,10,15,22,13,11,16,13,14,18,6,19,6,11,10,9,8,9,6,7,4,7,10,8,13,24,25,15,14,8,5]","[120,45,39,78,14,6,31,7,64,82,102,11,1,86,70,54,37,52,36,92,16,60,29,75,113,51,91,126,57,47,77,84,76,101,79,27,97,125,68,26,9,48,33,89,116,62,100,65,85,117,49,115,53,80,122,110,42,32,20,25,8,55,41,74,24,95,123,119,10,107,93,87,5,58,18,21,90,108,50,19,43,30,13,61,38,83,72,0,46,99,63,69,121,4,35,71,2,40,23,112,118,104,15,56,96,28,44,81,98,34,73,22,17,109,67,59,88,12,3,66,105,124,94,106,103,114,111]",636095416efd56f6,03cb434060ba4d96,100,0.01,1.0,295000,0.8340252153638986,0.004170126076819493,1.0350299565996413,7.687499601161107e-05,0.017336249999061693,100,0.29072454199922504,0.0014975000012782402,126.0555693330025,0.9999997934137191,4.131725190870128e-07,0.5325678437593132,0.0006427850042740394,1.1712852909795402e-12,1.1712852909795402e-12,0.03152312492280248,0.040465082722769455,1e-12
success,,F-F_1.28_hgbs-5_as-018-002,hamiltonian_generator/hgbs5_diatomic_basis_transfer/night/F-F/1.28/hgbs-5/F-F_1.28_hgbs-5_as-018-002.tensors.npz,F-F,1.28,hgbs-5,18,2,20,1580,2950,jw,random_groups,10,3022715238,2950,1272112,0.2924546671954297,67,"[58,42,46,44,32,172,37,156,42,37,156,34,26,16,34,34,48,48,40,40,64,64,56,56,64,64,52,52,52,48,40,40,30,26,24,108,24,88,24,24,104,68,56,62,36,30,20,32,28,28,32,20,20,24,16,20,20,20,24,28,28,20,8,16,16,16,16]","[24,52,50,3,62,65,4,48,27,20,14,45,17,29,13,23,32,40,47,1,57,21,28,59,8,63,12,60,49,61,18,7,66,2,6,42,54,56,39,44,10,46,36,0,22,30,55,11,19,37,38,41,31,33,64,51,35,58,5,34,43,15,26,9,16,25,53]",d7ae179bb3aabcf6,fea4bf65a74f99d2,100,0.01,1.0,295000,39.11992650631928,0.1955996325315964,2277.1446452255673,7.458299660356715e-05,0.018793625000398606,100,0.29072454199922504,0.0014975000012782402,125.63230649999605,0.9999834893639357,3.302099952762205e-05,0.5326296494251513,0.0057464138494085935,3.281145631228721e-05,3.281145631228721e-05,2.519347355156058,2.9013272464668107,1e-12
success,,F-F_1.28_hgbs-5_as-018-002,hamiltonian_generator/hgbs5_diatomic_basis_transfer/night/F-F/1.28/hgbs-5/F-F_1.28_hgbs-5_as-018-002.tensors.npz,F-F,1.28,hgbs-5,18,2,20,1580,2950,fermionic,random_groups,10,2574259014,1580,573636,0.4598616333042063,127,"[16,16,15,16,16,14,18,16,26,18,11,11,12,13,12,12,12,8,14,14,10,10,16,12,12,10,12,14,11,14,12,9,11,11,15,14,12,11,15,11,9,11,14,15,13,12,13,12,20,20,12,14,12,9,11,11,11,11,11,12,15,13,15,14,12,12,10,12,10,12,12,11,11,10,10,10,15,20,9,10,10,10,11,10,9,10,11,12,13,11,11,10,16,6,26,9,11,10,15,22,13,11,16,13,14,18,6,19,6,11,10,9,8,9,6,7,4,7,10,8,13,24,25,15,14,8,5]","[98,114,73,49,0,68,3,10,2,122,94,55,106,38,7,44,107,103,43,101,99,79,117,126,56,46,92,76,95,5,22,71,112,100,118,70,28,66,110,50,18,113,57,47,54,30,6,115,21,105,14,36,72,125,24,17,20,88,35,104,78,19,12,69,29,116,32,31,82,26,74,93,89,85,33,102,48,111,62,11,87,45,80,39,60,15,58,9,121,1,81,25,77,41,65,27,91,8,123,86,40,108,97,119,83,16,52,13,34,96,64,109,42,124,90,51,53,59,75,23,63,120,61,67,4,37,84]",141564ea14054b03,987f1ecca35588a0,100,0.01,1.0,295000,0.36738043592435626,0.0018369021796217813,0.20082908423564025,7.429199467878789e-05,0.018721291999099776,100,0.29072454199922504,0.0014975000012782402,126.37505529199552,0.9999989063670209,2.1872647620879704e-06,0.5325692204344771,0.0014789408230660328,9.495737529618964e-13,9.49684775264359e-13,0.16687804040525359,0.2142152380561615,1e-12
success,,F-F_1.28_hgbs-5_as-018-002,hamiltonian_generator/hgbs5_diatomic_basis_transfer/night/F-F/1.28/hgbs-5/F-F_1.28_hgbs-5_as-018-002.tensors.npz,F-F,1.28,hgbs-5,18,2,20,1580,2950,jw,random_groups,11,1919849586,2950,1272112,0.2924546671954297,67,"[58,42,46,44,32,172,37,156,42,37,156,34,26,16,34,34,48,48,40,40,64,64,56,56,64,64,52,52,52,48,40,40,30,26,24,108,24,88,24,24,104,68,56,62,36,30,20,32,28,28,32,20,20,24,16,20,20,20,24,28,28,20,8,16,16,16,16]","[15,37,56,10,57,46,60,53,4,29,50,12,16,36,31,17,63,32,8,41,21,39,35,58,27,43,9,28,49,22,51,33,19,40,23,64,24,48,2,44,1,11,3,52,13,66,47,65,42,7,61,38,34,18,62,55,6,54,25,59,0,30,5,45,20,26,14]",9a56bcf881134bc4,5bed2c01f2d5b277,100,0.01,1.0,295000,29.45140582781734,0.1472570291390867,1290.6444491944305,7.320799340959638e-05,0.01572374999523163,100,0.29072454199922504,0.0014975000012782402,126.25675300000148,0.9999890637341331,2.187241213191804e-05,0.532504545562972,0.004676807857267817,2.1745927264671394e-05,2.1745927264671394e-05,1.6687624373494916,1.9217778435568427,1e-12
success,,F-F_1.28_hgbs-5_as-018-002,hamiltonian_generator/hgbs5_diatomic_basis_transfer/night/F-F/1.28/hgbs-5/F-F_1.28_hgbs-5_as-018-002.tensors.npz,F-F,1.28,hgbs-5,18,2,20,1580,2950,fermionic,random_groups,11,9640577,1580,573636,0.4598616333042063,127,"[16,16,15,16,16,14,18,16,26,18,11,11,12,13,12,12,12,8,14,14,10,10,16,12,12,10,12,14,11,14,12,9,11,11,15,14,12,11,15,11,9,11,14,15,13,12,13,12,20,20,12,14,12,9,11,11,11,11,11,12,15,13,15,14,12,12,10,12,10,12,12,11,11,10,10,10,15,20,9,10,10,10,11,10,9,10,11,12,13,11,11,10,16,6,26,9,11,10,15,22,13,11,16,13,14,18,6,19,6,11,10,9,8,9,6,7,4,7,10,8,13,24,25,15,14,8,5]","[61,2,120,1,86,49,65,113,73,72,99,115,105,15,4,42,46,67,102,11,30,123,78,47,3,59,29,50,125,94,117,64,57,97,112,68,24,71,52,39,33,90,84,69,81,79,56,62,40,85,35,23,93,77,95,18,101,21,19,13,12,0,27,87,119,58,38,111,83,66,7,103,10,26,41,36,53,32,75,51,20,6,25,89,28,44,88,76,108,114,106,34,60,22,55,63,80,8,92,96,74,98,17,100,45,126,116,16,109,107,31,9,104,82,91,118,121,48,70,14,122,37,5,54,43,110,124]",5ec39305d9cfe3ed,cadc6c2ccbe6c808,100,0.01,1.0,295000,0.9147050426533944,0.004573525213266972,1.2449637445801867,7.491699943784624e-05,0.017466584002249874,100,0.29072454199922504,0.0014975000012782402,126.48283887500293,0.9999981563682124,3.687260176188367e-06,0.5325682282816657,0.0019202248761892855,8.746336987996983e-13,8.748557434046234e-13,0.28132065369135084,0.3611210357831509,1e-12
success,,F-F_1.28_hgbs-5_as-018-002,hamiltonian_generator/hgbs5_diatomic_basis_transfer/night/F-F/1.28/hgbs-5/F-F_1.28_hgbs-5_as-018-002.tensors.npz,F-F,1.28,hgbs-5,18,2,20,1580,2950,jw,random_groups,12,3002488163,2950,1272112,0.2924546671954297,67,"[58,42,46,44,32,172,37,156,42,37,156,34,26,16,34,34,48,48,40,40,64,64,56,56,64,64,52,52,52,48,40,40,30,26,24,108,24,88,24,24,104,68,56,62,36,30,20,32,28,28,32,20,20,24,16,20,20,20,24,28,28,20,8,16,16,16,16]","[53,32,2,46,57,47,4,31,58,55,21,23,27,16,65,54,13,49,59,34,5,37,10,42,56,24,29,64,36,26,62,20,60,43,28,48,33,22,8,7,44,63,12,18,15,40,45,25,35,52,38,14,50,17,0,1,51,19,66,11,9,3,39,6,30,41,61]",b5318f6be1811e34,6b78f2314b608a85,100,0.01,1.0,295000,26.031464355620706,0.13015732177810352,1008.3046179256477,7.816700235707685e-05,0.016994541998428758,100,0.29072454199922504,0.0014975000012782402,125.76913695799885,0.9999913487002288,1.7302524697448973e-05,0.5325431968525791,0.004159639352452091,1.6718204942978154e-05,1.6718204942978154e-05,1.3201014644507212,1.5202533858910328,1e-12
success,,F-F_1.28_hgbs-5_as-018-002,hamiltonian_generator/hgbs5_diatomic_basis_transfer/night/F-F/1.28/hgbs-5/F-F_1.28_hgbs-5_as-018-002.tensors.npz,F-F,1.28,hgbs-5,18,2,20,1580,2950,fermionic,random_groups,12,3563514761,1580,573636,0.4598616333042063,127,"[16,16,15,16,16,14,18,16,26,18,11,11,12,13,12,12,12,8,14,14,10,10,16,12,12,10,12,14,11,14,12,9,11,11,15,14,12,11,15,11,9,11,14,15,13,12,13,12,20,20,12,14,12,9,11,11,11,11,11,12,15,13,15,14,12,12,10,12,10,12,12,11,11,10,10,10,15,20,9,10,10,10,11,10,9,10,11,12,13,11,11,10,16,6,26,9,11,10,15,22,13,11,16,13,14,18,6,19,6,11,10,9,8,9,6,7,4,7,10,8,13,24,25,15,14,8,5]","[16,50,119,95,93,105,59,20,70,126,46,47,92,25,111,62,10,49,89,3,60,73,29,122,116,108,33,120,21,63,9,117,115,114,98,79,78,121,11,31,27,41,86,66,52,48,0,44,65,69,77,35,6,13,107,82,97,112,37,96,88,102,55,113,43,39,100,71,118,26,125,40,1,57,124,53,109,64,17,76,23,104,15,4,103,61,32,90,74,42,7,80,91,68,58,14,110,84,2,72,51,19,18,12,99,106,30,94,81,22,67,85,36,123,8,87,34,45,24,83,56,5,38,101,28,75,54]",bf8dac7db885a49e,2ec2a18eb400fc5f,100,0.01,1.0,295000,0.8958478428928448,0.004479239214464224,1.1941614914311518,7.333300163736567e-05,0.015565624998998828,100,0.29072454199922504,0.0014975000012782402,126.09754920900014,0.9999996489962835,7.020073098384927e-07,0.5325677610525132,0.0008378588383929887,8.708589405159728e-13,8.706368959110478e-13,0.053559864469347525,0.06875283943708047,1e-12
success,,F-F_1.28_hgbs-5_as-018-002,hamiltonian_generator/hgbs5_diatomic_basis_transfer/night/F-F/1.28/hgbs-5/F-F_1.28_hgbs-5_as-018-002.tensors.npz,F-F,1.28,hgbs-5,18,2,20,1580,2950,jw,random_groups,13,2314392105,2950,1272112,0.2924546671954297,67,"[58,42,46,44,32,172,37,156,42,37,156,34,26,16,34,34,48,48,40,40,64,64,56,56,64,64,52,52,52,48,40,40,30,26,24,108,24,88,24,24,104,68,56,62,36,30,20,32,28,28,32,20,20,24,16,20,20,20,24,28,28,20,8,16,16,16,16]","[9,58,0,57,3,35,63,51,46,13,14,12,34,50,27,38,32,56,30,55,49,26,6,8,41,59,47,42,15,43,18,2,17,61,64,28,25,37,29,31,44,16,40,5,60,36,22,21,7,52,62,54,20,65,33,4,10,53,23,1,66,19,39,48,45,24,11]",92cd36ec744e230f,7fe1ed9caa835b92,100,0.01,1.0,295000,51.30467274586341,0.25652336372931706,3916.592618930506,7.487499533453956e-05,0.015615958000125829,100,0.29072454199922504,0.0014975000012782402,126.18127120800636,0.9999729147642611,5.4169737867870715e-05,0.5325167767904446,0.007360059203418223,5.3096248643580424e-05,5.30962486434694e-05,4.132896877114757,4.759520870304078,1e-12
success,,F-F_1.28_hgbs-5_as-018-002,hamiltonian_generator/hgbs5_diatomic_basis_transfer/night/F-F/1.28/hgbs-5/F-F_1.28_hgbs-5_as-018-002.tensors.npz,F-F,1.28,hgbs-5,18,2,20,1580,2950,fermionic,random_groups,13,1048599241,1580,573636,0.4598616333042063,127,"[16,16,15,16,16,14,18,16,26,18,11,11,12,13,12,12,12,8,14,14,10,10,16,12,12,10,12,14,11,14,12,9,11,11,15,14,12,11,15,11,9,11,14,15,13,12,13,12,20,20,12,14,12,9,11,11,11,11,11,12,15,13,15,14,12,12,10,12,10,12,12,11,11,10,10,10,15,20,9,10,10,10,11,10,9,10,11,12,13,11,11,10,16,6,26,9,11,10,15,22,13,11,16,13,14,18,6,19,6,11,10,9,8,9,6,7,4,7,10,8,13,24,25,15,14,8,5]","[63,112,16,103,108,51,68,114,44,34,69,120,88,115,104,47,37,77,93,9,29,1,78,116,30,48,97,82,49,85,33,38,98,125,40,83,102,27,72,75,11,92,18,70,24,124,74,19,64,118,101,41,89,106,23,25,28,58,105,50,13,52,67,111,86,122,113,91,65,14,26,81,31,76,10,5,95,42,117,7,8,3,2,53,57,107,73,21,96,94,56,90,32,22,121,20,99,66,54,12,123,55,79,15,84,71,80,4,46,17,110,39,60,43,36,6,109,126,61,0,119,45,35,62,87,59,100]",a52f918caa358120,68a87b37edc11ad0,100,0.01,1.0,295000,0.8335721484237533,0.004167860742118766,1.0339057448219493,7.833300333004445e-05,0.018130832999304403,100,0.29072454199922504,0.0014975000012782402,126.44384420800634,0.9999928487555918,1.4302437676083635e-05,0.5325721573830289,0.003781863140886756,1.0205170042354439e-12,1.0205170042354439e-12,1.0912088987913353,1.4007449599475807,1e-12
success,,F-F_1.28_hgbs-5_as-018-002,hamiltonian_generator/hgbs5_diatomic_basis_transfer/night/F-F/1.28/hgbs-5/F-F_1.28_hgbs-5_as-018-002.tensors.npz,F-F,1.28,hgbs-5,18,2,20,1580,2950,jw,random_groups,14,1511997294,2950,1272112,0.2924546671954297,67,"[58,42,46,44,32,172,37,156,42,37,156,34,26,16,34,34,48,48,40,40,64,64,56,56,64,64,52,52,52,48,40,40,30,26,24,108,24,88,24,24,104,68,56,62,36,30,20,32,28,28,32,20,20,24,16,20,20,20,24,28,28,20,8,16,16,16,16]","[48,50,61,52,44,19,29,34,23,49,39,55,30,3,21,22,26,58,27,62,15,4,10,24,25,1,40,66,11,37,63,2,8,14,47,53,64,43,12,54,31,32,5,16,46,33,35,59,57,6,42,28,7,17,45,60,0,51,36,18,38,13,41,9,20,65,56]",c4ac88cbc34c208d,ed1872c21a853595,100,0.01,1.0,295000,33.99440094480461,0.16997200472402305,1719.5283575151095,7.704200106672943e-05,0.0177198329984094,100,0.29072454199922504,0.0014975000012782402,126.59921120900253,0.9999876189868034,2.4761873103629206e-05,0.532592559152894,0.0049761457367245,2.4137556724590503e-05,2.4137556724701525e-05,1.889214754391495,2.175654829861133,1e-12
success,,F-F_1.28_hgbs-5_as-018-002,hamiltonian_generator/hgbs5_diatomic_basis_transfer/night/F-F/1.28/hgbs-5/F-F_1.28_hgbs-5_as-018-002.tensors.npz,F-F,1.28,hgbs-5,18,2,20,1580,2950,fermionic,random_groups,14,603156976,1580,573636,0.4598616333042063,127,"[16,16,15,16,16,14,18,16,26,18,11,11,12,13,12,12,12,8,14,14,10,10,16,12,12,10,12,14,11,14,12,9,11,11,15,14,12,11,15,11,9,11,14,15,13,12,13,12,20,20,12,14,12,9,11,11,11,11,11,12,15,13,15,14,12,12,10,12,10,12,12,11,11,10,10,10,15,20,9,10,10,10,11,10,9,10,11,12,13,11,11,10,16,6,26,9,11,10,15,22,13,11,16,13,14,18,6,19,6,11,10,9,8,9,6,7,4,7,10,8,13,24,25,15,14,8,5]","[108,48,117,35,88,25,28,9,14,49,32,65,73,58,121,112,46,105,18,111,62,116,6,115,16,17,92,119,36,44,33,38,34,72,63,118,76,31,94,124,100,82,43,23,10,69,51,75,11,109,79,126,12,104,24,70,20,41,7,95,42,90,66,30,96,60,29,54,2,15,59,87,91,8,71,56,77,113,50,47,19,97,27,89,106,4,22,45,0,55,67,120,68,98,40,110,5,57,37,85,3,1,107,125,53,122,103,74,78,86,52,99,83,84,80,101,13,26,123,61,21,102,64,39,93,81,114]",ebf4e047d7a4fa6a,bf7dc95493f6d36d,100,0.01,1.0,295000,0.4968711722046903,0.0024843558610234515,0.3673517881784741,7.325000478886068e-05,0.015577457998006139,100,0.29072454199922504,0.0014975000012782402,126.61076220800169,0.9999975269568242,4.946080235601613e-06,0.5325685191402547,0.002223979845142085,9.953149415764528e-13,9.952039192739903e-13,0.37736271882167116,0.4844067227155655,1e-12
success,,F-F_1.28_hgbs-5_as-018-002,hamiltonian_generator/hgbs5_diatomic_basis_transfer/night/F-F/1.28/hgbs-5/F-F_1.28_hgbs-5_as-018-002.tensors.npz,F-F,1.28,hgbs-5,18,2,20,1580,2950,jw,random_groups,15,1417518457,2950,1272112,0.2924546671954297,67,"[58,42,46,44,32,172,37,156,42,37,156,34,26,16,34,34,48,48,40,40,64,64,56,56,64,64,52,52,52,48,40,40,30,26,24,108,24,88,24,24,104,68,56,62,36,30,20,32,28,28,32,20,20,24,16,20,20,20,24,28,28,20,8,16,16,16,16]","[48,7,4,34,51,20,1,39,44,59,50,22,21,63,62,0,33,12,43,13,29,41,38,65,8,42,17,40,2,9,52,32,11,24,14,54,58,64,47,26,6,57,31,15,60,61,37,19,56,36,10,30,16,55,66,45,3,18,23,46,5,25,53,49,35,28,27]",b5addbe12424c279,9feafa9fd201a0b2,100,0.01,1.0,295000,23.056813730757966,0.11528406865378983,791.0303373047786,7.816700235707685e-05,0.016228542001044843,100,0.29072454199922504,0.0014975000012782402,126.18890254200232,0.9999926965309783,1.4606884702672573e-05,0.5324697119775861,0.0038219024115403303,1.4198182370250834e-05,1.4198182370250834e-05,1.114436778691832,1.2834061106603658,1e-12
success,,F-F_1.28_hgbs-5_as-018-002,hamiltonian_generator/hgbs5_diatomic_basis_transfer/night/F-F/1.28/hgbs-5/F-F_1.28_hgbs-5_as-018-002.tensors.npz,F-F,1.28,hgbs-5,18,2,20,1580,2950,fermionic,random_groups,15,2656201148,1580,573636,0.4598616333042063,127,"[16,16,15,16,16,14,18,16,26,18,11,11,12,13,12,12,12,8,14,14,10,10,16,12,12,10,12,14,11,14,12,9,11,11,15,14,12,11,15,11,9,11,14,15,13,12,13,12,20,20,12,14,12,9,11,11,11,11,11,12,15,13,15,14,12,12,10,12,10,12,12,11,11,10,10,10,15,20,9,10,10,10,11,10,9,10,11,12,13,11,11,10,16,6,26,9,11,10,15,22,13,11,16,13,14,18,6,19,6,11,10,9,8,9,6,7,4,7,10,8,13,24,25,15,14,8,5]","[60,26,32,17,67,25,22,50,97,4,117,35,55,119,30,81,79,24,20,101,40,54,57,10,121,103,51,78,123,0,82,90,16,80,125,61,39,8,104,33,43,120,102,124,85,63,42,64,62,122,76,5,66,59,75,38,48,11,7,126,86,89,9,15,36,118,13,34,93,109,106,94,3,27,23,2,53,110,21,71,69,12,115,114,84,83,73,111,49,46,116,45,65,91,56,19,41,87,47,99,92,108,100,88,6,112,98,113,29,37,96,44,74,1,68,72,95,28,31,58,107,70,77,18,105,52,14]",c255ed1e1b5d9dab,09cbf9ce04b848db,100,0.01,1.0,295000,0.1561933809415963,0.0007809669047079815,0.036301101984172066,7.366700447164476e-05,0.015675125003326684,100,0.29072454199922504,0.0014975000012782402,126.39269941599923,0.9999997473571436,5.052856489884405e-07,0.5325677652144782,0.0007108345185950556,1.0508260928077107e-12,1.0509371151101732e-12,0.03855092461124577,0.0494864121895763,1e-12
success,,F-F_1.28_hgbs-5_as-018-002,hamiltonian_generator/hgbs5_diatomic_basis_transfer/night/F-F/1.28/hgbs-5/F-F_1.28_hgbs-5_as-018-002.tensors.npz,F-F,1.28,hgbs-5,18,2,20,1580,2950,jw,random_groups,16,3652111456,2950,1272112,0.2924546671954297,67,"[58,42,46,44,32,172,37,156,42,37,156,34,26,16,34,34,48,48,40,40,64,64,56,56,64,64,52,52,52,48,40,40,30,26,24,108,24,88,24,24,104,68,56,62,36,30,20,32,28,28,32,20,20,24,16,20,20,20,24,28,28,20,8,16,16,16,16]","[65,27,53,37,54,63,6,4,11,23,58,20,49,22,47,51,41,44,55,40,17,10,30,62,36,38,32,48,7,9,59,24,64,8,43,3,42,12,5,25,31,34,52,60,29,66,18,14,16,56,39,28,21,19,57,0,45,2,61,26,46,13,1,33,15,35,50]",b9fd9697a2ac337e,f72c1e68e8583b56,100,0.01,1.0,295000,41.1873655847596,0.20593682792379797,2524.193167589618,7.170799653977156e-05,0.017077000004064757,100,0.29072454199922504,0.0014975000012782402,125.17298949999531,0.9999810242079454,3.795122402849849e-05,0.5325551566272515,0.0061604857039953,3.7841638157343205e-05,3.7841638157343205e-05,2.895500355800951,3.334512034335681,1e-12
success,,F-F_1.28_hgbs-5_as-018-002,hamiltonian_generator/hgbs5_diatomic_basis_transfer/night/F-F/1.28/hgbs-5/F-F_1.28_hgbs-5_as-018-002.tensors.npz,F-F,1.28,hgbs-5,18,2,20,1580,2950,fermionic,random_groups,16,292815404,1580,573636,0.4598616333042063,127,"[16,16,15,16,16,14,18,16,26,18,11,11,12,13,12,12,12,8,14,14,10,10,16,12,12,10,12,14,11,14,12,9,11,11,15,14,12,11,15,11,9,11,14,15,13,12,13,12,20,20,12,14,12,9,11,11,11,11,11,12,15,13,15,14,12,12,10,12,10,12,12,11,11,10,10,10,15,20,9,10,10,10,11,10,9,10,11,12,13,11,11,10,16,6,26,9,11,10,15,22,13,11,16,13,14,18,6,19,6,11,10,9,8,9,6,7,4,7,10,8,13,24,25,15,14,8,5]","[12,19,10,34,112,38,7,11,102,1,42,32,58,106,126,66,80,43,111,52,77,85,23,96,121,101,53,99,5,30,117,71,62,84,57,125,74,60,13,16,67,113,76,98,46,69,118,51,2,64,40,20,63,114,18,3,47,54,75,24,37,8,82,124,49,17,103,65,94,97,108,36,31,122,120,45,92,48,27,72,70,9,22,61,59,95,15,81,21,78,79,119,28,107,88,73,44,33,93,105,90,0,35,116,50,89,41,115,109,87,6,29,14,91,110,56,26,39,86,25,4,68,55,104,83,123,100]",274cc08373ad2cfd,a7d4a4391f8bf560,100,0.01,1.0,295000,0.9634738248612233,0.004817369124306117,1.3812567029593852,7.837500015739352e-05,0.01604524999856949,100,0.29072454199922504,0.0014975000012782402,125.15925412499928,0.9999988670815309,2.2658356547688996e-06,0.5325677115198332,0.0015052697227732107,1.0554890295111363e-12,1.0553780072086738e-12,0.17287263092339847,0.22191027469354752,1e-12
success,,F-F_1.28_hgbs-5_as-018-002,hamiltonian_generator/hgbs5_diatomic_basis_transfer/night/F-F/1.28/hgbs-5/F-F_1.28_hgbs-5_as-018-002.tensors.npz,F-F,1.28,hgbs-5,18,2,20,1580,2950,jw,random_groups,17,1106263217,2950,1272112,0.2924546671954297,67,"[58,42,46,44,32,172,37,156,42,37,156,34,26,16,34,34,48,48,40,40,64,64,56,56,64,64,52,52,52,48,40,40,30,26,24,108,24,88,24,24,104,68,56,62,36,30,20,32,28,28,32,20,20,24,16,20,20,20,24,28,28,20,8,16,16,16,16]","[32,49,38,9,8,7,11,37,51,57,27,66,6,35,19,60,43,24,33,50,41,18,61,17,20,1,34,53,22,2,26,63,10,62,13,42,16,31,0,30,40,4,59,44,21,64,39,54,29,28,15,25,48,36,45,5,12,23,58,65,47,56,3,14,52,46,55]",9943667895c3308f,a28903df3e951f78,100,0.01,1.0,295000,22.29326106445889,0.11146630532229444,739.5061010029406,8.308299584314227e-05,0.017477458000939805,100,0.29072454199922504,0.0014975000012782402,124.9951839589994,0.9999895619700049,2.0875951037724327e-05,0.5326078347273183,0.00456903271932233,2.0765080473328368e-05,2.076508047343939e-05,1.5927371304815736,1.8342256869296643,1e-12
success,,F-F_1.28_hgbs-5_as-018-002,hamiltonian_generator/hgbs5_diatomic_basis_transfer/night/F-F/1.28/hgbs-5/F-F_1.28_hgbs-5_as-018-002.tensors.npz,F-F,1.28,hgbs-5,18,2,20,1580,2950,fermionic,random_groups,17,2178110212,1580,573636,0.4598616333042063,127,"[16,16,15,16,16,14,18,16,26,18,11,11,12,13,12,12,12,8,14,14,10,10,16,12,12,10,12,14,11,14,12,9,11,11,15,14,12,11,15,11,9,11,14,15,13,12,13,12,20,20,12,14,12,9,11,11,11,11,11,12,15,13,15,14,12,12,10,12,10,12,12,11,11,10,10,10,15,20,9,10,10,10,11,10,9,10,11,12,13,11,11,10,16,6,26,9,11,10,15,22,13,11,16,13,14,18,6,19,6,11,10,9,8,9,6,7,4,7,10,8,13,24,25,15,14,8,5]","[36,59,120,45,5,38,44,86,55,23,122,83,43,0,101,95,85,4,121,57,6,20,75,40,77,125,74,62,9,56,61,33,25,105,48,119,15,89,63,46,8,110,113,47,100,71,70,97,93,87,69,34,28,58,80,91,102,112,72,104,49,82,1,7,76,114,107,18,11,96,21,68,64,79,118,126,52,53,99,90,12,94,116,115,32,78,50,42,29,37,51,65,16,54,88,19,3,98,22,41,14,84,117,66,106,26,60,81,27,73,109,39,30,108,92,31,35,124,13,10,24,67,123,2,103,17,111]",97cc8b3be5384565,6e660157da0d5c95,100,0.01,1.0,295000,0.4130853593769902,0.002065426796884951,0.253906701437132,7.541700324509293e-05,0.0177625829965109,100,0.29072454199922504,0.0014975000012782402,125.08711804100312,0.9999996770873815,6.458251328167464e-07,0.532568676987034,0.0008036325261378414,9.413581025796702e-13,9.413581025796702e-13,0.04927342792558858,0.06325049759267656,1e-12
success,,F-F_1.28_hgbs-5_as-018-002,hamiltonian_generator/hgbs5_diatomic_basis_transfer/night/F-F/1.28/hgbs-5/F-F_1.28_hgbs-5_as-018-002.tensors.npz,F-F,1.28,hgbs-5,18,2,20,1580,2950,jw,random_groups,18,2004198734,2950,1272112,0.2924546671954297,67,"[58,42,46,44,32,172,37,156,42,37,156,34,26,16,34,34,48,48,40,40,64,64,56,56,64,64,52,52,52,48,40,40,30,26,24,108,24,88,24,24,104,68,56,62,36,30,20,32,28,28,32,20,20,24,16,20,20,20,24,28,28,20,8,16,16,16,16]","[44,9,15,46,19,53,11,35,49,5,57,59,16,63,37,64,17,56,20,22,6,3,51,13,45,43,32,14,58,33,26,34,30,41,2,10,61,62,54,66,31,1,38,42,47,60,48,18,55,0,29,36,4,21,50,39,65,23,40,28,7,52,8,25,24,27,12]",e40779d662c988ef,79fb698368c493c6,100,0.01,1.0,295000,24.140860613923287,0.12070430306961644,867.1616331603979,7.754100079182535e-05,0.01755754199984949,100,0.29072454199922504,0.0014975000012782402,125.09230150000076,0.9999924446580488,1.5110626819136996e-05,0.5325863656598865,0.003887246313570061,1.4600456557323227e-05,1.4600456557545272e-05,1.1528699390125472,1.3276664525215662,1e-12
success,,F-F_1.28_hgbs-5_as-018-002,hamiltonian_generator/hgbs5_diatomic_basis_transfer/night/F-F/1.28/hgbs-5/F-F_1.28_hgbs-5_as-018-002.tensors.npz,F-F,1.28,hgbs-5,18,2,20,1580,2950,fermionic,random_groups,18,4057069084,1580,573636,0.4598616333042063,127,"[16,16,15,16,16,14,18,16,26,18,11,11,12,13,12,12,12,8,14,14,10,10,16,12,12,10,12,14,11,14,12,9,11,11,15,14,12,11,15,11,9,11,14,15,13,12,13,12,20,20,12,14,12,9,11,11,11,11,11,12,15,13,15,14,12,12,10,12,10,12,12,11,11,10,10,10,15,20,9,10,10,10,11,10,9,10,11,12,13,11,11,10,16,6,26,9,11,10,15,22,13,11,16,13,14,18,6,19,6,11,10,9,8,9,6,7,4,7,10,8,13,24,25,15,14,8,5]","[10,109,77,37,45,3,31,118,85,7,90,24,63,19,95,75,117,61,18,53,121,22,15,32,34,89,114,60,107,68,110,47,40,113,25,54,97,62,124,21,17,76,93,46,71,73,39,30,13,105,6,83,80,56,106,111,122,20,11,94,16,102,38,69,57,87,112,36,103,81,35,84,66,108,67,64,65,72,101,27,119,29,123,33,96,55,115,44,78,49,79,9,125,8,2,59,0,58,43,86,51,100,82,70,98,14,4,26,74,50,52,126,48,12,23,41,28,91,42,92,99,104,116,1,88,120,5]",dcee9f934c9883b3,f25eb5890f0989bf,100,0.01,1.0,295000,0.9524001122302428,0.004762000561151214,1.3496881455588745,7.066699618007988e-05,0.0166559999997844,100,0.29072454199922504,0.0014975000012782402,125.16468516700115,0.9999995732054675,8.535888827987392e-07,0.5325675845202125,0.0009238988391519591,9.922063171075024e-13,9.920952948050399e-13,0.06512482738357864,0.08359835942141451,1e-12
success,,F-F_1.28_hgbs-5_as-018-002,hamiltonian_generator/hgbs5_diatomic_basis_transfer/night/F-F/1.28/hgbs-5/F-F_1.28_hgbs-5_as-018-002.tensors.npz,F-F,1.28,hgbs-5,18,2,20,1580,2950,jw,random_groups,19,771460460,2950,1272112,0.2924546671954297,67,"[58,42,46,44,32,172,37,156,42,37,156,34,26,16,34,34,48,48,40,40,64,64,56,56,64,64,52,52,52,48,40,40,30,26,24,108,24,88,24,24,104,68,56,62,36,30,20,32,28,28,32,20,20,24,16,20,20,20,24,28,28,20,8,16,16,16,16]","[14,48,50,55,53,3,5,15,21,54,40,63,22,49,31,8,18,57,65,30,10,62,36,24,38,32,2,6,29,23,44,7,37,25,61,39,64,66,35,34,13,41,52,51,56,11,46,20,33,60,16,1,47,26,4,42,45,0,9,58,43,59,12,17,27,28,19]",fcecc9d786d523b1,843eaa6671ce110f,100,0.01,1.0,295000,42.597991950797606,0.21298995975398805,2700.056250390947,7.729199569439515e-05,0.016090416997030843,100,0.29072454199922504,0.0014975000012782402,125.36984975000087,0.9999816747249937,3.66502141969649e-05,0.532543929911419,0.006053969773022779,3.6221852126039344e-05,3.6221852126039344e-05,2.796239408979388,3.2202012828094566,1e-12
success,,F-F_1.28_hgbs-5_as-018-002,hamiltonian_generator/hgbs5_diatomic_basis_transfer/night/F-F/1.28/hgbs-5/F-F_1.28_hgbs-5_as-018-002.tensors.npz,F-F,1.28,hgbs-5,18,2,20,1580,2950,fermionic,random_groups,19,1457134939,1580,573636,0.4598616333042063,127,"[16,16,15,16,16,14,18,16,26,18,11,11,12,13,12,12,12,8,14,14,10,10,16,12,12,10,12,14,11,14,12,9,11,11,15,14,12,11,15,11,9,11,14,15,13,12,13,12,20,20,12,14,12,9,11,11,11,11,11,12,15,13,15,14,12,12,10,12,10,12,12,11,11,10,10,10,15,20,9,10,10,10,11,10,9,10,11,12,13,11,11,10,16,6,26,9,11,10,15,22,13,11,16,13,14,18,6,19,6,11,10,9,8,9,6,7,4,7,10,8,13,24,25,15,14,8,5]","[6,97,4,90,58,10,47,50,15,121,19,2,112,77,54,74,9,8,104,70,103,65,91,76,51,93,96,25,126,28,18,23,32,43,16,87,72,107,38,12,75,59,124,46,37,53,83,26,85,81,1,20,88,122,119,52,0,14,40,30,56,95,60,7,79,62,109,13,125,24,63,17,68,41,11,35,92,118,113,34,105,29,84,44,67,71,78,102,73,116,117,39,98,115,57,110,114,106,5,3,108,27,42,22,82,69,99,86,36,64,21,101,49,61,48,100,111,33,66,120,123,80,45,89,31,55,94]",0044e7b6fe4f7457,6df5ebd049d77496,100,0.01,1.0,295000,1.174746667976971,0.0058737333398848545,2.053444651484897,6.879200373077765e-05,0.019125165999867022,100,0.29072454199922504,0.0014975000012782402,125.727290584,0.9999997020825694,5.958347725210089e-07,0.5325677693332445,0.0007719034014874067,1.0240697179142444e-12,1.0239586956117819e-12,0.04545939795084438,0.05835456678590851,1e-12
